time,oi_A,oi_6,oi_3
2026-04-25 12:00:00,3171364.04,,841892.91
2026-04-25 13:00:00,3180488.77,,862401.67
2026-04-25 14:00:00,3270000.63,,860630.50
2026-04-25 15:00:00,3154801.37,,855679.82
2026-04-25 16:00:00,3101442.80,,852933.49
2026-04-25 17:00:00,3122754.49,,842006.95
2026-04-25 18:00:00,3115608.71,,829548.87
2026-04-25 19:00:00,3126187.18,,830609.07
2026-04-25 20:00:00,3099777.53,,826181.77
2026-04-25 21:00:00,3134967.86,,837628.39
2026-04-25 22:00:00,3096304.82,,829893.89
2026-04-25 23:00:00,3085129.93,,828509.74
2026-04-26 00:00:00,3088311.09,,832315.40
2026-04-26 01:00:00,3093397.84,,818596.41
2026-04-26 02:00:00,3049936.03,,811708.00
2026-04-26 03:00:00,3071252.98,,816544.72
2026-04-26 04:00:00,3074484.34,,813413.43
2026-04-26 05:00:00,3082353.64,,810898.19
2026-04-26 06:00:00,3088876.80,,808765.01
2026-04-26 07:00:00,3081347.79,,812000.25
2026-04-26 08:00:00,3082781.18,,808492.75
2026-04-26 09:00:00,3131962.78,,815361.50
2026-04-26 10:00:00,3138293.03,,809188.81
2026-04-26 11:00:00,3123389.28,,804715.20
2026-04-26 12:00:00,3135802.65,,804039.37
2026-04-26 13:00:00,3136554.00,,800026.60
2026-04-26 14:00:00,3100835.47,,798262.54
2026-04-26 15:00:00,3171345.50,,787123.16
2026-04-26 16:00:00,3164687.21,,783747.89
2026-04-26 17:00:00,3157633.01,,783759.22
2026-04-26 18:00:00,3160223.11,,784987.89
2026-04-26 19:00:00,3138881.38,,781789.34
2026-04-26 20:00:00,3093036.27,,774783.59
2026-04-26 21:00:00,3100151.60,,778414.08
2026-04-26 22:00:00,3110995.94,,774310.89
2026-04-26 23:00:00,3097291.25,,769032.43
2026-04-27 00:00:00,3109864.85,,767194.11
2026-04-27 01:00:00,3137078.94,,780751.00
2026-04-27 02:00:00,3149714.06,,778043.59
2026-04-27 03:00:00,3157968.99,,786392.43
2026-04-27 04:00:00,3136640.40,,791652.84
2026-04-27 05:00:00,3132026.21,,786536.33
2026-04-27 06:00:00,3032386.22,,754220.40
2026-04-27 07:00:00,3002337.51,,746335.45
2026-04-27 08:00:00,3115509.63,,744635.89
2026-04-27 09:00:00,3155462.53,,745571.63
2026-04-27 10:00:00,3188324.61,,746074.18
2026-04-27 11:00:00,3199810.15,,748635.50
2026-04-27 12:00:00,3232758.21,,754357.63
2026-04-27 13:00:00,3227284.33,,751719.35
2026-04-27 14:00:00,3238989.22,,749350.43
2026-04-27 15:00:00,3272207.11,,749878.84
2026-04-27 16:00:00,3221250.28,,741479.79
2026-04-27 17:00:00,3225317.01,,744482.10
2026-04-27 18:00:00,3241035.54,,745507.78
2026-04-27 19:00:00,3242748.92,,742464.78
2026-04-27 20:00:00,3277272.32,,741017.06
2026-04-27 21:00:00,3291199.28,,746902.82
2026-04-27 22:00:00,3279713.09,,740366.89
2026-04-27 23:00:00,3292157.65,,741678.49
2026-04-28 00:00:00,3305327.84,,744002.26
2026-04-28 01:00:00,3307131.71,,739193.33
2026-04-28 02:00:00,3314683.56,,745211.98
2026-04-28 03:00:00,3319018.18,,748385.61
2026-04-28 04:00:00,3248656.25,,750064.32
2026-04-28 05:00:00,3247514.73,,744162.54
2026-04-28 06:00:00,3239649.06,,740944.58
2026-04-28 07:00:00,3226849.66,,735362.00
2026-04-28 08:00:00,3204831.74,,731293.95
2026-04-28 09:00:00,3208453.23,,724710.75
2026-04-28 10:00:00,3247617.39,,724501.56
2026-04-28 11:00:00,3241824.20,,727410.37
2026-04-28 12:00:00,3222644.90,,721451.25
2026-04-28 13:00:00,3235106.44,,729698.21
2026-04-28 14:00:00,3245852.51,,730684.56
2026-04-28 15:00:00,3222937.28,,711463.10
2026-04-28 16:00:00,3251676.02,,711574.23
2026-04-28 17:00:00,3251165.85,,711912.37
2026-04-28 18:00:00,3259226.44,,711675.07
2026-04-28 19:00:00,3260651.94,,712515.23
2026-04-28 20:00:00,3249248.70,,712580.23
2026-04-28 21:00:00,3255816.20,,716338.25
2026-04-28 22:00:00,3219374.50,,713192.97
2026-04-28 23:00:00,3199146.88,,710575.46
2026-04-29 00:00:00,3188333.24,,708068.81
2026-04-29 01:00:00,3189091.13,,712949.11
2026-04-29 02:00:00,3198601.14,,713896.69
2026-04-29 03:00:00,3193007.59,,715069.16
2026-04-29 04:00:00,3198095.16,,730797.60
2026-04-29 05:00:00,3180496.62,,728492.13
2026-04-29 06:00:00,3170296.76,,720853.41
2026-04-29 07:00:00,3159796.36,,718759.72
2026-04-29 08:00:00,3136355.29,,716434.38
2026-04-29 09:00:00,3136427.99,,721572.84
2026-04-29 10:00:00,3189258.71,,729759.45
2026-04-29 11:00:00,3168045.67,,728757.81
2026-04-29 12:00:00,3222471.20,,733729.88
2026-04-29 13:00:00,3199842.96,,720148.47
2026-04-29 14:00:00,3144408.89,,707230.02
2026-04-29 15:00:00,3147658.86,,706924.35
2026-04-29 16:00:00,3047543.73,,675250.35
2026-04-29 17:00:00,3057026.50,,672924.05
2026-04-29 18:00:00,3078444.20,,677729.58
2026-04-29 19:00:00,2989339.27,,652339.31
2026-04-29 20:00:00,2972738.27,,651749.81
2026-04-29 21:00:00,2995449.62,,658120.15
2026-04-29 22:00:00,3002270.41,,660105.27
2026-04-29 23:00:00,2993604.59,,657848.80
2026-04-30 00:00:00,3001649.60,,656920.10
2026-04-30 01:00:00,3038867.38,,664159.52
2026-04-30 02:00:00,3021832.91,,660231.60
2026-04-30 03:00:00,2998712.42,,649427.86
2026-04-30 04:00:00,3016749.29,,651693.08
2026-04-30 05:00:00,3004265.42,,649107.29
2026-04-30 06:00:00,3022742.17,,649609.32
2026-04-30 07:00:00,3042722.02,,654801.27
2026-04-30 08:00:00,3065770.48,,660122.30
2026-04-30 09:00:00,3047904.45,,658988.90
2026-04-30 10:00:00,3050491.88,,658465.81
2026-04-30 11:00:00,3059411.09,,664381.35
2026-04-30 12:00:00,3073814.89,,655670.07
2026-04-30 13:00:00,3086086.96,,642849.27
2026-04-30 14:00:00,3078166.82,,644542.09
2026-04-30 15:00:00,3078480.17,,641728.98
2026-04-30 16:00:00,3104123.68,,644228.52
2026-04-30 17:00:00,3102084.88,,645951.10
2026-04-30 18:00:00,3102923.26,,644434.35
2026-04-30 19:00:00,3102587.79,,644416.64
2026-04-30 20:00:00,3114310.82,,646630.83
2026-04-30 21:00:00,3097343.22,,642200.95
2026-04-30 22:00:00,3100079.07,,634883.19
2026-04-30 23:00:00,3072461.46,,629728.05
2026-05-01 00:00:00,3111596.38,,631111.07
2026-05-01 01:00:00,3099649.35,,626555.03
2026-05-01 02:00:00,3137261.41,,630494.96
2026-05-01 03:00:00,3132665.99,,630229.64
2026-05-01 04:00:00,3135540.63,,627896.19
2026-05-01 05:00:00,3145054.65,,665880.10
2026-05-01 06:00:00,3143413.80,,664324.37
2026-05-01 07:00:00,3114871.63,,661100.53
2026-05-01 08:00:00,3105978.93,,657112.14
2026-05-01 09:00:00,3121459.93,,655729.16
2026-05-01 10:00:00,3108654.43,,654447.18
2026-05-01 11:00:00,3090816.97,,652254.38
2026-05-01 12:00:00,3109376.62,,652454.94
2026-05-01 13:00:00,3129208.09,,655058.24
2026-05-01 14:00:00,3149908.49,,664685.01
2026-05-01 15:00:00,3183427.46,,665868.18
2026-05-01 16:00:00,3178060.79,,666466.37
2026-05-01 17:00:00,3174532.07,,659811.56
2026-05-01 18:00:00,3171705.82,,651115.49
2026-05-01 19:00:00,3161170.11,,640993.23
2026-05-01 20:00:00,3159627.34,,633002.41
2026-05-01 21:00:00,3154120.88,,629116.07
2026-05-01 22:00:00,3162276.42,,627045.80
2026-05-01 23:00:00,3175360.75,,625930.92
2026-05-02 00:00:00,3160336.09,,638519.45
2026-05-02 01:00:00,3166190.33,,650218.13
2026-05-02 02:00:00,3152047.23,,651057.85
2026-05-02 03:00:00,3122990.68,,650353.84
2026-05-02 04:00:00,3126602.89,,648651.49
2026-05-02 05:00:00,3121845.46,,636948.87
2026-05-02 06:00:00,3119953.63,,637622.69
2026-05-02 07:00:00,3114848.33,,637628.82
2026-05-02 08:00:00,3093280.69,,638357.52
2026-05-02 09:00:00,3084035.53,,638549.69
2026-05-02 10:00:00,3090941.30,,640127.66
2026-05-02 11:00:00,3091089.01,,639756.02
2026-05-02 12:00:00,3090302.87,,636958.55
2026-05-02 13:00:00,3081153.25,,633389.80
2026-05-02 14:00:00,3116947.03,,647523.76
2026-05-02 15:00:00,3124312.06,,650644.37
2026-05-02 16:00:00,3238258.58,,687854.58
2026-05-02 17:00:00,3250530.25,,678318.18
2026-05-02 18:00:00,3209837.31,,675407.85
2026-05-02 19:00:00,3185282.73,,675004.23
2026-05-02 20:00:00,3198690.34,,687977.76
2026-05-02 21:00:00,3172750.21,,683964.45
2026-05-02 22:00:00,3171518.58,,682430.67
2026-05-02 23:00:00,3182520.06,,683909.57
2026-05-03 00:00:00,3172568.41,,680179.11
2026-05-03 01:00:00,3237038.76,,682830.89
2026-05-03 02:00:00,3161997.85,,670477.30
2026-05-03 03:00:00,3231072.86,,668764.17
2026-05-03 04:00:00,3250576.32,,695824.42
2026-05-03 05:00:00,3261173.65,,698336.54
2026-05-03 06:00:00,3345628.77,,721387.19
2026-05-03 07:00:00,3362703.45,,719390.75
2026-05-03 08:00:00,3389203.11,,731602.66
2026-05-03 09:00:00,3818715.46,,780158.76
2026-05-03 10:00:00,3928192.25,,806794.62
2026-05-03 11:00:00,3849640.99,,767063.04
2026-05-03 12:00:00,3891724.21,,742952.52
2026-05-03 13:00:00,3985222.51,,739419.97
2026-05-03 14:00:00,3897344.68,,734666.32
2026-05-03 15:00:00,3936861.24,,733882.52
2026-05-03 16:00:00,3989215.68,,733860.51
2026-05-03 17:00:00,3947994.61,,729578.62
2026-05-03 18:00:00,3932085.64,,723623.02
2026-05-03 19:00:00,3859133.35,,718984.40
2026-05-03 20:00:00,3866919.16,,714026.99
2026-05-03 21:00:00,3829101.98,,708595.14
2026-05-03 22:00:00,3805875.61,,703657.92
2026-05-03 23:00:00,3774587.13,,700863.84
2026-05-04 00:00:00,3735465.37,,682205.47
2026-05-04 01:00:00,3713487.84,,703165.40
2026-05-04 02:00:00,3744983.32,,693476.30
2026-05-04 03:00:00,3707047.50,,697642.99
2026-05-04 04:00:00,3682068.71,,687263.01
2026-05-04 05:00:00,3685255.39,,679551.24
2026-05-04 06:00:00,3675167.04,,679314.56
2026-05-04 07:00:00,3637253.08,,673782.81
2026-05-04 08:00:00,3623991.00,,668367.09
2026-05-04 09:00:00,3594861.60,,671771.54
2026-05-04 10:00:00,3608016.75,,696573.05
2026-05-04 11:00:00,3375837.24,,638668.40
2026-05-04 12:00:00,3377661.36,,630776.63
2026-05-04 13:00:00,3358372.48,,625681.14
2026-05-04 14:00:00,3354265.77,,659330.23
2026-05-04 15:00:00,3368804.29,,659301.14
2026-05-04 16:00:00,3408944.51,,660394.43
2026-05-04 17:00:00,3384682.78,,651015.06
2026-05-04 18:00:00,3420801.46,,658217.68
2026-05-04 19:00:00,3410135.68,,655628.49
2026-05-04 20:00:00,3395870.30,,652211.84
2026-05-04 21:00:00,3356981.97,,630187.67
2026-05-04 22:00:00,3393369.34,,626089.55
2026-05-04 23:00:00,3363833.87,,623476.72
2026-05-05 00:00:00,3316878.55,,628104.02
2026-05-05 01:00:00,3340008.71,,629780.18
2026-05-05 02:00:00,3353269.93,,692548.03
2026-05-05 03:00:00,3337830.77,,674596.23
2026-05-05 04:00:00,3335305.71,,677311.38
2026-05-05 05:00:00,3347780.45,,681178.23
2026-05-05 06:00:00,3362065.49,,681565.42
2026-05-05 07:00:00,3357317.29,,680272.85
2026-05-05 08:00:00,3353855.94,,679794.54
2026-05-05 09:00:00,3336387.13,,673123.23
2026-05-05 10:00:00,3308289.62,,667217.01
2026-05-05 11:00:00,3320270.14,,669230.77
2026-05-05 12:00:00,3310948.74,,666667.54
2026-05-05 13:00:00,3300639.56,,667728.72
2026-05-05 14:00:00,3282853.21,,665693.12
2026-05-05 15:00:00,3314091.05,,659337.02
2026-05-05 16:00:00,3284047.19,,658583.03
2026-05-05 17:00:00,3287792.50,,659274.84
2026-05-05 18:00:00,3279737.40,,658118.78
2026-05-05 19:00:00,3283638.85,,658260.13
2026-05-05 20:00:00,3317605.94,,658406.10
2026-05-05 21:00:00,3311208.79,,662661.20
2026-05-05 22:00:00,3298897.38,,658158.16
2026-05-05 23:00:00,3307615.05,,686562.60
2026-05-06 00:00:00,3301667.39,,690778.88
2026-05-06 01:00:00,3323075.38,,702083.97
2026-05-06 02:00:00,3355181.32,,699874.32
2026-05-06 03:00:00,3228713.19,,690407.01
2026-05-06 04:00:00,3256324.60,,683536.49
2026-05-06 05:00:00,3207478.21,,680129.09
2026-05-06 06:00:00,3206106.94,,680811.27
2026-05-06 07:00:00,3218221.86,,677453.84
2026-05-06 08:00:00,3162631.35,,676860.05
2026-05-06 09:00:00,3214630.25,,677385.63
2026-05-06 10:00:00,3167709.07,,673825.60
2026-05-06 11:00:00,3193199.58,,673695.48
2026-05-06 12:00:00,3157360.20,,676451.45
2026-05-06 13:00:00,3162002.63,,674977.94
2026-05-06 14:00:00,3088897.97,,659321.94
2026-05-06 15:00:00,3069930.93,,666343.13
2026-05-06 16:00:00,3068230.08,,671721.42
2026-05-06 17:00:00,3078157.86,,671050.27
2026-05-06 18:00:00,3072099.78,,668412.66
2026-05-06 19:00:00,3063042.35,,671782.11
2026-05-06 20:00:00,3022485.63,,672836.68
2026-05-06 21:00:00,3029570.81,,671575.45
2026-05-06 22:00:00,3021753.21,,668759.85
2026-05-06 23:00:00,2989075.64,,665323.84
2026-05-07 00:00:00,2990124.16,,666704.88
2026-05-07 01:00:00,2965930.82,,661841.36
2026-05-07 02:00:00,2926447.55,,661505.27
2026-05-07 03:00:00,2932189.06,,647273.83
2026-05-07 04:00:00,2938273.78,,676861.34
2026-05-07 05:00:00,2960144.83,,689365.02
2026-05-07 06:00:00,2947843.39,,690547.35
2026-05-07 07:00:00,2958127.03,,693951.23
2026-05-07 08:00:00,2979763.05,,711876.59
2026-05-07 09:00:00,2980405.68,,710894.36
2026-05-07 10:00:00,2966367.32,,698553.50
2026-05-07 11:00:00,2981033.40,,685882.04
2026-05-07 12:00:00,2969950.63,,702942.15
2026-05-07 13:00:00,3003696.45,,710220.99
2026-05-07 14:00:00,2955853.05,,714268.34
2026-05-07 15:00:00,2933507.55,,701465.18
2026-05-07 16:00:00,2913909.34,,689347.78
2026-05-07 17:00:00,2948409.06,,689129.71
2026-05-07 18:00:00,2995406.74,,697494.96
2026-05-07 19:00:00,2997638.52,,695840.52
2026-05-07 20:00:00,3009456.18,,697344.16
2026-05-07 21:00:00,2972987.51,,691904.32
2026-05-07 22:00:00,2960785.94,,692074.20
2026-05-07 23:00:00,3011484.79,,693702.96
2026-05-08 00:00:00,3014097.87,,694702.27
2026-05-08 01:00:00,3006312.81,,695165.21
2026-05-08 02:00:00,3021106.33,,699004.18
2026-05-08 03:00:00,3021082.55,,697099.93
2026-05-08 04:00:00,3020680.81,,710899.50
2026-05-08 05:00:00,3114518.37,,724355.09
2026-05-08 06:00:00,3090246.65,,724635.73
2026-05-08 07:00:00,3075093.33,,713261.25
2026-05-08 08:00:00,3067544.15,,720641.17
2026-05-08 09:00:00,3100156.05,,716400.72
2026-05-08 10:00:00,3124533.86,,717234.21
2026-05-08 11:00:00,3105572.04,,714217.06
2026-05-08 12:00:00,3059014.60,,721652.31
2026-05-08 13:00:00,3023550.85,,714174.74
2026-05-08 14:00:00,3005036.06,,715227.95
2026-05-08 15:00:00,3114353.89,,731984.81
2026-05-08 16:00:00,3295037.51,,735473.70
2026-05-08 17:00:00,3428240.04,,741943.89
2026-05-08 18:00:00,3693544.49,,766935.55
2026-05-08 19:00:00,3640640.40,,753151.65
2026-05-08 20:00:00,3595187.21,,747680.59
2026-05-08 21:00:00,3633754.78,,754878.51
2026-05-08 22:00:00,3626170.94,,747354.78
2026-05-08 23:00:00,3596233.06,,752450.22
2026-05-09 00:00:00,3606226.19,,762312.52
2026-05-09 01:00:00,3687216.00,,768626.99
2026-05-09 02:00:00,3765620.41,,786805.07
2026-05-09 03:00:00,3743709.13,,774240.51
2026-05-09 04:00:00,3706879.17,,751035.69
2026-05-09 05:00:00,3717347.29,,751854.42
2026-05-09 06:00:00,3696977.08,,751715.94
2026-05-09 07:00:00,3650690.82,,748168.60
2026-05-09 08:00:00,3772942.00,,742302.76
2026-05-09 09:00:00,3748027.33,,749300.83
2026-05-09 10:00:00,3761003.83,,752041.33
2026-05-09 11:00:00,3787275.12,,765649.37
2026-05-09 12:00:00,3783283.23,,764686.31
2026-05-09 13:00:00,3765668.27,,751240.05
2026-05-09 14:00:00,3818124.34,,735303.64
2026-05-09 15:00:00,3807763.04,,728571.75
2026-05-09 16:00:00,3796644.45,,734808.37
2026-05-09 17:00:00,3818820.85,,741967.14
2026-05-09 18:00:00,3848154.30,,741743.08
2026-05-09 19:00:00,3852379.62,,738956.10
2026-05-09 20:00:00,3812746.23,,734304.54
2026-05-09 21:00:00,3777479.86,,727433.63
2026-05-09 22:00:00,3769018.89,,724229.27
2026-05-09 23:00:00,3770400.27,,717997.81
2026-05-10 00:00:00,3737535.39,,713691.37
2026-05-10 01:00:00,3586638.34,,716087.82
2026-05-10 02:00:00,3460881.31,,718783.56
2026-05-10 03:00:00,3387150.56,,709647.15
2026-05-10 04:00:00,3397586.39,,710467.42
2026-05-10 05:00:00,3395364.19,,709630.66
2026-05-10 06:00:00,3414095.18,,713632.46
2026-05-10 07:00:00,3403786.33,,716400.00
2026-05-10 08:00:00,3410747.07,,714325.11
2026-05-10 09:00:00,3432338.42,,713527.68
2026-05-10 10:00:00,3421013.05,,720548.63
2026-05-10 11:00:00,3425692.22,,719636.32
2026-05-10 12:00:00,3407387.48,,712108.02
2026-05-10 13:00:00,3435744.25,,715876.07
2026-05-10 14:00:00,3448479.53,,701179.20
2026-05-10 15:00:00,3451527.49,,701458.06
2026-05-10 16:00:00,3506292.88,,709564.01
2026-05-10 17:00:00,3531597.03,,713734.45
2026-05-10 18:00:00,3610827.81,,708731.00
2026-05-10 19:00:00,3646986.43,,719275.77
2026-05-10 20:00:00,3586226.50,,710454.62
2026-05-10 21:00:00,3515965.01,,679896.17
2026-05-10 22:00:00,3518579.44,,678869.99
2026-05-10 23:00:00,3599894.81,,686300.41
2026-05-11 00:00:00,3579325.49,,683867.87
2026-05-11 01:00:00,3503678.08,,678175.77
2026-05-11 02:00:00,3478805.50,,675481.27
2026-05-11 03:00:00,3411950.39,,678598.97
2026-05-11 04:00:00,3382901.79,,672756.53
2026-05-11 05:00:00,3342209.78,,677071.95
2026-05-11 06:00:00,3354701.77,,679065.11
2026-05-11 07:00:00,3386104.56,,680677.01
2026-05-11 08:00:00,3378184.27,,676836.11
2026-05-11 09:00:00,3396410.78,,677950.15
2026-05-11 10:00:00,3450407.54,,681007.01
2026-05-11 11:00:00,3451018.62,,669952.30
2026-05-11 12:00:00,3515718.39,,680212.55
2026-05-11 13:00:00,3515273.49,,684804.73
2026-05-11 14:00:00,3539386.24,,700019.84
2026-05-11 15:00:00,3504293.90,,701915.62
2026-05-11 16:00:00,3519071.00,,700311.03
2026-05-11 17:00:00,3541569.58,,706183.84
2026-05-11 18:00:00,3585284.67,,720294.62
2026-05-11 19:00:00,3594156.78,,719575.38
2026-05-11 20:00:00,3556088.18,,721838.88
2026-05-11 21:00:00,3633278.98,,731289.05
2026-05-11 22:00:00,3655685.90,,738942.18
2026-05-11 23:00:00,3645958.93,,728222.81
2026-05-12 00:00:00,3761539.29,,754702.17
2026-05-12 01:00:00,3790086.14,,827092.71
2026-05-12 02:00:00,3690253.03,,775296.62
2026-05-12 03:00:00,3691707.61,,820927.43
2026-05-12 04:00:00,3742766.51,,846516.75
2026-05-12 05:00:00,3885960.57,,866178.58
2026-05-12 06:00:00,3802366.21,,836378.16
2026-05-12 07:00:00,3951695.81,,873095.96
2026-05-12 08:00:00,3911247.54,,867118.80
2026-05-12 09:00:00,3950598.42,,878300.77
2026-05-12 10:00:00,3863334.99,,864483.04
2026-05-12 11:00:00,3764816.75,,842985.82
2026-05-12 12:00:00,3685778.81,,827088.54
2026-05-12 13:00:00,3997268.04,,849500.13
2026-05-12 14:00:00,3854697.08,,835051.90
2026-05-12 15:00:00,3583619.95,,828521.41
2026-05-12 16:00:00,3509266.25,,807973.34
2026-05-12 17:00:00,3440010.05,,789898.65
2026-05-12 18:00:00,3497422.79,,790437.24
2026-05-12 19:00:00,3555457.61,,795623.73
2026-05-12 20:00:00,3571444.04,,796983.38
2026-05-12 21:00:00,3561064.43,,797908.68
2026-05-12 22:00:00,3574570.32,,789686.70
2026-05-12 23:00:00,3556978.44,,780327.58
2026-05-13 00:00:00,3521059.59,,774665.94
2026-05-13 01:00:00,3543940.71,,775863.54
2026-05-13 02:00:00,3571675.93,,779393.06
2026-05-13 03:00:00,3574933.28,,775024.41
2026-05-13 04:00:00,3624168.38,,771922.70
2026-05-13 05:00:00,3561378.80,,770285.90
2026-05-13 06:00:00,3553845.38,,768487.70
2026-05-13 07:00:00,3528806.82,,768574.15
2026-05-13 08:00:00,3520181.59,,759923.08
2026-05-13 09:00:00,3515584.36,,756195.46
2026-05-13 10:00:00,3580644.73,,762114.54
2026-05-13 11:00:00,3534757.84,,751106.52
2026-05-13 12:00:00,3691379.12,,764429.74
2026-05-13 13:00:00,3454940.39,,724436.34
2026-05-13 14:00:00,3343771.00,,717981.80
2026-05-13 15:00:00,3383032.00,,725781.56
2026-05-13 16:00:00,3222143.36,,694956.33
2026-05-13 17:00:00,3284734.34,,703443.94
2026-05-13 18:00:00,3296425.53,,693351.52
2026-05-13 19:00:00,3289373.86,,693068.09
2026-05-13 20:00:00,3322787.01,,686145.07
2026-05-13 21:00:00,3350457.96,,687745.93
2026-05-13 22:00:00,3303021.43,,672112.00
2026-05-13 23:00:00,3312610.68,,677763.33
2026-05-14 00:00:00,3314823.09,,673437.29
2026-05-14 01:00:00,3322190.60,,675009.55
2026-05-14 02:00:00,3326293.37,,670561.41
2026-05-14 03:00:00,3299696.92,,649779.64
2026-05-14 04:00:00,3174400.71,,607042.44
2026-05-14 05:00:00,3193574.36,,615681.18
2026-05-14 06:00:00,3187461.42,,614674.52
2026-05-14 07:00:00,3178767.28,,614390.39
2026-05-14 08:00:00,3198361.42,,611630.99
2026-05-14 09:00:00,3195742.75,,612478.45
2026-05-14 10:00:00,3201394.69,,610450.10
2026-05-14 11:00:00,3235774.81,,616962.93
2026-05-14 12:00:00,3245544.25,,605025.12
2026-05-14 13:00:00,3261671.25,,603851.80
2026-05-14 14:00:00,3265798.36,,592041.99
2026-05-14 15:00:00,3296469.15,,597576.82
2026-05-14 16:00:00,3289171.08,,610173.91
2026-05-14 17:00:00,3298463.69,,611801.62
2026-05-14 18:00:00,3232751.58,,622364.64
2026-05-14 19:00:00,3283474.41,,623862.69
2026-05-14 20:00:00,3259402.45,,639802.06
2026-05-14 21:00:00,3185328.50,,623939.38
2026-05-14 22:00:00,3132189.36,,619006.13
2026-05-14 23:00:00,3134351.21,,615402.07
2026-05-15 00:00:00,3058956.67,,611991.84
2026-05-15 01:00:00,3016754.00,,615939.71
2026-05-15 02:00:00,3020568.37,,609411.63
2026-05-15 03:00:00,2993587.68,,637145.00
2026-05-15 04:00:00,2963117.57,,637669.39
2026-05-15 05:00:00,2918982.02,,632678.93
2026-05-15 06:00:00,2835103.45,,620923.33
2026-05-15 07:00:00,2860582.35,,628112.94
2026-05-15 08:00:00,2862962.37,,627174.64
2026-05-15 09:00:00,2859562.36,,628894.58
2026-05-15 10:00:00,2855422.33,,628138.12
2026-05-15 11:00:00,3003987.94,,632182.57
2026-05-15 12:00:00,2971036.94,,623790.92
2026-05-15 13:00:00,2932500.38,,617918.33
2026-05-15 14:00:00,2743408.07,,593943.59
2026-05-15 15:00:00,2741902.35,,613207.70
2026-05-15 16:00:00,2727084.61,,609904.24
2026-05-15 17:00:00,2735846.83,,608108.44
2026-05-15 18:00:00,2746116.85,,602001.26
2026-05-15 19:00:00,2726265.10,,593642.29
2026-05-15 20:00:00,2729564.62,,587356.19
2026-05-15 21:00:00,2753876.67,,585598.15
2026-05-15 22:00:00,2728007.97,,579350.52
2026-05-15 23:00:00,2735343.36,,583547.65
2026-05-16 00:00:00,2723247.29,,577584.30
2026-05-16 01:00:00,2740672.70,,576200.43
2026-05-16 02:00:00,2734073.37,,567894.14
2026-05-16 03:00:00,2746043.85,,582248.03
2026-05-16 04:00:00,2743974.90,,601320.95
2026-05-16 05:00:00,2696297.14,,592472.35
2026-05-16 06:00:00,2684116.96,,584446.26
2026-05-16 07:00:00,2662874.09,,581475.99
2026-05-16 08:00:00,2655868.60,,590508.17
2026-05-16 09:00:00,2725558.42,,590952.71
2026-05-16 10:00:00,2692374.04,,599195.74
2026-05-16 11:00:00,2691021.77,,600610.13
2026-05-16 12:00:00,2698622.69,,602896.27
2026-05-16 13:00:00,2741344.96,,607521.91
2026-05-16 14:00:00,2727113.93,,603493.35
2026-05-16 15:00:00,2733373.46,,606114.18
2026-05-16 16:00:00,2718071.38,,605216.20
2026-05-16 17:00:00,2725251.59,,601907.79
2026-05-16 18:00:00,2729991.41,,599643.13
2026-05-16 19:00:00,2723678.24,,597789.38
2026-05-16 20:00:00,2713278.50,,593847.28
2026-05-16 21:00:00,2709733.98,,593577.09
2026-05-16 22:00:00,2720814.90,,586295.30
2026-05-16 23:00:00,2706523.26,,581698.45
2026-05-17 00:00:00,2699819.65,,579332.51
2026-05-17 01:00:00,2638654.74,,583060.76
2026-05-17 02:00:00,2590421.52,,586152.71
2026-05-17 03:00:00,2595838.76,,589865.30
2026-05-17 04:00:00,2622184.21,,639349.12
2026-05-17 05:00:00,2676151.05,,623285.27
2026-05-17 06:00:00,2677107.55,,614347.93
2026-05-17 07:00:00,2666424.58,,609726.12
2026-05-17 08:00:00,2674301.36,,602343.58
2026-05-17 09:00:00,2690096.16,,600008.74
2026-05-17 10:00:00,2718400.74,,600782.65
2026-05-17 11:00:00,2693117.01,,593547.00
2026-05-17 12:00:00,2684221.00,,587836.58
2026-05-17 13:00:00,2698885.61,,592249.11
2026-05-17 14:00:00,2678065.58,,592809.90
2026-05-17 15:00:00,2700969.51,,592708.36
2026-05-17 16:00:00,2707697.34,,591593.57
2026-05-17 17:00:00,2707954.02,,590858.06
2026-05-17 18:00:00,2707361.46,,592886.67
2026-05-17 19:00:00,2785753.70,,599139.83
2026-05-17 20:00:00,2822110.66,,598135.68
2026-05-17 21:00:00,2819976.28,,594893.35
2026-05-17 22:00:00,2844114.75,,593919.44
2026-05-17 23:00:00,2803545.70,,583570.72
2026-05-18 00:00:00,2662506.53,,582723.75
2026-05-18 01:00:00,2746219.50,,597397.76
2026-05-18 02:00:00,2742870.22,,598442.59
2026-05-18 03:00:00,2732662.90,,604904.18
2026-05-18 04:00:00,2737774.05,,603596.73
2026-05-18 05:00:00,2737876.75,,623539.12
2026-05-18 06:00:00,2707081.53,,614709.54
2026-05-18 07:00:00,2736607.36,,608729.13
2026-05-18 08:00:00,2727607.45,,605431.64
2026-05-18 09:00:00,2734736.76,,603075.51
2026-05-18 10:00:00,2725805.61,,596862.44
2026-05-18 11:00:00,2727839.04,,595164.72
2026-05-18 12:00:00,2753908.74,,600092.96
2026-05-18 13:00:00,2752822.06,,603004.59
2026-05-18 14:00:00,2731322.65,,596542.29
2026-05-18 15:00:00,2730334.08,,592395.53
2026-05-18 16:00:00,2781426.41,,601913.09
2026-05-18 17:00:00,2779033.41,,603975.94
2026-05-18 18:00:00,2793882.63,,602272.16
2026-05-18 19:00:00,2761820.52,,593676.24
2026-05-18 20:00:00,2795695.02,,610199.73
2026-05-18 21:00:00,2745902.29,,608009.81
2026-05-18 22:00:00,2773997.92,,615807.54
2026-05-18 23:00:00,2707620.63,,615479.74
2026-05-19 00:00:00,2702388.37,,613044.04
2026-05-19 01:00:00,2732995.41,,615142.84
2026-05-19 02:00:00,2735641.51,,610273.50
2026-05-19 03:00:00,2687964.44,,602203.08
2026-05-19 04:00:00,2689056.67,,602694.75
2026-05-19 05:00:00,2695671.20,,608520.53
2026-05-19 06:00:00,2678822.25,,615026.81
2026-05-19 07:00:00,2687538.44,,618718.28
2026-05-19 08:00:00,2695561.54,,617057.92
2026-05-19 09:00:00,2688443.54,,616865.48
2026-05-19 10:00:00,2663179.71,,620467.14
2026-05-19 11:00:00,2652040.96,,612359.91
2026-05-19 12:00:00,2634210.01,,603705.45
2026-05-19 13:00:00,2652760.03,,607740.49
2026-05-19 14:00:00,2802317.50,,621275.88
2026-05-19 15:00:00,2776770.09,,623313.81
2026-05-19 16:00:00,2773912.38,,632524.18
2026-05-19 17:00:00,2821513.26,,640066.86
2026-05-19 18:00:00,2787450.80,,643361.14
2026-05-19 19:00:00,2781076.07,,638869.84
2026-05-19 20:00:00,2778200.94,,636508.80
2026-05-19 21:00:00,2772422.65,,635925.80
2026-05-19 22:00:00,2727327.01,,629156.92
2026-05-19 23:00:00,2707769.40,,629985.09
2026-05-20 00:00:00,2741928.09,,630776.72
2026-05-20 01:00:00,2721922.27,,628010.44
2026-05-20 02:00:00,2746499.85,,629828.99
2026-05-20 03:00:00,2738238.19,,624050.64
2026-05-20 04:00:00,2739030.52,,620250.09
2026-05-20 05:00:00,2771906.22,,621808.21
2026-05-20 06:00:00,2844538.37,,632977.19
2026-05-20 07:00:00,2828782.60,,631507.09
2026-05-20 08:00:00,2814876.13,,628727.14
2026-05-20 09:00:00,2823728.81,,631205.17
2026-05-20 10:00:00,2813790.51,,624607.14
2026-05-20 11:00:00,2820400.10,,623001.43
2026-05-20 12:00:00,2818273.03,,622349.64
2026-05-20 13:00:00,2858738.17,,630363.74
2026-05-20 14:00:00,2826679.02,,622766.70
2026-05-20 15:00:00,2854782.61,,650297.43
2026-05-20 16:00:00,2881549.09,,652178.99
2026-05-20 17:00:00,2877039.51,,650787.20
2026-05-20 18:00:00,2857036.23,,652506.73
2026-05-20 19:00:00,2850581.18,,648362.94
2026-05-20 20:00:00,2845275.77,,644580.11
2026-05-20 21:00:00,2850409.28,,640503.39
2026-05-20 22:00:00,2842530.08,,638066.26
2026-05-20 23:00:00,2767386.47,,641330.12
2026-05-21 00:00:00,2753339.97,,642576.81
2026-05-21 01:00:00,2791047.38,,676268.03
2026-05-21 02:00:00,2780537.29,,678523.80
2026-05-21 03:00:00,2798859.97,,676747.16
2026-05-21 04:00:00,2793127.61,,668338.62
2026-05-21 05:00:00,2792059.03,,659016.17
2026-05-21 06:00:00,2703186.26,,646823.11
2026-05-21 07:00:00,2690800.38,,643257.81
2026-05-21 08:00:00,2694858.39,,642262.63
2026-05-21 09:00:00,2682320.57,,644093.99
2026-05-21 10:00:00,2646970.01,,638301.39
2026-05-21 11:00:00,2612130.49,,631378.12
2026-05-21 12:00:00,2604177.47,,632940.07
2026-05-21 13:00:00,2627868.65,,642087.50
2026-05-21 14:00:00,2633765.00,,637965.40
2026-05-21 15:00:00,2622600.36,,634318.01
2026-05-21 16:00:00,2670364.05,,637844.47
2026-05-21 17:00:00,2646284.31,,622447.81
2026-05-21 18:00:00,2697673.24,,631477.80
2026-05-21 19:00:00,2695402.59,,628327.42
2026-05-21 20:00:00,2710750.46,,628881.50
2026-05-21 21:00:00,2705904.38,,627395.66
2026-05-21 22:00:00,2689523.63,,622256.29
2026-05-21 23:00:00,2695395.20,,622780.97
2026-05-22 00:00:00,2664388.47,,624095.28
2026-05-22 01:00:00,2699766.19,,621048.42
2026-05-22 02:00:00,2721781.91,,626778.80
2026-05-22 03:00:00,2727394.35,,625136.24
2026-05-22 04:00:00,2738258.83,,626261.40
2026-05-22 05:00:00,2722659.86,,628746.83
2026-05-22 06:00:00,2723929.08,,627022.80
2026-05-22 07:00:00,2697015.71,,626638.34
2026-05-22 08:00:00,2711813.79,,628299.17
2026-05-22 09:00:00,2711821.88,,634683.98
2026-05-22 10:00:00,2727575.49,,632378.79
2026-05-22 11:00:00,2705999.69,,620303.84
2026-05-22 12:00:00,2724177.31,,621578.26
2026-05-22 13:00:00,2739117.90,,626806.87
2026-05-22 14:00:00,2712157.94,,626723.43
2026-05-22 15:00:00,2692767.44,,586768.44
2026-05-22 16:00:00,2704303.73,,585185.02
2026-05-22 17:00:00,2693687.70,,584443.75
2026-05-22 18:00:00,2670707.10,,580378.58
2026-05-22 19:00:00,2609505.77,,563741.34
2026-05-22 20:00:00,2591741.27,,544980.80
2026-05-22 21:00:00,2622149.63,,557471.39
2026-05-22 22:00:00,2620853.90,,550472.91
2026-05-22 23:00:00,2601022.23,,561476.77
2026-05-23 00:00:00,2617736.53,,568610.68
2026-05-23 01:00:00,2639360.07,,576037.63
2026-05-23 02:00:00,2661687.37,,578988.93
2026-05-23 03:00:00,2666255.84,,583818.24
2026-05-23 04:00:00,2678248.98,,572849.02
2026-05-23 05:00:00,2666553.58,,566288.56
2026-05-23 06:00:00,2683778.22,,572235.25
2026-05-23 07:00:00,2670694.44,,572180.50
2026-05-23 08:00:00,2599063.43,,544770.41
2026-05-23 09:00:00,2607304.38,,549691.07
2026-05-23 10:00:00,2600632.49,,558143.29
2026-05-23 11:00:00,2578479.06,,557856.77
2026-05-23 12:00:00,2586974.53,,554220.33
2026-05-23 13:00:00,2628823.59,,558734.03
2026-05-23 14:00:00,2626278.87,,563342.10
2026-05-23 15:00:00,2632294.68,,568646.34
2026-05-23 16:00:00,2634462.42,,571388.61
2026-05-23 17:00:00,2613560.97,,569496.52
2026-05-23 18:00:00,2589107.43,,569234.35
2026-05-23 19:00:00,2600915.91,,585195.43
2026-05-23 20:00:00,2606794.33,,586616.11
2026-05-23 21:00:00,2685443.89,,608201.02
2026-05-23 22:00:00,2651080.80,,600078.95
2026-05-23 23:00:00,2634072.34,,597504.89
2026-05-24 00:00:00,2636517.78,,599245.21
2026-05-24 01:00:00,2633466.59,,603664.88
2026-05-24 02:00:00,2623955.72,,602779.63
2026-05-24 03:00:00,2600873.51,,595471.36
2026-05-24 04:00:00,2579312.09,,592777.62
2026-05-24 05:00:00,2598292.14,,597320.86
2026-05-24 06:00:00,2593142.27,,591622.72
2026-05-24 07:00:00,2630446.75,,595961.01
2026-05-24 08:00:00,2601108.81,,588165.64
2026-05-24 09:00:00,2626302.15,,592949.44
2026-05-24 10:00:00,2621907.79,,593258.78
2026-05-24 11:00:00,2589696.21,,588420.92
2026-05-24 12:00:00,2579541.33,,580520.00
2026-05-24 13:00:00,2577690.61,,577516.35
2026-05-24 14:00:00,2563192.49,,574496.78
2026-05-24 15:00:00,2542461.19,,563196.10
2026-05-24 16:00:00,2632674.49,,573068.25
2026-05-24 17:00:00,2638946.39,,573046.46
2026-05-24 18:00:00,2650637.59,,573600.93
2026-05-24 19:00:00,2575072.62,,573435.33
2026-05-24 20:00:00,2569960.87,,575604.17
2026-05-24 21:00:00,2560060.60,,570510.48
2026-05-24 22:00:00,2541037.20,,553973.74
2026-05-24 23:00:00,2593063.55,,555935.65
2026-05-25 00:00:00,2609624.33,,564348.79
2026-05-25 01:00:00,2617522.77,,565486.78
2026-05-25 02:00:00,2629493.29,,563643.05
2026-05-25 03:00:00,2640970.21,,610435.25
2026-05-25 04:00:00,2692423.26,,668378.64
2026-05-25 05:00:00,2728435.62,,673274.18
2026-05-25 06:00:00,2715744.72,,676908.57
2026-05-25 07:00:00,2731056.83,,676061.91
2026-05-25 08:00:00,2730862.38,,665325.62
2026-05-25 09:00:00,2774385.84,,691767.76
2026-05-25 10:00:00,2791794.11,,691519.85
2026-05-25 11:00:00,2829792.00,,702083.27
2026-05-25 12:00:00,2772468.53,,689568.78
2026-05-25 13:00:00,2778044.18,,688427.54
2026-05-25 14:00:00,2789407.11,,691959.81
2026-05-25 15:00:00,2810147.43,,695374.14
2026-05-25 16:00:00,2800056.81,,687402.87
2026-05-25 17:00:00,2806846.04,,692843.25
2026-05-25 18:00:00,2783866.04,,688141.64
2026-05-25 19:00:00,2783235.75,,687315.02
2026-05-25 20:00:00,2748209.98,,682449.81
2026-05-25 21:00:00,2723815.23,,668283.05
2026-05-25 22:00:00,2732496.59,,665810.66
2026-05-25 23:00:00,2692207.47,,650486.41
2026-05-26 00:00:00,2712318.51,,650992.08
2026-05-26 01:00:00,2712119.15,,645311.80
2026-05-26 02:00:00,2713706.10,,638619.98
2026-05-26 03:00:00,2710314.43,,636032.46
2026-05-26 04:00:00,2717405.30,,645940.19
2026-05-26 05:00:00,2725664.83,,656707.30
2026-05-26 06:00:00,2792597.42,,660331.00
2026-05-26 07:00:00,2775589.22,,659267.37
2026-05-26 08:00:00,2769844.70,,656238.34
2026-05-26 09:00:00,2780621.39,,660704.52
2026-05-26 10:00:00,2758662.82,,655087.57
2026-05-26 11:00:00,2815296.75,,667194.82
2026-05-26 12:00:00,2908869.91,,661460.28
2026-05-26 13:00:00,2927881.03,,652502.29
2026-05-26 14:00:00,2905669.25,,648916.12
2026-05-26 15:00:00,2884065.18,,652025.55
2026-05-26 16:00:00,2849212.72,,628434.15
2026-05-26 17:00:00,2842638.54,,626162.65
2026-05-26 18:00:00,2817084.90,,614344.60
2026-05-26 19:00:00,2816407.36,,614222.47
2026-05-26 20:00:00,2838860.95,,620128.90
2026-05-26 21:00:00,2848317.19,,619391.64
2026-05-26 22:00:00,2832718.14,,611339.44
2026-05-26 23:00:00,2839412.85,,613118.45
2026-05-27 00:00:00,2834420.13,,612655.38
2026-05-27 01:00:00,2860821.48,,617607.22
2026-05-27 02:00:00,2829888.28,,611211.22
2026-05-27 03:00:00,2798466.71,,613311.44
2026-05-27 04:00:00,2779064.85,,607656.90
2026-05-27 05:00:00,2790178.46,,609815.56
2026-05-27 06:00:00,2799643.78,,609702.60
2026-05-27 07:00:00,2799581.55,,593493.75
2026-05-27 08:00:00,2785986.38,,599674.51
2026-05-27 09:00:00,2762764.95,,594875.99
2026-05-27 10:00:00,2747221.04,,590789.81
2026-05-27 11:00:00,2760992.35,,592730.33
2026-05-27 12:00:00,2755526.83,,587491.35
2026-05-27 13:00:00,2808783.29,,592355.97
2026-05-27 14:00:00,2786562.13,,584340.75
2026-05-27 15:00:00,2798873.03,,584917.25
2026-05-27 16:00:00,2834606.38,,587583.79
2026-05-27 17:00:00,2822911.95,,586325.74
2026-05-27 18:00:00,2814924.40,,579254.30
2026-05-27 19:00:00,2825850.77,,590299.79
2026-05-27 20:00:00,2813829.68,,589935.81
2026-05-27 21:00:00,2820167.59,,587649.11
2026-05-27 22:00:00,2706761.97,,558899.43
2026-05-27 23:00:00,2701050.57,,565951.55
2026-05-28 00:00:00,2694545.83,,572535.54
2026-05-28 01:00:00,2685143.40,,574932.20
2026-05-28 02:00:00,2653191.10,,573936.60
2026-05-28 03:00:00,2659668.97,,566884.43
2026-05-28 04:00:00,2592637.76,,542478.68
2026-05-28 05:00:00,2597514.90,,543342.39
2026-05-28 06:00:00,2574478.63,,538228.98
2026-05-28 07:00:00,2558235.36,,537282.61
2026-05-28 08:00:00,2549392.50,,534460.27
2026-05-28 09:00:00,2526640.47,,527450.47
2026-05-28 10:00:00,2558209.43,,533497.78
2026-05-28 11:00:00,2531751.02,,527911.41
2026-05-28 12:00:00,2533476.12,,527558.04
2026-05-28 13:00:00,2543974.65,,529183.20
2026-05-28 14:00:00,2535647.86,,534281.24
2026-05-28 15:00:00,2527478.11,,529667.49
2026-05-28 16:00:00,2530605.16,,532405.01
2026-05-28 17:00:00,2554575.28,,542359.33
2026-05-28 18:00:00,2563432.57,,549613.87
2026-05-28 19:00:00,2571736.79,,550746.95
2026-05-28 20:00:00,2560016.18,,549068.59
2026-05-28 21:00:00,2540439.99,,546436.28
2026-05-28 22:00:00,2542481.10,,547495.09
2026-05-28 23:00:00,2518883.88,,541944.19
2026-05-29 00:00:00,2518126.03,,543678.75
2026-05-29 01:00:00,2538473.89,,549018.15
2026-05-29 02:00:00,2551465.36,,547829.07
2026-05-29 03:00:00,2512630.23,,554942.20
2026-05-29 04:00:00,2514738.34,,566037.82
2026-05-29 05:00:00,2533178.30,,572283.11
2026-05-29 06:00:00,2529618.10,,572522.90
2026-05-29 07:00:00,2539806.42,,575010.50
2026-05-29 08:00:00,2510300.27,,572318.57
2026-05-29 09:00:00,2519984.01,,573345.32
2026-05-29 10:00:00,2529052.67,,576500.42
2026-05-29 11:00:00,2524245.53,,575319.34
2026-05-29 12:00:00,2527130.87,,572324.64
2026-05-29 13:00:00,2499066.67,,566841.07
2026-05-29 14:00:00,2493277.20,,570417.89
2026-05-29 15:00:00,2478812.01,,564430.83
2026-05-29 16:00:00,2541405.69,,581365.23
2026-05-29 17:00:00,2557563.44,,584704.52
2026-05-29 18:00:00,2565674.78,,587710.21
2026-05-29 19:00:00,2553313.19,,586670.94
2026-05-29 20:00:00,2552395.44,,587042.83
2026-05-29 21:00:00,2581565.03,,589733.44
2026-05-29 22:00:00,2566708.28,,584333.59
2026-05-29 23:00:00,2576672.73,,581140.72
2026-05-30 00:00:00,2581030.26,,580513.56
2026-05-30 01:00:00,2614236.87,,591698.27
2026-05-30 02:00:00,2635681.87,,596619.73
2026-05-30 03:00:00,2655673.17,,602373.06
2026-05-30 04:00:00,2600459.36,,592437.10
2026-05-30 05:00:00,2586833.28,,587267.21
2026-05-30 06:00:00,2589737.47,,589365.76
2026-05-30 07:00:00,2572901.19,,586287.42
2026-05-30 08:00:00,2573664.62,,585512.22
2026-05-30 09:00:00,2560130.55,,580590.38
2026-05-30 10:00:00,2568224.46,,583906.50
2026-05-30 11:00:00,2555777.86,,579507.45
2026-05-30 12:00:00,2547351.16,,578769.34
2026-05-30 13:00:00,2542324.59,,580684.69
2026-05-30 14:00:00,2542694.17,,580172.78
2026-05-30 15:00:00,2535241.81,,578100.02
2026-05-30 16:00:00,2562518.41,,588227.33
2026-05-30 17:00:00,2586439.56,,586584.19
2026-05-30 18:00:00,2573264.47,,586478.61
2026-05-30 19:00:00,2581441.18,,587999.91
2026-05-30 20:00:00,2585839.44,,588479.37
2026-05-30 21:00:00,2593076.89,,589300.73
2026-05-30 22:00:00,2612798.19,,591652.31
2026-05-30 23:00:00,2602169.94,,588342.61
2026-05-31 00:00:00,2625846.09,,590893.34
2026-05-31 01:00:00,2625629.56,,593548.46
2026-05-31 02:00:00,2621967.00,,593892.37
2026-05-31 03:00:00,2619494.97,,590167.09
2026-05-31 04:00:00,2620019.37,,591131.68
2026-05-31 05:00:00,2628228.75,,592559.37
2026-05-31 06:00:00,2600101.59,,589044.39
2026-05-31 07:00:00,2596756.94,,587015.05
2026-05-31 08:00:00,2588085.08,,583370.75
2026-05-31 09:00:00,2598399.28,,585016.21
2026-05-31 10:00:00,2588531.18,,581276.00
2026-05-31 11:00:00,2592995.57,,583792.89
2026-05-31 12:00:00,2592531.58,,583312.04
2026-05-31 13:00:00,2598299.27,,581937.83
2026-05-31 14:00:00,2602602.21,,579999.01
2026-05-31 15:00:00,2563755.17,,569054.42
2026-05-31 16:00:00,2576352.75,,568646.35
2026-05-31 17:00:00,2565724.10,,566908.88
2026-05-31 18:00:00,2583906.06,,572551.50
2026-05-31 19:00:00,2590822.98,,571154.46
2026-05-31 20:00:00,2605171.37,,570680.95
2026-05-31 21:00:00,2623276.84,,575281.45
2026-05-31 22:00:00,2638606.01,,579395.30
2026-05-31 23:00:00,2649132.70,,582186.33
2026-06-01 00:00:00,2725178.04,,617890.96
2026-06-01 01:00:00,2754055.43,,636807.12
2026-06-01 02:00:00,2727558.43,,624203.31
2026-06-01 03:00:00,2827528.43,,623527.78
2026-06-01 04:00:00,2895585.84,,628836.62
2026-06-01 05:00:00,2857556.52,,616979.41
2026-06-01 06:00:00,2839696.55,,603178.30
2026-06-01 07:00:00,2801631.74,,600045.92
2026-06-01 08:00:00,2878839.44,,584398.37
2026-06-01 09:00:00,2905962.46,,598706.35
2026-06-01 10:00:00,2857416.77,,601617.39
2026-06-01 11:00:00,2887639.22,,602627.34
2026-06-01 12:00:00,2826899.73,,592550.24
2026-06-01 13:00:00,2801515.06,,588113.08
2026-06-01 14:00:00,2755911.10,,579379.85
2026-06-01 15:00:00,2736861.99,,578321.01
2026-06-01 16:00:00,2758105.01,,574949.82
2026-06-01 17:00:00,2807102.68,,579411.71
2026-06-01 18:00:00,2838911.44,,587608.19
2026-06-01 19:00:00,2808841.31,,585506.58
2026-06-01 20:00:00,2821608.18,,590991.07
2026-06-01 21:00:00,2807590.71,,588957.79
2026-06-01 22:00:00,2798538.51,,584412.61
2026-06-01 23:00:00,2820756.85,,586155.38
2026-06-02 00:00:00,2843461.33,,587106.80
2026-06-02 01:00:00,2817016.22,,580937.09
2026-06-02 02:00:00,2789100.12,,569226.27
2026-06-02 03:00:00,2788371.44,,570519.27
2026-06-02 04:00:00,2813667.85,,575521.93
2026-06-02 05:00:00,2773808.34,,566210.78
2026-06-02 06:00:00,2766542.93,,561381.62
2026-06-02 07:00:00,2762209.07,,557703.25
2026-06-02 08:00:00,2758788.48,,555938.88
2026-06-02 09:00:00,2774228.62,,552255.96
2026-06-02 10:00:00,2737009.96,,558408.63
2026-06-02 11:00:00,2779597.74,,564881.61
2026-06-02 12:00:00,2779090.33,,563886.39
2026-06-02 13:00:00,2790660.34,,562308.88
2026-06-02 14:00:00,2786469.66,,558564.18
2026-06-02 15:00:00,2687414.76,,542372.01
2026-06-02 16:00:00,2647425.41,,536285.28
2026-06-02 17:00:00,2655048.23,,546463.18
2026-06-02 18:00:00,2676400.87,,551926.92
2026-06-02 19:00:00,2666817.37,,545853.01
2026-06-02 20:00:00,2648205.32,,546342.99
2026-06-02 21:00:00,2670622.10,,549078.36
2026-06-02 22:00:00,2664050.10,,550318.17
2026-06-02 23:00:00,2623175.26,,538014.39
2026-06-03 00:00:00,2622975.06,,547094.70
2026-06-03 01:00:00,2606272.34,,549794.86
2026-06-03 02:00:00,2626130.32,,557393.38
2026-06-03 03:00:00,2620914.51,,558147.12
2026-06-03 04:00:00,2558687.77,,543914.93
2026-06-03 05:00:00,2623170.89,,561777.99
2026-06-03 06:00:00,2680827.52,,579491.83
2026-06-03 07:00:00,2708063.81,,578559.13
2026-06-03 08:00:00,2704951.61,,571979.65
2026-06-03 09:00:00,2684574.52,,566592.12
2026-06-03 10:00:00,2660870.87,,563727.72
2026-06-03 11:00:00,2692636.46,,574963.60
2026-06-03 12:00:00,2692717.18,,572833.08
2026-06-03 13:00:00,2722859.49,,577330.60
2026-06-03 14:00:00,2776395.33,,590259.60
2026-06-03 15:00:00,2782278.66,,577756.66
2026-06-03 16:00:00,2732992.25,,564463.86
2026-06-03 17:00:00,2711964.71,,554491.39
2026-06-03 18:00:00,2752141.79,,563296.31
2026-06-03 19:00:00,2758705.76,,558514.20
2026-06-03 20:00:00,2716131.66,,545741.67
2026-06-03 21:00:00,2664390.80,,536325.35
2026-06-03 22:00:00,2775303.29,,562548.38
2026-06-03 23:00:00,2769558.64,,552138.58
2026-06-04 00:00:00,2746752.20,,545460.02
2026-06-04 01:00:00,2718507.37,,536400.39
2026-06-04 02:00:00,2556501.00,,515455.06
2026-06-04 03:00:00,2542602.33,,531974.90
2026-06-04 04:00:00,2568964.37,,546924.91
2026-06-04 05:00:00,2482154.76,,540184.86
2026-06-04 06:00:00,2435545.88,,532957.29
2026-06-04 07:00:00,2421705.96,,534237.30
2026-06-04 08:00:00,2375614.29,,521739.30
2026-06-04 09:00:00,2377287.74,,518673.83
2026-06-04 10:00:00,2279125.58,,499323.48
2026-06-04 11:00:00,2222353.97,,503422.79
2026-06-04 12:00:00,2235884.81,,504950.42
2026-06-04 13:00:00,2310442.71,,525335.51
2026-06-04 14:00:00,2345083.25,,527415.24
2026-06-04 15:00:00,2340976.26,,524024.29
2026-06-04 16:00:00,2372413.29,,528028.50
2026-06-04 17:00:00,2357059.97,,524911.74
2026-06-04 18:00:00,2382992.77,,529601.56
2026-06-04 19:00:00,2395304.65,,538150.41
2026-06-04 20:00:00,2395213.93,,537060.96
2026-06-04 21:00:00,2380748.44,,533952.31
2026-06-04 22:00:00,2365856.60,,521261.51
2026-06-04 23:00:00,2389514.00,,519374.17
2026-06-05 00:00:00,2419492.12,,528233.04
2026-06-05 01:00:00,2397615.82,,519973.83
2026-06-05 02:00:00,2415636.02,,527163.37
2026-06-05 03:00:00,2345484.38,,507139.71
2026-06-05 04:00:00,2352513.62,,506465.20
2026-06-05 05:00:00,2376151.38,,519068.24
2026-06-05 06:00:00,2308556.98,,496741.62
2026-06-05 07:00:00,2229368.93,,473936.30
2026-06-05 08:00:00,2244083.99,,480459.97
2026-06-05 09:00:00,2215233.98,,484968.30
2026-06-05 10:00:00,2292444.60,,495555.74
2026-06-05 11:00:00,2291764.98,,492265.45
2026-06-05 12:00:00,2293487.07,,478175.06
2026-06-05 13:00:00,2306794.04,,472606.27
2026-06-05 14:00:00,2272330.70,,474728.64
2026-06-05 15:00:00,2360324.72,,477652.32
2026-06-05 16:00:00,2311629.28,,464081.22
2026-06-05 17:00:00,2405598.17,,481919.38
2026-06-05 18:00:00,2365317.72,,469993.63
2026-06-05 19:00:00,2237276.71,,447709.76
2026-06-05 20:00:00,2255835.77,,465130.15
2026-06-05 21:00:00,2290695.26,,478839.12
2026-06-05 22:00:00,2319162.18,,482348.13
2026-06-05 23:00:00,2300205.65,,475556.05
2026-06-06 00:00:00,2290468.73,,473234.68
2026-06-06 01:00:00,2292591.81,,474409.52
2026-06-06 02:00:00,2277105.05,,472247.08
2026-06-06 03:00:00,2260494.85,,466898.29
2026-06-06 04:00:00,2265515.00,,465709.44
2026-06-06 05:00:00,2157684.03,,446332.54
2026-06-06 06:00:00,2212016.73,,463635.58
2026-06-06 07:00:00,2213457.75,,466624.44
2026-06-06 08:00:00,2243406.81,,479501.89
2026-06-06 09:00:00,2265903.12,,482358.71
2026-06-06 10:00:00,2248636.11,,473120.57
2026-06-06 11:00:00,2249894.18,,468066.02
2026-06-06 12:00:00,2252716.93,,476144.56
2026-06-06 13:00:00,2268296.92,,477669.56
2026-06-06 14:00:00,2263535.81,,479057.11
2026-06-06 15:00:00,2269564.46,,480985.35
2026-06-06 16:00:00,2211958.98,,479710.09
2026-06-06 17:00:00,2211961.24,,478472.28
2026-06-06 18:00:00,2193628.47,,471620.16
2026-06-06 19:00:00,2205505.89,,471431.24
2026-06-06 20:00:00,2193915.62,,467190.36
2026-06-06 21:00:00,2209327.26,,470552.64
2026-06-06 22:00:00,2206929.56,,472889.37
2026-06-06 23:00:00,2198613.16,,470455.15
2026-06-07 00:00:00,2222136.75,,474359.71
2026-06-07 01:00:00,2205560.97,,471023.26
2026-06-07 02:00:00,2245991.16,,476704.64
2026-06-07 03:00:00,2232428.49,,473310.73
2026-06-07 04:00:00,2249665.05,,468790.16
2026-06-07 05:00:00,2256898.54,,471692.19
2026-06-07 06:00:00,2241724.30,,472201.41
2026-06-07 07:00:00,2218398.54,,473128.79
2026-06-07 08:00:00,2227328.74,,472852.37
2026-06-07 09:00:00,2254113.22,,479067.37
2026-06-07 10:00:00,2235495.70,,478679.47
2026-06-07 11:00:00,2205380.47,,469079.14
2026-06-07 12:00:00,2196395.62,,459030.37
2026-06-07 13:00:00,2151042.29,,458141.09
2026-06-07 14:00:00,2144876.98,,459120.25
2026-06-07 15:00:00,2166390.55,,461708.05
2026-06-07 16:00:00,2171327.58,,461007.47
2026-06-07 17:00:00,2177758.99,,462458.55
2026-06-07 18:00:00,2176757.91,,459549.36
2026-06-07 19:00:00,2139274.39,,451086.13
2026-06-07 20:00:00,2076301.10,,443350.35
2026-06-07 21:00:00,2088219.58,,447714.45
2026-06-07 22:00:00,2077548.56,,440401.16
2026-06-07 23:00:00,2159559.71,,455479.47
2026-06-08 00:00:00,2145555.70,,457518.20
2026-06-08 01:00:00,2155897.02,,461848.98
2026-06-08 02:00:00,2135470.80,,456458.49
2026-06-08 03:00:00,2115311.60,,454974.46
2026-06-08 04:00:00,2118994.66,,454291.43
2026-06-08 05:00:00,2087181.75,,450537.15
2026-06-08 06:00:00,2064550.21,,450189.98
2026-06-08 07:00:00,2074045.34,,447626.21
2026-06-08 08:00:00,2075630.62,,448059.73
2026-06-08 09:00:00,2065863.84,,442531.60
2026-06-08 10:00:00,2095260.99,,445342.09
2026-06-08 11:00:00,2090862.54,,451993.86
2026-06-08 12:00:00,2113191.82,,465468.61
2026-06-08 13:00:00,2112521.47,,466513.12
2026-06-08 14:00:00,2114260.16,,467110.25
2026-06-08 15:00:00,2121826.78,,466682.39
2026-06-08 16:00:00,2121752.27,,463693.37
2026-06-08 17:00:00,2138853.63,,462202.46
2026-06-08 18:00:00,2157776.36,,465360.38
2026-06-08 19:00:00,2158903.11,,466180.46
2026-06-08 20:00:00,2150630.02,,463952.77
2026-06-08 21:00:00,2159014.18,,469299.06
2026-06-08 22:00:00,2155458.88,,475057.36
2026-06-08 23:00:00,2141693.11,,473095.58
2026-06-09 00:00:00,2111629.81,,466268.60
2026-06-09 01:00:00,2081865.05,,445929.68
2026-06-09 02:00:00,2089409.05,,455520.66
2026-06-09 03:00:00,2070835.19,,464754.76
2026-06-09 04:00:00,2074380.97,,470183.25
2026-06-09 05:00:00,2093935.17,,476047.61
2026-06-09 06:00:00,2097012.38,,475808.04
2026-06-09 07:00:00,2087351.63,,475163.90
2026-06-09 08:00:00,2088513.73,,471591.31
2026-06-09 09:00:00,2072965.39,,470389.40
2026-06-09 10:00:00,2065300.00,,464660.25
2026-06-09 11:00:00,2070458.62,,479603.70
2026-06-09 12:00:00,2066152.51,,480095.22
2026-06-09 13:00:00,2058074.25,,480135.93
2026-06-09 14:00:00,2064713.05,,478503.16
2026-06-09 15:00:00,2052947.17,,472211.63
2026-06-09 16:00:00,2042183.36,,468044.11
2026-06-09 17:00:00,2033199.08,,461719.51
2026-06-09 18:00:00,2018834.00,,464656.57
2026-06-09 19:00:00,2037448.25,,467447.26
2026-06-09 20:00:00,2047616.17,,474307.78
2026-06-09 21:00:00,2047940.71,,473386.90
2026-06-09 22:00:00,2006795.93,,459153.40
2026-06-09 23:00:00,2003226.85,,455382.97
2026-06-10 00:00:00,1999457.02,,453288.94
2026-06-10 01:00:00,2015639.97,,457901.45
2026-06-10 02:00:00,2019421.56,,455146.02
2026-06-10 03:00:00,2033305.36,,457992.06
2026-06-10 04:00:00,2029798.75,,462338.31
2026-06-10 05:00:00,2025199.05,,482518.86
2026-06-10 06:00:00,2000646.74,,473457.58
2026-06-10 07:00:00,1998652.68,,469101.66
2026-06-10 08:00:00,1987021.77,,463920.90
2026-06-10 09:00:00,1975390.64,,454545.66
2026-06-10 10:00:00,1983672.74,,460547.33
2026-06-10 11:00:00,1976783.92,,456089.89
2026-06-10 12:00:00,1970198.09,,444469.42
2026-06-10 13:00:00,2005779.55,,456874.78
2026-06-10 14:00:00,2039162.78,,454773.13
2026-06-10 15:00:00,2037760.75,,456311.87
2026-06-10 16:00:00,2050199.06,,452989.59
2026-06-10 17:00:00,2042767.99,,451755.40
2026-06-10 18:00:00,2049243.36,,452072.90
2026-06-10 19:00:00,2042441.53,,451524.18
2026-06-10 20:00:00,2029966.19,,447896.32
2026-06-10 21:00:00,2011970.91,,446068.33
2026-06-10 22:00:00,1980026.47,,446645.53
2026-06-10 23:00:00,1995503.28,,453717.71
2026-06-11 00:00:00,2026040.64,,459159.12
2026-06-11 01:00:00,2039599.32,,463407.47
2026-06-11 02:00:00,2069631.82,,463950.54
2026-06-11 03:00:00,2106132.84,,478344.12
2026-06-11 04:00:00,2173797.14,,509074.25
2026-06-11 05:00:00,2166410.39,,507571.76
2026-06-11 06:00:00,2133297.78,,498013.02
2026-06-11 07:00:00,2140043.62,,498343.85
2026-06-11 08:00:00,2154787.62,,497875.09
2026-06-11 09:00:00,2165078.54,,495078.65
2026-06-11 10:00:00,2155947.76,,493140.39
2026-06-11 11:00:00,2141057.77,,488848.83
2026-06-11 12:00:00,2129594.48,,492318.42
2026-06-11 13:00:00,2145954.92,,485009.39
2026-06-11 14:00:00,2152118.48,,489279.49
2026-06-11 15:00:00,2139923.23,,487171.45
2026-06-11 16:00:00,2144182.51,,486755.86
2026-06-11 17:00:00,2131459.43,,481260.99
2026-06-11 18:00:00,2185554.58,,486698.99
2026-06-11 19:00:00,2139586.56,,479929.91
2026-06-11 20:00:00,2133166.86,,479231.57
2026-06-11 21:00:00,2124833.72,,478250.15
2026-06-11 22:00:00,2117380.27,,476962.88
2026-06-11 23:00:00,2100999.06,,474159.16
2026-06-12 00:00:00,2100592.54,,471788.90
2026-06-12 01:00:00,2101041.47,,470452.53
2026-06-12 02:00:00,2102175.57,,467371.99
2026-06-12 03:00:00,2118306.87,,468919.57
2026-06-12 04:00:00,2108717.76,,470819.13
2026-06-12 05:00:00,2102004.52,,468017.27
2026-06-12 06:00:00,2083912.93,,457927.44
2026-06-12 07:00:00,2059389.07,,452614.01
2026-06-12 08:00:00,2068061.58,,452741.40
2026-06-12 09:00:00,2067432.90,,450889.08
2026-06-12 10:00:00,2088300.00,,450171.04
2026-06-12 11:00:00,2111098.93,,456033.74
2026-06-12 12:00:00,2108633.96,,454597.60
2026-06-12 13:00:00,2102498.72,,452864.95
2026-06-12 14:00:00,2081315.78,,444336.30
2026-06-12 15:00:00,2109483.68,,451711.27
2026-06-12 16:00:00,2087120.49,,447937.78
2026-06-12 17:00:00,2075822.09,,449003.76
2026-06-12 18:00:00,2060523.80,,446961.53
2026-06-12 19:00:00,2045175.49,,459868.49
2026-06-12 20:00:00,2046364.29,,463201.43
2026-06-12 21:00:00,2048137.74,,461377.55
2026-06-12 22:00:00,2028697.55,,455828.77
2026-06-12 23:00:00,2034845.25,,458440.15
2026-06-13 00:00:00,2039853.46,,458389.22
2026-06-13 01:00:00,2038031.24,,463796.94
2026-06-13 02:00:00,2056452.35,,466438.13
2026-06-13 03:00:00,2043217.64,,466448.84
2026-06-13 04:00:00,2026502.92,,464548.27
2026-06-13 05:00:00,2026805.22,,462004.90
2026-06-13 06:00:00,2030330.58,,461953.85
2026-06-13 07:00:00,2050908.50,,466099.10
2026-06-13 08:00:00,2081288.37,,468407.96
2026-06-13 09:00:00,2080583.69,,465210.77
2026-06-13 10:00:00,2080010.08,,464134.77
2026-06-13 11:00:00,2066357.48,,461514.05
2026-06-13 12:00:00,2082401.32,,459166.23
2026-06-13 13:00:00,2143045.15,,466787.13
2026-06-13 14:00:00,2136181.89,,462768.51
2026-06-13 15:00:00,2147308.94,,464967.14
2026-06-13 16:00:00,2144351.07,,467648.69
2026-06-13 17:00:00,2171221.71,,467783.68
2026-06-13 18:00:00,2178761.71,,473764.88
2026-06-13 19:00:00,2180081.96,,466978.40
2026-06-13 20:00:00,2178213.65,,468471.38
2026-06-13 21:00:00,2181887.95,,478799.69
2026-06-13 22:00:00,2210093.03,,485653.64
2026-06-13 23:00:00,2188682.94,,484098.57
2026-06-14 00:00:00,2186160.17,,487993.82
2026-06-14 01:00:00,2175284.14,,488573.72
2026-06-14 02:00:00,2188377.29,,490603.39
2026-06-14 03:00:00,2182755.73,,490356.61
2026-06-14 04:00:00,2191378.89,,490177.06
2026-06-14 05:00:00,2169867.33,,489452.66
2026-06-14 06:00:00,2185771.72,,494484.67
2026-06-14 07:00:00,2172005.65,,518649.39
2026-06-14 08:00:00,2170271.75,,504799.98
2026-06-14 09:00:00,2180241.76,,505491.14
2026-06-14 10:00:00,2192577.66,,503668.86
2026-06-14 11:00:00,2174365.51,,497174.12
2026-06-14 12:00:00,2182350.31,,497103.14
2026-06-14 13:00:00,2134063.38,,491627.85
2026-06-14 14:00:00,2135979.52,,493031.49
2026-06-14 15:00:00,2111526.22,,486067.39
2026-06-14 16:00:00,2107711.53,,488049.55
2026-06-14 17:00:00,2138624.87,,487175.78
2026-06-14 18:00:00,2133207.46,,484005.49
2026-06-14 19:00:00,2134430.61,,482599.53
2026-06-14 20:00:00,2149459.49,,478308.12
2026-06-14 21:00:00,2158938.56,,481333.17
2026-06-14 22:00:00,2217389.40,,499220.33
2026-06-14 23:00:00,2226583.16,,505534.47
2026-06-15 00:00:00,2228615.00,,509335.74
2026-06-15 01:00:00,2227904.51,,506087.87
2026-06-15 02:00:00,2232891.07,,500721.76
2026-06-15 03:00:00,2247576.85,,503569.56
2026-06-15 04:00:00,2240047.58,,500041.07
2026-06-15 05:00:00,2214960.52,,496653.55
2026-06-15 06:00:00,2233948.64,,507555.22
2026-06-15 07:00:00,2222305.57,,501641.48
2026-06-15 08:00:00,2200069.45,,495006.52
2026-06-15 09:00:00,2193285.30,,500516.18
2026-06-15 10:00:00,2183122.76,,512954.38
2026-06-15 11:00:00,2191730.95,,515988.74
2026-06-15 12:00:00,2285197.97,,505871.08
2026-06-15 13:00:00,2270327.61,,511976.59
2026-06-15 14:00:00,2258743.95,,504670.80
2026-06-15 15:00:00,2214961.62,,506867.29
2026-06-15 16:00:00,2242671.70,,509696.62
2026-06-15 17:00:00,2214417.96,,504849.85
2026-06-15 18:00:00,2209029.38,,521905.52
2026-06-15 19:00:00,2183760.53,,519678.80
2026-06-15 20:00:00,2158974.16,,521664.17
2026-06-15 21:00:00,2151903.95,,522080.97
2026-06-15 22:00:00,2153456.40,,521556.57
2026-06-15 23:00:00,2122622.48,,514712.45
2026-06-16 00:00:00,2134975.17,,519266.04
2026-06-16 01:00:00,2120156.01,,518106.26
2026-06-16 02:00:00,2129571.35,,516511.10
2026-06-16 03:00:00,2140334.79,,517879.95
2026-06-16 04:00:00,2164287.19,,526638.64
2026-06-16 05:00:00,2169788.22,,522118.47
2026-06-16 06:00:00,2185830.38,,525348.87
2026-06-16 07:00:00,2196564.85,,527697.18
2026-06-16 08:00:00,2196970.05,,526367.10
2026-06-16 09:00:00,2212957.90,,540316.98
2026-06-16 10:00:00,2184579.79,,521086.78
2026-06-16 11:00:00,2191693.81,,519435.24
2026-06-16 12:00:00,2192964.04,,515088.78
2026-06-16 13:00:00,2220470.70,,513809.45
2026-06-16 14:00:00,2181879.21,,505141.97
2026-06-16 15:00:00,2145445.01,,493832.76
2026-06-16 16:00:00,2157493.15,,495689.85
2026-06-16 17:00:00,2165594.28,,495506.94
2026-06-16 18:00:00,2188008.78,,499628.90
2026-06-16 19:00:00,2165299.03,,497194.41
2026-06-16 20:00:00,2148367.36,,493968.77
2026-06-16 21:00:00,2160980.24,,497272.52
2026-06-16 22:00:00,2156704.55,,494107.09
2026-06-16 23:00:00,2155851.00,,492700.11
2026-06-17 00:00:00,2162608.94,,489965.74
2026-06-17 01:00:00,2187795.49,,485572.39
2026-06-17 02:00:00,2206640.65,,486694.76
2026-06-17 03:00:00,2200130.54,,480535.96
2026-06-17 04:00:00,2187762.07,,475302.98
2026-06-17 05:00:00,2194681.52,,474797.75
2026-06-17 06:00:00,2201691.89,,475195.24
2026-06-17 07:00:00,2196777.68,,473592.44
2026-06-17 08:00:00,2201834.57,,474769.35
2026-06-17 09:00:00,2169469.93,,472330.17
2026-06-17 10:00:00,2177675.45,,481407.41
2026-06-17 11:00:00,2167353.20,,480847.09
2026-06-17 12:00:00,2176563.47,,484779.27
2026-06-17 13:00:00,2199739.74,,489496.89
2026-06-17 14:00:00,2189078.74,,485853.23
2026-06-17 15:00:00,2187139.02,,486866.66
2026-06-17 16:00:00,2236480.32,,491862.46
2026-06-17 17:00:00,2225801.88,,482535.74
2026-06-17 18:00:00,2234513.87,,482138.35
2026-06-17 19:00:00,2232850.71,,477836.39
2026-06-17 20:00:00,2150932.51,,471548.38
2026-06-17 21:00:00,2178377.06,,480614.50
2026-06-17 22:00:00,2152802.68,,472671.24
2026-06-17 23:00:00,2154716.98,,470125.08
2026-06-18 00:00:00,2159043.02,,474361.86
2026-06-18 01:00:00,2183573.77,,469589.61
2026-06-18 02:00:00,2176758.57,,469347.39
2026-06-18 03:00:00,2181100.85,,459997.96
2026-06-18 04:00:00,2157042.05,,456155.57
2026-06-18 05:00:00,2128160.13,,457381.79
2026-06-18 06:00:00,2132205.37,,463371.30
2026-06-18 07:00:00,2132765.11,,468163.88
2026-06-18 08:00:00,2140221.92,,470117.55
2026-06-18 09:00:00,2150888.65,,468212.08
2026-06-18 10:00:00,2136023.42,,466114.27
2026-06-18 11:00:00,2116160.58,,464870.33
2026-06-18 12:00:00,2089105.97,,443171.51
2026-06-18 13:00:00,2106568.77,,446402.44
2026-06-18 14:00:00,2093174.31,,444262.20
2026-06-18 15:00:00,2084247.97,,442616.22
2026-06-18 16:00:00,1923415.06,,401675.85
2026-06-18 17:00:00,1957350.47,,414091.32
2026-06-18 18:00:00,1956218.56,,413949.66
2026-06-18 19:00:00,1951748.34,,413265.70
2026-06-18 20:00:00,1948254.68,,415835.75
2026-06-18 21:00:00,1947175.53,,419941.76
2026-06-18 22:00:00,1938851.73,,420671.15
2026-06-18 23:00:00,1953317.34,,421149.60
2026-06-19 00:00:00,1956701.13,,422506.63
2026-06-19 01:00:00,1977135.62,,421734.90
2026-06-19 02:00:00,1972495.85,,421782.80
2026-06-19 03:00:00,1956710.74,,417502.19
2026-06-19 04:00:00,1933300.00,,412403.79
2026-06-19 05:00:00,1913828.51,,407052.67
2026-06-19 06:00:00,1919275.34,,415250.68
2026-06-19 07:00:00,1915965.50,,409361.28
2026-06-19 08:00:00,1906080.23,,408332.60
2026-06-19 09:00:00,1924427.34,,410016.30
2026-06-19 10:00:00,1944115.30,,402447.27
2026-06-19 11:00:00,1948784.99,,406510.23
2026-06-19 12:00:00,1948620.31,,407727.21
2026-06-19 13:00:00,1958164.22,,407542.58
2026-06-19 14:00:00,1960726.72,,409852.12
2026-06-19 15:00:00,1939436.09,,407612.81
2026-06-19 16:00:00,1952619.30,,408894.57
2026-06-19 17:00:00,1940848.82,,407150.57
2026-06-19 18:00:00,1957785.81,,409922.20
2026-06-19 19:00:00,1947299.64,,407502.34
2026-06-19 20:00:00,1942886.16,,404418.82
2026-06-19 21:00:00,1950588.76,,407291.53
2026-06-19 22:00:00,1930737.37,,402197.95
2026-06-19 23:00:00,1926917.74,,401622.41
2026-06-20 00:00:00,1936744.95,,405803.67
2026-06-20 01:00:00,1924261.36,,403491.93
2026-06-20 02:00:00,1923085.28,,399426.32
2026-06-20 03:00:00,1916506.76,,398256.34
2026-06-20 04:00:00,1927011.04,,409427.80
2026-06-20 05:00:00,1930128.06,,410815.38
2026-06-20 06:00:00,1921285.85,,412014.53
2026-06-20 07:00:00,1932530.25,,413691.23
2026-06-20 08:00:00,1916064.44,,409067.90
2026-06-20 09:00:00,1915245.17,,409409.03
2026-06-20 10:00:00,1914147.01,,434293.56
2026-06-20 11:00:00,1902204.75,,424047.49
2026-06-20 12:00:00,1943890.89,,423278.94
2026-06-20 13:00:00,1941874.92,,422347.21
2026-06-20 14:00:00,1951908.85,,414969.53
2026-06-20 15:00:00,1983321.24,,422350.55
2026-06-20 16:00:00,1986897.58,,457496.22
2026-06-20 17:00:00,2025482.25,,461518.93
2026-06-20 18:00:00,2005719.47,,460415.57
2026-06-20 19:00:00,2010001.38,,463208.81
2026-06-20 20:00:00,2206319.18,,475781.49
2026-06-20 21:00:00,2072279.33,,485947.03
2026-06-20 22:00:00,2075980.08,,481583.67
2026-06-20 23:00:00,2069587.51,,481508.10
2026-06-21 00:00:00,2059231.65,,475967.53
2026-06-21 01:00:00,2086094.28,,469348.50
2026-06-21 02:00:00,2173661.80,,487809.29
2026-06-21 03:00:00,2071578.85,,474387.83
2026-06-21 04:00:00,2089731.64,,475805.63
2026-06-21 05:00:00,2049705.57,,454827.69
2026-06-21 06:00:00,2021674.04,,455095.46
2026-06-21 07:00:00,2023109.48,,453328.31
2026-06-21 08:00:00,2068331.42,,452640.60
2026-06-21 09:00:00,2042861.36,,451706.20
2026-06-21 10:00:00,2042207.02,,453444.59
2026-06-21 11:00:00,2038207.39,,452194.79
2026-06-21 12:00:00,2025668.84,,453126.18
2026-06-21 13:00:00,2069779.83,,454423.57
2026-06-21 14:00:00,2089154.01,,452521.17
2026-06-21 15:00:00,2113409.02,,453841.79
2026-06-21 16:00:00,2125010.35,,452372.60
2026-06-21 17:00:00,2070802.06,,444431.65
2026-06-21 18:00:00,2060470.59,,444965.21
2026-06-21 19:00:00,2060451.48,,444650.81
2026-06-21 20:00:00,2064115.33,,438356.48
2026-06-21 21:00:00,2026843.63,,436209.12
2026-06-21 22:00:00,2018600.09,,431640.49
2026-06-21 23:00:00,2032288.26,,432429.35
2026-06-22 00:00:00,1975118.90,,429474.20
2026-06-22 01:00:00,2000641.83,,441746.72
2026-06-22 02:00:00,2007286.88,,446654.31
2026-06-22 03:00:00,1992883.69,,440232.04
2026-06-22 04:00:00,1990589.77,,444955.77
2026-06-22 05:00:00,2001021.81,,448093.79
2026-06-22 06:00:00,1995005.61,,446461.51
2026-06-22 07:00:00,2016841.67,,448013.86
2026-06-22 08:00:00,2031558.45,,452546.69
2026-06-22 09:00:00,2017302.28,,453498.78
2026-06-22 10:00:00,2017087.90,,456033.61
2026-06-22 11:00:00,2008800.67,,451691.67
2026-06-22 12:00:00,2026791.73,,459406.84
2026-06-22 13:00:00,2029621.61,,455911.60
2026-06-22 14:00:00,2034602.56,,456603.43
2026-06-22 15:00:00,1996654.03,,445906.50
2026-06-22 16:00:00,1984011.49,,442604.19
2026-06-22 17:00:00,1982910.67,,444163.66
2026-06-22 18:00:00,2007016.10,,440357.76
2026-06-22 19:00:00,1998239.08,,434085.61
2026-06-22 20:00:00,1997047.66,,434654.49
2026-06-22 21:00:00,1992950.38,,433591.36
2026-06-22 22:00:00,1976696.24,,432101.43
2026-06-22 23:00:00,1949827.73,,430847.17
2026-06-23 00:00:00,1934018.90,,432538.50
2026-06-23 01:00:00,1985666.96,,434937.36
2026-06-23 02:00:00,1943721.08,,435630.86
2026-06-23 03:00:00,1963982.86,,448491.19
2026-06-23 04:00:00,1963947.34,,447948.80
2026-06-23 05:00:00,1934129.63,,444220.95
2026-06-23 06:00:00,1946554.21,,449362.05
2026-06-23 07:00:00,1895553.83,,433983.98
2026-06-23 08:00:00,1899855.97,,426108.55
2026-06-23 09:00:00,1868177.60,,408142.24
2026-06-23 10:00:00,1869532.64,,414074.23
2026-06-23 11:00:00,1864941.82,,413900.71
2026-06-23 12:00:00,1877137.27,,418252.15
2026-06-23 13:00:00,1865311.62,,415778.76
2026-06-23 14:00:00,1881291.39,,413042.62
2026-06-23 15:00:00,1857065.01,,426944.95
2026-06-23 16:00:00,1866812.24,,418711.33
2026-06-23 17:00:00,1851432.34,,420955.59
2026-06-23 18:00:00,1839947.52,,414775.90
2026-06-23 19:00:00,1825827.69,,414011.83
2026-06-23 20:00:00,1831087.25,,411766.07
2026-06-23 21:00:00,1833503.66,,413465.57
2026-06-23 22:00:00,1844079.86,,415705.60
2026-06-23 23:00:00,1849554.49,,414964.03
2026-06-24 00:00:00,1842707.44,,413136.49
2026-06-24 01:00:00,1844992.86,,414612.09
2026-06-24 02:00:00,1907679.76,,419507.30
2026-06-24 03:00:00,1878973.51,,417393.41
2026-06-24 04:00:00,1864308.99,,414965.99
2026-06-24 05:00:00,1859925.88,,417954.17
2026-06-24 06:00:00,1889755.96,,423007.22
2026-06-24 07:00:00,1867560.50,,417884.27
2026-06-24 08:00:00,1864920.95,,413590.17
2026-06-24 09:00:00,1879300.27,,413464.25
2026-06-24 10:00:00,1875077.66,,412875.02
2026-06-24 11:00:00,1866532.11,,408102.93
2026-06-24 12:00:00,1898223.02,,413062.16
2026-06-24 13:00:00,1886674.47,,424887.79
2026-06-24 14:00:00,1830754.07,,408118.78
2026-06-24 15:00:00,1860570.87,,396071.96
2026-06-24 16:00:00,1795244.59,,382305.96
2026-06-24 17:00:00,1749456.97,,377347.75
2026-06-24 18:00:00,1746497.08,,374565.21
2026-06-24 19:00:00,1771158.55,,371988.71
2026-06-24 20:00:00,1775740.23,,372731.24
2026-06-24 21:00:00,1807403.25,,384834.62
2026-06-24 22:00:00,1810416.17,,386549.51
2026-06-24 23:00:00,1786656.74,,384949.94
2026-06-25 00:00:00,1780205.33,,385921.46
2026-06-25 01:00:00,1771878.49,,385441.39
2026-06-25 02:00:00,1797191.13,,391123.96
2026-06-25 03:00:00,1791787.42,,388257.41
2026-06-25 04:00:00,1788383.09,,384634.89
2026-06-25 05:00:00,1828883.01,,397508.10
2026-06-25 06:00:00,1835326.75,,405720.89
2026-06-25 07:00:00,1800741.76,,410816.02
2026-06-25 08:00:00,1832190.74,,424453.35
2026-06-25 09:00:00,1820161.52,,405989.63
2026-06-25 10:00:00,1858438.78,,397638.63
2026-06-25 11:00:00,1896036.74,,402345.89
2026-06-25 12:00:00,1945226.98,,400261.22
2026-06-25 13:00:00,1967886.80,,402125.23
2026-06-25 14:00:00,1976079.01,,385287.69
2026-06-25 15:00:00,2029774.26,,386259.87
2026-06-25 16:00:00,2042255.16,,398587.81
2026-06-25 17:00:00,2008399.80,,424769.10
2026-06-25 18:00:00,2028513.67,,447628.84
2026-06-25 19:00:00,2012167.13,,412750.81
2026-06-25 20:00:00,2012872.30,,404060.77
2026-06-25 21:00:00,2057114.59,,434914.97
2026-06-25 22:00:00,2062355.49,,479275.13
2026-06-25 23:00:00,2051036.48,,472271.92
2026-06-26 00:00:00,2053013.58,,485725.62
2026-06-26 01:00:00,2059684.32,,464586.04
2026-06-26 02:00:00,2031838.86,,462496.50
2026-06-26 03:00:00,2017532.32,,404734.96
2026-06-26 04:00:00,2044168.49,,418956.35
2026-06-26 05:00:00,1994654.11,,430169.24
2026-06-26 06:00:00,2006511.05,,429591.97
2026-06-26 07:00:00,2048242.61,,430663.03
2026-06-26 08:00:00,2045611.79,,439720.24
2026-06-26 09:00:00,1996442.24,,427737.59
2026-06-26 10:00:00,1987140.51,,421730.14
2026-06-26 11:00:00,1973709.71,,412733.95
2026-06-26 12:00:00,1965945.44,,419469.21
2026-06-26 13:00:00,1957477.92,,416247.34
2026-06-26 14:00:00,1973239.34,,426612.53
2026-06-26 15:00:00,1916739.63,,412208.09
2026-06-26 16:00:00,1956450.37,,411848.33
2026-06-26 17:00:00,1949673.24,,411631.35
2026-06-26 18:00:00,1940060.39,,421425.32
2026-06-26 19:00:00,1922329.13,,418773.95
2026-06-26 20:00:00,1908677.08,,409879.42
2026-06-26 21:00:00,1894871.61,,416059.25
2026-06-26 22:00:00,1891639.53,,425935.17
2026-06-26 23:00:00,1874849.30,,424918.62
2026-06-27 00:00:00,1862770.43,,427927.03
2026-06-27 01:00:00,1871158.85,,424524.45
2026-06-27 02:00:00,1863919.20,,419210.90
2026-06-27 03:00:00,1876594.99,,427808.89
2026-06-27 04:00:00,1864399.10,,425869.32
2026-06-27 05:00:00,1851732.97,,424246.15
2026-06-27 06:00:00,1858313.82,,426920.72
2026-06-27 07:00:00,1840370.79,,423359.68
2026-06-27 08:00:00,1847789.53,,425699.85
2026-06-27 09:00:00,1849484.62,,417605.64
2026-06-27 10:00:00,1856483.88,,417500.09
2026-06-27 11:00:00,1854545.73,,415595.28
2026-06-27 12:00:00,1855320.76,,414908.01
2026-06-27 13:00:00,1833648.23,,414150.40
2026-06-27 14:00:00,1843050.25,,417092.68
2026-06-27 15:00:00,1837056.56,,424835.00
2026-06-27 16:00:00,1842057.10,,426648.94
2026-06-27 17:00:00,1840094.81,,425005.95
2026-06-27 18:00:00,1825328.30,,423521.83
2026-06-27 19:00:00,1821049.02,,422167.01
2026-06-27 20:00:00,1813890.29,,421133.77
2026-06-27 21:00:00,1814756.05,,420137.72
2026-06-27 22:00:00,1809256.99,,416939.98
2026-06-27 23:00:00,1821592.64,,418468.57
2026-06-28 00:00:00,1816738.95,,415140.40
2026-06-28 01:00:00,1824316.16,,415728.46
2026-06-28 02:00:00,1827055.37,,420242.23
2026-06-28 03:00:00,1818281.18,,417792.74
2026-06-28 04:00:00,1842407.64,,419547.17
2026-06-28 05:00:00,1842442.93,,417487.34
2026-06-28 06:00:00,1822918.17,,416268.59
2026-06-28 07:00:00,1837664.21,,418353.66
2026-06-28 08:00:00,1871504.38,,430136.10
2026-06-28 09:00:00,1855093.42,,424504.51
2026-06-28 10:00:00,1826824.17,,417768.21
2026-06-28 11:00:00,1826285.93,,420343.04
2026-06-28 12:00:00,1823923.04,,419357.13
2026-06-28 13:00:00,1852999.14,,467561.11
2026-06-28 14:00:00,1828453.50,,448633.59
2026-06-28 15:00:00,1818310.69,,449901.45
2026-06-28 16:00:00,1800742.38,,404999.42
2026-06-28 17:00:00,1782677.51,,398648.51
2026-06-28 18:00:00,1795462.42,,403324.88
2026-06-28 19:00:00,1780255.85,,399148.92
2026-06-28 20:00:00,1759949.98,,398104.85
2026-06-28 21:00:00,1752078.45,,398775.07
2026-06-28 22:00:00,1730386.14,,393013.04
2026-06-28 23:00:00,1721712.28,,393921.68
2026-06-29 00:00:00,1735206.06,,399598.31
2026-06-29 01:00:00,1743404.47,,399868.16
2026-06-29 02:00:00,1746616.36,,398361.71
2026-06-29 03:00:00,1770312.07,,398954.35
2026-06-29 04:00:00,1772877.15,,400475.37
2026-06-29 05:00:00,1750295.99,,398772.89
2026-06-29 06:00:00,1772356.42,,397825.83
2026-06-29 07:00:00,1916110.11,,403237.40
2026-06-29 08:00:00,1792230.75,,405165.53
2026-06-29 09:00:00,1790217.25,,406404.58
2026-06-29 10:00:00,1793777.12,,407503.14
2026-06-29 11:00:00,1793544.93,,409070.35
2026-06-29 12:00:00,1775966.33,,407089.75
2026-06-29 13:00:00,1754142.75,,407950.48
2026-06-29 14:00:00,1739897.82,,401207.30
2026-06-29 15:00:00,1735288.23,,400578.98
2026-06-29 16:00:00,1732467.09,,405948.26
2026-06-29 17:00:00,1721929.53,,406824.56
2026-06-29 18:00:00,1760415.86,,416034.66
2026-06-29 19:00:00,1750423.72,,413000.24
2026-06-29 20:00:00,1740914.83,,412704.50
2026-06-29 21:00:00,1739621.37,,409814.62
2026-06-29 22:00:00,1759236.99,,410919.74
2026-06-29 23:00:00,1724661.29,,407166.48
2026-06-30 00:00:00,1716065.31,,404011.34
2026-06-30 01:00:00,1708715.70,,399444.41
2026-06-30 02:00:00,1712992.06,,399315.16
2026-06-30 03:00:00,1709986.23,,399984.13
2026-06-30 04:00:00,1705986.88,,398590.89
2026-06-30 05:00:00,1709815.80,,398286.11
2026-06-30 06:00:00,1724762.59,,399055.42
2026-06-30 07:00:00,1723432.46,,397937.26
2026-06-30 08:00:00,1712040.28,,396705.64
2026-06-30 09:00:00,1690068.59,,394039.83
2026-06-30 10:00:00,1683459.12,,393931.62
2026-06-30 11:00:00,1697024.01,,393955.36
2026-06-30 12:00:00,1671978.27,,384774.49
2026-06-30 13:00:00,1650764.38,,395286.67
2026-06-30 14:00:00,1668118.23,,396967.38
2026-06-30 15:00:00,1655681.49,,393942.26
2026-06-30 16:00:00,1664285.24,,390282.73
2026-06-30 17:00:00,1670174.41,,390757.15
2026-06-30 18:00:00,1666240.57,,394242.10
2026-06-30 19:00:00,1670807.24,,403472.58
2026-06-30 20:00:00,1663761.27,,400295.24
2026-06-30 21:00:00,1668948.29,,401179.84
2026-06-30 22:00:00,1670288.50,,399973.38
2026-06-30 23:00:00,1677933.58,,400407.94
2026-07-01 00:00:00,1661276.65,,394898.68
2026-07-01 01:00:00,1635995.39,,394791.46
2026-07-01 02:00:00,1599170.74,,388441.75
2026-07-01 03:00:00,1620243.11,,397813.44
2026-07-01 04:00:00,1640956.67,,399179.26
2026-07-01 05:00:00,1677503.19,,418385.42
2026-07-01 06:00:00,1671067.76,,418116.54
2026-07-01 07:00:00,1669924.78,,405103.28
2026-07-01 08:00:00,1666357.96,,404210.30
2026-07-01 09:00:00,1675878.24,,397068.42
2026-07-01 10:00:00,1714968.20,,395456.08
2026-07-01 11:00:00,1760260.60,,392464.35
2026-07-01 12:00:00,1739406.76,,398811.10
2026-07-01 13:00:00,1711998.03,,395711.98
2026-07-01 14:00:00,1746370.07,,401543.08
2026-07-01 15:00:00,1768193.00,,408873.75
2026-07-01 16:00:00,1759168.28,,423226.17
2026-07-01 17:00:00,1759049.41,,419372.91
2026-07-01 18:00:00,1782962.83,,421436.11
2026-07-01 19:00:00,1754939.30,,413432.10
2026-07-01 20:00:00,1739086.56,,405810.93
2026-07-01 21:00:00,1748647.22,,404977.71
2026-07-01 22:00:00,1775297.91,,413439.87
2026-07-01 23:00:00,1756863.54,,406563.67
2026-07-02 00:00:00,1725653.37,,408875.10
2026-07-02 01:00:00,1719169.74,,400886.89
2026-07-02 02:00:00,1737379.51,,407486.45
2026-07-02 03:00:00,1735979.24,,408950.41
2026-07-02 04:00:00,1729969.50,,412861.01
2026-07-02 05:00:00,1720901.32,,412271.71
2026-07-02 06:00:00,1715905.19,,411595.06
2026-07-02 07:00:00,1694947.49,,396908.60
2026-07-02 08:00:00,1713231.52,,396619.55
2026-07-02 09:00:00,1731529.59,,395759.00
2026-07-02 10:00:00,1754849.23,,399363.90
2026-07-02 11:00:00,1742185.20,,398643.70
2026-07-02 12:00:00,1753406.20,,401708.99
2026-07-02 13:00:00,1748833.57,,400734.55
2026-07-02 14:00:00,1766330.56,,400505.31
2026-07-02 15:00:00,1739114.52,,391115.98
2026-07-02 16:00:00,1753565.96,,391850.71
2026-07-02 17:00:00,1768198.60,,392745.29
2026-07-02 18:00:00,1781973.64,,394769.74
2026-07-02 19:00:00,1769327.69,,394928.09
2026-07-02 20:00:00,1762362.56,,391089.36
2026-07-02 21:00:00,1764402.33,,391881.07
2026-07-02 22:00:00,1768388.42,,393158.52
2026-07-02 23:00:00,1773559.07,,391437.18
2026-07-03 00:00:00,1776193.30,,392329.04
2026-07-03 01:00:00,1759559.04,,394746.94
2026-07-03 02:00:00,1768300.52,,396248.38
2026-07-03 03:00:00,1750051.74,,395734.09
2026-07-03 04:00:00,1731069.81,,391710.28
2026-07-03 05:00:00,1738286.98,,394972.26
2026-07-03 06:00:00,1745821.21,,396581.23
2026-07-03 07:00:00,2060318.52,,434056.05
2026-07-03 08:00:00,1976820.76,,443280.74
2026-07-03 09:00:00,1977344.91,,441783.49
2026-07-03 10:00:00,1976415.66,,441947.77
2026-07-03 11:00:00,1986485.22,,442021.88
2026-07-03 12:00:00,2031699.83,,442910.59
2026-07-03 13:00:00,2026208.07,,440677.01
2026-07-03 14:00:00,2035159.32,,442371.71
2026-07-03 15:00:00,2123764.70,,449342.76
2026-07-03 16:00:00,2097737.12,,448040.23
2026-07-03 17:00:00,2066257.04,,445615.95
2026-07-03 18:00:00,2070406.59,,449386.10
2026-07-03 19:00:00,1988862.34,,438749.04
2026-07-03 20:00:00,1963946.25,,433801.93
2026-07-03 21:00:00,1974208.90,,427758.04
2026-07-03 22:00:00,1962382.50,,427254.67
2026-07-03 23:00:00,1934628.14,,422529.38
2026-07-04 00:00:00,1946281.33,,420632.82
2026-07-04 01:00:00,1921887.30,,414745.43
2026-07-04 02:00:00,1898106.45,,411819.60
2026-07-04 03:00:00,1904248.76,,412101.12
2026-07-04 04:00:00,1899219.81,,411533.28
2026-07-04 05:00:00,1901819.45,,410005.44
2026-07-04 06:00:00,1895322.49,,410173.78
2026-07-04 07:00:00,1888396.19,,408761.15
2026-07-04 08:00:00,1895047.29,,408757.91
2026-07-04 09:00:00,1896003.71,,404559.78
2026-07-04 10:00:00,1891625.47,,398167.28
2026-07-04 11:00:00,1895686.92,,400165.15
2026-07-04 12:00:00,1912545.26,,404720.13
2026-07-04 13:00:00,1914922.88,,406555.60
2026-07-04 14:00:00,1923795.35,,408064.64
2026-07-04 15:00:00,1911811.27,,412839.59
2026-07-04 16:00:00,1922103.05,,429477.99
2026-07-04 17:00:00,1920976.44,,431783.79
2026-07-04 18:00:00,1908726.75,,438584.83
2026-07-04 19:00:00,1876236.00,,440058.05
2026-07-04 20:00:00,1876593.26,,441248.08
2026-07-04 21:00:00,1861905.69,,441360.96
2026-07-04 22:00:00,1876387.24,,442438.29
2026-07-04 23:00:00,1865486.93,,441234.13
2026-07-05 00:00:00,1848568.19,,439406.93
2026-07-05 01:00:00,1895688.75,,434494.96
2026-07-05 02:00:00,1826152.91,,427532.43
2026-07-05 03:00:00,1818298.82,,422908.33
2026-07-05 04:00:00,1827982.99,,414746.76
2026-07-05 05:00:00,1837265.44,,421116.63
2026-07-05 06:00:00,1839056.10,,420178.08
2026-07-05 07:00:00,1836166.54,,418943.13
2026-07-05 08:00:00,1832889.28,,418653.14
2026-07-05 09:00:00,1831772.58,,418423.92
2026-07-05 10:00:00,1798283.95,,410657.06
2026-07-05 11:00:00,1800995.58,,414285.63
2026-07-05 12:00:00,1815737.48,,413752.34
2026-07-05 13:00:00,1821375.75,,416125.74
2026-07-05 14:00:00,1814769.77,,410496.48
2026-07-05 15:00:00,1855973.43,,405819.40
2026-07-05 16:00:00,1860025.30,,405740.16
2026-07-05 17:00:00,1860287.85,,403324.90
2026-07-05 18:00:00,1872471.20,,404505.13
2026-07-05 19:00:00,1877274.26,,405349.12
2026-07-05 20:00:00,1876672.76,,404261.54
2026-07-05 21:00:00,1907568.37,,406105.08
2026-07-05 22:00:00,1900127.79,,409924.25
2026-07-05 23:00:00,1887469.07,,410506.90
2026-07-06 00:00:00,1888422.02,,408546.08
2026-07-06 01:00:00,1887158.30,,408521.81
2026-07-06 02:00:00,1890150.00,,405700.21
2026-07-06 03:00:00,1865379.48,,403832.28
2026-07-06 04:00:00,1856211.62,,403355.49
2026-07-06 05:00:00,1844897.97,,401880.08
2026-07-06 06:00:00,1822360.95,,402894.15
2026-07-06 07:00:00,1994939.88,,403787.31
2026-07-06 08:00:00,2037505.29,,405530.26
2026-07-06 09:00:00,2061836.90,,412417.96
2026-07-06 10:00:00,2012101.99,,425729.48
2026-07-06 11:00:00,1985674.82,,437990.63
2026-07-06 12:00:00,2018755.23,,449072.02
2026-07-06 13:00:00,1940898.54,,439729.67
2026-07-06 14:00:00,2008803.97,,458782.54
2026-07-06 15:00:00,2034528.46,,461774.30
2026-07-06 16:00:00,2042690.63,,471001.60
2026-07-06 17:00:00,2008425.27,,473506.74
2026-07-06 18:00:00,1998304.55,,475328.79
2026-07-06 19:00:00,1937035.34,,475073.87
2026-07-06 20:00:00,1920700.41,,474655.76
2026-07-06 21:00:00,1911287.56,,472586.55
2026-07-06 22:00:00,1914970.59,,474009.11
2026-07-06 23:00:00,1881854.67,,467490.35
2026-07-07 00:00:00,1879317.13,,467633.07
2026-07-07 01:00:00,1852778.92,,471264.94
2026-07-07 02:00:00,1849626.45,,468608.49
2026-07-07 03:00:00,1823291.19,,460999.97
2026-07-07 04:00:00,1823841.99,,459385.25
2026-07-07 05:00:00,1828137.42,,449837.02
2026-07-07 06:00:00,1885851.26,,461638.65
2026-07-07 07:00:00,1917063.73,,459015.42
2026-07-07 08:00:00,1848707.53,,459214.37
2026-07-07 09:00:00,1856623.64,,459429.21
2026-07-07 10:00:00,1862757.12,,458777.81
2026-07-07 11:00:00,1860841.14,,456326.71
2026-07-07 12:00:00,1861964.54,,456372.25
2026-07-07 13:00:00,1913975.69,,467252.56
2026-07-07 14:00:00,1896596.84,,466244.35
2026-07-07 15:00:00,1877866.18,,460593.69
2026-07-07 16:00:00,1949317.78,,455850.60
2026-07-07 17:00:00,2009085.22,,449194.56
2026-07-07 18:00:00,1987190.31,,447970.35
2026-07-07 19:00:00,1883423.16,,446293.27
2026-07-07 20:00:00,1879832.92,,447837.53
2026-07-07 21:00:00,1848067.26,,457029.37
2026-07-07 22:00:00,1824969.04,,455375.77
2026-07-07 23:00:00,1835122.43,,454228.37
2026-07-08 00:00:00,1834625.27,,452729.75
2026-07-08 01:00:00,1814658.39,,459438.23
2026-07-08 02:00:00,1871721.39,,455669.19
2026-07-08 03:00:00,1879843.20,,454116.46
2026-07-08 04:00:00,1877971.86,,448613.15
2026-07-08 05:00:00,1874628.04,,448661.72
2026-07-08 06:00:00,1877668.66,,450109.72
2026-07-08 07:00:00,1883158.00,,452596.93
2026-07-08 08:00:00,1884452.24,,458275.44
2026-07-08 09:00:00,1852567.87,,446467.61
2026-07-08 10:00:00,1844659.90,,443867.72
2026-07-08 11:00:00,1833885.27,,444687.14
2026-07-08 12:00:00,1851134.79,,447387.16
2026-07-08 13:00:00,1831930.03,,448176.74
2026-07-08 14:00:00,1840474.97,,451583.01
2026-07-08 15:00:00,1824907.28,,452613.42
2026-07-08 16:00:00,1827995.11,,449276.09
2026-07-08 17:00:00,1833160.93,,456904.33
2026-07-08 18:00:00,1810283.54,,454193.93
2026-07-08 19:00:00,1807984.67,,449611.92
2026-07-08 20:00:00,1810634.12,,449438.97
2026-07-08 21:00:00,1791068.78,,447941.72
2026-07-08 22:00:00,1790459.82,,448942.84
2026-07-08 23:00:00,1792810.05,,450166.28
2026-07-09 00:00:00,1820423.87,,455402.78
2026-07-09 01:00:00,1805339.37,,442123.39
2026-07-09 02:00:00,1762674.73,,441383.20
2026-07-09 03:00:00,1756560.64,,435739.32
2026-07-09 04:00:00,1781390.08,,436349.37
2026-07-09 05:00:00,1771775.66,,433450.87
2026-07-09 06:00:00,1768989.59,,434444.10
2026-07-09 07:00:00,1770568.78,,442749.40
2026-07-09 08:00:00,1767229.90,,429741.86
2026-07-09 09:00:00,1767507.14,,427757.43
2026-07-09 10:00:00,1767755.30,,432270.94
2026-07-09 11:00:00,1756390.64,,429438.97
2026-07-09 12:00:00,1755702.22,,430855.62
2026-07-09 13:00:00,1743332.93,,433742.46
2026-07-09 14:00:00,1759323.36,,437193.23
2026-07-09 15:00:00,1747763.26,,434470.22
2026-07-09 16:00:00,1737467.61,,433938.69
2026-07-09 17:00:00,1737144.84,,433744.97
2026-07-09 18:00:00,1748491.01,,435231.37
2026-07-09 19:00:00,1753312.09,,435669.23
2026-07-09 20:00:00,1751503.24,,434535.72
2026-07-09 21:00:00,1759732.22,,437193.98
2026-07-09 22:00:00,1772560.60,,439417.99
2026-07-09 23:00:00,1781040.10,,440049.48
2026-07-10 00:00:00,1774027.06,,436782.46
2026-07-10 01:00:00,1813035.56,,453183.38
2026-07-10 02:00:00,1822197.31,,450194.86
2026-07-10 03:00:00,1815354.63,,447636.50
2026-07-10 04:00:00,1811166.83,,446180.28
2026-07-10 05:00:00,1810481.24,,444084.30
2026-07-10 06:00:00,1821252.14,,444421.26
2026-07-10 07:00:00,1809844.38,,442581.96
2026-07-10 08:00:00,1817206.63,,444736.00
2026-07-10 09:00:00,1823007.66,,446855.67
2026-07-10 10:00:00,1825749.51,,446849.91
2026-07-10 11:00:00,1829292.39,,451683.45
2026-07-10 12:00:00,1818798.36,,450663.72
2026-07-10 13:00:00,1809128.41,,452776.57
2026-07-10 14:00:00,1812383.19,,452931.53
2026-07-10 15:00:00,1788822.66,,447469.40
2026-07-10 16:00:00,1798757.35,,448537.24
2026-07-10 17:00:00,1829142.63,,448837.84
2026-07-10 18:00:00,1822289.41,,447052.00
2026-07-10 19:00:00,1800119.28,,445396.74
2026-07-10 20:00:00,1811503.44,,445833.22
2026-07-10 21:00:00,1807464.66,,444710.58
2026-07-10 22:00:00,1818091.58,,447750.95
2026-07-10 23:00:00,1830295.70,,448085.45
2026-07-11 00:00:00,1800180.72,,450703.75
2026-07-11 01:00:00,1841404.31,,452724.20
2026-07-11 02:00:00,1834958.19,,449295.00
2026-07-11 03:00:00,1909206.20,,471202.96
2026-07-11 04:00:00,2078222.08,,522425.18
2026-07-11 05:00:00,2132867.23,,492180.71
2026-07-11 06:00:00,2119362.79,,492981.21
2026-07-11 07:00:00,2303651.61,,550559.52
2026-07-11 08:00:00,2253848.41,,551366.41
2026-07-11 09:00:00,2325185.71,,570120.36
2026-07-11 10:00:00,2347906.48,,583520.30
2026-07-11 11:00:00,2378317.02,,603049.59
2026-07-11 12:00:00,2328895.66,,598206.40
2026-07-11 13:00:00,2311660.21,,601970.86
2026-07-11 14:00:00,2541351.34,,643594.31
2026-07-11 15:00:00,2529336.77,,737373.78
2026-07-11 16:00:00,2534169.43,,817467.83
2026-07-11 17:00:00,2691537.42,,956837.43
2026-07-11 18:00:00,2622288.07,,913025.33
2026-07-11 19:00:00,2696639.16,,900925.66
2026-07-11 20:00:00,2716836.43,,880131.83
2026-07-11 21:00:00,2871884.87,,910467.62
2026-07-11 22:00:00,2737867.68,,891783.54
2026-07-11 23:00:00,2700429.95,,884589.34
2026-07-12 00:00:00,2593126.59,,861396.51
2026-07-12 01:00:00,2508492.36,,823891.95
2026-07-12 02:00:00,2526353.73,,831233.86
2026-07-12 03:00:00,2475913.97,,791728.95
2026-07-12 04:00:00,2454161.18,,791446.07
2026-07-12 05:00:00,2433237.01,,754591.80
2026-07-12 06:00:00,2440815.40,,753582.08
2026-07-12 07:00:00,2484126.99,,719088.46
2026-07-12 08:00:00,2493292.03,,718199.91
2026-07-12 09:00:00,2502736.79,,712755.59
2026-07-12 10:00:00,2472028.80,,705058.80
2026-07-12 11:00:00,2462775.86,,701961.50
2026-07-12 12:00:00,2487542.92,,708786.25
2026-07-12 13:00:00,2434202.42,,689852.75
2026-07-12 14:00:00,2438894.05,,687697.48
2026-07-12 15:00:00,2485518.01,,679341.23
2026-07-12 16:00:00,2462053.49,,665395.18
2026-07-12 17:00:00,2488777.08,,662101.18
2026-07-12 18:00:00,2469249.29,,650439.28
2026-07-12 19:00:00,2458571.92,,655221.16
2026-07-12 20:00:00,2454005.35,,655680.02
2026-07-12 21:00:00,2400293.04,,643856.58
2026-07-12 22:00:00,2386704.54,,633312.09
2026-07-12 23:00:00,2347894.60,,614308.30
2026-07-13 00:00:00,2341244.88,,610927.79
2026-07-13 01:00:00,2364081.52,,614576.46
2026-07-13 02:00:00,2318251.94,,615599.32
2026-07-13 03:00:00,2298091.70,,625078.79
2026-07-13 04:00:00,2130653.20,,609704.17
2026-07-13 05:00:00,2111764.78,,615953.70
2026-07-13 06:00:00,2112409.68,,608359.35
2026-07-13 07:00:00,2112932.65,,610589.12
2026-07-13 08:00:00,2119501.39,,606904.80
2026-07-13 09:00:00,2092202.64,,606733.39
2026-07-13 10:00:00,2094620.60,,604910.98
2026-07-13 11:00:00,2099230.04,,595789.61
2026-07-13 12:00:00,2092837.05,,581995.93
2026-07-13 13:00:00,2086018.09,,570290.71
2026-07-13 14:00:00,2077164.84,,569881.13
2026-07-13 15:00:00,2114284.14,,572001.43
2026-07-13 16:00:00,2094582.09,,562714.85
2026-07-13 17:00:00,2092870.48,,571787.69
2026-07-13 18:00:00,2033505.75,,557873.75
2026-07-13 19:00:00,2037191.76,,552439.61
2026-07-13 20:00:00,2048602.78,,555693.85
2026-07-13 21:00:00,2047864.00,,556737.66
2026-07-13 22:00:00,2026598.44,,548266.14
2026-07-13 23:00:00,2035995.35,,549016.65
2026-07-14 00:00:00,2034591.14,,547577.78
2026-07-14 01:00:00,2036902.53,,549328.40
2026-07-14 02:00:00,2013006.00,,542884.70
2026-07-14 03:00:00,2011356.54,,543811.10
2026-07-14 04:00:00,2013290.05,,544709.51
2026-07-14 05:00:00,2042476.39,,543995.45
2026-07-14 06:00:00,2070499.97,,552890.18
2026-07-14 07:00:00,2136545.06,,561456.53
2026-07-14 08:00:00,2110011.24,,547937.14
2026-07-14 09:00:00,2084878.19,,538536.53
2026-07-14 10:00:00,2068484.03,,528765.34
2026-07-14 11:00:00,2066715.12,,527523.79
2026-07-14 12:00:00,2068024.78,,527849.87
2026-07-14 13:00:00,2095334.15,,546502.63
2026-07-14 14:00:00,2094034.71,,528531.96
2026-07-14 15:00:00,2102820.95,,533559.83
2026-07-14 16:00:00,2134463.92,,533580.38
2026-07-14 17:00:00,2213497.26,,541197.31
2026-07-14 18:00:00,2237905.93,,549196.23
2026-07-14 19:00:00,2254209.37,,554892.33
2026-07-14 20:00:00,2245732.76,,553214.36
2026-07-14 21:00:00,2222756.56,,548506.89
2026-07-14 22:00:00,2235806.09,,545648.57
2026-07-14 23:00:00,2205292.78,,538624.56
2026-07-15 00:00:00,2216948.14,,546245.37
2026-07-15 01:00:00,2179080.65,,542537.91
2026-07-15 02:00:00,2165935.94,,536602.61
2026-07-15 03:00:00,2149317.11,,533969.40
2026-07-15 04:00:00,2170477.53,,543546.14
2026-07-15 05:00:00,2177024.32,,554122.82
2026-07-15 06:00:00,2187041.13,,537055.66
2026-07-15 07:00:00,2188734.83,,538453.19
2026-07-15 08:00:00,2162121.72,,535281.99
2026-07-15 09:00:00,2157507.11,,536768.50
2026-07-15 10:00:00,2159101.89,,550769.56
2026-07-15 11:00:00,2156512.45,,551922.85
2026-07-15 12:00:00,2171710.29,,553145.86
2026-07-15 13:00:00,2229802.86,,561611.52
2026-07-15 14:00:00,2147520.39,,552845.22
2026-07-15 15:00:00,2147576.12,,549140.64
2026-07-15 16:00:00,2133904.28,,547454.46
2026-07-15 17:00:00,2138858.81,,549135.53
2026-07-15 18:00:00,2130414.78,,543302.88
2026-07-15 19:00:00,2134148.90,,537983.63
2026-07-15 20:00:00,2157099.33,,537349.69
2026-07-15 21:00:00,2158451.65,,535114.51
2026-07-15 22:00:00,2166378.12,,525308.67
2026-07-15 23:00:00,2175090.48,,527827.49
2026-07-16 00:00:00,2193051.01,,533440.98
2026-07-16 01:00:00,2201420.14,,528431.02
2026-07-16 02:00:00,2224770.60,,529649.46
2026-07-16 03:00:00,2227215.24,,527808.80
2026-07-16 04:00:00,2224159.69,,522599.10
2026-07-16 05:00:00,2232014.97,,519134.78
2026-07-16 06:00:00,2273661.73,,516917.15
2026-07-16 07:00:00,2309434.69,,513668.83
2026-07-16 08:00:00,2260504.01,,511432.89
2026-07-16 09:00:00,2245567.47,,504017.04
2026-07-16 10:00:00,2257790.21,,510892.54
2026-07-16 11:00:00,2270462.93,,517078.73
2026-07-16 12:00:00,2248739.06,,519267.03
2026-07-16 13:00:00,2247567.59,,521029.56
2026-07-16 14:00:00,2258893.89,,515348.30
2026-07-16 15:00:00,2250142.63,,513650.28
2026-07-16 16:00:00,2235971.41,,514490.86
2026-07-16 17:00:00,2220625.09,,513537.92
2026-07-16 18:00:00,2202937.29,,506396.93
2026-07-16 19:00:00,2200604.98,,507032.06
2026-07-16 20:00:00,2209597.96,,508081.48
2026-07-16 21:00:00,2202587.97,,506197.04
2026-07-16 22:00:00,2201175.67,,506909.92
2026-07-16 23:00:00,2191344.98,,505521.88
2026-07-17 00:00:00,2263647.19,,506928.69
2026-07-17 01:00:00,2257692.50,,511940.68
2026-07-17 02:00:00,2159498.52,,506688.42
2026-07-17 03:00:00,2126388.33,,513001.41
2026-07-17 04:00:00,2122915.48,,514941.05
2026-07-17 05:00:00,2088677.36,,501596.45
2026-07-17 06:00:00,2068488.94,,495274.84
2026-07-17 07:00:00,2060232.30,,493151.84
2026-07-17 08:00:00,2053506.84,,490371.60
2026-07-17 09:00:00,2045596.37,,487053.42
2026-07-17 10:00:00,2025731.01,,485302.26
2026-07-17 11:00:00,2011570.52,,486977.35
2026-07-17 12:00:00,1992051.98,,484209.07
2026-07-17 13:00:00,1967158.02,,479521.89
2026-07-17 14:00:00,1905402.31,,462527.57
2026-07-17 15:00:00,1885266.58,,461273.70
2026-07-17 16:00:00,1881876.69,,463427.79
2026-07-17 17:00:00,1873267.54,,461083.72
2026-07-17 18:00:00,1868373.35,,457509.61
2026-07-17 19:00:00,1873493.14,,460147.37
2026-07-17 20:00:00,1855033.67,,458273.86
2026-07-17 21:00:00,1857113.47,,458635.51
2026-07-17 22:00:00,1865422.57,,458586.38
2026-07-17 23:00:00,1879739.37,,459357.15
2026-07-18 00:00:00,1925430.00,,466296.91
2026-07-18 01:00:00,1903260.40,,459082.19
2026-07-18 02:00:00,1885242.73,,459858.20
2026-07-18 03:00:00,1872934.42,,464235.36
2026-07-18 04:00:00,1884890.98,,472559.12
2026-07-18 05:00:00,1871436.05,,467601.07
2026-07-18 06:00:00,1891437.97,,466340.16
2026-07-18 07:00:00,1887019.57,,468819.59
2026-07-18 08:00:00,1878180.09,,466707.37
2026-07-18 09:00:00,1881217.86,,467741.19
2026-07-18 10:00:00,1842376.26,,466731.53
2026-07-18 11:00:00,1821629.48,,465608.83
2026-07-18 12:00:00,1814782.51,,470842.49
2026-07-18 13:00:00,1820952.50,,462655.62
2026-07-18 14:00:00,1836877.58,,463047.45
2026-07-18 15:00:00,1827351.19,,462366.38
2026-07-18 16:00:00,1815421.36,,461666.10
2026-07-18 17:00:00,1887584.59,,458446.73
2026-07-18 18:00:00,1914552.93,,457553.80
2026-07-18 19:00:00,1910750.29,,455534.74
2026-07-18 20:00:00,1915551.48,,453630.95
2026-07-18 21:00:00,1936101.55,,453999.69
2026-07-18 22:00:00,1935856.11,,455500.82
2026-07-18 23:00:00,1962110.11,,457073.94
2026-07-19 00:00:00,1967844.04,,455600.05
2026-07-19 01:00:00,1963879.40,,454091.56
2026-07-19 02:00:00,1988943.54,,450559.04
2026-07-19 03:00:00,1966696.17,,449515.13
2026-07-19 04:00:00,1968589.62,,450770.10
2026-07-19 05:00:00,1973423.65,,451564.01
2026-07-19 06:00:00,1973594.69,,450411.00
2026-07-19 07:00:00,1975548.23,,452761.46
2026-07-19 08:00:00,1981176.31,,452422.56
2026-07-19 09:00:00,1982118.46,,453641.71
2026-07-19 10:00:00,1972207.71,,450609.31
2026-07-19 11:00:00,1987628.72,,451296.90
2026-07-19 12:00:00,1968930.97,,448413.00
2026-07-19 13:00:00,1973171.60,,449011.06
2026-07-19 14:00:00,1983451.05,,446847.01
2026-07-19 15:00:00,2006194.93,,448215.33
2026-07-19 16:00:00,2017199.36,,449516.62
2026-07-19 17:00:00,2004487.47,,446387.22
2026-07-19 18:00:00,1988578.80,,457179.06
2026-07-19 19:00:00,1972745.93,,458336.66
2026-07-19 20:00:00,1968981.18,,459713.70
2026-07-19 21:00:00,1977957.32,,460943.72
2026-07-19 22:00:00,1968427.49,,457631.42
2026-07-19 23:00:00,1987988.20,,461087.96
2026-07-20 00:00:00,1968612.60,,456600.53
2026-07-20 01:00:00,1995855.16,,456266.45
2026-07-20 02:00:00,1973774.52,,452922.84
2026-07-20 03:00:00,1984196.81,,454738.71
2026-07-20 04:00:00,1980602.79,,460151.38
2026-07-20 05:00:00,1963458.76,,456728.75
2026-07-20 06:00:00,1982169.44,,458959.42
2026-07-20 07:00:00,1998852.03,,459431.66
2026-07-20 08:00:00,2050664.74,,461750.69
2026-07-20 09:00:00,2042552.70,,461636.81
2026-07-20 10:00:00,2056168.69,,460916.58
2026-07-20 11:00:00,2053855.65,,462018.77
2026-07-20 12:00:00,2044393.25,,463488.63
2026-07-20 13:00:00,1999420.44,,458543.58
2026-07-20 14:00:00,1987123.17,,453342.95
2026-07-20 15:00:00,1961782.02,,452298.35
2026-07-20 16:00:00,1992014.99,,453214.94
2026-07-20 17:00:00,2023438.84,,463354.13
2026-07-20 18:00:00,2025797.74,,463268.99
2026-07-20 19:00:00,2028504.61,,460470.74
2026-07-20 20:00:00,2012743.80,,457791.41
2026-07-20 21:00:00,2015108.89,,457184.45
2026-07-20 22:00:00,2004120.58,,455515.16
2026-07-20 23:00:00,1994427.09,,451420.87
2026-07-21 00:00:00,1996922.00,,452390.89
2026-07-21 01:00:00,2012818.61,,452915.15
2026-07-21 02:00:00,2015586.86,,454415.26
2026-07-21 03:00:00,2038062.15,,454143.58
2026-07-21 04:00:00,2051311.15,,454657.36
2026-07-21 05:00:00,2030867.62,,453803.13
2026-07-21 06:00:00,2062739.48,,461089.55
2026-07-21 07:00:00,2067014.55,,468501.25
2026-07-21 08:00:00,2066272.76,,470366.68
2026-07-21 09:00:00,2085133.57,,474644.32
2026-07-21 10:00:00,2088480.02,,473669.16
2026-07-21 11:00:00,2086524.62,,471600.62
2026-07-21 12:00:00,2093715.83,,472004.12
2026-07-21 13:00:00,2100859.40,,474387.17
2026-07-21 14:00:00,2097827.38,,472031.09
2026-07-21 15:00:00,2114025.26,,470319.50
2026-07-21 16:00:00,2099984.47,,468187.86
2026-07-21 17:00:00,2079166.90,,458171.12
2026-07-21 18:00:00,2064740.59,,458410.92
2026-07-21 19:00:00,2062744.08,,460733.69
2026-07-21 20:00:00,2061628.78,,461636.59
2026-07-21 21:00:00,2047134.11,,459306.17
2026-07-21 22:00:00,2047420.18,,460255.27
2026-07-21 23:00:00,2032126.89,,456911.51
2026-07-22 00:00:00,2053180.21,,458646.69
2026-07-22 01:00:00,2068792.36,,462101.13
2026-07-22 02:00:00,2049110.95,,459961.15
2026-07-22 03:00:00,2028522.90,,458454.15
2026-07-22 04:00:00,2023454.78,,456569.93
2026-07-22 05:00:00,2020459.27,,456492.27
2026-07-22 06:00:00,1982869.03,,446930.17
2026-07-22 07:00:00,1987282.01,,447057.82
2026-07-22 08:00:00,1990973.57,,446639.78
2026-07-22 09:00:00,2005431.04,,447945.86
2026-07-22 10:00:00,2014451.29,,448225.68
2026-07-22 11:00:00,2029696.58,,449335.48
2026-07-22 12:00:00,2033311.52,,451552.74
2026-07-22 13:00:00,2018963.79,,446728.63
2026-07-22 14:00:00,2043913.80,,451483.45
2026-07-22 15:00:00,2019300.46,,448668.56
2026-07-22 16:00:00,2027678.71,,449828.57
2026-07-22 17:00:00,2030636.06,,450249.29
2026-07-22 18:00:00,2012643.79,,448456.52
2026-07-22 19:00:00,2013528.14,,446384.50
2026-07-22 20:00:00,2013074.10,,445475.36
2026-07-22 21:00:00,2019866.69,,445745.47
2026-07-22 22:00:00,2018581.27,,445582.82
2026-07-22 23:00:00,2025039.33,,447647.35
2026-07-23 00:00:00,2027261.44,,446999.46
2026-07-23 01:00:00,2006388.03,,452297.13
2026-07-23 02:00:00,2008156.43,,450217.21
2026-07-23 03:00:00,1996919.31,,449354.33
2026-07-23 04:00:00,1982973.95,,448699.10
2026-07-23 05:00:00,1994662.58,,450791.00
2026-07-23 06:00:00,1998628.26,,448286.46
2026-07-23 07:00:00,2014274.64,,450341.01
2026-07-23 08:00:00,2002334.74,,446842.29
2026-07-23 09:00:00,2003730.21,,447412.69
2026-07-23 10:00:00,1994963.86,,445777.85
2026-07-23 11:00:00,1984987.74,,445448.02
2026-07-23 12:00:00,1983301.32,,445172.57
2026-07-23 13:00:00,1944259.25,,440887.16
2026-07-23 14:00:00,1939174.90,,439839.77
2026-07-23 15:00:00,1949597.58,,439860.68
2026-07-23 16:00:00,1959671.26,,436883.25
2026-07-23 17:00:00,1950759.75,,433308.07
2026-07-23 18:00:00,1944451.36,,426791.96
2026-07-23 19:00:00,1971758.10,,427820.68
2026-07-23 20:00:00,1930483.87,,427029.94
2026-07-23 21:00:00,1942616.09,,428756.77
2026-07-23 22:00:00,1929043.53,,427669.10
2026-07-23 23:00:00,1931095.80,,426035.72
2026-07-24 00:00:00,1924467.48,,425505.31
2026-07-24 01:00:00,1906489.26,,423352.30
2026-07-24 02:00:00,1911845.60,,425264.99
2026-07-24 03:00:00,1904553.66,,425075.28
2026-07-24 04:00:00,1906258.09,,427898.54
2026-07-24 05:00:00,1894143.92,,426091.77
2026-07-24 06:00:00,1901351.87,,425799.71
2026-07-24 07:00:00,1901800.51,,427173.64
2026-07-24 08:00:00,1913493.03,,430704.83
2026-07-24 09:00:00,1994682.19,,424851.71
2026-07-24 10:00:00,1987672.74,,424226.17
2026-07-24 11:00:00,1961302.15,,417545.24
2026-07-24 12:00:00,1949923.52,,417754.67
2026-07-24 13:00:00,1942757.75,,416214.56
2026-07-24 14:00:00,1921961.80,,415869.70
2026-07-24 15:00:00,1936082.27,,420618.39
2026-07-24 16:00:00,1929745.06,,420032.13
2026-07-24 17:00:00,1868511.11,,417235.97
2026-07-24 18:00:00,1863677.10,,417704.26
2026-07-24 19:00:00,1859957.29,,416693.52
2026-07-24 20:00:00,1860121.51,,419064.11
2026-07-24 21:00:00,1862616.31,,418342.96
2026-07-24 22:00:00,1860714.30,,418159.95
2026-07-24 23:00:00,1874503.17,,421096.97
2026-07-25 00:00:00,1881547.69,,420082.29
2026-07-25 01:00:00,1875981.96,,422921.44
2026-07-25 02:00:00,1925895.41,,430113.36
2026-07-25 03:00:00,1932893.80,,434686.75
2026-07-25 04:00:00,1914141.05,,433065.15
2026-07-25 05:00:00,1910527.27,,430150.23
2026-07-25 06:00:00,1915279.86,,428917.28
2026-07-25 07:00:00,1918516.62,,428829.29
2026-07-25 08:00:00,1912396.88,,425099.78
2026-07-25 09:00:00,1905488.88,,423747.91
2026-07-25 10:00:00,1904904.68,,425278.43
2026-07-25 11:00:00,1884746.92,,423032.28
2026-07-25 12:00:00,1872637.50,,425663.97
2026-07-25 13:00:00,1882745.80,,425800.22
2026-07-25 14:00:00,2055762.24,,469518.12
2026-07-25 15:00:00,2046091.47,,482893.62
2026-07-25 16:00:00,2066517.51,,483031.54
2026-07-25 17:00:00,2021639.86,,490517.27
2026-07-25 18:00:00,2019875.23,,490881.95
2026-07-25 19:00:00,2016598.58,,486850.70
2026-07-25 20:00:00,2001959.44,,486826.88
2026-07-25 21:00:00,2002543.30,,486919.25
2026-07-25 22:00:00,1994281.62,,487183.20
2026-07-25 23:00:00,2015588.18,,492952.35
2026-07-26 00:00:00,2003652.54,,490532.53
2026-07-26 01:00:00,2000595.15,,489241.93
2026-07-26 02:00:00,2007127.75,,489921.18
2026-07-26 03:00:00,2002048.52,,494137.32
2026-07-26 04:00:00,2000927.11,,491776.47
2026-07-26 05:00:00,1998849.83,,494141.86
2026-07-26 06:00:00,1998342.87,,494696.91
2026-07-26 07:00:00,2002329.84,,496141.36
2026-07-26 08:00:00,2009950.66,,493633.57
2026-07-26 09:00:00,2003951.26,,492940.25
2026-07-26 10:00:00,2014642.50,,494813.82
2026-07-26 11:00:00,2002146.74,,482822.19
2026-07-26 12:00:00,1993975.28,,479034.75
2026-07-26 13:00:00,1982049.47,,476359.78
2026-07-26 14:00:00,1988575.85,,474347.53
2026-07-26 15:00:00,1994014.43,,475815.86
2026-07-26 16:00:00,1997690.25,,478768.78
2026-07-26 17:00:00,1989955.65,,485650.26
2026-07-26 18:00:00,1988936.52,,486150.11
2026-07-26 19:00:00,1987123.05,,484845.24
2026-07-26 20:00:00,1985914.88,,484245.08
2026-07-26 21:00:00,1979121.62,,482918.67
2026-07-26 22:00:00,1988711.65,,483100.86
2026-07-26 23:00:00,1994345.10,,479594.89
2026-07-27 00:00:00,1991971.37,,477104.46
2026-07-27 01:00:00,1984493.09,,475289.69
2026-07-27 02:00:00,1971486.52,,475680.68
2026-07-27 03:00:00,1984045.50,,475319.01
2026-07-27 04:00:00,1982444.92,,474521.98
2026-07-27 05:00:00,1973038.28,,474044.18
2026-07-27 06:00:00,1980051.54,,473988.37
2026-07-27 07:00:00,1955535.44,,472282.62
2026-07-27 08:00:00,1950635.60,,465910.32
2026-07-27 09:00:00,1944413.23,,465084.00
2026-07-27 10:00:00,1941022.22,,462655.24
2026-07-27 11:00:00,1932317.17,,463541.17
2026-07-27 12:00:00,1920028.54,,460192.28
2026-07-27 13:00:00,1947361.42,,465544.44
2026-07-27 14:00:00,1950330.49,,464283.73
2026-07-27 15:00:00,1879417.43,,443300.33
2026-07-27 16:00:00,1860774.50,,438310.96
2026-07-27 17:00:00,1883859.69,,440830.36
2026-07-27 18:00:00,1886923.32,,442018.40
2026-07-27 19:00:00,1877176.03,,443197.03
2026-07-27 20:00:00,1885694.14,,444214.12
2026-07-27 21:00:00,1908330.71,,447143.93
2026-07-27 22:00:00,1899351.16,,447233.58
2026-07-27 23:00:00,1799348.89,,429772.91
2026-07-28 00:00:00,1807527.60,,430658.08
2026-07-28 01:00:00,1805451.81,,431942.83
2026-07-28 02:00:00,1786907.69,,434404.39
2026-07-28 03:00:00,1792714.63,,435528.01
2026-07-28 04:00:00,1784400.56,,434671.29
2026-07-28 05:00:00,1780046.80,,433967.65
2026-07-28 06:00:00,1776378.18,,432398.97
2026-07-28 07:00:00,1773637.53,,432993.33
2026-07-28 08:00:00,1773792.56,,429757.71
2026-07-28 09:00:00,1786907.44,,428735.33
2026-07-28 10:00:00,1806678.00,,431046.32
2026-07-28 11:00:00,1818934.43,,429478.50
2026-07-28 12:00:00,1816902.22,,429425.59
2026-07-28 13:00:00,1812128.18,,428124.26
2026-07-28 14:00:00,1848551.60,,427277.57
2026-07-28 15:00:00,1874343.65,,431391.64
2026-07-28 16:00:00,1893788.14,,436292.22
2026-07-28 17:00:00,1891992.05,,435101.28
2026-07-28 18:00:00,1883678.98,,432170.64
2026-07-28 19:00:00,1897480.27,,432146.14
2026-07-28 20:00:00,1903924.29,,432787.61
2026-07-28 21:00:00,1924526.10,,427721.59
2026-07-28 22:00:00,1941506.61,,430171.41
2026-07-28 23:00:00,2004232.22,,423377.90
2026-07-29 00:00:00,2011409.05,,430081.16
2026-07-29 01:00:00,2012627.54,,429759.73
2026-07-29 02:00:00,1979079.70,,422399.22
2026-07-29 03:00:00,1987349.24,,423005.60
2026-07-29 04:00:00,1951926.63,,416255.72
2026-07-29 05:00:00,1975861.82,,416159.55
2026-07-29 06:00:00,2011566.08,,419542.12
2026-07-29 07:00:00,2034683.89,,420886.35
2026-07-29 08:00:00,2031996.28,,421119.44
2026-07-29 09:00:00,2020302.33,,417727.21
2026-07-29 10:00:00,2045223.62,,421589.88
2026-07-29 11:00:00,2027807.73,,419016.17
2026-07-29 12:00:00,2041443.81,,422131.39
2026-07-29 13:00:00,2019287.73,,423548.08
2026-07-29 14:00:00,1949797.93,,422197.75
2026-07-29 15:00:00,1914994.79,,427586.53
2026-07-29 16:00:00,1918194.02,,425474.38
2026-07-29 17:00:00,1924325.62,,425709.86
2026-07-29 18:00:00,1941117.00,,429408.83
2026-07-29 19:00:00,1967280.83,,428152.34
2026-07-29 20:00:00,1897715.93,,419649.84
2026-07-29 21:00:00,1837905.70,,424683.02
2026-07-29 22:00:00,1845093.00,,426367.90
2026-07-29 23:00:00,1847053.87,,427763.36
2026-07-30 00:00:00,1846992.83,,431260.49
2026-07-30 01:00:00,1825521.82,,426283.12
2026-07-30 02:00:00,1864093.47,,432346.09
2026-07-30 03:00:00,1873365.94,,433297.49
2026-07-30 04:00:00,1879386.28,,433600.82
2026-07-30 05:00:00,1828223.72,,426199.27
2026-07-30 06:00:00,1846251.86,,428718.29
2026-07-30 07:00:00,1838517.62,,427495.79
2026-07-30 08:00:00,1834374.32,,425269.12
2026-07-30 09:00:00,1844494.39,,425449.19
2026-07-30 10:00:00,1818965.98,,421947.32
2026-07-30 11:00:00,1809102.47,,418172.20
2026-07-30 12:00:00,1834244.45,,425397.05
2026-07-30 13:00:00,1843252.04,,422551.35
2026-07-30 14:00:00,1866521.89,,424118.84
2026-07-30 15:00:00,1849742.20,,421193.25
2026-07-30 16:00:00,1850166.91,,420555.53
2026-07-30 17:00:00,1860736.50,,421190.78
2026-07-30 18:00:00,1852814.11,,422294.93
2026-07-30 19:00:00,1845367.60,,419318.24
2026-07-30 20:00:00,1862450.09,,422761.82
2026-07-30 21:00:00,1854915.59,,424140.17
2026-07-30 22:00:00,1876832.15,,425592.42
2026-07-30 23:00:00,1877911.58,,425376.02
2026-07-31 00:00:00,1892430.09,,421539.28
2026-07-31 01:00:00,1917461.32,,424180.01
2026-07-31 02:00:00,1901083.67,,429795.09
2026-07-31 03:00:00,1885273.91,,426038.69
2026-07-31 04:00:00,1894091.47,,427683.60
2026-07-31 05:00:00,1879814.67,,426584.46
2026-07-31 06:00:00,1920791.22,,430839.62
2026-07-31 07:00:00,1909680.87,,429880.41
2026-07-31 08:00:00,1908101.30,,431581.26
2026-07-31 09:00:00,1888854.30,,428927.06
2026-07-31 10:00:00,1879218.06,,428486.47
2026-07-31 11:00:00,1887849.38,,446838.49
2026-07-31 12:00:00,1883809.76,,446044.18
2026-07-31 13:00:00,1903608.97,,461222.85
2026-07-31 14:00:00,1883175.49,,459207.25
2026-07-31 15:00:00,1870468.02,,461064.86
2026-07-31 16:00:00,1877226.32,,462665.43
2026-07-31 17:00:00,1863121.13,,457923.49
2026-07-31 18:00:00,1887565.18,,462262.67
2026-07-31 19:00:00,1888784.04,,463369.55
2026-07-31 20:00:00,1888607.24,,462064.25
2026-07-31 21:00:00,1876268.37,,458733.82
2026-07-31 22:00:00,1872379.50,,456316.62
2026-07-31 23:00:00,1869088.00,,448803.70
2026-08-01 00:00:00,1864047.99,,450041.18
2026-08-01 01:00:00,1872270.57,,455575.59
2026-08-01 02:00:00,1844359.98,,459359.34
2026-08-01 03:00:00,1841936.69,,456072.12
2026-08-01 04:00:00,1839177.04,,454865.00
2026-08-01 05:00:00,1840269.50,,464217.01
2026-08-01 06:00:00,1841926.41,,463627.58
2026-08-01 07:00:00,1836790.02,,462501.96
2026-08-01 08:00:00,1829228.57,,459710.79
2026-08-01 09:00:00,1831130.54,,459856.35
2026-08-01 10:00:00,1840298.65,,467607.95
2026-08-01 11:00:00,1841878.49,,456799.09
2026-08-01 12:00:00,1837000.23,,457603.16
2026-08-01 13:00:00,1852499.17,,456576.72
2026-08-01 14:00:00,1845828.40,,453465.71
2026-08-01 15:00:00,1845011.01,,453825.74
2026-08-01 16:00:00,1837383.31,,453216.26
2026-08-01 17:00:00,1849197.50,,456102.12
2026-08-01 18:00:00,1839522.34,,452910.83
2026-08-01 19:00:00,1840007.94,,447306.24
2026-08-01 20:00:00,1840769.69,,448829.73
2026-08-01 21:00:00,1841780.21,,445430.82
2026-08-01 22:00:00,1851863.52,,448833.34
2026-08-01 23:00:00,1848608.37,,447409.05
2026-08-02 00:00:00,1851333.67,,447884.29
2026-08-02 01:00:00,1861582.31,,450957.25
2026-08-02 02:00:00,1861332.69,,452184.77
2026-08-02 03:00:00,1873242.15,,452202.12
2026-08-02 04:00:00,1872456.13,,450353.18
2026-08-02 05:00:00,1877825.19,,450964.21
2026-08-02 06:00:00,1895184.19,,451007.29
