time,oi_A,oi_6,oi_3
2026-04-25 12:00:00,2237204.18,,713088.55
2026-04-25 13:00:00,2285761.66,,722275.29
2026-04-25 14:00:00,2235562.56,,709840.15
2026-04-25 15:00:00,2199188.56,,717069.93
2026-04-25 16:00:00,2158003.45,,696538.33
2026-04-25 17:00:00,2127482.78,,685253.69
2026-04-25 18:00:00,2136312.59,,680631.72
2026-04-25 19:00:00,2163302.87,,685350.89
2026-04-25 20:00:00,2176269.04,,685009.13
2026-04-25 21:00:00,2167997.74,,678162.37
2026-04-25 22:00:00,2179962.16,,683313.86
2026-04-25 23:00:00,2177203.47,,684425.71
2026-04-26 00:00:00,2178040.69,,688667.82
2026-04-26 01:00:00,2159086.86,,677168.56
2026-04-26 02:00:00,2151764.31,,670795.77
2026-04-26 03:00:00,2171977.87,,673767.00
2026-04-26 04:00:00,2182356.97,,767632.06
2026-04-26 05:00:00,2200143.45,,764369.88
2026-04-26 06:00:00,2223910.31,,777461.19
2026-04-26 07:00:00,2215226.53,,766711.45
2026-04-26 08:00:00,2273435.88,,770349.69
2026-04-26 09:00:00,2281970.08,,778734.13
2026-04-26 10:00:00,2272732.06,,778776.12
2026-04-26 11:00:00,2250298.01,,771429.80
2026-04-26 12:00:00,2257955.33,,772331.09
2026-04-26 13:00:00,2247440.07,,768444.61
2026-04-26 14:00:00,2227699.50,,765369.58
2026-04-26 15:00:00,2223881.42,,766542.92
2026-04-26 16:00:00,2228018.94,,766563.37
2026-04-26 17:00:00,2216595.77,,766336.12
2026-04-26 18:00:00,2226183.86,,768433.11
2026-04-26 19:00:00,2228048.79,,771072.56
2026-04-26 20:00:00,2208894.67,,767342.29
2026-04-26 21:00:00,2194040.27,,767782.48
2026-04-26 22:00:00,2204253.13,,768390.65
2026-04-26 23:00:00,2189099.90,,761348.93
2026-04-27 00:00:00,2177813.73,,762567.01
2026-04-27 01:00:00,2179785.74,,767498.39
2026-04-27 02:00:00,2186509.51,,766670.37
2026-04-27 03:00:00,2187082.72,,761902.74
2026-04-27 04:00:00,2184097.38,,758965.75
2026-04-27 05:00:00,2175840.24,,752408.06
2026-04-27 06:00:00,2127979.81,,739737.66
2026-04-27 07:00:00,2066390.60,,677674.18
2026-04-27 08:00:00,2076826.29,,673422.71
2026-04-27 09:00:00,2099201.62,,667036.28
2026-04-27 10:00:00,2102129.50,,665786.58
2026-04-27 11:00:00,2090295.90,,659530.44
2026-04-27 12:00:00,2100162.45,,662279.49
2026-04-27 13:00:00,2086258.27,,660958.90
2026-04-27 14:00:00,2082145.00,,658946.46
2026-04-27 15:00:00,2090805.60,,658390.51
2026-04-27 16:00:00,2028304.85,,637153.89
2026-04-27 17:00:00,2023699.08,,639895.11
2026-04-27 18:00:00,2026537.10,,640211.50
2026-04-27 19:00:00,2018922.61,,636697.75
2026-04-27 20:00:00,1999499.19,,631943.40
2026-04-27 21:00:00,1983160.80,,632229.80
2026-04-27 22:00:00,1980193.76,,631365.39
2026-04-27 23:00:00,1988780.64,,632231.71
2026-04-28 00:00:00,1999331.54,,630607.28
2026-04-28 01:00:00,2001416.36,,641412.29
2026-04-28 02:00:00,1998428.14,,637400.53
2026-04-28 03:00:00,1986977.83,,634501.87
2026-04-28 04:00:00,1994900.95,,634172.74
2026-04-28 05:00:00,1996367.11,,635776.88
2026-04-28 06:00:00,1998332.70,,632824.62
2026-04-28 07:00:00,1997065.16,,631575.24
2026-04-28 08:00:00,2004152.24,,640975.42
2026-04-28 09:00:00,2007912.47,,639806.43
2026-04-28 10:00:00,2004430.51,,638161.14
2026-04-28 11:00:00,2003214.15,,637292.86
2026-04-28 12:00:00,1966129.64,,632438.43
2026-04-28 13:00:00,1985133.92,,635323.21
2026-04-28 14:00:00,1978273.30,,632663.23
2026-04-28 15:00:00,1979479.21,,630553.56
2026-04-28 16:00:00,1982867.24,,630768.80
2026-04-28 17:00:00,1981051.12,,628698.59
2026-04-28 18:00:00,1986089.90,,629496.77
2026-04-28 19:00:00,1997534.11,,631981.74
2026-04-28 20:00:00,2005480.76,,634368.69
2026-04-28 21:00:00,2002529.73,,631542.22
2026-04-28 22:00:00,1994363.46,,627578.59
2026-04-28 23:00:00,1985184.42,,627674.58
2026-04-29 00:00:00,1982044.71,,627291.84
2026-04-29 01:00:00,1981182.79,,629103.61
2026-04-29 02:00:00,1973610.23,,627297.89
2026-04-29 03:00:00,1985508.06,,634921.82
2026-04-29 04:00:00,1998831.35,,631770.13
2026-04-29 05:00:00,2012169.71,,630108.76
2026-04-29 06:00:00,2004112.56,,628063.76
2026-04-29 07:00:00,2000484.48,,625301.86
2026-04-29 08:00:00,1985222.85,,621075.66
2026-04-29 09:00:00,1972721.73,,619849.36
2026-04-29 10:00:00,1982824.77,,613797.22
2026-04-29 11:00:00,1967744.30,,610540.85
2026-04-29 12:00:00,1965484.93,,615278.87
2026-04-29 13:00:00,1954817.89,,636479.66
2026-04-29 14:00:00,1941726.99,,632197.71
2026-04-29 15:00:00,1919092.47,,620507.88
2026-04-29 16:00:00,1882315.95,,600488.00
2026-04-29 17:00:00,1876741.18,,604529.64
2026-04-29 18:00:00,1891159.82,,610983.20
2026-04-29 19:00:00,1846137.06,,598326.75
2026-04-29 20:00:00,1844763.99,,602457.24
2026-04-29 21:00:00,1856128.97,,609031.75
2026-04-29 22:00:00,1866235.06,,613050.56
2026-04-29 23:00:00,1863951.95,,612661.16
2026-04-30 00:00:00,1867566.81,,611848.67
2026-04-30 01:00:00,1883675.92,,628431.55
2026-04-30 02:00:00,1880942.65,,628665.15
2026-04-30 03:00:00,1862697.11,,618176.78
2026-04-30 04:00:00,1861816.98,,614100.71
2026-04-30 05:00:00,1855444.18,,610111.26
2026-04-30 06:00:00,1855810.08,,610484.11
2026-04-30 07:00:00,1862692.60,,614336.24
2026-04-30 08:00:00,1862663.28,,616388.14
2026-04-30 09:00:00,1856032.21,,613508.02
2026-04-30 10:00:00,1861832.87,,617406.61
2026-04-30 11:00:00,1851119.48,,610982.87
2026-04-30 12:00:00,1836132.25,,607654.14
2026-04-30 13:00:00,1821783.38,,610466.98
2026-04-30 14:00:00,1813858.76,,600563.89
2026-04-30 15:00:00,1806542.73,,599112.35
2026-04-30 16:00:00,1811138.18,,600251.46
2026-04-30 17:00:00,1796254.21,,592411.56
2026-04-30 18:00:00,1790854.27,,595705.94
2026-04-30 19:00:00,1786086.61,,594616.72
2026-04-30 20:00:00,1788624.96,,594842.48
2026-04-30 21:00:00,1782522.33,,594777.51
2026-04-30 22:00:00,1779091.16,,591870.92
2026-04-30 23:00:00,1771997.59,,587612.86
2026-05-01 00:00:00,1772516.44,,588730.70
2026-05-01 01:00:00,1767402.94,,590632.73
2026-05-01 02:00:00,1785434.53,,595968.90
2026-05-01 03:00:00,1785352.42,,594375.60
2026-05-01 04:00:00,1787957.70,,614856.17
2026-05-01 05:00:00,1784349.90,,610971.39
2026-05-01 06:00:00,1789670.66,,617573.44
2026-05-01 07:00:00,1773877.25,,606339.25
2026-05-01 08:00:00,1771088.03,,606132.34
2026-05-01 09:00:00,1795334.66,,607364.49
2026-05-01 10:00:00,1815867.49,,619478.73
2026-05-01 11:00:00,1808149.79,,615526.46
2026-05-01 12:00:00,1824278.16,,616693.13
2026-05-01 13:00:00,1839008.85,,622795.83
2026-05-01 14:00:00,1847675.64,,617360.74
2026-05-01 15:00:00,1849458.12,,615329.20
2026-05-01 16:00:00,1847295.66,,613089.01
2026-05-01 17:00:00,1833253.37,,596352.78
2026-05-01 18:00:00,1834310.12,,573620.94
2026-05-01 19:00:00,1832083.82,,561624.10
2026-05-01 20:00:00,1826669.90,,564607.84
2026-05-01 21:00:00,1808597.72,,548740.52
2026-05-01 22:00:00,1806234.28,,547507.49
2026-05-01 23:00:00,1799372.40,,542145.24
2026-05-02 00:00:00,1800054.91,,541026.07
2026-05-02 01:00:00,1801190.84,,538669.66
2026-05-02 02:00:00,1804835.39,,526372.09
2026-05-02 03:00:00,1800262.45,,518278.52
2026-05-02 04:00:00,1810269.77,,515227.12
2026-05-02 05:00:00,1808624.60,,508386.76
2026-05-02 06:00:00,1816635.78,,507607.08
2026-05-02 07:00:00,1816529.87,,509513.68
2026-05-02 08:00:00,1824138.24,,508639.00
2026-05-02 09:00:00,1826017.80,,512688.18
2026-05-02 10:00:00,1835008.09,,515856.11
2026-05-02 11:00:00,1832619.41,,514792.23
2026-05-02 12:00:00,1829505.36,,512693.51
2026-05-02 13:00:00,1830985.37,,520697.78
2026-05-02 14:00:00,1840863.53,,519375.37
2026-05-02 15:00:00,1856341.10,,523235.75
2026-05-02 16:00:00,1872640.72,,522012.90
2026-05-02 17:00:00,1870215.51,,519142.70
2026-05-02 18:00:00,1862604.97,,516644.96
2026-05-02 19:00:00,1852633.52,,514089.74
2026-05-02 20:00:00,1853666.93,,512097.96
2026-05-02 21:00:00,1847701.44,,508756.48
2026-05-02 22:00:00,1852490.58,,505736.52
2026-05-02 23:00:00,1854259.87,,504290.35
2026-05-03 00:00:00,1852149.78,,504375.69
2026-05-03 01:00:00,1845467.57,,499058.08
2026-05-03 02:00:00,1828944.56,,493333.44
2026-05-03 03:00:00,1818826.63,,492514.01
2026-05-03 04:00:00,1826043.76,,490918.35
2026-05-03 05:00:00,1822535.84,,489414.66
2026-05-03 06:00:00,1811512.44,,487013.72
2026-05-03 07:00:00,1808542.81,,495217.13
2026-05-03 08:00:00,1802930.98,,493404.82
2026-05-03 09:00:00,1806300.48,,496631.66
2026-05-03 10:00:00,1807197.22,,497134.53
2026-05-03 11:00:00,1791945.21,,497238.80
2026-05-03 12:00:00,1791525.24,,495761.18
2026-05-03 13:00:00,1805422.64,,498848.88
2026-05-03 14:00:00,1810704.14,,500078.99
2026-05-03 15:00:00,1809715.51,,497812.69
2026-05-03 16:00:00,1806187.57,,499040.67
2026-05-03 17:00:00,1805175.03,,498353.55
2026-05-03 18:00:00,1805912.57,,498626.17
2026-05-03 19:00:00,1810155.22,,497147.03
2026-05-03 20:00:00,1807813.34,,494328.68
2026-05-03 21:00:00,1809169.68,,493415.24
2026-05-03 22:00:00,1807605.66,,495049.93
2026-05-03 23:00:00,1814509.51,,497296.95
2026-05-04 00:00:00,1807165.53,,490307.90
2026-05-04 01:00:00,1798990.36,,488964.42
2026-05-04 02:00:00,1823392.99,,492066.22
2026-05-04 03:00:00,1843590.72,,493510.47
2026-05-04 04:00:00,1837702.50,,494060.41
2026-05-04 05:00:00,1834708.56,,494674.19
2026-05-04 06:00:00,1826748.04,,492564.80
2026-05-04 07:00:00,1818418.01,,493872.39
2026-05-04 08:00:00,1817477.75,,489799.11
2026-05-04 09:00:00,1810657.28,,492468.81
2026-05-04 10:00:00,1821995.14,,496118.72
2026-05-04 11:00:00,1769272.56,,474964.86
2026-05-04 12:00:00,1763896.11,,472372.95
2026-05-04 13:00:00,1765893.09,,471989.18
2026-05-04 14:00:00,1775087.98,,474916.34
2026-05-04 15:00:00,1795768.78,,485064.14
2026-05-04 16:00:00,1799753.98,,477174.65
2026-05-04 17:00:00,1821592.43,,482561.57
2026-05-04 18:00:00,1839205.34,,488453.45
2026-05-04 19:00:00,1813990.41,,479736.61
2026-05-04 20:00:00,1801435.19,,478801.53
2026-05-04 21:00:00,1801565.65,,470916.81
2026-05-04 22:00:00,1834083.96,,475804.67
2026-05-04 23:00:00,1811393.60,,468882.10
2026-05-05 00:00:00,1806657.73,,467627.71
2026-05-05 01:00:00,1821951.81,,468071.55
2026-05-05 02:00:00,1827660.65,,468293.51
2026-05-05 03:00:00,1834149.18,,467730.63
2026-05-05 04:00:00,1834705.85,,462711.54
2026-05-05 05:00:00,1828360.54,,460134.89
2026-05-05 06:00:00,1842279.56,,461176.58
2026-05-05 07:00:00,1835278.72,,458365.69
2026-05-05 08:00:00,1828195.69,,457615.42
2026-05-05 09:00:00,1809712.10,,455616.92
2026-05-05 10:00:00,1819182.48,,458118.62
2026-05-05 11:00:00,1820304.76,,459443.12
2026-05-05 12:00:00,1815614.60,,457847.80
2026-05-05 13:00:00,1836276.76,,466391.84
2026-05-05 14:00:00,1826764.03,,471942.88
2026-05-05 15:00:00,1797317.54,,470062.48
2026-05-05 16:00:00,1793499.98,,461861.19
2026-05-05 17:00:00,1779367.76,,464639.90
2026-05-05 18:00:00,1779668.95,,466200.34
2026-05-05 19:00:00,1799227.03,,466546.33
2026-05-05 20:00:00,1804027.59,,468048.91
2026-05-05 21:00:00,1821917.55,,473629.07
2026-05-05 22:00:00,1832621.71,,468803.27
2026-05-05 23:00:00,1832590.52,,470307.84
2026-05-06 00:00:00,1830944.15,,469601.64
2026-05-06 01:00:00,1812490.14,,468214.73
2026-05-06 02:00:00,1841805.68,,471345.04
2026-05-06 03:00:00,1832795.89,,466125.90
2026-05-06 04:00:00,1839018.60,,462567.02
2026-05-06 05:00:00,1835558.29,,457561.67
2026-05-06 06:00:00,1836217.39,,462923.31
2026-05-06 07:00:00,1865040.48,,471411.44
2026-05-06 08:00:00,1871283.77,,468566.74
2026-05-06 09:00:00,1867914.14,,468691.25
2026-05-06 10:00:00,1881809.84,,488427.76
2026-05-06 11:00:00,1875606.14,,489551.59
2026-05-06 12:00:00,1862696.75,,489656.62
2026-05-06 13:00:00,1866817.67,,492651.64
2026-05-06 14:00:00,1826029.70,,488452.33
2026-05-06 15:00:00,1816749.03,,486660.16
2026-05-06 16:00:00,1824281.52,,491454.82
2026-05-06 17:00:00,1828696.01,,493946.80
2026-05-06 18:00:00,1823219.09,,490844.24
2026-05-06 19:00:00,1829483.17,,491636.89
2026-05-06 20:00:00,1828844.29,,492284.21
2026-05-06 21:00:00,1833283.69,,492505.63
2026-05-06 22:00:00,1847592.05,,494702.08
2026-05-06 23:00:00,1833189.64,,494601.09
2026-05-07 00:00:00,1840494.13,,494585.45
2026-05-07 01:00:00,1811765.13,,492670.44
2026-05-07 02:00:00,1807965.46,,490412.29
2026-05-07 03:00:00,1812764.88,,492144.54
2026-05-07 04:00:00,1798908.10,,488399.09
2026-05-07 05:00:00,1813904.34,,494194.12
2026-05-07 06:00:00,1835282.93,,496715.56
2026-05-07 07:00:00,1868385.81,,504959.95
2026-05-07 08:00:00,1869450.86,,502148.99
2026-05-07 09:00:00,1861837.17,,502322.69
2026-05-07 10:00:00,1858791.58,,503489.45
2026-05-07 11:00:00,1850329.01,,499775.67
2026-05-07 12:00:00,1854187.04,,504662.81
2026-05-07 13:00:00,1876664.32,,518965.07
2026-05-07 14:00:00,1850183.42,,508745.77
2026-05-07 15:00:00,1834836.15,,507150.64
2026-05-07 16:00:00,1827734.96,,503776.89
2026-05-07 17:00:00,1837625.98,,504702.31
2026-05-07 18:00:00,1854166.65,,509927.96
2026-05-07 19:00:00,1866172.65,,512460.06
2026-05-07 20:00:00,1898223.80,,510042.18
2026-05-07 21:00:00,1908777.37,,510851.94
2026-05-07 22:00:00,1903533.73,,508858.48
2026-05-07 23:00:00,1905670.87,,506466.26
2026-05-08 00:00:00,1905238.06,,507992.17
2026-05-08 01:00:00,1895034.44,,507986.91
2026-05-08 02:00:00,1869364.40,,507043.89
2026-05-08 03:00:00,1857000.68,,509015.54
2026-05-08 04:00:00,1871507.37,,509216.86
2026-05-08 05:00:00,1884929.13,,511246.76
2026-05-08 06:00:00,1882240.26,,507492.69
2026-05-08 07:00:00,1868363.26,,504575.32
2026-05-08 08:00:00,1870483.06,,501517.73
2026-05-08 09:00:00,1878563.38,,501308.32
2026-05-08 10:00:00,1894369.90,,503269.63
2026-05-08 11:00:00,1903276.54,,508627.14
2026-05-08 12:00:00,1901282.46,,510595.74
2026-05-08 13:00:00,1900221.72,,504956.73
2026-05-08 14:00:00,1905841.29,,501382.61
2026-05-08 15:00:00,1964651.25,,512244.24
2026-05-08 16:00:00,1960571.60,,513828.78
2026-05-08 17:00:00,2074402.37,,673945.71
2026-05-08 18:00:00,2081868.97,,667198.54
2026-05-08 19:00:00,2081458.51,,666630.63
2026-05-08 20:00:00,2065773.63,,648661.92
2026-05-08 21:00:00,2055025.16,,645310.18
2026-05-08 22:00:00,2059405.55,,640995.96
2026-05-08 23:00:00,2050439.12,,624123.32
2026-05-09 00:00:00,2030946.61,,611937.77
2026-05-09 01:00:00,2022564.84,,603412.48
2026-05-09 02:00:00,2023027.05,,600582.37
2026-05-09 03:00:00,2011674.23,,598755.82
2026-05-09 04:00:00,1990129.38,,586035.19
2026-05-09 05:00:00,1981691.99,,583379.29
2026-05-09 06:00:00,1989380.67,,597082.93
2026-05-09 07:00:00,1975209.94,,586506.87
2026-05-09 08:00:00,1982178.49,,586527.13
2026-05-09 09:00:00,2105595.47,,598161.79
2026-05-09 10:00:00,2049758.76,,568752.13
2026-05-09 11:00:00,2077833.58,,574092.02
2026-05-09 12:00:00,2083380.68,,564542.87
2026-05-09 13:00:00,2074548.26,,551657.99
2026-05-09 14:00:00,2014915.81,,542439.50
2026-05-09 15:00:00,2015376.48,,548951.05
2026-05-09 16:00:00,2007035.27,,552955.43
2026-05-09 17:00:00,2021704.22,,561893.36
2026-05-09 18:00:00,2029466.37,,562326.31
2026-05-09 19:00:00,2031936.97,,560808.99
2026-05-09 20:00:00,2027584.51,,560120.40
2026-05-09 21:00:00,2023484.90,,556843.10
2026-05-09 22:00:00,2021135.97,,556838.67
2026-05-09 23:00:00,2020872.07,,555544.77
2026-05-10 00:00:00,2009813.03,,554002.41
2026-05-10 01:00:00,1995404.03,,547852.43
2026-05-10 02:00:00,1979364.72,,551413.41
2026-05-10 03:00:00,1985092.50,,542604.45
2026-05-10 04:00:00,1986334.70,,538637.91
2026-05-10 05:00:00,1994372.80,,537926.62
2026-05-10 06:00:00,2004190.41,,550949.23
2026-05-10 07:00:00,2002378.15,,548295.19
2026-05-10 08:00:00,2006340.21,,545535.98
2026-05-10 09:00:00,2017601.52,,543464.64
2026-05-10 10:00:00,2011902.73,,539568.68
2026-05-10 11:00:00,2008978.86,,541767.65
2026-05-10 12:00:00,2001445.86,,539288.38
2026-05-10 13:00:00,2016359.38,,540546.15
2026-05-10 14:00:00,2015758.79,,540460.04
2026-05-10 15:00:00,2017719.54,,537025.68
2026-05-10 16:00:00,2045691.53,,537266.06
2026-05-10 17:00:00,2066154.93,,549471.72
2026-05-10 18:00:00,2082828.07,,552278.68
2026-05-10 19:00:00,2082027.38,,552347.18
2026-05-10 20:00:00,2083029.46,,550086.00
2026-05-10 21:00:00,2001859.30,,531834.47
2026-05-10 22:00:00,1999126.23,,525822.01
2026-05-10 23:00:00,2044808.17,,535070.59
2026-05-11 00:00:00,2032674.13,,531075.76
2026-05-11 01:00:00,2004128.52,,527884.37
2026-05-11 02:00:00,2009806.14,,529846.14
2026-05-11 03:00:00,1988066.45,,534526.14
2026-05-11 04:00:00,1979178.51,,525053.89
2026-05-11 05:00:00,1983195.52,,525959.12
2026-05-11 06:00:00,1998368.04,,527755.28
2026-05-11 07:00:00,1991187.47,,528361.33
2026-05-11 08:00:00,1994755.41,,528485.94
2026-05-11 09:00:00,2001974.50,,527199.65
2026-05-11 10:00:00,2029024.25,,538290.07
2026-05-11 11:00:00,2029703.27,,536079.82
2026-05-11 12:00:00,2028506.93,,535744.65
2026-05-11 13:00:00,2042191.84,,536740.18
2026-05-11 14:00:00,2039170.61,,539852.94
2026-05-11 15:00:00,2037784.07,,529649.39
2026-05-11 16:00:00,2071426.56,,537504.08
2026-05-11 17:00:00,2088909.45,,540904.63
2026-05-11 18:00:00,2092771.81,,548916.10
2026-05-11 19:00:00,2112952.92,,552345.42
2026-05-11 20:00:00,2174925.56,,596068.89
2026-05-11 21:00:00,2194853.34,,583475.41
2026-05-11 22:00:00,2165374.71,,576153.70
2026-05-11 23:00:00,2157997.63,,582914.41
2026-05-12 00:00:00,2176601.57,,605329.01
2026-05-12 01:00:00,2138316.73,,585187.62
2026-05-12 02:00:00,2052343.76,,583306.62
2026-05-12 03:00:00,2020656.07,,550115.45
2026-05-12 04:00:00,2005174.94,,547901.54
2026-05-12 05:00:00,2014816.30,,546752.08
2026-05-12 06:00:00,2026633.46,,559671.38
2026-05-12 07:00:00,2036621.14,,561317.40
2026-05-12 08:00:00,2064016.86,,549887.83
2026-05-12 09:00:00,2097797.78,,589208.91
2026-05-12 10:00:00,2097988.97,,601105.20
2026-05-12 11:00:00,2030004.80,,554935.13
2026-05-12 12:00:00,2011683.66,,548703.80
2026-05-12 13:00:00,2062543.94,,553726.09
2026-05-12 14:00:00,2076814.20,,544406.42
2026-05-12 15:00:00,2054571.84,,542843.78
2026-05-12 16:00:00,2027191.14,,525732.19
2026-05-12 17:00:00,2034950.57,,522042.67
2026-05-12 18:00:00,2080164.06,,532123.90
2026-05-12 19:00:00,2104731.17,,530908.15
2026-05-12 20:00:00,2115794.85,,527288.34
2026-05-12 21:00:00,2114288.96,,538747.47
2026-05-12 22:00:00,2108820.24,,534629.98
2026-05-12 23:00:00,2114134.50,,528315.81
2026-05-13 00:00:00,2090438.11,,526637.69
2026-05-13 01:00:00,2095881.25,,524188.13
2026-05-13 02:00:00,2119697.28,,529860.81
2026-05-13 03:00:00,2097403.23,,520855.49
2026-05-13 04:00:00,2116451.29,,531732.07
2026-05-13 05:00:00,2148715.66,,538301.55
2026-05-13 06:00:00,2099211.35,,530469.93
2026-05-13 07:00:00,2087768.50,,525920.04
2026-05-13 08:00:00,2094683.37,,528218.81
2026-05-13 09:00:00,2112512.83,,524907.90
2026-05-13 10:00:00,2140395.07,,531703.87
2026-05-13 11:00:00,2052382.05,,522541.13
2026-05-13 12:00:00,1996175.48,,519761.48
2026-05-13 13:00:00,1890482.34,,501001.72
2026-05-13 14:00:00,1904874.82,,496761.89
2026-05-13 15:00:00,1901267.80,,498439.04
2026-05-13 16:00:00,1852617.55,,503877.57
2026-05-13 17:00:00,1882084.76,,506867.24
2026-05-13 18:00:00,1872840.13,,506625.14
2026-05-13 19:00:00,1871370.44,,504204.88
2026-05-13 20:00:00,1858321.13,,500953.61
2026-05-13 21:00:00,1874668.29,,505002.36
2026-05-13 22:00:00,1858249.66,,499169.14
2026-05-13 23:00:00,1872039.34,,504787.22
2026-05-14 00:00:00,1869572.15,,509920.41
2026-05-14 01:00:00,1879901.14,,510725.76
2026-05-14 02:00:00,1867251.61,,519455.74
2026-05-14 03:00:00,1855806.95,,508734.45
2026-05-14 04:00:00,1821931.39,,498457.99
2026-05-14 05:00:00,1839109.07,,508150.82
2026-05-14 06:00:00,1852484.72,,511501.98
2026-05-14 07:00:00,1866284.56,,513502.37
2026-05-14 08:00:00,1864040.70,,490817.48
2026-05-14 09:00:00,1840841.31,,484955.48
2026-05-14 10:00:00,1859040.86,,488325.23
2026-05-14 11:00:00,1867972.52,,491854.38
2026-05-14 12:00:00,1861785.83,,490930.16
2026-05-14 13:00:00,1874908.59,,492889.69
2026-05-14 14:00:00,1872711.64,,488598.49
2026-05-14 15:00:00,1963863.80,,530609.45
2026-05-14 16:00:00,2094810.20,,570599.46
2026-05-14 17:00:00,2083956.95,,571120.78
2026-05-14 18:00:00,2055606.76,,556106.75
2026-05-14 19:00:00,2038413.63,,551636.72
2026-05-14 20:00:00,2022434.68,,540828.27
2026-05-14 21:00:00,2021760.28,,534617.46
2026-05-14 22:00:00,2017350.14,,527748.70
2026-05-14 23:00:00,2026985.73,,528623.39
2026-05-15 00:00:00,1996235.57,,519054.51
2026-05-15 01:00:00,2000072.75,,526436.49
2026-05-15 02:00:00,1983889.57,,515217.59
2026-05-15 03:00:00,1983590.22,,508952.32
2026-05-15 04:00:00,1958300.76,,504223.34
2026-05-15 05:00:00,1942223.50,,487470.53
2026-05-15 06:00:00,1876277.44,,477645.56
2026-05-15 07:00:00,1887167.30,,473125.94
2026-05-15 08:00:00,1897743.41,,483253.46
2026-05-15 09:00:00,1896653.54,,481994.06
2026-05-15 10:00:00,1899900.06,,477452.13
2026-05-15 11:00:00,1905416.63,,482981.52
2026-05-15 12:00:00,1903455.81,,476776.16
2026-05-15 13:00:00,1890224.78,,481902.70
2026-05-15 14:00:00,1788142.71,,457385.41
2026-05-15 15:00:00,1804169.63,,460985.19
2026-05-15 16:00:00,1817971.29,,464467.23
2026-05-15 17:00:00,1833469.99,,466450.26
2026-05-15 18:00:00,1829238.64,,464837.92
2026-05-15 19:00:00,1822751.77,,462304.85
2026-05-15 20:00:00,1820288.03,,459873.07
2026-05-15 21:00:00,1810406.73,,463580.81
2026-05-15 22:00:00,1797185.27,,461451.51
2026-05-15 23:00:00,1798198.98,,461821.98
2026-05-16 00:00:00,1800463.92,,463995.93
2026-05-16 01:00:00,1804803.97,,464342.73
2026-05-16 02:00:00,1809049.67,,465661.14
2026-05-16 03:00:00,1808669.18,,465804.56
2026-05-16 04:00:00,1807015.53,,466774.93
2026-05-16 05:00:00,1788978.37,,458808.04
2026-05-16 06:00:00,1784430.20,,457137.75
2026-05-16 07:00:00,1753831.93,,453557.88
2026-05-16 08:00:00,1713050.24,,437597.52
2026-05-16 09:00:00,1713187.78,,435667.99
2026-05-16 10:00:00,1682084.55,,441966.13
2026-05-16 11:00:00,1671274.91,,440252.66
2026-05-16 12:00:00,1675025.51,,441710.71
2026-05-16 13:00:00,1668010.93,,438403.12
2026-05-16 14:00:00,1669235.87,,438425.63
2026-05-16 15:00:00,1691409.48,,443540.37
2026-05-16 16:00:00,1699881.86,,449094.32
2026-05-16 17:00:00,1691663.50,,453671.34
2026-05-16 18:00:00,1697012.17,,453914.53
2026-05-16 19:00:00,1698062.83,,453059.82
2026-05-16 20:00:00,1686133.81,,449209.07
2026-05-16 21:00:00,1671804.43,,442644.55
2026-05-16 22:00:00,1671032.65,,440046.21
2026-05-16 23:00:00,1670655.37,,436626.50
2026-05-17 00:00:00,1659278.33,,433126.54
2026-05-17 01:00:00,1648052.19,,428849.10
2026-05-17 02:00:00,1637115.51,,425711.29
2026-05-17 03:00:00,1642346.35,,429486.86
2026-05-17 04:00:00,1659074.80,,437386.71
2026-05-17 05:00:00,1652388.00,,437247.35
2026-05-17 06:00:00,1652992.08,,437155.57
2026-05-17 07:00:00,1648616.75,,436124.66
2026-05-17 08:00:00,1658384.63,,435669.75
2026-05-17 09:00:00,1652386.72,,436707.48
2026-05-17 10:00:00,1662558.65,,438115.12
2026-05-17 11:00:00,1661145.21,,443476.05
2026-05-17 12:00:00,1648769.91,,440346.28
2026-05-17 13:00:00,1652497.78,,441967.98
2026-05-17 14:00:00,1649235.01,,432068.26
2026-05-17 15:00:00,1650382.79,,430430.06
2026-05-17 16:00:00,1654847.28,,434220.07
2026-05-17 17:00:00,1655787.81,,432080.91
2026-05-17 18:00:00,1657372.36,,435351.73
2026-05-17 19:00:00,1661845.34,,434207.74
2026-05-17 20:00:00,1667054.18,,435657.01
2026-05-17 21:00:00,1657737.11,,433626.94
2026-05-17 22:00:00,1656754.23,,435890.63
2026-05-17 23:00:00,1651727.18,,432189.02
2026-05-18 00:00:00,1587581.21,,405926.49
2026-05-18 01:00:00,1598173.01,,403964.36
2026-05-18 02:00:00,1582147.27,,432541.39
2026-05-18 03:00:00,1585509.38,,431587.44
2026-05-18 04:00:00,1584032.38,,432358.45
2026-05-18 05:00:00,1593592.31,,436536.46
2026-05-18 06:00:00,1588353.70,,438869.77
2026-05-18 07:00:00,1590201.22,,441816.23
2026-05-18 08:00:00,1585764.00,,439870.63
2026-05-18 09:00:00,1587811.48,,443615.79
2026-05-18 10:00:00,1576465.59,,441062.30
2026-05-18 11:00:00,1567438.80,,438956.98
2026-05-18 12:00:00,1583394.71,,440710.15
2026-05-18 13:00:00,1585292.90,,439453.51
2026-05-18 14:00:00,1575890.10,,440063.49
2026-05-18 15:00:00,1564267.74,,446332.33
2026-05-18 16:00:00,1554176.38,,450985.89
2026-05-18 17:00:00,1548923.67,,443008.48
2026-05-18 18:00:00,1530305.42,,438507.08
2026-05-18 19:00:00,1513835.53,,455377.62
2026-05-18 20:00:00,1548539.31,,458998.25
2026-05-18 21:00:00,1549173.51,,448835.58
2026-05-18 22:00:00,1565350.48,,450337.94
2026-05-18 23:00:00,1548275.07,,441746.82
2026-05-19 00:00:00,1549425.10,,438190.08
2026-05-19 01:00:00,1551137.50,,433073.20
2026-05-19 02:00:00,1532260.74,,424462.36
2026-05-19 03:00:00,1523904.34,,417935.97
2026-05-19 04:00:00,1531386.76,,416635.26
2026-05-19 05:00:00,1545053.64,,420127.62
2026-05-19 06:00:00,1552262.65,,421214.15
2026-05-19 07:00:00,1579084.71,,427482.15
2026-05-19 08:00:00,1571716.58,,422726.71
2026-05-19 09:00:00,1562145.39,,420241.59
2026-05-19 10:00:00,1616764.08,,427433.46
2026-05-19 11:00:00,1608252.92,,420036.90
2026-05-19 12:00:00,1581673.16,,410013.45
2026-05-19 13:00:00,1600146.89,,413397.71
2026-05-19 14:00:00,1600444.96,,413742.72
2026-05-19 15:00:00,1597789.80,,409420.27
2026-05-19 16:00:00,1598512.39,,406534.50
2026-05-19 17:00:00,1607091.88,,409393.57
2026-05-19 18:00:00,1601782.39,,406690.84
2026-05-19 19:00:00,1592250.26,,405107.26
2026-05-19 20:00:00,1587564.18,,403731.60
2026-05-19 21:00:00,1587175.50,,403144.72
2026-05-19 22:00:00,1584679.14,,402333.67
2026-05-19 23:00:00,1577772.58,,400895.44
2026-05-20 00:00:00,1586623.39,,405401.45
2026-05-20 01:00:00,1583834.29,,405782.10
2026-05-20 02:00:00,1594300.70,,408487.70
2026-05-20 03:00:00,1613125.54,,427409.95
2026-05-20 04:00:00,1625393.45,,427869.26
2026-05-20 05:00:00,1627329.71,,426280.17
2026-05-20 06:00:00,1635648.63,,424239.67
2026-05-20 07:00:00,1634116.50,,422123.08
2026-05-20 08:00:00,1613234.19,,411540.34
2026-05-20 09:00:00,1613470.23,,415275.26
2026-05-20 10:00:00,1635006.05,,417259.43
2026-05-20 11:00:00,1646155.48,,414685.70
2026-05-20 12:00:00,1623528.38,,409880.99
2026-05-20 13:00:00,1632271.39,,411317.09
2026-05-20 14:00:00,1628780.92,,407664.42
2026-05-20 15:00:00,1650586.14,,410713.17
2026-05-20 16:00:00,1657706.73,,418627.25
2026-05-20 17:00:00,1650905.49,,410015.39
2026-05-20 18:00:00,1663068.84,,411931.05
2026-05-20 19:00:00,1658793.82,,407625.89
2026-05-20 20:00:00,1653775.10,,405180.76
2026-05-20 21:00:00,1668258.15,,414330.94
2026-05-20 22:00:00,1661859.91,,412454.01
2026-05-20 23:00:00,1656774.35,,410187.35
2026-05-21 00:00:00,1674201.32,,432248.62
2026-05-21 01:00:00,1660603.64,,435273.76
2026-05-21 02:00:00,1659463.05,,436964.95
2026-05-21 03:00:00,1649938.58,,431088.28
2026-05-21 04:00:00,1649471.03,,431912.59
2026-05-21 05:00:00,1640652.23,,430629.72
2026-05-21 06:00:00,1628473.77,,425803.25
2026-05-21 07:00:00,1633165.78,,426808.68
2026-05-21 08:00:00,1637794.38,,425937.21
2026-05-21 09:00:00,1636512.72,,420995.00
2026-05-21 10:00:00,1626881.27,,417757.79
2026-05-21 11:00:00,1616329.41,,410664.57
2026-05-21 12:00:00,1628301.32,,408080.33
2026-05-21 13:00:00,1636473.17,,408557.74
2026-05-21 14:00:00,1639560.97,,410432.66
2026-05-21 15:00:00,1634100.60,,406129.57
2026-05-21 16:00:00,1639855.16,,404556.58
2026-05-21 17:00:00,1636875.24,,403899.92
2026-05-21 18:00:00,1678143.25,,410537.58
2026-05-21 19:00:00,1685029.20,,408007.11
2026-05-21 20:00:00,1685293.57,,410759.02
2026-05-21 21:00:00,1683731.59,,409821.80
2026-05-21 22:00:00,1683632.62,,408465.88
2026-05-21 23:00:00,1679178.12,,406951.10
2026-05-22 00:00:00,1681151.54,,410839.74
2026-05-22 01:00:00,1665539.34,,403955.00
2026-05-22 02:00:00,1672137.19,,406882.81
2026-05-22 03:00:00,1679872.11,,409374.62
2026-05-22 04:00:00,1685319.51,,408883.81
2026-05-22 05:00:00,1703838.52,,410847.80
2026-05-22 06:00:00,1702896.42,,414364.96
2026-05-22 07:00:00,1721366.34,,443212.96
2026-05-22 08:00:00,1739352.73,,443217.74
2026-05-22 09:00:00,1726131.24,,439946.54
2026-05-22 10:00:00,1727087.85,,440455.65
2026-05-22 11:00:00,1720010.28,,436995.75
2026-05-22 12:00:00,1727938.50,,441966.56
2026-05-22 13:00:00,1738720.46,,442147.85
2026-05-22 14:00:00,1737425.02,,442596.51
2026-05-22 15:00:00,1732057.44,,439396.00
2026-05-22 16:00:00,1730310.17,,443276.52
2026-05-22 17:00:00,1733903.53,,444494.51
2026-05-22 18:00:00,1720996.71,,442094.49
2026-05-22 19:00:00,1688211.39,,433528.29
2026-05-22 20:00:00,1655479.09,,445553.48
2026-05-22 21:00:00,1664496.25,,447148.07
2026-05-22 22:00:00,1659877.08,,453569.00
2026-05-22 23:00:00,1644554.13,,453282.81
2026-05-23 00:00:00,1617793.65,,447717.51
2026-05-23 01:00:00,1633745.68,,450317.20
2026-05-23 02:00:00,1641424.37,,453810.90
2026-05-23 03:00:00,1654047.19,,455346.98
2026-05-23 04:00:00,1672944.26,,439799.23
2026-05-23 05:00:00,1659328.68,,435202.41
2026-05-23 06:00:00,1660836.52,,432184.10
2026-05-23 07:00:00,1662464.34,,431155.63
2026-05-23 08:00:00,1589444.35,,414073.69
2026-05-23 09:00:00,1574811.36,,425832.46
2026-05-23 10:00:00,1568464.05,,425213.34
2026-05-23 11:00:00,1574640.17,,427693.60
2026-05-23 12:00:00,1565481.43,,425824.42
2026-05-23 13:00:00,1576280.30,,426126.47
2026-05-23 14:00:00,1586128.81,,422476.88
2026-05-23 15:00:00,1599228.30,,420895.31
2026-05-23 16:00:00,1603832.86,,425107.89
2026-05-23 17:00:00,1603224.76,,424505.80
2026-05-23 18:00:00,1604358.06,,423948.61
2026-05-23 19:00:00,1614332.08,,428028.97
2026-05-23 20:00:00,1609386.85,,425836.06
2026-05-23 21:00:00,1669370.15,,430876.99
2026-05-23 22:00:00,1649251.48,,423183.13
2026-05-23 23:00:00,1639115.35,,422598.22
2026-05-24 00:00:00,1637579.28,,416936.51
2026-05-24 01:00:00,1646735.19,,416198.98
2026-05-24 02:00:00,1638128.53,,412110.70
2026-05-24 03:00:00,1642122.70,,407571.12
2026-05-24 04:00:00,1633984.05,,411406.98
2026-05-24 05:00:00,1637881.50,,406681.54
2026-05-24 06:00:00,1628494.28,,410620.98
2026-05-24 07:00:00,1635121.96,,414703.38
2026-05-24 08:00:00,1625386.61,,410314.83
2026-05-24 09:00:00,1626737.21,,408043.53
2026-05-24 10:00:00,1627111.39,,410355.73
2026-05-24 11:00:00,1615830.17,,407370.16
2026-05-24 12:00:00,1613530.83,,407348.99
2026-05-24 13:00:00,1606408.52,,406642.77
2026-05-24 14:00:00,1588453.72,,420108.61
2026-05-24 15:00:00,1575032.82,,428945.79
2026-05-24 16:00:00,1575222.28,,428323.23
2026-05-24 17:00:00,1572942.30,,429576.49
2026-05-24 18:00:00,1571671.95,,425474.11
2026-05-24 19:00:00,1572315.73,,425993.00
2026-05-24 20:00:00,1570472.49,,425767.45
2026-05-24 21:00:00,1572026.55,,429390.62
2026-05-24 22:00:00,1534214.37,,432049.51
2026-05-24 23:00:00,1555630.79,,432105.10
2026-05-25 00:00:00,1584999.28,,424416.46
2026-05-25 01:00:00,1593076.30,,412740.34
2026-05-25 02:00:00,1587299.12,,398183.87
2026-05-25 03:00:00,1607842.03,,406350.76
2026-05-25 04:00:00,1605027.08,,403267.85
2026-05-25 05:00:00,1623922.73,,407836.39
2026-05-25 06:00:00,1627557.94,,415179.58
2026-05-25 07:00:00,1643785.82,,418831.82
2026-05-25 08:00:00,1645876.27,,418856.24
2026-05-25 09:00:00,1650833.06,,420369.94
2026-05-25 10:00:00,1642912.19,,417798.23
2026-05-25 11:00:00,1648544.11,,421586.63
2026-05-25 12:00:00,1628629.08,,421481.98
2026-05-25 13:00:00,1625499.39,,415805.39
2026-05-25 14:00:00,1623112.01,,407888.51
2026-05-25 15:00:00,1644945.53,,417318.21
2026-05-25 16:00:00,1633188.03,,430348.52
2026-05-25 17:00:00,1673866.00,,473750.93
2026-05-25 18:00:00,1657798.40,,471142.47
2026-05-25 19:00:00,1649327.11,,441029.32
2026-05-25 20:00:00,1632333.16,,428022.59
2026-05-25 21:00:00,1615592.89,,424286.06
2026-05-25 22:00:00,1614674.47,,414546.81
2026-05-25 23:00:00,1594853.65,,407584.03
2026-05-26 00:00:00,1602648.88,,412012.86
2026-05-26 01:00:00,1577551.61,,410876.38
2026-05-26 02:00:00,1587812.61,,413671.53
2026-05-26 03:00:00,1585482.36,,416863.87
2026-05-26 04:00:00,1593110.76,,422960.73
2026-05-26 05:00:00,1609291.10,,429019.46
2026-05-26 06:00:00,1617672.79,,432010.09
2026-05-26 07:00:00,1620288.27,,430431.52
2026-05-26 08:00:00,1604619.02,,428311.34
2026-05-26 09:00:00,1610406.41,,423340.38
2026-05-26 10:00:00,1608301.60,,420544.65
2026-05-26 11:00:00,1625328.44,,421780.07
2026-05-26 12:00:00,1618524.55,,421166.42
2026-05-26 13:00:00,1623179.32,,425251.31
2026-05-26 14:00:00,1617686.26,,427623.67
2026-05-26 15:00:00,1607965.65,,436564.40
2026-05-26 16:00:00,1593098.43,,432426.71
2026-05-26 17:00:00,1588250.03,,432698.48
2026-05-26 18:00:00,1567040.26,,419756.60
2026-05-26 19:00:00,1573132.37,,419077.07
2026-05-26 20:00:00,1576589.20,,419081.18
2026-05-26 21:00:00,1577147.23,,418731.37
2026-05-26 22:00:00,1565894.65,,420988.16
2026-05-26 23:00:00,1568774.80,,418242.93
2026-05-27 00:00:00,1573818.45,,419593.70
2026-05-27 01:00:00,1586185.10,,421307.73
2026-05-27 02:00:00,1572125.82,,422363.06
2026-05-27 03:00:00,1569135.73,,423984.06
2026-05-27 04:00:00,1558568.52,,412315.60
2026-05-27 05:00:00,1559883.48,,417431.94
2026-05-27 06:00:00,1562308.93,,420471.83
2026-05-27 07:00:00,1571067.28,,421936.11
2026-05-27 08:00:00,1574078.96,,424960.26
2026-05-27 09:00:00,1565871.52,,420161.32
2026-05-27 10:00:00,1563829.75,,414874.58
2026-05-27 11:00:00,1569729.05,,417884.59
2026-05-27 12:00:00,1568589.57,,422191.17
2026-05-27 13:00:00,1581848.33,,433196.87
2026-05-27 14:00:00,1569699.40,,423880.92
2026-05-27 15:00:00,1583316.11,,426661.38
2026-05-27 16:00:00,1607057.30,,437845.41
2026-05-27 17:00:00,1603136.09,,443655.84
2026-05-27 18:00:00,1589485.60,,438448.08
2026-05-27 19:00:00,1597611.38,,437279.61
2026-05-27 20:00:00,1593263.27,,433625.17
2026-05-27 21:00:00,1596315.69,,437898.27
2026-05-27 22:00:00,1559511.93,,423111.20
2026-05-27 23:00:00,1561323.83,,416847.63
2026-05-28 00:00:00,1560193.06,,419442.56
2026-05-28 01:00:00,1553403.62,,425630.18
2026-05-28 02:00:00,1539319.20,,421048.53
2026-05-28 03:00:00,1540293.91,,419837.64
2026-05-28 04:00:00,1485612.45,,404314.06
2026-05-28 05:00:00,1480713.03,,406512.36
2026-05-28 06:00:00,1458595.82,,398850.08
2026-05-28 07:00:00,1471398.46,,399515.33
2026-05-28 08:00:00,1481751.68,,398447.77
2026-05-28 09:00:00,1476465.88,,395319.16
2026-05-28 10:00:00,1483564.40,,393937.53
2026-05-28 11:00:00,1466695.93,,386672.44
2026-05-28 12:00:00,1464357.76,,386125.12
2026-05-28 13:00:00,1472334.53,,387620.19
2026-05-28 14:00:00,1473270.49,,388760.46
2026-05-28 15:00:00,1488739.47,,399774.88
2026-05-28 16:00:00,1495416.13,,397205.95
2026-05-28 17:00:00,1510939.11,,402482.85
2026-05-28 18:00:00,1524642.47,,405684.82
2026-05-28 19:00:00,1527150.35,,410859.50
2026-05-28 20:00:00,1512387.63,,410803.61
2026-05-28 21:00:00,1518712.97,,413998.56
2026-05-28 22:00:00,1516793.36,,412717.40
2026-05-28 23:00:00,1500263.62,,407057.12
2026-05-29 00:00:00,1513903.38,,407390.70
2026-05-29 01:00:00,1522723.75,,410680.78
2026-05-29 02:00:00,1518207.73,,411189.49
2026-05-29 03:00:00,1498454.31,,398743.61
2026-05-29 04:00:00,1496923.93,,401479.79
2026-05-29 05:00:00,1506981.42,,399880.33
2026-05-29 06:00:00,1509196.66,,399227.06
2026-05-29 07:00:00,1501263.11,,401242.95
2026-05-29 08:00:00,1493873.79,,397792.18
2026-05-29 09:00:00,1489631.95,,397082.81
2026-05-29 10:00:00,1497477.76,,398624.23
2026-05-29 11:00:00,1479634.76,,396884.58
2026-05-29 12:00:00,1473751.14,,387736.28
2026-05-29 13:00:00,1466433.76,,393791.24
2026-05-29 14:00:00,1478039.76,,387850.13
2026-05-29 15:00:00,1470844.04,,383208.64
2026-05-29 16:00:00,1510316.86,,420156.35
2026-05-29 17:00:00,1528896.06,,439660.37
2026-05-29 18:00:00,1513596.68,,438955.36
2026-05-29 19:00:00,1496761.69,,423716.67
2026-05-29 20:00:00,1478123.84,,409772.70
2026-05-29 21:00:00,1482554.64,,413519.95
2026-05-29 22:00:00,1469306.03,,412126.09
2026-05-29 23:00:00,1470292.01,,411414.87
2026-05-30 00:00:00,1470076.82,,411038.66
2026-05-30 01:00:00,1486241.37,,421287.37
2026-05-30 02:00:00,1540250.09,,460366.89
2026-05-30 03:00:00,1548520.16,,466339.90
2026-05-30 04:00:00,1534944.09,,460573.27
2026-05-30 05:00:00,1521670.73,,434132.87
2026-05-30 06:00:00,1518695.52,,439047.15
2026-05-30 07:00:00,1504297.79,,436697.68
2026-05-30 08:00:00,1528975.01,,442328.27
2026-05-30 09:00:00,1530623.06,,441525.29
2026-05-30 10:00:00,1550538.07,,446367.76
2026-05-30 11:00:00,1538298.14,,440753.39
2026-05-30 12:00:00,1512160.67,,419021.50
2026-05-30 13:00:00,1520459.73,,417615.84
2026-05-30 14:00:00,1517816.57,,418370.78
2026-05-30 15:00:00,1505703.74,,417390.23
2026-05-30 16:00:00,1510988.25,,420646.03
2026-05-30 17:00:00,1527807.89,,426833.02
2026-05-30 18:00:00,1529674.47,,450862.28
2026-05-30 19:00:00,1535175.00,,451953.77
2026-05-30 20:00:00,1530117.60,,450017.40
2026-05-30 21:00:00,1527360.69,,450668.56
2026-05-30 22:00:00,1516576.67,,432193.37
2026-05-30 23:00:00,1508056.99,,440185.56
2026-05-31 00:00:00,1508660.85,,439954.96
2026-05-31 01:00:00,1535363.38,,425385.96
2026-05-31 02:00:00,1525386.47,,417574.51
2026-05-31 03:00:00,1524388.77,,411152.23
2026-05-31 04:00:00,1532596.64,,413983.18
2026-05-31 05:00:00,1538836.93,,414286.93
2026-05-31 06:00:00,1530124.17,,412527.08
2026-05-31 07:00:00,1523242.28,,412931.43
2026-05-31 08:00:00,1513189.27,,418171.81
2026-05-31 09:00:00,1518174.53,,416721.21
2026-05-31 10:00:00,1517677.68,,415371.00
2026-05-31 11:00:00,1512473.95,,416429.71
2026-05-31 12:00:00,1506564.96,,414961.57
2026-05-31 13:00:00,1507898.25,,412864.26
2026-05-31 14:00:00,1502410.52,,419182.26
2026-05-31 15:00:00,1474875.69,,444344.01
2026-05-31 16:00:00,1483054.73,,443767.85
2026-05-31 17:00:00,1472787.53,,442854.78
2026-05-31 18:00:00,1490335.24,,439146.09
2026-05-31 19:00:00,1479770.26,,437759.29
2026-05-31 20:00:00,1481932.39,,437252.39
2026-05-31 21:00:00,1494894.51,,427625.60
2026-05-31 22:00:00,1516699.08,,421843.54
2026-05-31 23:00:00,1545056.89,,427843.10
2026-06-01 00:00:00,1562446.55,,448947.83
2026-06-01 01:00:00,1574630.88,,460457.74
2026-06-01 02:00:00,1562155.20,,465767.49
2026-06-01 03:00:00,1590521.94,,472540.66
2026-06-01 04:00:00,1592363.68,,475793.00
2026-06-01 05:00:00,1592359.20,,473018.47
2026-06-01 06:00:00,1563734.80,,456306.66
2026-06-01 07:00:00,1547227.12,,425249.62
2026-06-01 08:00:00,1534801.42,,427226.02
2026-06-01 09:00:00,1558286.92,,431153.08
2026-06-01 10:00:00,1570931.98,,441512.45
2026-06-01 11:00:00,1578810.95,,450440.40
2026-06-01 12:00:00,1590240.37,,449491.43
2026-06-01 13:00:00,1602896.63,,447861.81
2026-06-01 14:00:00,1609446.78,,457295.91
2026-06-01 15:00:00,1614055.40,,455482.08
2026-06-01 16:00:00,1625487.86,,458233.09
2026-06-01 17:00:00,1659231.91,,465420.57
2026-06-01 18:00:00,1675509.19,,462637.24
2026-06-01 19:00:00,1673060.19,,458741.15
2026-06-01 20:00:00,1683676.47,,457092.66
2026-06-01 21:00:00,1673192.63,,451399.13
2026-06-01 22:00:00,1658281.88,,444602.43
2026-06-01 23:00:00,1670828.82,,437662.61
2026-06-02 00:00:00,1666538.57,,432312.99
2026-06-02 01:00:00,1656590.66,,437274.39
2026-06-02 02:00:00,1646877.33,,455247.48
2026-06-02 03:00:00,1668939.12,,455466.03
2026-06-02 04:00:00,1667820.02,,449115.16
2026-06-02 05:00:00,1650862.40,,442337.87
2026-06-02 06:00:00,1643655.63,,438860.10
2026-06-02 07:00:00,1652910.57,,437506.87
2026-06-02 08:00:00,1656891.93,,429895.56
2026-06-02 09:00:00,1659560.29,,429512.21
2026-06-02 10:00:00,1644677.10,,431056.79
2026-06-02 11:00:00,1659534.36,,431473.30
2026-06-02 12:00:00,1653965.96,,427200.74
2026-06-02 13:00:00,1655298.87,,427521.89
2026-06-02 14:00:00,1658289.69,,426760.93
2026-06-02 15:00:00,1584238.16,,405132.89
2026-06-02 16:00:00,1589812.68,,394931.75
2026-06-02 17:00:00,1600565.89,,396797.72
2026-06-02 18:00:00,1607020.43,,407436.91
2026-06-02 19:00:00,1584282.88,,397079.54
2026-06-02 20:00:00,1557878.39,,398894.85
2026-06-02 21:00:00,1573927.39,,398129.00
2026-06-02 22:00:00,1568171.97,,393411.74
2026-06-02 23:00:00,1529472.36,,393909.31
2026-06-03 00:00:00,1531765.09,,402009.94
2026-06-03 01:00:00,1536692.66,,402386.38
2026-06-03 02:00:00,1536290.77,,407028.33
2026-06-03 03:00:00,1537769.91,,406121.48
2026-06-03 04:00:00,1511886.73,,391901.71
2026-06-03 05:00:00,1555969.81,,405217.15
2026-06-03 06:00:00,1613757.75,,470806.25
2026-06-03 07:00:00,1610397.28,,472297.31
2026-06-03 08:00:00,1619784.88,,478545.08
2026-06-03 09:00:00,1616266.14,,473736.09
2026-06-03 10:00:00,1608829.39,,460147.11
2026-06-03 11:00:00,1604690.88,,450982.52
2026-06-03 12:00:00,1596367.85,,432644.27
2026-06-03 13:00:00,1601964.65,,429786.60
2026-06-03 14:00:00,1609961.89,,439325.05
2026-06-03 15:00:00,1607423.12,,433325.82
2026-06-03 16:00:00,1592120.21,,416095.74
2026-06-03 17:00:00,1594411.52,,425020.81
2026-06-03 18:00:00,1591629.14,,417308.18
2026-06-03 19:00:00,1586997.33,,413158.76
2026-06-03 20:00:00,1563139.48,,412138.85
2026-06-03 21:00:00,1531579.16,,397988.61
2026-06-03 22:00:00,1570262.84,,409099.31
2026-06-03 23:00:00,1551295.69,,413283.34
2026-06-04 00:00:00,1532906.73,,393962.43
2026-06-04 01:00:00,1521114.35,,385150.61
2026-06-04 02:00:00,1463591.88,,371115.45
2026-06-04 03:00:00,1439993.91,,381778.26
2026-06-04 04:00:00,1474468.03,,406874.20
2026-06-04 05:00:00,1441591.94,,403622.31
2026-06-04 06:00:00,1433868.92,,388418.20
2026-06-04 07:00:00,1439458.53,,389854.75
2026-06-04 08:00:00,1413956.65,,386909.45
2026-06-04 09:00:00,1408061.39,,384819.36
2026-06-04 10:00:00,1380454.00,,373750.63
2026-06-04 11:00:00,1360576.96,,369553.04
2026-06-04 12:00:00,1360409.84,,385792.74
2026-06-04 13:00:00,1420561.44,,410977.53
2026-06-04 14:00:00,1434827.78,,417961.01
2026-06-04 15:00:00,1422141.30,,413577.86
2026-06-04 16:00:00,1461590.73,,402077.27
2026-06-04 17:00:00,1456252.66,,408227.39
2026-06-04 18:00:00,1460691.84,,418881.55
2026-06-04 19:00:00,1472093.42,,423494.42
2026-06-04 20:00:00,1459866.44,,418583.30
2026-06-04 21:00:00,1454551.60,,420607.33
2026-06-04 22:00:00,1393797.22,,397363.13
2026-06-04 23:00:00,1408567.23,,396299.25
2026-06-05 00:00:00,1412534.66,,395253.01
2026-06-05 01:00:00,1405246.69,,388344.13
2026-06-05 02:00:00,1415506.38,,391955.12
2026-06-05 03:00:00,1366718.25,,379095.95
2026-06-05 04:00:00,1357010.01,,384302.94
2026-06-05 05:00:00,1395188.79,,388078.24
2026-06-05 06:00:00,1345488.96,,371643.98
2026-06-05 07:00:00,1312710.46,,362177.90
2026-06-05 08:00:00,1325669.67,,369737.12
2026-06-05 09:00:00,1314271.50,,369868.15
2026-06-05 10:00:00,1341221.05,,370184.94
2026-06-05 11:00:00,1332605.81,,370398.32
2026-06-05 12:00:00,1321166.35,,365631.16
2026-06-05 13:00:00,1306641.62,,361985.86
2026-06-05 14:00:00,1294321.28,,377307.41
2026-06-05 15:00:00,1305976.15,,378308.35
2026-06-05 16:00:00,1288021.21,,372465.82
2026-06-05 17:00:00,1331831.65,,369376.05
2026-06-05 18:00:00,1312407.67,,383921.66
2026-06-05 19:00:00,1257062.03,,355171.62
2026-06-05 20:00:00,1273408.37,,351870.66
2026-06-05 21:00:00,1308604.33,,356979.23
2026-06-05 22:00:00,1320963.91,,363744.27
2026-06-05 23:00:00,1303453.90,,352299.28
2026-06-06 00:00:00,1290721.90,,354960.23
2026-06-06 01:00:00,1302803.98,,354900.34
2026-06-06 02:00:00,1288914.46,,349152.56
2026-06-06 03:00:00,1278262.79,,344741.78
2026-06-06 04:00:00,1261331.48,,343620.68
2026-06-06 05:00:00,1210690.32,,325440.29
2026-06-06 06:00:00,1258908.79,,343206.16
2026-06-06 07:00:00,1257152.63,,336134.87
2026-06-06 08:00:00,1280290.59,,344940.51
2026-06-06 09:00:00,1293692.37,,348322.06
2026-06-06 10:00:00,1278751.97,,347038.18
2026-06-06 11:00:00,1269875.58,,344113.96
2026-06-06 12:00:00,1276967.22,,368760.47
2026-06-06 13:00:00,1286967.47,,369487.43
2026-06-06 14:00:00,1289705.82,,369082.39
2026-06-06 15:00:00,1294818.36,,369755.43
2026-06-06 16:00:00,1297384.30,,366226.52
2026-06-06 17:00:00,1298462.28,,364773.63
2026-06-06 18:00:00,1279647.99,,360592.63
2026-06-06 19:00:00,1285501.14,,359381.56
2026-06-06 20:00:00,1293380.36,,357420.19
2026-06-06 21:00:00,1298797.12,,360508.77
2026-06-06 22:00:00,1300015.65,,368933.82
2026-06-06 23:00:00,1302445.83,,363111.87
2026-06-07 00:00:00,1323374.54,,364093.40
2026-06-07 01:00:00,1311378.28,,364263.60
2026-06-07 02:00:00,1350897.35,,381044.96
2026-06-07 03:00:00,1334349.00,,370795.15
2026-06-07 04:00:00,1328994.94,,368142.26
2026-06-07 05:00:00,1326403.77,,370093.84
2026-06-07 06:00:00,1323148.94,,375365.44
2026-06-07 07:00:00,1329669.42,,377180.27
2026-06-07 08:00:00,1332573.71,,383389.63
2026-06-07 09:00:00,1350467.84,,386342.53
2026-06-07 10:00:00,1324334.55,,381345.05
2026-06-07 11:00:00,1309333.39,,382653.18
2026-06-07 12:00:00,1307153.21,,363810.74
2026-06-07 13:00:00,1289649.46,,355312.15
2026-06-07 14:00:00,1298744.13,,354805.45
2026-06-07 15:00:00,1309328.36,,361495.15
2026-06-07 16:00:00,1299885.61,,353668.55
2026-06-07 17:00:00,1288772.14,,350871.65
2026-06-07 18:00:00,1282361.65,,350525.72
2026-06-07 19:00:00,1275359.84,,349883.23
2026-06-07 20:00:00,1263004.30,,344402.27
2026-06-07 21:00:00,1280329.98,,352072.72
2026-06-07 22:00:00,1281494.51,,351746.50
2026-06-07 23:00:00,1292812.43,,360989.61
2026-06-08 00:00:00,1311597.36,,361323.89
2026-06-08 01:00:00,1318060.56,,360289.09
2026-06-08 02:00:00,1307350.22,,353166.91
2026-06-08 03:00:00,1302956.99,,350998.06
2026-06-08 04:00:00,1306301.35,,353453.82
2026-06-08 05:00:00,1292535.61,,353556.52
2026-06-08 06:00:00,1300951.60,,362844.29
2026-06-08 07:00:00,1311232.56,,367040.79
2026-06-08 08:00:00,1314145.43,,370147.81
2026-06-08 09:00:00,1309317.06,,367902.17
2026-06-08 10:00:00,1331306.33,,369080.52
2026-06-08 11:00:00,1330615.04,,366994.48
2026-06-08 12:00:00,1334715.67,,363842.27
2026-06-08 13:00:00,1351272.18,,368547.10
2026-06-08 14:00:00,1342274.63,,366256.41
2026-06-08 15:00:00,1341981.59,,365196.15
2026-06-08 16:00:00,1339890.10,,362327.65
2026-06-08 17:00:00,1342750.93,,361644.04
2026-06-08 18:00:00,1354623.73,,366837.64
2026-06-08 19:00:00,1343192.61,,361169.65
2026-06-08 20:00:00,1335297.95,,361682.19
2026-06-08 21:00:00,1346849.89,,363218.13
2026-06-08 22:00:00,1345518.18,,362643.78
2026-06-08 23:00:00,1343998.50,,372753.12
2026-06-09 00:00:00,1339415.04,,379101.49
2026-06-09 01:00:00,1313174.24,,389380.85
2026-06-09 02:00:00,1324420.44,,386829.15
2026-06-09 03:00:00,1316972.09,,392668.74
2026-06-09 04:00:00,1319544.63,,391195.10
2026-06-09 05:00:00,1344403.72,,386152.39
2026-06-09 06:00:00,1342830.69,,383614.15
2026-06-09 07:00:00,1336885.03,,391990.13
2026-06-09 08:00:00,1328109.00,,381879.02
2026-06-09 09:00:00,1322620.96,,380565.54
2026-06-09 10:00:00,1312175.77,,376969.82
2026-06-09 11:00:00,1316857.09,,384109.40
2026-06-09 12:00:00,1316275.28,,380294.23
2026-06-09 13:00:00,1322526.59,,367392.17
2026-06-09 14:00:00,1317439.29,,357760.13
2026-06-09 15:00:00,1303816.85,,355656.00
2026-06-09 16:00:00,1296349.88,,346515.90
2026-06-09 17:00:00,1275042.66,,353346.26
2026-06-09 18:00:00,1288395.71,,353277.59
2026-06-09 19:00:00,1293041.47,,354609.94
2026-06-09 20:00:00,1308744.96,,358887.52
2026-06-09 21:00:00,1313151.15,,359715.57
2026-06-09 22:00:00,1298266.46,,355040.35
2026-06-09 23:00:00,1291544.61,,356276.76
2026-06-10 00:00:00,1302983.74,,357212.54
2026-06-10 01:00:00,1309375.64,,357829.31
2026-06-10 02:00:00,1308821.17,,356285.49
2026-06-10 03:00:00,1293774.64,,353427.96
2026-06-10 04:00:00,1295655.89,,351722.88
2026-06-10 05:00:00,1291914.62,,349969.77
2026-06-10 06:00:00,1285200.11,,352701.68
2026-06-10 07:00:00,1285651.90,,353972.34
2026-06-10 08:00:00,1296938.36,,353214.99
2026-06-10 09:00:00,1278879.54,,354801.64
2026-06-10 10:00:00,1279467.52,,350875.45
2026-06-10 11:00:00,1278196.45,,350011.46
2026-06-10 12:00:00,1261622.05,,348463.22
2026-06-10 13:00:00,1289652.66,,356224.05
2026-06-10 14:00:00,1311996.89,,360613.44
2026-06-10 15:00:00,1311614.32,,361376.98
2026-06-10 16:00:00,1331143.20,,368166.57
2026-06-10 17:00:00,1321481.43,,363476.75
2026-06-10 18:00:00,1311826.23,,359505.62
2026-06-10 19:00:00,1308814.31,,360096.85
2026-06-10 20:00:00,1296453.75,,354103.53
2026-06-10 21:00:00,1284562.39,,353974.25
2026-06-10 22:00:00,1281232.94,,348432.69
2026-06-10 23:00:00,1282716.45,,350155.07
2026-06-11 00:00:00,1296128.72,,354668.50
2026-06-11 01:00:00,1300805.48,,357724.84
2026-06-11 02:00:00,1314198.70,,362494.10
2026-06-11 03:00:00,1307612.86,,360774.39
2026-06-11 04:00:00,1327391.67,,366974.37
2026-06-11 05:00:00,1336374.75,,366643.50
2026-06-11 06:00:00,1320524.19,,360730.43
2026-06-11 07:00:00,1317718.34,,360710.25
2026-06-11 08:00:00,1320425.64,,361391.10
2026-06-11 09:00:00,1328781.41,,361198.49
2026-06-11 10:00:00,1325463.03,,359354.77
2026-06-11 11:00:00,1326399.05,,354675.42
2026-06-11 12:00:00,1339440.05,,360488.90
2026-06-11 13:00:00,1327429.08,,354382.88
2026-06-11 14:00:00,1335179.32,,358580.65
2026-06-11 15:00:00,1333754.60,,357128.69
2026-06-11 16:00:00,1345121.33,,361408.23
2026-06-11 17:00:00,1340727.65,,359056.05
2026-06-11 18:00:00,1383990.50,,375782.24
2026-06-11 19:00:00,1368660.20,,367632.86
2026-06-11 20:00:00,1374543.61,,363504.27
2026-06-11 21:00:00,1371319.14,,360151.89
2026-06-11 22:00:00,1372585.26,,359200.32
2026-06-11 23:00:00,1357432.77,,355312.37
2026-06-12 00:00:00,1356611.42,,356041.18
2026-06-12 01:00:00,1357300.14,,357607.93
2026-06-12 02:00:00,1353155.99,,356829.50
2026-06-12 03:00:00,1397696.85,,361663.95
2026-06-12 04:00:00,1401437.55,,362901.51
2026-06-12 05:00:00,1394782.03,,365648.25
2026-06-12 06:00:00,1389996.64,,358922.41
2026-06-12 07:00:00,1361875.88,,356825.20
2026-06-12 08:00:00,1373318.48,,365924.48
2026-06-12 09:00:00,1379600.29,,367027.22
2026-06-12 10:00:00,1386640.10,,383078.92
2026-06-12 11:00:00,1383221.37,,376154.79
2026-06-12 12:00:00,1392011.42,,372759.24
2026-06-12 13:00:00,1389469.14,,375663.44
2026-06-12 14:00:00,1374388.11,,368306.59
2026-06-12 15:00:00,1388634.21,,376957.13
2026-06-12 16:00:00,1387682.74,,374079.13
2026-06-12 17:00:00,1393181.87,,375614.66
2026-06-12 18:00:00,1379267.36,,373488.48
2026-06-12 19:00:00,1374973.89,,371630.66
2026-06-12 20:00:00,1368252.30,,370316.20
2026-06-12 21:00:00,1358569.53,,371430.85
2026-06-12 22:00:00,1349747.58,,370254.58
2026-06-12 23:00:00,1350318.00,,370603.33
2026-06-13 00:00:00,1352683.72,,372657.79
2026-06-13 01:00:00,1352198.20,,375732.63
2026-06-13 02:00:00,1360659.53,,381489.79
2026-06-13 03:00:00,1341863.20,,377537.03
2026-06-13 04:00:00,1335592.97,,375355.64
2026-06-13 05:00:00,1331929.85,,376229.77
2026-06-13 06:00:00,1334247.00,,379339.45
2026-06-13 07:00:00,1339300.04,,382794.26
2026-06-13 08:00:00,1342769.74,,387431.98
2026-06-13 09:00:00,1346883.57,,386040.20
2026-06-13 10:00:00,1352111.96,,388513.52
2026-06-13 11:00:00,1346881.02,,383400.70
2026-06-13 12:00:00,1349209.26,,388743.16
2026-06-13 13:00:00,1344937.49,,384955.98
2026-06-13 14:00:00,1343358.46,,384721.47
2026-06-13 15:00:00,1342602.67,,383096.26
2026-06-13 16:00:00,1351847.15,,385176.18
2026-06-13 17:00:00,1379339.84,,391632.27
2026-06-13 18:00:00,1375901.60,,386417.35
2026-06-13 19:00:00,1361568.89,,386168.53
2026-06-13 20:00:00,1366523.80,,384441.80
2026-06-13 21:00:00,1360875.01,,380908.02
2026-06-13 22:00:00,1363407.23,,384192.11
2026-06-13 23:00:00,1349035.63,,380337.00
2026-06-14 00:00:00,1342181.43,,381440.96
2026-06-14 01:00:00,1335518.58,,380694.36
2026-06-14 02:00:00,1359282.30,,384917.75
2026-06-14 03:00:00,1339550.87,,379633.31
2026-06-14 04:00:00,1339616.27,,377953.29
2026-06-14 05:00:00,1337531.83,,380256.51
2026-06-14 06:00:00,1329694.58,,379021.98
2026-06-14 07:00:00,1318132.44,,377450.01
2026-06-14 08:00:00,1310477.49,,377971.91
2026-06-14 09:00:00,1317976.36,,381231.62
2026-06-14 10:00:00,1317472.48,,378585.03
2026-06-14 11:00:00,1306705.04,,372246.79
2026-06-14 12:00:00,1315275.48,,374706.11
2026-06-14 13:00:00,1313434.39,,380654.01
2026-06-14 14:00:00,1319409.62,,387188.27
2026-06-14 15:00:00,1296517.92,,371700.08
2026-06-14 16:00:00,1301050.24,,370089.20
2026-06-14 17:00:00,1300582.41,,368552.09
2026-06-14 18:00:00,1300143.88,,366731.25
2026-06-14 19:00:00,1310598.81,,388774.73
2026-06-14 20:00:00,1291382.19,,389364.65
2026-06-14 21:00:00,1305136.23,,380145.99
2026-06-14 22:00:00,1354904.74,,379197.88
2026-06-14 23:00:00,1353354.47,,383780.77
2026-06-15 00:00:00,1359096.14,,389633.89
2026-06-15 01:00:00,1364124.46,,388427.28
2026-06-15 02:00:00,1365832.86,,391853.54
2026-06-15 03:00:00,1372826.75,,391458.26
2026-06-15 04:00:00,1374728.80,,388450.97
2026-06-15 05:00:00,1376996.09,,384912.43
2026-06-15 06:00:00,1384414.86,,387060.16
2026-06-15 07:00:00,1378299.09,,387297.65
2026-06-15 08:00:00,1372677.55,,383453.10
2026-06-15 09:00:00,1380807.82,,380990.80
2026-06-15 10:00:00,1381168.66,,382506.05
2026-06-15 11:00:00,1388026.92,,386204.62
2026-06-15 12:00:00,1401191.44,,389223.91
2026-06-15 13:00:00,1444967.79,,409906.62
2026-06-15 14:00:00,1424512.70,,410632.77
2026-06-15 15:00:00,1424219.11,,409598.85
2026-06-15 16:00:00,1436026.96,,402770.82
2026-06-15 17:00:00,1428605.68,,402911.12
2026-06-15 18:00:00,1423705.25,,402485.23
2026-06-15 19:00:00,1432080.13,,402466.55
2026-06-15 20:00:00,1422645.67,,415074.27
2026-06-15 21:00:00,1427815.05,,412210.19
2026-06-15 22:00:00,1428421.14,,411585.33
2026-06-15 23:00:00,1411060.71,,412115.73
2026-06-16 00:00:00,1415261.22,,412197.73
2026-06-16 01:00:00,1418962.34,,420689.94
2026-06-16 02:00:00,1419641.72,,416354.53
2026-06-16 03:00:00,1401547.21,,415592.56
2026-06-16 04:00:00,1423186.46,,411264.56
2026-06-16 05:00:00,1414725.71,,420144.97
2026-06-16 06:00:00,1425115.66,,415900.53
2026-06-16 07:00:00,1434570.83,,413974.89
2026-06-16 08:00:00,1435175.40,,415284.09
2026-06-16 09:00:00,1453357.53,,425870.52
2026-06-16 10:00:00,1438973.21,,429240.26
2026-06-16 11:00:00,1444568.76,,437686.14
2026-06-16 12:00:00,1436812.40,,443099.94
2026-06-16 13:00:00,1425602.36,,434368.95
2026-06-16 14:00:00,1403499.49,,448520.76
2026-06-16 15:00:00,1373204.70,,440382.43
2026-06-16 16:00:00,1382818.26,,436218.84
2026-06-16 17:00:00,1376069.50,,430925.07
2026-06-16 18:00:00,1396313.43,,436201.92
2026-06-16 19:00:00,1400668.27,,430310.53
2026-06-16 20:00:00,1390559.63,,430082.70
2026-06-16 21:00:00,1398118.13,,431583.01
2026-06-16 22:00:00,1391736.66,,434193.09
2026-06-16 23:00:00,1389778.91,,431304.73
2026-06-17 00:00:00,1378881.91,,427959.10
2026-06-17 01:00:00,1369093.60,,425648.06
2026-06-17 02:00:00,1379996.43,,425972.63
2026-06-17 03:00:00,1384771.82,,417539.39
2026-06-17 04:00:00,1372615.55,,419521.00
2026-06-17 05:00:00,1371785.42,,417606.07
2026-06-17 06:00:00,1363431.25,,425738.85
2026-06-17 07:00:00,1358171.49,,417232.90
2026-06-17 08:00:00,1360235.08,,413177.74
2026-06-17 09:00:00,1345343.62,,415217.12
2026-06-17 10:00:00,1355779.70,,414013.80
2026-06-17 11:00:00,1351818.00,,414360.31
2026-06-17 12:00:00,1355897.43,,414999.93
2026-06-17 13:00:00,1383716.53,,430433.11
2026-06-17 14:00:00,1384350.08,,432961.05
2026-06-17 15:00:00,1388824.44,,436347.80
2026-06-17 16:00:00,1411251.35,,434094.71
2026-06-17 17:00:00,1409136.88,,412784.42
2026-06-17 18:00:00,1412970.11,,420093.63
2026-06-17 19:00:00,1410149.98,,420962.10
2026-06-17 20:00:00,1385597.27,,404095.34
2026-06-17 21:00:00,1394933.92,,397979.67
2026-06-17 22:00:00,1380223.31,,394569.63
2026-06-17 23:00:00,1369605.43,,381900.48
2026-06-18 00:00:00,1373938.57,,376966.20
2026-06-18 01:00:00,1372136.52,,382099.70
2026-06-18 02:00:00,1373865.32,,384865.05
2026-06-18 03:00:00,1377456.33,,385362.58
2026-06-18 04:00:00,1360177.41,,369037.32
2026-06-18 05:00:00,1350858.39,,367580.01
2026-06-18 06:00:00,1354055.82,,365479.69
2026-06-18 07:00:00,1363367.65,,433788.51
2026-06-18 08:00:00,1359756.03,,383469.44
2026-06-18 09:00:00,1364109.97,,367280.81
2026-06-18 10:00:00,1363196.85,,372867.99
2026-06-18 11:00:00,1357602.00,,383605.55
2026-06-18 12:00:00,1356551.44,,382627.21
2026-06-18 13:00:00,1362394.81,,379047.42
2026-06-18 14:00:00,1342277.42,,361604.39
2026-06-18 15:00:00,1356251.89,,379340.84
2026-06-18 16:00:00,1302827.25,,344368.57
2026-06-18 17:00:00,1318756.07,,352160.64
2026-06-18 18:00:00,1304619.58,,358291.98
2026-06-18 19:00:00,1303771.90,,364108.04
2026-06-18 20:00:00,1310043.98,,392512.03
2026-06-18 21:00:00,1319937.70,,406613.62
2026-06-18 22:00:00,1334667.94,,396108.29
2026-06-18 23:00:00,1320252.92,,418793.49
2026-06-19 00:00:00,1320241.09,,401344.11
2026-06-19 01:00:00,1322457.38,,406598.82
2026-06-19 02:00:00,1324967.33,,404567.32
2026-06-19 03:00:00,1317852.45,,397875.62
2026-06-19 04:00:00,1307193.87,,386431.85
2026-06-19 05:00:00,1293925.68,,393461.95
2026-06-19 06:00:00,1301743.89,,387180.41
2026-06-19 07:00:00,1300773.56,,380494.02
2026-06-19 08:00:00,1289891.84,,375293.44
2026-06-19 09:00:00,1292183.34,,385339.87
2026-06-19 10:00:00,1291558.48,,371528.95
2026-06-19 11:00:00,1290594.47,,368950.36
2026-06-19 12:00:00,1287787.41,,362961.18
2026-06-19 13:00:00,1306771.69,,352461.14
2026-06-19 14:00:00,1318780.08,,399243.87
2026-06-19 15:00:00,1318146.00,,403960.80
2026-06-19 16:00:00,1316960.38,,393078.39
2026-06-19 17:00:00,1314301.45,,403393.01
2026-06-19 18:00:00,1317573.48,,381139.95
2026-06-19 19:00:00,1311434.20,,355144.18
2026-06-19 20:00:00,1307845.44,,352529.86
2026-06-19 21:00:00,1311092.21,,351636.39
2026-06-19 22:00:00,1305726.40,,343902.11
2026-06-19 23:00:00,1312975.97,,345231.15
2026-06-20 00:00:00,1322447.54,,356671.94
2026-06-20 01:00:00,1326267.13,,382669.31
2026-06-20 02:00:00,1327089.37,,376271.45
2026-06-20 03:00:00,1317107.03,,367836.71
2026-06-20 04:00:00,1318303.98,,368565.92
2026-06-20 05:00:00,1327834.39,,375924.48
2026-06-20 06:00:00,1323785.38,,413506.42
2026-06-20 07:00:00,1335498.04,,427411.82
2026-06-20 08:00:00,1328013.14,,455826.86
2026-06-20 09:00:00,1374674.42,,476638.39
2026-06-20 10:00:00,1381692.13,,475258.48
2026-06-20 11:00:00,1374630.85,,465073.03
2026-06-20 12:00:00,1373809.35,,465506.71
2026-06-20 13:00:00,1358364.41,,449145.51
2026-06-20 14:00:00,1357396.57,,448184.09
2026-06-20 15:00:00,1377680.44,,473977.24
2026-06-20 16:00:00,1371199.66,,466092.74
2026-06-20 17:00:00,1369899.66,,453300.53
2026-06-20 18:00:00,1417882.98,,471160.43
2026-06-20 19:00:00,1539552.82,,569115.57
2026-06-20 20:00:00,1510156.89,,560122.34
2026-06-20 21:00:00,1480561.82,,522715.48
2026-06-20 22:00:00,1495903.83,,527311.80
2026-06-20 23:00:00,1473969.31,,501124.33
2026-06-21 00:00:00,1477429.63,,492266.15
2026-06-21 01:00:00,1491757.74,,476751.93
2026-06-21 02:00:00,1533613.45,,493370.86
2026-06-21 03:00:00,1591210.32,,512938.50
2026-06-21 04:00:00,1525277.19,,481946.40
2026-06-21 05:00:00,1436744.03,,436243.71
2026-06-21 06:00:00,1416012.11,,426080.49
2026-06-21 07:00:00,1400919.77,,428517.87
2026-06-21 08:00:00,1385303.30,,435175.04
2026-06-21 09:00:00,1376987.68,,433778.46
2026-06-21 10:00:00,1387793.79,,435961.69
2026-06-21 11:00:00,1389551.96,,435593.97
2026-06-21 12:00:00,1379434.50,,423919.72
2026-06-21 13:00:00,1375013.67,,421521.54
2026-06-21 14:00:00,1386558.35,,427511.79
2026-06-21 15:00:00,1391068.33,,424654.44
2026-06-21 16:00:00,1397205.79,,425021.56
2026-06-21 17:00:00,1436687.51,,400234.44
2026-06-21 18:00:00,1426795.08,,400703.34
2026-06-21 19:00:00,1430792.77,,401341.07
2026-06-21 20:00:00,1424487.74,,404579.67
2026-06-21 21:00:00,1398017.33,,403572.00
2026-06-21 22:00:00,1374296.53,,409507.58
2026-06-21 23:00:00,1374018.05,,412522.20
2026-06-22 00:00:00,1363456.25,,404606.23
2026-06-22 01:00:00,1371583.74,,393501.76
2026-06-22 02:00:00,1385793.43,,395757.25
2026-06-22 03:00:00,1391859.96,,398315.94
2026-06-22 04:00:00,1384876.30,,406323.96
2026-06-22 05:00:00,1372416.50,,411557.29
2026-06-22 06:00:00,1369420.56,,410277.83
2026-06-22 07:00:00,1374289.68,,410223.31
2026-06-22 08:00:00,1377677.60,,409263.13
2026-06-22 09:00:00,1381840.05,,409004.78
2026-06-22 10:00:00,1381840.70,,410222.48
2026-06-22 11:00:00,1383483.85,,405938.19
2026-06-22 12:00:00,1400625.14,,410756.20
2026-06-22 13:00:00,1415724.01,,402522.80
2026-06-22 14:00:00,1458422.75,,401345.43
2026-06-22 15:00:00,1448740.21,,409947.28
2026-06-22 16:00:00,1441507.95,,399505.83
2026-06-22 17:00:00,1429436.39,,408070.17
2026-06-22 18:00:00,1407359.53,,417619.01
2026-06-22 19:00:00,1387156.16,,415340.81
2026-06-22 20:00:00,1369625.22,,424016.57
2026-06-22 21:00:00,1368431.21,,425618.16
2026-06-22 22:00:00,1362190.47,,418991.31
2026-06-22 23:00:00,1352257.45,,409129.40
2026-06-23 00:00:00,1350746.20,,413143.78
2026-06-23 01:00:00,1346470.14,,411355.97
2026-06-23 02:00:00,1335745.29,,408993.37
2026-06-23 03:00:00,1329859.22,,403841.70
2026-06-23 04:00:00,1323954.00,,399718.93
2026-06-23 05:00:00,1305217.91,,397334.16
2026-06-23 06:00:00,1303688.97,,398873.39
2026-06-23 07:00:00,1288103.03,,400171.67
2026-06-23 08:00:00,1280574.68,,397295.05
2026-06-23 09:00:00,1242745.48,,385256.83
2026-06-23 10:00:00,1243721.63,,377409.74
2026-06-23 11:00:00,1243300.27,,379331.82
2026-06-23 12:00:00,1260693.59,,376894.28
2026-06-23 13:00:00,1262047.77,,374662.53
2026-06-23 14:00:00,1262131.98,,395132.35
2026-06-23 15:00:00,1258521.68,,385001.34
2026-06-23 16:00:00,1246989.57,,362291.70
2026-06-23 17:00:00,1249834.39,,368252.72
2026-06-23 18:00:00,1244332.64,,364906.12
2026-06-23 19:00:00,1251358.09,,364012.50
2026-06-23 20:00:00,1255668.50,,365173.70
2026-06-23 21:00:00,1252370.49,,366194.65
2026-06-23 22:00:00,1256299.01,,368720.17
2026-06-23 23:00:00,1255646.88,,364511.36
2026-06-24 00:00:00,1266118.91,,376644.31
2026-06-24 01:00:00,1265219.44,,374545.85
2026-06-24 02:00:00,1251545.18,,341394.20
2026-06-24 03:00:00,1247245.88,,341037.34
2026-06-24 04:00:00,1254616.21,,346544.66
2026-06-24 05:00:00,1251618.96,,350584.54
2026-06-24 06:00:00,1268603.14,,349103.91
2026-06-24 07:00:00,1284658.40,,408709.64
2026-06-24 08:00:00,1269503.84,,375505.65
2026-06-24 09:00:00,1270188.63,,376148.12
2026-06-24 10:00:00,1268422.04,,374834.04
2026-06-24 11:00:00,1255695.09,,358682.01
2026-06-24 12:00:00,1256207.21,,355087.32
2026-06-24 13:00:00,1251656.78,,349031.85
2026-06-24 14:00:00,1227515.38,,342862.83
2026-06-24 15:00:00,1233642.82,,356498.27
2026-06-24 16:00:00,1198574.90,,331191.87
2026-06-24 17:00:00,1177253.80,,319322.43
2026-06-24 18:00:00,1124927.12,,314095.74
2026-06-24 19:00:00,1140871.26,,315478.42
2026-06-24 20:00:00,1167423.59,,321327.67
2026-06-24 21:00:00,1181868.88,,338999.75
2026-06-24 22:00:00,1197111.48,,325601.21
2026-06-24 23:00:00,1194580.19,,322555.84
2026-06-25 00:00:00,1201755.99,,320131.00
2026-06-25 01:00:00,1201176.95,,322370.59
2026-06-25 02:00:00,1207979.23,,325607.73
2026-06-25 03:00:00,1208806.29,,328978.70
2026-06-25 04:00:00,1207534.95,,328372.18
2026-06-25 05:00:00,1218694.43,,334677.57
2026-06-25 06:00:00,1221421.76,,330714.29
2026-06-25 07:00:00,1214584.65,,324747.97
2026-06-25 08:00:00,1218230.50,,328574.52
2026-06-25 09:00:00,1213235.01,,330481.37
2026-06-25 10:00:00,1286510.10,,329355.85
2026-06-25 11:00:00,1348401.53,,317983.42
2026-06-25 12:00:00,1353295.99,,318173.45
2026-06-25 13:00:00,1379258.32,,308323.23
2026-06-25 14:00:00,1273825.53,,323597.00
2026-06-25 15:00:00,1334478.96,,331252.39
2026-06-25 16:00:00,1338519.41,,338227.95
2026-06-25 17:00:00,1322321.43,,336852.72
2026-06-25 18:00:00,1336818.19,,338302.77
2026-06-25 19:00:00,1324529.70,,333042.66
2026-06-25 20:00:00,1320680.26,,330558.24
2026-06-25 21:00:00,1321251.92,,330099.22
2026-06-25 22:00:00,1339674.12,,330748.05
2026-06-25 23:00:00,1330415.76,,324951.40
2026-06-26 00:00:00,1332088.76,,323817.05
2026-06-26 01:00:00,1327359.24,,322203.53
2026-06-26 02:00:00,1323162.85,,323466.97
2026-06-26 03:00:00,1294649.36,,305802.52
2026-06-26 04:00:00,1324763.88,,323811.37
2026-06-26 05:00:00,1308829.03,,303531.60
2026-06-26 06:00:00,1312559.83,,305021.84
2026-06-26 07:00:00,1333205.73,,320612.06
2026-06-26 08:00:00,1333345.49,,321907.56
2026-06-26 09:00:00,1328857.14,,312991.08
2026-06-26 10:00:00,1326570.06,,316283.91
2026-06-26 11:00:00,1325259.70,,306716.39
2026-06-26 12:00:00,1318911.27,,303637.15
2026-06-26 13:00:00,1310043.52,,304119.70
2026-06-26 14:00:00,1353106.78,,310214.76
2026-06-26 15:00:00,1339736.75,,347422.12
2026-06-26 16:00:00,1349936.24,,354595.92
2026-06-26 17:00:00,1338069.43,,352384.73
2026-06-26 18:00:00,1317725.03,,351189.69
2026-06-26 19:00:00,1288070.72,,342054.12
2026-06-26 20:00:00,1273089.07,,336160.58
2026-06-26 21:00:00,1271707.17,,337189.52
2026-06-26 22:00:00,1263148.68,,335300.34
2026-06-26 23:00:00,1258132.74,,332539.34
2026-06-27 00:00:00,1252287.48,,334997.12
2026-06-27 01:00:00,1252808.42,,328384.24
2026-06-27 02:00:00,1243978.55,,325060.04
2026-06-27 03:00:00,1254352.12,,329426.82
2026-06-27 04:00:00,1245404.18,,327791.76
2026-06-27 05:00:00,1237294.94,,327652.60
2026-06-27 06:00:00,1233571.73,,327356.01
2026-06-27 07:00:00,1226391.72,,329097.88
2026-06-27 08:00:00,1222044.36,,327528.19
2026-06-27 09:00:00,1216950.04,,326936.29
2026-06-27 10:00:00,1218180.43,,328694.23
2026-06-27 11:00:00,1216566.21,,326940.49
2026-06-27 12:00:00,1223953.45,,333748.25
2026-06-27 13:00:00,1214876.10,,329901.32
2026-06-27 14:00:00,1216704.50,,332347.61
2026-06-27 15:00:00,1225858.99,,334222.06
2026-06-27 16:00:00,1225109.64,,338254.93
2026-06-27 17:00:00,1225440.20,,334501.70
2026-06-27 18:00:00,1207151.31,,338212.65
2026-06-27 19:00:00,1209231.29,,340283.72
2026-06-27 20:00:00,1198475.94,,335194.36
2026-06-27 21:00:00,1196636.52,,335832.76
2026-06-27 22:00:00,1193081.54,,336364.56
2026-06-27 23:00:00,1188246.98,,337157.31
2026-06-28 00:00:00,1184047.73,,332627.63
2026-06-28 01:00:00,1189518.61,,340816.03
2026-06-28 02:00:00,1195620.46,,342379.08
2026-06-28 03:00:00,1190884.77,,338538.78
2026-06-28 04:00:00,1199492.40,,341302.93
2026-06-28 05:00:00,1209662.45,,340013.67
2026-06-28 06:00:00,1198271.45,,333387.71
2026-06-28 07:00:00,1193621.63,,333440.16
2026-06-28 08:00:00,1191030.64,,335899.79
2026-06-28 09:00:00,1194849.78,,337525.35
2026-06-28 10:00:00,1187919.98,,336737.48
2026-06-28 11:00:00,1188604.53,,339223.18
2026-06-28 12:00:00,1196378.50,,340766.55
2026-06-28 13:00:00,1197414.14,,339524.54
2026-06-28 14:00:00,1188063.51,,338148.58
2026-06-28 15:00:00,1216024.51,,352293.16
2026-06-28 16:00:00,1322039.41,,489351.63
2026-06-28 17:00:00,1916430.20,,698339.12
2026-06-28 18:00:00,2692357.38,,996663.06
2026-06-28 19:00:00,2680972.90,,1057338.71
2026-06-28 20:00:00,2940040.64,,1137212.53
2026-06-28 21:00:00,2699612.37,,1010721.72
2026-06-28 22:00:00,2607729.60,,1044484.64
2026-06-28 23:00:00,2608965.18,,1028474.57
2026-06-29 00:00:00,2666967.53,,1086835.74
2026-06-29 01:00:00,2758579.14,,1084436.86
2026-06-29 02:00:00,2730278.82,,1102697.60
2026-06-29 03:00:00,2952572.95,,1189505.01
2026-06-29 04:00:00,2873643.07,,1152356.14
2026-06-29 05:00:00,2892134.29,,1168264.99
2026-06-29 06:00:00,3003088.33,,1163211.92
2026-06-29 07:00:00,2942142.50,,1141125.06
2026-06-29 08:00:00,2875377.58,,1118400.59
2026-06-29 09:00:00,2631750.16,,973823.85
2026-06-29 10:00:00,2566189.38,,962267.78
2026-06-29 11:00:00,2605809.89,,1001612.41
2026-06-29 12:00:00,2637796.42,,1004517.59
2026-06-29 13:00:00,2617098.53,,1024373.74
2026-06-29 14:00:00,2509695.97,,969744.40
2026-06-29 15:00:00,2451019.34,,933103.58
2026-06-29 16:00:00,2400782.30,,923482.30
2026-06-29 17:00:00,2423340.34,,945030.21
2026-06-29 18:00:00,2497498.99,,952143.40
2026-06-29 19:00:00,2477820.53,,942965.51
2026-06-29 20:00:00,2432423.65,,907095.11
2026-06-29 21:00:00,2410629.12,,910091.18
2026-06-29 22:00:00,2416446.85,,910869.89
2026-06-29 23:00:00,2401433.27,,927552.92
2026-06-30 00:00:00,2361610.64,,932183.99
2026-06-30 01:00:00,2354844.58,,947938.62
2026-06-30 02:00:00,2273460.85,,883502.08
2026-06-30 03:00:00,2251966.86,,854642.17
2026-06-30 04:00:00,2140200.61,,765985.30
2026-06-30 05:00:00,2128628.81,,753090.54
2026-06-30 06:00:00,2109023.15,,731927.60
2026-06-30 07:00:00,2088411.42,,703860.20
2026-06-30 08:00:00,2057354.84,,680561.14
2026-06-30 09:00:00,2018607.59,,681987.45
2026-06-30 10:00:00,1983838.95,,663122.28
2026-06-30 11:00:00,1982698.10,,666686.77
2026-06-30 12:00:00,1950710.19,,657124.23
2026-06-30 13:00:00,1896714.53,,615111.05
2026-06-30 14:00:00,1907756.27,,610723.86
2026-06-30 15:00:00,1878425.33,,602485.75
2026-06-30 16:00:00,1875094.93,,610934.21
2026-06-30 17:00:00,1874830.51,,605973.94
2026-06-30 18:00:00,1875910.66,,604094.78
2026-06-30 19:00:00,1888093.48,,607518.14
2026-06-30 20:00:00,1879602.35,,602097.23
2026-06-30 21:00:00,1847742.33,,591391.89
2026-06-30 22:00:00,1821172.97,,593725.11
2026-06-30 23:00:00,1827888.92,,577244.03
2026-07-01 00:00:00,1840646.33,,577230.86
2026-07-01 01:00:00,1845541.20,,575131.57
2026-07-01 02:00:00,1833675.99,,547564.90
2026-07-01 03:00:00,1845096.72,,544189.22
2026-07-01 04:00:00,1843510.27,,545573.03
2026-07-01 05:00:00,1849812.57,,544911.26
2026-07-01 06:00:00,1834807.62,,539253.92
2026-07-01 07:00:00,1802536.72,,528810.34
2026-07-01 08:00:00,1791973.34,,522946.58
2026-07-01 09:00:00,1796450.77,,526254.72
2026-07-01 10:00:00,1788983.32,,528521.89
2026-07-01 11:00:00,1764341.24,,521506.44
2026-07-01 12:00:00,1782137.95,,536396.83
2026-07-01 13:00:00,1771744.81,,531352.75
2026-07-01 14:00:00,1769325.67,,531893.45
2026-07-01 15:00:00,1782305.02,,530394.80
2026-07-01 16:00:00,1753711.85,,521256.10
2026-07-01 17:00:00,1743980.19,,512161.88
2026-07-01 18:00:00,1733522.07,,507852.84
2026-07-01 19:00:00,1730169.56,,509319.91
2026-07-01 20:00:00,1713823.30,,508018.42
2026-07-01 21:00:00,1710465.61,,488292.65
2026-07-01 22:00:00,1732994.82,,489816.38
2026-07-01 23:00:00,1721231.04,,486686.34
2026-07-02 00:00:00,1709359.26,,479047.28
2026-07-02 01:00:00,1688105.16,,476106.63
2026-07-02 02:00:00,1700140.15,,480470.04
2026-07-02 03:00:00,1685811.35,,477294.45
2026-07-02 04:00:00,1691719.88,,481697.06
2026-07-02 05:00:00,1680192.58,,479047.30
2026-07-02 06:00:00,1654794.66,,470934.07
2026-07-02 07:00:00,1645160.56,,465493.01
2026-07-02 08:00:00,1647206.60,,463522.01
2026-07-02 09:00:00,1648178.72,,462236.73
2026-07-02 10:00:00,1662884.31,,464317.64
2026-07-02 11:00:00,1649300.54,,459291.32
2026-07-02 12:00:00,1665331.75,,460597.16
2026-07-02 13:00:00,1669185.69,,472797.41
2026-07-02 14:00:00,1680899.90,,487452.51
2026-07-02 15:00:00,1655060.36,,478681.09
2026-07-02 16:00:00,1667807.94,,488615.49
2026-07-02 17:00:00,1642827.28,,470828.76
2026-07-02 18:00:00,1634421.93,,466720.43
2026-07-02 19:00:00,1641471.93,,463219.37
2026-07-02 20:00:00,1636370.70,,458572.54
2026-07-02 21:00:00,1627253.02,,460525.87
2026-07-02 22:00:00,1627030.01,,461116.06
2026-07-02 23:00:00,1631873.02,,463776.07
2026-07-03 00:00:00,1636206.86,,469868.15
2026-07-03 01:00:00,1630483.40,,462974.16
2026-07-03 02:00:00,1630051.32,,466864.49
2026-07-03 03:00:00,1622867.08,,463464.91
2026-07-03 04:00:00,1617001.42,,473961.73
2026-07-03 05:00:00,1619693.30,,476439.49
2026-07-03 06:00:00,1645974.05,,485303.31
2026-07-03 07:00:00,1658489.40,,488566.01
2026-07-03 08:00:00,1614942.11,,492769.35
2026-07-03 09:00:00,1607760.09,,491168.37
2026-07-03 10:00:00,1608080.54,,492458.05
2026-07-03 11:00:00,1586070.17,,492230.28
2026-07-03 12:00:00,1575601.65,,487299.40
2026-07-03 13:00:00,1579123.81,,501726.30
2026-07-03 14:00:00,1576419.30,,502364.60
2026-07-03 15:00:00,1585228.06,,486623.50
2026-07-03 16:00:00,1567412.08,,481018.61
2026-07-03 17:00:00,1549604.99,,475794.33
2026-07-03 18:00:00,1563168.65,,477463.11
2026-07-03 19:00:00,1549210.27,,470573.93
2026-07-03 20:00:00,1548026.76,,472299.78
2026-07-03 21:00:00,1578037.62,,489557.98
2026-07-03 22:00:00,1527517.06,,462606.99
2026-07-03 23:00:00,1516507.03,,458175.90
2026-07-04 00:00:00,1514128.00,,458851.01
2026-07-04 01:00:00,1502592.85,,455799.55
2026-07-04 02:00:00,1480205.88,,461569.89
2026-07-04 03:00:00,1481013.82,,461766.98
2026-07-04 04:00:00,1484963.69,,466703.28
2026-07-04 05:00:00,1475855.36,,463991.92
2026-07-04 06:00:00,1462863.55,,460573.00
2026-07-04 07:00:00,1470785.86,,460186.41
2026-07-04 08:00:00,1465679.18,,454396.72
2026-07-04 09:00:00,1486070.17,,471940.61
2026-07-04 10:00:00,1503078.07,,468311.17
2026-07-04 11:00:00,1478493.19,,453098.82
2026-07-04 12:00:00,1561806.56,,484950.45
2026-07-04 13:00:00,1495250.83,,461962.52
2026-07-04 14:00:00,1498615.17,,460480.82
2026-07-04 15:00:00,1508600.83,,455389.47
2026-07-04 16:00:00,1511587.11,,454394.47
2026-07-04 17:00:00,1503593.12,,450948.69
2026-07-04 18:00:00,1516991.34,,450928.36
2026-07-04 19:00:00,1503756.19,,444121.43
2026-07-04 20:00:00,1488209.30,,444194.76
2026-07-04 21:00:00,1459357.02,,439386.08
2026-07-04 22:00:00,1465662.42,,437024.39
2026-07-04 23:00:00,1455984.42,,436416.19
2026-07-05 00:00:00,1443849.64,,436932.11
2026-07-05 01:00:00,1440885.96,,432508.56
2026-07-05 02:00:00,1422918.08,,428245.97
2026-07-05 03:00:00,1388137.16,,421948.04
2026-07-05 04:00:00,1393936.18,,423254.91
2026-07-05 05:00:00,1401738.17,,422887.78
2026-07-05 06:00:00,1393602.89,,421670.47
2026-07-05 07:00:00,1397645.29,,419539.16
2026-07-05 08:00:00,1394012.27,,419136.37
2026-07-05 09:00:00,1392269.94,,410333.49
2026-07-05 10:00:00,1368231.47,,389854.79
2026-07-05 11:00:00,1370357.60,,389628.28
2026-07-05 12:00:00,1378084.43,,386804.61
2026-07-05 13:00:00,1380183.22,,392272.99
2026-07-05 14:00:00,1382955.46,,393912.59
2026-07-05 15:00:00,1387179.64,,391045.47
2026-07-05 16:00:00,1386254.20,,386636.91
2026-07-05 17:00:00,1379461.55,,388759.69
2026-07-05 18:00:00,1383315.68,,389813.14
2026-07-05 19:00:00,1384386.57,,389362.32
2026-07-05 20:00:00,1392023.43,,387432.00
2026-07-05 21:00:00,1401589.91,,388228.68
2026-07-05 22:00:00,1418969.91,,392777.02
2026-07-05 23:00:00,1413102.78,,389544.96
2026-07-06 00:00:00,1409255.65,,389389.53
2026-07-06 01:00:00,1418617.63,,408827.06
2026-07-06 02:00:00,1424798.75,,410313.46
2026-07-06 03:00:00,1431279.52,,407764.20
2026-07-06 04:00:00,1438309.23,,410416.18
2026-07-06 05:00:00,1440703.37,,406612.75
2026-07-06 06:00:00,1415732.07,,414660.34
2026-07-06 07:00:00,1402596.77,,392181.78
2026-07-06 08:00:00,1400507.11,,389791.58
2026-07-06 09:00:00,1398958.30,,389220.40
2026-07-06 10:00:00,1398346.25,,391498.32
2026-07-06 11:00:00,1442520.06,,415028.83
2026-07-06 12:00:00,1411399.08,,410336.08
2026-07-06 13:00:00,1352309.25,,398664.69
2026-07-06 14:00:00,1361387.03,,406568.64
2026-07-06 15:00:00,1400599.22,,418053.33
2026-07-06 16:00:00,1420327.05,,429543.25
2026-07-06 17:00:00,1405799.13,,459388.11
2026-07-06 18:00:00,1389189.06,,444501.16
2026-07-06 19:00:00,1393372.77,,442212.79
2026-07-06 20:00:00,1389030.91,,434850.82
2026-07-06 21:00:00,1387447.01,,438993.80
2026-07-06 22:00:00,1405167.00,,439988.89
2026-07-06 23:00:00,1409014.22,,434043.05
2026-07-07 00:00:00,1421049.05,,433488.51
2026-07-07 01:00:00,1416205.74,,431309.73
2026-07-07 02:00:00,1410512.76,,428752.47
2026-07-07 03:00:00,1399538.49,,424273.17
2026-07-07 04:00:00,1395247.84,,425180.78
2026-07-07 05:00:00,1388032.05,,424648.13
2026-07-07 06:00:00,1387127.37,,412975.66
2026-07-07 07:00:00,1389503.03,,412657.09
2026-07-07 08:00:00,1380447.68,,405920.91
2026-07-07 09:00:00,1379055.31,,408647.63
2026-07-07 10:00:00,1376063.18,,409314.51
2026-07-07 11:00:00,1368275.76,,408348.33
2026-07-07 12:00:00,1376152.15,,408579.06
2026-07-07 13:00:00,1382084.65,,410725.78
2026-07-07 14:00:00,1370064.08,,402864.23
2026-07-07 15:00:00,1379561.65,,402980.12
2026-07-07 16:00:00,1383160.91,,404083.49
2026-07-07 17:00:00,1385663.81,,399278.86
2026-07-07 18:00:00,1378078.54,,396854.17
2026-07-07 19:00:00,1354072.94,,387184.08
2026-07-07 20:00:00,1345116.79,,382080.24
2026-07-07 21:00:00,1341541.29,,380951.45
2026-07-07 22:00:00,1331230.43,,376075.91
2026-07-07 23:00:00,1325753.11,,369282.81
2026-07-08 00:00:00,1329974.04,,368907.75
2026-07-08 01:00:00,1347055.40,,375259.24
2026-07-08 02:00:00,1337750.16,,374261.46
2026-07-08 03:00:00,1328293.24,,377120.72
2026-07-08 04:00:00,1323958.30,,371159.40
2026-07-08 05:00:00,1326830.75,,368878.76
2026-07-08 06:00:00,1324927.48,,370910.24
2026-07-08 07:00:00,1319677.17,,368427.97
2026-07-08 08:00:00,1323148.27,,373604.22
2026-07-08 09:00:00,1304178.76,,369216.16
2026-07-08 10:00:00,1300998.81,,369245.66
2026-07-08 11:00:00,1316569.06,,366904.49
2026-07-08 12:00:00,1320591.54,,366180.15
2026-07-08 13:00:00,1307562.32,,361223.97
2026-07-08 14:00:00,1303888.47,,363843.13
2026-07-08 15:00:00,1314396.28,,364970.34
2026-07-08 16:00:00,1286516.36,,356327.43
2026-07-08 17:00:00,1285601.91,,349128.65
2026-07-08 18:00:00,1291179.09,,347909.80
2026-07-08 19:00:00,1312114.14,,348202.09
2026-07-08 20:00:00,1327629.37,,345662.46
2026-07-08 21:00:00,1329080.86,,345375.92
2026-07-08 22:00:00,1334642.88,,345028.03
2026-07-08 23:00:00,1338404.77,,345736.16
2026-07-09 00:00:00,1350192.75,,347509.09
2026-07-09 01:00:00,1350938.03,,348101.22
2026-07-09 02:00:00,1358764.61,,349902.65
2026-07-09 03:00:00,1346398.24,,350174.32
2026-07-09 04:00:00,1346226.44,,350629.23
2026-07-09 05:00:00,1353389.11,,353206.96
2026-07-09 06:00:00,1370680.68,,357698.23
2026-07-09 07:00:00,1370292.47,,358824.79
2026-07-09 08:00:00,1368778.23,,361503.97
2026-07-09 09:00:00,1379276.45,,359276.37
2026-07-09 10:00:00,1380928.03,,357108.29
2026-07-09 11:00:00,1386164.52,,356865.00
2026-07-09 12:00:00,1393484.45,,361290.66
2026-07-09 13:00:00,1375014.08,,350440.63
2026-07-09 14:00:00,1382978.31,,355668.54
2026-07-09 15:00:00,1365951.00,,352736.05
2026-07-09 16:00:00,1356513.71,,352375.63
2026-07-09 17:00:00,1356599.24,,353671.03
2026-07-09 18:00:00,1358574.44,,355225.96
2026-07-09 19:00:00,1353280.19,,355417.90
2026-07-09 20:00:00,1350807.97,,350508.44
2026-07-09 21:00:00,1365850.62,,353976.60
2026-07-09 22:00:00,1359156.64,,352388.34
2026-07-09 23:00:00,1355918.78,,348862.41
2026-07-10 00:00:00,1351480.81,,347524.25
2026-07-10 01:00:00,1350461.22,,346995.55
2026-07-10 02:00:00,1384837.00,,362438.38
2026-07-10 03:00:00,1376863.87,,362146.23
2026-07-10 04:00:00,1376707.59,,361468.67
2026-07-10 05:00:00,1380511.06,,362362.65
2026-07-10 06:00:00,1386354.46,,368368.33
2026-07-10 07:00:00,1383288.15,,363670.37
2026-07-10 08:00:00,1385522.98,,366061.47
2026-07-10 09:00:00,1404320.06,,370776.50
2026-07-10 10:00:00,1405091.98,,369162.26
2026-07-10 11:00:00,1400932.91,,366141.08
2026-07-10 12:00:00,1394286.09,,368314.00
2026-07-10 13:00:00,1386196.20,,366914.29
2026-07-10 14:00:00,1393934.75,,366233.79
2026-07-10 15:00:00,1362144.12,,364485.19
2026-07-10 16:00:00,1366539.86,,369384.82
2026-07-10 17:00:00,1367155.05,,371730.33
2026-07-10 18:00:00,1375701.49,,371395.75
2026-07-10 19:00:00,1374880.79,,370379.66
2026-07-10 20:00:00,1372946.94,,371409.51
2026-07-10 21:00:00,1366138.01,,370082.13
2026-07-10 22:00:00,1383300.47,,375700.57
2026-07-10 23:00:00,1377978.67,,375134.79
2026-07-11 00:00:00,1376279.83,,376038.84
2026-07-11 01:00:00,1386896.40,,382773.78
2026-07-11 02:00:00,1382571.90,,369593.57
2026-07-11 03:00:00,1386751.19,,370925.31
2026-07-11 04:00:00,1386167.96,,366033.77
2026-07-11 05:00:00,1371102.13,,364061.28
2026-07-11 06:00:00,1374853.79,,365373.58
2026-07-11 07:00:00,1380162.69,,365222.93
2026-07-11 08:00:00,1389812.49,,369529.75
2026-07-11 09:00:00,1379406.46,,365200.82
2026-07-11 10:00:00,1378063.22,,363826.09
2026-07-11 11:00:00,1382554.17,,362845.64
2026-07-11 12:00:00,1392872.80,,366035.11
2026-07-11 13:00:00,1392677.04,,367083.85
2026-07-11 14:00:00,1387266.68,,361214.96
2026-07-11 15:00:00,1387974.33,,364279.12
2026-07-11 16:00:00,1386943.98,,366852.42
2026-07-11 17:00:00,1385675.20,,368322.83
2026-07-11 18:00:00,1384996.35,,367836.30
2026-07-11 19:00:00,1391207.56,,372408.49
2026-07-11 20:00:00,1386590.35,,371515.98
2026-07-11 21:00:00,1389567.39,,372440.80
2026-07-11 22:00:00,1386927.48,,371038.87
2026-07-11 23:00:00,1386448.87,,367307.68
2026-07-12 00:00:00,1351925.72,,353323.52
2026-07-12 01:00:00,1348123.28,,361840.10
2026-07-12 02:00:00,1362998.23,,361554.75
2026-07-12 03:00:00,1358646.39,,361709.02
2026-07-12 04:00:00,1366897.21,,363739.92
2026-07-12 05:00:00,1364884.74,,360316.32
2026-07-12 06:00:00,1363902.01,,361494.81
2026-07-12 07:00:00,1357449.59,,361006.01
2026-07-12 08:00:00,1352941.10,,359225.16
2026-07-12 09:00:00,1356517.36,,359675.87
2026-07-12 10:00:00,1361713.31,,362545.37
2026-07-12 11:00:00,1374410.50,,366138.95
2026-07-12 12:00:00,1360150.43,,362630.40
2026-07-12 13:00:00,1356481.70,,362230.50
2026-07-12 14:00:00,1360052.80,,362077.58
2026-07-12 15:00:00,1370743.53,,364317.19
2026-07-12 16:00:00,1375220.49,,360665.55
2026-07-12 17:00:00,1371852.33,,361729.29
2026-07-12 18:00:00,1372345.00,,361460.93
2026-07-12 19:00:00,1375984.84,,362045.45
2026-07-12 20:00:00,1378504.09,,363345.27
2026-07-12 21:00:00,1379252.81,,364189.40
2026-07-12 22:00:00,1366873.85,,361849.67
2026-07-12 23:00:00,1364199.62,,360655.54
2026-07-13 00:00:00,1361665.05,,362062.77
2026-07-13 01:00:00,1368414.97,,368473.09
2026-07-13 02:00:00,1348404.36,,363177.55
2026-07-13 03:00:00,1334729.36,,359619.13
2026-07-13 04:00:00,1310732.95,,353866.65
2026-07-13 05:00:00,1313121.63,,359076.37
2026-07-13 06:00:00,1319072.19,,363062.69
2026-07-13 07:00:00,1320589.78,,361162.54
2026-07-13 08:00:00,1325703.97,,366038.09
2026-07-13 09:00:00,1321270.82,,366722.59
2026-07-13 10:00:00,1325337.11,,364745.89
2026-07-13 11:00:00,1320814.41,,365523.90
2026-07-13 12:00:00,1320727.20,,363505.33
2026-07-13 13:00:00,1306791.32,,362559.86
2026-07-13 14:00:00,1299645.56,,359680.00
2026-07-13 15:00:00,1310408.74,,364225.02
2026-07-13 16:00:00,1299864.08,,361632.95
2026-07-13 17:00:00,1287279.08,,358677.28
2026-07-13 18:00:00,1267535.48,,353793.41
2026-07-13 19:00:00,1271727.96,,357061.92
2026-07-13 20:00:00,1283180.11,,358420.31
2026-07-13 21:00:00,1280981.89,,356012.31
2026-07-13 22:00:00,1264152.41,,351128.98
2026-07-13 23:00:00,1270323.46,,354422.37
2026-07-14 00:00:00,1283533.42,,357824.69
2026-07-14 01:00:00,1284438.68,,358721.57
2026-07-14 02:00:00,1279227.50,,359438.09
2026-07-14 03:00:00,1272350.43,,357595.01
2026-07-14 04:00:00,1278482.44,,360040.58
2026-07-14 05:00:00,1274382.07,,359523.51
2026-07-14 06:00:00,1288231.68,,361863.65
2026-07-14 07:00:00,1287931.12,,360956.37
2026-07-14 08:00:00,1286207.42,,363681.40
2026-07-14 09:00:00,1291417.29,,365157.68
2026-07-14 10:00:00,1281555.16,,352622.57
2026-07-14 11:00:00,1282933.40,,353657.15
2026-07-14 12:00:00,1279808.11,,352838.23
2026-07-14 13:00:00,1296778.85,,360059.88
2026-07-14 14:00:00,1312784.10,,363716.14
2026-07-14 15:00:00,1325642.61,,365984.58
2026-07-14 16:00:00,1324269.07,,378082.59
2026-07-14 17:00:00,1325072.50,,381624.69
2026-07-14 18:00:00,1319545.71,,378341.83
2026-07-14 19:00:00,1313518.46,,377054.06
2026-07-14 20:00:00,1308776.22,,376790.08
2026-07-14 21:00:00,1305645.10,,374982.47
2026-07-14 22:00:00,1305363.84,,374515.63
2026-07-14 23:00:00,1305096.09,,373281.33
2026-07-15 00:00:00,1304873.68,,371789.53
2026-07-15 01:00:00,1297607.68,,373173.90
2026-07-15 02:00:00,1293668.37,,372922.53
2026-07-15 03:00:00,1292438.02,,370180.82
2026-07-15 04:00:00,1294671.37,,368472.45
2026-07-15 05:00:00,1292946.08,,368954.09
2026-07-15 06:00:00,1284437.44,,370113.88
2026-07-15 07:00:00,1286962.05,,369398.12
2026-07-15 08:00:00,1281333.86,,368654.96
2026-07-15 09:00:00,1286633.34,,370768.95
2026-07-15 10:00:00,1277600.03,,372388.42
2026-07-15 11:00:00,1269125.68,,369307.09
2026-07-15 12:00:00,1271434.55,,370717.85
2026-07-15 13:00:00,1297000.97,,370434.75
2026-07-15 14:00:00,1296062.62,,370307.71
2026-07-15 15:00:00,1307969.88,,371687.98
2026-07-15 16:00:00,1301853.04,,369522.29
2026-07-15 17:00:00,1304558.60,,370078.00
2026-07-15 18:00:00,1315224.04,,372033.46
2026-07-15 19:00:00,1307282.85,,365182.13
2026-07-15 20:00:00,1299468.05,,363143.16
2026-07-15 21:00:00,1306703.13,,367029.32
2026-07-15 22:00:00,1310793.30,,364816.43
2026-07-15 23:00:00,1312342.58,,369418.60
2026-07-16 00:00:00,1306037.54,,368244.82
2026-07-16 01:00:00,1303482.13,,369369.76
2026-07-16 02:00:00,1307253.99,,373263.31
2026-07-16 03:00:00,1304932.84,,372427.79
2026-07-16 04:00:00,1297792.75,,371767.64
2026-07-16 05:00:00,1294184.18,,369941.41
2026-07-16 06:00:00,1292629.92,,367007.04
2026-07-16 07:00:00,1287228.51,,367694.76
2026-07-16 08:00:00,1270712.70,,363843.72
2026-07-16 09:00:00,1278888.25,,360472.73
2026-07-16 10:00:00,1283868.19,,362630.19
2026-07-16 11:00:00,1286279.13,,364220.96
2026-07-16 12:00:00,1290147.91,,361669.02
2026-07-16 13:00:00,1284315.76,,360257.60
2026-07-16 14:00:00,1291611.53,,362592.09
2026-07-16 15:00:00,1291964.24,,359351.78
2026-07-16 16:00:00,1288697.33,,365421.25
2026-07-16 17:00:00,1280464.87,,361949.65
2026-07-16 18:00:00,1272464.36,,360340.88
2026-07-16 19:00:00,1267510.38,,361145.31
2026-07-16 20:00:00,1263159.48,,360439.44
2026-07-16 21:00:00,1258318.16,,360806.06
2026-07-16 22:00:00,1255176.30,,361575.48
2026-07-16 23:00:00,1243069.43,,359355.71
2026-07-17 00:00:00,1244669.38,,360168.95
2026-07-17 01:00:00,1249939.01,,364000.60
2026-07-17 02:00:00,1243229.43,,361634.60
2026-07-17 03:00:00,1221412.12,,360982.88
2026-07-17 04:00:00,1222408.25,,364515.66
2026-07-17 05:00:00,1229518.67,,366710.56
2026-07-17 06:00:00,1214087.65,,361128.58
2026-07-17 07:00:00,1230501.83,,361537.60
2026-07-17 08:00:00,1229159.70,,359431.98
2026-07-17 09:00:00,1219503.11,,361596.90
2026-07-17 10:00:00,1227256.75,,363861.05
2026-07-17 11:00:00,1230986.75,,365314.79
2026-07-17 12:00:00,1228913.93,,364568.84
2026-07-17 13:00:00,1223095.28,,363218.14
2026-07-17 14:00:00,1217396.58,,366514.03
2026-07-17 15:00:00,1216367.65,,365888.06
2026-07-17 16:00:00,1224704.39,,370448.49
2026-07-17 17:00:00,1230752.49,,370736.51
2026-07-17 18:00:00,1236700.29,,371121.02
2026-07-17 19:00:00,1237388.36,,375172.09
2026-07-17 20:00:00,1231564.06,,374152.00
2026-07-17 21:00:00,1230703.77,,369347.82
2026-07-17 22:00:00,1229189.50,,368565.74
2026-07-17 23:00:00,1229729.85,,369287.05
2026-07-18 00:00:00,1228477.01,,368949.43
2026-07-18 01:00:00,1223156.35,,367679.94
2026-07-18 02:00:00,1214680.64,,367554.60
2026-07-18 03:00:00,1220032.13,,367822.45
2026-07-18 04:00:00,1223719.70,,367263.69
2026-07-18 05:00:00,1220259.35,,363449.29
2026-07-18 06:00:00,1220320.16,,361845.14
2026-07-18 07:00:00,1224047.18,,361108.23
2026-07-18 08:00:00,1224518.89,,359314.44
2026-07-18 09:00:00,1223895.03,,361479.37
2026-07-18 10:00:00,1235011.65,,363974.04
2026-07-18 11:00:00,1236797.73,,360223.20
2026-07-18 12:00:00,1242888.74,,360630.81
2026-07-18 13:00:00,1241176.11,,362949.88
2026-07-18 14:00:00,1238622.36,,358322.53
2026-07-18 15:00:00,1241925.22,,358435.84
2026-07-18 16:00:00,1255785.75,,364673.29
2026-07-18 17:00:00,1263842.24,,361073.75
2026-07-18 18:00:00,1266253.89,,362935.58
2026-07-18 19:00:00,1259974.77,,359799.65
2026-07-18 20:00:00,1259414.64,,359202.14
2026-07-18 21:00:00,1258585.58,,359656.22
2026-07-18 22:00:00,1261150.65,,359943.88
2026-07-18 23:00:00,1262964.17,,361625.71
2026-07-19 00:00:00,1257994.72,,361773.83
2026-07-19 01:00:00,1259331.76,,361219.47
2026-07-19 02:00:00,1255594.99,,360616.57
2026-07-19 03:00:00,1258087.23,,361251.44
2026-07-19 04:00:00,1255529.19,,361023.26
2026-07-19 05:00:00,1253927.12,,360043.16
2026-07-19 06:00:00,1250837.29,,360016.77
2026-07-19 07:00:00,1248939.33,,361554.58
2026-07-19 08:00:00,1245731.64,,362290.55
2026-07-19 09:00:00,1243535.32,,362669.50
2026-07-19 10:00:00,1232199.98,,363097.27
2026-07-19 11:00:00,1262764.02,,376953.60
2026-07-19 12:00:00,1242771.07,,368987.18
2026-07-19 13:00:00,1239285.62,,366873.87
2026-07-19 14:00:00,1261766.75,,367825.82
2026-07-19 15:00:00,1261920.51,,367267.73
2026-07-19 16:00:00,1256869.54,,364608.76
2026-07-19 17:00:00,1247845.58,,361706.34
2026-07-19 18:00:00,1245144.59,,366007.28
2026-07-19 19:00:00,1226822.45,,360897.63
2026-07-19 20:00:00,1225677.23,,359430.29
2026-07-19 21:00:00,1222822.54,,359822.63
2026-07-19 22:00:00,1213394.73,,357675.02
2026-07-19 23:00:00,1226386.34,,359303.47
2026-07-20 00:00:00,1217795.87,,357175.94
2026-07-20 01:00:00,1216093.07,,356429.01
2026-07-20 02:00:00,1217363.08,,358059.79
2026-07-20 03:00:00,1215383.99,,358046.00
2026-07-20 04:00:00,1214575.30,,358301.22
2026-07-20 05:00:00,1193290.54,,354999.18
2026-07-20 06:00:00,1186534.31,,346075.18
2026-07-20 07:00:00,1213826.01,,352387.11
2026-07-20 08:00:00,1249916.98,,385800.19
2026-07-20 09:00:00,1252656.65,,392050.34
2026-07-20 10:00:00,1227181.95,,383838.05
2026-07-20 11:00:00,1224286.80,,386115.64
2026-07-20 12:00:00,1247698.64,,385188.85
2026-07-20 13:00:00,1235692.17,,389645.46
2026-07-20 14:00:00,1232280.26,,391891.73
2026-07-20 15:00:00,1213011.01,,378253.63
2026-07-20 16:00:00,1224118.58,,379848.10
2026-07-20 17:00:00,1221899.58,,381005.20
2026-07-20 18:00:00,1227334.67,,374005.70
2026-07-20 19:00:00,1215443.05,,373067.28
2026-07-20 20:00:00,1213448.23,,375494.47
2026-07-20 21:00:00,1215506.91,,375055.26
2026-07-20 22:00:00,1237992.41,,376886.22
2026-07-20 23:00:00,1231325.60,,372541.74
2026-07-21 00:00:00,1229532.61,,371780.07
2026-07-21 01:00:00,1237702.64,,375703.53
2026-07-21 02:00:00,1224585.37,,366682.57
2026-07-21 03:00:00,1227166.74,,369580.17
2026-07-21 04:00:00,1244124.73,,366759.00
2026-07-21 05:00:00,1241187.03,,365664.17
2026-07-21 06:00:00,1253173.33,,367551.84
2026-07-21 07:00:00,1253824.98,,364202.13
2026-07-21 08:00:00,1272205.99,,371083.92
2026-07-21 09:00:00,1268159.62,,369117.82
2026-07-21 10:00:00,1271467.90,,370353.41
2026-07-21 11:00:00,1264290.22,,367385.47
2026-07-21 12:00:00,1254108.99,,366722.85
2026-07-21 13:00:00,1257788.91,,365756.62
2026-07-21 14:00:00,1258193.96,,368138.29
2026-07-21 15:00:00,1255548.94,,362706.46
2026-07-21 16:00:00,1259919.76,,363076.40
2026-07-21 17:00:00,1269633.70,,361736.79
2026-07-21 18:00:00,1260987.94,,361070.00
2026-07-21 19:00:00,1263217.61,,361836.15
2026-07-21 20:00:00,1265252.69,,367031.37
2026-07-21 21:00:00,1253103.56,,364170.52
2026-07-21 22:00:00,1251905.47,,364263.74
2026-07-21 23:00:00,1251668.85,,361249.21
2026-07-22 00:00:00,1253710.25,,362073.90
2026-07-22 01:00:00,1253291.12,,362412.51
2026-07-22 02:00:00,1247571.44,,361990.38
2026-07-22 03:00:00,1246388.23,,366843.19
2026-07-22 04:00:00,1240216.90,,363464.58
2026-07-22 05:00:00,1229090.17,,368005.63
2026-07-22 06:00:00,1227558.57,,365541.26
2026-07-22 07:00:00,1216885.35,,365091.25
2026-07-22 08:00:00,1219373.81,,364851.29
2026-07-22 09:00:00,1222157.46,,367236.01
2026-07-22 10:00:00,1219344.83,,366136.61
2026-07-22 11:00:00,1222832.75,,367062.05
2026-07-22 12:00:00,1223998.86,,365431.27
2026-07-22 13:00:00,1217473.29,,363971.78
2026-07-22 14:00:00,1228805.66,,367140.22
2026-07-22 15:00:00,1229492.63,,364293.46
2026-07-22 16:00:00,1231319.85,,363649.10
2026-07-22 17:00:00,1238301.07,,365544.17
2026-07-22 18:00:00,1234952.33,,364798.55
2026-07-22 19:00:00,1235099.16,,364987.59
2026-07-22 20:00:00,1232315.10,,365974.20
2026-07-22 21:00:00,1235173.23,,368057.94
2026-07-22 22:00:00,1238995.19,,368603.55
2026-07-22 23:00:00,1232162.04,,366856.27
2026-07-23 00:00:00,1228544.46,,366531.50
2026-07-23 01:00:00,1233123.18,,368492.48
2026-07-23 02:00:00,1232069.96,,368939.59
2026-07-23 03:00:00,1227170.85,,367260.71
2026-07-23 04:00:00,1219373.62,,365386.57
2026-07-23 05:00:00,1220633.42,,365827.26
2026-07-23 06:00:00,1222332.64,,365086.16
2026-07-23 07:00:00,1222394.35,,364694.69
2026-07-23 08:00:00,1222419.67,,362794.80
2026-07-23 09:00:00,1223871.96,,363721.33
2026-07-23 10:00:00,1225988.84,,362276.41
2026-07-23 11:00:00,1231296.20,,361889.25
2026-07-23 12:00:00,1231515.51,,360334.25
2026-07-23 13:00:00,1228455.86,,358094.77
2026-07-23 14:00:00,1226387.03,,361995.94
2026-07-23 15:00:00,1225779.49,,363626.08
2026-07-23 16:00:00,1225517.55,,365102.66
2026-07-23 17:00:00,1226222.38,,360559.16
2026-07-23 18:00:00,1214589.14,,355314.02
2026-07-23 19:00:00,1214656.28,,356150.51
2026-07-23 20:00:00,1213684.23,,356242.88
2026-07-23 21:00:00,1218710.65,,356423.82
2026-07-23 22:00:00,1214991.34,,355264.08
2026-07-23 23:00:00,1212988.03,,354578.80
2026-07-24 00:00:00,1212392.42,,353839.46
2026-07-24 01:00:00,1209585.00,,355249.01
2026-07-24 02:00:00,1225311.38,,356511.01
2026-07-24 03:00:00,1224899.04,,358363.69
2026-07-24 04:00:00,1229597.20,,360135.93
2026-07-24 05:00:00,1234894.04,,360402.28
2026-07-24 06:00:00,1236364.68,,364787.91
2026-07-24 07:00:00,1238158.73,,367785.85
2026-07-24 08:00:00,1240769.26,,365708.15
2026-07-24 09:00:00,1273552.63,,372116.06
2026-07-24 10:00:00,1261170.95,,369834.09
2026-07-24 11:00:00,1251082.11,,366541.50
2026-07-24 12:00:00,1251479.85,,369810.78
2026-07-24 13:00:00,1243641.42,,366563.23
2026-07-24 14:00:00,1237140.36,,369283.81
2026-07-24 15:00:00,1232544.75,,370145.02
2026-07-24 16:00:00,1239860.32,,372881.61
2026-07-24 17:00:00,1268946.52,,380558.65
2026-07-24 18:00:00,1345849.71,,437749.53
2026-07-24 19:00:00,1294133.08,,422951.65
2026-07-24 20:00:00,1292325.02,,415240.04
2026-07-24 21:00:00,1287814.52,,418663.28
2026-07-24 22:00:00,1279028.09,,419548.23
2026-07-24 23:00:00,1299003.32,,420855.23
2026-07-25 00:00:00,1294395.74,,420793.70
2026-07-25 01:00:00,1292346.00,,421808.13
2026-07-25 02:00:00,1285777.98,,416891.03
2026-07-25 03:00:00,1277930.11,,419009.16
2026-07-25 04:00:00,1262802.37,,416640.44
2026-07-25 05:00:00,1254848.22,,417212.20
2026-07-25 06:00:00,1251338.81,,418048.02
2026-07-25 07:00:00,1245603.20,,412189.00
2026-07-25 08:00:00,1229727.86,,406294.47
2026-07-25 09:00:00,1239068.79,,414836.34
2026-07-25 10:00:00,1238039.95,,419478.60
2026-07-25 11:00:00,1239317.09,,417743.75
2026-07-25 12:00:00,1245742.97,,419318.06
2026-07-25 13:00:00,1254770.37,,421706.93
2026-07-25 14:00:00,1262378.48,,423442.59
2026-07-25 15:00:00,1252564.39,,411043.76
2026-07-25 16:00:00,1255313.58,,413595.31
2026-07-25 17:00:00,1256199.78,,414456.16
2026-07-25 18:00:00,1244276.84,,411463.64
2026-07-25 19:00:00,1252420.62,,412385.37
2026-07-25 20:00:00,1241058.28,,413184.86
2026-07-25 21:00:00,1245030.97,,413387.23
2026-07-25 22:00:00,1243372.18,,412964.63
2026-07-25 23:00:00,1242401.27,,412807.75
2026-07-26 00:00:00,1241194.17,,411082.51
2026-07-26 01:00:00,1241152.97,,410526.72
2026-07-26 02:00:00,1240037.98,,412096.49
2026-07-26 03:00:00,1243766.01,,410282.72
2026-07-26 04:00:00,1242650.90,,410696.92
2026-07-26 05:00:00,1242703.99,,415195.86
2026-07-26 06:00:00,1266361.01,,423095.32
2026-07-26 07:00:00,1273651.23,,427482.18
2026-07-26 08:00:00,1264803.82,,421974.37
2026-07-26 09:00:00,1261172.51,,426157.26
2026-07-26 10:00:00,1259706.32,,424273.99
2026-07-26 11:00:00,1260929.13,,424460.25
2026-07-26 12:00:00,1254821.33,,422745.09
2026-07-26 13:00:00,1247032.03,,416866.59
2026-07-26 14:00:00,1241281.96,,411210.15
2026-07-26 15:00:00,1239423.89,,411875.78
2026-07-26 16:00:00,1243257.58,,416757.86
2026-07-26 17:00:00,1233668.23,,414508.03
2026-07-26 18:00:00,1228983.67,,413532.44
2026-07-26 19:00:00,1229016.64,,412034.03
2026-07-26 20:00:00,1229989.81,,413295.43
2026-07-26 21:00:00,1229565.98,,412894.62
2026-07-26 22:00:00,1233419.08,,413820.47
2026-07-26 23:00:00,1241018.26,,412927.63
2026-07-27 00:00:00,1239120.71,,411115.74
2026-07-27 01:00:00,1234020.49,,405123.77
2026-07-27 02:00:00,1235661.12,,404394.77
2026-07-27 03:00:00,1241160.03,,403575.71
2026-07-27 04:00:00,1245164.48,,402824.84
2026-07-27 05:00:00,1245054.03,,402233.05
2026-07-27 06:00:00,1250691.21,,411625.48
2026-07-27 07:00:00,1239666.73,,407861.57
2026-07-27 08:00:00,1231641.40,,403127.40
2026-07-27 09:00:00,1225421.80,,396877.36
2026-07-27 10:00:00,1228122.98,,398953.98
2026-07-27 11:00:00,1232849.99,,399591.39
2026-07-27 12:00:00,1228138.72,,398264.80
2026-07-27 13:00:00,1251379.49,,403422.32
2026-07-27 14:00:00,1245440.14,,400731.53
2026-07-27 15:00:00,1195897.35,,384632.52
2026-07-27 16:00:00,1192909.82,,382318.81
2026-07-27 17:00:00,1196001.09,,384266.50
2026-07-27 18:00:00,1194460.63,,382457.22
2026-07-27 19:00:00,1193093.09,,383385.27
2026-07-27 20:00:00,1195003.47,,383887.24
2026-07-27 21:00:00,1191662.62,,382800.00
2026-07-27 22:00:00,1185993.04,,380436.72
2026-07-27 23:00:00,1149058.72,,369792.56
2026-07-28 00:00:00,1139690.26,,377754.91
2026-07-28 01:00:00,1143152.91,,377987.41
2026-07-28 02:00:00,1121872.92,,369703.81
2026-07-28 03:00:00,1131213.17,,371574.89
2026-07-28 04:00:00,1130123.68,,371835.60
2026-07-28 05:00:00,1128994.07,,371927.52
2026-07-28 06:00:00,1125883.93,,374947.61
2026-07-28 07:00:00,1130016.60,,380228.78
2026-07-28 08:00:00,1129540.01,,376200.57
2026-07-28 09:00:00,1129318.67,,376008.37
2026-07-28 10:00:00,1129561.08,,376202.79
2026-07-28 11:00:00,1132776.48,,377043.66
2026-07-28 12:00:00,1136942.25,,376886.26
2026-07-28 13:00:00,1142380.72,,379117.72
2026-07-28 14:00:00,1139455.42,,372331.16
2026-07-28 15:00:00,1148359.98,,374433.22
2026-07-28 16:00:00,1177721.18,,390761.68
2026-07-28 17:00:00,1174909.58,,389268.47
2026-07-28 18:00:00,1159201.92,,385084.27
2026-07-28 19:00:00,1158975.30,,384179.11
2026-07-28 20:00:00,1160447.31,,387308.33
2026-07-28 21:00:00,1159097.59,,387076.95
2026-07-28 22:00:00,1162801.57,,391650.26
2026-07-28 23:00:00,1154842.38,,384268.71
2026-07-29 00:00:00,1164760.28,,381886.06
2026-07-29 01:00:00,1163995.81,,384469.94
2026-07-29 02:00:00,1152628.33,,378633.86
2026-07-29 03:00:00,1144865.97,,376532.80
2026-07-29 04:00:00,1133959.58,,366489.52
2026-07-29 05:00:00,1142433.25,,367881.51
2026-07-29 06:00:00,1147819.44,,369094.73
2026-07-29 07:00:00,1147188.22,,378089.62
2026-07-29 08:00:00,1150983.23,,378163.52
2026-07-29 09:00:00,1134833.29,,376388.85
2026-07-29 10:00:00,1149908.76,,378380.90
2026-07-29 11:00:00,1152652.15,,376032.88
2026-07-29 12:00:00,1156181.49,,378504.72
2026-07-29 13:00:00,1152631.25,,383654.21
2026-07-29 14:00:00,1143750.22,,384250.64
2026-07-29 15:00:00,1136865.56,,383850.91
2026-07-29 16:00:00,1142477.31,,381215.97
2026-07-29 17:00:00,1152616.98,,385672.38
2026-07-29 18:00:00,1166187.11,,388174.51
2026-07-29 19:00:00,1177734.48,,388153.48
2026-07-29 20:00:00,1146927.67,,377158.96
2026-07-29 21:00:00,1130074.78,,362834.04
2026-07-29 22:00:00,1146823.36,,366802.36
2026-07-29 23:00:00,1156108.56,,369276.25
2026-07-30 00:00:00,1159321.51,,370024.01
2026-07-30 01:00:00,1152666.01,,371371.12
2026-07-30 02:00:00,1166108.78,,377142.06
2026-07-30 03:00:00,1169788.55,,377362.63
2026-07-30 04:00:00,1180736.58,,386563.26
2026-07-30 05:00:00,1190245.56,,389049.41
2026-07-30 06:00:00,1172319.68,,387366.04
2026-07-30 07:00:00,1182216.57,,392556.32
2026-07-30 08:00:00,1194721.92,,398548.77
2026-07-30 09:00:00,1202929.60,,396946.89
2026-07-30 10:00:00,1202095.04,,390884.87
2026-07-30 11:00:00,1200956.44,,387985.67
2026-07-30 12:00:00,1208217.66,,388485.14
2026-07-30 13:00:00,1210699.87,,385078.81
2026-07-30 14:00:00,1216166.00,,412204.51
2026-07-30 15:00:00,1214458.81,,409931.27
2026-07-30 16:00:00,1205102.28,,405933.93
2026-07-30 17:00:00,1204313.18,,402814.21
2026-07-30 18:00:00,1209079.15,,412598.81
2026-07-30 19:00:00,1208792.50,,429858.96
2026-07-30 20:00:00,1214668.04,,433934.97
2026-07-30 21:00:00,1208010.32,,429428.34
2026-07-30 22:00:00,1213128.47,,429373.18
2026-07-30 23:00:00,1209757.31,,426866.95
2026-07-31 00:00:00,1210002.03,,426409.21
2026-07-31 01:00:00,1211073.72,,427492.16
2026-07-31 02:00:00,1208423.60,,425806.74
2026-07-31 03:00:00,1202983.39,,421068.32
2026-07-31 04:00:00,1207690.00,,424479.90
2026-07-31 05:00:00,1195163.47,,422812.85
2026-07-31 06:00:00,1192462.71,,421580.09
2026-07-31 07:00:00,1198697.25,,425062.80
2026-07-31 08:00:00,1193415.36,,428026.96
2026-07-31 09:00:00,1179482.66,,420098.16
2026-07-31 10:00:00,1185678.65,,415501.68
2026-07-31 11:00:00,1200084.11,,424928.32
2026-07-31 12:00:00,1185515.15,,418461.57
2026-07-31 13:00:00,1189058.21,,417259.12
2026-07-31 14:00:00,1168407.90,,408973.62
2026-07-31 15:00:00,1164327.80,,406818.68
2026-07-31 16:00:00,1160899.26,,411537.63
2026-07-31 17:00:00,1167151.13,,412004.95
2026-07-31 18:00:00,1179034.35,,411416.49
2026-07-31 19:00:00,1171141.81,,408094.01
2026-07-31 20:00:00,1170625.08,,405940.99
2026-07-31 21:00:00,1172431.79,,406651.20
2026-07-31 22:00:00,1174488.74,,405719.39
2026-07-31 23:00:00,1171392.51,,404197.60
2026-08-01 00:00:00,1204428.08,,416105.67
2026-08-01 01:00:00,1192778.77,,415324.24
2026-08-01 02:00:00,1185292.15,,399254.67
2026-08-01 03:00:00,1169312.91,,397110.86
2026-08-01 04:00:00,1171760.33,,393836.01
2026-08-01 05:00:00,1175221.69,,396728.37
2026-08-01 06:00:00,1185962.88,,397172.11
2026-08-01 07:00:00,1188526.56,,398680.19
2026-08-01 08:00:00,1175486.33,,394196.96
2026-08-01 09:00:00,1182471.03,,401274.76
2026-08-01 10:00:00,1177926.21,,400489.20
2026-08-01 11:00:00,1177768.11,,398692.17
2026-08-01 12:00:00,1174977.03,,399516.85
2026-08-01 13:00:00,1178584.03,,398764.46
2026-08-01 14:00:00,1186313.11,,409191.47
2026-08-01 15:00:00,1195281.18,,399581.12
2026-08-01 16:00:00,1191216.28,,396658.14
2026-08-01 17:00:00,1204148.68,,412758.33
2026-08-01 18:00:00,1200334.23,,409899.22
2026-08-01 19:00:00,1191427.83,,404869.54
2026-08-01 20:00:00,1183726.56,,398714.24
2026-08-01 21:00:00,1186734.57,,398798.74
2026-08-01 22:00:00,1194103.20,,399066.37
2026-08-01 23:00:00,1185386.51,,393768.48
2026-08-02 00:00:00,1188303.12,,396213.25
2026-08-02 01:00:00,1195298.05,,397246.84
2026-08-02 02:00:00,1207606.59,,397701.96
2026-08-02 03:00:00,1207834.71,,401576.61
2026-08-02 04:00:00,1206495.91,,398373.41
2026-08-02 05:00:00,1212103.06,,396939.94
2026-08-02 06:00:00,1210058.10,,389223.49
