time,oi_A,oi_6,oi_3
2026-05-24 12:00:00,,968571.76,
2026-05-24 13:00:00,,960788.14,
2026-05-24 14:00:00,,934569.58,
2026-05-24 15:00:00,,939881.10,
2026-05-24 16:00:00,,940204.78,
2026-05-24 17:00:00,,939065.00,
2026-05-24 18:00:00,,933210.74,
2026-05-24 19:00:00,,917275.84,
2026-05-24 20:00:00,,898547.29,
2026-05-24 21:00:00,,890456.33,
2026-05-24 22:00:00,,873978.61,
2026-05-24 23:00:00,,874913.46,
2026-05-25 00:00:00,,877108.71,
2026-05-25 01:00:00,,871178.89,
2026-05-25 02:00:00,,872380.60,
2026-05-25 03:00:00,,880132.07,
2026-05-25 04:00:00,,869186.00,
2026-05-25 05:00:00,,878138.63,
2026-05-25 06:00:00,,872161.21,
2026-05-25 07:00:00,,868597.52,
2026-05-25 08:00:00,,871133.05,
2026-05-25 09:00:00,,895570.44,
2026-05-25 10:00:00,,887858.36,
2026-05-25 11:00:00,,893776.54,
2026-05-25 12:00:00,,893616.45,
2026-05-25 13:00:00,,889963.81,
2026-05-25 14:00:00,,895082.97,
2026-05-25 15:00:00,,905480.81,
2026-05-25 16:00:00,,911139.99,
2026-05-25 17:00:00,,909152.09,
2026-05-25 18:00:00,,900054.00,
2026-05-25 19:00:00,,901881.05,
2026-05-25 20:00:00,,906933.14,
2026-05-25 21:00:00,,918577.51,
2026-05-25 22:00:00,,1033217.19,
2026-05-25 23:00:00,,1039556.90,
2026-05-26 00:00:00,,1043156.98,
2026-05-26 01:00:00,,1009391.70,
2026-05-26 02:00:00,,1014169.38,
2026-05-26 03:00:00,,1008061.94,
2026-05-26 04:00:00,,1007184.87,
2026-05-26 05:00:00,,1017573.71,
2026-05-26 06:00:00,,1017060.38,
2026-05-26 07:00:00,,1009974.48,
2026-05-26 08:00:00,,1000248.02,
2026-05-26 09:00:00,,993701.73,
2026-05-26 10:00:00,,989930.30,
2026-05-26 11:00:00,,995963.55,
2026-05-26 12:00:00,,979940.90,
2026-05-26 13:00:00,,968477.42,
2026-05-26 14:00:00,,970891.81,
2026-05-26 15:00:00,,964035.92,
2026-05-26 16:00:00,,953586.35,
2026-05-26 17:00:00,,952905.58,
2026-05-26 18:00:00,,937130.97,
2026-05-26 19:00:00,,932927.17,
2026-05-26 20:00:00,,935171.46,
2026-05-26 21:00:00,,934729.86,
2026-05-26 22:00:00,,924371.13,
2026-05-26 23:00:00,,920560.51,
2026-05-27 00:00:00,,919623.18,
2026-05-27 01:00:00,,924154.09,
2026-05-27 02:00:00,,912091.42,
2026-05-27 03:00:00,,908782.83,
2026-05-27 04:00:00,,897933.55,
2026-05-27 05:00:00,,896369.23,
2026-05-27 06:00:00,,892450.17,
2026-05-27 07:00:00,,891405.93,
2026-05-27 08:00:00,,890034.77,
2026-05-27 09:00:00,,884249.97,
2026-05-27 10:00:00,,890458.21,
2026-05-27 11:00:00,,882510.79,
2026-05-27 12:00:00,,884165.77,
2026-05-27 13:00:00,,891523.19,
2026-05-27 14:00:00,,896119.85,
2026-05-27 15:00:00,,909167.05,
2026-05-27 16:00:00,,913315.95,
2026-05-27 17:00:00,,915437.25,
2026-05-27 18:00:00,,907874.91,
2026-05-27 19:00:00,,900750.52,
2026-05-27 20:00:00,,897010.64,
2026-05-27 21:00:00,,895640.49,
2026-05-27 22:00:00,,876548.69,
2026-05-27 23:00:00,,879240.18,
2026-05-28 00:00:00,,878624.35,
2026-05-28 01:00:00,,877536.52,
2026-05-28 02:00:00,,865154.53,
2026-05-28 03:00:00,,871224.70,
2026-05-28 04:00:00,,851676.88,
2026-05-28 05:00:00,,836173.07,
2026-05-28 06:00:00,,834311.48,
2026-05-28 07:00:00,,837721.21,
2026-05-28 08:00:00,,841047.15,
2026-05-28 09:00:00,,832777.92,
2026-05-28 10:00:00,,828896.90,
2026-05-28 11:00:00,,821718.17,
2026-05-28 12:00:00,,821339.50,
2026-05-28 13:00:00,,832425.81,
2026-05-28 14:00:00,,828587.43,
2026-05-28 15:00:00,,832516.44,
2026-05-28 16:00:00,,835847.52,
2026-05-28 17:00:00,,848449.99,
2026-05-28 18:00:00,,860839.13,
2026-05-28 19:00:00,,860282.99,
2026-05-28 20:00:00,,854206.21,
2026-05-28 21:00:00,,868724.81,
2026-05-28 22:00:00,,873909.88,
2026-05-28 23:00:00,,858258.74,
2026-05-29 00:00:00,,858732.78,
2026-05-29 01:00:00,,852490.81,
2026-05-29 02:00:00,,850039.44,
2026-05-29 03:00:00,,841343.45,
2026-05-29 04:00:00,,837801.59,
2026-05-29 05:00:00,,846745.09,
2026-05-29 06:00:00,,841195.74,
2026-05-29 07:00:00,,841962.51,
2026-05-29 08:00:00,,839877.36,
2026-05-29 09:00:00,,834478.85,
2026-05-29 10:00:00,,837800.92,
2026-05-29 11:00:00,,833737.68,
2026-05-29 12:00:00,,828945.96,
2026-05-29 13:00:00,,826213.44,
2026-05-29 14:00:00,,822571.97,
2026-05-29 15:00:00,,824499.97,
2026-05-29 16:00:00,,839217.82,
2026-05-29 17:00:00,,840720.02,
2026-05-29 18:00:00,,836435.45,
2026-05-29 19:00:00,,826262.43,
2026-05-29 20:00:00,,827302.90,
2026-05-29 21:00:00,,826677.06,
2026-05-29 22:00:00,,822031.21,
2026-05-29 23:00:00,,827817.01,
2026-05-30 00:00:00,,826159.16,
2026-05-30 01:00:00,,833978.71,
2026-05-30 02:00:00,,845008.24,
2026-05-30 03:00:00,,847433.70,
2026-05-30 04:00:00,,844813.24,
2026-05-30 05:00:00,,841112.69,
2026-05-30 06:00:00,,844389.34,
2026-05-30 07:00:00,,839388.99,
2026-05-30 08:00:00,,834946.40,
2026-05-30 09:00:00,,833365.40,
2026-05-30 10:00:00,,830441.88,
2026-05-30 11:00:00,,825833.98,
2026-05-30 12:00:00,,822080.70,
2026-05-30 13:00:00,,821406.01,
2026-05-30 14:00:00,,822490.58,
2026-05-30 15:00:00,,818513.15,
2026-05-30 16:00:00,,819466.79,
2026-05-30 17:00:00,,825746.56,
2026-05-30 18:00:00,,822790.96,
2026-05-30 19:00:00,,822100.40,
2026-05-30 20:00:00,,818541.13,
2026-05-30 21:00:00,,819764.89,
2026-05-30 22:00:00,,820510.51,
2026-05-30 23:00:00,,812737.52,
2026-05-31 00:00:00,,815408.04,
2026-05-31 01:00:00,,821337.64,
2026-05-31 02:00:00,,828328.46,
2026-05-31 03:00:00,,830045.06,
2026-05-31 04:00:00,,827055.80,
2026-05-31 05:00:00,,827207.85,
2026-05-31 06:00:00,,820450.52,
2026-05-31 07:00:00,,823641.16,
2026-05-31 08:00:00,,823915.52,
2026-05-31 09:00:00,,822935.53,
2026-05-31 10:00:00,,817985.72,
2026-05-31 11:00:00,,819062.40,
2026-05-31 12:00:00,,819214.56,
2026-05-31 13:00:00,,828203.49,
2026-05-31 14:00:00,,827069.92,
2026-05-31 15:00:00,,810680.28,
2026-05-31 16:00:00,,808161.60,
2026-05-31 17:00:00,,801992.08,
2026-05-31 18:00:00,,806868.47,
2026-05-31 19:00:00,,803311.30,
2026-05-31 20:00:00,,801581.99,
2026-05-31 21:00:00,,806887.03,
2026-05-31 22:00:00,,811606.03,
2026-05-31 23:00:00,,822427.47,
2026-06-01 00:00:00,,813886.01,
2026-06-01 01:00:00,,824666.74,
2026-06-01 02:00:00,,835122.06,
2026-06-01 03:00:00,,836691.87,
2026-06-01 04:00:00,,827838.19,
2026-06-01 05:00:00,,819363.22,
2026-06-01 06:00:00,,834045.14,
2026-06-01 07:00:00,,833219.79,
2026-06-01 08:00:00,,825982.11,
2026-06-01 09:00:00,,831512.31,
2026-06-01 10:00:00,,833465.80,
2026-06-01 11:00:00,,788766.30,
2026-06-01 12:00:00,,781034.35,
2026-06-01 13:00:00,,778811.89,
2026-06-01 14:00:00,,779533.64,
2026-06-01 15:00:00,,774941.27,
2026-06-01 16:00:00,,779695.56,
2026-06-01 17:00:00,,783956.62,
2026-06-01 18:00:00,,786007.97,
2026-06-01 19:00:00,,776363.90,
2026-06-01 20:00:00,,774011.45,
2026-06-01 21:00:00,,770007.45,
2026-06-01 22:00:00,,768745.05,
2026-06-01 23:00:00,,767634.15,
2026-06-02 00:00:00,,765471.30,
2026-06-02 01:00:00,,758884.01,
2026-06-02 02:00:00,,753242.79,
2026-06-02 03:00:00,,761228.54,
2026-06-02 04:00:00,,759506.46,
2026-06-02 05:00:00,,747471.40,
2026-06-02 06:00:00,,738279.02,
2026-06-02 07:00:00,,733375.41,
2026-06-02 08:00:00,,732217.71,
2026-06-02 09:00:00,,730615.92,
2026-06-02 10:00:00,,724485.37,
2026-06-02 11:00:00,,725456.00,
2026-06-02 12:00:00,,717741.43,
2026-06-02 13:00:00,,714980.93,
2026-06-02 14:00:00,,707389.98,
2026-06-02 15:00:00,,686063.28,
2026-06-02 16:00:00,,677897.17,
2026-06-02 17:00:00,,688761.33,
2026-06-02 18:00:00,,699353.14,
2026-06-02 19:00:00,,689643.52,
2026-06-02 20:00:00,,684843.76,
2026-06-02 21:00:00,,693951.22,
2026-06-02 22:00:00,,696460.02,
2026-06-02 23:00:00,,679811.99,
2026-06-03 00:00:00,,692834.64,
2026-06-03 01:00:00,,702084.52,
2026-06-03 02:00:00,,697012.59,
2026-06-03 03:00:00,,691381.24,
2026-06-03 04:00:00,,679558.72,
2026-06-03 05:00:00,,691011.33,
2026-06-03 06:00:00,,699110.36,
2026-06-03 07:00:00,,723456.86,
2026-06-03 08:00:00,,726453.51,
2026-06-03 09:00:00,,725339.35,
2026-06-03 10:00:00,,715272.65,
2026-06-03 11:00:00,,724729.12,
2026-06-03 12:00:00,,720652.10,
2026-06-03 13:00:00,,716566.75,
2026-06-03 14:00:00,,721506.58,
2026-06-03 15:00:00,,720879.02,
2026-06-03 16:00:00,,714675.68,
2026-06-03 17:00:00,,708965.15,
2026-06-03 18:00:00,,708300.83,
2026-06-03 19:00:00,,714817.23,
2026-06-03 20:00:00,,705096.25,
2026-06-03 21:00:00,,695122.86,
2026-06-03 22:00:00,,721104.65,
2026-06-03 23:00:00,,722034.44,
2026-06-04 00:00:00,,717375.18,
2026-06-04 01:00:00,,711417.78,
2026-06-04 02:00:00,,675631.55,
2026-06-04 03:00:00,,673593.85,
2026-06-04 04:00:00,,687593.14,
2026-06-04 05:00:00,,674006.73,
2026-06-04 06:00:00,,671488.11,
2026-06-04 07:00:00,,668868.03,
2026-06-04 08:00:00,,636740.85,
2026-06-04 09:00:00,,631546.89,
2026-06-04 10:00:00,,610548.11,
2026-06-04 11:00:00,,599347.75,
2026-06-04 12:00:00,,603764.85,
2026-06-04 13:00:00,,619139.91,
2026-06-04 14:00:00,,620308.90,
2026-06-04 15:00:00,,618323.71,
2026-06-04 16:00:00,,622274.09,
2026-06-04 17:00:00,,619647.84,
2026-06-04 18:00:00,,617627.51,
2026-06-04 19:00:00,,622004.95,
2026-06-04 20:00:00,,615515.87,
2026-06-04 21:00:00,,620260.78,
2026-06-04 22:00:00,,603334.21,
2026-06-04 23:00:00,,612051.84,
2026-06-05 00:00:00,,608906.03,
2026-06-05 01:00:00,,596291.75,
2026-06-05 02:00:00,,593572.84,
2026-06-05 03:00:00,,578084.99,
2026-06-05 04:00:00,,577347.38,
2026-06-05 05:00:00,,591613.02,
2026-06-05 06:00:00,,569872.20,
2026-06-05 07:00:00,,555973.36,
2026-06-05 08:00:00,,568575.56,
2026-06-05 09:00:00,,558069.09,
2026-06-05 10:00:00,,561742.23,
2026-06-05 11:00:00,,562587.43,
2026-06-05 12:00:00,,559749.84,
2026-06-05 13:00:00,,559161.59,
2026-06-05 14:00:00,,547569.78,
2026-06-05 15:00:00,,552627.07,
2026-06-05 16:00:00,,539634.38,
2026-06-05 17:00:00,,550330.73,
2026-06-05 18:00:00,,543746.37,
2026-06-05 19:00:00,,528824.47,
2026-06-05 20:00:00,,541779.26,
2026-06-05 21:00:00,,565309.83,
2026-06-05 22:00:00,,557611.38,
2026-06-05 23:00:00,,549243.39,
2026-06-06 00:00:00,,541539.99,
2026-06-06 01:00:00,,541676.95,
2026-06-06 02:00:00,,536427.41,
2026-06-06 03:00:00,,529771.85,
2026-06-06 04:00:00,,524434.59,
2026-06-06 05:00:00,,510835.41,
2026-06-06 06:00:00,,531734.19,
2026-06-06 07:00:00,,534574.40,
2026-06-06 08:00:00,,541285.30,
2026-06-06 09:00:00,,553206.76,
2026-06-06 10:00:00,,550444.62,
2026-06-06 11:00:00,,540536.50,
2026-06-06 12:00:00,,542563.93,
2026-06-06 13:00:00,,550264.00,
2026-06-06 14:00:00,,549788.65,
2026-06-06 15:00:00,,553055.23,
2026-06-06 16:00:00,,551652.39,
2026-06-06 17:00:00,,552839.99,
2026-06-06 18:00:00,,542603.83,
2026-06-06 19:00:00,,550185.61,
2026-06-06 20:00:00,,548860.13,
2026-06-06 21:00:00,,550070.24,
2026-06-06 22:00:00,,554134.76,
2026-06-06 23:00:00,,553900.96,
2026-06-07 00:00:00,,560080.26,
2026-06-07 01:00:00,,557052.19,
2026-06-07 02:00:00,,569247.35,
2026-06-07 03:00:00,,564347.66,
2026-06-07 04:00:00,,561225.09,
2026-06-07 05:00:00,,557519.03,
2026-06-07 06:00:00,,563112.94,
2026-06-07 07:00:00,,564448.40,
2026-06-07 08:00:00,,566790.09,
2026-06-07 09:00:00,,579930.10,
2026-06-07 10:00:00,,572622.02,
2026-06-07 11:00:00,,561996.64,
2026-06-07 12:00:00,,565500.64,
2026-06-07 13:00:00,,560566.96,
2026-06-07 14:00:00,,559961.79,
2026-06-07 15:00:00,,564834.89,
2026-06-07 16:00:00,,563362.15,
2026-06-07 17:00:00,,571296.20,
2026-06-07 18:00:00,,564469.21,
2026-06-07 19:00:00,,559436.19,
2026-06-07 20:00:00,,549465.93,
2026-06-07 21:00:00,,562401.98,
2026-06-07 22:00:00,,559025.44,
2026-06-07 23:00:00,,573239.51,
2026-06-08 00:00:00,,572401.53,
2026-06-08 01:00:00,,578760.02,
2026-06-08 02:00:00,,573659.21,
2026-06-08 03:00:00,,573755.45,
2026-06-08 04:00:00,,576376.63,
2026-06-08 05:00:00,,566753.79,
2026-06-08 06:00:00,,565111.84,
2026-06-08 07:00:00,,565896.98,
2026-06-08 08:00:00,,569070.00,
2026-06-08 09:00:00,,564084.00,
2026-06-08 10:00:00,,572318.71,
2026-06-08 11:00:00,,573484.37,
2026-06-08 12:00:00,,579090.86,
2026-06-08 13:00:00,,580251.93,
2026-06-08 14:00:00,,576515.28,
2026-06-08 15:00:00,,578820.38,
2026-06-08 16:00:00,,579407.64,
2026-06-08 17:00:00,,580043.15,
2026-06-08 18:00:00,,579781.44,
2026-06-08 19:00:00,,576508.41,
2026-06-08 20:00:00,,575683.67,
2026-06-08 21:00:00,,580787.41,
2026-06-08 22:00:00,,578966.30,
2026-06-08 23:00:00,,574368.87,
2026-06-09 00:00:00,,568266.41,
2026-06-09 01:00:00,,555204.84,
2026-06-09 02:00:00,,558651.65,
2026-06-09 03:00:00,,548006.06,
2026-06-09 04:00:00,,549284.37,
2026-06-09 05:00:00,,550813.93,
2026-06-09 06:00:00,,559508.20,
2026-06-09 07:00:00,,555323.31,
2026-06-09 08:00:00,,560207.39,
2026-06-09 09:00:00,,559562.21,
2026-06-09 10:00:00,,557626.21,
2026-06-09 11:00:00,,559225.85,
2026-06-09 12:00:00,,557477.95,
2026-06-09 13:00:00,,556840.66,
2026-06-09 14:00:00,,556848.60,
2026-06-09 15:00:00,,550769.15,
2026-06-09 16:00:00,,546825.79,
2026-06-09 17:00:00,,551268.31,
2026-06-09 18:00:00,,556390.53,
2026-06-09 19:00:00,,558266.57,
2026-06-09 20:00:00,,563306.29,
2026-06-09 21:00:00,,567347.41,
2026-06-09 22:00:00,,561402.95,
2026-06-09 23:00:00,,561736.76,
2026-06-10 00:00:00,,566100.38,
2026-06-10 01:00:00,,572363.35,
2026-06-10 02:00:00,,569261.04,
2026-06-10 03:00:00,,562171.50,
2026-06-10 04:00:00,,564041.14,
2026-06-10 05:00:00,,564178.56,
2026-06-10 06:00:00,,564844.11,
2026-06-10 07:00:00,,570105.09,
2026-06-10 08:00:00,,569121.77,
2026-06-10 09:00:00,,563909.07,
2026-06-10 10:00:00,,564336.33,
2026-06-10 11:00:00,,562409.49,
2026-06-10 12:00:00,,561781.91,
2026-06-10 13:00:00,,572394.75,
2026-06-10 14:00:00,,584579.36,
2026-06-10 15:00:00,,582586.41,
2026-06-10 16:00:00,,583294.71,
2026-06-10 17:00:00,,580691.78,
2026-06-10 18:00:00,,573689.12,
2026-06-10 19:00:00,,571362.68,
2026-06-10 20:00:00,,564952.33,
2026-06-10 21:00:00,,561412.09,
2026-06-10 22:00:00,,550346.40,
2026-06-10 23:00:00,,553416.61,
2026-06-11 00:00:00,,556033.70,
2026-06-11 01:00:00,,556566.08,
2026-06-11 02:00:00,,560481.73,
2026-06-11 03:00:00,,554070.69,
2026-06-11 04:00:00,,567092.93,
2026-06-11 05:00:00,,570393.33,
2026-06-11 06:00:00,,562315.30,
2026-06-11 07:00:00,,562063.57,
2026-06-11 08:00:00,,559042.91,
2026-06-11 09:00:00,,562475.80,
2026-06-11 10:00:00,,564586.79,
2026-06-11 11:00:00,,560976.00,
2026-06-11 12:00:00,,560143.29,
2026-06-11 13:00:00,,554823.30,
2026-06-11 14:00:00,,558537.63,
2026-06-11 15:00:00,,561490.35,
2026-06-11 16:00:00,,561672.92,
2026-06-11 17:00:00,,557147.38,
2026-06-11 18:00:00,,575426.66,
2026-06-11 19:00:00,,573461.71,
2026-06-11 20:00:00,,577294.11,
2026-06-11 21:00:00,,577509.08,
2026-06-11 22:00:00,,579768.20,
2026-06-11 23:00:00,,572127.91,
2026-06-12 00:00:00,,571269.65,
2026-06-12 01:00:00,,572602.98,
2026-06-12 02:00:00,,568284.16,
2026-06-12 03:00:00,,570201.94,
2026-06-12 04:00:00,,569506.41,
2026-06-12 05:00:00,,567405.87,
2026-06-12 06:00:00,,571311.15,
2026-06-12 07:00:00,,575157.48,
2026-06-12 08:00:00,,581162.96,
2026-06-12 09:00:00,,584186.72,
2026-06-12 10:00:00,,585205.29,
2026-06-12 11:00:00,,578490.43,
2026-06-12 12:00:00,,585941.02,
2026-06-12 13:00:00,,586585.31,
2026-06-12 14:00:00,,572050.27,
2026-06-12 15:00:00,,591214.19,
2026-06-12 16:00:00,,581833.07,
2026-06-12 17:00:00,,584007.40,
2026-06-12 18:00:00,,576406.08,
2026-06-12 19:00:00,,572427.01,
2026-06-12 20:00:00,,574347.20,
2026-06-12 21:00:00,,575803.97,
2026-06-12 22:00:00,,577011.47,
2026-06-12 23:00:00,,571313.14,
2026-06-13 00:00:00,,572890.98,
2026-06-13 01:00:00,,573063.19,
2026-06-13 02:00:00,,580083.26,
2026-06-13 03:00:00,,573203.47,
2026-06-13 04:00:00,,566407.07,
2026-06-13 05:00:00,,566209.95,
2026-06-13 06:00:00,,563240.24,
2026-06-13 07:00:00,,571948.85,
2026-06-13 08:00:00,,575761.16,
2026-06-13 09:00:00,,573172.87,
2026-06-13 10:00:00,,573025.97,
2026-06-13 11:00:00,,567974.08,
2026-06-13 12:00:00,,571059.11,
2026-06-13 13:00:00,,559392.81,
2026-06-13 14:00:00,,557969.40,
2026-06-13 15:00:00,,553273.91,
2026-06-13 16:00:00,,556159.95,
2026-06-13 17:00:00,,555750.63,
2026-06-13 18:00:00,,559908.39,
2026-06-13 19:00:00,,567102.72,
2026-06-13 20:00:00,,566512.05,
2026-06-13 21:00:00,,560456.49,
2026-06-13 22:00:00,,571098.94,
2026-06-13 23:00:00,,561815.15,
2026-06-14 00:00:00,,557446.21,
2026-06-14 01:00:00,,556820.08,
2026-06-14 02:00:00,,556785.80,
2026-06-14 03:00:00,,558071.38,
2026-06-14 04:00:00,,555784.58,
2026-06-14 05:00:00,,553399.48,
2026-06-14 06:00:00,,549863.64,
2026-06-14 07:00:00,,558524.60,
2026-06-14 08:00:00,,588428.26,
2026-06-14 09:00:00,,569397.01,
2026-06-14 10:00:00,,586252.40,
2026-06-14 11:00:00,,597193.71,
2026-06-14 12:00:00,,582376.37,
2026-06-14 13:00:00,,576840.01,
2026-06-14 14:00:00,,587532.43,
2026-06-14 15:00:00,,568635.94,
2026-06-14 16:00:00,,569412.98,
2026-06-14 17:00:00,,567927.41,
2026-06-14 18:00:00,,550600.34,
2026-06-14 19:00:00,,542432.70,
2026-06-14 20:00:00,,546459.21,
2026-06-14 21:00:00,,542220.77,
2026-06-14 22:00:00,,556727.74,
2026-06-14 23:00:00,,555680.40,
2026-06-15 00:00:00,,559022.84,
2026-06-15 01:00:00,,551917.36,
2026-06-15 02:00:00,,547520.02,
2026-06-15 03:00:00,,545207.28,
2026-06-15 04:00:00,,540763.40,
2026-06-15 05:00:00,,537563.30,
2026-06-15 06:00:00,,539123.69,
2026-06-15 07:00:00,,537325.67,
2026-06-15 08:00:00,,531575.62,
2026-06-15 09:00:00,,531517.63,
2026-06-15 10:00:00,,534551.19,
2026-06-15 11:00:00,,537546.81,
2026-06-15 12:00:00,,551381.04,
2026-06-15 13:00:00,,550157.94,
2026-06-15 14:00:00,,549132.18,
2026-06-15 15:00:00,,549535.53,
2026-06-15 16:00:00,,549460.37,
2026-06-15 17:00:00,,544797.24,
2026-06-15 18:00:00,,542655.59,
2026-06-15 19:00:00,,537456.23,
2026-06-15 20:00:00,,534335.08,
2026-06-15 21:00:00,,533761.59,
2026-06-15 22:00:00,,533789.49,
2026-06-15 23:00:00,,528508.95,
2026-06-16 00:00:00,,531650.71,
2026-06-16 01:00:00,,530200.67,
2026-06-16 02:00:00,,528194.01,
2026-06-16 03:00:00,,523980.94,
2026-06-16 04:00:00,,529514.94,
2026-06-16 05:00:00,,521315.79,
2026-06-16 06:00:00,,523971.70,
2026-06-16 07:00:00,,529157.82,
2026-06-16 08:00:00,,526008.51,
2026-06-16 09:00:00,,532094.00,
2026-06-16 10:00:00,,527844.16,
2026-06-16 11:00:00,,525600.50,
2026-06-16 12:00:00,,526447.12,
2026-06-16 13:00:00,,527896.55,
2026-06-16 14:00:00,,521365.69,
2026-06-16 15:00:00,,511929.34,
2026-06-16 16:00:00,,514447.91,
2026-06-16 17:00:00,,517049.03,
2026-06-16 18:00:00,,521391.85,
2026-06-16 19:00:00,,523274.29,
2026-06-16 20:00:00,,521214.57,
2026-06-16 21:00:00,,520243.15,
2026-06-16 22:00:00,,515755.93,
2026-06-16 23:00:00,,513926.05,
2026-06-17 00:00:00,,512351.96,
2026-06-17 01:00:00,,513819.89,
2026-06-17 02:00:00,,517206.80,
2026-06-17 03:00:00,,518581.42,
2026-06-17 04:00:00,,514971.64,
2026-06-17 05:00:00,,512232.46,
2026-06-17 06:00:00,,513705.19,
2026-06-17 07:00:00,,528624.97,
2026-06-17 08:00:00,,538469.81,
2026-06-17 09:00:00,,525509.52,
2026-06-17 10:00:00,,525570.97,
2026-06-17 11:00:00,,523061.13,
2026-06-17 12:00:00,,530676.88,
2026-06-17 13:00:00,,568728.50,
2026-06-17 14:00:00,,563739.24,
2026-06-17 15:00:00,,568040.49,
2026-06-17 16:00:00,,562901.23,
2026-06-17 17:00:00,,559497.38,
2026-06-17 18:00:00,,556629.38,
2026-06-17 19:00:00,,544250.33,
2026-06-17 20:00:00,,531397.89,
2026-06-17 21:00:00,,532510.47,
2026-06-17 22:00:00,,525677.99,
2026-06-17 23:00:00,,524438.64,
2026-06-18 00:00:00,,530240.52,
2026-06-18 01:00:00,,526828.73,
2026-06-18 02:00:00,,528659.55,
2026-06-18 03:00:00,,530733.23,
2026-06-18 04:00:00,,524726.45,
2026-06-18 05:00:00,,517906.18,
2026-06-18 06:00:00,,520569.92,
2026-06-18 07:00:00,,519144.70,
2026-06-18 08:00:00,,519307.42,
2026-06-18 09:00:00,,514056.66,
2026-06-18 10:00:00,,513545.13,
2026-06-18 11:00:00,,510765.65,
2026-06-18 12:00:00,,505486.84,
2026-06-18 13:00:00,,513620.31,
2026-06-18 14:00:00,,518237.69,
2026-06-18 15:00:00,,518416.98,
2026-06-18 16:00:00,,492503.11,
2026-06-18 17:00:00,,501112.48,
2026-06-18 18:00:00,,498477.78,
2026-06-18 19:00:00,,501085.17,
2026-06-18 20:00:00,,500599.87,
2026-06-18 21:00:00,,503515.30,
2026-06-18 22:00:00,,501643.70,
2026-06-18 23:00:00,,500253.25,
2026-06-19 00:00:00,,504105.22,
2026-06-19 01:00:00,,504537.92,
2026-06-19 02:00:00,,504748.81,
2026-06-19 03:00:00,,501404.71,
2026-06-19 04:00:00,,494798.78,
2026-06-19 05:00:00,,487761.06,
2026-06-19 06:00:00,,491974.93,
2026-06-19 07:00:00,,492013.57,
2026-06-19 08:00:00,,487456.49,
2026-06-19 09:00:00,,490070.41,
2026-06-19 10:00:00,,485471.58,
2026-06-19 11:00:00,,491162.58,
2026-06-19 12:00:00,,482109.25,
2026-06-19 13:00:00,,491140.91,
2026-06-19 14:00:00,,492233.79,
2026-06-19 15:00:00,,489868.76,
2026-06-19 16:00:00,,491172.33,
2026-06-19 17:00:00,,492028.15,
2026-06-19 18:00:00,,493515.72,
2026-06-19 19:00:00,,489380.59,
2026-06-19 20:00:00,,486100.35,
2026-06-19 21:00:00,,487892.74,
2026-06-19 22:00:00,,483944.87,
2026-06-19 23:00:00,,485636.05,
2026-06-20 00:00:00,,489039.91,
2026-06-20 01:00:00,,487255.16,
2026-06-20 02:00:00,,493759.75,
2026-06-20 03:00:00,,489467.77,
2026-06-20 04:00:00,,489497.90,
2026-06-20 05:00:00,,484551.45,
2026-06-20 06:00:00,,482274.27,
2026-06-20 07:00:00,,485774.76,
2026-06-20 08:00:00,,486809.74,
2026-06-20 09:00:00,,499637.59,
2026-06-20 10:00:00,,492423.30,
2026-06-20 11:00:00,,488246.25,
2026-06-20 12:00:00,,492656.57,
2026-06-20 13:00:00,,489500.55,
2026-06-20 14:00:00,,479031.82,
2026-06-20 15:00:00,,480259.32,
2026-06-20 16:00:00,,480204.74,
2026-06-20 17:00:00,,481141.03,
2026-06-20 18:00:00,,485651.27,
2026-06-20 19:00:00,,482465.35,
2026-06-20 20:00:00,,481055.44,
2026-06-20 21:00:00,,479849.77,
2026-06-20 22:00:00,,482467.58,
2026-06-20 23:00:00,,482843.22,
2026-06-21 00:00:00,,485933.81,
2026-06-21 01:00:00,,485920.20,
2026-06-21 02:00:00,,490516.85,
2026-06-21 03:00:00,,484201.17,
2026-06-21 04:00:00,,483705.66,
2026-06-21 05:00:00,,483712.68,
2026-06-21 06:00:00,,482798.76,
2026-06-21 07:00:00,,488595.91,
2026-06-21 08:00:00,,491984.66,
2026-06-21 09:00:00,,484817.84,
2026-06-21 10:00:00,,487092.35,
2026-06-21 11:00:00,,485207.95,
2026-06-21 12:00:00,,483430.21,
2026-06-21 13:00:00,,485873.38,
2026-06-21 14:00:00,,484712.38,
2026-06-21 15:00:00,,483747.61,
2026-06-21 16:00:00,,485300.17,
2026-06-21 17:00:00,,484765.84,
2026-06-21 18:00:00,,484678.54,
2026-06-21 19:00:00,,483779.10,
2026-06-21 20:00:00,,483241.20,
2026-06-21 21:00:00,,476750.66,
2026-06-21 22:00:00,,472969.34,
2026-06-21 23:00:00,,470580.63,
2026-06-22 00:00:00,,465827.34,
2026-06-22 01:00:00,,471935.00,
2026-06-22 02:00:00,,476908.48,
2026-06-22 03:00:00,,473260.93,
2026-06-22 04:00:00,,496804.57,
2026-06-22 05:00:00,,497143.52,
2026-06-22 06:00:00,,492551.82,
2026-06-22 07:00:00,,488486.11,
2026-06-22 08:00:00,,496792.55,
2026-06-22 09:00:00,,495212.03,
2026-06-22 10:00:00,,492302.61,
2026-06-22 11:00:00,,491471.89,
2026-06-22 12:00:00,,499486.58,
2026-06-22 13:00:00,,501298.36,
2026-06-22 14:00:00,,491401.19,
2026-06-22 15:00:00,,487130.41,
2026-06-22 16:00:00,,484705.01,
2026-06-22 17:00:00,,485880.42,
2026-06-22 18:00:00,,488081.83,
2026-06-22 19:00:00,,484549.93,
2026-06-22 20:00:00,,492123.20,
2026-06-22 21:00:00,,490748.16,
2026-06-22 22:00:00,,488148.35,
2026-06-22 23:00:00,,478970.82,
2026-06-23 00:00:00,,481576.86,
2026-06-23 01:00:00,,489160.69,
2026-06-23 02:00:00,,488081.00,
2026-06-23 03:00:00,,490346.43,
2026-06-23 04:00:00,,501500.78,
2026-06-23 05:00:00,,490915.34,
2026-06-23 06:00:00,,488194.20,
2026-06-23 07:00:00,,483604.33,
2026-06-23 08:00:00,,478447.07,
2026-06-23 09:00:00,,470697.17,
2026-06-23 10:00:00,,468937.96,
2026-06-23 11:00:00,,464574.94,
2026-06-23 12:00:00,,469263.02,
2026-06-23 13:00:00,,463700.55,
2026-06-23 14:00:00,,466973.38,
2026-06-23 15:00:00,,465846.76,
2026-06-23 16:00:00,,459970.80,
2026-06-23 17:00:00,,461008.46,
2026-06-23 18:00:00,,454550.79,
2026-06-23 19:00:00,,454790.56,
2026-06-23 20:00:00,,456883.79,
2026-06-23 21:00:00,,458026.49,
2026-06-23 22:00:00,,457822.09,
2026-06-23 23:00:00,,456947.89,
2026-06-24 00:00:00,,456687.20,
2026-06-24 01:00:00,,457019.48,
2026-06-24 02:00:00,,455394.53,
2026-06-24 03:00:00,,456811.30,
2026-06-24 04:00:00,,455432.98,
2026-06-24 05:00:00,,451941.24,
2026-06-24 06:00:00,,452956.14,
2026-06-24 07:00:00,,451714.19,
2026-06-24 08:00:00,,448139.10,
2026-06-24 09:00:00,,449204.40,
2026-06-24 10:00:00,,449263.24,
2026-06-24 11:00:00,,446861.69,
2026-06-24 12:00:00,,445427.44,
2026-06-24 13:00:00,,444308.21,
2026-06-24 14:00:00,,432405.80,
2026-06-24 15:00:00,,429251.58,
2026-06-24 16:00:00,,417353.66,
2026-06-24 17:00:00,,409216.58,
2026-06-24 18:00:00,,398498.54,
2026-06-24 19:00:00,,403931.28,
2026-06-24 20:00:00,,404827.72,
2026-06-24 21:00:00,,413572.01,
2026-06-24 22:00:00,,415463.74,
2026-06-24 23:00:00,,411293.27,
2026-06-25 00:00:00,,411231.30,
2026-06-25 01:00:00,,407975.55,
2026-06-25 02:00:00,,407845.06,
2026-06-25 03:00:00,,412759.88,
2026-06-25 04:00:00,,411464.60,
2026-06-25 05:00:00,,419574.29,
2026-06-25 06:00:00,,419740.79,
2026-06-25 07:00:00,,417907.33,
2026-06-25 08:00:00,,418397.72,
2026-06-25 09:00:00,,416082.41,
2026-06-25 10:00:00,,414912.41,
2026-06-25 11:00:00,,413548.04,
2026-06-25 12:00:00,,412670.77,
2026-06-25 13:00:00,,411343.19,
2026-06-25 14:00:00,,380495.02,
2026-06-25 15:00:00,,396301.53,
2026-06-25 16:00:00,,393744.02,
2026-06-25 17:00:00,,390081.96,
2026-06-25 18:00:00,,393771.54,
2026-06-25 19:00:00,,390518.49,
2026-06-25 20:00:00,,395704.11,
2026-06-25 21:00:00,,394941.38,
2026-06-25 22:00:00,,397414.17,
2026-06-25 23:00:00,,397036.26,
2026-06-26 00:00:00,,397590.40,
2026-06-26 01:00:00,,402796.60,
2026-06-26 02:00:00,,399377.51,
2026-06-26 03:00:00,,391221.58,
2026-06-26 04:00:00,,401984.13,
2026-06-26 05:00:00,,399625.28,
2026-06-26 06:00:00,,405294.47,
2026-06-26 07:00:00,,407816.39,
2026-06-26 08:00:00,,409661.26,
2026-06-26 09:00:00,,406254.41,
2026-06-26 10:00:00,,407905.76,
2026-06-26 11:00:00,,408250.82,
2026-06-26 12:00:00,,410597.63,
2026-06-26 13:00:00,,413618.54,
2026-06-26 14:00:00,,442411.13,
2026-06-26 15:00:00,,426634.53,
2026-06-26 16:00:00,,420878.23,
2026-06-26 17:00:00,,426861.70,
2026-06-26 18:00:00,,420754.88,
2026-06-26 19:00:00,,418063.79,
2026-06-26 20:00:00,,416124.97,
2026-06-26 21:00:00,,416130.93,
2026-06-26 22:00:00,,416725.13,
2026-06-26 23:00:00,,415280.88,
2026-06-27 00:00:00,,414455.95,
2026-06-27 01:00:00,,413598.23,
2026-06-27 02:00:00,,414028.51,
2026-06-27 03:00:00,,417419.04,
2026-06-27 04:00:00,,416295.73,
2026-06-27 05:00:00,,416004.66,
2026-06-27 06:00:00,,415526.62,
2026-06-27 07:00:00,,415944.72,
2026-06-27 08:00:00,,415348.54,
2026-06-27 09:00:00,,413158.73,
2026-06-27 10:00:00,,411886.53,
2026-06-27 11:00:00,,411134.72,
2026-06-27 12:00:00,,410243.05,
2026-06-27 13:00:00,,411772.90,
2026-06-27 14:00:00,,411332.55,
2026-06-27 15:00:00,,413651.04,
2026-06-27 16:00:00,,416081.72,
2026-06-27 17:00:00,,414989.81,
2026-06-27 18:00:00,,412908.24,
2026-06-27 19:00:00,,410698.17,
2026-06-27 20:00:00,,407599.51,
2026-06-27 21:00:00,,407648.37,
2026-06-27 22:00:00,,407229.23,
2026-06-27 23:00:00,,406541.42,
2026-06-28 00:00:00,,407229.55,
2026-06-28 01:00:00,,407545.71,
2026-06-28 02:00:00,,409863.75,
2026-06-28 03:00:00,,409187.75,
2026-06-28 04:00:00,,410628.05,
2026-06-28 05:00:00,,412660.87,
2026-06-28 06:00:00,,410344.08,
2026-06-28 07:00:00,,408931.65,
2026-06-28 08:00:00,,411189.42,
2026-06-28 09:00:00,,411373.68,
2026-06-28 10:00:00,,408057.03,
2026-06-28 11:00:00,,406791.85,
2026-06-28 12:00:00,,412493.03,
2026-06-28 13:00:00,,411785.83,
2026-06-28 14:00:00,,406763.91,
2026-06-28 15:00:00,,420652.95,
2026-06-28 16:00:00,,427575.56,
2026-06-28 17:00:00,,428953.17,
2026-06-28 18:00:00,,427809.43,
2026-06-28 19:00:00,,426086.34,
2026-06-28 20:00:00,,422324.34,
2026-06-28 21:00:00,,423459.66,
2026-06-28 22:00:00,,418602.04,
2026-06-28 23:00:00,,418706.46,
2026-06-29 00:00:00,,422512.66,
2026-06-29 01:00:00,,424397.73,
2026-06-29 02:00:00,,425037.48,
2026-06-29 03:00:00,,427880.23,
2026-06-29 04:00:00,,429661.34,
2026-06-29 05:00:00,,426872.99,
2026-06-29 06:00:00,,428197.02,
2026-06-29 07:00:00,,427902.54,
2026-06-29 08:00:00,,428473.54,
2026-06-29 09:00:00,,429603.43,
2026-06-29 10:00:00,,423894.22,
2026-06-29 11:00:00,,421884.17,
2026-06-29 12:00:00,,425494.33,
2026-06-29 13:00:00,,428754.48,
2026-06-29 14:00:00,,424768.56,
2026-06-29 15:00:00,,424675.53,
2026-06-29 16:00:00,,424878.39,
2026-06-29 17:00:00,,424755.60,
2026-06-29 18:00:00,,427875.71,
2026-06-29 19:00:00,,426233.07,
2026-06-29 20:00:00,,425914.33,
2026-06-29 21:00:00,,424486.24,
2026-06-29 22:00:00,,425379.22,
2026-06-29 23:00:00,,422767.82,
2026-06-30 00:00:00,,417907.91,
2026-06-30 01:00:00,,414361.45,
2026-06-30 02:00:00,,412552.40,
2026-06-30 03:00:00,,413403.15,
2026-06-30 04:00:00,,413040.78,
2026-06-30 05:00:00,,413724.03,
2026-06-30 06:00:00,,412252.09,
2026-06-30 07:00:00,,402405.08,
2026-06-30 08:00:00,,402755.99,
2026-06-30 09:00:00,,400252.56,
2026-06-30 10:00:00,,402242.60,
2026-06-30 11:00:00,,407675.87,
2026-06-30 12:00:00,,400358.87,
2026-06-30 13:00:00,,394041.25,
2026-06-30 14:00:00,,399802.64,
2026-06-30 15:00:00,,400489.97,
2026-06-30 16:00:00,,403646.73,
2026-06-30 17:00:00,,405193.68,
2026-06-30 18:00:00,,408858.22,
2026-06-30 19:00:00,,409988.62,
2026-06-30 20:00:00,,410630.01,
2026-06-30 21:00:00,,407175.42,
2026-06-30 22:00:00,,407077.75,
2026-06-30 23:00:00,,401904.44,
2026-07-01 00:00:00,,403717.86,
2026-07-01 01:00:00,,399602.38,
2026-07-01 02:00:00,,400029.27,
2026-07-01 03:00:00,,403295.67,
2026-07-01 04:00:00,,402650.81,
2026-07-01 05:00:00,,403793.84,
2026-07-01 06:00:00,,402196.29,
2026-07-01 07:00:00,,403503.53,
2026-07-01 08:00:00,,402883.06,
2026-07-01 09:00:00,,406556.42,
2026-07-01 10:00:00,,406195.94,
2026-07-01 11:00:00,,403240.80,
2026-07-01 12:00:00,,406352.38,
2026-07-01 13:00:00,,403201.99,
2026-07-01 14:00:00,,407425.03,
2026-07-01 15:00:00,,408974.97,
2026-07-01 16:00:00,,411143.50,
2026-07-01 17:00:00,,410934.97,
2026-07-01 18:00:00,,409946.84,
2026-07-01 19:00:00,,406610.23,
2026-07-01 20:00:00,,404063.26,
2026-07-01 21:00:00,,405037.66,
2026-07-01 22:00:00,,410405.11,
2026-07-01 23:00:00,,409658.86,
2026-07-02 00:00:00,,408710.39,
2026-07-02 01:00:00,,406819.33,
2026-07-02 02:00:00,,409418.33,
2026-07-02 03:00:00,,408507.92,
2026-07-02 04:00:00,,410692.81,
2026-07-02 05:00:00,,407949.62,
2026-07-02 06:00:00,,404747.92,
2026-07-02 07:00:00,,410165.90,
2026-07-02 08:00:00,,416904.36,
2026-07-02 09:00:00,,413990.45,
2026-07-02 10:00:00,,414856.88,
2026-07-02 11:00:00,,415184.09,
2026-07-02 12:00:00,,414386.48,
2026-07-02 13:00:00,,415936.16,
2026-07-02 14:00:00,,419108.35,
2026-07-02 15:00:00,,420060.83,
2026-07-02 16:00:00,,421971.97,
2026-07-02 17:00:00,,419634.26,
2026-07-02 18:00:00,,422903.73,
2026-07-02 19:00:00,,422539.52,
2026-07-02 20:00:00,,419066.82,
2026-07-02 21:00:00,,418159.84,
2026-07-02 22:00:00,,418565.21,
2026-07-02 23:00:00,,423267.94,
2026-07-03 00:00:00,,420371.99,
2026-07-03 01:00:00,,420160.72,
2026-07-03 02:00:00,,422010.51,
2026-07-03 03:00:00,,420800.65,
2026-07-03 04:00:00,,421513.74,
2026-07-03 05:00:00,,421040.84,
2026-07-03 06:00:00,,422187.94,
2026-07-03 07:00:00,,418294.88,
2026-07-03 08:00:00,,423628.03,
2026-07-03 09:00:00,,424024.92,
2026-07-03 10:00:00,,424704.75,
2026-07-03 11:00:00,,427879.02,
2026-07-03 12:00:00,,433193.96,
2026-07-03 13:00:00,,435734.67,
2026-07-03 14:00:00,,435792.21,
2026-07-03 15:00:00,,436924.25,
2026-07-03 16:00:00,,439295.09,
2026-07-03 17:00:00,,440264.48,
2026-07-03 18:00:00,,440248.45,
2026-07-03 19:00:00,,437912.61,
2026-07-03 20:00:00,,442598.63,
2026-07-03 21:00:00,,443869.67,
2026-07-03 22:00:00,,443083.89,
2026-07-03 23:00:00,,439267.82,
2026-07-04 00:00:00,,439954.98,
2026-07-04 01:00:00,,437147.19,
2026-07-04 02:00:00,,435787.82,
2026-07-04 03:00:00,,434446.14,
2026-07-04 04:00:00,,433808.73,
2026-07-04 05:00:00,,433485.28,
2026-07-04 06:00:00,,430068.09,
2026-07-04 07:00:00,,431017.00,
2026-07-04 08:00:00,,429964.88,
2026-07-04 09:00:00,,430857.14,
2026-07-04 10:00:00,,430265.93,
2026-07-04 11:00:00,,430264.44,
2026-07-04 12:00:00,,432569.05,
2026-07-04 13:00:00,,434713.95,
2026-07-04 14:00:00,,432646.01,
2026-07-04 15:00:00,,430566.23,
2026-07-04 16:00:00,,491534.12,
2026-07-04 17:00:00,,559446.32,
2026-07-04 18:00:00,,558830.35,
2026-07-04 19:00:00,,536473.72,
2026-07-04 20:00:00,,528683.13,
2026-07-04 21:00:00,,513209.65,
2026-07-04 22:00:00,,475032.51,
2026-07-04 23:00:00,,454270.79,
2026-07-05 00:00:00,,449558.45,
2026-07-05 01:00:00,,446379.07,
2026-07-05 02:00:00,,440462.75,
2026-07-05 03:00:00,,435564.38,
2026-07-05 04:00:00,,436806.01,
2026-07-05 05:00:00,,430220.33,
2026-07-05 06:00:00,,424774.90,
2026-07-05 07:00:00,,427883.79,
2026-07-05 08:00:00,,429407.85,
2026-07-05 09:00:00,,426268.14,
2026-07-05 10:00:00,,410494.89,
2026-07-05 11:00:00,,411683.85,
2026-07-05 12:00:00,,409916.75,
2026-07-05 13:00:00,,410833.84,
2026-07-05 14:00:00,,412739.06,
2026-07-05 15:00:00,,412184.81,
2026-07-05 16:00:00,,412633.17,
2026-07-05 17:00:00,,408831.79,
2026-07-05 18:00:00,,409426.48,
2026-07-05 19:00:00,,409024.85,
2026-07-05 20:00:00,,407577.05,
2026-07-05 21:00:00,,409189.11,
2026-07-05 22:00:00,,409533.18,
2026-07-05 23:00:00,,411443.43,
2026-07-06 00:00:00,,411798.05,
2026-07-06 01:00:00,,413254.51,
2026-07-06 02:00:00,,408984.82,
2026-07-06 03:00:00,,408457.26,
2026-07-06 04:00:00,,406243.33,
2026-07-06 05:00:00,,398722.05,
2026-07-06 06:00:00,,386604.68,
2026-07-06 07:00:00,,383460.89,
2026-07-06 08:00:00,,383585.43,
2026-07-06 09:00:00,,383265.64,
2026-07-06 10:00:00,,382124.70,
2026-07-06 11:00:00,,383367.71,
2026-07-06 12:00:00,,381210.53,
2026-07-06 13:00:00,,371622.57,
2026-07-06 14:00:00,,374552.79,
2026-07-06 15:00:00,,376618.11,
2026-07-06 16:00:00,,384834.87,
2026-07-06 17:00:00,,385185.12,
2026-07-06 18:00:00,,385351.10,
2026-07-06 19:00:00,,387025.81,
2026-07-06 20:00:00,,385869.20,
2026-07-06 21:00:00,,384713.95,
2026-07-06 22:00:00,,386639.54,
2026-07-06 23:00:00,,385646.65,
2026-07-07 00:00:00,,383972.83,
2026-07-07 01:00:00,,383476.47,
2026-07-07 02:00:00,,383458.96,
2026-07-07 03:00:00,,382686.83,
2026-07-07 04:00:00,,380274.89,
2026-07-07 05:00:00,,379930.76,
2026-07-07 06:00:00,,380255.03,
2026-07-07 07:00:00,,382510.08,
2026-07-07 08:00:00,,379282.36,
2026-07-07 09:00:00,,377243.11,
2026-07-07 10:00:00,,383464.24,
2026-07-07 11:00:00,,381565.49,
2026-07-07 12:00:00,,381245.07,
2026-07-07 13:00:00,,382030.52,
2026-07-07 14:00:00,,377668.36,
2026-07-07 15:00:00,,379164.88,
2026-07-07 16:00:00,,382822.49,
2026-07-07 17:00:00,,389165.61,
2026-07-07 18:00:00,,385564.66,
2026-07-07 19:00:00,,380391.35,
2026-07-07 20:00:00,,382800.88,
2026-07-07 21:00:00,,377778.57,
2026-07-07 22:00:00,,375813.10,
2026-07-07 23:00:00,,376461.66,
2026-07-08 00:00:00,,374558.59,
2026-07-08 01:00:00,,377828.60,
2026-07-08 02:00:00,,370235.01,
2026-07-08 03:00:00,,365714.52,
2026-07-08 04:00:00,,368090.34,
2026-07-08 05:00:00,,368611.55,
2026-07-08 06:00:00,,370428.90,
2026-07-08 07:00:00,,369995.65,
2026-07-08 08:00:00,,368194.60,
2026-07-08 09:00:00,,361733.90,
2026-07-08 10:00:00,,358527.47,
2026-07-08 11:00:00,,367396.36,
2026-07-08 12:00:00,,371218.23,
2026-07-08 13:00:00,,371549.19,
2026-07-08 14:00:00,,372559.80,
2026-07-08 15:00:00,,368779.62,
2026-07-08 16:00:00,,366748.15,
2026-07-08 17:00:00,,369369.41,
2026-07-08 18:00:00,,364120.93,
2026-07-08 19:00:00,,364393.31,
2026-07-08 20:00:00,,364931.33,
2026-07-08 21:00:00,,362643.38,
2026-07-08 22:00:00,,363942.77,
2026-07-08 23:00:00,,364933.53,
2026-07-09 00:00:00,,364792.03,
2026-07-09 01:00:00,,379162.20,
2026-07-09 02:00:00,,378508.88,
2026-07-09 03:00:00,,381042.90,
2026-07-09 04:00:00,,380838.38,
2026-07-09 05:00:00,,383690.68,
2026-07-09 06:00:00,,386134.36,
2026-07-09 07:00:00,,387555.18,
2026-07-09 08:00:00,,395693.78,
2026-07-09 09:00:00,,391333.58,
2026-07-09 10:00:00,,394858.85,
2026-07-09 11:00:00,,397568.05,
2026-07-09 12:00:00,,397166.62,
2026-07-09 13:00:00,,397363.65,
2026-07-09 14:00:00,,402027.48,
2026-07-09 15:00:00,,399301.23,
2026-07-09 16:00:00,,399279.96,
2026-07-09 17:00:00,,397752.51,
2026-07-09 18:00:00,,400177.87,
2026-07-09 19:00:00,,400337.91,
2026-07-09 20:00:00,,398381.25,
2026-07-09 21:00:00,,397888.68,
2026-07-09 22:00:00,,398960.07,
2026-07-09 23:00:00,,408465.96,
2026-07-10 00:00:00,,409513.08,
2026-07-10 01:00:00,,414181.68,
2026-07-10 02:00:00,,428048.60,
2026-07-10 03:00:00,,420675.93,
2026-07-10 04:00:00,,420363.57,
2026-07-10 05:00:00,,419869.91,
2026-07-10 06:00:00,,425869.17,
2026-07-10 07:00:00,,427228.25,
2026-07-10 08:00:00,,420187.53,
2026-07-10 09:00:00,,423684.41,
2026-07-10 10:00:00,,424026.93,
2026-07-10 11:00:00,,426357.07,
2026-07-10 12:00:00,,426342.91,
2026-07-10 13:00:00,,428900.14,
2026-07-10 14:00:00,,433427.93,
2026-07-10 15:00:00,,425026.03,
2026-07-10 16:00:00,,427565.57,
2026-07-10 17:00:00,,429071.95,
2026-07-10 18:00:00,,427828.62,
2026-07-10 19:00:00,,425960.74,
2026-07-10 20:00:00,,430120.39,
2026-07-10 21:00:00,,428493.27,
2026-07-10 22:00:00,,430068.52,
2026-07-10 23:00:00,,429632.28,
2026-07-11 00:00:00,,428805.75,
2026-07-11 01:00:00,,430491.39,
2026-07-11 02:00:00,,433291.10,
2026-07-11 03:00:00,,433020.98,
2026-07-11 04:00:00,,435199.17,
2026-07-11 05:00:00,,433968.34,
2026-07-11 06:00:00,,432727.42,
2026-07-11 07:00:00,,433119.94,
2026-07-11 08:00:00,,438497.89,
2026-07-11 09:00:00,,438017.37,
2026-07-11 10:00:00,,435379.09,
2026-07-11 11:00:00,,433837.50,
2026-07-11 12:00:00,,434651.80,
2026-07-11 13:00:00,,440744.47,
2026-07-11 14:00:00,,440127.43,
2026-07-11 15:00:00,,440185.83,
2026-07-11 16:00:00,,437323.42,
2026-07-11 17:00:00,,438943.40,
2026-07-11 18:00:00,,438747.18,
2026-07-11 19:00:00,,436299.16,
2026-07-11 20:00:00,,434437.45,
2026-07-11 21:00:00,,435099.70,
2026-07-11 22:00:00,,434508.16,
2026-07-11 23:00:00,,432992.64,
2026-07-12 00:00:00,,422832.19,
2026-07-12 01:00:00,,410526.65,
2026-07-12 02:00:00,,416993.59,
2026-07-12 03:00:00,,416148.41,
2026-07-12 04:00:00,,417220.86,
2026-07-12 05:00:00,,416140.05,
2026-07-12 06:00:00,,415727.28,
2026-07-12 07:00:00,,415894.79,
2026-07-12 08:00:00,,413092.91,
2026-07-12 09:00:00,,412639.57,
2026-07-12 10:00:00,,421169.58,
2026-07-12 11:00:00,,421052.57,
2026-07-12 12:00:00,,421028.33,
2026-07-12 13:00:00,,421963.63,
2026-07-12 14:00:00,,419857.46,
2026-07-12 15:00:00,,421234.08,
2026-07-12 16:00:00,,420639.70,
2026-07-12 17:00:00,,418677.24,
2026-07-12 18:00:00,,415690.58,
2026-07-12 19:00:00,,415851.70,
2026-07-12 20:00:00,,416312.31,
2026-07-12 21:00:00,,411112.85,
2026-07-12 22:00:00,,408087.54,
2026-07-12 23:00:00,,403813.68,
2026-07-13 00:00:00,,402649.65,
2026-07-13 01:00:00,,407219.13,
2026-07-13 02:00:00,,405398.82,
2026-07-13 03:00:00,,404510.11,
2026-07-13 04:00:00,,386990.96,
2026-07-13 05:00:00,,381018.35,
2026-07-13 06:00:00,,385485.45,
2026-07-13 07:00:00,,386965.54,
2026-07-13 08:00:00,,391734.54,
2026-07-13 09:00:00,,403137.36,
2026-07-13 10:00:00,,401170.38,
2026-07-13 11:00:00,,395365.81,
2026-07-13 12:00:00,,392311.14,
2026-07-13 13:00:00,,393460.35,
2026-07-13 14:00:00,,396059.88,
2026-07-13 15:00:00,,397998.40,
2026-07-13 16:00:00,,393124.51,
2026-07-13 17:00:00,,390152.47,
2026-07-13 18:00:00,,385699.74,
2026-07-13 19:00:00,,389067.90,
2026-07-13 20:00:00,,389665.17,
2026-07-13 21:00:00,,387709.83,
2026-07-13 22:00:00,,384915.22,
2026-07-13 23:00:00,,385522.13,
2026-07-14 00:00:00,,384442.70,
2026-07-14 01:00:00,,388026.19,
2026-07-14 02:00:00,,386699.21,
2026-07-14 03:00:00,,383508.72,
2026-07-14 04:00:00,,383300.67,
2026-07-14 05:00:00,,386455.22,
2026-07-14 06:00:00,,388101.53,
2026-07-14 07:00:00,,384987.46,
2026-07-14 08:00:00,,383285.19,
2026-07-14 09:00:00,,384063.75,
2026-07-14 10:00:00,,379104.12,
2026-07-14 11:00:00,,379056.63,
2026-07-14 12:00:00,,379264.20,
2026-07-14 13:00:00,,382436.45,
2026-07-14 14:00:00,,386955.37,
2026-07-14 15:00:00,,389897.50,
2026-07-14 16:00:00,,386746.31,
2026-07-14 17:00:00,,384730.35,
2026-07-14 18:00:00,,381945.83,
2026-07-14 19:00:00,,379299.41,
2026-07-14 20:00:00,,377480.05,
2026-07-14 21:00:00,,377195.91,
2026-07-14 22:00:00,,378470.25,
2026-07-14 23:00:00,,381970.16,
2026-07-15 00:00:00,,386997.87,
2026-07-15 01:00:00,,389952.27,
2026-07-15 02:00:00,,391045.56,
2026-07-15 03:00:00,,386711.16,
2026-07-15 04:00:00,,386691.98,
2026-07-15 05:00:00,,384061.95,
2026-07-15 06:00:00,,387706.75,
2026-07-15 07:00:00,,390434.48,
2026-07-15 08:00:00,,389143.40,
2026-07-15 09:00:00,,391293.57,
2026-07-15 10:00:00,,392153.09,
2026-07-15 11:00:00,,395073.23,
2026-07-15 12:00:00,,394423.86,
2026-07-15 13:00:00,,401372.49,
2026-07-15 14:00:00,,399957.90,
2026-07-15 15:00:00,,406070.86,
2026-07-15 16:00:00,,403155.16,
2026-07-15 17:00:00,,389940.14,
2026-07-15 18:00:00,,394708.37,
2026-07-15 19:00:00,,395295.01,
2026-07-15 20:00:00,,394955.30,
2026-07-15 21:00:00,,397587.06,
2026-07-15 22:00:00,,399991.87,
2026-07-15 23:00:00,,399930.30,
2026-07-16 00:00:00,,398958.59,
2026-07-16 01:00:00,,399256.93,
2026-07-16 02:00:00,,398987.61,
2026-07-16 03:00:00,,401567.87,
2026-07-16 04:00:00,,408616.14,
2026-07-16 05:00:00,,408916.15,
2026-07-16 06:00:00,,408628.00,
2026-07-16 07:00:00,,407730.24,
2026-07-16 08:00:00,,402397.27,
2026-07-16 09:00:00,,405689.99,
2026-07-16 10:00:00,,412740.88,
2026-07-16 11:00:00,,414390.79,
2026-07-16 12:00:00,,414567.62,
2026-07-16 13:00:00,,419832.30,
2026-07-16 14:00:00,,423559.42,
2026-07-16 15:00:00,,424874.12,
2026-07-16 16:00:00,,428717.94,
2026-07-16 17:00:00,,428386.84,
2026-07-16 18:00:00,,422890.34,
2026-07-16 19:00:00,,422054.89,
2026-07-16 20:00:00,,422994.02,
2026-07-16 21:00:00,,422479.69,
2026-07-16 22:00:00,,420719.08,
2026-07-16 23:00:00,,415967.03,
2026-07-17 00:00:00,,407347.35,
2026-07-17 01:00:00,,417107.80,
2026-07-17 02:00:00,,412184.09,
2026-07-17 03:00:00,,416210.72,
2026-07-17 04:00:00,,417630.15,
2026-07-17 05:00:00,,416960.25,
2026-07-17 06:00:00,,406599.59,
2026-07-17 07:00:00,,408875.54,
2026-07-17 08:00:00,,402466.90,
2026-07-17 09:00:00,,394959.74,
2026-07-17 10:00:00,,396005.83,
2026-07-17 11:00:00,,396814.70,
2026-07-17 12:00:00,,397669.99,
2026-07-17 13:00:00,,403721.00,
2026-07-17 14:00:00,,398998.96,
2026-07-17 15:00:00,,400281.45,
2026-07-17 16:00:00,,400114.15,
2026-07-17 17:00:00,,403074.61,
2026-07-17 18:00:00,,401965.91,
2026-07-17 19:00:00,,403233.69,
2026-07-17 20:00:00,,397459.26,
2026-07-17 21:00:00,,396881.20,
2026-07-17 22:00:00,,395938.86,
2026-07-17 23:00:00,,395662.14,
2026-07-18 00:00:00,,396490.12,
2026-07-18 01:00:00,,395913.23,
2026-07-18 02:00:00,,395219.24,
2026-07-18 03:00:00,,393801.53,
2026-07-18 04:00:00,,395254.24,
2026-07-18 05:00:00,,394923.23,
2026-07-18 06:00:00,,392793.80,
2026-07-18 07:00:00,,393214.98,
2026-07-18 08:00:00,,403694.59,
2026-07-18 09:00:00,,399017.57,
2026-07-18 10:00:00,,399903.19,
2026-07-18 11:00:00,,398938.10,
2026-07-18 12:00:00,,408486.10,
2026-07-18 13:00:00,,408413.96,
2026-07-18 14:00:00,,410813.48,
2026-07-18 15:00:00,,411285.77,
2026-07-18 16:00:00,,407496.37,
2026-07-18 17:00:00,,409063.08,
2026-07-18 18:00:00,,411356.87,
2026-07-18 19:00:00,,410320.09,
2026-07-18 20:00:00,,406682.48,
2026-07-18 21:00:00,,408461.32,
2026-07-18 22:00:00,,411884.87,
2026-07-18 23:00:00,,410822.56,
2026-07-19 00:00:00,,411085.53,
2026-07-19 01:00:00,,411115.42,
2026-07-19 02:00:00,,412822.90,
2026-07-19 03:00:00,,413517.76,
2026-07-19 04:00:00,,412025.35,
2026-07-19 05:00:00,,416548.95,
2026-07-19 06:00:00,,415961.47,
2026-07-19 07:00:00,,417751.48,
2026-07-19 08:00:00,,422355.18,
2026-07-19 09:00:00,,421451.23,
2026-07-19 10:00:00,,420947.54,
2026-07-19 11:00:00,,421971.92,
2026-07-19 12:00:00,,421814.64,
2026-07-19 13:00:00,,416246.46,
2026-07-19 14:00:00,,421730.04,
2026-07-19 15:00:00,,425194.36,
2026-07-19 16:00:00,,458106.95,
2026-07-19 17:00:00,,472829.08,
2026-07-19 18:00:00,,473545.04,
2026-07-19 19:00:00,,477904.48,
2026-07-19 20:00:00,,477085.07,
2026-07-19 21:00:00,,478071.99,
2026-07-19 22:00:00,,477626.08,
2026-07-19 23:00:00,,480262.10,
2026-07-20 00:00:00,,477665.57,
2026-07-20 01:00:00,,474721.00,
2026-07-20 02:00:00,,472579.82,
2026-07-20 03:00:00,,479155.27,
2026-07-20 04:00:00,,478430.04,
2026-07-20 05:00:00,,474023.76,
2026-07-20 06:00:00,,471347.68,
2026-07-20 07:00:00,,472119.00,
2026-07-20 08:00:00,,479629.82,
2026-07-20 09:00:00,,478016.70,
2026-07-20 10:00:00,,478289.64,
2026-07-20 11:00:00,,474961.28,
2026-07-20 12:00:00,,480506.06,
2026-07-20 13:00:00,,477320.59,
2026-07-20 14:00:00,,462546.04,
2026-07-20 15:00:00,,462102.07,
2026-07-20 16:00:00,,472486.07,
2026-07-20 17:00:00,,471275.96,
2026-07-20 18:00:00,,469327.11,
2026-07-20 19:00:00,,467274.80,
2026-07-20 20:00:00,,471244.65,
2026-07-20 21:00:00,,464723.78,
2026-07-20 22:00:00,,462627.87,
2026-07-20 23:00:00,,461307.70,
2026-07-21 00:00:00,,460628.69,
2026-07-21 01:00:00,,457409.83,
2026-07-21 02:00:00,,456580.35,
2026-07-21 03:00:00,,456574.89,
2026-07-21 04:00:00,,461718.90,
2026-07-21 05:00:00,,465246.41,
2026-07-21 06:00:00,,465322.01,
2026-07-21 07:00:00,,467919.24,
2026-07-21 08:00:00,,465848.16,
2026-07-21 09:00:00,,467186.71,
2026-07-21 10:00:00,,468355.57,
2026-07-21 11:00:00,,474667.79,
2026-07-21 12:00:00,,488895.45,
2026-07-21 13:00:00,,511426.74,
2026-07-21 14:00:00,,506963.92,
2026-07-21 15:00:00,,482641.12,
2026-07-21 16:00:00,,486747.62,
2026-07-21 17:00:00,,478266.16,
2026-07-21 18:00:00,,474423.03,
2026-07-21 19:00:00,,470149.00,
2026-07-21 20:00:00,,476803.98,
2026-07-21 21:00:00,,474932.17,
2026-07-21 22:00:00,,476906.63,
2026-07-21 23:00:00,,480503.77,
2026-07-22 00:00:00,,482983.41,
2026-07-22 01:00:00,,486051.72,
2026-07-22 02:00:00,,484008.07,
2026-07-22 03:00:00,,482067.15,
2026-07-22 04:00:00,,485077.60,
2026-07-22 05:00:00,,487484.65,
2026-07-22 06:00:00,,484864.94,
2026-07-22 07:00:00,,485888.23,
2026-07-22 08:00:00,,484068.85,
2026-07-22 09:00:00,,476350.86,
2026-07-22 10:00:00,,478888.66,
2026-07-22 11:00:00,,478312.25,
2026-07-22 12:00:00,,476670.25,
2026-07-22 13:00:00,,478310.97,
2026-07-22 14:00:00,,483762.16,
2026-07-22 15:00:00,,487177.51,
2026-07-22 16:00:00,,493877.20,
2026-07-22 17:00:00,,494739.73,
2026-07-22 18:00:00,,490744.84,
2026-07-22 19:00:00,,488402.68,
2026-07-22 20:00:00,,482886.97,
2026-07-22 21:00:00,,486143.13,
2026-07-22 22:00:00,,487016.14,
2026-07-22 23:00:00,,486486.31,
2026-07-23 00:00:00,,486993.93,
2026-07-23 01:00:00,,486295.25,
2026-07-23 02:00:00,,487925.57,
2026-07-23 03:00:00,,489406.84,
2026-07-23 04:00:00,,485783.10,
2026-07-23 05:00:00,,486401.63,
2026-07-23 06:00:00,,486209.21,
2026-07-23 07:00:00,,484936.73,
2026-07-23 08:00:00,,480807.73,
2026-07-23 09:00:00,,481966.87,
2026-07-23 10:00:00,,483202.82,
2026-07-23 11:00:00,,500789.59,
2026-07-23 12:00:00,,480375.20,
2026-07-23 13:00:00,,478290.80,
2026-07-23 14:00:00,,476963.93,
2026-07-23 15:00:00,,479410.04,
2026-07-23 16:00:00,,493499.32,
2026-07-23 17:00:00,,486955.74,
2026-07-23 18:00:00,,482837.00,
2026-07-23 19:00:00,,481032.78,
2026-07-23 20:00:00,,486132.65,
2026-07-23 21:00:00,,490696.42,
2026-07-23 22:00:00,,495572.47,
2026-07-23 23:00:00,,477104.79,
2026-07-24 00:00:00,,475331.40,
2026-07-24 01:00:00,,472958.77,
2026-07-24 02:00:00,,480820.91,
2026-07-24 03:00:00,,479854.09,
2026-07-24 04:00:00,,488850.68,
2026-07-24 05:00:00,,485399.16,
2026-07-24 06:00:00,,488888.08,
2026-07-24 07:00:00,,496670.04,
2026-07-24 08:00:00,,488939.65,
2026-07-24 09:00:00,,507456.57,
2026-07-24 10:00:00,,506262.32,
2026-07-24 11:00:00,,493193.57,
2026-07-24 12:00:00,,514513.84,
2026-07-24 13:00:00,,508424.32,
2026-07-24 14:00:00,,514661.08,
2026-07-24 15:00:00,,550369.92,
2026-07-24 16:00:00,,547577.03,
2026-07-24 17:00:00,,551768.19,
2026-07-24 18:00:00,,545094.92,
2026-07-24 19:00:00,,543176.01,
2026-07-24 20:00:00,,537357.12,
2026-07-24 21:00:00,,540958.73,
2026-07-24 22:00:00,,517895.82,
2026-07-24 23:00:00,,522520.03,
2026-07-25 00:00:00,,521131.16,
2026-07-25 01:00:00,,521260.12,
2026-07-25 02:00:00,,521531.15,
2026-07-25 03:00:00,,537303.77,
2026-07-25 04:00:00,,552321.44,
2026-07-25 05:00:00,,558712.72,
2026-07-25 06:00:00,,559170.10,
2026-07-25 07:00:00,,546025.66,
2026-07-25 08:00:00,,551513.03,
2026-07-25 09:00:00,,543466.76,
2026-07-25 10:00:00,,551010.64,
2026-07-25 11:00:00,,559155.32,
2026-07-25 12:00:00,,571235.30,
2026-07-25 13:00:00,,568669.01,
2026-07-25 14:00:00,,571608.17,
2026-07-25 15:00:00,,567682.93,
2026-07-25 16:00:00,,572594.82,
2026-07-25 17:00:00,,568136.53,
2026-07-25 18:00:00,,568039.26,
2026-07-25 19:00:00,,560751.85,
2026-07-25 20:00:00,,558836.83,
2026-07-25 21:00:00,,563938.81,
2026-07-25 22:00:00,,564087.38,
2026-07-25 23:00:00,,563821.32,
2026-07-26 00:00:00,,562955.04,
2026-07-26 01:00:00,,570264.91,
2026-07-26 02:00:00,,569986.04,
2026-07-26 03:00:00,,566830.36,
2026-07-26 04:00:00,,565783.54,
2026-07-26 05:00:00,,567162.78,
2026-07-26 06:00:00,,567901.04,
2026-07-26 07:00:00,,567731.49,
2026-07-26 08:00:00,,561753.08,
2026-07-26 09:00:00,,561029.27,
2026-07-26 10:00:00,,563428.75,
2026-07-26 11:00:00,,559594.01,
2026-07-26 12:00:00,,559993.38,
2026-07-26 13:00:00,,561183.64,
2026-07-26 14:00:00,,561844.94,
2026-07-26 15:00:00,,560460.52,
2026-07-26 16:00:00,,564607.91,
2026-07-26 17:00:00,,565558.52,
2026-07-26 18:00:00,,561070.67,
2026-07-26 19:00:00,,559489.77,
2026-07-26 20:00:00,,557853.43,
2026-07-26 21:00:00,,554190.32,
2026-07-26 22:00:00,,564198.62,
2026-07-26 23:00:00,,563133.89,
2026-07-27 00:00:00,,563845.05,
2026-07-27 01:00:00,,563502.15,
2026-07-27 02:00:00,,564385.48,
2026-07-27 03:00:00,,573726.29,
2026-07-27 04:00:00,,575605.01,
2026-07-27 05:00:00,,571905.36,
2026-07-27 06:00:00,,585426.17,
2026-07-27 07:00:00,,588399.06,
2026-07-27 08:00:00,,599071.09,
2026-07-27 09:00:00,,592817.76,
2026-07-27 10:00:00,,581343.17,
2026-07-27 11:00:00,,583087.43,
2026-07-27 12:00:00,,580791.52,
2026-07-27 13:00:00,,581135.18,
2026-07-27 14:00:00,,602508.21,
2026-07-27 15:00:00,,593285.49,
2026-07-27 16:00:00,,599807.32,
2026-07-27 17:00:00,,620659.90,
2026-07-27 18:00:00,,617871.49,
2026-07-27 19:00:00,,597557.80,
2026-07-27 20:00:00,,593644.62,
2026-07-27 21:00:00,,613212.90,
2026-07-27 22:00:00,,727926.77,
2026-07-27 23:00:00,,712441.63,
2026-07-28 00:00:00,,762956.76,
2026-07-28 01:00:00,,714855.75,
2026-07-28 02:00:00,,716253.50,
2026-07-28 03:00:00,,745108.30,
2026-07-28 04:00:00,,779983.30,
2026-07-28 05:00:00,,753556.41,
2026-07-28 06:00:00,,874010.71,
2026-07-28 07:00:00,,816505.80,
2026-07-28 08:00:00,,756365.36,
2026-07-28 09:00:00,,767658.78,
2026-07-28 10:00:00,,766398.99,
2026-07-28 11:00:00,,784942.98,
2026-07-28 12:00:00,,824661.10,
2026-07-28 13:00:00,,796370.00,
2026-07-28 14:00:00,,790549.22,
2026-07-28 15:00:00,,782054.37,
2026-07-28 16:00:00,,774186.47,
2026-07-28 17:00:00,,782366.17,
2026-07-28 18:00:00,,789114.52,
2026-07-28 19:00:00,,772186.63,
2026-07-28 20:00:00,,740091.58,
2026-07-28 21:00:00,,732705.85,
2026-07-28 22:00:00,,723891.64,
2026-07-28 23:00:00,,725147.45,
2026-07-29 00:00:00,,724843.59,
2026-07-29 01:00:00,,713925.44,
2026-07-29 02:00:00,,712010.02,
2026-07-29 03:00:00,,710898.44,
2026-07-29 04:00:00,,672594.93,
2026-07-29 05:00:00,,690925.88,
2026-07-29 06:00:00,,693752.39,
2026-07-29 07:00:00,,694277.94,
2026-07-29 08:00:00,,700772.15,
2026-07-29 09:00:00,,680961.25,
2026-07-29 10:00:00,,663271.52,
2026-07-29 11:00:00,,666613.62,
2026-07-29 12:00:00,,663377.18,
2026-07-29 13:00:00,,647517.21,
2026-07-29 14:00:00,,654580.02,
2026-07-29 15:00:00,,648839.83,
2026-07-29 16:00:00,,640216.77,
2026-07-29 17:00:00,,632614.20,
2026-07-29 18:00:00,,638230.28,
2026-07-29 19:00:00,,642101.00,
2026-07-29 20:00:00,,627996.98,
2026-07-29 21:00:00,,626897.14,
2026-07-29 22:00:00,,631555.27,
2026-07-29 23:00:00,,623842.85,
2026-07-30 00:00:00,,617748.22,
2026-07-30 01:00:00,,619294.95,
2026-07-30 02:00:00,,636527.35,
2026-07-30 03:00:00,,629589.66,
2026-07-30 04:00:00,,634670.79,
2026-07-30 05:00:00,,631786.65,
2026-07-30 06:00:00,,625915.71,
2026-07-30 07:00:00,,626839.03,
2026-07-30 08:00:00,,623060.45,
2026-07-30 09:00:00,,621312.61,
2026-07-30 10:00:00,,629570.77,
2026-07-30 11:00:00,,613452.61,
2026-07-30 12:00:00,,631592.06,
2026-07-30 13:00:00,,623011.45,
2026-07-30 14:00:00,,628806.58,
2026-07-30 15:00:00,,651040.45,
2026-07-30 16:00:00,,649936.17,
2026-07-30 17:00:00,,647394.01,
2026-07-30 18:00:00,,656044.01,
2026-07-30 19:00:00,,662356.82,
2026-07-30 20:00:00,,662690.18,
2026-07-30 21:00:00,,657047.30,
2026-07-30 22:00:00,,660767.77,
2026-07-30 23:00:00,,663270.56,
2026-07-31 00:00:00,,657108.01,
2026-07-31 01:00:00,,640892.24,
2026-07-31 02:00:00,,637962.43,
2026-07-31 03:00:00,,635459.07,
2026-07-31 04:00:00,,634960.96,
2026-07-31 05:00:00,,628095.10,
2026-07-31 06:00:00,,624123.83,
2026-07-31 07:00:00,,622548.26,
2026-07-31 08:00:00,,619353.87,
2026-07-31 09:00:00,,626259.49,
2026-07-31 10:00:00,,617691.09,
2026-07-31 11:00:00,,623016.93,
2026-07-31 12:00:00,,616623.46,
2026-07-31 13:00:00,,610969.88,
2026-07-31 14:00:00,,602719.09,
2026-07-31 15:00:00,,619368.63,
2026-07-31 16:00:00,,627479.04,
2026-07-31 17:00:00,,663165.78,
2026-07-31 18:00:00,,670763.08,
2026-07-31 19:00:00,,675442.53,
2026-07-31 20:00:00,,669541.67,
2026-07-31 21:00:00,,676340.86,
2026-07-31 22:00:00,,660492.69,
2026-07-31 23:00:00,,657117.42,
2026-08-01 00:00:00,,652502.07,
2026-08-01 01:00:00,,647440.99,
2026-08-01 02:00:00,,645464.17,
2026-08-01 03:00:00,,644610.27,
2026-08-01 04:00:00,,643617.96,
2026-08-01 05:00:00,,649250.76,
2026-08-01 06:00:00,,646618.56,
2026-08-01 07:00:00,,640975.08,
2026-08-01 08:00:00,,632650.06,
2026-08-01 09:00:00,,634036.28,
2026-08-01 10:00:00,,637599.45,
2026-08-01 11:00:00,,630948.99,
2026-08-01 12:00:00,,626532.18,
2026-08-01 13:00:00,,628939.23,
2026-08-01 14:00:00,,629167.80,
2026-08-01 15:00:00,,638849.91,
2026-08-01 16:00:00,,641199.68,
2026-08-01 17:00:00,,644387.14,
2026-08-01 18:00:00,,633053.40,
2026-08-01 19:00:00,,631720.80,
2026-08-01 20:00:00,,625843.31,
2026-08-01 21:00:00,,626331.08,
2026-08-01 22:00:00,,629333.27,
2026-08-01 23:00:00,,627873.68,
2026-08-02 00:00:00,,625310.81,
2026-08-02 01:00:00,,630949.79,
2026-08-02 02:00:00,,645401.25,
2026-08-02 03:00:00,,647187.65,
2026-08-02 04:00:00,,645067.76,
2026-08-02 05:00:00,,643196.67,
2026-08-02 06:00:00,,657346.39,
2026-08-02 07:00:00,,662352.39,
2026-08-02 08:00:00,,661109.20,
2026-08-02 09:00:00,,702571.37,
2026-08-02 10:00:00,,713169.12,
2026-08-02 11:00:00,,720114.95,
2026-08-02 12:00:00,,721881.28,
2026-08-02 13:00:00,,729586.48,
2026-08-02 14:00:00,,730873.37,
2026-08-02 15:00:00,,753349.83,
2026-08-02 16:00:00,,720081.28,
2026-08-02 17:00:00,,718545.10,
2026-08-02 18:00:00,,719362.44,
2026-08-02 19:00:00,,716245.39,
2026-08-02 20:00:00,,688967.36,
2026-08-02 21:00:00,,682014.30,
2026-08-02 22:00:00,,678693.79,
2026-08-02 23:00:00,,670092.74,
2026-08-03 00:00:00,,665840.90,
2026-08-03 01:00:00,,661723.54,
2026-08-03 02:00:00,,652083.28,
2026-08-03 03:00:00,,656461.31,
2026-08-03 04:00:00,,657627.36,
2026-08-03 05:00:00,,664062.22,
2026-08-03 06:00:00,,666118.04,
2026-08-03 07:00:00,,656124.70,
2026-08-03 08:00:00,,653160.36,
2026-08-03 09:00:00,,654546.27,
2026-08-03 10:00:00,,654984.19,
2026-08-03 11:00:00,,651595.20,
2026-08-03 12:00:00,,658058.59,
2026-08-03 13:00:00,,670896.91,
2026-08-03 14:00:00,,653528.57,
2026-08-03 15:00:00,,656736.51,
2026-08-03 16:00:00,,648603.51,
2026-08-03 17:00:00,,649690.80,
2026-08-03 18:00:00,,647470.87,
2026-08-03 19:00:00,,647369.70,
2026-08-03 20:00:00,,642001.77,
2026-08-03 21:00:00,,640940.01,
2026-08-03 22:00:00,,641691.91,
2026-08-03 23:00:00,,633941.19,
2026-08-04 00:00:00,,629996.71,
2026-08-04 01:00:00,,628736.41,
2026-08-04 02:00:00,,631351.84,
2026-08-04 03:00:00,,625472.37,
2026-08-04 04:00:00,,622475.55,
2026-08-04 05:00:00,,618524.64,
2026-08-04 06:00:00,,605887.72,
2026-08-04 07:00:00,,600687.85,
2026-08-04 08:00:00,,604533.55,
2026-08-04 09:00:00,,600782.75,
2026-08-04 10:00:00,,597952.55,
2026-08-04 11:00:00,,600206.57,
2026-08-04 12:00:00,,597077.19,
2026-08-04 13:00:00,,597892.97,
2026-08-04 14:00:00,,596152.48,
2026-08-04 15:00:00,,592029.09,
2026-08-04 16:00:00,,595389.42,
2026-08-04 17:00:00,,592049.81,
2026-08-04 18:00:00,,587507.14,
2026-08-04 19:00:00,,588630.53,
2026-08-04 20:00:00,,588776.44,
2026-08-04 21:00:00,,584762.47,
2026-08-04 22:00:00,,580484.70,
2026-08-04 23:00:00,,576384.77,
2026-08-05 00:00:00,,571027.06,
2026-08-05 01:00:00,,572846.39,
2026-08-05 02:00:00,,578611.72,
2026-08-05 03:00:00,,583338.55,
2026-08-05 04:00:00,,585707.18,
2026-08-05 05:00:00,,583592.76,
2026-08-05 06:00:00,,584025.66,
2026-08-05 07:00:00,,579051.93,
2026-08-05 08:00:00,,577201.34,
2026-08-05 09:00:00,,575449.90,
2026-08-05 10:00:00,,579340.96,
2026-08-05 11:00:00,,579060.23,
2026-08-05 12:00:00,,608448.73,
2026-08-05 13:00:00,,594776.37,
2026-08-05 14:00:00,,614602.17,
2026-08-05 15:00:00,,612602.72,
2026-08-05 16:00:00,,611734.40,
2026-08-05 17:00:00,,612178.08,
2026-08-05 18:00:00,,588831.43,
2026-08-05 19:00:00,,570766.96,
2026-08-05 20:00:00,,569526.13,
2026-08-05 21:00:00,,571400.83,
2026-08-05 22:00:00,,566508.87,
2026-08-05 23:00:00,,561089.07,
2026-08-06 00:00:00,,558651.87,
2026-08-06 01:00:00,,558702.41,
2026-08-06 02:00:00,,558156.45,
2026-08-06 03:00:00,,558377.40,
2026-08-06 04:00:00,,562819.15,
2026-08-06 05:00:00,,565689.15,
2026-08-06 06:00:00,,568940.17,
2026-08-06 07:00:00,,568613.46,
2026-08-06 08:00:00,,567587.33,
2026-08-06 09:00:00,,566665.25,
2026-08-06 10:00:00,,563154.69,
2026-08-06 11:00:00,,561024.16,
2026-08-06 12:00:00,,565275.13,
2026-08-06 13:00:00,,564532.89,
2026-08-06 14:00:00,,568746.70,
2026-08-06 15:00:00,,567074.58,
2026-08-06 16:00:00,,562364.05,
2026-08-06 17:00:00,,566111.49,
2026-08-06 18:00:00,,562602.29,
2026-08-06 19:00:00,,566645.94,
2026-08-06 20:00:00,,561425.92,
2026-08-06 21:00:00,,563390.67,
2026-08-06 22:00:00,,564285.66,
2026-08-06 23:00:00,,564808.22,
2026-08-07 00:00:00,,567187.30,
2026-08-07 01:00:00,,572337.90,
2026-08-07 02:00:00,,569497.45,
2026-08-07 03:00:00,,560483.84,
2026-08-07 04:00:00,,560748.04,
2026-08-07 05:00:00,,557395.50,
2026-08-07 06:00:00,,565841.62,
2026-08-07 07:00:00,,561434.07,
2026-08-07 08:00:00,,562298.24,
2026-08-07 09:00:00,,566092.77,
2026-08-07 10:00:00,,566440.44,
2026-08-07 11:00:00,,572165.86,
2026-08-07 12:00:00,,575330.58,
2026-08-07 13:00:00,,570802.16,
2026-08-07 14:00:00,,573532.55,
2026-08-07 15:00:00,,570405.67,
2026-08-07 16:00:00,,571044.79,
2026-08-07 17:00:00,,570054.42,
2026-08-07 18:00:00,,570559.25,
2026-08-07 19:00:00,,567944.08,
2026-08-07 20:00:00,,564437.57,
2026-08-07 21:00:00,,562413.47,
2026-08-07 22:00:00,,561616.94,
2026-08-07 23:00:00,,561311.67,
2026-08-08 00:00:00,,558401.17,
2026-08-08 01:00:00,,556417.93,
2026-08-08 02:00:00,,555119.33,
2026-08-08 03:00:00,,559350.63,
2026-08-08 04:00:00,,558313.88,
2026-08-08 05:00:00,,569857.22,
2026-08-08 06:00:00,,573877.47,
2026-08-08 07:00:00,,586037.01,
2026-08-08 08:00:00,,588632.63,
2026-08-08 09:00:00,,588060.55,
2026-08-08 10:00:00,,599206.00,
2026-08-08 11:00:00,,590547.56,
2026-08-08 12:00:00,,591835.73,
2026-08-08 13:00:00,,590268.67,
2026-08-08 14:00:00,,589719.27,
2026-08-08 15:00:00,,591145.78,
2026-08-08 16:00:00,,592114.11,
2026-08-08 17:00:00,,599560.50,
2026-08-08 18:00:00,,592228.18,
2026-08-08 19:00:00,,594902.97,
2026-08-08 20:00:00,,590589.26,
2026-08-08 21:00:00,,595500.17,
2026-08-08 22:00:00,,595549.83,
2026-08-08 23:00:00,,592977.25,
2026-08-09 00:00:00,,590776.67,
2026-08-09 01:00:00,,587980.74,
2026-08-09 02:00:00,,593543.28,
2026-08-09 03:00:00,,596515.59,
2026-08-09 04:00:00,,595354.17,
2026-08-09 05:00:00,,600689.72,
2026-08-09 06:00:00,,593263.14,
2026-08-09 07:00:00,,598017.84,
2026-08-09 08:00:00,,600197.71,
2026-08-09 09:00:00,,597364.54,
2026-08-09 10:00:00,,594490.62,
2026-08-09 11:00:00,,597273.80,
2026-08-09 12:00:00,,595020.58,
2026-08-09 13:00:00,,592499.04,
2026-08-09 14:00:00,,590468.96,
2026-08-09 15:00:00,,595684.90,
2026-08-09 16:00:00,,596483.07,
2026-08-09 17:00:00,,599681.69,
2026-08-09 18:00:00,,609821.88,
2026-08-09 19:00:00,,616763.69,
2026-08-09 20:00:00,,627580.46,
2026-08-09 21:00:00,,635324.70,
2026-08-09 22:00:00,,639049.94,
2026-08-09 23:00:00,,661090.30,
2026-08-10 00:00:00,,680933.31,
2026-08-10 01:00:00,,694907.16,
2026-08-10 02:00:00,,698663.64,
2026-08-10 03:00:00,,626426.19,
2026-08-10 04:00:00,,638452.90,
2026-08-10 05:00:00,,632448.32,
2026-08-10 06:00:00,,635918.63,
2026-08-10 07:00:00,,638273.44,
2026-08-10 08:00:00,,647848.39,
2026-08-10 09:00:00,,654206.50,
2026-08-10 10:00:00,,650428.75,
2026-08-10 11:00:00,,639884.96,
2026-08-10 12:00:00,,640811.61,
2026-08-10 13:00:00,,646637.09,
2026-08-10 14:00:00,,638003.78,
2026-08-10 15:00:00,,634484.66,
2026-08-10 16:00:00,,637622.89,
2026-08-10 17:00:00,,640818.40,
2026-08-10 18:00:00,,632995.87,
2026-08-10 19:00:00,,633528.78,
2026-08-10 20:00:00,,636303.50,
2026-08-10 21:00:00,,633676.66,
2026-08-10 22:00:00,,622830.52,
2026-08-10 23:00:00,,626157.63,
2026-08-11 00:00:00,,624886.34,
2026-08-11 01:00:00,,632679.44,
2026-08-11 02:00:00,,627805.32,
2026-08-11 03:00:00,,608394.12,
2026-08-11 04:00:00,,617767.09,
2026-08-11 05:00:00,,618648.13,
2026-08-11 06:00:00,,610617.83,
2026-08-11 07:00:00,,605850.90,
2026-08-11 08:00:00,,594882.43,
2026-08-11 09:00:00,,599253.04,
2026-08-11 10:00:00,,597414.71,
2026-08-11 11:00:00,,597999.95,
2026-08-11 12:00:00,,593407.73,
2026-08-11 13:00:00,,593389.33,
2026-08-11 14:00:00,,590206.18,
2026-08-11 15:00:00,,589496.51,
2026-08-11 16:00:00,,579059.07,
2026-08-11 17:00:00,,581024.84,
2026-08-11 18:00:00,,583613.55,
2026-08-11 19:00:00,,580668.18,
2026-08-11 20:00:00,,580210.50,
2026-08-11 21:00:00,,581090.34,
2026-08-11 22:00:00,,578486.15,
2026-08-11 23:00:00,,574558.66,
2026-08-12 00:00:00,,574412.18,
2026-08-12 01:00:00,,575077.82,
2026-08-12 02:00:00,,574086.10,
2026-08-12 03:00:00,,574219.11,
2026-08-12 04:00:00,,574862.95,
2026-08-12 05:00:00,,567647.77,
2026-08-12 06:00:00,,566632.97,
2026-08-12 07:00:00,,570410.96,
2026-08-12 08:00:00,,565929.03,
2026-08-12 09:00:00,,565697.49,
2026-08-12 10:00:00,,568191.76,
2026-08-12 11:00:00,,566557.63,
2026-08-12 12:00:00,,547031.49,
2026-08-12 13:00:00,,553892.92,
2026-08-12 14:00:00,,554571.06,
2026-08-12 15:00:00,,552805.94,
2026-08-12 16:00:00,,554297.46,
2026-08-12 17:00:00,,549593.83,
2026-08-12 18:00:00,,548366.43,
2026-08-12 19:00:00,,548266.82,
2026-08-12 20:00:00,,543845.58,
2026-08-12 21:00:00,,546752.77,
2026-08-12 22:00:00,,553075.56,
2026-08-12 23:00:00,,592220.05,
2026-08-13 00:00:00,,594401.54,
2026-08-13 01:00:00,,594757.03,
2026-08-13 02:00:00,,593264.35,
2026-08-13 03:00:00,,593202.60,
2026-08-13 04:00:00,,592132.26,
2026-08-13 05:00:00,,592910.38,
2026-08-13 06:00:00,,595054.13,
2026-08-13 07:00:00,,597244.72,
2026-08-13 08:00:00,,591970.61,
2026-08-13 09:00:00,,593180.99,
2026-08-13 10:00:00,,595973.75,
2026-08-13 11:00:00,,593015.62,
2026-08-13 12:00:00,,596608.54,
2026-08-13 13:00:00,,598873.99,
2026-08-13 14:00:00,,596528.18,
2026-08-13 15:00:00,,601677.66,
2026-08-13 16:00:00,,593681.94,
2026-08-13 17:00:00,,587279.24,
2026-08-13 18:00:00,,588712.50,
2026-08-13 19:00:00,,588022.14,
2026-08-13 20:00:00,,588808.35,
2026-08-13 21:00:00,,590719.98,
2026-08-13 22:00:00,,591311.23,
2026-08-13 23:00:00,,590634.84,
2026-08-14 00:00:00,,592794.51,
2026-08-14 01:00:00,,591277.90,
2026-08-14 02:00:00,,593955.20,
2026-08-14 03:00:00,,594966.81,
2026-08-14 04:00:00,,599855.59,
2026-08-14 05:00:00,,599404.91,
2026-08-14 06:00:00,,610735.37,
2026-08-14 07:00:00,,610417.89,
2026-08-14 08:00:00,,606783.01,
2026-08-14 09:00:00,,613609.39,
2026-08-14 10:00:00,,605405.41,
2026-08-14 11:00:00,,602703.85,
2026-08-14 12:00:00,,602087.39,
2026-08-14 13:00:00,,606952.46,
2026-08-14 14:00:00,,604002.81,
2026-08-14 15:00:00,,594714.39,
2026-08-14 16:00:00,,601615.23,
2026-08-14 17:00:00,,606926.23,
2026-08-14 18:00:00,,604857.03,
2026-08-14 19:00:00,,599476.39,
2026-08-14 20:00:00,,602396.48,
2026-08-14 21:00:00,,600808.60,
2026-08-14 22:00:00,,598986.71,
2026-08-14 23:00:00,,605451.53,
2026-08-15 00:00:00,,604932.82,
2026-08-15 01:00:00,,608672.44,
2026-08-15 02:00:00,,605976.86,
2026-08-15 03:00:00,,604269.70,
2026-08-15 04:00:00,,602990.75,
2026-08-15 05:00:00,,608872.86,
2026-08-15 06:00:00,,611049.84,
2026-08-15 07:00:00,,621287.44,
2026-08-15 08:00:00,,617446.68,
2026-08-15 09:00:00,,623466.19,
2026-08-15 10:00:00,,615538.89,
2026-08-15 11:00:00,,617968.70,
2026-08-15 12:00:00,,616472.18,
2026-08-15 13:00:00,,610552.12,
2026-08-15 14:00:00,,610037.58,
2026-08-15 15:00:00,,610049.65,
2026-08-15 16:00:00,,611575.59,
2026-08-15 17:00:00,,609737.96,
2026-08-15 18:00:00,,612230.08,
2026-08-15 19:00:00,,627546.75,
2026-08-15 20:00:00,,635085.25,
2026-08-15 21:00:00,,647392.92,
2026-08-15 22:00:00,,645789.96,
2026-08-15 23:00:00,,621299.00,
2026-08-16 00:00:00,,616017.68,
2026-08-16 01:00:00,,614924.71,
2026-08-16 02:00:00,,621290.49,
2026-08-16 03:00:00,,623060.21,
2026-08-16 04:00:00,,615478.74,
2026-08-16 05:00:00,,612127.31,
2026-08-16 06:00:00,,612641.28,
2026-08-16 07:00:00,,611404.25,
2026-08-16 08:00:00,,615177.81,
2026-08-16 09:00:00,,615790.88,
2026-08-16 10:00:00,,613293.63,
2026-08-16 11:00:00,,614378.02,
2026-08-16 12:00:00,,619207.89,
2026-08-16 13:00:00,,617706.11,
2026-08-16 14:00:00,,616551.06,
2026-08-16 15:00:00,,617132.51,
2026-08-16 16:00:00,,620234.83,
2026-08-16 17:00:00,,615702.18,
2026-08-16 18:00:00,,610891.99,
2026-08-16 19:00:00,,606902.51,
2026-08-16 20:00:00,,609388.78,
2026-08-16 21:00:00,,606559.85,
2026-08-16 22:00:00,,598056.18,
2026-08-16 23:00:00,,596258.40,
2026-08-17 00:00:00,,597577.13,
2026-08-17 01:00:00,,596548.49,
2026-08-17 02:00:00,,599571.56,
2026-08-17 03:00:00,,603037.68,
2026-08-17 04:00:00,,603827.51,
2026-08-17 05:00:00,,604057.70,
2026-08-17 06:00:00,,600007.81,
2026-08-17 07:00:00,,611152.50,
2026-08-17 08:00:00,,606893.26,
2026-08-17 09:00:00,,601212.37,
2026-08-17 10:00:00,,599121.59,
2026-08-17 11:00:00,,599781.28,
2026-08-17 12:00:00,,599679.63,
2026-08-17 13:00:00,,602037.87,
2026-08-17 14:00:00,,595442.91,
2026-08-17 15:00:00,,597455.05,
2026-08-17 16:00:00,,596442.67,
2026-08-17 17:00:00,,600187.70,
2026-08-17 18:00:00,,597461.77,
2026-08-17 19:00:00,,601207.61,
2026-08-17 20:00:00,,604345.61,
2026-08-17 21:00:00,,598009.10,
2026-08-17 22:00:00,,599469.13,
2026-08-17 23:00:00,,594339.04,
2026-08-18 00:00:00,,594389.45,
2026-08-18 01:00:00,,589951.60,
2026-08-18 02:00:00,,587420.36,
2026-08-18 03:00:00,,576167.41,
2026-08-18 04:00:00,,575449.29,
2026-08-18 05:00:00,,579781.04,
2026-08-18 06:00:00,,577969.93,
2026-08-18 07:00:00,,577804.71,
2026-08-18 08:00:00,,580235.94,
2026-08-18 09:00:00,,577974.70,
2026-08-18 10:00:00,,578005.43,
2026-08-18 11:00:00,,579451.03,
2026-08-18 12:00:00,,578929.88,
2026-08-18 13:00:00,,578038.21,
2026-08-18 14:00:00,,579235.83,
2026-08-18 15:00:00,,579791.81,
2026-08-18 16:00:00,,581236.92,
2026-08-18 17:00:00,,581912.03,
2026-08-18 18:00:00,,578400.41,
2026-08-18 19:00:00,,578032.68,
2026-08-18 20:00:00,,573734.59,
2026-08-18 21:00:00,,568521.44,
2026-08-18 22:00:00,,567762.44,
2026-08-18 23:00:00,,568147.95,
2026-08-19 00:00:00,,570169.51,
2026-08-19 01:00:00,,572068.17,
2026-08-19 02:00:00,,571731.60,
2026-08-19 03:00:00,,570774.40,
2026-08-19 04:00:00,,577044.59,
2026-08-19 05:00:00,,571441.69,
2026-08-19 06:00:00,,572916.81,
2026-08-19 07:00:00,,570709.88,
2026-08-19 08:00:00,,572845.14,
2026-08-19 09:00:00,,577482.67,
2026-08-19 10:00:00,,577641.76,
2026-08-19 11:00:00,,579123.91,
2026-08-19 12:00:00,,578828.40,
2026-08-19 13:00:00,,580679.52,
2026-08-19 14:00:00,,578037.72,
2026-08-19 15:00:00,,586010.62,
2026-08-19 16:00:00,,592568.09,
2026-08-19 17:00:00,,593073.95,
2026-08-19 18:00:00,,588264.31,
2026-08-19 19:00:00,,587210.40,
2026-08-19 20:00:00,,592699.98,
2026-08-19 21:00:00,,599603.11,
2026-08-19 22:00:00,,605538.20,
2026-08-19 23:00:00,,599519.68,
2026-08-20 00:00:00,,600722.36,
2026-08-20 01:00:00,,602993.11,
2026-08-20 02:00:00,,602113.84,
2026-08-20 03:00:00,,599918.32,
2026-08-20 04:00:00,,589063.26,
2026-08-20 05:00:00,,591712.50,
2026-08-20 06:00:00,,587084.51,
2026-08-20 07:00:00,,595922.26,
2026-08-20 08:00:00,,595554.50,
2026-08-20 09:00:00,,605712.91,
2026-08-20 10:00:00,,598480.26,
2026-08-20 11:00:00,,594594.87,
2026-08-20 12:00:00,,593414.37,
2026-08-20 13:00:00,,591205.37,
2026-08-20 14:00:00,,589952.10,
2026-08-20 15:00:00,,585787.28,
2026-08-20 16:00:00,,594609.03,
2026-08-20 17:00:00,,595019.71,
2026-08-20 18:00:00,,600848.58,
2026-08-20 19:00:00,,609725.07,
2026-08-20 20:00:00,,625844.61,
2026-08-20 21:00:00,,641530.31,
2026-08-20 22:00:00,,649403.99,
2026-08-20 23:00:00,,651207.30,
2026-08-21 00:00:00,,651774.47,
2026-08-21 01:00:00,,641328.41,
2026-08-21 02:00:00,,628070.23,
2026-08-21 03:00:00,,620308.67,
2026-08-21 04:00:00,,618202.37,
2026-08-21 05:00:00,,620043.52,
2026-08-21 06:00:00,,629410.42,
2026-08-21 07:00:00,,623889.42,
2026-08-21 08:00:00,,631506.75,
2026-08-21 09:00:00,,648356.58,
2026-08-21 10:00:00,,645182.76,
2026-08-21 11:00:00,,652318.33,
2026-08-21 12:00:00,,648228.43,
2026-08-21 13:00:00,,664299.53,
2026-08-21 14:00:00,,670770.16,
2026-08-21 15:00:00,,666953.22,
2026-08-21 16:00:00,,669127.09,
2026-08-21 17:00:00,,665079.46,
2026-08-21 18:00:00,,780760.38,
2026-08-21 19:00:00,,785167.43,
2026-08-21 20:00:00,,750512.75,
2026-08-21 21:00:00,,678468.37,
2026-08-21 22:00:00,,684571.18,
2026-08-21 23:00:00,,684159.32,
2026-08-22 00:00:00,,686704.57,
2026-08-22 01:00:00,,680470.00,
2026-08-22 02:00:00,,684051.58,
2026-08-22 03:00:00,,706047.02,
2026-08-22 04:00:00,,718384.79,
2026-08-22 05:00:00,,738433.92,
2026-08-22 06:00:00,,667207.76,
2026-08-22 07:00:00,,681696.54,
2026-08-22 08:00:00,,688995.25,
2026-08-22 09:00:00,,686616.04,
2026-08-22 10:00:00,,670067.45,
2026-08-22 11:00:00,,657573.14,
2026-08-22 12:00:00,,661329.03,
2026-08-22 13:00:00,,674271.16,
2026-08-22 14:00:00,,665957.25,
2026-08-22 15:00:00,,650406.33,
2026-08-22 16:00:00,,642953.89,
2026-08-22 17:00:00,,657513.60,
2026-08-22 18:00:00,,658938.40,
2026-08-22 19:00:00,,672759.45,
2026-08-22 20:00:00,,659967.47,
2026-08-22 21:00:00,,672516.89,
2026-08-22 22:00:00,,645704.48,
2026-08-22 23:00:00,,647177.10,
2026-08-23 00:00:00,,651142.05,
2026-08-23 01:00:00,,656811.09,
2026-08-23 02:00:00,,647367.76,
2026-08-23 03:00:00,,639335.32,
2026-08-23 04:00:00,,621310.22,
2026-08-23 05:00:00,,611053.43,
2026-08-23 06:00:00,,612344.02,
2026-08-23 07:00:00,,617968.88,
2026-08-23 08:00:00,,609691.93,
2026-08-23 09:00:00,,618208.66,
2026-08-23 10:00:00,,623971.29,
2026-08-23 11:00:00,,631993.96,
2026-08-23 12:00:00,,647143.13,
2026-08-23 13:00:00,,632425.18,
2026-08-23 14:00:00,,640203.78,
2026-08-23 15:00:00,,632729.49,
2026-08-23 16:00:00,,634766.14,
2026-08-23 17:00:00,,633484.11,
2026-08-23 18:00:00,,618431.75,
2026-08-23 19:00:00,,618483.60,
2026-08-23 20:00:00,,620277.76,
2026-08-23 21:00:00,,610784.56,
2026-08-23 22:00:00,,604997.60,
2026-08-23 23:00:00,,602876.23,
2026-08-24 00:00:00,,604644.67,
2026-08-24 01:00:00,,595945.73,
2026-08-24 02:00:00,,584749.24,
2026-08-24 03:00:00,,586123.11,
2026-08-24 04:00:00,,584579.40,
2026-08-24 05:00:00,,606200.32,
2026-08-24 06:00:00,,592803.24,
2026-08-24 07:00:00,,587476.59,
2026-08-24 08:00:00,,584741.21,
2026-08-24 09:00:00,,584975.03,
2026-08-24 10:00:00,,591189.53,
2026-08-24 11:00:00,,585652.96,
2026-08-24 12:00:00,,591663.36,
2026-08-24 13:00:00,,597968.96,
2026-08-24 14:00:00,,582346.12,
2026-08-24 15:00:00,,597039.38,
2026-08-24 16:00:00,,620829.61,
2026-08-24 17:00:00,,636686.00,
2026-08-24 18:00:00,,626788.45,
2026-08-24 19:00:00,,625958.96,
2026-08-24 20:00:00,,619598.05,
2026-08-24 21:00:00,,621070.93,
2026-08-24 22:00:00,,620604.46,
2026-08-24 23:00:00,,616309.08,
2026-08-25 00:00:00,,591844.18,
2026-08-25 01:00:00,,601056.15,
2026-08-25 02:00:00,,598119.11,
2026-08-25 03:00:00,,601872.08,
2026-08-25 04:00:00,,606539.30,
2026-08-25 05:00:00,,610425.91,
2026-08-25 06:00:00,,610426.40,
2026-08-25 07:00:00,,609873.27,
2026-08-25 08:00:00,,607848.46,
2026-08-25 09:00:00,,610541.68,
2026-08-25 10:00:00,,611106.47,
2026-08-25 11:00:00,,617684.66,
2026-08-25 12:00:00,,616655.60,
2026-08-25 13:00:00,,607743.88,
2026-08-25 14:00:00,,600361.01,
2026-08-25 15:00:00,,610312.53,
2026-08-25 16:00:00,,614850.28,
2026-08-25 17:00:00,,602100.32,
2026-08-25 18:00:00,,599947.31,
2026-08-25 19:00:00,,607756.01,
2026-08-25 20:00:00,,598218.90,
2026-08-25 21:00:00,,577147.04,
2026-08-25 22:00:00,,575554.18,
2026-08-25 23:00:00,,582463.15,
2026-08-26 00:00:00,,577857.25,
2026-08-26 01:00:00,,583243.12,
2026-08-26 02:00:00,,591000.20,
2026-08-26 03:00:00,,599641.78,
2026-08-26 04:00:00,,599368.47,
2026-08-26 05:00:00,,595854.48,
2026-08-26 06:00:00,,593611.25,
2026-08-26 07:00:00,,588986.58,
2026-08-26 08:00:00,,589470.46,
2026-08-26 09:00:00,,592548.42,
2026-08-26 10:00:00,,581080.76,
2026-08-26 11:00:00,,587050.37,
2026-08-26 12:00:00,,582704.49,
2026-08-26 13:00:00,,576880.33,
2026-08-26 14:00:00,,589613.51,
2026-08-26 15:00:00,,591003.78,
2026-08-26 16:00:00,,595453.38,
2026-08-26 17:00:00,,590480.26,
2026-08-26 18:00:00,,604234.53,
2026-08-26 19:00:00,,609631.45,
2026-08-26 20:00:00,,608838.39,
2026-08-26 21:00:00,,607712.01,
2026-08-26 22:00:00,,613990.33,
2026-08-26 23:00:00,,620068.31,
2026-08-27 00:00:00,,623063.14,
2026-08-27 01:00:00,,616993.12,
2026-08-27 02:00:00,,591403.04,
2026-08-27 03:00:00,,583303.18,
2026-08-27 04:00:00,,587275.01,
2026-08-27 05:00:00,,624423.70,
2026-08-27 06:00:00,,623874.06,
2026-08-27 07:00:00,,633508.42,
2026-08-27 08:00:00,,632647.04,
2026-08-27 09:00:00,,646101.07,
2026-08-27 10:00:00,,593371.37,
2026-08-27 11:00:00,,628876.07,
2026-08-27 12:00:00,,626621.05,
2026-08-27 13:00:00,,625352.31,
2026-08-27 14:00:00,,639101.49,
2026-08-27 15:00:00,,639010.70,
2026-08-27 16:00:00,,643552.56,
2026-08-27 17:00:00,,646561.89,
2026-08-27 18:00:00,,645588.77,
2026-08-27 19:00:00,,638862.57,
2026-08-27 20:00:00,,637133.75,
2026-08-27 21:00:00,,636439.93,
2026-08-27 22:00:00,,635782.51,
2026-08-27 23:00:00,,588484.72,
2026-08-28 00:00:00,,584002.03,
2026-08-28 01:00:00,,585460.55,
2026-08-28 02:00:00,,580539.40,
2026-08-28 03:00:00,,585526.35,
2026-08-28 04:00:00,,543554.24,
2026-08-28 05:00:00,,541257.32,
2026-08-28 06:00:00,,539864.54,
2026-08-28 07:00:00,,544664.66,
2026-08-28 08:00:00,,569821.97,
2026-08-28 09:00:00,,573869.91,
2026-08-28 10:00:00,,575637.56,
2026-08-28 11:00:00,,584451.79,
2026-08-28 12:00:00,,582005.87,
2026-08-28 13:00:00,,582602.45,
2026-08-28 14:00:00,,581900.93,
2026-08-28 15:00:00,,581699.33,
2026-08-28 16:00:00,,567429.22,
2026-08-28 17:00:00,,566234.63,
2026-08-28 18:00:00,,568625.74,
2026-08-28 19:00:00,,567183.01,
2026-08-28 20:00:00,,568168.25,
2026-08-28 21:00:00,,565006.83,
2026-08-28 22:00:00,,561350.46,
2026-08-28 23:00:00,,571150.60,
2026-08-29 00:00:00,,533551.60,
2026-08-29 01:00:00,,528974.92,
2026-08-29 02:00:00,,529131.83,
2026-08-29 03:00:00,,527470.92,
2026-08-29 04:00:00,,520656.34,
2026-08-29 05:00:00,,522581.30,
2026-08-29 06:00:00,,525475.84,
2026-08-29 07:00:00,,522083.59,
2026-08-29 08:00:00,,519763.05,
2026-08-29 09:00:00,,512971.04,
2026-08-29 10:00:00,,516109.18,
2026-08-29 11:00:00,,514280.41,
2026-08-29 12:00:00,,511644.40,
2026-08-29 13:00:00,,520845.89,
2026-08-29 14:00:00,,520755.60,
2026-08-29 15:00:00,,523947.41,
2026-08-29 16:00:00,,525635.15,
2026-08-29 17:00:00,,531768.34,
2026-08-29 18:00:00,,530723.98,
2026-08-29 19:00:00,,523280.90,
2026-08-29 20:00:00,,522157.91,
2026-08-29 21:00:00,,523964.81,
2026-08-29 22:00:00,,525206.24,
2026-08-29 23:00:00,,527011.97,
2026-08-30 00:00:00,,526582.75,
2026-08-30 01:00:00,,528647.37,
2026-08-30 02:00:00,,525842.46,
2026-08-30 03:00:00,,527384.45,
2026-08-30 04:00:00,,533494.02,
2026-08-30 05:00:00,,538120.24,
2026-08-30 06:00:00,,554548.59,
2026-08-30 07:00:00,,556151.44,
2026-08-30 08:00:00,,554753.41,
2026-08-30 09:00:00,,558543.37,
2026-08-30 10:00:00,,553601.63,
2026-08-30 11:00:00,,556027.79,
2026-08-30 12:00:00,,557910.47,
2026-08-30 13:00:00,,555554.89,
2026-08-30 14:00:00,,540310.42,
2026-08-30 15:00:00,,542233.91,
2026-08-30 16:00:00,,540912.13,
2026-08-30 17:00:00,,545653.56,
2026-08-30 18:00:00,,542573.50,
2026-08-30 19:00:00,,544916.22,
2026-08-30 20:00:00,,541230.72,
2026-08-30 21:00:00,,536461.58,
2026-08-30 22:00:00,,536371.75,
2026-08-30 23:00:00,,534208.78,
2026-08-31 00:00:00,,514273.07,
2026-08-31 01:00:00,,522429.85,
2026-08-31 02:00:00,,511092.47,
2026-08-31 03:00:00,,514749.77,
2026-08-31 04:00:00,,527017.94,
2026-08-31 05:00:00,,517214.65,
2026-08-31 06:00:00,,521138.37,
2026-08-31 07:00:00,,520961.99,
2026-08-31 08:00:00,,522288.74,
2026-08-31 09:00:00,,522428.47,
2026-08-31 10:00:00,,520878.82,
2026-08-31 11:00:00,,524501.95,
2026-08-31 12:00:00,,523874.28,
2026-08-31 13:00:00,,520132.00,
2026-08-31 14:00:00,,517430.78,
2026-08-31 15:00:00,,525616.18,
2026-08-31 16:00:00,,525811.94,
2026-08-31 17:00:00,,527026.68,
2026-08-31 18:00:00,,527496.35,
2026-08-31 19:00:00,,528808.25,
2026-08-31 20:00:00,,524396.31,
2026-08-31 21:00:00,,526501.63,
2026-08-31 22:00:00,,527889.12,
2026-08-31 23:00:00,,525788.79,
2026-09-01 00:00:00,,526153.56,
2026-09-01 01:00:00,,542090.54,
2026-09-01 02:00:00,,531045.27,
2026-09-01 03:00:00,,529522.65,
2026-09-01 04:00:00,,529508.52,
2026-09-01 05:00:00,,534158.86,
2026-09-01 06:00:00,,544584.60,
2026-09-01 07:00:00,,584083.43,
2026-09-01 08:00:00,,587141.72,
2026-09-01 09:00:00,,535343.36,
2026-09-01 10:00:00,,582458.59,
2026-09-01 11:00:00,,556182.29,
2026-09-01 12:00:00,,550597.68,
2026-09-01 13:00:00,,540603.03,
2026-09-01 14:00:00,,544014.16,
2026-09-01 15:00:00,,545548.79,
2026-09-01 16:00:00,,571360.74,
2026-09-01 17:00:00,,533711.93,
2026-09-01 18:00:00,,535476.69,
2026-09-01 19:00:00,,530164.15,
2026-09-01 20:00:00,,532588.19,
2026-09-01 21:00:00,,534207.28,
2026-09-01 22:00:00,,535840.53,
2026-09-01 23:00:00,,548444.63,
2026-09-02 00:00:00,,552959.80,
2026-09-02 01:00:00,,569886.68,
2026-09-02 02:00:00,,572907.98,
2026-09-02 03:00:00,,583000.89,
2026-09-02 04:00:00,,582378.08,
2026-09-02 05:00:00,,592563.40,
2026-09-02 06:00:00,,607400.78,
2026-09-02 07:00:00,,605575.40,
2026-09-02 08:00:00,,606094.07,
2026-09-02 09:00:00,,600863.59,
2026-09-02 10:00:00,,590347.29,
2026-09-02 11:00:00,,595260.58,
2026-09-02 12:00:00,,602067.40,
2026-09-02 13:00:00,,594266.00,
2026-09-02 14:00:00,,600152.91,
2026-09-02 15:00:00,,597875.15,
2026-09-02 16:00:00,,605046.55,
2026-09-02 17:00:00,,600380.81,
2026-09-02 18:00:00,,598712.50,
2026-09-02 19:00:00,,597525.30,
2026-09-02 20:00:00,,596281.45,
2026-09-02 21:00:00,,589147.26,
2026-09-02 22:00:00,,589287.31,
2026-09-02 23:00:00,,581119.50,
2026-09-03 00:00:00,,585873.38,
2026-09-03 01:00:00,,584063.01,
2026-09-03 02:00:00,,602049.52,
2026-09-03 03:00:00,,615264.45,
2026-09-03 04:00:00,,569511.19,
2026-09-03 05:00:00,,581175.73,
2026-09-03 06:00:00,,579796.67,
2026-09-03 07:00:00,,586465.94,
2026-09-03 08:00:00,,584976.22,
2026-09-03 09:00:00,,595804.18,
2026-09-03 10:00:00,,584773.25,
2026-09-03 11:00:00,,590749.69,
2026-09-03 12:00:00,,599492.24,
2026-09-03 13:00:00,,601301.32,
2026-09-03 14:00:00,,601166.12,
2026-09-03 15:00:00,,611319.07,
2026-09-03 16:00:00,,615014.84,
2026-09-03 17:00:00,,609224.00,
2026-09-03 18:00:00,,615103.69,
2026-09-03 19:00:00,,613419.49,
2026-09-03 20:00:00,,607309.08,
2026-09-03 21:00:00,,604082.97,
2026-09-03 22:00:00,,614734.64,
2026-09-03 23:00:00,,610298.52,
2026-09-04 00:00:00,,610674.06,
2026-09-04 01:00:00,,607526.32,
2026-09-04 02:00:00,,608004.98,
2026-09-04 03:00:00,,612781.55,
2026-09-04 04:00:00,,611154.91,
2026-09-04 05:00:00,,607882.66,
2026-09-04 06:00:00,,608603.66,
2026-09-04 07:00:00,,596486.53,
2026-09-04 08:00:00,,600350.08,
2026-09-04 09:00:00,,611365.42,
2026-09-04 10:00:00,,607447.67,
2026-09-04 11:00:00,,608265.01,
2026-09-04 12:00:00,,609545.79,
2026-09-04 13:00:00,,596396.12,
2026-09-04 14:00:00,,600445.51,
2026-09-04 15:00:00,,596653.39,
2026-09-04 16:00:00,,600536.40,
2026-09-04 17:00:00,,602076.95,
2026-09-04 18:00:00,,612914.13,
2026-09-04 19:00:00,,624192.15,
2026-09-04 20:00:00,,623375.81,
2026-09-04 21:00:00,,622399.24,
2026-09-04 22:00:00,,618600.20,
2026-09-04 23:00:00,,623260.67,
2026-09-05 00:00:00,,626739.08,
2026-09-05 01:00:00,,626675.81,
2026-09-05 02:00:00,,627606.06,
2026-09-05 03:00:00,,641492.49,
2026-09-05 04:00:00,,637563.53,
2026-09-05 05:00:00,,637832.11,
2026-09-05 06:00:00,,639549.59,
2026-09-05 07:00:00,,641663.83,
2026-09-05 08:00:00,,640418.31,
2026-09-05 09:00:00,,645389.49,
2026-09-05 10:00:00,,641689.84,
2026-09-05 11:00:00,,644383.33,
2026-09-05 12:00:00,,640504.00,
2026-09-05 13:00:00,,643285.31,
2026-09-05 14:00:00,,645220.42,
2026-09-05 15:00:00,,645253.08,
2026-09-05 16:00:00,,640691.30,
2026-09-05 17:00:00,,644852.74,
2026-09-05 18:00:00,,642738.94,
2026-09-05 19:00:00,,643267.86,
2026-09-05 20:00:00,,645861.12,
2026-09-05 21:00:00,,660945.05,
2026-09-05 22:00:00,,656681.28,
2026-09-05 23:00:00,,669836.30,
2026-09-06 00:00:00,,665843.47,
2026-09-06 01:00:00,,673635.18,
2026-09-06 02:00:00,,671444.78,
2026-09-06 03:00:00,,669138.51,
2026-09-06 04:00:00,,670554.00,
2026-09-06 05:00:00,,689548.13,
2026-09-06 06:00:00,,692691.49,
2026-09-06 07:00:00,,687226.16,
2026-09-06 08:00:00,,668124.43,
2026-09-06 09:00:00,,667975.14,
2026-09-06 10:00:00,,669876.86,
2026-09-06 11:00:00,,673811.97,
2026-09-06 12:00:00,,673646.81,
2026-09-06 13:00:00,,672611.14,
2026-09-06 14:00:00,,706902.42,
2026-09-06 15:00:00,,694555.40,
2026-09-06 16:00:00,,697938.67,
2026-09-06 17:00:00,,698826.55,
2026-09-06 18:00:00,,684628.31,
2026-09-06 19:00:00,,682034.23,
2026-09-06 20:00:00,,673829.47,
2026-09-06 21:00:00,,692513.88,
2026-09-06 22:00:00,,702632.90,
2026-09-06 23:00:00,,703029.59,
2026-09-07 00:00:00,,701021.83,
2026-09-07 01:00:00,,698771.95,
2026-09-07 02:00:00,,694243.79,
2026-09-07 03:00:00,,697643.83,
2026-09-07 04:00:00,,705603.06,
2026-09-07 05:00:00,,702232.88,
2026-09-07 06:00:00,,700520.05,
2026-09-07 07:00:00,,703796.88,
2026-09-07 08:00:00,,695509.75,
2026-09-07 09:00:00,,829133.21,
2026-09-07 10:00:00,,845924.61,
2026-09-07 11:00:00,,852675.86,
2026-09-07 12:00:00,,1026699.55,
2026-09-07 13:00:00,,1013662.34,
2026-09-07 14:00:00,,937972.98,
2026-09-07 15:00:00,,942889.86,
2026-09-07 16:00:00,,934415.17,
2026-09-07 17:00:00,,941349.73,
2026-09-07 18:00:00,,940152.64,
2026-09-07 19:00:00,,934726.32,
2026-09-07 20:00:00,,931491.92,
2026-09-07 21:00:00,,931228.29,
2026-09-07 22:00:00,,919223.39,
2026-09-07 23:00:00,,912028.69,
2026-09-08 00:00:00,,922112.28,
2026-09-08 01:00:00,,920577.06,
2026-09-08 02:00:00,,920521.03,
2026-09-08 03:00:00,,899353.32,
2026-09-08 04:00:00,,913504.50,
2026-09-08 05:00:00,,913045.73,
2026-09-08 06:00:00,,910235.99,
2026-09-08 07:00:00,,891565.02,
2026-09-08 08:00:00,,899667.46,
2026-09-08 09:00:00,,902098.64,
2026-09-08 10:00:00,,909817.16,
2026-09-08 11:00:00,,902484.51,
2026-09-08 12:00:00,,904274.82,
2026-09-08 13:00:00,,892709.33,
2026-09-08 14:00:00,,886491.32,
2026-09-08 15:00:00,,893293.79,
2026-09-08 16:00:00,,900540.13,
2026-09-08 17:00:00,,893517.80,
2026-09-08 18:00:00,,886462.05,
2026-09-08 19:00:00,,879566.31,
2026-09-08 20:00:00,,875219.29,
2026-09-08 21:00:00,,876019.65,
2026-09-08 22:00:00,,871697.90,
2026-09-08 23:00:00,,879716.47,
2026-09-09 00:00:00,,880275.87,
2026-09-09 01:00:00,,875436.28,
2026-09-09 02:00:00,,877140.12,
2026-09-09 03:00:00,,900694.92,
2026-09-09 04:00:00,,900128.48,
2026-09-09 05:00:00,,903524.05,
2026-09-09 06:00:00,,899449.09,
2026-09-09 07:00:00,,901226.25,
2026-09-09 08:00:00,,906579.61,
2026-09-09 09:00:00,,910050.68,
2026-09-09 10:00:00,,841369.74,
2026-09-09 11:00:00,,825549.21,
2026-09-09 12:00:00,,820395.85,
2026-09-09 13:00:00,,835325.06,
2026-09-09 14:00:00,,869897.59,
2026-09-09 15:00:00,,856373.81,
2026-09-09 16:00:00,,849939.56,
2026-09-09 17:00:00,,861601.29,
2026-09-09 18:00:00,,869240.99,
2026-09-09 19:00:00,,871536.33,
2026-09-09 20:00:00,,849588.66,
2026-09-09 21:00:00,,857137.53,
2026-09-09 22:00:00,,846476.53,
2026-09-09 23:00:00,,805167.38,
2026-09-10 00:00:00,,818749.59,
2026-09-10 01:00:00,,806675.39,
2026-09-10 02:00:00,,811388.02,
2026-09-10 03:00:00,,831496.34,
2026-09-10 04:00:00,,822893.04,
2026-09-10 05:00:00,,1483263.55,
2026-09-10 06:00:00,,1688014.72,
2026-09-10 07:00:00,,1711538.00,
2026-09-10 08:00:00,,1803826.71,
2026-09-10 09:00:00,,1744213.02,
2026-09-10 10:00:00,,1703166.87,
2026-09-10 11:00:00,,1959874.12,
2026-09-10 12:00:00,,1875338.19,
2026-09-10 13:00:00,,1709549.01,
2026-09-10 14:00:00,,1684491.12,
2026-09-10 15:00:00,,1625419.92,
2026-09-10 16:00:00,,1556659.46,
2026-09-10 17:00:00,,1461685.08,
2026-09-10 18:00:00,,1515577.59,
2026-09-10 19:00:00,,1478730.01,
2026-09-10 20:00:00,,1459868.04,
2026-09-10 21:00:00,,1463794.11,
2026-09-10 22:00:00,,1474173.84,
2026-09-10 23:00:00,,1470922.72,
2026-09-11 00:00:00,,1461838.89,
2026-09-11 01:00:00,,1460257.49,
2026-09-11 02:00:00,,1375942.88,
2026-09-11 03:00:00,,1371261.22,
2026-09-11 04:00:00,,1360855.96,
2026-09-11 05:00:00,,1381242.68,
2026-09-11 06:00:00,,1390863.85,
2026-09-11 07:00:00,,1385419.14,
2026-09-11 08:00:00,,1330009.59,
2026-09-11 09:00:00,,1307441.56,
2026-09-11 10:00:00,,1416263.37,
2026-09-11 11:00:00,,1367477.31,
2026-09-11 12:00:00,,1330273.37,
2026-09-11 13:00:00,,1297245.73,
2026-09-11 14:00:00,,1298396.60,
2026-09-11 15:00:00,,1266229.36,
2026-09-11 16:00:00,,1206810.39,
2026-09-11 17:00:00,,1127694.74,
2026-09-11 18:00:00,,1110208.87,
2026-09-11 19:00:00,,1107690.70,
2026-09-11 20:00:00,,1112203.73,
2026-09-11 21:00:00,,1088786.79,
2026-09-11 22:00:00,,1062275.90,
2026-09-11 23:00:00,,1061310.71,
2026-09-12 00:00:00,,1062031.22,
2026-09-12 01:00:00,,1058755.67,
2026-09-12 02:00:00,,1052683.52,
2026-09-12 03:00:00,,1040886.05,
2026-09-12 04:00:00,,1028433.41,
2026-09-12 05:00:00,,1024556.50,
2026-09-12 06:00:00,,1016507.88,
2026-09-12 07:00:00,,1015993.50,
2026-09-12 08:00:00,,1046308.09,
2026-09-12 09:00:00,,1076800.76,
2026-09-12 10:00:00,,1057535.46,
2026-09-12 11:00:00,,1064431.09,
2026-09-12 12:00:00,,1057813.58,
2026-09-12 13:00:00,,1069393.77,
2026-09-12 14:00:00,,1099493.38,
2026-09-12 15:00:00,,1137928.91,
2026-09-12 16:00:00,,1140283.42,
2026-09-12 17:00:00,,1321683.06,
2026-09-12 18:00:00,,1628743.64,
2026-09-12 19:00:00,,1667322.01,
2026-09-12 20:00:00,,1668768.81,
2026-09-12 21:00:00,,1836131.88,
2026-09-12 22:00:00,,1796340.04,
2026-09-12 23:00:00,,1929521.91,
2026-09-13 00:00:00,,1908025.47,
2026-09-13 01:00:00,,1933829.17,
2026-09-13 02:00:00,,2106446.53,
2026-09-13 03:00:00,,1737531.26,
2026-09-13 04:00:00,,1657760.22,
2026-09-13 05:00:00,,1585149.12,
2026-09-13 06:00:00,,1455454.37,
2026-09-13 07:00:00,,1375782.93,
2026-09-13 08:00:00,,1755322.48,
2026-09-13 09:00:00,,1687514.58,
2026-09-13 10:00:00,,1863042.20,
2026-09-13 11:00:00,,1752658.49,
2026-09-13 12:00:00,,1780129.85,
2026-09-13 13:00:00,,1766433.87,
2026-09-13 14:00:00,,1818343.89,
2026-09-13 15:00:00,,1941290.65,
2026-09-13 16:00:00,,2623154.88,
2026-09-13 17:00:00,,2325366.91,
2026-09-13 18:00:00,,2558255.89,
2026-09-13 19:00:00,,2498198.06,
2026-09-13 20:00:00,,2576438.14,
2026-09-13 21:00:00,,2605659.39,
2026-09-13 22:00:00,,2496886.59,
2026-09-13 23:00:00,,2261656.67,
2026-09-14 00:00:00,,2086729.72,
2026-09-14 01:00:00,,2049022.15,
2026-09-14 02:00:00,,2071508.49,
2026-09-14 03:00:00,,2204893.97,
2026-09-14 04:00:00,,2487582.31,
2026-09-14 05:00:00,,2255116.16,
2026-09-14 06:00:00,,2207279.14,
2026-09-14 07:00:00,,2234027.35,
2026-09-14 08:00:00,,2348606.82,
2026-09-14 09:00:00,,2476405.52,
2026-09-14 10:00:00,,2596651.99,
2026-09-14 11:00:00,,2386197.17,
2026-09-14 12:00:00,,2437943.58,
2026-09-14 13:00:00,,2183490.20,
2026-09-14 14:00:00,,2290443.93,
2026-09-14 15:00:00,,2184170.99,
2026-09-14 16:00:00,,2077186.64,
2026-09-14 17:00:00,,2119008.26,
2026-09-14 18:00:00,,2012459.02,
2026-09-14 19:00:00,,2057964.74,
2026-09-14 20:00:00,,2072539.55,
2026-09-14 21:00:00,,2075529.58,
2026-09-14 22:00:00,,2032257.27,
2026-09-14 23:00:00,,1949838.07,
2026-09-15 00:00:00,,1960338.21,
2026-09-15 01:00:00,,1923316.17,
2026-09-15 02:00:00,,1845297.96,
2026-09-15 03:00:00,,1858835.92,
2026-09-15 04:00:00,,1868264.97,
2026-09-15 05:00:00,,1821062.37,
2026-09-15 06:00:00,,1818294.32,
2026-09-15 07:00:00,,1808681.17,
2026-09-15 08:00:00,,1811809.12,
2026-09-15 09:00:00,,1734001.50,
2026-09-15 10:00:00,,1701098.32,
2026-09-15 11:00:00,,1670823.21,
2026-09-15 12:00:00,,1627743.38,
2026-09-15 13:00:00,,1572602.06,
2026-09-15 14:00:00,,1568215.12,
2026-09-15 15:00:00,,1497364.00,
2026-09-15 16:00:00,,1458161.11,
2026-09-15 17:00:00,,1450678.40,
2026-09-15 18:00:00,,1572042.66,
2026-09-15 19:00:00,,1403056.86,
2026-09-15 20:00:00,,1383746.09,
2026-09-15 21:00:00,,1357385.50,
2026-09-15 22:00:00,,1311022.51,
2026-09-15 23:00:00,,1326721.09,
2026-09-16 00:00:00,,1353697.03,
2026-09-16 01:00:00,,1379248.07,
2026-09-16 02:00:00,,1418687.51,
2026-09-16 03:00:00,,1431558.93,
2026-09-16 04:00:00,,1546691.10,
2026-09-16 05:00:00,,1533334.72,
2026-09-16 06:00:00,,1529122.70,
2026-09-16 07:00:00,,1488241.35,
2026-09-16 08:00:00,,1468104.91,
2026-09-16 09:00:00,,1507212.19,
2026-09-16 10:00:00,,1538355.92,
2026-09-16 11:00:00,,1535873.53,
2026-09-16 12:00:00,,1567782.02,
2026-09-16 13:00:00,,1542602.45,
2026-09-16 14:00:00,,1510601.90,
2026-09-16 15:00:00,,1456077.43,
2026-09-16 16:00:00,,1593555.75,
2026-09-16 17:00:00,,1606416.90,
2026-09-16 18:00:00,,1520779.37,
2026-09-16 19:00:00,,1501178.50,
2026-09-16 20:00:00,,1524093.65,
2026-09-16 21:00:00,,1573480.24,
2026-09-16 22:00:00,,1584686.77,
2026-09-16 23:00:00,,1591762.75,
2026-09-17 00:00:00,,1643922.21,
2026-09-17 01:00:00,,1637377.27,
2026-09-17 02:00:00,,1592328.25,
2026-09-17 03:00:00,,1602559.77,
2026-09-17 04:00:00,,1680225.99,
2026-09-17 05:00:00,,1588448.62,
2026-09-17 06:00:00,,1813619.81,
2026-09-17 07:00:00,,1797276.72,
2026-09-17 08:00:00,,1771604.63,
2026-09-17 09:00:00,,1806978.37,
2026-09-17 10:00:00,,1820723.02,
2026-09-17 11:00:00,,1902557.54,
2026-09-17 12:00:00,,1918292.21,
2026-09-17 13:00:00,,1802133.35,
2026-09-17 14:00:00,,1785871.05,
2026-09-17 15:00:00,,1825160.74,
2026-09-17 16:00:00,,1813364.15,
2026-09-17 17:00:00,,1732139.90,
2026-09-17 18:00:00,,1673259.61,
2026-09-17 19:00:00,,1631152.42,
2026-09-17 20:00:00,,1707788.89,
2026-09-17 21:00:00,,1700645.05,
2026-09-17 22:00:00,,1675494.00,
2026-09-17 23:00:00,,1678908.92,
2026-09-18 00:00:00,,1687421.55,
2026-09-18 01:00:00,,1690973.69,
2026-09-18 02:00:00,,1720920.92,
2026-09-18 03:00:00,,1739509.33,
2026-09-18 04:00:00,,1745784.45,
2026-09-18 05:00:00,,1903317.63,
2026-09-18 06:00:00,,1928190.71,
2026-09-18 07:00:00,,1938660.69,
2026-09-18 08:00:00,,1919305.79,
2026-09-18 09:00:00,,1960081.52,
2026-09-18 10:00:00,,1933045.78,
2026-09-18 11:00:00,,1891106.28,
2026-09-18 12:00:00,,1847914.54,
2026-09-18 13:00:00,,1831843.56,
2026-09-18 14:00:00,,1786464.14,
2026-09-18 15:00:00,,1840204.14,
2026-09-18 16:00:00,,1774203.02,
2026-09-18 17:00:00,,1744701.42,
2026-09-18 18:00:00,,1754615.24,
2026-09-18 19:00:00,,1765378.73,
2026-09-18 20:00:00,,1766900.23,
2026-09-18 21:00:00,,1802816.05,
2026-09-18 22:00:00,,1787046.17,
2026-09-18 23:00:00,,1750273.67,
2026-09-19 00:00:00,,1734759.85,
2026-09-19 01:00:00,,1641529.07,
2026-09-19 02:00:00,,1628555.64,
2026-09-19 03:00:00,,1635255.23,
2026-09-19 04:00:00,,1648206.52,
2026-09-19 05:00:00,,1625497.51,
2026-09-19 06:00:00,,1604992.99,
2026-09-19 07:00:00,,1574286.38,
2026-09-19 08:00:00,,1574980.91,
2026-09-19 09:00:00,,1570027.77,
2026-09-19 10:00:00,,1549435.79,
2026-09-19 11:00:00,,1548994.20,
2026-09-19 12:00:00,,1563186.13,
2026-09-19 13:00:00,,1549239.68,
2026-09-19 14:00:00,,1539782.89,
2026-09-19 15:00:00,,1530502.58,
2026-09-19 16:00:00,,1524997.45,
2026-09-19 17:00:00,,1533085.55,
2026-09-19 18:00:00,,1506267.58,
2026-09-19 19:00:00,,1492994.71,
2026-09-19 20:00:00,,1497105.50,
2026-09-19 21:00:00,,1480726.73,
2026-09-19 22:00:00,,1477015.07,
2026-09-19 23:00:00,,1491028.08,
2026-09-20 00:00:00,,1492158.47,
2026-09-20 01:00:00,,1508907.49,
2026-09-20 02:00:00,,1508180.44,
2026-09-20 03:00:00,,1460553.28,
2026-09-20 04:00:00,,1463647.58,
2026-09-20 05:00:00,,1463226.84,
2026-09-20 06:00:00,,1458318.11,
2026-09-20 07:00:00,,1436586.40,
2026-09-20 08:00:00,,1405050.67,
2026-09-20 09:00:00,,1388454.41,
2026-09-20 10:00:00,,1374453.73,
2026-09-20 11:00:00,,1348771.96,
2026-09-20 12:00:00,,1362954.95,
2026-09-20 13:00:00,,1378990.54,
2026-09-20 14:00:00,,1364866.31,
2026-09-20 15:00:00,,1348252.40,
2026-09-20 16:00:00,,1352694.39,
2026-09-20 17:00:00,,1378744.72,
2026-09-20 18:00:00,,1387093.32,
2026-09-20 19:00:00,,1410203.36,
2026-09-20 20:00:00,,1429407.72,
2026-09-20 21:00:00,,1427785.53,
2026-09-20 22:00:00,,1428798.73,
2026-09-20 23:00:00,,1432822.55,
2026-09-21 00:00:00,,1441741.33,
2026-09-21 01:00:00,,1468596.70,
2026-09-21 02:00:00,,1436496.03,
2026-09-21 03:00:00,,1453627.79,
2026-09-21 04:00:00,,1491770.63,
2026-09-21 05:00:00,,1468900.67,
2026-09-21 06:00:00,,1468562.47,
2026-09-21 07:00:00,,1492244.80,
2026-09-21 08:00:00,,1500250.48,
2026-09-21 09:00:00,,1507611.08,
2026-09-21 10:00:00,,1475277.85,
2026-09-21 11:00:00,,1493140.99,
2026-09-21 12:00:00,,1583116.69,
2026-09-21 13:00:00,,1591027.06,
2026-09-21 14:00:00,,1530235.68,
2026-09-21 15:00:00,,1555397.16,
2026-09-21 16:00:00,,1537289.08,
2026-09-21 17:00:00,,1536192.58,
2026-09-21 18:00:00,,1498920.18,
2026-09-21 19:00:00,,1517784.96,
2026-09-21 20:00:00,,1529375.10,
2026-09-21 21:00:00,,1510751.90,
2026-09-21 22:00:00,,1482075.49,
2026-09-21 23:00:00,,1430089.66,
2026-09-22 00:00:00,,1431328.40,
2026-09-22 01:00:00,,1419173.17,
2026-09-22 02:00:00,,1434907.78,
2026-09-22 03:00:00,,1427391.08,
2026-09-22 04:00:00,,1451051.05,
2026-09-22 05:00:00,,1455990.88,
2026-09-22 06:00:00,,1451632.75,
2026-09-22 07:00:00,,1484575.08,
2026-09-22 08:00:00,,1668359.00,
2026-09-22 09:00:00,,1660221.19,
2026-09-22 10:00:00,,1642698.73,
2026-09-22 11:00:00,,1601091.10,
2026-09-22 12:00:00,,1599490.40,
2026-09-22 13:00:00,,1648709.43,
2026-09-22 14:00:00,,1624478.17,
2026-09-22 15:00:00,,1629670.95,
2026-09-22 16:00:00,,1625366.88,
2026-09-22 17:00:00,,1624426.79,
2026-09-22 18:00:00,,1626863.16,
2026-09-22 19:00:00,,1637734.84,
2026-09-22 20:00:00,,1638948.41,
2026-09-22 21:00:00,,1644817.62,
2026-09-22 22:00:00,,1638276.63,
2026-09-22 23:00:00,,1672855.32,
2026-09-23 00:00:00,,1691693.64,
2026-09-23 01:00:00,,1702013.62,
2026-09-23 02:00:00,,1668191.17,
2026-09-23 03:00:00,,1688419.11,
2026-09-23 04:00:00,,1731081.89,
2026-09-23 05:00:00,,1721732.01,
2026-09-23 06:00:00,,1642246.16,
2026-09-23 07:00:00,,1643734.79,
2026-09-23 08:00:00,,1605167.58,
2026-09-23 09:00:00,,1632450.26,
2026-09-23 10:00:00,,1607432.66,
2026-09-23 11:00:00,,1632820.68,
2026-09-23 12:00:00,,1613093.81,
2026-09-23 13:00:00,,1616733.08,
2026-09-23 14:00:00,,1649164.54,
2026-09-23 15:00:00,,1407221.55,
2026-09-23 16:00:00,,1358727.99,
2026-09-23 17:00:00,,1379268.01,
2026-09-23 18:00:00,,1370277.94,
2026-09-23 19:00:00,,1336176.57,
2026-09-23 20:00:00,,1334099.34,
2026-09-23 21:00:00,,1326219.69,
2026-09-23 22:00:00,,1315349.62,
2026-09-23 23:00:00,,1320949.94,
2026-09-24 00:00:00,,1324710.52,
2026-09-24 01:00:00,,1321990.90,
2026-09-24 02:00:00,,1320250.49,
2026-09-24 03:00:00,,1351594.77,
2026-09-24 04:00:00,,1344523.79,
2026-09-24 05:00:00,,1372790.93,
2026-09-24 06:00:00,,1364542.63,
2026-09-24 07:00:00,,1372326.38,
2026-09-24 08:00:00,,1378820.90,
2026-09-24 09:00:00,,1329021.90,
2026-09-24 10:00:00,,1302852.64,
2026-09-24 11:00:00,,1312984.03,
2026-09-24 12:00:00,,1317988.04,
2026-09-24 13:00:00,,1317055.01,
2026-09-24 14:00:00,,1351856.31,
2026-09-24 15:00:00,,1347729.16,
2026-09-24 16:00:00,,1370811.25,
2026-09-24 17:00:00,,1366614.57,
2026-09-24 18:00:00,,1357306.28,
2026-09-24 19:00:00,,1364191.42,
2026-09-24 20:00:00,,1364992.46,
2026-09-24 21:00:00,,1363673.93,
2026-09-24 22:00:00,,1367560.71,
2026-09-24 23:00:00,,1377713.42,
2026-09-25 00:00:00,,1382064.76,
2026-09-25 01:00:00,,1375024.21,
2026-09-25 02:00:00,,1371481.76,
2026-09-25 03:00:00,,1347910.95,
2026-09-25 04:00:00,,1346416.74,
2026-09-25 05:00:00,,1355112.94,
2026-09-25 06:00:00,,1356721.16,
2026-09-25 07:00:00,,1356639.41,
2026-09-25 08:00:00,,1361349.89,
2026-09-25 09:00:00,,1360185.44,
2026-09-25 10:00:00,,1395059.67,
2026-09-25 11:00:00,,1562873.01,
2026-09-25 12:00:00,,1593309.91,
2026-09-25 13:00:00,,1700413.60,
2026-09-25 14:00:00,,1717988.69,
2026-09-25 15:00:00,,1791559.08,
2026-09-25 16:00:00,,1752429.64,
2026-09-25 17:00:00,,1776064.36,
2026-09-25 18:00:00,,1945201.92,
2026-09-25 19:00:00,,1835419.50,
2026-09-25 20:00:00,,1837131.16,
2026-09-25 21:00:00,,1784022.93,
2026-09-25 22:00:00,,1804154.36,
2026-09-25 23:00:00,,1826373.74,
2026-09-26 00:00:00,,1812900.15,
2026-09-26 01:00:00,,1754124.04,
2026-09-26 02:00:00,,1756786.84,
2026-09-26 03:00:00,,1768339.85,
2026-09-26 04:00:00,,1747328.04,
2026-09-26 05:00:00,,1702146.08,
2026-09-26 06:00:00,,1762848.89,
2026-09-26 07:00:00,,1728356.86,
2026-09-26 08:00:00,,1792288.46,
2026-09-26 09:00:00,,2343012.18,
2026-09-26 10:00:00,,1958480.02,
2026-09-26 11:00:00,,1939525.20,
2026-09-26 12:00:00,,1878243.96,
2026-09-26 13:00:00,,1861876.00,
2026-09-26 14:00:00,,1862511.32,
2026-09-26 15:00:00,,1867847.49,
2026-09-26 16:00:00,,1870924.44,
2026-09-26 17:00:00,,1784733.07,
2026-09-26 18:00:00,,1803366.62,
2026-09-26 19:00:00,,1813712.37,
2026-09-26 20:00:00,,1791577.06,
2026-09-26 21:00:00,,1696638.28,
2026-09-26 22:00:00,,1713884.37,
2026-09-26 23:00:00,,1708118.96,
2026-09-27 00:00:00,,1742643.43,
2026-09-27 01:00:00,,1717263.30,
2026-09-27 02:00:00,,1719065.08,
2026-09-27 03:00:00,,1703342.90,
2026-09-27 04:00:00,,1709119.18,
2026-09-27 05:00:00,,1712643.15,
2026-09-27 06:00:00,,1707653.60,
2026-09-27 07:00:00,,1716530.35,
2026-09-27 08:00:00,,1708450.75,
2026-09-27 09:00:00,,1688673.06,
2026-09-27 10:00:00,,1681205.63,
2026-09-27 11:00:00,,1658388.16,
2026-09-27 12:00:00,,1648790.32,
2026-09-27 13:00:00,,1650890.21,
2026-09-27 14:00:00,,1584690.86,
2026-09-27 15:00:00,,1568131.04,
2026-09-27 16:00:00,,1574276.16,
2026-09-27 17:00:00,,1568283.48,
2026-09-27 18:00:00,,1585865.92,
2026-09-27 19:00:00,,1587737.50,
2026-09-27 20:00:00,,1577274.11,
2026-09-27 21:00:00,,1567658.02,
2026-09-27 22:00:00,,1565938.81,
2026-09-27 23:00:00,,1537697.08,
2026-09-28 00:00:00,,1547973.13,
2026-09-28 01:00:00,,1549595.27,
2026-09-28 02:00:00,,1530155.56,
2026-09-28 03:00:00,,1498514.91,
2026-09-28 04:00:00,,1432382.96,
2026-09-28 05:00:00,,1443511.56,
2026-09-28 06:00:00,,1414381.01,
2026-09-28 07:00:00,,1398909.82,
2026-09-28 08:00:00,,1355222.83,
2026-09-28 09:00:00,,1367071.89,
2026-09-28 10:00:00,,1331873.82,
2026-09-28 11:00:00,,1333591.19,
2026-09-28 12:00:00,,1324444.80,
2026-09-28 13:00:00,,1357657.11,
2026-09-28 14:00:00,,1319972.64,
2026-09-28 15:00:00,,1276744.36,
2026-09-28 16:00:00,,1304614.50,
2026-09-28 17:00:00,,1322218.61,
2026-09-28 18:00:00,,1337591.78,
2026-09-28 19:00:00,,1323751.70,
2026-09-28 20:00:00,,1288942.32,
2026-09-28 21:00:00,,1291243.31,
2026-09-28 22:00:00,,1287250.80,
2026-09-28 23:00:00,,1296230.97,
2026-09-29 00:00:00,,1301045.81,
2026-09-29 01:00:00,,1298554.77,
2026-09-29 02:00:00,,1276406.01,
2026-09-29 03:00:00,,1277834.93,
2026-09-29 04:00:00,,1278358.71,
2026-09-29 05:00:00,,1277613.29,
2026-09-29 06:00:00,,1280723.38,
2026-09-29 07:00:00,,1294440.78,
2026-09-29 08:00:00,,1305156.37,
2026-09-29 09:00:00,,1301435.71,
2026-09-29 10:00:00,,1307234.99,
2026-09-29 11:00:00,,1319536.03,
2026-09-29 12:00:00,,1333176.47,
2026-09-29 13:00:00,,1330310.32,
2026-09-29 14:00:00,,1352254.94,
2026-09-29 15:00:00,,1385743.66,
2026-09-29 16:00:00,,1344933.62,
2026-09-29 17:00:00,,1336752.65,
2026-09-29 18:00:00,,1329719.62,
2026-09-29 19:00:00,,1362711.43,
2026-09-29 20:00:00,,1341258.92,
2026-09-29 21:00:00,,1361718.81,
2026-09-29 22:00:00,,1371289.61,
2026-09-29 23:00:00,,1369416.54,
2026-09-30 00:00:00,,1372314.95,
2026-09-30 01:00:00,,1376491.16,
2026-09-30 02:00:00,,1394265.11,
2026-09-30 03:00:00,,1387494.17,
2026-09-30 04:00:00,,1426178.50,
2026-09-30 05:00:00,,1425782.73,
2026-09-30 06:00:00,,1440802.29,
2026-09-30 07:00:00,,1413770.16,
2026-09-30 08:00:00,,1400528.95,
2026-09-30 09:00:00,,1400152.12,
2026-09-30 10:00:00,,1448852.28,
2026-09-30 11:00:00,,1467541.38,
2026-09-30 12:00:00,,1489304.19,
2026-09-30 13:00:00,,1558278.89,
2026-09-30 14:00:00,,1510280.25,
2026-09-30 15:00:00,,1500761.74,
2026-09-30 16:00:00,,1801314.46,
2026-09-30 17:00:00,,1756457.04,
2026-09-30 18:00:00,,1774052.74,
2026-09-30 19:00:00,,1615884.64,
2026-09-30 20:00:00,,1631528.48,
2026-09-30 21:00:00,,1570162.15,
2026-09-30 22:00:00,,1699672.45,
2026-09-30 23:00:00,,1732425.30,
2026-10-01 00:00:00,,1750528.75,
2026-10-01 01:00:00,,1645937.85,
2026-10-01 02:00:00,,1655266.90,
2026-10-01 03:00:00,,1665344.93,
2026-10-01 04:00:00,,1682682.13,
2026-10-01 05:00:00,,1670301.16,
2026-10-01 06:00:00,,1658867.01,
2026-10-01 07:00:00,,1627426.42,
2026-10-01 08:00:00,,1507662.27,
2026-10-01 09:00:00,,1512450.14,
2026-10-01 10:00:00,,1495312.96,
2026-10-01 11:00:00,,1459951.25,
2026-10-01 12:00:00,,1444190.91,
2026-10-01 13:00:00,,1434986.33,
2026-10-01 14:00:00,,1417804.79,
2026-10-01 15:00:00,,1383243.33,
2026-10-01 16:00:00,,1365298.17,
2026-10-01 17:00:00,,1346917.52,
2026-10-01 18:00:00,,1361329.54,
2026-10-01 19:00:00,,1351015.43,
2026-10-01 20:00:00,,1346448.77,
2026-10-01 21:00:00,,1344874.37,
2026-10-01 22:00:00,,1330969.01,
2026-10-01 23:00:00,,1343459.41,
2026-10-02 00:00:00,,1356294.24,
2026-10-02 01:00:00,,1357444.45,
2026-10-02 02:00:00,,1339664.65,
2026-10-02 03:00:00,,1337316.11,
2026-10-02 04:00:00,,1326417.34,
2026-10-02 05:00:00,,1353684.80,
2026-10-02 06:00:00,,1349099.80,
2026-10-02 07:00:00,,1328427.96,
2026-10-02 08:00:00,,1313340.83,
2026-10-02 09:00:00,,1306183.44,
2026-10-02 10:00:00,,1316009.30,
2026-10-02 11:00:00,,1306666.74,
2026-10-02 12:00:00,,1310936.33,
2026-10-02 13:00:00,,1319074.05,
2026-10-02 14:00:00,,1325396.53,
2026-10-02 15:00:00,,1307100.42,
2026-10-02 16:00:00,,1299812.55,
2026-10-02 17:00:00,,1267874.00,
2026-10-02 18:00:00,,1254144.65,
2026-10-02 19:00:00,,1234427.21,
2026-10-02 20:00:00,,1231340.74,
2026-10-02 21:00:00,,1228080.55,
2026-10-02 22:00:00,,1235696.69,
2026-10-02 23:00:00,,1252962.91,
2026-10-03 00:00:00,,1273642.51,
2026-10-03 01:00:00,,1282213.46,
2026-10-03 02:00:00,,1276571.06,
2026-10-03 03:00:00,,1280070.96,
2026-10-03 04:00:00,,1262126.65,
2026-10-03 05:00:00,,1263544.74,
2026-10-03 06:00:00,,1273706.46,
2026-10-03 07:00:00,,1269022.06,
2026-10-03 08:00:00,,1252021.51,
2026-10-03 09:00:00,,1250275.15,
2026-10-03 10:00:00,,1266415.36,
2026-10-03 11:00:00,,1283374.85,
2026-10-03 12:00:00,,1281970.03,
2026-10-03 13:00:00,,1275382.58,
2026-10-03 14:00:00,,1279035.24,
2026-10-03 15:00:00,,1278442.66,
2026-10-03 16:00:00,,1273415.12,
2026-10-03 17:00:00,,1308484.02,
2026-10-03 18:00:00,,1319700.25,
2026-10-03 19:00:00,,1313961.23,
2026-10-03 20:00:00,,1319615.77,
2026-10-03 21:00:00,,1344242.49,
2026-10-03 22:00:00,,1339432.43,
2026-10-03 23:00:00,,1342304.86,
2026-10-04 00:00:00,,1349937.97,
2026-10-04 01:00:00,,1358500.52,
2026-10-04 02:00:00,,1346833.64,
2026-10-04 03:00:00,,1361324.30,
2026-10-04 04:00:00,,1367786.24,
2026-10-04 05:00:00,,1408835.97,
2026-10-04 06:00:00,,1412692.24,
2026-10-04 07:00:00,,1408989.76,
2026-10-04 08:00:00,,1453189.51,
2026-10-04 09:00:00,,1448473.15,
2026-10-04 10:00:00,,1451291.49,
