time,oi_A,oi_6,oi_3
2026-04-25 12:00:00,1468828.12,,686450.64
2026-04-25 13:00:00,1437378.13,,691025.53
2026-04-25 14:00:00,1435274.37,,700307.52
2026-04-25 15:00:00,1432082.51,,686369.15
2026-04-25 16:00:00,1427912.34,,684990.45
2026-04-25 17:00:00,1404385.07,,678593.31
2026-04-25 18:00:00,1398118.39,,678060.70
2026-04-25 19:00:00,1396711.44,,675339.85
2026-04-25 20:00:00,1388468.03,,673662.72
2026-04-25 21:00:00,1391839.61,,674551.08
2026-04-25 22:00:00,1389469.61,,674398.78
2026-04-25 23:00:00,1388730.11,,674034.62
2026-04-26 00:00:00,1388409.08,,675400.12
2026-04-26 01:00:00,1376859.31,,670697.29
2026-04-26 02:00:00,1369455.92,,667678.39
2026-04-26 03:00:00,1386834.38,,671102.72
2026-04-26 04:00:00,1381907.36,,672274.37
2026-04-26 05:00:00,1387779.29,,674147.26
2026-04-26 06:00:00,1380196.43,,674319.67
2026-04-26 07:00:00,1375402.79,,676424.15
2026-04-26 08:00:00,1380417.22,,678081.22
2026-04-26 09:00:00,1383055.49,,678048.14
2026-04-26 10:00:00,1405545.87,,698530.71
2026-04-26 11:00:00,1398088.24,,699620.66
2026-04-26 12:00:00,1427714.55,,710430.07
2026-04-26 13:00:00,1405302.94,,682780.71
2026-04-26 14:00:00,1399680.82,,682575.22
2026-04-26 15:00:00,1414402.71,,699446.14
2026-04-26 16:00:00,1425830.50,,694882.23
2026-04-26 17:00:00,1417251.47,,694687.39
2026-04-26 18:00:00,1420566.96,,693982.24
2026-04-26 19:00:00,1421685.44,,690642.72
2026-04-26 20:00:00,1422492.16,,691637.71
2026-04-26 21:00:00,1418739.05,,691721.32
2026-04-26 22:00:00,1415358.93,,689550.58
2026-04-26 23:00:00,1403056.90,,686576.43
2026-04-27 00:00:00,1406292.94,,689695.95
2026-04-27 01:00:00,1419247.48,,700518.79
2026-04-27 02:00:00,1483936.19,,719324.61
2026-04-27 03:00:00,1534971.96,,731975.45
2026-04-27 04:00:00,1516151.96,,712690.96
2026-04-27 05:00:00,1501602.73,,715880.25
2026-04-27 06:00:00,1411855.43,,707686.07
2026-04-27 07:00:00,1382674.12,,697664.00
2026-04-27 08:00:00,1370485.69,,693505.94
2026-04-27 09:00:00,1382993.91,,692015.68
2026-04-27 10:00:00,1378099.14,,690054.81
2026-04-27 11:00:00,1369133.52,,687692.80
2026-04-27 12:00:00,1369107.98,,689362.11
2026-04-27 13:00:00,1366255.99,,684769.18
2026-04-27 14:00:00,1359265.26,,680311.32
2026-04-27 15:00:00,1368529.45,,682234.38
2026-04-27 16:00:00,1311014.96,,671031.80
2026-04-27 17:00:00,1312742.09,,674667.85
2026-04-27 18:00:00,1324416.49,,681802.01
2026-04-27 19:00:00,1321802.32,,680849.38
2026-04-27 20:00:00,1326129.16,,677685.20
2026-04-27 21:00:00,1332044.47,,676209.96
2026-04-27 22:00:00,1327310.75,,679704.89
2026-04-27 23:00:00,1343313.15,,684420.35
2026-04-28 00:00:00,1398099.95,,697519.36
2026-04-28 01:00:00,1389802.97,,691627.20
2026-04-28 02:00:00,1382442.25,,681658.78
2026-04-28 03:00:00,1377529.45,,680253.41
2026-04-28 04:00:00,1384671.86,,680440.12
2026-04-28 05:00:00,1391601.59,,691782.16
2026-04-28 06:00:00,1399107.69,,692725.98
2026-04-28 07:00:00,1399220.27,,676413.15
2026-04-28 08:00:00,1393237.28,,673812.03
2026-04-28 09:00:00,1398679.96,,673770.59
2026-04-28 10:00:00,1400586.26,,670788.39
2026-04-28 11:00:00,1402639.95,,675103.79
2026-04-28 12:00:00,1350530.92,,671799.19
2026-04-28 13:00:00,1363175.51,,689526.86
2026-04-28 14:00:00,1363769.99,,690227.45
2026-04-28 15:00:00,1364463.37,,692103.05
2026-04-28 16:00:00,1378387.63,,689797.63
2026-04-28 17:00:00,1371294.31,,671629.10
2026-04-28 18:00:00,1368248.88,,669537.10
2026-04-28 19:00:00,1384055.84,,672735.75
2026-04-28 20:00:00,1381828.79,,675526.00
2026-04-28 21:00:00,1378992.24,,674896.68
2026-04-28 22:00:00,1376033.23,,672022.84
2026-04-28 23:00:00,1378051.37,,668750.69
2026-04-29 00:00:00,1374642.85,,664660.39
2026-04-29 01:00:00,1375069.16,,665009.64
2026-04-29 02:00:00,1376841.70,,667219.28
2026-04-29 03:00:00,1379098.35,,665070.75
2026-04-29 04:00:00,1419407.58,,666222.06
2026-04-29 05:00:00,1467697.49,,684971.85
2026-04-29 06:00:00,1461832.41,,682553.60
2026-04-29 07:00:00,1443621.75,,674454.84
2026-04-29 08:00:00,1446634.29,,677074.14
2026-04-29 09:00:00,1435196.81,,675190.27
2026-04-29 10:00:00,1498590.67,,690692.55
2026-04-29 11:00:00,1468450.40,,682882.20
2026-04-29 12:00:00,1449900.61,,676486.64
2026-04-29 13:00:00,1381516.34,,663438.79
2026-04-29 14:00:00,1352661.88,,666415.32
2026-04-29 15:00:00,1351801.79,,657011.40
2026-04-29 16:00:00,1317581.72,,651246.36
2026-04-29 17:00:00,1304905.63,,648615.44
2026-04-29 18:00:00,1317999.91,,650994.78
2026-04-29 19:00:00,1278585.88,,634661.30
2026-04-29 20:00:00,1277598.59,,640652.12
2026-04-29 21:00:00,1290188.10,,639562.96
2026-04-29 22:00:00,1303398.03,,640621.60
2026-04-29 23:00:00,1302046.69,,639303.12
2026-04-30 00:00:00,1306086.20,,639151.88
2026-04-30 01:00:00,1345328.69,,658179.48
2026-04-30 02:00:00,1340839.19,,656221.94
2026-04-30 03:00:00,1315446.12,,636340.20
2026-04-30 04:00:00,1323287.10,,642509.22
2026-04-30 05:00:00,1303190.70,,629647.50
2026-04-30 06:00:00,1314729.37,,627150.52
2026-04-30 07:00:00,1321239.04,,627690.38
2026-04-30 08:00:00,1344951.73,,632959.90
2026-04-30 09:00:00,1332954.35,,633038.99
2026-04-30 10:00:00,1337239.16,,634254.99
2026-04-30 11:00:00,1327327.10,,629928.54
2026-04-30 12:00:00,1327979.79,,630449.98
2026-04-30 13:00:00,1305394.86,,628802.15
2026-04-30 14:00:00,1282635.26,,638075.74
2026-04-30 15:00:00,1288183.23,,641592.15
2026-04-30 16:00:00,1291143.14,,646417.62
2026-04-30 17:00:00,1292305.75,,647244.35
2026-04-30 18:00:00,1290540.58,,647382.16
2026-04-30 19:00:00,1293124.52,,646668.12
2026-04-30 20:00:00,1286052.11,,643217.47
2026-04-30 21:00:00,1279585.39,,645885.82
2026-04-30 22:00:00,1273225.39,,639287.13
2026-04-30 23:00:00,1266521.52,,637533.30
2026-05-01 00:00:00,1274765.97,,642522.57
2026-05-01 01:00:00,1279727.01,,643918.01
2026-05-01 02:00:00,1291159.06,,649399.39
2026-05-01 03:00:00,1284941.53,,643805.15
2026-05-01 04:00:00,1281501.33,,642330.35
2026-05-01 05:00:00,1268885.01,,636001.77
2026-05-01 06:00:00,1262405.59,,635502.35
2026-05-01 07:00:00,1254831.89,,630222.64
2026-05-01 08:00:00,1254608.93,,627639.73
2026-05-01 09:00:00,1267449.73,,631025.90
2026-05-01 10:00:00,1256266.27,,628628.42
2026-05-01 11:00:00,1258787.45,,629245.03
2026-05-01 12:00:00,1259602.78,,637388.08
2026-05-01 13:00:00,1265079.77,,636070.42
2026-05-01 14:00:00,1286010.53,,650365.33
2026-05-01 15:00:00,1284873.17,,642610.05
2026-05-01 16:00:00,1294657.42,,641015.16
2026-05-01 17:00:00,1291179.49,,637198.47
2026-05-01 18:00:00,1294831.07,,636431.21
2026-05-01 19:00:00,1297497.18,,639915.39
2026-05-01 20:00:00,1291786.46,,638304.53
2026-05-01 21:00:00,1279029.82,,635572.15
2026-05-01 22:00:00,1286838.63,,632954.82
2026-05-01 23:00:00,1282746.55,,633551.52
2026-05-02 00:00:00,1284270.16,,635558.03
2026-05-02 01:00:00,1289147.42,,637291.35
2026-05-02 02:00:00,1289823.85,,634299.09
2026-05-02 03:00:00,1282408.04,,632754.89
2026-05-02 04:00:00,1279215.86,,636236.96
2026-05-02 05:00:00,1269605.14,,628403.93
2026-05-02 06:00:00,1269603.80,,631364.57
2026-05-02 07:00:00,1278044.17,,638950.40
2026-05-02 08:00:00,1269968.83,,636569.10
2026-05-02 09:00:00,1267451.92,,636428.66
2026-05-02 10:00:00,1278201.39,,638362.13
2026-05-02 11:00:00,1273784.53,,639851.63
2026-05-02 12:00:00,1262679.84,,638506.27
2026-05-02 13:00:00,1267369.60,,639361.44
2026-05-02 14:00:00,1273847.24,,645225.30
2026-05-02 15:00:00,1294951.18,,657048.44
2026-05-02 16:00:00,1289267.67,,650882.06
2026-05-02 17:00:00,1288498.97,,650751.83
2026-05-02 18:00:00,1282842.09,,650975.13
2026-05-02 19:00:00,1286699.07,,653821.51
2026-05-02 20:00:00,1296409.08,,654490.02
2026-05-02 21:00:00,1290018.41,,653313.02
2026-05-02 22:00:00,1298747.91,,661387.20
2026-05-02 23:00:00,1298014.21,,657308.54
2026-05-03 00:00:00,1288805.21,,652332.74
2026-05-03 01:00:00,1282693.71,,635468.69
2026-05-03 02:00:00,1270782.04,,630103.28
2026-05-03 03:00:00,1260046.31,,627986.68
2026-05-03 04:00:00,1262200.25,,627581.97
2026-05-03 05:00:00,1261425.66,,627859.53
2026-05-03 06:00:00,1257537.10,,629637.26
2026-05-03 07:00:00,1259433.64,,632122.90
2026-05-03 08:00:00,1263047.81,,634308.01
2026-05-03 09:00:00,1258687.81,,632800.21
2026-05-03 10:00:00,1263354.30,,637848.46
2026-05-03 11:00:00,1261919.53,,637224.47
2026-05-03 12:00:00,1271843.06,,644630.83
2026-05-03 13:00:00,1272180.96,,646336.61
2026-05-03 14:00:00,1264468.69,,642466.61
2026-05-03 15:00:00,1281950.16,,649491.98
2026-05-03 16:00:00,1279594.31,,643473.12
2026-05-03 17:00:00,1277326.03,,642105.85
2026-05-03 18:00:00,1276938.15,,642716.01
2026-05-03 19:00:00,1274785.51,,642022.38
2026-05-03 20:00:00,1280033.55,,643670.62
2026-05-03 21:00:00,1273146.74,,644599.10
2026-05-03 22:00:00,1265383.63,,647280.53
2026-05-03 23:00:00,1278549.68,,652284.05
2026-05-04 00:00:00,1257051.46,,638249.19
2026-05-04 01:00:00,1258094.29,,639950.54
2026-05-04 02:00:00,1299975.39,,650690.06
2026-05-04 03:00:00,1347091.50,,672823.08
2026-05-04 04:00:00,1352269.68,,675857.61
2026-05-04 05:00:00,1358287.02,,678167.91
2026-05-04 06:00:00,1353417.09,,681335.60
2026-05-04 07:00:00,1348565.22,,676053.88
2026-05-04 08:00:00,1348312.07,,674738.58
2026-05-04 09:00:00,1343676.73,,672904.91
2026-05-04 10:00:00,1367949.82,,683506.71
2026-05-04 11:00:00,1333375.13,,658647.55
2026-05-04 12:00:00,1341816.80,,660250.55
2026-05-04 13:00:00,1342556.74,,660620.33
2026-05-04 14:00:00,1368890.22,,675522.37
2026-05-04 15:00:00,1369740.43,,687783.64
2026-05-04 16:00:00,1356785.08,,676732.43
2026-05-04 17:00:00,1361260.82,,675456.99
2026-05-04 18:00:00,1372658.15,,677911.30
2026-05-04 19:00:00,1367117.30,,675832.00
2026-05-04 20:00:00,1351800.33,,672355.65
2026-05-04 21:00:00,1348757.33,,671080.36
2026-05-04 22:00:00,1364675.38,,673760.66
2026-05-04 23:00:00,1364485.59,,670504.81
2026-05-05 00:00:00,1361807.27,,670415.18
2026-05-05 01:00:00,1368391.99,,673958.56
2026-05-05 02:00:00,1414119.05,,679613.55
2026-05-05 03:00:00,1442267.57,,683791.01
2026-05-05 04:00:00,1451504.32,,685588.97
2026-05-05 05:00:00,1480786.76,,690943.46
2026-05-05 06:00:00,1508300.53,,692565.10
2026-05-05 07:00:00,1514677.76,,696268.79
2026-05-05 08:00:00,1531466.77,,695865.08
2026-05-05 09:00:00,1523617.57,,705249.20
2026-05-05 10:00:00,1530885.98,,705629.27
2026-05-05 11:00:00,1547875.01,,714960.55
2026-05-05 12:00:00,1532685.02,,699724.60
2026-05-05 13:00:00,1535935.02,,701022.78
2026-05-05 14:00:00,1534362.98,,695373.10
2026-05-05 15:00:00,1518220.14,,689222.72
2026-05-05 16:00:00,1516465.50,,694516.96
2026-05-05 17:00:00,1522997.92,,691791.01
2026-05-05 18:00:00,1525062.73,,694623.18
2026-05-05 19:00:00,1527853.69,,698772.18
2026-05-05 20:00:00,1517820.59,,698741.94
2026-05-05 21:00:00,1528924.10,,705765.90
2026-05-05 22:00:00,1519433.67,,701387.10
2026-05-05 23:00:00,1523360.85,,704282.49
2026-05-06 00:00:00,1521263.02,,703513.85
2026-05-06 01:00:00,1522534.00,,704481.99
2026-05-06 02:00:00,1547986.93,,713305.53
2026-05-06 03:00:00,1535104.70,,709978.43
2026-05-06 04:00:00,1548910.13,,714728.62
2026-05-06 05:00:00,1538521.28,,705034.27
2026-05-06 06:00:00,1678922.78,,739248.50
2026-05-06 07:00:00,1705502.92,,760975.64
2026-05-06 08:00:00,1679702.43,,758076.83
2026-05-06 09:00:00,1707349.35,,762558.76
2026-05-06 10:00:00,1706954.07,,771946.00
2026-05-06 11:00:00,1686580.14,,763406.42
2026-05-06 12:00:00,1685086.85,,754996.81
2026-05-06 13:00:00,1660724.81,,756115.99
2026-05-06 14:00:00,1598171.60,,738766.29
2026-05-06 15:00:00,1562044.62,,730052.90
2026-05-06 16:00:00,1568044.37,,740243.48
2026-05-06 17:00:00,1571804.19,,752229.22
2026-05-06 18:00:00,1561012.66,,747628.63
2026-05-06 19:00:00,1564804.13,,750602.76
2026-05-06 20:00:00,1574698.59,,750343.11
2026-05-06 21:00:00,1585826.08,,748461.29
2026-05-06 22:00:00,1603148.37,,756951.64
2026-05-06 23:00:00,1580241.26,,747824.25
2026-05-07 00:00:00,1580071.82,,744887.95
2026-05-07 01:00:00,1562833.88,,720846.53
2026-05-07 02:00:00,1563235.70,,712341.28
2026-05-07 03:00:00,1566420.38,,713917.48
2026-05-07 04:00:00,1560111.34,,711526.76
2026-05-07 05:00:00,1592505.65,,716971.51
2026-05-07 06:00:00,1612715.29,,726464.22
2026-05-07 07:00:00,1635243.59,,751717.33
2026-05-07 08:00:00,1671785.45,,760178.51
2026-05-07 09:00:00,1677307.42,,754802.66
2026-05-07 10:00:00,1666212.45,,744928.16
2026-05-07 11:00:00,1665904.87,,742202.57
2026-05-07 12:00:00,1670522.30,,745998.49
2026-05-07 13:00:00,1709779.81,,768975.89
2026-05-07 14:00:00,1687340.04,,751087.88
2026-05-07 15:00:00,1671068.47,,750388.08
2026-05-07 16:00:00,1638246.15,,749297.65
2026-05-07 17:00:00,1647795.79,,760181.37
2026-05-07 18:00:00,1664754.47,,763878.93
2026-05-07 19:00:00,1668272.49,,763313.08
2026-05-07 20:00:00,1674251.10,,768086.48
2026-05-07 21:00:00,1663307.24,,764313.86
2026-05-07 22:00:00,1654749.40,,765654.81
2026-05-07 23:00:00,1625799.13,,760064.54
2026-05-08 00:00:00,1636885.43,,763997.62
2026-05-08 01:00:00,1644780.28,,758900.65
2026-05-08 02:00:00,1634555.46,,757264.60
2026-05-08 03:00:00,1600265.76,,760462.26
2026-05-08 04:00:00,1613620.75,,762328.57
2026-05-08 05:00:00,1619039.63,,762231.52
2026-05-08 06:00:00,1616842.23,,757781.74
2026-05-08 07:00:00,1610041.44,,752992.29
2026-05-08 08:00:00,1614724.02,,750053.41
2026-05-08 09:00:00,1630156.26,,764721.61
2026-05-08 10:00:00,1639322.62,,761646.06
2026-05-08 11:00:00,1650386.59,,749967.02
2026-05-08 12:00:00,1653695.74,,753661.98
2026-05-08 13:00:00,1646425.64,,748462.85
2026-05-08 14:00:00,1634761.17,,746279.97
2026-05-08 15:00:00,1652190.07,,757587.21
2026-05-08 16:00:00,1677605.30,,769956.99
2026-05-08 17:00:00,1696239.75,,766866.95
2026-05-08 18:00:00,1755179.46,,777525.34
2026-05-08 19:00:00,1785814.65,,794744.75
2026-05-08 20:00:00,1818966.45,,784689.27
2026-05-08 21:00:00,1914322.60,,809945.66
2026-05-08 22:00:00,1885238.59,,824498.47
2026-05-08 23:00:00,1857278.01,,818463.70
2026-05-09 00:00:00,1872165.21,,821408.61
2026-05-09 01:00:00,1890280.11,,832969.12
2026-05-09 02:00:00,1884688.56,,835036.68
2026-05-09 03:00:00,1884992.76,,859324.24
2026-05-09 04:00:00,1885611.86,,853773.67
2026-05-09 05:00:00,1883250.23,,801537.81
2026-05-09 06:00:00,1900954.90,,799709.94
2026-05-09 07:00:00,1861535.69,,788772.68
2026-05-09 08:00:00,1858096.57,,790707.33
2026-05-09 09:00:00,1868140.80,,793340.77
2026-05-09 10:00:00,1852652.94,,780408.56
2026-05-09 11:00:00,1857983.94,,800227.03
2026-05-09 12:00:00,1854028.28,,796298.48
2026-05-09 13:00:00,1843891.68,,793654.25
2026-05-09 14:00:00,1836541.57,,871288.77
2026-05-09 15:00:00,1810485.41,,864048.38
2026-05-09 16:00:00,1803883.53,,858653.01
2026-05-09 17:00:00,1811183.95,,862936.76
2026-05-09 18:00:00,1856284.54,,786014.85
2026-05-09 19:00:00,1856727.63,,787934.75
2026-05-09 20:00:00,1855458.32,,783285.07
2026-05-09 21:00:00,1851140.92,,782539.00
2026-05-09 22:00:00,1844434.56,,775834.53
2026-05-09 23:00:00,1841949.25,,771884.46
2026-05-10 00:00:00,1889960.15,,821498.51
2026-05-10 01:00:00,1865501.89,,806823.94
2026-05-10 02:00:00,1930852.60,,844895.71
2026-05-10 03:00:00,1973088.66,,881069.88
2026-05-10 04:00:00,1944526.79,,869771.76
2026-05-10 05:00:00,1883017.83,,840277.71
2026-05-10 06:00:00,1879755.13,,841910.70
2026-05-10 07:00:00,1892459.45,,856181.45
2026-05-10 08:00:00,1899292.84,,855225.89
2026-05-10 09:00:00,1927481.17,,861673.18
2026-05-10 10:00:00,1905962.89,,858264.83
2026-05-10 11:00:00,1899863.80,,850649.07
2026-05-10 12:00:00,1864340.52,,837204.21
2026-05-10 13:00:00,1837865.17,,848672.71
2026-05-10 14:00:00,1858199.84,,849835.92
2026-05-10 15:00:00,1855102.51,,848819.34
2026-05-10 16:00:00,1897978.33,,856843.80
2026-05-10 17:00:00,1901403.85,,863640.71
2026-05-10 18:00:00,1918685.55,,877735.32
2026-05-10 19:00:00,1937778.05,,893004.75
2026-05-10 20:00:00,1905857.77,,870045.52
2026-05-10 21:00:00,1790791.97,,831246.79
2026-05-10 22:00:00,1817814.84,,850762.49
2026-05-10 23:00:00,1863147.19,,865576.47
2026-05-11 00:00:00,1835158.08,,859719.14
2026-05-11 01:00:00,1787591.89,,809816.88
2026-05-11 02:00:00,1782290.76,,810927.99
2026-05-11 03:00:00,1751598.10,,803859.05
2026-05-11 04:00:00,1718118.88,,829745.54
2026-05-11 05:00:00,1718941.00,,830704.32
2026-05-11 06:00:00,1726927.26,,832177.23
2026-05-11 07:00:00,1723745.45,,827288.53
2026-05-11 08:00:00,1703002.14,,821406.16
2026-05-11 09:00:00,1710103.74,,823526.80
2026-05-11 10:00:00,1717816.16,,826164.61
2026-05-11 11:00:00,1703900.12,,812104.99
2026-05-11 12:00:00,1704034.74,,817016.92
2026-05-11 13:00:00,1682485.22,,810411.30
2026-05-11 14:00:00,1695112.56,,808966.86
2026-05-11 15:00:00,1683653.30,,811198.32
2026-05-11 16:00:00,1694527.55,,815552.33
2026-05-11 17:00:00,1697892.21,,817208.40
2026-05-11 18:00:00,1712631.82,,827391.94
2026-05-11 19:00:00,1701589.86,,829565.39
2026-05-11 20:00:00,1729215.25,,845783.93
2026-05-11 21:00:00,1722635.95,,829653.51
2026-05-11 22:00:00,1727770.35,,821216.35
2026-05-11 23:00:00,1722888.60,,818164.42
2026-05-12 00:00:00,1711278.65,,812627.05
2026-05-12 01:00:00,1707512.07,,809088.73
2026-05-12 02:00:00,1672859.81,,801970.04
2026-05-12 03:00:00,1677720.05,,808631.16
2026-05-12 04:00:00,1659127.73,,803632.58
2026-05-12 05:00:00,1663115.62,,800076.23
2026-05-12 06:00:00,1659472.59,,802863.19
2026-05-12 07:00:00,1670683.02,,801247.87
2026-05-12 08:00:00,1667422.61,,799914.06
2026-05-12 09:00:00,1662514.85,,800967.56
2026-05-12 10:00:00,1677898.51,,807542.81
2026-05-12 11:00:00,1670259.14,,791991.51
2026-05-12 12:00:00,1664344.91,,799642.70
2026-05-12 13:00:00,1691869.13,,795820.92
2026-05-12 14:00:00,1642672.10,,784302.54
2026-05-12 15:00:00,1603051.51,,754750.94
2026-05-12 16:00:00,1579774.94,,752778.38
2026-05-12 17:00:00,1578085.24,,750413.63
2026-05-12 18:00:00,1608614.93,,755573.32
2026-05-12 19:00:00,1604474.75,,766830.44
2026-05-12 20:00:00,1606543.89,,763079.36
2026-05-12 21:00:00,1619758.66,,759892.76
2026-05-12 22:00:00,1627577.61,,749046.42
2026-05-12 23:00:00,1660390.68,,758506.11
2026-05-13 00:00:00,1640079.55,,753888.28
2026-05-13 01:00:00,1655168.51,,756767.58
2026-05-13 02:00:00,1679512.93,,771979.20
2026-05-13 03:00:00,1698446.44,,780360.30
2026-05-13 04:00:00,1700957.07,,779273.16
2026-05-13 05:00:00,1702409.56,,778684.65
2026-05-13 06:00:00,1695412.71,,767154.44
2026-05-13 07:00:00,1691742.16,,764958.10
2026-05-13 08:00:00,1704472.18,,765571.80
2026-05-13 09:00:00,1748161.58,,781079.02
2026-05-13 10:00:00,1784531.85,,791595.27
2026-05-13 11:00:00,1743024.18,,778944.42
2026-05-13 12:00:00,1717378.10,,764556.83
2026-05-13 13:00:00,1623536.56,,734659.88
2026-05-13 14:00:00,1572381.59,,715957.28
2026-05-13 15:00:00,1573883.27,,719879.78
2026-05-13 16:00:00,1500742.15,,698954.24
2026-05-13 17:00:00,1504302.50,,710384.69
2026-05-13 18:00:00,1508807.91,,709357.60
2026-05-13 19:00:00,1518756.34,,706368.18
2026-05-13 20:00:00,1508925.30,,694634.98
2026-05-13 21:00:00,1531600.28,,698683.33
2026-05-13 22:00:00,1506902.60,,694049.64
2026-05-13 23:00:00,1515706.87,,694289.35
2026-05-14 00:00:00,1514591.63,,696161.76
2026-05-14 01:00:00,1525069.37,,690155.59
2026-05-14 02:00:00,1518441.57,,690141.20
2026-05-14 03:00:00,1511291.91,,678719.90
2026-05-14 04:00:00,1472023.82,,666934.51
2026-05-14 05:00:00,1493477.72,,673963.72
2026-05-14 06:00:00,1511246.50,,682365.24
2026-05-14 07:00:00,1499974.27,,675318.95
2026-05-14 08:00:00,1488378.07,,673930.75
2026-05-14 09:00:00,1496858.19,,661531.27
2026-05-14 10:00:00,1495089.19,,664100.58
2026-05-14 11:00:00,1499724.96,,666633.18
2026-05-14 12:00:00,1484483.49,,661662.51
2026-05-14 13:00:00,1506776.40,,665712.76
2026-05-14 14:00:00,1505041.23,,671431.45
2026-05-14 15:00:00,1550421.53,,694882.73
2026-05-14 16:00:00,1556458.33,,698667.63
2026-05-14 17:00:00,1589192.98,,704608.99
2026-05-14 18:00:00,1594972.94,,705746.95
2026-05-14 19:00:00,1616470.60,,717659.70
2026-05-14 20:00:00,1605181.19,,713337.67
2026-05-14 21:00:00,1615362.37,,714045.43
2026-05-14 22:00:00,1609051.11,,707999.59
2026-05-14 23:00:00,1602184.32,,705427.76
2026-05-15 00:00:00,1575713.75,,696977.17
2026-05-15 01:00:00,1584624.97,,704243.91
2026-05-15 02:00:00,1563259.81,,694932.05
2026-05-15 03:00:00,1577289.28,,698822.68
2026-05-15 04:00:00,1560079.56,,694667.71
2026-05-15 05:00:00,1554317.09,,688239.10
2026-05-15 06:00:00,1527525.10,,682504.70
2026-05-15 07:00:00,1542410.46,,671578.24
2026-05-15 08:00:00,1537817.92,,683103.83
2026-05-15 09:00:00,1501885.12,,671718.14
2026-05-15 10:00:00,1489990.92,,669894.07
2026-05-15 11:00:00,1478360.57,,683344.27
2026-05-15 12:00:00,1446359.99,,677110.99
2026-05-15 13:00:00,1437471.87,,671494.56
2026-05-15 14:00:00,1354574.98,,640559.76
2026-05-15 15:00:00,1341186.65,,655278.50
2026-05-15 16:00:00,1341785.84,,651833.16
2026-05-15 17:00:00,1355957.05,,653858.57
2026-05-15 18:00:00,1350023.49,,653339.20
2026-05-15 19:00:00,1337830.26,,654382.83
2026-05-15 20:00:00,1327060.30,,655663.77
2026-05-15 21:00:00,1328397.37,,651431.54
2026-05-15 22:00:00,1318514.30,,647088.85
2026-05-15 23:00:00,1316730.20,,650202.33
2026-05-16 00:00:00,1309988.97,,647714.93
2026-05-16 01:00:00,1312137.35,,648958.79
2026-05-16 02:00:00,1315800.95,,649526.26
2026-05-16 03:00:00,1313826.12,,645373.69
2026-05-16 04:00:00,1306798.68,,643671.60
2026-05-16 05:00:00,1301119.06,,658549.99
2026-05-16 06:00:00,1310463.23,,655601.36
2026-05-16 07:00:00,1277377.88,,625343.66
2026-05-16 08:00:00,1258693.77,,613567.54
2026-05-16 09:00:00,1259948.25,,608839.69
2026-05-16 10:00:00,1240976.49,,604378.05
2026-05-16 11:00:00,1243644.56,,595957.59
2026-05-16 12:00:00,1264953.01,,599658.58
2026-05-16 13:00:00,1271182.59,,594521.10
2026-05-16 14:00:00,1274878.05,,590645.78
2026-05-16 15:00:00,1284126.35,,589932.14
2026-05-16 16:00:00,1298935.91,,601770.73
2026-05-16 17:00:00,1307457.24,,605988.62
2026-05-16 18:00:00,1311636.29,,610576.27
2026-05-16 19:00:00,1308610.83,,607303.49
2026-05-16 20:00:00,1307288.53,,609246.81
2026-05-16 21:00:00,1308143.58,,606928.06
2026-05-16 22:00:00,1309841.67,,605796.40
2026-05-16 23:00:00,1303736.17,,595405.22
2026-05-17 00:00:00,1304872.63,,594312.64
2026-05-17 01:00:00,1296952.08,,589188.86
2026-05-17 02:00:00,1286904.42,,587088.25
2026-05-17 03:00:00,1294396.78,,588527.98
2026-05-17 04:00:00,1307051.71,,593559.68
2026-05-17 05:00:00,1311268.52,,599617.62
2026-05-17 06:00:00,1307897.00,,604614.78
2026-05-17 07:00:00,1304392.51,,602872.60
2026-05-17 08:00:00,1314144.37,,606520.03
2026-05-17 09:00:00,1316416.73,,615115.42
2026-05-17 10:00:00,1324340.05,,615861.97
2026-05-17 11:00:00,1319821.11,,608197.27
2026-05-17 12:00:00,1316442.55,,602677.96
2026-05-17 13:00:00,1333317.85,,600544.16
2026-05-17 14:00:00,1323577.47,,592676.69
2026-05-17 15:00:00,1336828.88,,585362.90
2026-05-17 16:00:00,1335867.53,,586643.65
2026-05-17 17:00:00,1338280.21,,582421.11
2026-05-17 18:00:00,1342070.94,,582999.23
2026-05-17 19:00:00,1346647.61,,582706.13
2026-05-17 20:00:00,1345362.24,,581013.34
2026-05-17 21:00:00,1335296.55,,577547.68
2026-05-17 22:00:00,1342551.67,,583153.17
2026-05-17 23:00:00,1320556.75,,572276.01
2026-05-18 00:00:00,1270995.08,,545855.21
2026-05-18 01:00:00,1273022.11,,550664.93
2026-05-18 02:00:00,1281332.53,,552563.69
2026-05-18 03:00:00,1288522.42,,547597.99
2026-05-18 04:00:00,1282275.83,,547644.81
2026-05-18 05:00:00,1287004.71,,552551.78
2026-05-18 06:00:00,1275086.32,,547654.31
2026-05-18 07:00:00,1272673.59,,544101.01
2026-05-18 08:00:00,1266577.44,,542479.08
2026-05-18 09:00:00,1269702.94,,544739.58
2026-05-18 10:00:00,1256080.69,,537373.13
2026-05-18 11:00:00,1254088.14,,532998.69
2026-05-18 12:00:00,1267196.04,,537184.11
2026-05-18 13:00:00,1294479.17,,533477.29
2026-05-18 14:00:00,1276414.67,,531548.38
2026-05-18 15:00:00,1248784.56,,531499.29
2026-05-18 16:00:00,1248528.88,,530374.76
2026-05-18 17:00:00,1250098.46,,528366.24
2026-05-18 18:00:00,1251745.51,,529325.38
2026-05-18 19:00:00,1236574.27,,523920.65
2026-05-18 20:00:00,1289602.25,,543568.69
2026-05-18 21:00:00,1298414.54,,536506.13
2026-05-18 22:00:00,1329958.72,,546878.61
2026-05-18 23:00:00,1329590.48,,542558.75
2026-05-19 00:00:00,1321871.09,,541300.07
2026-05-19 01:00:00,1330962.59,,541667.02
2026-05-19 02:00:00,1322448.25,,537349.87
2026-05-19 03:00:00,1325948.80,,536869.20
2026-05-19 04:00:00,1335053.33,,540237.00
2026-05-19 05:00:00,1342554.68,,540952.80
2026-05-19 06:00:00,1346156.50,,527632.31
2026-05-19 07:00:00,1351055.59,,529647.23
2026-05-19 08:00:00,1360351.46,,529679.96
2026-05-19 09:00:00,1350616.54,,526589.99
2026-05-19 10:00:00,1351788.37,,526661.21
2026-05-19 11:00:00,1346955.32,,521646.40
2026-05-19 12:00:00,1339998.40,,521557.71
2026-05-19 13:00:00,1347772.87,,521115.50
2026-05-19 14:00:00,1356012.97,,520510.93
2026-05-19 15:00:00,1339091.98,,509210.35
2026-05-19 16:00:00,1338946.46,,507618.10
2026-05-19 17:00:00,1352590.26,,511394.11
2026-05-19 18:00:00,1346393.22,,510440.11
2026-05-19 19:00:00,1339166.61,,507324.95
2026-05-19 20:00:00,1331907.13,,504989.04
2026-05-19 21:00:00,1339970.77,,507167.24
2026-05-19 22:00:00,1343768.22,,504844.76
2026-05-19 23:00:00,1328010.17,,499100.49
2026-05-20 00:00:00,1333459.42,,500192.57
2026-05-20 01:00:00,1334142.39,,499877.90
2026-05-20 02:00:00,1341595.07,,500211.52
2026-05-20 03:00:00,1340021.98,,498004.41
2026-05-20 04:00:00,1341769.12,,510094.31
2026-05-20 05:00:00,1341246.17,,512095.35
2026-05-20 06:00:00,1343166.24,,508368.82
2026-05-20 07:00:00,1336974.13,,508948.99
2026-05-20 08:00:00,1333902.92,,505426.84
2026-05-20 09:00:00,1331872.20,,506164.58
2026-05-20 10:00:00,1328037.12,,508213.22
2026-05-20 11:00:00,1326030.40,,506651.45
2026-05-20 12:00:00,1315229.03,,503754.08
2026-05-20 13:00:00,1331668.35,,504380.90
2026-05-20 14:00:00,1317040.03,,500333.35
2026-05-20 15:00:00,1337987.41,,518902.06
2026-05-20 16:00:00,1340761.59,,516975.76
2026-05-20 17:00:00,1335147.53,,515720.01
2026-05-20 18:00:00,1344063.06,,521578.21
2026-05-20 19:00:00,1327183.60,,517198.60
2026-05-20 20:00:00,1341452.90,,522289.88
2026-05-20 21:00:00,1335913.22,,515794.66
2026-05-20 22:00:00,1328000.60,,516191.48
2026-05-20 23:00:00,1328368.66,,515397.76
2026-05-21 00:00:00,1327867.63,,515451.65
2026-05-21 01:00:00,1346687.34,,521192.16
2026-05-21 02:00:00,1343633.02,,519467.28
2026-05-21 03:00:00,1341125.05,,519621.95
2026-05-21 04:00:00,1343972.16,,521826.78
2026-05-21 05:00:00,1347399.37,,526493.70
2026-05-21 06:00:00,1326924.05,,522114.80
2026-05-21 07:00:00,1319324.72,,520816.39
2026-05-21 08:00:00,1325950.01,,524746.08
2026-05-21 09:00:00,1411224.71,,539425.58
2026-05-21 10:00:00,1381095.20,,534156.99
2026-05-21 11:00:00,1367964.87,,528138.46
2026-05-21 12:00:00,1366444.95,,527213.30
2026-05-21 13:00:00,1368907.95,,528541.16
2026-05-21 14:00:00,1368032.30,,536808.83
2026-05-21 15:00:00,1400485.54,,536054.11
2026-05-21 16:00:00,1410731.96,,540917.89
2026-05-21 17:00:00,1402483.22,,533072.05
2026-05-21 18:00:00,1447555.13,,551593.80
2026-05-21 19:00:00,1436291.33,,549461.59
2026-05-21 20:00:00,1440524.76,,554087.89
2026-05-21 21:00:00,1433527.29,,553098.10
2026-05-21 22:00:00,1421447.02,,547639.68
2026-05-21 23:00:00,1417644.97,,546211.55
2026-05-22 00:00:00,1416398.77,,547861.12
2026-05-22 01:00:00,1397386.73,,541597.58
2026-05-22 02:00:00,1403690.15,,542198.22
2026-05-22 03:00:00,1404940.05,,543800.13
2026-05-22 04:00:00,1404632.60,,542035.71
2026-05-22 05:00:00,1401977.09,,540362.33
2026-05-22 06:00:00,1406676.82,,538174.14
2026-05-22 07:00:00,1402011.99,,538026.76
2026-05-22 08:00:00,1402215.26,,541729.30
2026-05-22 09:00:00,1399381.88,,543676.45
2026-05-22 10:00:00,1395198.44,,543327.47
2026-05-22 11:00:00,1391436.68,,543633.25
2026-05-22 12:00:00,1400445.16,,552129.68
2026-05-22 13:00:00,1411105.71,,556184.05
2026-05-22 14:00:00,1408379.78,,548434.12
2026-05-22 15:00:00,1382401.46,,539173.31
2026-05-22 16:00:00,1394715.60,,540499.05
2026-05-22 17:00:00,1404863.00,,542694.90
2026-05-22 18:00:00,1401056.94,,539298.46
2026-05-22 19:00:00,1360723.80,,525120.76
2026-05-22 20:00:00,1317137.06,,521464.08
2026-05-22 21:00:00,1337570.69,,530076.06
2026-05-22 22:00:00,1345784.09,,537524.00
2026-05-22 23:00:00,1343306.23,,534048.29
2026-05-23 00:00:00,1326856.09,,520879.72
2026-05-23 01:00:00,1331446.86,,517988.03
2026-05-23 02:00:00,1335912.74,,527556.52
2026-05-23 03:00:00,1348012.28,,528927.25
2026-05-23 04:00:00,1346361.92,,534868.62
2026-05-23 05:00:00,1346201.30,,530206.40
2026-05-23 06:00:00,1349060.75,,525934.10
2026-05-23 07:00:00,1337833.24,,524880.79
2026-05-23 08:00:00,1272456.06,,506682.20
2026-05-23 09:00:00,1278034.08,,503782.22
2026-05-23 10:00:00,1298506.51,,505702.57
2026-05-23 11:00:00,1294540.23,,509683.43
2026-05-23 12:00:00,1272892.04,,505307.07
2026-05-23 13:00:00,1286981.42,,504260.43
2026-05-23 14:00:00,1309610.37,,515248.27
2026-05-23 15:00:00,1323356.53,,518299.97
2026-05-23 16:00:00,1322214.98,,521120.37
2026-05-23 17:00:00,1329273.68,,520320.42
2026-05-23 18:00:00,1328888.85,,519871.97
2026-05-23 19:00:00,1340023.85,,523939.12
2026-05-23 20:00:00,1335531.95,,519639.99
2026-05-23 21:00:00,1391438.26,,535411.21
2026-05-23 22:00:00,1369238.45,,535459.03
2026-05-23 23:00:00,1349911.67,,526838.11
2026-05-24 00:00:00,1349821.70,,531854.01
2026-05-24 01:00:00,1342953.95,,529392.91
2026-05-24 02:00:00,1331862.55,,525716.76
2026-05-24 03:00:00,1319300.65,,516579.95
2026-05-24 04:00:00,1307441.86,,509917.36
2026-05-24 05:00:00,1305994.90,,513029.99
2026-05-24 06:00:00,1300256.77,,508989.52
2026-05-24 07:00:00,1309337.74,,509261.80
2026-05-24 08:00:00,1297571.74,,504598.02
2026-05-24 09:00:00,1293617.81,,507216.55
2026-05-24 10:00:00,1294318.96,,509153.26
2026-05-24 11:00:00,1272376.19,,509487.00
2026-05-24 12:00:00,1260796.03,,504404.02
2026-05-24 13:00:00,1265577.92,,498343.90
2026-05-24 14:00:00,1249973.07,,497109.57
2026-05-24 15:00:00,1281097.43,,508177.09
2026-05-24 16:00:00,1281969.83,,505991.70
2026-05-24 17:00:00,1286406.58,,509928.76
2026-05-24 18:00:00,1282742.58,,508576.67
2026-05-24 19:00:00,1273093.44,,503650.44
2026-05-24 20:00:00,1274652.67,,502749.44
2026-05-24 21:00:00,1268652.75,,501065.04
2026-05-24 22:00:00,1250688.70,,491245.65
2026-05-24 23:00:00,1263911.16,,498937.99
2026-05-25 00:00:00,1265284.42,,501080.15
2026-05-25 01:00:00,1270926.38,,507996.13
2026-05-25 02:00:00,1265641.55,,505319.84
2026-05-25 03:00:00,1268052.80,,508630.26
2026-05-25 04:00:00,1265861.66,,508288.28
2026-05-25 05:00:00,1269947.57,,517127.32
2026-05-25 06:00:00,1272259.95,,520704.21
2026-05-25 07:00:00,1278292.37,,520030.34
2026-05-25 08:00:00,1275061.73,,522581.79
2026-05-25 09:00:00,1267266.12,,524460.69
2026-05-25 10:00:00,1264759.83,,525260.57
2026-05-25 11:00:00,1263254.02,,526728.46
2026-05-25 12:00:00,1255827.27,,523775.94
2026-05-25 13:00:00,1255901.72,,523317.13
2026-05-25 14:00:00,1257436.74,,525797.64
2026-05-25 15:00:00,1258804.18,,525070.18
2026-05-25 16:00:00,1267667.54,,523031.42
2026-05-25 17:00:00,1274774.70,,525490.72
2026-05-25 18:00:00,1274049.35,,522921.16
2026-05-25 19:00:00,1272666.17,,519807.87
2026-05-25 20:00:00,1274788.97,,517817.27
2026-05-25 21:00:00,1267486.86,,510864.64
2026-05-25 22:00:00,1279706.24,,510299.91
2026-05-25 23:00:00,1262438.86,,503480.00
2026-05-26 00:00:00,1269682.09,,504895.46
2026-05-26 01:00:00,1259272.68,,495082.30
2026-05-26 02:00:00,1279418.84,,494092.23
2026-05-26 03:00:00,1279569.62,,496905.81
2026-05-26 04:00:00,1285750.99,,498110.82
2026-05-26 05:00:00,1298709.57,,503494.89
2026-05-26 06:00:00,1300100.66,,508654.73
2026-05-26 07:00:00,1289884.12,,504778.00
2026-05-26 08:00:00,1268031.59,,503652.99
2026-05-26 09:00:00,1269542.03,,503794.26
2026-05-26 10:00:00,1272060.87,,502980.07
2026-05-26 11:00:00,1294864.42,,513602.79
2026-05-26 12:00:00,1283983.90,,508323.86
2026-05-26 13:00:00,1275637.68,,512887.76
2026-05-26 14:00:00,1275322.16,,511572.91
2026-05-26 15:00:00,1277383.09,,506841.71
2026-05-26 16:00:00,1255221.65,,497158.02
2026-05-26 17:00:00,1246441.36,,493800.45
2026-05-26 18:00:00,1220368.18,,490403.15
2026-05-26 19:00:00,1217962.85,,488011.98
2026-05-26 20:00:00,1219984.87,,489346.64
2026-05-26 21:00:00,1217908.48,,490236.46
2026-05-26 22:00:00,1209903.25,,485847.57
2026-05-26 23:00:00,1207095.09,,484955.86
2026-05-27 00:00:00,1210264.85,,486372.28
2026-05-27 01:00:00,1224648.62,,492906.51
2026-05-27 02:00:00,1218138.49,,487816.11
2026-05-27 03:00:00,1215499.82,,486315.45
2026-05-27 04:00:00,1207640.80,,486351.48
2026-05-27 05:00:00,1197173.69,,496571.06
2026-05-27 06:00:00,1204191.93,,502512.38
2026-05-27 07:00:00,1222349.21,,501852.29
2026-05-27 08:00:00,1238922.67,,499508.13
2026-05-27 09:00:00,1233570.38,,495616.87
2026-05-27 10:00:00,1220309.78,,495360.29
2026-05-27 11:00:00,1223897.44,,493755.94
2026-05-27 12:00:00,1226275.39,,495157.77
2026-05-27 13:00:00,1228017.30,,498399.48
2026-05-27 14:00:00,1220957.17,,492933.79
2026-05-27 15:00:00,1236657.44,,485757.10
2026-05-27 16:00:00,1263930.56,,488967.56
2026-05-27 17:00:00,1253140.02,,486382.75
2026-05-27 18:00:00,1233145.71,,479216.06
2026-05-27 19:00:00,1240256.69,,483830.84
2026-05-27 20:00:00,1246030.13,,484268.40
2026-05-27 21:00:00,1241788.87,,483743.41
2026-05-27 22:00:00,1202916.35,,469168.95
2026-05-27 23:00:00,1207188.47,,466075.39
2026-05-28 00:00:00,1211326.22,,470259.00
2026-05-28 01:00:00,1221570.90,,470773.67
2026-05-28 02:00:00,1215268.52,,466059.51
2026-05-28 03:00:00,1219776.56,,467604.88
2026-05-28 04:00:00,1175120.26,,454396.30
2026-05-28 05:00:00,1172270.99,,457994.08
2026-05-28 06:00:00,1164522.93,,455920.33
2026-05-28 07:00:00,1220153.33,,457653.18
2026-05-28 08:00:00,1227033.95,,461348.96
2026-05-28 09:00:00,1233243.59,,456060.03
2026-05-28 10:00:00,1242067.00,,463226.52
2026-05-28 11:00:00,1220262.08,,457811.52
2026-05-28 12:00:00,1230049.69,,456383.57
2026-05-28 13:00:00,1230593.91,,459489.22
2026-05-28 14:00:00,1221081.90,,461668.61
2026-05-28 15:00:00,1186739.00,,481887.27
2026-05-28 16:00:00,1187664.92,,482317.91
2026-05-28 17:00:00,1205405.64,,485064.22
2026-05-28 18:00:00,1208071.08,,489624.86
2026-05-28 19:00:00,1214571.63,,495291.53
2026-05-28 20:00:00,1207074.04,,489691.71
2026-05-28 21:00:00,1212609.00,,494032.08
2026-05-28 22:00:00,1206783.27,,494237.36
2026-05-28 23:00:00,1199693.19,,486942.11
2026-05-29 00:00:00,1202684.83,,488295.84
2026-05-29 01:00:00,1212166.21,,488855.15
2026-05-29 02:00:00,1205489.88,,487003.44
2026-05-29 03:00:00,1197752.58,,476115.56
2026-05-29 04:00:00,1208171.71,,478655.68
2026-05-29 05:00:00,1217186.14,,480575.82
2026-05-29 06:00:00,1213517.96,,481926.27
2026-05-29 07:00:00,1224585.53,,485617.43
2026-05-29 08:00:00,1214848.77,,483987.99
2026-05-29 09:00:00,1207786.31,,483453.59
2026-05-29 10:00:00,1214822.44,,489109.11
2026-05-29 11:00:00,1191918.06,,484283.13
2026-05-29 12:00:00,1182598.85,,467718.23
2026-05-29 13:00:00,1177923.57,,462974.98
2026-05-29 14:00:00,1177831.49,,462746.46
2026-05-29 15:00:00,1179495.79,,464608.16
2026-05-29 16:00:00,1206080.64,,487367.46
2026-05-29 17:00:00,1212692.69,,490798.81
2026-05-29 18:00:00,1213129.56,,496689.93
2026-05-29 19:00:00,1204731.26,,486780.21
2026-05-29 20:00:00,1207853.52,,485666.16
2026-05-29 21:00:00,1210305.08,,488205.65
2026-05-29 22:00:00,1202118.29,,485148.76
2026-05-29 23:00:00,1204088.20,,486711.23
2026-05-30 00:00:00,1207737.35,,487178.43
2026-05-30 01:00:00,1223711.63,,493345.58
2026-05-30 02:00:00,1239286.55,,497192.63
2026-05-30 03:00:00,1252699.34,,501902.50
2026-05-30 04:00:00,1238511.22,,496454.77
2026-05-30 05:00:00,1230079.07,,490799.58
2026-05-30 06:00:00,1246929.00,,498345.56
2026-05-30 07:00:00,1241893.84,,496170.56
2026-05-30 08:00:00,1252214.40,,500466.19
2026-05-30 09:00:00,1239369.01,,496385.50
2026-05-30 10:00:00,1240597.25,,499955.01
2026-05-30 11:00:00,1240434.23,,498170.16
2026-05-30 12:00:00,1236976.38,,497491.09
2026-05-30 13:00:00,1236235.80,,494450.79
2026-05-30 14:00:00,1237214.94,,490175.15
2026-05-30 15:00:00,1238424.94,,491483.66
2026-05-30 16:00:00,1236960.59,,495806.75
2026-05-30 17:00:00,1240598.50,,500169.55
2026-05-30 18:00:00,1239249.07,,497665.80
2026-05-30 19:00:00,1242939.44,,502047.22
2026-05-30 20:00:00,1237266.19,,501711.99
2026-05-30 21:00:00,1229482.68,,500402.79
2026-05-30 22:00:00,1223750.95,,498917.64
2026-05-30 23:00:00,1211643.24,,491842.61
2026-05-31 00:00:00,1216315.50,,491655.19
2026-05-31 01:00:00,1217894.36,,496084.67
2026-05-31 02:00:00,1218599.31,,497502.82
2026-05-31 03:00:00,1228294.66,,499795.85
2026-05-31 04:00:00,1224835.12,,498880.52
2026-05-31 05:00:00,1228750.92,,499497.05
2026-05-31 06:00:00,1215783.56,,495822.80
2026-05-31 07:00:00,1214825.13,,495726.20
2026-05-31 08:00:00,1205534.24,,493008.67
2026-05-31 09:00:00,1206614.82,,494540.11
2026-05-31 10:00:00,1199043.34,,493010.94
2026-05-31 11:00:00,1197309.09,,484212.04
2026-05-31 12:00:00,1196623.64,,485511.63
2026-05-31 13:00:00,1210990.00,,488844.09
2026-05-31 14:00:00,1201938.98,,487327.59
2026-05-31 15:00:00,1184447.35,,478505.81
2026-05-31 16:00:00,1178133.34,,470459.54
2026-05-31 17:00:00,1170119.75,,468489.23
2026-05-31 18:00:00,1178134.82,,472289.31
2026-05-31 19:00:00,1174864.30,,470370.70
2026-05-31 20:00:00,1170063.29,,468564.15
2026-05-31 21:00:00,1180726.54,,475293.99
2026-05-31 22:00:00,1190775.13,,483072.32
2026-05-31 23:00:00,1191830.94,,483336.72
2026-06-01 00:00:00,1187116.81,,482333.83
2026-06-01 01:00:00,1190965.03,,486262.49
2026-06-01 02:00:00,1178512.52,,480140.16
2026-06-01 03:00:00,1197931.81,,492159.73
2026-06-01 04:00:00,1202238.41,,502108.13
2026-06-01 05:00:00,1194822.49,,502983.38
2026-06-01 06:00:00,1193854.33,,499944.65
2026-06-01 07:00:00,1190072.64,,496904.47
2026-06-01 08:00:00,1173741.47,,494900.06
2026-06-01 09:00:00,1179548.47,,502583.39
2026-06-01 10:00:00,1184029.45,,503838.42
2026-06-01 11:00:00,1186803.06,,503785.72
2026-06-01 12:00:00,1185809.06,,501783.68
2026-06-01 13:00:00,1186799.75,,504754.88
2026-06-01 14:00:00,1189922.93,,498251.70
2026-06-01 15:00:00,1194647.45,,501450.07
2026-06-01 16:00:00,1204056.76,,502431.99
2026-06-01 17:00:00,1231687.18,,512424.42
2026-06-01 18:00:00,1243171.23,,520159.03
2026-06-01 19:00:00,1233468.09,,516427.47
2026-06-01 20:00:00,1262684.89,,529607.84
2026-06-01 21:00:00,1291681.55,,547056.46
2026-06-01 22:00:00,1251443.59,,531876.33
2026-06-01 23:00:00,1271009.07,,538565.78
2026-06-02 00:00:00,1271479.27,,535778.78
2026-06-02 01:00:00,1272868.19,,527548.41
2026-06-02 02:00:00,1254614.12,,525065.16
2026-06-02 03:00:00,1257078.53,,527503.47
2026-06-02 04:00:00,1265716.30,,529472.23
2026-06-02 05:00:00,1255181.66,,526456.74
2026-06-02 06:00:00,1253461.48,,521504.92
2026-06-02 07:00:00,1259930.02,,521029.72
2026-06-02 08:00:00,1263242.71,,520693.50
2026-06-02 09:00:00,1263863.28,,522945.64
2026-06-02 10:00:00,1250179.23,,515111.12
2026-06-02 11:00:00,1266298.78,,522334.83
2026-06-02 12:00:00,1257107.33,,522957.30
2026-06-02 13:00:00,1261331.73,,520438.13
2026-06-02 14:00:00,1271507.00,,519600.58
2026-06-02 15:00:00,1205479.91,,487878.67
2026-06-02 16:00:00,1173137.12,,478613.68
2026-06-02 17:00:00,1200556.05,,480990.22
2026-06-02 18:00:00,1232784.76,,491429.65
2026-06-02 19:00:00,1211985.30,,480689.73
2026-06-02 20:00:00,1210750.95,,476871.03
2026-06-02 21:00:00,1222566.40,,477434.96
2026-06-02 22:00:00,1225814.36,,477284.75
2026-06-02 23:00:00,1190650.71,,451256.27
2026-06-03 00:00:00,1210242.91,,456957.08
2026-06-03 01:00:00,1228191.95,,464468.43
2026-06-03 02:00:00,1228786.62,,472509.93
2026-06-03 03:00:00,1232337.69,,475104.57
2026-06-03 04:00:00,1213085.08,,468579.06
2026-06-03 05:00:00,1252731.25,,481311.75
2026-06-03 06:00:00,1261118.88,,491553.33
2026-06-03 07:00:00,1247006.13,,490589.50
2026-06-03 08:00:00,1253503.45,,495459.92
2026-06-03 09:00:00,1251746.37,,494650.83
2026-06-03 10:00:00,1249177.19,,491421.10
2026-06-03 11:00:00,1261138.60,,496651.84
2026-06-03 12:00:00,1262984.81,,492189.58
2026-06-03 13:00:00,1271735.59,,490999.05
2026-06-03 14:00:00,1280034.91,,492331.27
2026-06-03 15:00:00,1276874.97,,497944.63
2026-06-03 16:00:00,1264192.53,,498502.59
2026-06-03 17:00:00,1243966.51,,490657.85
2026-06-03 18:00:00,1242959.10,,486821.71
2026-06-03 19:00:00,1244438.30,,486536.18
2026-06-03 20:00:00,1225078.78,,475990.28
2026-06-03 21:00:00,1195941.26,,471074.79
2026-06-03 22:00:00,1246093.62,,488784.95
2026-06-03 23:00:00,1255212.46,,474953.88
2026-06-04 00:00:00,1232701.83,,472828.16
2026-06-04 01:00:00,1200641.80,,462603.02
2026-06-04 02:00:00,1158422.97,,440585.53
2026-06-04 03:00:00,1149405.04,,443490.27
2026-06-04 04:00:00,1183809.63,,457638.64
2026-06-04 05:00:00,1171055.19,,451760.57
2026-06-04 06:00:00,1153698.39,,448309.99
2026-06-04 07:00:00,1153275.10,,453131.29
2026-06-04 08:00:00,1142477.22,,441946.47
2026-06-04 09:00:00,1133556.54,,441445.06
2026-06-04 10:00:00,1115334.89,,429959.58
2026-06-04 11:00:00,1104133.95,,422480.47
2026-06-04 12:00:00,1122437.69,,429192.08
2026-06-04 13:00:00,1144557.99,,439288.65
2026-06-04 14:00:00,1142073.19,,439731.50
2026-06-04 15:00:00,1133998.80,,447362.64
2026-06-04 16:00:00,1145619.90,,453865.18
2026-06-04 17:00:00,1141190.79,,450192.42
2026-06-04 18:00:00,1140224.56,,447037.34
2026-06-04 19:00:00,1142947.70,,451705.80
2026-06-04 20:00:00,1139285.40,,451265.72
2026-06-04 21:00:00,1128714.75,,445755.81
2026-06-04 22:00:00,1087566.02,,436239.50
2026-06-04 23:00:00,1096349.31,,440471.65
2026-06-05 00:00:00,1096423.31,,443991.58
2026-06-05 01:00:00,1088080.65,,432991.66
2026-06-05 02:00:00,1089211.50,,436232.00
2026-06-05 03:00:00,1067813.62,,433434.85
2026-06-05 04:00:00,1072784.05,,423821.74
2026-06-05 05:00:00,1094365.32,,435165.21
2026-06-05 06:00:00,1058445.33,,422698.43
2026-06-05 07:00:00,1036561.95,,410933.30
2026-06-05 08:00:00,1047634.18,,417129.52
2026-06-05 09:00:00,1035192.75,,412008.12
2026-06-05 10:00:00,1060347.60,,429175.65
2026-06-05 11:00:00,1056341.39,,427096.31
2026-06-05 12:00:00,1045082.31,,422200.98
2026-06-05 13:00:00,1046287.15,,417239.25
2026-06-05 14:00:00,1023343.88,,405499.28
2026-06-05 15:00:00,1047639.70,,407315.87
2026-06-05 16:00:00,1026782.95,,398722.63
2026-06-05 17:00:00,1055248.00,,413826.81
2026-06-05 18:00:00,1041912.11,,406283.52
2026-06-05 19:00:00,999798.15,,396673.66
2026-06-05 20:00:00,1022308.09,,402698.54
2026-06-05 21:00:00,1053380.41,,413303.48
2026-06-05 22:00:00,1057149.61,,414935.51
2026-06-05 23:00:00,1048820.39,,415876.38
2026-06-06 00:00:00,1044118.23,,398986.54
2026-06-06 01:00:00,1059307.74,,404223.50
2026-06-06 02:00:00,1049633.42,,400624.41
2026-06-06 03:00:00,1036055.66,,396217.53
2026-06-06 04:00:00,1030841.77,,392934.15
2026-06-06 05:00:00,1002074.25,,384160.05
2026-06-06 06:00:00,1035541.13,,404520.37
2026-06-06 07:00:00,1041345.73,,404337.16
2026-06-06 08:00:00,1053646.50,,408275.38
2026-06-06 09:00:00,1067378.21,,415053.14
2026-06-06 10:00:00,1052428.84,,409678.37
2026-06-06 11:00:00,1037837.04,,405838.24
2026-06-06 12:00:00,1047851.57,,413350.96
2026-06-06 13:00:00,1052081.75,,421394.70
2026-06-06 14:00:00,1048730.11,,420792.59
2026-06-06 15:00:00,1047051.59,,421224.02
2026-06-06 16:00:00,1039316.67,,415276.11
2026-06-06 17:00:00,1042533.95,,414654.96
2026-06-06 18:00:00,1028616.71,,406197.38
2026-06-06 19:00:00,1036068.33,,408506.66
2026-06-06 20:00:00,1033878.59,,406314.73
2026-06-06 21:00:00,1036383.06,,407175.75
2026-06-06 22:00:00,1038345.99,,408135.10
2026-06-06 23:00:00,1038905.60,,405222.34
2026-06-07 00:00:00,1045207.43,,407898.94
2026-06-07 01:00:00,1043053.56,,408540.33
2026-06-07 02:00:00,1062680.06,,417945.61
2026-06-07 03:00:00,1055526.48,,414457.69
2026-06-07 04:00:00,1054963.39,,414024.68
2026-06-07 05:00:00,1055467.58,,416541.49
2026-06-07 06:00:00,1045213.29,,416598.84
2026-06-07 07:00:00,1046971.16,,417740.26
2026-06-07 08:00:00,1047910.82,,419238.25
2026-06-07 09:00:00,1066499.26,,427952.15
2026-06-07 10:00:00,1059426.42,,422466.59
2026-06-07 11:00:00,1049285.62,,416145.05
2026-06-07 12:00:00,1050639.45,,416556.25
2026-06-07 13:00:00,1023413.72,,407870.95
2026-06-07 14:00:00,1021339.75,,409195.22
2026-06-07 15:00:00,1029956.25,,411970.34
2026-06-07 16:00:00,1028341.63,,411624.45
2026-06-07 17:00:00,1028956.33,,411942.15
2026-06-07 18:00:00,1029053.02,,411228.30
2026-06-07 19:00:00,1016585.73,,408471.22
2026-06-07 20:00:00,998227.34,,402982.68
2026-06-07 21:00:00,1014192.89,,407490.31
2026-06-07 22:00:00,1010800.14,,406706.44
2026-06-07 23:00:00,1008651.19,,423068.32
2026-06-08 00:00:00,1018771.40,,419913.63
2026-06-08 01:00:00,1019985.04,,418901.36
2026-06-08 02:00:00,1014332.66,,411337.83
2026-06-08 03:00:00,1008533.33,,407627.16
2026-06-08 04:00:00,1015830.39,,408150.86
2026-06-08 05:00:00,1006207.64,,400666.10
2026-06-08 06:00:00,1005610.44,,401147.33
2026-06-08 07:00:00,1009112.76,,404810.89
2026-06-08 08:00:00,1016195.90,,406346.29
2026-06-08 09:00:00,1015684.84,,405780.16
2026-06-08 10:00:00,1027999.27,,413108.59
2026-06-08 11:00:00,1038545.03,,411744.16
2026-06-08 12:00:00,1049327.65,,414223.10
2026-06-08 13:00:00,1059488.24,,418495.08
2026-06-08 14:00:00,1058216.44,,413145.48
2026-06-08 15:00:00,1064680.62,,414155.55
2026-06-08 16:00:00,1056410.76,,414137.62
2026-06-08 17:00:00,1050474.53,,413799.60
2026-06-08 18:00:00,1061878.10,,415912.95
2026-06-08 19:00:00,1057744.80,,414502.62
2026-06-08 20:00:00,1055842.13,,414295.88
2026-06-08 21:00:00,1060212.27,,414317.63
2026-06-08 22:00:00,1056383.06,,412980.40
2026-06-08 23:00:00,1048928.40,,407365.76
2026-06-09 00:00:00,1041462.94,,404285.82
2026-06-09 01:00:00,1009574.78,,393971.15
2026-06-09 02:00:00,1021192.76,,396755.37
2026-06-09 03:00:00,1003260.40,,392934.45
2026-06-09 04:00:00,1007022.17,,394987.47
2026-06-09 05:00:00,1020239.03,,400043.06
2026-06-09 06:00:00,1021557.36,,400839.20
2026-06-09 07:00:00,1019636.13,,400255.55
2026-06-09 08:00:00,1018333.28,,400501.38
2026-06-09 09:00:00,1020935.20,,398751.20
2026-06-09 10:00:00,1014520.95,,394004.39
2026-06-09 11:00:00,1018439.19,,398108.69
2026-06-09 12:00:00,1016201.60,,398883.88
2026-06-09 13:00:00,1019161.22,,400180.66
2026-06-09 14:00:00,1016603.84,,395167.46
2026-06-09 15:00:00,1005332.14,,388219.70
2026-06-09 16:00:00,1000584.06,,386645.18
2026-06-09 17:00:00,992130.42,,383759.60
2026-06-09 18:00:00,1008681.37,,391195.53
2026-06-09 19:00:00,1017853.06,,391085.64
2026-06-09 20:00:00,1030242.56,,395797.58
2026-06-09 21:00:00,1032324.76,,397229.01
2026-06-09 22:00:00,1026793.39,,390101.85
2026-06-09 23:00:00,1024155.58,,389690.05
2026-06-10 00:00:00,1027469.63,,390649.42
2026-06-10 01:00:00,1034906.45,,392095.85
2026-06-10 02:00:00,1027266.07,,390910.77
2026-06-10 03:00:00,1005193.43,,386138.19
2026-06-10 04:00:00,1011020.52,,387838.38
2026-06-10 05:00:00,1005945.27,,387205.31
2026-06-10 06:00:00,1000892.37,,388376.00
2026-06-10 07:00:00,1002902.00,,397103.01
2026-06-10 08:00:00,995593.91,,399751.51
2026-06-10 09:00:00,981324.43,,388988.09
2026-06-10 10:00:00,992641.00,,392342.22
2026-06-10 11:00:00,994048.52,,392378.49
2026-06-10 12:00:00,984552.16,,388980.59
2026-06-10 13:00:00,1007324.69,,394517.50
2026-06-10 14:00:00,1022653.64,,399803.79
2026-06-10 15:00:00,1023741.47,,394527.36
2026-06-10 16:00:00,1029644.25,,394126.38
2026-06-10 17:00:00,1012940.42,,388026.33
2026-06-10 18:00:00,1008886.56,,385153.98
2026-06-10 19:00:00,1011287.12,,384755.06
2026-06-10 20:00:00,995670.45,,377567.12
2026-06-10 21:00:00,986385.44,,376604.97
2026-06-10 22:00:00,962026.20,,370649.57
2026-06-10 23:00:00,975462.17,,369537.68
2026-06-11 00:00:00,988033.53,,371631.22
2026-06-11 01:00:00,1001751.95,,376056.46
2026-06-11 02:00:00,1021990.50,,389043.29
2026-06-11 03:00:00,1014787.57,,387164.96
2026-06-11 04:00:00,1048289.56,,399464.46
2026-06-11 05:00:00,1062533.99,,402786.12
2026-06-11 06:00:00,1057937.51,,398381.33
2026-06-11 07:00:00,1056468.02,,396729.86
2026-06-11 08:00:00,1057419.08,,396145.40
2026-06-11 09:00:00,1064682.21,,397230.80
2026-06-11 10:00:00,1053368.35,,393267.91
2026-06-11 11:00:00,1055256.55,,395143.06
2026-06-11 12:00:00,1056050.01,,397441.59
2026-06-11 13:00:00,1056475.48,,392473.46
2026-06-11 14:00:00,1058761.90,,400321.96
2026-06-11 15:00:00,1048658.17,,396375.52
2026-06-11 16:00:00,1055769.62,,397338.98
2026-06-11 17:00:00,1044295.40,,392385.02
2026-06-11 18:00:00,1075675.03,,409444.31
2026-06-11 19:00:00,1069867.64,,403816.07
2026-06-11 20:00:00,1069051.04,,401821.92
2026-06-11 21:00:00,1066879.25,,399578.17
2026-06-11 22:00:00,1073109.15,,399878.81
2026-06-11 23:00:00,1058168.34,,397906.84
2026-06-12 00:00:00,1051012.76,,397785.84
2026-06-12 01:00:00,1054270.23,,397072.87
2026-06-12 02:00:00,1054422.93,,398193.08
2026-06-12 03:00:00,1055963.83,,399571.35
2026-06-12 04:00:00,1059976.85,,400536.81
2026-06-12 05:00:00,1053774.05,,401373.59
2026-06-12 06:00:00,1036526.31,,395010.09
2026-06-12 07:00:00,1035681.79,,388784.87
2026-06-12 08:00:00,1057723.01,,397225.94
2026-06-12 09:00:00,1067272.03,,407165.38
2026-06-12 10:00:00,1070224.78,,413678.51
2026-06-12 11:00:00,1069055.64,,409323.32
2026-06-12 12:00:00,1075394.76,,407392.17
2026-06-12 13:00:00,1074602.70,,405968.17
2026-06-12 14:00:00,1064340.07,,401743.89
2026-06-12 15:00:00,1085482.37,,414651.29
2026-06-12 16:00:00,1060882.11,,402669.18
2026-06-12 17:00:00,1071310.54,,411750.42
2026-06-12 18:00:00,1061716.19,,411922.64
2026-06-12 19:00:00,1056628.16,,408930.18
2026-06-12 20:00:00,1050552.61,,410064.80
2026-06-12 21:00:00,1047288.40,,408969.12
2026-06-12 22:00:00,1045075.26,,408919.18
2026-06-12 23:00:00,1037123.38,,405936.01
2026-06-13 00:00:00,1037500.15,,403108.04
2026-06-13 01:00:00,1038938.03,,403850.20
2026-06-13 02:00:00,1074609.37,,408125.31
2026-06-13 03:00:00,1061127.18,,401918.51
2026-06-13 04:00:00,1061499.52,,399590.48
2026-06-13 05:00:00,1052056.10,,398976.65
2026-06-13 06:00:00,1052683.40,,398420.81
2026-06-13 07:00:00,1069111.46,,401939.27
2026-06-13 08:00:00,1072508.15,,404895.78
2026-06-13 09:00:00,1060977.86,,398300.03
2026-06-13 10:00:00,1059210.42,,397361.04
2026-06-13 11:00:00,1059943.94,,394531.17
2026-06-13 12:00:00,1071799.46,,398302.32
2026-06-13 13:00:00,1066545.16,,397576.35
2026-06-13 14:00:00,1052672.25,,393292.28
2026-06-13 15:00:00,1053773.42,,393693.33
2026-06-13 16:00:00,1053760.75,,395188.17
2026-06-13 17:00:00,1060748.94,,401457.27
2026-06-13 18:00:00,1054043.71,,399492.64
2026-06-13 19:00:00,1048526.11,,396335.01
2026-06-13 20:00:00,1046076.95,,397262.86
2026-06-13 21:00:00,1043632.56,,397246.46
2026-06-13 22:00:00,1051647.90,,400209.73
2026-06-13 23:00:00,1038294.76,,396913.44
2026-06-14 00:00:00,1042038.43,,397881.86
2026-06-14 01:00:00,1035645.32,,396307.06
2026-06-14 02:00:00,1036304.10,,394524.48
2026-06-14 03:00:00,1029993.10,,386046.65
2026-06-14 04:00:00,1059841.78,,392811.09
2026-06-14 05:00:00,1051082.63,,384675.77
2026-06-14 06:00:00,1054672.20,,386192.62
2026-06-14 07:00:00,1050086.80,,385436.37
2026-06-14 08:00:00,1046860.66,,384100.90
2026-06-14 09:00:00,1043398.27,,384813.49
2026-06-14 10:00:00,1050474.97,,387550.73
2026-06-14 11:00:00,1043406.93,,385880.24
2026-06-14 12:00:00,1039523.06,,385485.40
2026-06-14 13:00:00,1028315.96,,383604.78
2026-06-14 14:00:00,1025291.99,,383656.74
2026-06-14 15:00:00,1011594.19,,377635.65
2026-06-14 16:00:00,1010870.38,,379962.42
2026-06-14 17:00:00,1002093.45,,379134.83
2026-06-14 18:00:00,988944.64,,378134.68
2026-06-14 19:00:00,986888.42,,377338.61
2026-06-14 20:00:00,993846.26,,379252.18
2026-06-14 21:00:00,1005910.50,,383667.54
2026-06-14 22:00:00,1030773.79,,400210.73
2026-06-14 23:00:00,1038599.12,,399905.31
2026-06-15 00:00:00,1115331.58,,412689.01
2026-06-15 01:00:00,1271361.52,,556454.01
2026-06-15 02:00:00,1236237.82,,521637.77
2026-06-15 03:00:00,1156653.37,,504221.90
2026-06-15 04:00:00,1155486.16,,508035.02
2026-06-15 05:00:00,1137234.10,,504676.17
2026-06-15 06:00:00,1153371.62,,504186.90
2026-06-15 07:00:00,1136086.50,,499069.45
2026-06-15 08:00:00,1133128.25,,506622.02
2026-06-15 09:00:00,1111910.41,,497941.83
2026-06-15 10:00:00,1111814.46,,495158.72
2026-06-15 11:00:00,1126326.57,,507686.48
2026-06-15 12:00:00,1134342.03,,511724.66
2026-06-15 13:00:00,1128918.80,,505841.79
2026-06-15 14:00:00,1119306.05,,499899.03
2026-06-15 15:00:00,1116292.49,,495151.78
2026-06-15 16:00:00,1092851.46,,499166.63
2026-06-15 17:00:00,1091586.97,,491918.60
2026-06-15 18:00:00,1078262.28,,488122.22
2026-06-15 19:00:00,1068854.69,,482239.37
2026-06-15 20:00:00,1043773.49,,464739.09
2026-06-15 21:00:00,1039284.87,,462889.57
2026-06-15 22:00:00,1039346.39,,463067.55
2026-06-15 23:00:00,1024350.75,,457261.87
2026-06-16 00:00:00,1027033.67,,462905.18
2026-06-16 01:00:00,1025089.09,,460855.72
2026-06-16 02:00:00,1032029.26,,458721.23
2026-06-16 03:00:00,1009147.52,,441826.11
2026-06-16 04:00:00,1021015.14,,448007.58
2026-06-16 05:00:00,1007760.85,,441069.56
2026-06-16 06:00:00,1015380.31,,441350.72
2026-06-16 07:00:00,1030165.48,,446050.19
2026-06-16 08:00:00,1017724.42,,445124.79
2026-06-16 09:00:00,1037307.51,,460147.23
2026-06-16 10:00:00,1033089.23,,456179.88
2026-06-16 11:00:00,1030133.91,,458860.35
2026-06-16 12:00:00,1032439.39,,457082.41
2026-06-16 13:00:00,1032069.68,,456095.11
2026-06-16 14:00:00,1007069.66,,436030.12
2026-06-16 15:00:00,981007.94,,427893.37
2026-06-16 16:00:00,988211.87,,433178.99
2026-06-16 17:00:00,980382.05,,432123.17
2026-06-16 18:00:00,1005307.70,,443584.43
2026-06-16 19:00:00,992577.64,,459223.81
2026-06-16 20:00:00,987565.91,,453964.60
2026-06-16 21:00:00,989122.50,,456249.27
2026-06-16 22:00:00,974841.00,,450979.14
2026-06-16 23:00:00,973735.87,,447636.25
2026-06-17 00:00:00,968330.04,,441659.20
2026-06-17 01:00:00,961606.33,,440260.00
2026-06-17 02:00:00,967376.12,,444832.30
2026-06-17 03:00:00,967330.70,,453788.73
2026-06-17 04:00:00,962736.69,,451748.60
2026-06-17 05:00:00,963188.62,,450231.24
2026-06-17 06:00:00,957030.86,,447454.71
2026-06-17 07:00:00,951648.98,,445218.76
2026-06-17 08:00:00,948383.54,,444969.48
2026-06-17 09:00:00,931565.26,,438689.64
2026-06-17 10:00:00,928267.78,,440544.54
2026-06-17 11:00:00,922594.18,,436625.47
2026-06-17 12:00:00,916853.50,,434747.38
2026-06-17 13:00:00,921984.14,,436780.66
2026-06-17 14:00:00,922435.33,,433886.57
2026-06-17 15:00:00,918151.19,,431289.77
2026-06-17 16:00:00,933591.07,,440544.06
2026-06-17 17:00:00,918845.04,,440623.16
2026-06-17 18:00:00,926686.63,,445469.19
2026-06-17 19:00:00,914386.87,,441725.94
2026-06-17 20:00:00,904768.85,,438663.38
2026-06-17 21:00:00,913734.45,,441166.70
2026-06-17 22:00:00,906780.24,,435264.75
2026-06-17 23:00:00,912376.17,,434369.76
2026-06-18 00:00:00,917711.52,,438619.34
2026-06-18 01:00:00,920158.02,,440105.78
2026-06-18 02:00:00,923460.91,,439930.21
2026-06-18 03:00:00,928037.10,,441197.14
2026-06-18 04:00:00,912939.83,,435769.50
2026-06-18 05:00:00,899843.44,,431893.12
2026-06-18 06:00:00,896371.70,,430412.77
2026-06-18 07:00:00,877463.11,,429354.86
2026-06-18 08:00:00,885531.03,,432977.41
2026-06-18 09:00:00,867622.96,,432325.56
2026-06-18 10:00:00,865951.93,,431527.94
2026-06-18 11:00:00,854208.16,,428540.68
2026-06-18 12:00:00,840952.17,,424942.43
2026-06-18 13:00:00,848904.93,,429996.22
2026-06-18 14:00:00,837897.81,,423852.34
2026-06-18 15:00:00,839831.59,,426727.00
2026-06-18 16:00:00,797068.82,,403600.03
2026-06-18 17:00:00,809871.99,,408990.45
2026-06-18 18:00:00,804532.44,,408747.76
2026-06-18 19:00:00,812895.94,,414223.27
2026-06-18 20:00:00,818256.36,,415948.45
2026-06-18 21:00:00,820427.90,,418081.07
2026-06-18 22:00:00,818311.50,,417375.38
2026-06-18 23:00:00,815295.84,,420121.65
2026-06-19 00:00:00,819172.75,,422970.80
2026-06-19 01:00:00,815521.60,,423093.35
2026-06-19 02:00:00,818880.64,,424907.19
2026-06-19 03:00:00,813982.16,,423924.51
2026-06-19 04:00:00,802103.43,,417478.31
2026-06-19 05:00:00,788472.13,,410373.86
2026-06-19 06:00:00,796856.76,,413796.62
2026-06-19 07:00:00,797226.83,,414448.27
2026-06-19 08:00:00,788178.77,,409231.24
2026-06-19 09:00:00,788398.63,,411132.10
2026-06-19 10:00:00,788286.55,,413019.67
2026-06-19 11:00:00,789343.60,,413731.96
2026-06-19 12:00:00,788670.42,,415867.12
2026-06-19 13:00:00,793492.06,,418833.09
2026-06-19 14:00:00,810543.15,,431138.89
2026-06-19 15:00:00,811045.26,,434492.22
2026-06-19 16:00:00,813351.75,,432860.95
2026-06-19 17:00:00,804291.52,,428324.18
2026-06-19 18:00:00,813128.60,,431827.63
2026-06-19 19:00:00,815638.24,,428740.25
2026-06-19 20:00:00,816300.74,,427378.14
2026-06-19 21:00:00,823816.58,,429528.91
2026-06-19 22:00:00,816983.32,,425076.47
2026-06-19 23:00:00,819473.30,,426405.72
2026-06-20 00:00:00,817823.42,,432220.93
2026-06-20 01:00:00,819038.04,,433187.35
2026-06-20 02:00:00,819999.94,,429469.17
2026-06-20 03:00:00,823479.62,,429404.47
2026-06-20 04:00:00,823154.79,,427964.23
2026-06-20 05:00:00,832844.63,,430843.47
2026-06-20 06:00:00,836807.48,,435373.79
2026-06-20 07:00:00,872498.73,,441831.10
2026-06-20 08:00:00,864189.33,,439477.13
2026-06-20 09:00:00,866758.32,,439068.62
2026-06-20 10:00:00,875660.74,,440055.33
2026-06-20 11:00:00,876493.33,,439183.98
2026-06-20 12:00:00,842437.52,,437650.51
2026-06-20 13:00:00,847308.85,,433433.17
2026-06-20 14:00:00,836787.51,,429871.30
2026-06-20 15:00:00,851214.56,,429856.20
2026-06-20 16:00:00,847600.93,,437242.48
2026-06-20 17:00:00,848266.35,,433707.01
2026-06-20 18:00:00,845944.24,,432029.83
2026-06-20 19:00:00,849737.01,,433974.62
2026-06-20 20:00:00,851070.80,,434201.03
2026-06-20 21:00:00,846864.85,,433355.13
2026-06-20 22:00:00,850007.66,,436672.63
2026-06-20 23:00:00,868343.32,,444313.42
2026-06-21 00:00:00,874266.36,,444869.25
2026-06-21 01:00:00,892900.27,,446034.77
2026-06-21 02:00:00,895609.37,,443811.62
2026-06-21 03:00:00,900911.37,,443576.67
2026-06-21 04:00:00,870508.69,,445834.48
2026-06-21 05:00:00,868830.72,,444234.01
2026-06-21 06:00:00,866482.35,,442647.92
2026-06-21 07:00:00,871149.76,,451789.96
2026-06-21 08:00:00,870972.46,,453092.78
2026-06-21 09:00:00,867887.89,,453681.53
2026-06-21 10:00:00,884504.86,,475999.54
2026-06-21 11:00:00,880333.69,,456166.60
2026-06-21 12:00:00,870609.12,,455089.26
2026-06-21 13:00:00,881296.00,,462755.86
2026-06-21 14:00:00,882715.61,,461842.40
2026-06-21 15:00:00,879477.75,,461682.73
2026-06-21 16:00:00,880672.15,,458014.04
2026-06-21 17:00:00,921557.59,,470958.72
2026-06-21 18:00:00,917949.72,,467829.92
2026-06-21 19:00:00,914523.33,,466031.31
2026-06-21 20:00:00,917778.44,,466300.64
2026-06-21 21:00:00,870642.03,,458404.25
2026-06-21 22:00:00,859169.07,,450523.75
2026-06-21 23:00:00,867857.98,,453935.17
2026-06-22 00:00:00,860190.54,,448448.95
2026-06-22 01:00:00,878284.14,,458659.16
2026-06-22 02:00:00,877623.83,,462690.73
2026-06-22 03:00:00,874056.29,,456887.42
2026-06-22 04:00:00,865297.02,,451982.28
2026-06-22 05:00:00,871552.86,,457420.53
2026-06-22 06:00:00,867937.02,,456438.39
2026-06-22 07:00:00,867630.82,,453714.12
2026-06-22 08:00:00,876405.01,,457452.77
2026-06-22 09:00:00,875185.89,,454543.27
2026-06-22 10:00:00,874139.40,,454728.78
2026-06-22 11:00:00,896971.35,,457584.94
2026-06-22 12:00:00,947886.68,,473623.46
2026-06-22 13:00:00,962661.32,,472163.09
2026-06-22 14:00:00,961675.90,,470468.18
2026-06-22 15:00:00,944442.51,,464991.12
2026-06-22 16:00:00,921404.01,,463187.99
2026-06-22 17:00:00,920402.08,,463904.04
2026-06-22 18:00:00,919446.39,,460181.44
2026-06-22 19:00:00,916309.58,,456423.50
2026-06-22 20:00:00,908826.18,,454790.17
2026-06-22 21:00:00,907202.50,,454583.50
2026-06-22 22:00:00,900005.23,,452102.00
2026-06-22 23:00:00,881831.52,,444358.62
2026-06-23 00:00:00,889366.78,,445176.81
2026-06-23 01:00:00,884520.91,,447580.50
2026-06-23 02:00:00,882250.75,,449775.08
2026-06-23 03:00:00,886280.16,,449050.55
2026-06-23 04:00:00,886808.30,,448761.08
2026-06-23 05:00:00,882064.34,,448141.29
2026-06-23 06:00:00,876549.92,,445801.93
2026-06-23 07:00:00,849299.31,,434315.44
2026-06-23 08:00:00,844607.56,,432798.11
2026-06-23 09:00:00,824977.22,,427929.51
2026-06-23 10:00:00,829539.72,,429263.66
2026-06-23 11:00:00,829164.10,,426484.71
2026-06-23 12:00:00,844640.47,,432620.56
2026-06-23 13:00:00,842748.71,,428789.27
2026-06-23 14:00:00,830580.07,,435778.48
2026-06-23 15:00:00,823196.24,,431995.35
2026-06-23 16:00:00,817763.56,,430599.97
2026-06-23 17:00:00,820027.24,,432368.30
2026-06-23 18:00:00,817418.27,,429997.72
2026-06-23 19:00:00,816813.93,,429550.72
2026-06-23 20:00:00,810053.88,,428447.99
2026-06-23 21:00:00,808507.67,,426438.91
2026-06-23 22:00:00,808743.78,,426163.87
2026-06-23 23:00:00,814045.83,,427249.14
2026-06-24 00:00:00,811221.50,,425921.16
2026-06-24 01:00:00,813532.76,,427904.52
2026-06-24 02:00:00,809439.98,,427381.14
2026-06-24 03:00:00,804190.14,,423376.96
2026-06-24 04:00:00,808470.43,,426760.79
2026-06-24 05:00:00,807876.60,,426341.50
2026-06-24 06:00:00,812857.30,,427158.99
2026-06-24 07:00:00,809707.08,,426158.17
2026-06-24 08:00:00,826138.67,,425546.52
2026-06-24 09:00:00,828774.78,,425754.87
2026-06-24 10:00:00,822551.33,,422895.19
2026-06-24 11:00:00,815806.08,,418735.18
2026-06-24 12:00:00,824146.35,,423867.46
2026-06-24 13:00:00,818715.03,,420828.97
2026-06-24 14:00:00,794037.75,,406414.24
2026-06-24 15:00:00,798986.23,,410372.23
2026-06-24 16:00:00,784885.18,,401475.15
2026-06-24 17:00:00,766942.93,,387351.10
2026-06-24 18:00:00,759827.79,,373729.38
2026-06-24 19:00:00,775246.57,,381396.66
2026-06-24 20:00:00,777714.15,,385353.40
2026-06-24 21:00:00,793829.53,,387572.85
2026-06-24 22:00:00,795878.55,,386740.89
2026-06-24 23:00:00,793440.58,,383796.77
2026-06-25 00:00:00,794706.13,,384524.42
2026-06-25 01:00:00,792167.24,,381215.17
2026-06-25 02:00:00,794696.03,,381040.67
2026-06-25 03:00:00,791253.25,,380803.02
2026-06-25 04:00:00,789615.92,,379590.56
2026-06-25 05:00:00,803000.97,,384837.70
2026-06-25 06:00:00,808264.27,,386992.13
2026-06-25 07:00:00,806758.30,,386103.12
2026-06-25 08:00:00,816948.49,,385956.85
2026-06-25 09:00:00,809757.25,,382197.77
2026-06-25 10:00:00,809248.56,,380641.32
2026-06-25 11:00:00,802596.05,,380588.97
2026-06-25 12:00:00,797276.51,,377998.81
2026-06-25 13:00:00,808802.07,,378612.25
2026-06-25 14:00:00,734012.41,,348326.50
2026-06-25 15:00:00,771737.93,,356294.44
2026-06-25 16:00:00,775412.69,,358513.40
2026-06-25 17:00:00,775308.75,,353637.22
2026-06-25 18:00:00,777731.99,,359736.22
2026-06-25 19:00:00,769348.87,,354779.67
2026-06-25 20:00:00,763356.40,,355084.39
2026-06-25 21:00:00,768583.74,,358568.58
2026-06-25 22:00:00,779512.78,,365014.94
2026-06-25 23:00:00,775296.76,,362625.46
2026-06-26 00:00:00,782279.36,,367144.78
2026-06-26 01:00:00,779938.04,,367458.78
2026-06-26 02:00:00,794616.95,,373065.30
2026-06-26 03:00:00,808651.13,,366171.16
2026-06-26 04:00:00,835126.88,,379023.86
2026-06-26 05:00:00,834111.16,,377508.65
2026-06-26 06:00:00,837486.37,,379773.75
2026-06-26 07:00:00,860677.29,,389500.07
2026-06-26 08:00:00,878800.70,,393661.51
2026-06-26 09:00:00,857547.46,,393916.51
2026-06-26 10:00:00,858604.80,,392942.68
2026-06-26 11:00:00,857636.26,,391624.34
2026-06-26 12:00:00,849913.33,,389406.59
2026-06-26 13:00:00,855805.51,,392835.64
2026-06-26 14:00:00,881001.84,,410448.26
2026-06-26 15:00:00,880194.29,,409994.09
2026-06-26 16:00:00,925181.78,,419161.78
2026-06-26 17:00:00,955485.57,,447072.62
2026-06-26 18:00:00,975031.89,,452684.76
2026-06-26 19:00:00,973149.64,,448897.71
2026-06-26 20:00:00,973477.83,,451637.67
2026-06-26 21:00:00,978416.77,,450608.02
2026-06-26 22:00:00,982280.73,,447495.26
2026-06-26 23:00:00,988430.84,,447382.95
2026-06-27 00:00:00,996181.35,,447120.77
2026-06-27 01:00:00,942225.91,,444609.12
2026-06-27 02:00:00,938810.61,,441707.68
2026-06-27 03:00:00,1004112.58,,442083.33
2026-06-27 04:00:00,939215.10,,428114.23
2026-06-27 05:00:00,936156.11,,424613.19
2026-06-27 06:00:00,941509.37,,426526.55
2026-06-27 07:00:00,936426.44,,428166.77
2026-06-27 08:00:00,936710.13,,429334.12
2026-06-27 09:00:00,934967.10,,420472.31
2026-06-27 10:00:00,984336.26,,427895.78
2026-06-27 11:00:00,989144.58,,420114.62
2026-06-27 12:00:00,937606.02,,413513.58
2026-06-27 13:00:00,937825.65,,413599.60
2026-06-27 14:00:00,942881.41,,414595.90
2026-06-27 15:00:00,959261.50,,419709.26
2026-06-27 16:00:00,989591.65,,419223.32
2026-06-27 17:00:00,997364.50,,422086.75
2026-06-27 18:00:00,972624.05,,413165.79
2026-06-27 19:00:00,973802.34,,412837.38
2026-06-27 20:00:00,963813.45,,405609.52
2026-06-27 21:00:00,964391.61,,406191.74
2026-06-27 22:00:00,938060.87,,403308.89
2026-06-27 23:00:00,938415.16,,403340.52
2026-06-28 00:00:00,935478.14,,401894.10
2026-06-28 01:00:00,930324.14,,403532.88
2026-06-28 02:00:00,926236.98,,403618.36
2026-06-28 03:00:00,923140.76,,403517.58
2026-06-28 04:00:00,928096.21,,406064.44
2026-06-28 05:00:00,919167.19,,408017.21
2026-06-28 06:00:00,919296.79,,408485.34
2026-06-28 07:00:00,920049.92,,407877.95
2026-06-28 08:00:00,925553.79,,408898.65
2026-06-28 09:00:00,936937.09,,411008.34
2026-06-28 10:00:00,930515.32,,406751.68
2026-06-28 11:00:00,932239.12,,398371.35
2026-06-28 12:00:00,953534.85,,408476.09
2026-06-28 13:00:00,975870.53,,411286.54
2026-06-28 14:00:00,980965.40,,411587.10
2026-06-28 15:00:00,1004774.35,,414988.65
2026-06-28 16:00:00,1013682.02,,416597.42
2026-06-28 17:00:00,998426.40,,410354.44
2026-06-28 18:00:00,1004398.68,,412954.05
2026-06-28 19:00:00,996322.05,,407112.12
2026-06-28 20:00:00,991935.72,,403838.03
2026-06-28 21:00:00,991743.92,,403067.76
2026-06-28 22:00:00,973651.52,,399253.45
2026-06-28 23:00:00,971357.09,,396028.72
2026-06-29 00:00:00,980668.83,,401444.67
2026-06-29 01:00:00,985017.38,,403700.41
2026-06-29 02:00:00,981895.44,,403150.98
2026-06-29 03:00:00,997918.02,,402558.87
2026-06-29 04:00:00,998736.81,,406284.83
2026-06-29 05:00:00,985579.71,,401097.92
2026-06-29 06:00:00,989483.41,,398894.83
2026-06-29 07:00:00,1001685.52,,400467.03
2026-06-29 08:00:00,1011348.56,,400872.76
2026-06-29 09:00:00,1006032.64,,404868.87
2026-06-29 10:00:00,1025123.24,,411895.34
2026-06-29 11:00:00,1034435.24,,412658.57
2026-06-29 12:00:00,1017380.25,,412473.46
2026-06-29 13:00:00,1013318.47,,414799.45
2026-06-29 14:00:00,1009476.39,,407911.31
2026-06-29 15:00:00,1010552.33,,405894.24
2026-06-29 16:00:00,1007719.23,,410586.10
2026-06-29 17:00:00,1013327.51,,410783.86
2026-06-29 18:00:00,1018745.19,,415262.04
2026-06-29 19:00:00,1018565.48,,412524.85
2026-06-29 20:00:00,1006066.72,,415235.46
2026-06-29 21:00:00,998788.04,,414209.54
2026-06-29 22:00:00,995846.62,,416796.90
2026-06-29 23:00:00,987881.09,,414285.59
2026-06-30 00:00:00,981005.29,,414707.55
2026-06-30 01:00:00,968253.17,,411164.19
2026-06-30 02:00:00,958101.54,,409156.50
2026-06-30 03:00:00,954364.16,,407924.06
2026-06-30 04:00:00,942527.22,,404134.82
2026-06-30 05:00:00,942674.09,,404322.84
2026-06-30 06:00:00,938787.16,,406235.26
2026-06-30 07:00:00,936723.07,,401404.93
2026-06-30 08:00:00,927505.69,,399743.49
2026-06-30 09:00:00,916550.29,,396393.27
2026-06-30 10:00:00,925235.94,,401230.93
2026-06-30 11:00:00,927521.26,,401623.00
2026-06-30 12:00:00,907887.79,,394591.11
2026-06-30 13:00:00,900326.26,,390369.65
2026-06-30 14:00:00,921821.96,,400870.01
2026-06-30 15:00:00,930408.86,,398557.71
2026-06-30 16:00:00,934350.68,,400704.84
2026-06-30 17:00:00,944626.92,,404888.43
2026-06-30 18:00:00,934698.24,,401672.15
2026-06-30 19:00:00,944855.94,,406163.27
2026-06-30 20:00:00,940668.89,,407778.03
2026-06-30 21:00:00,939072.80,,406012.05
2026-06-30 22:00:00,936862.74,,405217.51
2026-06-30 23:00:00,932692.26,,404298.90
2026-07-01 00:00:00,931504.07,,405154.99
2026-07-01 01:00:00,932411.05,,403156.88
2026-07-01 02:00:00,939945.49,,407132.00
2026-07-01 03:00:00,940804.65,,416213.50
2026-07-01 04:00:00,958427.26,,420920.35
2026-07-01 05:00:00,961695.28,,420187.38
2026-07-01 06:00:00,951364.98,,411901.99
2026-07-01 07:00:00,934741.91,,404236.08
2026-07-01 08:00:00,934479.53,,406731.77
2026-07-01 09:00:00,936561.82,,411166.73
2026-07-01 10:00:00,934334.86,,409771.81
2026-07-01 11:00:00,932554.46,,408453.41
2026-07-01 12:00:00,928048.53,,408692.58
2026-07-01 13:00:00,923995.43,,406955.91
2026-07-01 14:00:00,933261.02,,418149.45
2026-07-01 15:00:00,932720.33,,418901.59
2026-07-01 16:00:00,937573.62,,435541.47
2026-07-01 17:00:00,922232.85,,428227.36
2026-07-01 18:00:00,917939.43,,429487.34
2026-07-01 19:00:00,897300.17,,423351.12
2026-07-01 20:00:00,883997.66,,418341.37
2026-07-01 21:00:00,890551.64,,424289.36
2026-07-01 22:00:00,903374.29,,427513.82
2026-07-01 23:00:00,894630.98,,422877.98
2026-07-02 00:00:00,888567.93,,419106.91
2026-07-02 01:00:00,884277.93,,421693.28
2026-07-02 02:00:00,891225.94,,427146.89
2026-07-02 03:00:00,890581.97,,426310.10
2026-07-02 04:00:00,894126.05,,440561.12
2026-07-02 05:00:00,892680.65,,436470.91
2026-07-02 06:00:00,916582.59,,433127.78
2026-07-02 07:00:00,906869.50,,428614.38
2026-07-02 08:00:00,907334.02,,428864.78
2026-07-02 09:00:00,915495.92,,429774.31
2026-07-02 10:00:00,922284.89,,437299.67
2026-07-02 11:00:00,948049.14,,449475.82
2026-07-02 12:00:00,935531.54,,446893.53
2026-07-02 13:00:00,927494.89,,442740.17
2026-07-02 14:00:00,941477.70,,446882.59
2026-07-02 15:00:00,932781.59,,440333.09
2026-07-02 16:00:00,945670.98,,433566.32
2026-07-02 17:00:00,933610.05,,430749.77
2026-07-02 18:00:00,935564.48,,430832.54
2026-07-02 19:00:00,941023.59,,434081.29
2026-07-02 20:00:00,934761.02,,433838.88
2026-07-02 21:00:00,940604.73,,437972.17
2026-07-02 22:00:00,938445.35,,437729.24
2026-07-02 23:00:00,931032.55,,435032.10
2026-07-03 00:00:00,932333.14,,436107.47
2026-07-03 01:00:00,934522.03,,435550.13
2026-07-03 02:00:00,950077.36,,441833.17
2026-07-03 03:00:00,946515.69,,439753.36
2026-07-03 04:00:00,941675.69,,438901.33
2026-07-03 05:00:00,936290.27,,437437.03
2026-07-03 06:00:00,939912.31,,438165.67
2026-07-03 07:00:00,940336.35,,439064.31
2026-07-03 08:00:00,943899.52,,439755.73
2026-07-03 09:00:00,943783.37,,440527.18
2026-07-03 10:00:00,948007.41,,440776.10
2026-07-03 11:00:00,963625.80,,446791.86
2026-07-03 12:00:00,965862.28,,445477.11
2026-07-03 13:00:00,968489.21,,446972.13
2026-07-03 14:00:00,977907.72,,446480.74
2026-07-03 15:00:00,980694.84,,444868.43
2026-07-03 16:00:00,985851.84,,442565.73
2026-07-03 17:00:00,978695.42,,442849.85
2026-07-03 18:00:00,976390.82,,442757.58
2026-07-03 19:00:00,976105.08,,443978.24
2026-07-03 20:00:00,977470.80,,440775.78
2026-07-03 21:00:00,977450.77,,447936.28
2026-07-03 22:00:00,982731.60,,450423.53
2026-07-03 23:00:00,978757.12,,447083.57
2026-07-04 00:00:00,991813.31,,449107.92
2026-07-04 01:00:00,978248.91,,446501.16
2026-07-04 02:00:00,961568.61,,442580.90
2026-07-04 03:00:00,972096.52,,444603.95
2026-07-04 04:00:00,968600.81,,444462.67
2026-07-04 05:00:00,968560.05,,447741.17
2026-07-04 06:00:00,958955.36,,442816.55
2026-07-04 07:00:00,955090.80,,442226.54
2026-07-04 08:00:00,945538.44,,440150.69
2026-07-04 09:00:00,941192.65,,440236.06
2026-07-04 10:00:00,937567.13,,439327.14
2026-07-04 11:00:00,940749.15,,440255.80
2026-07-04 12:00:00,940756.47,,440672.43
2026-07-04 13:00:00,946788.68,,444170.51
2026-07-04 14:00:00,945110.70,,443313.15
2026-07-04 15:00:00,952835.07,,446924.45
2026-07-04 16:00:00,969521.09,,444039.57
2026-07-04 17:00:00,965184.94,,443920.00
2026-07-04 18:00:00,957014.02,,448678.22
2026-07-04 19:00:00,951823.35,,445553.54
2026-07-04 20:00:00,954246.96,,440093.61
2026-07-04 21:00:00,955144.86,,440532.74
2026-07-04 22:00:00,953100.67,,441249.90
2026-07-04 23:00:00,951342.37,,439277.36
2026-07-05 00:00:00,946842.84,,443641.54
2026-07-05 01:00:00,944397.90,,449066.62
2026-07-05 02:00:00,947536.63,,450858.23
2026-07-05 03:00:00,930864.10,,449313.11
2026-07-05 04:00:00,931386.27,,449565.75
2026-07-05 05:00:00,932139.89,,448955.10
2026-07-05 06:00:00,918878.23,,445380.74
2026-07-05 07:00:00,920120.90,,446863.67
2026-07-05 08:00:00,923075.91,,448707.15
2026-07-05 09:00:00,916456.52,,446929.19
2026-07-05 10:00:00,906379.32,,442181.01
2026-07-05 11:00:00,908539.78,,443198.18
2026-07-05 12:00:00,906411.93,,443468.17
2026-07-05 13:00:00,909329.20,,445840.67
2026-07-05 14:00:00,911341.19,,446816.16
2026-07-05 15:00:00,913607.23,,449501.23
2026-07-05 16:00:00,907061.74,,446564.85
2026-07-05 17:00:00,909321.72,,444067.67
2026-07-05 18:00:00,906885.56,,443711.06
2026-07-05 19:00:00,910423.11,,442998.21
2026-07-05 20:00:00,906230.21,,442292.18
2026-07-05 21:00:00,899053.36,,441874.67
2026-07-05 22:00:00,907999.22,,445140.58
2026-07-05 23:00:00,918016.42,,445800.27
2026-07-06 00:00:00,916211.87,,442814.47
2026-07-06 01:00:00,918566.55,,445698.50
2026-07-06 02:00:00,901295.00,,440607.89
2026-07-06 03:00:00,900822.60,,436651.52
2026-07-06 04:00:00,898658.94,,439543.51
2026-07-06 05:00:00,895649.19,,436899.44
2026-07-06 06:00:00,887648.15,,428405.79
2026-07-06 07:00:00,886755.43,,425903.33
2026-07-06 08:00:00,891539.50,,427476.26
2026-07-06 09:00:00,891994.03,,426993.49
2026-07-06 10:00:00,897485.11,,422826.52
2026-07-06 11:00:00,907194.31,,427057.62
2026-07-06 12:00:00,906463.85,,426197.83
2026-07-06 13:00:00,891510.76,,419841.18
2026-07-06 14:00:00,907055.59,,425984.68
2026-07-06 15:00:00,917118.05,,429057.88
2026-07-06 16:00:00,942628.35,,440114.79
2026-07-06 17:00:00,950012.49,,440183.72
2026-07-06 18:00:00,939149.15,,441244.89
2026-07-06 19:00:00,951205.10,,441067.24
2026-07-06 20:00:00,954450.81,,439635.46
2026-07-06 21:00:00,958700.64,,440345.86
2026-07-06 22:00:00,960987.48,,445616.36
2026-07-06 23:00:00,952624.17,,440013.82
2026-07-07 00:00:00,946623.50,,438450.48
2026-07-07 01:00:00,944443.19,,439335.82
2026-07-07 02:00:00,932433.45,,434367.36
2026-07-07 03:00:00,922561.74,,430257.98
2026-07-07 04:00:00,923123.12,,428040.80
2026-07-07 05:00:00,924507.33,,425604.15
2026-07-07 06:00:00,926819.25,,424802.98
2026-07-07 07:00:00,929478.68,,426149.35
2026-07-07 08:00:00,922409.05,,423412.77
2026-07-07 09:00:00,913200.72,,423484.48
2026-07-07 10:00:00,913212.24,,422430.39
2026-07-07 11:00:00,909398.46,,422790.44
2026-07-07 12:00:00,910961.28,,421855.16
2026-07-07 13:00:00,915326.48,,421591.29
2026-07-07 14:00:00,910456.86,,418654.65
2026-07-07 15:00:00,905663.57,,424685.30
2026-07-07 16:00:00,944705.44,,429097.61
2026-07-07 17:00:00,958402.97,,427277.18
2026-07-07 18:00:00,952584.89,,426807.91
2026-07-07 19:00:00,936063.10,,420388.92
2026-07-07 20:00:00,931216.21,,420548.91
2026-07-07 21:00:00,928328.56,,418529.32
2026-07-07 22:00:00,923420.31,,416966.89
2026-07-07 23:00:00,916813.41,,417666.87
2026-07-08 00:00:00,914757.56,,415254.41
2026-07-08 01:00:00,913530.60,,414028.14
2026-07-08 02:00:00,890299.69,,407229.86
2026-07-08 03:00:00,885054.63,,406528.13
2026-07-08 04:00:00,880849.17,,404793.42
2026-07-08 05:00:00,866993.06,,408513.30
2026-07-08 06:00:00,864094.60,,405914.21
2026-07-08 07:00:00,866404.15,,403058.96
2026-07-08 08:00:00,869406.80,,401174.06
2026-07-08 09:00:00,856498.68,,390489.22
2026-07-08 10:00:00,856760.98,,388525.00
2026-07-08 11:00:00,856437.99,,388595.72
2026-07-08 12:00:00,863020.81,,390562.75
2026-07-08 13:00:00,860050.98,,388226.60
2026-07-08 14:00:00,866342.81,,389828.59
2026-07-08 15:00:00,869387.81,,388898.81
2026-07-08 16:00:00,867248.57,,384127.44
2026-07-08 17:00:00,879642.38,,388143.08
2026-07-08 18:00:00,881452.11,,387789.37
2026-07-08 19:00:00,876781.14,,386117.60
2026-07-08 20:00:00,873988.21,,385793.95
2026-07-08 21:00:00,869580.66,,383691.41
2026-07-08 22:00:00,870519.33,,386097.33
2026-07-08 23:00:00,874580.98,,386653.05
2026-07-09 00:00:00,877809.53,,388342.97
2026-07-09 01:00:00,874073.74,,386862.76
2026-07-09 02:00:00,875508.76,,384275.31
2026-07-09 03:00:00,874973.19,,384534.02
2026-07-09 04:00:00,877020.00,,385177.42
2026-07-09 05:00:00,883552.14,,388032.74
2026-07-09 06:00:00,888816.41,,393053.30
2026-07-09 07:00:00,886374.05,,387411.04
2026-07-09 08:00:00,876724.06,,385059.62
2026-07-09 09:00:00,872514.80,,385527.03
2026-07-09 10:00:00,869412.78,,381956.17
2026-07-09 11:00:00,866280.08,,379320.48
2026-07-09 12:00:00,866881.83,,378479.00
2026-07-09 13:00:00,863998.36,,376585.34
2026-07-09 14:00:00,868002.44,,377677.06
2026-07-09 15:00:00,860525.20,,375066.47
2026-07-09 16:00:00,852735.91,,373850.95
2026-07-09 17:00:00,853327.92,,374107.02
2026-07-09 18:00:00,859548.85,,376491.25
2026-07-09 19:00:00,851780.62,,375585.99
2026-07-09 20:00:00,849646.54,,374022.27
2026-07-09 21:00:00,853478.13,,375844.59
2026-07-09 22:00:00,851533.95,,375327.11
2026-07-09 23:00:00,849794.49,,373908.30
2026-07-10 00:00:00,846465.85,,371208.49
2026-07-10 01:00:00,847819.66,,370701.71
2026-07-10 02:00:00,870330.14,,391101.45
2026-07-10 03:00:00,871018.39,,388419.05
2026-07-10 04:00:00,866919.03,,385569.52
2026-07-10 05:00:00,867439.04,,385128.44
2026-07-10 06:00:00,861778.03,,383692.28
2026-07-10 07:00:00,857719.67,,379875.49
2026-07-10 08:00:00,860282.30,,378793.35
2026-07-10 09:00:00,868166.47,,380077.82
2026-07-10 10:00:00,864189.79,,379447.91
2026-07-10 11:00:00,872340.40,,379940.26
2026-07-10 12:00:00,868261.01,,378551.32
2026-07-10 13:00:00,861216.04,,378839.32
2026-07-10 14:00:00,858198.29,,377918.52
2026-07-10 15:00:00,842233.04,,370751.29
2026-07-10 16:00:00,849284.50,,373313.74
2026-07-10 17:00:00,852222.03,,374750.33
2026-07-10 18:00:00,848944.48,,373620.93
2026-07-10 19:00:00,847649.53,,375249.40
2026-07-10 20:00:00,853298.17,,374440.57
2026-07-10 21:00:00,849433.94,,373386.66
2026-07-10 22:00:00,850422.10,,374230.49
2026-07-10 23:00:00,850542.74,,375123.63
2026-07-11 00:00:00,850939.02,,375112.17
2026-07-11 01:00:00,854640.15,,375522.95
2026-07-11 02:00:00,861670.07,,375114.81
2026-07-11 03:00:00,864981.50,,381838.70
2026-07-11 04:00:00,865911.60,,381186.02
2026-07-11 05:00:00,862982.31,,381899.98
2026-07-11 06:00:00,864614.52,,383251.30
2026-07-11 07:00:00,865051.58,,384057.72
2026-07-11 08:00:00,865001.60,,383011.74
2026-07-11 09:00:00,867643.39,,389639.77
2026-07-11 10:00:00,864566.83,,386903.58
2026-07-11 11:00:00,872980.08,,387214.03
2026-07-11 12:00:00,878363.56,,388659.95
2026-07-11 13:00:00,881356.84,,389670.09
2026-07-11 14:00:00,884896.91,,397386.26
2026-07-11 15:00:00,886179.75,,404249.37
2026-07-11 16:00:00,880616.84,,404837.81
2026-07-11 17:00:00,880510.80,,405515.98
2026-07-11 18:00:00,876894.84,,404746.32
2026-07-11 19:00:00,886412.65,,408083.83
2026-07-11 20:00:00,883769.66,,407734.36
2026-07-11 21:00:00,882717.94,,408231.11
2026-07-11 22:00:00,875665.16,,407752.31
2026-07-11 23:00:00,868286.43,,402543.65
2026-07-12 00:00:00,851594.34,,394166.78
2026-07-12 01:00:00,845326.53,,391473.94
2026-07-12 02:00:00,853192.09,,396289.76
2026-07-12 03:00:00,857358.80,,392767.63
2026-07-12 04:00:00,862093.92,,394348.09
2026-07-12 05:00:00,857824.85,,391099.12
2026-07-12 06:00:00,855093.82,,390440.69
2026-07-12 07:00:00,853434.59,,391045.89
2026-07-12 08:00:00,853479.19,,390937.41
2026-07-12 09:00:00,855285.77,,386639.68
2026-07-12 10:00:00,853718.12,,386137.71
2026-07-12 11:00:00,853903.87,,386422.31
2026-07-12 12:00:00,863949.55,,388421.48
2026-07-12 13:00:00,870256.39,,389263.19
2026-07-12 14:00:00,872360.58,,390846.45
2026-07-12 15:00:00,876399.05,,394902.10
2026-07-12 16:00:00,873621.41,,386892.47
2026-07-12 17:00:00,865301.50,,387447.82
2026-07-12 18:00:00,860243.28,,386519.16
2026-07-12 19:00:00,858926.02,,387286.60
2026-07-12 20:00:00,853115.87,,387470.94
2026-07-12 21:00:00,848689.71,,385247.28
2026-07-12 22:00:00,842419.79,,382018.53
2026-07-12 23:00:00,832558.33,,378099.15
2026-07-13 00:00:00,829891.15,,377641.93
2026-07-13 01:00:00,839383.62,,380558.08
2026-07-13 02:00:00,828113.64,,374829.23
2026-07-13 03:00:00,829048.58,,375257.27
2026-07-13 04:00:00,811536.97,,372777.61
2026-07-13 05:00:00,815768.44,,375290.82
2026-07-13 06:00:00,819116.13,,376832.86
2026-07-13 07:00:00,823969.38,,378125.92
2026-07-13 08:00:00,824852.96,,379330.36
2026-07-13 09:00:00,829806.21,,377913.43
2026-07-13 10:00:00,828816.78,,376507.32
2026-07-13 11:00:00,828696.24,,376308.90
2026-07-13 12:00:00,830477.31,,376690.97
2026-07-13 13:00:00,824016.81,,377919.08
2026-07-13 14:00:00,821853.42,,368044.60
2026-07-13 15:00:00,837770.88,,377233.09
2026-07-13 16:00:00,832425.64,,376064.11
2026-07-13 17:00:00,834452.31,,374443.79
2026-07-13 18:00:00,820152.04,,373367.01
2026-07-13 19:00:00,828762.32,,370571.90
2026-07-13 20:00:00,829949.93,,371064.83
2026-07-13 21:00:00,827312.98,,368140.59
2026-07-13 22:00:00,814445.27,,365645.55
2026-07-13 23:00:00,815586.61,,366955.59
2026-07-14 00:00:00,819655.60,,368297.88
2026-07-14 01:00:00,821924.61,,370534.95
2026-07-14 02:00:00,819267.84,,369155.86
2026-07-14 03:00:00,818585.81,,367316.53
2026-07-14 04:00:00,824251.02,,366148.82
2026-07-14 05:00:00,832309.43,,367701.63
2026-07-14 06:00:00,838811.81,,370761.50
2026-07-14 07:00:00,844940.00,,372161.95
2026-07-14 08:00:00,841803.80,,371228.98
2026-07-14 09:00:00,843912.43,,371415.27
2026-07-14 10:00:00,841545.07,,370468.26
2026-07-14 11:00:00,845918.99,,370349.58
2026-07-14 12:00:00,847038.76,,370741.08
2026-07-14 13:00:00,868578.07,,376268.62
2026-07-14 14:00:00,871717.66,,382234.49
2026-07-14 15:00:00,889691.21,,387932.16
2026-07-14 16:00:00,880301.38,,388118.95
2026-07-14 17:00:00,873275.01,,385237.76
2026-07-14 18:00:00,870656.31,,381772.37
2026-07-14 19:00:00,859844.43,,379768.19
2026-07-14 20:00:00,858451.11,,376648.71
2026-07-14 21:00:00,849059.48,,375155.05
2026-07-14 22:00:00,847248.49,,375843.30
2026-07-14 23:00:00,852609.01,,376063.56
2026-07-15 00:00:00,858055.92,,376437.68
2026-07-15 01:00:00,843859.55,,374012.06
2026-07-15 02:00:00,844770.78,,373244.85
2026-07-15 03:00:00,836293.90,,371240.49
2026-07-15 04:00:00,842948.95,,373742.00
2026-07-15 05:00:00,843928.25,,373675.23
2026-07-15 06:00:00,846757.67,,375300.38
2026-07-15 07:00:00,834369.91,,375550.62
2026-07-15 08:00:00,823868.96,,373519.28
2026-07-15 09:00:00,823724.62,,377313.84
2026-07-15 10:00:00,819234.87,,377524.40
2026-07-15 11:00:00,806374.60,,376780.19
2026-07-15 12:00:00,806963.09,,377176.02
2026-07-15 13:00:00,827463.06,,382023.23
2026-07-15 14:00:00,825326.45,,376076.72
2026-07-15 15:00:00,823145.20,,377091.29
2026-07-15 16:00:00,824008.17,,378759.49
2026-07-15 17:00:00,822564.21,,391885.31
2026-07-15 18:00:00,812185.38,,383896.42
2026-07-15 19:00:00,805450.92,,381310.92
2026-07-15 20:00:00,802330.47,,387009.12
2026-07-15 21:00:00,809186.68,,388115.24
2026-07-15 22:00:00,811257.49,,388417.32
2026-07-15 23:00:00,814446.17,,391859.54
2026-07-16 00:00:00,816444.41,,390880.17
2026-07-16 01:00:00,824134.59,,389567.50
2026-07-16 02:00:00,823066.61,,390673.41
2026-07-16 03:00:00,819481.69,,390605.36
2026-07-16 04:00:00,815511.58,,388809.98
2026-07-16 05:00:00,821383.00,,380997.84
2026-07-16 06:00:00,824914.87,,382383.35
2026-07-16 07:00:00,824021.31,,390506.11
2026-07-16 08:00:00,800284.31,,386265.77
2026-07-16 09:00:00,792814.92,,375833.30
2026-07-16 10:00:00,791041.26,,375761.25
2026-07-16 11:00:00,791510.93,,376568.35
2026-07-16 12:00:00,793125.91,,377428.67
2026-07-16 13:00:00,778665.38,,376490.17
2026-07-16 14:00:00,783308.74,,377251.42
2026-07-16 15:00:00,782762.21,,378389.69
2026-07-16 16:00:00,783227.65,,383835.69
2026-07-16 17:00:00,776641.88,,381862.00
2026-07-16 18:00:00,768939.76,,381021.31
2026-07-16 19:00:00,770195.19,,382869.11
2026-07-16 20:00:00,772261.95,,380745.41
2026-07-16 21:00:00,768474.72,,377523.76
2026-07-16 22:00:00,768322.05,,378538.25
2026-07-16 23:00:00,758034.68,,373728.26
2026-07-17 00:00:00,745089.59,,371632.99
2026-07-17 01:00:00,749609.40,,373478.28
2026-07-17 02:00:00,742608.10,,375071.35
2026-07-17 03:00:00,743393.85,,378201.66
2026-07-17 04:00:00,751714.09,,380646.50
2026-07-17 05:00:00,749316.72,,377836.01
2026-07-17 06:00:00,739493.47,,373220.21
2026-07-17 07:00:00,744192.44,,374018.33
2026-07-17 08:00:00,746302.21,,410998.01
2026-07-17 09:00:00,749412.41,,408536.62
2026-07-17 10:00:00,748133.47,,409421.84
2026-07-17 11:00:00,749022.05,,409442.65
2026-07-17 12:00:00,748142.30,,408684.13
2026-07-17 13:00:00,741796.30,,410391.01
2026-07-17 14:00:00,747212.39,,416233.47
2026-07-17 15:00:00,742135.46,,416023.03
2026-07-17 16:00:00,742054.58,,407122.97
2026-07-17 17:00:00,748801.77,,408023.01
2026-07-17 18:00:00,750349.63,,406090.41
2026-07-17 19:00:00,751305.98,,405933.20
2026-07-17 20:00:00,743984.73,,402869.78
2026-07-17 21:00:00,734416.15,,401423.05
2026-07-17 22:00:00,732331.85,,401235.23
2026-07-17 23:00:00,730922.00,,400546.48
2026-07-18 00:00:00,737866.60,,404635.26
2026-07-18 01:00:00,767016.83,,429992.59
2026-07-18 02:00:00,782842.10,,429671.72
2026-07-18 03:00:00,937763.86,,594096.58
2026-07-18 04:00:00,1012649.46,,707711.89
2026-07-18 05:00:00,1016305.76,,750384.49
2026-07-18 06:00:00,1014749.62,,711292.44
2026-07-18 07:00:00,994480.25,,649403.83
2026-07-18 08:00:00,946533.92,,598679.75
2026-07-18 09:00:00,927825.00,,565617.89
2026-07-18 10:00:00,937966.99,,549300.61
2026-07-18 11:00:00,929447.20,,527325.34
2026-07-18 12:00:00,927835.11,,521477.28
2026-07-18 13:00:00,912311.58,,512871.34
2026-07-18 14:00:00,916737.33,,497132.48
2026-07-18 15:00:00,941215.78,,510630.38
2026-07-18 16:00:00,908420.17,,495590.60
2026-07-18 17:00:00,911834.99,,500382.90
2026-07-18 18:00:00,899433.40,,497657.73
2026-07-18 19:00:00,878445.56,,456126.05
2026-07-18 20:00:00,871381.14,,444038.10
2026-07-18 21:00:00,862778.27,,439203.16
2026-07-18 22:00:00,874571.19,,435974.98
2026-07-18 23:00:00,875909.43,,436027.95
2026-07-19 00:00:00,883998.06,,432143.10
2026-07-19 01:00:00,868632.86,,423429.17
2026-07-19 02:00:00,861889.29,,416078.34
2026-07-19 03:00:00,872790.18,,412695.55
2026-07-19 04:00:00,839905.39,,406685.14
2026-07-19 05:00:00,845067.79,,400645.53
2026-07-19 06:00:00,848575.52,,410502.88
2026-07-19 07:00:00,850105.18,,400431.87
2026-07-19 08:00:00,850686.15,,393283.67
2026-07-19 09:00:00,848974.81,,395573.66
2026-07-19 10:00:00,844650.51,,392186.11
2026-07-19 11:00:00,842151.11,,389544.49
2026-07-19 12:00:00,849168.23,,414819.17
2026-07-19 13:00:00,863001.04,,411049.53
2026-07-19 14:00:00,855376.21,,404121.76
2026-07-19 15:00:00,861690.05,,406275.62
2026-07-19 16:00:00,855701.89,,405750.95
2026-07-19 17:00:00,847992.11,,393679.45
2026-07-19 18:00:00,847439.63,,383985.74
2026-07-19 19:00:00,843634.43,,376713.04
2026-07-19 20:00:00,847156.34,,376402.68
2026-07-19 21:00:00,902958.38,,386961.42
2026-07-19 22:00:00,887476.53,,383229.19
2026-07-19 23:00:00,885220.95,,381565.74
2026-07-20 00:00:00,886274.55,,380116.38
2026-07-20 01:00:00,880681.77,,379184.27
2026-07-20 02:00:00,871312.32,,376596.62
2026-07-20 03:00:00,813160.58,,377803.79
2026-07-20 04:00:00,810805.12,,376460.33
2026-07-20 05:00:00,803643.10,,374106.75
2026-07-20 06:00:00,784632.60,,371590.57
2026-07-20 07:00:00,781252.62,,370655.98
2026-07-20 08:00:00,785141.34,,374767.85
2026-07-20 09:00:00,778788.35,,370641.95
2026-07-20 10:00:00,779491.94,,370939.13
2026-07-20 11:00:00,778680.21,,372199.02
2026-07-20 12:00:00,783113.43,,374488.48
2026-07-20 13:00:00,773360.74,,366901.15
2026-07-20 14:00:00,768903.97,,367379.46
2026-07-20 15:00:00,773931.62,,373269.13
2026-07-20 16:00:00,783853.15,,377913.90
2026-07-20 17:00:00,782988.66,,372575.53
2026-07-20 18:00:00,782141.90,,371322.48
2026-07-20 19:00:00,785370.65,,365388.77
2026-07-20 20:00:00,784842.77,,363664.55
2026-07-20 21:00:00,799683.29,,371577.45
2026-07-20 22:00:00,795472.08,,369042.37
2026-07-20 23:00:00,792292.20,,367443.97
2026-07-21 00:00:00,795970.06,,364509.28
2026-07-21 01:00:00,795669.37,,363758.74
2026-07-21 02:00:00,791144.49,,361026.53
2026-07-21 03:00:00,794491.67,,361874.15
2026-07-21 04:00:00,805283.28,,364569.69
2026-07-21 05:00:00,808612.97,,366040.37
2026-07-21 06:00:00,815308.52,,364540.70
2026-07-21 07:00:00,820722.16,,366840.55
2026-07-21 08:00:00,802560.49,,357041.83
2026-07-21 09:00:00,797437.69,,356005.73
2026-07-21 10:00:00,787186.10,,351701.83
2026-07-21 11:00:00,786438.93,,351942.97
2026-07-21 12:00:00,781023.33,,349537.17
2026-07-21 13:00:00,783649.15,,351368.96
2026-07-21 14:00:00,793356.29,,352699.32
2026-07-21 15:00:00,788544.12,,349527.29
2026-07-21 16:00:00,794151.58,,348944.52
2026-07-21 17:00:00,793568.19,,347842.17
2026-07-21 18:00:00,791411.93,,349603.83
2026-07-21 19:00:00,793550.62,,349194.22
2026-07-21 20:00:00,790647.91,,348916.44
2026-07-21 21:00:00,793711.42,,349885.45
2026-07-21 22:00:00,789234.93,,349123.13
2026-07-21 23:00:00,789433.40,,348451.01
2026-07-22 00:00:00,791988.31,,351654.42
2026-07-22 01:00:00,794278.10,,352455.34
2026-07-22 02:00:00,790755.24,,350995.76
2026-07-22 03:00:00,790386.14,,349039.96
2026-07-22 04:00:00,813389.21,,353582.34
2026-07-22 05:00:00,863553.13,,356527.40
2026-07-22 06:00:00,793055.65,,353325.03
2026-07-22 07:00:00,789977.97,,355830.19
2026-07-22 08:00:00,788635.05,,356786.41
2026-07-22 09:00:00,792068.13,,358699.59
2026-07-22 10:00:00,793721.41,,359364.82
2026-07-22 11:00:00,795328.55,,361906.34
2026-07-22 12:00:00,797796.54,,358421.59
2026-07-22 13:00:00,802101.14,,356921.10
2026-07-22 14:00:00,808774.85,,359721.96
2026-07-22 15:00:00,805328.40,,353595.89
2026-07-22 16:00:00,817515.44,,359710.63
2026-07-22 17:00:00,826368.00,,359057.21
2026-07-22 18:00:00,821681.62,,353016.07
2026-07-22 19:00:00,812540.93,,349359.66
2026-07-22 20:00:00,815282.87,,350623.41
2026-07-22 21:00:00,812483.21,,353260.92
2026-07-22 22:00:00,822816.44,,354358.34
2026-07-22 23:00:00,821553.11,,353103.12
2026-07-23 00:00:00,818858.45,,348754.29
2026-07-23 01:00:00,824644.70,,348317.20
2026-07-23 02:00:00,822506.13,,345509.38
2026-07-23 03:00:00,828057.87,,347791.11
2026-07-23 04:00:00,807041.47,,349234.76
2026-07-23 05:00:00,805506.47,,348995.02
2026-07-23 06:00:00,809187.17,,348528.95
2026-07-23 07:00:00,809431.27,,348686.30
2026-07-23 08:00:00,807518.87,,344969.29
2026-07-23 09:00:00,811783.00,,345476.64
2026-07-23 10:00:00,812061.91,,350065.77
2026-07-23 11:00:00,810946.19,,350050.14
2026-07-23 12:00:00,809889.02,,350355.62
2026-07-23 13:00:00,789472.96,,349004.16
2026-07-23 14:00:00,793145.46,,347488.90
2026-07-23 15:00:00,789682.27,,344393.00
2026-07-23 16:00:00,789561.90,,343395.48
2026-07-23 17:00:00,787118.49,,341875.11
2026-07-23 18:00:00,781211.99,,340127.56
2026-07-23 19:00:00,780757.93,,339748.44
2026-07-23 20:00:00,782332.96,,341494.78
2026-07-23 21:00:00,782125.40,,341917.20
2026-07-23 22:00:00,783060.48,,341836.06
2026-07-23 23:00:00,782959.02,,341534.82
2026-07-24 00:00:00,780727.92,,340301.57
2026-07-24 01:00:00,780631.41,,341771.96
2026-07-24 02:00:00,778464.56,,341300.98
2026-07-24 03:00:00,777675.71,,341960.03
2026-07-24 04:00:00,782194.58,,346367.22
2026-07-24 05:00:00,778167.92,,345768.77
2026-07-24 06:00:00,778186.10,,347089.35
2026-07-24 07:00:00,818448.77,,344713.83
2026-07-24 08:00:00,830576.62,,348763.07
2026-07-24 09:00:00,828203.59,,348104.00
2026-07-24 10:00:00,848402.15,,350266.51
2026-07-24 11:00:00,840643.41,,348526.89
2026-07-24 12:00:00,833647.35,,349461.73
2026-07-24 13:00:00,825183.13,,344853.84
2026-07-24 14:00:00,795825.21,,337623.42
2026-07-24 15:00:00,798192.23,,334425.31
2026-07-24 16:00:00,793848.43,,334122.69
2026-07-24 17:00:00,787612.31,,331324.55
2026-07-24 18:00:00,790293.16,,334462.10
2026-07-24 19:00:00,786219.83,,334724.47
2026-07-24 20:00:00,784115.81,,333161.05
2026-07-24 21:00:00,782759.98,,332724.12
2026-07-24 22:00:00,771960.11,,328939.42
2026-07-24 23:00:00,773145.60,,329163.15
2026-07-25 00:00:00,771984.66,,327987.62
2026-07-25 01:00:00,774111.58,,329471.22
2026-07-25 02:00:00,776157.28,,328116.67
2026-07-25 03:00:00,772840.29,,326269.09
2026-07-25 04:00:00,773809.87,,325131.25
2026-07-25 05:00:00,777845.92,,324899.46
2026-07-25 06:00:00,775432.99,,323756.31
2026-07-25 07:00:00,746975.15,,323160.93
2026-07-25 08:00:00,755146.94,,330010.70
2026-07-25 09:00:00,747885.73,,327100.82
2026-07-25 10:00:00,757506.53,,327776.33
2026-07-25 11:00:00,757533.63,,324732.96
2026-07-25 12:00:00,748175.34,,322634.10
2026-07-25 13:00:00,753341.56,,319812.75
2026-07-25 14:00:00,757788.20,,325550.41
2026-07-25 15:00:00,764539.47,,329319.49
2026-07-25 16:00:00,781923.33,,355741.81
2026-07-25 17:00:00,800236.87,,390732.27
2026-07-25 18:00:00,806344.11,,394092.26
2026-07-25 19:00:00,827996.16,,385613.28
2026-07-25 20:00:00,822073.04,,380709.11
2026-07-25 21:00:00,809955.97,,367028.13
2026-07-25 22:00:00,817173.85,,369752.96
2026-07-25 23:00:00,805891.64,,364769.99
2026-07-26 00:00:00,793383.02,,361148.96
2026-07-26 01:00:00,796389.16,,358952.22
2026-07-26 02:00:00,806959.58,,366316.64
2026-07-26 03:00:00,824718.77,,374497.14
2026-07-26 04:00:00,851985.47,,374504.18
2026-07-26 05:00:00,836262.45,,370850.97
2026-07-26 06:00:00,849400.93,,387165.82
2026-07-26 07:00:00,871507.40,,394559.46
2026-07-26 08:00:00,860146.97,,383464.07
2026-07-26 09:00:00,893046.94,,377291.20
2026-07-26 10:00:00,895127.97,,375959.38
2026-07-26 11:00:00,887022.77,,374072.38
2026-07-26 12:00:00,869608.56,,369257.95
2026-07-26 13:00:00,877272.67,,371115.68
2026-07-26 14:00:00,868180.71,,368356.65
2026-07-26 15:00:00,862742.19,,365752.65
2026-07-26 16:00:00,868519.66,,368753.60
2026-07-26 17:00:00,854780.24,,369392.68
2026-07-26 18:00:00,843397.66,,368988.56
2026-07-26 19:00:00,839676.85,,367093.07
2026-07-26 20:00:00,830580.39,,364293.78
2026-07-26 21:00:00,826067.49,,362629.73
2026-07-26 22:00:00,840664.91,,365057.24
2026-07-26 23:00:00,843875.91,,371072.13
2026-07-27 00:00:00,834960.50,,368234.07
2026-07-27 01:00:00,832779.55,,367285.28
2026-07-27 02:00:00,839549.07,,368073.92
2026-07-27 03:00:00,840968.41,,367487.59
2026-07-27 04:00:00,836718.20,,366258.03
2026-07-27 05:00:00,836064.64,,361381.38
2026-07-27 06:00:00,857832.54,,364405.11
2026-07-27 07:00:00,865689.20,,373028.49
2026-07-27 08:00:00,875377.26,,376929.00
2026-07-27 09:00:00,876491.57,,378056.21
2026-07-27 10:00:00,850676.27,,369332.93
2026-07-27 11:00:00,849988.08,,366482.33
2026-07-27 12:00:00,848073.59,,364196.01
2026-07-27 13:00:00,849233.27,,359640.89
2026-07-27 14:00:00,856307.00,,369497.50
2026-07-27 15:00:00,854106.94,,350153.76
2026-07-27 16:00:00,853739.96,,353505.55
2026-07-27 17:00:00,864536.16,,353492.92
2026-07-27 18:00:00,868751.71,,353496.73
2026-07-27 19:00:00,874728.50,,347593.46
2026-07-27 20:00:00,882583.01,,354738.88
2026-07-27 21:00:00,887125.21,,355974.81
2026-07-27 22:00:00,885345.34,,356075.76
2026-07-27 23:00:00,819319.87,,342324.64
2026-07-28 00:00:00,803316.06,,341088.67
2026-07-28 01:00:00,800430.77,,341093.70
2026-07-28 02:00:00,784196.23,,339215.18
2026-07-28 03:00:00,789238.25,,339505.59
2026-07-28 04:00:00,786433.71,,339802.19
2026-07-28 05:00:00,789038.78,,335904.34
2026-07-28 06:00:00,779119.69,,335212.45
2026-07-28 07:00:00,776875.24,,340774.90
2026-07-28 08:00:00,766602.40,,337424.67
2026-07-28 09:00:00,778228.06,,335586.53
2026-07-28 10:00:00,777784.83,,332280.97
2026-07-28 11:00:00,778893.86,,332573.04
2026-07-28 12:00:00,754396.16,,335224.89
2026-07-28 13:00:00,755774.74,,336819.53
2026-07-28 14:00:00,753350.33,,331691.57
2026-07-28 15:00:00,764460.67,,332134.10
2026-07-28 16:00:00,771278.02,,333032.86
2026-07-28 17:00:00,769544.47,,332175.13
2026-07-28 18:00:00,767780.29,,329594.10
2026-07-28 19:00:00,772578.24,,328712.67
2026-07-28 20:00:00,776087.55,,330329.42
2026-07-28 21:00:00,776903.21,,329834.91
2026-07-28 22:00:00,780579.34,,330310.82
2026-07-28 23:00:00,777013.30,,329101.75
2026-07-29 00:00:00,783748.88,,332821.44
2026-07-29 01:00:00,780764.89,,337550.52
2026-07-29 02:00:00,770189.46,,329314.78
2026-07-29 03:00:00,764336.99,,328917.49
2026-07-29 04:00:00,747824.99,,315750.30
2026-07-29 05:00:00,750410.96,,317318.08
2026-07-29 06:00:00,740880.38,,317315.16
2026-07-29 07:00:00,743645.33,,318327.41
2026-07-29 08:00:00,745900.39,,316898.82
2026-07-29 09:00:00,740457.93,,314466.58
2026-07-29 10:00:00,747348.91,,317295.80
2026-07-29 11:00:00,742216.37,,313192.33
2026-07-29 12:00:00,743150.90,,316791.00
2026-07-29 13:00:00,738757.15,,316658.86
2026-07-29 14:00:00,734107.20,,314824.22
2026-07-29 15:00:00,728429.03,,308822.75
2026-07-29 16:00:00,727183.17,,310987.04
2026-07-29 17:00:00,725330.51,,307899.52
2026-07-29 18:00:00,732216.57,,313045.81
2026-07-29 19:00:00,734672.30,,320097.63
2026-07-29 20:00:00,710757.55,,305569.66
2026-07-29 21:00:00,709919.70,,301418.36
2026-07-29 22:00:00,720802.26,,308717.90
2026-07-29 23:00:00,723136.50,,309287.57
2026-07-30 00:00:00,726847.05,,309432.75
2026-07-30 01:00:00,725619.27,,304912.41
2026-07-30 02:00:00,732539.23,,307183.46
2026-07-30 03:00:00,728811.06,,306232.82
2026-07-30 04:00:00,732221.59,,307545.14
2026-07-30 05:00:00,725198.73,,308516.75
2026-07-30 06:00:00,726338.75,,309398.97
2026-07-30 07:00:00,724488.99,,306729.83
2026-07-30 08:00:00,732544.12,,307734.10
2026-07-30 09:00:00,739269.10,,315698.20
2026-07-30 10:00:00,739078.91,,316249.83
2026-07-30 11:00:00,735118.97,,314502.97
2026-07-30 12:00:00,738125.69,,315972.34
2026-07-30 13:00:00,740659.22,,315774.53
2026-07-30 14:00:00,744754.22,,316558.43
2026-07-30 15:00:00,748284.97,,340308.30
2026-07-30 16:00:00,737367.13,,330262.17
2026-07-30 17:00:00,741964.83,,330926.14
2026-07-30 18:00:00,744994.18,,365485.48
2026-07-30 19:00:00,742782.27,,366776.79
2026-07-30 20:00:00,743892.43,,368242.17
2026-07-30 21:00:00,742188.89,,366830.62
2026-07-30 22:00:00,743154.91,,368431.84
2026-07-30 23:00:00,743002.74,,368355.83
2026-07-31 00:00:00,737730.14,,366175.14
2026-07-31 01:00:00,746176.43,,367887.54
2026-07-31 02:00:00,741372.37,,366856.21
2026-07-31 03:00:00,735460.43,,364144.38
2026-07-31 04:00:00,734687.51,,365409.72
2026-07-31 05:00:00,725742.21,,359879.11
2026-07-31 06:00:00,731464.97,,362488.66
2026-07-31 07:00:00,731199.69,,363968.59
2026-07-31 08:00:00,734997.57,,367381.57
2026-07-31 09:00:00,727392.08,,365174.23
2026-07-31 10:00:00,721205.34,,361710.86
2026-07-31 11:00:00,722507.50,,360891.29
2026-07-31 12:00:00,722061.23,,360927.38
2026-07-31 13:00:00,724211.43,,362095.66
2026-07-31 14:00:00,717794.42,,361592.45
2026-07-31 15:00:00,709225.75,,363193.78
2026-07-31 16:00:00,721307.15,,362624.96
2026-07-31 17:00:00,737085.42,,364869.25
2026-07-31 18:00:00,733751.43,,358292.61
2026-07-31 19:00:00,729405.78,,353171.89
2026-07-31 20:00:00,727524.71,,351950.97
2026-07-31 21:00:00,726464.03,,352497.87
2026-07-31 22:00:00,728191.76,,352608.05
2026-07-31 23:00:00,726281.17,,351759.75
2026-08-01 00:00:00,726176.69,,352130.72
2026-08-01 01:00:00,736181.19,,366727.29
2026-08-01 02:00:00,741905.62,,367510.25
2026-08-01 03:00:00,743895.71,,367469.21
2026-08-01 04:00:00,747478.02,,368148.20
2026-08-01 05:00:00,747906.52,,367625.42
2026-08-01 06:00:00,765205.08,,366755.72
2026-08-01 07:00:00,806274.19,,373749.56
2026-08-01 08:00:00,811368.64,,380624.02
2026-08-01 09:00:00,833687.39,,384135.65
2026-08-01 10:00:00,814281.05,,378530.16
2026-08-01 11:00:00,804034.36,,377321.32
2026-08-01 12:00:00,794394.36,,374798.22
2026-08-01 13:00:00,779519.92,,368687.79
2026-08-01 14:00:00,770594.53,,368938.89
2026-08-01 15:00:00,777194.91,,368730.75
2026-08-01 16:00:00,770270.61,,357655.90
2026-08-01 17:00:00,766016.97,,356351.47
2026-08-01 18:00:00,866704.75,,355515.80
2026-08-01 19:00:00,858396.45,,350955.64
2026-08-01 20:00:00,861862.06,,351305.55
2026-08-01 21:00:00,860524.42,,350942.48
2026-08-01 22:00:00,872834.96,,357404.66
2026-08-01 23:00:00,867318.56,,355690.33
2026-08-02 00:00:00,865588.29,,354328.80
2026-08-02 01:00:00,842552.92,,354191.91
2026-08-02 02:00:00,857015.66,,359970.44
2026-08-02 03:00:00,848810.86,,365013.85
2026-08-02 04:00:00,857998.32,,367400.54
2026-08-02 05:00:00,750449.54,,367928.25
2026-08-02 06:00:00,772482.19,,369082.82
2026-08-02 07:00:00,793422.32,,380174.46
2026-08-02 08:00:00,795314.51,,402428.99
2026-08-02 09:00:00,777242.48,,403019.29
2026-08-02 10:00:00,776932.62,,406897.20
2026-08-02 11:00:00,791536.31,,408744.98
2026-08-02 12:00:00,776509.93,,404787.06
2026-08-02 13:00:00,804928.20,,410660.20
2026-08-02 14:00:00,800426.03,,410809.47
2026-08-02 15:00:00,789481.75,,410120.41
2026-08-02 16:00:00,805802.00,,465261.33
2026-08-02 17:00:00,799486.00,,463888.96
2026-08-02 18:00:00,795001.18,,462661.51
2026-08-02 19:00:00,796514.17,,461637.92
2026-08-02 20:00:00,803495.80,,462763.08
2026-08-02 21:00:00,802775.41,,465958.85
2026-08-02 22:00:00,802715.92,,467802.25
2026-08-02 23:00:00,789196.37,,459579.32
2026-08-03 00:00:00,802066.22,,455255.55
2026-08-03 01:00:00,786015.22,,449898.16
2026-08-03 02:00:00,772822.79,,451649.00
2026-08-03 03:00:00,773154.23,,451585.27
2026-08-03 04:00:00,776140.32,,446462.51
2026-08-03 05:00:00,779447.06,,445856.12
2026-08-03 06:00:00,782335.30,,447085.07
2026-08-03 07:00:00,777694.99,,443232.50
2026-08-03 08:00:00,773127.97,,438828.72
2026-08-03 09:00:00,769748.94,,434575.77
2026-08-03 10:00:00,774374.26,,439751.64
2026-08-03 11:00:00,770357.42,,437122.04
2026-08-03 12:00:00,770992.92,,435538.95
2026-08-03 13:00:00,778577.97,,440204.97
2026-08-03 14:00:00,782062.78,,450081.82
2026-08-03 15:00:00,779542.70,,449070.41
2026-08-03 16:00:00,778510.50,,450387.70
2026-08-03 17:00:00,777112.13,,447019.43
2026-08-03 18:00:00,781485.70,,447566.78
2026-08-03 19:00:00,782150.73,,448391.86
2026-08-03 20:00:00,774368.26,,445852.48
2026-08-03 21:00:00,771698.92,,444155.54
2026-08-03 22:00:00,773065.53,,445658.67
2026-08-03 23:00:00,772216.97,,444542.33
2026-08-04 00:00:00,771125.42,,445164.15
2026-08-04 01:00:00,766678.64,,442598.71
2026-08-04 02:00:00,775863.23,,450611.82
2026-08-04 03:00:00,770836.04,,449961.96
2026-08-04 04:00:00,766618.97,,447874.59
2026-08-04 05:00:00,766016.87,,447822.11
2026-08-04 06:00:00,766205.36,,447158.69
2026-08-04 07:00:00,759686.27,,445134.82
2026-08-04 08:00:00,763642.25,,446944.62
2026-08-04 09:00:00,762723.21,,444854.70
2026-08-04 10:00:00,764272.92,,449548.11
2026-08-04 11:00:00,772569.19,,451417.25
2026-08-04 12:00:00,763670.75,,450032.26
2026-08-04 13:00:00,757205.28,,448540.14
2026-08-04 14:00:00,749941.83,,453188.44
2026-08-04 15:00:00,741138.08,,452520.01
2026-08-04 16:00:00,738717.63,,455804.29
2026-08-04 17:00:00,736704.37,,455046.30
2026-08-04 18:00:00,733654.18,,455042.39
2026-08-04 19:00:00,733660.41,,454423.03
2026-08-04 20:00:00,731164.85,,453370.54
2026-08-04 21:00:00,731286.81,,452128.55
2026-08-04 22:00:00,727494.50,,450893.55
2026-08-04 23:00:00,728241.56,,450605.61
2026-08-05 00:00:00,724044.40,,445764.91
2026-08-05 01:00:00,717431.72,,444906.23
2026-08-05 02:00:00,727540.13,,451391.03
2026-08-05 03:00:00,726977.89,,449493.32
2026-08-05 04:00:00,722030.51,,446289.37
2026-08-05 05:00:00,723382.86,,447619.79
2026-08-05 06:00:00,724318.55,,449017.83
2026-08-05 07:00:00,723447.90,,448876.18
2026-08-05 08:00:00,720938.69,,448784.93
2026-08-05 09:00:00,720686.35,,448180.59
2026-08-05 10:00:00,720580.22,,448937.08
2026-08-05 11:00:00,720969.90,,448287.59
2026-08-05 12:00:00,718890.04,,447306.36
2026-08-05 13:00:00,718508.57,,451589.50
2026-08-05 14:00:00,716157.84,,448270.43
2026-08-05 15:00:00,716142.28,,452049.06
2026-08-05 16:00:00,719811.63,,452821.66
2026-08-05 17:00:00,720279.17,,451550.49
2026-08-05 18:00:00,725426.39,,453858.06
2026-08-05 19:00:00,719074.64,,451628.52
2026-08-05 20:00:00,705951.16,,451073.69
2026-08-05 21:00:00,707191.81,,451673.08
2026-08-05 22:00:00,704043.44,,450199.86
2026-08-05 23:00:00,705840.70,,451003.21
2026-08-06 00:00:00,708509.24,,454961.64
2026-08-06 01:00:00,713409.70,,459408.41
2026-08-06 02:00:00,703423.51,,453651.80
2026-08-06 03:00:00,708476.98,,461524.17
2026-08-06 04:00:00,711142.49,,462058.45
2026-08-06 05:00:00,712532.31,,462056.15
2026-08-06 06:00:00,718150.03,,464985.22
2026-08-06 07:00:00,723251.71,,465073.13
2026-08-06 08:00:00,730913.34,,463811.33
2026-08-06 09:00:00,735655.46,,464438.79
2026-08-06 10:00:00,731368.31,,461178.23
2026-08-06 11:00:00,729965.46,,459785.15
2026-08-06 12:00:00,716109.12,,462956.97
2026-08-06 13:00:00,715320.37,,460487.35
2026-08-06 14:00:00,729330.59,,462394.59
2026-08-06 15:00:00,730628.55,,465579.98
2026-08-06 16:00:00,732687.39,,460018.16
2026-08-06 17:00:00,739235.23,,465710.76
2026-08-06 18:00:00,736715.25,,462261.65
2026-08-06 19:00:00,739174.44,,461037.78
2026-08-06 20:00:00,738968.16,,461665.98
2026-08-06 21:00:00,739654.04,,460987.15
2026-08-06 22:00:00,742733.47,,463037.56
2026-08-06 23:00:00,742376.04,,460445.14
2026-08-07 00:00:00,747285.50,,461953.47
2026-08-07 01:00:00,746687.73,,442235.27
2026-08-07 02:00:00,751172.31,,433827.86
2026-08-07 03:00:00,759774.14,,438003.01
2026-08-07 04:00:00,752148.35,,426898.02
2026-08-07 05:00:00,756602.33,,430142.16
2026-08-07 06:00:00,769826.94,,433045.54
2026-08-07 07:00:00,766329.02,,428670.12
2026-08-07 08:00:00,768773.62,,432823.51
2026-08-07 09:00:00,758276.59,,430739.80
2026-08-07 10:00:00,757350.93,,431062.77
2026-08-07 11:00:00,757506.25,,430394.13
2026-08-07 12:00:00,761323.22,,431152.62
2026-08-07 13:00:00,750584.94,,435217.26
2026-08-07 14:00:00,750565.84,,437733.97
2026-08-07 15:00:00,747631.65,,433732.22
2026-08-07 16:00:00,752966.75,,437862.61
2026-08-07 17:00:00,749835.32,,436754.92
2026-08-07 18:00:00,753828.94,,440065.58
2026-08-07 19:00:00,757598.37,,438919.43
2026-08-07 20:00:00,763106.16,,441520.08
2026-08-07 21:00:00,763730.39,,440675.66
2026-08-07 22:00:00,757124.48,,426316.22
2026-08-07 23:00:00,752011.04,,424115.04
2026-08-08 00:00:00,747524.69,,424647.05
2026-08-08 01:00:00,762196.16,,423074.74
2026-08-08 02:00:00,762381.34,,426915.19
2026-08-08 03:00:00,760648.62,,427029.68
2026-08-08 04:00:00,768039.93,,431951.04
2026-08-08 05:00:00,769140.35,,425387.39
2026-08-08 06:00:00,763323.25,,423524.36
2026-08-08 07:00:00,780445.33,,427462.68
2026-08-08 08:00:00,775651.87,,419569.01
2026-08-08 09:00:00,787254.16,,422568.78
2026-08-08 10:00:00,790172.42,,422632.49
2026-08-08 11:00:00,792724.75,,423612.45
2026-08-08 12:00:00,789253.96,,423845.76
2026-08-08 13:00:00,800541.27,,424756.21
2026-08-08 14:00:00,782730.96,,417682.04
2026-08-08 15:00:00,828991.48,,430080.64
2026-08-08 16:00:00,864402.04,,441119.27
2026-08-08 17:00:00,838629.70,,434101.90
2026-08-08 18:00:00,827875.26,,432850.71
2026-08-08 19:00:00,838169.83,,431949.26
2026-08-08 20:00:00,838407.51,,431524.48
2026-08-08 21:00:00,846675.09,,433797.99
2026-08-08 22:00:00,839382.29,,428740.59
2026-08-08 23:00:00,831433.56,,426676.65
2026-08-09 00:00:00,826387.15,,422302.69
2026-08-09 01:00:00,838664.86,,426321.56
2026-08-09 02:00:00,829376.25,,425061.08
2026-08-09 03:00:00,828484.19,,424618.48
2026-08-09 04:00:00,827673.20,,425098.71
2026-08-09 05:00:00,839862.77,,428771.92
