time,oi_A,oi_6,oi_3
2026-04-25 12:00:00,2347168.39,,695087.92
2026-04-25 13:00:00,2337918.42,,680122.11
2026-04-25 14:00:00,2327425.73,,680196.75
2026-04-25 15:00:00,2307229.10,,679831.24
2026-04-25 16:00:00,2270666.98,,686604.74
2026-04-25 17:00:00,2239691.14,,667079.50
2026-04-25 18:00:00,2229842.15,,658811.48
2026-04-25 19:00:00,2213465.85,,659269.58
2026-04-25 20:00:00,2204314.63,,656588.50
2026-04-25 21:00:00,2232286.03,,660068.19
2026-04-25 22:00:00,2218484.57,,652911.86
2026-04-25 23:00:00,2241809.37,,657585.86
2026-04-26 00:00:00,2225316.96,,656185.53
2026-04-26 01:00:00,2213691.19,,657988.19
2026-04-26 02:00:00,2200964.31,,657480.36
2026-04-26 03:00:00,2232179.62,,660261.56
2026-04-26 04:00:00,2237279.65,,660739.36
2026-04-26 05:00:00,2245663.01,,664834.94
2026-04-26 06:00:00,2272946.27,,685427.16
2026-04-26 07:00:00,2274325.88,,670225.08
2026-04-26 08:00:00,2254420.65,,672464.46
2026-04-26 09:00:00,2261340.85,,679867.17
2026-04-26 10:00:00,2248588.78,,679762.80
2026-04-26 11:00:00,2244070.92,,675309.90
2026-04-26 12:00:00,2272129.67,,682593.46
2026-04-26 13:00:00,2244102.77,,669775.69
2026-04-26 14:00:00,2240662.27,,670712.02
2026-04-26 15:00:00,2265764.92,,673219.64
2026-04-26 16:00:00,2277407.19,,692448.60
2026-04-26 17:00:00,2287750.39,,686578.65
2026-04-26 18:00:00,2289825.48,,690136.22
2026-04-26 19:00:00,2302550.76,,692866.62
2026-04-26 20:00:00,2307661.41,,695255.57
2026-04-26 21:00:00,2307740.83,,690626.94
2026-04-26 22:00:00,2341133.26,,701916.36
2026-04-26 23:00:00,2316922.62,,703286.51
2026-04-27 00:00:00,2313528.04,,702728.97
2026-04-27 01:00:00,2331777.02,,707210.33
2026-04-27 02:00:00,2328970.76,,708453.14
2026-04-27 03:00:00,2334141.31,,738940.18
2026-04-27 04:00:00,2297833.73,,722158.83
2026-04-27 05:00:00,2279952.14,,703925.66
2026-04-27 06:00:00,2218549.47,,668677.36
2026-04-27 07:00:00,2135007.96,,652244.17
2026-04-27 08:00:00,2099896.26,,649597.77
2026-04-27 09:00:00,2117077.50,,652120.48
2026-04-27 10:00:00,2111530.22,,650339.78
2026-04-27 11:00:00,2111805.57,,647994.44
2026-04-27 12:00:00,2123045.12,,650429.59
2026-04-27 13:00:00,2108824.65,,642644.59
2026-04-27 14:00:00,2093457.98,,641877.95
2026-04-27 15:00:00,2114960.78,,650995.30
2026-04-27 16:00:00,2063929.51,,619484.07
2026-04-27 17:00:00,2080472.99,,623905.32
2026-04-27 18:00:00,2083349.62,,622735.77
2026-04-27 19:00:00,2094281.72,,619730.45
2026-04-27 20:00:00,2069458.13,,625522.37
2026-04-27 21:00:00,2065961.02,,624810.54
2026-04-27 22:00:00,2080547.39,,625417.22
2026-04-27 23:00:00,2101444.59,,682837.17
2026-04-28 00:00:00,2100871.03,,670749.53
2026-04-28 01:00:00,2101565.04,,667457.79
2026-04-28 02:00:00,2099738.64,,614812.97
2026-04-28 03:00:00,2084170.89,,607240.64
2026-04-28 04:00:00,2088342.56,,607803.84
2026-04-28 05:00:00,2085293.26,,609055.96
2026-04-28 06:00:00,2072887.46,,609528.45
2026-04-28 07:00:00,2047252.42,,608628.81
2026-04-28 08:00:00,2044164.17,,607502.48
2026-04-28 09:00:00,2046415.25,,605479.75
2026-04-28 10:00:00,2033981.00,,600601.92
2026-04-28 11:00:00,2034150.46,,604128.24
2026-04-28 12:00:00,2009226.45,,599259.88
2026-04-28 13:00:00,2025841.63,,605271.26
2026-04-28 14:00:00,2026133.15,,600815.98
2026-04-28 15:00:00,2027803.17,,592714.62
2026-04-28 16:00:00,2051907.17,,601764.02
2026-04-28 17:00:00,2065735.07,,606453.06
2026-04-28 18:00:00,2069793.59,,603677.22
2026-04-28 19:00:00,2071708.16,,609841.52
2026-04-28 20:00:00,2089083.96,,615840.29
2026-04-28 21:00:00,2075639.45,,612662.52
2026-04-28 22:00:00,2069328.63,,609860.76
2026-04-28 23:00:00,2065777.58,,607436.95
2026-04-29 00:00:00,2076884.54,,609495.70
2026-04-29 01:00:00,2086749.91,,619196.93
2026-04-29 02:00:00,2100930.07,,618683.46
2026-04-29 03:00:00,2134363.46,,614852.18
2026-04-29 04:00:00,2129546.67,,635962.93
2026-04-29 05:00:00,2126373.53,,639982.09
2026-04-29 06:00:00,2147732.03,,637796.13
2026-04-29 07:00:00,2131592.22,,641766.80
2026-04-29 08:00:00,2137838.30,,642655.59
2026-04-29 09:00:00,2160578.73,,638235.51
2026-04-29 10:00:00,2227678.02,,664893.04
2026-04-29 11:00:00,2280679.03,,666293.66
2026-04-29 12:00:00,2245812.37,,667513.32
2026-04-29 13:00:00,2229738.93,,661257.79
2026-04-29 14:00:00,2184223.11,,660593.44
2026-04-29 15:00:00,2157761.22,,659006.73
2026-04-29 16:00:00,2128317.66,,663140.01
2026-04-29 17:00:00,2148470.25,,649125.03
2026-04-29 18:00:00,2172789.90,,660178.43
2026-04-29 19:00:00,2046567.03,,646532.44
2026-04-29 20:00:00,2028821.61,,638675.33
2026-04-29 21:00:00,2029232.60,,636418.09
2026-04-29 22:00:00,2043097.49,,640696.05
2026-04-29 23:00:00,2046000.99,,639696.67
2026-04-30 00:00:00,2048115.60,,640998.38
2026-04-30 01:00:00,2107828.66,,650981.84
2026-04-30 02:00:00,2097956.20,,651378.79
2026-04-30 03:00:00,2064181.54,,645658.57
2026-04-30 04:00:00,2074456.49,,647336.57
2026-04-30 05:00:00,2088727.24,,626044.41
2026-04-30 06:00:00,2086052.73,,626630.19
2026-04-30 07:00:00,2107850.67,,637385.96
2026-04-30 08:00:00,2130748.13,,642557.79
2026-04-30 09:00:00,2111639.55,,645320.99
2026-04-30 10:00:00,2144031.29,,645687.60
2026-04-30 11:00:00,2132407.52,,638136.51
2026-04-30 12:00:00,2129620.21,,636887.16
2026-04-30 13:00:00,2129064.85,,633634.49
2026-04-30 14:00:00,2130768.42,,629287.93
2026-04-30 15:00:00,2129616.83,,628611.18
2026-04-30 16:00:00,2150046.43,,648285.65
2026-04-30 17:00:00,2123872.16,,639200.34
2026-04-30 18:00:00,2121926.48,,637396.50
2026-04-30 19:00:00,2035937.83,,629197.57
2026-04-30 20:00:00,2034845.85,,633949.93
2026-04-30 21:00:00,2024792.04,,632277.95
2026-04-30 22:00:00,2027657.05,,638006.34
2026-04-30 23:00:00,2025406.80,,637749.64
2026-05-01 00:00:00,2039304.85,,638965.03
2026-05-01 01:00:00,2045014.72,,637778.35
2026-05-01 02:00:00,2062001.59,,649753.13
2026-05-01 03:00:00,2063344.24,,650635.88
2026-05-01 04:00:00,2061179.23,,656577.70
2026-05-01 05:00:00,2038277.43,,650461.10
2026-05-01 06:00:00,2044892.97,,650189.44
2026-05-01 07:00:00,2033933.86,,642455.56
2026-05-01 08:00:00,2029146.93,,642168.16
2026-05-01 09:00:00,2062929.76,,645332.50
2026-05-01 10:00:00,2052878.76,,642654.89
2026-05-01 11:00:00,2052325.67,,643562.31
2026-05-01 12:00:00,2050251.30,,643590.96
2026-05-01 13:00:00,2064945.59,,656667.00
2026-05-01 14:00:00,2086429.20,,658995.58
2026-05-01 15:00:00,2080773.13,,652655.21
2026-05-01 16:00:00,2082988.89,,652286.32
2026-05-01 17:00:00,2077593.86,,648310.56
2026-05-01 18:00:00,2084660.35,,663707.29
2026-05-01 19:00:00,2082530.72,,668715.33
2026-05-01 20:00:00,2065045.60,,664662.69
2026-05-01 21:00:00,2046766.82,,649441.92
2026-05-01 22:00:00,2065137.78,,648574.11
2026-05-01 23:00:00,2069538.11,,643788.84
2026-05-02 00:00:00,2023658.44,,644647.61
2026-05-02 01:00:00,2058984.49,,654102.67
2026-05-02 02:00:00,2060066.95,,652524.87
2026-05-02 03:00:00,2046631.11,,644160.65
2026-05-02 04:00:00,2057799.48,,644899.25
2026-05-02 05:00:00,2033896.73,,644428.48
2026-05-02 06:00:00,2039113.87,,645242.97
2026-05-02 07:00:00,2050444.63,,653537.32
2026-05-02 08:00:00,2027195.18,,653159.64
2026-05-02 09:00:00,2050316.62,,652878.24
2026-05-02 10:00:00,2033470.37,,654385.40
2026-05-02 11:00:00,2021224.23,,651080.42
2026-05-02 12:00:00,2014384.13,,648774.79
2026-05-02 13:00:00,2034261.46,,649715.87
2026-05-02 14:00:00,2074241.67,,653123.62
2026-05-02 15:00:00,2147103.89,,680375.64
2026-05-02 16:00:00,2173281.58,,692931.18
2026-05-02 17:00:00,2190291.76,,693664.68
2026-05-02 18:00:00,2172747.73,,692701.68
2026-05-02 19:00:00,2169160.58,,690071.48
2026-05-02 20:00:00,2167553.89,,691484.12
2026-05-02 21:00:00,2167666.66,,686575.18
2026-05-02 22:00:00,2149030.07,,682853.81
2026-05-02 23:00:00,2121547.81,,681632.08
2026-05-03 00:00:00,2117094.11,,676759.88
2026-05-03 01:00:00,2058069.41,,669527.01
2026-05-03 02:00:00,1999516.59,,663041.00
2026-05-03 03:00:00,1999366.13,,662668.19
2026-05-03 04:00:00,2008580.65,,668393.68
2026-05-03 05:00:00,2025509.65,,664325.87
2026-05-03 06:00:00,2049337.21,,660399.64
2026-05-03 07:00:00,2038088.12,,661772.38
2026-05-03 08:00:00,2043917.18,,663193.64
2026-05-03 09:00:00,2060205.63,,677215.38
2026-05-03 10:00:00,2055839.51,,681232.77
2026-05-03 11:00:00,2058488.08,,672141.03
2026-05-03 12:00:00,2066446.49,,674322.69
2026-05-03 13:00:00,2047290.52,,669983.69
2026-05-03 14:00:00,2044319.49,,677796.45
2026-05-03 15:00:00,2050826.45,,682295.70
2026-05-03 16:00:00,2057039.36,,682153.30
2026-05-03 17:00:00,2070829.85,,684563.44
2026-05-03 18:00:00,2068980.51,,683175.88
2026-05-03 19:00:00,2042190.81,,673106.73
2026-05-03 20:00:00,2046581.65,,672709.02
2026-05-03 21:00:00,2048463.73,,669724.39
2026-05-03 22:00:00,2041986.06,,663474.63
2026-05-03 23:00:00,2062038.29,,674354.70
2026-05-04 00:00:00,2013104.81,,664628.94
2026-05-04 01:00:00,2015744.51,,658096.93
2026-05-04 02:00:00,2035528.09,,676972.83
2026-05-04 03:00:00,2087160.47,,680675.58
2026-05-04 04:00:00,2075185.81,,679001.49
2026-05-04 05:00:00,2108538.51,,688223.94
2026-05-04 06:00:00,2087226.44,,682017.00
2026-05-04 07:00:00,2067026.37,,678522.09
2026-05-04 08:00:00,2060967.34,,676468.83
2026-05-04 09:00:00,2051200.52,,669745.15
2026-05-04 10:00:00,2054042.30,,692666.40
2026-05-04 11:00:00,2004980.41,,645180.41
2026-05-04 12:00:00,2012976.45,,647188.29
2026-05-04 13:00:00,2023792.69,,648684.93
2026-05-04 14:00:00,2009326.11,,651605.94
2026-05-04 15:00:00,2011151.62,,655969.28
2026-05-04 16:00:00,1967247.49,,644439.85
2026-05-04 17:00:00,1988739.06,,651398.70
2026-05-04 18:00:00,2009564.66,,655754.73
2026-05-04 19:00:00,2024306.84,,662010.85
2026-05-04 20:00:00,1998564.54,,657188.98
2026-05-04 21:00:00,1998444.53,,654214.26
2026-05-04 22:00:00,2027022.03,,666323.92
2026-05-04 23:00:00,2002575.19,,659664.20
2026-05-05 00:00:00,2003401.20,,658197.99
2026-05-05 01:00:00,2045078.82,,721783.99
2026-05-05 02:00:00,2199950.45,,767049.28
2026-05-05 03:00:00,2212805.53,,783306.68
2026-05-05 04:00:00,2309911.82,,831815.51
2026-05-05 05:00:00,2307609.51,,841329.79
2026-05-05 06:00:00,2355953.32,,887826.75
2026-05-05 07:00:00,2287349.05,,837501.58
2026-05-05 08:00:00,2472517.41,,874627.80
2026-05-05 09:00:00,2404738.59,,859519.07
2026-05-05 10:00:00,2333027.52,,812135.00
2026-05-05 11:00:00,2359660.42,,795488.86
2026-05-05 12:00:00,2389805.08,,792696.47
2026-05-05 13:00:00,2473130.37,,793628.14
2026-05-05 14:00:00,2404925.61,,790503.06
2026-05-05 15:00:00,2317373.94,,786500.34
2026-05-05 16:00:00,2312060.71,,794536.43
2026-05-05 17:00:00,2333170.89,,792969.44
2026-05-05 18:00:00,2365005.28,,789244.66
2026-05-05 19:00:00,2345855.11,,786339.78
2026-05-05 20:00:00,2342106.83,,798032.86
2026-05-05 21:00:00,2353691.12,,804674.32
2026-05-05 22:00:00,2339617.46,,820738.51
2026-05-05 23:00:00,2308888.92,,777429.00
2026-05-06 00:00:00,2300782.52,,768063.42
2026-05-06 01:00:00,2289322.64,,765131.63
2026-05-06 02:00:00,2329962.79,,772006.88
2026-05-06 03:00:00,2356363.64,,771543.01
2026-05-06 04:00:00,2349550.74,,772287.16
2026-05-06 05:00:00,2318324.07,,771785.38
2026-05-06 06:00:00,2371653.20,,776931.11
2026-05-06 07:00:00,2333909.60,,767522.67
2026-05-06 08:00:00,2323481.36,,781145.21
2026-05-06 09:00:00,2322747.52,,786964.94
2026-05-06 10:00:00,2295501.32,,766740.08
2026-05-06 11:00:00,2289851.13,,767085.42
2026-05-06 12:00:00,2259110.94,,762280.89
2026-05-06 13:00:00,2261214.94,,760431.93
2026-05-06 14:00:00,2171435.72,,734572.87
2026-05-06 15:00:00,2193467.46,,739466.88
2026-05-06 16:00:00,2173460.00,,741911.39
2026-05-06 17:00:00,2181486.83,,738927.68
2026-05-06 18:00:00,2172653.33,,746980.59
2026-05-06 19:00:00,2174479.26,,742465.20
2026-05-06 20:00:00,2157528.36,,735599.06
2026-05-06 21:00:00,2165573.34,,726695.45
2026-05-06 22:00:00,2195945.90,,728079.05
2026-05-06 23:00:00,2150179.95,,718527.83
2026-05-07 00:00:00,2173652.58,,719806.66
2026-05-07 01:00:00,2132004.44,,703405.23
2026-05-07 02:00:00,2115964.96,,700755.57
2026-05-07 03:00:00,2114211.11,,709980.21
2026-05-07 04:00:00,2088042.37,,701587.90
2026-05-07 05:00:00,2157109.65,,716392.17
2026-05-07 06:00:00,2219140.15,,725260.92
2026-05-07 07:00:00,2244391.63,,718219.31
2026-05-07 08:00:00,2248695.45,,707469.28
2026-05-07 09:00:00,2256075.15,,710469.72
2026-05-07 10:00:00,2279468.45,,703197.88
2026-05-07 11:00:00,2234036.24,,696547.31
2026-05-07 12:00:00,2250287.74,,699950.99
2026-05-07 13:00:00,2287465.15,,718484.46
2026-05-07 14:00:00,2238824.92,,695762.40
2026-05-07 15:00:00,2190171.53,,637813.35
2026-05-07 16:00:00,2197380.89,,636881.55
2026-05-07 17:00:00,2201833.50,,637472.46
2026-05-07 18:00:00,2232493.62,,637490.07
2026-05-07 19:00:00,2257259.56,,643160.84
2026-05-07 20:00:00,2274066.90,,646483.40
2026-05-07 21:00:00,2277238.28,,669494.63
2026-05-07 22:00:00,2257184.28,,654194.04
2026-05-07 23:00:00,2271196.35,,649529.17
2026-05-08 00:00:00,2317650.11,,655521.46
2026-05-08 01:00:00,2314948.46,,654113.49
2026-05-08 02:00:00,2304645.20,,648733.35
2026-05-08 03:00:00,2285737.86,,646010.70
2026-05-08 04:00:00,2341359.97,,650976.78
2026-05-08 05:00:00,2328407.89,,659517.74
2026-05-08 06:00:00,2299393.14,,657918.59
2026-05-08 07:00:00,2324261.22,,663186.62
2026-05-08 08:00:00,2318735.48,,664166.49
2026-05-08 09:00:00,2362342.71,,686996.72
2026-05-08 10:00:00,2390412.20,,693699.41
2026-05-08 11:00:00,2412326.46,,699272.13
2026-05-08 12:00:00,2475589.44,,707886.42
2026-05-08 13:00:00,2419704.04,,683730.22
2026-05-08 14:00:00,2377460.84,,683678.14
2026-05-08 15:00:00,2472170.54,,697064.22
2026-05-08 16:00:00,2495421.01,,680449.19
2026-05-08 17:00:00,2474431.33,,685459.30
2026-05-08 18:00:00,2533051.66,,688809.71
2026-05-08 19:00:00,2553883.16,,714790.06
2026-05-08 20:00:00,2525616.13,,711263.66
2026-05-08 21:00:00,2532607.08,,707625.96
2026-05-08 22:00:00,2564994.58,,710947.27
2026-05-08 23:00:00,2571556.77,,711136.13
2026-05-09 00:00:00,2571597.35,,705432.61
2026-05-09 01:00:00,2570013.91,,703787.95
2026-05-09 02:00:00,2552800.19,,698668.84
2026-05-09 03:00:00,2557530.38,,703207.06
2026-05-09 04:00:00,2442199.40,,701688.82
2026-05-09 05:00:00,2452924.04,,696611.38
2026-05-09 06:00:00,2458652.68,,694282.75
2026-05-09 07:00:00,2462002.93,,685285.77
2026-05-09 08:00:00,2449256.05,,679599.62
2026-05-09 09:00:00,2496549.84,,685474.97
2026-05-09 10:00:00,2466437.17,,684445.01
2026-05-09 11:00:00,2493231.66,,683961.88
2026-05-09 12:00:00,2491373.37,,685981.12
2026-05-09 13:00:00,2470924.30,,675552.20
2026-05-09 14:00:00,2468984.68,,674150.87
2026-05-09 15:00:00,2473059.83,,679038.84
2026-05-09 16:00:00,2418266.01,,672981.79
2026-05-09 17:00:00,2409965.52,,671062.00
2026-05-09 18:00:00,2400579.66,,681331.62
2026-05-09 19:00:00,2399484.12,,693691.78
2026-05-09 20:00:00,2401518.38,,691461.38
2026-05-09 21:00:00,2398054.11,,689407.60
2026-05-09 22:00:00,2427966.25,,694579.71
2026-05-09 23:00:00,2436570.02,,689309.21
2026-05-10 00:00:00,2392176.06,,692235.57
2026-05-10 01:00:00,2384466.64,,686313.90
2026-05-10 02:00:00,2383998.75,,675979.15
2026-05-10 03:00:00,2394824.12,,688080.97
2026-05-10 04:00:00,2376403.16,,685021.27
2026-05-10 05:00:00,2384002.21,,681070.08
2026-05-10 06:00:00,2394021.76,,683911.89
2026-05-10 07:00:00,2407526.55,,686533.52
2026-05-10 08:00:00,2449757.51,,679571.03
2026-05-10 09:00:00,2480483.03,,679145.85
2026-05-10 10:00:00,2473326.66,,673689.85
2026-05-10 11:00:00,2432250.95,,675258.28
2026-05-10 12:00:00,2423267.94,,669396.13
2026-05-10 13:00:00,2429465.68,,669127.56
2026-05-10 14:00:00,2448999.07,,670486.75
2026-05-10 15:00:00,2530219.28,,667113.26
2026-05-10 16:00:00,2571743.58,,662360.98
2026-05-10 17:00:00,2550929.46,,661058.50
2026-05-10 18:00:00,2612079.28,,664172.42
2026-05-10 19:00:00,2625816.81,,676151.41
2026-05-10 20:00:00,2590759.45,,664395.59
2026-05-10 21:00:00,2415902.36,,628507.00
2026-05-10 22:00:00,2464133.03,,626820.36
2026-05-10 23:00:00,2495424.39,,638245.36
2026-05-11 00:00:00,2431815.75,,635583.59
2026-05-11 01:00:00,2424750.57,,625881.31
2026-05-11 02:00:00,2402764.40,,624671.15
2026-05-11 03:00:00,2382654.61,,629164.35
2026-05-11 04:00:00,2327671.93,,631181.87
2026-05-11 05:00:00,2336016.67,,635368.60
2026-05-11 06:00:00,2359450.09,,631591.05
2026-05-11 07:00:00,2364702.56,,628188.39
2026-05-11 08:00:00,2366042.35,,622869.34
2026-05-11 09:00:00,2351372.32,,619244.81
2026-05-11 10:00:00,2374180.19,,626001.28
2026-05-11 11:00:00,2382833.53,,627207.34
2026-05-11 12:00:00,2376948.75,,618853.36
2026-05-11 13:00:00,2339230.57,,624920.08
2026-05-11 14:00:00,2348152.79,,624065.58
2026-05-11 15:00:00,2369443.68,,602117.40
2026-05-11 16:00:00,2403109.91,,617126.55
2026-05-11 17:00:00,2416979.90,,613207.65
2026-05-11 18:00:00,2421390.91,,617276.13
2026-05-11 19:00:00,2421416.02,,630102.20
2026-05-11 20:00:00,2425058.55,,622658.85
2026-05-11 21:00:00,2408063.57,,614775.77
2026-05-11 22:00:00,2424959.59,,614230.18
2026-05-11 23:00:00,2419010.42,,612619.49
2026-05-12 00:00:00,2393566.03,,592805.06
2026-05-12 01:00:00,2415098.35,,594882.32
2026-05-12 02:00:00,2352594.00,,578739.20
2026-05-12 03:00:00,2354077.81,,580577.15
2026-05-12 04:00:00,2348557.23,,577390.54
2026-05-12 05:00:00,2344469.62,,580771.32
2026-05-12 06:00:00,2372215.00,,585128.88
2026-05-12 07:00:00,2352912.93,,582673.65
2026-05-12 08:00:00,2400615.01,,582155.59
2026-05-12 09:00:00,2404828.72,,578244.50
2026-05-12 10:00:00,2390196.02,,578588.92
2026-05-12 11:00:00,2377941.64,,575823.14
2026-05-12 12:00:00,2343995.99,,564124.40
2026-05-12 13:00:00,2356221.59,,575162.36
2026-05-12 14:00:00,2316177.54,,584482.38
2026-05-12 15:00:00,2283288.71,,568778.44
2026-05-12 16:00:00,2279072.01,,572479.39
2026-05-12 17:00:00,2271990.56,,561002.10
2026-05-12 18:00:00,2311058.10,,571136.61
2026-05-12 19:00:00,2317649.42,,576362.18
2026-05-12 20:00:00,2332569.05,,578483.94
2026-05-12 21:00:00,2340692.25,,578913.84
2026-05-12 22:00:00,2362200.45,,571872.46
2026-05-12 23:00:00,2361090.50,,571317.50
2026-05-13 00:00:00,2343420.38,,572394.67
2026-05-13 01:00:00,2374397.79,,574460.18
2026-05-13 02:00:00,2389438.22,,595362.12
2026-05-13 03:00:00,2413916.19,,606848.06
2026-05-13 04:00:00,2440840.84,,620135.94
2026-05-13 05:00:00,2434917.02,,637936.50
2026-05-13 06:00:00,2404540.96,,629999.83
2026-05-13 07:00:00,2378261.29,,617869.07
2026-05-13 08:00:00,2414014.95,,613345.40
2026-05-13 09:00:00,2427411.27,,627525.78
2026-05-13 10:00:00,2494705.89,,635958.85
2026-05-13 11:00:00,2553096.59,,645823.52
2026-05-13 12:00:00,2463769.59,,632648.86
2026-05-13 13:00:00,2356920.95,,605028.10
2026-05-13 14:00:00,2294615.83,,592759.45
2026-05-13 15:00:00,2337126.82,,590769.62
2026-05-13 16:00:00,2279321.74,,549233.43
2026-05-13 17:00:00,2325620.85,,556216.90
2026-05-13 18:00:00,2326169.25,,553042.81
2026-05-13 19:00:00,2378043.62,,557144.48
2026-05-13 20:00:00,2345026.91,,549714.87
2026-05-13 21:00:00,2349533.74,,556840.72
2026-05-13 22:00:00,2310511.35,,544479.60
2026-05-13 23:00:00,2304951.07,,552766.45
2026-05-14 00:00:00,2306553.96,,557171.31
2026-05-14 01:00:00,2326899.61,,560213.68
2026-05-14 02:00:00,2331902.94,,553548.53
2026-05-14 03:00:00,2324362.62,,528438.93
2026-05-14 04:00:00,2244410.18,,514858.47
2026-05-14 05:00:00,2264334.55,,520568.28
2026-05-14 06:00:00,2280186.72,,526684.75
2026-05-14 07:00:00,2275272.07,,521714.56
2026-05-14 08:00:00,2271802.84,,516056.30
2026-05-14 09:00:00,2259902.93,,517134.94
2026-05-14 10:00:00,2264752.82,,515273.53
2026-05-14 11:00:00,2283044.01,,524276.94
2026-05-14 12:00:00,2263249.01,,524609.94
2026-05-14 13:00:00,2282050.76,,532308.95
2026-05-14 14:00:00,2272998.60,,531225.19
2026-05-14 15:00:00,2309889.85,,543587.75
2026-05-14 16:00:00,2318338.13,,549422.97
2026-05-14 17:00:00,2352866.19,,563832.24
2026-05-14 18:00:00,2326587.93,,559218.84
2026-05-14 19:00:00,2336940.40,,561332.60
2026-05-14 20:00:00,2311641.93,,551816.14
2026-05-14 21:00:00,2310743.97,,561877.12
2026-05-14 22:00:00,2307703.65,,558069.17
2026-05-14 23:00:00,2296542.19,,561305.39
2026-05-15 00:00:00,2285716.51,,551084.45
2026-05-15 01:00:00,2320180.61,,561582.00
2026-05-15 02:00:00,2274410.23,,549810.42
2026-05-15 03:00:00,2286332.47,,555025.37
2026-05-15 04:00:00,2300218.32,,553318.04
2026-05-15 05:00:00,2271815.33,,543627.44
2026-05-15 06:00:00,2249585.41,,535673.71
2026-05-15 07:00:00,2285442.24,,510875.31
2026-05-15 08:00:00,2308489.26,,521717.90
2026-05-15 09:00:00,2300021.50,,520908.53
2026-05-15 10:00:00,2309960.69,,521985.78
2026-05-15 11:00:00,2306028.24,,526934.74
2026-05-15 12:00:00,2293163.46,,526499.07
2026-05-15 13:00:00,2277832.26,,522672.00
2026-05-15 14:00:00,2134651.12,,496321.00
2026-05-15 15:00:00,2184235.19,,514047.51
2026-05-15 16:00:00,2197209.97,,511273.75
2026-05-15 17:00:00,2236814.04,,520395.74
2026-05-15 18:00:00,2235483.75,,525102.24
2026-05-15 19:00:00,2237611.47,,526020.66
2026-05-15 20:00:00,2206748.12,,519678.65
2026-05-15 21:00:00,2182126.47,,519485.64
2026-05-15 22:00:00,2187461.85,,513479.63
2026-05-15 23:00:00,2172961.26,,514979.03
2026-05-16 00:00:00,2168468.22,,515870.94
2026-05-16 01:00:00,2183896.65,,515026.27
2026-05-16 02:00:00,2187317.79,,516993.18
2026-05-16 03:00:00,2182004.10,,518301.09
2026-05-16 04:00:00,2172358.28,,513226.55
2026-05-16 05:00:00,2123525.05,,504053.40
2026-05-16 06:00:00,2096164.96,,499928.00
2026-05-16 07:00:00,2061054.85,,479873.92
2026-05-16 08:00:00,2000871.61,,474275.31
2026-05-16 09:00:00,1996391.16,,470054.88
2026-05-16 10:00:00,1969741.31,,458951.64
2026-05-16 11:00:00,1964853.05,,460840.97
2026-05-16 12:00:00,1970896.33,,461055.18
2026-05-16 13:00:00,1986353.82,,463816.52
2026-05-16 14:00:00,1981349.09,,466131.92
2026-05-16 15:00:00,2000298.95,,477257.52
2026-05-16 16:00:00,2016887.19,,480209.47
2026-05-16 17:00:00,2015456.57,,479559.90
2026-05-16 18:00:00,2019015.83,,478746.61
2026-05-16 19:00:00,2004503.93,,472622.44
2026-05-16 20:00:00,1995378.76,,470074.16
2026-05-16 21:00:00,2007827.11,,469457.70
2026-05-16 22:00:00,2012510.65,,467617.39
2026-05-16 23:00:00,2002899.81,,462962.12
2026-05-17 00:00:00,2002247.70,,468814.51
2026-05-17 01:00:00,1973682.48,,464584.99
2026-05-17 02:00:00,1945719.43,,456747.18
2026-05-17 03:00:00,1964784.60,,457104.13
2026-05-17 04:00:00,1979646.73,,460324.23
2026-05-17 05:00:00,1985081.34,,461915.79
2026-05-17 06:00:00,1990436.04,,462086.94
2026-05-17 07:00:00,1983798.44,,459798.88
2026-05-17 08:00:00,1988278.68,,458666.93
2026-05-17 09:00:00,1975438.43,,454597.13
2026-05-17 10:00:00,1990121.25,,455784.11
2026-05-17 11:00:00,1995681.84,,467895.18
2026-05-17 12:00:00,1982779.02,,460772.00
2026-05-17 13:00:00,1984664.22,,463300.59
2026-05-17 14:00:00,1997480.18,,461888.02
2026-05-17 15:00:00,2004072.48,,442345.01
2026-05-17 16:00:00,2012491.00,,441253.07
2026-05-17 17:00:00,1988577.39,,437640.27
2026-05-17 18:00:00,1991547.62,,434694.21
2026-05-17 19:00:00,1996404.63,,439852.88
2026-05-17 20:00:00,1996438.92,,440537.29
2026-05-17 21:00:00,1994400.54,,438388.75
2026-05-17 22:00:00,1995093.88,,440799.70
2026-05-17 23:00:00,1970538.44,,437637.24
2026-05-18 00:00:00,1791072.70,,425148.83
2026-05-18 01:00:00,1796482.01,,425398.87
2026-05-18 02:00:00,1785520.70,,427396.51
2026-05-18 03:00:00,1785430.87,,430425.13
2026-05-18 04:00:00,1770407.46,,434316.01
2026-05-18 05:00:00,1800077.12,,436686.25
2026-05-18 06:00:00,1791406.02,,429693.78
2026-05-18 07:00:00,1795324.22,,444574.45
2026-05-18 08:00:00,1781347.34,,439888.72
2026-05-18 09:00:00,1790397.73,,441119.67
2026-05-18 10:00:00,1764636.31,,434319.33
2026-05-18 11:00:00,1766718.98,,435631.94
2026-05-18 12:00:00,1787201.13,,433262.75
2026-05-18 13:00:00,1805283.70,,436733.47
2026-05-18 14:00:00,1789661.43,,430735.98
2026-05-18 15:00:00,1782175.25,,421482.92
2026-05-18 16:00:00,1785513.25,,420879.61
2026-05-18 17:00:00,1792658.64,,422009.50
2026-05-18 18:00:00,1812380.83,,428613.29
2026-05-18 19:00:00,1777934.45,,415869.83
2026-05-18 20:00:00,1812750.48,,433289.59
2026-05-18 21:00:00,1789576.74,,418874.13
2026-05-18 22:00:00,1817570.52,,423253.95
2026-05-18 23:00:00,1810855.27,,419409.35
2026-05-19 00:00:00,1802277.97,,418055.52
2026-05-19 01:00:00,1822577.01,,416951.29
2026-05-19 02:00:00,1811948.62,,414805.43
2026-05-19 03:00:00,1817520.11,,413023.69
2026-05-19 04:00:00,1825085.90,,415026.62
2026-05-19 05:00:00,1829173.17,,412550.19
2026-05-19 06:00:00,1839221.88,,411292.74
2026-05-19 07:00:00,1840115.34,,413665.71
2026-05-19 08:00:00,1844391.68,,419691.22
2026-05-19 09:00:00,1823724.68,,416545.58
2026-05-19 10:00:00,1809225.57,,413091.84
2026-05-19 11:00:00,1785146.67,,413840.93
2026-05-19 12:00:00,1769824.67,,410625.93
2026-05-19 13:00:00,1790727.60,,412508.62
2026-05-19 14:00:00,1792467.94,,412565.43
2026-05-19 15:00:00,1780757.66,,404991.45
2026-05-19 16:00:00,1782321.54,,406929.82
2026-05-19 17:00:00,1785910.17,,411831.89
2026-05-19 18:00:00,1782012.93,,429157.68
2026-05-19 19:00:00,1779093.16,,421106.21
2026-05-19 20:00:00,1771419.23,,423903.03
2026-05-19 21:00:00,1787042.53,,419898.83
2026-05-19 22:00:00,1795169.49,,414644.31
2026-05-19 23:00:00,1757325.96,,415748.87
2026-05-20 00:00:00,1760888.51,,408652.38
2026-05-20 01:00:00,1744335.27,,414457.61
2026-05-20 02:00:00,1747071.66,,412897.23
2026-05-20 03:00:00,1749261.22,,410753.53
2026-05-20 04:00:00,1750059.36,,417342.39
2026-05-20 05:00:00,1738715.19,,419616.59
2026-05-20 06:00:00,1731121.28,,419576.90
2026-05-20 07:00:00,1741129.86,,429377.68
2026-05-20 08:00:00,1737873.69,,432623.16
2026-05-20 09:00:00,1740473.40,,432427.25
2026-05-20 10:00:00,1738929.63,,429596.59
2026-05-20 11:00:00,1740629.56,,433537.60
2026-05-20 12:00:00,1733740.92,,436036.44
2026-05-20 13:00:00,1740356.72,,437115.45
2026-05-20 14:00:00,1729755.72,,436337.64
2026-05-20 15:00:00,1762746.27,,436405.78
2026-05-20 16:00:00,1760788.98,,440566.82
2026-05-20 17:00:00,1764819.00,,437605.62
2026-05-20 18:00:00,1770340.70,,440807.21
2026-05-20 19:00:00,1771793.35,,438272.82
2026-05-20 20:00:00,1779985.85,,442122.29
2026-05-20 21:00:00,1781296.50,,446582.60
2026-05-20 22:00:00,1762892.21,,443027.61
2026-05-20 23:00:00,1765663.02,,441466.71
2026-05-21 00:00:00,1765756.36,,442419.84
2026-05-21 01:00:00,1779545.81,,446204.43
2026-05-21 02:00:00,1779619.39,,444888.31
2026-05-21 03:00:00,1788348.47,,443316.09
2026-05-21 04:00:00,1787877.36,,445254.59
2026-05-21 05:00:00,1787212.16,,443804.33
2026-05-21 06:00:00,1773469.74,,440687.54
2026-05-21 07:00:00,1756639.87,,437283.92
2026-05-21 08:00:00,1765919.70,,437988.10
2026-05-21 09:00:00,1757755.93,,438905.21
2026-05-21 10:00:00,1744061.08,,433422.37
2026-05-21 11:00:00,1758022.78,,427734.88
2026-05-21 12:00:00,1748242.12,,427231.55
2026-05-21 13:00:00,1753981.92,,431908.02
2026-05-21 14:00:00,1751497.67,,436785.66
2026-05-21 15:00:00,1746611.35,,432395.03
2026-05-21 16:00:00,1752424.82,,443217.94
2026-05-21 17:00:00,1746963.34,,445065.72
2026-05-21 18:00:00,1759750.71,,454557.69
2026-05-21 19:00:00,1758417.91,,442628.36
2026-05-21 20:00:00,1775225.31,,446163.68
2026-05-21 21:00:00,1762428.82,,444435.07
2026-05-21 22:00:00,1749870.88,,447254.98
2026-05-21 23:00:00,1735884.86,,447166.17
2026-05-22 00:00:00,1738777.26,,446613.45
2026-05-22 01:00:00,1728112.23,,442527.80
2026-05-22 02:00:00,1737273.87,,450199.34
2026-05-22 03:00:00,1738900.46,,449533.60
2026-05-22 04:00:00,1741931.35,,448956.07
2026-05-22 05:00:00,1744783.37,,448542.06
2026-05-22 06:00:00,1755927.08,,446331.46
2026-05-22 07:00:00,1748791.79,,445085.73
2026-05-22 08:00:00,1740278.24,,444283.96
2026-05-22 09:00:00,1739546.04,,444302.63
2026-05-22 10:00:00,1740783.15,,436927.05
2026-05-22 11:00:00,1758298.31,,427143.86
2026-05-22 12:00:00,1774287.25,,430699.56
2026-05-22 13:00:00,1791790.41,,437280.71
2026-05-22 14:00:00,1760881.83,,430504.71
2026-05-22 15:00:00,1740929.59,,431326.95
2026-05-22 16:00:00,1739411.40,,438374.15
2026-05-22 17:00:00,1743274.36,,441210.03
2026-05-22 18:00:00,1741025.39,,444988.90
2026-05-22 19:00:00,1680795.61,,438165.17
2026-05-22 20:00:00,1628629.83,,440799.12
2026-05-22 21:00:00,1628139.30,,439508.93
2026-05-22 22:00:00,1623724.45,,437473.01
2026-05-22 23:00:00,1612147.89,,434654.40
2026-05-23 00:00:00,1576352.30,,420505.61
2026-05-23 01:00:00,1589775.56,,422888.06
2026-05-23 02:00:00,1602253.83,,426188.93
2026-05-23 03:00:00,1607461.24,,430392.01
2026-05-23 04:00:00,1612967.12,,433380.24
2026-05-23 05:00:00,1604923.96,,431782.50
2026-05-23 06:00:00,1614204.79,,431589.84
2026-05-23 07:00:00,1616011.05,,429926.44
2026-05-23 08:00:00,1578517.46,,412107.15
2026-05-23 09:00:00,1590922.34,,417680.03
2026-05-23 10:00:00,1579133.88,,413462.27
2026-05-23 11:00:00,1580062.27,,411162.14
2026-05-23 12:00:00,1578126.38,,408600.49
2026-05-23 13:00:00,1580756.12,,411590.97
2026-05-23 14:00:00,1589589.50,,412805.03
2026-05-23 15:00:00,1597699.87,,417451.33
2026-05-23 16:00:00,1608008.59,,422371.47
2026-05-23 17:00:00,1618620.59,,424094.71
2026-05-23 18:00:00,1615968.59,,427412.46
2026-05-23 19:00:00,1625310.71,,428603.57
2026-05-23 20:00:00,1629262.59,,433564.43
2026-05-23 21:00:00,1681946.93,,438081.97
2026-05-23 22:00:00,1664632.90,,434428.76
2026-05-23 23:00:00,1685225.26,,430599.52
2026-05-24 00:00:00,1675730.34,,432884.71
2026-05-24 01:00:00,1681358.52,,430078.14
2026-05-24 02:00:00,1683277.51,,430063.23
2026-05-24 03:00:00,1669304.19,,425667.87
2026-05-24 04:00:00,1666460.00,,424739.41
2026-05-24 05:00:00,1671454.54,,429463.99
2026-05-24 06:00:00,1664729.02,,431412.52
2026-05-24 07:00:00,1671070.04,,433582.25
2026-05-24 08:00:00,1661469.07,,432585.71
2026-05-24 09:00:00,1664815.14,,435199.66
2026-05-24 10:00:00,1663260.32,,432110.68
2026-05-24 11:00:00,1666906.48,,431886.21
2026-05-24 12:00:00,1669032.24,,424210.60
2026-05-24 13:00:00,1653418.69,,429430.28
2026-05-24 14:00:00,1635383.93,,426202.33
2026-05-24 15:00:00,1624061.89,,422468.96
2026-05-24 16:00:00,1640497.96,,429023.23
2026-05-24 17:00:00,1641489.31,,428984.76
2026-05-24 18:00:00,1644798.03,,428638.35
2026-05-24 19:00:00,1624168.57,,425616.05
2026-05-24 20:00:00,1615737.58,,427651.93
2026-05-24 21:00:00,1599275.44,,429062.07
2026-05-24 22:00:00,1587808.71,,412446.83
2026-05-24 23:00:00,1624403.63,,420986.84
2026-05-25 00:00:00,1657125.93,,422279.34
2026-05-25 01:00:00,1649803.15,,419025.12
2026-05-25 02:00:00,1624869.14,,420789.33
2026-05-25 03:00:00,1638283.77,,424140.96
2026-05-25 04:00:00,1667370.14,,429318.07
2026-05-25 05:00:00,1680418.70,,422934.89
2026-05-25 06:00:00,1684156.00,,421502.29
2026-05-25 07:00:00,1706848.80,,424261.80
2026-05-25 08:00:00,1685095.36,,422874.77
2026-05-25 09:00:00,1677411.21,,420919.05
2026-05-25 10:00:00,1672674.09,,418139.35
2026-05-25 11:00:00,1682948.55,,428418.00
2026-05-25 12:00:00,1656393.84,,415254.10
2026-05-25 13:00:00,1687260.74,,419218.53
2026-05-25 14:00:00,1691944.00,,422222.27
2026-05-25 15:00:00,1725283.89,,428880.13
2026-05-25 16:00:00,1732954.51,,430193.83
2026-05-25 17:00:00,1748346.61,,432863.37
2026-05-25 18:00:00,1735254.31,,422373.67
2026-05-25 19:00:00,1741345.30,,418233.24
2026-05-25 20:00:00,1730047.28,,418699.11
2026-05-25 21:00:00,1722544.04,,413362.57
2026-05-25 22:00:00,1741653.03,,416208.86
2026-05-25 23:00:00,1710424.65,,414524.09
2026-05-26 00:00:00,1711316.95,,415953.90
2026-05-26 01:00:00,1706905.99,,406560.64
2026-05-26 02:00:00,1704573.75,,405713.83
2026-05-26 03:00:00,1702711.00,,405101.34
2026-05-26 04:00:00,1726061.86,,409266.79
2026-05-26 05:00:00,1731716.31,,413566.84
2026-05-26 06:00:00,1742627.85,,416054.42
2026-05-26 07:00:00,1738574.66,,418189.93
2026-05-26 08:00:00,1737154.91,,415742.54
2026-05-26 09:00:00,1742885.79,,415709.01
2026-05-26 10:00:00,1757719.21,,420514.01
2026-05-26 11:00:00,1760253.48,,434928.16
2026-05-26 12:00:00,1762440.23,,435795.20
2026-05-26 13:00:00,1742109.71,,434563.31
2026-05-26 14:00:00,1760105.53,,431172.49
2026-05-26 15:00:00,1742832.64,,424491.60
2026-05-26 16:00:00,1727226.54,,426326.34
2026-05-26 17:00:00,1743238.52,,427078.11
2026-05-26 18:00:00,1753627.66,,421356.22
2026-05-26 19:00:00,1744235.92,,425218.41
2026-05-26 20:00:00,1726975.61,,435986.59
2026-05-26 21:00:00,1734084.15,,436764.72
2026-05-26 22:00:00,1695473.56,,427987.00
2026-05-26 23:00:00,1690111.10,,426927.79
2026-05-27 00:00:00,1693702.34,,426906.80
2026-05-27 01:00:00,1717346.77,,426326.33
2026-05-27 02:00:00,1702819.59,,421746.87
2026-05-27 03:00:00,1700320.05,,424794.07
2026-05-27 04:00:00,1689376.36,,425555.13
2026-05-27 05:00:00,1711097.91,,424233.51
2026-05-27 06:00:00,1712969.18,,430490.48
2026-05-27 07:00:00,1716814.11,,435816.64
2026-05-27 08:00:00,1708909.50,,437777.80
2026-05-27 09:00:00,1679004.05,,430219.77
2026-05-27 10:00:00,1675659.20,,433386.51
2026-05-27 11:00:00,1675834.47,,435447.03
2026-05-27 12:00:00,1672592.94,,432218.35
2026-05-27 13:00:00,1722948.44,,442130.53
2026-05-27 14:00:00,1720027.61,,423584.69
2026-05-27 15:00:00,1737540.23,,430646.96
2026-05-27 16:00:00,1745375.95,,437477.19
2026-05-27 17:00:00,1763080.53,,435354.17
2026-05-27 18:00:00,1744932.28,,424990.07
2026-05-27 19:00:00,1755246.13,,427033.63
2026-05-27 20:00:00,1753111.88,,426022.16
2026-05-27 21:00:00,1759698.98,,425410.81
2026-05-27 22:00:00,1700189.17,,417460.08
2026-05-27 23:00:00,1706970.73,,424471.88
2026-05-28 00:00:00,1705934.12,,425461.55
2026-05-28 01:00:00,1724235.03,,424326.74
2026-05-28 02:00:00,1703531.94,,427392.26
2026-05-28 03:00:00,1704691.32,,424361.39
2026-05-28 04:00:00,1629538.72,,417528.43
2026-05-28 05:00:00,1594475.01,,424983.24
2026-05-28 06:00:00,1585473.80,,417463.17
2026-05-28 07:00:00,1586791.00,,413161.29
2026-05-28 08:00:00,1611971.82,,427480.14
2026-05-28 09:00:00,1607380.40,,425234.45
2026-05-28 10:00:00,1623719.45,,427602.21
2026-05-28 11:00:00,1609821.78,,423065.15
2026-05-28 12:00:00,1607377.38,,421241.66
2026-05-28 13:00:00,1617667.57,,431587.05
2026-05-28 14:00:00,1634624.44,,441755.91
2026-05-28 15:00:00,1665100.35,,448055.42
2026-05-28 16:00:00,1662707.85,,450606.09
2026-05-28 17:00:00,1688751.28,,451091.09
2026-05-28 18:00:00,1701259.07,,463719.75
2026-05-28 19:00:00,1700554.14,,454227.08
2026-05-28 20:00:00,1683696.48,,440021.20
2026-05-28 21:00:00,1677338.52,,445235.63
2026-05-28 22:00:00,1674842.81,,444207.63
2026-05-28 23:00:00,1666497.37,,439032.62
2026-05-29 00:00:00,1673217.77,,442688.43
2026-05-29 01:00:00,1691386.59,,447831.40
2026-05-29 02:00:00,1701465.75,,447881.03
2026-05-29 03:00:00,1685505.58,,434739.66
2026-05-29 04:00:00,1689002.49,,434533.55
2026-05-29 05:00:00,1710392.35,,439901.77
2026-05-29 06:00:00,1707149.76,,436040.11
2026-05-29 07:00:00,1710567.79,,436029.88
2026-05-29 08:00:00,1704555.23,,432157.68
2026-05-29 09:00:00,1705393.95,,427039.11
2026-05-29 10:00:00,2119250.97,,462241.02
2026-05-29 11:00:00,1983766.77,,434711.37
2026-05-29 12:00:00,1983741.41,,437492.85
2026-05-29 13:00:00,2026729.72,,435016.06
2026-05-29 14:00:00,1995759.86,,437710.98
2026-05-29 15:00:00,1986056.56,,446648.68
2026-05-29 16:00:00,2020708.67,,456337.86
2026-05-29 17:00:00,2022263.98,,452462.98
2026-05-29 18:00:00,1994157.50,,444275.69
2026-05-29 19:00:00,1984963.33,,444505.73
2026-05-29 20:00:00,1996059.89,,445122.00
2026-05-29 21:00:00,2037223.91,,454608.01
2026-05-29 22:00:00,2008965.31,,455381.04
2026-05-29 23:00:00,2027280.41,,463419.21
2026-05-30 00:00:00,2038355.91,,468969.90
2026-05-30 01:00:00,2074029.75,,478911.62
2026-05-30 02:00:00,2085289.04,,478276.31
2026-05-30 03:00:00,2114431.90,,485414.14
2026-05-30 04:00:00,2199455.18,,498647.51
2026-05-30 05:00:00,2189412.15,,482781.80
2026-05-30 06:00:00,2124860.57,,495703.46
2026-05-30 07:00:00,2097132.62,,484302.46
2026-05-30 08:00:00,2071853.97,,484242.74
2026-05-30 09:00:00,2086106.82,,488258.35
2026-05-30 10:00:00,2031549.00,,468613.90
2026-05-30 11:00:00,2000550.41,,476690.08
2026-05-30 12:00:00,2104393.66,,487882.66
2026-05-30 13:00:00,2195714.60,,500573.78
2026-05-30 14:00:00,2200853.52,,523298.91
2026-05-30 15:00:00,2941640.14,,693752.18
2026-05-30 16:00:00,2772307.04,,651170.11
2026-05-30 17:00:00,2631656.34,,611622.28
2026-05-30 18:00:00,2543828.56,,585788.14
2026-05-30 19:00:00,2547642.93,,636520.91
2026-05-30 20:00:00,2521186.47,,624452.67
2026-05-30 21:00:00,2528665.55,,624473.64
2026-05-30 22:00:00,2558071.30,,619776.85
2026-05-30 23:00:00,2431136.21,,597078.11
2026-05-31 00:00:00,2406879.51,,596121.99
2026-05-31 01:00:00,2449535.32,,593189.11
2026-05-31 02:00:00,2634821.41,,618713.85
2026-05-31 03:00:00,2616292.41,,607174.20
2026-05-31 04:00:00,2685550.62,,625132.25
2026-05-31 05:00:00,2753819.79,,610447.44
2026-05-31 06:00:00,2995995.69,,662397.07
2026-05-31 07:00:00,3067913.30,,697486.91
2026-05-31 08:00:00,2817841.43,,641380.57
2026-05-31 09:00:00,2901083.12,,664003.67
2026-05-31 10:00:00,3095440.85,,683585.98
2026-05-31 11:00:00,3541484.22,,948074.60
2026-05-31 12:00:00,3575881.71,,1040184.51
2026-05-31 13:00:00,3331059.92,,870733.59
2026-05-31 14:00:00,3271620.82,,782811.76
2026-05-31 15:00:00,3098148.64,,766946.61
2026-05-31 16:00:00,3389851.95,,927051.72
2026-05-31 17:00:00,3334557.20,,917359.56
2026-05-31 18:00:00,3441143.54,,967062.66
2026-05-31 19:00:00,3448596.85,,922935.66
2026-05-31 20:00:00,3479073.82,,923713.97
2026-05-31 21:00:00,3524866.66,,912016.33
2026-05-31 22:00:00,3778773.72,,957453.92
2026-05-31 23:00:00,3675038.86,,936327.47
2026-06-01 00:00:00,3704059.92,,964374.92
2026-06-01 01:00:00,3652311.44,,915561.30
2026-06-01 02:00:00,3910240.33,,943906.65
2026-06-01 03:00:00,3996200.52,,926413.79
2026-06-01 04:00:00,3512619.47,,810948.57
2026-06-01 05:00:00,3479384.65,,778306.56
2026-06-01 06:00:00,3502799.45,,793449.58
2026-06-01 07:00:00,3503265.93,,763695.53
2026-06-01 08:00:00,3243338.25,,728455.49
2026-06-01 09:00:00,3250764.48,,734799.62
2026-06-01 10:00:00,3215690.17,,734913.45
2026-06-01 11:00:00,3124857.13,,726518.26
2026-06-01 12:00:00,3146601.14,,731519.12
2026-06-01 13:00:00,3068587.55,,756377.06
2026-06-01 14:00:00,2981539.93,,728295.93
2026-06-01 15:00:00,3033116.31,,726343.98
2026-06-01 16:00:00,3111590.76,,714431.08
2026-06-01 17:00:00,3039299.92,,734618.85
2026-06-01 18:00:00,2975270.06,,690050.94
2026-06-01 19:00:00,2987126.38,,679656.24
2026-06-01 20:00:00,3078193.01,,685314.54
2026-06-01 21:00:00,3060484.28,,678366.34
2026-06-01 22:00:00,2939740.43,,652972.04
2026-06-01 23:00:00,2968859.65,,655453.75
2026-06-02 00:00:00,3002956.87,,674714.13
2026-06-02 01:00:00,2979745.22,,646415.29
2026-06-02 02:00:00,2865499.75,,635425.04
2026-06-02 03:00:00,2868197.20,,613198.39
2026-06-02 04:00:00,2886960.07,,608894.48
2026-06-02 05:00:00,2897973.83,,619309.37
2026-06-02 06:00:00,2927923.15,,588864.03
2026-06-02 07:00:00,2964687.34,,574883.45
2026-06-02 08:00:00,3023371.54,,568171.93
2026-06-02 09:00:00,3011359.44,,561715.86
2026-06-02 10:00:00,2968345.42,,564824.71
2026-06-02 11:00:00,2984423.10,,575084.96
2026-06-02 12:00:00,2989563.20,,575659.34
2026-06-02 13:00:00,3016617.15,,579167.97
2026-06-02 14:00:00,2981466.23,,577629.64
2026-06-02 15:00:00,2908639.32,,541761.83
2026-06-02 16:00:00,2833115.67,,558487.08
2026-06-02 17:00:00,2762644.21,,572613.58
2026-06-02 18:00:00,2745986.52,,568881.08
2026-06-02 19:00:00,2731368.83,,557819.92
2026-06-02 20:00:00,2704910.84,,537924.85
2026-06-02 21:00:00,2720649.49,,540115.40
2026-06-02 22:00:00,2717353.06,,530276.55
2026-06-02 23:00:00,2665706.27,,526557.78
2026-06-03 00:00:00,2644010.01,,540124.83
2026-06-03 01:00:00,2680727.48,,538261.16
2026-06-03 02:00:00,2717676.03,,538124.57
2026-06-03 03:00:00,2711081.80,,552566.08
2026-06-03 04:00:00,2672711.40,,542716.23
2026-06-03 05:00:00,2715175.46,,552642.93
2026-06-03 06:00:00,2742510.53,,550408.09
2026-06-03 07:00:00,2693754.02,,536960.54
2026-06-03 08:00:00,2714095.84,,539387.55
2026-06-03 09:00:00,2756854.19,,585240.60
2026-06-03 10:00:00,2694361.41,,584595.38
2026-06-03 11:00:00,2837620.87,,635410.60
2026-06-03 12:00:00,2778411.08,,595404.23
2026-06-03 13:00:00,2815746.79,,594375.44
2026-06-03 14:00:00,2803616.95,,578438.71
2026-06-03 15:00:00,2820550.93,,582381.90
2026-06-03 16:00:00,2886948.64,,575805.41
2026-06-03 17:00:00,2861319.34,,569728.05
2026-06-03 18:00:00,2941479.66,,574753.17
2026-06-03 19:00:00,3009782.66,,584118.91
2026-06-03 20:00:00,2946640.69,,568762.68
2026-06-03 21:00:00,2973680.15,,581727.32
2026-06-03 22:00:00,3203505.34,,613490.76
2026-06-03 23:00:00,3042542.97,,594836.22
2026-06-04 00:00:00,2951904.28,,597688.92
2026-06-04 01:00:00,2892527.64,,578831.72
2026-06-04 02:00:00,2735721.65,,549846.62
2026-06-04 03:00:00,2797103.66,,580469.32
2026-06-04 04:00:00,2991352.92,,676703.20
2026-06-04 05:00:00,2883858.76,,636464.74
2026-06-04 06:00:00,3147450.02,,720709.73
2026-06-04 07:00:00,3325289.29,,829810.81
2026-06-04 08:00:00,3402394.47,,839155.80
2026-06-04 09:00:00,3672511.07,,925923.94
2026-06-04 10:00:00,3337477.59,,804311.91
2026-06-04 11:00:00,3331466.83,,806282.88
2026-06-04 12:00:00,3464968.28,,845801.29
2026-06-04 13:00:00,4016054.21,,1006355.44
2026-06-04 14:00:00,3668767.38,,969321.64
2026-06-04 15:00:00,3361662.61,,854316.40
2026-06-04 16:00:00,3349472.80,,824902.59
2026-06-04 17:00:00,3372776.71,,825699.28
2026-06-04 18:00:00,3467442.71,,841198.29
2026-06-04 19:00:00,3464756.38,,841658.88
2026-06-04 20:00:00,3650908.37,,883395.64
2026-06-04 21:00:00,3632815.63,,1018052.13
2026-06-04 22:00:00,3668506.54,,910086.02
2026-06-04 23:00:00,3489973.63,,910262.62
2026-06-05 00:00:00,3624110.39,,1029886.26
2026-06-05 01:00:00,3583932.49,,1026535.94
2026-06-05 02:00:00,3594577.09,,1068827.13
2026-06-05 03:00:00,3444707.76,,978835.22
2026-06-05 04:00:00,3305314.31,,941085.52
2026-06-05 05:00:00,3382355.10,,923654.60
2026-06-05 06:00:00,3319413.97,,885855.81
2026-06-05 07:00:00,3250014.89,,863406.59
2026-06-05 08:00:00,3476257.60,,1056924.90
2026-06-05 09:00:00,3626387.65,,1109738.56
2026-06-05 10:00:00,3621044.89,,1125811.13
2026-06-05 11:00:00,3476087.43,,984821.80
2026-06-05 12:00:00,3488714.16,,1008106.50
2026-06-05 13:00:00,3476977.94,,981884.69
2026-06-05 14:00:00,3261593.56,,921004.72
2026-06-05 15:00:00,3291608.11,,915871.73
2026-06-05 16:00:00,2945067.44,,849644.03
2026-06-05 17:00:00,3056988.49,,854623.38
2026-06-05 18:00:00,3072741.08,,892770.06
2026-06-05 19:00:00,2980604.46,,868534.83
2026-06-05 20:00:00,2994270.53,,878000.53
2026-06-05 21:00:00,2942010.11,,872732.17
2026-06-05 22:00:00,2972374.52,,872814.05
2026-06-05 23:00:00,2951714.11,,849143.98
2026-06-06 00:00:00,2952024.97,,850948.02
2026-06-06 01:00:00,2948628.36,,856059.39
2026-06-06 02:00:00,3051787.41,,926428.00
2026-06-06 03:00:00,3018866.06,,918819.98
2026-06-06 04:00:00,2853050.09,,878542.67
2026-06-06 05:00:00,2699386.22,,789761.77
2026-06-06 06:00:00,2795102.71,,825318.46
2026-06-06 07:00:00,2737559.12,,806825.17
2026-06-06 08:00:00,2805484.88,,821450.51
2026-06-06 09:00:00,2870691.81,,856635.02
2026-06-06 10:00:00,2829999.29,,835345.54
2026-06-06 11:00:00,2790976.77,,780047.57
2026-06-06 12:00:00,2898613.89,,810297.58
2026-06-06 13:00:00,2844062.32,,791608.84
2026-06-06 14:00:00,2841343.07,,793177.76
2026-06-06 15:00:00,2849646.35,,790575.42
2026-06-06 16:00:00,2820377.79,,771375.89
2026-06-06 17:00:00,2837400.35,,762855.62
2026-06-06 18:00:00,2874595.48,,764067.85
2026-06-06 19:00:00,2851448.49,,780897.01
2026-06-06 20:00:00,2834794.18,,765520.96
2026-06-06 21:00:00,2818902.07,,760670.81
2026-06-06 22:00:00,2788485.57,,740815.19
2026-06-06 23:00:00,2773488.85,,713901.36
2026-06-07 00:00:00,2800432.89,,719056.82
2026-06-07 01:00:00,2828636.74,,740010.82
2026-06-07 02:00:00,3039830.88,,881376.52
2026-06-07 03:00:00,3096277.88,,1016269.93
2026-06-07 04:00:00,3102816.23,,1078457.96
2026-06-07 05:00:00,3123989.97,,1072022.98
2026-06-07 06:00:00,3126428.79,,1090850.18
2026-06-07 07:00:00,3161358.79,,1099319.44
2026-06-07 08:00:00,3528091.31,,1246851.25
2026-06-07 09:00:00,3291665.24,,1256070.02
2026-06-07 10:00:00,3249645.13,,1207815.80
2026-06-07 11:00:00,3270684.59,,1194236.56
2026-06-07 12:00:00,3268364.11,,1191673.65
2026-06-07 13:00:00,3216371.29,,1164052.42
2026-06-07 14:00:00,3048513.78,,1119906.13
2026-06-07 15:00:00,3002945.38,,1086610.39
2026-06-07 16:00:00,2988229.92,,1055780.68
2026-06-07 17:00:00,2986102.42,,1052133.87
2026-06-07 18:00:00,3000289.71,,1044704.42
2026-06-07 19:00:00,2960118.71,,1001073.51
2026-06-07 20:00:00,2779398.29,,892898.44
2026-06-07 21:00:00,2816989.79,,874632.55
2026-06-07 22:00:00,2781398.18,,850452.16
2026-06-07 23:00:00,2758700.32,,855267.03
2026-06-08 00:00:00,2763141.28,,886376.14
2026-06-08 01:00:00,2757262.80,,922103.23
2026-06-08 02:00:00,2726542.12,,939621.11
2026-06-08 03:00:00,2733800.57,,933016.42
2026-06-08 04:00:00,2803359.18,,978618.38
2026-06-08 05:00:00,2679164.52,,901194.58
2026-06-08 06:00:00,2691225.02,,922551.22
2026-06-08 07:00:00,2693330.18,,940604.26
2026-06-08 08:00:00,2707742.74,,933461.01
2026-06-08 09:00:00,2641498.89,,949612.82
2026-06-08 10:00:00,2623505.40,,962428.20
2026-06-08 11:00:00,2601099.44,,961712.20
2026-06-08 12:00:00,2671830.20,,974351.77
2026-06-08 13:00:00,2712792.29,,978386.81
2026-06-08 14:00:00,2716936.73,,977541.51
2026-06-08 15:00:00,2723431.01,,993189.10
2026-06-08 16:00:00,2743854.58,,1030316.53
2026-06-08 17:00:00,2740709.33,,1015168.85
2026-06-08 18:00:00,2724683.25,,1016004.46
2026-06-08 19:00:00,2688780.33,,1000023.79
2026-06-08 20:00:00,2640465.34,,978367.55
2026-06-08 21:00:00,2565199.45,,885218.94
2026-06-08 22:00:00,2487284.57,,856894.16
2026-06-08 23:00:00,2431225.33,,797374.15
2026-06-09 00:00:00,2397056.55,,759740.32
2026-06-09 01:00:00,2371349.69,,728003.65
2026-06-09 02:00:00,2369312.62,,756643.99
2026-06-09 03:00:00,2594631.65,,812338.28
2026-06-09 04:00:00,2663117.54,,812978.17
2026-06-09 05:00:00,2738628.61,,839088.06
2026-06-09 06:00:00,2810529.90,,850985.71
2026-06-09 07:00:00,2791788.87,,858101.78
2026-06-09 08:00:00,2991482.00,,962406.50
2026-06-09 09:00:00,2923196.19,,939325.82
2026-06-09 10:00:00,2907714.71,,960925.20
2026-06-09 11:00:00,2790332.04,,935977.75
2026-06-09 12:00:00,2858438.32,,940048.05
2026-06-09 13:00:00,2933452.63,,998901.14
2026-06-09 14:00:00,2919259.52,,1000431.46
2026-06-09 15:00:00,2741836.62,,996743.49
2026-06-09 16:00:00,2628230.46,,973599.08
2026-06-09 17:00:00,2632510.07,,979695.91
2026-06-09 18:00:00,2645617.47,,993232.62
2026-06-09 19:00:00,2629094.87,,980445.91
2026-06-09 20:00:00,2556779.97,,895599.18
2026-06-09 21:00:00,2550591.09,,887077.63
2026-06-09 22:00:00,2544721.44,,875429.54
2026-06-09 23:00:00,2555196.32,,894871.19
2026-06-10 00:00:00,2584381.65,,923700.65
2026-06-10 01:00:00,2733709.91,,944787.17
2026-06-10 02:00:00,2750706.35,,946859.88
2026-06-10 03:00:00,2706818.56,,933906.25
2026-06-10 04:00:00,2626951.93,,876938.06
2026-06-10 05:00:00,2657881.90,,849109.58
2026-06-10 06:00:00,2602131.92,,830905.67
2026-06-10 07:00:00,2638841.96,,846177.70
2026-06-10 08:00:00,2607005.80,,839483.84
2026-06-10 09:00:00,2572522.02,,832255.99
2026-06-10 10:00:00,2518873.85,,812942.43
2026-06-10 11:00:00,2501650.94,,810135.64
2026-06-10 12:00:00,2436814.21,,769977.23
2026-06-10 13:00:00,2445581.12,,773126.77
2026-06-10 14:00:00,2469844.34,,776611.73
2026-06-10 15:00:00,2456777.58,,762714.38
2026-06-10 16:00:00,2446352.10,,749954.05
2026-06-10 17:00:00,2494364.95,,815422.23
2026-06-10 18:00:00,2487654.88,,779405.80
2026-06-10 19:00:00,2483269.66,,790178.14
2026-06-10 20:00:00,2383074.76,,743446.98
2026-06-10 21:00:00,2305632.16,,721138.32
2026-06-10 22:00:00,2255997.49,,675577.03
2026-06-10 23:00:00,2251391.26,,676583.65
2026-06-11 00:00:00,2283536.88,,670497.27
2026-06-11 01:00:00,2376260.22,,699580.12
2026-06-11 02:00:00,2384294.35,,716104.78
2026-06-11 03:00:00,2361973.31,,690105.86
2026-06-11 04:00:00,2332809.07,,674926.87
2026-06-11 05:00:00,2325149.40,,677181.89
2026-06-11 06:00:00,2342750.52,,696440.44
2026-06-11 07:00:00,2290230.80,,697723.42
2026-06-11 08:00:00,2311845.29,,695412.52
2026-06-11 09:00:00,2414069.16,,690736.10
2026-06-11 10:00:00,2338684.02,,684947.11
2026-06-11 11:00:00,2312774.79,,679113.79
2026-06-11 12:00:00,2337309.67,,689670.82
2026-06-11 13:00:00,2302086.28,,681226.57
2026-06-11 14:00:00,2332724.83,,695665.54
2026-06-11 15:00:00,2337875.37,,751560.99
2026-06-11 16:00:00,2377958.77,,758619.19
2026-06-11 17:00:00,2363708.27,,747130.22
2026-06-11 18:00:00,2364025.40,,755828.13
2026-06-11 19:00:00,2382995.72,,755201.57
2026-06-11 20:00:00,2344649.78,,762729.09
2026-06-11 21:00:00,2319352.92,,748615.73
2026-06-11 22:00:00,2302667.71,,737717.12
2026-06-11 23:00:00,2271345.51,,733195.57
2026-06-12 00:00:00,2302505.98,,732592.96
2026-06-12 01:00:00,2291705.68,,726297.04
2026-06-12 02:00:00,2284237.01,,724620.45
2026-06-12 03:00:00,2268324.30,,717716.80
2026-06-12 04:00:00,2222558.48,,693854.52
2026-06-12 05:00:00,2214620.48,,684438.21
2026-06-12 06:00:00,2231633.14,,676514.86
2026-06-12 07:00:00,2198349.96,,653376.34
2026-06-12 08:00:00,2201640.27,,651882.74
2026-06-12 09:00:00,2294203.32,,663358.40
2026-06-12 10:00:00,2274737.28,,664579.08
2026-06-12 11:00:00,2226877.40,,643317.74
2026-06-12 12:00:00,2211687.74,,638708.60
2026-06-12 13:00:00,2182808.43,,639852.15
2026-06-12 14:00:00,2143569.99,,640206.36
2026-06-12 15:00:00,2165450.45,,658170.09
2026-06-12 16:00:00,2137931.01,,660656.45
2026-06-12 17:00:00,2126390.52,,644580.39
2026-06-12 18:00:00,2122735.09,,659539.49
2026-06-12 19:00:00,2151937.82,,642693.98
2026-06-12 20:00:00,2145959.96,,647103.51
2026-06-12 21:00:00,2132061.93,,642977.65
2026-06-12 22:00:00,2132786.75,,652440.17
2026-06-12 23:00:00,2129366.38,,650018.93
2026-06-13 00:00:00,2127129.40,,654224.03
2026-06-13 01:00:00,2160810.78,,668288.44
2026-06-13 02:00:00,2173885.78,,672363.75
2026-06-13 03:00:00,2148908.82,,662815.12
2026-06-13 04:00:00,2093903.95,,641393.81
2026-06-13 05:00:00,2085627.81,,644500.83
2026-06-13 06:00:00,2056013.97,,644591.58
2026-06-13 07:00:00,2057770.56,,645549.43
2026-06-13 08:00:00,2079482.22,,639063.26
2026-06-13 09:00:00,2096116.54,,640193.18
2026-06-13 10:00:00,2127467.79,,645286.38
2026-06-13 11:00:00,2114258.35,,641636.22
2026-06-13 12:00:00,2145485.45,,645018.84
2026-06-13 13:00:00,2120820.99,,641524.07
2026-06-13 14:00:00,2102340.13,,647450.88
2026-06-13 15:00:00,2103733.62,,643256.90
2026-06-13 16:00:00,2156220.39,,660756.51
2026-06-13 17:00:00,2147511.00,,646333.95
2026-06-13 18:00:00,2122675.80,,640567.53
2026-06-13 19:00:00,2121460.03,,644505.48
2026-06-13 20:00:00,2138123.14,,648302.23
2026-06-13 21:00:00,2121557.07,,640925.00
2026-06-13 22:00:00,2126209.98,,639278.56
2026-06-13 23:00:00,2146627.08,,640663.88
2026-06-14 00:00:00,2143534.32,,639131.68
2026-06-14 01:00:00,2136255.56,,635513.48
2026-06-14 02:00:00,2136028.64,,641053.05
2026-06-14 03:00:00,2173274.81,,647049.94
2026-06-14 04:00:00,2209026.51,,663764.89
2026-06-14 05:00:00,2218670.16,,647483.08
2026-06-14 06:00:00,2218164.13,,633731.28
2026-06-14 07:00:00,2273719.58,,671227.43
2026-06-14 08:00:00,2329289.92,,697276.97
2026-06-14 09:00:00,2507490.60,,850603.59
2026-06-14 10:00:00,2492715.61,,801346.48
2026-06-14 11:00:00,2489620.57,,786728.01
2026-06-14 12:00:00,2665525.76,,832998.00
2026-06-14 13:00:00,2642256.33,,827084.12
2026-06-14 14:00:00,2686174.35,,859798.19
2026-06-14 15:00:00,2731702.79,,880001.46
2026-06-14 16:00:00,3002336.93,,1074404.64
2026-06-14 17:00:00,3058194.34,,1035666.61
2026-06-14 18:00:00,2897474.19,,974332.86
2026-06-14 19:00:00,2836224.08,,1021345.86
2026-06-14 20:00:00,2699248.69,,971197.31
2026-06-14 21:00:00,2641772.81,,911774.30
2026-06-14 22:00:00,2738039.24,,903835.32
2026-06-14 23:00:00,2751655.56,,906234.40
2026-06-15 00:00:00,2793510.50,,939575.51
2026-06-15 01:00:00,2764584.09,,899921.65
2026-06-15 02:00:00,2708701.82,,880557.99
2026-06-15 03:00:00,2696379.18,,881885.74
2026-06-15 04:00:00,2708817.83,,892866.74
2026-06-15 05:00:00,2688709.80,,874786.39
2026-06-15 06:00:00,2818203.06,,866265.25
2026-06-15 07:00:00,2712706.50,,816259.58
2026-06-15 08:00:00,2624198.31,,822770.44
2026-06-15 09:00:00,2664482.56,,833343.69
2026-06-15 10:00:00,2677878.09,,818682.25
2026-06-15 11:00:00,2694739.32,,815949.14
2026-06-15 12:00:00,2679845.00,,827424.57
2026-06-15 13:00:00,2667397.44,,822405.36
2026-06-15 14:00:00,2721096.79,,824064.56
2026-06-15 15:00:00,2716478.16,,826344.55
2026-06-15 16:00:00,2629076.86,,763347.80
2026-06-15 17:00:00,2595623.19,,736669.91
2026-06-15 18:00:00,2560762.35,,740919.14
2026-06-15 19:00:00,2537674.17,,723152.35
2026-06-15 20:00:00,2476203.18,,702551.38
2026-06-15 21:00:00,2466633.26,,710480.21
2026-06-15 22:00:00,2488378.30,,710838.60
2026-06-15 23:00:00,2415191.30,,687072.58
2026-06-16 00:00:00,2456676.92,,697708.66
2026-06-16 01:00:00,2555875.60,,725762.64
2026-06-16 02:00:00,2551422.61,,694575.84
2026-06-16 03:00:00,2519868.14,,691381.46
2026-06-16 04:00:00,2543529.86,,696007.62
2026-06-16 05:00:00,2506240.41,,678194.93
2026-06-16 06:00:00,2518638.76,,677670.54
2026-06-16 07:00:00,2655053.62,,719455.94
2026-06-16 08:00:00,2793532.99,,769490.59
2026-06-16 09:00:00,2883575.74,,778303.85
2026-06-16 10:00:00,2958953.71,,784994.40
2026-06-16 11:00:00,2924285.99,,788817.81
2026-06-16 12:00:00,2939830.73,,785290.75
2026-06-16 13:00:00,2945303.85,,780524.56
2026-06-16 14:00:00,2952008.81,,784798.08
2026-06-16 15:00:00,2874143.15,,763143.55
2026-06-16 16:00:00,2842727.39,,760998.40
2026-06-16 17:00:00,2850857.04,,750784.36
2026-06-16 18:00:00,2791088.28,,745758.33
2026-06-16 19:00:00,2753284.89,,732771.89
2026-06-16 20:00:00,2694260.75,,683366.98
2026-06-16 21:00:00,2699771.96,,682644.19
2026-06-16 22:00:00,2648451.86,,676554.35
2026-06-16 23:00:00,2644472.24,,674086.17
2026-06-17 00:00:00,2619877.42,,663111.25
2026-06-17 01:00:00,2674045.35,,687065.96
2026-06-17 02:00:00,2765960.10,,696199.87
2026-06-17 03:00:00,2699981.73,,685483.13
2026-06-17 04:00:00,2626890.97,,655676.98
2026-06-17 05:00:00,2558947.17,,654756.34
2026-06-17 06:00:00,2511864.64,,640696.86
2026-06-17 07:00:00,2489180.21,,642400.06
2026-06-17 08:00:00,2441924.13,,637118.30
2026-06-17 09:00:00,2393856.21,,618846.93
2026-06-17 10:00:00,2383036.56,,610026.62
2026-06-17 11:00:00,2344879.43,,605631.14
2026-06-17 12:00:00,2327253.61,,597680.56
2026-06-17 13:00:00,2342968.35,,600542.15
2026-06-17 14:00:00,2313915.24,,602327.35
2026-06-17 15:00:00,2250925.64,,599142.74
2026-06-17 16:00:00,2263867.88,,611091.99
2026-06-17 17:00:00,2234609.54,,612898.11
2026-06-17 18:00:00,2235168.25,,606252.89
2026-06-17 19:00:00,2182249.25,,597591.48
2026-06-17 20:00:00,2136222.64,,579120.69
2026-06-17 21:00:00,2142495.36,,578219.38
2026-06-17 22:00:00,2138309.04,,567855.19
2026-06-17 23:00:00,2127342.87,,566947.30
2026-06-18 00:00:00,2133793.43,,584478.24
2026-06-18 01:00:00,2139110.70,,587846.02
2026-06-18 02:00:00,2139749.56,,619524.53
2026-06-18 03:00:00,2144811.40,,617448.91
2026-06-18 04:00:00,2118166.62,,602491.74
2026-06-18 05:00:00,2023896.49,,585071.46
2026-06-18 06:00:00,2038735.99,,581634.14
2026-06-18 07:00:00,2018084.88,,576844.23
2026-06-18 08:00:00,2025540.88,,572308.28
2026-06-18 09:00:00,2039598.91,,576898.34
2026-06-18 10:00:00,2064712.12,,589224.12
2026-06-18 11:00:00,2053980.15,,575183.61
2026-06-18 12:00:00,2050517.56,,575674.09
2026-06-18 13:00:00,2064606.44,,577845.88
2026-06-18 14:00:00,2019768.91,,562208.99
2026-06-18 15:00:00,2035946.80,,566856.57
2026-06-18 16:00:00,1878460.87,,596739.36
2026-06-18 17:00:00,1895076.96,,597961.63
2026-06-18 18:00:00,1888307.84,,598904.01
2026-06-18 19:00:00,1897785.73,,588974.99
2026-06-18 20:00:00,1910668.95,,590161.62
2026-06-18 21:00:00,1923338.84,,596931.17
2026-06-18 22:00:00,1902063.18,,591765.05
2026-06-18 23:00:00,1846178.06,,576548.74
2026-06-19 00:00:00,1861046.55,,580256.79
2026-06-19 01:00:00,1936239.58,,591556.76
2026-06-19 02:00:00,1942818.91,,590808.81
2026-06-19 03:00:00,1990617.11,,614436.29
2026-06-19 04:00:00,1972884.23,,611804.68
2026-06-19 05:00:00,1930110.46,,600852.56
2026-06-19 06:00:00,1945758.29,,617699.80
2026-06-19 07:00:00,1944346.88,,614738.93
2026-06-19 08:00:00,1916421.39,,599593.59
2026-06-19 09:00:00,1950895.55,,606481.24
2026-06-19 10:00:00,1944057.11,,602803.28
2026-06-19 11:00:00,1954925.38,,610557.38
2026-06-19 12:00:00,1962902.69,,606728.57
2026-06-19 13:00:00,2009145.14,,616175.99
2026-06-19 14:00:00,2029551.88,,615703.84
2026-06-19 15:00:00,2044400.65,,610819.42
2026-06-19 16:00:00,2053520.68,,614455.51
2026-06-19 17:00:00,2010606.56,,602234.02
2026-06-19 18:00:00,2031756.56,,602930.78
2026-06-19 19:00:00,2026128.65,,592759.95
2026-06-19 20:00:00,2013854.06,,578887.74
2026-06-19 21:00:00,2033686.14,,581006.91
2026-06-19 22:00:00,2015302.85,,576491.72
2026-06-19 23:00:00,2022837.60,,576299.81
2026-06-20 00:00:00,2086662.82,,596133.02
2026-06-20 01:00:00,2151054.53,,625249.26
2026-06-20 02:00:00,2088846.26,,620760.83
2026-06-20 03:00:00,2068468.85,,597916.50
2026-06-20 04:00:00,2101843.75,,604069.84
2026-06-20 05:00:00,2127017.51,,623357.92
2026-06-20 06:00:00,2141511.38,,621276.51
2026-06-20 07:00:00,2119830.51,,620894.13
2026-06-20 08:00:00,2066128.93,,625538.00
2026-06-20 09:00:00,2089107.88,,619633.46
2026-06-20 10:00:00,2112378.59,,621538.06
2026-06-20 11:00:00,2110719.07,,610661.64
2026-06-20 12:00:00,2126040.03,,605279.46
2026-06-20 13:00:00,2124998.45,,597272.04
2026-06-20 14:00:00,2222609.91,,612602.07
2026-06-20 15:00:00,2281603.12,,627967.18
2026-06-20 16:00:00,2284875.36,,641529.29
2026-06-20 17:00:00,2291818.43,,681526.24
2026-06-20 18:00:00,2233566.10,,662792.51
2026-06-20 19:00:00,2235064.23,,664525.01
2026-06-20 20:00:00,2242419.11,,662345.07
2026-06-20 21:00:00,2233828.93,,659447.55
2026-06-20 22:00:00,2239202.79,,657242.48
2026-06-20 23:00:00,2243701.91,,655844.70
2026-06-21 00:00:00,2229994.48,,681287.64
2026-06-21 01:00:00,2238876.50,,687941.66
2026-06-21 02:00:00,2238587.00,,685899.57
2026-06-21 03:00:00,2227068.52,,685497.56
2026-06-21 04:00:00,2238880.93,,675017.19
2026-06-21 05:00:00,2224815.00,,665864.60
2026-06-21 06:00:00,2224029.59,,665956.06
2026-06-21 07:00:00,2233526.81,,675902.87
2026-06-21 08:00:00,2230426.48,,672253.06
2026-06-21 09:00:00,2201329.42,,665220.94
2026-06-21 10:00:00,2232172.37,,674820.27
2026-06-21 11:00:00,2266113.98,,716537.17
2026-06-21 12:00:00,2252985.43,,722284.04
2026-06-21 13:00:00,2237925.77,,710986.70
2026-06-21 14:00:00,2218698.54,,664260.30
2026-06-21 15:00:00,2218481.35,,632152.81
2026-06-21 16:00:00,2205266.46,,620386.59
2026-06-21 17:00:00,2202032.71,,609008.00
2026-06-21 18:00:00,2170081.52,,605239.46
2026-06-21 19:00:00,2166611.35,,604785.69
2026-06-21 20:00:00,2149439.16,,600910.40
2026-06-21 21:00:00,2151293.02,,598013.71
2026-06-21 22:00:00,2093758.14,,584937.81
2026-06-21 23:00:00,2098160.80,,589212.63
2026-06-22 00:00:00,2120607.84,,609862.08
2026-06-22 01:00:00,2125114.27,,619243.40
2026-06-22 02:00:00,2122119.77,,630500.63
2026-06-22 03:00:00,2108119.98,,630925.90
2026-06-22 04:00:00,2113983.71,,640845.58
2026-06-22 05:00:00,2132997.07,,647033.16
2026-06-22 06:00:00,2108230.68,,654430.50
2026-06-22 07:00:00,2089726.89,,636865.97
2026-06-22 08:00:00,2084314.04,,635462.00
2026-06-22 09:00:00,2064229.18,,629352.01
2026-06-22 10:00:00,2107297.33,,638769.63
2026-06-22 11:00:00,2092811.40,,625901.04
2026-06-22 12:00:00,2094880.60,,628443.13
2026-06-22 13:00:00,2111191.43,,639595.44
2026-06-22 14:00:00,2124618.29,,661565.82
2026-06-22 15:00:00,2113921.53,,647543.04
2026-06-22 16:00:00,2202655.68,,655832.20
2026-06-22 17:00:00,2189265.24,,648984.17
2026-06-22 18:00:00,2189583.07,,648909.34
2026-06-22 19:00:00,2157697.88,,629739.18
2026-06-22 20:00:00,2188062.84,,620138.26
2026-06-22 21:00:00,2195872.01,,623173.49
2026-06-22 22:00:00,2209228.57,,630870.51
2026-06-22 23:00:00,2157098.58,,633277.37
2026-06-23 00:00:00,2148335.03,,635912.90
2026-06-23 01:00:00,2148002.08,,630425.88
2026-06-23 02:00:00,2134312.56,,629426.75
2026-06-23 03:00:00,2192444.13,,648314.62
2026-06-23 04:00:00,2217964.50,,642065.92
2026-06-23 05:00:00,2176991.93,,634415.28
2026-06-23 06:00:00,2146013.01,,623139.01
2026-06-23 07:00:00,2063012.81,,595765.02
2026-06-23 08:00:00,2056129.56,,592010.77
2026-06-23 09:00:00,2023923.37,,559772.52
2026-06-23 10:00:00,2023119.14,,555759.26
2026-06-23 11:00:00,2026440.90,,563598.13
2026-06-23 12:00:00,2036574.00,,567606.05
2026-06-23 13:00:00,2061765.71,,570835.25
2026-06-23 14:00:00,2078041.89,,576643.17
2026-06-23 15:00:00,2078336.67,,574107.48
2026-06-23 16:00:00,2075326.14,,576497.93
2026-06-23 17:00:00,2055527.17,,572553.78
2026-06-23 18:00:00,2048794.82,,570193.22
2026-06-23 19:00:00,2057603.07,,571499.24
2026-06-23 20:00:00,2132087.31,,641090.38
2026-06-23 21:00:00,2258334.08,,644994.51
2026-06-23 22:00:00,2276959.34,,664831.39
2026-06-23 23:00:00,2235952.59,,638915.55
2026-06-24 00:00:00,2212995.64,,601330.26
2026-06-24 01:00:00,2208266.09,,593695.78
2026-06-24 02:00:00,2216077.78,,586090.64
2026-06-24 03:00:00,2187337.40,,574903.05
2026-06-24 04:00:00,2197822.63,,589307.89
2026-06-24 05:00:00,2161354.63,,569009.13
2026-06-24 06:00:00,2160717.24,,568972.39
2026-06-24 07:00:00,2155354.41,,567729.31
2026-06-24 08:00:00,2144445.34,,571600.13
2026-06-24 09:00:00,2189394.11,,577057.89
2026-06-24 10:00:00,2180522.99,,576022.46
2026-06-24 11:00:00,2154523.85,,569998.56
2026-06-24 12:00:00,2152808.50,,572262.60
2026-06-24 13:00:00,2140950.23,,540107.55
2026-06-24 14:00:00,1993301.25,,512937.70
2026-06-24 15:00:00,1986978.45,,513989.48
2026-06-24 16:00:00,1923549.27,,502075.76
2026-06-24 17:00:00,1843054.53,,476834.36
2026-06-24 18:00:00,1814665.35,,465794.96
2026-06-24 19:00:00,1829872.58,,468496.03
2026-06-24 20:00:00,1856913.56,,446015.70
2026-06-24 21:00:00,1862806.29,,440577.15
2026-06-24 22:00:00,1875756.30,,436287.52
2026-06-24 23:00:00,1871016.02,,435471.82
2026-06-25 00:00:00,1872230.61,,432976.08
2026-06-25 01:00:00,1847438.07,,427948.04
2026-06-25 02:00:00,1842255.56,,429083.02
2026-06-25 03:00:00,1849296.41,,432705.11
2026-06-25 04:00:00,1859909.18,,430871.99
2026-06-25 05:00:00,1895019.59,,435249.14
2026-06-25 06:00:00,1904350.36,,441858.34
2026-06-25 07:00:00,1907520.47,,443495.77
2026-06-25 08:00:00,1882805.14,,440373.55
2026-06-25 09:00:00,1863859.47,,426708.89
2026-06-25 10:00:00,1875358.34,,433782.52
2026-06-25 11:00:00,1876796.93,,436988.60
2026-06-25 12:00:00,1879102.68,,431176.95
2026-06-25 13:00:00,1886919.38,,432692.48
2026-06-25 14:00:00,1738178.57,,387092.88
2026-06-25 15:00:00,1796069.54,,408988.54
2026-06-25 16:00:00,1803223.66,,400958.27
2026-06-25 17:00:00,1796991.60,,401184.24
2026-06-25 18:00:00,1819628.11,,401594.97
2026-06-25 19:00:00,1780042.46,,393560.78
2026-06-25 20:00:00,1778626.32,,391493.28
2026-06-25 21:00:00,1775900.96,,397612.07
2026-06-25 22:00:00,1805994.39,,401826.52
2026-06-25 23:00:00,1789187.48,,402525.56
2026-06-26 00:00:00,1789222.43,,408885.84
2026-06-26 01:00:00,1787018.23,,402076.21
2026-06-26 02:00:00,1780715.59,,404923.45
2026-06-26 03:00:00,1760076.82,,392748.66
2026-06-26 04:00:00,1805873.59,,406581.05
2026-06-26 05:00:00,1762329.33,,405220.58
2026-06-26 06:00:00,1792697.00,,406072.69
2026-06-26 07:00:00,2444042.28,,478654.71
2026-06-26 08:00:00,2550234.32,,476017.41
2026-06-26 09:00:00,2531709.96,,471606.65
2026-06-26 10:00:00,2639243.66,,493864.06
2026-06-26 11:00:00,2610482.30,,496416.79
2026-06-26 12:00:00,2642656.08,,498710.38
2026-06-26 13:00:00,2626859.97,,495563.66
2026-06-26 14:00:00,2676536.33,,511354.68
2026-06-26 15:00:00,2607443.99,,503606.49
2026-06-26 16:00:00,2598797.10,,499750.92
2026-06-26 17:00:00,2464552.05,,497886.62
2026-06-26 18:00:00,2428797.35,,502993.69
2026-06-26 19:00:00,2400514.45,,495387.63
2026-06-26 20:00:00,2378269.58,,493993.98
2026-06-26 21:00:00,2377102.04,,493023.81
2026-06-26 22:00:00,2325755.47,,481602.49
2026-06-26 23:00:00,2303188.81,,485071.52
2026-06-27 00:00:00,2292209.63,,482383.58
2026-06-27 01:00:00,2271486.16,,479042.99
2026-06-27 02:00:00,2267753.43,,475925.41
2026-06-27 03:00:00,2253528.68,,473956.45
2026-06-27 04:00:00,2251282.95,,470982.49
2026-06-27 05:00:00,2258206.83,,470568.54
2026-06-27 06:00:00,2256501.63,,472087.75
2026-06-27 07:00:00,2232487.18,,460690.97
2026-06-27 08:00:00,2208835.88,,454227.87
2026-06-27 09:00:00,2233654.96,,455500.69
2026-06-27 10:00:00,2236929.37,,449440.14
2026-06-27 11:00:00,2226711.95,,442821.11
2026-06-27 12:00:00,2274997.45,,433242.81
2026-06-27 13:00:00,2255121.84,,428980.24
2026-06-27 14:00:00,2290560.68,,440548.47
2026-06-27 15:00:00,2255165.57,,437708.93
2026-06-27 16:00:00,2260002.16,,438485.12
2026-06-27 17:00:00,2249428.09,,437379.37
2026-06-27 18:00:00,2216092.43,,437678.39
2026-06-27 19:00:00,2216316.20,,438301.85
2026-06-27 20:00:00,2201600.40,,429232.85
2026-06-27 21:00:00,2220852.58,,432646.17
2026-06-27 22:00:00,2214035.47,,428745.45
2026-06-27 23:00:00,2210917.25,,429987.69
2026-06-28 00:00:00,2233392.97,,431359.71
2026-06-28 01:00:00,2232419.27,,433649.54
2026-06-28 02:00:00,2232064.55,,430854.31
2026-06-28 03:00:00,2288662.51,,445136.71
2026-06-28 04:00:00,2997596.04,,562733.92
2026-06-28 05:00:00,3082039.50,,612874.84
2026-06-28 06:00:00,3283060.70,,730107.79
2026-06-28 07:00:00,3165147.68,,692241.80
2026-06-28 08:00:00,3183630.05,,653044.15
2026-06-28 09:00:00,3168513.34,,611241.50
2026-06-28 10:00:00,3106866.98,,589203.85
2026-06-28 11:00:00,3092832.30,,574342.57
2026-06-28 12:00:00,3085948.74,,551126.86
2026-06-28 13:00:00,3079094.98,,533765.58
2026-06-28 14:00:00,3118580.87,,529998.20
2026-06-28 15:00:00,3276231.69,,671816.64
2026-06-28 16:00:00,3251721.86,,746387.87
2026-06-28 17:00:00,3153348.38,,719501.95
2026-06-28 18:00:00,3083131.05,,676619.60
2026-06-28 19:00:00,3065946.08,,643795.73
2026-06-28 20:00:00,3047694.64,,585884.75
2026-06-28 21:00:00,3029822.96,,559957.31
2026-06-28 22:00:00,2998503.54,,511345.28
2026-06-28 23:00:00,3023267.82,,491690.95
2026-06-29 00:00:00,3039172.79,,487184.89
2026-06-29 01:00:00,3066427.60,,487332.08
2026-06-29 02:00:00,3051324.35,,477037.25
2026-06-29 03:00:00,3061896.53,,485375.11
2026-06-29 04:00:00,3079025.88,,489498.83
2026-06-29 05:00:00,3052910.95,,491037.79
2026-06-29 06:00:00,3034967.50,,488383.57
2026-06-29 07:00:00,3058362.41,,490071.99
2026-06-29 08:00:00,3032728.37,,521452.24
2026-06-29 09:00:00,2976349.11,,515413.91
2026-06-29 10:00:00,2976624.17,,519917.01
2026-06-29 11:00:00,2983028.19,,519161.89
2026-06-29 12:00:00,2983683.25,,498372.21
2026-06-29 13:00:00,2960157.79,,495616.57
2026-06-29 14:00:00,2979590.30,,492418.49
2026-06-29 15:00:00,2965945.66,,495166.87
2026-06-29 16:00:00,2939460.21,,478641.75
2026-06-29 17:00:00,2920672.10,,470979.85
2026-06-29 18:00:00,2961015.01,,482302.81
2026-06-29 19:00:00,2960811.66,,486473.16
2026-06-29 20:00:00,2921936.52,,480168.21
2026-06-29 21:00:00,2933220.06,,485593.22
2026-06-29 22:00:00,2959022.71,,494681.84
2026-06-29 23:00:00,2947867.86,,488733.36
2026-06-30 00:00:00,2972349.07,,493641.66
2026-06-30 01:00:00,3009193.80,,510575.20
2026-06-30 02:00:00,2963954.72,,497741.11
2026-06-30 03:00:00,3175557.00,,575146.60
2026-06-30 04:00:00,3149230.11,,579441.01
2026-06-30 05:00:00,3207168.91,,620381.81
2026-06-30 06:00:00,3227493.94,,657963.94
2026-06-30 07:00:00,3119315.36,,709521.83
2026-06-30 08:00:00,3086369.60,,687121.97
2026-06-30 09:00:00,3054662.45,,657480.28
2026-06-30 10:00:00,3016799.69,,601796.87
2026-06-30 11:00:00,3043739.70,,648304.51
2026-06-30 12:00:00,2983919.04,,617570.91
2026-06-30 13:00:00,2967516.32,,598140.17
2026-06-30 14:00:00,2907328.96,,561760.73
2026-06-30 15:00:00,2904372.14,,553324.32
2026-06-30 16:00:00,2909795.64,,545763.59
2026-06-30 17:00:00,2936087.91,,554837.06
2026-06-30 18:00:00,2950774.27,,539833.80
2026-06-30 19:00:00,2953926.25,,539807.43
2026-06-30 20:00:00,2955819.52,,528113.17
2026-06-30 21:00:00,2977430.88,,519174.46
2026-06-30 22:00:00,2995138.18,,500804.45
2026-06-30 23:00:00,3019747.99,,474443.88
2026-07-01 00:00:00,3032183.67,,464797.40
2026-07-01 01:00:00,2998652.49,,454649.23
2026-07-01 02:00:00,2901671.41,,449785.79
2026-07-01 03:00:00,2919315.34,,455510.54
2026-07-01 04:00:00,2905752.89,,449948.22
2026-07-01 05:00:00,2950980.51,,446067.15
2026-07-01 06:00:00,2947257.82,,441871.63
2026-07-01 07:00:00,2932037.04,,420403.25
2026-07-01 08:00:00,2948569.72,,436038.75
2026-07-01 09:00:00,2933198.33,,463663.18
2026-07-01 10:00:00,2985131.18,,459635.51
2026-07-01 11:00:00,2996056.22,,476828.45
2026-07-01 12:00:00,2940200.27,,472769.84
2026-07-01 13:00:00,2972313.19,,480897.60
2026-07-01 14:00:00,2933017.16,,468977.95
2026-07-01 15:00:00,2903160.65,,472730.96
2026-07-01 16:00:00,2887113.58,,477822.44
2026-07-01 17:00:00,2883598.56,,487655.60
2026-07-01 18:00:00,2854541.65,,494909.62
2026-07-01 19:00:00,2827517.41,,482634.34
2026-07-01 20:00:00,2807185.92,,464297.90
2026-07-01 21:00:00,2805412.56,,471134.02
2026-07-01 22:00:00,2841120.44,,465524.83
2026-07-01 23:00:00,2833593.08,,433008.89
2026-07-02 00:00:00,2799377.34,,421437.44
2026-07-02 01:00:00,2785147.81,,431113.95
2026-07-02 02:00:00,2807052.50,,438832.07
2026-07-02 03:00:00,2787514.79,,438214.27
2026-07-02 04:00:00,2781963.63,,455195.01
2026-07-02 05:00:00,2769546.81,,445444.58
2026-07-02 06:00:00,2750089.23,,442122.23
2026-07-02 07:00:00,2764585.41,,442848.21
2026-07-02 08:00:00,2754720.57,,426864.12
2026-07-02 09:00:00,2740863.49,,411442.72
2026-07-02 10:00:00,2780635.22,,409874.83
2026-07-02 11:00:00,2752659.83,,400531.09
2026-07-02 12:00:00,2759226.26,,414772.87
2026-07-02 13:00:00,2768796.43,,411513.63
2026-07-02 14:00:00,2764486.76,,449754.79
2026-07-02 15:00:00,2761759.73,,433781.91
2026-07-02 16:00:00,2752653.26,,440684.91
2026-07-02 17:00:00,2761589.37,,439939.13
2026-07-02 18:00:00,2798883.99,,451307.60
2026-07-02 19:00:00,2808854.26,,457587.68
2026-07-02 20:00:00,2791257.67,,450420.76
2026-07-02 21:00:00,2793252.68,,449126.46
2026-07-02 22:00:00,2786564.64,,439808.19
2026-07-02 23:00:00,2783840.20,,438344.77
2026-07-03 00:00:00,2794520.27,,437328.13
2026-07-03 01:00:00,2818664.72,,426263.91
2026-07-03 02:00:00,2793740.69,,420429.86
2026-07-03 03:00:00,2784642.98,,426304.14
2026-07-03 04:00:00,2778215.66,,422041.97
2026-07-03 05:00:00,2685227.27,,424449.37
2026-07-03 06:00:00,2659806.15,,425002.60
2026-07-03 07:00:00,2616045.72,,422510.84
2026-07-03 08:00:00,2614623.26,,423310.91
2026-07-03 09:00:00,2599422.04,,423359.21
2026-07-03 10:00:00,2627742.85,,440754.26
2026-07-03 11:00:00,2638740.11,,437377.97
2026-07-03 12:00:00,2640861.03,,437686.85
2026-07-03 13:00:00,2643858.76,,434578.43
2026-07-03 14:00:00,2628298.50,,430458.18
2026-07-03 15:00:00,2625687.34,,431775.05
2026-07-03 16:00:00,2585570.11,,392023.01
2026-07-03 17:00:00,2576309.71,,384312.09
2026-07-03 18:00:00,2581131.93,,382679.40
2026-07-03 19:00:00,2573630.26,,381088.71
2026-07-03 20:00:00,2580917.94,,389902.19
2026-07-03 21:00:00,2590216.72,,401707.45
2026-07-03 22:00:00,2620632.31,,424823.91
2026-07-03 23:00:00,2637230.84,,423594.91
2026-07-04 00:00:00,2677271.36,,433125.81
2026-07-04 01:00:00,2649757.33,,442084.01
2026-07-04 02:00:00,2669525.86,,444596.13
2026-07-04 03:00:00,2769959.15,,463294.08
2026-07-04 04:00:00,2839994.45,,475326.29
2026-07-04 05:00:00,2626517.16,,482495.24
2026-07-04 06:00:00,2613623.63,,453837.12
2026-07-04 07:00:00,2549652.69,,416118.99
2026-07-04 08:00:00,2494883.76,,388362.46
2026-07-04 09:00:00,2467145.57,,393656.50
2026-07-04 10:00:00,2431741.91,,376884.02
2026-07-04 11:00:00,2418331.57,,372123.62
2026-07-04 12:00:00,2417564.70,,372113.95
2026-07-04 13:00:00,2379924.97,,381495.94
2026-07-04 14:00:00,2374760.55,,385080.99
2026-07-04 15:00:00,2377988.86,,392634.17
2026-07-04 16:00:00,2404079.98,,405368.96
2026-07-04 17:00:00,2368020.15,,412984.66
2026-07-04 18:00:00,2368775.20,,422249.80
2026-07-04 19:00:00,2346090.80,,412449.42
2026-07-04 20:00:00,2342008.17,,413858.41
2026-07-04 21:00:00,2341014.22,,413396.76
2026-07-04 22:00:00,2363051.83,,411106.23
2026-07-04 23:00:00,2367964.33,,411261.68
2026-07-05 00:00:00,2318089.87,,409106.41
2026-07-05 01:00:00,2326393.25,,405834.64
2026-07-05 02:00:00,2319364.79,,404355.46
2026-07-05 03:00:00,2263110.57,,385501.67
2026-07-05 04:00:00,2256526.83,,386075.84
2026-07-05 05:00:00,2292247.59,,380560.42
2026-07-05 06:00:00,2287655.94,,379005.31
2026-07-05 07:00:00,2267651.19,,376414.24
2026-07-05 08:00:00,2284376.62,,378546.60
2026-07-05 09:00:00,2298909.28,,390836.33
2026-07-05 10:00:00,2290719.43,,404058.51
2026-07-05 11:00:00,2279096.60,,398555.64
2026-07-05 12:00:00,2239748.86,,393686.36
2026-07-05 13:00:00,2262911.30,,395855.21
2026-07-05 14:00:00,2260426.58,,395162.57
2026-07-05 15:00:00,2262617.51,,395635.32
2026-07-05 16:00:00,2256555.76,,390991.54
2026-07-05 17:00:00,2280560.54,,394395.34
2026-07-05 18:00:00,2272465.34,,391281.82
2026-07-05 19:00:00,2269913.38,,392859.87
2026-07-05 20:00:00,2274211.79,,395266.27
2026-07-05 21:00:00,2260265.40,,394843.37
2026-07-05 22:00:00,2264505.99,,394160.06
2026-07-05 23:00:00,2242447.58,,407999.83
2026-07-06 00:00:00,2248857.30,,395641.79
2026-07-06 01:00:00,2243909.21,,395147.62
2026-07-06 02:00:00,2228254.25,,397194.50
2026-07-06 03:00:00,2221362.40,,399172.54
2026-07-06 04:00:00,2225120.68,,398986.01
2026-07-06 05:00:00,2192431.83,,393414.83
2026-07-06 06:00:00,2179481.46,,392376.92
2026-07-06 07:00:00,2179698.47,,387404.16
2026-07-06 08:00:00,2183591.54,,382538.79
2026-07-06 09:00:00,2199056.50,,379053.52
2026-07-06 10:00:00,2194828.09,,382478.34
2026-07-06 11:00:00,2172547.93,,377680.49
2026-07-06 12:00:00,2168428.10,,376313.67
2026-07-06 13:00:00,2164948.10,,356050.87
2026-07-06 14:00:00,2188131.91,,362260.02
2026-07-06 15:00:00,2205606.40,,364657.03
2026-07-06 16:00:00,2229384.55,,370560.47
2026-07-06 17:00:00,2220431.59,,376524.19
2026-07-06 18:00:00,2224425.82,,378518.94
2026-07-06 19:00:00,2233529.40,,383854.79
2026-07-06 20:00:00,2236216.54,,385735.76
2026-07-06 21:00:00,2226240.34,,377819.14
2026-07-06 22:00:00,2243971.74,,376809.75
2026-07-06 23:00:00,2264782.81,,379723.28
2026-07-07 00:00:00,2254204.38,,391327.94
2026-07-07 01:00:00,2254881.12,,391904.14
2026-07-07 02:00:00,2273037.43,,415733.40
2026-07-07 03:00:00,2272486.12,,429552.45
2026-07-07 04:00:00,2249234.40,,414081.30
2026-07-07 05:00:00,2243622.26,,406395.49
2026-07-07 06:00:00,2232305.64,,382909.26
2026-07-07 07:00:00,2226309.33,,383959.87
2026-07-07 08:00:00,2195023.86,,377123.84
2026-07-07 09:00:00,2196957.61,,371017.94
2026-07-07 10:00:00,2214071.08,,371286.08
2026-07-07 11:00:00,2198554.20,,370556.53
2026-07-07 12:00:00,2196095.39,,367691.87
2026-07-07 13:00:00,2196320.60,,375816.07
2026-07-07 14:00:00,2131299.22,,360237.24
2026-07-07 15:00:00,2115065.89,,368718.67
2026-07-07 16:00:00,2130557.05,,374873.09
2026-07-07 17:00:00,2143409.62,,391494.67
2026-07-07 18:00:00,2044712.70,,391086.48
2026-07-07 19:00:00,2036350.97,,381727.31
2026-07-07 20:00:00,2034086.60,,387994.88
2026-07-07 21:00:00,2034271.16,,388608.96
2026-07-07 22:00:00,1985898.35,,376508.03
2026-07-07 23:00:00,1987175.36,,382319.63
2026-07-08 00:00:00,1983041.14,,382088.36
2026-07-08 01:00:00,1987486.34,,387034.04
2026-07-08 02:00:00,1957532.60,,382434.39
2026-07-08 03:00:00,1971469.68,,381466.31
2026-07-08 04:00:00,1971521.00,,386489.75
2026-07-08 05:00:00,1972032.70,,390508.78
2026-07-08 06:00:00,1984627.41,,385901.36
2026-07-08 07:00:00,1978277.04,,389669.81
2026-07-08 08:00:00,1976250.32,,397240.58
2026-07-08 09:00:00,1991160.97,,408966.21
2026-07-08 10:00:00,1976232.09,,406379.98
2026-07-08 11:00:00,1987743.45,,396663.07
2026-07-08 12:00:00,1998784.73,,403253.46
2026-07-08 13:00:00,1988877.92,,400530.41
2026-07-08 14:00:00,1998720.29,,388106.11
2026-07-08 15:00:00,1987695.44,,364379.36
2026-07-08 16:00:00,1980365.16,,364695.66
2026-07-08 17:00:00,2008572.93,,367560.45
2026-07-08 18:00:00,2004465.98,,363517.55
2026-07-08 19:00:00,2004497.09,,364136.56
2026-07-08 20:00:00,1994405.59,,359550.69
2026-07-08 21:00:00,1987648.98,,352731.40
2026-07-08 22:00:00,2013041.10,,354226.02
2026-07-08 23:00:00,2015827.37,,353281.04
2026-07-09 00:00:00,2028066.61,,348636.91
2026-07-09 01:00:00,2041380.02,,356008.04
2026-07-09 02:00:00,2028455.20,,353170.75
2026-07-09 03:00:00,2018132.52,,349588.60
2026-07-09 04:00:00,2016701.03,,348680.14
2026-07-09 05:00:00,2033389.86,,347416.27
2026-07-09 06:00:00,2057354.67,,346496.12
2026-07-09 07:00:00,2051130.63,,355798.70
2026-07-09 08:00:00,2034041.59,,350012.38
2026-07-09 09:00:00,2057624.30,,354950.00
2026-07-09 10:00:00,2034915.27,,358310.48
2026-07-09 11:00:00,2030204.36,,356788.89
2026-07-09 12:00:00,2043086.00,,358356.79
2026-07-09 13:00:00,2044272.26,,362627.77
2026-07-09 14:00:00,2047649.46,,367029.33
2026-07-09 15:00:00,2027228.51,,362881.73
2026-07-09 16:00:00,2026836.74,,360212.99
2026-07-09 17:00:00,2032333.54,,354525.70
2026-07-09 18:00:00,2040647.23,,359428.48
2026-07-09 19:00:00,2033762.89,,360853.40
2026-07-09 20:00:00,2032045.36,,358232.50
2026-07-09 21:00:00,2028472.49,,359090.34
2026-07-09 22:00:00,2022171.51,,353903.46
2026-07-09 23:00:00,2012917.22,,352579.62
2026-07-10 00:00:00,2008281.93,,349514.87
2026-07-10 01:00:00,2007261.21,,340438.26
2026-07-10 02:00:00,2022000.36,,363111.90
2026-07-10 03:00:00,2028580.24,,363631.82
2026-07-10 04:00:00,2034193.98,,368405.90
2026-07-10 05:00:00,2036013.78,,372771.60
2026-07-10 06:00:00,2042391.55,,372156.39
2026-07-10 07:00:00,2020308.40,,368959.51
2026-07-10 08:00:00,2014236.79,,366489.81
2026-07-10 09:00:00,1944346.85,,362672.81
2026-07-10 10:00:00,1939950.43,,372698.51
2026-07-10 11:00:00,1933737.93,,371851.21
2026-07-10 12:00:00,1921868.81,,362258.38
2026-07-10 13:00:00,1903452.92,,355218.97
2026-07-10 14:00:00,1916047.68,,357179.57
2026-07-10 15:00:00,1887616.46,,358936.09
2026-07-10 16:00:00,1896359.28,,362806.10
2026-07-10 17:00:00,1896480.42,,364734.97
2026-07-10 18:00:00,1902369.91,,375449.23
2026-07-10 19:00:00,1903829.32,,374085.56
2026-07-10 20:00:00,1925296.22,,375217.70
2026-07-10 21:00:00,1922190.10,,374873.74
2026-07-10 22:00:00,1925718.36,,374729.81
2026-07-10 23:00:00,1933649.72,,385120.29
2026-07-11 00:00:00,1945541.68,,386350.62
2026-07-11 01:00:00,1958235.26,,390081.79
2026-07-11 02:00:00,1968594.36,,438351.10
2026-07-11 03:00:00,1949242.17,,437655.24
2026-07-11 04:00:00,1949215.53,,439498.28
2026-07-11 05:00:00,1938295.86,,435203.70
2026-07-11 06:00:00,1942336.56,,438239.86
2026-07-11 07:00:00,1950089.47,,439944.58
2026-07-11 08:00:00,1951455.26,,438287.15
2026-07-11 09:00:00,1973032.78,,446308.75
2026-07-11 10:00:00,1956334.26,,446004.34
2026-07-11 11:00:00,1959792.07,,441795.17
2026-07-11 12:00:00,1953210.60,,441266.71
2026-07-11 13:00:00,1960751.10,,446415.38
2026-07-11 14:00:00,1955786.38,,445671.81
2026-07-11 15:00:00,1967164.51,,439339.31
2026-07-11 16:00:00,1958719.43,,432556.46
2026-07-11 17:00:00,2004226.38,,446401.73
2026-07-11 18:00:00,2126696.86,,392486.78
2026-07-11 19:00:00,2118062.30,,393796.64
2026-07-11 20:00:00,2123361.23,,395204.58
2026-07-11 21:00:00,2115493.41,,389577.51
2026-07-11 22:00:00,2097925.62,,383454.60
2026-07-11 23:00:00,2094839.86,,385848.20
2026-07-12 00:00:00,1911221.17,,364392.75
2026-07-12 01:00:00,1893813.23,,357790.85
2026-07-12 02:00:00,1921015.19,,339503.78
2026-07-12 03:00:00,1912854.19,,338215.73
2026-07-12 04:00:00,1916813.92,,340860.52
2026-07-12 05:00:00,1904877.21,,338596.71
2026-07-12 06:00:00,1922150.95,,341506.18
2026-07-12 07:00:00,1890935.81,,348166.20
2026-07-12 08:00:00,1878192.10,,344992.98
2026-07-12 09:00:00,1888223.47,,347844.15
2026-07-12 10:00:00,1901981.99,,344350.18
2026-07-12 11:00:00,1899637.64,,343222.46
2026-07-12 12:00:00,1925178.37,,344961.81
2026-07-12 13:00:00,1927793.49,,351988.16
2026-07-12 14:00:00,1935782.66,,346965.84
2026-07-12 15:00:00,1943960.85,,356487.71
2026-07-12 16:00:00,1927462.38,,354176.94
2026-07-12 17:00:00,1933083.19,,358338.66
2026-07-12 18:00:00,1930926.21,,355525.06
2026-07-12 19:00:00,1939705.98,,356570.32
2026-07-12 20:00:00,1934580.63,,347016.42
2026-07-12 21:00:00,1941222.05,,351493.26
2026-07-12 22:00:00,1928660.55,,348710.44
2026-07-12 23:00:00,1929200.80,,347739.21
2026-07-13 00:00:00,1942330.99,,353695.46
2026-07-13 01:00:00,1955673.96,,361051.45
2026-07-13 02:00:00,1948643.02,,356607.75
2026-07-13 03:00:00,1950039.08,,355808.87
2026-07-13 04:00:00,1895683.04,,332822.88
2026-07-13 05:00:00,1893607.73,,335170.30
2026-07-13 06:00:00,1931314.13,,340568.60
2026-07-13 07:00:00,1931258.03,,340519.38
2026-07-13 08:00:00,1934293.22,,343169.47
2026-07-13 09:00:00,1938833.20,,347919.99
2026-07-13 10:00:00,1938268.23,,346819.85
2026-07-13 11:00:00,1934089.20,,346871.45
2026-07-13 12:00:00,1938271.71,,344302.56
2026-07-13 13:00:00,1946617.43,,355859.25
2026-07-13 14:00:00,1928004.39,,353066.73
2026-07-13 15:00:00,1949020.57,,369027.08
2026-07-13 16:00:00,1936915.02,,359471.14
2026-07-13 17:00:00,1909258.84,,340722.72
2026-07-13 18:00:00,1888475.16,,332671.99
2026-07-13 19:00:00,1899706.71,,331738.73
2026-07-13 20:00:00,1910411.61,,333742.90
2026-07-13 21:00:00,1910358.29,,326133.92
2026-07-13 22:00:00,1888124.74,,322693.33
2026-07-13 23:00:00,1895321.69,,325874.34
2026-07-14 00:00:00,1904342.42,,325763.65
2026-07-14 01:00:00,1920767.10,,344187.16
2026-07-14 02:00:00,1895928.12,,334622.70
2026-07-14 03:00:00,1891020.37,,329294.53
2026-07-14 04:00:00,1876747.99,,327162.71
2026-07-14 05:00:00,1876967.04,,330247.96
2026-07-14 06:00:00,1877961.32,,331102.44
2026-07-14 07:00:00,1862325.79,,328559.42
2026-07-14 08:00:00,1849753.73,,331763.91
2026-07-14 09:00:00,1848308.96,,329425.71
2026-07-14 10:00:00,1848804.21,,327971.60
2026-07-14 11:00:00,1840180.68,,327886.78
2026-07-14 12:00:00,1834839.61,,328367.65
2026-07-14 13:00:00,1834379.65,,338726.32
2026-07-14 14:00:00,1836145.73,,331817.79
2026-07-14 15:00:00,1845378.17,,330763.28
2026-07-14 16:00:00,1845080.52,,330317.76
2026-07-14 17:00:00,1840891.13,,330403.31
2026-07-14 18:00:00,1852515.62,,326715.39
2026-07-14 19:00:00,1847985.85,,324602.92
2026-07-14 20:00:00,1852020.40,,325993.31
2026-07-14 21:00:00,1884141.08,,330733.64
2026-07-14 22:00:00,1897483.85,,332837.88
2026-07-14 23:00:00,1864393.95,,328937.70
2026-07-15 00:00:00,1859178.81,,326630.63
2026-07-15 01:00:00,1839942.76,,327586.80
2026-07-15 02:00:00,1836859.29,,324275.45
2026-07-15 03:00:00,1821576.96,,329374.81
2026-07-15 04:00:00,1829352.46,,329164.55
2026-07-15 05:00:00,1809390.50,,328652.73
2026-07-15 06:00:00,1818234.32,,331790.64
2026-07-15 07:00:00,1817783.42,,330311.94
2026-07-15 08:00:00,1815271.65,,330162.64
2026-07-15 09:00:00,1815860.33,,329624.73
2026-07-15 10:00:00,1803496.80,,330424.40
2026-07-15 11:00:00,1806813.33,,332673.00
2026-07-15 12:00:00,1841500.03,,318817.23
2026-07-15 13:00:00,1851929.08,,325670.08
2026-07-15 14:00:00,1843843.52,,323407.27
2026-07-15 15:00:00,1842468.47,,325260.16
2026-07-15 16:00:00,1845517.73,,323476.84
2026-07-15 17:00:00,1843758.51,,316240.62
2026-07-15 18:00:00,1854047.01,,320836.28
2026-07-15 19:00:00,1861645.42,,320858.50
2026-07-15 20:00:00,1852779.33,,319602.22
2026-07-15 21:00:00,1870149.16,,321395.25
2026-07-15 22:00:00,1864358.26,,320364.64
2026-07-15 23:00:00,1859215.30,,315315.76
2026-07-16 00:00:00,1864033.10,,314531.14
2026-07-16 01:00:00,1868804.74,,304907.33
2026-07-16 02:00:00,1881349.51,,305763.79
2026-07-16 03:00:00,1889043.78,,305764.73
2026-07-16 04:00:00,1887576.39,,306230.65
2026-07-16 05:00:00,1892058.01,,306488.18
2026-07-16 06:00:00,1900354.17,,313147.14
2026-07-16 07:00:00,1907411.39,,320680.17
2026-07-16 08:00:00,1893265.87,,313533.61
2026-07-16 09:00:00,1902723.07,,310582.23
2026-07-16 10:00:00,1914556.22,,317978.82
2026-07-16 11:00:00,1925737.36,,317574.90
2026-07-16 12:00:00,1930619.34,,317712.73
2026-07-16 13:00:00,1947410.26,,314904.50
2026-07-16 14:00:00,1959410.80,,316207.98
2026-07-16 15:00:00,1946560.11,,314912.14
2026-07-16 16:00:00,1963881.34,,318435.92
2026-07-16 17:00:00,1970575.20,,327241.76
2026-07-16 18:00:00,1965029.80,,321934.01
2026-07-16 19:00:00,1959324.61,,321657.19
2026-07-16 20:00:00,1963761.32,,323712.64
2026-07-16 21:00:00,1975530.42,,324150.05
2026-07-16 22:00:00,1968814.74,,323630.42
2026-07-16 23:00:00,1951305.38,,324243.78
2026-07-17 00:00:00,2005619.71,,323233.42
2026-07-17 01:00:00,2002312.86,,322626.86
2026-07-17 02:00:00,1990270.42,,316251.75
2026-07-17 03:00:00,2008823.08,,322384.91
2026-07-17 04:00:00,2027629.28,,343363.15
2026-07-17 05:00:00,2016970.74,,327144.20
2026-07-17 06:00:00,1981063.99,,318402.95
2026-07-17 07:00:00,1990166.81,,316783.99
2026-07-17 08:00:00,1923001.14,,315869.99
2026-07-17 09:00:00,1921742.83,,306525.89
2026-07-17 10:00:00,1913996.92,,304397.58
2026-07-17 11:00:00,1921854.89,,308782.47
2026-07-17 12:00:00,1930455.96,,307224.98
2026-07-17 13:00:00,1930509.73,,311083.26
2026-07-17 14:00:00,1913425.96,,312348.89
2026-07-17 15:00:00,1915783.67,,317289.25
2026-07-17 16:00:00,1940144.29,,322254.14
2026-07-17 17:00:00,1918193.05,,312294.49
2026-07-17 18:00:00,1927468.63,,307633.37
2026-07-17 19:00:00,1934566.83,,308242.52
2026-07-17 20:00:00,1917176.87,,303556.55
2026-07-17 21:00:00,1921132.91,,304701.92
2026-07-17 22:00:00,1922888.48,,314550.94
2026-07-17 23:00:00,1923610.70,,317829.45
2026-07-18 00:00:00,1926125.63,,318415.31
2026-07-18 01:00:00,1922818.26,,315860.63
2026-07-18 02:00:00,1909970.07,,311537.25
2026-07-18 03:00:00,1920275.04,,316635.49
2026-07-18 04:00:00,1927924.00,,321840.33
2026-07-18 05:00:00,1918937.69,,324599.89
2026-07-18 06:00:00,1908323.18,,321866.37
2026-07-18 07:00:00,1926028.44,,329483.81
2026-07-18 08:00:00,1928170.90,,328614.44
2026-07-18 09:00:00,1948877.43,,328714.04
2026-07-18 10:00:00,1938492.11,,329448.15
2026-07-18 11:00:00,1964081.16,,343332.66
2026-07-18 12:00:00,1972083.60,,340224.09
2026-07-18 13:00:00,1972467.12,,339618.98
2026-07-18 14:00:00,1954720.89,,336085.78
2026-07-18 15:00:00,1950777.62,,337916.73
2026-07-18 16:00:00,1902674.72,,331277.19
2026-07-18 17:00:00,1903967.61,,335145.59
2026-07-18 18:00:00,1876312.16,,330763.78
2026-07-18 19:00:00,1864384.63,,331694.00
2026-07-18 20:00:00,1872745.02,,332375.49
2026-07-18 21:00:00,1859531.44,,330019.79
2026-07-18 22:00:00,1861482.48,,329187.29
2026-07-18 23:00:00,1861952.38,,334189.82
2026-07-19 00:00:00,1864115.73,,342310.77
2026-07-19 01:00:00,1865874.37,,340132.21
2026-07-19 02:00:00,1874750.42,,339291.48
2026-07-19 03:00:00,1866462.05,,338873.70
2026-07-19 04:00:00,1861917.95,,337497.53
2026-07-19 05:00:00,1873563.27,,336605.29
2026-07-19 06:00:00,1907915.61,,338529.76
2026-07-19 07:00:00,1909826.87,,337596.08
2026-07-19 08:00:00,1914632.74,,336863.31
2026-07-19 09:00:00,1909402.49,,334176.05
2026-07-19 10:00:00,1892469.99,,336047.23
2026-07-19 11:00:00,1900063.32,,337981.66
2026-07-19 12:00:00,1869248.48,,339236.47
2026-07-19 13:00:00,1887847.47,,342743.64
2026-07-19 14:00:00,1899204.39,,345951.94
2026-07-19 15:00:00,1896584.42,,344620.81
2026-07-19 16:00:00,1898182.36,,343692.99
2026-07-19 17:00:00,1883177.99,,329249.03
2026-07-19 18:00:00,1906094.01,,329113.93
2026-07-19 19:00:00,1890032.49,,329159.65
2026-07-19 20:00:00,1897239.38,,331208.65
2026-07-19 21:00:00,1896952.24,,331778.85
2026-07-19 22:00:00,1881188.84,,329677.64
2026-07-19 23:00:00,1892493.22,,331316.00
2026-07-20 00:00:00,1886871.08,,331303.23
2026-07-20 01:00:00,1845667.43,,333085.28
2026-07-20 02:00:00,1852685.77,,337789.98
2026-07-20 03:00:00,1865639.47,,337638.38
2026-07-20 04:00:00,1869248.57,,338326.86
2026-07-20 05:00:00,1881386.93,,338812.71
2026-07-20 06:00:00,1863037.43,,331348.74
2026-07-20 07:00:00,1868391.76,,331970.32
2026-07-20 08:00:00,1881836.90,,331357.56
2026-07-20 09:00:00,1893594.07,,331334.36
2026-07-20 10:00:00,1880869.45,,331000.66
2026-07-20 11:00:00,1910975.89,,332378.43
2026-07-20 12:00:00,1919446.94,,335137.07
2026-07-20 13:00:00,1905096.82,,329890.45
2026-07-20 14:00:00,1916424.36,,329536.11
2026-07-20 15:00:00,1946995.48,,329149.90
2026-07-20 16:00:00,1972280.26,,331981.85
2026-07-20 17:00:00,1970375.64,,336603.84
2026-07-20 18:00:00,1964702.85,,338516.92
2026-07-20 19:00:00,1967931.04,,338138.59
2026-07-20 20:00:00,1935465.80,,338276.97
2026-07-20 21:00:00,1943364.61,,335919.77
2026-07-20 22:00:00,1949459.59,,337645.85
2026-07-20 23:00:00,1935355.00,,333279.34
2026-07-21 00:00:00,1948918.26,,333375.24
2026-07-21 01:00:00,1948901.21,,336996.48
2026-07-21 02:00:00,1945417.88,,335824.26
2026-07-21 03:00:00,1953311.21,,337542.82
2026-07-21 04:00:00,1965009.11,,343517.32
2026-07-21 05:00:00,1959362.20,,352805.90
2026-07-21 06:00:00,1959160.65,,352225.88
2026-07-21 07:00:00,1954838.52,,348308.52
2026-07-21 08:00:00,1950599.89,,347757.32
2026-07-21 09:00:00,1949739.64,,345630.56
2026-07-21 10:00:00,1946637.16,,343391.72
2026-07-21 11:00:00,1957245.03,,336697.91
2026-07-21 12:00:00,1945884.84,,340834.08
2026-07-21 13:00:00,1946465.17,,343278.95
2026-07-21 14:00:00,1960938.03,,349626.11
2026-07-21 15:00:00,1954890.39,,347402.79
2026-07-21 16:00:00,1961355.07,,338090.41
2026-07-21 17:00:00,1943421.16,,337240.48
2026-07-21 18:00:00,1942904.35,,340526.40
2026-07-21 19:00:00,1922292.67,,340466.22
2026-07-21 20:00:00,1933556.52,,342390.95
2026-07-21 21:00:00,1939846.77,,340894.72
2026-07-21 22:00:00,1942956.88,,339447.05
2026-07-21 23:00:00,1933716.45,,334782.65
2026-07-22 00:00:00,1931296.10,,340796.59
2026-07-22 01:00:00,1915185.41,,347111.82
2026-07-22 02:00:00,1910385.37,,343003.62
2026-07-22 03:00:00,1896272.28,,341586.30
2026-07-22 04:00:00,1889676.64,,339082.15
2026-07-22 05:00:00,1884500.39,,340286.24
2026-07-22 06:00:00,1867870.20,,338639.40
2026-07-22 07:00:00,1852734.72,,335873.54
2026-07-22 08:00:00,1876536.27,,341157.56
2026-07-22 09:00:00,1887351.45,,342291.91
2026-07-22 10:00:00,1896455.04,,342246.20
2026-07-22 11:00:00,1905158.78,,339578.00
2026-07-22 12:00:00,1899948.32,,338138.03
2026-07-22 13:00:00,1901123.86,,338020.71
2026-07-22 14:00:00,1911573.61,,339593.05
2026-07-22 15:00:00,1925782.73,,344017.73
2026-07-22 16:00:00,1926130.22,,348988.52
2026-07-22 17:00:00,1931519.26,,350575.69
2026-07-22 18:00:00,1911976.10,,347791.79
2026-07-22 19:00:00,1905175.44,,345746.98
2026-07-22 20:00:00,1903318.04,,347581.54
2026-07-22 21:00:00,1907379.00,,346510.32
2026-07-22 22:00:00,1926571.64,,348387.60
2026-07-22 23:00:00,1922026.75,,348672.15
2026-07-23 00:00:00,1915048.57,,346996.30
2026-07-23 01:00:00,1929313.23,,347181.87
2026-07-23 02:00:00,1905801.59,,341380.80
2026-07-23 03:00:00,1894876.57,,340087.83
2026-07-23 04:00:00,1879107.07,,337133.14
2026-07-23 05:00:00,1876404.08,,332814.84
2026-07-23 06:00:00,1865792.18,,332918.62
2026-07-23 07:00:00,1883106.56,,338523.68
2026-07-23 08:00:00,1883367.09,,339788.78
2026-07-23 09:00:00,1886865.30,,334834.66
2026-07-23 10:00:00,1861054.36,,335584.16
2026-07-23 11:00:00,1868648.28,,336191.76
2026-07-23 12:00:00,1869199.64,,338068.66
2026-07-23 13:00:00,1857324.69,,335747.87
2026-07-23 14:00:00,1855254.15,,343795.20
2026-07-23 15:00:00,1850021.60,,346422.23
2026-07-23 16:00:00,1849523.01,,331881.14
2026-07-23 17:00:00,1847435.37,,328132.18
2026-07-23 18:00:00,1822690.36,,323797.94
2026-07-23 19:00:00,1848232.96,,324773.78
2026-07-23 20:00:00,1841977.26,,323547.76
2026-07-23 21:00:00,1852137.87,,325376.41
2026-07-23 22:00:00,1840231.65,,324279.69
2026-07-23 23:00:00,1847518.00,,328051.64
2026-07-24 00:00:00,1863786.21,,326254.21
2026-07-24 01:00:00,1853784.09,,323698.44
2026-07-24 02:00:00,1861314.25,,327302.80
2026-07-24 03:00:00,1861257.41,,329821.54
2026-07-24 04:00:00,1880780.51,,326775.29
2026-07-24 05:00:00,1872040.18,,326618.05
2026-07-24 06:00:00,1877029.17,,323054.35
2026-07-24 07:00:00,1862363.13,,335979.19
2026-07-24 08:00:00,1865834.68,,336914.65
2026-07-24 09:00:00,1860985.61,,334210.38
2026-07-24 10:00:00,1851122.10,,333248.35
2026-07-24 11:00:00,1838990.34,,335328.33
2026-07-24 12:00:00,1842791.18,,337314.88
2026-07-24 13:00:00,1845508.96,,350803.47
2026-07-24 14:00:00,1800577.24,,335984.21
2026-07-24 15:00:00,1821257.92,,335329.16
2026-07-24 16:00:00,1879705.03,,355673.12
2026-07-24 17:00:00,1863951.63,,351920.81
2026-07-24 18:00:00,1881210.25,,348042.20
2026-07-24 19:00:00,1850080.71,,334369.58
2026-07-24 20:00:00,1793755.92,,330307.64
2026-07-24 21:00:00,1788693.37,,327408.85
2026-07-24 22:00:00,1767338.80,,329099.48
2026-07-24 23:00:00,1752139.32,,333950.96
2026-07-25 00:00:00,1750450.40,,332409.32
2026-07-25 01:00:00,1759767.25,,332748.37
2026-07-25 02:00:00,1746052.76,,333127.12
2026-07-25 03:00:00,1745015.51,,334642.10
2026-07-25 04:00:00,1756693.27,,335185.96
2026-07-25 05:00:00,1746463.23,,339418.38
2026-07-25 06:00:00,1730920.12,,336369.45
2026-07-25 07:00:00,1728949.50,,333960.67
2026-07-25 08:00:00,1744532.10,,326184.96
2026-07-25 09:00:00,1750957.62,,323617.04
2026-07-25 10:00:00,1755955.66,,335243.39
2026-07-25 11:00:00,1741911.37,,323869.59
2026-07-25 12:00:00,1742375.77,,316344.98
2026-07-25 13:00:00,1748621.06,,317277.77
2026-07-25 14:00:00,1749802.38,,317560.11
2026-07-25 15:00:00,1750484.81,,333869.67
2026-07-25 16:00:00,1761512.24,,346990.76
2026-07-25 17:00:00,1783966.40,,345926.77
2026-07-25 18:00:00,1797957.86,,337822.71
2026-07-25 19:00:00,1785576.10,,332710.68
2026-07-25 20:00:00,1805002.70,,334912.04
2026-07-25 21:00:00,1787080.96,,332847.88
2026-07-25 22:00:00,1779344.84,,338565.78
2026-07-25 23:00:00,1773801.32,,341504.76
2026-07-26 00:00:00,1760756.70,,341531.58
2026-07-26 01:00:00,1750922.95,,338783.47
2026-07-26 02:00:00,1770597.72,,352592.50
2026-07-26 03:00:00,1757563.35,,349033.50
2026-07-26 04:00:00,1777542.27,,352752.90
2026-07-26 05:00:00,1777843.70,,356169.57
2026-07-26 06:00:00,1868392.33,,363482.35
2026-07-26 07:00:00,1851229.52,,364206.31
2026-07-26 08:00:00,1874658.88,,355990.73
2026-07-26 09:00:00,1859904.96,,355912.45
2026-07-26 10:00:00,1831192.73,,344396.69
2026-07-26 11:00:00,1816528.63,,344875.35
2026-07-26 12:00:00,1807859.81,,348128.57
2026-07-26 13:00:00,1800664.35,,342406.70
2026-07-26 14:00:00,1796005.10,,339504.17
2026-07-26 15:00:00,1791358.51,,343041.92
2026-07-26 16:00:00,1795876.15,,343514.17
2026-07-26 17:00:00,1779251.61,,343108.55
2026-07-26 18:00:00,1776321.56,,344270.82
2026-07-26 19:00:00,1758104.22,,343471.50
2026-07-26 20:00:00,1758000.19,,344833.10
2026-07-26 21:00:00,1763785.61,,352015.37
2026-07-26 22:00:00,1762778.19,,355954.70
2026-07-26 23:00:00,1759467.96,,364654.47
2026-07-27 00:00:00,1755843.80,,345276.28
2026-07-27 01:00:00,1765857.00,,353592.39
2026-07-27 02:00:00,1767229.43,,352456.51
2026-07-27 03:00:00,1763446.60,,343116.77
2026-07-27 04:00:00,1761847.29,,342975.74
2026-07-27 05:00:00,1760620.78,,342908.60
2026-07-27 06:00:00,1778450.07,,349236.84
2026-07-27 07:00:00,1820350.56,,356081.79
2026-07-27 08:00:00,1792561.40,,349069.78
2026-07-27 09:00:00,1780698.50,,340471.56
2026-07-27 10:00:00,1786194.29,,341416.47
2026-07-27 11:00:00,1779840.65,,344737.40
2026-07-27 12:00:00,1778993.73,,344040.55
2026-07-27 13:00:00,1797165.50,,343950.52
2026-07-27 14:00:00,1796979.12,,341852.08
2026-07-27 15:00:00,1754404.90,,321633.13
2026-07-27 16:00:00,1759773.98,,322828.57
2026-07-27 17:00:00,1764346.03,,323198.27
2026-07-27 18:00:00,1765886.29,,322506.97
2026-07-27 19:00:00,1768445.50,,326507.49
2026-07-27 20:00:00,1731217.80,,331315.35
2026-07-27 21:00:00,1733386.07,,331207.93
2026-07-27 22:00:00,1722101.38,,325599.00
2026-07-27 23:00:00,1670136.22,,308778.77
2026-07-28 00:00:00,1666050.07,,307851.91
2026-07-28 01:00:00,1659449.59,,310955.02
2026-07-28 02:00:00,1648480.12,,305875.95
2026-07-28 03:00:00,1669021.72,,308985.41
2026-07-28 04:00:00,1668439.04,,309166.07
2026-07-28 05:00:00,1663908.69,,311221.94
2026-07-28 06:00:00,1662132.10,,317369.81
2026-07-28 07:00:00,1672516.62,,318208.41
2026-07-28 08:00:00,1666271.73,,315967.31
2026-07-28 09:00:00,1673456.77,,316786.62
2026-07-28 10:00:00,1672950.85,,315333.83
2026-07-28 11:00:00,1665819.74,,315283.36
2026-07-28 12:00:00,1663059.23,,312062.93
2026-07-28 13:00:00,1677231.63,,311013.57
2026-07-28 14:00:00,1661823.70,,310455.80
2026-07-28 15:00:00,1668227.83,,319023.68
2026-07-28 16:00:00,1673929.45,,326888.72
2026-07-28 17:00:00,1679195.55,,339454.36
2026-07-28 18:00:00,1672202.74,,325475.12
2026-07-28 19:00:00,1679024.56,,324475.28
2026-07-28 20:00:00,1688661.29,,327087.20
2026-07-28 21:00:00,1694981.26,,341520.68
2026-07-28 22:00:00,1693819.45,,338496.56
2026-07-28 23:00:00,1646186.81,,335982.42
2026-07-29 00:00:00,1659256.40,,334769.29
2026-07-29 01:00:00,1651645.18,,328149.87
2026-07-29 02:00:00,1638768.94,,323789.04
2026-07-29 03:00:00,1652423.83,,307603.10
2026-07-29 04:00:00,1599524.07,,307745.39
2026-07-29 05:00:00,1598572.07,,313959.12
2026-07-29 06:00:00,1615451.26,,316014.95
2026-07-29 07:00:00,1611525.59,,311065.06
2026-07-29 08:00:00,1643807.77,,320154.55
2026-07-29 09:00:00,1629121.33,,318191.85
2026-07-29 10:00:00,1643659.35,,317068.73
2026-07-29 11:00:00,1638632.92,,313327.59
2026-07-29 12:00:00,1637128.03,,311149.91
2026-07-29 13:00:00,1622130.47,,307094.46
2026-07-29 14:00:00,1645467.76,,309541.71
2026-07-29 15:00:00,1634055.77,,310440.97
2026-07-29 16:00:00,1634890.46,,316819.14
2026-07-29 17:00:00,1598609.38,,317702.29
2026-07-29 18:00:00,1610568.82,,314525.94
2026-07-29 19:00:00,1626141.27,,315566.09
2026-07-29 20:00:00,1587164.71,,313534.15
2026-07-29 21:00:00,1580895.22,,312122.67
2026-07-29 22:00:00,1605954.48,,313907.34
2026-07-29 23:00:00,1619068.44,,315658.63
2026-07-30 00:00:00,1622905.40,,312119.70
2026-07-30 01:00:00,1636075.29,,314468.95
2026-07-30 02:00:00,1656239.74,,316900.13
2026-07-30 03:00:00,1657716.87,,316718.32
2026-07-30 04:00:00,1655336.97,,315771.42
2026-07-30 05:00:00,1644288.27,,317011.66
2026-07-30 06:00:00,1656474.48,,318981.23
2026-07-30 07:00:00,1685332.50,,318554.44
2026-07-30 08:00:00,1686767.73,,318251.59
2026-07-30 09:00:00,1689364.12,,318582.14
2026-07-30 10:00:00,1688824.74,,324890.63
2026-07-30 11:00:00,1686601.04,,325909.49
2026-07-30 12:00:00,1728987.54,,369485.23
2026-07-30 13:00:00,1723813.87,,372358.60
2026-07-30 14:00:00,1731313.91,,364318.17
2026-07-30 15:00:00,1720750.19,,365807.88
2026-07-30 16:00:00,1719261.70,,365586.67
2026-07-30 17:00:00,1735344.80,,365602.91
2026-07-30 18:00:00,1736273.67,,363693.19
2026-07-30 19:00:00,1726805.87,,359956.52
2026-07-30 20:00:00,1729962.16,,360232.99
2026-07-30 21:00:00,1726842.63,,362103.24
2026-07-30 22:00:00,1738278.95,,360770.84
2026-07-30 23:00:00,1749755.37,,362678.92
2026-07-31 00:00:00,1758154.24,,369465.05
2026-07-31 01:00:00,1767972.15,,363806.44
2026-07-31 02:00:00,1751154.53,,357171.76
2026-07-31 03:00:00,1713384.20,,351391.93
2026-07-31 04:00:00,1713816.69,,350827.75
2026-07-31 05:00:00,1701916.54,,347176.70
2026-07-31 06:00:00,1702694.86,,349345.03
2026-07-31 07:00:00,1704976.82,,352856.45
2026-07-31 08:00:00,1713386.99,,360222.97
2026-07-31 09:00:00,1702015.50,,368756.42
2026-07-31 10:00:00,1696568.88,,366855.07
2026-07-31 11:00:00,1694551.72,,365894.84
2026-07-31 12:00:00,1683977.03,,358471.81
2026-07-31 13:00:00,1678170.61,,358393.70
2026-07-31 14:00:00,1663510.51,,368375.28
2026-07-31 15:00:00,1655207.19,,357998.56
2026-07-31 16:00:00,1665214.35,,351149.08
2026-07-31 17:00:00,1688329.73,,337971.27
2026-07-31 18:00:00,1712210.77,,343211.44
2026-07-31 19:00:00,1700558.70,,342503.53
2026-07-31 20:00:00,1749537.51,,353654.51
2026-07-31 21:00:00,1764006.82,,350650.53
2026-07-31 22:00:00,1751381.97,,350886.60
2026-07-31 23:00:00,1758906.36,,352590.17
2026-08-01 00:00:00,1797280.00,,370106.88
2026-08-01 01:00:00,1839195.20,,365387.06
2026-08-01 02:00:00,1825333.88,,363127.98
2026-08-01 03:00:00,1788034.33,,360642.56
2026-08-01 04:00:00,1778371.88,,359095.24
2026-08-01 05:00:00,1772483.02,,357935.29
2026-08-01 06:00:00,1778529.75,,356572.69
2026-08-01 07:00:00,1762313.74,,360999.23
2026-08-01 08:00:00,1756611.00,,360254.03
2026-08-01 09:00:00,1763657.82,,363160.34
2026-08-01 10:00:00,1761841.76,,362333.40
2026-08-01 11:00:00,1747318.55,,365297.18
2026-08-01 12:00:00,1735902.30,,367213.00
2026-08-01 13:00:00,1760740.15,,361595.33
2026-08-01 14:00:00,1754697.76,,360030.91
2026-08-01 15:00:00,1748344.10,,362335.66
2026-08-01 16:00:00,1752224.39,,360470.28
2026-08-01 17:00:00,1747621.69,,360519.84
2026-08-01 18:00:00,1737555.41,,357247.50
2026-08-01 19:00:00,1727847.84,,359314.76
2026-08-01 20:00:00,1720027.28,,358476.98
2026-08-01 21:00:00,1709088.78,,353611.16
2026-08-01 22:00:00,1719251.27,,354293.81
2026-08-01 23:00:00,1720696.60,,353213.52
2026-08-02 00:00:00,1724149.28,,352658.98
2026-08-02 01:00:00,1706596.87,,343945.93
2026-08-02 02:00:00,1720171.25,,345232.19
2026-08-02 03:00:00,1733497.50,,353627.47
2026-08-02 04:00:00,1738018.03,,379748.80
2026-08-02 05:00:00,1749164.72,,380921.65
2026-08-02 06:00:00,1750855.68,,379291.40
2026-08-02 07:00:00,1748572.54,,385712.31
2026-08-02 08:00:00,1774522.89,,392064.56
2026-08-02 09:00:00,1763488.79,,386231.77
2026-08-02 10:00:00,1787073.67,,386455.68
2026-08-02 11:00:00,1787323.06,,358985.59
2026-08-02 12:00:00,1784453.76,,358517.83
2026-08-02 13:00:00,1778256.96,,356987.22
2026-08-02 14:00:00,1781182.06,,355777.59
2026-08-02 15:00:00,1789767.17,,362181.55
2026-08-02 16:00:00,1793833.22,,365342.36
2026-08-02 17:00:00,1793060.27,,362262.77
2026-08-02 18:00:00,1793190.86,,365045.78
2026-08-02 19:00:00,1796725.46,,367861.49
2026-08-02 20:00:00,1789334.77,,361977.66
2026-08-02 21:00:00,1793414.17,,361949.28
2026-08-02 22:00:00,1804068.24,,359920.66
2026-08-02 23:00:00,1801058.21,,357315.94
2026-08-03 00:00:00,1785310.83,,354546.96
2026-08-03 01:00:00,1783850.15,,343264.67
2026-08-03 02:00:00,1782804.02,,343566.50
2026-08-03 03:00:00,1794278.40,,346069.07
2026-08-03 04:00:00,1771109.81,,343474.93
2026-08-03 05:00:00,1789254.38,,344264.86
2026-08-03 06:00:00,1798321.80,,350943.63
2026-08-03 07:00:00,1788826.48,,347980.94
2026-08-03 08:00:00,1789951.76,,343416.19
2026-08-03 09:00:00,1791263.32,,344418.38
2026-08-03 10:00:00,1812109.58,,343684.80
2026-08-03 11:00:00,1813328.99,,348128.09
2026-08-03 12:00:00,1807321.47,,345654.00
2026-08-03 13:00:00,1804545.94,,344321.94
2026-08-03 14:00:00,1811246.88,,346559.46
2026-08-03 15:00:00,1819776.65,,341842.44
2026-08-03 16:00:00,1807473.83,,347498.26
2026-08-03 17:00:00,1811443.55,,348657.06
2026-08-03 18:00:00,1808826.00,,346342.45
2026-08-03 19:00:00,1811555.56,,350627.35
2026-08-03 20:00:00,1797809.18,,348992.87
2026-08-03 21:00:00,1809922.02,,351839.46
2026-08-03 22:00:00,1806931.01,,352621.82
2026-08-03 23:00:00,1805978.91,,352028.23
2026-08-04 00:00:00,1807074.01,,351166.58
2026-08-04 01:00:00,1799443.49,,347143.06
2026-08-04 02:00:00,1815525.14,,347190.40
2026-08-04 03:00:00,1812575.96,,345389.89
2026-08-04 04:00:00,1800465.16,,349178.94
2026-08-04 05:00:00,1800350.59,,349629.98
2026-08-04 06:00:00,1806079.74,,344114.94
2026-08-04 07:00:00,1786916.02,,338993.74
2026-08-04 08:00:00,1788115.10,,339828.06
2026-08-04 09:00:00,1781877.58,,341162.58
2026-08-04 10:00:00,1779229.34,,341540.75
2026-08-04 11:00:00,1787511.15,,352967.49
2026-08-04 12:00:00,1789357.64,,351141.69
2026-08-04 13:00:00,1796989.85,,353337.00
2026-08-04 14:00:00,1799699.00,,350059.51
2026-08-04 15:00:00,1796017.01,,351085.86
2026-08-04 16:00:00,1795071.43,,352499.99
2026-08-04 17:00:00,1816174.78,,344138.21
2026-08-04 18:00:00,1809533.56,,350485.85
2026-08-04 19:00:00,1811163.83,,351650.71
2026-08-04 20:00:00,1809587.08,,348871.07
2026-08-04 21:00:00,1818163.51,,345965.63
2026-08-04 22:00:00,1817726.79,,345423.30
2026-08-04 23:00:00,1819906.63,,345248.77
2026-08-05 00:00:00,1802481.84,,342468.43
2026-08-05 01:00:00,1802752.84,,344781.55
2026-08-05 02:00:00,1809897.07,,346587.20
2026-08-05 03:00:00,1835206.93,,343877.33
2026-08-05 04:00:00,1820410.14,,345149.49
2026-08-05 05:00:00,1841540.47,,357525.52
2026-08-05 06:00:00,1862572.57,,357131.33
2026-08-05 07:00:00,1873419.01,,358728.88
2026-08-05 08:00:00,1871887.68,,351785.46
2026-08-05 09:00:00,1861403.15,,349496.65
2026-08-05 10:00:00,1860919.82,,345544.52
2026-08-05 11:00:00,1864725.19,,347327.27
2026-08-05 12:00:00,1857474.58,,346021.67
2026-08-05 13:00:00,1859995.93,,342785.07
2026-08-05 14:00:00,1853142.41,,341268.18
2026-08-05 15:00:00,1856597.37,,346945.06
2026-08-05 16:00:00,1848153.92,,343298.83
2026-08-05 17:00:00,1860304.45,,355864.80
2026-08-05 18:00:00,1867308.44,,354761.08
2026-08-05 19:00:00,1860128.61,,357938.38
2026-08-05 20:00:00,1858066.03,,355008.01
2026-08-05 21:00:00,1869598.98,,352502.30
2026-08-05 22:00:00,1851001.32,,356970.44
2026-08-05 23:00:00,1856164.74,,355320.76
2026-08-06 00:00:00,1863810.01,,356428.96
2026-08-06 01:00:00,1880740.01,,358223.42
2026-08-06 02:00:00,1859724.62,,352086.72
2026-08-06 03:00:00,1872730.13,,353962.08
2026-08-06 04:00:00,1870437.81,,353795.00
2026-08-06 05:00:00,1878966.01,,359282.50
2026-08-06 06:00:00,1886886.93,,363434.37
2026-08-06 07:00:00,1882345.92,,364242.07
2026-08-06 08:00:00,1888754.04,,360087.49
2026-08-06 09:00:00,1876676.67,,357663.20
2026-08-06 10:00:00,1863197.65,,356071.22
2026-08-06 11:00:00,1841586.53,,347002.67
2026-08-06 12:00:00,1847304.37,,349650.44
2026-08-06 13:00:00,1851739.46,,350335.85
2026-08-06 14:00:00,1869221.99,,355682.76
2026-08-06 15:00:00,1878258.88,,356327.56
2026-08-06 16:00:00,1878195.78,,354784.34
2026-08-06 17:00:00,1927528.20,,360453.65
2026-08-06 18:00:00,1908210.39,,356746.73
2026-08-06 19:00:00,1891183.57,,335012.70
2026-08-06 20:00:00,1879905.13,,331754.67
2026-08-06 21:00:00,1891133.19,,335551.52
2026-08-06 22:00:00,1893933.81,,337113.37
2026-08-06 23:00:00,1883844.28,,334047.77
2026-08-07 00:00:00,1868344.09,,331291.13
2026-08-07 01:00:00,1875480.51,,337444.83
2026-08-07 02:00:00,1877988.99,,335080.49
2026-08-07 03:00:00,1874945.97,,339880.61
2026-08-07 04:00:00,1847164.56,,333152.19
2026-08-07 05:00:00,1857061.36,,340595.34
2026-08-07 06:00:00,1869954.40,,343416.78
2026-08-07 07:00:00,1881002.69,,340985.25
2026-08-07 08:00:00,1851923.72,,337610.80
2026-08-07 09:00:00,1851909.71,,336134.57
2026-08-07 10:00:00,1856359.02,,343875.73
2026-08-07 11:00:00,1852799.26,,342703.67
2026-08-07 12:00:00,1854816.61,,351401.38
2026-08-07 13:00:00,1883626.86,,360655.01
2026-08-07 14:00:00,1888447.09,,360307.97
2026-08-07 15:00:00,1872209.04,,345718.73
2026-08-07 16:00:00,1900963.54,,345908.64
2026-08-07 17:00:00,1886815.63,,343368.13
2026-08-07 18:00:00,1898880.05,,347696.86
2026-08-07 19:00:00,1896285.30,,345559.24
2026-08-07 20:00:00,1915567.02,,350990.07
2026-08-07 21:00:00,1919163.88,,353588.05
2026-08-07 22:00:00,1910038.04,,350839.72
2026-08-07 23:00:00,1917791.11,,351998.21
2026-08-08 00:00:00,1922845.85,,354418.17
2026-08-08 01:00:00,1945380.99,,361299.14
2026-08-08 02:00:00,1953046.27,,360545.89
2026-08-08 03:00:00,1953377.52,,357245.76
2026-08-08 04:00:00,1978721.89,,358187.81
2026-08-08 05:00:00,1968125.27,,354537.76
2026-08-08 06:00:00,1977800.22,,367790.52
2026-08-08 07:00:00,1962925.58,,370021.60
2026-08-08 08:00:00,1945613.01,,365219.54
2026-08-08 09:00:00,1952887.23,,366619.50
2026-08-08 10:00:00,1944995.58,,366529.99
2026-08-08 11:00:00,1946496.75,,367219.70
2026-08-08 12:00:00,1925613.65,,364268.34
2026-08-08 13:00:00,1930338.50,,366663.22
2026-08-08 14:00:00,1927246.19,,366859.45
2026-08-08 15:00:00,1951371.25,,370898.78
2026-08-08 16:00:00,1966636.42,,367581.33
2026-08-08 17:00:00,1971481.59,,372730.36
2026-08-08 18:00:00,2002876.54,,366432.06
2026-08-08 19:00:00,1981069.75,,357159.90
2026-08-08 20:00:00,1978027.12,,343596.62
2026-08-08 21:00:00,1979673.71,,342936.89
2026-08-08 22:00:00,1979130.27,,342832.33
2026-08-08 23:00:00,1968173.72,,342455.93
2026-08-09 00:00:00,1967573.41,,342271.12
2026-08-09 01:00:00,1953033.29,,340118.94
2026-08-09 02:00:00,1955701.44,,346297.92
2026-08-09 03:00:00,1968064.50,,346632.97
2026-08-09 04:00:00,1974374.55,,354054.06
2026-08-09 05:00:00,1979630.04,,355447.13
