time,oi_A,oi_6,oi_3
2026-04-25 12:00:00,30404573.39,,9072604.68
2026-04-25 13:00:00,30350867.13,,9040533.47
2026-04-25 14:00:00,30538028.61,,9075958.35
2026-04-25 15:00:00,30478844.25,,9041334.06
2026-04-25 16:00:00,30309984.78,,9039200.22
2026-04-25 17:00:00,30374506.61,,9076134.98
2026-04-25 18:00:00,30313492.96,,9072874.79
2026-04-25 19:00:00,30329258.73,,9066851.70
2026-04-25 20:00:00,30048864.91,,9023384.10
2026-04-25 21:00:00,30164983.65,,9135242.83
2026-04-25 22:00:00,30112888.29,,9039178.64
2026-04-25 23:00:00,30091667.63,,9035365.70
2026-04-26 00:00:00,30055007.35,,9024673.79
2026-04-26 01:00:00,29818140.71,,8987705.36
2026-04-26 02:00:00,29779551.85,,8957130.62
2026-04-26 03:00:00,29738299.37,,8885624.69
2026-04-26 04:00:00,29693099.35,,8929541.35
2026-04-26 05:00:00,29782492.06,,8971984.93
2026-04-26 06:00:00,29696866.35,,9036054.94
2026-04-26 07:00:00,29779710.83,,9203243.19
2026-04-26 08:00:00,30001518.24,,9248812.86
2026-04-26 09:00:00,29988450.63,,9245975.74
2026-04-26 10:00:00,29938720.85,,9163933.08
2026-04-26 11:00:00,29858578.11,,9173841.84
2026-04-26 12:00:00,30131060.91,,9264297.97
2026-04-26 13:00:00,30159874.64,,9297047.20
2026-04-26 14:00:00,29651148.77,,9218350.32
2026-04-26 15:00:00,29716102.61,,9272632.75
2026-04-26 16:00:00,29733800.12,,9222357.39
2026-04-26 17:00:00,29478171.02,,9122483.90
2026-04-26 18:00:00,29522653.03,,9127383.48
2026-04-26 19:00:00,29588037.45,,9138089.93
2026-04-26 20:00:00,29810433.38,,9225326.88
2026-04-26 21:00:00,29780798.22,,9210268.73
2026-04-26 22:00:00,29832223.31,,9123286.06
2026-04-26 23:00:00,29738007.41,,9079378.06
2026-04-27 00:00:00,29826608.34,,9098048.83
2026-04-27 01:00:00,30216552.26,,9176908.89
2026-04-27 02:00:00,30333985.62,,9386605.94
2026-04-27 03:00:00,30255071.00,,9488766.28
2026-04-27 04:00:00,30314643.82,,9577129.67
2026-04-27 05:00:00,30123770.76,,9401899.25
2026-04-27 06:00:00,29545195.08,,9237522.60
2026-04-27 07:00:00,29426851.65,,9238862.88
2026-04-27 08:00:00,29298560.28,,9253944.53
2026-04-27 09:00:00,29410071.42,,9397945.95
2026-04-27 10:00:00,29354720.84,,9374661.32
2026-04-27 11:00:00,29306604.80,,9365463.68
2026-04-27 12:00:00,29296952.50,,9372870.41
2026-04-27 13:00:00,29498326.67,,9341455.68
2026-04-27 14:00:00,29533857.95,,9353355.78
2026-04-27 15:00:00,29751033.44,,9384368.94
2026-04-27 16:00:00,29080813.29,,9224023.05
2026-04-27 17:00:00,29065189.09,,9201618.41
2026-04-27 18:00:00,29079105.65,,9238606.23
2026-04-27 19:00:00,29225069.14,,9268590.18
2026-04-27 20:00:00,29383722.97,,9244808.64
2026-04-27 21:00:00,29411900.46,,9243876.81
2026-04-27 22:00:00,29380128.65,,9229741.95
2026-04-27 23:00:00,29606186.21,,9274936.72
2026-04-28 00:00:00,29531937.69,,9260886.39
2026-04-28 01:00:00,29428243.11,,9228524.43
2026-04-28 02:00:00,29406732.01,,9242184.08
2026-04-28 03:00:00,29372505.81,,9225108.48
2026-04-28 04:00:00,29337100.93,,9248718.60
2026-04-28 05:00:00,29307864.52,,9270964.93
2026-04-28 06:00:00,29274920.10,,9248216.74
2026-04-28 07:00:00,29266811.88,,9233046.13
2026-04-28 08:00:00,29245191.02,,9228585.40
2026-04-28 09:00:00,29210804.39,,9233769.31
2026-04-28 10:00:00,29085569.61,,9153689.84
2026-04-28 11:00:00,29097814.94,,9109499.79
2026-04-28 12:00:00,29000369.29,,8994619.10
2026-04-28 13:00:00,29116807.60,,9018754.70
2026-04-28 14:00:00,29020662.58,,9036724.83
2026-04-28 15:00:00,28920259.84,,8988545.15
2026-04-28 16:00:00,29443607.40,,9164705.52
2026-04-28 17:00:00,29381291.68,,9220517.62
2026-04-28 18:00:00,29247601.86,,9009574.18
2026-04-28 19:00:00,29265462.60,,8979259.86
2026-04-28 20:00:00,29287080.47,,8978803.29
2026-04-28 21:00:00,29336552.65,,9053693.69
2026-04-28 22:00:00,29295187.61,,8971544.74
2026-04-28 23:00:00,29272735.96,,8947075.63
2026-04-29 00:00:00,29344696.69,,8939371.06
2026-04-29 01:00:00,29677996.51,,8981636.85
2026-04-29 02:00:00,29627436.70,,8976527.41
2026-04-29 03:00:00,29572357.21,,8947424.62
2026-04-29 04:00:00,29967419.87,,9186698.42
2026-04-29 05:00:00,30290476.70,,9224113.20
2026-04-29 06:00:00,30193600.50,,9208787.47
2026-04-29 07:00:00,30420219.13,,9373936.10
2026-04-29 08:00:00,30272197.05,,9588114.90
2026-04-29 09:00:00,29245652.69,,9395259.95
2026-04-29 10:00:00,29337412.40,,9516168.40
2026-04-29 11:00:00,29091649.86,,9536649.62
2026-04-29 12:00:00,29001468.18,,9434704.50
2026-04-29 13:00:00,28882592.01,,9478584.98
2026-04-29 14:00:00,28855484.55,,9423877.74
2026-04-29 15:00:00,28769996.75,,9314155.06
2026-04-29 16:00:00,28302379.46,,8985047.79
2026-04-29 17:00:00,28273881.77,,8918003.56
2026-04-29 18:00:00,28512791.81,,9080197.62
2026-04-29 19:00:00,28249759.06,,8950719.20
2026-04-29 20:00:00,28108349.29,,8887238.82
2026-04-29 21:00:00,28211899.60,,8879666.56
2026-04-29 22:00:00,28351714.47,,8842750.47
2026-04-29 23:00:00,28324228.39,,8808350.18
2026-04-30 00:00:00,28279402.13,,8789813.33
2026-04-30 01:00:00,28511626.24,,8833315.82
2026-04-30 02:00:00,28374945.94,,8792461.66
2026-04-30 03:00:00,28202948.84,,8737091.00
2026-04-30 04:00:00,28244600.14,,8803319.68
2026-04-30 05:00:00,28087733.75,,8748281.96
2026-04-30 06:00:00,28136574.46,,8765334.27
2026-04-30 07:00:00,28383054.38,,8842815.85
2026-04-30 08:00:00,28346809.32,,8887571.94
2026-04-30 09:00:00,28157179.93,,8856462.40
2026-04-30 10:00:00,28126305.60,,8845100.73
2026-04-30 11:00:00,27892308.55,,8783426.32
2026-04-30 12:00:00,28029727.49,,8819369.07
2026-04-30 13:00:00,28096469.87,,8816927.43
2026-04-30 14:00:00,28153900.72,,8846876.36
2026-04-30 15:00:00,28082733.90,,8833847.58
2026-04-30 16:00:00,28042865.10,,8572823.54
2026-04-30 17:00:00,28055925.35,,8534947.38
2026-04-30 18:00:00,28108589.44,,8556749.03
2026-04-30 19:00:00,28135476.23,,8525068.32
2026-04-30 20:00:00,28076913.54,,8561404.88
2026-04-30 21:00:00,28045350.19,,8571950.03
2026-04-30 22:00:00,28058803.96,,8517434.07
2026-04-30 23:00:00,28016043.05,,8497957.70
2026-05-01 00:00:00,27958268.87,,8476957.16
2026-05-01 01:00:00,27997467.69,,8539879.39
2026-05-01 02:00:00,28002954.04,,8571167.46
2026-05-01 03:00:00,28002819.96,,8591499.05
2026-05-01 04:00:00,28209419.60,,8634028.03
2026-05-01 05:00:00,28189455.16,,8734382.23
2026-05-01 06:00:00,28137815.11,,8716539.00
2026-05-01 07:00:00,28170037.02,,8715645.93
2026-05-01 08:00:00,28007918.04,,8654975.88
2026-05-01 09:00:00,28050444.50,,8695952.94
2026-05-01 10:00:00,28037407.67,,8691378.44
2026-05-01 11:00:00,28146255.19,,8753167.83
2026-05-01 12:00:00,28250533.27,,8766009.78
2026-05-01 13:00:00,28415071.62,,8789451.63
2026-05-01 14:00:00,28488816.39,,8836325.15
2026-05-01 15:00:00,28288260.26,,8832576.79
2026-05-01 16:00:00,28520009.37,,9071975.76
2026-05-01 17:00:00,28384874.38,,8982394.46
2026-05-01 18:00:00,28360972.07,,9006625.75
2026-05-01 19:00:00,28335365.51,,8935919.39
2026-05-01 20:00:00,28299878.29,,8899092.63
2026-05-01 21:00:00,28204914.33,,8867173.72
2026-05-01 22:00:00,28243706.53,,8805582.04
2026-05-01 23:00:00,28087681.58,,8765725.16
2026-05-02 00:00:00,27912648.88,,8766529.10
2026-05-02 01:00:00,27993489.80,,8803401.60
2026-05-02 02:00:00,28037148.38,,8816278.40
2026-05-02 03:00:00,28093384.23,,8877481.60
2026-05-02 04:00:00,28077066.21,,8929174.96
2026-05-02 05:00:00,28017158.26,,8910565.20
2026-05-02 06:00:00,27907998.22,,8899143.95
2026-05-02 07:00:00,28001477.83,,8935534.78
2026-05-02 08:00:00,27894688.74,,8920035.37
2026-05-02 09:00:00,27953489.06,,8935974.01
2026-05-02 10:00:00,28053538.04,,8955869.18
2026-05-02 11:00:00,28095338.04,,8965614.62
2026-05-02 12:00:00,28094170.78,,8970383.72
2026-05-02 13:00:00,27926463.40,,8962350.26
2026-05-02 14:00:00,28008258.57,,9021430.70
2026-05-02 15:00:00,27969676.81,,9049123.16
2026-05-02 16:00:00,28068690.30,,9101232.74
2026-05-02 17:00:00,28175433.23,,9162477.63
2026-05-02 18:00:00,28074455.12,,9091208.97
2026-05-02 19:00:00,28166475.94,,9068221.15
2026-05-02 20:00:00,28215323.17,,9096843.58
2026-05-02 21:00:00,28215164.03,,9126889.60
2026-05-02 22:00:00,28201302.37,,9078703.81
2026-05-02 23:00:00,28251379.99,,9097034.67
2026-05-03 00:00:00,28173923.19,,9059402.37
2026-05-03 01:00:00,28181620.21,,9027491.48
2026-05-03 02:00:00,28087216.74,,8974529.94
2026-05-03 03:00:00,27791702.56,,8871139.35
2026-05-03 04:00:00,27867746.18,,8875675.08
2026-05-03 05:00:00,27894389.41,,8895962.59
2026-05-03 06:00:00,27907890.32,,8916001.93
2026-05-03 07:00:00,28006819.94,,8938955.54
2026-05-03 08:00:00,27968632.73,,8918255.94
2026-05-03 09:00:00,27947498.22,,8946481.62
2026-05-03 10:00:00,28019814.54,,8957207.49
2026-05-03 11:00:00,27918733.83,,8928711.16
2026-05-03 12:00:00,28114891.30,,8970712.25
2026-05-03 13:00:00,28325368.63,,8989334.31
2026-05-03 14:00:00,28308455.12,,8975325.06
2026-05-03 15:00:00,28238134.88,,8955174.15
2026-05-03 16:00:00,28240931.25,,8968635.09
2026-05-03 17:00:00,28159372.90,,8937803.08
2026-05-03 18:00:00,27885509.41,,8904118.03
2026-05-03 19:00:00,27865456.23,,8893828.94
2026-05-03 20:00:00,27911847.63,,8939650.35
2026-05-03 21:00:00,27943209.24,,8928720.27
2026-05-03 22:00:00,27813328.09,,8873022.59
2026-05-03 23:00:00,27947963.52,,8962133.67
2026-05-04 00:00:00,27885935.02,,8896550.97
2026-05-04 01:00:00,27686311.98,,8960584.63
2026-05-04 02:00:00,28119055.59,,8988164.31
2026-05-04 03:00:00,28278405.35,,9038959.86
2026-05-04 04:00:00,28115450.79,,9050092.63
2026-05-04 05:00:00,28204473.60,,9026576.85
2026-05-04 06:00:00,28100683.35,,8995512.70
2026-05-04 07:00:00,27950602.01,,8982151.38
2026-05-04 08:00:00,27752749.63,,8952730.90
2026-05-04 09:00:00,27495225.99,,8949991.60
2026-05-04 10:00:00,27500531.60,,9027120.02
2026-05-04 11:00:00,27061959.49,,8878840.53
2026-05-04 12:00:00,27102741.36,,8841920.61
2026-05-04 13:00:00,27007252.53,,8832206.66
2026-05-04 14:00:00,26690700.65,,8866304.96
2026-05-04 15:00:00,26723432.92,,9016691.00
2026-05-04 16:00:00,26397062.21,,8973202.32
2026-05-04 17:00:00,26248361.24,,9020572.99
2026-05-04 18:00:00,26345138.93,,9101276.05
2026-05-04 19:00:00,26307318.72,,9070012.85
2026-05-04 20:00:00,26238359.73,,9053909.28
2026-05-04 21:00:00,26254625.51,,9042339.64
2026-05-04 22:00:00,26293768.08,,8968693.87
2026-05-04 23:00:00,26395084.24,,8973422.32
2026-05-05 00:00:00,26419792.78,,9070565.35
2026-05-05 01:00:00,27121942.81,,9292956.23
2026-05-05 02:00:00,27202828.53,,9088536.47
2026-05-05 03:00:00,27176759.17,,9065456.98
2026-05-05 04:00:00,27327283.11,,9132318.28
2026-05-05 05:00:00,27238240.00,,9102471.53
2026-05-05 06:00:00,27256357.78,,9099262.66
2026-05-05 07:00:00,27193243.08,,9118720.56
2026-05-05 08:00:00,27324103.33,,9127276.38
2026-05-05 09:00:00,27405675.62,,9194329.00
2026-05-05 10:00:00,27365820.99,,9065990.78
2026-05-05 11:00:00,27450767.56,,9067039.00
2026-05-05 12:00:00,27404335.77,,9090876.36
2026-05-05 13:00:00,27779444.12,,9083812.59
2026-05-05 14:00:00,27653939.93,,9039632.32
2026-05-05 15:00:00,27447254.37,,8981230.41
2026-05-05 16:00:00,27153613.91,,8515051.78
2026-05-05 17:00:00,26900517.74,,8559446.92
2026-05-05 18:00:00,26844373.94,,8571189.91
2026-05-05 19:00:00,26851725.32,,8560977.41
2026-05-05 20:00:00,26962938.47,,8596129.58
2026-05-05 21:00:00,27336935.76,,8674245.94
2026-05-05 22:00:00,27315354.14,,8640334.40
2026-05-05 23:00:00,27107420.15,,8612178.82
2026-05-06 00:00:00,27050038.94,,8664628.90
2026-05-06 01:00:00,27178255.96,,8668945.45
2026-05-06 02:00:00,27343942.41,,8743319.51
2026-05-06 03:00:00,27037266.22,,8674227.64
2026-05-06 04:00:00,27233147.49,,8780672.67
2026-05-06 05:00:00,27012745.49,,8760596.16
2026-05-06 06:00:00,27124173.81,,8764883.49
2026-05-06 07:00:00,27151123.07,,8762280.45
2026-05-06 08:00:00,27450224.80,,8854363.41
2026-05-06 09:00:00,28003307.79,,8984975.14
2026-05-06 10:00:00,27871014.60,,8954665.67
2026-05-06 11:00:00,27958653.84,,8792084.42
2026-05-06 12:00:00,27682544.08,,8731081.02
2026-05-06 13:00:00,27486426.56,,8744868.80
2026-05-06 14:00:00,26761959.11,,8601264.54
2026-05-06 15:00:00,26621467.97,,8547237.30
2026-05-06 16:00:00,26415682.09,,8300289.25
2026-05-06 17:00:00,26168199.94,,8365281.89
2026-05-06 18:00:00,26152382.79,,8349335.63
2026-05-06 19:00:00,26017853.16,,8292622.76
2026-05-06 20:00:00,26137559.94,,8319547.00
2026-05-06 21:00:00,26002467.55,,8364104.18
2026-05-06 22:00:00,26378597.77,,8342021.00
2026-05-06 23:00:00,26430941.56,,8313654.28
2026-05-07 00:00:00,26548503.67,,8310465.38
2026-05-07 01:00:00,26508951.91,,8240442.71
2026-05-07 02:00:00,26483414.06,,8294646.20
2026-05-07 03:00:00,26105526.13,,8384191.96
2026-05-07 04:00:00,25988266.38,,8394923.61
2026-05-07 05:00:00,26144461.11,,8477098.56
2026-05-07 06:00:00,26280435.88,,8468483.76
2026-05-07 07:00:00,26550226.90,,8528940.36
2026-05-07 08:00:00,26526497.74,,8528746.87
2026-05-07 09:00:00,26432908.18,,8443626.47
2026-05-07 10:00:00,26179736.54,,8398444.25
2026-05-07 11:00:00,26068252.28,,8352718.53
2026-05-07 12:00:00,26228070.72,,8403776.57
2026-05-07 13:00:00,26333722.57,,8422573.01
2026-05-07 14:00:00,25890505.89,,8236228.80
2026-05-07 15:00:00,25470070.47,,8241052.95
2026-05-07 16:00:00,25297322.88,,8363523.54
2026-05-07 17:00:00,25552851.30,,8435808.15
2026-05-07 18:00:00,25562212.77,,8646216.48
2026-05-07 19:00:00,25709855.78,,8632215.49
2026-05-07 20:00:00,25575848.15,,8601119.69
2026-05-07 21:00:00,25184466.48,,8560351.76
2026-05-07 22:00:00,25014268.88,,8501964.20
2026-05-07 23:00:00,25055100.67,,8493371.52
2026-05-08 00:00:00,25135234.81,,8508472.22
2026-05-08 01:00:00,25260962.64,,8525350.14
2026-05-08 02:00:00,25331535.24,,8526034.19
2026-05-08 03:00:00,25358843.31,,8548987.15
2026-05-08 04:00:00,25668052.18,,8618134.76
2026-05-08 05:00:00,25666020.16,,8602313.29
2026-05-08 06:00:00,25576904.27,,8556228.13
2026-05-08 07:00:00,25545179.91,,8551196.34
2026-05-08 08:00:00,25590489.05,,8685105.75
2026-05-08 09:00:00,25754529.03,,8686004.73
2026-05-08 10:00:00,25631888.02,,8644827.01
2026-05-08 11:00:00,26774212.76,,8590787.49
2026-05-08 12:00:00,26743929.38,,8611699.57
2026-05-08 13:00:00,26619993.71,,8557649.98
2026-05-08 14:00:00,26629205.95,,8568969.65
2026-05-08 15:00:00,27032847.33,,8665143.02
2026-05-08 16:00:00,27060885.81,,8509748.63
2026-05-08 17:00:00,27036156.07,,8457039.36
2026-05-08 18:00:00,28033985.82,,8444626.27
2026-05-08 19:00:00,28540300.11,,8300880.35
2026-05-08 20:00:00,28529374.79,,8271340.00
2026-05-08 21:00:00,29065004.49,,8240556.86
2026-05-08 22:00:00,29118234.06,,8076396.52
2026-05-08 23:00:00,28732936.35,,8057569.39
2026-05-09 00:00:00,28705790.88,,8069582.18
2026-05-09 01:00:00,28955118.09,,8127370.20
2026-05-09 02:00:00,29514087.69,,8275663.41
2026-05-09 03:00:00,30609313.99,,8274558.06
2026-05-09 04:00:00,30559279.63,,8178627.06
2026-05-09 05:00:00,30296296.69,,8133870.49
2026-05-09 06:00:00,30542443.21,,8170836.44
2026-05-09 07:00:00,30273304.78,,8108133.48
2026-05-09 08:00:00,30163707.07,,8052904.20
2026-05-09 09:00:00,30392039.44,,8049559.55
2026-05-09 10:00:00,30181261.94,,7941345.45
2026-05-09 11:00:00,30204205.00,,7910008.47
2026-05-09 12:00:00,30097561.49,,7920193.55
2026-05-09 13:00:00,30073769.61,,7912011.88
2026-05-09 14:00:00,29943035.63,,7849413.33
2026-05-09 15:00:00,29616516.57,,7791635.32
2026-05-09 16:00:00,29379828.20,,7846427.90
2026-05-09 17:00:00,29439428.66,,7918961.22
2026-05-09 18:00:00,29275202.10,,7957126.50
2026-05-09 19:00:00,29212173.85,,7961031.51
2026-05-09 20:00:00,29205421.14,,7983277.89
2026-05-09 21:00:00,29083579.80,,7936194.59
2026-05-09 22:00:00,29107634.33,,7896085.27
2026-05-09 23:00:00,29209523.12,,7880570.95
2026-05-10 00:00:00,29090015.05,,7846749.01
2026-05-10 01:00:00,29317180.25,,7810602.14
2026-05-10 02:00:00,28806525.25,,7877340.05
2026-05-10 03:00:00,28756386.03,,7938278.94
2026-05-10 04:00:00,28658042.67,,7936335.83
2026-05-10 05:00:00,28702809.53,,7965640.37
2026-05-10 06:00:00,28874102.35,,7992074.59
2026-05-10 07:00:00,28970429.39,,8018745.04
2026-05-10 08:00:00,29122295.47,,7991545.86
2026-05-10 09:00:00,29344830.37,,8042969.31
2026-05-10 10:00:00,29315052.35,,8025670.25
2026-05-10 11:00:00,29832854.19,,8021277.45
2026-05-10 12:00:00,29659538.49,,7991239.87
2026-05-10 13:00:00,29762026.74,,8171513.08
2026-05-10 14:00:00,30039629.03,,8203874.00
2026-05-10 15:00:00,30174070.20,,8238756.81
2026-05-10 16:00:00,30513136.48,,8375717.82
2026-05-10 17:00:00,31112360.60,,8572543.31
2026-05-10 18:00:00,31624152.07,,8837501.76
2026-05-10 19:00:00,31186155.22,,8687469.22
2026-05-10 20:00:00,31027664.07,,8721701.82
2026-05-10 21:00:00,29573972.89,,8474344.06
2026-05-10 22:00:00,29432948.17,,8313991.99
2026-05-10 23:00:00,30026515.46,,8489196.68
2026-05-11 00:00:00,30155486.55,,8524746.55
2026-05-11 01:00:00,29686122.67,,8384773.62
2026-05-11 02:00:00,29862850.07,,8407193.42
2026-05-11 03:00:00,29526329.16,,8370835.40
2026-05-11 04:00:00,29101477.45,,8327966.01
2026-05-11 05:00:00,29550274.95,,8357480.02
2026-05-11 06:00:00,29656844.35,,8368239.98
2026-05-11 07:00:00,29714088.13,,8408698.07
2026-05-11 08:00:00,29814788.51,,8462118.55
2026-05-11 09:00:00,29876352.60,,8506881.47
2026-05-11 10:00:00,29709013.13,,8550268.04
2026-05-11 11:00:00,30021462.94,,8632990.80
2026-05-11 12:00:00,29736992.27,,8551345.12
2026-05-11 13:00:00,29694164.77,,8516700.04
2026-05-11 14:00:00,29925850.85,,8740678.28
2026-05-11 15:00:00,29832614.97,,8707547.47
2026-05-11 16:00:00,30227674.74,,8803770.99
2026-05-11 17:00:00,30350286.88,,8872483.45
2026-05-11 18:00:00,30375349.84,,8942276.70
2026-05-11 19:00:00,30019518.81,,8756561.38
2026-05-11 20:00:00,30089325.25,,8734107.43
2026-05-11 21:00:00,29777110.41,,8634040.66
2026-05-11 22:00:00,29430681.91,,8535343.90
2026-05-11 23:00:00,29586547.01,,8460205.50
2026-05-12 00:00:00,29573546.92,,8460851.65
2026-05-12 01:00:00,29042135.06,,8402241.48
2026-05-12 02:00:00,28199251.26,,8210462.83
2026-05-12 03:00:00,28101610.89,,8174657.16
2026-05-12 04:00:00,27979157.19,,8082852.80
2026-05-12 05:00:00,28048880.54,,8106889.86
2026-05-12 06:00:00,28286881.02,,8136143.57
2026-05-12 07:00:00,28147728.18,,8042673.69
2026-05-12 08:00:00,27954629.75,,8080354.01
2026-05-12 09:00:00,27701642.85,,8103195.38
2026-05-12 10:00:00,27635160.37,,8076222.91
2026-05-12 11:00:00,27223983.56,,8105280.46
2026-05-12 12:00:00,27111233.34,,8098394.96
2026-05-12 13:00:00,27074248.66,,8041521.88
2026-05-12 14:00:00,26609661.34,,7950545.38
2026-05-12 15:00:00,26461346.98,,8035096.04
2026-05-12 16:00:00,26805616.66,,7979866.90
2026-05-12 17:00:00,26580284.08,,7920011.68
2026-05-12 18:00:00,26900508.29,,7980064.79
2026-05-12 19:00:00,26973362.49,,7962171.75
2026-05-12 20:00:00,27070239.96,,7979918.77
2026-05-12 21:00:00,27054060.54,,7953575.75
2026-05-12 22:00:00,27054222.96,,7932801.57
2026-05-12 23:00:00,26980183.49,,7948895.60
2026-05-13 00:00:00,26906912.29,,7925250.20
2026-05-13 01:00:00,27211133.88,,7943703.43
2026-05-13 02:00:00,27538951.66,,8012199.92
2026-05-13 03:00:00,27849521.06,,8044171.02
2026-05-13 04:00:00,27966059.93,,8058819.42
2026-05-13 05:00:00,27892652.82,,8083438.51
2026-05-13 06:00:00,27744679.84,,8003464.15
2026-05-13 07:00:00,27729085.22,,8034474.53
2026-05-13 08:00:00,28020668.92,,8121545.30
2026-05-13 09:00:00,28116030.21,,8135753.18
2026-05-13 10:00:00,28225327.16,,8209285.04
2026-05-13 11:00:00,28514387.75,,8100296.57
2026-05-13 12:00:00,28197987.71,,8050358.58
2026-05-13 13:00:00,27727123.26,,8027070.30
2026-05-13 14:00:00,27599875.66,,8016133.35
2026-05-13 15:00:00,27870086.38,,8000820.54
2026-05-13 16:00:00,27255122.43,,8059726.02
2026-05-13 17:00:00,28012784.49,,8183100.53
2026-05-13 18:00:00,28187558.14,,8228705.39
2026-05-13 19:00:00,28205948.17,,8210887.74
2026-05-13 20:00:00,27780685.01,,8161926.18
2026-05-13 21:00:00,28124679.14,,8146334.66
2026-05-13 22:00:00,27698402.32,,8019479.58
2026-05-13 23:00:00,27802893.49,,8032392.60
2026-05-14 00:00:00,27670739.77,,8054593.26
2026-05-14 01:00:00,28021084.62,,8095373.06
2026-05-14 02:00:00,28147049.14,,8075653.07
2026-05-14 03:00:00,28012189.36,,7993849.08
2026-05-14 04:00:00,27966547.10,,7916574.20
2026-05-14 05:00:00,28159799.72,,8040132.25
2026-05-14 06:00:00,28383335.60,,8010684.51
2026-05-14 07:00:00,28312945.65,,7980144.65
2026-05-14 08:00:00,28243861.07,,7990814.79
2026-05-14 09:00:00,28469441.74,,7991112.52
2026-05-14 10:00:00,28370589.75,,7944720.57
2026-05-14 11:00:00,28480359.50,,7953051.03
2026-05-14 12:00:00,28380342.46,,7921692.11
2026-05-14 13:00:00,28956027.15,,8017429.84
2026-05-14 14:00:00,29005854.52,,7949824.74
2026-05-14 15:00:00,29496161.74,,8167035.38
2026-05-14 16:00:00,29402831.56,,8122217.92
2026-05-14 17:00:00,28842879.06,,8133063.16
2026-05-14 18:00:00,29229864.54,,8215188.97
2026-05-14 19:00:00,29742054.46,,8347896.37
2026-05-14 20:00:00,29947142.25,,8189546.86
2026-05-14 21:00:00,29766346.78,,8142712.62
2026-05-14 22:00:00,29596733.97,,7980443.36
2026-05-14 23:00:00,29102770.63,,7915571.28
2026-05-15 00:00:00,28516593.18,,7865822.50
2026-05-15 01:00:00,28626049.27,,7922167.01
2026-05-15 02:00:00,28398361.90,,7863677.98
2026-05-15 03:00:00,28216845.33,,7697060.64
2026-05-15 04:00:00,28875405.36,,7721956.50
2026-05-15 05:00:00,27876780.35,,7671213.91
2026-05-15 06:00:00,27359490.82,,7718005.72
2026-05-15 07:00:00,27581784.01,,7699668.76
2026-05-15 08:00:00,27721289.22,,7672030.40
2026-05-15 09:00:00,27301227.79,,7682811.72
2026-05-15 10:00:00,27087476.09,,7651257.33
2026-05-15 11:00:00,27325091.65,,7708367.18
2026-05-15 12:00:00,27346845.75,,7662790.42
2026-05-15 13:00:00,27288489.22,,7791390.78
2026-05-15 14:00:00,25546003.98,,7445286.40
2026-05-15 15:00:00,25699256.89,,7449540.74
2026-05-15 16:00:00,25842760.57,,7504022.73
2026-05-15 17:00:00,26046535.11,,7568082.56
2026-05-15 18:00:00,26189144.19,,7562164.67
2026-05-15 19:00:00,26119328.44,,7566495.54
2026-05-15 20:00:00,25993754.08,,7506894.05
2026-05-15 21:00:00,26039899.90,,7505950.22
2026-05-15 22:00:00,26043905.79,,7417449.40
2026-05-15 23:00:00,26122647.54,,7425293.63
2026-05-16 00:00:00,26159663.46,,7434660.51
2026-05-16 01:00:00,26573916.51,,7474954.05
2026-05-16 02:00:00,26629922.22,,7482852.85
2026-05-16 03:00:00,26654681.98,,7499392.11
2026-05-16 04:00:00,26645915.31,,7501052.86
2026-05-16 05:00:00,25999919.22,,7339005.75
2026-05-16 06:00:00,25849689.20,,7287671.91
2026-05-16 07:00:00,26009907.55,,7256346.24
2026-05-16 08:00:00,25931535.28,,7289984.80
2026-05-16 09:00:00,26006011.09,,7327886.89
2026-05-16 10:00:00,25789077.18,,7324559.58
2026-05-16 11:00:00,25737011.03,,7353695.47
2026-05-16 12:00:00,26028805.04,,7411955.70
2026-05-16 13:00:00,25987753.34,,7499229.58
2026-05-16 14:00:00,26021105.73,,7492985.47
2026-05-16 15:00:00,26026523.21,,7523982.18
2026-05-16 16:00:00,26194065.03,,7561884.21
2026-05-16 17:00:00,26403690.12,,7581815.05
2026-05-16 18:00:00,26499742.51,,7577041.80
2026-05-16 19:00:00,26357052.17,,7538660.40
2026-05-16 20:00:00,26266519.60,,7522845.20
2026-05-16 21:00:00,26267934.28,,7523415.97
2026-05-16 22:00:00,26283701.37,,7481692.22
2026-05-16 23:00:00,26281884.47,,7500231.55
2026-05-17 00:00:00,26271833.90,,7503834.64
2026-05-17 01:00:00,25992068.02,,7464849.46
2026-05-17 02:00:00,25728343.18,,7429711.34
2026-05-17 03:00:00,25821426.97,,7441359.62
2026-05-17 04:00:00,25837748.12,,7498169.78
2026-05-17 05:00:00,25952405.43,,7561397.16
2026-05-17 06:00:00,26087480.69,,7596893.28
2026-05-17 07:00:00,26109019.71,,7598056.79
2026-05-17 08:00:00,26321862.15,,7642682.19
2026-05-17 09:00:00,26398148.81,,7648238.19
2026-05-17 10:00:00,26450647.39,,7678740.95
2026-05-17 11:00:00,26669702.49,,7646536.32
2026-05-17 12:00:00,26629507.52,,7653795.84
2026-05-17 13:00:00,26455048.71,,7662723.49
2026-05-17 14:00:00,26498688.56,,7721941.36
2026-05-17 15:00:00,26438323.17,,7716820.54
2026-05-17 16:00:00,26518063.61,,7726418.02
2026-05-17 17:00:00,26541511.92,,7689016.51
2026-05-17 18:00:00,26640030.42,,7766057.76
2026-05-17 19:00:00,26718454.36,,7809445.18
2026-05-17 20:00:00,26842265.19,,7833067.40
2026-05-17 21:00:00,26800764.84,,7812189.40
2026-05-17 22:00:00,26856568.88,,7788705.79
2026-05-17 23:00:00,26554382.09,,7698164.48
2026-05-18 00:00:00,24567798.03,,7820626.63
2026-05-18 01:00:00,24859974.07,,7760157.21
2026-05-18 02:00:00,24876033.96,,7740633.71
2026-05-18 03:00:00,24783077.10,,7815663.50
2026-05-18 04:00:00,24767580.21,,7831460.32
2026-05-18 05:00:00,24780542.69,,7852416.20
2026-05-18 06:00:00,24647014.30,,7735057.61
2026-05-18 07:00:00,24324147.96,,7454355.96
2026-05-18 08:00:00,24384766.54,,7428014.28
2026-05-18 09:00:00,24415254.49,,7417987.32
2026-05-18 10:00:00,24409024.01,,7375079.67
2026-05-18 11:00:00,24688871.37,,7389585.60
2026-05-18 12:00:00,24741634.18,,7392433.74
2026-05-18 13:00:00,25189578.09,,7498828.84
2026-05-18 14:00:00,24754148.10,,7518934.40
2026-05-18 15:00:00,24495075.42,,7372974.84
2026-05-18 16:00:00,24276213.81,,7322672.26
2026-05-18 17:00:00,24381048.89,,7301492.55
2026-05-18 18:00:00,24522513.36,,7313371.73
2026-05-18 19:00:00,23961088.21,,7362401.54
2026-05-18 20:00:00,24420307.86,,7446095.37
2026-05-18 21:00:00,24266560.60,,7413843.04
2026-05-18 22:00:00,24488630.44,,7404101.75
2026-05-18 23:00:00,24445224.54,,7395196.56
2026-05-19 00:00:00,24434616.61,,7381790.02
2026-05-19 01:00:00,24686890.02,,7443094.57
2026-05-19 02:00:00,24604313.01,,7428694.98
2026-05-19 03:00:00,24512031.89,,7395157.37
2026-05-19 04:00:00,24594028.33,,7414104.64
2026-05-19 05:00:00,24667114.50,,7457974.44
2026-05-19 06:00:00,24519518.51,,7467796.67
2026-05-19 07:00:00,24676873.78,,7477351.21
2026-05-19 08:00:00,25214010.54,,7494949.64
2026-05-19 09:00:00,25213087.15,,7568390.08
2026-05-19 10:00:00,24752058.71,,7451494.96
2026-05-19 11:00:00,24507537.82,,7452716.61
2026-05-19 12:00:00,24374221.29,,7417290.45
2026-05-19 13:00:00,24482671.05,,7500406.37
2026-05-19 14:00:00,24595420.08,,7503531.39
2026-05-19 15:00:00,24231320.29,,7379674.01
2026-05-19 16:00:00,24277060.43,,7388805.50
2026-05-19 17:00:00,24535316.56,,7459352.99
2026-05-19 18:00:00,24897524.47,,7481036.40
2026-05-19 19:00:00,24385273.39,,7400597.22
2026-05-19 20:00:00,24133304.81,,7342934.18
2026-05-19 21:00:00,24068853.81,,7334866.86
2026-05-19 22:00:00,23986298.80,,7120245.30
2026-05-19 23:00:00,23854593.30,,7129350.76
2026-05-20 00:00:00,23912430.12,,7156999.36
2026-05-20 01:00:00,23825942.36,,7135645.00
2026-05-20 02:00:00,23907545.45,,7176548.00
2026-05-20 03:00:00,23800364.91,,7151106.23
2026-05-20 04:00:00,23939618.39,,7146441.86
2026-05-20 05:00:00,24013620.86,,7139618.37
2026-05-20 06:00:00,24320224.69,,7212492.24
2026-05-20 07:00:00,24591759.07,,7240272.38
2026-05-20 08:00:00,24425927.48,,7202553.93
2026-05-20 09:00:00,24443529.58,,7254826.56
2026-05-20 10:00:00,24346704.84,,7289576.53
2026-05-20 11:00:00,24311278.37,,7424163.94
2026-05-20 12:00:00,24260122.05,,7469812.95
2026-05-20 13:00:00,24512237.61,,7585407.21
2026-05-20 14:00:00,24066137.29,,7475354.38
2026-05-20 15:00:00,24217228.37,,7523020.80
2026-05-20 16:00:00,24051011.76,,7487899.82
2026-05-20 17:00:00,23931819.65,,7485737.76
2026-05-20 18:00:00,23990160.61,,7510853.11
2026-05-20 19:00:00,23785343.14,,7448947.42
2026-05-20 20:00:00,23903953.56,,7490076.48
2026-05-20 21:00:00,23828814.36,,7411840.26
2026-05-20 22:00:00,23728711.60,,7334033.83
2026-05-20 23:00:00,23705052.97,,7330157.72
2026-05-21 00:00:00,23799054.42,,7329378.15
2026-05-21 01:00:00,24042911.51,,7354525.56
2026-05-21 02:00:00,24220887.49,,7388111.33
2026-05-21 03:00:00,24361992.10,,7434575.23
2026-05-21 04:00:00,24579123.36,,7453096.19
2026-05-21 05:00:00,25339132.09,,7379903.44
2026-05-21 06:00:00,24528649.36,,7221036.24
2026-05-21 07:00:00,24163568.30,,7159171.61
2026-05-21 08:00:00,24289710.41,,7172886.76
2026-05-21 09:00:00,24392826.07,,7177922.16
2026-05-21 10:00:00,24244359.71,,7141315.43
2026-05-21 11:00:00,23863143.33,,7090522.69
2026-05-21 12:00:00,23730021.62,,7079538.78
2026-05-21 13:00:00,23823986.40,,7152008.67
2026-05-21 14:00:00,23789274.89,,7152671.06
2026-05-21 15:00:00,23609629.24,,7145992.80
2026-05-21 16:00:00,23786779.06,,7180325.02
2026-05-21 17:00:00,23857993.41,,7223167.08
2026-05-21 18:00:00,24535191.34,,7557147.88
2026-05-21 19:00:00,24394228.23,,7333012.33
2026-05-21 20:00:00,24356890.56,,7326579.13
2026-05-21 21:00:00,24185240.14,,7243214.46
2026-05-21 22:00:00,24181495.35,,7217090.18
2026-05-21 23:00:00,24097979.72,,7156781.50
2026-05-22 00:00:00,24030694.53,,7109595.70
2026-05-22 01:00:00,24038415.50,,7052648.53
2026-05-22 02:00:00,24132017.59,,7092510.77
2026-05-22 03:00:00,24273526.73,,7151928.37
2026-05-22 04:00:00,24451490.10,,7225124.95
2026-05-22 05:00:00,24678881.52,,7213926.03
2026-05-22 06:00:00,24667709.52,,7162244.50
2026-05-22 07:00:00,24459462.21,,7149555.92
2026-05-22 08:00:00,24511382.56,,7155263.22
2026-05-22 09:00:00,24499106.58,,7074017.69
2026-05-22 10:00:00,24464103.87,,7055654.44
2026-05-22 11:00:00,24403984.36,,7106988.22
2026-05-22 12:00:00,24784761.65,,7192379.59
2026-05-22 13:00:00,25026453.38,,7234976.29
2026-05-22 14:00:00,24461518.26,,7056670.73
2026-05-22 15:00:00,23811552.83,,7062551.76
2026-05-22 16:00:00,23812561.09,,7008389.48
2026-05-22 17:00:00,23735125.95,,6978446.50
2026-05-22 18:00:00,23702071.54,,6956583.36
2026-05-22 19:00:00,23400415.49,,6906212.77
2026-05-22 20:00:00,22898057.31,,7003477.16
2026-05-22 21:00:00,23106588.52,,7048067.10
2026-05-22 22:00:00,23212547.53,,7019189.28
2026-05-22 23:00:00,23092852.77,,6975416.71
2026-05-23 00:00:00,22916542.71,,7025019.73
2026-05-23 01:00:00,23067814.73,,7062650.82
2026-05-23 02:00:00,23106649.27,,7056439.98
2026-05-23 03:00:00,23052343.45,,7024680.46
2026-05-23 04:00:00,23097499.47,,7008698.62
2026-05-23 05:00:00,23091076.00,,6977990.88
2026-05-23 06:00:00,22962476.07,,6965445.08
2026-05-23 07:00:00,22866583.95,,6906689.96
2026-05-23 08:00:00,21807253.90,,6937570.97
2026-05-23 09:00:00,22041901.04,,6980072.94
2026-05-23 10:00:00,22048028.07,,6987695.62
2026-05-23 11:00:00,22049931.60,,7027220.84
2026-05-23 12:00:00,21971111.60,,7017134.40
2026-05-23 13:00:00,22243881.38,,7068861.13
2026-05-23 14:00:00,22437433.17,,7082725.74
2026-05-23 15:00:00,22660190.91,,7120435.13
2026-05-23 16:00:00,22727278.32,,7128099.89
2026-05-23 17:00:00,22645471.53,,7115558.88
2026-05-23 18:00:00,22717279.18,,7109824.24
2026-05-23 19:00:00,22848791.12,,7135836.53
2026-05-23 20:00:00,22946584.68,,7167832.04
2026-05-23 21:00:00,23232631.66,,7109878.33
2026-05-23 22:00:00,22779061.09,,6938782.27
2026-05-23 23:00:00,22765922.02,,6904742.76
2026-05-24 00:00:00,22805577.77,,6934668.65
2026-05-24 01:00:00,23006025.63,,7054678.01
2026-05-24 02:00:00,22883682.90,,7251471.49
2026-05-24 03:00:00,22610261.30,,7355460.84
2026-05-24 04:00:00,22566853.14,,7268510.31
2026-05-24 05:00:00,22588599.66,,7231085.73
2026-05-24 06:00:00,22485751.07,,7158558.64
2026-05-24 07:00:00,22620379.84,,7239434.66
2026-05-24 08:00:00,22554002.62,,7170006.47
2026-05-24 09:00:00,22705627.95,,7180925.94
2026-05-24 10:00:00,22780875.78,,7174255.14
2026-05-24 11:00:00,22598358.48,,7070614.42
2026-05-24 12:00:00,22703076.90,,7091377.53
2026-05-24 13:00:00,22364876.75,,7000476.70
2026-05-24 14:00:00,22149830.52,,6952191.25
2026-05-24 15:00:00,21858031.83,,6962348.26
2026-05-24 16:00:00,21861760.55,,6951123.21
2026-05-24 17:00:00,21913129.92,,6981657.69
2026-05-24 18:00:00,21895544.96,,6965706.22
2026-05-24 19:00:00,21836359.09,,6947778.62
2026-05-24 20:00:00,21873191.17,,6955360.06
2026-05-24 21:00:00,21792003.15,,6939876.48
2026-05-24 22:00:00,21664908.04,,6922394.53
2026-05-24 23:00:00,21919064.76,,7006119.55
2026-05-25 00:00:00,22021746.77,,7027246.36
2026-05-25 01:00:00,21976427.23,,6999687.73
2026-05-25 02:00:00,21868026.67,,6946872.88
2026-05-25 03:00:00,21910033.64,,6971031.06
2026-05-25 04:00:00,21940023.91,,7019892.57
2026-05-25 05:00:00,22156185.47,,7058548.06
2026-05-25 06:00:00,22293310.33,,7060204.62
2026-05-25 07:00:00,23256071.24,,7121646.05
2026-05-25 08:00:00,24233578.22,,7217280.33
2026-05-25 09:00:00,24323445.89,,7162867.38
2026-05-25 10:00:00,24065985.89,,7086393.52
2026-05-25 11:00:00,24197446.25,,7071328.37
2026-05-25 12:00:00,23440029.25,,6993760.18
2026-05-25 13:00:00,23013077.83,,6970385.76
2026-05-25 14:00:00,22803646.86,,6942262.50
2026-05-25 15:00:00,22971348.22,,7007726.99
2026-05-25 16:00:00,22656578.69,,7084911.28
2026-05-25 17:00:00,22634240.58,,7020430.69
2026-05-25 18:00:00,22615162.61,,7019607.38
2026-05-25 19:00:00,22417332.95,,7002664.31
2026-05-25 20:00:00,22306778.12,,6947863.99
2026-05-25 21:00:00,22079072.60,,6946640.32
2026-05-25 22:00:00,21936622.29,,6924854.04
2026-05-25 23:00:00,21826894.27,,6911698.18
2026-05-26 00:00:00,21819986.17,,6935066.57
2026-05-26 01:00:00,21907202.92,,6842759.95
2026-05-26 02:00:00,21776375.84,,6819280.73
2026-05-26 03:00:00,21788418.11,,6796848.03
2026-05-26 04:00:00,21682798.50,,6808062.16
2026-05-26 05:00:00,21817851.80,,6827824.68
2026-05-26 06:00:00,21931890.68,,6848375.66
2026-05-26 07:00:00,21939348.26,,6861194.34
2026-05-26 08:00:00,21942418.89,,6790296.06
2026-05-26 09:00:00,22075138.76,,6787144.57
2026-05-26 10:00:00,22125855.03,,6769637.67
2026-05-26 11:00:00,22575029.34,,6856538.71
2026-05-26 12:00:00,22462529.99,,6766407.38
2026-05-26 13:00:00,22499177.47,,6803802.13
2026-05-26 14:00:00,22589009.55,,6809640.71
2026-05-26 15:00:00,22710505.74,,6810718.72
2026-05-26 16:00:00,22745084.95,,6953331.70
2026-05-26 17:00:00,22810504.06,,7015874.18
2026-05-26 18:00:00,22468530.96,,6993924.79
2026-05-26 19:00:00,22456904.41,,7021537.32
2026-05-26 20:00:00,22554070.91,,7070499.04
2026-05-26 21:00:00,22597360.85,,7114753.16
2026-05-26 22:00:00,22522102.89,,7029047.55
2026-05-26 23:00:00,22579710.20,,7054835.22
2026-05-27 00:00:00,22570764.08,,7125038.71
2026-05-27 01:00:00,22558046.94,,7161662.08
2026-05-27 02:00:00,22471242.04,,7161166.48
2026-05-27 03:00:00,22465976.05,,7105675.75
2026-05-27 04:00:00,22391535.63,,7094485.98
2026-05-27 05:00:00,22408602.96,,7113112.58
2026-05-27 06:00:00,22474545.26,,7164296.32
2026-05-27 07:00:00,22460601.13,,7146717.07
2026-05-27 08:00:00,22460213.42,,6997980.20
2026-05-27 09:00:00,22458026.62,,6966478.01
2026-05-27 10:00:00,22349316.73,,6955946.24
2026-05-27 11:00:00,22449636.34,,6971538.25
2026-05-27 12:00:00,22426837.29,,6988635.68
2026-05-27 13:00:00,23554301.28,,7111638.49
2026-05-27 14:00:00,23737623.61,,7271963.67
2026-05-27 15:00:00,28965931.85,,8618742.40
2026-05-27 16:00:00,30129165.88,,9138747.16
2026-05-27 17:00:00,31453725.74,,9142523.60
2026-05-27 18:00:00,30915340.38,,8700064.66
2026-05-27 19:00:00,32354204.41,,9021466.91
2026-05-27 20:00:00,32589526.90,,9012272.43
2026-05-27 21:00:00,33071412.46,,9148085.97
2026-05-27 22:00:00,30647011.37,,9309464.36
2026-05-27 23:00:00,30633095.94,,9550564.85
2026-05-28 00:00:00,31345247.84,,9461104.55
2026-05-28 01:00:00,35104525.14,,10384628.54
2026-05-28 02:00:00,37618110.81,,10781875.12
2026-05-28 03:00:00,39385533.05,,11610721.17
2026-05-28 04:00:00,37182514.34,,11054374.54
2026-05-28 05:00:00,38518112.66,,11229397.65
2026-05-28 06:00:00,38653629.48,,10992495.70
2026-05-28 07:00:00,39713905.69,,11121497.59
2026-05-28 08:00:00,38501664.08,,10883436.93
2026-05-28 09:00:00,39854925.52,,10933718.53
2026-05-28 10:00:00,41673756.92,,11288434.83
2026-05-28 11:00:00,44477076.64,,11553105.00
2026-05-28 12:00:00,46875834.47,,11998355.20
2026-05-28 13:00:00,53332167.94,,14080451.60
2026-05-28 14:00:00,56505052.60,,15866437.02
2026-05-28 15:00:00,56843980.11,,16544575.60
2026-05-28 16:00:00,59073686.53,,17034134.33
2026-05-28 17:00:00,60239106.83,,17496290.12
2026-05-28 18:00:00,63390456.03,,18345198.90
2026-05-28 19:00:00,62742502.94,,18143780.26
2026-05-28 20:00:00,61909320.46,,17269802.81
2026-05-28 21:00:00,63144279.55,,17450465.26
2026-05-28 22:00:00,64735584.42,,18046481.99
2026-05-28 23:00:00,65406263.59,,18420812.74
2026-05-29 00:00:00,64722162.09,,17862713.74
2026-05-29 01:00:00,61760698.49,,17589118.92
2026-05-29 02:00:00,62679500.80,,16816451.60
2026-05-29 03:00:00,62588315.98,,16966793.46
2026-05-29 04:00:00,67129809.73,,17987972.62
2026-05-29 05:00:00,62643242.43,,17288546.89
2026-05-29 06:00:00,64418462.12,,17768784.42
2026-05-29 07:00:00,62663890.81,,17285402.97
2026-05-29 08:00:00,62669826.35,,17119426.45
2026-05-29 09:00:00,69772621.20,,18780167.66
2026-05-29 10:00:00,64041048.29,,17778444.45
2026-05-29 11:00:00,63165530.09,,17845537.50
2026-05-29 12:00:00,59614899.61,,16989851.96
2026-05-29 13:00:00,60109441.95,,17070493.73
2026-05-29 14:00:00,59460739.79,,17137253.72
2026-05-29 15:00:00,59094504.75,,16960119.17
2026-05-29 16:00:00,61359811.78,,17367938.45
2026-05-29 17:00:00,59804915.87,,16558524.32
2026-05-29 18:00:00,62093209.08,,16779748.78
2026-05-29 19:00:00,64691746.38,,17463955.04
2026-05-29 20:00:00,71387930.11,,19190014.18
2026-05-29 21:00:00,71445893.82,,19106890.50
2026-05-29 22:00:00,70612642.68,,19177760.40
2026-05-29 23:00:00,76391321.90,,20788341.61
2026-05-30 00:00:00,78235227.84,,21553890.05
2026-05-30 01:00:00,80697381.03,,21743030.14
2026-05-30 02:00:00,81597242.25,,22515110.62
2026-05-30 03:00:00,86313176.93,,24525175.78
2026-05-30 04:00:00,89607892.85,,26803079.72
2026-05-30 05:00:00,81450306.79,,22994669.00
2026-05-30 06:00:00,74756350.99,,21939042.25
2026-05-30 07:00:00,72879806.16,,21825702.40
2026-05-30 08:00:00,72735931.83,,21041622.90
2026-05-30 09:00:00,74268100.27,,21216021.83
2026-05-30 10:00:00,76650360.75,,20594935.25
2026-05-30 11:00:00,76813629.27,,22496229.14
2026-05-30 12:00:00,77191592.60,,23137942.96
2026-05-30 13:00:00,72988599.16,,22531569.78
2026-05-30 14:00:00,74178601.82,,23228220.14
2026-05-30 15:00:00,73785308.42,,23390060.47
2026-05-30 16:00:00,74413018.72,,22811672.52
2026-05-30 17:00:00,71486396.09,,21788146.73
2026-05-30 18:00:00,72090732.45,,21906163.62
2026-05-30 19:00:00,71278533.02,,21167918.52
2026-05-30 20:00:00,70659982.42,,21012946.80
2026-05-30 21:00:00,68680255.11,,20662274.26
2026-05-30 22:00:00,69171479.94,,20503755.44
2026-05-30 23:00:00,68895090.52,,20983539.97
2026-05-31 00:00:00,71187347.27,,21357940.14
2026-05-31 01:00:00,72821116.60,,20541774.90
2026-05-31 02:00:00,75056204.52,,21163975.86
2026-05-31 03:00:00,77005348.92,,22895633.69
2026-05-31 04:00:00,77385007.05,,22583802.66
2026-05-31 05:00:00,76773024.74,,21823965.90
2026-05-31 06:00:00,77012242.87,,21699094.34
2026-05-31 07:00:00,72474548.44,,20966068.80
2026-05-31 08:00:00,71948087.52,,21032902.36
2026-05-31 09:00:00,74251277.02,,21495942.66
2026-05-31 10:00:00,77626241.80,,22847690.39
2026-05-31 11:00:00,76762112.32,,22917074.51
2026-05-31 12:00:00,81560031.85,,24721298.60
2026-05-31 13:00:00,78910974.72,,24159459.00
2026-05-31 14:00:00,78349636.96,,24874035.46
2026-05-31 15:00:00,76590727.92,,25211212.43
2026-05-31 16:00:00,73289820.10,,24614925.94
2026-05-31 17:00:00,74544937.05,,25101726.07
2026-05-31 18:00:00,75699856.00,,24894976.26
2026-05-31 19:00:00,76213231.23,,25132592.50
2026-05-31 20:00:00,73538863.96,,24319135.70
2026-05-31 21:00:00,75549482.34,,24600431.40
2026-05-31 22:00:00,77246117.04,,25297465.43
2026-05-31 23:00:00,80247567.80,,26070687.14
2026-06-01 00:00:00,79999351.81,,25754653.80
2026-06-01 01:00:00,80226586.24,,25761582.66
2026-06-01 02:00:00,83456813.52,,26435457.31
2026-06-01 03:00:00,87624035.15,,27751930.64
2026-06-01 04:00:00,86432971.77,,27454191.97
2026-06-01 05:00:00,84729966.14,,26958733.96
2026-06-01 06:00:00,83986274.23,,27178350.58
2026-06-01 07:00:00,87178371.99,,27515767.89
2026-06-01 08:00:00,81082152.29,,27164685.35
2026-06-01 09:00:00,79021693.85,,26263227.82
2026-06-01 10:00:00,79467263.17,,26335205.85
2026-06-01 11:00:00,84400936.75,,28097396.05
2026-06-01 12:00:00,82034454.18,,27918812.89
2026-06-01 13:00:00,85570554.52,,28415016.50
2026-06-01 14:00:00,82543778.31,,26822533.85
2026-06-01 15:00:00,77538016.65,,25840466.03
2026-06-01 16:00:00,77569521.17,,26182595.38
2026-06-01 17:00:00,81286189.85,,27304950.12
2026-06-01 18:00:00,81636347.53,,27188581.35
2026-06-01 19:00:00,79415572.42,,25937088.08
2026-06-01 20:00:00,77639089.66,,24949155.42
2026-06-01 21:00:00,77363009.67,,24966914.39
2026-06-01 22:00:00,75694437.91,,24190369.07
2026-06-01 23:00:00,78267458.98,,24658316.29
2026-06-02 00:00:00,76487042.80,,24293193.57
2026-06-02 01:00:00,75716428.88,,23219061.31
2026-06-02 02:00:00,75436778.37,,23194510.22
2026-06-02 03:00:00,76895073.00,,23673831.05
2026-06-02 04:00:00,76592135.74,,23171162.60
2026-06-02 05:00:00,75700789.50,,23285922.43
2026-06-02 06:00:00,76426575.03,,23134184.77
2026-06-02 07:00:00,76972684.11,,23592051.67
2026-06-02 08:00:00,76278649.92,,23096586.24
2026-06-02 09:00:00,75894296.53,,23218313.78
2026-06-02 10:00:00,74867465.32,,23016783.13
2026-06-02 11:00:00,76090988.38,,23323265.99
2026-06-02 12:00:00,74712142.31,,22868735.58
2026-06-02 13:00:00,75719951.38,,23048191.50
2026-06-02 14:00:00,76419774.08,,23416267.15
2026-06-02 15:00:00,73035980.96,,22589573.44
2026-06-02 16:00:00,71701933.23,,22279597.70
2026-06-02 17:00:00,71720803.04,,21232020.23
2026-06-02 18:00:00,71639712.86,,21205870.35
2026-06-02 19:00:00,71333715.08,,20885743.33
2026-06-02 20:00:00,72189037.70,,21316889.76
2026-06-02 21:00:00,72061815.03,,21390531.87
2026-06-02 22:00:00,71439851.81,,21035157.57
2026-06-02 23:00:00,70312904.37,,20686470.09
2026-06-03 00:00:00,71997638.48,,21349087.84
2026-06-03 01:00:00,72406376.63,,21763247.68
2026-06-03 02:00:00,71782013.32,,21485931.20
2026-06-03 03:00:00,71641209.57,,21229887.80
2026-06-03 04:00:00,71075997.11,,21089968.51
2026-06-03 05:00:00,70870388.47,,21114755.22
2026-06-03 06:00:00,72640188.92,,21371633.02
2026-06-03 07:00:00,72314593.80,,21331290.27
2026-06-03 08:00:00,73444899.37,,21878299.73
2026-06-03 09:00:00,72486258.68,,22099856.91
2026-06-03 10:00:00,69062466.40,,21523049.66
2026-06-03 11:00:00,69387438.12,,22016009.63
2026-06-03 12:00:00,69106651.25,,22276026.21
2026-06-03 13:00:00,70624872.43,,22488024.64
2026-06-03 14:00:00,68828064.34,,22290146.41
2026-06-03 15:00:00,67880613.71,,22270109.74
2026-06-03 16:00:00,65255276.25,,21481053.91
2026-06-03 17:00:00,65427624.81,,21608490.90
2026-06-03 18:00:00,64246639.18,,21136425.34
2026-06-03 19:00:00,63475153.54,,20921798.89
2026-06-03 20:00:00,61863951.98,,20327409.15
2026-06-03 21:00:00,62325792.55,,20050650.90
2026-06-03 22:00:00,63251937.89,,20142901.94
2026-06-03 23:00:00,62683445.92,,20004093.17
2026-06-04 00:00:00,61752550.17,,19678443.71
2026-06-04 01:00:00,62328232.52,,19644653.90
2026-06-04 02:00:00,62149852.97,,19648399.81
2026-06-04 03:00:00,64167582.09,,20275070.48
2026-06-04 04:00:00,62257514.08,,20127215.79
2026-06-04 05:00:00,61777865.34,,19968538.64
2026-06-04 06:00:00,62293724.17,,20125371.52
2026-06-04 07:00:00,62377314.47,,20002015.41
2026-06-04 08:00:00,61910547.43,,19865187.73
2026-06-04 09:00:00,61692537.08,,19781301.12
2026-06-04 10:00:00,62772728.42,,20359097.27
2026-06-04 11:00:00,61421909.04,,19915952.28
2026-06-04 12:00:00,62613938.86,,19704555.88
2026-06-04 13:00:00,65309274.35,,20493211.09
2026-06-04 14:00:00,63519597.59,,20239566.85
2026-06-04 15:00:00,62910710.42,,20067603.20
2026-06-04 16:00:00,61468879.18,,19647073.80
2026-06-04 17:00:00,60606854.68,,19817576.15
2026-06-04 18:00:00,60744988.09,,19597142.16
2026-06-04 19:00:00,61590949.25,,19860309.40
2026-06-04 20:00:00,61409889.99,,19986830.05
2026-06-04 21:00:00,60547233.30,,19497603.91
2026-06-04 22:00:00,57714624.65,,18715452.65
2026-06-04 23:00:00,58676884.89,,18971098.40
2026-06-05 00:00:00,58091164.86,,18699746.07
2026-06-05 01:00:00,57315326.85,,18452127.05
2026-06-05 02:00:00,57611001.74,,18673897.24
2026-06-05 03:00:00,56659364.45,,18348313.55
2026-06-05 04:00:00,57888903.51,,18464012.45
2026-06-05 05:00:00,58919742.29,,18263488.32
2026-06-05 06:00:00,58251907.82,,17887240.75
2026-06-05 07:00:00,54563755.52,,17496526.54
2026-06-05 08:00:00,53976660.18,,17540442.66
2026-06-05 09:00:00,52796294.45,,18715886.83
2026-06-05 10:00:00,54556250.66,,19431928.21
2026-06-05 11:00:00,53318320.72,,18921647.21
2026-06-05 12:00:00,52748289.91,,18774498.97
2026-06-05 13:00:00,51750847.06,,18689814.21
2026-06-05 14:00:00,50482716.32,,18507236.81
2026-06-05 15:00:00,51098764.38,,18712684.54
2026-06-05 16:00:00,51805691.28,,18595547.41
2026-06-05 17:00:00,54168643.89,,19059517.54
2026-06-05 18:00:00,55942105.02,,19720523.46
2026-06-05 19:00:00,52948320.89,,18723381.34
2026-06-05 20:00:00,53738032.50,,18495111.93
2026-06-05 21:00:00,56080452.14,,19503857.51
2026-06-05 22:00:00,56274428.59,,19790197.99
2026-06-05 23:00:00,55841030.00,,19752313.75
2026-06-06 00:00:00,55016417.52,,19379620.33
2026-06-06 01:00:00,54408570.39,,19905963.86
2026-06-06 02:00:00,53086655.61,,19072165.84
2026-06-06 03:00:00,52279999.24,,18422730.48
2026-06-06 04:00:00,50914675.94,,17537009.88
2026-06-06 05:00:00,49579438.23,,17464192.51
2026-06-06 06:00:00,50729692.97,,18061569.84
2026-06-06 07:00:00,51115630.37,,17894216.80
2026-06-06 08:00:00,53385091.47,,18950951.34
2026-06-06 09:00:00,53137352.44,,19192742.30
2026-06-06 10:00:00,51994188.67,,18572100.76
2026-06-06 11:00:00,51686163.47,,18160697.16
2026-06-06 12:00:00,51428721.84,,18400810.86
2026-06-06 13:00:00,52945097.55,,18940075.12
2026-06-06 14:00:00,52490625.45,,18479577.85
2026-06-06 15:00:00,52208681.60,,18670124.87
2026-06-06 16:00:00,54679486.33,,19909938.47
2026-06-06 17:00:00,53373429.19,,19836249.52
2026-06-06 18:00:00,52031851.20,,18902651.13
2026-06-06 19:00:00,51800987.20,,18663588.32
2026-06-06 20:00:00,51047475.08,,17940618.99
2026-06-06 21:00:00,51281229.07,,18096317.47
2026-06-06 22:00:00,51815495.96,,18189275.43
2026-06-06 23:00:00,52955228.10,,18476634.05
2026-06-07 00:00:00,52811163.20,,18419922.42
2026-06-07 01:00:00,52399682.25,,18131819.45
2026-06-07 02:00:00,54616926.43,,18563860.16
2026-06-07 03:00:00,54128718.01,,18365237.28
2026-06-07 04:00:00,53876724.38,,18277264.66
2026-06-07 05:00:00,53909682.01,,18159993.58
2026-06-07 06:00:00,54046087.12,,18038524.56
2026-06-07 07:00:00,53472079.97,,17707622.36
2026-06-07 08:00:00,53840793.55,,17650501.00
2026-06-07 09:00:00,53146644.53,,17167336.21
2026-06-07 10:00:00,53006858.85,,17014942.60
2026-06-07 11:00:00,53773157.83,,16991749.47
2026-06-07 12:00:00,54341506.04,,17124204.34
2026-06-07 13:00:00,53101136.31,,16683818.26
2026-06-07 14:00:00,53390713.21,,16747473.61
2026-06-07 15:00:00,53305449.97,,16894869.38
2026-06-07 16:00:00,53082059.53,,16764308.40
2026-06-07 17:00:00,54574845.69,,17335508.11
2026-06-07 18:00:00,54485459.37,,17014261.87
2026-06-07 19:00:00,54662105.98,,16796644.25
2026-06-07 20:00:00,52413641.12,,16244006.00
2026-06-07 21:00:00,53006153.39,,16261026.26
2026-06-07 22:00:00,53281941.11,,16223895.58
2026-06-07 23:00:00,53419386.58,,16411155.45
2026-06-08 00:00:00,53610969.55,,16469319.07
2026-06-08 01:00:00,53625383.14,,16352920.66
2026-06-08 02:00:00,53151201.25,,16194101.11
2026-06-08 03:00:00,53040638.78,,16124046.22
2026-06-08 04:00:00,52252905.08,,15938671.18
2026-06-08 05:00:00,51742660.24,,15548298.73
2026-06-08 06:00:00,51587705.79,,15439676.41
2026-06-08 07:00:00,52364506.89,,15626870.54
2026-06-08 08:00:00,53007313.69,,16139872.10
2026-06-08 09:00:00,53149992.63,,15921978.60
2026-06-08 10:00:00,52574586.48,,15733165.96
2026-06-08 11:00:00,52222113.29,,15564271.88
2026-06-08 12:00:00,52913110.78,,15790103.38
2026-06-08 13:00:00,53059531.96,,15909440.30
2026-06-08 14:00:00,52507578.46,,15900428.96
2026-06-08 15:00:00,52428532.26,,15325652.96
2026-06-08 16:00:00,51535522.20,,14931723.09
2026-06-08 17:00:00,51665069.26,,15028957.31
2026-06-08 18:00:00,51748908.20,,15009423.65
2026-06-08 19:00:00,51476346.63,,14978332.09
2026-06-08 20:00:00,52237278.13,,15046192.76
2026-06-08 21:00:00,53042076.99,,15395771.90
2026-06-08 22:00:00,53284305.92,,15475806.04
2026-06-08 23:00:00,53609559.98,,15597676.67
2026-06-09 00:00:00,52417756.34,,15278786.10
2026-06-09 01:00:00,50721517.95,,15085550.58
2026-06-09 02:00:00,50647667.39,,15186463.17
2026-06-09 03:00:00,50440691.65,,15192145.00
2026-06-09 04:00:00,50143822.88,,15061867.45
2026-06-09 05:00:00,51063095.27,,15501501.51
2026-06-09 06:00:00,51639565.31,,15633323.90
2026-06-09 07:00:00,51506437.55,,15558613.63
2026-06-09 08:00:00,51674134.31,,15524615.16
2026-06-09 09:00:00,51302450.12,,15386640.06
2026-06-09 10:00:00,51089419.11,,15003121.88
2026-06-09 11:00:00,51288757.63,,15144600.68
2026-06-09 12:00:00,51081542.49,,15075377.39
2026-06-09 13:00:00,51009015.66,,15178602.82
2026-06-09 14:00:00,51577196.82,,15328048.14
2026-06-09 15:00:00,49216060.32,,14950948.08
2026-06-09 16:00:00,48367464.32,,14704408.10
2026-06-09 17:00:00,47127546.51,,14601659.00
2026-06-09 18:00:00,47166392.81,,14665460.21
2026-06-09 19:00:00,47393354.27,,14804595.63
2026-06-09 20:00:00,47261572.12,,14770272.29
2026-06-09 21:00:00,46674009.13,,14897206.24
2026-06-09 22:00:00,46034135.87,,14498154.23
2026-06-09 23:00:00,45854743.75,,14404710.25
2026-06-10 00:00:00,45923833.09,,14515103.45
2026-06-10 01:00:00,45699983.37,,14386154.17
2026-06-10 02:00:00,45707389.73,,14446220.66
2026-06-10 03:00:00,45001575.86,,14108897.99
2026-06-10 04:00:00,45315505.40,,14129104.83
2026-06-10 05:00:00,45338867.68,,14010280.67
2026-06-10 06:00:00,45225747.18,,13838735.66
2026-06-10 07:00:00,45030342.33,,13805896.87
2026-06-10 08:00:00,44866578.54,,13678461.12
2026-06-10 09:00:00,44825788.37,,13344436.50
2026-06-10 10:00:00,45234552.67,,13509254.03
2026-06-10 11:00:00,45723990.72,,13589183.90
2026-06-10 12:00:00,45418614.88,,13400923.32
2026-06-10 13:00:00,46141693.72,,13610480.52
2026-06-10 14:00:00,45907667.44,,13558847.39
2026-06-10 15:00:00,46181342.51,,13545960.23
2026-06-10 16:00:00,46125066.99,,13688361.52
2026-06-10 17:00:00,45827583.90,,13604316.34
2026-06-10 18:00:00,45187752.76,,13507640.04
2026-06-10 19:00:00,45324857.85,,13429909.40
2026-06-10 20:00:00,45189526.91,,13359465.12
2026-06-10 21:00:00,45017606.50,,13256213.20
2026-06-10 22:00:00,44229596.96,,12928277.35
2026-06-10 23:00:00,44594556.75,,12935666.51
2026-06-11 00:00:00,44778132.68,,12963223.34
2026-06-11 01:00:00,45147972.10,,13024790.91
2026-06-11 02:00:00,45334731.79,,13142436.54
2026-06-11 03:00:00,45758255.20,,13297793.91
2026-06-11 04:00:00,46683114.05,,14363687.31
2026-06-11 05:00:00,46609117.72,,14227738.69
2026-06-11 06:00:00,46255352.26,,14023754.13
2026-06-11 07:00:00,46684145.28,,14034432.01
2026-06-11 08:00:00,47293590.84,,13991644.00
2026-06-11 09:00:00,46897960.53,,13966267.07
2026-06-11 10:00:00,46480939.25,,13766270.43
2026-06-11 11:00:00,46475492.58,,13814060.24
2026-06-11 12:00:00,46865560.09,,13824603.58
2026-06-11 13:00:00,45923953.17,,13749903.89
2026-06-11 14:00:00,45239267.17,,13206748.89
2026-06-11 15:00:00,45422014.52,,13178800.89
2026-06-11 16:00:00,44519054.04,,12789131.35
2026-06-11 17:00:00,44500682.12,,12954024.62
2026-06-11 18:00:00,45154665.47,,13240030.84
2026-06-11 19:00:00,45353408.53,,13339640.96
2026-06-11 20:00:00,45420718.06,,13437291.06
2026-06-11 21:00:00,45599725.71,,13322010.92
2026-06-11 22:00:00,45575810.03,,13213904.67
2026-06-11 23:00:00,45465748.43,,13175082.74
2026-06-12 00:00:00,45726635.75,,13318529.42
2026-06-12 01:00:00,45465561.98,,13235355.88
2026-06-12 02:00:00,44930361.90,,12942430.81
2026-06-12 03:00:00,46131195.17,,13351339.01
2026-06-12 04:00:00,45742123.30,,13128314.36
2026-06-12 05:00:00,45277119.77,,13014008.61
2026-06-12 06:00:00,44775359.55,,13074443.20
2026-06-12 07:00:00,44022912.88,,12894337.98
2026-06-12 08:00:00,44290894.66,,12961279.58
2026-06-12 09:00:00,45522479.30,,13189194.13
2026-06-12 10:00:00,45656699.92,,13327674.13
2026-06-12 11:00:00,45632737.34,,13244468.36
2026-06-12 12:00:00,45434411.88,,13157418.19
2026-06-12 13:00:00,44774330.97,,13110664.48
2026-06-12 14:00:00,43938565.15,,12717064.38
2026-06-12 15:00:00,44617121.69,,12753103.19
2026-06-12 16:00:00,43633404.63,,12366931.28
2026-06-12 17:00:00,44129401.24,,12514112.11
2026-06-12 18:00:00,43878261.69,,12524496.40
2026-06-12 19:00:00,43403874.96,,12416792.70
2026-06-12 20:00:00,43493359.96,,12387527.67
2026-06-12 21:00:00,43593126.37,,12480906.86
2026-06-12 22:00:00,43179204.36,,12272530.38
2026-06-12 23:00:00,43190160.52,,12296673.92
2026-06-13 00:00:00,43250145.99,,12365775.55
2026-06-13 01:00:00,42721607.90,,12340113.30
2026-06-13 02:00:00,42992911.45,,12422598.33
2026-06-13 03:00:00,41915943.43,,12236428.74
2026-06-13 04:00:00,42011351.54,,12168842.60
2026-06-13 05:00:00,42304972.49,,12182338.80
2026-06-13 06:00:00,42437609.85,,12238049.96
2026-06-13 07:00:00,42903403.51,,12365933.27
2026-06-13 08:00:00,43300241.35,,12766950.23
2026-06-13 09:00:00,43088354.02,,12735623.15
2026-06-13 10:00:00,43066059.75,,12771916.02
2026-06-13 11:00:00,43299850.59,,12666291.56
2026-06-13 12:00:00,43496669.94,,12759506.94
2026-06-13 13:00:00,43631582.46,,12725220.68
2026-06-13 14:00:00,43255932.73,,12730652.91
2026-06-13 15:00:00,43493269.93,,12742927.97
2026-06-13 16:00:00,44628371.05,,12872278.38
2026-06-13 17:00:00,43837671.59,,12894565.57
2026-06-13 18:00:00,43885227.38,,12834096.10
2026-06-13 19:00:00,43912211.68,,12804804.88
2026-06-13 20:00:00,43855853.73,,12768351.75
2026-06-13 21:00:00,43753137.33,,12806445.71
2026-06-13 22:00:00,43919594.36,,12768610.18
2026-06-13 23:00:00,43528043.65,,12742279.58
2026-06-14 00:00:00,43554931.51,,12980933.89
2026-06-14 01:00:00,43706206.83,,13054990.32
2026-06-14 02:00:00,43805499.21,,13264841.44
2026-06-14 03:00:00,43608785.84,,13184371.21
2026-06-14 04:00:00,43199679.55,,13099441.42
2026-06-14 05:00:00,43271405.01,,13030080.85
2026-06-14 06:00:00,43401918.63,,13019909.46
2026-06-14 07:00:00,43733790.06,,13069326.17
2026-06-14 08:00:00,43699519.00,,13008158.64
2026-06-14 09:00:00,44062208.16,,13010381.83
2026-06-14 10:00:00,43739845.18,,12918648.36
2026-06-14 11:00:00,43391794.83,,12756939.32
2026-06-14 12:00:00,43451975.31,,12761900.14
2026-06-14 13:00:00,42933826.73,,12726418.39
2026-06-14 14:00:00,43017286.44,,12861455.32
2026-06-14 15:00:00,42863264.70,,12786990.94
2026-06-14 16:00:00,43188664.56,,12881442.20
2026-06-14 17:00:00,43112324.58,,12976105.98
2026-06-14 18:00:00,42696106.13,,12916505.71
2026-06-14 19:00:00,42610215.09,,12985552.58
2026-06-14 20:00:00,42690316.83,,13001824.52
2026-06-14 21:00:00,42783504.26,,13075800.67
2026-06-14 22:00:00,43629212.13,,13316975.06
2026-06-14 23:00:00,44245690.64,,13149601.37
2026-06-15 00:00:00,45419442.09,,13456417.45
2026-06-15 01:00:00,45059006.25,,13267543.87
2026-06-15 02:00:00,45013562.84,,13102338.17
2026-06-15 03:00:00,45175947.89,,13170836.73
2026-06-15 04:00:00,45397846.70,,13228368.30
2026-06-15 05:00:00,44949439.42,,12975937.76
2026-06-15 06:00:00,45111151.16,,13339557.25
2026-06-15 07:00:00,45667701.23,,13365187.46
2026-06-15 08:00:00,45413795.89,,13316703.44
2026-06-15 09:00:00,45920397.29,,13518924.52
2026-06-15 10:00:00,46000168.26,,13501562.22
2026-06-15 11:00:00,46777064.85,,14115188.02
2026-06-15 12:00:00,49927966.22,,14567540.75
2026-06-15 13:00:00,51566719.84,,14177056.60
2026-06-15 14:00:00,53681473.84,,14311650.40
2026-06-15 15:00:00,53830746.22,,15095273.74
2026-06-15 16:00:00,58651271.27,,17099100.99
2026-06-15 17:00:00,56796246.06,,17022615.60
2026-06-15 18:00:00,57802633.57,,19031588.62
2026-06-15 19:00:00,55227199.68,,18247040.99
2026-06-15 20:00:00,55935652.11,,18436131.13
2026-06-15 21:00:00,56003521.18,,18637707.96
2026-06-15 22:00:00,55591073.43,,19115289.40
2026-06-15 23:00:00,54235952.71,,18812102.15
2026-06-16 00:00:00,54449845.22,,18580906.49
2026-06-16 01:00:00,53402080.24,,18811507.86
2026-06-16 02:00:00,52910194.59,,19071824.96
2026-06-16 03:00:00,52075921.24,,18650959.91
2026-06-16 04:00:00,53080209.93,,19472497.50
2026-06-16 05:00:00,52232022.66,,18878891.51
2026-06-16 06:00:00,53685488.45,,19150945.19
2026-06-16 07:00:00,54490415.26,,18789073.92
2026-06-16 08:00:00,53920300.82,,18590171.71
2026-06-16 09:00:00,55867177.26,,19237141.49
2026-06-16 10:00:00,56062211.37,,19449181.89
2026-06-16 11:00:00,58525479.84,,19417686.58
2026-06-16 12:00:00,57428291.98,,19229124.48
2026-06-16 13:00:00,59232427.54,,19990884.04
2026-06-16 14:00:00,58066388.13,,19505763.02
2026-06-16 15:00:00,54796294.33,,18480101.96
2026-06-16 16:00:00,54834006.40,,18282251.91
2026-06-16 17:00:00,53491425.71,,17450983.69
2026-06-16 18:00:00,54448648.47,,17550571.25
2026-06-16 19:00:00,55721940.93,,17784595.51
2026-06-16 20:00:00,54019049.46,,17314446.11
2026-06-16 21:00:00,54796025.33,,17441451.08
2026-06-16 22:00:00,53938278.48,,17413971.30
2026-06-16 23:00:00,53756015.67,,17357312.90
2026-06-17 00:00:00,52480005.95,,17036232.99
2026-06-17 01:00:00,53739372.51,,17540267.79
2026-06-17 02:00:00,55441574.18,,18173968.82
2026-06-17 03:00:00,57549333.54,,19102738.54
2026-06-17 04:00:00,56913937.27,,19272834.89
2026-06-17 05:00:00,56303882.43,,18863252.28
2026-06-17 06:00:00,56212162.42,,18831095.30
2026-06-17 07:00:00,55924915.48,,18859086.43
2026-06-17 08:00:00,55437739.40,,18580672.54
2026-06-17 09:00:00,52622202.86,,17849594.88
2026-06-17 10:00:00,53020388.01,,17765726.64
2026-06-17 11:00:00,53019335.77,,17660973.36
2026-06-17 12:00:00,54776936.51,,18224700.21
2026-06-17 13:00:00,56680021.51,,18772478.69
2026-06-17 14:00:00,56300584.39,,18599455.27
2026-06-17 15:00:00,55853142.23,,18504899.43
2026-06-17 16:00:00,58474762.13,,19173392.63
2026-06-17 17:00:00,57897009.77,,18618249.39
2026-06-17 18:00:00,57324842.68,,18418854.08
2026-06-17 19:00:00,56243606.17,,18080769.08
2026-06-17 20:00:00,54248629.78,,17450933.29
2026-06-17 21:00:00,55519464.79,,17916471.83
2026-06-17 22:00:00,55493038.63,,17722779.70
2026-06-17 23:00:00,57079871.09,,18251135.30
2026-06-18 00:00:00,56170130.82,,17943442.97
2026-06-18 01:00:00,57141709.70,,18336409.89
2026-06-18 02:00:00,62502942.61,,19754051.36
2026-06-18 03:00:00,59418895.21,,19519646.02
2026-06-18 04:00:00,56991856.29,,18841156.59
2026-06-18 05:00:00,56482278.45,,19064183.54
2026-06-18 06:00:00,54300270.10,,19196104.80
2026-06-18 07:00:00,54487061.02,,19670549.68
2026-06-18 08:00:00,55898197.76,,20023269.40
2026-06-18 09:00:00,56545752.43,,19742855.83
2026-06-18 10:00:00,57571691.92,,20136994.49
2026-06-18 11:00:00,56785951.23,,20275135.71
2026-06-18 12:00:00,55678228.32,,19886494.32
2026-06-18 13:00:00,59046397.27,,20586973.24
2026-06-18 14:00:00,59675608.31,,20820183.84
2026-06-18 15:00:00,62073298.86,,21879620.55
2026-06-18 16:00:00,60742681.11,,20434925.49
2026-06-18 17:00:00,61862151.91,,20988744.54
2026-06-18 18:00:00,58402441.64,,19671712.41
2026-06-18 19:00:00,58418926.57,,19973035.06
2026-06-18 20:00:00,59058502.48,,20318295.63
2026-06-18 21:00:00,59276905.55,,20230251.99
2026-06-18 22:00:00,57190836.58,,19789285.22
2026-06-18 23:00:00,57285368.16,,19899793.88
2026-06-19 00:00:00,57436558.87,,19835623.48
2026-06-19 01:00:00,56622839.40,,19276342.24
2026-06-19 02:00:00,56285336.23,,19185437.87
2026-06-19 03:00:00,56506523.35,,19255814.00
2026-06-19 04:00:00,53714432.96,,18744593.63
2026-06-19 05:00:00,52664742.02,,18700355.75
2026-06-19 06:00:00,52605861.40,,18526942.36
2026-06-19 07:00:00,52593091.21,,18703373.76
2026-06-19 08:00:00,52958977.44,,18268463.71
2026-06-19 09:00:00,53412499.10,,18299129.70
2026-06-19 10:00:00,53436434.04,,18265662.98
2026-06-19 11:00:00,53342604.44,,18152079.46
2026-06-19 12:00:00,53113657.34,,18019142.48
2026-06-19 13:00:00,53754736.17,,18397343.37
2026-06-19 14:00:00,54564864.28,,18298150.21
2026-06-19 15:00:00,53755313.39,,17837753.48
2026-06-19 16:00:00,54041358.03,,17763359.49
2026-06-19 17:00:00,53480837.85,,17471830.57
2026-06-19 18:00:00,53783878.99,,17613735.51
2026-06-19 19:00:00,53700397.55,,17555579.26
2026-06-19 20:00:00,52471687.63,,17371260.77
2026-06-19 21:00:00,52352550.70,,17293748.05
2026-06-19 22:00:00,51754189.86,,16913570.46
2026-06-19 23:00:00,51974429.66,,16796465.81
2026-06-20 00:00:00,51770691.65,,16672642.80
2026-06-20 01:00:00,51142377.29,,16567618.71
2026-06-20 02:00:00,49481767.27,,16344243.13
2026-06-20 03:00:00,49340990.99,,16411556.20
2026-06-20 04:00:00,49275434.32,,16433967.58
2026-06-20 05:00:00,50338411.08,,16565310.20
2026-06-20 06:00:00,51173613.80,,16759940.12
2026-06-20 07:00:00,50829673.42,,16619930.83
2026-06-20 08:00:00,50628285.56,,16768291.89
2026-06-20 09:00:00,50522636.27,,16681566.88
2026-06-20 10:00:00,51533421.75,,16834804.29
2026-06-20 11:00:00,51193672.92,,16829593.22
2026-06-20 12:00:00,50575254.91,,16691002.92
2026-06-20 13:00:00,50558591.80,,16675049.57
2026-06-20 14:00:00,50074542.15,,16560764.54
2026-06-20 15:00:00,50382991.51,,16769161.18
2026-06-20 16:00:00,50430327.51,,16804560.17
2026-06-20 17:00:00,50165587.40,,16569287.80
2026-06-20 18:00:00,49663472.72,,16362491.44
2026-06-20 19:00:00,49764153.25,,16353199.39
2026-06-20 20:00:00,49801546.83,,16226336.92
2026-06-20 21:00:00,49813372.79,,16133144.72
2026-06-20 22:00:00,50085173.10,,16052882.00
2026-06-20 23:00:00,50998275.83,,16408513.68
2026-06-21 00:00:00,50807648.87,,16344299.17
2026-06-21 01:00:00,50436838.77,,16248381.08
2026-06-21 02:00:00,50120468.44,,16108033.48
2026-06-21 03:00:00,50169798.87,,16066230.39
2026-06-21 04:00:00,50700994.94,,16115267.77
2026-06-21 05:00:00,51084792.55,,16189187.48
2026-06-21 06:00:00,50922154.62,,16010595.59
2026-06-21 07:00:00,51321022.62,,16000913.83
2026-06-21 08:00:00,51366194.80,,15970280.59
2026-06-21 09:00:00,50867968.88,,15895700.27
2026-06-21 10:00:00,50742168.69,,15863407.01
2026-06-21 11:00:00,50548407.02,,15866783.68
2026-06-21 12:00:00,50261850.96,,15725114.40
2026-06-21 13:00:00,50867232.87,,15938923.89
2026-06-21 14:00:00,52612779.12,,16142816.50
2026-06-21 15:00:00,52614675.81,,16268289.04
2026-06-21 16:00:00,52555473.97,,16144499.71
2026-06-21 17:00:00,52108027.36,,15821496.07
2026-06-21 18:00:00,51954011.64,,15714998.73
2026-06-21 19:00:00,51945816.70,,15716972.33
2026-06-21 20:00:00,52387656.27,,15978370.67
2026-06-21 21:00:00,51984336.38,,15755163.87
2026-06-21 22:00:00,50813401.26,,15610394.51
2026-06-21 23:00:00,50640759.84,,15505309.57
2026-06-22 00:00:00,50223089.79,,15400024.67
2026-06-22 01:00:00,50908619.81,,15812830.83
2026-06-22 02:00:00,52206718.70,,16130266.41
2026-06-22 03:00:00,51662451.97,,15868128.29
2026-06-22 04:00:00,51242209.37,,15655621.57
2026-06-22 05:00:00,51616182.66,,15843480.16
2026-06-22 06:00:00,51808951.26,,15873302.50
2026-06-22 07:00:00,51640474.50,,15731724.93
2026-06-22 08:00:00,51861985.66,,15845529.49
2026-06-22 09:00:00,51491444.36,,15734521.29
2026-06-22 10:00:00,51506351.76,,15672317.24
2026-06-22 11:00:00,51413280.27,,15638658.39
2026-06-22 12:00:00,52581369.29,,15866994.47
2026-06-22 13:00:00,52937543.47,,16003053.58
2026-06-22 14:00:00,53653306.96,,16150239.38
2026-06-22 15:00:00,52474574.97,,15705979.94
2026-06-22 16:00:00,52533473.48,,15678076.90
2026-06-22 17:00:00,51751257.73,,14945168.90
2026-06-22 18:00:00,51836950.62,,14907713.48
2026-06-22 19:00:00,49506385.64,,14825023.16
2026-06-22 20:00:00,49111749.74,,14970344.20
2026-06-22 21:00:00,49024345.35,,14888696.68
2026-06-22 22:00:00,48928354.54,,14685553.37
2026-06-22 23:00:00,48487213.62,,14638115.21
2026-06-23 00:00:00,48350133.56,,14597637.39
2026-06-23 01:00:00,48005169.11,,14423403.32
2026-06-23 02:00:00,48404262.20,,14483305.01
2026-06-23 03:00:00,48855382.89,,14485589.45
2026-06-23 04:00:00,49173684.12,,14670532.11
2026-06-23 05:00:00,48893677.97,,14661956.24
2026-06-23 06:00:00,49091170.43,,14767097.72
2026-06-23 07:00:00,49472728.05,,14994355.38
2026-06-23 08:00:00,49809891.58,,15042626.79
2026-06-23 09:00:00,49329755.88,,14839969.31
2026-06-23 10:00:00,49713903.78,,15007648.89
2026-06-23 11:00:00,48833912.28,,15013341.09
2026-06-23 12:00:00,49722886.46,,15036013.67
2026-06-23 13:00:00,49325149.21,,14679905.98
2026-06-23 14:00:00,49557387.87,,14568871.71
2026-06-23 15:00:00,49080374.37,,14392321.13
2026-06-23 16:00:00,49057242.59,,14188355.04
2026-06-23 17:00:00,49320278.88,,14156614.31
2026-06-23 18:00:00,48967288.05,,14025205.29
2026-06-23 19:00:00,49635932.84,,13988791.91
2026-06-23 20:00:00,49776524.19,,13867370.26
2026-06-23 21:00:00,49866226.58,,13803827.26
2026-06-23 22:00:00,49815970.64,,13743121.90
2026-06-23 23:00:00,49624137.89,,13735163.63
2026-06-24 00:00:00,49633476.45,,13707753.03
2026-06-24 01:00:00,50395637.92,,13879542.00
2026-06-24 02:00:00,49639290.33,,13724634.10
2026-06-24 03:00:00,48400666.05,,13475487.41
2026-06-24 04:00:00,48439503.70,,13357101.81
2026-06-24 05:00:00,48425593.93,,13288953.97
2026-06-24 06:00:00,48474277.65,,13443740.44
2026-06-24 07:00:00,48533928.69,,13415259.82
2026-06-24 08:00:00,48044791.94,,13424078.07
2026-06-24 09:00:00,48123555.59,,13464409.24
2026-06-24 10:00:00,48282441.57,,13406736.58
2026-06-24 11:00:00,47673040.47,,13259256.87
2026-06-24 12:00:00,47968657.05,,13393558.38
2026-06-24 13:00:00,47394742.21,,13304287.09
2026-06-24 14:00:00,46717745.08,,13159279.05
2026-06-24 15:00:00,47138791.52,,13266418.12
2026-06-24 16:00:00,46720859.91,,13228170.85
2026-06-24 17:00:00,46214580.89,,13229713.88
2026-06-24 18:00:00,45744296.70,,13166660.38
2026-06-24 19:00:00,45976451.41,,13391172.16
2026-06-24 20:00:00,46063894.91,,13392992.08
2026-06-24 21:00:00,46614077.00,,13500523.44
2026-06-24 22:00:00,46522218.11,,13394076.55
2026-06-24 23:00:00,46203981.22,,13181046.77
2026-06-25 00:00:00,46188745.23,,13137910.33
2026-06-25 01:00:00,46350936.04,,13290963.62
2026-06-25 02:00:00,45852631.31,,13300945.18
2026-06-25 03:00:00,45413667.73,,13190254.24
2026-06-25 04:00:00,45295186.79,,13163070.64
2026-06-25 05:00:00,45734801.49,,13246005.46
2026-06-25 06:00:00,45570730.93,,13277079.58
2026-06-25 07:00:00,46285697.20,,13292553.54
2026-06-25 08:00:00,46002251.11,,13218326.51
2026-06-25 09:00:00,45894630.28,,13159652.80
2026-06-25 10:00:00,45637763.09,,13112171.39
2026-06-25 11:00:00,45315965.94,,13135011.52
2026-06-25 12:00:00,45260544.04,,13174958.71
2026-06-25 13:00:00,45436206.67,,13235309.19
2026-06-25 14:00:00,42239888.18,,12177803.58
2026-06-25 15:00:00,42601917.67,,12265834.94
2026-06-25 16:00:00,42667086.96,,12444219.33
2026-06-25 17:00:00,42203533.34,,12322931.54
2026-06-25 18:00:00,42736743.29,,12471743.78
2026-06-25 19:00:00,42230194.86,,12305223.02
2026-06-25 20:00:00,42162718.13,,12268588.27
2026-06-25 21:00:00,42116007.31,,12258832.68
2026-06-25 22:00:00,42910622.66,,12258238.00
2026-06-25 23:00:00,42914729.18,,12180435.39
2026-06-26 00:00:00,43402173.72,,12205072.39
2026-06-26 01:00:00,43045758.23,,12041794.50
2026-06-26 02:00:00,42590511.52,,12105203.22
2026-06-26 03:00:00,42335643.64,,11957928.65
2026-06-26 04:00:00,43466732.44,,12303600.40
2026-06-26 05:00:00,42708383.28,,12200240.70
2026-06-26 06:00:00,42976544.71,,12255059.84
2026-06-26 07:00:00,43427414.94,,12345338.39
2026-06-26 08:00:00,43160387.65,,12368486.63
2026-06-26 09:00:00,43010566.66,,12274756.25
2026-06-26 10:00:00,42558264.02,,12201577.53
2026-06-26 11:00:00,42497006.77,,12072297.82
2026-06-26 12:00:00,42270052.73,,12033014.97
2026-06-26 13:00:00,42040267.44,,11999996.64
2026-06-26 14:00:00,42742081.95,,12224951.96
2026-06-26 15:00:00,45182448.56,,12372744.79
2026-06-26 16:00:00,45941694.76,,12426760.09
2026-06-26 17:00:00,46059269.62,,12392817.04
2026-06-26 18:00:00,45819178.62,,12332781.37
2026-06-26 19:00:00,45738342.62,,12173383.49
2026-06-26 20:00:00,46481688.11,,12250610.50
2026-06-26 21:00:00,46225596.09,,12106627.83
2026-06-26 22:00:00,46530539.47,,12029454.74
2026-06-26 23:00:00,46389951.48,,11990046.38
2026-06-27 00:00:00,46490667.07,,11936001.64
2026-06-27 01:00:00,45841320.28,,11564606.36
2026-06-27 02:00:00,45371187.42,,11299498.71
2026-06-27 03:00:00,45063353.77,,11259465.29
2026-06-27 04:00:00,45003413.22,,11311714.44
2026-06-27 05:00:00,45285605.12,,11432295.23
2026-06-27 06:00:00,45203220.78,,11335636.82
2026-06-27 07:00:00,45177394.31,,11309870.02
2026-06-27 08:00:00,45357250.71,,11263014.36
2026-06-27 09:00:00,45100537.33,,11092572.04
2026-06-27 10:00:00,44937085.86,,11042393.43
2026-06-27 11:00:00,45464983.97,,11285548.12
2026-06-27 12:00:00,45416722.21,,11322382.31
2026-06-27 13:00:00,45311995.49,,11442389.62
2026-06-27 14:00:00,45816641.48,,11495938.66
2026-06-27 15:00:00,45798827.53,,11440575.41
2026-06-27 16:00:00,46278104.58,,11493078.84
2026-06-27 17:00:00,46016014.64,,11354519.93
2026-06-27 18:00:00,44672313.29,,11052887.49
2026-06-27 19:00:00,44109378.88,,11036268.25
2026-06-27 20:00:00,43723378.35,,10917245.23
2026-06-27 21:00:00,43811459.52,,10893880.29
2026-06-27 22:00:00,43381288.24,,10756170.41
2026-06-27 23:00:00,43605241.61,,10753012.95
2026-06-28 00:00:00,43390058.06,,10792676.74
2026-06-28 01:00:00,43705749.31,,10859092.01
2026-06-28 02:00:00,43640627.80,,10787925.98
2026-06-28 03:00:00,43301221.63,,10705240.59
2026-06-28 04:00:00,43350556.63,,10725107.87
2026-06-28 05:00:00,43223460.45,,10663254.20
2026-06-28 06:00:00,42871451.43,,10634143.82
2026-06-28 07:00:00,42543405.45,,10646438.89
2026-06-28 08:00:00,42654909.89,,10811235.25
2026-06-28 09:00:00,42832030.35,,10869897.23
2026-06-28 10:00:00,42576222.95,,10784440.50
2026-06-28 11:00:00,42590891.28,,10785430.37
2026-06-28 12:00:00,42829879.45,,10862948.16
2026-06-28 13:00:00,42641317.66,,10764171.50
2026-06-28 14:00:00,42485025.92,,10681233.16
2026-06-28 15:00:00,42500773.83,,10676422.52
2026-06-28 16:00:00,42233847.49,,10639032.81
2026-06-28 17:00:00,42228143.29,,10609594.33
2026-06-28 18:00:00,41791097.52,,10569099.14
2026-06-28 19:00:00,41759703.56,,10557112.02
2026-06-28 20:00:00,41617309.45,,10462088.69
2026-06-28 21:00:00,42011264.79,,10546855.59
2026-06-28 22:00:00,41380716.28,,10334198.55
2026-06-28 23:00:00,41690220.11,,10417997.70
2026-06-29 00:00:00,42178179.83,,10501655.06
2026-06-29 01:00:00,42786593.63,,10747996.47
2026-06-29 02:00:00,42595432.89,,10679600.21
2026-06-29 03:00:00,43032104.30,,10762816.08
2026-06-29 04:00:00,42860924.86,,10756938.18
2026-06-29 05:00:00,42363343.57,,10585073.82
2026-06-29 06:00:00,42764164.30,,10660502.67
2026-06-29 07:00:00,43058974.10,,10677505.59
2026-06-29 08:00:00,42893863.67,,10654048.00
2026-06-29 09:00:00,42632399.97,,10484267.80
2026-06-29 10:00:00,42865233.21,,10555961.65
2026-06-29 11:00:00,42865487.92,,10556539.36
2026-06-29 12:00:00,42830341.79,,10559292.47
2026-06-29 13:00:00,42919520.09,,10563881.70
2026-06-29 14:00:00,42954559.50,,10574292.13
2026-06-29 15:00:00,42832594.29,,10600129.54
2026-06-29 16:00:00,42944320.68,,10559629.40
2026-06-29 17:00:00,43014223.52,,10537729.69
2026-06-29 18:00:00,43457232.91,,10667277.24
2026-06-29 19:00:00,43655498.02,,10653230.81
2026-06-29 20:00:00,43452060.18,,10617651.79
2026-06-29 21:00:00,42460708.71,,10597263.10
2026-06-29 22:00:00,42467232.15,,10583944.28
2026-06-29 23:00:00,42078258.07,,10505786.35
2026-06-30 00:00:00,42022299.35,,10398451.09
2026-06-30 01:00:00,42007605.70,,10480851.64
2026-06-30 02:00:00,43429245.90,,11129985.16
2026-06-30 03:00:00,44265046.82,,11403605.40
2026-06-30 04:00:00,44610870.06,,11606658.78
2026-06-30 05:00:00,45950985.77,,12087645.36
2026-06-30 06:00:00,45638935.97,,11856779.86
2026-06-30 07:00:00,45411764.00,,11835500.77
2026-06-30 08:00:00,45280059.88,,11869322.85
2026-06-30 09:00:00,44872371.05,,11627097.23
2026-06-30 10:00:00,44879258.68,,11531362.52
2026-06-30 11:00:00,44956225.73,,11412190.69
2026-06-30 12:00:00,44134521.76,,11191744.79
2026-06-30 13:00:00,42561777.86,,10965269.61
2026-06-30 14:00:00,42791804.22,,11154922.60
2026-06-30 15:00:00,43432546.87,,11274687.56
2026-06-30 16:00:00,44019378.63,,11445076.17
2026-06-30 17:00:00,44640569.12,,11482632.25
2026-06-30 18:00:00,44890341.46,,11396706.43
2026-06-30 19:00:00,46446137.40,,11616065.98
2026-06-30 20:00:00,45847217.98,,11556939.40
2026-06-30 21:00:00,44954726.69,,11309573.48
2026-06-30 22:00:00,44973033.25,,11271405.54
2026-06-30 23:00:00,45146592.76,,11314360.70
2026-07-01 00:00:00,46502756.73,,11909622.83
2026-07-01 01:00:00,47756332.47,,12565141.02
2026-07-01 02:00:00,48497782.52,,12944620.25
2026-07-01 03:00:00,51187663.78,,14042969.64
2026-07-01 04:00:00,50395405.61,,13942851.24
2026-07-01 05:00:00,49664769.90,,13315410.52
2026-07-01 06:00:00,48751947.39,,13065918.63
2026-07-01 07:00:00,48545126.06,,13133008.45
2026-07-01 08:00:00,48411399.56,,13214190.08
2026-07-01 09:00:00,49132117.61,,13526114.92
2026-07-01 10:00:00,47762533.14,,13082298.27
2026-07-01 11:00:00,48205613.36,,12721687.83
2026-07-01 12:00:00,47698735.10,,12643140.79
2026-07-01 13:00:00,46472701.90,,12469105.61
2026-07-01 14:00:00,46225869.64,,12588128.94
2026-07-01 15:00:00,46256378.07,,12813394.53
2026-07-01 16:00:00,46975325.53,,12987520.15
2026-07-01 17:00:00,46113631.47,,12719224.34
2026-07-01 18:00:00,46060159.36,,12845504.35
2026-07-01 19:00:00,45824748.43,,12690313.32
2026-07-01 20:00:00,46678644.14,,12845727.57
2026-07-01 21:00:00,45247060.85,,12530828.96
2026-07-01 22:00:00,45343059.80,,12595783.47
2026-07-01 23:00:00,44507003.79,,12378677.70
2026-07-02 00:00:00,43706846.79,,12307255.13
2026-07-02 01:00:00,42648573.78,,11961517.28
2026-07-02 02:00:00,43061743.31,,12241541.72
2026-07-02 03:00:00,44541458.97,,12735147.23
2026-07-02 04:00:00,44766885.09,,12643720.47
2026-07-02 05:00:00,44412550.78,,12459471.94
2026-07-02 06:00:00,43691442.62,,12140132.14
2026-07-02 07:00:00,43093508.92,,11936817.30
2026-07-02 08:00:00,43821130.02,,12468178.64
2026-07-02 09:00:00,44330572.73,,12539150.63
2026-07-02 10:00:00,44707393.81,,12575049.80
2026-07-02 11:00:00,44567798.16,,12256900.58
2026-07-02 12:00:00,45542351.40,,12349139.00
2026-07-02 13:00:00,45516906.24,,12196835.10
2026-07-02 14:00:00,46489196.69,,12946031.33
2026-07-02 15:00:00,46163860.35,,12099222.93
2026-07-02 16:00:00,45649600.97,,11863426.69
2026-07-02 17:00:00,45906878.50,,11904928.96
2026-07-02 18:00:00,45415110.20,,11856863.80
2026-07-02 19:00:00,44963799.70,,11823526.91
2026-07-02 20:00:00,43778223.70,,11551657.98
2026-07-02 21:00:00,43898487.40,,11515436.20
2026-07-02 22:00:00,43577429.00,,11403340.42
2026-07-02 23:00:00,43802696.34,,11466204.08
2026-07-03 00:00:00,44494738.93,,11758073.94
2026-07-03 01:00:00,44259871.10,,11672552.40
2026-07-03 02:00:00,44904639.14,,11801547.60
2026-07-03 03:00:00,44906958.48,,11682054.68
2026-07-03 04:00:00,44939766.21,,11653532.65
2026-07-03 05:00:00,45211421.91,,11696775.12
2026-07-03 06:00:00,45760750.79,,11789226.42
2026-07-03 07:00:00,45660460.87,,11726255.53
2026-07-03 08:00:00,45418216.86,,11805955.14
2026-07-03 09:00:00,45416077.38,,11770765.90
2026-07-03 10:00:00,45747415.71,,12026624.94
2026-07-03 11:00:00,45671692.40,,11895784.04
2026-07-03 12:00:00,45986484.77,,11861453.72
2026-07-03 13:00:00,45920479.64,,12051590.46
2026-07-03 14:00:00,47211385.83,,11990128.72
2026-07-03 15:00:00,46120099.71,,11692623.88
2026-07-03 16:00:00,45628442.98,,11652171.08
2026-07-03 17:00:00,45605320.21,,11711544.48
2026-07-03 18:00:00,45882580.36,,11769793.84
2026-07-03 19:00:00,45830464.32,,11781060.98
2026-07-03 20:00:00,45677800.45,,11736286.19
2026-07-03 21:00:00,46273874.72,,11838331.17
2026-07-03 22:00:00,46115079.89,,11823469.21
2026-07-03 23:00:00,45963345.89,,11788582.90
2026-07-04 00:00:00,45747594.22,,11649658.35
2026-07-04 01:00:00,45742957.68,,11540107.26
2026-07-04 02:00:00,45942552.52,,11631678.32
2026-07-04 03:00:00,46531265.69,,12238344.77
2026-07-04 04:00:00,45949768.71,,12221278.59
2026-07-04 05:00:00,46349495.71,,12326662.58
2026-07-04 06:00:00,46383803.21,,12294795.88
2026-07-04 07:00:00,46670167.54,,12432595.91
2026-07-04 08:00:00,46352196.78,,12300319.77
2026-07-04 09:00:00,46399780.18,,12298323.82
2026-07-04 10:00:00,45946602.29,,12232576.66
2026-07-04 11:00:00,46210999.02,,12322725.38
2026-07-04 12:00:00,45963170.84,,12302789.41
2026-07-04 13:00:00,45383947.34,,12210160.92
2026-07-04 14:00:00,45119747.53,,12255386.36
2026-07-04 15:00:00,45584054.90,,12424641.19
2026-07-04 16:00:00,46958095.96,,12407393.20
2026-07-04 17:00:00,46970141.31,,12119383.28
2026-07-04 18:00:00,47252461.21,,12225767.92
2026-07-04 19:00:00,46186600.61,,12054560.40
2026-07-04 20:00:00,45905610.54,,12052913.50
2026-07-04 21:00:00,45804175.91,,11993682.69
2026-07-04 22:00:00,45781436.51,,12029333.09
2026-07-04 23:00:00,45081200.44,,11899598.51
2026-07-05 00:00:00,44860374.73,,11857570.87
2026-07-05 01:00:00,44284300.49,,11755601.48
2026-07-05 02:00:00,43981155.05,,11625565.81
2026-07-05 03:00:00,43204155.16,,11529833.34
2026-07-05 04:00:00,42945652.27,,11548933.28
2026-07-05 05:00:00,43210534.35,,11714857.01
2026-07-05 06:00:00,42933163.44,,11632159.20
2026-07-05 07:00:00,42372007.08,,11251510.35
2026-07-05 08:00:00,42442369.68,,11343267.99
2026-07-05 09:00:00,42526045.29,,11467675.20
2026-07-05 10:00:00,42111193.01,,11364922.89
2026-07-05 11:00:00,42605353.96,,11432998.37
2026-07-05 12:00:00,42649433.66,,11464843.40
2026-07-05 13:00:00,42934988.39,,11548213.84
2026-07-05 14:00:00,43346509.79,,11643724.92
2026-07-05 15:00:00,43505087.61,,11707129.76
2026-07-05 16:00:00,43245022.52,,11601849.20
2026-07-05 17:00:00,43215133.34,,11529119.34
2026-07-05 18:00:00,43028104.89,,11497583.62
2026-07-05 19:00:00,43285403.96,,11590449.94
2026-07-05 20:00:00,43572560.94,,11636259.25
2026-07-05 21:00:00,43691977.11,,11655578.03
2026-07-05 22:00:00,43686875.01,,11639245.20
2026-07-05 23:00:00,44314037.56,,11924303.62
2026-07-06 00:00:00,43591085.68,,11932545.66
2026-07-06 01:00:00,43275611.30,,11637737.90
2026-07-06 02:00:00,42944273.70,,11576258.35
2026-07-06 03:00:00,42576392.46,,11532177.59
2026-07-06 04:00:00,42192700.84,,11489884.18
2026-07-06 05:00:00,42287796.12,,11498291.97
2026-07-06 06:00:00,42445224.13,,11443278.05
2026-07-06 07:00:00,42267903.63,,11428243.35
2026-07-06 08:00:00,42559589.83,,11516321.93
2026-07-06 09:00:00,43825877.92,,11729490.41
2026-07-06 10:00:00,44320083.75,,11872366.24
2026-07-06 11:00:00,44741210.88,,11991217.00
2026-07-06 12:00:00,43947982.33,,11848286.33
2026-07-06 13:00:00,42252193.88,,11511564.22
2026-07-06 14:00:00,42522690.39,,11431124.09
2026-07-06 15:00:00,42622818.42,,11358527.60
2026-07-06 16:00:00,42964605.86,,12063423.18
2026-07-06 17:00:00,43015197.51,,12098133.95
2026-07-06 18:00:00,42581568.88,,11981145.97
2026-07-06 19:00:00,42411163.81,,11494242.15
2026-07-06 20:00:00,42881487.51,,11607570.61
2026-07-06 21:00:00,42855585.94,,11491005.83
2026-07-06 22:00:00,43057371.93,,11577600.15
2026-07-06 23:00:00,42801441.90,,11426181.01
2026-07-07 00:00:00,42302738.40,,11373064.93
2026-07-07 01:00:00,42518447.64,,11247283.14
2026-07-07 02:00:00,42183753.76,,11276312.18
2026-07-07 03:00:00,41834338.77,,11136106.13
2026-07-07 04:00:00,42063893.14,,11154426.64
2026-07-07 05:00:00,42019361.31,,11196959.53
2026-07-07 06:00:00,42301742.36,,11266349.00
2026-07-07 07:00:00,42457546.63,,11371268.21
2026-07-07 08:00:00,42281495.56,,11365341.66
2026-07-07 09:00:00,42035558.70,,11258487.91
2026-07-07 10:00:00,41920150.12,,11216546.70
2026-07-07 11:00:00,41774423.00,,11208764.01
2026-07-07 12:00:00,41858947.26,,11156673.48
2026-07-07 13:00:00,41955317.92,,11713720.28
2026-07-07 14:00:00,41833648.31,,11620894.78
2026-07-07 15:00:00,41771603.24,,10999064.41
2026-07-07 16:00:00,41942689.46,,11045546.44
2026-07-07 17:00:00,42106959.24,,11023840.99
2026-07-07 18:00:00,42456397.61,,11047083.62
2026-07-07 19:00:00,41518950.13,,10933649.02
2026-07-07 20:00:00,41167921.16,,10793949.73
2026-07-07 21:00:00,40871467.57,,10647314.39
2026-07-07 22:00:00,40315700.13,,10330004.10
2026-07-07 23:00:00,40551032.75,,10362798.94
2026-07-08 00:00:00,40436147.32,,10313095.10
2026-07-08 01:00:00,40592508.33,,10303466.66
2026-07-08 02:00:00,40072393.78,,10269922.92
2026-07-08 03:00:00,39691560.37,,10252423.56
2026-07-08 04:00:00,39562199.72,,10247137.40
2026-07-08 05:00:00,39726918.16,,10292085.08
2026-07-08 06:00:00,39681026.37,,10271749.71
2026-07-08 07:00:00,39687560.21,,10249407.06
2026-07-08 08:00:00,39700030.60,,10222120.79
2026-07-08 09:00:00,38856931.80,,10065677.96
2026-07-08 10:00:00,38800107.54,,10484652.85
2026-07-08 11:00:00,39071782.49,,10512208.22
2026-07-08 12:00:00,39231957.45,,10095034.14
2026-07-08 13:00:00,38947531.63,,9947853.61
2026-07-08 14:00:00,39211938.03,,10013203.21
2026-07-08 15:00:00,39208289.14,,9977819.63
2026-07-08 16:00:00,38893451.28,,10015197.30
2026-07-08 17:00:00,39366350.24,,10176222.74
2026-07-08 18:00:00,39032141.28,,10051498.46
2026-07-08 19:00:00,39138018.44,,10059534.85
2026-07-08 20:00:00,39220077.69,,10034565.87
2026-07-08 21:00:00,39023061.94,,9942595.32
2026-07-08 22:00:00,39082676.84,,9915095.31
2026-07-08 23:00:00,39071703.07,,9860317.93
2026-07-09 00:00:00,39183040.33,,9957764.78
2026-07-09 01:00:00,39297565.61,,9960974.43
2026-07-09 02:00:00,39091498.51,,9841890.75
2026-07-09 03:00:00,39238021.95,,9964893.57
2026-07-09 04:00:00,39368661.13,,10079735.51
2026-07-09 05:00:00,40257804.61,,10114045.96
2026-07-09 06:00:00,40179627.05,,10094112.21
2026-07-09 07:00:00,40486840.50,,10177893.93
2026-07-09 08:00:00,40591512.38,,10175692.08
2026-07-09 09:00:00,40785255.32,,10166099.96
2026-07-09 10:00:00,40560411.94,,10188396.50
2026-07-09 11:00:00,40235875.91,,10202915.48
2026-07-09 12:00:00,40118553.65,,10246932.18
2026-07-09 13:00:00,40058443.64,,10167929.25
2026-07-09 14:00:00,40870674.13,,10239571.73
2026-07-09 15:00:00,40781521.90,,10168356.23
2026-07-09 16:00:00,40643842.52,,10165501.49
2026-07-09 17:00:00,40639204.52,,10157730.35
2026-07-09 18:00:00,40994093.19,,10258989.25
2026-07-09 19:00:00,41788398.30,,10475548.25
2026-07-09 20:00:00,41866976.91,,10715444.41
2026-07-09 21:00:00,41710652.52,,10688876.86
2026-07-09 22:00:00,41640260.73,,10597119.29
2026-07-09 23:00:00,41974726.47,,10642936.19
2026-07-10 00:00:00,41836368.63,,10599624.32
2026-07-10 01:00:00,41958545.41,,10599397.72
2026-07-10 02:00:00,42850975.98,,10717971.09
2026-07-10 03:00:00,42414900.48,,10785304.72
2026-07-10 04:00:00,42644447.90,,11217672.44
2026-07-10 05:00:00,42278060.82,,11143298.17
2026-07-10 06:00:00,42451595.11,,11178337.35
2026-07-10 07:00:00,42298111.28,,11222695.44
2026-07-10 08:00:00,42118872.33,,11486431.88
2026-07-10 09:00:00,42995002.77,,11642310.75
2026-07-10 10:00:00,42942415.98,,11579464.51
2026-07-10 11:00:00,42879926.61,,11548846.56
2026-07-10 12:00:00,42707204.40,,11515563.73
2026-07-10 13:00:00,42053009.27,,11453372.03
2026-07-10 14:00:00,41371459.70,,11359579.37
2026-07-10 15:00:00,40357707.37,,11196985.77
2026-07-10 16:00:00,40539019.38,,11209156.67
2026-07-10 17:00:00,40676146.70,,11255035.75
2026-07-10 18:00:00,40649690.10,,11228238.19
2026-07-10 19:00:00,40633583.52,,11230834.85
2026-07-10 20:00:00,40706762.98,,11296843.16
2026-07-10 21:00:00,40766231.23,,11278376.48
2026-07-10 22:00:00,40690056.26,,11199438.76
2026-07-10 23:00:00,40737767.75,,11174503.08
2026-07-11 00:00:00,40788222.15,,11141430.51
2026-07-11 01:00:00,41077949.81,,11254407.32
2026-07-11 02:00:00,41039138.70,,11279713.68
2026-07-11 03:00:00,41098492.15,,11286397.98
2026-07-11 04:00:00,40944870.61,,11285797.67
2026-07-11 05:00:00,40934279.16,,11293580.66
2026-07-11 06:00:00,40883531.32,,11318242.42
2026-07-11 07:00:00,40817760.69,,11312385.48
2026-07-11 08:00:00,40690765.82,,11288926.24
2026-07-11 09:00:00,40545517.39,,11269606.68
2026-07-11 10:00:00,40896163.42,,11342481.90
2026-07-11 11:00:00,40784133.85,,11285931.19
2026-07-11 12:00:00,40657957.46,,11357516.63
2026-07-11 13:00:00,40745078.96,,11351956.20
2026-07-11 14:00:00,41270326.73,,11469674.16
2026-07-11 15:00:00,41735312.09,,11446855.63
2026-07-11 16:00:00,41212120.88,,11177394.78
2026-07-11 17:00:00,41288445.56,,11176938.35
2026-07-11 18:00:00,41295731.48,,11165138.40
2026-07-11 19:00:00,41581359.69,,11253637.89
2026-07-11 20:00:00,41504291.64,,11256917.87
2026-07-11 21:00:00,41635811.91,,11325849.60
2026-07-11 22:00:00,41653050.66,,11299294.42
2026-07-11 23:00:00,41250122.30,,11273737.29
2026-07-12 00:00:00,39254373.28,,11019555.58
2026-07-12 01:00:00,38401969.51,,10878530.78
2026-07-12 02:00:00,39210026.41,,10957521.35
2026-07-12 03:00:00,39044371.00,,10924961.77
2026-07-12 04:00:00,39126534.67,,10988287.20
2026-07-12 05:00:00,39175609.08,,11044620.65
2026-07-12 06:00:00,39462367.90,,10992573.01
2026-07-12 07:00:00,39243089.79,,10875962.78
2026-07-12 08:00:00,39267815.23,,10860302.71
2026-07-12 09:00:00,39452198.59,,10902344.27
2026-07-12 10:00:00,39409128.56,,10842788.89
2026-07-12 11:00:00,39276373.86,,10827755.72
2026-07-12 12:00:00,39504424.88,,10871338.70
2026-07-12 13:00:00,39683502.27,,10944886.99
2026-07-12 14:00:00,39830070.08,,10948056.42
2026-07-12 15:00:00,40394358.00,,11089423.92
2026-07-12 16:00:00,40709546.81,,11262583.53
2026-07-12 17:00:00,40830541.68,,11229056.54
2026-07-12 18:00:00,40739521.22,,11174323.93
2026-07-12 19:00:00,41085448.07,,11278628.38
2026-07-12 20:00:00,41248435.07,,11307522.74
2026-07-12 21:00:00,40922543.10,,11263628.83
2026-07-12 22:00:00,39939994.23,,10860590.83
2026-07-12 23:00:00,39961601.31,,10959083.82
2026-07-13 00:00:00,39835876.95,,11062816.30
2026-07-13 01:00:00,39831635.60,,10894461.53
2026-07-13 02:00:00,39241965.87,,10598639.52
2026-07-13 03:00:00,39450031.23,,10534858.08
2026-07-13 04:00:00,39031353.79,,10461184.82
2026-07-13 05:00:00,39103251.92,,10451058.05
2026-07-13 06:00:00,39309767.59,,10531074.05
2026-07-13 07:00:00,39329112.21,,10502939.69
2026-07-13 08:00:00,39592191.91,,10581898.63
2026-07-13 09:00:00,39547881.68,,10557817.41
2026-07-13 10:00:00,39664050.63,,10526707.46
2026-07-13 11:00:00,39880266.05,,10523853.19
2026-07-13 12:00:00,39599431.63,,10489744.21
2026-07-13 13:00:00,39259528.40,,10412484.30
2026-07-13 14:00:00,39192886.94,,10419817.52
2026-07-13 15:00:00,39809342.12,,10556688.99
2026-07-13 16:00:00,39229745.72,,10358454.28
2026-07-13 17:00:00,39216237.05,,10267759.27
2026-07-13 18:00:00,39030717.15,,10144681.17
2026-07-13 19:00:00,39226279.75,,10199603.20
2026-07-13 20:00:00,39447406.38,,10264442.04
2026-07-13 21:00:00,39036209.95,,10120866.01
2026-07-13 22:00:00,38055486.37,,9831387.01
2026-07-13 23:00:00,38077000.18,,9838970.18
2026-07-14 00:00:00,38360687.64,,9893738.05
2026-07-14 01:00:00,38439029.49,,9968523.80
2026-07-14 02:00:00,38361013.46,,9812829.13
2026-07-14 03:00:00,38169860.95,,9764870.89
2026-07-14 04:00:00,38179644.24,,9908251.44
2026-07-14 05:00:00,38431989.34,,9900760.00
2026-07-14 06:00:00,38622585.43,,9915724.68
2026-07-14 07:00:00,38606486.77,,9894113.10
2026-07-14 08:00:00,38739247.63,,9878001.75
2026-07-14 09:00:00,38840950.62,,9832688.15
2026-07-14 10:00:00,39038705.34,,9812463.16
2026-07-14 11:00:00,39471984.40,,9969021.36
2026-07-14 12:00:00,39875362.64,,10029092.90
2026-07-14 13:00:00,40564409.07,,10155048.38
2026-07-14 14:00:00,41073574.59,,10550177.89
2026-07-14 15:00:00,41186742.94,,10529710.34
2026-07-14 16:00:00,40920997.05,,10464120.66
2026-07-14 17:00:00,41109037.75,,10482607.42
2026-07-14 18:00:00,41129636.84,,10574939.19
2026-07-14 19:00:00,41221853.32,,10606221.52
2026-07-14 20:00:00,41998134.98,,10649986.50
2026-07-14 21:00:00,41932877.46,,10615618.61
2026-07-14 22:00:00,41402627.54,,10402149.23
2026-07-14 23:00:00,41129677.81,,10398645.93
2026-07-15 00:00:00,40816221.46,,10390119.73
2026-07-15 01:00:00,40983540.56,,10377548.30
2026-07-15 02:00:00,40984115.99,,10350104.44
2026-07-15 03:00:00,40289614.17,,10217889.23
2026-07-15 04:00:00,40695553.25,,10363201.86
2026-07-15 05:00:00,40748699.22,,10332295.93
2026-07-15 06:00:00,41104128.74,,10421591.02
2026-07-15 07:00:00,41102016.22,,10434562.23
2026-07-15 08:00:00,40818109.64,,10296115.49
2026-07-15 09:00:00,41086696.78,,10460794.12
2026-07-15 10:00:00,41194419.53,,10455652.80
2026-07-15 11:00:00,41530576.53,,10592331.96
2026-07-15 12:00:00,41732834.51,,10771586.78
2026-07-15 13:00:00,42438182.95,,10973183.48
2026-07-15 14:00:00,42564093.20,,10979014.38
2026-07-15 15:00:00,43172635.04,,10986622.70
2026-07-15 16:00:00,42512642.50,,10885751.39
2026-07-15 17:00:00,42293379.48,,10846283.31
2026-07-15 18:00:00,42826657.52,,10938442.12
2026-07-15 19:00:00,42394264.35,,10804342.08
2026-07-15 20:00:00,42254619.57,,10704338.09
2026-07-15 21:00:00,42380904.17,,10758347.77
2026-07-15 22:00:00,43047867.78,,10933621.80
2026-07-15 23:00:00,43042439.16,,10789617.93
2026-07-16 00:00:00,42713068.45,,10811855.94
2026-07-16 01:00:00,42624075.86,,10861690.72
2026-07-16 02:00:00,42589762.41,,10840517.49
2026-07-16 03:00:00,42874664.15,,10926230.64
2026-07-16 04:00:00,42899154.66,,10900691.33
2026-07-16 05:00:00,43400754.98,,10882824.33
2026-07-16 06:00:00,43427612.60,,10991938.56
2026-07-16 07:00:00,43434643.60,,11151009.73
2026-07-16 08:00:00,42978489.59,,11001932.72
2026-07-16 09:00:00,43138209.68,,11112967.22
2026-07-16 10:00:00,43182993.55,,11145472.18
2026-07-16 11:00:00,43061564.78,,11239015.32
2026-07-16 12:00:00,43815671.66,,11382145.75
2026-07-16 13:00:00,43762859.90,,11362863.49
2026-07-16 14:00:00,43855878.47,,11703927.21
2026-07-16 15:00:00,43379661.51,,11640266.02
2026-07-16 16:00:00,43792132.32,,11627673.65
2026-07-16 17:00:00,43716511.00,,11571018.14
2026-07-16 18:00:00,43116775.11,,11411717.94
2026-07-16 19:00:00,42660817.43,,11349339.57
2026-07-16 20:00:00,42710229.07,,11374118.90
2026-07-16 21:00:00,42753034.58,,11428751.88
2026-07-16 22:00:00,42774387.97,,11378188.37
2026-07-16 23:00:00,41807954.20,,11126442.85
2026-07-17 00:00:00,39765142.27,,10678388.66
2026-07-17 01:00:00,38890937.28,,10466536.80
2026-07-17 02:00:00,38940704.09,,10340610.42
2026-07-17 03:00:00,38947897.69,,10387237.92
2026-07-17 04:00:00,38940744.24,,10445016.20
2026-07-17 05:00:00,39033377.71,,10503717.01
2026-07-17 06:00:00,38308946.44,,10326339.21
2026-07-17 07:00:00,38486205.37,,10339411.86
2026-07-17 08:00:00,38455216.97,,10339324.65
2026-07-17 09:00:00,38485894.02,,10381194.31
2026-07-17 10:00:00,38590690.04,,10434654.35
2026-07-17 11:00:00,38772832.87,,10479910.24
2026-07-17 12:00:00,38987066.45,,10480013.82
2026-07-17 13:00:00,38736266.91,,10413999.00
2026-07-17 14:00:00,38821529.96,,10443897.89
2026-07-17 15:00:00,39312744.72,,10449374.10
2026-07-17 16:00:00,39866775.97,,10538932.54
2026-07-17 17:00:00,39867308.42,,10413580.50
2026-07-17 18:00:00,39859587.44,,10363672.16
2026-07-17 19:00:00,39763955.39,,10354417.53
2026-07-17 20:00:00,39761071.00,,10465098.00
2026-07-17 21:00:00,39723271.37,,10451164.66
2026-07-17 22:00:00,39639667.82,,10320654.30
2026-07-17 23:00:00,39410342.56,,10233152.54
2026-07-18 00:00:00,39417531.21,,10183386.92
2026-07-18 01:00:00,39403062.25,,10146439.65
2026-07-18 02:00:00,39474564.40,,10125178.88
2026-07-18 03:00:00,39663881.40,,10064791.78
2026-07-18 04:00:00,39639130.46,,10033334.10
2026-07-18 05:00:00,39611798.17,,10060714.34
2026-07-18 06:00:00,39589447.49,,10077331.01
2026-07-18 07:00:00,39825506.55,,10207548.72
2026-07-18 08:00:00,39773012.30,,10160978.37
2026-07-18 09:00:00,39729609.24,,10177578.77
2026-07-18 10:00:00,39397016.54,,10107406.02
2026-07-18 11:00:00,39136311.93,,10065837.01
2026-07-18 12:00:00,39475407.07,,10122946.92
2026-07-18 13:00:00,40164491.81,,10215617.66
2026-07-18 14:00:00,40070887.59,,10226200.91
2026-07-18 15:00:00,40517065.76,,10375358.95
2026-07-18 16:00:00,40349263.29,,10307216.43
2026-07-18 17:00:00,41034560.36,,10419732.86
2026-07-18 18:00:00,40801435.71,,10345438.27
2026-07-18 19:00:00,40501187.79,,10284354.79
2026-07-18 20:00:00,40606623.81,,10358439.11
2026-07-18 21:00:00,40480628.33,,10466879.75
2026-07-18 22:00:00,40415164.45,,10401163.42
2026-07-18 23:00:00,40504976.63,,10398378.83
2026-07-19 00:00:00,40462400.06,,10350237.87
2026-07-19 01:00:00,40370392.71,,10314682.52
2026-07-19 02:00:00,40315496.86,,10301503.74
2026-07-19 03:00:00,40450435.47,,10357621.57
2026-07-19 04:00:00,40616183.87,,10414859.00
2026-07-19 05:00:00,40469238.81,,10387140.25
2026-07-19 06:00:00,40407174.88,,10357718.31
2026-07-19 07:00:00,40308312.03,,10299766.55
2026-07-19 08:00:00,40313444.44,,10398590.03
2026-07-19 09:00:00,40531922.73,,10455786.63
2026-07-19 10:00:00,40523859.89,,10507411.36
2026-07-19 11:00:00,40748817.03,,10496546.10
2026-07-19 12:00:00,40981591.38,,10579983.37
2026-07-19 13:00:00,41561583.45,,10852472.04
2026-07-19 14:00:00,41542714.88,,10943824.07
2026-07-19 15:00:00,41392968.12,,10976819.09
2026-07-19 16:00:00,41639412.17,,11022469.78
2026-07-19 17:00:00,41670359.28,,11039931.28
2026-07-19 18:00:00,41511880.57,,11029526.92
2026-07-19 19:00:00,41044356.68,,11015281.04
2026-07-19 20:00:00,41330336.46,,11080385.71
2026-07-19 21:00:00,41543968.70,,11058394.84
2026-07-19 22:00:00,41094685.65,,10811602.08
2026-07-19 23:00:00,41009864.36,,10648091.25
2026-07-20 00:00:00,40679850.22,,10596903.52
2026-07-20 01:00:00,40450394.88,,10521321.71
2026-07-20 02:00:00,40492492.45,,10495162.58
2026-07-20 03:00:00,40532018.89,,10506632.08
2026-07-20 04:00:00,40354609.66,,10552426.81
2026-07-20 05:00:00,40137387.27,,10557823.93
2026-07-20 06:00:00,38964822.85,,10399381.77
2026-07-20 07:00:00,38690811.17,,10277779.28
2026-07-20 08:00:00,38932377.38,,10302816.72
2026-07-20 09:00:00,39250547.33,,10233193.45
2026-07-20 10:00:00,39255561.34,,10233586.91
2026-07-20 11:00:00,39304401.94,,10166537.53
2026-07-20 12:00:00,40036559.95,,10299207.24
2026-07-20 13:00:00,39689959.01,,10228693.52
2026-07-20 14:00:00,39145414.61,,10177644.38
2026-07-20 15:00:00,39021588.10,,10134833.05
2026-07-20 16:00:00,39933650.71,,10366914.90
2026-07-20 17:00:00,39808033.36,,10477410.00
2026-07-20 18:00:00,39515484.40,,10405159.36
2026-07-20 19:00:00,39432227.46,,10398413.84
2026-07-20 20:00:00,39364200.21,,10393560.36
2026-07-20 21:00:00,39674398.60,,10485763.18
2026-07-20 22:00:00,39701934.90,,10448571.51
2026-07-20 23:00:00,39675426.72,,10470708.37
2026-07-21 00:00:00,39782127.13,,10515159.48
2026-07-21 01:00:00,39840856.74,,10525857.13
2026-07-21 02:00:00,39670370.80,,10505659.72
2026-07-21 03:00:00,39672236.96,,10469822.76
2026-07-21 04:00:00,39926164.52,,10613246.46
2026-07-21 05:00:00,40152280.45,,10654971.08
2026-07-21 06:00:00,40441861.69,,10744739.66
2026-07-21 07:00:00,40688212.54,,10851095.66
2026-07-21 08:00:00,41628603.74,,10955718.95
2026-07-21 09:00:00,41902881.97,,11156043.16
2026-07-21 10:00:00,41574236.68,,11217504.43
2026-07-21 11:00:00,41291642.19,,11143129.47
2026-07-21 12:00:00,41450859.27,,11214293.33
2026-07-21 13:00:00,41850105.37,,11285400.86
2026-07-21 14:00:00,42127870.88,,11363663.52
2026-07-21 15:00:00,41981599.54,,11362909.97
2026-07-21 16:00:00,41824165.69,,11140100.38
2026-07-21 17:00:00,41725656.53,,11125784.33
2026-07-21 18:00:00,41944453.23,,11087859.92
2026-07-21 19:00:00,41822155.06,,11097758.07
2026-07-21 20:00:00,42025812.08,,11141025.88
2026-07-21 21:00:00,41761803.92,,11033470.64
2026-07-21 22:00:00,41841859.53,,11057490.79
2026-07-21 23:00:00,41762656.46,,11030644.71
2026-07-22 00:00:00,41871010.99,,11038485.14
2026-07-22 01:00:00,43239284.91,,11211325.79
2026-07-22 02:00:00,43657896.31,,11116690.50
2026-07-22 03:00:00,43499803.34,,11099693.30
2026-07-22 04:00:00,42768859.33,,10960325.87
2026-07-22 05:00:00,42984702.12,,11053363.28
2026-07-22 06:00:00,41822020.38,,10719582.01
2026-07-22 07:00:00,41475666.21,,10676438.79
2026-07-22 08:00:00,41181526.26,,10642897.07
2026-07-22 09:00:00,41847502.48,,10894613.45
2026-07-22 10:00:00,41743870.93,,10901104.31
2026-07-22 11:00:00,41815208.02,,10936869.54
2026-07-22 12:00:00,41716866.56,,10885387.79
2026-07-22 13:00:00,41481085.77,,10656602.62
2026-07-22 14:00:00,43041582.64,,10739047.29
2026-07-22 15:00:00,42514557.29,,10662105.40
2026-07-22 16:00:00,42696474.33,,10771050.13
2026-07-22 17:00:00,42920631.24,,10709894.18
2026-07-22 18:00:00,42437891.17,,10586537.27
2026-07-22 19:00:00,42038384.90,,10466862.33
2026-07-22 20:00:00,41636280.65,,10367250.54
2026-07-22 21:00:00,41696914.23,,10217737.74
2026-07-22 22:00:00,42034333.21,,10249298.80
2026-07-22 23:00:00,42006092.32,,10225275.78
2026-07-23 00:00:00,41668974.36,,10217258.02
2026-07-23 01:00:00,41745751.87,,10281757.45
2026-07-23 02:00:00,41571139.37,,10281656.38
2026-07-23 03:00:00,41674751.05,,10289596.65
2026-07-23 04:00:00,39440847.46,,10199958.59
2026-07-23 05:00:00,39397328.30,,10226487.35
2026-07-23 06:00:00,39168344.94,,10263340.86
2026-07-23 07:00:00,39218401.85,,10266389.66
2026-07-23 08:00:00,38994737.23,,10266601.71
2026-07-23 09:00:00,39180742.67,,10321160.46
2026-07-23 10:00:00,39243655.24,,10327590.84
2026-07-23 11:00:00,39430251.76,,10341002.44
2026-07-23 12:00:00,39426064.35,,10339110.90
2026-07-23 13:00:00,39003491.26,,10138147.37
2026-07-23 14:00:00,38889151.79,,10035332.80
2026-07-23 15:00:00,38835364.12,,10016676.54
2026-07-23 16:00:00,38522034.09,,9956343.46
2026-07-23 17:00:00,38771264.05,,9946279.99
2026-07-23 18:00:00,39020975.95,,9885297.82
2026-07-23 19:00:00,39419670.88,,9983299.61
2026-07-23 20:00:00,39501956.00,,10111216.54
2026-07-23 21:00:00,39659635.10,,10167591.92
2026-07-23 22:00:00,39477284.90,,10038463.73
2026-07-23 23:00:00,39574720.61,,10061227.33
2026-07-24 00:00:00,39502019.36,,10038971.31
2026-07-24 01:00:00,39499113.66,,10045206.10
2026-07-24 02:00:00,39611972.77,,10038383.55
2026-07-24 03:00:00,39627593.26,,10068217.24
2026-07-24 04:00:00,40048718.33,,10274811.01
2026-07-24 05:00:00,40840759.78,,10324855.37
2026-07-24 06:00:00,40636962.12,,10347988.34
2026-07-24 07:00:00,39793209.22,,10104280.17
2026-07-24 08:00:00,39970028.40,,10104032.36
2026-07-24 09:00:00,39793948.51,,10078851.64
2026-07-24 10:00:00,39751068.02,,10071064.63
2026-07-24 11:00:00,39554008.56,,10019466.02
2026-07-24 12:00:00,39496357.72,,10038139.74
2026-07-24 13:00:00,39325694.83,,9862761.58
2026-07-24 14:00:00,38607735.11,,9778778.83
2026-07-24 15:00:00,36500067.56,,9467790.29
2026-07-24 16:00:00,36345193.32,,9455207.84
2026-07-24 17:00:00,35733683.41,,9421797.84
2026-07-24 18:00:00,35763786.91,,9398142.31
2026-07-24 19:00:00,35739307.77,,9369756.49
2026-07-24 20:00:00,35825449.53,,9393882.82
2026-07-24 21:00:00,35971856.41,,9446170.17
2026-07-24 22:00:00,35791861.57,,9319584.71
2026-07-24 23:00:00,35941635.77,,9346106.51
2026-07-25 00:00:00,36017640.84,,9357320.60
2026-07-25 01:00:00,36083749.26,,9348927.00
2026-07-25 02:00:00,36642237.82,,9388329.56
2026-07-25 03:00:00,36829921.29,,9406254.52
2026-07-25 04:00:00,36889218.88,,9414608.09
2026-07-25 05:00:00,36692270.98,,9372473.41
2026-07-25 06:00:00,36072996.06,,9262180.22
2026-07-25 07:00:00,36213960.32,,9241460.04
2026-07-25 08:00:00,36195957.24,,9171850.15
2026-07-25 09:00:00,36325832.32,,9193037.57
2026-07-25 10:00:00,36461767.91,,9225850.31
2026-07-25 11:00:00,36492073.92,,9214353.08
2026-07-25 12:00:00,36765973.75,,9285642.00
2026-07-25 13:00:00,36740378.16,,9292535.55
2026-07-25 14:00:00,37553410.30,,9431557.27
2026-07-25 15:00:00,37358411.08,,9406718.39
2026-07-25 16:00:00,37493359.23,,9381138.60
2026-07-25 17:00:00,37632878.87,,9413503.03
2026-07-25 18:00:00,37589691.46,,9411803.15
2026-07-25 19:00:00,37623695.70,,9409236.54
2026-07-25 20:00:00,37659707.06,,9397159.38
2026-07-25 21:00:00,37409286.47,,9322528.65
2026-07-25 22:00:00,37278734.95,,9214147.02
2026-07-25 23:00:00,37532618.15,,9250270.88
2026-07-26 00:00:00,37367845.27,,9234966.85
2026-07-26 01:00:00,37435926.23,,9230139.86
2026-07-26 02:00:00,37422276.31,,9215748.83
2026-07-26 03:00:00,36873432.50,,9322940.91
2026-07-26 04:00:00,36954322.02,,9336667.25
2026-07-26 05:00:00,36983102.33,,9336113.69
2026-07-26 06:00:00,37208997.65,,9413501.29
2026-07-26 07:00:00,37282125.56,,9361491.62
2026-07-26 08:00:00,37358204.69,,9336580.27
2026-07-26 09:00:00,37478340.98,,9378597.06
2026-07-26 10:00:00,37454669.49,,9355061.57
2026-07-26 11:00:00,37463744.41,,9370984.66
2026-07-26 12:00:00,37612079.32,,9379425.42
2026-07-26 13:00:00,37717042.82,,9433128.94
2026-07-26 14:00:00,37774928.83,,9472718.09
2026-07-26 15:00:00,37983415.99,,9482861.97
2026-07-26 16:00:00,38577477.50,,9716290.44
2026-07-26 17:00:00,38486825.95,,9577681.39
2026-07-26 18:00:00,38320320.80,,9591453.34
2026-07-26 19:00:00,38452274.60,,9621400.32
2026-07-26 20:00:00,38540184.88,,9642472.41
2026-07-26 21:00:00,38330026.15,,9596793.14
2026-07-26 22:00:00,38671414.42,,9610295.32
2026-07-26 23:00:00,39815706.07,,9772801.30
2026-07-27 00:00:00,39673792.49,,9749949.06
2026-07-27 01:00:00,39901411.02,,9695840.95
2026-07-27 02:00:00,39781576.54,,9684270.81
2026-07-27 03:00:00,39837928.66,,9637320.87
2026-07-27 04:00:00,39808097.54,,9741206.86
2026-07-27 05:00:00,39879808.39,,9769085.96
2026-07-27 06:00:00,40035286.30,,9840154.42
2026-07-27 07:00:00,40037619.31,,9910537.35
2026-07-27 08:00:00,39875645.31,,9900192.65
2026-07-27 09:00:00,39733077.73,,9833398.97
2026-07-27 10:00:00,39896907.51,,9900647.70
2026-07-27 11:00:00,39967060.17,,9941123.96
2026-07-27 12:00:00,39971874.66,,9956174.13
2026-07-27 13:00:00,39703317.59,,9873488.17
2026-07-27 14:00:00,39452389.05,,9785774.58
2026-07-27 15:00:00,36832216.68,,9079930.62
2026-07-27 16:00:00,36949925.48,,8991263.53
2026-07-27 17:00:00,37186029.52,,9023421.56
2026-07-27 18:00:00,37386422.30,,8997467.86
2026-07-27 19:00:00,37431283.70,,9014849.68
2026-07-27 20:00:00,37907739.11,,9072931.89
2026-07-27 21:00:00,38014905.37,,9169847.06
2026-07-27 22:00:00,37994717.08,,9103669.42
2026-07-27 23:00:00,37058033.50,,8954116.56
2026-07-28 00:00:00,36446621.89,,8833253.49
2026-07-28 01:00:00,36334413.55,,8857639.74
2026-07-28 02:00:00,36258051.21,,8948423.01
2026-07-28 03:00:00,36323250.05,,8929567.98
2026-07-28 04:00:00,36173236.41,,8898157.49
2026-07-28 05:00:00,36501147.30,,8947724.83
2026-07-28 06:00:00,36603210.89,,8949661.74
2026-07-28 07:00:00,36750727.18,,8967353.16
2026-07-28 08:00:00,36590746.52,,8936184.95
2026-07-28 09:00:00,36541902.92,,8903769.57
2026-07-28 10:00:00,36716454.13,,8844238.95
2026-07-28 11:00:00,36750127.51,,8831982.34
2026-07-28 12:00:00,36416055.48,,8762940.92
2026-07-28 13:00:00,36751178.25,,8829578.31
2026-07-28 14:00:00,36487703.55,,8733362.45
2026-07-28 15:00:00,36635598.59,,8673889.08
2026-07-28 16:00:00,37147785.26,,8714531.39
2026-07-28 17:00:00,37390624.75,,8715709.20
2026-07-28 18:00:00,37190916.55,,8584809.13
2026-07-28 19:00:00,37551843.45,,8653079.18
2026-07-28 20:00:00,37632753.92,,8651672.34
2026-07-28 21:00:00,37748736.20,,8669233.41
2026-07-28 22:00:00,37819159.24,,8650002.87
2026-07-28 23:00:00,37444972.76,,8564775.13
2026-07-29 00:00:00,37818704.77,,8657874.61
2026-07-29 01:00:00,37996732.19,,8661893.52
2026-07-29 02:00:00,37389784.41,,8587217.61
2026-07-29 03:00:00,37472275.53,,8668154.83
2026-07-29 04:00:00,36969846.19,,8628751.24
2026-07-29 05:00:00,37108735.48,,8722489.03
2026-07-29 06:00:00,37280365.02,,8751450.53
2026-07-29 07:00:00,37361432.42,,8764478.20
2026-07-29 08:00:00,37316160.87,,8720690.43
2026-07-29 09:00:00,37196231.86,,8659608.40
2026-07-29 10:00:00,37387200.16,,8740985.89
2026-07-29 11:00:00,37140306.32,,8714105.89
2026-07-29 12:00:00,37197669.83,,8760955.75
2026-07-29 13:00:00,37246453.83,,8799892.79
2026-07-29 14:00:00,37204677.27,,8791146.42
2026-07-29 15:00:00,36583582.26,,8671056.36
2026-07-29 16:00:00,36383988.45,,8692314.09
2026-07-29 17:00:00,36142870.66,,8654488.21
2026-07-29 18:00:00,36510074.95,,8684532.70
2026-07-29 19:00:00,36124216.74,,8582550.47
2026-07-29 20:00:00,35105792.88,,8440136.59
2026-07-29 21:00:00,34492339.88,,8377513.32
2026-07-29 22:00:00,34772351.57,,8401035.01
2026-07-29 23:00:00,34853831.03,,8416415.20
2026-07-30 00:00:00,34917419.36,,8427713.64
2026-07-30 01:00:00,35672613.43,,8458609.21
2026-07-30 02:00:00,36083395.58,,8556632.08
2026-07-30 03:00:00,35877769.33,,8517692.43
2026-07-30 04:00:00,35894132.91,,8525623.75
2026-07-30 05:00:00,35886727.22,,8522395.36
2026-07-30 06:00:00,35891314.09,,8547497.37
2026-07-30 07:00:00,35915738.54,,8537913.38
2026-07-30 08:00:00,36018804.82,,8545141.18
2026-07-30 09:00:00,36167394.49,,8577213.59
2026-07-30 10:00:00,36115005.40,,8651450.93
2026-07-30 11:00:00,35952083.71,,8649271.87
2026-07-30 12:00:00,36169086.40,,8713644.71
2026-07-30 13:00:00,35582693.97,,8745384.77
2026-07-30 14:00:00,35713526.17,,8785291.58
2026-07-30 15:00:00,35566806.19,,8648649.69
2026-07-30 16:00:00,35661709.46,,8706210.93
2026-07-30 17:00:00,35623137.81,,8658426.90
2026-07-30 18:00:00,35744063.78,,8723390.41
2026-07-30 19:00:00,35632759.72,,8672156.41
2026-07-30 20:00:00,35778147.63,,8711685.80
2026-07-30 21:00:00,35853399.04,,8684901.53
2026-07-30 22:00:00,35793631.20,,8577470.17
2026-07-30 23:00:00,36010462.62,,8630159.36
2026-07-31 00:00:00,35822118.41,,8594031.44
2026-07-31 01:00:00,36225330.63,,8786301.76
2026-07-31 02:00:00,36144251.38,,8769201.08
2026-07-31 03:00:00,35802507.98,,8694370.52
2026-07-31 04:00:00,35934893.77,,8697628.29
2026-07-31 05:00:00,35911097.61,,8695694.99
2026-07-31 06:00:00,35995365.25,,8760877.40
2026-07-31 07:00:00,35971555.99,,8763250.62
2026-07-31 08:00:00,35950332.06,,8758827.75
2026-07-31 09:00:00,36091265.52,,8770721.90
2026-07-31 10:00:00,35881955.19,,8746226.09
2026-07-31 11:00:00,36018043.72,,8720445.85
2026-07-31 12:00:00,36080547.74,,8724071.27
2026-07-31 13:00:00,36211101.99,,8758551.34
2026-07-31 14:00:00,35760055.93,,8670573.33
2026-07-31 15:00:00,34104114.20,,8996618.30
2026-07-31 16:00:00,34698233.22,,9072277.89
2026-07-31 17:00:00,34708767.94,,9083460.03
2026-07-31 18:00:00,34691362.06,,9100897.79
2026-07-31 19:00:00,34376309.74,,8964533.38
2026-07-31 20:00:00,34236448.90,,8898579.23
2026-07-31 21:00:00,34356902.46,,8963088.28
2026-07-31 22:00:00,34320441.01,,8890006.20
2026-07-31 23:00:00,34165998.67,,8899359.80
2026-08-01 00:00:00,34179768.10,,8872928.86
2026-08-01 01:00:00,34073216.00,,8950674.98
2026-08-01 02:00:00,34064906.54,,8968997.03
2026-08-01 03:00:00,34039261.50,,8969323.45
2026-08-01 04:00:00,33701043.91,,8896532.59
2026-08-01 05:00:00,33843446.91,,8966294.90
2026-08-01 06:00:00,33593971.49,,8894553.54
2026-08-01 07:00:00,33533365.43,,8856357.28
2026-08-01 08:00:00,33487506.98,,8842468.56
2026-08-01 09:00:00,33574566.58,,8855203.65
2026-08-01 10:00:00,33390561.15,,8799853.61
2026-08-01 11:00:00,33481606.96,,8835999.89
2026-08-01 12:00:00,33509703.89,,8845648.41
2026-08-01 13:00:00,33624482.22,,8877775.24
2026-08-01 14:00:00,33574693.17,,8868493.06
2026-08-01 15:00:00,33514337.08,,8876554.24
2026-08-01 16:00:00,33401435.91,,8851145.17
2026-08-01 17:00:00,33478665.34,,8837973.16
2026-08-01 18:00:00,33574511.16,,8818338.80
2026-08-01 19:00:00,33397827.29,,8872466.62
2026-08-01 20:00:00,33331796.37,,8862393.76
2026-08-01 21:00:00,33365455.06,,8839687.53
2026-08-01 22:00:00,33482595.78,,8829628.82
2026-08-01 23:00:00,33462512.07,,8782204.67
2026-08-02 00:00:00,33496710.98,,8793489.40
2026-08-02 01:00:00,33516333.00,,8749995.99
2026-08-02 02:00:00,33904270.64,,8854504.77
2026-08-02 03:00:00,34382813.78,,9073107.95
2026-08-02 04:00:00,34430124.97,,9083648.84
2026-08-02 05:00:00,35032465.98,,9275906.08
2026-08-02 06:00:00,35381428.45,,9325850.95
