time,oi_A,oi_6,oi_3
2026-05-17 12:00:00,,878011.16,
2026-05-17 13:00:00,,877104.79,
2026-05-17 14:00:00,,875411.10,
2026-05-17 15:00:00,,876623.73,
2026-05-17 16:00:00,,875352.90,
2026-05-17 17:00:00,,881130.66,
2026-05-17 18:00:00,,880361.06,
2026-05-17 19:00:00,,882631.41,
2026-05-17 20:00:00,,884565.17,
2026-05-17 21:00:00,,880311.46,
2026-05-17 22:00:00,,876253.90,
2026-05-17 23:00:00,,878646.97,
2026-05-18 00:00:00,,850994.25,
2026-05-18 01:00:00,,860184.07,
2026-05-18 02:00:00,,869220.60,
2026-05-18 03:00:00,,871692.21,
2026-05-18 04:00:00,,867522.36,
2026-05-18 05:00:00,,868478.37,
2026-05-18 06:00:00,,858464.65,
2026-05-18 07:00:00,,852419.28,
2026-05-18 08:00:00,,843722.41,
2026-05-18 09:00:00,,855896.43,
2026-05-18 10:00:00,,852914.89,
2026-05-18 11:00:00,,848250.14,
2026-05-18 12:00:00,,852210.22,
2026-05-18 13:00:00,,862600.63,
2026-05-18 14:00:00,,853915.80,
2026-05-18 15:00:00,,850747.31,
2026-05-18 16:00:00,,858436.73,
2026-05-18 17:00:00,,859318.69,
2026-05-18 18:00:00,,862314.76,
2026-05-18 19:00:00,,854795.10,
2026-05-18 20:00:00,,863011.97,
2026-05-18 21:00:00,,864792.92,
2026-05-18 22:00:00,,867960.05,
2026-05-18 23:00:00,,872161.57,
2026-05-19 00:00:00,,931267.80,
2026-05-19 01:00:00,,935434.80,
2026-05-19 02:00:00,,921128.22,
2026-05-19 03:00:00,,909491.37,
2026-05-19 04:00:00,,914905.85,
2026-05-19 05:00:00,,927744.27,
2026-05-19 06:00:00,,921833.11,
2026-05-19 07:00:00,,921860.70,
2026-05-19 08:00:00,,918872.64,
2026-05-19 09:00:00,,912745.06,
2026-05-19 10:00:00,,914473.67,
2026-05-19 11:00:00,,916974.57,
2026-05-19 12:00:00,,904200.75,
2026-05-19 13:00:00,,911800.28,
2026-05-19 14:00:00,,917336.10,
2026-05-19 15:00:00,,917371.38,
2026-05-19 16:00:00,,912569.33,
2026-05-19 17:00:00,,921413.79,
2026-05-19 18:00:00,,915918.69,
2026-05-19 19:00:00,,916477.31,
2026-05-19 20:00:00,,910862.66,
2026-05-19 21:00:00,,912682.45,
2026-05-19 22:00:00,,909447.10,
2026-05-19 23:00:00,,897146.45,
2026-05-20 00:00:00,,904165.34,
2026-05-20 01:00:00,,905944.90,
2026-05-20 02:00:00,,915596.84,
2026-05-20 03:00:00,,1019732.85,
2026-05-20 04:00:00,,962951.06,
2026-05-20 05:00:00,,975398.84,
2026-05-20 06:00:00,,977360.32,
2026-05-20 07:00:00,,989638.57,
2026-05-20 08:00:00,,1006824.41,
2026-05-20 09:00:00,,1006621.00,
2026-05-20 10:00:00,,1006070.20,
2026-05-20 11:00:00,,1007799.50,
2026-05-20 12:00:00,,990848.79,
2026-05-20 13:00:00,,991142.84,
2026-05-20 14:00:00,,983146.49,
2026-05-20 15:00:00,,986418.32,
2026-05-20 16:00:00,,988610.36,
2026-05-20 17:00:00,,1020505.35,
2026-05-20 18:00:00,,1014985.16,
2026-05-20 19:00:00,,1015454.11,
2026-05-20 20:00:00,,1012844.40,
2026-05-20 21:00:00,,1017113.64,
2026-05-20 22:00:00,,1011945.74,
2026-05-20 23:00:00,,1001301.60,
2026-05-21 00:00:00,,996862.86,
2026-05-21 01:00:00,,1002341.95,
2026-05-21 02:00:00,,1004067.80,
2026-05-21 03:00:00,,1011105.51,
2026-05-21 04:00:00,,1006857.89,
2026-05-21 05:00:00,,993337.80,
2026-05-21 06:00:00,,993749.68,
2026-05-21 07:00:00,,994229.87,
2026-05-21 08:00:00,,1006175.47,
2026-05-21 09:00:00,,1007562.09,
2026-05-21 10:00:00,,1008167.08,
2026-05-21 11:00:00,,1005934.96,
2026-05-21 12:00:00,,987448.81,
2026-05-21 13:00:00,,980947.55,
2026-05-21 14:00:00,,976425.21,
2026-05-21 15:00:00,,983074.80,
2026-05-21 16:00:00,,987305.47,
2026-05-21 17:00:00,,990802.81,
2026-05-21 18:00:00,,1011610.21,
2026-05-21 19:00:00,,1010505.70,
2026-05-21 20:00:00,,1009016.86,
2026-05-21 21:00:00,,1007855.20,
2026-05-21 22:00:00,,1007773.62,
2026-05-21 23:00:00,,1011808.74,
2026-05-22 00:00:00,,1013705.25,
2026-05-22 01:00:00,,1001575.09,
2026-05-22 02:00:00,,1024874.25,
2026-05-22 03:00:00,,1044255.77,
2026-05-22 04:00:00,,1043409.21,
2026-05-22 05:00:00,,1045391.77,
2026-05-22 06:00:00,,1057336.63,
2026-05-22 07:00:00,,1036031.11,
2026-05-22 08:00:00,,1007227.87,
2026-05-22 09:00:00,,1028727.95,
2026-05-22 10:00:00,,1054988.03,
2026-05-22 11:00:00,,1054694.47,
2026-05-22 12:00:00,,1071191.92,
2026-05-22 13:00:00,,1086833.71,
2026-05-22 14:00:00,,1084032.15,
2026-05-22 15:00:00,,1136296.64,
2026-05-22 16:00:00,,1221658.63,
2026-05-22 17:00:00,,1479427.63,
2026-05-22 18:00:00,,1694824.73,
2026-05-22 19:00:00,,1922254.61,
2026-05-22 20:00:00,,1965609.15,
2026-05-22 21:00:00,,2111606.95,
2026-05-22 22:00:00,,2154522.65,
2026-05-22 23:00:00,,2304553.03,
2026-05-23 00:00:00,,2571491.17,
2026-05-23 01:00:00,,2558850.04,
2026-05-23 02:00:00,,3084116.54,
2026-05-23 03:00:00,,3184710.74,
2026-05-23 04:00:00,,3583143.80,
2026-05-23 05:00:00,,3339534.47,
2026-05-23 06:00:00,,3138282.69,
2026-05-23 07:00:00,,2874629.48,
2026-05-23 08:00:00,,2761984.64,
2026-05-23 09:00:00,,2785316.13,
2026-05-23 10:00:00,,2733749.29,
2026-05-23 11:00:00,,2922786.48,
2026-05-23 12:00:00,,3634841.47,
2026-05-23 13:00:00,,3923667.36,
2026-05-23 14:00:00,,4233863.56,
2026-05-23 15:00:00,,4179695.40,
2026-05-23 16:00:00,,4081005.43,
2026-05-23 17:00:00,,3900158.75,
2026-05-23 18:00:00,,3901455.94,
2026-05-23 19:00:00,,3886791.37,
2026-05-23 20:00:00,,3850321.06,
2026-05-23 21:00:00,,3883997.17,
2026-05-23 22:00:00,,3880399.39,
2026-05-23 23:00:00,,3964598.83,
2026-05-24 00:00:00,,3813262.99,
2026-05-24 01:00:00,,3883215.29,
2026-05-24 02:00:00,,4149915.26,
2026-05-24 03:00:00,,4210505.31,
2026-05-24 04:00:00,,4453092.47,
2026-05-24 05:00:00,,4411306.38,
2026-05-24 06:00:00,,4540827.83,
2026-05-24 07:00:00,,4561233.85,
2026-05-24 08:00:00,,4588645.98,
2026-05-24 09:00:00,,5008139.93,
2026-05-24 10:00:00,,5500286.32,
2026-05-24 11:00:00,,5262583.70,
2026-05-24 12:00:00,,4059221.17,
2026-05-24 13:00:00,,4056001.66,
2026-05-24 14:00:00,,3824831.82,
2026-05-24 15:00:00,,3424755.25,
2026-05-24 16:00:00,,3435653.20,
2026-05-24 17:00:00,,3391813.87,
2026-05-24 18:00:00,,3344897.33,
2026-05-24 19:00:00,,3257906.49,
2026-05-24 20:00:00,,2988772.13,
2026-05-24 21:00:00,,2965647.98,
2026-05-24 22:00:00,,2955174.40,
2026-05-24 23:00:00,,2964511.96,
2026-05-25 00:00:00,,2971882.42,
2026-05-25 01:00:00,,2904295.22,
2026-05-25 02:00:00,,2841651.14,
2026-05-25 03:00:00,,2818092.18,
2026-05-25 04:00:00,,2793758.54,
2026-05-25 05:00:00,,2738264.78,
2026-05-25 06:00:00,,2830223.77,
2026-05-25 07:00:00,,2842258.48,
2026-05-25 08:00:00,,3076043.92,
2026-05-25 09:00:00,,2979870.66,
2026-05-25 10:00:00,,3245609.56,
2026-05-25 11:00:00,,3461872.38,
2026-05-25 12:00:00,,3698106.71,
2026-05-25 13:00:00,,3726624.41,
2026-05-25 14:00:00,,3947652.10,
2026-05-25 15:00:00,,3951430.04,
2026-05-25 16:00:00,,3843438.89,
2026-05-25 17:00:00,,3455993.38,
2026-05-25 18:00:00,,3437977.27,
2026-05-25 19:00:00,,3421809.57,
2026-05-25 20:00:00,,3401654.39,
2026-05-25 21:00:00,,3384173.50,
2026-05-25 22:00:00,,3418560.58,
2026-05-25 23:00:00,,3404970.33,
2026-05-26 00:00:00,,3363977.04,
2026-05-26 01:00:00,,3261468.53,
2026-05-26 02:00:00,,3432106.88,
2026-05-26 03:00:00,,3367749.57,
2026-05-26 04:00:00,,3633103.12,
2026-05-26 05:00:00,,3872331.71,
2026-05-26 06:00:00,,3776446.98,
2026-05-26 07:00:00,,3771300.64,
2026-05-26 08:00:00,,3644547.70,
2026-05-26 09:00:00,,3770869.14,
2026-05-26 10:00:00,,3835567.02,
2026-05-26 11:00:00,,4094543.39,
2026-05-26 12:00:00,,4280695.52,
2026-05-26 13:00:00,,3896949.73,
2026-05-26 14:00:00,,3788541.65,
2026-05-26 15:00:00,,3764627.40,
2026-05-26 16:00:00,,3804249.58,
2026-05-26 17:00:00,,3768840.52,
2026-05-26 18:00:00,,3809310.37,
2026-05-26 19:00:00,,3715708.39,
2026-05-26 20:00:00,,3783034.42,
2026-05-26 21:00:00,,3685784.94,
2026-05-26 22:00:00,,3850622.55,
2026-05-26 23:00:00,,3697370.34,
2026-05-27 00:00:00,,3654374.97,
2026-05-27 01:00:00,,3582841.33,
2026-05-27 02:00:00,,3541656.38,
2026-05-27 03:00:00,,3449145.50,
2026-05-27 04:00:00,,3582009.87,
2026-05-27 05:00:00,,3436818.01,
2026-05-27 06:00:00,,3429077.59,
2026-05-27 07:00:00,,3546979.33,
2026-05-27 08:00:00,,3375291.79,
2026-05-27 09:00:00,,3382626.42,
2026-05-27 10:00:00,,3393494.52,
2026-05-27 11:00:00,,3354108.45,
2026-05-27 12:00:00,,3270911.44,
2026-05-27 13:00:00,,3269183.37,
2026-05-27 14:00:00,,3429091.00,
2026-05-27 15:00:00,,3351446.36,
2026-05-27 16:00:00,,3438143.97,
2026-05-27 17:00:00,,3518431.81,
2026-05-27 18:00:00,,3467621.99,
2026-05-27 19:00:00,,3388593.48,
2026-05-27 20:00:00,,3408569.66,
2026-05-27 21:00:00,,3395453.89,
2026-05-27 22:00:00,,3281111.35,
2026-05-27 23:00:00,,3381020.72,
2026-05-28 00:00:00,,3408445.32,
2026-05-28 01:00:00,,3533988.39,
2026-05-28 02:00:00,,3558078.10,
2026-05-28 03:00:00,,3591631.04,
2026-05-28 04:00:00,,3495884.02,
2026-05-28 05:00:00,,3556403.90,
2026-05-28 06:00:00,,3307081.77,
2026-05-28 07:00:00,,3363907.17,
2026-05-28 08:00:00,,3317924.38,
2026-05-28 09:00:00,,3278103.96,
2026-05-28 10:00:00,,3281437.76,
2026-05-28 11:00:00,,3264509.99,
2026-05-28 12:00:00,,3310247.48,
2026-05-28 13:00:00,,3342414.37,
2026-05-28 14:00:00,,3445522.12,
2026-05-28 15:00:00,,3448007.27,
2026-05-28 16:00:00,,3511882.72,
2026-05-28 17:00:00,,3471186.56,
2026-05-28 18:00:00,,3502606.21,
2026-05-28 19:00:00,,3500082.24,
2026-05-28 20:00:00,,3503396.08,
2026-05-28 21:00:00,,3506430.69,
2026-05-28 22:00:00,,3491459.28,
2026-05-28 23:00:00,,3490243.85,
2026-05-29 00:00:00,,3428804.12,
2026-05-29 01:00:00,,3614013.22,
2026-05-29 02:00:00,,3585350.96,
2026-05-29 03:00:00,,3586000.10,
2026-05-29 04:00:00,,3532389.06,
2026-05-29 05:00:00,,3624313.65,
2026-05-29 06:00:00,,3653158.20,
2026-05-29 07:00:00,,3630481.84,
2026-05-29 08:00:00,,3666894.94,
2026-05-29 09:00:00,,3662295.19,
2026-05-29 10:00:00,,3593952.39,
2026-05-29 11:00:00,,3636667.84,
2026-05-29 12:00:00,,3817238.31,
2026-05-29 13:00:00,,4442252.70,
2026-05-29 14:00:00,,4329077.96,
2026-05-29 15:00:00,,4319626.71,
2026-05-29 16:00:00,,4255482.71,
2026-05-29 17:00:00,,4322404.25,
2026-05-29 18:00:00,,4268616.13,
2026-05-29 19:00:00,,4243597.49,
2026-05-29 20:00:00,,4237589.24,
2026-05-29 21:00:00,,4166821.89,
2026-05-29 22:00:00,,4134471.68,
2026-05-29 23:00:00,,4150798.57,
2026-05-30 00:00:00,,4049064.41,
2026-05-30 01:00:00,,4054558.56,
2026-05-30 02:00:00,,4016895.15,
2026-05-30 03:00:00,,3876266.77,
2026-05-30 04:00:00,,3962243.11,
2026-05-30 05:00:00,,4027995.89,
2026-05-30 06:00:00,,3954969.89,
2026-05-30 07:00:00,,4032838.65,
2026-05-30 08:00:00,,3896198.63,
2026-05-30 09:00:00,,3839735.90,
2026-05-30 10:00:00,,3912589.31,
2026-05-30 11:00:00,,4094361.36,
2026-05-30 12:00:00,,4161910.40,
2026-05-30 13:00:00,,4175593.02,
2026-05-30 14:00:00,,4199324.71,
2026-05-30 15:00:00,,4142442.24,
2026-05-30 16:00:00,,4048912.32,
2026-05-30 17:00:00,,4025316.56,
2026-05-30 18:00:00,,4049995.03,
2026-05-30 19:00:00,,4043388.47,
2026-05-30 20:00:00,,4034222.97,
2026-05-30 21:00:00,,4027711.10,
2026-05-30 22:00:00,,3957487.10,
2026-05-30 23:00:00,,3969043.10,
2026-05-31 00:00:00,,3982021.72,
2026-05-31 01:00:00,,4008241.61,
2026-05-31 02:00:00,,3885035.05,
2026-05-31 03:00:00,,3819444.30,
2026-05-31 04:00:00,,3632821.35,
2026-05-31 05:00:00,,3618317.44,
2026-05-31 06:00:00,,3670114.06,
2026-05-31 07:00:00,,3600992.61,
2026-05-31 08:00:00,,3624088.47,
2026-05-31 09:00:00,,3650469.43,
2026-05-31 10:00:00,,3653893.14,
2026-05-31 11:00:00,,3663794.84,
2026-05-31 12:00:00,,3612768.35,
2026-05-31 13:00:00,,3651516.68,
2026-05-31 14:00:00,,3484450.07,
2026-05-31 15:00:00,,3387196.20,
2026-05-31 16:00:00,,3488715.38,
2026-05-31 17:00:00,,3460723.43,
2026-05-31 18:00:00,,3468826.05,
2026-05-31 19:00:00,,3535712.43,
2026-05-31 20:00:00,,3446968.89,
2026-05-31 21:00:00,,3439766.71,
2026-05-31 22:00:00,,3415459.64,
2026-05-31 23:00:00,,3460755.72,
2026-06-01 00:00:00,,3393831.12,
2026-06-01 01:00:00,,3448451.05,
2026-06-01 02:00:00,,3383140.31,
2026-06-01 03:00:00,,3454362.60,
2026-06-01 04:00:00,,3341908.15,
2026-06-01 05:00:00,,3289368.76,
2026-06-01 06:00:00,,3299571.35,
2026-06-01 07:00:00,,3111648.72,
2026-06-01 08:00:00,,3071146.31,
2026-06-01 09:00:00,,3014689.91,
2026-06-01 10:00:00,,3083556.20,
2026-06-01 11:00:00,,3214948.37,
2026-06-01 12:00:00,,3154000.66,
2026-06-01 13:00:00,,3121539.08,
2026-06-01 14:00:00,,3043631.95,
2026-06-01 15:00:00,,2997977.08,
2026-06-01 16:00:00,,3019213.32,
2026-06-01 17:00:00,,3029460.72,
2026-06-01 18:00:00,,3009264.05,
2026-06-01 19:00:00,,2967570.52,
2026-06-01 20:00:00,,3046919.00,
2026-06-01 21:00:00,,3076953.37,
2026-06-01 22:00:00,,3013276.07,
2026-06-01 23:00:00,,3029942.76,
2026-06-02 00:00:00,,3003802.15,
2026-06-02 01:00:00,,3003406.23,
2026-06-02 02:00:00,,2963535.20,
2026-06-02 03:00:00,,2985454.19,
2026-06-02 04:00:00,,3040379.87,
2026-06-02 05:00:00,,2992684.31,
2026-06-02 06:00:00,,2981495.89,
2026-06-02 07:00:00,,2979981.17,
2026-06-02 08:00:00,,2966354.53,
2026-06-02 09:00:00,,2935731.50,
2026-06-02 10:00:00,,2939759.23,
2026-06-02 11:00:00,,3067955.14,
2026-06-02 12:00:00,,3033692.61,
2026-06-02 13:00:00,,3005513.01,
2026-06-02 14:00:00,,3045557.86,
2026-06-02 15:00:00,,3031451.16,
2026-06-02 16:00:00,,3005188.72,
2026-06-02 17:00:00,,2977362.28,
2026-06-02 18:00:00,,3022391.33,
2026-06-02 19:00:00,,3018953.95,
2026-06-02 20:00:00,,2959324.41,
2026-06-02 21:00:00,,2952847.45,
2026-06-02 22:00:00,,2903915.10,
2026-06-02 23:00:00,,2639137.41,
2026-06-03 00:00:00,,2610477.72,
2026-06-03 01:00:00,,2654482.59,
2026-06-03 02:00:00,,2657041.16,
2026-06-03 03:00:00,,2658732.45,
2026-06-03 04:00:00,,2619414.81,
2026-06-03 05:00:00,,2731806.20,
2026-06-03 06:00:00,,2860877.07,
2026-06-03 07:00:00,,3000718.11,
2026-06-03 08:00:00,,3034953.77,
2026-06-03 09:00:00,,3193624.83,
2026-06-03 10:00:00,,3241826.37,
2026-06-03 11:00:00,,3438597.32,
2026-06-03 12:00:00,,3581046.77,
2026-06-03 13:00:00,,3787988.80,
2026-06-03 14:00:00,,3906590.99,
2026-06-03 15:00:00,,3956576.16,
2026-06-03 16:00:00,,3947477.86,
2026-06-03 17:00:00,,3911964.09,
2026-06-03 18:00:00,,3979973.20,
2026-06-03 19:00:00,,4175757.25,
2026-06-03 20:00:00,,4111367.88,
2026-06-03 21:00:00,,4077705.21,
2026-06-03 22:00:00,,4022356.19,
2026-06-03 23:00:00,,4033929.21,
2026-06-04 00:00:00,,4088089.63,
2026-06-04 01:00:00,,4105649.40,
2026-06-04 02:00:00,,3809409.21,
2026-06-04 03:00:00,,3900591.07,
2026-06-04 04:00:00,,3955754.80,
2026-06-04 05:00:00,,3904868.22,
2026-06-04 06:00:00,,3897154.61,
2026-06-04 07:00:00,,3709418.39,
2026-06-04 08:00:00,,3685829.54,
2026-06-04 09:00:00,,3605009.50,
2026-06-04 10:00:00,,3529058.45,
2026-06-04 11:00:00,,3456461.89,
2026-06-04 12:00:00,,3316042.34,
2026-06-04 13:00:00,,3358562.66,
2026-06-04 14:00:00,,3384212.64,
2026-06-04 15:00:00,,3370167.53,
2026-06-04 16:00:00,,3555195.25,
2026-06-04 17:00:00,,3322703.39,
2026-06-04 18:00:00,,3272477.22,
2026-06-04 19:00:00,,3213806.90,
2026-06-04 20:00:00,,3145230.93,
2026-06-04 21:00:00,,3327981.30,
2026-06-04 22:00:00,,3288383.28,
2026-06-04 23:00:00,,3211868.04,
2026-06-05 00:00:00,,3125577.29,
2026-06-05 01:00:00,,3131850.44,
2026-06-05 02:00:00,,3161667.04,
2026-06-05 03:00:00,,3097161.12,
2026-06-05 04:00:00,,3017928.51,
2026-06-05 05:00:00,,2983693.81,
2026-06-05 06:00:00,,2840548.75,
2026-06-05 07:00:00,,2724119.82,
2026-06-05 08:00:00,,2678863.83,
2026-06-05 09:00:00,,2507838.42,
2026-06-05 10:00:00,,2487539.53,
2026-06-05 11:00:00,,2389925.91,
2026-06-05 12:00:00,,2200577.52,
2026-06-05 13:00:00,,2258734.58,
2026-06-05 14:00:00,,2189730.37,
2026-06-05 15:00:00,,2216567.76,
2026-06-05 16:00:00,,2151132.90,
2026-06-05 17:00:00,,2119287.99,
2026-06-05 18:00:00,,2115950.82,
2026-06-05 19:00:00,,2026270.51,
2026-06-05 20:00:00,,2031516.45,
2026-06-05 21:00:00,,1971519.67,
2026-06-05 22:00:00,,1962629.55,
2026-06-05 23:00:00,,1929386.65,
2026-06-06 00:00:00,,1941277.64,
2026-06-06 01:00:00,,1973771.22,
2026-06-06 02:00:00,,1887537.35,
2026-06-06 03:00:00,,1680272.41,
2026-06-06 04:00:00,,1752659.10,
2026-06-06 05:00:00,,1689172.06,
2026-06-06 06:00:00,,1733453.89,
2026-06-06 07:00:00,,1628422.12,
2026-06-06 08:00:00,,1642811.87,
2026-06-06 09:00:00,,1607455.45,
2026-06-06 10:00:00,,1505523.21,
2026-06-06 11:00:00,,1451107.81,
2026-06-06 12:00:00,,1480300.47,
2026-06-06 13:00:00,,1487395.25,
2026-06-06 14:00:00,,1469215.22,
2026-06-06 15:00:00,,1452861.19,
2026-06-06 16:00:00,,1462471.04,
2026-06-06 17:00:00,,1481113.43,
2026-06-06 18:00:00,,1462007.32,
2026-06-06 19:00:00,,1462151.93,
2026-06-06 20:00:00,,1427385.13,
2026-06-06 21:00:00,,1401702.28,
2026-06-06 22:00:00,,1385638.63,
2026-06-06 23:00:00,,1362349.33,
2026-06-07 00:00:00,,1384298.96,
2026-06-07 01:00:00,,1449316.78,
2026-06-07 02:00:00,,1604134.95,
2026-06-07 03:00:00,,1769962.18,
2026-06-07 04:00:00,,1807591.87,
2026-06-07 05:00:00,,1873540.13,
2026-06-07 06:00:00,,1944067.17,
2026-06-07 07:00:00,,1911202.34,
2026-06-07 08:00:00,,1881889.40,
2026-06-07 09:00:00,,1917624.97,
2026-06-07 10:00:00,,1923194.66,
2026-06-07 11:00:00,,1943170.82,
2026-06-07 12:00:00,,1943831.60,
2026-06-07 13:00:00,,1869903.40,
2026-06-07 14:00:00,,1829114.46,
2026-06-07 15:00:00,,1819331.17,
2026-06-07 16:00:00,,1821429.04,
2026-06-07 17:00:00,,1828680.61,
2026-06-07 18:00:00,,1845937.31,
2026-06-07 19:00:00,,1838470.57,
2026-06-07 20:00:00,,1851296.39,
2026-06-07 21:00:00,,1845341.51,
2026-06-07 22:00:00,,1807016.14,
2026-06-07 23:00:00,,1828378.15,
2026-06-08 00:00:00,,1774462.96,
2026-06-08 01:00:00,,1798168.91,
2026-06-08 02:00:00,,1810142.20,
2026-06-08 03:00:00,,1830461.51,
2026-06-08 04:00:00,,1830567.52,
2026-06-08 05:00:00,,1811478.33,
2026-06-08 06:00:00,,1777766.79,
2026-06-08 07:00:00,,1764417.13,
2026-06-08 08:00:00,,1787720.48,
2026-06-08 09:00:00,,1744891.04,
2026-06-08 10:00:00,,1738963.54,
2026-06-08 11:00:00,,1736995.37,
2026-06-08 12:00:00,,1752635.81,
2026-06-08 13:00:00,,1728962.06,
2026-06-08 14:00:00,,1755931.71,
2026-06-08 15:00:00,,1801003.95,
2026-06-08 16:00:00,,1785743.53,
2026-06-08 17:00:00,,1784279.38,
2026-06-08 18:00:00,,1734495.66,
2026-06-08 19:00:00,,1749319.22,
2026-06-08 20:00:00,,1687681.71,
2026-06-08 21:00:00,,1707734.10,
2026-06-08 22:00:00,,1709110.30,
2026-06-08 23:00:00,,1695201.92,
2026-06-09 00:00:00,,1671061.72,
2026-06-09 01:00:00,,1540430.23,
2026-06-09 02:00:00,,1530666.92,
2026-06-09 03:00:00,,1481977.72,
2026-06-09 04:00:00,,1534803.62,
2026-06-09 05:00:00,,1531311.32,
2026-06-09 06:00:00,,1548066.56,
2026-06-09 07:00:00,,1590005.32,
2026-06-09 08:00:00,,1605243.51,
2026-06-09 09:00:00,,1590165.58,
2026-06-09 10:00:00,,1568561.31,
2026-06-09 11:00:00,,1592997.73,
2026-06-09 12:00:00,,1600602.65,
2026-06-09 13:00:00,,1596978.11,
2026-06-09 14:00:00,,1582111.43,
2026-06-09 15:00:00,,1548152.59,
2026-06-09 16:00:00,,1530804.93,
2026-06-09 17:00:00,,1520096.55,
2026-06-09 18:00:00,,1550105.38,
2026-06-09 19:00:00,,1546709.43,
2026-06-09 20:00:00,,1563456.21,
2026-06-09 21:00:00,,1574178.05,
2026-06-09 22:00:00,,1599206.42,
2026-06-09 23:00:00,,1609446.80,
2026-06-10 00:00:00,,1619284.10,
2026-06-10 01:00:00,,1703474.93,
2026-06-10 02:00:00,,1721476.61,
2026-06-10 03:00:00,,1677943.61,
2026-06-10 04:00:00,,1691661.13,
2026-06-10 05:00:00,,1688968.04,
2026-06-10 06:00:00,,1699109.88,
2026-06-10 07:00:00,,1705374.76,
2026-06-10 08:00:00,,1685524.35,
2026-06-10 09:00:00,,1689094.65,
2026-06-10 10:00:00,,1715787.32,
2026-06-10 11:00:00,,1716507.99,
2026-06-10 12:00:00,,1685666.25,
2026-06-10 13:00:00,,1710022.54,
2026-06-10 14:00:00,,1738096.73,
2026-06-10 15:00:00,,1716219.91,
2026-06-10 16:00:00,,1736494.19,
2026-06-10 17:00:00,,1760599.40,
2026-06-10 18:00:00,,1817860.97,
2026-06-10 19:00:00,,1843756.07,
2026-06-10 20:00:00,,1835356.99,
2026-06-10 21:00:00,,1788056.21,
2026-06-10 22:00:00,,1634573.66,
2026-06-10 23:00:00,,1592998.42,
2026-06-11 00:00:00,,1636742.17,
2026-06-11 01:00:00,,1753660.63,
2026-06-11 02:00:00,,1753522.55,
2026-06-11 03:00:00,,1792899.65,
2026-06-11 04:00:00,,1758246.61,
2026-06-11 05:00:00,,1758689.42,
2026-06-11 06:00:00,,1789152.62,
2026-06-11 07:00:00,,1777079.79,
2026-06-11 08:00:00,,1748380.13,
2026-06-11 09:00:00,,1752193.55,
2026-06-11 10:00:00,,1714515.71,
2026-06-11 11:00:00,,1718654.53,
2026-06-11 12:00:00,,1776760.73,
2026-06-11 13:00:00,,1761577.40,
2026-06-11 14:00:00,,1775688.26,
2026-06-11 15:00:00,,1738693.53,
2026-06-11 16:00:00,,1745935.95,
2026-06-11 17:00:00,,1770966.82,
2026-06-11 18:00:00,,1708118.46,
2026-06-11 19:00:00,,1662844.38,
2026-06-11 20:00:00,,1660531.39,
2026-06-11 21:00:00,,1662848.91,
2026-06-11 22:00:00,,1643697.82,
2026-06-11 23:00:00,,1704407.42,
2026-06-12 00:00:00,,1723635.91,
2026-06-12 01:00:00,,1687129.87,
2026-06-12 02:00:00,,1645611.99,
2026-06-12 03:00:00,,1633292.60,
2026-06-12 04:00:00,,1641639.56,
2026-06-12 05:00:00,,1623344.62,
2026-06-12 06:00:00,,1621429.83,
2026-06-12 07:00:00,,1596537.61,
2026-06-12 08:00:00,,1629469.42,
2026-06-12 09:00:00,,1637457.44,
2026-06-12 10:00:00,,1639316.35,
2026-06-12 11:00:00,,1612240.79,
2026-06-12 12:00:00,,1581273.25,
2026-06-12 13:00:00,,1523745.89,
2026-06-12 14:00:00,,1521350.32,
2026-06-12 15:00:00,,1525864.19,
2026-06-12 16:00:00,,1497576.15,
2026-06-12 17:00:00,,1509250.82,
2026-06-12 18:00:00,,1490139.89,
2026-06-12 19:00:00,,1482537.79,
2026-06-12 20:00:00,,1488802.73,
2026-06-12 21:00:00,,1475243.31,
2026-06-12 22:00:00,,1478927.85,
2026-06-12 23:00:00,,1486825.04,
2026-06-13 00:00:00,,1515486.45,
2026-06-13 01:00:00,,1533550.79,
2026-06-13 02:00:00,,1518359.58,
2026-06-13 03:00:00,,1533252.37,
2026-06-13 04:00:00,,1531089.08,
2026-06-13 05:00:00,,1476689.12,
2026-06-13 06:00:00,,1471368.36,
2026-06-13 07:00:00,,1487972.97,
2026-06-13 08:00:00,,1498887.71,
2026-06-13 09:00:00,,1520860.69,
2026-06-13 10:00:00,,1532673.71,
2026-06-13 11:00:00,,1558590.32,
2026-06-13 12:00:00,,1545142.41,
2026-06-13 13:00:00,,1540701.92,
2026-06-13 14:00:00,,1561522.46,
2026-06-13 15:00:00,,1546183.01,
2026-06-13 16:00:00,,1593910.97,
2026-06-13 17:00:00,,1559753.36,
2026-06-13 18:00:00,,1555345.48,
2026-06-13 19:00:00,,1551992.13,
2026-06-13 20:00:00,,1569214.92,
2026-06-13 21:00:00,,1561748.56,
2026-06-13 22:00:00,,1561915.44,
2026-06-13 23:00:00,,1532275.42,
2026-06-14 00:00:00,,1560583.05,
2026-06-14 01:00:00,,1526672.33,
2026-06-14 02:00:00,,1558482.84,
2026-06-14 03:00:00,,1551583.29,
2026-06-14 04:00:00,,1558253.98,
2026-06-14 05:00:00,,1519652.74,
2026-06-14 06:00:00,,1528790.89,
2026-06-14 07:00:00,,1506288.50,
2026-06-14 08:00:00,,1502294.10,
2026-06-14 09:00:00,,1494914.40,
2026-06-14 10:00:00,,1486722.46,
2026-06-14 11:00:00,,1470121.40,
2026-06-14 12:00:00,,1526378.81,
2026-06-14 13:00:00,,1481051.07,
2026-06-14 14:00:00,,1493846.73,
2026-06-14 15:00:00,,1467397.99,
2026-06-14 16:00:00,,1458956.02,
2026-06-14 17:00:00,,1461211.34,
2026-06-14 18:00:00,,1449214.01,
2026-06-14 19:00:00,,1424089.44,
2026-06-14 20:00:00,,1434647.67,
2026-06-14 21:00:00,,1429210.61,
2026-06-14 22:00:00,,1493239.38,
2026-06-14 23:00:00,,1461671.08,
2026-06-15 00:00:00,,1458709.43,
2026-06-15 01:00:00,,1403604.60,
2026-06-15 02:00:00,,1379211.73,
2026-06-15 03:00:00,,1371587.17,
2026-06-15 04:00:00,,1370771.68,
2026-06-15 05:00:00,,1350266.23,
2026-06-15 06:00:00,,1349656.38,
2026-06-15 07:00:00,,1359107.80,
2026-06-15 08:00:00,,1355899.80,
2026-06-15 09:00:00,,1362505.19,
2026-06-15 10:00:00,,1388419.32,
2026-06-15 11:00:00,,1408524.09,
2026-06-15 12:00:00,,1412920.83,
2026-06-15 13:00:00,,1422738.21,
2026-06-15 14:00:00,,1443404.67,
2026-06-15 15:00:00,,1415146.07,
2026-06-15 16:00:00,,1429196.88,
2026-06-15 17:00:00,,1400767.61,
2026-06-15 18:00:00,,1391620.79,
2026-06-15 19:00:00,,1407290.56,
2026-06-15 20:00:00,,1385180.78,
2026-06-15 21:00:00,,1381418.96,
2026-06-15 22:00:00,,1374917.38,
2026-06-15 23:00:00,,1364690.53,
2026-06-16 00:00:00,,1406538.06,
2026-06-16 01:00:00,,1416209.63,
2026-06-16 02:00:00,,1403250.03,
2026-06-16 03:00:00,,1352483.63,
2026-06-16 04:00:00,,1377055.32,
2026-06-16 05:00:00,,1347960.72,
2026-06-16 06:00:00,,1349000.42,
2026-06-16 07:00:00,,1356911.97,
2026-06-16 08:00:00,,1352201.19,
2026-06-16 09:00:00,,1388593.88,
2026-06-16 10:00:00,,1392553.13,
2026-06-16 11:00:00,,1391098.49,
2026-06-16 12:00:00,,1433527.66,
2026-06-16 13:00:00,,1423761.75,
2026-06-16 14:00:00,,1387551.46,
2026-06-16 15:00:00,,1369433.42,
2026-06-16 16:00:00,,1396092.31,
2026-06-16 17:00:00,,1476190.75,
2026-06-16 18:00:00,,1474605.32,
2026-06-16 19:00:00,,1478513.89,
2026-06-16 20:00:00,,1460676.55,
2026-06-16 21:00:00,,1454311.82,
2026-06-16 22:00:00,,1448443.21,
2026-06-16 23:00:00,,1442797.74,
2026-06-17 00:00:00,,1440491.48,
2026-06-17 01:00:00,,1436034.07,
2026-06-17 02:00:00,,1433562.73,
2026-06-17 03:00:00,,1405710.68,
2026-06-17 04:00:00,,1322859.53,
2026-06-17 05:00:00,,1308328.71,
2026-06-17 06:00:00,,1275259.91,
2026-06-17 07:00:00,,1273066.00,
2026-06-17 08:00:00,,1257012.44,
2026-06-17 09:00:00,,1252400.99,
2026-06-17 10:00:00,,1249975.99,
2026-06-17 11:00:00,,1238074.30,
2026-06-17 12:00:00,,1217221.60,
2026-06-17 13:00:00,,1219823.85,
2026-06-17 14:00:00,,1222850.18,
2026-06-17 15:00:00,,1217191.93,
2026-06-17 16:00:00,,1236984.16,
2026-06-17 17:00:00,,1229046.73,
2026-06-17 18:00:00,,1221762.56,
2026-06-17 19:00:00,,1214427.52,
2026-06-17 20:00:00,,1160506.47,
2026-06-17 21:00:00,,1161122.96,
2026-06-17 22:00:00,,1154892.68,
2026-06-17 23:00:00,,1167041.41,
2026-06-18 00:00:00,,1172514.37,
2026-06-18 01:00:00,,1176204.08,
2026-06-18 02:00:00,,1186268.71,
2026-06-18 03:00:00,,1186672.59,
2026-06-18 04:00:00,,1189678.35,
2026-06-18 05:00:00,,1166535.41,
2026-06-18 06:00:00,,1173721.77,
2026-06-18 07:00:00,,1169530.11,
2026-06-18 08:00:00,,1172210.73,
2026-06-18 09:00:00,,1174374.52,
2026-06-18 10:00:00,,1169771.32,
2026-06-18 11:00:00,,1166027.81,
2026-06-18 12:00:00,,1160991.03,
2026-06-18 13:00:00,,1176237.52,
2026-06-18 14:00:00,,1157012.04,
2026-06-18 15:00:00,,1170366.77,
2026-06-18 16:00:00,,1132657.84,
2026-06-18 17:00:00,,1146896.38,
2026-06-18 18:00:00,,1172471.05,
2026-06-18 19:00:00,,1167026.51,
2026-06-18 20:00:00,,1175448.20,
2026-06-18 21:00:00,,1190245.51,
2026-06-18 22:00:00,,1180951.35,
2026-06-18 23:00:00,,1188888.93,
2026-06-19 00:00:00,,1185741.45,
2026-06-19 01:00:00,,1219898.51,
2026-06-19 02:00:00,,1209608.74,
2026-06-19 03:00:00,,1187341.25,
2026-06-19 04:00:00,,1170525.85,
2026-06-19 05:00:00,,1153902.60,
2026-06-19 06:00:00,,1148728.04,
2026-06-19 07:00:00,,1170299.05,
2026-06-19 08:00:00,,1159463.83,
2026-06-19 09:00:00,,1169043.90,
2026-06-19 10:00:00,,1152824.94,
2026-06-19 11:00:00,,1143281.20,
2026-06-19 12:00:00,,1155945.78,
2026-06-19 13:00:00,,1158179.58,
2026-06-19 14:00:00,,1175344.76,
2026-06-19 15:00:00,,1188713.54,
2026-06-19 16:00:00,,1196181.80,
2026-06-19 17:00:00,,1212290.72,
2026-06-19 18:00:00,,1235176.56,
2026-06-19 19:00:00,,1245400.91,
2026-06-19 20:00:00,,1270137.81,
2026-06-19 21:00:00,,1282921.34,
2026-06-19 22:00:00,,1323879.50,
2026-06-19 23:00:00,,1313535.32,
2026-06-20 00:00:00,,1356068.73,
2026-06-20 01:00:00,,1370022.50,
2026-06-20 02:00:00,,1349571.95,
2026-06-20 03:00:00,,1351060.70,
2026-06-20 04:00:00,,1362788.85,
2026-06-20 05:00:00,,1372099.09,
2026-06-20 06:00:00,,1419971.81,
2026-06-20 07:00:00,,1430971.53,
2026-06-20 08:00:00,,1441612.18,
2026-06-20 09:00:00,,1439794.71,
2026-06-20 10:00:00,,1442653.55,
2026-06-20 11:00:00,,1430773.34,
2026-06-20 12:00:00,,1429490.49,
2026-06-20 13:00:00,,1429458.12,
2026-06-20 14:00:00,,1416804.67,
2026-06-20 15:00:00,,1439457.31,
2026-06-20 16:00:00,,1440143.23,
2026-06-20 17:00:00,,1440189.78,
2026-06-20 18:00:00,,1454422.50,
2026-06-20 19:00:00,,1466915.09,
2026-06-20 20:00:00,,1461968.76,
2026-06-20 21:00:00,,1457565.79,
2026-06-20 22:00:00,,1457945.99,
2026-06-20 23:00:00,,1442640.96,
2026-06-21 00:00:00,,1408771.82,
2026-06-21 01:00:00,,1361527.19,
2026-06-21 02:00:00,,1351290.98,
2026-06-21 03:00:00,,1354625.73,
2026-06-21 04:00:00,,1393126.00,
2026-06-21 05:00:00,,1361842.12,
2026-06-21 06:00:00,,1367070.15,
2026-06-21 07:00:00,,1371391.72,
2026-06-21 08:00:00,,1373133.46,
2026-06-21 09:00:00,,1358763.20,
2026-06-21 10:00:00,,1378774.85,
2026-06-21 11:00:00,,1385383.87,
2026-06-21 12:00:00,,1372551.80,
2026-06-21 13:00:00,,1383566.13,
2026-06-21 14:00:00,,1388722.53,
2026-06-21 15:00:00,,1418939.51,
2026-06-21 16:00:00,,1391093.61,
2026-06-21 17:00:00,,1340068.68,
2026-06-21 18:00:00,,1349181.58,
2026-06-21 19:00:00,,1360778.09,
2026-06-21 20:00:00,,1371148.13,
2026-06-21 21:00:00,,1368299.38,
2026-06-21 22:00:00,,1381065.53,
2026-06-21 23:00:00,,1388765.40,
2026-06-22 00:00:00,,1388140.21,
2026-06-22 01:00:00,,1407166.94,
2026-06-22 02:00:00,,1466388.15,
2026-06-22 03:00:00,,1481578.73,
2026-06-22 04:00:00,,1436689.59,
2026-06-22 05:00:00,,1471991.35,
2026-06-22 06:00:00,,1662589.98,
2026-06-22 07:00:00,,1690186.47,
2026-06-22 08:00:00,,1750473.63,
2026-06-22 09:00:00,,1713293.31,
2026-06-22 10:00:00,,1699513.80,
2026-06-22 11:00:00,,1691841.02,
2026-06-22 12:00:00,,1694056.72,
2026-06-22 13:00:00,,1713008.79,
2026-06-22 14:00:00,,1607770.69,
2026-06-22 15:00:00,,1609566.76,
2026-06-22 16:00:00,,1619362.84,
2026-06-22 17:00:00,,1517051.82,
2026-06-22 18:00:00,,1534803.14,
2026-06-22 19:00:00,,1517673.82,
2026-06-22 20:00:00,,1491640.88,
2026-06-22 21:00:00,,1475176.68,
2026-06-22 22:00:00,,1425678.24,
2026-06-22 23:00:00,,1481373.88,
2026-06-23 00:00:00,,1503820.74,
2026-06-23 01:00:00,,1532931.15,
2026-06-23 02:00:00,,1549762.32,
2026-06-23 03:00:00,,1512833.82,
2026-06-23 04:00:00,,1542644.30,
2026-06-23 05:00:00,,1603880.15,
2026-06-23 06:00:00,,1609754.40,
2026-06-23 07:00:00,,1496560.22,
2026-06-23 08:00:00,,1402922.08,
2026-06-23 09:00:00,,1392628.87,
2026-06-23 10:00:00,,1440380.76,
2026-06-23 11:00:00,,1494352.47,
2026-06-23 12:00:00,,1478402.50,
2026-06-23 13:00:00,,1532188.85,
2026-06-23 14:00:00,,1509407.23,
2026-06-23 15:00:00,,1564532.01,
2026-06-23 16:00:00,,1553768.14,
2026-06-23 17:00:00,,1571236.10,
2026-06-23 18:00:00,,1577907.30,
2026-06-23 19:00:00,,1601280.44,
2026-06-23 20:00:00,,1600290.04,
2026-06-23 21:00:00,,1617665.97,
2026-06-23 22:00:00,,1611502.93,
2026-06-23 23:00:00,,1598415.82,
2026-06-24 00:00:00,,1590495.92,
2026-06-24 01:00:00,,1615439.35,
2026-06-24 02:00:00,,1584380.34,
2026-06-24 03:00:00,,1542174.08,
2026-06-24 04:00:00,,1574983.99,
2026-06-24 05:00:00,,1593661.39,
2026-06-24 06:00:00,,1625971.75,
2026-06-24 07:00:00,,1630900.04,
2026-06-24 08:00:00,,1546633.67,
2026-06-24 09:00:00,,1499127.40,
2026-06-24 10:00:00,,1517222.49,
2026-06-24 11:00:00,,1631781.65,
2026-06-24 12:00:00,,1622081.35,
2026-06-24 13:00:00,,1613586.49,
2026-06-24 14:00:00,,1543506.42,
2026-06-24 15:00:00,,1590793.89,
2026-06-24 16:00:00,,1600783.70,
2026-06-24 17:00:00,,1514361.16,
2026-06-24 18:00:00,,1468826.19,
2026-06-24 19:00:00,,1508587.39,
2026-06-24 20:00:00,,1477218.64,
2026-06-24 21:00:00,,1499318.77,
2026-06-24 22:00:00,,1490693.50,
2026-06-24 23:00:00,,1488444.08,
2026-06-25 00:00:00,,1512150.93,
2026-06-25 01:00:00,,1558920.34,
2026-06-25 02:00:00,,1611186.37,
2026-06-25 03:00:00,,1583196.53,
2026-06-25 04:00:00,,1633371.67,
2026-06-25 05:00:00,,1607198.72,
2026-06-25 06:00:00,,1629590.00,
2026-06-25 07:00:00,,1758255.72,
2026-06-25 08:00:00,,1682941.36,
2026-06-25 09:00:00,,1652363.39,
2026-06-25 10:00:00,,1672027.62,
2026-06-25 11:00:00,,1595581.22,
2026-06-25 12:00:00,,1557766.17,
2026-06-25 13:00:00,,1568400.68,
2026-06-25 14:00:00,,1461781.45,
2026-06-25 15:00:00,,1536385.72,
2026-06-25 16:00:00,,1544559.60,
2026-06-25 17:00:00,,1539124.91,
2026-06-25 18:00:00,,1544956.33,
2026-06-25 19:00:00,,1555032.27,
2026-06-25 20:00:00,,1538609.18,
2026-06-25 21:00:00,,1647000.50,
2026-06-25 22:00:00,,1667626.82,
2026-06-25 23:00:00,,1657591.89,
2026-06-26 00:00:00,,1724458.59,
2026-06-26 01:00:00,,1711367.09,
2026-06-26 02:00:00,,1651252.42,
2026-06-26 03:00:00,,1617848.17,
2026-06-26 04:00:00,,1707273.50,
2026-06-26 05:00:00,,1693990.83,
2026-06-26 06:00:00,,1680583.27,
2026-06-26 07:00:00,,1672859.14,
2026-06-26 08:00:00,,1735012.13,
2026-06-26 09:00:00,,1742905.45,
2026-06-26 10:00:00,,1759011.00,
2026-06-26 11:00:00,,1771054.40,
2026-06-26 12:00:00,,1775934.09,
2026-06-26 13:00:00,,1772721.28,
2026-06-26 14:00:00,,1815459.99,
2026-06-26 15:00:00,,1851013.35,
2026-06-26 16:00:00,,1890759.69,
2026-06-26 17:00:00,,1884913.34,
2026-06-26 18:00:00,,1887071.69,
2026-06-26 19:00:00,,1906168.27,
2026-06-26 20:00:00,,1965275.95,
2026-06-26 21:00:00,,2023906.99,
2026-06-26 22:00:00,,2077985.08,
2026-06-26 23:00:00,,2109896.66,
2026-06-27 00:00:00,,2170213.70,
2026-06-27 01:00:00,,2161467.10,
2026-06-27 02:00:00,,2214212.44,
2026-06-27 03:00:00,,2208815.35,
2026-06-27 04:00:00,,2239906.62,
2026-06-27 05:00:00,,2214366.67,
2026-06-27 06:00:00,,2287832.98,
2026-06-27 07:00:00,,2313831.67,
2026-06-27 08:00:00,,2356919.22,
2026-06-27 09:00:00,,2404599.72,
2026-06-27 10:00:00,,2424801.09,
2026-06-27 11:00:00,,2446563.65,
2026-06-27 12:00:00,,2455784.13,
2026-06-27 13:00:00,,2455686.93,
2026-06-27 14:00:00,,2506996.18,
2026-06-27 15:00:00,,2492369.62,
2026-06-27 16:00:00,,2356044.64,
2026-06-27 17:00:00,,2415692.95,
2026-06-27 18:00:00,,2483441.84,
2026-06-27 19:00:00,,2505489.10,
2026-06-27 20:00:00,,2568048.69,
2026-06-27 21:00:00,,2567356.56,
2026-06-27 22:00:00,,2592824.50,
2026-06-27 23:00:00,,2607818.62,
2026-06-28 00:00:00,,2597695.99,
2026-06-28 01:00:00,,2596193.99,
2026-06-28 02:00:00,,2484563.77,
2026-06-28 03:00:00,,2547953.92,
2026-06-28 04:00:00,,2547804.94,
2026-06-28 05:00:00,,2568127.10,
2026-06-28 06:00:00,,2562218.90,
2026-06-28 07:00:00,,2552151.70,
2026-06-28 08:00:00,,2545598.22,
2026-06-28 09:00:00,,2605679.94,
2026-06-28 10:00:00,,2656806.53,
2026-06-28 11:00:00,,2693318.63,
2026-06-28 12:00:00,,2684825.53,
2026-06-28 13:00:00,,2695437.11,
2026-06-28 14:00:00,,2689720.52,
2026-06-28 15:00:00,,2708667.43,
2026-06-28 16:00:00,,2665466.08,
2026-06-28 17:00:00,,2676561.43,
2026-06-28 18:00:00,,2639819.15,
2026-06-28 19:00:00,,2678066.32,
2026-06-28 20:00:00,,2689606.96,
2026-06-28 21:00:00,,2701710.54,
2026-06-28 22:00:00,,2685843.29,
2026-06-28 23:00:00,,2665926.44,
2026-06-29 00:00:00,,2703623.62,
2026-06-29 01:00:00,,2695774.90,
2026-06-29 02:00:00,,2674474.49,
2026-06-29 03:00:00,,2651534.27,
2026-06-29 04:00:00,,2662761.99,
2026-06-29 05:00:00,,2684095.92,
2026-06-29 06:00:00,,2681463.59,
2026-06-29 07:00:00,,2652628.77,
2026-06-29 08:00:00,,2694841.66,
2026-06-29 09:00:00,,2745345.26,
2026-06-29 10:00:00,,2819205.82,
2026-06-29 11:00:00,,2852387.22,
2026-06-29 12:00:00,,2889343.80,
2026-06-29 13:00:00,,3272056.36,
2026-06-29 14:00:00,,3359556.55,
2026-06-29 15:00:00,,3564397.42,
2026-06-29 16:00:00,,3597725.32,
2026-06-29 17:00:00,,3670781.90,
2026-06-29 18:00:00,,3693908.54,
2026-06-29 19:00:00,,3735907.47,
2026-06-29 20:00:00,,3743207.19,
2026-06-29 21:00:00,,3711763.73,
2026-06-29 22:00:00,,3643860.33,
2026-06-29 23:00:00,,3541782.15,
2026-06-30 00:00:00,,3533649.21,
2026-06-30 01:00:00,,3464233.02,
2026-06-30 02:00:00,,3492225.22,
2026-06-30 03:00:00,,3512600.75,
2026-06-30 04:00:00,,3454972.25,
2026-06-30 05:00:00,,3416870.47,
2026-06-30 06:00:00,,3428487.81,
2026-06-30 07:00:00,,3534920.87,
2026-06-30 08:00:00,,3457044.66,
2026-06-30 09:00:00,,3567150.07,
2026-06-30 10:00:00,,3657028.54,
2026-06-30 11:00:00,,3590665.28,
2026-06-30 12:00:00,,3713014.41,
2026-06-30 13:00:00,,4146216.19,
2026-06-30 14:00:00,,5916902.47,
2026-06-30 15:00:00,,11134441.31,
2026-06-30 16:00:00,,13442198.83,
2026-06-30 17:00:00,,8948541.11,
2026-06-30 18:00:00,,6470842.83,
2026-06-30 19:00:00,,6999978.57,
2026-06-30 20:00:00,,4942193.22,
2026-06-30 21:00:00,,4845432.37,
2026-06-30 22:00:00,,4584333.90,
2026-06-30 23:00:00,,4975881.67,
2026-07-01 00:00:00,,5185301.54,
2026-07-01 01:00:00,,4287808.16,
2026-07-01 02:00:00,,4762054.10,
2026-07-01 03:00:00,,4787332.00,
2026-07-01 04:00:00,,5055183.07,
2026-07-01 05:00:00,,4961369.70,
2026-07-01 06:00:00,,5053007.81,
2026-07-01 07:00:00,,4838791.22,
2026-07-01 08:00:00,,4778965.48,
2026-07-01 09:00:00,,4662735.54,
2026-07-01 10:00:00,,4732495.52,
2026-07-01 11:00:00,,4490318.74,
2026-07-01 12:00:00,,4505189.25,
2026-07-01 13:00:00,,4536358.12,
2026-07-01 14:00:00,,4599719.06,
2026-07-01 15:00:00,,4678036.60,
2026-07-01 16:00:00,,4884003.84,
2026-07-01 17:00:00,,4895087.28,
2026-07-01 18:00:00,,4794849.05,
2026-07-01 19:00:00,,4665783.46,
2026-07-01 20:00:00,,4448535.42,
2026-07-01 21:00:00,,4487865.15,
2026-07-01 22:00:00,,4638231.46,
2026-07-01 23:00:00,,4631005.21,
2026-07-02 00:00:00,,3998061.44,
2026-07-02 01:00:00,,3854577.21,
2026-07-02 02:00:00,,3965639.75,
2026-07-02 03:00:00,,4062282.24,
2026-07-02 04:00:00,,4043434.76,
2026-07-02 05:00:00,,3903455.37,
2026-07-02 06:00:00,,4005352.31,
2026-07-02 07:00:00,,4013860.41,
2026-07-02 08:00:00,,3963501.29,
2026-07-02 09:00:00,,4008912.84,
2026-07-02 10:00:00,,3933321.66,
2026-07-02 11:00:00,,3801329.47,
2026-07-02 12:00:00,,3815453.05,
2026-07-02 13:00:00,,3833276.96,
2026-07-02 14:00:00,,4010855.35,
2026-07-02 15:00:00,,3922197.32,
2026-07-02 16:00:00,,4053211.27,
2026-07-02 17:00:00,,4152540.70,
2026-07-02 18:00:00,,4128540.51,
2026-07-02 19:00:00,,4087589.38,
2026-07-02 20:00:00,,4017484.45,
2026-07-02 21:00:00,,3980910.97,
2026-07-02 22:00:00,,3914199.35,
2026-07-02 23:00:00,,3953201.46,
2026-07-03 00:00:00,,4041086.23,
2026-07-03 01:00:00,,4062679.78,
2026-07-03 02:00:00,,3999464.65,
2026-07-03 03:00:00,,3841867.01,
2026-07-03 04:00:00,,3843086.42,
2026-07-03 05:00:00,,3820652.38,
2026-07-03 06:00:00,,3813553.54,
2026-07-03 07:00:00,,3809046.56,
2026-07-03 08:00:00,,3760804.58,
2026-07-03 09:00:00,,3702266.04,
2026-07-03 10:00:00,,3677879.77,
2026-07-03 11:00:00,,3392629.23,
2026-07-03 12:00:00,,3394224.82,
2026-07-03 13:00:00,,3326627.32,
2026-07-03 14:00:00,,3345403.99,
2026-07-03 15:00:00,,3305869.61,
2026-07-03 16:00:00,,3265077.49,
2026-07-03 17:00:00,,3307592.66,
2026-07-03 18:00:00,,3306551.83,
2026-07-03 19:00:00,,3303918.83,
2026-07-03 20:00:00,,3295926.79,
2026-07-03 21:00:00,,3319424.28,
2026-07-03 22:00:00,,3308469.75,
2026-07-03 23:00:00,,3308400.76,
2026-07-04 00:00:00,,3350338.87,
2026-07-04 01:00:00,,3266583.97,
2026-07-04 02:00:00,,3190484.96,
2026-07-04 03:00:00,,3261387.27,
2026-07-04 04:00:00,,3234424.45,
2026-07-04 05:00:00,,3255170.19,
2026-07-04 06:00:00,,3205841.18,
2026-07-04 07:00:00,,3185252.01,
2026-07-04 08:00:00,,3130374.25,
2026-07-04 09:00:00,,3121982.01,
2026-07-04 10:00:00,,3088738.08,
2026-07-04 11:00:00,,3080591.85,
2026-07-04 12:00:00,,3099214.37,
2026-07-04 13:00:00,,3016957.64,
2026-07-04 14:00:00,,2961773.18,
2026-07-04 15:00:00,,2933836.72,
2026-07-04 16:00:00,,2947939.02,
2026-07-04 17:00:00,,2937740.14,
2026-07-04 18:00:00,,2943548.05,
2026-07-04 19:00:00,,2932909.23,
2026-07-04 20:00:00,,2918335.82,
2026-07-04 21:00:00,,2903800.99,
2026-07-04 22:00:00,,2898355.03,
2026-07-04 23:00:00,,2863267.68,
2026-07-05 00:00:00,,2790364.77,
2026-07-05 01:00:00,,2662412.83,
2026-07-05 02:00:00,,2624869.46,
2026-07-05 03:00:00,,2594842.38,
2026-07-05 04:00:00,,2553597.20,
2026-07-05 05:00:00,,2539261.12,
2026-07-05 06:00:00,,2551833.69,
2026-07-05 07:00:00,,2549624.71,
2026-07-05 08:00:00,,2540503.72,
2026-07-05 09:00:00,,2522064.05,
2026-07-05 10:00:00,,2494692.55,
2026-07-05 11:00:00,,2489997.82,
2026-07-05 12:00:00,,2494372.61,
2026-07-05 13:00:00,,2468464.17,
2026-07-05 14:00:00,,2492237.43,
2026-07-05 15:00:00,,2527011.93,
2026-07-05 16:00:00,,2515412.61,
2026-07-05 17:00:00,,2517868.16,
2026-07-05 18:00:00,,2523160.67,
2026-07-05 19:00:00,,2542778.74,
2026-07-05 20:00:00,,2528543.74,
2026-07-05 21:00:00,,2522824.73,
2026-07-05 22:00:00,,2538191.64,
2026-07-05 23:00:00,,2515876.96,
2026-07-06 00:00:00,,2514018.09,
2026-07-06 01:00:00,,2494478.36,
2026-07-06 02:00:00,,2470571.37,
2026-07-06 03:00:00,,2473697.27,
2026-07-06 04:00:00,,2482383.95,
2026-07-06 05:00:00,,2432812.21,
2026-07-06 06:00:00,,2401377.73,
2026-07-06 07:00:00,,2396779.16,
2026-07-06 08:00:00,,2415679.91,
2026-07-06 09:00:00,,2417943.00,
2026-07-06 10:00:00,,2406137.45,
2026-07-06 11:00:00,,2427458.89,
2026-07-06 12:00:00,,2410883.60,
2026-07-06 13:00:00,,2338152.19,
2026-07-06 14:00:00,,2323633.16,
2026-07-06 15:00:00,,2280885.11,
2026-07-06 16:00:00,,2299212.45,
2026-07-06 17:00:00,,2297973.88,
2026-07-06 18:00:00,,2258495.98,
2026-07-06 19:00:00,,2254299.87,
2026-07-06 20:00:00,,2257664.42,
2026-07-06 21:00:00,,2245928.13,
2026-07-06 22:00:00,,2321671.81,
2026-07-06 23:00:00,,2326574.06,
2026-07-07 00:00:00,,2342952.94,
2026-07-07 01:00:00,,2387296.54,
2026-07-07 02:00:00,,2342518.37,
2026-07-07 03:00:00,,2327702.76,
2026-07-07 04:00:00,,2325643.91,
2026-07-07 05:00:00,,2313761.86,
2026-07-07 06:00:00,,2281617.15,
2026-07-07 07:00:00,,2218501.27,
2026-07-07 08:00:00,,2204861.32,
2026-07-07 09:00:00,,2144087.48,
2026-07-07 10:00:00,,2175667.86,
2026-07-07 11:00:00,,2162697.45,
2026-07-07 12:00:00,,2151625.57,
2026-07-07 13:00:00,,2129122.26,
2026-07-07 14:00:00,,2106639.39,
2026-07-07 15:00:00,,2087836.50,
2026-07-07 16:00:00,,2099830.06,
2026-07-07 17:00:00,,2169901.08,
2026-07-07 18:00:00,,2157991.54,
2026-07-07 19:00:00,,2151012.12,
2026-07-07 20:00:00,,2163529.03,
2026-07-07 21:00:00,,2163640.15,
2026-07-07 22:00:00,,2211401.20,
2026-07-07 23:00:00,,2192093.84,
2026-07-08 00:00:00,,2195347.25,
2026-07-08 01:00:00,,2185461.22,
2026-07-08 02:00:00,,2131004.48,
2026-07-08 03:00:00,,1956349.06,
2026-07-08 04:00:00,,1932167.70,
2026-07-08 05:00:00,,1974105.42,
2026-07-08 06:00:00,,1982199.88,
2026-07-08 07:00:00,,1949774.20,
2026-07-08 08:00:00,,1955627.46,
2026-07-08 09:00:00,,1869850.96,
2026-07-08 10:00:00,,1813811.48,
2026-07-08 11:00:00,,1835122.72,
2026-07-08 12:00:00,,1829729.18,
2026-07-08 13:00:00,,1853008.17,
2026-07-08 14:00:00,,1773389.90,
2026-07-08 15:00:00,,1788287.46,
2026-07-08 16:00:00,,1759683.49,
2026-07-08 17:00:00,,1763041.26,
2026-07-08 18:00:00,,1765400.22,
2026-07-08 19:00:00,,1761291.24,
2026-07-08 20:00:00,,1746892.75,
2026-07-08 21:00:00,,1728655.58,
2026-07-08 22:00:00,,1734084.57,
2026-07-08 23:00:00,,1745358.55,
2026-07-09 00:00:00,,1763882.29,
2026-07-09 01:00:00,,1852423.74,
2026-07-09 02:00:00,,1901632.95,
2026-07-09 03:00:00,,1947969.30,
2026-07-09 04:00:00,,1933232.68,
2026-07-09 05:00:00,,1884666.02,
2026-07-09 06:00:00,,1880671.99,
2026-07-09 07:00:00,,1865756.37,
2026-07-09 08:00:00,,1866370.69,
2026-07-09 09:00:00,,1821660.32,
2026-07-09 10:00:00,,1804049.70,
2026-07-09 11:00:00,,1766869.52,
2026-07-09 12:00:00,,1784927.18,
2026-07-09 13:00:00,,1775188.97,
2026-07-09 14:00:00,,1768884.43,
2026-07-09 15:00:00,,1766758.26,
2026-07-09 16:00:00,,1751388.13,
2026-07-09 17:00:00,,1767087.71,
2026-07-09 18:00:00,,1759481.93,
2026-07-09 19:00:00,,1770225.15,
2026-07-09 20:00:00,,1756415.05,
2026-07-09 21:00:00,,1737859.17,
2026-07-09 22:00:00,,1750991.96,
2026-07-09 23:00:00,,1749833.84,
2026-07-10 00:00:00,,1768430.77,
2026-07-10 01:00:00,,1821205.19,
2026-07-10 02:00:00,,1784120.52,
2026-07-10 03:00:00,,1803863.40,
2026-07-10 04:00:00,,1792659.39,
2026-07-10 05:00:00,,1783231.78,
2026-07-10 06:00:00,,1797046.06,
2026-07-10 07:00:00,,1781116.72,
2026-07-10 08:00:00,,1776094.40,
2026-07-10 09:00:00,,1780337.05,
2026-07-10 10:00:00,,1780327.54,
2026-07-10 11:00:00,,1801102.22,
2026-07-10 12:00:00,,1791481.07,
2026-07-10 13:00:00,,1788385.82,
2026-07-10 14:00:00,,1793813.15,
2026-07-10 15:00:00,,1830297.49,
2026-07-10 16:00:00,,1813348.75,
2026-07-10 17:00:00,,1823184.98,
2026-07-10 18:00:00,,1825711.86,
2026-07-10 19:00:00,,1825277.49,
2026-07-10 20:00:00,,1833652.34,
2026-07-10 21:00:00,,1814733.74,
2026-07-10 22:00:00,,1788460.28,
2026-07-10 23:00:00,,1771418.60,
2026-07-11 00:00:00,,1753571.30,
2026-07-11 01:00:00,,1849594.57,
2026-07-11 02:00:00,,1928104.28,
2026-07-11 03:00:00,,1846161.62,
2026-07-11 04:00:00,,1844049.19,
2026-07-11 05:00:00,,1878580.04,
2026-07-11 06:00:00,,1883310.11,
2026-07-11 07:00:00,,1874019.92,
2026-07-11 08:00:00,,1863131.94,
2026-07-11 09:00:00,,1851104.36,
2026-07-11 10:00:00,,1841233.40,
2026-07-11 11:00:00,,1840983.21,
2026-07-11 12:00:00,,1820859.82,
2026-07-11 13:00:00,,1814437.14,
2026-07-11 14:00:00,,1796307.43,
2026-07-11 15:00:00,,1793892.84,
2026-07-11 16:00:00,,1783311.39,
2026-07-11 17:00:00,,1780888.84,
2026-07-11 18:00:00,,1783094.38,
2026-07-11 19:00:00,,1785965.35,
2026-07-11 20:00:00,,1786810.23,
2026-07-11 21:00:00,,1794358.54,
2026-07-11 22:00:00,,1790076.75,
2026-07-11 23:00:00,,1787965.54,
2026-07-12 00:00:00,,1785733.67,
2026-07-12 01:00:00,,1691434.86,
2026-07-12 02:00:00,,1677990.57,
2026-07-12 03:00:00,,1662357.22,
2026-07-12 04:00:00,,1668659.59,
2026-07-12 05:00:00,,1664136.14,
2026-07-12 06:00:00,,1658092.95,
2026-07-12 07:00:00,,1668507.69,
2026-07-12 08:00:00,,1673706.38,
2026-07-12 09:00:00,,1676516.78,
2026-07-12 10:00:00,,1694761.36,
2026-07-12 11:00:00,,1667023.42,
2026-07-12 12:00:00,,1674424.68,
2026-07-12 13:00:00,,1667637.62,
2026-07-12 14:00:00,,1662770.67,
2026-07-12 15:00:00,,1668741.73,
2026-07-12 16:00:00,,1659210.27,
2026-07-12 17:00:00,,1657491.91,
2026-07-12 18:00:00,,1656372.67,
2026-07-12 19:00:00,,1653576.18,
2026-07-12 20:00:00,,1646269.65,
2026-07-12 21:00:00,,1626586.07,
2026-07-12 22:00:00,,1620401.74,
2026-07-12 23:00:00,,1596361.36,
2026-07-13 00:00:00,,1584212.53,
2026-07-13 01:00:00,,1510429.30,
2026-07-13 02:00:00,,1475271.56,
2026-07-13 03:00:00,,1478135.33,
2026-07-13 04:00:00,,1472265.59,
2026-07-13 05:00:00,,1479466.54,
2026-07-13 06:00:00,,1493170.54,
2026-07-13 07:00:00,,1481876.25,
2026-07-13 08:00:00,,1481861.52,
2026-07-13 09:00:00,,1478064.43,
2026-07-13 10:00:00,,1471273.24,
2026-07-13 11:00:00,,1465771.71,
2026-07-13 12:00:00,,1460225.62,
2026-07-13 13:00:00,,1446765.71,
2026-07-13 14:00:00,,1452385.88,
2026-07-13 15:00:00,,1461084.22,
2026-07-13 16:00:00,,1457800.46,
2026-07-13 17:00:00,,1454804.23,
2026-07-13 18:00:00,,1427924.88,
2026-07-13 19:00:00,,1435570.16,
2026-07-13 20:00:00,,1447080.89,
2026-07-13 21:00:00,,1442847.84,
2026-07-13 22:00:00,,1436851.98,
2026-07-13 23:00:00,,1436338.63,
2026-07-14 00:00:00,,1442631.51,
2026-07-14 01:00:00,,1436826.28,
2026-07-14 02:00:00,,1433420.82,
2026-07-14 03:00:00,,1421281.64,
2026-07-14 04:00:00,,1408919.65,
2026-07-14 05:00:00,,1406723.56,
2026-07-14 06:00:00,,1403938.58,
2026-07-14 07:00:00,,1400878.64,
2026-07-14 08:00:00,,1424126.25,
2026-07-14 09:00:00,,1426478.50,
2026-07-14 10:00:00,,1412369.72,
2026-07-14 11:00:00,,1415679.73,
2026-07-14 12:00:00,,1420332.45,
2026-07-14 13:00:00,,1448440.62,
2026-07-14 14:00:00,,1450467.56,
2026-07-14 15:00:00,,1452713.38,
2026-07-14 16:00:00,,1451740.65,
2026-07-14 17:00:00,,1452565.17,
2026-07-14 18:00:00,,1478492.25,
2026-07-14 19:00:00,,1476154.08,
2026-07-14 20:00:00,,1472190.28,
2026-07-14 21:00:00,,1469457.55,
2026-07-14 22:00:00,,1453166.91,
2026-07-14 23:00:00,,1452901.93,
2026-07-15 00:00:00,,1450962.24,
2026-07-15 01:00:00,,1471567.92,
2026-07-15 02:00:00,,1473067.34,
2026-07-15 03:00:00,,1454217.54,
2026-07-15 04:00:00,,1473002.86,
2026-07-15 05:00:00,,1491349.59,
2026-07-15 06:00:00,,1494469.55,
2026-07-15 07:00:00,,1504660.75,
2026-07-15 08:00:00,,1498689.25,
2026-07-15 09:00:00,,1502048.21,
2026-07-15 10:00:00,,1497747.92,
2026-07-15 11:00:00,,1501544.91,
2026-07-15 12:00:00,,1615097.28,
2026-07-15 13:00:00,,1615485.26,
2026-07-15 14:00:00,,1589610.96,
2026-07-15 15:00:00,,1587902.92,
2026-07-15 16:00:00,,1588089.58,
2026-07-15 17:00:00,,1555687.90,
2026-07-15 18:00:00,,1568453.49,
2026-07-15 19:00:00,,1567614.56,
2026-07-15 20:00:00,,1566141.36,
2026-07-15 21:00:00,,1564341.16,
2026-07-15 22:00:00,,1556509.26,
2026-07-15 23:00:00,,1550171.35,
2026-07-16 00:00:00,,1542756.74,
2026-07-16 01:00:00,,1525854.10,
2026-07-16 02:00:00,,1536035.68,
2026-07-16 03:00:00,,1534462.03,
2026-07-16 04:00:00,,1518306.73,
2026-07-16 05:00:00,,1517091.60,
2026-07-16 06:00:00,,1504605.90,
2026-07-16 07:00:00,,1494559.43,
2026-07-16 08:00:00,,1470860.57,
2026-07-16 09:00:00,,1469354.20,
2026-07-16 10:00:00,,1476707.52,
2026-07-16 11:00:00,,1472190.26,
2026-07-16 12:00:00,,1463516.68,
2026-07-16 13:00:00,,1455575.75,
2026-07-16 14:00:00,,1449401.20,
2026-07-16 15:00:00,,1445421.71,
2026-07-16 16:00:00,,1450381.73,
2026-07-16 17:00:00,,1446275.95,
2026-07-16 18:00:00,,1432283.72,
2026-07-16 19:00:00,,1433078.27,
2026-07-16 20:00:00,,1430149.24,
2026-07-16 21:00:00,,1425879.84,
2026-07-16 22:00:00,,1436571.40,
2026-07-16 23:00:00,,1425644.84,
2026-07-17 00:00:00,,1416426.24,
2026-07-17 01:00:00,,1406508.90,
2026-07-17 02:00:00,,1390663.48,
2026-07-17 03:00:00,,1388617.31,
2026-07-17 04:00:00,,1398771.46,
2026-07-17 05:00:00,,1407235.50,
2026-07-17 06:00:00,,1382378.03,
2026-07-17 07:00:00,,1382204.81,
2026-07-17 08:00:00,,1364780.18,
2026-07-17 09:00:00,,1366441.29,
2026-07-17 10:00:00,,1368014.40,
2026-07-17 11:00:00,,1372227.06,
2026-07-17 12:00:00,,1366366.16,
2026-07-17 13:00:00,,1366000.21,
2026-07-17 14:00:00,,1344189.75,
2026-07-17 15:00:00,,1353297.15,
2026-07-17 16:00:00,,1352227.29,
2026-07-17 17:00:00,,1360108.06,
2026-07-17 18:00:00,,1364737.13,
2026-07-17 19:00:00,,1360402.90,
2026-07-17 20:00:00,,1344682.88,
2026-07-17 21:00:00,,1334085.94,
2026-07-17 22:00:00,,1345939.49,
2026-07-17 23:00:00,,1344542.74,
2026-07-18 00:00:00,,1347668.27,
2026-07-18 01:00:00,,1348137.82,
2026-07-18 02:00:00,,1352139.49,
2026-07-18 03:00:00,,1346134.91,
2026-07-18 04:00:00,,1342717.89,
2026-07-18 05:00:00,,1330351.17,
2026-07-18 06:00:00,,1309298.56,
2026-07-18 07:00:00,,1296583.58,
2026-07-18 08:00:00,,1263573.65,
2026-07-18 09:00:00,,1258445.63,
2026-07-18 10:00:00,,1258851.65,
2026-07-18 11:00:00,,1252148.02,
2026-07-18 12:00:00,,1251701.42,
2026-07-18 13:00:00,,1244669.41,
2026-07-18 14:00:00,,1248097.43,
2026-07-18 15:00:00,,1257865.39,
2026-07-18 16:00:00,,1271651.14,
2026-07-18 17:00:00,,1274422.44,
2026-07-18 18:00:00,,1285966.43,
2026-07-18 19:00:00,,1311601.02,
2026-07-18 20:00:00,,1310144.81,
2026-07-18 21:00:00,,1305992.83,
2026-07-18 22:00:00,,1306057.49,
2026-07-18 23:00:00,,1315616.76,
2026-07-19 00:00:00,,1301022.86,
2026-07-19 01:00:00,,1277129.12,
2026-07-19 02:00:00,,1269413.51,
2026-07-19 03:00:00,,1270134.67,
2026-07-19 04:00:00,,1254158.78,
2026-07-19 05:00:00,,1232737.98,
2026-07-19 06:00:00,,1239079.88,
2026-07-19 07:00:00,,1238924.72,
2026-07-19 08:00:00,,1238264.67,
2026-07-19 09:00:00,,1247675.44,
2026-07-19 10:00:00,,1255567.85,
2026-07-19 11:00:00,,1254568.07,
2026-07-19 12:00:00,,1245503.89,
2026-07-19 13:00:00,,1255787.62,
2026-07-19 14:00:00,,1244652.34,
2026-07-19 15:00:00,,1245153.32,
2026-07-19 16:00:00,,1232518.00,
2026-07-19 17:00:00,,1199256.58,
2026-07-19 18:00:00,,1173025.64,
2026-07-19 19:00:00,,1166749.45,
2026-07-19 20:00:00,,1183839.72,
2026-07-19 21:00:00,,1199116.22,
2026-07-19 22:00:00,,1192114.86,
2026-07-19 23:00:00,,1202583.54,
2026-07-20 00:00:00,,1182460.65,
2026-07-20 01:00:00,,1142261.43,
2026-07-20 02:00:00,,1128626.68,
2026-07-20 03:00:00,,1132198.15,
2026-07-20 04:00:00,,1128149.15,
2026-07-20 05:00:00,,1101636.48,
2026-07-20 06:00:00,,1070533.00,
2026-07-20 07:00:00,,1072891.18,
2026-07-20 08:00:00,,1064249.69,
2026-07-20 09:00:00,,1055503.03,
2026-07-20 10:00:00,,1075260.86,
2026-07-20 11:00:00,,1078993.79,
2026-07-20 12:00:00,,1093629.85,
2026-07-20 13:00:00,,1116609.52,
2026-07-20 14:00:00,,1114062.20,
2026-07-20 15:00:00,,1108640.24,
2026-07-20 16:00:00,,1114974.25,
2026-07-20 17:00:00,,1110788.92,
2026-07-20 18:00:00,,1128651.12,
2026-07-20 19:00:00,,1120596.62,
2026-07-20 20:00:00,,1122827.89,
2026-07-20 21:00:00,,1116558.44,
2026-07-20 22:00:00,,1118234.62,
2026-07-20 23:00:00,,1116947.73,
2026-07-21 00:00:00,,1115874.97,
2026-07-21 01:00:00,,1119121.60,
2026-07-21 02:00:00,,1109929.54,
2026-07-21 03:00:00,,1115157.25,
2026-07-21 04:00:00,,1131399.79,
2026-07-21 05:00:00,,1117062.25,
2026-07-21 06:00:00,,1123705.40,
2026-07-21 07:00:00,,1130200.81,
2026-07-21 08:00:00,,1140660.36,
2026-07-21 09:00:00,,1146381.08,
2026-07-21 10:00:00,,1148568.25,
2026-07-21 11:00:00,,1143222.70,
2026-07-21 12:00:00,,1149355.39,
2026-07-21 13:00:00,,1159429.72,
2026-07-21 14:00:00,,1171914.21,
2026-07-21 15:00:00,,1167683.71,
2026-07-21 16:00:00,,1171710.57,
2026-07-21 17:00:00,,1175198.55,
2026-07-21 18:00:00,,1173858.76,
2026-07-21 19:00:00,,1176248.64,
2026-07-21 20:00:00,,1171072.81,
2026-07-21 21:00:00,,1168790.97,
2026-07-21 22:00:00,,1177281.34,
2026-07-21 23:00:00,,1186483.07,
2026-07-22 00:00:00,,1187064.75,
2026-07-22 01:00:00,,1178351.67,
2026-07-22 02:00:00,,1158318.82,
2026-07-22 03:00:00,,1159103.23,
2026-07-22 04:00:00,,1162364.44,
2026-07-22 05:00:00,,1165548.40,
2026-07-22 06:00:00,,1166987.53,
2026-07-22 07:00:00,,1173214.06,
2026-07-22 08:00:00,,1182775.73,
2026-07-22 09:00:00,,1181828.50,
2026-07-22 10:00:00,,1186729.30,
2026-07-22 11:00:00,,1203995.39,
2026-07-22 12:00:00,,1202020.14,
2026-07-22 13:00:00,,1195063.49,
2026-07-22 14:00:00,,1199977.26,
2026-07-22 15:00:00,,1199227.60,
2026-07-22 16:00:00,,1205732.98,
2026-07-22 17:00:00,,1210091.93,
2026-07-22 18:00:00,,1211614.89,
2026-07-22 19:00:00,,1216115.63,
2026-07-22 20:00:00,,1214930.20,
2026-07-22 21:00:00,,1217252.75,
2026-07-22 22:00:00,,1231174.27,
2026-07-22 23:00:00,,1233512.31,
2026-07-23 00:00:00,,1236030.17,
2026-07-23 01:00:00,,1223391.13,
2026-07-23 02:00:00,,1222364.66,
2026-07-23 03:00:00,,1218754.76,
2026-07-23 04:00:00,,1210503.43,
2026-07-23 05:00:00,,1205798.51,
2026-07-23 06:00:00,,1196326.09,
2026-07-23 07:00:00,,1188839.65,
2026-07-23 08:00:00,,1177795.12,
2026-07-23 09:00:00,,1177257.95,
2026-07-23 10:00:00,,1172877.45,
2026-07-23 11:00:00,,1173588.93,
2026-07-23 12:00:00,,1178814.70,
2026-07-23 13:00:00,,1168319.42,
2026-07-23 14:00:00,,1140939.76,
2026-07-23 15:00:00,,1138955.96,
2026-07-23 16:00:00,,1135766.43,
2026-07-23 17:00:00,,1132236.24,
2026-07-23 18:00:00,,1124538.66,
2026-07-23 19:00:00,,1118158.19,
2026-07-23 20:00:00,,1112602.15,
2026-07-23 21:00:00,,1117028.54,
2026-07-23 22:00:00,,1114820.31,
2026-07-23 23:00:00,,1111620.74,
2026-07-24 00:00:00,,1119962.51,
2026-07-24 01:00:00,,1244711.07,
2026-07-24 02:00:00,,1258678.92,
2026-07-24 03:00:00,,1243705.44,
2026-07-24 04:00:00,,1251441.90,
2026-07-24 05:00:00,,1267162.29,
2026-07-24 06:00:00,,1271530.78,
2026-07-24 07:00:00,,1274890.86,
2026-07-24 08:00:00,,1274000.81,
2026-07-24 09:00:00,,1264519.90,
2026-07-24 10:00:00,,1256559.75,
2026-07-24 11:00:00,,1238730.38,
2026-07-24 12:00:00,,1234608.27,
2026-07-24 13:00:00,,1227944.61,
2026-07-24 14:00:00,,1188719.07,
2026-07-24 15:00:00,,1194870.54,
2026-07-24 16:00:00,,1164923.94,
2026-07-24 17:00:00,,1148385.54,
2026-07-24 18:00:00,,1146543.78,
2026-07-24 19:00:00,,1135409.35,
2026-07-24 20:00:00,,1127685.51,
2026-07-24 21:00:00,,1128883.22,
2026-07-24 22:00:00,,1129736.46,
2026-07-24 23:00:00,,1134858.00,
2026-07-25 00:00:00,,1141285.98,
2026-07-25 01:00:00,,1150851.27,
2026-07-25 02:00:00,,1172594.42,
2026-07-25 03:00:00,,1178539.04,
2026-07-25 04:00:00,,1179698.27,
2026-07-25 05:00:00,,1187022.00,
2026-07-25 06:00:00,,1192626.37,
2026-07-25 07:00:00,,1192933.83,
2026-07-25 08:00:00,,1185624.03,
2026-07-25 09:00:00,,1171061.10,
2026-07-25 10:00:00,,1179524.62,
2026-07-25 11:00:00,,1179992.36,
2026-07-25 12:00:00,,1181234.27,
2026-07-25 13:00:00,,1176808.39,
2026-07-25 14:00:00,,1184766.63,
2026-07-25 15:00:00,,1186009.41,
2026-07-25 16:00:00,,1190956.13,
2026-07-25 17:00:00,,1189904.96,
2026-07-25 18:00:00,,1187772.39,
2026-07-25 19:00:00,,1189325.88,
2026-07-25 20:00:00,,1191429.42,
2026-07-25 21:00:00,,1189476.93,
2026-07-25 22:00:00,,1193940.73,
2026-07-25 23:00:00,,1195258.35,
2026-07-26 00:00:00,,1193774.87,
2026-07-26 01:00:00,,1197409.95,
2026-07-26 02:00:00,,1193998.14,
2026-07-26 03:00:00,,1184778.88,
2026-07-26 04:00:00,,1179309.24,
2026-07-26 05:00:00,,1177178.46,
2026-07-26 06:00:00,,1175272.55,
2026-07-26 07:00:00,,1178347.53,
2026-07-26 08:00:00,,1193696.99,
2026-07-26 09:00:00,,1195960.86,
2026-07-26 10:00:00,,1190577.42,
2026-07-26 11:00:00,,1197938.92,
2026-07-26 12:00:00,,1191880.17,
2026-07-26 13:00:00,,1197639.43,
2026-07-26 14:00:00,,1203230.50,
2026-07-26 15:00:00,,1206442.74,
2026-07-26 16:00:00,,1208040.89,
2026-07-26 17:00:00,,1205198.25,
2026-07-26 18:00:00,,1210101.15,
2026-07-26 19:00:00,,1214113.49,
2026-07-26 20:00:00,,1216152.45,
2026-07-26 21:00:00,,1216838.02,
2026-07-26 22:00:00,,1215826.21,
2026-07-26 23:00:00,,1227814.06,
2026-07-27 00:00:00,,1241364.65,
2026-07-27 01:00:00,,1233115.61,
2026-07-27 02:00:00,,1222510.83,
2026-07-27 03:00:00,,1228377.90,
2026-07-27 04:00:00,,1236558.86,
2026-07-27 05:00:00,,1234466.36,
2026-07-27 06:00:00,,1233213.69,
2026-07-27 07:00:00,,1196125.95,
2026-07-27 08:00:00,,1197527.31,
2026-07-27 09:00:00,,1173313.05,
2026-07-27 10:00:00,,1171174.91,
2026-07-27 11:00:00,,1177095.34,
2026-07-27 12:00:00,,1175348.35,
2026-07-27 13:00:00,,1184078.56,
2026-07-27 14:00:00,,1193145.90,
2026-07-27 15:00:00,,1163532.12,
2026-07-27 16:00:00,,1162694.24,
2026-07-27 17:00:00,,1174656.89,
2026-07-27 18:00:00,,1173335.42,
2026-07-27 19:00:00,,1179397.94,
2026-07-27 20:00:00,,1191083.55,
2026-07-27 21:00:00,,1203781.03,
2026-07-27 22:00:00,,1196508.64,
2026-07-27 23:00:00,,1161687.95,
2026-07-28 00:00:00,,1151615.90,
2026-07-28 01:00:00,,1195964.23,
2026-07-28 02:00:00,,1179133.09,
2026-07-28 03:00:00,,1154171.51,
2026-07-28 04:00:00,,1094428.10,
2026-07-28 05:00:00,,1101407.51,
2026-07-28 06:00:00,,1112243.75,
2026-07-28 07:00:00,,1109841.52,
2026-07-28 08:00:00,,1118550.66,
2026-07-28 09:00:00,,1115811.32,
2026-07-28 10:00:00,,1129277.44,
2026-07-28 11:00:00,,1128108.48,
2026-07-28 12:00:00,,1130005.26,
2026-07-28 13:00:00,,1126414.70,
2026-07-28 14:00:00,,1110096.40,
2026-07-28 15:00:00,,1088594.13,
2026-07-28 16:00:00,,1087166.70,
2026-07-28 17:00:00,,1083902.51,
2026-07-28 18:00:00,,1074898.90,
2026-07-28 19:00:00,,1080945.38,
2026-07-28 20:00:00,,1087902.89,
2026-07-28 21:00:00,,1072630.97,
2026-07-28 22:00:00,,1085818.43,
2026-07-28 23:00:00,,1078048.81,
2026-07-29 00:00:00,,1095021.64,
2026-07-29 01:00:00,,1083924.53,
2026-07-29 02:00:00,,1041801.19,
2026-07-29 03:00:00,,1039637.08,
2026-07-29 04:00:00,,1016044.77,
2026-07-29 05:00:00,,982237.81,
2026-07-29 06:00:00,,987436.62,
2026-07-29 07:00:00,,982852.04,
2026-07-29 08:00:00,,995178.57,
2026-07-29 09:00:00,,985618.22,
2026-07-29 10:00:00,,986797.68,
2026-07-29 11:00:00,,993544.23,
2026-07-29 12:00:00,,992009.45,
2026-07-29 13:00:00,,993057.25,
2026-07-29 14:00:00,,988803.86,
2026-07-29 15:00:00,,987232.76,
2026-07-29 16:00:00,,991859.47,
2026-07-29 17:00:00,,984631.64,
2026-07-29 18:00:00,,996543.71,
2026-07-29 19:00:00,,979876.97,
2026-07-29 20:00:00,,960888.28,
2026-07-29 21:00:00,,944453.09,
2026-07-29 22:00:00,,944699.18,
2026-07-29 23:00:00,,942053.86,
2026-07-30 00:00:00,,938285.88,
2026-07-30 01:00:00,,928518.66,
2026-07-30 02:00:00,,935084.11,
2026-07-30 03:00:00,,935837.90,
2026-07-30 04:00:00,,927113.80,
2026-07-30 05:00:00,,912085.82,
2026-07-30 06:00:00,,919908.52,
2026-07-30 07:00:00,,930810.21,
2026-07-30 08:00:00,,946294.84,
2026-07-30 09:00:00,,963025.64,
2026-07-30 10:00:00,,955417.63,
2026-07-30 11:00:00,,958471.54,
2026-07-30 12:00:00,,968464.66,
2026-07-30 13:00:00,,963851.86,
2026-07-30 14:00:00,,968208.87,
2026-07-30 15:00:00,,974596.25,
2026-07-30 16:00:00,,976470.24,
2026-07-30 17:00:00,,974610.40,
2026-07-30 18:00:00,,973010.86,
2026-07-30 19:00:00,,970285.12,
2026-07-30 20:00:00,,963483.09,
2026-07-30 21:00:00,,963937.09,
2026-07-30 22:00:00,,978280.15,
2026-07-30 23:00:00,,972469.75,
2026-07-31 00:00:00,,963812.48,
2026-07-31 01:00:00,,988858.18,
2026-07-31 02:00:00,,986516.49,
2026-07-31 03:00:00,,986305.81,
2026-07-31 04:00:00,,990124.64,
2026-07-31 05:00:00,,984649.33,
2026-07-31 06:00:00,,996413.75,
2026-07-31 07:00:00,,1013968.82,
2026-07-31 08:00:00,,1049453.34,
2026-07-31 09:00:00,,1039148.49,
2026-07-31 10:00:00,,1049364.79,
2026-07-31 11:00:00,,1114289.76,
2026-07-31 12:00:00,,1089610.92,
2026-07-31 13:00:00,,1076833.63,
2026-07-31 14:00:00,,1050072.64,
2026-07-31 15:00:00,,1060056.01,
2026-07-31 16:00:00,,1061753.59,
2026-07-31 17:00:00,,1072846.06,
2026-07-31 18:00:00,,1079430.64,
2026-07-31 19:00:00,,1078293.65,
2026-07-31 20:00:00,,1072411.86,
2026-07-31 21:00:00,,1067697.25,
2026-07-31 22:00:00,,1061517.83,
2026-07-31 23:00:00,,1058435.03,
2026-08-01 00:00:00,,1070747.43,
2026-08-01 01:00:00,,1004263.59,
2026-08-01 02:00:00,,989883.05,
2026-08-01 03:00:00,,994651.82,
2026-08-01 04:00:00,,992191.15,
2026-08-01 05:00:00,,992131.39,
2026-08-01 06:00:00,,984875.99,
2026-08-01 07:00:00,,978174.86,
2026-08-01 08:00:00,,970157.20,
2026-08-01 09:00:00,,973828.16,
2026-08-01 10:00:00,,965129.78,
2026-08-01 11:00:00,,975787.77,
2026-08-01 12:00:00,,965570.69,
2026-08-01 13:00:00,,963876.68,
2026-08-01 14:00:00,,963334.25,
2026-08-01 15:00:00,,958589.80,
2026-08-01 16:00:00,,954419.12,
2026-08-01 17:00:00,,947850.62,
2026-08-01 18:00:00,,932265.33,
2026-08-01 19:00:00,,925275.57,
2026-08-01 20:00:00,,924012.79,
2026-08-01 21:00:00,,929280.12,
2026-08-01 22:00:00,,927964.31,
2026-08-01 23:00:00,,925038.01,
2026-08-02 00:00:00,,920801.98,
2026-08-02 01:00:00,,883499.06,
2026-08-02 02:00:00,,856681.88,
2026-08-02 03:00:00,,859503.52,
2026-08-02 04:00:00,,861665.62,
2026-08-02 05:00:00,,855898.73,
2026-08-02 06:00:00,,849412.43,
2026-08-02 07:00:00,,850250.94,
2026-08-02 08:00:00,,850626.62,
2026-08-02 09:00:00,,847031.91,
2026-08-02 10:00:00,,841570.45,
2026-08-02 11:00:00,,838399.28,
2026-08-02 12:00:00,,832078.83,
2026-08-02 13:00:00,,844812.93,
2026-08-02 14:00:00,,847231.20,
2026-08-02 15:00:00,,850614.93,
2026-08-02 16:00:00,,854597.41,
2026-08-02 17:00:00,,853654.11,
2026-08-02 18:00:00,,852999.51,
2026-08-02 19:00:00,,854572.12,
2026-08-02 20:00:00,,854839.90,
2026-08-02 21:00:00,,860057.96,
2026-08-02 22:00:00,,879576.54,
2026-08-02 23:00:00,,877704.64,
2026-08-03 00:00:00,,892680.01,
2026-08-03 01:00:00,,904795.78,
2026-08-03 02:00:00,,898370.17,
2026-08-03 03:00:00,,889550.86,
2026-08-03 04:00:00,,895039.54,
2026-08-03 05:00:00,,889310.05,
2026-08-03 06:00:00,,928600.56,
2026-08-03 07:00:00,,919665.59,
2026-08-03 08:00:00,,922395.54,
2026-08-03 09:00:00,,921356.17,
2026-08-03 10:00:00,,924685.05,
2026-08-03 11:00:00,,910462.66,
2026-08-03 12:00:00,,895256.26,
2026-08-03 13:00:00,,903053.51,
2026-08-03 14:00:00,,902484.40,
2026-08-03 15:00:00,,901793.09,
2026-08-03 16:00:00,,892523.45,
2026-08-03 17:00:00,,882054.27,
2026-08-03 18:00:00,,857903.51,
2026-08-03 19:00:00,,843690.58,
2026-08-03 20:00:00,,841227.07,
2026-08-03 21:00:00,,842385.04,
2026-08-03 22:00:00,,848255.89,
2026-08-03 23:00:00,,840951.13,
2026-08-04 00:00:00,,832790.36,
2026-08-04 01:00:00,,828458.59,
2026-08-04 02:00:00,,834220.87,
2026-08-04 03:00:00,,834462.42,
2026-08-04 04:00:00,,837896.14,
2026-08-04 05:00:00,,856601.18,
2026-08-04 06:00:00,,854978.80,
2026-08-04 07:00:00,,852821.18,
2026-08-04 08:00:00,,854813.19,
2026-08-04 09:00:00,,849364.95,
2026-08-04 10:00:00,,848913.69,
2026-08-04 11:00:00,,854504.21,
2026-08-04 12:00:00,,859996.47,
2026-08-04 13:00:00,,864668.84,
2026-08-04 14:00:00,,831090.09,
2026-08-04 15:00:00,,820312.26,
2026-08-04 16:00:00,,818590.68,
2026-08-04 17:00:00,,814246.49,
2026-08-04 18:00:00,,832143.78,
2026-08-04 19:00:00,,846221.96,
2026-08-04 20:00:00,,853557.60,
2026-08-04 21:00:00,,852190.69,
2026-08-04 22:00:00,,852638.32,
2026-08-04 23:00:00,,857153.59,
2026-08-05 00:00:00,,844055.61,
2026-08-05 01:00:00,,841773.97,
2026-08-05 02:00:00,,848089.37,
2026-08-05 03:00:00,,869545.45,
2026-08-05 04:00:00,,840705.93,
2026-08-05 05:00:00,,855213.98,
2026-08-05 06:00:00,,865378.84,
2026-08-05 07:00:00,,867012.38,
2026-08-05 08:00:00,,864208.69,
2026-08-05 09:00:00,,866343.94,
2026-08-05 10:00:00,,858957.18,
2026-08-05 11:00:00,,894026.90,
2026-08-05 12:00:00,,1042389.41,
2026-08-05 13:00:00,,1042981.78,
2026-08-05 14:00:00,,1083172.48,
2026-08-05 15:00:00,,1066820.71,
2026-08-05 16:00:00,,941334.43,
2026-08-05 17:00:00,,936982.43,
2026-08-05 18:00:00,,941350.11,
2026-08-05 19:00:00,,935662.60,
2026-08-05 20:00:00,,915361.52,
2026-08-05 21:00:00,,912505.04,
2026-08-05 22:00:00,,898211.69,
2026-08-05 23:00:00,,904832.54,
2026-08-06 00:00:00,,910082.99,
2026-08-06 01:00:00,,915185.63,
2026-08-06 02:00:00,,896133.91,
2026-08-06 03:00:00,,903105.73,
2026-08-06 04:00:00,,896489.78,
2026-08-06 05:00:00,,907501.30,
2026-08-06 06:00:00,,900026.98,
2026-08-06 07:00:00,,900931.98,
2026-08-06 08:00:00,,905236.82,
2026-08-06 09:00:00,,912407.90,
2026-08-06 10:00:00,,923921.31,
2026-08-06 11:00:00,,932621.63,
2026-08-06 12:00:00,,911913.27,
2026-08-06 13:00:00,,926392.15,
2026-08-06 14:00:00,,914900.94,
2026-08-06 15:00:00,,913516.06,
2026-08-06 16:00:00,,933665.12,
2026-08-06 17:00:00,,958556.69,
2026-08-06 18:00:00,,952586.72,
2026-08-06 19:00:00,,945419.06,
2026-08-06 20:00:00,,939969.89,
2026-08-06 21:00:00,,948608.93,
2026-08-06 22:00:00,,954345.38,
2026-08-06 23:00:00,,945390.44,
2026-08-07 00:00:00,,947456.26,
2026-08-07 01:00:00,,925144.25,
2026-08-07 02:00:00,,931049.31,
2026-08-07 03:00:00,,941998.68,
2026-08-07 04:00:00,,936327.30,
2026-08-07 05:00:00,,924819.22,
2026-08-07 06:00:00,,933838.78,
2026-08-07 07:00:00,,939670.38,
2026-08-07 08:00:00,,939792.88,
2026-08-07 09:00:00,,942141.13,
2026-08-07 10:00:00,,942780.64,
2026-08-07 11:00:00,,942928.47,
2026-08-07 12:00:00,,945743.99,
2026-08-07 13:00:00,,962247.55,
2026-08-07 14:00:00,,991222.84,
2026-08-07 15:00:00,,1021404.43,
2026-08-07 16:00:00,,1017952.90,
2026-08-07 17:00:00,,1022131.96,
2026-08-07 18:00:00,,992425.31,
2026-08-07 19:00:00,,998452.92,
2026-08-07 20:00:00,,1003265.80,
2026-08-07 21:00:00,,1000778.16,
2026-08-07 22:00:00,,1002012.34,
2026-08-07 23:00:00,,1015668.74,
2026-08-08 00:00:00,,1037132.38,
2026-08-08 01:00:00,,1082340.29,
2026-08-08 02:00:00,,1050507.86,
2026-08-08 03:00:00,,1013011.38,
2026-08-08 04:00:00,,1009219.98,
2026-08-08 05:00:00,,1018473.70,
2026-08-08 06:00:00,,966842.03,
2026-08-08 07:00:00,,963590.86,
2026-08-08 08:00:00,,986119.38,
2026-08-08 09:00:00,,991457.03,
2026-08-08 10:00:00,,992497.67,
2026-08-08 11:00:00,,964780.72,
2026-08-08 12:00:00,,962341.08,
2026-08-08 13:00:00,,945948.85,
2026-08-08 14:00:00,,939814.73,
2026-08-08 15:00:00,,942898.41,
2026-08-08 16:00:00,,952916.90,
2026-08-08 17:00:00,,935725.37,
2026-08-08 18:00:00,,931255.65,
2026-08-08 19:00:00,,931635.44,
2026-08-08 20:00:00,,929035.27,
2026-08-08 21:00:00,,923909.15,
2026-08-08 22:00:00,,922463.79,
2026-08-08 23:00:00,,922694.12,
2026-08-09 00:00:00,,907004.93,
2026-08-09 01:00:00,,897744.52,
2026-08-09 02:00:00,,912054.77,
2026-08-09 03:00:00,,912871.73,
2026-08-09 04:00:00,,926458.57,
2026-08-09 05:00:00,,931692.73,
2026-08-09 06:00:00,,927487.69,
2026-08-09 07:00:00,,922348.41,
2026-08-09 08:00:00,,898661.07,
2026-08-09 09:00:00,,897414.02,
2026-08-09 10:00:00,,907104.58,
2026-08-09 11:00:00,,898154.22,
2026-08-09 12:00:00,,905293.15,
2026-08-09 13:00:00,,901402.46,
2026-08-09 14:00:00,,881887.12,
2026-08-09 15:00:00,,888148.69,
2026-08-09 16:00:00,,886097.36,
2026-08-09 17:00:00,,881908.61,
2026-08-09 18:00:00,,881822.13,
2026-08-09 19:00:00,,878980.84,
2026-08-09 20:00:00,,877106.19,
2026-08-09 21:00:00,,871984.95,
2026-08-09 22:00:00,,905454.25,
2026-08-09 23:00:00,,888637.01,
2026-08-10 00:00:00,,867747.92,
2026-08-10 01:00:00,,870360.60,
2026-08-10 02:00:00,,870743.52,
2026-08-10 03:00:00,,875129.37,
2026-08-10 04:00:00,,873150.84,
2026-08-10 05:00:00,,873501.59,
2026-08-10 06:00:00,,872442.97,
2026-08-10 07:00:00,,874534.90,
2026-08-10 08:00:00,,871116.04,
2026-08-10 09:00:00,,888140.40,
2026-08-10 10:00:00,,883986.74,
2026-08-10 11:00:00,,881662.67,
2026-08-10 12:00:00,,884056.27,
2026-08-10 13:00:00,,886994.28,
2026-08-10 14:00:00,,883422.27,
2026-08-10 15:00:00,,876804.43,
2026-08-10 16:00:00,,887168.94,
2026-08-10 17:00:00,,891539.66,
2026-08-10 18:00:00,,889426.64,
2026-08-10 19:00:00,,886360.35,
2026-08-10 20:00:00,,889666.73,
2026-08-10 21:00:00,,889870.86,
2026-08-10 22:00:00,,863125.78,
2026-08-10 23:00:00,,861030.89,
2026-08-11 00:00:00,,860062.67,
2026-08-11 01:00:00,,857953.40,
2026-08-11 02:00:00,,861347.49,
2026-08-11 03:00:00,,861727.77,
2026-08-11 04:00:00,,868063.01,
2026-08-11 05:00:00,,860203.86,
2026-08-11 06:00:00,,880060.72,
2026-08-11 07:00:00,,879566.83,
2026-08-11 08:00:00,,873771.50,
2026-08-11 09:00:00,,883726.33,
2026-08-11 10:00:00,,871758.49,
2026-08-11 11:00:00,,866532.81,
2026-08-11 12:00:00,,870955.49,
2026-08-11 13:00:00,,869724.19,
2026-08-11 14:00:00,,873322.65,
2026-08-11 15:00:00,,855909.38,
2026-08-11 16:00:00,,857569.33,
2026-08-11 17:00:00,,867107.81,
2026-08-11 18:00:00,,866845.45,
2026-08-11 19:00:00,,874047.20,
2026-08-11 20:00:00,,876910.30,
2026-08-11 21:00:00,,871730.03,
2026-08-11 22:00:00,,864749.28,
2026-08-11 23:00:00,,871986.44,
2026-08-12 00:00:00,,869466.76,
2026-08-12 01:00:00,,861697.74,
2026-08-12 02:00:00,,865137.38,
2026-08-12 03:00:00,,868851.94,
2026-08-12 04:00:00,,861939.23,
2026-08-12 05:00:00,,864062.58,
2026-08-12 06:00:00,,863593.18,
2026-08-12 07:00:00,,861320.22,
2026-08-12 08:00:00,,862220.14,
2026-08-12 09:00:00,,859160.05,
2026-08-12 10:00:00,,871060.49,
2026-08-12 11:00:00,,865387.50,
2026-08-12 12:00:00,,866336.76,
2026-08-12 13:00:00,,867841.39,
2026-08-12 14:00:00,,865225.56,
2026-08-12 15:00:00,,861958.33,
2026-08-12 16:00:00,,862267.19,
2026-08-12 17:00:00,,856730.57,
2026-08-12 18:00:00,,856455.25,
2026-08-12 19:00:00,,854120.98,
2026-08-12 20:00:00,,853204.91,
2026-08-12 21:00:00,,855801.24,
2026-08-12 22:00:00,,841040.78,
2026-08-12 23:00:00,,843076.86,
2026-08-13 00:00:00,,845816.88,
2026-08-13 01:00:00,,843867.23,
2026-08-13 02:00:00,,843370.84,
2026-08-13 03:00:00,,850207.90,
2026-08-13 04:00:00,,848835.24,
2026-08-13 05:00:00,,831907.79,
2026-08-13 06:00:00,,823226.70,
2026-08-13 07:00:00,,829087.57,
2026-08-13 08:00:00,,831180.51,
2026-08-13 09:00:00,,839099.82,
2026-08-13 10:00:00,,848084.79,
2026-08-13 11:00:00,,842015.15,
2026-08-13 12:00:00,,845435.96,
2026-08-13 13:00:00,,849174.56,
2026-08-13 14:00:00,,854154.49,
2026-08-13 15:00:00,,853726.33,
2026-08-13 16:00:00,,820477.70,
2026-08-13 17:00:00,,817224.22,
2026-08-13 18:00:00,,818110.46,
2026-08-13 19:00:00,,821944.09,
2026-08-13 20:00:00,,819888.80,
2026-08-13 21:00:00,,820209.10,
2026-08-13 22:00:00,,825003.56,
2026-08-13 23:00:00,,814413.32,
2026-08-14 00:00:00,,811269.16,
2026-08-14 01:00:00,,805708.71,
2026-08-14 02:00:00,,802557.41,
2026-08-14 03:00:00,,807926.25,
2026-08-14 04:00:00,,794993.70,
2026-08-14 05:00:00,,799703.74,
2026-08-14 06:00:00,,800191.96,
2026-08-14 07:00:00,,798382.32,
2026-08-14 08:00:00,,784128.07,
2026-08-14 09:00:00,,792679.29,
2026-08-14 10:00:00,,780457.13,
2026-08-14 11:00:00,,778183.04,
2026-08-14 12:00:00,,782513.06,
2026-08-14 13:00:00,,788335.83,
2026-08-14 14:00:00,,793850.02,
2026-08-14 15:00:00,,788460.16,
2026-08-14 16:00:00,,793335.96,
2026-08-14 17:00:00,,807686.22,
2026-08-14 18:00:00,,802748.74,
2026-08-14 19:00:00,,798425.32,
2026-08-14 20:00:00,,792124.39,
2026-08-14 21:00:00,,787244.21,
2026-08-14 22:00:00,,791841.25,
2026-08-14 23:00:00,,791816.68,
2026-08-15 00:00:00,,800105.85,
2026-08-15 01:00:00,,802983.58,
2026-08-15 02:00:00,,801934.74,
2026-08-15 03:00:00,,800421.94,
2026-08-15 04:00:00,,802106.37,
2026-08-15 05:00:00,,808556.61,
2026-08-15 06:00:00,,809745.65,
2026-08-15 07:00:00,,808967.81,
2026-08-15 08:00:00,,814510.54,
2026-08-15 09:00:00,,815120.26,
2026-08-15 10:00:00,,815483.12,
2026-08-15 11:00:00,,811538.50,
2026-08-15 12:00:00,,818501.60,
2026-08-15 13:00:00,,828103.48,
2026-08-15 14:00:00,,832849.28,
2026-08-15 15:00:00,,838585.89,
2026-08-15 16:00:00,,863111.97,
2026-08-15 17:00:00,,864763.92,
2026-08-15 18:00:00,,864394.98,
2026-08-15 19:00:00,,859306.05,
2026-08-15 20:00:00,,864505.67,
2026-08-15 21:00:00,,854741.65,
2026-08-15 22:00:00,,847939.71,
2026-08-15 23:00:00,,847596.79,
2026-08-16 00:00:00,,842030.60,
2026-08-16 01:00:00,,835529.00,
2026-08-16 02:00:00,,853295.41,
2026-08-16 03:00:00,,849260.45,
2026-08-16 04:00:00,,859333.76,
2026-08-16 05:00:00,,853540.61,
2026-08-16 06:00:00,,854725.82,
2026-08-16 07:00:00,,859919.56,
2026-08-16 08:00:00,,861678.03,
2026-08-16 09:00:00,,870653.39,
2026-08-16 10:00:00,,864792.93,
2026-08-16 11:00:00,,865080.03,
2026-08-16 12:00:00,,868832.35,
2026-08-16 13:00:00,,859810.43,
2026-08-16 14:00:00,,869586.71,
2026-08-16 15:00:00,,864872.97,
2026-08-16 16:00:00,,870268.84,
2026-08-16 17:00:00,,878714.65,
2026-08-16 18:00:00,,874808.71,
2026-08-16 19:00:00,,868799.51,
2026-08-16 20:00:00,,867819.26,
2026-08-16 21:00:00,,862543.71,
2026-08-16 22:00:00,,864036.38,
2026-08-16 23:00:00,,862132.74,
2026-08-17 00:00:00,,859135.83,
2026-08-17 01:00:00,,852373.30,
2026-08-17 02:00:00,,857205.07,
2026-08-17 03:00:00,,860440.05,
2026-08-17 04:00:00,,863057.59,
2026-08-17 05:00:00,,867132.74,
2026-08-17 06:00:00,,862681.53,
2026-08-17 07:00:00,,864911.82,
2026-08-17 08:00:00,,867030.06,
2026-08-17 09:00:00,,864731.90,
2026-08-17 10:00:00,,867961.39,
2026-08-17 11:00:00,,872083.55,
2026-08-17 12:00:00,,867107.64,
2026-08-17 13:00:00,,856004.31,
2026-08-17 14:00:00,,853237.44,
2026-08-17 15:00:00,,851631.00,
2026-08-17 16:00:00,,854680.48,
2026-08-17 17:00:00,,853693.75,
2026-08-17 18:00:00,,850937.46,
2026-08-17 19:00:00,,852326.52,
2026-08-17 20:00:00,,849156.37,
2026-08-17 21:00:00,,852442.73,
2026-08-17 22:00:00,,854439.27,
2026-08-17 23:00:00,,849339.21,
2026-08-18 00:00:00,,846291.98,
2026-08-18 01:00:00,,845122.84,
2026-08-18 02:00:00,,850011.25,
2026-08-18 03:00:00,,830476.38,
2026-08-18 04:00:00,,847627.09,
2026-08-18 05:00:00,,853590.06,
2026-08-18 06:00:00,,847363.65,
2026-08-18 07:00:00,,849590.01,
2026-08-18 08:00:00,,847758.60,
2026-08-18 09:00:00,,849975.03,
2026-08-18 10:00:00,,850692.14,
2026-08-18 11:00:00,,854091.36,
2026-08-18 12:00:00,,859536.56,
2026-08-18 13:00:00,,861153.40,
2026-08-18 14:00:00,,856965.63,
2026-08-18 15:00:00,,860737.15,
2026-08-18 16:00:00,,854610.76,
2026-08-18 17:00:00,,849274.92,
2026-08-18 18:00:00,,846624.89,
2026-08-18 19:00:00,,842470.91,
2026-08-18 20:00:00,,840222.45,
2026-08-18 21:00:00,,833308.26,
2026-08-18 22:00:00,,831803.80,
2026-08-18 23:00:00,,824344.14,
2026-08-19 00:00:00,,814723.58,
2026-08-19 01:00:00,,823906.23,
2026-08-19 02:00:00,,829372.12,
2026-08-19 03:00:00,,820095.65,
2026-08-19 04:00:00,,841979.23,
2026-08-19 05:00:00,,841206.38,
2026-08-19 06:00:00,,831566.88,
2026-08-19 07:00:00,,827334.21,
2026-08-19 08:00:00,,821820.75,
2026-08-19 09:00:00,,822113.79,
2026-08-19 10:00:00,,817947.87,
2026-08-19 11:00:00,,830685.41,
2026-08-19 12:00:00,,835408.83,
2026-08-19 13:00:00,,831892.75,
2026-08-19 14:00:00,,831445.75,
2026-08-19 15:00:00,,846065.62,
2026-08-19 16:00:00,,838602.70,
2026-08-19 17:00:00,,835349.03,
2026-08-19 18:00:00,,826948.02,
2026-08-19 19:00:00,,823555.17,
2026-08-19 20:00:00,,827813.51,
2026-08-19 21:00:00,,838886.10,
2026-08-19 22:00:00,,846818.81,
2026-08-19 23:00:00,,835829.75,
2026-08-20 00:00:00,,837978.19,
2026-08-20 01:00:00,,836330.69,
2026-08-20 02:00:00,,834555.37,
2026-08-20 03:00:00,,831860.48,
2026-08-20 04:00:00,,825219.17,
2026-08-20 05:00:00,,829408.63,
2026-08-20 06:00:00,,829257.73,
2026-08-20 07:00:00,,836021.48,
2026-08-20 08:00:00,,830148.05,
2026-08-20 09:00:00,,835042.44,
2026-08-20 10:00:00,,826788.10,
2026-08-20 11:00:00,,844183.84,
2026-08-20 12:00:00,,844757.59,
2026-08-20 13:00:00,,823882.18,
2026-08-20 14:00:00,,827127.74,
2026-08-20 15:00:00,,818890.31,
2026-08-20 16:00:00,,825741.22,
2026-08-20 17:00:00,,848859.20,
2026-08-20 18:00:00,,840030.96,
2026-08-20 19:00:00,,822631.68,
2026-08-20 20:00:00,,824230.34,
2026-08-20 21:00:00,,829320.38,
2026-08-20 22:00:00,,830193.46,
2026-08-20 23:00:00,,825248.27,
2026-08-21 00:00:00,,825170.12,
2026-08-21 01:00:00,,824291.38,
2026-08-21 02:00:00,,827498.40,
2026-08-21 03:00:00,,850963.49,
2026-08-21 04:00:00,,825565.80,
2026-08-21 05:00:00,,826069.13,
2026-08-21 06:00:00,,826980.07,
2026-08-21 07:00:00,,823132.95,
2026-08-21 08:00:00,,828373.87,
2026-08-21 09:00:00,,833962.90,
2026-08-21 10:00:00,,831397.44,
2026-08-21 11:00:00,,840633.66,
2026-08-21 12:00:00,,835791.17,
2026-08-21 13:00:00,,829726.74,
2026-08-21 14:00:00,,843764.18,
2026-08-21 15:00:00,,848716.63,
2026-08-21 16:00:00,,832738.00,
2026-08-21 17:00:00,,842403.10,
2026-08-21 18:00:00,,841733.58,
2026-08-21 19:00:00,,835885.76,
2026-08-21 20:00:00,,827096.37,
2026-08-21 21:00:00,,832151.20,
2026-08-21 22:00:00,,844130.02,
2026-08-21 23:00:00,,852919.59,
2026-08-22 00:00:00,,853407.46,
2026-08-22 01:00:00,,853998.93,
2026-08-22 02:00:00,,836677.85,
2026-08-22 03:00:00,,857809.54,
2026-08-22 04:00:00,,861292.34,
2026-08-22 05:00:00,,888324.26,
2026-08-22 06:00:00,,832570.28,
2026-08-22 07:00:00,,832552.15,
2026-08-22 08:00:00,,826324.64,
2026-08-22 09:00:00,,820304.71,
2026-08-22 10:00:00,,820177.57,
2026-08-22 11:00:00,,802492.55,
2026-08-22 12:00:00,,803373.21,
2026-08-22 13:00:00,,802700.89,
2026-08-22 14:00:00,,795596.89,
2026-08-22 15:00:00,,794215.72,
2026-08-22 16:00:00,,790317.90,
2026-08-22 17:00:00,,800247.29,
2026-08-22 18:00:00,,787223.97,
2026-08-22 19:00:00,,777431.53,
2026-08-22 20:00:00,,776237.21,
2026-08-22 21:00:00,,772812.56,
2026-08-22 22:00:00,,763141.76,
2026-08-22 23:00:00,,778910.47,
2026-08-23 00:00:00,,782217.54,
2026-08-23 01:00:00,,789931.15,
2026-08-23 02:00:00,,776338.46,
2026-08-23 03:00:00,,768416.66,
2026-08-23 04:00:00,,762830.88,
2026-08-23 05:00:00,,761849.83,
2026-08-23 06:00:00,,769732.42,
2026-08-23 07:00:00,,778632.58,
2026-08-23 08:00:00,,787391.76,
2026-08-23 09:00:00,,787688.19,
2026-08-23 10:00:00,,785700.95,
2026-08-23 11:00:00,,789539.38,
2026-08-23 12:00:00,,802122.14,
2026-08-23 13:00:00,,798541.75,
2026-08-23 14:00:00,,805215.80,
2026-08-23 15:00:00,,804874.50,
2026-08-23 16:00:00,,814465.94,
2026-08-23 17:00:00,,836917.91,
2026-08-23 18:00:00,,855347.03,
2026-08-23 19:00:00,,852513.63,
2026-08-23 20:00:00,,850094.79,
2026-08-23 21:00:00,,865671.05,
2026-08-23 22:00:00,,843304.82,
2026-08-23 23:00:00,,833038.22,
2026-08-24 00:00:00,,830199.82,
2026-08-24 01:00:00,,818880.48,
2026-08-24 02:00:00,,803088.40,
2026-08-24 03:00:00,,810566.36,
2026-08-24 04:00:00,,805220.95,
2026-08-24 05:00:00,,808760.13,
2026-08-24 06:00:00,,809113.79,
2026-08-24 07:00:00,,804058.32,
2026-08-24 08:00:00,,800328.37,
2026-08-24 09:00:00,,806535.19,
2026-08-24 10:00:00,,807550.47,
2026-08-24 11:00:00,,807291.20,
2026-08-24 12:00:00,,825216.96,
2026-08-24 13:00:00,,833223.47,
2026-08-24 14:00:00,,819682.20,
2026-08-24 15:00:00,,837599.38,
2026-08-24 16:00:00,,827631.90,
2026-08-24 17:00:00,,828728.40,
2026-08-24 18:00:00,,829121.13,
2026-08-24 19:00:00,,831009.61,
2026-08-24 20:00:00,,835365.78,
2026-08-24 21:00:00,,838298.97,
2026-08-24 22:00:00,,834525.63,
2026-08-24 23:00:00,,830979.93,
2026-08-25 00:00:00,,833005.77,
2026-08-25 01:00:00,,844537.36,
2026-08-25 02:00:00,,842410.86,
2026-08-25 03:00:00,,848374.64,
2026-08-25 04:00:00,,845760.54,
2026-08-25 05:00:00,,849089.04,
2026-08-25 06:00:00,,850760.37,
2026-08-25 07:00:00,,845823.92,
2026-08-25 08:00:00,,837446.00,
2026-08-25 09:00:00,,840318.45,
2026-08-25 10:00:00,,833793.19,
2026-08-25 11:00:00,,838164.48,
2026-08-25 12:00:00,,834555.36,
2026-08-25 13:00:00,,835935.93,
2026-08-25 14:00:00,,826879.32,
2026-08-25 15:00:00,,824808.66,
2026-08-25 16:00:00,,826107.62,
2026-08-25 17:00:00,,827551.52,
2026-08-25 18:00:00,,827724.69,
2026-08-25 19:00:00,,832806.97,
2026-08-25 20:00:00,,827230.73,
2026-08-25 21:00:00,,819059.38,
2026-08-25 22:00:00,,818209.25,
2026-08-25 23:00:00,,827365.66,
2026-08-26 00:00:00,,828269.82,
2026-08-26 01:00:00,,821584.21,
2026-08-26 02:00:00,,827529.13,
2026-08-26 03:00:00,,839741.25,
2026-08-26 04:00:00,,846514.48,
2026-08-26 05:00:00,,844013.12,
2026-08-26 06:00:00,,848347.47,
2026-08-26 07:00:00,,855477.37,
2026-08-26 08:00:00,,849648.20,
2026-08-26 09:00:00,,862001.07,
2026-08-26 10:00:00,,861307.57,
2026-08-26 11:00:00,,864897.25,
2026-08-26 12:00:00,,876605.98,
2026-08-26 13:00:00,,870779.60,
2026-08-26 14:00:00,,877017.56,
2026-08-26 15:00:00,,868386.41,
2026-08-26 16:00:00,,874145.97,
2026-08-26 17:00:00,,872106.88,
2026-08-26 18:00:00,,877514.28,
2026-08-26 19:00:00,,882931.58,
2026-08-26 20:00:00,,884433.76,
2026-08-26 21:00:00,,882552.29,
2026-08-26 22:00:00,,888698.66,
2026-08-26 23:00:00,,890175.73,
2026-08-27 00:00:00,,893294.49,
2026-08-27 01:00:00,,884712.01,
2026-08-27 02:00:00,,883879.99,
2026-08-27 03:00:00,,877285.96,
2026-08-27 04:00:00,,881749.94,
2026-08-27 05:00:00,,880775.28,
2026-08-27 06:00:00,,883537.26,
2026-08-27 07:00:00,,885492.75,
2026-08-27 08:00:00,,886340.24,
2026-08-27 09:00:00,,891905.56,
2026-08-27 10:00:00,,889100.81,
2026-08-27 11:00:00,,884367.72,
2026-08-27 12:00:00,,990807.73,
2026-08-27 13:00:00,,1047470.33,
2026-08-27 14:00:00,,1030728.76,
2026-08-27 15:00:00,,1036226.10,
2026-08-27 16:00:00,,1046352.85,
2026-08-27 17:00:00,,1042426.28,
2026-08-27 18:00:00,,1036870.18,
2026-08-27 19:00:00,,969629.56,
2026-08-27 20:00:00,,961816.20,
2026-08-27 21:00:00,,968307.71,
2026-08-27 22:00:00,,971911.87,
2026-08-27 23:00:00,,965307.00,
2026-08-28 00:00:00,,965540.64,
2026-08-28 01:00:00,,967071.55,
2026-08-28 02:00:00,,977047.73,
2026-08-28 03:00:00,,976472.08,
2026-08-28 04:00:00,,966572.32,
2026-08-28 05:00:00,,962642.77,
2026-08-28 06:00:00,,959979.59,
2026-08-28 07:00:00,,956585.24,
2026-08-28 08:00:00,,948089.15,
2026-08-28 09:00:00,,938635.12,
2026-08-28 10:00:00,,940696.45,
2026-08-28 11:00:00,,953952.05,
2026-08-28 12:00:00,,950292.68,
2026-08-28 13:00:00,,938019.50,
2026-08-28 14:00:00,,943986.24,
2026-08-28 15:00:00,,942343.63,
2026-08-28 16:00:00,,943772.03,
2026-08-28 17:00:00,,932626.92,
2026-08-28 18:00:00,,930639.09,
2026-08-28 19:00:00,,922223.86,
2026-08-28 20:00:00,,921614.37,
2026-08-28 21:00:00,,925122.06,
2026-08-28 22:00:00,,921819.52,
2026-08-28 23:00:00,,927844.81,
2026-08-29 00:00:00,,931204.79,
2026-08-29 01:00:00,,934122.93,
2026-08-29 02:00:00,,939565.58,
2026-08-29 03:00:00,,938790.27,
2026-08-29 04:00:00,,939801.98,
2026-08-29 05:00:00,,947975.52,
2026-08-29 06:00:00,,947265.12,
2026-08-29 07:00:00,,949750.10,
2026-08-29 08:00:00,,939927.75,
2026-08-29 09:00:00,,952011.31,
2026-08-29 10:00:00,,942592.15,
2026-08-29 11:00:00,,939255.61,
2026-08-29 12:00:00,,905487.36,
2026-08-29 13:00:00,,930337.23,
2026-08-29 14:00:00,,946875.12,
2026-08-29 15:00:00,,953308.78,
2026-08-29 16:00:00,,958119.65,
2026-08-29 17:00:00,,954899.93,
2026-08-29 18:00:00,,950114.42,
2026-08-29 19:00:00,,953222.74,
2026-08-29 20:00:00,,948403.83,
2026-08-29 21:00:00,,944112.58,
2026-08-29 22:00:00,,942976.20,
2026-08-29 23:00:00,,946704.21,
2026-08-30 00:00:00,,948593.53,
2026-08-30 01:00:00,,928949.43,
2026-08-30 02:00:00,,912861.18,
2026-08-30 03:00:00,,916237.48,
2026-08-30 04:00:00,,915062.40,
2026-08-30 05:00:00,,895795.24,
2026-08-30 06:00:00,,909444.05,
2026-08-30 07:00:00,,908931.80,
2026-08-30 08:00:00,,903413.04,
2026-08-30 09:00:00,,909308.46,
2026-08-30 10:00:00,,913214.20,
2026-08-30 11:00:00,,914479.48,
2026-08-30 12:00:00,,899445.14,
2026-08-30 13:00:00,,899449.17,
2026-08-30 14:00:00,,892726.96,
2026-08-30 15:00:00,,886055.31,
2026-08-30 16:00:00,,878354.26,
2026-08-30 17:00:00,,883120.71,
2026-08-30 18:00:00,,929076.39,
2026-08-30 19:00:00,,939017.43,
2026-08-30 20:00:00,,936013.11,
2026-08-30 21:00:00,,932902.33,
2026-08-30 22:00:00,,912283.21,
2026-08-30 23:00:00,,905660.94,
2026-08-31 00:00:00,,867036.68,
2026-08-31 01:00:00,,875186.42,
2026-08-31 02:00:00,,875892.47,
2026-08-31 03:00:00,,891716.91,
2026-08-31 04:00:00,,881070.31,
2026-08-31 05:00:00,,868694.94,
2026-08-31 06:00:00,,867325.30,
2026-08-31 07:00:00,,861427.71,
2026-08-31 08:00:00,,860469.42,
2026-08-31 09:00:00,,863508.82,
2026-08-31 10:00:00,,851892.12,
2026-08-31 11:00:00,,846388.45,
2026-08-31 12:00:00,,850606.16,
2026-08-31 13:00:00,,836989.45,
2026-08-31 14:00:00,,841149.58,
2026-08-31 15:00:00,,837652.54,
2026-08-31 16:00:00,,840263.01,
2026-08-31 17:00:00,,847200.69,
2026-08-31 18:00:00,,849482.74,
2026-08-31 19:00:00,,849173.06,
2026-08-31 20:00:00,,844819.99,
2026-08-31 21:00:00,,845412.87,
2026-08-31 22:00:00,,845371.71,
2026-08-31 23:00:00,,844405.77,
2026-09-01 00:00:00,,844867.61,
2026-09-01 01:00:00,,864694.05,
2026-09-01 02:00:00,,886475.27,
2026-09-01 03:00:00,,891948.58,
2026-09-01 04:00:00,,907018.52,
2026-09-01 05:00:00,,891039.26,
2026-09-01 06:00:00,,889109.06,
2026-09-01 07:00:00,,876908.70,
2026-09-01 08:00:00,,876016.84,
2026-09-01 09:00:00,,855621.50,
2026-09-01 10:00:00,,857200.89,
2026-09-01 11:00:00,,878917.03,
2026-09-01 12:00:00,,879819.15,
2026-09-01 13:00:00,,869913.63,
2026-09-01 14:00:00,,862724.67,
2026-09-01 15:00:00,,858607.96,
2026-09-01 16:00:00,,859901.35,
2026-09-01 17:00:00,,844990.47,
2026-09-01 18:00:00,,829022.89,
2026-09-01 19:00:00,,822196.97,
2026-09-01 20:00:00,,829893.57,
2026-09-01 21:00:00,,826477.60,
2026-09-01 22:00:00,,826493.61,
2026-09-01 23:00:00,,822775.51,
2026-09-02 00:00:00,,824254.49,
2026-09-02 01:00:00,,830903.96,
2026-09-02 02:00:00,,833660.21,
2026-09-02 03:00:00,,844035.22,
2026-09-02 04:00:00,,845812.24,
2026-09-02 05:00:00,,847032.60,
2026-09-02 06:00:00,,861362.72,
2026-09-02 07:00:00,,866742.11,
2026-09-02 08:00:00,,845026.43,
2026-09-02 09:00:00,,817834.70,
2026-09-02 10:00:00,,815525.98,
2026-09-02 11:00:00,,830757.75,
2026-09-02 12:00:00,,815643.49,
2026-09-02 13:00:00,,804671.18,
2026-09-02 14:00:00,,809974.11,
2026-09-02 15:00:00,,802605.52,
2026-09-02 16:00:00,,802570.34,
2026-09-02 17:00:00,,802474.13,
2026-09-02 18:00:00,,799482.61,
2026-09-02 19:00:00,,794604.70,
2026-09-02 20:00:00,,789552.05,
2026-09-02 21:00:00,,787241.06,
2026-09-02 22:00:00,,791814.06,
2026-09-02 23:00:00,,793531.13,
2026-09-03 00:00:00,,791748.35,
2026-09-03 01:00:00,,776833.09,
2026-09-03 02:00:00,,774427.35,
2026-09-03 03:00:00,,773234.27,
2026-09-03 04:00:00,,770874.93,
2026-09-03 05:00:00,,774010.72,
2026-09-03 06:00:00,,779325.17,
2026-09-03 07:00:00,,780263.22,
2026-09-03 08:00:00,,777982.33,
2026-09-03 09:00:00,,790132.39,
2026-09-03 10:00:00,,774753.68,
2026-09-03 11:00:00,,775068.58,
2026-09-03 12:00:00,,772028.98,
2026-09-03 13:00:00,,763632.21,
2026-09-03 14:00:00,,761482.98,
2026-09-03 15:00:00,,768651.92,
2026-09-03 16:00:00,,767622.75,
2026-09-03 17:00:00,,761298.46,
2026-09-03 18:00:00,,765705.63,
2026-09-03 19:00:00,,765222.78,
2026-09-03 20:00:00,,765726.46,
2026-09-03 21:00:00,,767886.22,
2026-09-03 22:00:00,,767271.20,
2026-09-03 23:00:00,,764252.46,
2026-09-04 00:00:00,,774549.99,
2026-09-04 01:00:00,,773247.95,
2026-09-04 02:00:00,,762126.55,
2026-09-04 03:00:00,,765535.03,
2026-09-04 04:00:00,,763262.69,
2026-09-04 05:00:00,,763298.09,
2026-09-04 06:00:00,,754467.80,
2026-09-04 07:00:00,,757199.69,
2026-09-04 08:00:00,,757553.46,
2026-09-04 09:00:00,,766363.66,
2026-09-04 10:00:00,,769383.43,
2026-09-04 11:00:00,,767614.93,
2026-09-04 12:00:00,,783869.02,
2026-09-04 13:00:00,,774876.48,
2026-09-04 14:00:00,,770395.70,
2026-09-04 15:00:00,,804800.06,
2026-09-04 16:00:00,,800861.02,
2026-09-04 17:00:00,,813296.14,
2026-09-04 18:00:00,,803143.11,
2026-09-04 19:00:00,,804151.70,
2026-09-04 20:00:00,,801925.33,
2026-09-04 21:00:00,,801436.85,
2026-09-04 22:00:00,,802045.92,
2026-09-04 23:00:00,,795204.13,
2026-09-05 00:00:00,,800894.27,
2026-09-05 01:00:00,,813168.70,
2026-09-05 02:00:00,,795796.57,
2026-09-05 03:00:00,,789175.26,
2026-09-05 04:00:00,,785845.83,
2026-09-05 05:00:00,,786510.84,
2026-09-05 06:00:00,,786748.48,
2026-09-05 07:00:00,,787274.41,
2026-09-05 08:00:00,,789722.58,
2026-09-05 09:00:00,,797102.35,
2026-09-05 10:00:00,,793263.09,
2026-09-05 11:00:00,,787325.30,
2026-09-05 12:00:00,,793855.92,
2026-09-05 13:00:00,,794688.94,
2026-09-05 14:00:00,,783269.85,
2026-09-05 15:00:00,,791080.79,
2026-09-05 16:00:00,,799641.60,
2026-09-05 17:00:00,,803487.43,
2026-09-05 18:00:00,,799703.66,
2026-09-05 19:00:00,,803072.06,
2026-09-05 20:00:00,,796316.29,
2026-09-05 21:00:00,,795583.82,
2026-09-05 22:00:00,,791704.15,
2026-09-05 23:00:00,,794881.38,
2026-09-06 00:00:00,,793831.89,
2026-09-06 01:00:00,,798510.92,
2026-09-06 02:00:00,,794630.37,
2026-09-06 03:00:00,,792463.59,
2026-09-06 04:00:00,,795939.63,
2026-09-06 05:00:00,,789210.41,
2026-09-06 06:00:00,,792060.34,
2026-09-06 07:00:00,,796628.06,
2026-09-06 08:00:00,,792851.36,
2026-09-06 09:00:00,,797062.94,
2026-09-06 10:00:00,,798210.01,
2026-09-06 11:00:00,,801270.50,
2026-09-06 12:00:00,,806805.47,
2026-09-06 13:00:00,,795529.29,
2026-09-06 14:00:00,,797473.38,
2026-09-06 15:00:00,,803673.65,
2026-09-06 16:00:00,,812811.41,
2026-09-06 17:00:00,,814815.55,
2026-09-06 18:00:00,,821256.61,
2026-09-06 19:00:00,,813651.58,
2026-09-06 20:00:00,,816248.69,
2026-09-06 21:00:00,,828128.53,
2026-09-06 22:00:00,,839411.84,
2026-09-06 23:00:00,,836556.46,
2026-09-07 00:00:00,,840687.83,
2026-09-07 01:00:00,,827568.57,
2026-09-07 02:00:00,,826129.82,
2026-09-07 03:00:00,,835048.43,
2026-09-07 04:00:00,,863147.75,
2026-09-07 05:00:00,,861191.15,
2026-09-07 06:00:00,,844390.23,
2026-09-07 07:00:00,,844291.12,
2026-09-07 08:00:00,,833883.12,
2026-09-07 09:00:00,,838037.66,
2026-09-07 10:00:00,,838748.64,
2026-09-07 11:00:00,,839075.63,
2026-09-07 12:00:00,,846765.61,
2026-09-07 13:00:00,,845424.02,
2026-09-07 14:00:00,,854410.99,
2026-09-07 15:00:00,,854598.45,
2026-09-07 16:00:00,,837407.15,
2026-09-07 17:00:00,,846600.65,
2026-09-07 18:00:00,,845782.34,
2026-09-07 19:00:00,,842712.67,
2026-09-07 20:00:00,,842757.90,
2026-09-07 21:00:00,,866789.04,
2026-09-07 22:00:00,,866125.62,
2026-09-07 23:00:00,,871894.11,
2026-09-08 00:00:00,,873937.97,
2026-09-08 01:00:00,,873810.88,
2026-09-08 02:00:00,,873186.74,
2026-09-08 03:00:00,,852059.70,
2026-09-08 04:00:00,,857605.74,
2026-09-08 05:00:00,,858698.91,
2026-09-08 06:00:00,,858056.02,
2026-09-08 07:00:00,,819827.95,
2026-09-08 08:00:00,,815796.81,
2026-09-08 09:00:00,,813156.30,
2026-09-08 10:00:00,,818475.17,
2026-09-08 11:00:00,,824958.46,
2026-09-08 12:00:00,,819445.47,
2026-09-08 13:00:00,,843468.37,
2026-09-08 14:00:00,,810514.29,
2026-09-08 15:00:00,,813669.46,
2026-09-08 16:00:00,,824683.86,
2026-09-08 17:00:00,,811580.05,
2026-09-08 18:00:00,,807865.62,
2026-09-08 19:00:00,,805688.87,
2026-09-08 20:00:00,,804812.17,
2026-09-08 21:00:00,,805651.13,
2026-09-08 22:00:00,,808506.06,
2026-09-08 23:00:00,,814605.58,
2026-09-09 00:00:00,,803974.78,
2026-09-09 01:00:00,,788478.28,
2026-09-09 02:00:00,,783359.21,
2026-09-09 03:00:00,,784266.50,
2026-09-09 04:00:00,,798839.73,
2026-09-09 05:00:00,,815996.48,
2026-09-09 06:00:00,,806656.73,
2026-09-09 07:00:00,,805526.63,
2026-09-09 08:00:00,,813109.04,
2026-09-09 09:00:00,,820487.88,
2026-09-09 10:00:00,,816862.23,
2026-09-09 11:00:00,,810623.92,
2026-09-09 12:00:00,,816132.43,
2026-09-09 13:00:00,,818589.81,
2026-09-09 14:00:00,,818009.21,
2026-09-09 15:00:00,,811557.80,
2026-09-09 16:00:00,,797660.23,
2026-09-09 17:00:00,,799469.09,
2026-09-09 18:00:00,,801693.15,
2026-09-09 19:00:00,,805093.18,
2026-09-09 20:00:00,,796791.28,
2026-09-09 21:00:00,,793566.97,
2026-09-09 22:00:00,,786814.90,
2026-09-09 23:00:00,,787560.30,
2026-09-10 00:00:00,,794220.34,
2026-09-10 01:00:00,,772125.84,
2026-09-10 02:00:00,,762244.25,
2026-09-10 03:00:00,,777006.02,
2026-09-10 04:00:00,,776264.61,
2026-09-10 05:00:00,,773072.89,
2026-09-10 06:00:00,,778356.57,
2026-09-10 07:00:00,,778905.82,
2026-09-10 08:00:00,,773549.73,
2026-09-10 09:00:00,,777303.81,
2026-09-10 10:00:00,,766841.04,
2026-09-10 11:00:00,,765403.82,
2026-09-10 12:00:00,,782038.49,
2026-09-10 13:00:00,,749671.13,
2026-09-10 14:00:00,,766211.63,
2026-09-10 15:00:00,,759709.62,
2026-09-10 16:00:00,,756511.92,
2026-09-10 17:00:00,,749305.63,
2026-09-10 18:00:00,,747071.07,
2026-09-10 19:00:00,,753871.25,
2026-09-10 20:00:00,,749301.63,
2026-09-10 21:00:00,,750895.81,
2026-09-10 22:00:00,,749198.70,
2026-09-10 23:00:00,,743878.57,
2026-09-11 00:00:00,,754519.73,
2026-09-11 01:00:00,,762808.72,
2026-09-11 02:00:00,,770009.26,
2026-09-11 03:00:00,,760447.34,
2026-09-11 04:00:00,,751137.09,
2026-09-11 05:00:00,,755502.06,
2026-09-11 06:00:00,,754189.21,
2026-09-11 07:00:00,,751078.68,
2026-09-11 08:00:00,,750878.30,
2026-09-11 09:00:00,,752666.48,
2026-09-11 10:00:00,,751767.24,
2026-09-11 11:00:00,,751663.46,
2026-09-11 12:00:00,,751262.94,
2026-09-11 13:00:00,,753174.84,
2026-09-11 14:00:00,,765789.57,
2026-09-11 15:00:00,,760812.01,
2026-09-11 16:00:00,,745018.20,
2026-09-11 17:00:00,,750057.61,
2026-09-11 18:00:00,,745005.34,
2026-09-11 19:00:00,,734970.41,
2026-09-11 20:00:00,,740763.06,
2026-09-11 21:00:00,,743081.71,
2026-09-11 22:00:00,,737012.21,
2026-09-11 23:00:00,,740369.14,
2026-09-12 00:00:00,,745804.06,
2026-09-12 01:00:00,,742012.10,
2026-09-12 02:00:00,,744525.18,
2026-09-12 03:00:00,,753695.71,
2026-09-12 04:00:00,,754605.49,
2026-09-12 05:00:00,,753944.13,
2026-09-12 06:00:00,,752345.31,
2026-09-12 07:00:00,,756910.11,
2026-09-12 08:00:00,,756078.91,
2026-09-12 09:00:00,,765616.71,
2026-09-12 10:00:00,,765576.25,
2026-09-12 11:00:00,,765229.05,
2026-09-12 12:00:00,,764725.19,
2026-09-12 13:00:00,,763709.21,
2026-09-12 14:00:00,,764407.19,
2026-09-12 15:00:00,,764505.27,
2026-09-12 16:00:00,,763046.57,
2026-09-12 17:00:00,,765573.78,
2026-09-12 18:00:00,,766971.55,
2026-09-12 19:00:00,,775153.81,
2026-09-12 20:00:00,,776195.54,
2026-09-12 21:00:00,,777777.03,
2026-09-12 22:00:00,,778115.25,
2026-09-12 23:00:00,,779583.83,
2026-09-13 00:00:00,,786035.89,
2026-09-13 01:00:00,,789683.39,
2026-09-13 02:00:00,,789709.99,
2026-09-13 03:00:00,,788707.75,
2026-09-13 04:00:00,,786629.93,
2026-09-13 05:00:00,,785676.67,
2026-09-13 06:00:00,,779068.05,
2026-09-13 07:00:00,,786560.32,
2026-09-13 08:00:00,,782163.86,
2026-09-13 09:00:00,,770370.88,
2026-09-13 10:00:00,,776216.32,
2026-09-13 11:00:00,,786051.40,
2026-09-13 12:00:00,,786694.25,
2026-09-13 13:00:00,,772112.87,
2026-09-13 14:00:00,,776397.57,
2026-09-13 15:00:00,,773898.10,
2026-09-13 16:00:00,,765895.25,
2026-09-13 17:00:00,,764621.52,
2026-09-13 18:00:00,,766541.52,
2026-09-13 19:00:00,,767580.42,
2026-09-13 20:00:00,,767624.56,
2026-09-13 21:00:00,,769239.28,
2026-09-13 22:00:00,,769676.68,
2026-09-13 23:00:00,,746896.64,
2026-09-14 00:00:00,,742377.60,
2026-09-14 01:00:00,,739514.31,
2026-09-14 02:00:00,,741583.83,
2026-09-14 03:00:00,,759592.62,
2026-09-14 04:00:00,,752428.67,
2026-09-14 05:00:00,,751381.50,
2026-09-14 06:00:00,,751733.17,
2026-09-14 07:00:00,,752193.13,
2026-09-14 08:00:00,,751810.85,
2026-09-14 09:00:00,,746593.22,
2026-09-14 10:00:00,,750180.57,
2026-09-14 11:00:00,,752008.65,
2026-09-14 12:00:00,,752583.27,
2026-09-14 13:00:00,,747413.41,
2026-09-14 14:00:00,,748451.72,
2026-09-14 15:00:00,,744428.08,
2026-09-14 16:00:00,,750013.53,
2026-09-14 17:00:00,,753007.08,
2026-09-14 18:00:00,,755031.96,
2026-09-14 19:00:00,,755033.87,
2026-09-14 20:00:00,,753472.65,
2026-09-14 21:00:00,,760262.75,
2026-09-14 22:00:00,,756633.90,
2026-09-14 23:00:00,,767808.69,
2026-09-15 00:00:00,,763837.09,
2026-09-15 01:00:00,,757720.27,
2026-09-15 02:00:00,,761826.05,
2026-09-15 03:00:00,,762642.09,
2026-09-15 04:00:00,,755853.08,
2026-09-15 05:00:00,,754362.85,
2026-09-15 06:00:00,,752904.14,
2026-09-15 07:00:00,,757749.62,
2026-09-15 08:00:00,,758200.44,
2026-09-15 09:00:00,,757535.66,
2026-09-15 10:00:00,,753151.87,
2026-09-15 11:00:00,,749580.20,
2026-09-15 12:00:00,,751123.75,
2026-09-15 13:00:00,,748228.17,
2026-09-15 14:00:00,,743347.77,
2026-09-15 15:00:00,,728220.98,
2026-09-15 16:00:00,,735516.67,
2026-09-15 17:00:00,,735159.75,
2026-09-15 18:00:00,,739936.14,
2026-09-15 19:00:00,,711858.38,
2026-09-15 20:00:00,,709322.08,
2026-09-15 21:00:00,,707093.27,
2026-09-15 22:00:00,,694338.91,
2026-09-15 23:00:00,,695926.41,
2026-09-16 00:00:00,,695352.58,
2026-09-16 01:00:00,,703490.48,
2026-09-16 02:00:00,,695884.76,
2026-09-16 03:00:00,,697560.18,
2026-09-16 04:00:00,,695551.10,
2026-09-16 05:00:00,,718820.81,
2026-09-16 06:00:00,,718918.51,
2026-09-16 07:00:00,,720251.51,
2026-09-16 08:00:00,,715994.08,
2026-09-16 09:00:00,,714969.64,
2026-09-16 10:00:00,,715923.40,
2026-09-16 11:00:00,,714337.76,
2026-09-16 12:00:00,,716294.24,
2026-09-16 13:00:00,,714716.69,
2026-09-16 14:00:00,,715792.10,
2026-09-16 15:00:00,,714939.91,
2026-09-16 16:00:00,,713415.98,
2026-09-16 17:00:00,,719408.40,
2026-09-16 18:00:00,,721091.15,
2026-09-16 19:00:00,,724073.13,
2026-09-16 20:00:00,,712184.60,
2026-09-16 21:00:00,,716847.89,
2026-09-16 22:00:00,,714908.64,
2026-09-16 23:00:00,,716446.27,
2026-09-17 00:00:00,,726320.38,
2026-09-17 01:00:00,,726031.96,
2026-09-17 02:00:00,,733036.69,
2026-09-17 03:00:00,,732738.89,
2026-09-17 04:00:00,,732220.47,
2026-09-17 05:00:00,,725969.96,
2026-09-17 06:00:00,,727789.52,
2026-09-17 07:00:00,,727043.22,
2026-09-17 08:00:00,,719834.21,
2026-09-17 09:00:00,,723083.71,
2026-09-17 10:00:00,,715058.17,
2026-09-17 11:00:00,,716551.63,
2026-09-17 12:00:00,,712430.24,
2026-09-17 13:00:00,,712896.97,
2026-09-17 14:00:00,,711700.46,
2026-09-17 15:00:00,,711184.09,
2026-09-17 16:00:00,,710589.84,
2026-09-17 17:00:00,,712920.83,
2026-09-17 18:00:00,,713950.37,
2026-09-17 19:00:00,,710604.78,
2026-09-17 20:00:00,,710436.97,
2026-09-17 21:00:00,,707451.35,
2026-09-17 22:00:00,,706551.84,
2026-09-17 23:00:00,,707238.41,
2026-09-18 00:00:00,,704664.29,
2026-09-18 01:00:00,,704771.72,
2026-09-18 02:00:00,,706728.08,
2026-09-18 03:00:00,,704427.08,
2026-09-18 04:00:00,,712620.29,
2026-09-18 05:00:00,,713617.91,
2026-09-18 06:00:00,,710184.69,
2026-09-18 07:00:00,,711617.72,
2026-09-18 08:00:00,,714295.98,
2026-09-18 09:00:00,,718223.87,
2026-09-18 10:00:00,,722839.01,
2026-09-18 11:00:00,,719680.33,
2026-09-18 12:00:00,,715833.32,
2026-09-18 13:00:00,,720547.70,
2026-09-18 14:00:00,,721874.68,
2026-09-18 15:00:00,,725697.75,
2026-09-18 16:00:00,,732439.26,
2026-09-18 17:00:00,,729017.98,
2026-09-18 18:00:00,,728493.06,
2026-09-18 19:00:00,,725970.82,
2026-09-18 20:00:00,,727499.20,
2026-09-18 21:00:00,,725144.70,
2026-09-18 22:00:00,,723506.96,
2026-09-18 23:00:00,,725207.19,
2026-09-19 00:00:00,,732293.28,
2026-09-19 01:00:00,,729279.65,
2026-09-19 02:00:00,,745819.93,
2026-09-19 03:00:00,,742404.85,
2026-09-19 04:00:00,,737351.45,
2026-09-19 05:00:00,,731821.22,
2026-09-19 06:00:00,,737825.88,
2026-09-19 07:00:00,,742714.14,
2026-09-19 08:00:00,,740779.36,
2026-09-19 09:00:00,,749114.94,
2026-09-19 10:00:00,,752299.64,
2026-09-19 11:00:00,,752611.85,
2026-09-19 12:00:00,,751044.23,
2026-09-19 13:00:00,,752943.28,
2026-09-19 14:00:00,,763798.25,
2026-09-19 15:00:00,,750055.20,
2026-09-19 16:00:00,,752929.54,
2026-09-19 17:00:00,,753564.78,
2026-09-19 18:00:00,,749034.31,
2026-09-19 19:00:00,,747487.43,
2026-09-19 20:00:00,,752250.80,
2026-09-19 21:00:00,,750684.44,
2026-09-19 22:00:00,,748944.37,
2026-09-19 23:00:00,,751774.77,
2026-09-20 00:00:00,,762444.77,
2026-09-20 01:00:00,,754857.39,
2026-09-20 02:00:00,,747711.77,
2026-09-20 03:00:00,,727845.73,
2026-09-20 04:00:00,,730824.16,
2026-09-20 05:00:00,,730624.60,
2026-09-20 06:00:00,,711363.26,
2026-09-20 07:00:00,,713643.96,
2026-09-20 08:00:00,,705137.26,
2026-09-20 09:00:00,,705306.93,
2026-09-20 10:00:00,,704781.77,
2026-09-20 11:00:00,,700945.10,
2026-09-20 12:00:00,,700337.11,
2026-09-20 13:00:00,,701582.21,
2026-09-20 14:00:00,,699391.64,
2026-09-20 15:00:00,,701650.98,
2026-09-20 16:00:00,,707953.27,
2026-09-20 17:00:00,,711789.07,
2026-09-20 18:00:00,,715594.55,
2026-09-20 19:00:00,,713755.09,
2026-09-20 20:00:00,,714297.67,
2026-09-20 21:00:00,,716994.84,
2026-09-20 22:00:00,,713695.91,
2026-09-20 23:00:00,,716253.67,
2026-09-21 00:00:00,,719438.19,
2026-09-21 01:00:00,,721021.79,
2026-09-21 02:00:00,,709948.10,
2026-09-21 03:00:00,,711467.73,
2026-09-21 04:00:00,,722454.60,
2026-09-21 05:00:00,,722890.09,
2026-09-21 06:00:00,,733022.42,
2026-09-21 07:00:00,,734317.17,
2026-09-21 08:00:00,,739355.85,
2026-09-21 09:00:00,,743265.31,
2026-09-21 10:00:00,,745389.46,
2026-09-21 11:00:00,,751454.22,
2026-09-21 12:00:00,,755396.45,
2026-09-21 13:00:00,,745322.62,
2026-09-21 14:00:00,,744820.88,
2026-09-21 15:00:00,,742160.60,
2026-09-21 16:00:00,,742330.62,
2026-09-21 17:00:00,,733793.66,
2026-09-21 18:00:00,,731430.47,
2026-09-21 19:00:00,,732713.80,
2026-09-21 20:00:00,,734954.71,
2026-09-21 21:00:00,,737171.77,
2026-09-21 22:00:00,,739095.54,
2026-09-21 23:00:00,,744353.74,
2026-09-22 00:00:00,,751374.21,
2026-09-22 01:00:00,,743679.85,
2026-09-22 02:00:00,,764173.42,
2026-09-22 03:00:00,,920256.62,
2026-09-22 04:00:00,,1027597.93,
2026-09-22 05:00:00,,937176.77,
2026-09-22 06:00:00,,886045.64,
2026-09-22 07:00:00,,870580.19,
2026-09-22 08:00:00,,863803.93,
2026-09-22 09:00:00,,882454.31,
2026-09-22 10:00:00,,884727.15,
2026-09-22 11:00:00,,868553.04,
2026-09-22 12:00:00,,857660.80,
2026-09-22 13:00:00,,866688.59,
2026-09-22 14:00:00,,848933.82,
2026-09-22 15:00:00,,834608.32,
2026-09-22 16:00:00,,827398.39,
2026-09-22 17:00:00,,819881.87,
2026-09-22 18:00:00,,826156.28,
2026-09-22 19:00:00,,818322.08,
2026-09-22 20:00:00,,817324.97,
2026-09-22 21:00:00,,820467.86,
2026-09-22 22:00:00,,819080.36,
2026-09-22 23:00:00,,810949.37,
2026-09-23 00:00:00,,804494.78,
2026-09-23 01:00:00,,818511.94,
2026-09-23 02:00:00,,809706.13,
2026-09-23 03:00:00,,821638.52,
2026-09-23 04:00:00,,825347.37,
2026-09-23 05:00:00,,827179.53,
2026-09-23 06:00:00,,815685.12,
2026-09-23 07:00:00,,826501.33,
2026-09-23 08:00:00,,816190.64,
2026-09-23 09:00:00,,814454.21,
2026-09-23 10:00:00,,810360.53,
2026-09-23 11:00:00,,812331.68,
2026-09-23 12:00:00,,808382.24,
2026-09-23 13:00:00,,799489.25,
2026-09-23 14:00:00,,787096.89,
2026-09-23 15:00:00,,732817.93,
2026-09-23 16:00:00,,719538.64,
2026-09-23 17:00:00,,722243.84,
2026-09-23 18:00:00,,722455.60,
2026-09-23 19:00:00,,720628.99,
2026-09-23 20:00:00,,720079.55,
2026-09-23 21:00:00,,714482.19,
2026-09-23 22:00:00,,718127.24,
2026-09-23 23:00:00,,712799.21,
2026-09-24 00:00:00,,715806.81,
2026-09-24 01:00:00,,709864.30,
2026-09-24 02:00:00,,709818.18,
2026-09-24 03:00:00,,719045.96,
2026-09-24 04:00:00,,721244.88,
2026-09-24 05:00:00,,730038.66,
2026-09-24 06:00:00,,729812.87,
2026-09-24 07:00:00,,727595.36,
2026-09-24 08:00:00,,727882.67,
2026-09-24 09:00:00,,722545.64,
2026-09-24 10:00:00,,711817.03,
2026-09-24 11:00:00,,712344.67,
2026-09-24 12:00:00,,711076.17,
2026-09-24 13:00:00,,716680.37,
2026-09-24 14:00:00,,725992.95,
2026-09-24 15:00:00,,729026.22,
2026-09-24 16:00:00,,738990.32,
2026-09-24 17:00:00,,738237.71,
2026-09-24 18:00:00,,729006.40,
2026-09-24 19:00:00,,729216.99,
2026-09-24 20:00:00,,725929.37,
2026-09-24 21:00:00,,725132.26,
2026-09-24 22:00:00,,726525.41,
2026-09-24 23:00:00,,723666.94,
2026-09-25 00:00:00,,724909.08,
2026-09-25 01:00:00,,722960.09,
2026-09-25 02:00:00,,720378.60,
2026-09-25 03:00:00,,710856.73,
2026-09-25 04:00:00,,715036.47,
2026-09-25 05:00:00,,716871.23,
2026-09-25 06:00:00,,721939.83,
2026-09-25 07:00:00,,721741.95,
2026-09-25 08:00:00,,734008.12,
2026-09-25 09:00:00,,742353.32,
2026-09-25 10:00:00,,742398.66,
2026-09-25 11:00:00,,743573.53,
2026-09-25 12:00:00,,747767.90,
2026-09-25 13:00:00,,750550.43,
2026-09-25 14:00:00,,743519.44,
2026-09-25 15:00:00,,747136.40,
2026-09-25 16:00:00,,750096.46,
2026-09-25 17:00:00,,749910.18,
2026-09-25 18:00:00,,749225.92,
2026-09-25 19:00:00,,751475.49,
2026-09-25 20:00:00,,749510.12,
2026-09-25 21:00:00,,750227.57,
2026-09-25 22:00:00,,746565.65,
2026-09-25 23:00:00,,756543.09,
2026-09-26 00:00:00,,758682.88,
2026-09-26 01:00:00,,754484.76,
2026-09-26 02:00:00,,753207.52,
2026-09-26 03:00:00,,748875.37,
2026-09-26 04:00:00,,742166.25,
2026-09-26 05:00:00,,744689.10,
2026-09-26 06:00:00,,745860.36,
2026-09-26 07:00:00,,746757.85,
2026-09-26 08:00:00,,749483.66,
2026-09-26 09:00:00,,770077.42,
2026-09-26 10:00:00,,780259.89,
2026-09-26 11:00:00,,789444.58,
2026-09-26 12:00:00,,780887.67,
2026-09-26 13:00:00,,877566.52,
2026-09-26 14:00:00,,881272.27,
2026-09-26 15:00:00,,899709.67,
2026-09-26 16:00:00,,889678.27,
2026-09-26 17:00:00,,917311.78,
2026-09-26 18:00:00,,908893.23,
2026-09-26 19:00:00,,890752.77,
2026-09-26 20:00:00,,873936.68,
2026-09-26 21:00:00,,834681.55,
2026-09-26 22:00:00,,845786.79,
2026-09-26 23:00:00,,851347.36,
2026-09-27 00:00:00,,868945.72,
2026-09-27 01:00:00,,937360.52,
2026-09-27 02:00:00,,945977.18,
2026-09-27 03:00:00,,1140943.57,
2026-09-27 04:00:00,,1218556.65,
2026-09-27 05:00:00,,1115258.14,
2026-09-27 06:00:00,,1095738.17,
2026-09-27 07:00:00,,1072957.24,
2026-09-27 08:00:00,,1038297.18,
2026-09-27 09:00:00,,1031974.10,
