date,tvl,fees,revenue,dex_vol,stbl
2017-09-28,0.00,,,,
2017-09-29,0.00,,,,
2017-09-30,0.00,,,,
2017-10-01,0.00,,,,
2017-10-02,0.00,,,,
2017-10-03,0.00,,,,
2017-10-04,0.00,,,,
2017-10-05,0.00,,,,
2017-10-06,0.00,,,,
2017-10-07,0.00,,,,
2017-10-08,0.00,,,,
2017-10-09,0.00,,,,
2017-10-10,0.00,,,,
2017-10-11,0.00,,,,
2017-10-12,0.00,,,,
2017-10-13,0.00,,,,
2017-10-14,0.00,,,,
2017-10-15,0.00,,,,
2017-10-16,0.00,,,,
2017-10-17,0.00,,,,
2017-10-18,0.00,,,,
2017-10-19,0.00,,,,
2017-10-20,0.00,,,,
2017-10-21,0.00,,,,
2017-10-22,0.00,,,,
2017-10-23,0.00,,,,
2017-10-24,0.00,,,,
2017-10-25,0.00,,,,
2017-10-26,0.00,,,,
2017-10-27,0.00,,,,
2017-10-28,0.00,,,,
2017-10-29,0.00,,,,
2017-10-30,0.00,,,,
2017-10-31,0.00,,,,
2017-11-01,0.00,,,,
2017-11-02,0.00,,,,
2017-11-03,0.00,,,,
2017-11-04,0.00,,,,
2017-11-05,0.00,,,,
2017-11-06,0.00,,,,
2017-11-07,0.00,,,,
2017-11-08,0.00,,,,
2017-11-09,0.00,,,,
2017-11-10,0.00,,,,
2017-11-11,0.00,,,,
2017-11-12,0.00,,,,
2017-11-13,0.00,,,,
2017-11-14,0.00,,,,
2017-11-15,0.00,,,,
2017-11-16,0.00,,,,
2017-11-17,0.00,,,,
2017-11-18,0.00,,,,
2017-11-19,0.00,,,,
2017-11-20,0.00,,,,
2017-11-21,0.00,,,,
2017-11-22,0.00,,,,
2017-11-23,0.00,,,,
2017-11-24,0.00,,,,
2017-11-25,0.00,,,,
2017-11-26,0.00,,,,
2017-11-27,0.00,,,,
2017-11-28,0.00,,,,
2017-11-29,0.00,,,,
2017-11-30,0.00,,,,110105.00
2017-12-01,0.00,,,,110105.00
2017-12-02,0.00,,,,110105.00
2017-12-03,0.00,,,,110105.00
2017-12-04,0.00,,,,110105.00
2017-12-05,0.00,,,,110105.00
2017-12-06,0.00,,,,110105.00
2017-12-07,0.00,,,,110105.00
2017-12-08,0.00,,,,110105.00
2017-12-09,0.00,,,,110105.00
2017-12-10,0.00,,,,110105.00
2017-12-11,0.00,,,,110105.00
2017-12-12,0.00,,,,110105.00
2017-12-13,0.00,,,,110105.00
2017-12-14,0.00,,,,110105.00
2017-12-15,0.00,,,,110105.00
2017-12-16,0.00,,,,110105.00
2017-12-17,0.00,,,,110105.00
2017-12-18,0.00,,,,110105.00
2017-12-19,0.00,,,,110105.00
2017-12-20,0.00,,,,110105.00
2017-12-21,0.00,,,,110105.00
2017-12-22,0.00,,,,110105.00
2017-12-23,0.00,,,,110105.00
2017-12-24,0.00,,,,110105.00
2017-12-25,0.00,,,,110105.00
2017-12-26,0.00,,,,110105.00
2017-12-27,0.00,,,,110105.00
2017-12-28,0.00,,,,110105.00
2017-12-29,0.00,,,,110105.00
2017-12-30,0.00,,,,110105.00
2017-12-31,0.00,,,,110105.00
2018-01-01,0.00,,,,110105.00
2018-01-02,0.00,,,,110105.00
2018-01-03,0.00,,,,110105.00
2018-01-04,0.00,,,,110105.00
2018-01-05,0.00,,,,110105.00
2018-01-06,0.00,,,,110105.00
2018-01-07,0.00,,,,110105.00
2018-01-08,0.00,,,,110105.00
2018-01-09,0.00,,,,110105.00
2018-01-10,0.00,,,,110105.00
2018-01-11,0.00,,,,110105.00
2018-01-12,0.00,,,,30146817.00
2018-01-13,0.00,,,,30146817.00
2018-01-14,0.00,,,,30146817.00
2018-01-15,0.00,,,,30146817.00
2018-01-16,0.00,,,,30146817.00
2018-01-17,0.00,,,,30146817.00
2018-01-18,0.00,,,,30146817.00
2018-01-19,0.00,,,,30146817.00
2018-01-20,0.00,,,,30146817.00
2018-01-21,0.00,,,,30146817.00
2018-01-22,0.00,,,,30146817.00
2018-01-23,0.00,,,,30146817.00
2018-01-24,0.00,,,,30146817.00
2018-01-25,0.00,,,,30146817.00
2018-01-26,0.00,,,,30146817.00
2018-01-27,0.00,,,,30146817.00
2018-01-28,0.00,,,,30146817.00
2018-01-29,0.00,,,,30146817.00
2018-01-30,0.00,,,,60183528.00
2018-01-31,0.00,,,,60183528.00
2018-02-01,0.00,,,,60183528.00
2018-02-02,0.00,,,,60183528.00
2018-02-03,0.00,,,,60183528.00
2018-02-04,0.00,,,,60183528.00
2018-02-05,0.00,,,,60183528.00
2018-02-06,0.00,,,,60183528.00
2018-02-07,0.00,,,,60183528.00
2018-02-08,0.00,,,,60183528.00
2018-02-09,0.00,,,,60183528.00
2018-02-10,0.00,,,,60183528.00
2018-02-11,0.00,,,,60183528.00
2018-02-12,0.00,,,,60183528.00
2018-02-13,6685317.00,,,,60183528.00
2018-02-14,6685317.00,,,,60183528.00
2018-02-15,6685317.00,,,,60183528.00
2018-02-16,7335070.00,,,,60183528.00
2018-02-17,11799306.00,,,,60183528.00
2018-02-18,11799306.00,,,,60183528.00
2018-02-19,11799306.00,,,,60183528.00
2018-02-20,11799306.00,,,,60183528.00
2018-02-21,11799306.00,,,,60183528.00
2018-02-22,11620897.00,,,,60183528.00
2018-02-23,9686994.00,,,,60183528.00
2018-02-24,11924788.00,,,,60183528.00
2018-02-25,11924788.00,,,,60183528.00
2018-02-26,11924788.00,,,,60183528.00
2018-02-27,11293138.00,,,,60183528.00
2018-02-28,11293138.00,,,,60183528.00
2018-03-01,18351636.00,,,,60183528.00
2018-03-02,18351636.00,,,,60183528.00
2018-03-03,18351636.00,,,,60183528.00
2018-03-04,18351636.00,,,,60183528.00
2018-03-05,18351636.00,,,,60183528.00
2018-03-06,18351636.00,,,,60183528.00
2018-03-07,15284730.00,,,,60183528.00
2018-03-08,15284730.00,,,,60183528.00
2018-03-09,14201508.00,,,,60183528.00
2018-03-10,14201508.00,,,,60183528.00
2018-03-11,14201508.00,,,,60183528.00
2018-03-12,14201508.00,,,,60183528.00
2018-03-13,14201508.00,,,,60183528.00
2018-03-14,14201508.00,,,,60183528.00
2018-03-15,14529180.00,,,,60183528.00
2018-03-16,10883302.00,,,,60183528.00
2018-03-17,10883302.00,,,,60183528.00
2018-03-18,10883302.00,,,,60183528.00
2018-03-19,10883302.00,,,,60183528.00
2018-03-20,10883302.00,,,,60183528.00
2018-03-21,10883302.00,,,,60183528.00
2018-03-22,10883302.00,,,,60183528.00
2018-03-23,10883302.00,,,,60183528.00
2018-03-24,10883302.00,,,,60183528.00
2018-03-25,10883302.00,,,,60183528.00
2018-03-26,10883302.00,,,,60183528.00
2018-03-27,10883302.00,,,,60183528.00
2018-03-28,10883302.00,,,,60183528.00
2018-03-29,10883302.00,,,,60183528.00
2018-03-30,10975192.00,,,,60183528.00
2018-03-31,8872233.00,,,,60183528.00
2018-04-01,8872233.00,,,,60183528.00
2018-04-02,8872233.00,,,,60183528.00
2018-04-03,8872233.00,,,,60183528.00
2018-04-04,8709109.00,,,,60183528.00
2018-04-05,8709109.00,,,,60183528.00
2018-04-06,8709109.00,,,,60183528.00
2018-04-07,8994812.00,,,,60183528.00
2018-04-08,11513795.00,,,,60183528.00
2018-04-09,11513795.00,,,,60183528.00
2018-04-10,11513795.00,,,,60183528.00
2018-04-11,11513795.00,,,,60183528.00
2018-04-12,11513795.00,,,,60183528.00
2018-04-13,11513795.00,,,,60183528.00
2018-04-14,11513795.00,,,,60183528.00
2018-04-15,11599561.00,,,,60183528.00
2018-04-16,11860237.00,,,,60183528.00
2018-04-17,16745423.00,,,,60183528.00
2018-04-18,16745423.00,,,,60183528.00
2018-04-19,16745423.00,,,,60183528.00
2018-04-20,16745423.00,,,,60183528.00
2018-04-21,19173183.00,,,,60183528.00
2018-04-22,19173183.00,,,,60183528.00
2018-04-23,19557950.00,,,,60183528.00
2018-04-24,21963401.00,,,,60183528.00
2018-04-25,21963401.00,,,,60183528.00
2018-04-26,21963401.00,,,,60183528.00
2018-04-27,21963401.00,,,,60183528.00
2018-04-28,22367479.00,,,,60183528.00
2018-04-29,28948697.00,,,,60183528.00
2018-04-30,28977326.00,,,,60183528.00
2018-05-01,28969763.00,,,,60183528.00
2018-05-02,28984307.00,,,,60183528.00
2018-05-03,28977941.00,,,,60183528.00
2018-05-04,35203792.00,,,,60183528.00
2018-05-05,29514151.00,,,,60183528.00
2018-05-06,29565821.00,,,,60183528.00
2018-05-07,29590838.00,,,,60183528.00
2018-05-08,29584982.00,,,,60183528.00
2018-05-09,23996888.00,,,,60183528.00
2018-05-10,24006329.00,,,,60183528.00
2018-05-11,29220087.00,,,,60183528.00
2018-05-12,29200576.00,,,,60183528.00
2018-05-13,29180118.00,,,,60183528.00
2018-05-14,29161024.00,,,,60183528.00
2018-05-15,29172651.00,,,,60183528.00
2018-05-16,29192404.00,,,,60183528.00
2018-05-17,27637293.00,,,,60183528.00
2018-05-18,27621514.00,,,,60183528.00
2018-05-19,26702764.00,,,,60183528.00
2018-05-20,30301579.00,,,,60183528.00
2018-05-21,30305637.00,,,,60183528.00
2018-05-22,30318592.00,,,,60183528.00
2018-05-23,29046638.00,,,,60183528.00
2018-05-24,29017571.00,,,,60183528.00
2018-05-25,28956511.00,,,,60183528.00
2018-05-26,28999900.00,,,,60183528.00
2018-05-27,28971623.00,,,,60183528.00
2018-05-28,24783617.00,,,,60183528.00
2018-05-29,24794527.00,,,,60183528.00
2018-05-30,24743844.00,,,,60183528.00
2018-05-31,31952258.00,,,,60183528.00
2018-06-01,31943323.00,,,,60183528.00
2018-06-02,31963581.00,,,,60183528.00
2018-06-03,31952510.00,,,,60183528.00
2018-06-04,31986000.00,,,,60183528.00
2018-06-05,30750887.00,,,,60183528.00
2018-06-06,30741186.00,,,,60183528.00
2018-06-07,30734367.00,,,,60183528.00
2018-06-08,30749864.00,,,,60183528.00
2018-06-09,30135166.00,,,,60183528.00
2018-06-10,30137891.00,,,,60183528.00
2018-06-11,30134960.00,,,,60183060.00
2018-06-12,20200363.00,,,,60183060.00
2018-06-13,20202458.00,,,,60183060.00
2018-06-14,20177422.00,,,,60183060.00
2018-06-15,20171150.00,,,,60183060.00
2018-06-16,21673737.00,,,,60183060.00
2018-06-17,21665463.00,,,,60183060.00
2018-06-18,24002627.00,,,,60183060.00
2018-06-19,24004364.00,,,,60183060.00
2018-06-20,24031704.00,,,,60183060.00
2018-06-21,24037291.00,,,,60183060.00
2018-06-22,24045886.00,,,,60183060.00
2018-06-23,23763827.00,,,,60183060.00
2018-06-24,21165759.00,,,,60183060.00
2018-06-25,21175105.00,,,,60183060.00
2018-06-26,21162437.00,,,,60183060.00
2018-06-27,21165475.00,,,,60183060.00
2018-06-28,19744994.00,,,,60183060.00
2018-06-29,19764441.00,,,,60183060.00
2018-06-30,19771694.00,,,,60183060.00
2018-07-01,22475278.00,,,,60183060.00
2018-07-02,22483726.00,,,,60183060.00
2018-07-03,22490475.00,,,,60183060.00
2018-07-04,22513321.00,,,,60183060.00
2018-07-05,22493042.00,,,,60183060.00
2018-07-06,22510025.00,,,,60183060.00
2018-07-07,22526670.00,,,,60183060.00
2018-07-08,22495522.00,,,,60183060.00
2018-07-09,25093689.00,,,,60183060.00
2018-07-10,23126728.00,,,,60183060.00
2018-07-11,19628038.00,,,,60183060.00
2018-07-12,19573614.00,,,,60183060.00
2018-07-13,19899688.00,,,,60183060.00
2018-07-14,19890030.00,,,,60183060.00
2018-07-15,19896837.00,,,,60183060.00
2018-07-16,19888431.00,,,,60183060.00
2018-07-17,19913834.00,,,,60183060.00
2018-07-18,19929339.00,,,,60183060.00
2018-07-19,19924898.00,,,,60183060.00
2018-07-20,19894895.00,,,,60183060.00
2018-07-21,20149827.00,,,,60183060.00
2018-07-22,20590476.00,,,,60183060.00
2018-07-23,20596340.00,,,,60183060.00
2018-07-24,20605860.00,,,,60183060.00
2018-07-25,20578762.00,,,,60183060.00
2018-07-26,20265462.00,,,,60183060.00
2018-07-27,20259382.00,,,,60183060.00
2018-07-28,20250097.00,,,,60183060.00
2018-07-29,17813102.00,,,,60183060.00
2018-07-30,17815710.00,,,,30146348.00
2018-07-31,17814972.00,,,,30146348.00
2018-08-01,17810324.00,,,,15127992.00
2018-08-02,17795180.00,,,,15127992.00
2018-08-03,16575227.00,,,,15127992.00
2018-08-04,16575865.00,,,,15127992.00
2018-08-05,16174201.00,,,,15127992.00
2018-08-06,16159086.00,,,,15127992.00
2018-08-07,358439.00,,,,15127992.00
2018-08-08,367117.00,,,,15127992.00
2018-08-09,367758.00,,,,15127992.00
2018-08-10,340001.00,,,,15127992.00
2018-08-11,337587.00,,,,15127992.00
2018-08-12,16800664.00,,,,15127992.00
2018-08-13,16800809.00,,,,15127992.00
2018-08-14,16533578.00,,,,15127992.00
2018-08-15,16535473.00,,,,15127992.00
2018-08-16,16534267.00,,,,15127992.00
2018-08-17,16552382.00,,,,15127992.00
2018-08-18,16562358.00,,,,15127992.00
2018-08-19,16790597.00,,,,15127992.00
2018-08-20,16788445.00,,,,15127992.00
2018-08-21,16786536.00,,,,15127992.00
2018-08-22,16782137.00,,,,15127992.00
2018-08-23,16948572.00,,,,15127992.00
2018-08-24,12059764.00,,,,15127992.00
2018-08-25,14320257.00,,,,15127992.00
2018-08-26,12189870.00,,,,15127992.00
2018-08-27,13119602.00,,,,15127992.00
2018-08-28,20787329.00,,,,15127992.00
2018-08-29,21681043.00,,,,15127992.00
2018-08-30,13842550.00,,,,15127992.00
2018-08-31,13838204.00,,,,15127992.00
2018-09-01,13826746.00,,,,15127992.00
2018-09-02,33918185.00,,,,15127992.00
2018-09-03,34461150.00,,,,15127992.00
2018-09-04,34454043.00,,,,15127992.00
2018-09-05,34394921.00,,,,15127992.00
2018-09-06,34281081.00,,,,15127992.00
2018-09-07,34141470.00,,,,25140229.00
2018-09-08,31632459.00,,,,25140229.00
2018-09-09,31627730.00,,,,25140229.00
2018-09-10,31565234.00,,,,25140229.00
2018-09-11,30914431.00,,,,25140229.00
2018-09-12,32694805.00,,,,25140712.00
2018-09-13,32416971.00,,,,25392059.00
2018-09-14,32697437.00,,,,25391909.00
2018-09-15,31981413.00,,,,25392288.00
2018-09-16,17286027.00,,,,25392288.00
2018-09-17,18181250.00,,,,25392288.00
2018-09-18,16785441.00,,,,25392288.00
2018-09-19,17156973.00,,,,25392985.00
2018-09-20,17052370.00,,,,26695998.00
2018-09-21,17295231.00,,,,26696474.00
2018-09-22,17467378.00,,,,33244652.00
2018-09-23,17735981.00,,,,36823225.00
2018-09-24,12120894.00,,,,37324489.00
2018-09-25,12001453.00,,,,37324489.00
2018-09-26,10599223.00,,,,38337242.00
2018-09-27,15541932.00,,,,38337244.00
2018-09-28,11336827.00,,,,40453807.00
2018-09-29,14120352.00,,,,42437155.00
2018-09-30,15375082.00,,,,43376361.00
2018-10-01,15840876.00,,,,43376612.00
2018-10-02,16736615.00,,,,43376903.00
2018-10-03,17016009.00,,,,45388458.00
2018-10-04,16680954.00,,,,45388413.00
2018-10-05,14741093.00,,,,56823466.00
2018-10-06,15414443.00,,,,57993365.00
2018-10-07,16097534.00,,,,61183499.00
2018-10-08,15813653.00,,,,61183499.00
2018-10-09,14055504.00,,,,61183499.00
2018-10-10,14110331.00,,,,60182585.00
2018-10-11,14232859.00,,,,61552634.00
2018-10-12,14193284.00,,,,61360426.00
2018-10-13,11928443.00,,,,61746551.00
2018-10-14,12858389.00,,,,69255061.00
2018-10-15,13118608.00,,,,71929080.00
2018-10-16,13107525.00,,,,71929080.00
2018-10-17,15120367.00,,,,95242214.00
2018-10-18,14676038.00,,,,109711981.00
2018-10-19,16459120.00,,,,122669962.00
2018-10-20,15766661.00,,,,122417342.00
2018-10-21,16173353.00,,,,135981661.00
2018-10-22,15344886.00,,,,141215783.00
2018-10-23,16626445.00,,,,141215783.00
2018-10-24,17177485.00,,,,151222891.00
2018-10-25,17060213.00,,,,217243483.00
2018-10-26,17745805.00,,,,257103694.00
2018-10-27,18335693.00,,,,256515556.00
2018-10-28,16297339.00,,,,268778018.00
2018-10-29,18124774.00,,,,268894610.00
2018-10-30,18378903.00,,,,268869717.00
2018-10-31,17137508.00,,,,267841333.00
2018-11-01,15904405.00,,,,275451031.00
2018-11-02,16170857.00,,,,272496133.00
2018-11-03,16004698.00,,,,269210270.00
2018-11-04,11825468.00,,,,292132330.00
2018-11-05,18343307.00,,,,294058746.00
2018-11-06,16132848.00,,,,294033663.00
2018-11-07,16123521.00,,,,298266865.00
2018-11-08,16610845.00,,,,297779746.00
2018-11-09,16583198.00,,,,297547742.00
2018-11-10,15826144.00,,,,298054794.00
2018-11-11,15734245.00,,,,296708736.00
2018-11-12,16062153.00,,,,296708736.00
2018-11-13,15554185.00,,,,296021542.00
2018-11-14,15761892.00,,,,292118872.00
2018-11-15,15442880.00,,,,297041913.00
2018-11-16,12952073.00,,,,298967249.00
2018-11-17,12990309.00,,,,299882149.00
2018-11-18,12813281.00,,,,302927985.00
2018-11-19,12519141.00,,,,303953269.00
2018-11-20,23183102.00,,,,304152930.00
2018-11-21,10263670.00,,,,305428397.00
2018-11-22,8741508.00,,,,319244243.00
2018-11-23,9535385.00,,,,326123561.00
2018-11-24,10694808.00,,,,328024067.00
2018-11-25,10583791.00,,,,333262460.00
2018-11-26,9642573.00,,,,332267337.00
2018-11-27,10688756.00,,,,332211506.00
2018-11-28,10013259.00,,,,328550723.00
2018-11-29,11008664.00,,,,330659500.00
2018-11-30,12544817.00,,,,334987955.00
2018-12-01,12491893.00,,,,345832864.00
2018-12-02,12166000.00,,,,367519554.00
2018-12-03,13221851.00,,,,369084000.00
2018-12-04,12384552.00,,,,369085003.00
2018-12-05,10976654.00,,,,387312583.00
2018-12-06,10974056.00,,,,378001146.00
2018-12-07,9090091.00,,,,366256061.00
2018-12-08,8277595.00,,,,374919630.00
2018-12-09,8813639.00,,,,381748882.00
2018-12-10,9296580.00,,,,385657551.00
2018-12-11,8282530.00,,,,385820137.00
2018-12-12,8164333.00,,,,387395091.00
2018-12-13,8027331.00,,,,380981952.00
2018-12-14,8382716.00,,,,376954688.00
2018-12-15,7975874.00,,,,374938971.00
2018-12-16,7395409.00,,,,381787156.00
2018-12-17,7772209.00,,,,382039817.00
2018-12-18,8236167.00,,,,382024207.00
2018-12-19,9340631.00,,,,389327690.00
2018-12-20,9786858.00,,,,389560576.00
2018-12-21,9593244.00,,,,397844173.00
2018-12-22,10845835.00,,,,401433768.00
2018-12-23,11597399.00,,,,410390309.00
2018-12-24,12002498.00,,,,410363120.00
2018-12-25,13135497.00,,,,410339228.00
2018-12-26,14344601.00,,,,409321624.00
2018-12-27,13105091.00,,,,409367178.00
2018-12-28,13964751.00,,,,406994581.00
2018-12-29,12584979.00,,,,412902606.00
2018-12-30,12995052.00,,,,413094578.00
2018-12-31,4149781.00,,,,417643665.00
2019-01-01,3926020.00,,,,417700790.00
2019-01-02,3802744.00,,,,418703521.00
2019-01-03,4008486.00,,,,426564735.00
2019-01-04,5319596.00,,,,441434209.00
2019-01-05,289570752.00,,,,445431052.00
2019-01-06,304883618.00,,,,656909286.00
2019-01-07,314016364.00,,,,657861456.00
2019-01-08,302615159.00,,,,668087067.00
2019-01-09,301528544.00,,,,678079079.00
2019-01-10,294935504.00,,,,686145503.00
2019-01-11,122685489.00,,,,703514342.00
2019-01-12,260106725.00,,,,705507303.00
2019-01-13,292940172.00,,,,714602946.00
2019-01-14,260217997.00,,,,724437741.00
2019-01-15,194196424.00,,,,731674142.00
2019-01-16,263607393.00,,,,731738123.00
2019-01-17,264927702.00,,,,729362227.00
2019-01-18,270539227.00,,,,686093928.00
2019-01-19,279843104.00,,,,686127155.00
2019-01-20,246234892.00,,,,693185573.00
2019-01-21,253866163.00,,,,697968355.00
2019-01-22,250653941.00,,,,697915422.00
2019-01-23,242704516.00,,,,699320589.00
2019-01-24,238042263.00,,,,702324563.00
2019-01-25,245751182.00,,,,683428650.00
2019-01-26,243997393.00,,,,694331097.00
2019-01-27,244144401.00,,,,695918449.00
2019-01-28,247621419.00,,,,694057902.00
2019-01-29,241999811.00,,,,699972824.00
2019-01-30,113101993.00,,,,684559282.00
2019-01-31,220276514.00,,,,679941688.00
2019-02-01,224991272.00,,,,677980074.00
2019-02-02,230868863.00,,,,656437527.00
2019-02-03,229338297.00,,,,656405523.00
2019-02-04,232341479.00,,,,654566639.00
2019-02-05,232426627.00,,,,654848641.00
2019-02-06,231779965.00,,,,643315124.00
2019-02-07,233650015.00,,,,642871918.00
2019-02-08,225717422.00,,,,640843963.00
2019-02-09,231314639.00,,,,627132420.00
2019-02-10,237932307.00,,,,611597009.00
2019-02-11,263945502.00,,,,611475070.00
2019-02-12,261409662.00,,,,610173405.00
2019-02-13,266842887.00,,,,610558760.00
2019-02-14,265032641.00,,,,609291859.00
2019-02-15,270656042.00,,,,593576990.00
2019-02-16,267234814.00,,,,594209465.00
2019-02-17,279959533.00,,,,593853460.00
2019-02-18,271616640.00,,,,593390804.00
2019-02-19,284669961.00,,,,592819777.00
2019-02-20,308871100.00,,,,591365386.00
2019-02-21,328181470.00,,,,592981187.00
2019-02-22,325575107.00,,,,592856781.00
2019-02-23,325103155.00,,,,575529413.00
2019-02-24,333555760.00,,,,607983505.00
2019-02-25,335154182.00,,,,607429187.00
2019-02-26,367148268.00,,,,606147704.00
2019-02-27,313312485.00,,,,604917530.00
2019-02-28,312348327.00,,,,607194119.00
2019-03-01,315587243.00,,,,608018395.00
2019-03-02,313264205.00,,,,604631800.00
2019-03-03,317917225.00,,,,609457831.00
2019-03-04,306928585.00,,,,614875880.00
2019-03-05,308802967.00,,,,614066103.00
2019-03-06,291872587.00,,,,617503191.00
2019-03-07,299413989.00,,,,617183684.00
2019-03-08,323339859.00,,,,616311266.00
2019-03-09,325847315.00,,,,605705037.00
2019-03-10,317686632.00,,,,611676177.00
2019-03-11,327652303.00,,,,612117513.00
2019-03-12,317114163.00,,,,612152961.00
2019-03-13,314311842.00,,,,615786107.00
2019-03-14,316017852.00,,,,617293944.00
2019-03-15,310309736.00,,,,616581546.00
2019-03-16,313273709.00,,,,617405906.00
2019-03-17,319734544.00,,,,616504073.00
2019-03-18,338848314.00,,,,616440390.00
2019-03-19,338427917.00,,,,615168972.00
2019-03-20,334112955.00,,,,619934631.00
2019-03-21,331367254.00,,,,620783471.00
2019-03-22,332058133.00,,,,620504007.00
2019-03-23,329173533.00,,,,626348097.00
2019-03-24,321656817.00,,,,627092805.00
2019-03-25,324065528.00,,,,627265746.00
2019-03-26,324888324.00,,,,627372647.00
2019-03-27,319263059.00,,,,627569909.00
2019-03-28,316212716.00,,,,626551023.00
2019-03-29,331333288.00,,,,626906132.00
2019-03-30,325149316.00,,,,624022441.00
2019-03-31,334364887.00,,,,623555382.00
2019-04-01,340535136.00,,,,623329180.00
2019-04-02,337701754.00,,,,624879301.00
2019-04-03,335250863.00,,,,626365738.00
2019-04-04,366236322.00,,,,629623776.00
2019-04-05,397580056.00,,,,629220955.00
2019-04-06,382233613.00,,,,628933457.00
2019-04-07,391714035.00,,,,630486890.00
2019-04-08,391038985.00,,,,630698261.00
2019-04-09,402160711.00,,,,630813921.00
2019-04-10,422159412.00,,,,650072928.00
2019-04-11,421201009.00,,,,666931817.00
2019-04-12,431439729.00,,,,705608292.00
2019-04-13,395146858.00,,,,709478062.00
2019-04-14,396666901.00,,,,728760160.00
2019-04-15,389297705.00,,,,724085121.00
2019-04-16,389969859.00,,,,726583178.00
2019-04-17,392816437.00,,,,745335584.00
2019-04-18,383270419.00,,,,751906971.00
2019-04-19,396528397.00,,,,755535819.00
2019-04-20,402965067.00,,,,755289115.00
2019-04-21,405717234.00,,,,766109743.00
2019-04-22,399268586.00,,,,760730645.00
2019-04-23,389058388.00,,,,773319732.00
2019-04-24,396465156.00,,,,770369682.00
2019-04-25,403778689.00,,,,785002150.00
2019-04-26,379574360.00,,,,830676278.00
2019-04-27,374166223.00,,,,886784439.00
2019-04-28,358142236.00,,,,872021962.00
2019-04-29,356347839.00,,,,904966273.00
2019-04-30,360706733.00,,,,907198273.00
2019-05-01,350720090.00,,,,926943984.00
2019-05-02,366040359.00,,,,936331373.00
2019-05-03,373150581.00,,,,945185617.00
2019-05-04,366280821.00,,,,956761927.00
2019-05-05,374710083.00,,,,970451535.00
2019-05-06,369623355.00,,,,976789131.00
2019-05-07,370720025.00,,,,980078526.00
2019-05-08,371812432.00,,,,986400529.00
2019-05-09,401884732.00,,,,990511375.00
2019-05-10,381494784.00,,,,999893297.00
2019-05-11,382347193.00,,,,1015123804.00
2019-05-12,379417947.00,,,,1027711745.00
2019-05-13,408271891.00,,,,1028405516.00
2019-05-14,412618171.00,,,,1030856661.00
2019-05-15,419161736.00,,,,1052636813.00
2019-05-16,447956743.00,,,,1076454066.00
2019-05-17,493000950.00,,,,1086648682.00
2019-05-18,499481561.00,,,,1093121615.00
2019-05-19,463518933.00,,,,1096107342.00
2019-05-20,473558178.00,,,,1099396455.00
2019-05-21,505820225.00,,,,1103876198.00
2019-05-22,496279202.00,,,,1123634153.00
2019-05-23,495087452.00,,,,1149102394.00
2019-05-24,497002142.00,,,,1164691160.00
2019-05-25,476495368.00,,,,1181394462.00
2019-05-26,494995333.00,,,,1222149719.00
2019-05-27,502451751.00,,,,1241518382.00
2019-05-28,487371992.00,,,,1251145449.00
2019-05-29,514872051.00,,,,1257310450.00
2019-05-30,498987033.00,,,,1268577100.00
2019-05-31,494627934.00,,,,1292440072.00
2019-06-01,512537933.00,,,,1264270937.00
2019-06-02,472847399.00,,,,1278617391.00
2019-06-03,497830025.00,,,,1282163387.00
2019-06-04,500127190.00,,,,1282008781.00
2019-06-05,485851448.00,,,,1290858677.00
2019-06-06,455464631.00,,,,1302084199.00
2019-06-07,458331950.00,,,,1331313761.00
2019-06-08,461237618.00,,,,1362142649.00
2019-06-09,465315261.00,,,,1376396625.00
2019-06-10,465711379.00,,,,1376394151.00
2019-06-11,456916372.00,,,,1378405263.00
2019-06-12,458463024.00,,,,1417679713.00
2019-06-13,452611499.00,,,,1449527961.00
2019-06-14,470698244.00,,,,1494732898.00
2019-06-15,481696600.00,,,,1515309983.00
2019-06-16,480287425.00,,,,1536404657.00
2019-06-17,491502339.00,,,,1547506357.00
2019-06-18,505563829.00,,,,1569232159.00
2019-06-19,508648762.00,,,,1591363871.00
2019-06-20,500888028.00,,,,1597410444.00
2019-06-21,499846692.00,,,,1594111323.00
2019-06-22,503507244.00,,,,1609673366.00
2019-06-23,540552020.00,,,,1622506371.00
2019-06-24,568785450.00,,,,1623792384.00
2019-06-25,567445764.00,,,,1638293215.00
2019-06-26,573143459.00,,,,1628896643.00
2019-06-27,568708212.00,,,,1647025025.00
2019-06-28,591078274.00,,,,1647603614.00
2019-06-29,552910720.00,,,,1667287776.00
2019-06-30,543051020.00,,,,1698940214.00
2019-07-01,542532241.00,,,,1728883369.00
2019-07-02,531461064.00,,,,1728711377.00
2019-07-03,525350725.00,,,,1748991060.00
2019-07-04,502883500.00,,,,1768591523.00
2019-07-05,530495517.00,,,,1825892764.00
2019-07-06,534615690.00,,,,1861737233.00
2019-07-07,532710865.00,,,,1912358933.00
2019-07-08,524221247.00,,,,1930064451.00
2019-07-09,534477607.00,,,,1939846808.00
2019-07-10,560331576.00,,,,1996717283.00
2019-07-11,563890234.00,,,,2031435204.00
2019-07-12,551630909.00,,,,2034171069.00
2019-07-13,502577319.00,,,,2075906201.00
2019-07-14,506751356.00,,,,2118503417.00
2019-07-15,492044116.00,,,,2126035056.00
2019-07-16,454555786.00,,,,2131206844.00
2019-07-17,451334563.00,,,,2158606603.00
2019-07-18,461975687.00,,,,2195241917.00
2019-07-19,443736851.00,,,,2241542105.00
2019-07-20,436985774.00,,,,2264657539.00
2019-07-21,437208909.00,,,,2223687354.00
2019-07-22,452675725.00,,,,2224966853.00
2019-07-23,487291800.00,,,,2233162014.00
2019-07-24,434230255.00,,,,2238735281.00
2019-07-25,409186274.00,,,,2236083915.00
2019-07-26,448443317.00,,,,2257135418.00
2019-07-27,428073197.00,,,,2263618856.00
2019-07-28,422243898.00,,,,2263109976.00
2019-07-29,402767290.00,,,,2272483421.00
2019-07-30,407166104.00,,,,2277999944.00
2019-07-31,406781868.00,,,,2306207325.00
2019-08-01,408697642.00,,,,2303221332.00
2019-08-02,417633282.00,,,,2312425395.00
2019-08-03,418221061.00,,,,2309956637.00
2019-08-04,428073353.00,,,,2293887232.00
2019-08-05,431471834.00,,,,2302858352.00
2019-08-06,429764804.00,,,,2310902769.00
2019-08-07,454195125.00,,,,2390282701.00
2019-08-08,436040933.00,,,,2389879750.00
2019-08-09,433419583.00,,,,2376654052.00
2019-08-10,452962074.00,,,,2368653689.00
2019-08-11,436374290.00,,,,2344843704.00
2019-08-12,428714829.00,,,,2349006365.00
2019-08-13,441895509.00,,,,2354516780.00
2019-08-14,442896825.00,,,,2348736388.00
2019-08-15,451379386.00,,,,2332036826.00
2019-08-16,433576742.00,,,,2333532567.00
2019-08-17,412932231.00,,,,2324595673.00
2019-08-18,417466602.00,,,,2332698528.00
2019-08-19,416010185.00,,,,2332476092.00
2019-08-20,431515559.00,,,,2333308412.00
2019-08-21,452669640.00,,,,2336993521.00
2019-08-22,443632021.00,,,,2331880072.00
2019-08-23,431246765.00,,,,2354294162.00
2019-08-24,430470024.00,,,,2356332388.00
2019-08-25,435344422.00,,,,2364108494.00
2019-08-26,434835163.00,,,,2362927521.00
2019-08-27,436731046.00,,,,2364796900.00
2019-08-28,435634766.00,,,,2361433925.00
2019-08-29,438418831.00,,,,2354647431.00
2019-08-30,434881647.00,,,,2360090888.00
2019-08-31,420084933.00,,,,2389562080.00
2019-09-01,419174143.00,,,,2398928001.00
2019-09-02,414229850.00,,,,2398166038.00
2019-09-03,419822865.00,,,,2396925302.00
2019-09-04,427393987.00,,,,2402056224.00
2019-09-05,446062511.00,,,,2428415578.00
2019-09-06,441680361.00,,,,2420987740.00
2019-09-07,430397388.00,,,,2461159588.00
2019-09-08,432542951.00,,,,2488785312.00
2019-09-09,431670284.00,,,,2491353944.00
2019-09-10,444064062.00,,,,2488277686.00
2019-09-11,454119915.00,,,,2483832851.00
2019-09-12,448765165.00,,,,2492387570.00
2019-09-13,448360732.00,,,,2491335808.00
2019-09-14,453065654.00,,,,2798738449.00
2019-09-15,449959697.00,,,,2804992888.00
2019-09-16,448075648.00,,,,2807461379.00
2019-09-17,476918786.00,,,,2806895393.00
2019-09-18,490743644.00,,,,2795976421.00
2019-09-19,504647334.00,,,,2782706736.00
2019-09-20,524619550.00,,,,2766213009.00
2019-09-21,521270612.00,,,,2765018865.00
2019-09-22,534853682.00,,,,2755251165.00
2019-09-23,531410497.00,,,,2754962217.00
2019-09-24,521089432.00,,,,2756956897.00
2019-09-25,513747689.00,,,,2762978445.00
2019-09-26,473798880.00,,,,2783200925.00
2019-09-27,429765681.00,,,,2826006270.00
2019-09-28,448885279.00,,,,2823209135.00
2019-09-29,448305047.00,,,,2834686805.00
2019-09-30,459055196.00,,,,2841537841.00
2019-10-01,449392756.00,,,,2840558162.00
2019-10-02,460478737.00,,,,2848427784.00
2019-10-03,468467860.00,,,,2867313402.00
2019-10-04,469759575.00,,,,2894401924.00
2019-10-05,464886362.00,,,,2913529172.00
2019-10-06,464292908.00,,,,2914022864.00
2019-10-07,458924231.00,,,,2912845945.00
2019-10-08,457835664.00,,,,2913572634.00
2019-10-09,469556828.00,,,,2916663801.00
2019-10-10,479618450.00,,,,2912985264.00
2019-10-11,497798465.00,,,,2911871113.00
2019-10-12,507867466.00,,,,2906282073.00
2019-10-13,495437951.00,,,,2914473667.00
2019-10-14,491387221.00,,,,2914423597.00
2019-10-15,495508497.00,,,,2914317040.00
2019-10-16,494457857.00,,,,2910589308.00
2019-10-17,491295305.00,,,,2913205529.00
2019-10-18,485289283.00,,,,2912742557.00
2019-10-19,488902927.00,,,,2911056981.00
2019-10-20,483195757.00,,,,2892664136.00
2019-10-21,484359011.00,,,,2893163356.00
2019-10-22,482779013.00,,,,2898429762.00
2019-10-23,501495158.00,,,,2879869785.00
2019-10-24,501612538.00,,,,2852423888.00
2019-10-25,504293040.00,,,,2825863878.00
2019-10-26,487781757.00,,,,2745530026.00
2019-10-27,536564631.00,,,,2609723632.00
2019-10-28,552363304.00,,,,2554582412.00
2019-10-29,585884484.00,,,,2508436359.00
2019-10-30,591157220.00,,,,2503440854.00
2019-10-31,598073585.00,,,,2828731728.00
2019-11-01,579395203.00,,,,2823551249.00
2019-11-02,558561779.00,,,,2792925891.00
2019-11-03,557071114.00,,,,2787358583.00
2019-11-04,557849668.00,,,,2801798239.00
2019-11-05,555886499.00,,,,2793756763.00
2019-11-06,592041728.00,,,,2782405597.00
2019-11-07,595937674.00,,,,2803907177.00
2019-11-08,597909996.00,,,,2790343500.00
2019-11-09,586054174.00,,,,2786098342.00
2019-11-10,600199426.00,,,,2772874938.00
2019-11-11,599493501.00,,,,2772642115.00
2019-11-12,583384591.00,,,,2772063639.00
2019-11-13,598450857.00,,,,2770935304.00
2019-11-14,604460707.00,,,,2764933594.00
2019-11-15,601074950.00,,,,2763675592.00
2019-11-16,596137614.00,,,,2754329112.00
2019-11-17,573659308.00,,,,2748545466.00
2019-11-18,583648172.00,,,,2751487765.00
2019-11-19,599124673.00,,,,2750744169.00
2019-11-20,608190626.00,,,,2745076003.00
2019-11-21,606769946.00,,,,2751433389.00
2019-11-22,605215546.00,,,,2748301157.00
2019-11-23,602025708.00,,,,2778517735.00
2019-11-24,568695755.00,,,,2770235154.00
2019-11-25,574619036.00,,,,2745698744.00
2019-11-26,588834677.00,,,,2752174449.00
2019-11-27,598978707.00,,,,2795399717.00
2019-11-28,614130077.00,,,,2795644129.00
2019-11-29,645973332.00,,,,2809966699.00
2019-11-30,646738314.00,,,,2804850018.00
2019-12-01,623022852.00,,,,2816107866.00
2019-12-02,618998157.00,,,,2818907224.00
2019-12-03,592530843.00,,,,2821853020.00
2019-12-04,624871193.00,,,,2860802272.00
2019-12-05,619422598.00,,,,2856007911.00
2019-12-06,616758251.00,,,,2883677398.00
2019-12-07,614418082.00,,,,2880071934.00
2019-12-08,607765633.00,,,,2891481729.00
2019-12-09,606638338.00,,,,2900088795.00
2019-12-10,630375654.00,,,,2902169029.00
2019-12-11,627975429.00,,,,2939305076.00
2019-12-12,608680182.00,,,,3150971303.00
2019-12-13,607080709.00,,,,3128989748.00
2019-12-14,617521228.00,,,,3134353496.00
2019-12-15,611408968.00,,,,3128782631.00
2019-12-16,613549511.00,,,,3129473576.00
2019-12-17,623841597.00,,,,3131196568.00
2019-12-18,614464203.00,,,,3140868570.00
2019-12-19,582714940.00,,,,3143144388.00
2019-12-20,574674054.00,,,,3176283729.00
2019-12-21,592958634.00,,,,3224766509.00
2019-12-22,596259664.00,,,,3252370388.00
2019-12-23,597689907.00,,,,3245882838.00
2019-12-24,609592628.00,,,,3246904533.00
2019-12-25,614842712.00,,,,3257750277.00
2019-12-26,604710916.00,,,,3252821298.00
2019-12-27,594297587.00,,,,3255798802.00
2019-12-28,589013702.00,,,,3247715523.00
2019-12-29,585762476.00,,,,3252173296.00
2019-12-30,594827274.00,,,,3247557584.00
2019-12-31,603662457.00,,,,3250113646.00
2020-01-01,609578786.00,,,,3254727593.00
2020-01-02,606094144.00,,,,3253511693.00
2020-01-03,605260224.00,,,,3254667157.00
2020-01-04,599700961.00,,,,3251097503.00
2020-01-05,609194464.00,,,,3275652039.00
2020-01-06,608225875.00,,,,3218983342.00
2020-01-07,610140084.00,,,,3221139366.00
2020-01-08,609488563.00,,,,3229472884.00
2020-01-09,616940071.00,,,,3192628217.00
2020-01-10,627337915.00,,,,3172031486.00
2020-01-11,591002739.00,,,,3161288816.00
2020-01-12,585697860.00,,,,3135251699.00
2020-01-13,615427563.00,,,,3137760738.00
2020-01-14,619481866.00,,,,3139215424.00
2020-01-15,627897116.00,,,,3123428501.00
2020-01-16,677754524.00,,,,3118156567.00
2020-01-17,700335339.00,,,,3128244008.00
2020-01-18,704767165.00,,,,3139848686.00
2020-01-19,729580177.00,,,,3126387457.00
2020-01-20,720435461.00,,,,3128092284.00
2020-01-21,700193516.00,,,,3127463287.00
2020-01-22,698828005.00,,,,3061929244.00
2020-01-23,728094072.00,,,,3056445739.00
2020-01-24,717928005.00,,,,3067399264.00
2020-01-25,698880694.00,,,,3015578545.00
2020-01-26,694165601.00,,,,3015967390.00
2020-01-27,701940467.00,,,,3014744891.00
2020-01-28,709907244.00,,,,3015609144.00
2020-01-29,745635194.00,,,,3015824439.00
2020-01-30,760463093.00,,,,3024358685.00
2020-01-31,772944085.00,,,,3035600056.00
2020-02-01,781557542.00,,,,3040683833.00
2020-02-02,794204774.00,,,,3044761533.00
2020-02-03,804187470.00,,,,3048752770.00
2020-02-04,814154940.00,,,,3045402541.00
2020-02-05,808800998.00,,,,3046278231.00
2020-02-06,805940611.00,,,,3045631821.00
2020-02-07,838576557.00,,,,3038952671.00
2020-02-08,878624778.00,,,,3068940406.00
2020-02-09,891727767.00,,,,3065805764.00
2020-02-10,901519597.00,,,,3073109542.00
2020-02-11,889444973.00,,,,3092064679.00
2020-02-12,882783893.00,,,,3067624229.00
2020-02-13,896848641.00,,,,3094452283.00
2020-02-14,987054648.00,,,,3134248330.00
2020-02-15,1011705815.00,,,,3166363623.00
2020-02-16,1045119349.00,,,,3173163339.00
2020-02-17,1041206488.00,,,,3169292769.00
2020-02-18,1003854491.00,,,,3174763197.00
2020-02-19,968978260.00,,,,3188827895.00
2020-02-20,1032769866.00,,,,3206479869.00
2020-02-21,956123481.00,,,,3232611023.00
2020-02-22,896019923.00,,,,3534532821.00
2020-02-23,914739349.00,,,,3558774670.00
2020-02-24,921830239.00,,,,3539420227.00
2020-02-25,945222348.00,,,,3556756347.00
2020-02-26,937314876.00,,,,3557444398.00
2020-02-27,895231268.00,,,,3565946325.00
2020-02-28,835945023.00,,,,3566595380.00
2020-02-29,829811516.00,,,,3573096052.00
2020-03-01,811948702.00,,,,3591642669.00
2020-03-02,828293436.00,,,,3592563502.00
2020-03-03,815453026.00,,,,3590034043.00
2020-03-04,818795704.00,,,,3606154570.00
2020-03-05,833516907.00,,,,3619274926.00
2020-03-06,813432960.00,,,,3629968296.00
2020-03-07,824903310.00,,,,3837535367.00
2020-03-08,850504891.00,,,,3863843942.00
2020-03-09,849998127.00,,,,3877387679.00
2020-03-10,781909022.00,,,,3897342247.00
2020-03-11,752107406.00,,,,3931922311.00
2020-03-12,770000473.00,,,,3937024643.00
2020-03-13,665641906.00,,,,4007650714.00
2020-03-14,525851096.00,,,,4085235466.00
2020-03-15,514778002.00,,,,4125335336.00
2020-03-16,484409708.00,,,,4170261474.00
2020-03-17,448184299.00,,,,4186182303.00
2020-03-18,434318818.00,,,,4299985380.00
2020-03-19,448529183.00,,,,4438066970.00
2020-03-20,445124343.00,,,,4532691987.00
2020-03-21,493642228.00,,,,4684305292.00
2020-03-22,517392587.00,,,,4749903703.00
2020-03-23,497837898.00,,,,4775457138.00
2020-03-24,476912091.00,,,,4776553021.00
2020-03-25,486317736.00,,,,4833396437.00
2020-03-26,526959232.00,,,,4993091987.00
2020-03-27,517665933.00,,,,5111430578.00
2020-03-28,527549814.00,,,,5168814262.00
2020-03-29,524942287.00,,,,5235644512.00
2020-03-30,509393752.00,,,,5260769615.00
2020-03-31,510937039.00,,,,5264443371.00
2020-04-01,534587501.00,,,,5350074999.00
2020-04-02,538376176.00,,,,5396469216.00
2020-04-03,538121598.00,,,,5509185690.00
2020-04-04,565868238.00,,,,5596350506.00
2020-04-05,578553007.00,,,,5613901145.00
2020-04-06,570144871.00,,,,5624082793.00
2020-04-07,577880379.00,,,,5623450535.00
2020-04-08,621895422.00,,,,5666369539.00
2020-04-09,647701695.00,,,,5692586497.00
2020-04-10,630170852.00,,,,5713237870.00
2020-04-11,611977022.00,,,,5727552832.00
2020-04-12,592765664.00,,,,5739862964.00
2020-04-13,589826842.00,,,,5764097187.00
2020-04-14,592503414.00,,,,5798062536.00
2020-04-15,585227311.00,,,,5879572399.00
2020-04-16,591533900.00,,,,6023559302.00
2020-04-17,588991734.00,,,,6067275030.00
2020-04-18,629446719.00,,,,6311021512.00
2020-04-19,630898211.00,,,,6377454976.00
2020-04-20,658250604.00,,,,6380225893.00
2020-04-21,672866021.00,,,,6394461609.00
2020-04-22,664914576.00,,,,6460137211.00
2020-04-23,648027848.00,,,,6546291001.00
2020-04-24,669556852.00,,,,6631166543.00
2020-04-25,676641578.00,,,,6716507804.00
2020-04-26,683341353.00,,,,6715150364.00
2020-04-27,697361971.00,,,,6729674010.00
2020-04-28,719337412.00,,,,6748230375.00
2020-04-29,722085076.00,,,,6901083919.00
2020-04-30,728167140.00,,,,6918769716.00
2020-05-01,767906915.00,,,,6998890583.00
2020-05-02,761478823.00,,,,6879808311.00
2020-05-03,767298058.00,,,,6853628648.00
2020-05-04,786258081.00,,,,6866558009.00
2020-05-05,779147498.00,,,,6874197591.00
2020-05-06,747930398.00,,,,6890922731.00
2020-05-07,778277487.00,,,,6925596995.00
2020-05-08,783840135.00,,,,6969844004.00
2020-05-09,777823899.00,,,,7036244012.00
2020-05-10,795417922.00,,,,7076981905.00
2020-05-11,797271459.00,,,,7079367190.00
2020-05-12,740775650.00,,,,7065498150.00
2020-05-13,724299529.00,,,,7058685221.00
2020-05-14,732558911.00,,,,7041700798.00
2020-05-15,726564700.00,,,,7067555915.00
2020-05-16,748941423.00,,,,7021554303.00
2020-05-17,737205932.00,,,,7019459292.00
2020-05-18,748126855.00,,,,7020217780.00
2020-05-19,750396553.00,,,,7022137312.00
2020-05-20,780951924.00,,,,7024141679.00
2020-05-21,833141935.00,,,,7015321440.00
2020-05-22,843826338.00,,,,7018171420.00
2020-05-23,818852707.00,,,,7009262728.00
2020-05-24,834623115.00,,,,7012024264.00
2020-05-25,836650227.00,,,,7008234142.00
2020-05-26,826134440.00,,,,7023991951.00
2020-05-27,821527685.00,,,,7031955752.00
2020-05-28,824166971.00,,,,7025485487.00
2020-05-29,833777143.00,,,,7039147379.00
2020-05-30,835296058.00,,,,7053743437.00
2020-05-31,860461043.00,,,,7040317614.00
2020-06-01,922003392.00,,,,7044241806.00
2020-06-02,932138792.00,,,,7034268196.00
2020-06-03,932589534.00,,,,7024427560.00
2020-06-04,961083535.00,,,,7036599067.00
2020-06-05,947052111.00,,,,7052789309.00
2020-06-06,965359060.00,,,,7055260560.00
2020-06-07,969586732.00,,,,7052899371.00
2020-06-08,968813914.00,,,,7060646138.00
2020-06-09,970008062.00,,,,7063579176.00
2020-06-10,975017952.00,,,,7063389377.00
2020-06-11,932375728.00,,,,7062192309.00
2020-06-12,946503846.00,,,,7073507382.00
2020-06-13,974272676.00,,,,7058442528.00
2020-06-14,973521611.00,,,,7070854026.00
2020-06-15,962436658.00,,,,7082581487.00
2020-06-16,944477943.00,,,,7075645480.00
2020-06-17,940672280.00,,,,7064072167.00
2020-06-18,1061094488.00,,,,7072130808.00
2020-06-19,1105540779.00,,,,7096715913.00
2020-06-20,1204604021.00,,,,7151108317.00
2020-06-21,1327349271.00,,,,7229008473.00
2020-06-22,1416669467.00,,,,7264885976.00
2020-06-23,1490653109.00,,,,7290579034.00
2020-06-24,1522333767.00,,,,7288297377.00
2020-06-25,1586636307.00,,,,7245975279.00
2020-06-26,1640441438.00,,,,7245225365.00
2020-06-27,1651089134.00,,,,7253643371.00
2020-06-28,1662901923.00,,,,7251999562.00
2020-06-29,1666854521.00,,,,7286071706.00
2020-06-30,1677355172.00,,,,7293605603.00
2020-07-01,1663748788.00,,,,7578668450.00
2020-07-02,1670850694.00,,,,7592377023.00
2020-07-03,1764777082.00,,,,7633482036.00
2020-07-04,1772901599.00,,,,7627897009.00
2020-07-05,1812469054.00,,,,7680104407.00
2020-07-06,1861224169.00,,,,7688444249.00
2020-07-07,1898045285.00,,,,7697147721.00
2020-07-08,1972462717.00,,,,7712150873.00
2020-07-09,2055942187.00,,,,7721013622.00
2020-07-10,2125543591.00,,,,7757815862.00
2020-07-11,2133734500.00,,,,7752482250.00
2020-07-12,2126408703.00,,,,7751162547.00
2020-07-13,2173923037.00,,,,7776675355.00
2020-07-14,2205398117.00,,,,7770293672.00
2020-07-15,2169248091.00,,,,7738036635.00
2020-07-16,2195390062.00,,,,7810380803.00
2020-07-17,2213524384.00,,,,7816383876.00
2020-07-18,2258111784.00,,,,7808425832.00
2020-07-19,2298315381.00,,,,7826024894.00
2020-07-20,2348525267.00,,,,7864249143.00
2020-07-21,2590383033.00,,,,7912983376.00
2020-07-22,2746186942.00,,,,7945930563.00
2020-07-23,2894266070.00,,,,8006155960.00
2020-07-24,3011436225.00,,,,8132342006.00
2020-07-25,3228090245.00,,,,8193170348.00
2020-07-26,3260769871.00,,,,8231520801.00
2020-07-27,3266427323.00,,,,8230738336.00
2020-07-28,3196840509.00,,,,8301866578.00
2020-07-29,3221568027.00,,,,8350385066.00
2020-07-30,3198928338.00,,,,8445156842.00
2020-07-31,3325120382.00,,,,8468945510.00
2020-08-01,3426725571.00,,,,8472718347.00
2020-08-02,3648572252.00,,,,8498891105.00
2020-08-03,3673641292.00,,,,8597955279.00
2020-08-04,3737402643.00,,,,8613812352.00
2020-08-05,3860160819.00,,,,8608351877.00
2020-08-06,3998888072.00,,,,8675052271.00
2020-08-07,4042749089.00,,,,8695201779.00
2020-08-08,4018369221.00,,,,8818229363.00
2020-08-09,4050812131.00,,,,8884482053.00
2020-08-10,4149123931.00,,,,8957620300.00
2020-08-11,4279970436.00,,,,8958749761.00
2020-08-12,4274720878.00,,,,9359308087.00
2020-08-13,4289913464.00,,,,9477084810.00
2020-08-14,4240334938.00,,,,9511919145.00
2020-08-15,4442292002.00,,,,9652954214.00
2020-08-16,5448312988.00,,,,9789024424.00
2020-08-17,5581089568.00,,,,9802323689.00
2020-08-18,5827303563.00,,,,9840574246.00
2020-08-19,5961340560.00,,,,9877965245.00
2020-08-20,5889965506.00,,,,9934609359.00
2020-08-21,5968164262.00,,,,10005509942.00
2020-08-22,6089881006.00,,,,11070525933.00
2020-08-23,5965629985.00,,,,11218763156.00
2020-08-24,6121622438.00,,,,11267480956.00
2020-08-25,6139782716.00,,,,11311304123.00
2020-08-26,6328266930.00,,,,11275351507.00
2020-08-27,6428640894.00,,,,11333038498.00
2020-08-28,6658236581.00,,,,11362156487.00
2020-08-29,6643211146.00,,,,11378822347.00
2020-08-30,7080432905.00,,,,11413611977.00
2020-08-31,7333063262.00,,,,11462397849.00
2020-09-01,7757328031.00,,,,11472321197.00
2020-09-02,8151918371.00,,,,11447144932.00
2020-09-03,8832690949.00,,,,11620161990.00
2020-09-04,8660171784.00,,,,11656203786.00
2020-09-05,8191541382.00,,,,11738368585.00
2020-09-06,8151087454.00,,,,11919937298.00
2020-09-07,6971328714.00,,,,11987256192.00
2020-09-08,7203836710.00,,,,12039272762.00
2020-09-09,7250758636.00,,,,12109640533.00
2020-09-10,8207846698.00,,,,12101399040.00
2020-09-11,7286283984.00,,,,12198032360.00
2020-09-12,8379632562.00,,,,12289573216.00
2020-09-13,8014646703.00,,,,12381740351.00
2020-09-14,7566579658.00,,,,12459310889.00
2020-09-15,7907995994.00,,,,12539112536.00
2020-09-16,8083049609.00,,,,12681714293.00
2020-09-17,7998899209.00,,,,13836690639.00
2020-09-18,7608636948.00,,,,13845290282.00
2020-09-19,8149255918.00,,,,14070268520.00
2020-09-20,8682384432.00,,,,14192605617.00
2020-09-21,9344197387.00,,,,14486899989.00
2020-09-22,9383345485.00,,,,14555600374.00
2020-09-23,8789787703.00,,,,14626718702.00
2020-09-24,8842556929.00,,,,14650414930.00
2020-09-25,8933496740.00,,,,14732867593.00
2020-09-26,9229653073.00,,,,14804899701.00
2020-09-27,9459568428.00,,,,14833862787.00
2020-09-28,9715772816.00,,,,14920462489.00
2020-09-29,9732238709.00,,,,14967177571.00
2020-09-30,9800292611.00,,,,14883158369.00
2020-10-01,9723391137.00,,,,14887307772.00
2020-10-02,9696330118.00,,,,14899869538.00
2020-10-03,9619202861.00,,,,15042586046.00
2020-10-04,9358812909.00,,,,15123608139.00
2020-10-05,9450541728.00,,,,15172839944.00
2020-10-06,9423401475.00,,,,15192815516.00
2020-10-07,9241603549.00,,,,15209317130.00
2020-10-08,8813445169.00,,,,15242720156.00
2020-10-09,8686320984.00,,,,15262923833.00
2020-10-10,8952732638.00,,,,15383566510.00
2020-10-11,9365495820.00,,,,15465285618.00
2020-10-12,9445789708.00,,,,15514250317.00
2020-10-13,9543575173.00,,,,15534979323.00
2020-10-14,9604117059.00,,,,15567542607.00
2020-10-15,9653801633.00,,,,15530155736.00
2020-10-16,9550043215.00,,,,15523519493.00
2020-10-17,9472203001.00,,,,15512664914.00
2020-10-18,9310800803.00,,,,15487059203.00
2020-10-19,9282165218.00,,,,15489053142.00
2020-10-20,9384641294.00,,,,15526646541.00
2020-10-21,9353042404.00,,,,15502664623.00
2020-10-22,9192813650.00,,,,15527275090.00
2020-10-23,9315812210.00,,,,15626069728.00
2020-10-24,9513315764.00,,,,15731940524.00
2020-10-25,9555889223.00,,,,15696967156.00
2020-10-26,9664767856.00,,,,15738713844.00
2020-10-27,9860074182.00,,,,15771772595.00
2020-10-28,9405216621.00,,,,15855974166.00
2020-10-29,9616219281.00,,,,15881570818.00
2020-10-30,9554977382.00,,,,16027648851.00
2020-10-31,9354083719.00,,,,16065939254.00
2020-11-01,9303183060.00,,,,16215808744.00
2020-11-02,9410786504.00,,,,16260518665.00
2020-11-03,9426976557.00,,,,16278233307.00
2020-11-04,9200512431.00,,,,16266806414.00
2020-11-05,9203161078.00,,,,16394328848.00
2020-11-06,9297227900.00,,,,16351124169.00
2020-11-07,9676852183.00,,,,16333786841.00
2020-11-08,10169183936.00,,,,16445117501.00
2020-11-09,10183253280.00,,,,16483256804.00
2020-11-10,10499129423.00,,,,16470454276.00
2020-11-11,10771804247.00,,,,16412725965.00
2020-11-12,10969688860.00,,,,16299926492.00
2020-11-13,11184649404.00,,,,16500552385.00
2020-11-14,11202689776.00,,,,16473667420.00
2020-11-15,11400406564.00,,,,16489410668.00
2020-11-16,11376397443.00,,,,16529773009.00
2020-11-17,11370961095.00,,,,16534702463.00
2020-11-18,12013339141.00,,,,16671519137.00
2020-11-19,11145079484.00,,,,16609372973.00
2020-11-20,11238617212.00,,,,16619204331.00
2020-11-21,11432638959.00,,,,16601248552.00
2020-11-22,11848455815.00,,,,16749765222.00
2020-11-23,11917653111.00,,,,16806197286.00
2020-11-24,11567806348.00,,,,16873126871.00
2020-11-25,12056134685.00,,,,17032640169.00
2020-11-26,11927967172.00,,,,17251364434.00
2020-11-27,11554357106.00,,,,17243186791.00
2020-11-28,10736134698.00,,,,17214540568.00
2020-11-29,10752315259.00,,,,17202414229.00
2020-11-30,11156796114.00,,,,17350573239.00
2020-12-01,11826652790.00,,,,17366522963.00
2020-12-02,12302510915.00,,,,17599205291.00
2020-12-03,12259603141.00,,,,17792821637.00
2020-12-04,12395241406.00,,,,17823176190.00
2020-12-05,12399071571.00,,,,17844037712.00
2020-12-06,12051638941.00,,,,17902914027.00
2020-12-07,12362786464.00,,,,17923840728.00
2020-12-08,12390532749.00,,,,17965939478.00
2020-12-09,12423211490.00,,,,17889173362.00
2020-12-10,12036601410.00,,,,17884702356.00
2020-12-11,12044796791.00,,,,17876652701.00
2020-12-12,11763024442.00,,,,17872839666.00
2020-12-13,11677691501.00,,,,17908151670.00
2020-12-14,12125541427.00,,,,18032011721.00
2020-12-15,12402892813.00,,,,18083810241.00
2020-12-16,12512441275.00,,,,18024151031.00
2020-12-17,12756278701.00,,,,18253189513.00
2020-12-18,12950389738.00,,,,18383330731.00
2020-12-19,13309375438.00,,,,18412218856.00
2020-12-20,13508041421.00,,,,18451491564.00
2020-12-21,13660001326.00,,,,18593837511.00
2020-12-22,13316982566.00,,,,18555492444.00
2020-12-23,13135924931.00,,,,18529255194.00
2020-12-24,13469396707.00,,,,18502155128.00
2020-12-25,13182750574.00,,,,18756629591.00
2020-12-26,13408162131.00,,,,19059638934.00
2020-12-27,13937400134.00,,,,19090760602.00
2020-12-28,14021059994.00,,,,19115040889.00
2020-12-29,14258238561.00,,,,19144445433.00
2020-12-30,14909567946.00,,,,19384549967.00
2020-12-31,14641764227.00,,,,19423179339.00
2021-01-01,14552030007.00,,,,19515910223.00
2021-01-02,14717115471.00,,,,19886288300.00
2021-01-03,14978893175.00,,,,20566303474.00
2021-01-04,15596780590.00,,,,20602688270.00
2021-01-05,17050776906.00,,,,20710518454.00
2021-01-06,18269138416.00,,,,20671824486.00
2021-01-07,19776260982.00,,,,21175676538.00
2021-01-08,20580427339.00,,,,21624442117.00
2021-01-09,21261236127.00,,,,21697571259.00
2021-01-10,21439089698.00,,,,22193028255.00
2021-01-11,21675498188.00,,,,22558165748.00
2021-01-12,21191828913.00,,,,22393895213.00
2021-01-13,19491633800.00,,,,22546513501.00
2021-01-14,20112586550.00,,,,22819515573.00
2021-01-15,20569006405.00,,,,22845808487.00
2021-01-16,20838785981.00,,,,22961538089.00
2021-01-17,21250369076.00,,,,23027476486.00
2021-01-18,21657923900.00,,,,23283953722.00
2021-01-19,21854128208.00,,,,23300627938.00
2021-01-20,22451453959.00,,,,23465354222.00
2021-01-21,23197068362.00,,,,23420954597.00
2021-01-22,21903489598.00,,,,23667222891.00
2021-01-23,20589407812.00,,,,23709565692.00
2021-01-24,21558903543.00,,,,23969885210.00
2021-01-25,22461160679.00,,,,24075903165.00
2021-01-26,23777484777.00,,,,24204665873.00
2021-01-27,23861405630.00,,,,24102397589.00
2021-01-28,23311292382.00,,,,24493044779.00
2021-01-29,22958746762.00,,,,24664074656.00
2021-01-30,24183133944.00,,,,24866517636.00
2021-01-31,25244195366.00,,,,25384773522.00
2021-02-01,25076016832.00,,,,25428671573.00
2021-02-02,24953511565.00,,,,25601628456.00
2021-02-03,25702835935.00,,,,25480853151.00
2021-02-04,28695890494.00,,,,26054482985.00
2021-02-05,30617150836.00,,,,28698205695.00
2021-02-06,31939569235.00,,,,28949703524.00
2021-02-07,33296016239.00,,,,29542405261.00
2021-02-08,32865500685.00,,,,29606209770.00
2021-02-09,33120097063.00,,,,30052742450.00
2021-02-10,35378924823.00,,,,30411023134.00
2021-02-11,36726950041.00,,,,30416804853.00
2021-02-12,37685701701.00,,,,30725789218.00
2021-02-13,38529551875.00,,,,30854261280.00
2021-02-14,38232275943.00,,,,31032639222.00
2021-02-15,38022089335.00,,,,31361575578.00
2021-02-16,38380562434.00,,,,31424721418.00
2021-02-17,38077752206.00,,,,31927859577.00
2021-02-18,38600106385.00,,,,31960433663.00
2021-02-19,39235079675.00,,,,31907101682.00
2021-02-20,39943132606.00,,,,32392699488.00
2021-02-21,40801482739.00,,,,32947545182.00
2021-02-22,41689540615.00,,,,33221836402.00
2021-02-23,40959553457.00,,,,33170473174.00
2021-02-24,37068759171.00,,,,33232478578.00
2021-02-25,34452082608.00,,,,33159184674.00
2021-02-26,36236866335.00,,,,33556027489.00
2021-02-27,34979580959.00,,,,33299845082.00
2021-02-28,33898763131.00,,,,33898499186.00
2021-03-01,33566253248.00,,,,33742300215.00
2021-03-02,33755963344.00,,,,34288468828.00
2021-03-03,36280848884.00,,,,34314237795.00
2021-03-04,36968237688.00,,,,34842721574.00
2021-03-05,37867608687.00,,,,34330335242.00
2021-03-06,37344322033.00,,,,34535164302.00
2021-03-07,37071220098.00,,,,34391218168.00
2021-03-08,37373084333.00,,,,34385639698.00
2021-03-09,37228615320.00,,,,34710235090.00
2021-03-10,38449322789.00,,,,34490473768.00
2021-03-11,39958193920.00,,,,34783883883.00
2021-03-12,39378624387.00,,,,34952215153.00
2021-03-13,39539541877.00,,,,35220344114.00
2021-03-14,41683209489.00,,,,35245440659.00
2021-03-15,43848159866.00,,,,35317611942.00
2021-03-16,43354201119.00,,,,35284986305.00
2021-03-17,41965866399.00,,,,34904386973.00
2021-03-18,42457738698.00,,,,35379810588.00
2021-03-19,43208011299.00,,,,35671283416.00
2021-03-20,43303796395.00,,,,35786115011.00
2021-03-21,44417717674.00,,,,36103761209.00
2021-03-22,44853818028.00,,,,37134032924.00
2021-03-23,43571892451.00,,,,37409627262.00
2021-03-24,42594890881.00,,,,37440936721.00
2021-03-25,41552256207.00,,,,37473380852.00
2021-03-26,40764159924.00,,,,37317090094.00
2021-03-27,40002118964.00,,,,37506985808.00
2021-03-28,41859588525.00,,,,37981121146.00
2021-03-29,41775822319.00,,,,38033292903.00
2021-03-30,42290449097.00,,,,37762862907.00
2021-03-31,44540437248.00,,,,37487356075.00
2021-04-01,46479098572.00,,,,37749480201.00
2021-04-02,46689831403.00,,,,37635390653.00
2021-04-03,48212739354.00,,,,37857794399.00
2021-04-04,49684181562.00,,,,37504515926.00
2021-04-05,54927572513.00,,,,39574360454.00
2021-04-06,55714423914.00,,,,39569549474.00
2021-04-07,56653612718.00,,,,39468516439.00
2021-04-08,56894514206.00,,,,39414056919.00
2021-04-09,52963339041.00,,,,40151049593.00
2021-04-10,55130203889.00,,,,40584959841.00
2021-04-11,55638199180.00,,,,40862245206.00
2021-04-12,56632070876.00,,,,40806353794.00
2021-04-13,56477439128.00,,,,40979670725.00
2021-04-14,57230197424.00,,,,40260155329.00
2021-04-15,59387165489.00,,,,40634888798.00
2021-04-16,62266192869.00,,,,41090963570.00
2021-04-17,63881985523.00,,,,41392589320.00
2021-04-18,64092841263.00,,,,42897455631.00
2021-04-19,63245632953.00,,,,43594339183.00
2021-04-20,59024801269.00,,,,44195506699.00
2021-04-21,59179492077.00,,,,43973043775.00
2021-04-22,60411328340.00,,,,44826724489.00
2021-04-23,60708182774.00,,,,44867969028.00
2021-04-24,62461173409.00,,,,44852830317.00
2021-04-25,59134991394.00,,,,44923438582.00
2021-04-26,56974053402.00,,,,45187727781.00
2021-04-27,58933698606.00,,,,45658863223.00
2021-04-28,64386658983.00,,,,45993917423.00
2021-04-29,66509933976.00,,,,45854775493.00
2021-04-30,68465356835.00,,,,46484233518.00
2021-05-01,66349820877.00,,,,45974134601.00
2021-05-02,67485378084.00,,,,46864874309.00
2021-05-03,69558738877.00,,,,47076313323.00
2021-05-04,70118274270.00,,,,46726070219.00
2021-05-05,75397901424.00,,,,47146731658.00
2021-05-06,75461083418.00,,,,47538779779.00
2021-05-07,76754194992.00,,,,47943906207.00
2021-05-08,78718821866.00,,,,48387518754.00
2021-05-09,78269741513.00,,,,48429458444.00
2021-05-10,81301662759.00,,,,48688398488.00
2021-05-11,82926062031.00,,,,48907973625.00
2021-05-12,83512190663.00,,,,50029735641.00
2021-05-13,84360839582.00,,,,50359296044.00
2021-05-14,83275749269.00,,,,50213387118.00
2021-05-15,78276975612.00,,,,49862907109.00
2021-05-16,81739444264.00,,,,50333952291.00
2021-05-17,78723499470.00,,,,50483097782.00
2021-05-18,77076068900.00,,,,50708272655.00
2021-05-19,74451695361.00,,,,52006519958.00
2021-05-20,71848931145.00,,,,51851127075.00
2021-05-21,60740603108.00,,,,50667360066.00
2021-05-22,60560094806.00,,,,52151060304.00
2021-05-23,57920875258.00,,,,53596258884.00
2021-05-24,52722538328.00,,,,54066486642.00
2021-05-25,50151973679.00,,,,54573164838.00
2021-05-26,56203430916.00,,,,55088631982.00
2021-05-27,58075468237.00,,,,55196765958.00
2021-05-28,61839815825.00,,,,55909776976.00
2021-05-29,60380755014.00,,,,56282079298.00
2021-05-30,55836897152.00,,,,56374667278.00
2021-05-31,54538578802.00,,,,56119122673.00
2021-06-01,57474107972.00,,,,56284174166.00
2021-06-02,59961164491.00,,,,59441229684.00
2021-06-03,61003811780.00,,,,59717138975.00
2021-06-04,63968244145.00,,,,60068307853.00
2021-06-05,64649728007.00,,,,60439896685.00
2021-06-06,62298322860.00,,,,60452868088.00
2021-06-07,62887108620.00,,,,60778525790.00
2021-06-08,63614720919.00,,,,61018052830.00
2021-06-09,63196066212.00,,,,60862808372.00
2021-06-10,61679706511.00,,,,60990131163.00
2021-06-11,63067265282.00,,,,61253443921.00
2021-06-12,61378907526.00,,,,61020484307.00
2021-06-13,60002650720.00,,,,61144120890.00
2021-06-14,60008800074.00,,,,61269774737.00
2021-06-15,61821204249.00,,,,61370022881.00
2021-06-16,63497384464.00,,,,61088470061.00
2021-06-17,63833078714.00,,,,60990796446.00
2021-06-18,61108225544.00,,,,60380735756.00
2021-06-19,59712055770.00,,,,60787775660.00
2021-06-20,58245694670.00,,,,61180328250.00
2021-06-21,57650979938.00,,,,61282149586.00
2021-06-22,54300989892.00,,,,61894818841.00
2021-06-23,49881584597.00,,,,61718131540.00
2021-06-24,49924152649.00,,,,62571236471.00
2021-06-25,51598468938.00,,,,63083307526.00
2021-06-26,51729425009.00,,,,63129761898.00
2021-06-27,50058007131.00,,,,63354256317.00
2021-06-28,50355753821.00,,,,63547762583.00
2021-06-29,51920224221.00,,,,63807421015.00
2021-06-30,53753146904.00,,,,63152194582.00
2021-07-01,55327339236.00,,,,63082645903.00
2021-07-02,55576890394.00,,,,63207455684.00
2021-07-03,54803752498.00,,,,63557784136.00
2021-07-04,54784174752.00,,,,64218427230.00
2021-07-05,56766963180.00,,,,64206604014.00
2021-07-06,58062661339.00,,,,64064653266.00
2021-07-07,58123991976.00,,,,64497165903.00
2021-07-08,60000103234.00,,,,64801380654.00
2021-07-09,60128004562.00,,,,64798321757.00
2021-07-10,57861769349.00,,,,65201632960.00
2021-07-11,57854031164.00,,,,65236188698.00
2021-07-12,58450588728.00,,,,65189365503.00
2021-07-13,58027985412.00,,,,65142788778.00
2021-07-14,56668113719.00,,,,64295948134.00
2021-07-15,55832578376.00,,,,64327545148.00
2021-07-16,55762722350.00,,,,65300601177.00
2021-07-17,54708408176.00,,,,65159994008.00
2021-07-18,54161717509.00,,,,64685273980.00
2021-07-19,54668811009.00,,,,64886453008.00
2021-07-20,54312373965.00,,,,65140631220.00
2021-07-21,52794590048.00,,,,65144106266.00
2021-07-22,52911814933.00,,,,65524418591.00
2021-07-23,55942538054.00,,,,65921109364.00
2021-07-24,55812665266.00,,,,65833770448.00
2021-07-25,57221120250.00,,,,65897250666.00
2021-07-26,58119626027.00,,,,66138063872.00
2021-07-27,59200648480.00,,,,66363654886.00
2021-07-28,60018001017.00,,,,66472102398.00
2021-07-29,61568903168.00,,,,66898111435.00
2021-07-30,61269818346.00,,,,66835200348.00
2021-07-31,62691080518.00,,,,66876202011.00
2021-08-01,64059560207.00,,,,67303734312.00
2021-08-02,64979256333.00,,,,67066049303.00
2021-08-03,64599098762.00,,,,67023982956.00
2021-08-04,64645608461.00,,,,67011853841.00
2021-08-05,64459785256.00,,,,67153081146.00
2021-08-06,66921094982.00,,,,66832785132.00
2021-08-07,68864435702.00,,,,67327428955.00
2021-08-08,70721026138.00,,,,67604693165.00
2021-08-09,73155130194.00,,,,67930904512.00
2021-08-10,72299411090.00,,,,68089828571.00
2021-08-11,73996301407.00,,,,67889873488.00
2021-08-12,73831824156.00,,,,67728056279.00
2021-08-13,74004562582.00,,,,67852865969.00
2021-08-14,73849270086.00,,,,67810610618.00
2021-08-15,77359941671.00,,,,67686138633.00
2021-08-16,76612820052.00,,,,67762943646.00
2021-08-17,76784169897.00,,,,67823301246.00
2021-08-18,74668677496.00,,,,67597543124.00
2021-08-19,73076645150.00,,,,67514982891.00
2021-08-20,74098509313.00,,,,67767862137.00
2021-08-21,76335323951.00,,,,68192884776.00
2021-08-22,78463198127.00,,,,68678451495.00
2021-08-23,77884097693.00,,,,68566762029.00
2021-08-24,78659010381.00,,,,68850461685.00
2021-08-25,79000458033.00,,,,68620214436.00
2021-08-26,77113660695.00,,,,70509074410.00
2021-08-27,77336327057.00,,,,70465488125.00
2021-08-28,76380620709.00,,,,70295767675.00
2021-08-29,78864364572.00,,,,70660432724.00
2021-08-30,78340279249.00,,,,70651891849.00
2021-08-31,77979864191.00,,,,70644803671.00
2021-09-01,78591270380.00,,,,70508981076.00
2021-09-02,82177206354.00,,,,70989666135.00
2021-09-03,86378270348.00,,,,71153275633.00
2021-09-04,86679058274.00,,,,71234540774.00
2021-09-05,88230737655.00,,,,71317739193.00
2021-09-06,88400041501.00,,,,71294934236.00
2021-09-07,89690093584.00,,,,71496012624.00
2021-09-08,87288236018.00,,,,71397351214.00
2021-09-09,80937371236.00,,,,71824246785.00
2021-09-10,80668771140.00,,,,72034741316.00
2021-09-11,79350976042.00,,,,72173136682.00
2021-09-12,77082864724.00,,,,71752684053.00
2021-09-13,78089491632.00,,,,71880240061.00
2021-09-14,79615828293.00,,,,71892103530.00
2021-09-15,78408320352.00,,,,71632785409.00
2021-09-16,82164353023.00,,,,71872579446.00
2021-09-17,84326447841.00,,,,71573284580.00
2021-09-18,83465478067.00,,,,71600447032.00
2021-09-19,81711141341.00,,,,71827130289.00
2021-09-20,81780239540.00,,,,71785173710.00
2021-09-21,78040392216.00,,,,71667906376.00
2021-09-22,71819275491.00,,,,71351663475.00
2021-09-23,71736279104.00,,,,71174977123.00
2021-09-24,76132408493.00,,,,72041097055.00
2021-09-25,76294532848.00,,,,72766698324.00
2021-09-26,74025931603.00,,,,73088405809.00
2021-09-27,74804140698.00,,,,73395401461.00
2021-09-28,75814553404.00,,,,73657500910.00
2021-09-29,73363611744.00,,,,73138930011.00
2021-09-30,72279323831.00,,,,73132932977.00
2021-10-01,73747857205.00,,,,73328021960.00
2021-10-02,76207691080.00,,,,73480679955.00
2021-10-03,79861802443.00,,,,73780825431.00
2021-10-04,81175850166.00,,,,73938451909.00
2021-10-05,81475562361.00,,,,74134877199.00
2021-10-06,81920885857.00,,,,74117819764.00
2021-10-07,83191195469.00,,,,74484004761.00
2021-10-08,84567895399.00,,,,74176467721.00
2021-10-09,83950773361.00,,,,73767812554.00
2021-10-10,83380565239.00,,,,73855217555.00
2021-10-11,83605903440.00,,,,73995787582.00
2021-10-12,81495669369.00,,,,73893039652.00
2021-10-13,83250838942.00,,,,74393421280.00
2021-10-14,83059370997.00,,,,73886758504.00
2021-10-15,85434264982.00,,,,74213179806.00
2021-10-16,88254778674.00,,,,74594545844.00
2021-10-17,90361453541.00,,,,74577254893.00
2021-10-18,90193004115.00,,,,74657071123.00
2021-10-19,90649126225.00,,,,74803488968.00
2021-10-20,89144463060.00,,,,74385012660.00
2021-10-21,91172582854.00,,,,74399747643.00
2021-10-22,97047001120.00,,,,74812264061.00
2021-10-23,95176238346.00,,,,74592361871.00
2021-10-24,93765032901.00,,,,74796275859.00
2021-10-25,96723687422.00,,,,74963764218.00
2021-10-26,95662309370.00,,,,74878758780.00
2021-10-27,97778506153.00,,,,74926381194.00
2021-10-28,96685401274.00,,,,74631791190.00
2021-10-29,93096794749.00,,,,75012497089.00
2021-10-30,98028159791.00,,,,75487269996.00
2021-10-31,95672042532.00,,,,75987498647.00
2021-11-01,93446977662.00,,,,76227885668.00
2021-11-02,93420365264.00,,,,76219619964.00
2021-11-03,94750748971.00,,,,76447476843.00
2021-11-04,100655909668.00,,,,77332552506.00
2021-11-05,101536799865.00,,,,77437609996.00
2021-11-06,101284975987.00,,,,78591511413.00
2021-11-07,100690009160.00,,,,78705386278.00
2021-11-08,101745288431.00,,,,78734715029.00
2021-11-09,104339664447.00,,,,78935539707.00
2021-11-10,107458598469.00,,,,79750287019.00
2021-11-11,106650954606.00,,,,82138459165.00
2021-11-12,104292429637.00,,,,82062701358.00
2021-11-13,105639752022.00,,,,81715278819.00
2021-11-14,104874944733.00,,,,81687127818.00
2021-11-15,105351486257.00,,,,81838161882.00
2021-11-16,105672131896.00,,,,82285582272.00
2021-11-17,103751409487.00,,,,81480344205.00
2021-11-18,98816311131.00,,,,82160321757.00
2021-11-19,100098214923.00,,,,82692295674.00
2021-11-20,95695084761.00,,,,82679262105.00
2021-11-21,100916877165.00,,,,83507162866.00
2021-11-22,103390090272.00,,,,83862772135.00
2021-11-23,101418354910.00,,,,83741485621.00
2021-11-24,97970589192.00,,,,83310210176.00
2021-11-25,102127755570.00,,,,83457112790.00
2021-11-26,101076715399.00,,,,83984732615.00
2021-11-27,104765309156.00,,,,84019714846.00
2021-11-28,96700781853.00,,,,84290670089.00
2021-11-29,97424900111.00,,,,84537685943.00
2021-11-30,100715820240.00,,,,84804454609.00
2021-12-01,102922662354.00,,,,85136812164.00
2021-12-02,105099634006.00,,,,85674192873.00
2021-12-03,104301176821.00,,,,86089075785.00
2021-12-04,103271063502.00,,,,86096908235.00
2021-12-05,98564514938.00,,,,86053834909.00
2021-12-06,94663283442.00,,,,86510519889.00
2021-12-07,95444089005.00,,,,87255217418.00
2021-12-08,98454714861.00,,,,86970267960.00
2021-12-09,98396355693.00,,,,87457803802.00
2021-12-10,100480767856.00,,,,87713631185.00
2021-12-11,95406808831.00,,,,89919702944.00
2021-12-12,92352745576.00,,,,90348386576.00
2021-12-13,94882493998.00,,,,90887629272.00
2021-12-14,95982741520.00,,,,91148500246.00
2021-12-15,90503771196.00,,,,90855647474.00
2021-12-16,91113762270.00,,,,91557541722.00
2021-12-17,94065329658.00,,,,91712760292.00
2021-12-18,93060811582.00,,,,91995875715.00
2021-12-19,91955105064.00,,,,91887931137.00
2021-12-20,93937386346.00,,,,92275369237.00
2021-12-21,93444346369.00,,,,92189624603.00
2021-12-22,92626484090.00,,,,92646776200.00
2021-12-23,95271208724.00,,,,92951607054.00
2021-12-24,94992345494.00,,,,93086650853.00
2021-12-25,97672207697.00,,,,93639166152.00
2021-12-26,96921165561.00,,,,93594863032.00
2021-12-27,98196305630.00,,,,93589173166.00
2021-12-28,98583172074.00,,,,93659887488.00
2021-12-29,98173748437.00,,,,93552241714.00
2021-12-30,94541056696.00,,,,93561998284.00
2021-12-31,92276171242.00,,,,93374926772.00
2022-01-01,92772944248.00,,,,93234540056.00
2022-01-02,92445274568.00,,,,92849246523.00
2022-01-03,94081300066.00,,,,90481600726.00
2022-01-04,95231747960.00,,,,90241689182.00
2022-01-05,95389299547.00,,,,90236455009.00
2022-01-06,95391754047.00,,,,89914397964.00
2022-01-07,91653002004.00,,,,90045923735.00
2022-01-08,90132586930.00,,,,89935644234.00
2022-01-09,87628159628.00,,,,90633470835.00
2022-01-10,85842731455.00,,,,90174228467.00
2022-01-11,86789072891.00,,,,90226257935.00
2022-01-12,85480071547.00,,,,90589413978.00
2022-01-13,87921351470.00,,,,90817001179.00
2022-01-14,89945109403.00,,,,91510039018.00
2022-01-15,87991527175.00,,,,91715572480.00
2022-01-16,88699062364.00,,,,92051663395.00
2022-01-17,89137496118.00,,,,91742109388.00
2022-01-18,89513745504.00,,,,91810551569.00
2022-01-19,87394920727.00,,,,91849298307.00
2022-01-20,87050959654.00,,,,91617898474.00
2022-01-21,86117469192.00,,,,91489513037.00
2022-01-22,84144588609.00,,,,91066494406.00
2022-01-23,75122869154.00,,,,90753418310.00
2022-01-24,70769720777.00,,,,92635828610.00
2022-01-25,72571934896.00,,,,92572722616.00
2022-01-26,70348273143.00,,,,93080099317.00
2022-01-27,71896659534.00,,,,94118526361.00
2022-01-28,72603010229.00,,,,94899171128.00
2022-01-29,67743462357.00,,,,95358917020.00
2022-01-30,68780649338.00,,,,94995315728.00
2022-01-31,70258933561.00,,,,95473026596.00
2022-02-01,69874254054.00,,,,95342324695.00
2022-02-02,70970297086.00,,,,95559896202.00
2022-02-03,72448166781.00,,,,95926141395.00
2022-02-04,70791608799.00,,,,96498063659.00
2022-02-05,71190935210.00,,,,97137469724.00
2022-02-06,75763275881.00,,,,98312969906.00
2022-02-07,76895161070.00,,,,97760361872.00
2022-02-08,77916134748.00,,,,97974145694.00
2022-02-09,79351460481.00,,,,98421403230.00
2022-02-10,79503031639.00,,,,99033317806.00
2022-02-11,80659227489.00,,,,99447050452.00
2022-02-12,78430643568.00,,,,99669982900.00
2022-02-13,76380308498.00,,,,100200514596.00
2022-02-14,76400351391.00,,,,100076783221.00
2022-02-15,75928417175.00,,,,100044463379.00
2022-02-16,76193927734.00,,,,99940296181.00
2022-02-17,79591078406.00,,,,100450354642.00
2022-02-18,79158742964.00,,,,100265554865.00
2022-02-19,75547228412.00,,,,100184255556.00
2022-02-20,74050228531.00,,,,100753952672.00
2022-02-21,73601008386.00,,,,100875770396.00
2022-02-22,71633606281.00,,,,100607739634.00
2022-02-23,70022060263.00,,,,100713376503.00
2022-02-24,70769567511.00,,,,100777412211.00
2022-02-25,69866508794.00,,,,100751817402.00
2022-02-26,69409908309.00,,,,100314124212.00
2022-02-27,70767599435.00,,,,100004402218.00
2022-02-28,70815256809.00,,,,99970754544.00
2022-03-01,68618663246.00,,,,99900603155.00
2022-03-02,72929678047.00,,,,99672183955.00
2022-03-03,73701359494.00,,,,99464930491.00
2022-03-04,73571173782.00,,,,99583823042.00
2022-03-05,71919036196.00,,,,99017681862.00
2022-03-06,68831200917.00,,,,99225311613.00
2022-03-07,69627544679.00,,,,99524938711.00
2022-03-08,68075864653.00,,,,99649249232.00
2022-03-09,67625462577.00,,,,99559559903.00
2022-03-10,68570632218.00,,,,99454802856.00
2022-03-11,71068404926.00,,,,99551604050.00
2022-03-12,69221860793.00,,,,99870282260.00
2022-03-13,68279342358.00,,,,99606241289.00
2022-03-14,68517114130.00,,,,99694791814.00
2022-03-15,67493591700.00,,,,99810665731.00
2022-03-16,68452317955.00,,,,99695539275.00
2022-03-17,68786221552.00,,,,99658329813.00
2022-03-18,71745246064.00,,,,99942211630.00
2022-03-19,71903421063.00,,,,100069694794.00
2022-03-20,73764840403.00,,,,100335554242.00
2022-03-21,73918423609.00,,,,100304580424.00
2022-03-22,72705286023.00,,,,100274353122.00
2022-03-23,75149457353.00,,,,100095417075.00
2022-03-24,76490726152.00,,,,99646359100.00
2022-03-25,77331681403.00,,,,99485999060.00
2022-03-26,78142154986.00,,,,99259973804.00
2022-03-27,77201090038.00,,,,98678904386.00
2022-03-28,77987475988.00,,,,98849590517.00
2022-03-29,80107115260.00,,,,98828525999.00
2022-03-30,80320676206.00,,,,98462125017.00
2022-03-31,81136469720.00,,,,98695661377.00
2022-04-01,81532283484.00,,,,98605507266.00
2022-04-02,77519959728.00,,,,98460353454.00
2022-04-03,80256488630.00,,,,98781221291.00
2022-04-04,79864141565.00,,,,98417961356.00
2022-04-05,80761409394.00,,,,98314380807.00
2022-04-06,80769674535.00,,,,98151901211.00
2022-04-07,78819421144.00,,,,97988280881.00
2022-04-08,75999098435.00,,,,97538371818.00
2022-04-09,77373295361.00,,,,97195046243.00
2022-04-10,76426248094.00,,,,97416021468.00
2022-04-11,77354179666.00,,,,97799583612.00
2022-04-12,76637289233.00,,,,97234454201.00
2022-04-13,72730154322.00,,,,96864317620.00
2022-04-14,73552849440.00,,,,96498555354.00
2022-04-15,74832552119.00,,,,96084942437.00
2022-04-16,73371242145.00,,,,96072753944.00
2022-04-17,73713179995.00,,,,95952803849.00
2022-04-18,74043294519.00,,,,95798304718.00
2022-04-19,72628934539.00,,,,95759704527.00
2022-04-20,73691314176.00,,,,95324965975.00
2022-04-21,74274125856.00,,,,95444708346.00
2022-04-22,74076566428.00,,,,95439158631.00
2022-04-23,72212089199.00,,,,95604155632.00
2022-04-24,71786877857.00,,,,95891835995.00
2022-04-25,71459550124.00,,,,96015905684.00
2022-04-26,71201850224.00,,,,95876243399.00
2022-04-27,73333572579.00,,,,96128104670.00
2022-04-28,70109589379.00,,,,95793402638.00
2022-04-29,71448622069.00,,,,95667173972.00
2022-04-30,71644250824.00,,,,95701020407.00
2022-05-01,69811758474.00,,,,95839767962.00
2022-05-02,67907051185.00,,,,95856880567.00
2022-05-03,68954295523.00,,,,95726772163.00
2022-05-04,68910210184.00,,,,95573356250.00
2022-05-05,68209364696.00,,,,95397239023.00
2022-05-06,70524724961.00,,,,95086305288.00
2022-05-07,67246422897.00,,,,94878515964.00
2022-05-08,66766751006.00,,,,94558596512.00
2022-05-09,64766166931.00,,,,94787296835.00
2022-05-10,62582752916.00,,,,94032107242.00
2022-05-11,57463709963.00,,,,93321946562.00
2022-05-12,57829403981.00,,,,92424231680.00
2022-05-13,49519276390.00,,,,92189938414.00
2022-05-14,45108175084.00,,,,90915049905.00
2022-05-15,45549868130.00,,,,89801613049.00
2022-05-16,45684160732.00,,,,89780760674.00
2022-05-17,46979243542.00,,,,89908232004.00
2022-05-18,45385838823.00,,,,90841402354.00
2022-05-19,46667365133.00,,,,90407838991.00
2022-05-20,44590053821.00,,,,90877217981.00
2022-05-21,46231602535.00,,,,91375396411.00
2022-05-22,44926148451.00,,,,91041551225.00
2022-05-23,45095514544.00,,,,91140518896.00
2022-05-24,46457127344.00,,,,91175572085.00
2022-05-25,45910381075.00,,,,91347545834.00
2022-05-26,46226968407.00,,,,91483372024.00
2022-05-27,45898406017.00,,,,91620314947.00
2022-05-28,43932563493.00,,,,91217868589.00
2022-05-29,43067424990.00,,,,92124162393.00
2022-05-30,43933165532.00,,,,92281555882.00
2022-05-31,44021403110.00,,,,92200179845.00
2022-06-01,46703256441.00,,,,91706663288.00
2022-06-02,46215373429.00,,,,93078860476.00
2022-06-03,44404037791.00,,,,93140943034.00
2022-06-04,44701061731.00,,,,92936053730.00
2022-06-05,43836206506.00,,,,92880117817.00
2022-06-06,43592527861.00,,,,92890884226.00
2022-06-07,43941520910.00,,,,92715774698.00
2022-06-08,44032486734.00,,,,92879834778.00
2022-06-09,44041662693.00,,,,92808117251.00
2022-06-10,43855790764.00,,,,92745042395.00
2022-06-11,43571381013.00,,,,92852355949.00
2022-06-12,41497449740.00,,,,93078729053.00
2022-06-13,39665753822.00,,,,92917785088.00
2022-06-14,38004351242.00,,,,92843832069.00
2022-06-15,33069549175.00,,,,92074061701.00
2022-06-16,32133620812.00,,,,91468873986.00
2022-06-17,31923686108.00,,,,91487413968.00
2022-06-18,29554641177.00,,,,91562177389.00
2022-06-19,29996389963.00,,,,91302444215.00
2022-06-20,28147099529.00,,,,91436070585.00
2022-06-21,29472368165.00,,,,91321992422.00
2022-06-22,29892547052.00,,,,91345219963.00
2022-06-23,29893655517.00,,,,91788614158.00
2022-06-24,29587152647.00,,,,91562250223.00
2022-06-25,30644439124.00,,,,91262916339.00
2022-06-26,31427555742.00,,,,91265979597.00
2022-06-27,31593301530.00,,,,91429984978.00
2022-06-28,31090861299.00,,,,91447598393.00
2022-06-29,30708219207.00,,,,91245691605.00
2022-06-30,29919340005.00,,,,91052692257.00
2022-07-01,29479279531.00,,,,91140141153.00
2022-07-02,29159053038.00,,,,91216776054.00
2022-07-03,29216726229.00,,,,91565157177.00
2022-07-04,29376083254.00,,,,91556462719.00
2022-07-05,29527069545.00,,,,91536220312.00
2022-07-06,30579347616.00,,,,91666159668.00
2022-07-07,30512777244.00,,,,91669442355.00
2022-07-08,31004982670.00,,,,91485705772.00
2022-07-09,31252119395.00,,,,91333122271.00
2022-07-10,30635028568.00,,,,90998301662.00
2022-07-11,30660985410.00,,,,90966487780.00
2022-07-12,29970430884.00,,,,90849624246.00
2022-07-13,29076053060.00,,,,90993115110.00
2022-07-14,28161154368.00,,,,90783534990.00
2022-07-15,28771865351.00,,,,90826209974.00
2022-07-16,29652764612.00,,,,90891873535.00
2022-07-17,30050098637.00,,,,90383530420.00
2022-07-18,30872371480.00,,,,90421598923.00
2022-07-19,30817779739.00,,,,90513621572.00
2022-07-20,33139380968.00,,,,90792375021.00
2022-07-21,33047197207.00,,,,90595202063.00
2022-07-22,32708957489.00,,,,90950001112.00
2022-07-23,33157584004.00,,,,90883564482.00
2022-07-24,33281684777.00,,,,90981655747.00
2022-07-25,33364727822.00,,,,91062022187.00
2022-07-26,34058418173.00,,,,90981808252.00
2022-07-27,32130492838.00,,,,90988904538.00
2022-07-28,32065354973.00,,,,90734939749.00
2022-07-29,34047917783.00,,,,90688460687.00
2022-07-30,35130874010.00,,,,90768451330.00
2022-07-31,34984982408.00,,,,90791818491.00
2022-08-01,34944364440.00,,,,90722454937.00
2022-08-02,34802749115.00,,,,90718095235.00
2022-08-03,34481840839.00,,,,90719354993.00
2022-08-04,34057608265.00,,,,90584535675.00
2022-08-05,34498729341.00,,,,90650720999.00
2022-08-06,34957081337.00,,,,90510728423.00
2022-08-07,35480921988.00,,,,90562195715.00
2022-08-08,35050083870.00,,,,90559726663.00
2022-08-09,35870543068.00,,,,90461140163.00
2022-08-10,35863016862.00,,,,90314952817.00
2022-08-11,34852152525.00,,,,90270909497.00
2022-08-12,36724604686.00,,,,90539571268.00
2022-08-13,36695182612.00,,,,90402733090.00
2022-08-14,36988055735.00,,,,90066964550.00
2022-08-15,37094708884.00,,,,89953501901.00
2022-08-16,36452411992.00,,,,89830322976.00
2022-08-17,36025661106.00,,,,89969105047.00
2022-08-18,36031319651.00,,,,89960283797.00
2022-08-19,35400628894.00,,,,89939256083.00
2022-08-20,35151855625.00,,,,89706308833.00
2022-08-21,32986604371.00,,,,89446774717.00
2022-08-22,32658984392.00,,,,89252933812.00
2022-08-23,32730300891.00,,,,88818513258.00
2022-08-24,32732098015.00,,,,88614781935.00
2022-08-25,32902464066.00,,,,88692323967.00
2022-08-26,33115574285.00,,,,89385624301.00
2022-08-27,33310467433.00,,,,89351658132.00
2022-08-28,31608659638.00,,,,89728706148.00
2022-08-29,31384111241.00,,,,89859034786.00
2022-08-30,30829450643.00,,,,89694602993.00
2022-08-31,31986078459.00,,,,89869639746.00
2022-09-01,31889557626.00,,,,90220074569.00
2022-09-02,31750479334.00,,,,90099244692.00
2022-09-03,32097859944.00,,,,90050183047.00
2022-09-04,32110914324.00,,,,90120818043.00
2022-09-05,31802636995.00,,,,90188635809.00
2022-09-06,31856713054.00,,,,90030432800.00
2022-09-07,32322430560.00,,,,89958566409.00
2022-09-08,30936263411.00,,,,90061676869.00
2022-09-09,31544054389.00,,,,90161066077.00
2022-09-10,31527119906.00,,,,90351798646.00
2022-09-11,32457985127.00,,,,90487134175.00
2022-09-12,32995068271.00,,,,90480598268.00
2022-09-13,32629831931.00,,,,90409189324.00
2022-09-14,32119178920.00,,,,90350750243.00
2022-09-15,30286370751.00,,,,90313449080.00
2022-09-16,29417443593.00,,,,90104697987.00
2022-09-17,28598987915.00,,,,89999689137.00
2022-09-18,28645105995.00,,,,89848793205.00
2022-09-19,29037572674.00,,,,89894995258.00
2022-09-20,28062011216.00,,,,89869815781.00
2022-09-21,28246274116.00,,,,90176442966.00
2022-09-22,28333754698.00,,,,90427005375.00
2022-09-23,27595702017.00,,,,90354656914.00
2022-09-24,28637036880.00,,,,90594980382.00
2022-09-25,28852539837.00,,,,90426323046.00
2022-09-26,28804699250.00,,,,90534305815.00
2022-09-27,28630985938.00,,,,90272062356.00
2022-09-28,29168830083.00,,,,90186428009.00
2022-09-29,29295432350.00,,,,90054872200.00
2022-09-30,29359635124.00,,,,89523137636.00
2022-10-01,29283956496.00,,,,89081574881.00
2022-10-02,29210469259.00,,,,88921981144.00
2022-10-03,29613976986.00,,,,88909927560.00
2022-10-04,29191859566.00,,,,88958339955.00
2022-10-05,29543315679.00,,,,88667533849.00
2022-10-06,29952177616.00,,,,88919935801.00
2022-10-07,30052095180.00,,,,89160696613.00
2022-10-08,30028000843.00,,,,89413510465.00
2022-10-09,29750283068.00,,,,89787010962.00
2022-10-10,29611145195.00,,,,89713459923.00
2022-10-11,29653496573.00,,,,89606475960.00
2022-10-12,29234601804.00,,,,89375415410.00
2022-10-13,29203782604.00,,,,89269271461.00
2022-10-14,29218540912.00,,,,88867934114.00
2022-10-15,28785821666.00,,,,88889886272.00
2022-10-16,28775134640.00,,,,88762269048.00
2022-10-17,28688942220.00,,,,88751357775.00
2022-10-18,29048886960.00,,,,88680745844.00
2022-10-19,29337578677.00,,,,88673553697.00
2022-10-20,29073332586.00,,,,88826792973.00
2022-10-21,28605955592.00,,,,88880548904.00
2022-10-22,28393191484.00,,,,88543601645.00
2022-10-23,28410314486.00,,,,88347854851.00
2022-10-24,28494861350.00,,,,88417591218.00
2022-10-25,29131863651.00,,,,88458753924.00
2022-10-26,28778036302.00,,,,88137162830.00
2022-10-27,29928016929.00,,,,88124571400.00
2022-10-28,30830274980.00,,,,88047493876.00
2022-10-29,30342799508.00,,,,87771141561.00
2022-10-30,30609545609.00,,,,87928462411.00
2022-10-31,31280700146.00,,,,87906147607.00
2022-11-01,30950794068.00,,,,87850576361.00
2022-11-02,30598112348.00,,,,87258633853.00
2022-11-03,30435000023.00,,,,87284422226.00
2022-11-04,29947486671.00,,,,87138508457.00
2022-11-05,30112154307.00,,,,87301262777.00
2022-11-06,31226294253.00,,,,87509858100.00
2022-11-07,31154965086.00,,,,87163954259.00
2022-11-08,30682529520.00,,,,87422337195.00
2022-11-09,30379692647.00,,,,88236111697.00
2022-11-10,26944071038.00,,,,88430231444.00
2022-11-11,23928607011.00,,,,87852971059.00
2022-11-12,25100906244.00,,,,88748074392.00
2022-11-13,24762728464.00,,,,89422826227.00
2022-11-14,24351751436.00,,,,89406441314.00
2022-11-15,23969122219.00,,,,89114447886.00
2022-11-16,24194149692.00,,,,89373699357.00
2022-11-17,24291673754.00,,,,89433563553.00
2022-11-18,24029571358.00,,,,89022840566.00
2022-11-19,23896352504.00,,,,88655037657.00
2022-11-20,23901300271.00,,,,89796046021.00
2022-11-21,23960680837.00,,,,89673139476.00
2022-11-22,23118680551.00,,,,89691156263.00
2022-11-23,22779214248.00,,,,89174815066.00
2022-11-24,22682434767.00,,,,89193126849.00
2022-11-25,23001272035.00,,,,88955204304.00
2022-11-26,22740507817.00,,,,88952653723.00
2022-11-27,22819132163.00,,,,88548364142.00
2022-11-28,22885478692.00,,,,88692220393.00
2022-11-29,22658149605.00,,,,88584293314.00
2022-11-30,22427933280.00,,,,87542409420.00
2022-12-01,23231755962.00,,,,86879953579.00
2022-12-02,23519185572.00,,,,86711842666.00
2022-12-03,23522619207.00,,,,86519715729.00
2022-12-04,23522690723.00,,,,86753433406.00
2022-12-05,23219137592.00,,,,86824163013.00
2022-12-06,23621376804.00,,,,86923063999.00
2022-12-07,23298184187.00,,,,86555218353.00
2022-12-08,23296857257.00,,,,86181406812.00
2022-12-09,23051270020.00,,,,86019648073.00
2022-12-10,23468276159.00,,,,85912298062.00
2022-12-11,23442139041.00,,,,85897575216.00
2022-12-12,23504797497.00,,,,86087059258.00
2022-12-13,23418405296.00,,,,86106905962.00
2022-12-14,23482467299.00,,,,85709751178.00
2022-12-15,23918066114.00,,,,88283483197.00
2022-12-16,23812801396.00,,,,87951846879.00
2022-12-17,23231637388.00,,,,87861161732.00
2022-12-18,22242880685.00,,,,87329775120.00
2022-12-19,22318891312.00,,,,87384650450.00
2022-12-20,22379106192.00,,,,87373701611.00
2022-12-21,22156411791.00,,,,87071967794.00
2022-12-22,22543742417.00,,,,86789875383.00
2022-12-23,22630587931.00,,,,86580495274.00
2022-12-24,22665769608.00,,,,86459969701.00
2022-12-25,22720603623.00,,,,86032484472.00
2022-12-26,22712536959.00,,,,86103020175.00
2022-12-27,22555957806.00,,,,86055328890.00
2022-12-28,22651370590.00,,,,85965526851.00
2022-12-29,22478740510.00,,,,85595780039.00
2022-12-30,22313961077.00,,,,85623920827.00
2022-12-31,22362782602.00,,,,85514992974.00
2023-01-01,22283999639.00,,,,85439408817.00
2023-01-02,22109657455.00,,,,85333532842.00
2023-01-03,22046623376.00,,,,85402682307.00
2023-01-04,22348200034.00,,,,85356301888.00
2023-01-05,22402375587.00,,,,84999415422.00
2023-01-06,22794534194.00,,,,84945277176.00
2023-01-07,22746608778.00,,,,84658535653.00
2023-01-08,22839300398.00,,,,84256733821.00
2023-01-09,22974689116.00,,,,84403471048.00
2023-01-10,23320806512.00,,,,84353540220.00
2023-01-11,23612255299.00,,,,84137617499.00
2023-01-12,23694191054.00,,,,84378448829.00
2023-01-13,24309000849.00,,,,84557986460.00
2023-01-14,24441859200.00,,,,84691642759.00
2023-01-15,25703974889.00,,,,84073599732.00
2023-01-16,25628015105.00,,,,84176753252.00
2023-01-17,25918098033.00,,,,84383485408.00
2023-01-18,25994158333.00,,,,84230856917.00
2023-01-19,26089795489.00,,,,83785234287.00
2023-01-20,25518012727.00,,,,83481207454.00
2023-01-21,25988983669.00,,,,83401462882.00
2023-01-22,27239313126.00,,,,83577192777.00
2023-01-23,27056999861.00,,,,83556786025.00
2023-01-24,27056568388.00,,,,83322250076.00
2023-01-25,27131929081.00,,,,82956229744.00
2023-01-26,26602078104.00,,,,82711905061.00
2023-01-27,27322103155.00,,,,82661067745.00
2023-01-28,27185936626.00,,,,82814711084.00
2023-01-29,27339114852.00,,,,82439168609.00
2023-01-30,27222972920.00,,,,82465660424.00
2023-01-31,27811381934.00,,,,82255714714.00
2023-02-01,27004649739.00,,,,81840902798.00
2023-02-02,27162296523.00,,,,81872561320.00
2023-02-03,28249553249.00,,,,81804221077.00
2023-02-04,27889047659.00,,,,81822648229.00
2023-02-05,28116727820.00,,,,81707752974.00
2023-02-06,28078520724.00,,,,81697384991.00
2023-02-07,27773414511.00,,,,81734930180.00
2023-02-08,27703882541.00,,,,81239536872.00
2023-02-09,28315009453.00,,,,81051857155.00
2023-02-10,28002244164.00,,,,80902906874.00
2023-02-11,26884413138.00,,,,80584214768.00
2023-02-12,26643850652.00,,,,80469879276.00
2023-02-13,26974074476.00,,,,80414279472.00
2023-02-14,26789700722.00,,,,80335961879.00
2023-02-15,26781974315.00,,,,79899463033.00
2023-02-16,27280351624.00,,,,79517022576.00
2023-02-17,28914526761.00,,,,78950640552.00
2023-02-18,28470125417.00,,,,78781753962.00
2023-02-19,29135584116.00,,,,78571999734.00
2023-02-20,29321295162.00,,,,78467393486.00
2023-02-21,29125451973.00,,,,78504914024.00
2023-02-22,29491108558.00,,,,78133016089.00
2023-02-23,28738256873.00,,,,77832860692.00
2023-02-24,28568458944.00,,,,79321117997.00
2023-02-25,28635490103.00,,,,79170784775.00
2023-02-26,28062980767.00,,,,78977686269.00
2023-02-27,27918028793.00,,,,79061453997.00
2023-02-28,28534510083.00,,,,78965103277.00
2023-03-01,28566460640.00,,,,78645812594.00
2023-03-02,28387169637.00,,,,78470135102.00
2023-03-03,28989497029.00,,,,78237489639.00
2023-03-04,28798622892.00,,,,78426981589.00
2023-03-05,27858464050.00,,,,78628805564.00
2023-03-06,27971490893.00,,,,80225268640.00
2023-03-07,27989062561.00,,,,80249811275.00
2023-03-08,27919777883.00,,,,79817257626.00
2023-03-09,27902726767.00,,,,79579695514.00
2023-03-10,27401850415.00,,,,79693541886.00
2023-03-11,26110363740.00,,,,79681752163.00
2023-03-12,25971082157.00,,,,79105246063.00
2023-03-13,25475142415.00,,,,76985731368.00
2023-03-14,27734403925.00,,,,79059002646.00
2023-03-15,27931976405.00,,,,77740511842.00
2023-03-16,28022050692.00,,,,77358046404.00
2023-03-17,27167149584.00,,,,77096425525.00
2023-03-18,27157399185.00,,,,76659371614.00
2023-03-19,28497553694.00,,,,75872336532.00
2023-03-20,28513915825.00,,,,76058539272.00
2023-03-21,28526995560.00,,,,75922328483.00
2023-03-22,28570018793.00,,,,75536133137.00
2023-03-23,29099814207.00,,,,75066772944.00
2023-03-24,28458496540.00,,,,74817411201.00
2023-03-25,29053688860.00,,,,74229538528.00
2023-03-26,28371928513.00,,,,74105658666.00
2023-03-27,28279068148.00,,,,74231652972.00
2023-03-28,28445760980.00,,,,73763826687.00
2023-03-29,27901655141.00,,,,73224635107.00
2023-03-30,28255970731.00,,,,72874281188.00
2023-03-31,28513639098.00,,,,72729335300.00
2023-04-01,28562793981.00,,,,72538389370.00
2023-04-02,28808775909.00,,,,72097175530.00
2023-04-03,28753577199.00,,,,72008388418.00
2023-04-04,28512795906.00,,,,72034251672.00
2023-04-05,28710975194.00,,,,72423024238.00
2023-04-06,29628130923.00,,,,71846646277.00
2023-04-07,29485832981.00,,,,71723680033.00
2023-04-08,29346198974.00,,,,71800403031.00
2023-04-09,29191589724.00,,,,71863045279.00
2023-04-10,29216082752.00,,,,71938625545.00
2023-04-11,29292132873.00,,,,71741818424.00
2023-04-12,29771062168.00,,,,71800941574.00
2023-04-13,29544234029.00,,,,71814197072.00
2023-04-14,29652143819.00,,,,71615904930.00
2023-04-15,31305322836.00,,,,71477773749.00
2023-04-16,31316630949.00,,,,71295688219.00
2023-04-17,31404984040.00,,,,71354363881.00
2023-04-18,31137380765.00,,,,71323518269.00
2023-04-19,30601505859.00,,,,71027369242.00
2023-04-20,30970271885.00,,,,70811926486.00
2023-04-21,29418368457.00,,,,70688160467.00
2023-04-22,29160701009.00,,,,70704046505.00
2023-04-23,28044801133.00,,,,70301987206.00
2023-04-24,28128533242.00,,,,70261989278.00
2023-04-25,28111545870.00,,,,70309626149.00
2023-04-26,27804126857.00,,,,70176847772.00
2023-04-27,28064169525.00,,,,70042134646.00
2023-04-28,28529199549.00,,,,69992675646.00
2023-04-29,28400952900.00,,,,69755645698.00
2023-04-30,28074176257.00,,,,69556905221.00
2023-05-01,28213114660.00,,,,69680380480.00
2023-05-02,27944240512.00,,,,69715941631.00
2023-05-03,27435525159.00,,,,69611583177.00
2023-05-04,27803096669.00,,,,69558278353.00
2023-05-05,28228573755.00,,,,69340714420.00
2023-05-06,27994633715.00,,,,69157761182.00
2023-05-07,29068781142.00,,,,69511615897.00
2023-05-08,28279713322.00,,,,69444176453.00
2023-05-09,27983241427.00,,,,69383647039.00
2023-05-10,27278876647.00,,,,69311919588.00
2023-05-11,27363288221.00,,,,69214663933.00
2023-05-12,27045028021.00,,,,69000640861.00
2023-05-13,26641929963.00,,,,68816183325.00
2023-05-14,26604967597.00,,,,68826503954.00
2023-05-15,26503513620.00,,,,68837652792.00
2023-05-16,26455971420.00,,,,68855379274.00
2023-05-17,26738890209.00,,,,68698315634.00
2023-05-18,26818129391.00,,,,68532170287.00
2023-05-19,26777024125.00,,,,68363691423.00
2023-05-20,26577730600.00,,,,69404492106.00
2023-05-21,26629141066.00,,,,69240531452.00
2023-05-22,26843417959.00,,,,69299289560.00
2023-05-23,26583653724.00,,,,69365818677.00
2023-05-24,26785322500.00,,,,69287772307.00
2023-05-25,27133316755.00,,,,69115214114.00
2023-05-26,26504130788.00,,,,68805561068.00
2023-05-27,26565832653.00,,,,68906206600.00
2023-05-28,26791102041.00,,,,68924975865.00
2023-05-29,26973497405.00,,,,68965745960.00
2023-05-30,27743554362.00,,,,68936160215.00
2023-05-31,27432471239.00,,,,68993931874.00
2023-06-01,27480279582.00,,,,68917317799.00
2023-06-02,26584912356.00,,,,68784515815.00
2023-06-03,26529637524.00,,,,68729283684.00
2023-06-04,26980346911.00,,,,68845947944.00
2023-06-05,26886746780.00,,,,68794323115.00
2023-06-06,26814417354.00,,,,68821080672.00
2023-06-07,25903814347.00,,,,68717390689.00
2023-06-08,26688835535.00,,,,68463059256.00
2023-06-09,26064440429.00,,,,68250077282.00
2023-06-10,26144552919.00,,,,68126632313.00
2023-06-11,25900235859.00,,,,67814093316.00
2023-06-12,24934346193.00,,,,67929280999.00
2023-06-13,24943500613.00,,,,67992983398.00
2023-06-14,24734386539.00,,,,68416580692.00
2023-06-15,24802118254.00,,,,68475574668.00
2023-06-16,23914487466.00,,,,68304911256.00
2023-06-17,23884944753.00,,,,68275360000.00
2023-06-18,24362400689.00,,,,69668053790.00
2023-06-19,24531135798.00,,,,69648835734.00
2023-06-20,24512927434.00,,,,69740100003.00
2023-06-21,24638425156.00,,,,69950129598.00
2023-06-22,25413914424.00,,,,70408976950.00
2023-06-23,26487186623.00,,,,69995264171.00
2023-06-24,26186574437.00,,,,69823382589.00
2023-06-25,26317689260.00,,,,69862664998.00
2023-06-26,26219110492.00,,,,69942873462.00
2023-06-27,26505183290.00,,,,69829407874.00
2023-06-28,26199986360.00,,,,69791734472.00
2023-06-29,26294354215.00,,,,69693692226.00
2023-06-30,25795070236.00,,,,69370235383.00
2023-07-01,26049918882.00,,,,69201906519.00
2023-07-02,26905925839.00,,,,68574807142.00
2023-07-03,26798016376.00,,,,68640717702.00
2023-07-04,26987309467.00,,,,68670628452.00
2023-07-05,27056969337.00,,,,69172453970.00
2023-07-06,26934738926.00,,,,69104881476.00
2023-07-07,26564278819.00,,,,69041395557.00
2023-07-08,25887820929.00,,,,68691450491.00
2023-07-09,26155476961.00,,,,68685173800.00
2023-07-10,26132617503.00,,,,68639727952.00
2023-07-11,26078633567.00,,,,68572577926.00
2023-07-12,26145509102.00,,,,68462335341.00
2023-07-13,26224780613.00,,,,68323965153.00
2023-07-14,26164766441.00,,,,68107440981.00
2023-07-15,27157628880.00,,,,68260321076.00
2023-07-16,26505228965.00,,,,68142663383.00
2023-07-17,26614846571.00,,,,68186278456.00
2023-07-18,26470163613.00,,,,68132035543.00
2023-07-19,26322273887.00,,,,67936177761.00
2023-07-20,26083060946.00,,,,67947417989.00
2023-07-21,25837951664.00,,,,67744924387.00
2023-07-22,25824879230.00,,,,67677613912.00
2023-07-23,25834539607.00,,,,67508404162.00
2023-07-24,25385847378.00,,,,67483845572.00
2023-07-25,25626138136.00,,,,67442146479.00
2023-07-26,25105600940.00,,,,67319494978.00
2023-07-27,25103611026.00,,,,67238464481.00
2023-07-28,25233671970.00,,,,67284509051.00
2023-07-29,25161112388.00,,,,67243074020.00
2023-07-30,25312980788.00,,,,67075746982.00
2023-07-31,25376902058.00,,,,67093884360.00
2023-08-01,23385485577.00,,,,66961519080.00
2023-08-02,22984866257.00,,,,66952476439.00
2023-08-03,22829991411.00,,,,66877987048.00
2023-08-04,22575780041.00,,,,66742244257.00
2023-08-05,22996136003.00,,,,66617114139.00
2023-08-06,23123155921.00,,,,66446689350.00
2023-08-07,23195779862.00,,,,66478450723.00
2023-08-08,23279948300.00,,,,66432344724.00
2023-08-09,23570143211.00,,,,66314275275.00
2023-08-10,24053526981.00,,,,66541344627.00
2023-08-11,24106836442.00,,,,66509043373.00
2023-08-12,24419942237.00,,,,66320040085.00
2023-08-13,24646141693.00,,,,66305239426.00
2023-08-14,24646083368.00,,,,66432445509.00
2023-08-15,24543862549.00,,,,66482391453.00
2023-08-16,24690220082.00,,,,66261522088.00
2023-08-17,24370352694.00,,,,66216656205.00
2023-08-18,23909999257.00,,,,66245064508.00
2023-08-19,22862554046.00,,,,66080441485.00
2023-08-20,22642258731.00,,,,65720905779.00
2023-08-21,22746289222.00,,,,65962020902.00
2023-08-22,22258751111.00,,,,66052686637.00
2023-08-23,22183392445.00,,,,67134548222.00
2023-08-24,21831290738.00,,,,67060352771.00
2023-08-25,22299327756.00,,,,67175308399.00
2023-08-26,22153098797.00,,,,67099246607.00
2023-08-27,22060196436.00,,,,67160736560.00
2023-08-28,22036159553.00,,,,67242764129.00
2023-08-29,22223553060.00,,,,67326209849.00
2023-08-30,22245485282.00,,,,67388636866.00
2023-08-31,22934467369.00,,,,67562058492.00
2023-09-01,22648837375.00,,,,67488398583.00
2023-09-02,22010728583.00,,,,67449368544.00
2023-09-03,21828757610.00,,,,67398177377.00
2023-09-04,21904052124.00,,,,67386591131.00
2023-09-05,21949754060.00,,,,67428507288.00
2023-09-06,21833672012.00,,,,67178409985.00
2023-09-07,21742725052.00,,,,66854176509.00
2023-09-08,21613892147.00,,,,66645848084.00
2023-09-09,21828608778.00,,,,66452223798.00
2023-09-10,21654476439.00,,,,66491270640.00
2023-09-11,21609854643.00,,,,66542447166.00
2023-09-12,21504568863.00,,,,66655053123.00
2023-09-13,20713552847.00,,,,66543716220.00
2023-09-14,21113121666.00,,,,66554337893.00
2023-09-15,21273698800.00,,,,66577443417.00
2023-09-16,21452945284.00,,,,66485249061.00
2023-09-17,21684462977.00,,,,66618680308.00
2023-09-18,21586631937.00,,,,66700234163.00
2023-09-19,21449465873.00,,,,66707441871.00
2023-09-20,21513186579.00,,,,66536221858.00
2023-09-21,21601611004.00,,,,66522202448.00
2023-09-22,21355156010.00,,,,66395598528.00
2023-09-23,20920820353.00,,,,66141972109.00
2023-09-24,21064891647.00,,,,66154989889.00
2023-09-25,21002123072.00,,,,66165858560.00
2023-09-26,20818273269.00,,,,66205360867.00
2023-09-27,20944467418.00,,,,65993328910.00
2023-09-28,20993402411.00,,,,65918059542.00
2023-09-29,20950109700.00,,,,65823785136.00
2023-09-30,21393725498.00,,,,66004190841.00
2023-10-01,21443546142.00,,,,65651207569.00
2023-10-02,21447581884.00,,,,65726126546.00
2023-10-03,22050888056.00,,,,65749958938.00
2023-10-04,21422226203.00,,,,65793307563.00
2023-10-05,21221025515.00,,,,65632934602.00
2023-10-06,21277291785.00,,,,65453783478.00
2023-10-07,21022484565.00,,,,65564803545.00
2023-10-08,21301793421.00,,,,65699226986.00
2023-10-09,21245628725.00,,,,65700619130.00
2023-10-10,21142315454.00,,,,65728986316.00
2023-10-11,20623902300.00,,,,65761522829.00
2023-10-12,20193827110.00,,,,65439136215.00
2023-10-13,20059310517.00,,,,65301199905.00
2023-10-14,19619076297.00,,,,65150947625.00
2023-10-15,20017587076.00,,,,65103197615.00
2023-10-16,20074814990.00,,,,65149019102.00
2023-10-17,20108636249.00,,,,65222913225.00
2023-10-18,20523220800.00,,,,65212451607.00
2023-10-19,20214507077.00,,,,65242589530.00
2023-10-20,19935209690.00,,,,65243443072.00
2023-10-21,20063881916.00,,,,65340241291.00
2023-10-22,20430763860.00,,,,65504567738.00
2023-10-23,20848280522.00,,,,65581341582.00
2023-10-24,21425828185.00,,,,65635268738.00
2023-10-25,22592606131.00,,,,65734795172.00
2023-10-26,22546506558.00,,,,65179062045.00
2023-10-27,22727222975.00,,,,65350169035.00
2023-10-28,22760442115.00,,,,65296748098.00
2023-10-29,22589371426.00,,,,65117993968.00
2023-10-30,22570236816.00,,,,65100437525.00
2023-10-31,22805376178.00,,,,65167806783.00
2023-11-01,23200062010.00,,,,64942839681.00
2023-11-02,22969457375.00,,,,64693516402.00
2023-11-03,23597806680.00,,,,64848394693.00
2023-11-04,23033265359.00,,,,64657865597.00
2023-11-05,23666220086.00,,,,64781268912.00
2023-11-06,24133361768.00,,,,64952482925.00
2023-11-07,24159348733.00,,,,64970611060.00
2023-11-08,24275036707.00,,,,64865835748.00
2023-11-09,24223989025.00,,,,64880980838.00
2023-11-10,24416664341.00,,,,64799464467.00
2023-11-11,26292313698.00,,,,64756447363.00
2023-11-12,26063719908.00,,,,64951493228.00
2023-11-13,25767403890.00,,,,64966304670.00
2023-11-14,25821087704.00,,,,64915580609.00
2023-11-15,25506882245.00,,,,64832042351.00
2023-11-16,25027292225.00,,,,64544063248.00
2023-11-17,26044049864.00,,,,64811338531.00
2023-11-18,24919563034.00,,,,65023118720.00
2023-11-19,24968404030.00,,,,65234832835.00
2023-11-20,25117799569.00,,,,65296855910.00
2023-11-21,25800549548.00,,,,65303628325.00
2023-11-22,25875355126.00,,,,65498506644.00
2023-11-23,24645908374.00,,,,65546129604.00
2023-11-24,26052316922.00,,,,65543938262.00
2023-11-25,25997741697.00,,,,65658188143.00
2023-11-26,26194154469.00,,,,66044727177.00
2023-11-27,26132375403.00,,,,66027387398.00
2023-11-28,26041140403.00,,,,65976351732.00
2023-11-29,25629398106.00,,,,65812265862.00
2023-11-30,25835961354.00,,,,65985751332.00
2023-12-01,25703159149.00,,,,65999164234.00
2023-12-02,25925014328.00,,,,66066305027.00
2023-12-03,26300951770.00,,,,66136328304.00
2023-12-04,27164470110.00,,,,66123597333.00
2023-12-05,27493839582.00,,,,66298486972.00
2023-12-06,27866107672.00,,,,66170519516.00
2023-12-07,28503058054.00,,,,66335524407.00
2023-12-08,27901141827.00,,,,66337085942.00
2023-12-09,29029267042.00,,,,66383816596.00
2023-12-10,29284907324.00,,,,66521194570.00
2023-12-11,28835642968.00,,,,66614316065.00
2023-12-12,28530450447.00,,,,66475124309.00
2023-12-13,27636810164.00,,,,66083460003.00
2023-12-14,27278648437.00,,,,65556620612.00
2023-12-15,28006919963.00,,,,65900416728.00
2023-12-16,28634557843.00,,,,66033811415.00
2023-12-17,27514685799.00,,,,66239486910.00
2023-12-18,27700926532.00,,,,66331865506.00
2023-12-19,27452619525.00,,,,66331025069.00
2023-12-20,27962395367.00,,,,66367239828.00
2023-12-21,27756927018.00,,,,66603659106.00
2023-12-22,28129338139.00,,,,66742365445.00
2023-12-23,28285705520.00,,,,66619549246.00
2023-12-24,29136971526.00,,,,66862109124.00
2023-12-25,29001517476.00,,,,67057945918.00
2023-12-26,28687798713.00,,,,66999421148.00
2023-12-27,28822180031.00,,,,67138943349.00
2023-12-28,28003053921.00,,,,67107597092.00
2023-12-29,29544635283.00,,,,67449062170.00
2023-12-30,29107858951.00,,,,67392700334.00
2023-12-31,28584315467.00,,,,67408549175.00
2024-01-01,28562612552.00,,,,67358365682.00
2024-01-02,28456785155.00,,,,67154363631.00
2024-01-03,29570368298.00,,,,67466230090.00
2024-01-04,29709173383.00,,,,67721216448.00
2024-01-05,28082433808.00,,,,67885027941.00
2024-01-06,29153299305.00,,,,68332984047.00
2024-01-07,29206125602.00,,,,68690042410.00
2024-01-08,28992283263.00,,,,68853476716.00
2024-01-09,28579105304.00,,,,68962488649.00
2024-01-10,29745414168.00,,,,69062018438.00
2024-01-11,29946753901.00,,,,69039159862.00
2024-01-12,32302488963.00,,,,69275689104.00
2024-01-13,32518070888.00,,,,69393211398.00
2024-01-14,31207288132.00,,,,69377762503.00
2024-01-15,31704821875.00,,,,69470465777.00
2024-01-16,30943288430.00,,,,69531865388.00
2024-01-17,31249068046.00,,,,69359195943.00
2024-01-18,31759513020.00,,,,69422001134.00
2024-01-19,31200453570.00,,,,69664274835.00
2024-01-20,30740378759.00,,,,69130147228.00
2024-01-21,31016668219.00,,,,69431692433.00
2024-01-22,30990282845.00,,,,69542159274.00
2024-01-23,30893691415.00,,,,69106691368.00
2024-01-24,29766294697.00,,,,69146923325.00
2024-01-25,29120228335.00,,,,69183443058.00
2024-01-26,28991375927.00,,,,69192878325.00
2024-01-27,28908031704.00,,,,69352608683.00
2024-01-28,29705272816.00,,,,69536371307.00
2024-01-29,29770845044.00,,,,69561894424.00
2024-01-30,29651251078.00,,,,69590059163.00
2024-01-31,30299070113.00,,,,69749416647.00
2024-02-01,30321108521.00,,,,69580771718.00
2024-02-02,29573960798.00,,,,69543995232.00
2024-02-03,30025167788.00,,,,69578729266.00
2024-02-04,30166507084.00,,,,69580364299.00
2024-02-05,29925172457.00,,,,69537098087.00
2024-02-06,29867725769.00,,,,69574773758.00
2024-02-07,31247785857.00,,,,69516074923.00
2024-02-08,32633700991.00,,,,69834791280.00
2024-02-09,33486881553.00,,,,69960965129.00
2024-02-10,34348212071.00,,,,70230351148.00
2024-02-11,35636492637.00,,,,70466752544.00
2024-02-12,35875154880.00,,,,70565171089.00
2024-02-13,36048523377.00,,,,70651403848.00
2024-02-14,37783759141.00,,,,70391257511.00
2024-02-15,37506472199.00,,,,70357712553.00
2024-02-16,39431983094.00,,,,70715932240.00
2024-02-17,39827431001.00,,,,70618937680.00
2024-02-18,39589843543.00,,,,70815457213.00
2024-02-19,39470088016.00,,,,70927161224.00
2024-02-20,40667069667.00,,,,70844862519.00
2024-02-21,41561829424.00,,,,70924981085.00
2024-02-22,42202709129.00,,,,70979219145.00
2024-02-23,41942416875.00,,,,71084214251.00
2024-02-24,42155631226.00,,,,71446394526.00
2024-02-25,41453886435.00,,,,71982429840.00
2024-02-26,42319115871.00,,,,71776878058.00
2024-02-27,43580571831.00,,,,71836046584.00
2024-02-28,44807266316.00,,,,72076746989.00
2024-02-29,45917865112.00,,,,72277790530.00
2024-03-01,47836017801.00,,,,72653083675.00
2024-03-02,47543147018.00,,,,73115641977.00
2024-03-03,49065880877.00,,,,73373647838.00
2024-03-04,48872509951.00,,,,73362346337.00
2024-03-05,49868587060.00,,,,73710225348.00
2024-03-06,51715334896.00,,,,73851079097.00
2024-03-07,50612595026.00,,,,73733199125.00
2024-03-08,54155590180.00,,,,74038102316.00
2024-03-09,54379014849.00,,,,74140903867.00
2024-03-10,55085436239.00,,,,75005465356.00
2024-03-11,55440285274.00,,,,75664105747.00
2024-03-12,55138010727.00,,,,75973089915.00
2024-03-13,57672055931.00,,,,76412131058.00
2024-03-14,56243057554.00,,,,76427041678.00
2024-03-15,56463049130.00,,,,76799473393.00
2024-03-16,54948135895.00,,,,76925945696.00
2024-03-17,53228718297.00,,,,76841995486.00
2024-03-18,50567715449.00,,,,77049725097.00
2024-03-19,52118466311.00,,,,76798414605.00
2024-03-20,50402346025.00,,,,77117476389.00
2024-03-21,46231972438.00,,,,77110877280.00
2024-03-22,51240739991.00,,,,76762155890.00
2024-03-23,50591812994.00,,,,77330443902.00
2024-03-24,48653003453.00,,,,77429998371.00
2024-03-25,49337870035.00,,,,77653136268.00
2024-03-26,50709364300.00,,,,77592822656.00
2024-03-27,52896954970.00,,,,77649640465.00
2024-03-28,53137248263.00,,,,77661731899.00
2024-03-29,52157336966.00,,,,77368156879.00
2024-03-30,53201060422.00,,,,77457860224.00
2024-03-31,52604757613.00,,,,77790213218.00
2024-04-01,52710898243.00,,,,77909980684.00
2024-04-02,54523682174.00,,,,77788293008.00
2024-04-03,52869665274.00,,,,77619000393.00
2024-04-04,49967499695.00,,,,77657895215.00
2024-04-05,50590947274.00,,,,78223361803.00
2024-04-06,50966524777.00,,,,78735707226.00
2024-04-07,51256318670.00,,,,79477616188.00
2024-04-08,51702599272.00,,,,79516094983.00
2024-04-09,52718638689.00,,,,79545906184.00
2024-04-10,56130745053.00,,,,79034458431.00
2024-04-11,53766446595.00,,,,78710978589.00
2024-04-12,54383081719.00,,,,78571582466.00
2024-04-13,55340809668.00,,,,78768775450.00
2024-04-14,50461042292.00,,,,78935346122.00
2024-04-15,46677910461.00,,,,79224666562.00
2024-04-16,49549357749.00,,,,79306317448.00
2024-04-17,48967325254.00,,,,79542662120.00
2024-04-18,49408057123.00,,,,79950967056.00
2024-04-19,48029831900.00,,,,80552422930.00
2024-04-20,49247241198.00,,,,80968527385.00
2024-04-21,49452998801.00,,,,81910858228.00
2024-04-22,50789462944.00,,,,81500421329.00
2024-04-23,50950573239.00,,,,81462847615.00
2024-04-24,51520288945.00,,,,81835180990.00
2024-04-25,52012238856.00,,,,81228629321.00
2024-04-26,50773928972.00,,,,81711050374.00
2024-04-27,51171473899.00,,,,81758824868.00
2024-04-28,50930051750.00,,,,81630664421.00
2024-04-29,52766651820.00,,,,81764887243.00
2024-04-30,52569365476.00,,,,81703930816.00
2024-05-01,51538784409.00,,,,81397433109.00
2024-05-02,48296432533.00,,,,81010790045.00
2024-05-03,48370676372.00,,,,80631771881.00
2024-05-04,48881297558.00,,,,80486774533.00
2024-05-05,50853934315.00,,,,80855415918.00
2024-05-06,51128616721.00,,,,80882326004.00
2024-05-07,51739034475.00,,,,80912987011.00
2024-05-08,50403560938.00,,,,80650922454.00
2024-05-09,49595615367.00,,,,80508727320.00
2024-05-10,48684057655.00,,,,80392384770.00
2024-05-11,49513155586.00,,,,80332488730.00
2024-05-12,48068043306.00,,,,80210859376.00
2024-05-13,48245142111.00,,,,80295264611.00
2024-05-14,48566023455.00,,,,80258582742.00
2024-05-15,48514298106.00,,,,80189222715.00
2024-05-16,47776747603.00,,,,79986711365.00
2024-05-17,49754261688.00,,,,80335122868.00
2024-05-18,49075511657.00,,,,80492970225.00
2024-05-19,50967404160.00,,,,80765122009.00
2024-05-20,51349365490.00,,,,81023390954.00
2024-05-21,50776619330.00,,,,80993826319.00
2024-05-22,58126806189.00,,,,80721734478.00
2024-05-23,59545966696.00,,,,80422963925.00
2024-05-24,59877013793.00,,,,80405089846.00
2024-05-25,59611253819.00,,,,79977930969.00
2024-05-26,59512390917.00,,,,80250817001.00
2024-05-27,59938076220.00,,,,80184572768.00
2024-05-28,61389378826.00,,,,79861615919.00
2024-05-29,61476150937.00,,,,79793289426.00
2024-05-30,60752545022.00,,,,79512043979.00
2024-05-31,59757082388.00,,,,79316339521.00
2024-06-01,59745444315.00,,,,79728481168.00
2024-06-02,60788470398.00,,,,79819825319.00
2024-06-03,61371589587.00,,,,79752091543.00
2024-06-04,61141515803.00,,,,79571590612.00
2024-06-05,60749618065.00,,,,79414195621.00
2024-06-06,61454209143.00,,,,79636058671.00
2024-06-07,62360762213.00,,,,79726781764.00
2024-06-08,61729175890.00,,,,79797321592.00
2024-06-09,60207236197.00,,,,80152039819.00
2024-06-10,59888566417.00,,,,80088156189.00
2024-06-11,60150312916.00,,,,80049143555.00
2024-06-12,59065756712.00,,,,79636025365.00
2024-06-13,57706515732.00,,,,79439676045.00
2024-06-14,58302321615.00,,,,79634067962.00
2024-06-15,57627125002.00,,,,79568307457.00
2024-06-16,57583884909.00,,,,79417122576.00
2024-06-17,58500907835.00,,,,79203269394.00
2024-06-18,58851164030.00,,,,79245158685.00
2024-06-19,57478206588.00,,,,79106990936.00
2024-06-20,57151534847.00,,,,79497119754.00
2024-06-21,57964807005.00,,,,79322907139.00
2024-06-22,56760146615.00,,,,79149853015.00
2024-06-23,57001902852.00,,,,79448874764.00
2024-06-24,57044143552.00,,,,79391250633.00
2024-06-25,55509163324.00,,,,79169723181.00
2024-06-26,54847507659.00,,,,79155876528.00
2024-06-27,55870486338.00,,,,79265616257.00
2024-06-28,55547918501.00,,,,79297921097.00
2024-06-29,55927360140.00,,,,79197779875.00
2024-06-30,54781930720.00,,,,78956012155.00
2024-07-01,54848555604.00,,,,78962067726.00
2024-07-02,55954930052.00,,,,78631903678.00
2024-07-03,55893478304.00,,,,78735413363.00
2024-07-04,55088544016.00,,,,78581033880.00
2024-07-05,53675123827.00,,,,78506854912.00
2024-07-06,50606868757.00,,,,78708751030.00
2024-07-07,50014145832.00,,,,79147590241.00
2024-07-08,50162886741.00,,,,79293370203.00
2024-07-09,48520251361.00,,,,79296213347.00
2024-07-10,50158895374.00,,,,79182608687.00
2024-07-11,50663509029.00,,,,79334498868.00
2024-07-12,51146121546.00,,,,79615382536.00
2024-07-13,51339313835.00,,,,79381183530.00
2024-07-14,51525294143.00,,,,79353796578.00
2024-07-15,52268037223.00,,,,79159808353.00
2024-07-16,53799578525.00,,,,79354697369.00
2024-07-17,55366601760.00,,,,79156233384.00
2024-07-18,55860179112.00,,,,79402591601.00
2024-07-19,55220476660.00,,,,79043942806.00
2024-07-20,54929657545.00,,,,79048817927.00
2024-07-21,56282387948.00,,,,79555267613.00
2024-07-22,56635147644.00,,,,79636681106.00
2024-07-23,56632450942.00,,,,79589311937.00
2024-07-24,56189790520.00,,,,79543615573.00
2024-07-25,56480764488.00,,,,79611356553.00
2024-07-26,53869027668.00,,,,79547296130.00
2024-07-27,52838647181.00,,,,79280939785.00
2024-07-28,54191983956.00,,,,79437917580.00
2024-07-29,54216262297.00,,,,79460789970.00
2024-07-30,54707293542.00,,,,79665959371.00
2024-07-31,55387360924.00,,,,78972779710.00
2024-08-01,54738786412.00,,,,78845556091.00
2024-08-02,53652960526.00,,,,78693950134.00
2024-08-03,53059490046.00,,,,78254972136.00
2024-08-04,50393382730.00,,,,78288840489.00
2024-08-05,49072891608.00,,,,78371625263.00
2024-08-06,44262985641.00,,,,78526826098.00
2024-08-07,42770489060.00,,,,78596340727.00
2024-08-08,43893176585.00,,,,79168497404.00
2024-08-09,42254794528.00,,,,80116666019.00
2024-08-10,45902030895.00,,,,80049038908.00
2024-08-11,45777412296.00,,,,80256193114.00
2024-08-12,45918449164.00,,,,79909552045.00
2024-08-13,44666564523.00,,,,80074453519.00
2024-08-14,45894673034.00,,,,80373126427.00
2024-08-15,46810958829.00,,,,80739334106.00
2024-08-16,45540732649.00,,,,81178549298.00
2024-08-17,45150211801.00,,,,81403972320.00
2024-08-18,45635074985.00,,,,81903736755.00
2024-08-19,45721321678.00,,,,82050580589.00
2024-08-20,46152809561.00,,,,81992696178.00
2024-08-21,45913756849.00,,,,81861172515.00
2024-08-22,45452356365.00,,,,82232938685.00
2024-08-23,46409899091.00,,,,82418492535.00
2024-08-24,46112062724.00,,,,82468510326.00
2024-08-25,48494463159.00,,,,83028289656.00
2024-08-26,48100104219.00,,,,83124680581.00
2024-08-27,48299455649.00,,,,83283716739.00
2024-08-28,47012333461.00,,,,83029270990.00
2024-08-29,43573895398.00,,,,82934365818.00
2024-08-30,44445561550.00,,,,83182138585.00
2024-08-31,44502922134.00,,,,83114076039.00
2024-09-01,44540881330.00,,,,82897110770.00
2024-09-02,44412056303.00,,,,82757102889.00
2024-09-03,43266391941.00,,,,82955932293.00
2024-09-04,44935571898.00,,,,82960741024.00
2024-09-05,43538013629.00,,,,82589732998.00
2024-09-06,44014184563.00,,,,82885110263.00
2024-09-07,43171296764.00,,,,82643889376.00
2024-09-08,40898450843.00,,,,82535564891.00
2024-09-09,41606148113.00,,,,82825198984.00
2024-09-10,42098475270.00,,,,82740543804.00
2024-09-11,43192906640.00,,,,83093723207.00
2024-09-12,43619453428.00,,,,83471684721.00
2024-09-13,43094433333.00,,,,83462862537.00
2024-09-14,43399688558.00,,,,83405220146.00
2024-09-15,45052004468.00,,,,83599040448.00
2024-09-16,44603737474.00,,,,83781130074.00
2024-09-17,43533546885.00,,,,83620819867.00
2024-09-18,42660260804.00,,,,83735427291.00
2024-09-19,43548819848.00,,,,84182136370.00
2024-09-20,43525284928.00,,,,84443207876.00
2024-09-21,45335456292.00,,,,84113825099.00
2024-09-22,46715976274.00,,,,84526555988.00
2024-09-23,47022962956.00,,,,84734397059.00
2024-09-24,46645885226.00,,,,84756189228.00
2024-09-25,48158834881.00,,,,84561441878.00
2024-09-26,48376421312.00,,,,84634936282.00
2024-09-27,47270234469.00,,,,84743174492.00
2024-09-28,48280785159.00,,,,85132103238.00
2024-09-29,49100367210.00,,,,84851234451.00
2024-09-30,48710354677.00,,,,84863144664.00
2024-10-01,48516668422.00,,,,84724152718.00
2024-10-02,47537597503.00,,,,84034773509.00
2024-10-03,45606842166.00,,,,84542146164.00
2024-10-04,44241819544.00,,,,84794508531.00
2024-10-05,43723668695.00,,,,84602904502.00
2024-10-06,44836636871.00,,,,84707627151.00
2024-10-07,44569732366.00,,,,85155079163.00
2024-10-08,44722300472.00,,,,84450879736.00
2024-10-09,44845909943.00,,,,84669172729.00
2024-10-10,44270787567.00,,,,84831720724.00
2024-10-11,43550273367.00,,,,84884985403.00
2024-10-12,43413705037.00,,,,84577128077.00
2024-10-13,44872334088.00,,,,84900013771.00
2024-10-14,45563518244.00,,,,85129318591.00
2024-10-15,45248965467.00,,,,85267373923.00
2024-10-16,47728527263.00,,,,84632597309.00
2024-10-17,47019541568.00,,,,84681393184.00
2024-10-18,46949221915.00,,,,84251437316.00
2024-10-19,46215409052.00,,,,84362281826.00
2024-10-20,46746508360.00,,,,84625149519.00
2024-10-21,46844251614.00,,,,84701103928.00
2024-10-22,48209555525.00,,,,84631357718.00
2024-10-23,47193656849.00,,,,84738396347.00
2024-10-24,47309105843.00,,,,84608851509.00
2024-10-25,45458505252.00,,,,83929979166.00
2024-10-26,45983188985.00,,,,83510950160.00
2024-10-27,45029932620.00,,,,84014230116.00
2024-10-28,45307426294.00,,,,84050582389.00
2024-10-29,45854989645.00,,,,84200215930.00
2024-10-30,46711632461.00,,,,84082154789.00
2024-10-31,47737380671.00,,,,84061907580.00
2024-11-01,48291276950.00,,,,84129346927.00
2024-11-02,46168307455.00,,,,83657157101.00
2024-11-03,46218582691.00,,,,84129283173.00
2024-11-04,46005364525.00,,,,84084519154.00
2024-11-05,45757782236.00,,,,84240014079.00
2024-11-06,44614876343.00,,,,84780065148.00
2024-11-07,45491310063.00,,,,84885350929.00
2024-11-08,50079866888.00,,,,87811886978.00
2024-11-09,52401967703.00,,,,88676345920.00
2024-11-10,53365529485.00,,,,89821433124.00
2024-11-11,55557020723.00,,,,89685889735.00
2024-11-12,56694563361.00,,,,90393234944.00
2024-11-13,59067589680.00,,,,91619675877.00
2024-11-14,58436722651.00,,,,91713027197.00
2024-11-15,57555904552.00,,,,92844812318.00
2024-11-16,55687737347.00,,,,93870784009.00
2024-11-17,56359886660.00,,,,94160692467.00
2024-11-18,56709126903.00,,,,94509550345.00
2024-11-19,56216813331.00,,,,94771670366.00
2024-11-20,57832232681.00,,,,96792919941.00
2024-11-21,56891314838.00,,,,97216936016.00
2024-11-22,56607269280.00,,,,98434261860.00
2024-11-23,61331490904.00,,,,99026787177.00
2024-11-24,61248706689.00,,,,100917033486.00
2024-11-25,62398932915.00,,,,101551129235.00
2024-11-26,61954271036.00,,,,101871079066.00
2024-11-27,61904218366.00,,,,101077024080.00
2024-11-28,60904976816.00,,,,100929142463.00
2024-11-29,66911739254.00,,,,102425019581.00
2024-11-30,65917090977.00,,,,103288454736.00
2024-12-01,66744857206.00,,,,103786136151.00
2024-12-02,68535301922.00,,,,104226845105.00
2024-12-03,68831581934.00,,,,104485905505.00
2024-12-04,67634632632.00,,,,105278579498.00
2024-12-05,68185020190.00,,,,103639751623.00
2024-12-06,71830070051.00,,,,104252918645.00
2024-12-07,70865333678.00,,,,104726039613.00
2024-12-08,74818520708.00,,,,106358308354.00
2024-12-09,74935417118.00,,,,106740602848.00
2024-12-10,75075410621.00,,,,107159461997.00
2024-12-11,69922364409.00,,,,107224188775.00
2024-12-12,69290182213.00,,,,107519205745.00
2024-12-13,72882020961.00,,,,109422893590.00
2024-12-14,73355273515.00,,,,109709683072.00
2024-12-15,74098565522.00,,,,110742481015.00
2024-12-16,73819597826.00,,,,110855651088.00
2024-12-17,74805846110.00,,,,110830258107.00
2024-12-18,75803396633.00,,,,110925127895.00
2024-12-19,73945646985.00,,,,110795978709.00
2024-12-20,69943568864.00,,,,111045206593.00
2024-12-21,66466435732.00,,,,111652366631.00
2024-12-22,66871934816.00,,,,111667237397.00
2024-12-23,64769195963.00,,,,111938669110.00
2024-12-24,64275768147.00,,,,112347166543.00
2024-12-25,66598341990.00,,,,111912407950.00
2024-12-26,68244670836.00,,,,112286223572.00
2024-12-27,68308279550.00,,,,112452286026.00
2024-12-28,65799102142.00,,,,113031773279.00
2024-12-29,65562534130.00,,,,113365319099.00
2024-12-30,66942539077.00,,,,113224883383.00
2024-12-31,66255843906.00,,,,112943980996.00
2025-01-01,65606829067.00,,,,113523940296.00
2025-01-02,65222470783.00,,,,112973671871.00
2025-01-03,66091671203.00,,,,112259774686.00
2025-01-04,67524404312.00,,,,113580112736.00
2025-01-05,70158112292.00,,,,114840845017.00
2025-01-06,71026614789.00,,,,115105176882.00
2025-01-07,71010694994.00,,,,115276052240.00
2025-01-08,71686284190.00,,,,115568516391.00
2025-01-09,66519582244.00,,,,115152272023.00
2025-01-10,65630602628.00,,,,115076037859.00
2025-01-11,64049279503.00,,,,114767072407.00
2025-01-12,65163047710.00,,,,114948417569.00
2025-01-13,65723575704.00,,,,114848893705.00
2025-01-14,65180901862.00,,,,115199960300.00
2025-01-15,63638930356.00,,,,115454627047.00
2025-01-16,65653604112.00,,,,115640770107.00
2025-01-17,69171966027.00,,,,116299706034.00
2025-01-18,67035267044.00,,,,116475376224.00
2025-01-19,69600045947.00,,,,117392094626.00
2025-01-20,66789008208.00,,,,116715270002.00
2025-01-21,65313344932.00,,,,115693628744.00
2025-01-22,66088977450.00,,,,114590021091.00
2025-01-23,67136379419.00,,,,116705656360.00
2025-01-24,65916273789.00,,,,117316044486.00
2025-01-25,67162209735.00,,,,117841355046.00
2025-01-26,66976637290.00,,,,117867386706.00
2025-01-27,67460871144.00,,,,117796981062.00
2025-01-28,66350081972.00,,,,117989998424.00
2025-01-29,64059493635.00,,,,117596763868.00
2025-01-30,63040685921.00,,,,118027525146.00
2025-01-31,64195384282.00,,,,118376606207.00
2025-02-01,66005458502.00,,,,118840054556.00
2025-02-02,66517340455.00,,,,118768881689.00
2025-02-03,64065917091.00,,,,118869101956.00
2025-02-04,59262334970.00,,,,118814799146.00
2025-02-05,60508535854.00,,,,119055364176.00
2025-02-06,58997756636.00,,,,120569866418.00
2025-02-07,59560663441.00,,,,121556534336.00
2025-02-08,58809397101.00,,,,121942815462.00
2025-02-09,58255772138.00,,,,122926070059.00
2025-02-10,58463919925.00,,,,122905890462.00
2025-02-11,58478222555.00,,,,122888177227.00
2025-02-12,59250240084.00,,,,122694422548.00
2025-02-13,58530876328.00,,,,122642074149.00
2025-02-14,60670358502.00,,,,123837244892.00
2025-02-15,59974548181.00,,,,124209031736.00
2025-02-16,60519722196.00,,,,124371956613.00
2025-02-17,60293665120.00,,,,124386901011.00
2025-02-18,59708202574.00,,,,124431891716.00
2025-02-19,60740644205.00,,,,124229632330.00
2025-02-20,59680720951.00,,,,123893193958.00
2025-02-21,60491508422.00,,,,124828422349.00
2025-02-22,60788601254.00,,,,124828972290.00
2025-02-23,58509169401.00,,,,125357467369.00
2025-02-24,59743686773.00,,,,124505304710.00
2025-02-25,61067827098.00,,,,124582249620.00
2025-02-26,56237995570.00,,,,124398494031.00
2025-02-27,55271053906.00,,,,123209293967.00
2025-02-28,52128350014.00,,,,122620690594.00
2025-03-01,51781211547.00,,,,122178499615.00
2025-03-02,51807851442.00,,,,122961601615.00
2025-03-03,51896098800.00,,,,122903346255.00
2025-03-04,56976821068.00,,,,123037866295.00
2025-03-05,51280421541.00,,,,122917250955.00
2025-03-06,51460680235.00,,,,123587650605.00
2025-03-07,53214375598.00,,,,124217824038.00
2025-03-08,51726581616.00,,,,124196054903.00
2025-03-09,51436059492.00,,,,125006670005.00
2025-03-10,52171697375.00,,,,125017997278.00
2025-03-11,48986064473.00,,,,124943375684.00
2025-03-12,46614420790.00,,,,124536133646.00
2025-03-13,47961035926.00,,,,125171404544.00
2025-03-14,47893922098.00,,,,125707507931.00
2025-03-15,47377326401.00,,,,125873979439.00
2025-03-16,48626450289.00,,,,126430332551.00
2025-03-17,49107757018.00,,,,126256988268.00
2025-03-18,48379781788.00,,,,126191804589.00
2025-03-19,49023210446.00,,,,125956151366.00
2025-03-20,49091294851.00,,,,126181538981.00
2025-03-21,50636966949.00,,,,125457044641.00
2025-03-22,49237106942.00,,,,125323016384.00
2025-03-23,49142800841.00,,,,125824403215.00
2025-03-24,49531334969.00,,,,126747496662.00
2025-03-25,50567458029.00,,,,126939265980.00
2025-03-26,52396808345.00,,,,127486005941.00
2025-03-27,52960756582.00,,,,128470648935.00
2025-03-28,52139637566.00,,,,128994373249.00
2025-03-29,51713349351.00,,,,128486427203.00
2025-03-30,49381019852.00,,,,127709029273.00
2025-03-31,48096032097.00,,,,127839182199.00
2025-04-01,46876167466.00,,,,126687598569.00
2025-04-02,48066387715.00,,,,126771294507.00
2025-04-03,49561441155.00,,,,126954064985.00
2025-04-04,47899539988.00,,,,127343920477.00
2025-04-05,48355162790.00,,,,127139706711.00
2025-04-06,48621402235.00,,,,126699764891.00
2025-04-07,48681634584.00,,,,126428640098.00
2025-04-08,44636652954.00,,,,126172289730.00
2025-04-09,44480935802.00,,,,125247189919.00
2025-04-10,43067449952.00,,,,125355911577.00
2025-04-11,46236868112.00,,,,125186668052.00
2025-04-12,43887386325.00,,,,124950533127.00
2025-04-13,44286735446.00,,,,124696056613.00
2025-04-14,45377849457.00,,,,124117949111.00
2025-04-15,45040483660.00,,,,124060797132.00
2025-04-16,45112944603.00,,,,123916302367.00
2025-04-17,44809982824.00,,,,124005869077.00
2025-04-18,45048062330.00,,,,124042438690.00
2025-04-19,44924475756.00,,,,124294031012.00
2025-04-20,44706872182.00,,,,123912566588.00
2025-04-21,45333390050.00,,,,123773096488.00
2025-04-22,44923258643.00,,,,123910057703.00
2025-04-23,44067188170.00,,,,122898106977.00
2025-04-24,47584782526.00,,,,123654449119.00
2025-04-25,48552859804.00,,,,124014418196.00
2025-04-26,48916530968.00,,,,124942319870.00
2025-04-27,49602363285.00,,,,125366384471.00
2025-04-28,49875487072.00,,,,125490793153.00
2025-04-29,49587165589.00,,,,125366700472.00
2025-04-30,49709573052.00,,,,126061247141.00
2025-05-01,49491983703.00,,,,126068538234.00
2025-05-02,49225781324.00,,,,126251658177.00
2025-05-03,50192306358.00,,,,126041091358.00
2025-05-04,50655576020.00,,,,126142773736.00
2025-05-05,50583789574.00,,,,126449367285.00
2025-05-06,50150485198.00,,,,126166575140.00
2025-05-07,49748796148.00,,,,126099063820.00
2025-05-08,49752492369.00,,,,125389579965.00
2025-05-09,48667920481.00,,,,124607855918.00
2025-05-10,55614245252.00,,,,125246820711.00
2025-05-11,57839417816.00,,,,125472686384.00
2025-05-12,61454123826.00,,,,125580351945.00
2025-05-13,60592024152.00,,,,125586979228.00
2025-05-14,59281578350.00,,,,123545858329.00
2025-05-15,62360867032.00,,,,124005718372.00
2025-05-16,60275616427.00,,,,123988137059.00
2025-05-17,59037825580.00,,,,123124474844.00
2025-05-18,59265921542.00,,,,123339151257.00
2025-05-19,58546782721.00,,,,123338217306.00
2025-05-20,58878623237.00,,,,123164617075.00
2025-05-21,60058451118.00,,,,122848054670.00
2025-05-22,60333793888.00,,,,123294462460.00
2025-05-23,61222647957.00,,,,124040296475.00
2025-05-24,62968729744.00,,,,124113125073.00
2025-05-25,60286282587.00,,,,123932824837.00
2025-05-26,60397167531.00,,,,124104114473.00
2025-05-27,60789511661.00,,,,124064938399.00
2025-05-28,61424526289.00,,,,124277278204.00
2025-05-29,62788812935.00,,,,124022380776.00
2025-05-30,63045203654.00,,,,123989968254.00
2025-05-31,61547503039.00,,,,123894064291.00
2025-06-01,59914421070.00,,,,124171091105.00
2025-06-02,59994198182.00,,,,124350155182.00
2025-06-03,60518718741.00,,,,124629547848.00
2025-06-04,61129695549.00,,,,125112011453.00
2025-06-05,61122611569.00,,,,125782452913.00
2025-06-06,61474182298.00,,,,125953739812.00
2025-06-07,58243620657.00,,,,125622059548.00
2025-06-08,59561910025.00,,,,126007290317.00
2025-06-09,60559206119.00,,,,126127852362.00
2025-06-10,60392763572.00,,,,125997263561.00
2025-06-11,62814722462.00,,,,126096264998.00
2025-06-12,65205869771.00,,,,125706667088.00
2025-06-13,64770896567.00,,,,125824027295.00
2025-06-14,61261288451.00,,,,125565170145.00
2025-06-15,60960605830.00,,,,126887705404.00
2025-06-16,60594827330.00,,,,126846459003.00
2025-06-17,60606452054.00,,,,126807215567.00
2025-06-18,62461858830.00,,,,126631074202.00
2025-06-19,61710566540.00,,,,127200949630.00
2025-06-20,62081722051.00,,,,127137654344.00
2025-06-21,62119378884.00,,,,126828201407.00
2025-06-22,59969529968.00,,,,126793309519.00
2025-06-23,57720790510.00,,,,126911357211.00
2025-06-24,56235797205.00,,,,126814419764.00
2025-06-25,59970736993.00,,,,126270541825.00
2025-06-26,60784416357.00,,,,126772376815.00
2025-06-27,60748742525.00,,,,126564021407.00
2025-06-28,60019086856.00,,,,126667419011.00
2025-06-29,60216436254.00,,,,126598226754.00
2025-06-30,61274524166.00,,,,126883847262.00
2025-07-01,62268251157.00,,,,126880359255.00
2025-07-02,61839181413.00,,,,127028559015.00
2025-07-03,60703161756.00,,,,126169555617.00
2025-07-04,63268990770.00,,,,126276851195.00
2025-07-05,64139572471.00,,,,126497495221.00
2025-07-06,62879303107.00,,,,126613544754.00
2025-07-07,63328972991.00,,,,126833096333.00
2025-07-08,64247092458.00,,,,126865950874.00
2025-07-09,63561615682.00,,,,126513775383.00
2025-07-10,64901821860.00,,,,126238661340.00
2025-07-11,67738714759.00,,,,126399831784.00
2025-07-12,70780292990.00,,,,126998338839.00
2025-07-13,70896864883.00,,,,127668362749.00
2025-07-14,70789437919.00,,,,127633216488.00
2025-07-15,71641706976.00,,,,127600341145.00
2025-07-16,71850436779.00,,,,126437844932.00
2025-07-17,73553898718.00,,,,125301462409.00
2025-07-18,75957514611.00,,,,127595197383.00
2025-07-19,77476662707.00,,,,128763630432.00
2025-07-20,78958690411.00,,,,129436938070.00
2025-07-21,79675402425.00,,,,129731792033.00
2025-07-22,82407034183.00,,,,129736730511.00
2025-07-23,83145548873.00,,,,129991616838.00
2025-07-24,82808874402.00,,,,130489612932.00
2025-07-25,81219161638.00,,,,131463885015.00
2025-07-26,81227126149.00,,,,132281203421.00
2025-07-27,82405796993.00,,,,131951549461.00
2025-07-28,82970106105.00,,,,132220905237.00
2025-07-29,85649028092.00,,,,132498139642.00
2025-07-30,83707464040.00,,,,132475233909.00
2025-07-31,83499732047.00,,,,132565224747.00
2025-08-01,83595260668.00,,,,132811804413.00
2025-08-02,81581079835.00,,,,133764335070.00
2025-08-03,77880459596.00,,,,134220734966.00
2025-08-04,76301271492.00,,,,134197843542.00
2025-08-05,78609579580.00,,,,134736516605.00
2025-08-06,81890928996.00,,,,135043516167.00
2025-08-07,81473108590.00,,,,135337116374.00
2025-08-08,82678488892.00,,,,135398909804.00
2025-08-09,87133588475.00,,,,135672557158.00
2025-08-10,87872685418.00,,,,136263193707.00
2025-08-11,91517358060.00,,,,136823564698.00
2025-08-12,91074471321.00,,,,137064238433.00
2025-08-13,90619095893.00,,,,137645460157.00
2025-08-14,95565708264.00,,,,138368473165.00
2025-08-15,97035058231.00,,,,138657558182.00
2025-08-16,93581360890.00,,,,140661299697.00
2025-08-17,91623122497.00,,,,142514276625.00
2025-08-18,91303833430.00,,,,142533161264.00
2025-08-19,91459016197.00,,,,143024444836.00
2025-08-20,89643702360.00,,,,142821150379.00
2025-08-21,85653000504.00,,,,143186641424.00
2025-08-22,88799227135.00,,,,143333554350.00
2025-08-23,88210637388.00,,,,142873197784.00
2025-08-24,95817090709.00,,,,142761754187.00
2025-08-25,97066080471.00,,,,143580200909.00
2025-08-26,94908508253.00,,,,143779662030.00
2025-08-27,91001491249.00,,,,145487463961.00
2025-08-28,93979108436.00,,,,145697035157.00
2025-08-29,92910085729.00,,,,146166080833.00
2025-08-30,93242978675.00,,,,148530416771.00
2025-08-31,90998613648.00,,,,149557263983.00
2025-09-01,90921320248.00,,,,149953258436.00
2025-09-02,90845838603.00,,,,150092429406.00
2025-09-03,89354759000.00,,,,150132746034.00
2025-09-04,89237134234.00,,,,149423828448.00
2025-09-05,92065330650.00,,,,150282691042.00
2025-09-06,89947817729.00,,,,153094071080.00
2025-09-07,90372715327.00,,,,153486515657.00
2025-09-08,89863915999.00,,,,153607390037.00
2025-09-09,90915199664.00,,,,153377663433.00
2025-09-10,90661892234.00,,,,153719910608.00
2025-09-11,90486381296.00,,,,153863834511.00
2025-09-12,91448590062.00,,,,153846503112.00
2025-09-13,92785987702.00,,,,154384485007.00
2025-09-14,96611101129.00,,,,155582914120.00
2025-09-15,95907290536.00,,,,156454713408.00
2025-09-16,94679235334.00,,,,156815223679.00
2025-09-17,93872472239.00,,,,156903540224.00
2025-09-18,93354332988.00,,,,158986631295.00
2025-09-19,94977469365.00,,,,159115672274.00
2025-09-20,95639355465.00,,,,160538988267.00
2025-09-21,94053170565.00,,,,161419252860.00
2025-09-22,95158878612.00,,,,161583270597.00
2025-09-23,94125704114.00,,,,161328241852.00
2025-09-24,90278063435.00,,,,162047280409.00
2025-09-25,89048990403.00,,,,161557626707.00
2025-09-26,89052841615.00,,,,161645550536.00
2025-09-27,84541336269.00,,,,159735208061.00
2025-09-28,85660038738.00,,,,158046408117.00
2025-09-29,85522961233.00,,,,157791416034.00
2025-09-30,87452223396.00,,,,157938475572.00
2025-10-01,88404585999.00,,,,157723862014.00
2025-10-02,87979361054.00,,,,158711682441.00
2025-10-03,91224556762.00,,,,159339151290.00
2025-10-04,93341494559.00,,,,159690471940.00
2025-10-05,94000298371.00,,,,160768099542.00
2025-10-06,93815070868.00,,,,161336051825.00
2025-10-07,94268450375.00,,,,161121765410.00
2025-10-08,97249447788.00,,,,161416334284.00
2025-10-09,94492748556.00,,,,161210316645.00
2025-10-10,94542210415.00,,,,159852285157.00
2025-10-11,92564473244.00,,,,160620582747.00
2025-10-12,82665817262.00,,,,159830523031.00
2025-10-13,81937780222.00,,,,158720240177.00
2025-10-14,88146146083.00,,,,158563499052.00
2025-10-15,89713253983.00,,,,159166007793.00
2025-10-16,88448789012.00,,,,161514664672.00
2025-10-17,86061193399.00,,,,162057145735.00
2025-10-18,84316070424.00,,,,162698076735.00
2025-10-19,83038494059.00,,,,163507186417.00
2025-10-20,83930318357.00,,,,163862484934.00
2025-10-21,84827379599.00,,,,164344309995.00
2025-10-22,85453954634.00,,,,163538171425.00
2025-10-23,84559391501.00,,,,164981316300.00
2025-10-24,82277572007.00,,,,163441797395.00
2025-10-25,82941670661.00,,,,162866035045.00
2025-10-26,84870391411.00,,,,163521093325.00
2025-10-27,85462130018.00,,,,163514090196.00
2025-10-28,88967297734.00,,,,163240970431.00
2025-10-29,88193263264.00,,,,163034990937.00
2025-10-30,86396064100.00,,,,163731324161.00
2025-10-31,86043154666.00,,,,163215290308.00
2025-11-01,84255338502.00,,,,164007050664.00
2025-11-02,85227763196.00,,,,165437177118.00
2025-11-03,85028377524.00,,,,165652384965.00
2025-11-04,85234922037.00,,,,165450233023.00
2025-11-05,80508457983.00,,,,166078162574.00
2025-11-06,74324473761.00,,,,165993582533.00
2025-11-07,74786848813.00,,,,167253795367.00
2025-11-08,73414849357.00,,,,167208691863.00
2025-11-09,74672849039.00,,,,167571831799.00
2025-11-10,73951393407.00,,,,167431090398.00
2025-11-11,76970504609.00,,,,167341646498.00
2025-11-12,76905615258.00,,,,167821325194.00
2025-11-13,75031754729.00,,,,168340562486.00
2025-11-14,75172752970.00,,,,168334915086.00
2025-11-15,73726411434.00,,,,167994301690.00
2025-11-16,72449915431.00,,,,167802851722.00
2025-11-17,72273496254.00,,,,167715972094.00
2025-11-18,70230967585.00,,,,165542804215.00
2025-11-19,69376220473.00,,,,165550585273.00
2025-11-20,71080916399.00,,,,165612571549.00
2025-11-21,69630498869.00,,,,165631952463.00
2025-11-22,67256985918.00,,,,165662429730.00
2025-11-23,64995066645.00,,,,165321957349.00
2025-11-24,64793775324.00,,,,165344299799.00
2025-11-25,65135422444.00,,,,165192059935.00
2025-11-26,67648526369.00,,,,166286570406.00
2025-11-27,67728309102.00,,,,166721678167.00
2025-11-28,69056964819.00,,,,167155472922.00
2025-11-29,68860282501.00,,,,167331204639.00
2025-11-30,69234096898.00,,,,167268340224.00
2025-12-01,68281257945.00,,,,167372568831.00
2025-12-02,67946729764.00,,,,166772195754.00
2025-12-03,65707087670.00,,,,167019643159.00
2025-12-04,67781332948.00,,,,166448089349.00
2025-12-05,71136351565.00,,,,166745151539.00
2025-12-06,69956587614.00,,,,166713994844.00
2025-12-07,69109426281.00,,,,166729265750.00
2025-12-08,69234247084.00,,,,166203407178.00
2025-12-09,69568285796.00,,,,166426030786.00
2025-12-10,69625933202.00,,,,165283782739.00
2025-12-11,72343721534.00,,,,165155784626.00
2025-12-12,71950751607.00,,,,165096797788.00
2025-12-13,71522047826.00,,,,165800814354.00
2025-12-14,69967124573.00,,,,165919833624.00
2025-12-15,70581311277.00,,,,166218770919.00
2025-12-16,70847700258.00,,,,166078744581.00
2025-12-17,68912983364.00,,,,165665593224.00
2025-12-18,69373848340.00,,,,166094465196.00
2025-12-19,67553014869.00,,,,166325569148.00
2025-12-20,67543596295.00,,,,165908197825.00
2025-12-21,69522040081.00,,,,166969270412.00
2025-12-22,69753637976.00,,,,167616813361.00
2025-12-23,70412574589.00,,,,166504660953.00
2025-12-24,69996111538.00,,,,166530567682.00
2025-12-25,68370397685.00,,,,165948355256.00
2025-12-26,68853288110.00,,,,165637546478.00
2025-12-27,68355173062.00,,,,165768085066.00
2025-12-28,68387169073.00,,,,166030509229.00
2025-12-29,68685259250.00,,,,166006694676.00
2025-12-30,68927366551.00,,,,166047769019.00
2025-12-31,67691823566.00,,,,166600000194.00
2026-01-01,67511549744.00,,,,164536655140.00
2026-01-02,68303033247.00,,,,164445362841.00
2026-01-03,69610565928.00,,,,165021852607.00
2026-01-04,71675037564.00,,,,165123099911.00
2026-01-05,72632878060.00,,,,165284293753.00
2026-01-06,72965722419.00,,,,165484782955.00
2026-01-07,74637970496.00,,,,165057178713.00
2026-01-08,75315145442.00,,,,165423701991.00
2026-01-09,73169107905.00,,,,166040439244.00
2026-01-10,71531669085.00,,,,165816203020.00
2026-01-11,70604072898.00,,,,164629836052.00
2026-01-12,71547843990.00,,,,164477344670.00
2026-01-13,72095239395.00,,,,164383179030.00
2026-01-14,71010937675.00,,,,163955636406.00
2026-01-15,75375568677.00,,,,164944707216.00
2026-01-16,75870501870.00,,,,164781827528.00
2026-01-17,75047391489.00,,,,164932272751.00
2026-01-18,75151762993.00,,,,165431602739.00
2026-01-19,75430252828.00,,,,165560967439.00
2026-01-20,74042995453.00,,,,165195965302.00
2026-01-21,73806152852.00,,,,164805242592.00
2026-01-22,68953038453.00,,,,162561571548.00
2026-01-23,69664433964.00,,,,162131005846.00
2026-01-24,69513110391.00,,,,162072083473.00
2026-01-25,69352786936.00,,,,162133159818.00
2026-01-26,70054903095.00,,,,162414160593.00
2026-01-27,67737250147.00,,,,162374334005.00
2026-01-28,69615075066.00,,,,161308936319.00
2026-01-29,71014232734.00,,,,161190730973.00
2026-01-30,71205343874.00,,,,161162925417.00
2026-01-31,67920300263.00,,,,160338799074.00
2026-02-01,66130822117.00,,,,159825576018.00
2026-02-02,62163139605.00,,,,159439241153.00
2026-02-03,59376214346.00,,,,159402032687.00
2026-02-04,60282737484.00,,,,159910749612.00
2026-02-05,59456643679.00,,,,160568298846.00
2026-02-06,57903056759.00,,,,159916832280.00
2026-02-07,51994292036.00,,,,159232308405.00
2026-02-08,55179354946.00,,,,158654435264.00
2026-02-09,56753828311.00,,,,158920988527.00
2026-02-10,57083112955.00,,,,159005253596.00
2026-02-11,57078017218.00,,,,159491416472.00
2026-02-12,55892868105.00,,,,158376782477.00
2026-02-13,55100675145.00,,,,158640486729.00
2026-02-14,54607006515.00,,,,158632567052.00
2026-02-15,56077348907.00,,,,158662426786.00
2026-02-16,56274955656.00,,,,158755725001.00
2026-02-17,54933947573.00,,,,158838655514.00
2026-02-18,55064886461.00,,,,159377637706.00
2026-02-19,55099343425.00,,,,158979926872.00
2026-02-20,53574702389.00,,,,158959041459.00
2026-02-21,53705775310.00,,,,159399539591.00
2026-02-22,53197416806.00,,,,158781462126.00
2026-02-23,53446141820.00,,,,158727838239.00
2026-02-24,53478919533.00,,,,158864809984.00
2026-02-25,51721929768.00,,,,159017150475.00
2026-02-26,51557315855.00,,,,159153377798.00
2026-02-27,54387728023.00,,,,159428640780.00
2026-02-28,54107403317.00,,,,159089444972.00
2026-03-01,52641192869.00,,,,159197171348.00
2026-03-02,52876750892.00,,,,159517836442.00
2026-03-03,52358694432.00,,,,159043666649.00
2026-03-04,53858233111.00,,,,159655612160.00
2026-03-05,52771073377.00,,,,159717734493.00
2026-03-06,55252947098.00,,,,159809216138.00
2026-03-07,55396072122.00,,,,160699247033.00
2026-03-08,53878752728.00,,,,160892900996.00
2026-03-09,54173103310.00,,,,160997601204.00
2026-03-10,53878920809.00,,,,161000892466.00
2026-03-11,54891263980.00,,,,161730902209.00
2026-03-12,54874895555.00,,,,161905906071.00
2026-03-13,55725656425.00,,,,162001089180.00
2026-03-14,56648156246.00,,,,162562989760.00
2026-03-15,56437733838.00,,,,162939435381.00
2026-03-16,56813315869.00,,,,162948609005.00
2026-03-17,57984261633.00,,,,163012980674.00
2026-03-18,59769490022.00,,,,163473397679.00
2026-03-19,59603346430.00,,,,165432806357.00
2026-03-20,57011569024.00,,,,165333101364.00
2026-03-21,55678699256.00,,,,164919446338.00
2026-03-22,56436082756.00,,,,164963261694.00
2026-03-23,55954082896.00,,,,164883168196.00
2026-03-24,54462486463.00,,,,164741346150.00
2026-03-25,55868163151.00,,,,164359491603.00
2026-03-26,55259467683.00,,,,164199402244.00
2026-03-27,55626340801.00,,,,164437158318.00
2026-03-28,53607755220.00,,,,163974547385.00
2026-03-29,52638514818.00,,,,163782450588.00
2026-03-30,52625286706.00,,,,163855604583.00
2026-03-31,52537865033.00,,,,163723269897.00
2026-04-01,52434773064.00,,,,164089455389.00
2026-04-02,53909538595.00,,,,164757305777.00
2026-04-03,54031862624.00,,,,164786759568.00
2026-04-04,52949994169.00,,,,165115347899.00
2026-04-05,52417944046.00,,,,165333265326.00
2026-04-06,52714652031.00,,,,165414185488.00
2026-04-07,53715953243.00,,,,165444506983.00
2026-04-08,52018540832.00,,,,164833155835.00
2026-04-09,54357011766.00,,,,165440815796.00
2026-04-10,53679624656.00,,,,165739191513.00
2026-04-11,53914845159.00,,,,166059121214.00
2026-04-12,54651387193.00,,,,166330492782.00
2026-04-13,55281636441.00,,,,166372940620.00
2026-04-14,53605617367.00,,,,166399359968.00
2026-04-15,56140782864.00,,,,166822212374.00
2026-04-16,55883373303.00,,,,167271490546.00
2026-04-17,55932707008.00,,,,166882788761.00
2026-04-18,55837131763.00,,,,167044869202.00
2026-04-19,56669550169.00,,,,167665077644.00
2026-04-20,51942764456.00,,,,168003013771.00
2026-04-21,46772065722.00,,,,167136202175.00
2026-04-22,46496187191.00,,,,166722715756.00
2026-04-23,46039842802.00,,,,167512551332.00
2026-04-24,46648949161.00,,,,167241145411.00
2026-04-25,45866249806.00,,,,167312920023.00
2026-04-26,45045612905.00,,,,167104990040.00
2026-04-27,45517789524.00,,,,167087896828.00
2026-04-28,46272514842.00,,,,166941625542.00
2026-04-29,45183718147.00,,,,166463816309.00
2026-04-30,44908400684.00,,,,166473727748.00
2026-05-01,45156781146.00,,,,165786416289.00
2026-05-02,45258512230.00,,,,164833866676.00
2026-05-03,45407770821.00,,,,164810702172.00
2026-05-04,45961768475.00,,,,165356495728.00
2026-05-05,45990028956.00,,,,165308954543.00
2026-05-06,45865140290.00,,,,164917497237.00
2026-05-07,46125139167.00,,,,165547844712.00
2026-05-08,45961680154.00,,,,165843175923.00
2026-05-09,45592376735.00,,,,166293949820.00
2026-05-10,45668799006.00,,,,164427166964.00
2026-05-11,45727638061.00,,,,165588922719.00
2026-05-12,46305315994.00,,,,165707316916.00
2026-05-13,45995377834.00,,,,165019550702.00
2026-05-14,45378380834.00,,,,164396526827.00
2026-05-15,45089675806.00,,,,164263171415.00
2026-05-16,45517724491.00,,,,163533547588.00
2026-05-17,44767077858.00,,,,164621702040.00
2026-05-18,44261955033.00,,,,165013343457.00
2026-05-19,43534298558.00,,,,164888932621.00
2026-05-20,43591471879.00,,,,165110501833.00
2026-05-21,42975206015.00,,,,158690189634.00
2026-05-22,43240040754.00,,,,163597734887.00
2026-05-23,43373788717.00,,,,163580274652.00
2026-05-24,42498000396.00,,,,163249191880.00
2026-05-25,43224217071.00,,,,163357747715.00
2026-05-26,42893868940.00,,,,163193688891.00
2026-05-27,43290055149.00,,,,163330207372.00
2026-05-28,42398664387.00,,,,162933582367.00
2026-05-29,42548794748.00,,,,162467260590.00
2026-05-30,42638389470.00,,,,161985645751.00
2026-05-31,42002902980.00,,,,161611365709.00
2026-06-01,42244516865.00,,,,161501710579.00
2026-06-02,42117808493.00,,,,161457929471.00
2026-06-03,41901938049.00,,,,160975163951.00
2026-06-04,39528983068.00,,,,159830388348.00
2026-06-05,39130329750.00,,,,159217474774.00
2026-06-06,38966978081.00,,,,158679792911.00
2026-06-07,36467184248.00,,,,158251824876.00
2026-06-08,36395618687.00,,,,158071184525.00
2026-06-09,37901575446.00,,,,157871843860.00
2026-06-10,37721042428.00,,,,158152250643.00
2026-06-11,37076471891.00,,,,157883552867.00
2026-06-12,36789556722.00,,,,157691740643.00
2026-06-13,37478622355.00,,,,157128114666.00
2026-06-14,37741243189.00,,,,156997390971.00
2026-06-15,38095702096.00,,,,156927910146.00
2026-06-16,38717678974.00,,,,156928290012.00
2026-06-17,39075589848.00,,,,157559357898.00
2026-06-18,39901531185.00,,,,157485889983.00
2026-06-19,39242074709.00,,,,157261750892.00
2026-06-20,38698904578.00,,,,156932722858.00
2026-06-21,38826779633.00,,,,156918232680.00
2026-06-22,39189811491.00,,,,156952024219.00
2026-06-23,38457619435.00,,,,157179896918.00
2026-06-24,39102623629.00,,,,157210785243.00
2026-06-25,38259877915.00,,,,156799164423.00
2026-06-26,37239253959.00,,,,156890923985.00
2026-06-27,37074112902.00,,,,157016278456.00
2026-06-28,37258996436.00,,,,155749089055.00
2026-06-29,37564569862.00,,,,155743310668.00
2026-06-30,37327980586.00,,,,155424318409.00
2026-07-01,37338397360.00,,,,154590513776.00
2026-07-02,36651395554.00,,,,154228499111.00
2026-07-03,37287715557.00,,,,154160443186.00
2026-07-04,38888534295.00,,,,153385078953.00
2026-07-05,39735156653.00,,,,153538552248.00
2026-07-06,39890969334.00,,,,153466736300.00
2026-07-07,39993255517.00,,,,153810751356.00
2026-07-08,40157062003.00,,,,153881881614.00
2026-07-09,39385495424.00,,,,152658117436.00
2026-07-10,39052398634.00,,,,151787478214.00
2026-07-11,38653197310.00,,,,151702956239.00
2026-07-12,40214067211.00,,,,151654299706.00
2026-07-13,39654546442.00,,,,151541964463.00
2026-07-14,39837858650.00,,,,151265597811.00
2026-07-15,39558990720.00,,,,150487479697.00
2026-07-16,41070595165.00,,,,150674277100.00
2026-07-17,41312086574.00,,,,150186497375.00
2026-07-18,40814516335.00,,,,149947615442.00
2026-07-19,40825435783.00,,,,150460809431.00
2026-07-20,41160281929.00,,,,150447753190.00
2026-07-21,41233617181.00,,,,150242263669.00
2026-07-22,41794897803.00,,,,150361976919.00
2026-07-23,42253993757.00,,,,150423159862.00
2026-07-24,42200470915.00,,,,149421778442.00
2026-07-25,41512670762.00,,,,149269785788.00
2026-07-26,41390048993.00,,,,149370300290.00
2026-07-27,41527728675.00,,,,149328034526.00
2026-07-28,42338053969.00,,,,149340893283.00
2026-07-29,41295197839.00,,,,148956487423.00
2026-07-30,41659683611.00,,,,148653333571.00
2026-07-31,41391162842.00,,,,148319970302.00
2026-08-01,41684154289.00,,,,147676241014.00
2026-08-02,41022588440.00,,,,147570279549.00
2026-08-03,40643876146.00,,,,147676424020.00
2026-08-04,41180158118.00,,,,147615234319.00
2026-08-05,40543211078.00,,,,147802577237.00
2026-08-06,41182032642.00,,,,147846768690.00
2026-08-07,41679805721.00,,,,147509202477.00
2026-08-08,41723495465.00,,,,147744982278.00
2026-08-09,42003397719.00,,,,148003335202.00
2026-08-10,42070381553.00,,,,147945549332.00
2026-08-11,42040655668.00,,,,147938536711.00
2026-08-12,41655442070.00,,,,147026131895.00
2026-08-13,41251244757.00,,,,147280483933.00
2026-08-14,41328898903.00,,,,147313382869.00
2026-08-15,41177975666.00,,,,147124566857.00
2026-08-16,41011520629.00,,,,147411867368.00
2026-08-17,41363737730.00,,,,147372615619.00
2026-08-18,41318466950.00,,,,147351140651.00
2026-08-19,41818766948.00,,,,147913906805.00
2026-08-20,42006256537.00,,,,147426892446.00
2026-08-21,46059853969.00,,,,147574853009.00
2026-08-22,47433299768.00,,,,147876454251.00
2026-08-23,49715630336.00,,,,147158405472.00
2026-08-24,48995429720.00,,,,147202711458.00
2026-08-25,49114210402.00,,,,147139180146.00
2026-08-26,49253960993.00,,,,147644349558.00
2026-08-27,48998083758.00,,,,147983266370.00
2026-08-28,49927655559.00,,,,148173151181.00
2026-08-29,50172272184.00,,,,147971821730.00
2026-08-30,49170970757.00,,,,148191658047.00
2026-08-31,49299973804.00,,,,148169198983.00
2026-09-01,48765909591.00,,,,148362428381.00
2026-09-02,49468673176.00,,,,148372330704.00
2026-09-03,48375062242.00,,,,148387614613.00
2026-09-04,48227239428.00,,,,148597444864.00
2026-09-05,49980894398.00,,,,148322938800.00
2026-09-06,49069744095.00,,,,148505971668.00
2026-09-07,49622429402.00,,,,148479877930.00
2026-09-08,50116800016.00,,,,147935142943.00
2026-09-09,49639354844.00,,,,147796915156.00
2026-09-10,49844627718.00,,,,147815967289.00
2026-09-11,49346567805.00,,,,147681141361.00
2026-09-12,48808558786.00,,,,147694849034.00
