time,oi_A,oi_6,oi_3
2026-05-17 12:00:00,3244710.19,,379274.94
2026-05-17 13:00:00,3226751.59,,375870.00
2026-05-17 14:00:00,3215497.80,,374518.21
2026-05-17 15:00:00,3190061.08,,370332.55
2026-05-17 16:00:00,3159225.82,,364928.51
2026-05-17 17:00:00,3091047.45,,357133.70
2026-05-17 18:00:00,3077401.30,,363786.46
2026-05-17 19:00:00,3056843.68,,361993.22
2026-05-17 20:00:00,3123964.64,,370382.55
2026-05-17 21:00:00,3139816.90,,368320.70
2026-05-17 22:00:00,3098873.14,,362199.72
2026-05-17 23:00:00,3064063.80,,354873.81
2026-05-18 00:00:00,2932606.97,,362523.88
2026-05-18 01:00:00,2876357.04,,369413.76
2026-05-18 02:00:00,2846008.78,,362424.48
2026-05-18 03:00:00,2831616.62,,363504.00
2026-05-18 04:00:00,2781258.21,,358732.91
2026-05-18 05:00:00,2802142.62,,362166.12
2026-05-18 06:00:00,2774872.85,,357713.48
2026-05-18 07:00:00,2784325.56,,358697.93
2026-05-18 08:00:00,2760825.30,,354139.41
2026-05-18 09:00:00,2745347.62,,383397.63
2026-05-18 10:00:00,2714558.54,,361574.02
2026-05-18 11:00:00,2646746.57,,354299.05
2026-05-18 12:00:00,2616265.44,,347948.89
2026-05-18 13:00:00,2605994.47,,339547.72
2026-05-18 14:00:00,2606733.32,,332741.39
2026-05-18 15:00:00,2602154.46,,333267.99
2026-05-18 16:00:00,2619871.80,,334112.39
2026-05-18 17:00:00,2616384.46,,331068.77
2026-05-18 18:00:00,2630958.84,,350632.24
2026-05-18 19:00:00,2580343.29,,345384.48
2026-05-18 20:00:00,2644493.45,,353177.36
2026-05-18 21:00:00,2615778.73,,343586.92
2026-05-18 22:00:00,2611511.03,,341453.43
2026-05-18 23:00:00,2605263.53,,341430.36
2026-05-19 00:00:00,2607468.88,,342026.36
2026-05-19 01:00:00,2636485.93,,343439.22
2026-05-19 02:00:00,2592515.07,,334279.95
2026-05-19 03:00:00,2598503.91,,332968.81
2026-05-19 04:00:00,2586394.49,,330254.04
2026-05-19 05:00:00,2671077.63,,368814.48
2026-05-19 06:00:00,2627258.61,,367271.19
2026-05-19 07:00:00,2619467.18,,354748.95
2026-05-19 08:00:00,2589586.63,,350662.37
2026-05-19 09:00:00,2585454.08,,352663.14
2026-05-19 10:00:00,2557373.29,,345101.38
2026-05-19 11:00:00,2466887.80,,333603.43
2026-05-19 12:00:00,2461478.34,,336457.78
2026-05-19 13:00:00,2466492.74,,348341.12
2026-05-19 14:00:00,2429627.21,,337879.82
2026-05-19 15:00:00,2429026.45,,333534.30
2026-05-19 16:00:00,2408867.77,,335191.44
2026-05-19 17:00:00,2403957.46,,335471.02
2026-05-19 18:00:00,2394233.50,,338255.18
2026-05-19 19:00:00,2383129.66,,334493.99
2026-05-19 20:00:00,2377860.69,,332049.81
2026-05-19 21:00:00,2390264.75,,329795.67
2026-05-19 22:00:00,2361679.72,,318050.49
2026-05-19 23:00:00,2338497.46,,316058.18
2026-05-20 00:00:00,2340537.07,,315428.28
2026-05-20 01:00:00,2392516.24,,318457.41
2026-05-20 02:00:00,2402097.62,,321437.97
2026-05-20 03:00:00,2354293.91,,314579.01
2026-05-20 04:00:00,2349500.04,,313810.29
2026-05-20 05:00:00,2363428.11,,314770.09
2026-05-20 06:00:00,2362104.07,,313650.89
2026-05-20 07:00:00,2379165.33,,319326.62
2026-05-20 08:00:00,2377132.76,,318800.90
2026-05-20 09:00:00,2398978.84,,313031.61
2026-05-20 10:00:00,2384856.22,,311504.19
2026-05-20 11:00:00,2403026.15,,310112.39
2026-05-20 12:00:00,2412663.65,,307986.95
2026-05-20 13:00:00,2434275.58,,312654.88
2026-05-20 14:00:00,2471552.12,,311268.34
2026-05-20 15:00:00,2580183.15,,322271.54
2026-05-20 16:00:00,2570709.71,,315375.25
2026-05-20 17:00:00,2607982.71,,320557.97
2026-05-20 18:00:00,2890023.12,,368503.19
2026-05-20 19:00:00,2738633.08,,347313.88
2026-05-20 20:00:00,2767009.77,,339574.40
2026-05-20 21:00:00,2709303.73,,334023.80
2026-05-20 22:00:00,2743430.22,,331025.96
2026-05-20 23:00:00,2670456.84,,324382.50
2026-05-21 00:00:00,2707669.70,,326809.60
2026-05-21 01:00:00,2725207.21,,326262.55
2026-05-21 02:00:00,3013072.61,,360914.55
2026-05-21 03:00:00,3068445.04,,423142.87
2026-05-21 04:00:00,3108807.32,,415705.60
2026-05-21 05:00:00,3115871.33,,426205.91
2026-05-21 06:00:00,3227867.85,,444652.00
2026-05-21 07:00:00,3115098.10,,423736.25
2026-05-21 08:00:00,3084193.24,,415670.47
2026-05-21 09:00:00,3169408.48,,440401.43
2026-05-21 10:00:00,3158406.76,,437766.33
2026-05-21 11:00:00,3062795.93,,407813.19
2026-05-21 12:00:00,3104051.15,,407463.70
2026-05-21 13:00:00,3194133.28,,417624.67
2026-05-21 14:00:00,3208716.61,,428189.67
2026-05-21 15:00:00,3126376.82,,423600.31
2026-05-21 16:00:00,3091786.53,,413696.91
2026-05-21 17:00:00,3084022.71,,421105.45
2026-05-21 18:00:00,3235360.38,,441699.87
2026-05-21 19:00:00,2971160.73,,417332.41
2026-05-21 20:00:00,3010240.51,,413363.79
2026-05-21 21:00:00,2969750.83,,407352.27
2026-05-21 22:00:00,3137150.68,,418090.53
2026-05-21 23:00:00,3164902.66,,423035.45
2026-05-22 00:00:00,3215587.87,,437251.44
2026-05-22 01:00:00,3153936.28,,416229.97
2026-05-22 02:00:00,3161770.86,,424166.84
2026-05-22 03:00:00,3117746.18,,418535.08
2026-05-22 04:00:00,3098473.62,,416125.10
2026-05-22 05:00:00,3076537.18,,417475.05
2026-05-22 06:00:00,3091605.94,,418274.97
2026-05-22 07:00:00,3215721.46,,454157.85
2026-05-22 08:00:00,3317683.37,,465407.90
2026-05-22 09:00:00,3577960.11,,470696.20
2026-05-22 10:00:00,3303436.95,,442951.58
2026-05-22 11:00:00,3130967.24,,410544.16
2026-05-22 12:00:00,3139636.31,,395643.44
2026-05-22 13:00:00,3160236.90,,399074.38
2026-05-22 14:00:00,3184015.64,,392209.90
2026-05-22 15:00:00,3158140.84,,394373.60
2026-05-22 16:00:00,3113982.84,,394477.23
2026-05-22 17:00:00,3103906.80,,387166.83
2026-05-22 18:00:00,3076549.90,,384163.17
2026-05-22 19:00:00,3002902.54,,375162.42
2026-05-22 20:00:00,2910931.69,,369307.53
2026-05-22 21:00:00,2897505.32,,364425.16
2026-05-22 22:00:00,2905733.45,,364714.85
2026-05-22 23:00:00,2882807.12,,363065.31
2026-05-23 00:00:00,2843348.69,,357039.30
2026-05-23 01:00:00,2899773.19,,361736.86
2026-05-23 02:00:00,2886899.84,,360077.75
2026-05-23 03:00:00,2885131.18,,360982.81
2026-05-23 04:00:00,2878498.97,,359172.06
2026-05-23 05:00:00,2863127.26,,357690.59
2026-05-23 06:00:00,2863030.08,,358109.87
2026-05-23 07:00:00,2814680.70,,354428.92
2026-05-23 08:00:00,2769579.54,,351054.37
2026-05-23 09:00:00,2776468.16,,350512.78
2026-05-23 10:00:00,2795880.18,,350210.66
2026-05-23 11:00:00,2800807.25,,350106.12
2026-05-23 12:00:00,2786124.56,,349378.75
2026-05-23 13:00:00,2861264.60,,353290.21
2026-05-23 14:00:00,2888349.88,,356323.40
2026-05-23 15:00:00,2836039.23,,351831.76
2026-05-23 16:00:00,2868386.26,,357336.71
2026-05-23 17:00:00,2754663.96,,350292.71
2026-05-23 18:00:00,2714379.31,,344435.60
2026-05-23 19:00:00,2718773.03,,342688.75
2026-05-23 20:00:00,2719703.72,,343667.53
2026-05-23 21:00:00,2808235.75,,357818.93
2026-05-23 22:00:00,2770434.02,,344300.98
2026-05-23 23:00:00,2715150.80,,336282.19
2026-05-24 00:00:00,2723666.24,,338741.34
2026-05-24 01:00:00,2722340.93,,336878.85
2026-05-24 02:00:00,2747071.47,,340698.95
2026-05-24 03:00:00,2691699.25,,333501.86
2026-05-24 04:00:00,2676574.19,,332255.94
2026-05-24 05:00:00,2680798.81,,335340.20
2026-05-24 06:00:00,2685792.76,,336152.83
2026-05-24 07:00:00,2680267.98,,336118.82
2026-05-24 08:00:00,2747013.59,,347027.58
2026-05-24 09:00:00,2653120.68,,337594.61
2026-05-24 10:00:00,2637231.62,,330936.95
2026-05-24 11:00:00,2605448.09,,332142.51
2026-05-24 12:00:00,2612425.72,,335199.90
2026-05-24 13:00:00,2589962.16,,334005.49
2026-05-24 14:00:00,2559804.88,,325132.65
2026-05-24 15:00:00,2460394.62,,324148.23
2026-05-24 16:00:00,2463796.65,,322281.01
2026-05-24 17:00:00,2474170.88,,319521.82
2026-05-24 18:00:00,2458332.10,,316134.66
2026-05-24 19:00:00,2446150.01,,316592.63
2026-05-24 20:00:00,2436171.21,,299808.29
2026-05-24 21:00:00,2423745.59,,294388.02
2026-05-24 22:00:00,2397102.75,,286814.99
2026-05-24 23:00:00,2436997.73,,286170.74
2026-05-25 00:00:00,2442760.92,,285580.28
2026-05-25 01:00:00,2450367.08,,286403.54
2026-05-25 02:00:00,2410886.97,,282030.00
2026-05-25 03:00:00,2422803.34,,281773.57
2026-05-25 04:00:00,2436700.94,,283852.71
2026-05-25 05:00:00,2468753.08,,286887.99
2026-05-25 06:00:00,2469150.17,,286577.13
2026-05-25 07:00:00,2491072.04,,286948.16
2026-05-25 08:00:00,2496801.23,,286616.39
2026-05-25 09:00:00,2475868.96,,288973.49
2026-05-25 10:00:00,2540288.55,,298028.49
2026-05-25 11:00:00,2635509.70,,313632.73
2026-05-25 12:00:00,2614884.96,,318951.66
2026-05-25 13:00:00,2593747.77,,307985.93
2026-05-25 14:00:00,2551953.96,,302302.98
2026-05-25 15:00:00,2545529.75,,297313.92
2026-05-25 16:00:00,2531977.99,,294227.56
2026-05-25 17:00:00,2530413.84,,291519.25
2026-05-25 18:00:00,2508414.26,,288930.48
2026-05-25 19:00:00,2497588.43,,287207.79
2026-05-25 20:00:00,2511507.61,,288177.37
2026-05-25 21:00:00,2503474.80,,284219.90
2026-05-25 22:00:00,2494334.04,,281357.24
2026-05-25 23:00:00,2453668.70,,276075.72
2026-05-26 00:00:00,2470746.36,,276264.27
2026-05-26 01:00:00,2463762.07,,275301.00
2026-05-26 02:00:00,2411663.13,,272631.54
2026-05-26 03:00:00,2415752.51,,276547.32
2026-05-26 04:00:00,2423254.41,,277856.41
2026-05-26 05:00:00,2404378.44,,275735.54
2026-05-26 06:00:00,2416334.85,,277891.58
2026-05-26 07:00:00,2406338.91,,277387.45
2026-05-26 08:00:00,2389168.41,,273086.93
2026-05-26 09:00:00,2408409.44,,273450.81
2026-05-26 10:00:00,2416247.89,,275415.04
2026-05-26 11:00:00,2460259.04,,282022.90
2026-05-26 12:00:00,2425941.84,,279617.92
2026-05-26 13:00:00,2474270.35,,284729.73
2026-05-26 14:00:00,2501068.26,,286368.56
2026-05-26 15:00:00,2503455.49,,283312.47
2026-05-26 16:00:00,2497191.49,,280180.85
2026-05-26 17:00:00,2511200.85,,280922.07
2026-05-26 18:00:00,2441074.56,,272840.08
2026-05-26 19:00:00,2456709.02,,274418.92
2026-05-26 20:00:00,2502880.84,,277532.22
2026-05-26 21:00:00,2456784.56,,274403.11
2026-05-26 22:00:00,2392789.04,,269647.10
2026-05-26 23:00:00,2394218.05,,269987.91
2026-05-27 00:00:00,2399723.94,,268691.09
2026-05-27 01:00:00,2430850.12,,270183.64
2026-05-27 02:00:00,2414693.16,,267104.96
2026-05-27 03:00:00,2436327.71,,267412.88
2026-05-27 04:00:00,2431739.06,,265398.37
2026-05-27 05:00:00,2425327.92,,269398.15
2026-05-27 06:00:00,2389273.80,,266851.34
2026-05-27 07:00:00,2378378.27,,264763.66
2026-05-27 08:00:00,2328799.01,,258373.23
2026-05-27 09:00:00,2279299.11,,253999.24
2026-05-27 10:00:00,2205663.35,,250142.35
2026-05-27 11:00:00,2195673.64,,251722.85
2026-05-27 12:00:00,2180159.62,,250826.40
2026-05-27 13:00:00,2184154.55,,247836.36
2026-05-27 14:00:00,2192772.92,,246359.23
2026-05-27 15:00:00,2216818.78,,244358.79
2026-05-27 16:00:00,2236861.24,,243782.74
2026-05-27 17:00:00,2220487.97,,241331.41
2026-05-27 18:00:00,2210888.39,,237854.50
2026-05-27 19:00:00,2218092.87,,237434.68
2026-05-27 20:00:00,2212135.06,,237050.23
2026-05-27 21:00:00,2202312.32,,237538.33
2026-05-27 22:00:00,2163732.02,,234437.88
2026-05-27 23:00:00,2158377.86,,234215.28
2026-05-28 00:00:00,2158287.85,,236029.73
2026-05-28 01:00:00,2154058.26,,236574.63
2026-05-28 02:00:00,2152716.88,,235789.17
2026-05-28 03:00:00,2154959.71,,235992.67
2026-05-28 04:00:00,2078844.81,,236448.47
2026-05-28 05:00:00,2028005.02,,244084.99
2026-05-28 06:00:00,2020899.77,,241881.29
2026-05-28 07:00:00,2013427.80,,243090.89
2026-05-28 08:00:00,2007427.92,,240814.44
2026-05-28 09:00:00,1977801.25,,242538.07
2026-05-28 10:00:00,2018909.47,,245463.57
2026-05-28 11:00:00,2002053.79,,241382.10
2026-05-28 12:00:00,1990497.76,,240040.37
2026-05-28 13:00:00,1989310.48,,241786.70
2026-05-28 14:00:00,1954269.24,,239382.64
2026-05-28 15:00:00,1975693.53,,244407.07
2026-05-28 16:00:00,1959630.53,,242092.39
2026-05-28 17:00:00,1965525.84,,245662.15
2026-05-28 18:00:00,1973532.62,,244072.67
2026-05-28 19:00:00,1967240.48,,241996.34
2026-05-28 20:00:00,1947704.49,,238944.14
2026-05-28 21:00:00,1959015.49,,238091.64
2026-05-28 22:00:00,1943252.08,,237295.12
2026-05-28 23:00:00,1930450.23,,238101.05
2026-05-29 00:00:00,1919396.54,,238638.96
2026-05-29 01:00:00,1902878.00,,236022.79
2026-05-29 02:00:00,1897828.42,,236691.79
2026-05-29 03:00:00,1886297.19,,235618.99
2026-05-29 04:00:00,1874008.73,,233001.74
2026-05-29 05:00:00,1894578.92,,233289.50
2026-05-29 06:00:00,1903948.15,,231035.32
2026-05-29 07:00:00,1960038.25,,239753.70
2026-05-29 08:00:00,1949827.26,,237896.98
2026-05-29 09:00:00,2147942.41,,263941.69
2026-05-29 10:00:00,2097470.97,,256417.29
2026-05-29 11:00:00,2271248.77,,300725.17
2026-05-29 12:00:00,2368688.60,,322089.52
2026-05-29 13:00:00,2248616.61,,300125.66
2026-05-29 14:00:00,2253338.53,,303590.47
2026-05-29 15:00:00,2204726.81,,269633.97
2026-05-29 16:00:00,2213247.97,,282764.07
2026-05-29 17:00:00,2229722.92,,279039.58
2026-05-29 18:00:00,2188068.59,,270244.92
2026-05-29 19:00:00,2190754.40,,271845.37
2026-05-29 20:00:00,2167465.81,,272300.33
2026-05-29 21:00:00,2165109.70,,267840.57
2026-05-29 22:00:00,2149036.94,,263848.18
2026-05-29 23:00:00,2147204.93,,261362.97
2026-05-30 00:00:00,2157386.16,,262966.60
2026-05-30 01:00:00,2166437.56,,270669.05
2026-05-30 02:00:00,2191417.82,,272030.90
2026-05-30 03:00:00,2206553.97,,272519.01
2026-05-30 04:00:00,2191483.00,,274041.04
2026-05-30 05:00:00,2202934.65,,273935.24
2026-05-30 06:00:00,2223141.19,,270065.62
2026-05-30 07:00:00,2221436.90,,276277.19
2026-05-30 08:00:00,2223671.73,,275387.22
2026-05-30 09:00:00,2242954.34,,280484.43
2026-05-30 10:00:00,2219331.15,,277180.82
2026-05-30 11:00:00,2211170.87,,275696.03
2026-05-30 12:00:00,2200835.26,,273450.37
2026-05-30 13:00:00,2208577.60,,278109.00
2026-05-30 14:00:00,2221014.28,,274935.01
2026-05-30 15:00:00,2220038.85,,275205.34
2026-05-30 16:00:00,2193829.21,,272873.69
2026-05-30 17:00:00,2242833.50,,276533.23
2026-05-30 18:00:00,2229515.61,,271922.16
2026-05-30 19:00:00,2247038.81,,268891.00
2026-05-30 20:00:00,2244311.06,,266654.57
2026-05-30 21:00:00,2235692.89,,264247.49
2026-05-30 22:00:00,2237132.24,,263942.06
2026-05-30 23:00:00,2229865.56,,263714.04
2026-05-31 00:00:00,2240870.40,,268006.75
2026-05-31 01:00:00,2233183.08,,267799.22
2026-05-31 02:00:00,2230493.92,,266121.51
2026-05-31 03:00:00,2210630.58,,258595.14
2026-05-31 04:00:00,2213545.50,,252012.13
2026-05-31 05:00:00,2229331.40,,254816.95
2026-05-31 06:00:00,2235198.32,,253624.37
2026-05-31 07:00:00,2203345.72,,252509.29
2026-05-31 08:00:00,2159908.01,,238636.32
2026-05-31 09:00:00,2139125.95,,228852.58
2026-05-31 10:00:00,2108406.31,,224235.43
2026-05-31 11:00:00,2103795.46,,218440.02
2026-05-31 12:00:00,2096068.15,,217185.34
2026-05-31 13:00:00,2106691.87,,220689.17
2026-05-31 14:00:00,2093897.68,,219364.61
2026-05-31 15:00:00,2038566.05,,214578.90
2026-05-31 16:00:00,2050462.16,,215384.96
2026-05-31 17:00:00,2026821.93,,213440.48
2026-05-31 18:00:00,2053342.88,,216298.46
2026-05-31 19:00:00,2043165.13,,217353.59
2026-05-31 20:00:00,2047929.58,,218283.09
2026-05-31 21:00:00,2068110.79,,221369.30
2026-05-31 22:00:00,2073599.78,,221531.53
2026-05-31 23:00:00,2074235.06,,231502.05
2026-06-01 00:00:00,2080185.02,,232374.99
2026-06-01 01:00:00,2088971.93,,233069.93
2026-06-01 02:00:00,2057986.43,,231398.27
2026-06-01 03:00:00,2071337.09,,232868.19
2026-06-01 04:00:00,2075987.11,,234898.15
2026-06-01 05:00:00,2062314.39,,233881.88
2026-06-01 06:00:00,2039562.18,,227865.85
2026-06-01 07:00:00,2023053.13,,226163.69
2026-06-01 08:00:00,1997217.97,,222283.56
2026-06-01 09:00:00,2021011.80,,225106.48
2026-06-01 10:00:00,2023525.36,,225720.95
2026-06-01 11:00:00,2019324.80,,225287.77
2026-06-01 12:00:00,2001392.82,,224677.63
2026-06-01 13:00:00,1975725.79,,221208.36
2026-06-01 14:00:00,1982995.20,,221338.72
2026-06-01 15:00:00,1975149.98,,221428.75
2026-06-01 16:00:00,1992992.54,,225172.94
2026-06-01 17:00:00,2012740.00,,228176.56
2026-06-01 18:00:00,2009824.92,,234593.61
2026-06-01 19:00:00,2015085.38,,236898.12
2026-06-01 20:00:00,2021626.90,,235755.56
2026-06-01 21:00:00,2016938.27,,235416.66
2026-06-01 22:00:00,1997716.48,,231908.07
2026-06-01 23:00:00,1998183.59,,232434.51
2026-06-02 00:00:00,1997342.80,,230939.65
2026-06-02 01:00:00,1983031.64,,224661.56
2026-06-02 02:00:00,1963342.81,,221949.81
2026-06-02 03:00:00,1981922.07,,223961.68
2026-06-02 04:00:00,1989387.11,,224171.56
2026-06-02 05:00:00,1966818.85,,222184.91
2026-06-02 06:00:00,1954952.72,,221043.71
2026-06-02 07:00:00,1943203.82,,220807.00
2026-06-02 08:00:00,1948256.55,,218974.08
2026-06-02 09:00:00,1962439.73,,219866.96
2026-06-02 10:00:00,1940085.68,,216717.34
2026-06-02 11:00:00,1950203.65,,216565.98
2026-06-02 12:00:00,1998798.69,,220267.72
2026-06-02 13:00:00,1930407.78,,218462.64
2026-06-02 14:00:00,1914527.35,,219176.83
2026-06-02 15:00:00,1863238.86,,213839.27
2026-06-02 16:00:00,1816659.16,,210334.05
2026-06-02 17:00:00,1808285.81,,210120.55
2026-06-02 18:00:00,1827965.07,,214020.66
2026-06-02 19:00:00,1800379.03,,211352.36
2026-06-02 20:00:00,1797750.35,,209748.04
2026-06-02 21:00:00,1814506.14,,211128.38
2026-06-02 22:00:00,1826499.02,,211940.08
2026-06-02 23:00:00,1786419.08,,204483.87
2026-06-03 00:00:00,1798148.09,,202995.37
2026-06-03 01:00:00,1814160.56,,203807.65
2026-06-03 02:00:00,1817461.44,,204961.32
2026-06-03 03:00:00,1805519.33,,203398.63
2026-06-03 04:00:00,1786696.74,,199638.33
2026-06-03 05:00:00,1834956.07,,203966.68
2026-06-03 06:00:00,1851124.31,,204607.13
2026-06-03 07:00:00,1852414.44,,200857.92
2026-06-03 08:00:00,1862187.61,,202179.61
2026-06-03 09:00:00,1855545.08,,201967.96
2026-06-03 10:00:00,1848859.77,,202910.35
2026-06-03 11:00:00,1880973.31,,206298.29
2026-06-03 12:00:00,1861139.78,,202631.48
2026-06-03 13:00:00,1908681.92,,207310.40
2026-06-03 14:00:00,1902126.18,,206975.89
2026-06-03 15:00:00,1862164.83,,207063.32
2026-06-03 16:00:00,1829664.25,,204292.22
2026-06-03 17:00:00,1832677.25,,202266.38
2026-06-03 18:00:00,1841596.24,,203340.64
2026-06-03 19:00:00,1831073.11,,202683.56
2026-06-03 20:00:00,1803531.37,,200536.17
2026-06-03 21:00:00,1768509.79,,198784.49
2026-06-03 22:00:00,1829470.93,,207452.27
2026-06-03 23:00:00,1808181.22,,205457.79
2026-06-04 00:00:00,1796014.73,,204650.95
2026-06-04 01:00:00,1771363.78,,200899.10
2026-06-04 02:00:00,1691604.91,,197553.20
2026-06-04 03:00:00,1689324.09,,208864.52
2026-06-04 04:00:00,1717712.86,,216257.70
2026-06-04 05:00:00,1683113.85,,213354.87
2026-06-04 06:00:00,1668211.93,,219916.27
2026-06-04 07:00:00,1664868.70,,220132.32
2026-06-04 08:00:00,1649117.47,,216720.76
2026-06-04 09:00:00,1666525.00,,219372.07
2026-06-04 10:00:00,1638611.08,,215235.32
2026-06-04 11:00:00,1626281.69,,214277.55
2026-06-04 12:00:00,1648818.95,,214990.63
2026-06-04 13:00:00,1672961.99,,220140.88
2026-06-04 14:00:00,1684224.82,,219464.93
2026-06-04 15:00:00,1671708.12,,217315.25
2026-06-04 16:00:00,1700011.28,,222273.10
2026-06-04 17:00:00,1685740.63,,216849.18
2026-06-04 18:00:00,1677424.86,,209706.84
2026-06-04 19:00:00,1690173.85,,212921.09
2026-06-04 20:00:00,1675863.57,,209339.91
2026-06-04 21:00:00,1670739.85,,208164.51
2026-06-04 22:00:00,1628410.07,,202511.80
2026-06-04 23:00:00,1660027.86,,205518.53
2026-06-05 00:00:00,1641777.54,,203712.08
2026-06-05 01:00:00,1618427.77,,200380.74
2026-06-05 02:00:00,1625068.83,,201766.15
2026-06-05 03:00:00,1583115.53,,196799.72
2026-06-05 04:00:00,1570691.32,,199793.43
2026-06-05 05:00:00,1597390.94,,203453.25
2026-06-05 06:00:00,1607396.19,,198740.12
2026-06-05 07:00:00,1531361.09,,189354.18
2026-06-05 08:00:00,1547809.40,,194478.15
2026-06-05 09:00:00,1517388.83,,191428.04
2026-06-05 10:00:00,1548271.59,,196628.92
2026-06-05 11:00:00,1529524.91,,195089.90
2026-06-05 12:00:00,1533765.71,,192812.35
2026-06-05 13:00:00,1536004.94,,192821.22
2026-06-05 14:00:00,1515118.02,,217534.96
2026-06-05 15:00:00,1534471.54,,213611.19
2026-06-05 16:00:00,1498039.81,,212976.94
2026-06-05 17:00:00,1537753.70,,216612.64
2026-06-05 18:00:00,1526725.20,,212980.14
2026-06-05 19:00:00,1448287.41,,208464.20
2026-06-05 20:00:00,1458077.38,,220529.12
2026-06-05 21:00:00,1485066.99,,224677.15
2026-06-05 22:00:00,1489602.48,,224546.12
2026-06-05 23:00:00,1463878.61,,211266.47
2026-06-06 00:00:00,1449650.08,,212594.78
2026-06-06 01:00:00,1476316.72,,214994.65
2026-06-06 02:00:00,1462424.93,,217512.21
2026-06-06 03:00:00,1447012.51,,222862.65
2026-06-06 04:00:00,1439303.95,,225107.97
2026-06-06 05:00:00,1403383.97,,223819.53
2026-06-06 06:00:00,1437026.50,,235382.87
2026-06-06 07:00:00,1435246.16,,233162.54
2026-06-06 08:00:00,1467235.13,,235989.29
2026-06-06 09:00:00,1481321.89,,238973.14
2026-06-06 10:00:00,1501535.54,,235598.75
2026-06-06 11:00:00,1485109.27,,233963.07
2026-06-06 12:00:00,1496660.56,,229511.76
2026-06-06 13:00:00,1502338.64,,230117.14
2026-06-06 14:00:00,1503990.19,,229396.49
2026-06-06 15:00:00,1498367.14,,228112.08
2026-06-06 16:00:00,1499201.63,,226254.68
2026-06-06 17:00:00,1518772.40,,226613.62
2026-06-06 18:00:00,1491922.50,,220687.60
2026-06-06 19:00:00,1486596.44,,219576.70
2026-06-06 20:00:00,1477724.15,,218078.44
2026-06-06 21:00:00,1479961.36,,217331.71
2026-06-06 22:00:00,1479897.59,,215609.82
2026-06-06 23:00:00,1483788.58,,215172.08
2026-06-07 00:00:00,1489909.27,,215312.93
2026-06-07 01:00:00,1493593.71,,213028.99
2026-06-07 02:00:00,1523196.09,,216583.71
2026-06-07 03:00:00,1495020.49,,214345.70
2026-06-07 04:00:00,1465114.04,,212829.57
2026-06-07 05:00:00,1470227.33,,213286.36
2026-06-07 06:00:00,1480758.70,,214170.76
2026-06-07 07:00:00,1487064.58,,212125.63
2026-06-07 08:00:00,1487439.29,,211834.81
2026-06-07 09:00:00,1513261.67,,213742.72
2026-06-07 10:00:00,1491340.95,,211019.14
2026-06-07 11:00:00,1467788.70,,207262.55
2026-06-07 12:00:00,1471268.53,,193631.65
2026-06-07 13:00:00,1449995.38,,190130.80
2026-06-07 14:00:00,1447994.18,,190327.94
2026-06-07 15:00:00,1459309.70,,191211.87
2026-06-07 16:00:00,1444804.88,,188674.49
2026-06-07 17:00:00,1437763.66,,187967.60
2026-06-07 18:00:00,1436130.30,,188494.80
2026-06-07 19:00:00,1423596.25,,187246.50
2026-06-07 20:00:00,1416842.28,,183370.02
2026-06-07 21:00:00,1436474.21,,185027.78
2026-06-07 22:00:00,1435189.14,,185434.46
2026-06-07 23:00:00,1478119.92,,191652.46
2026-06-08 00:00:00,1495672.64,,192608.18
2026-06-08 01:00:00,1550548.73,,197474.21
2026-06-08 02:00:00,1517852.06,,192784.75
2026-06-08 03:00:00,1487130.18,,190083.77
2026-06-08 04:00:00,1513157.38,,193391.33
2026-06-08 05:00:00,1470372.22,,186717.75
2026-06-08 06:00:00,1442251.44,,183981.20
2026-06-08 07:00:00,1483684.26,,190500.05
2026-06-08 08:00:00,1475909.48,,192430.26
2026-06-08 09:00:00,1450907.13,,189213.88
2026-06-08 10:00:00,1462986.70,,188099.16
2026-06-08 11:00:00,1586254.94,,199863.13
2026-06-08 12:00:00,1597952.06,,199191.37
2026-06-08 13:00:00,1620038.26,,199206.93
2026-06-08 14:00:00,1657825.53,,201543.80
2026-06-08 15:00:00,1672578.97,,201991.73
2026-06-08 16:00:00,1732846.25,,204160.86
2026-06-08 17:00:00,1710690.43,,205061.36
2026-06-08 18:00:00,1722945.64,,203659.45
2026-06-08 19:00:00,1705727.75,,200358.36
2026-06-08 20:00:00,1699192.20,,198172.17
2026-06-08 21:00:00,1738041.07,,195668.13
2026-06-08 22:00:00,1735249.67,,194637.23
2026-06-08 23:00:00,1694647.73,,191016.59
2026-06-09 00:00:00,1670300.71,,187564.34
2026-06-09 01:00:00,1685782.30,,184339.63
2026-06-09 02:00:00,1675452.90,,183517.12
2026-06-09 03:00:00,1620627.94,,181349.48
2026-06-09 04:00:00,1627401.62,,181885.58
2026-06-09 05:00:00,1638724.76,,187731.38
2026-06-09 06:00:00,1630112.93,,186120.11
2026-06-09 07:00:00,1700152.78,,197819.93
2026-06-09 08:00:00,1693962.17,,190688.32
2026-06-09 09:00:00,1686491.74,,190669.04
2026-06-09 10:00:00,1691377.43,,189826.00
2026-06-09 11:00:00,1703172.41,,189238.10
2026-06-09 12:00:00,1709224.03,,189263.11
2026-06-09 13:00:00,1717593.37,,189980.02
2026-06-09 14:00:00,1672137.34,,189923.33
2026-06-09 15:00:00,1621288.68,,181869.54
2026-06-09 16:00:00,1592836.04,,179785.04
2026-06-09 17:00:00,1573444.66,,182171.65
2026-06-09 18:00:00,1582685.01,,184103.64
2026-06-09 19:00:00,1579966.80,,185365.64
2026-06-09 20:00:00,1593238.13,,186818.36
2026-06-09 21:00:00,1619668.69,,190309.96
2026-06-09 22:00:00,1595373.62,,185507.43
2026-06-09 23:00:00,1598284.95,,183292.49
2026-06-10 00:00:00,1623328.13,,184666.78
2026-06-10 01:00:00,1619150.18,,183985.03
2026-06-10 02:00:00,1606730.78,,182491.20
2026-06-10 03:00:00,1606775.28,,181605.39
2026-06-10 04:00:00,1619467.27,,178844.23
2026-06-10 05:00:00,1584523.37,,176428.94
2026-06-10 06:00:00,1589607.92,,176187.69
2026-06-10 07:00:00,1584251.87,,175695.04
2026-06-10 08:00:00,1579870.20,,174839.24
2026-06-10 09:00:00,1557859.94,,172377.54
2026-06-10 10:00:00,1565942.20,,172416.39
2026-06-10 11:00:00,1564672.47,,171879.61
2026-06-10 12:00:00,1534597.66,,168988.18
2026-06-10 13:00:00,1544498.33,,172998.98
2026-06-10 14:00:00,1561775.36,,175461.80
2026-06-10 15:00:00,1537335.80,,174929.25
2026-06-10 16:00:00,1540499.49,,174173.80
2026-06-10 17:00:00,1523803.99,,175208.11
2026-06-10 18:00:00,1511286.63,,174485.27
2026-06-10 19:00:00,1514443.90,,173582.25
2026-06-10 20:00:00,1492244.32,,171213.25
2026-06-10 21:00:00,1485815.91,,170892.14
2026-06-10 22:00:00,1454903.53,,168957.73
2026-06-10 23:00:00,1474838.87,,171464.25
2026-06-11 00:00:00,1462615.99,,173840.96
2026-06-11 01:00:00,1477285.27,,173830.85
2026-06-11 02:00:00,1487655.26,,175279.93
2026-06-11 03:00:00,1480088.83,,174614.54
2026-06-11 04:00:00,1508191.98,,180241.82
2026-06-11 05:00:00,1507725.02,,179050.85
2026-06-11 06:00:00,1502791.47,,178625.33
2026-06-11 07:00:00,1499025.13,,177192.56
2026-06-11 08:00:00,1486380.69,,177216.93
2026-06-11 09:00:00,1493624.75,,177451.86
2026-06-11 10:00:00,1503233.54,,178627.07
2026-06-11 11:00:00,1522530.97,,180956.59
2026-06-11 12:00:00,1520897.61,,182392.28
2026-06-11 13:00:00,1569113.08,,181518.29
2026-06-11 14:00:00,1589803.73,,185385.60
2026-06-11 15:00:00,1565202.54,,185705.14
2026-06-11 16:00:00,1593219.21,,189190.71
2026-06-11 17:00:00,1610609.05,,197776.51
2026-06-11 18:00:00,1634372.03,,198036.95
2026-06-11 19:00:00,1612694.09,,194527.53
2026-06-11 20:00:00,1655852.81,,190157.50
2026-06-11 21:00:00,1665329.74,,187226.73
2026-06-11 22:00:00,1661247.30,,187441.62
2026-06-11 23:00:00,1671261.32,,185016.34
2026-06-12 00:00:00,1668985.85,,183380.13
2026-06-12 01:00:00,1658740.41,,180945.12
2026-06-12 02:00:00,1633381.48,,178763.31
2026-06-12 03:00:00,1646325.35,,180557.67
2026-06-12 04:00:00,1644142.29,,179806.34
2026-06-12 05:00:00,1648631.08,,181471.03
2026-06-12 06:00:00,1701012.38,,185366.02
2026-06-12 07:00:00,1685186.72,,185917.67
2026-06-12 08:00:00,1753344.04,,190128.93
2026-06-12 09:00:00,1712257.01,,189551.66
2026-06-12 10:00:00,1703974.01,,190349.64
2026-06-12 11:00:00,1685260.02,,190797.35
2026-06-12 12:00:00,1711031.66,,193563.59
2026-06-12 13:00:00,1680939.58,,190858.23
2026-06-12 14:00:00,1654044.35,,186649.79
2026-06-12 15:00:00,1672029.85,,190366.89
2026-06-12 16:00:00,1660258.22,,188224.27
2026-06-12 17:00:00,1671795.10,,188551.90
2026-06-12 18:00:00,1656592.75,,186413.22
2026-06-12 19:00:00,1652632.93,,186818.78
2026-06-12 20:00:00,1642858.92,,182972.56
2026-06-12 21:00:00,1627645.16,,181493.54
2026-06-12 22:00:00,1623448.16,,182979.73
2026-06-12 23:00:00,1622654.10,,182515.81
2026-06-13 00:00:00,1628299.00,,182968.30
2026-06-13 01:00:00,1641013.95,,186067.18
2026-06-13 02:00:00,1638919.77,,186117.23
2026-06-13 03:00:00,1615738.07,,183849.87
2026-06-13 04:00:00,1597952.15,,182700.79
2026-06-13 05:00:00,1587115.72,,181416.97
2026-06-13 06:00:00,1640707.59,,188623.89
2026-06-13 07:00:00,1620020.12,,188261.43
2026-06-13 08:00:00,1621574.46,,188180.03
2026-06-13 09:00:00,1620297.60,,188016.52
2026-06-13 10:00:00,1615484.90,,188109.64
2026-06-13 11:00:00,1603025.42,,186862.91
2026-06-13 12:00:00,1632842.70,,190577.87
2026-06-13 13:00:00,1644889.59,,193541.49
2026-06-13 14:00:00,1633031.47,,191644.27
2026-06-13 15:00:00,1634304.49,,191656.98
2026-06-13 16:00:00,1663639.84,,196081.01
2026-06-13 17:00:00,1630687.74,,192497.18
2026-06-13 18:00:00,1625183.37,,191853.67
2026-06-13 19:00:00,1633797.73,,194905.59
2026-06-13 20:00:00,1624591.44,,192794.95
2026-06-13 21:00:00,1648926.78,,195253.30
2026-06-13 22:00:00,1647925.77,,193433.31
2026-06-13 23:00:00,1652291.95,,191541.98
2026-06-14 00:00:00,1653496.19,,193592.04
2026-06-14 01:00:00,1649705.26,,189083.49
2026-06-14 02:00:00,1649962.21,,190532.15
2026-06-14 03:00:00,1634779.36,,189141.28
2026-06-14 04:00:00,1642942.83,,190563.19
2026-06-14 05:00:00,1617788.55,,187769.95
2026-06-14 06:00:00,1667236.85,,194801.55
2026-06-14 07:00:00,1634349.86,,194613.84
2026-06-14 08:00:00,1634068.39,,196389.30
2026-06-14 09:00:00,1636481.58,,197748.00
2026-06-14 10:00:00,1786539.06,,215027.13
2026-06-14 11:00:00,1755714.75,,216018.39
2026-06-14 12:00:00,1707373.67,,211866.78
2026-06-14 13:00:00,1694622.30,,212243.53
2026-06-14 14:00:00,1704773.37,,215766.04
2026-06-14 15:00:00,1671322.18,,210836.20
2026-06-14 16:00:00,1653762.93,,210654.24
2026-06-14 17:00:00,1640276.86,,210145.14
2026-06-14 18:00:00,1631756.82,,208830.43
2026-06-14 19:00:00,1683600.12,,218973.05
2026-06-14 20:00:00,1668113.17,,217636.10
2026-06-14 21:00:00,1670175.00,,217357.68
2026-06-14 22:00:00,1706553.66,,221855.11
2026-06-14 23:00:00,1693532.62,,220656.45
2026-06-15 00:00:00,1731374.17,,222118.76
2026-06-15 01:00:00,1727884.14,,225331.65
2026-06-15 02:00:00,1725427.88,,223381.22
2026-06-15 03:00:00,1716542.35,,223472.59
2026-06-15 04:00:00,1726873.11,,226212.72
2026-06-15 05:00:00,1709548.15,,224714.86
2026-06-15 06:00:00,1711624.02,,224068.49
2026-06-15 07:00:00,1724364.96,,222335.30
2026-06-15 08:00:00,1698431.84,,223843.15
2026-06-15 09:00:00,1702559.44,,222917.72
2026-06-15 10:00:00,1693546.23,,221099.81
2026-06-15 11:00:00,1689301.17,,221050.55
2026-06-15 12:00:00,1693743.56,,221409.62
2026-06-15 13:00:00,1704714.05,,219523.02
2026-06-15 14:00:00,1730235.59,,220827.13
2026-06-15 15:00:00,1716072.26,,216570.70
2026-06-15 16:00:00,1717742.10,,215787.71
2026-06-15 17:00:00,1699406.88,,214030.09
2026-06-15 18:00:00,1689839.33,,212340.17
2026-06-15 19:00:00,1670208.26,,211133.67
2026-06-15 20:00:00,1651929.12,,208470.16
2026-06-15 21:00:00,1655415.39,,207996.79
2026-06-15 22:00:00,1657019.19,,206049.15
2026-06-15 23:00:00,1643216.95,,204685.98
2026-06-16 00:00:00,1650532.32,,204759.10
2026-06-16 01:00:00,1641586.26,,204071.72
2026-06-16 02:00:00,1643618.52,,203010.48
2026-06-16 03:00:00,1624251.31,,199214.36
2026-06-16 04:00:00,1644288.42,,203286.48
2026-06-16 05:00:00,1627703.17,,201239.78
2026-06-16 06:00:00,1636930.39,,203852.72
2026-06-16 07:00:00,1642772.04,,204481.85
2026-06-16 08:00:00,1646532.15,,204327.12
2026-06-16 09:00:00,1664617.95,,205797.15
2026-06-16 10:00:00,1660129.53,,206745.22
2026-06-16 11:00:00,1661240.78,,206366.22
2026-06-16 12:00:00,1655625.71,,204533.99
2026-06-16 13:00:00,1661323.93,,205110.65
2026-06-16 14:00:00,1640381.47,,205207.32
2026-06-16 15:00:00,1605831.24,,200741.57
2026-06-16 16:00:00,1615750.49,,202708.89
2026-06-16 17:00:00,1614242.96,,201309.62
2026-06-16 18:00:00,1641627.02,,203496.19
2026-06-16 19:00:00,1644990.59,,203599.83
2026-06-16 20:00:00,1635477.75,,200879.48
2026-06-16 21:00:00,1648220.27,,201172.49
2026-06-16 22:00:00,1644076.57,,197145.73
2026-06-16 23:00:00,1649777.84,,197992.64
2026-06-17 00:00:00,1638418.57,,199873.23
2026-06-17 01:00:00,1637405.22,,197131.70
2026-06-17 02:00:00,1683852.11,,202751.52
2026-06-17 03:00:00,1650761.59,,202164.86
2026-06-17 04:00:00,1627933.45,,199583.96
2026-06-17 05:00:00,1632763.95,,200865.68
2026-06-17 06:00:00,1631014.84,,198554.38
2026-06-17 07:00:00,1625926.39,,200619.45
2026-06-17 08:00:00,1621176.27,,202021.35
2026-06-17 09:00:00,1590735.73,,206822.41
2026-06-17 10:00:00,1594562.35,,212738.07
2026-06-17 11:00:00,1623043.19,,218914.00
2026-06-17 12:00:00,1638376.34,,236635.71
2026-06-17 13:00:00,1647814.23,,245406.14
2026-06-17 14:00:00,1657690.58,,250830.30
2026-06-17 15:00:00,1660308.18,,253885.25
2026-06-17 16:00:00,1684068.53,,259565.70
2026-06-17 17:00:00,1685660.18,,260944.25
2026-06-17 18:00:00,1688352.24,,263014.28
2026-06-17 19:00:00,1674382.85,,261476.14
2026-06-17 20:00:00,1646185.75,,256915.05
2026-06-17 21:00:00,1663415.18,,258450.39
2026-06-17 22:00:00,1652697.13,,256299.04
2026-06-17 23:00:00,1655476.76,,257039.99
2026-06-18 00:00:00,1656172.17,,255883.21
2026-06-18 01:00:00,1687307.03,,256739.89
2026-06-18 02:00:00,1700628.94,,271271.57
2026-06-18 03:00:00,1708056.31,,267198.40
2026-06-18 04:00:00,1697509.53,,265630.58
2026-06-18 05:00:00,1677817.93,,262465.08
2026-06-18 06:00:00,1725318.17,,262662.21
2026-06-18 07:00:00,1730818.02,,267320.48
2026-06-18 08:00:00,1738101.14,,272289.42
2026-06-18 09:00:00,1737025.34,,273674.17
2026-06-18 10:00:00,1718127.45,,268281.40
2026-06-18 11:00:00,1705253.90,,265181.73
2026-06-18 12:00:00,1695643.60,,263178.79
2026-06-18 13:00:00,1689980.05,,261679.16
2026-06-18 14:00:00,1673222.15,,260003.24
2026-06-18 15:00:00,1677222.49,,259175.64
2026-06-18 16:00:00,1595703.09,,246850.82
2026-06-18 17:00:00,1626996.67,,249534.32
2026-06-18 18:00:00,1611787.53,,246266.39
2026-06-18 19:00:00,1612379.32,,245575.40
2026-06-18 20:00:00,1615740.06,,245687.39
2026-06-18 21:00:00,1617288.01,,246560.78
2026-06-18 22:00:00,1624746.22,,247364.46
2026-06-18 23:00:00,1600100.02,,244977.67
2026-06-19 00:00:00,1603792.00,,245834.05
2026-06-19 01:00:00,1604410.56,,244679.16
2026-06-19 02:00:00,1602983.41,,244782.32
2026-06-19 03:00:00,1595940.26,,243897.11
2026-06-19 04:00:00,1579197.63,,240010.51
2026-06-19 05:00:00,1611023.23,,240522.07
2026-06-19 06:00:00,1602644.65,,240863.10
2026-06-19 07:00:00,1597924.31,,239205.12
2026-06-19 08:00:00,1601810.78,,240152.45
2026-06-19 09:00:00,1606798.85,,240586.18
2026-06-19 10:00:00,1594424.49,,236325.41
2026-06-19 11:00:00,1604056.37,,236679.41
2026-06-19 12:00:00,1603483.27,,235531.06
2026-06-19 13:00:00,1624976.23,,237123.21
2026-06-19 14:00:00,1653572.01,,239482.03
2026-06-19 15:00:00,1673284.91,,259650.90
2026-06-19 16:00:00,1671672.57,,258599.32
2026-06-19 17:00:00,1655289.75,,256635.46
2026-06-19 18:00:00,1663660.16,,258066.84
2026-06-19 19:00:00,1658488.53,,256094.98
2026-06-19 20:00:00,1650752.30,,256501.47
2026-06-19 21:00:00,1653863.89,,256467.97
2026-06-19 22:00:00,1652788.43,,258749.24
2026-06-19 23:00:00,1665462.39,,260072.31
2026-06-20 00:00:00,1675211.28,,260355.28
2026-06-20 01:00:00,1640844.74,,256958.72
2026-06-20 02:00:00,1633510.47,,256629.00
2026-06-20 03:00:00,1621737.86,,254171.45
2026-06-20 04:00:00,1623386.89,,253104.58
2026-06-20 05:00:00,1632404.20,,254624.74
2026-06-20 06:00:00,1696950.53,,255765.26
2026-06-20 07:00:00,1744755.68,,257767.83
2026-06-20 08:00:00,1727515.41,,253700.68
2026-06-20 09:00:00,1725892.22,,255491.50
2026-06-20 10:00:00,1730420.37,,254724.47
2026-06-20 11:00:00,1719044.23,,254338.50
2026-06-20 12:00:00,1721708.51,,254109.67
2026-06-20 13:00:00,1714078.93,,253101.86
2026-06-20 14:00:00,1717320.56,,252446.66
2026-06-20 15:00:00,1700317.94,,255452.82
2026-06-20 16:00:00,1760719.62,,257882.77
2026-06-20 17:00:00,1794529.50,,262582.91
2026-06-20 18:00:00,2003610.53,,312359.56
2026-06-20 19:00:00,1846664.22,,297189.08
2026-06-20 20:00:00,1880100.45,,297310.08
2026-06-20 21:00:00,1853314.95,,286279.85
2026-06-20 22:00:00,1861259.39,,285538.36
2026-06-20 23:00:00,1835445.06,,283918.10
2026-06-21 00:00:00,1830581.87,,283891.54
2026-06-21 01:00:00,1834275.36,,282530.83
2026-06-21 02:00:00,1841320.18,,281375.03
2026-06-21 03:00:00,1830731.68,,277797.09
2026-06-21 04:00:00,1828082.70,,275301.73
2026-06-21 05:00:00,1837309.92,,273743.60
2026-06-21 06:00:00,1859413.34,,280453.48
2026-06-21 07:00:00,1855515.59,,279616.61
2026-06-21 08:00:00,1792226.30,,274797.50
2026-06-21 09:00:00,1782216.37,,272346.27
2026-06-21 10:00:00,1777979.64,,273542.80
2026-06-21 11:00:00,1782580.05,,272660.66
2026-06-21 12:00:00,1789357.83,,271782.37
2026-06-21 13:00:00,1796329.74,,279266.01
2026-06-21 14:00:00,1833661.67,,275521.05
2026-06-21 15:00:00,1818728.91,,271597.62
2026-06-21 16:00:00,1836939.84,,273649.94
2026-06-21 17:00:00,1829518.02,,269458.63
2026-06-21 18:00:00,1824141.16,,268807.19
2026-06-21 19:00:00,1826776.40,,266687.65
2026-06-21 20:00:00,1822284.58,,265366.76
2026-06-21 21:00:00,1810521.27,,267542.67
2026-06-21 22:00:00,1805387.66,,263792.06
2026-06-21 23:00:00,1809552.78,,265674.33
2026-06-22 00:00:00,1799733.69,,263646.88
2026-06-22 01:00:00,1830090.95,,266825.07
2026-06-22 02:00:00,1833203.46,,266017.53
2026-06-22 03:00:00,1807569.20,,262116.25
2026-06-22 04:00:00,1828583.29,,265431.68
2026-06-22 05:00:00,1821790.16,,264755.95
2026-06-22 06:00:00,1809796.29,,264282.04
2026-06-22 07:00:00,1801394.34,,262528.79
2026-06-22 08:00:00,1806248.22,,261666.21
2026-06-22 09:00:00,1808993.76,,262549.02
2026-06-22 10:00:00,1818173.66,,263244.56
2026-06-22 11:00:00,1829618.10,,266270.24
2026-06-22 12:00:00,1837802.36,,268156.93
2026-06-22 13:00:00,1826312.01,,267358.84
2026-06-22 14:00:00,1810448.77,,266011.55
2026-06-22 15:00:00,1779278.10,,261063.86
2026-06-22 16:00:00,1773778.35,,259156.99
2026-06-22 17:00:00,1765785.85,,259537.53
2026-06-22 18:00:00,1757764.10,,257169.99
2026-06-22 19:00:00,1740611.24,,254513.31
2026-06-22 20:00:00,1743114.35,,255306.25
2026-06-22 21:00:00,1754502.81,,258988.41
2026-06-22 22:00:00,1741941.18,,257637.51
2026-06-22 23:00:00,1734247.75,,256230.05
2026-06-23 00:00:00,1732058.30,,257205.25
2026-06-23 01:00:00,1735033.29,,257843.49
2026-06-23 02:00:00,1734175.74,,258800.64
2026-06-23 03:00:00,1718534.10,,259130.12
2026-06-23 04:00:00,1730769.54,,260482.42
2026-06-23 05:00:00,1725454.36,,256218.16
2026-06-23 06:00:00,1745107.40,,256051.11
2026-06-23 07:00:00,1771098.29,,258385.22
2026-06-23 08:00:00,1758207.83,,256710.61
2026-06-23 09:00:00,1761034.10,,260780.19
2026-06-23 10:00:00,1798217.98,,268540.68
2026-06-23 11:00:00,1908712.61,,278224.17
2026-06-23 12:00:00,1904848.72,,277120.14
2026-06-23 13:00:00,1934940.26,,279582.36
2026-06-23 14:00:00,1952531.75,,301152.76
2026-06-23 15:00:00,1880692.35,,274077.35
2026-06-23 16:00:00,1843585.53,,265381.62
2026-06-23 17:00:00,1871788.22,,262345.05
2026-06-23 18:00:00,1853886.67,,259760.78
2026-06-23 19:00:00,1864739.93,,258452.33
2026-06-23 20:00:00,1881911.54,,258654.92
2026-06-23 21:00:00,1861249.32,,256646.43
2026-06-23 22:00:00,1838152.38,,253590.14
2026-06-23 23:00:00,1808756.09,,245602.24
2026-06-24 00:00:00,1841998.78,,248448.20
2026-06-24 01:00:00,1829755.96,,246594.96
2026-06-24 02:00:00,1785836.41,,237128.38
2026-06-24 03:00:00,1761937.15,,233547.28
2026-06-24 04:00:00,1764872.94,,230973.66
2026-06-24 05:00:00,1813311.93,,233641.37
2026-06-24 06:00:00,1813240.30,,236277.89
2026-06-24 07:00:00,1776496.71,,236323.98
2026-06-24 08:00:00,1799515.11,,234062.97
2026-06-24 09:00:00,1797629.70,,233467.99
2026-06-24 10:00:00,1792134.24,,233038.48
2026-06-24 11:00:00,1769573.28,,229265.61
2026-06-24 12:00:00,1802003.94,,227389.32
2026-06-24 13:00:00,1806195.51,,225438.56
2026-06-24 14:00:00,1697432.29,,213780.51
2026-06-24 15:00:00,1722222.22,,213839.08
2026-06-24 16:00:00,1705459.56,,211078.87
2026-06-24 17:00:00,1698413.81,,205136.72
2026-06-24 18:00:00,1689235.17,,204005.46
2026-06-24 19:00:00,1721821.55,,208063.12
2026-06-24 20:00:00,1723812.74,,208355.84
2026-06-24 21:00:00,1733424.65,,210253.58
2026-06-24 22:00:00,1745503.52,,210861.09
2026-06-24 23:00:00,1728856.93,,209626.13
2026-06-25 00:00:00,1727805.36,,210153.27
2026-06-25 01:00:00,1720008.88,,207668.74
2026-06-25 02:00:00,1718873.16,,209304.06
2026-06-25 03:00:00,1717957.74,,207867.65
2026-06-25 04:00:00,1724312.59,,205559.52
2026-06-25 05:00:00,1735218.30,,206134.84
2026-06-25 06:00:00,1756028.18,,207098.30
2026-06-25 07:00:00,1751636.17,,207695.73
2026-06-25 08:00:00,1746885.45,,208164.24
2026-06-25 09:00:00,1742192.52,,207318.16
2026-06-25 10:00:00,1755343.00,,208435.37
2026-06-25 11:00:00,1789731.83,,210516.48
2026-06-25 12:00:00,1791007.72,,211716.36
2026-06-25 13:00:00,1770575.46,,206426.11
2026-06-25 14:00:00,1663438.37,,191349.88
2026-06-25 15:00:00,1744318.97,,199918.18
2026-06-25 16:00:00,1706018.27,,198233.19
2026-06-25 17:00:00,1681495.97,,194999.12
2026-06-25 18:00:00,1701327.15,,198196.05
2026-06-25 19:00:00,1697161.43,,198151.28
2026-06-25 20:00:00,1678653.96,,194502.33
2026-06-25 21:00:00,1710762.72,,195079.01
2026-06-25 22:00:00,1743208.49,,198951.40
2026-06-25 23:00:00,1729660.42,,197323.92
2026-06-26 00:00:00,1760090.40,,199355.99
2026-06-26 01:00:00,1750934.21,,197166.22
2026-06-26 02:00:00,1744777.28,,197654.41
2026-06-26 03:00:00,1661805.96,,193451.48
2026-06-26 04:00:00,1693840.13,,196601.06
2026-06-26 05:00:00,1667873.84,,192145.03
2026-06-26 06:00:00,1688367.90,,194224.93
2026-06-26 07:00:00,1691735.24,,194953.56
2026-06-26 08:00:00,1686745.41,,194486.49
2026-06-26 09:00:00,1694753.85,,195314.01
2026-06-26 10:00:00,1660125.91,,190607.41
2026-06-26 11:00:00,1640234.15,,188510.22
2026-06-26 12:00:00,1634357.56,,188822.45
2026-06-26 13:00:00,1605785.95,,185587.09
2026-06-26 14:00:00,1639074.55,,189563.59
2026-06-26 15:00:00,1614884.23,,185660.15
2026-06-26 16:00:00,1650137.30,,188289.88
2026-06-26 17:00:00,1671234.04,,189280.36
2026-06-26 18:00:00,1662334.09,,188928.17
2026-06-26 19:00:00,1648898.89,,187717.09
2026-06-26 20:00:00,1642191.98,,187256.46
2026-06-26 21:00:00,1640217.13,,185434.46
2026-06-26 22:00:00,1627205.43,,183531.33
2026-06-26 23:00:00,1624347.80,,181073.36
2026-06-27 00:00:00,1617063.81,,180561.67
2026-06-27 01:00:00,1616412.08,,186130.46
2026-06-27 02:00:00,1601215.36,,183119.67
2026-06-27 03:00:00,1593907.82,,180799.10
2026-06-27 04:00:00,1574461.09,,179521.50
2026-06-27 05:00:00,1579619.94,,180146.28
2026-06-27 06:00:00,1575662.24,,180606.38
2026-06-27 07:00:00,1563141.85,,178157.86
2026-06-27 08:00:00,1572322.24,,178664.68
2026-06-27 09:00:00,1559293.27,,177667.56
2026-06-27 10:00:00,1558916.74,,181138.98
2026-06-27 11:00:00,1565304.09,,178167.75
2026-06-27 12:00:00,1555315.07,,176629.42
2026-06-27 13:00:00,1558130.94,,176570.49
2026-06-27 14:00:00,1558701.25,,176423.61
2026-06-27 15:00:00,1554348.02,,180259.72
2026-06-27 16:00:00,1558828.63,,203102.36
2026-06-27 17:00:00,1578958.84,,187308.92
2026-06-27 18:00:00,1581929.54,,185973.08
2026-06-27 19:00:00,1584196.35,,182404.20
2026-06-27 20:00:00,1549898.88,,177027.17
2026-06-27 21:00:00,1547310.00,,176294.77
2026-06-27 22:00:00,1545838.69,,175926.29
2026-06-27 23:00:00,1556101.35,,177213.46
2026-06-28 00:00:00,1552181.23,,177158.14
2026-06-28 01:00:00,1568017.26,,179820.53
2026-06-28 02:00:00,1566055.09,,178913.13
2026-06-28 03:00:00,1577130.99,,179771.30
2026-06-28 04:00:00,1610220.16,,183002.26
2026-06-28 05:00:00,1615243.18,,184164.75
2026-06-28 06:00:00,1598275.95,,182810.11
2026-06-28 07:00:00,1623820.61,,185898.80
2026-06-28 08:00:00,1619528.17,,184859.67
2026-06-28 09:00:00,1614409.48,,185319.01
2026-06-28 10:00:00,1602074.12,,184147.06
2026-06-28 11:00:00,1606262.29,,183934.20
2026-06-28 12:00:00,1611363.45,,184320.75
2026-06-28 13:00:00,1604944.09,,182752.45
2026-06-28 14:00:00,1593701.95,,183195.35
2026-06-28 15:00:00,1599610.10,,183000.33
2026-06-28 16:00:00,1611017.03,,184204.06
2026-06-28 17:00:00,1605783.81,,182444.78
2026-06-28 18:00:00,1601394.51,,180350.48
2026-06-28 19:00:00,1571205.94,,178705.84
2026-06-28 20:00:00,1569463.92,,178031.35
2026-06-28 21:00:00,1570821.35,,178033.66
2026-06-28 22:00:00,1575362.16,,177303.02
2026-06-28 23:00:00,1570178.58,,175952.84
2026-06-29 00:00:00,1585575.91,,179506.23
2026-06-29 01:00:00,1590257.83,,178712.30
2026-06-29 02:00:00,1584980.11,,178387.45
2026-06-29 03:00:00,1589427.66,,178698.88
2026-06-29 04:00:00,1626463.65,,180797.35
2026-06-29 05:00:00,1608127.65,,177810.01
2026-06-29 06:00:00,1610193.19,,176042.05
2026-06-29 07:00:00,1615655.88,,176164.43
2026-06-29 08:00:00,1631457.63,,176865.22
2026-06-29 09:00:00,1616476.60,,174550.72
2026-06-29 10:00:00,1613730.77,,174731.80
2026-06-29 11:00:00,1603429.35,,174106.32
2026-06-29 12:00:00,1597260.55,,176364.91
2026-06-29 13:00:00,1613334.50,,177471.40
2026-06-29 14:00:00,1601617.32,,174406.88
2026-06-29 15:00:00,1619161.19,,175100.73
2026-06-29 16:00:00,1617179.13,,175099.71
2026-06-29 17:00:00,1617867.60,,175065.22
2026-06-29 18:00:00,1640196.24,,178300.64
2026-06-29 19:00:00,1624621.23,,177700.13
2026-06-29 20:00:00,1625699.63,,178037.46
2026-06-29 21:00:00,1609587.93,,175917.49
2026-06-29 22:00:00,1600225.82,,175452.33
2026-06-29 23:00:00,1608714.68,,175395.48
2026-06-30 00:00:00,1613855.76,,176105.54
2026-06-30 01:00:00,1599188.81,,174668.76
2026-06-30 02:00:00,1655162.12,,175572.44
2026-06-30 03:00:00,1596522.34,,174303.94
2026-06-30 04:00:00,1611460.18,,175942.73
2026-06-30 05:00:00,1615165.57,,176670.26
2026-06-30 06:00:00,1600115.60,,175859.09
2026-06-30 07:00:00,1601449.26,,176347.49
2026-06-30 08:00:00,1592480.24,,175809.44
2026-06-30 09:00:00,1584187.14,,173984.20
2026-06-30 10:00:00,1585878.48,,173917.67
2026-06-30 11:00:00,1583044.78,,174192.39
2026-06-30 12:00:00,1567748.72,,172251.90
2026-06-30 13:00:00,1544938.38,,170514.62
2026-06-30 14:00:00,1568168.09,,174639.03
2026-06-30 15:00:00,1559640.57,,172071.65
2026-06-30 16:00:00,1573600.41,,172546.73
2026-06-30 17:00:00,1569767.27,,171742.95
2026-06-30 18:00:00,1582554.41,,172746.33
2026-06-30 19:00:00,1594137.37,,174088.92
2026-06-30 20:00:00,1587884.42,,173724.92
2026-06-30 21:00:00,1577905.22,,172620.11
2026-06-30 22:00:00,1577486.51,,175752.71
2026-06-30 23:00:00,1582079.09,,175425.11
2026-07-01 00:00:00,1579017.79,,174404.70
2026-07-01 01:00:00,1582096.66,,174462.88
2026-07-01 02:00:00,1576405.61,,172485.54
2026-07-01 03:00:00,1601884.54,,173574.97
2026-07-01 04:00:00,1613565.84,,174960.29
2026-07-01 05:00:00,1626741.38,,176270.05
2026-07-01 06:00:00,1623818.74,,174910.67
2026-07-01 07:00:00,1603205.24,,172097.05
2026-07-01 08:00:00,1612332.94,,171361.51
2026-07-01 09:00:00,1620773.27,,171991.88
2026-07-01 10:00:00,1606991.27,,170848.76
2026-07-01 11:00:00,1622003.74,,173041.50
2026-07-01 12:00:00,1621027.36,,171931.76
2026-07-01 13:00:00,1612093.15,,170629.93
2026-07-01 14:00:00,1637506.77,,172683.37
2026-07-01 15:00:00,1647549.61,,178278.74
2026-07-01 16:00:00,1652060.97,,175720.68
2026-07-01 17:00:00,1637086.95,,171216.87
2026-07-01 18:00:00,1635145.80,,171415.87
2026-07-01 19:00:00,1626277.41,,170436.78
2026-07-01 20:00:00,1624520.98,,169333.57
2026-07-01 21:00:00,1638097.62,,170467.27
2026-07-01 22:00:00,1664279.58,,173470.65
2026-07-01 23:00:00,1663126.05,,173416.44
2026-07-02 00:00:00,1648509.00,,171480.52
2026-07-02 01:00:00,1655864.07,,171582.11
2026-07-02 02:00:00,1659533.27,,171800.75
2026-07-02 03:00:00,1669301.20,,174781.95
2026-07-02 04:00:00,1675667.76,,174906.19
2026-07-02 05:00:00,1691001.14,,176337.43
2026-07-02 06:00:00,1679698.64,,174881.27
2026-07-02 07:00:00,1672730.93,,174368.03
2026-07-02 08:00:00,1677756.70,,174324.84
2026-07-02 09:00:00,1678462.71,,174422.45
2026-07-02 10:00:00,1687422.97,,174300.72
2026-07-02 11:00:00,1672749.67,,172180.47
2026-07-02 12:00:00,1669195.67,,170909.56
2026-07-02 13:00:00,1657010.73,,170635.69
2026-07-02 14:00:00,1667490.84,,171165.08
2026-07-02 15:00:00,1658802.49,,168239.77
2026-07-02 16:00:00,1660681.68,,168711.69
2026-07-02 17:00:00,1652791.49,,168123.02
2026-07-02 18:00:00,1692313.28,,177563.25
2026-07-02 19:00:00,1688601.30,,175196.73
2026-07-02 20:00:00,1676852.19,,174504.82
2026-07-02 21:00:00,1678494.72,,175414.65
2026-07-02 22:00:00,1694119.35,,176423.18
2026-07-02 23:00:00,1685460.63,,175058.38
2026-07-03 00:00:00,1670120.53,,175622.13
2026-07-03 01:00:00,1653899.33,,174692.86
2026-07-03 02:00:00,1659391.76,,175599.01
2026-07-03 03:00:00,1678346.37,,181080.74
2026-07-03 04:00:00,1655360.21,,179360.11
2026-07-03 05:00:00,1659145.85,,181617.80
2026-07-03 06:00:00,1647608.87,,181837.42
2026-07-03 07:00:00,1633665.63,,173150.13
2026-07-03 08:00:00,1635642.35,,172932.06
2026-07-03 09:00:00,1629362.51,,172664.73
2026-07-03 10:00:00,1642742.69,,172081.14
2026-07-03 11:00:00,1657500.52,,175819.55
2026-07-03 12:00:00,1651196.46,,181304.70
2026-07-03 13:00:00,1638480.73,,180249.84
2026-07-03 14:00:00,1618682.74,,180303.71
2026-07-03 15:00:00,1611922.78,,179433.65
2026-07-03 16:00:00,1624607.75,,179618.70
2026-07-03 17:00:00,1607353.84,,179145.21
2026-07-03 18:00:00,1612226.65,,179898.60
2026-07-03 19:00:00,1609474.95,,180136.53
2026-07-03 20:00:00,1611489.72,,179668.38
2026-07-03 21:00:00,1622674.42,,181647.79
2026-07-03 22:00:00,1618532.21,,183428.87
2026-07-03 23:00:00,1618636.65,,183721.17
2026-07-04 00:00:00,1609805.59,,183150.17
2026-07-04 01:00:00,1607713.78,,184080.37
2026-07-04 02:00:00,1599507.84,,181083.30
2026-07-04 03:00:00,1598879.68,,181272.25
2026-07-04 04:00:00,1593426.58,,181158.89
2026-07-04 05:00:00,1602486.90,,183466.88
2026-07-04 06:00:00,1592968.01,,182739.58
2026-07-04 07:00:00,1592462.92,,181626.33
2026-07-04 08:00:00,1592030.17,,181356.28
2026-07-04 09:00:00,1593557.56,,181558.86
2026-07-04 10:00:00,1611860.44,,182402.05
2026-07-04 11:00:00,1597015.94,,182212.25
2026-07-04 12:00:00,1606776.16,,183754.28
2026-07-04 13:00:00,1658291.95,,190311.35
2026-07-04 14:00:00,1681565.44,,193648.68
2026-07-04 15:00:00,1650909.03,,189785.02
2026-07-04 16:00:00,1663893.02,,191030.68
2026-07-04 17:00:00,1652590.22,,189852.18
2026-07-04 18:00:00,1651648.98,,190555.14
2026-07-04 19:00:00,1646967.27,,190166.43
2026-07-04 20:00:00,1636947.35,,188749.78
2026-07-04 21:00:00,1630576.02,,189109.37
2026-07-04 22:00:00,1631211.35,,187761.41
2026-07-04 23:00:00,1633043.20,,188240.68
2026-07-05 00:00:00,1651809.87,,187646.48
2026-07-05 01:00:00,1644971.83,,185425.82
2026-07-05 02:00:00,1634054.51,,182121.12
2026-07-05 03:00:00,1616062.18,,180468.74
2026-07-05 04:00:00,1627989.91,,181111.31
2026-07-05 05:00:00,1623407.05,,181583.50
2026-07-05 06:00:00,1635733.14,,182116.97
2026-07-05 07:00:00,1656846.99,,191173.85
2026-07-05 08:00:00,1647770.43,,189865.57
2026-07-05 09:00:00,1643623.29,,187450.46
2026-07-05 10:00:00,1667344.08,,189289.55
2026-07-05 11:00:00,1669707.64,,187475.93
2026-07-05 12:00:00,1672542.32,,189967.62
2026-07-05 13:00:00,1666760.72,,188168.88
2026-07-05 14:00:00,1646630.80,,185963.51
2026-07-05 15:00:00,1635128.12,,184959.45
2026-07-05 16:00:00,1628709.26,,191030.75
2026-07-05 17:00:00,1627686.93,,191694.97
2026-07-05 18:00:00,1616199.17,,191269.51
2026-07-05 19:00:00,1610212.26,,192007.04
2026-07-05 20:00:00,1602740.77,,190347.95
2026-07-05 21:00:00,1604989.06,,191013.30
2026-07-05 22:00:00,1609831.57,,192516.57
2026-07-05 23:00:00,1606027.23,,192662.40
2026-07-06 00:00:00,1599635.20,,191698.64
2026-07-06 01:00:00,1594229.08,,192224.07
2026-07-06 02:00:00,1582984.46,,189941.21
2026-07-06 03:00:00,1554418.52,,192089.13
2026-07-06 04:00:00,1554890.70,,190137.41
2026-07-06 05:00:00,1552246.08,,189705.53
2026-07-06 06:00:00,1543796.46,,189017.74
2026-07-06 07:00:00,1546982.44,,188555.79
2026-07-06 08:00:00,1554577.84,,189511.06
2026-07-06 09:00:00,1559171.77,,189932.61
2026-07-06 10:00:00,1548974.79,,189308.96
2026-07-06 11:00:00,1560343.95,,189085.85
2026-07-06 12:00:00,1532661.73,,187119.04
2026-07-06 13:00:00,1518207.03,,183862.14
2026-07-06 14:00:00,1524869.31,,186607.58
2026-07-06 15:00:00,1552517.66,,187326.73
2026-07-06 16:00:00,1579719.49,,190057.80
2026-07-06 17:00:00,1569616.11,,190154.75
2026-07-06 18:00:00,1566698.83,,190457.75
2026-07-06 19:00:00,1568119.68,,190051.60
2026-07-06 20:00:00,1585867.73,,189048.54
2026-07-06 21:00:00,1579941.87,,190176.73
2026-07-06 22:00:00,1582119.11,,191869.00
2026-07-06 23:00:00,1571539.05,,190267.32
2026-07-07 00:00:00,1555182.56,,189790.49
2026-07-07 01:00:00,1558586.91,,191151.91
2026-07-07 02:00:00,1548711.85,,189415.88
2026-07-07 03:00:00,1542218.21,,188631.06
2026-07-07 04:00:00,1536336.32,,188582.47
2026-07-07 05:00:00,1530341.69,,188302.13
2026-07-07 06:00:00,1529131.05,,188263.51
2026-07-07 07:00:00,1525981.19,,187894.20
2026-07-07 08:00:00,1527884.05,,187655.09
2026-07-07 09:00:00,1509928.48,,183249.34
2026-07-07 10:00:00,1503812.31,,182700.99
2026-07-07 11:00:00,1500189.17,,182887.63
2026-07-07 12:00:00,1515017.34,,185044.10
2026-07-07 13:00:00,1526172.79,,185161.10
2026-07-07 14:00:00,1494792.63,,179029.97
2026-07-07 15:00:00,1485389.39,,177645.81
2026-07-07 16:00:00,1486404.98,,179466.52
2026-07-07 17:00:00,1493828.93,,179846.22
2026-07-07 18:00:00,1486038.38,,178703.83
2026-07-07 19:00:00,1462444.70,,175812.88
2026-07-07 20:00:00,1456972.58,,175407.30
2026-07-07 21:00:00,1467528.06,,175966.78
2026-07-07 22:00:00,1453431.13,,174374.37
2026-07-07 23:00:00,1454043.89,,173810.21
2026-07-08 00:00:00,1448432.15,,172580.16
2026-07-08 01:00:00,1461514.39,,173539.98
2026-07-08 02:00:00,1425744.32,,169605.68
2026-07-08 03:00:00,1422688.50,,169572.99
2026-07-08 04:00:00,1415268.74,,168532.14
2026-07-08 05:00:00,1414080.01,,170911.02
2026-07-08 06:00:00,1414550.92,,170912.36
2026-07-08 07:00:00,1410943.26,,169488.37
2026-07-08 08:00:00,1413488.67,,170536.02
2026-07-08 09:00:00,1395479.18,,166127.72
2026-07-08 10:00:00,1394719.05,,163962.33
2026-07-08 11:00:00,1401041.63,,164183.27
2026-07-08 12:00:00,1414611.56,,165375.42
2026-07-08 13:00:00,1401472.78,,166763.22
2026-07-08 14:00:00,1408326.52,,164805.44
2026-07-08 15:00:00,1408137.46,,165258.10
2026-07-08 16:00:00,1396127.60,,163063.94
2026-07-08 17:00:00,1404911.38,,163941.72
2026-07-08 18:00:00,1401848.11,,162880.51
2026-07-08 19:00:00,1403676.01,,162837.86
2026-07-08 20:00:00,1414142.81,,163169.34
2026-07-08 21:00:00,1416042.33,,162886.50
2026-07-08 22:00:00,1417462.20,,163236.56
2026-07-08 23:00:00,1417638.51,,163133.52
2026-07-09 00:00:00,1417499.85,,163068.33
2026-07-09 01:00:00,1408931.69,,162416.35
2026-07-09 02:00:00,1410883.68,,162522.24
2026-07-09 03:00:00,1406131.04,,161714.03
2026-07-09 04:00:00,1406989.73,,161538.27
2026-07-09 05:00:00,1413126.82,,162106.81
2026-07-09 06:00:00,1424510.36,,162748.77
2026-07-09 07:00:00,1433823.50,,164313.17
2026-07-09 08:00:00,1441601.99,,164782.30
2026-07-09 09:00:00,1433325.59,,163274.63
2026-07-09 10:00:00,1426514.37,,160923.96
2026-07-09 11:00:00,1425518.98,,160668.47
2026-07-09 12:00:00,1443892.58,,162799.82
2026-07-09 13:00:00,1423359.05,,161088.75
2026-07-09 14:00:00,1433190.42,,163319.00
2026-07-09 15:00:00,1421236.31,,162223.70
2026-07-09 16:00:00,1421719.57,,161278.23
2026-07-09 17:00:00,1417568.07,,160721.49
2026-07-09 18:00:00,1423387.87,,161392.15
2026-07-09 19:00:00,1423347.94,,161899.69
2026-07-09 20:00:00,1420359.70,,161164.09
2026-07-09 21:00:00,1413388.33,,160381.24
2026-07-09 22:00:00,1407087.64,,161041.57
2026-07-09 23:00:00,1406895.60,,161462.95
2026-07-10 00:00:00,1401224.81,,160729.09
2026-07-10 01:00:00,1401854.33,,161275.25
2026-07-10 02:00:00,1418196.81,,164159.25
2026-07-10 03:00:00,1417647.99,,164393.99
2026-07-10 04:00:00,1415680.16,,164230.94
2026-07-10 05:00:00,1420660.50,,164214.76
2026-07-10 06:00:00,1414894.11,,163942.66
2026-07-10 07:00:00,1411969.64,,163618.94
2026-07-10 08:00:00,1414326.57,,163725.18
2026-07-10 09:00:00,1417030.51,,163846.39
2026-07-10 10:00:00,1414310.63,,163385.25
2026-07-10 11:00:00,1415243.74,,162992.25
2026-07-10 12:00:00,1417191.87,,162031.43
2026-07-10 13:00:00,1415969.19,,161804.78
2026-07-10 14:00:00,1418199.85,,161574.58
2026-07-10 15:00:00,1458243.25,,161936.24
2026-07-10 16:00:00,1465160.74,,162831.36
2026-07-10 17:00:00,1517242.20,,163970.90
2026-07-10 18:00:00,1505067.83,,162179.14
2026-07-10 19:00:00,1509392.83,,162653.20
2026-07-10 20:00:00,1502600.00,,162508.11
2026-07-10 21:00:00,1526743.79,,164267.69
2026-07-10 22:00:00,1505344.81,,164004.66
2026-07-10 23:00:00,1503780.63,,165731.78
2026-07-11 00:00:00,1503595.98,,166283.46
2026-07-11 01:00:00,1503126.47,,166052.77
2026-07-11 02:00:00,1497201.31,,165538.52
2026-07-11 03:00:00,1518457.52,,166855.92
2026-07-11 04:00:00,1675426.24,,174224.57
2026-07-11 05:00:00,1654877.48,,172877.43
2026-07-11 06:00:00,1643742.94,,170934.47
2026-07-11 07:00:00,1629420.96,,168702.38
2026-07-11 08:00:00,1663925.58,,172696.74
2026-07-11 09:00:00,1645286.23,,171502.06
2026-07-11 10:00:00,1634911.12,,170804.88
2026-07-11 11:00:00,1613836.56,,169011.35
2026-07-11 12:00:00,1605914.78,,168201.47
2026-07-11 13:00:00,1613468.66,,168826.57
2026-07-11 14:00:00,1615595.42,,172888.35
2026-07-11 15:00:00,1603433.59,,172928.00
2026-07-11 16:00:00,1610639.10,,169338.74
2026-07-11 17:00:00,1631618.68,,178462.84
2026-07-11 18:00:00,1633363.88,,176168.92
2026-07-11 19:00:00,1622693.77,,175367.78
2026-07-11 20:00:00,1627273.51,,175667.88
2026-07-11 21:00:00,1612365.46,,175302.03
2026-07-11 22:00:00,1613520.81,,176430.51
2026-07-11 23:00:00,1595725.13,,172030.79
2026-07-12 00:00:00,1569498.81,,168618.24
2026-07-12 01:00:00,1568481.66,,168719.23
2026-07-12 02:00:00,1581076.41,,168824.33
2026-07-12 03:00:00,1611752.58,,171957.77
2026-07-12 04:00:00,1603944.10,,171458.38
2026-07-12 05:00:00,1614851.54,,171363.11
2026-07-12 06:00:00,1628186.57,,173625.48
2026-07-12 07:00:00,1644634.32,,175035.57
2026-07-12 08:00:00,1692761.75,,182771.95
2026-07-12 09:00:00,1638557.98,,194893.19
2026-07-12 10:00:00,1609229.85,,195661.87
2026-07-12 11:00:00,1590069.05,,198554.32
2026-07-12 12:00:00,1655546.14,,208135.12
2026-07-12 13:00:00,1640430.30,,211541.23
2026-07-12 14:00:00,1606950.93,,211825.65
2026-07-12 15:00:00,1587472.75,,207565.19
2026-07-12 16:00:00,1592513.84,,210025.01
2026-07-12 17:00:00,1620324.37,,212001.60
2026-07-12 18:00:00,1630275.93,,215084.92
2026-07-12 19:00:00,1601579.96,,214924.54
2026-07-12 20:00:00,1585867.22,,214372.36
2026-07-12 21:00:00,1602182.70,,215556.00
2026-07-12 22:00:00,1592723.84,,211564.78
2026-07-12 23:00:00,1607056.79,,211678.92
2026-07-13 00:00:00,1619467.56,,213557.65
2026-07-13 01:00:00,1605381.09,,212749.15
2026-07-13 02:00:00,1575898.81,,207964.86
2026-07-13 03:00:00,1602004.87,,209186.30
2026-07-13 04:00:00,1622032.23,,212264.69
2026-07-13 05:00:00,1592509.57,,210441.99
2026-07-13 06:00:00,1591066.63,,208925.39
2026-07-13 07:00:00,1573008.83,,205883.12
2026-07-13 08:00:00,1568958.32,,204743.21
2026-07-13 09:00:00,1583400.69,,206044.23
2026-07-13 10:00:00,1651680.33,,213412.44
2026-07-13 11:00:00,1631492.36,,210857.18
2026-07-13 12:00:00,1649449.72,,210472.21
2026-07-13 13:00:00,1643265.52,,211526.00
2026-07-13 14:00:00,1628570.80,,208215.59
2026-07-13 15:00:00,1654086.97,,211867.48
2026-07-13 16:00:00,1659932.38,,213493.49
2026-07-13 17:00:00,1675194.92,,214599.68
2026-07-13 18:00:00,1675608.66,,212353.43
2026-07-13 19:00:00,1672327.25,,213937.09
2026-07-13 20:00:00,1682779.68,,217447.14
2026-07-13 21:00:00,1651099.04,,213792.62
2026-07-13 22:00:00,1609271.04,,210274.91
2026-07-13 23:00:00,1638118.56,,213035.28
2026-07-14 00:00:00,1663593.57,,215476.49
2026-07-14 01:00:00,1640413.03,,218103.03
2026-07-14 02:00:00,1632497.61,,219148.15
2026-07-14 03:00:00,1612259.76,,216934.91
2026-07-14 04:00:00,1601108.86,,213472.90
2026-07-14 05:00:00,1570925.50,,211148.95
2026-07-14 06:00:00,1565202.64,,210916.30
2026-07-14 07:00:00,1560827.05,,210312.55
2026-07-14 08:00:00,1546429.85,,207741.30
2026-07-14 09:00:00,1553209.43,,207592.00
2026-07-14 10:00:00,1569124.95,,207101.37
2026-07-14 11:00:00,1568182.86,,208041.69
2026-07-14 12:00:00,1567064.10,,207042.32
2026-07-14 13:00:00,1565031.78,,207023.96
2026-07-14 14:00:00,1560303.75,,203469.73
2026-07-14 15:00:00,1558174.52,,203845.06
2026-07-14 16:00:00,1553496.98,,204431.17
2026-07-14 17:00:00,1551395.15,,203343.73
2026-07-14 18:00:00,1548142.64,,204753.01
2026-07-14 19:00:00,1546784.58,,203640.86
2026-07-14 20:00:00,1525157.54,,202489.79
2026-07-14 21:00:00,1531066.37,,201316.64
2026-07-14 22:00:00,1530518.21,,201223.66
2026-07-14 23:00:00,1529971.16,,200834.16
2026-07-15 00:00:00,1529999.51,,201107.94
2026-07-15 01:00:00,1535995.16,,201784.50
2026-07-15 02:00:00,1526943.21,,199794.04
2026-07-15 03:00:00,1512730.63,,197717.22
2026-07-15 04:00:00,1521450.27,,197820.71
2026-07-15 05:00:00,1512723.54,,196877.81
2026-07-15 06:00:00,1519121.39,,198116.56
2026-07-15 07:00:00,1515232.88,,197187.93
2026-07-15 08:00:00,1502000.02,,193865.50
2026-07-15 09:00:00,1498959.23,,195489.48
2026-07-15 10:00:00,1499856.51,,195237.26
2026-07-15 11:00:00,1495591.45,,194969.61
2026-07-15 12:00:00,1505209.98,,195593.83
2026-07-15 13:00:00,1556398.29,,200569.69
2026-07-15 14:00:00,1537117.04,,197978.33
2026-07-15 15:00:00,1533533.51,,196554.93
2026-07-15 16:00:00,1538977.63,,196665.26
2026-07-15 17:00:00,1539690.33,,197413.98
2026-07-15 18:00:00,1535778.72,,195642.63
2026-07-15 19:00:00,1554124.28,,196791.45
2026-07-15 20:00:00,1561869.61,,196644.91
2026-07-15 21:00:00,1553715.22,,196331.81
2026-07-15 22:00:00,1589277.89,,198227.14
2026-07-15 23:00:00,1574188.95,,197570.13
2026-07-16 00:00:00,1558578.49,,195369.24
2026-07-16 01:00:00,1537134.41,,193681.12
2026-07-16 02:00:00,1539918.55,,192998.69
2026-07-16 03:00:00,1534389.15,,191283.59
2026-07-16 04:00:00,1524875.59,,190767.62
2026-07-16 05:00:00,1515475.57,,190426.91
2026-07-16 06:00:00,1515718.13,,190198.11
2026-07-16 07:00:00,1532052.23,,191263.68
2026-07-16 08:00:00,1536770.10,,190661.01
2026-07-16 09:00:00,1519486.46,,190093.99
2026-07-16 10:00:00,1517828.34,,190395.43
2026-07-16 11:00:00,1555407.81,,192866.81
2026-07-16 12:00:00,1554393.73,,191432.89
2026-07-16 13:00:00,1554090.56,,192009.42
2026-07-16 14:00:00,1557143.80,,191688.18
2026-07-16 15:00:00,1552661.11,,191341.21
2026-07-16 16:00:00,1554376.73,,191908.23
2026-07-16 17:00:00,1566015.41,,192615.32
2026-07-16 18:00:00,1551986.53,,190747.40
2026-07-16 19:00:00,1553574.44,,190946.54
2026-07-16 20:00:00,1549634.15,,190637.22
2026-07-16 21:00:00,1550761.60,,191148.42
2026-07-16 22:00:00,1549954.67,,190815.17
2026-07-16 23:00:00,1535425.02,,189071.71
2026-07-17 00:00:00,1523885.73,,187000.47
2026-07-17 01:00:00,1506576.78,,185474.87
2026-07-17 02:00:00,1493014.91,,184417.17
2026-07-17 03:00:00,1486074.24,,183827.12
2026-07-17 04:00:00,1487476.87,,183592.75
2026-07-17 05:00:00,1490101.79,,182668.88
2026-07-17 06:00:00,1469102.12,,182131.46
2026-07-17 07:00:00,1483435.69,,183174.36
2026-07-17 08:00:00,1466324.01,,181683.32
2026-07-17 09:00:00,1469755.29,,182191.90
2026-07-17 10:00:00,1481020.50,,182972.57
2026-07-17 11:00:00,1494496.98,,184371.75
2026-07-17 12:00:00,1494983.17,,186454.66
2026-07-17 13:00:00,1503114.88,,187366.27
2026-07-17 14:00:00,1501317.10,,188456.94
2026-07-17 15:00:00,1500442.69,,187274.25
2026-07-17 16:00:00,1507464.29,,187619.06
2026-07-17 17:00:00,1495817.61,,185606.30
2026-07-17 18:00:00,1498452.29,,185435.92
2026-07-17 19:00:00,1504605.21,,186088.50
2026-07-17 20:00:00,1492946.81,,184162.86
2026-07-17 21:00:00,1476817.09,,176890.78
2026-07-17 22:00:00,1476473.41,,177421.67
2026-07-17 23:00:00,1481838.85,,176236.37
2026-07-18 00:00:00,1479408.01,,176234.79
2026-07-18 01:00:00,1476108.29,,175487.75
2026-07-18 02:00:00,1483567.95,,176614.38
2026-07-18 03:00:00,1481027.81,,178836.60
2026-07-18 04:00:00,1482752.80,,176905.57
2026-07-18 05:00:00,1482604.41,,176439.82
2026-07-18 06:00:00,1481319.29,,176001.46
2026-07-18 07:00:00,1482845.73,,176007.99
2026-07-18 08:00:00,1486458.50,,176375.84
2026-07-18 09:00:00,1482527.26,,177388.49
2026-07-18 10:00:00,1479288.69,,177026.69
2026-07-18 11:00:00,1473570.85,,176235.02
2026-07-18 12:00:00,1484986.51,,176977.09
2026-07-18 13:00:00,1488783.52,,175699.94
2026-07-18 14:00:00,1476530.29,,170624.17
2026-07-18 15:00:00,1489501.97,,170953.47
2026-07-18 16:00:00,1487560.44,,171336.96
2026-07-18 17:00:00,1491615.12,,172408.50
2026-07-18 18:00:00,1499109.30,,173787.52
2026-07-18 19:00:00,1497014.65,,173666.56
2026-07-18 20:00:00,1497846.15,,173344.77
2026-07-18 21:00:00,1497643.86,,173202.16
2026-07-18 22:00:00,1501858.34,,173898.74
2026-07-18 23:00:00,1496866.27,,173577.04
2026-07-19 00:00:00,1499336.83,,173769.93
2026-07-19 01:00:00,1495283.41,,173585.52
2026-07-19 02:00:00,1495514.72,,172906.55
2026-07-19 03:00:00,1514927.43,,173495.92
2026-07-19 04:00:00,1514110.98,,173508.49
2026-07-19 05:00:00,1529871.43,,175302.47
2026-07-19 06:00:00,1507623.51,,173507.32
2026-07-19 07:00:00,1509498.64,,173398.38
2026-07-19 08:00:00,1505866.80,,172994.33
2026-07-19 09:00:00,1501003.72,,172759.86
2026-07-19 10:00:00,1495653.08,,172433.32
2026-07-19 11:00:00,1507346.24,,173752.94
2026-07-19 12:00:00,1524732.81,,175812.57
2026-07-19 13:00:00,1507262.83,,174699.77
2026-07-19 14:00:00,1502990.40,,173820.60
2026-07-19 15:00:00,1522116.46,,176863.57
2026-07-19 16:00:00,1517125.21,,176969.08
2026-07-19 17:00:00,1503870.44,,173172.99
2026-07-19 18:00:00,1512961.40,,173586.08
2026-07-19 19:00:00,1502828.28,,172654.88
2026-07-19 20:00:00,1508911.66,,173219.22
2026-07-19 21:00:00,1503908.36,,172700.66
2026-07-19 22:00:00,1499641.98,,171745.87
2026-07-19 23:00:00,1502539.14,,172508.43
2026-07-20 00:00:00,1499330.16,,173157.04
2026-07-20 01:00:00,1540196.51,,175132.20
2026-07-20 02:00:00,1533025.79,,174243.99
2026-07-20 03:00:00,1525088.99,,173724.84
2026-07-20 04:00:00,1525785.82,,176063.93
2026-07-20 05:00:00,1523348.55,,176184.81
2026-07-20 06:00:00,1507598.30,,172902.96
2026-07-20 07:00:00,1497415.89,,171673.43
2026-07-20 08:00:00,1517436.14,,172937.83
2026-07-20 09:00:00,1523601.45,,173437.93
2026-07-20 10:00:00,1519583.60,,172437.45
2026-07-20 11:00:00,1535479.73,,172791.55
2026-07-20 12:00:00,1544140.41,,175397.99
2026-07-20 13:00:00,1538438.58,,173686.19
2026-07-20 14:00:00,1540903.18,,174932.54
2026-07-20 15:00:00,1620275.00,,193688.29
2026-07-20 16:00:00,1659875.74,,200632.74
2026-07-20 17:00:00,1675651.19,,199947.45
2026-07-20 18:00:00,1702128.74,,202924.77
2026-07-20 19:00:00,1673420.69,,200812.39
2026-07-20 20:00:00,1815482.87,,222434.10
2026-07-20 21:00:00,1706592.17,,211730.10
2026-07-20 22:00:00,1680918.37,,210577.35
2026-07-20 23:00:00,1671975.98,,209720.28
2026-07-21 00:00:00,1899578.00,,217447.19
2026-07-21 01:00:00,1869745.35,,215188.18
2026-07-21 02:00:00,1843636.72,,211897.26
2026-07-21 03:00:00,1842891.52,,210944.85
2026-07-21 04:00:00,1847665.71,,209662.33
2026-07-21 05:00:00,1825543.19,,207716.60
2026-07-21 06:00:00,1851123.48,,210472.81
2026-07-21 07:00:00,1837318.80,,207196.95
2026-07-21 08:00:00,1838496.60,,208250.74
2026-07-21 09:00:00,1836061.88,,206715.75
2026-07-21 10:00:00,1777765.18,,202270.79
2026-07-21 11:00:00,1794598.16,,204532.45
2026-07-21 12:00:00,1775062.13,,202844.11
2026-07-21 13:00:00,1773533.32,,202664.33
2026-07-21 14:00:00,1756327.20,,202252.57
2026-07-21 15:00:00,1753650.91,,201852.35
2026-07-21 16:00:00,1744439.19,,202902.56
2026-07-21 17:00:00,1758859.86,,197013.75
2026-07-21 18:00:00,1747814.42,,196692.66
2026-07-21 19:00:00,1752934.38,,196562.57
2026-07-21 20:00:00,1746379.23,,192451.18
2026-07-21 21:00:00,1746504.95,,193922.43
2026-07-21 22:00:00,1754868.64,,194390.21
2026-07-21 23:00:00,1749429.22,,193590.48
2026-07-22 00:00:00,1754879.03,,194200.38
2026-07-22 01:00:00,1768012.21,,196393.21
2026-07-22 02:00:00,1759750.25,,194268.52
2026-07-22 03:00:00,1760474.52,,193665.92
2026-07-22 04:00:00,1762661.38,,192975.02
2026-07-22 05:00:00,1763530.80,,192762.96
2026-07-22 06:00:00,1744475.02,,191274.58
2026-07-22 07:00:00,1776504.03,,193289.63
2026-07-22 08:00:00,1777050.70,,193482.02
2026-07-22 09:00:00,1759887.77,,191834.26
2026-07-22 10:00:00,1766595.19,,191929.63
2026-07-22 11:00:00,1775367.79,,191818.05
2026-07-22 12:00:00,1796609.35,,193370.57
2026-07-22 13:00:00,1781953.61,,193055.54
2026-07-22 14:00:00,1781374.34,,192916.01
2026-07-22 15:00:00,1791408.91,,193211.61
2026-07-22 16:00:00,1863128.26,,198293.18
2026-07-22 17:00:00,1881425.66,,199926.00
2026-07-22 18:00:00,1893978.44,,198783.45
2026-07-22 19:00:00,1906485.61,,199127.65
2026-07-22 20:00:00,1978714.98,,217900.94
2026-07-22 21:00:00,2003474.70,,219824.28
2026-07-22 22:00:00,2044938.83,,229279.71
2026-07-22 23:00:00,1986116.54,,220207.53
2026-07-23 00:00:00,1968665.36,,219210.41
2026-07-23 01:00:00,2000468.71,,230561.36
2026-07-23 02:00:00,2015499.52,,235250.37
2026-07-23 03:00:00,1981880.86,,218898.09
2026-07-23 04:00:00,1886488.06,,213973.34
2026-07-23 05:00:00,1857866.11,,215527.28
2026-07-23 06:00:00,1843239.54,,215512.93
2026-07-23 07:00:00,1850433.52,,216891.39
2026-07-23 08:00:00,1858522.38,,218503.26
2026-07-23 09:00:00,1827322.06,,212947.10
2026-07-23 10:00:00,1819783.12,,212447.85
2026-07-23 11:00:00,1819261.13,,212931.12
2026-07-23 12:00:00,1822693.97,,209171.06
2026-07-23 13:00:00,1835045.26,,210155.10
2026-07-23 14:00:00,1810713.98,,206118.27
2026-07-23 15:00:00,1810612.54,,204760.66
2026-07-23 16:00:00,1812962.74,,205169.33
2026-07-23 17:00:00,1791479.21,,202591.77
2026-07-23 18:00:00,1781698.48,,203393.50
2026-07-23 19:00:00,1781231.23,,204267.68
2026-07-23 20:00:00,1811737.52,,206408.64
2026-07-23 21:00:00,1798054.87,,206894.92
2026-07-23 22:00:00,1784473.91,,204373.05
2026-07-23 23:00:00,1785421.52,,205294.22
2026-07-24 00:00:00,1781278.57,,204951.86
2026-07-24 01:00:00,1782680.67,,206102.26
2026-07-24 02:00:00,1793663.01,,206641.35
2026-07-24 03:00:00,1806492.02,,207934.48
2026-07-24 04:00:00,1821900.53,,208776.99
2026-07-24 05:00:00,1876398.13,,210994.13
2026-07-24 06:00:00,1883201.38,,214113.37
2026-07-24 07:00:00,1888173.88,,214235.02
2026-07-24 08:00:00,1843204.38,,212809.09
2026-07-24 09:00:00,1821144.00,,207976.26
2026-07-24 10:00:00,1805606.76,,206056.89
2026-07-24 11:00:00,1810958.40,,205978.82
2026-07-24 12:00:00,1801083.47,,205400.65
2026-07-24 13:00:00,1808877.01,,204224.68
2026-07-24 14:00:00,1786938.84,,202999.74
2026-07-24 15:00:00,1772549.68,,200704.05
2026-07-24 16:00:00,1773121.47,,201122.96
2026-07-24 17:00:00,1770677.65,,200218.72
2026-07-24 18:00:00,1769163.40,,196462.73
2026-07-24 19:00:00,1766279.99,,194239.81
2026-07-24 20:00:00,1760287.30,,192125.25
2026-07-24 21:00:00,1763498.56,,192002.31
2026-07-24 22:00:00,1758136.54,,189916.65
2026-07-24 23:00:00,1766293.90,,189667.91
2026-07-25 00:00:00,1772210.77,,189791.31
2026-07-25 01:00:00,1847492.28,,190291.18
2026-07-25 02:00:00,1784254.91,,193534.16
2026-07-25 03:00:00,1784177.80,,192050.82
2026-07-25 04:00:00,1778814.97,,191072.43
2026-07-25 05:00:00,1801787.31,,193253.46
2026-07-25 06:00:00,1775245.30,,191760.95
2026-07-25 07:00:00,1785408.01,,193364.72
2026-07-25 08:00:00,1766432.90,,191215.86
2026-07-25 09:00:00,1780898.27,,191196.20
2026-07-25 10:00:00,1785325.65,,191598.04
2026-07-25 11:00:00,1776030.08,,191750.06
2026-07-25 12:00:00,1779123.89,,192678.85
2026-07-25 13:00:00,1788629.52,,193078.66
2026-07-25 14:00:00,1790322.71,,189443.87
2026-07-25 15:00:00,1771839.43,,187788.17
2026-07-25 16:00:00,1768166.39,,186711.52
2026-07-25 17:00:00,1775234.07,,186983.11
2026-07-25 18:00:00,1770884.83,,186707.98
2026-07-25 19:00:00,1753689.42,,185840.08
2026-07-25 20:00:00,1751002.47,,185462.01
2026-07-25 21:00:00,1747489.21,,183552.95
2026-07-25 22:00:00,1750412.71,,183794.72
2026-07-25 23:00:00,1742040.18,,183007.29
2026-07-26 00:00:00,1741979.35,,182538.03
2026-07-26 01:00:00,1734901.10,,183264.20
2026-07-26 02:00:00,1743693.82,,183586.93
2026-07-26 03:00:00,1731481.29,,182854.31
2026-07-26 04:00:00,1732114.40,,182606.48
2026-07-26 05:00:00,1722727.77,,181755.79
2026-07-26 06:00:00,1736900.22,,182631.10
2026-07-26 07:00:00,1764172.52,,185963.82
2026-07-26 08:00:00,1774299.21,,186049.92
2026-07-26 09:00:00,1775858.00,,184089.92
2026-07-26 10:00:00,1779931.07,,184515.08
2026-07-26 11:00:00,1807269.38,,186605.29
2026-07-26 12:00:00,1791498.11,,185720.94
2026-07-26 13:00:00,1784871.55,,186352.08
2026-07-26 14:00:00,1772276.66,,183267.50
2026-07-26 15:00:00,1774216.41,,183656.39
2026-07-26 16:00:00,1784423.26,,183879.33
2026-07-26 17:00:00,1786315.03,,184662.37
2026-07-26 18:00:00,1786159.33,,184240.07
2026-07-26 19:00:00,1785062.61,,184229.57
2026-07-26 20:00:00,1781885.22,,184054.62
2026-07-26 21:00:00,1782296.77,,184576.63
2026-07-26 22:00:00,1806194.78,,185260.68
2026-07-26 23:00:00,1812071.40,,186144.01
2026-07-27 00:00:00,1803786.99,,185332.72
2026-07-27 01:00:00,1823521.71,,191116.98
2026-07-27 02:00:00,1869355.81,,194345.07
2026-07-27 03:00:00,1905576.59,,194983.86
2026-07-27 04:00:00,1909220.16,,202422.61
2026-07-27 05:00:00,1943869.31,,208105.86
2026-07-27 06:00:00,1920642.24,,208212.94
2026-07-27 07:00:00,1874141.48,,207549.17
2026-07-27 08:00:00,1862290.49,,206255.75
2026-07-27 09:00:00,1871736.24,,206175.03
2026-07-27 10:00:00,1903204.58,,207146.05
2026-07-27 11:00:00,1895430.93,,207365.39
2026-07-27 12:00:00,1899690.10,,206900.91
2026-07-27 13:00:00,1908630.83,,206945.76
2026-07-27 14:00:00,1903613.85,,209587.91
2026-07-27 15:00:00,1876979.46,,209032.33
2026-07-27 16:00:00,1889061.55,,209595.08
2026-07-27 17:00:00,1980620.83,,213176.66
2026-07-27 18:00:00,1998587.12,,213409.39
2026-07-27 19:00:00,2045868.72,,218992.46
2026-07-27 20:00:00,2127895.78,,223745.70
2026-07-27 21:00:00,2100748.17,,221462.93
2026-07-27 22:00:00,2107211.95,,219163.26
2026-07-27 23:00:00,2055205.39,,217312.33
2026-07-28 00:00:00,2141590.30,,215921.04
2026-07-28 01:00:00,2033696.58,,218765.40
2026-07-28 02:00:00,1941947.07,,210011.37
2026-07-28 03:00:00,1955496.72,,210065.28
2026-07-28 04:00:00,1911984.38,,204125.35
2026-07-28 05:00:00,1887884.84,,200920.03
2026-07-28 06:00:00,1914202.76,,199282.97
2026-07-28 07:00:00,1870514.63,,192788.89
2026-07-28 08:00:00,1860982.18,,193419.65
2026-07-28 09:00:00,1884341.24,,196135.83
2026-07-28 10:00:00,1880108.79,,195173.73
2026-07-28 11:00:00,1843963.07,,188731.17
2026-07-28 12:00:00,1854472.49,,188960.66
2026-07-28 13:00:00,1867385.71,,190340.83
2026-07-28 14:00:00,1867963.62,,186750.35
2026-07-28 15:00:00,1893769.18,,189126.11
2026-07-28 16:00:00,1879550.61,,188474.90
2026-07-28 17:00:00,1871993.98,,188597.96
2026-07-28 18:00:00,1848583.55,,185800.21
2026-07-28 19:00:00,1862798.12,,187115.37
2026-07-28 20:00:00,1868808.25,,188148.45
2026-07-28 21:00:00,1875692.69,,188199.73
2026-07-28 22:00:00,1868241.43,,187971.85
2026-07-28 23:00:00,1869293.71,,187291.42
2026-07-29 00:00:00,1854581.13,,186099.36
2026-07-29 01:00:00,1876605.23,,189454.08
2026-07-29 02:00:00,1843552.99,,187351.36
2026-07-29 03:00:00,1857673.94,,186761.46
2026-07-29 04:00:00,1838489.35,,185292.85
2026-07-29 05:00:00,1827403.65,,185068.06
2026-07-29 06:00:00,1813835.05,,183557.37
2026-07-29 07:00:00,1822174.39,,184326.03
2026-07-29 08:00:00,1853895.80,,186475.18
2026-07-29 09:00:00,1833314.56,,184210.40
2026-07-29 10:00:00,1849657.92,,185837.24
2026-07-29 11:00:00,1847977.05,,185341.98
2026-07-29 12:00:00,1836806.87,,183785.47
2026-07-29 13:00:00,1817851.58,,182534.71
2026-07-29 14:00:00,1832349.02,,185604.81
2026-07-29 15:00:00,1846397.58,,184984.23
2026-07-29 16:00:00,1854064.59,,183779.39
2026-07-29 17:00:00,1851993.70,,182290.69
2026-07-29 18:00:00,1852099.77,,180216.96
2026-07-29 19:00:00,1861188.89,,181161.60
2026-07-29 20:00:00,1836099.36,,178359.72
2026-07-29 21:00:00,1787290.63,,176406.92
2026-07-29 22:00:00,1802040.03,,175701.94
2026-07-29 23:00:00,1803699.84,,175595.06
2026-07-30 00:00:00,1812736.35,,176139.58
2026-07-30 01:00:00,1812006.21,,176197.06
2026-07-30 02:00:00,1827041.57,,177518.44
2026-07-30 03:00:00,1807440.33,,176745.72
2026-07-30 04:00:00,1794467.75,,175709.51
2026-07-30 05:00:00,1784606.29,,175130.55
2026-07-30 06:00:00,1780152.55,,175511.93
2026-07-30 07:00:00,1766920.81,,174699.46
2026-07-30 08:00:00,1774645.82,,173699.49
2026-07-30 09:00:00,1804575.36,,174373.35
2026-07-30 10:00:00,1789524.42,,173356.24
2026-07-30 11:00:00,1804571.12,,173635.26
2026-07-30 12:00:00,1809008.12,,173801.28
2026-07-30 13:00:00,1796802.37,,176010.86
2026-07-30 14:00:00,1791728.04,,172374.32
2026-07-30 15:00:00,1782612.58,,171413.52
2026-07-30 16:00:00,1773831.35,,170306.76
2026-07-30 17:00:00,1788186.95,,170892.17
2026-07-30 18:00:00,1789776.84,,170828.28
2026-07-30 19:00:00,1779608.64,,170187.35
2026-07-30 20:00:00,1778369.53,,169523.80
2026-07-30 21:00:00,1771374.39,,168974.94
2026-07-30 22:00:00,1769678.54,,169347.83
2026-07-30 23:00:00,1779902.41,,170182.64
2026-07-31 00:00:00,1777130.49,,169655.39
2026-07-31 01:00:00,1806095.52,,172265.54
2026-07-31 02:00:00,1798130.04,,171817.57
2026-07-31 03:00:00,1781930.45,,166643.82
2026-07-31 04:00:00,1833577.78,,170798.68
2026-07-31 05:00:00,1819663.37,,169443.99
2026-07-31 06:00:00,1824192.18,,170740.89
2026-07-31 07:00:00,1815630.43,,169608.80
2026-07-31 08:00:00,1812705.99,,169372.05
2026-07-31 09:00:00,1802033.38,,169230.99
2026-07-31 10:00:00,1788151.51,,168023.72
2026-07-31 11:00:00,1886561.08,,171740.20
2026-07-31 12:00:00,1930289.23,,177797.47
2026-07-31 13:00:00,1921187.28,,176535.63
2026-07-31 14:00:00,1872867.67,,174872.65
2026-07-31 15:00:00,1860214.91,,177015.88
2026-07-31 16:00:00,1862964.59,,176818.53
2026-07-31 17:00:00,1883441.14,,177742.07
2026-07-31 18:00:00,1881703.92,,177572.99
2026-07-31 19:00:00,1877661.54,,178395.46
2026-07-31 20:00:00,1872600.13,,177593.76
2026-07-31 21:00:00,1867020.00,,177953.06
2026-07-31 22:00:00,1867214.96,,177487.98
2026-07-31 23:00:00,1872654.49,,178139.21
2026-08-01 00:00:00,1887042.55,,179856.49
2026-08-01 01:00:00,1907301.03,,180381.19
2026-08-01 02:00:00,1906111.72,,179626.28
2026-08-01 03:00:00,1895263.51,,178912.58
2026-08-01 04:00:00,1908824.52,,180476.24
2026-08-01 05:00:00,1916680.43,,182592.30
2026-08-01 06:00:00,1926346.09,,182875.52
2026-08-01 07:00:00,1905361.46,,181868.70
2026-08-01 08:00:00,1899133.58,,181566.86
2026-08-01 09:00:00,1898266.29,,182635.63
2026-08-01 10:00:00,1875808.31,,182112.14
2026-08-01 11:00:00,1845751.67,,180461.66
2026-08-01 12:00:00,1841071.61,,180309.75
2026-08-01 13:00:00,1821328.46,,179198.66
2026-08-01 14:00:00,1820417.39,,177923.01
2026-08-01 15:00:00,1818246.23,,177660.04
2026-08-01 16:00:00,1812466.71,,178732.52
2026-08-01 17:00:00,1832862.67,,178763.80
2026-08-01 18:00:00,1742523.27,,177422.67
2026-08-01 19:00:00,1773408.68,,178950.38
2026-08-01 20:00:00,1765178.47,,178021.82
2026-08-01 21:00:00,1755242.37,,176901.77
2026-08-01 22:00:00,1749860.88,,174567.78
2026-08-01 23:00:00,1747267.87,,174044.32
2026-08-02 00:00:00,1743688.47,,173838.54
2026-08-02 01:00:00,1746256.93,,174017.28
2026-08-02 02:00:00,1720282.37,,172404.20
2026-08-02 03:00:00,1697367.07,,170935.43
2026-08-02 04:00:00,1692322.57,,170439.58
2026-08-02 05:00:00,1689728.86,,172822.49
2026-08-02 06:00:00,1676352.98,,171241.68
2026-08-02 07:00:00,1689010.97,,172922.00
2026-08-02 08:00:00,1698972.02,,173336.07
2026-08-02 09:00:00,1714779.81,,173809.36
2026-08-02 10:00:00,1806905.57,,175042.07
2026-08-02 11:00:00,1791400.17,,174875.65
2026-08-02 12:00:00,1778199.72,,174167.10
2026-08-02 13:00:00,1775389.19,,176931.71
2026-08-02 14:00:00,1770597.06,,177435.10
2026-08-02 15:00:00,1764438.78,,176397.98
2026-08-02 16:00:00,1774930.78,,177974.05
2026-08-02 17:00:00,1765126.43,,178909.03
2026-08-02 18:00:00,1754716.03,,178019.53
2026-08-02 19:00:00,1755160.48,,178894.27
2026-08-02 20:00:00,1758321.59,,179148.46
2026-08-02 21:00:00,1767674.36,,179041.18
2026-08-02 22:00:00,1764103.73,,179287.44
2026-08-02 23:00:00,1751225.63,,177104.75
2026-08-03 00:00:00,1756261.84,,177565.09
2026-08-03 01:00:00,1742668.22,,175684.98
2026-08-03 02:00:00,1737497.63,,175106.84
2026-08-03 03:00:00,1737158.47,,174423.06
2026-08-03 04:00:00,1721945.75,,172612.81
2026-08-03 05:00:00,1717865.58,,172225.93
2026-08-03 06:00:00,1724857.47,,173650.36
2026-08-03 07:00:00,1709886.42,,171576.33
2026-08-03 08:00:00,1691736.32,,171322.26
2026-08-03 09:00:00,1698140.21,,171391.50
2026-08-03 10:00:00,1713419.08,,172034.28
2026-08-03 11:00:00,1693361.91,,168696.90
2026-08-03 12:00:00,1701317.41,,168636.21
2026-08-03 13:00:00,1722258.35,,169811.78
2026-08-03 14:00:00,1745803.13,,169164.90
2026-08-03 15:00:00,1740211.79,,167979.68
2026-08-03 16:00:00,1737779.84,,167191.07
2026-08-03 17:00:00,1733223.00,,167830.44
2026-08-03 18:00:00,1739587.50,,168728.96
2026-08-03 19:00:00,1757747.27,,170391.63
2026-08-03 20:00:00,1742276.43,,169314.95
2026-08-03 21:00:00,1752873.80,,170488.47
2026-08-03 22:00:00,1749868.08,,171469.45
2026-08-03 23:00:00,1746317.08,,170948.98
2026-08-04 00:00:00,1747222.23,,170401.79
2026-08-04 01:00:00,1776723.93,,168860.82
2026-08-04 02:00:00,1767358.84,,167868.62
2026-08-04 03:00:00,1766173.79,,168065.60
2026-08-04 04:00:00,1759189.35,,167082.33
2026-08-04 05:00:00,1765417.27,,168199.59
2026-08-04 06:00:00,1749817.41,,166894.83
2026-08-04 07:00:00,1735694.74,,165291.01
2026-08-04 08:00:00,1730975.73,,165442.01
2026-08-04 09:00:00,1742937.39,,167170.97
2026-08-04 10:00:00,1743724.76,,166702.87
2026-08-04 11:00:00,1726442.35,,165373.40
2026-08-04 12:00:00,1729591.58,,165472.69
2026-08-04 13:00:00,1735595.01,,165879.55
2026-08-04 14:00:00,1731034.49,,165385.34
2026-08-04 15:00:00,1730183.08,,167174.91
2026-08-04 16:00:00,1728827.78,,166561.85
2026-08-04 17:00:00,1719235.85,,164532.82
2026-08-04 18:00:00,1712342.72,,164786.49
2026-08-04 19:00:00,1706125.99,,164354.39
2026-08-04 20:00:00,1703221.93,,164085.60
2026-08-04 21:00:00,1725343.00,,164165.62
2026-08-04 22:00:00,1721366.14,,164042.55
2026-08-04 23:00:00,1719182.28,,163922.72
2026-08-05 00:00:00,1708428.75,,163337.32
2026-08-05 01:00:00,1712514.55,,162965.01
2026-08-05 02:00:00,1712704.19,,161783.64
2026-08-05 03:00:00,1734759.39,,162398.57
2026-08-05 04:00:00,1723330.29,,160819.42
2026-08-05 05:00:00,1734314.01,,167271.10
2026-08-05 06:00:00,1746694.85,,166894.47
2026-08-05 07:00:00,1742747.80,,164153.21
2026-08-05 08:00:00,1758852.11,,164647.04
2026-08-05 09:00:00,1760159.26,,165782.20
2026-08-05 10:00:00,1781923.62,,166053.26
2026-08-05 11:00:00,1831995.02,,167487.08
2026-08-05 12:00:00,1854234.36,,166650.86
2026-08-05 13:00:00,1851207.62,,166143.15
2026-08-05 14:00:00,1837127.12,,167109.10
2026-08-05 15:00:00,1829507.56,,166353.96
2026-08-05 16:00:00,1824204.41,,166667.20
2026-08-05 17:00:00,1833402.43,,167180.58
2026-08-05 18:00:00,1829184.15,,167209.39
2026-08-05 19:00:00,1830694.07,,167281.50
2026-08-05 20:00:00,1839285.71,,168610.07
2026-08-05 21:00:00,1829103.02,,167721.71
2026-08-05 22:00:00,1844317.03,,168263.05
2026-08-05 23:00:00,1842312.24,,168627.59
2026-08-06 00:00:00,1833331.57,,167641.59
2026-08-06 01:00:00,1841899.45,,169205.51
2026-08-06 02:00:00,1836414.37,,168642.68
2026-08-06 03:00:00,1845017.38,,168498.85
2026-08-06 04:00:00,1840368.17,,168782.16
2026-08-06 05:00:00,1863629.97,,171004.31
2026-08-06 06:00:00,1855275.49,,170033.80
2026-08-06 07:00:00,1847759.04,,169346.52
2026-08-06 08:00:00,1852228.88,,168699.73
2026-08-06 09:00:00,1863352.00,,169890.89
2026-08-06 10:00:00,1851258.55,,168251.17
2026-08-06 11:00:00,1848202.06,,167738.68
2026-08-06 12:00:00,1860200.28,,168867.48
2026-08-06 13:00:00,1867324.84,,168962.92
2026-08-06 14:00:00,1904031.59,,169186.12
2026-08-06 15:00:00,1992799.66,,168955.26
2026-08-06 16:00:00,1972022.85,,171735.64
2026-08-06 17:00:00,1958369.35,,182455.39
2026-08-06 18:00:00,1948614.14,,184264.19
2026-08-06 19:00:00,1949169.03,,184645.71
2026-08-06 20:00:00,1938226.02,,183119.70
2026-08-06 21:00:00,1932404.43,,181808.19
2026-08-06 22:00:00,1925552.45,,182916.31
2026-08-06 23:00:00,1919279.14,,183518.83
2026-08-07 00:00:00,1924854.76,,184751.59
2026-08-07 01:00:00,1935740.37,,185300.50
2026-08-07 02:00:00,1936569.37,,185168.77
2026-08-07 03:00:00,1930551.77,,184400.89
2026-08-07 04:00:00,1933670.92,,184300.04
2026-08-07 05:00:00,1928957.03,,182419.13
2026-08-07 06:00:00,1928304.27,,183906.39
2026-08-07 07:00:00,1952713.91,,189571.49
2026-08-07 08:00:00,1940283.21,,183737.75
2026-08-07 09:00:00,1924474.20,,183983.52
2026-08-07 10:00:00,1913698.47,,183437.25
2026-08-07 11:00:00,1899006.19,,182660.63
2026-08-07 12:00:00,1897940.90,,179097.32
2026-08-07 13:00:00,1888415.18,,180460.95
2026-08-07 14:00:00,1893436.87,,181991.02
2026-08-07 15:00:00,1886707.18,,182288.12
2026-08-07 16:00:00,1887974.13,,183842.43
2026-08-07 17:00:00,1893779.13,,186644.83
2026-08-07 18:00:00,1848338.11,,186205.96
2026-08-07 19:00:00,1843167.90,,185189.49
2026-08-07 20:00:00,1846096.11,,185171.20
2026-08-07 21:00:00,1843257.32,,184864.41
2026-08-07 22:00:00,1840915.64,,184501.40
2026-08-07 23:00:00,1840848.97,,185062.50
2026-08-08 00:00:00,1839651.46,,185451.97
2026-08-08 01:00:00,1846726.18,,185373.19
2026-08-08 02:00:00,1860090.78,,185647.82
2026-08-08 03:00:00,1864601.96,,185812.78
2026-08-08 04:00:00,1855115.27,,184807.96
2026-08-08 05:00:00,1855132.38,,184788.55
2026-08-08 06:00:00,1846885.90,,184031.44
2026-08-08 07:00:00,1853413.49,,184729.52
2026-08-08 08:00:00,1852739.30,,184145.33
2026-08-08 09:00:00,1856477.35,,185102.50
2026-08-08 10:00:00,1857742.90,,185086.42
2026-08-08 11:00:00,1854282.36,,184492.88
2026-08-08 12:00:00,1863393.70,,184967.27
2026-08-08 13:00:00,1882699.64,,185121.21
2026-08-08 14:00:00,1873143.26,,185059.60
2026-08-08 15:00:00,1876704.89,,184906.51
2026-08-08 16:00:00,1879385.47,,184865.90
2026-08-08 17:00:00,1885148.19,,185540.84
2026-08-08 18:00:00,1873903.94,,184206.08
2026-08-08 19:00:00,1881356.56,,186031.70
2026-08-08 20:00:00,1888308.20,,186304.18
2026-08-08 21:00:00,1881490.88,,185873.79
2026-08-08 22:00:00,1879408.61,,185720.16
2026-08-08 23:00:00,1881440.79,,185897.15
2026-08-09 00:00:00,1891471.78,,185989.38
2026-08-09 01:00:00,1899889.14,,186995.34
2026-08-09 02:00:00,1894621.42,,186801.47
2026-08-09 03:00:00,1892104.04,,186852.84
2026-08-09 04:00:00,1894239.71,,186483.00
2026-08-09 05:00:00,1916739.61,,188194.06
2026-08-09 06:00:00,1934171.12,,189354.36
2026-08-09 07:00:00,1926000.06,,187190.07
2026-08-09 08:00:00,1885860.35,,186085.82
2026-08-09 09:00:00,1875264.98,,184343.19
2026-08-09 10:00:00,1874098.06,,185206.48
2026-08-09 11:00:00,1866273.80,,184337.95
2026-08-09 12:00:00,1857617.27,,183544.10
2026-08-09 13:00:00,1860991.16,,184303.84
2026-08-09 14:00:00,1866660.33,,184405.44
2026-08-09 15:00:00,1854911.05,,184412.81
2026-08-09 16:00:00,1864042.45,,185637.64
2026-08-09 17:00:00,1867254.33,,187342.39
2026-08-09 18:00:00,1856726.37,,186434.53
2026-08-09 19:00:00,1850850.32,,186699.65
2026-08-09 20:00:00,1853676.30,,187735.11
2026-08-09 21:00:00,1848818.36,,186508.58
2026-08-09 22:00:00,1843396.13,,185863.66
2026-08-09 23:00:00,1837530.60,,185217.47
2026-08-10 00:00:00,1825104.85,,182984.32
2026-08-10 01:00:00,1846329.24,,184238.70
2026-08-10 02:00:00,1849905.98,,184171.09
2026-08-10 03:00:00,1844610.17,,183590.51
2026-08-10 04:00:00,1854028.93,,183794.07
2026-08-10 05:00:00,1865690.40,,184192.11
2026-08-10 06:00:00,1867581.39,,184607.89
2026-08-10 07:00:00,1870568.47,,184679.56
2026-08-10 08:00:00,1865906.13,,184363.19
2026-08-10 09:00:00,1866500.37,,185793.29
2026-08-10 10:00:00,1865473.43,,185061.53
2026-08-10 11:00:00,1885308.27,,186769.84
2026-08-10 12:00:00,1902775.13,,186870.38
2026-08-10 13:00:00,1933113.96,,192416.54
2026-08-10 14:00:00,1942605.32,,192395.42
2026-08-10 15:00:00,1957621.99,,194233.55
2026-08-10 16:00:00,1963125.92,,193348.99
2026-08-10 17:00:00,1943043.83,,192610.67
2026-08-10 18:00:00,1985533.97,,198236.41
2026-08-10 19:00:00,1945048.08,,196820.02
2026-08-10 20:00:00,1921859.31,,193957.90
2026-08-10 21:00:00,1922568.07,,194060.15
2026-08-10 22:00:00,1917002.57,,192538.48
2026-08-10 23:00:00,1925783.28,,194245.85
2026-08-11 00:00:00,1918130.69,,193832.42
2026-08-11 01:00:00,1920380.29,,193538.00
2026-08-11 02:00:00,1892654.45,,189872.41
2026-08-11 03:00:00,1887857.92,,187954.98
2026-08-11 04:00:00,1887436.62,,186491.19
2026-08-11 05:00:00,1901066.81,,184264.33
2026-08-11 06:00:00,1888610.77,,181485.30
2026-08-11 07:00:00,1879076.98,,179491.05
2026-08-11 08:00:00,1840915.42,,176784.04
2026-08-11 09:00:00,1858813.21,,176800.04
2026-08-11 10:00:00,1860886.77,,176488.46
2026-08-11 11:00:00,1847832.09,,175991.13
2026-08-11 12:00:00,1858324.16,,176545.94
2026-08-11 13:00:00,1838449.23,,175685.36
2026-08-11 14:00:00,1839534.25,,175866.18
2026-08-11 15:00:00,1817573.09,,175797.89
2026-08-11 16:00:00,1774421.87,,174343.69
2026-08-11 17:00:00,1787793.82,,174364.28
2026-08-11 18:00:00,1790688.28,,172437.09
2026-08-11 19:00:00,1784344.50,,172291.42
2026-08-11 20:00:00,1792956.02,,173320.85
2026-08-11 21:00:00,1789889.44,,173267.63
2026-08-11 22:00:00,1795269.30,,173426.85
2026-08-11 23:00:00,1794882.84,,172869.36
2026-08-12 00:00:00,1785156.99,,171770.69
2026-08-12 01:00:00,1798938.59,,174749.47
2026-08-12 02:00:00,1797128.33,,174735.79
2026-08-12 03:00:00,1806860.58,,175399.32
2026-08-12 04:00:00,1806026.77,,175232.12
2026-08-12 05:00:00,1806810.86,,175262.24
2026-08-12 06:00:00,1825656.15,,176372.72
2026-08-12 07:00:00,1836331.73,,178820.12
2026-08-12 08:00:00,1809840.05,,178802.10
2026-08-12 09:00:00,1778869.63,,173990.49
2026-08-12 10:00:00,1787877.00,,173008.92
2026-08-12 11:00:00,1785251.85,,172682.28
2026-08-12 12:00:00,1777891.02,,172015.97
2026-08-12 13:00:00,1771869.68,,169458.82
2026-08-12 14:00:00,1774793.08,,168819.05
2026-08-12 15:00:00,1733746.62,,165054.12
2026-08-12 16:00:00,1728303.41,,164250.21
2026-08-12 17:00:00,1734230.06,,164644.21
2026-08-12 18:00:00,1745429.26,,164806.36
2026-08-12 19:00:00,1741030.88,,164188.98
2026-08-12 20:00:00,1738652.64,,163341.23
2026-08-12 21:00:00,1741125.26,,162629.88
2026-08-12 22:00:00,1710996.27,,160088.13
2026-08-12 23:00:00,1716800.40,,160310.92
2026-08-13 00:00:00,1725982.92,,160551.25
2026-08-13 01:00:00,1742308.52,,162818.07
2026-08-13 02:00:00,1745711.41,,163178.59
2026-08-13 03:00:00,1755700.37,,163782.55
2026-08-13 04:00:00,1756206.16,,163845.47
2026-08-13 05:00:00,1763660.96,,163795.62
2026-08-13 06:00:00,1772851.63,,164082.39
2026-08-13 07:00:00,1778052.67,,164132.08
2026-08-13 08:00:00,1778150.54,,164380.34
2026-08-13 09:00:00,1783692.64,,165620.13
2026-08-13 10:00:00,1809619.41,,166715.15
2026-08-13 11:00:00,1798980.21,,166435.86
2026-08-13 12:00:00,1780594.96,,165328.13
2026-08-13 13:00:00,1783795.58,,165409.36
2026-08-13 14:00:00,1793654.73,,166558.09
2026-08-13 15:00:00,1789584.81,,166313.92
2026-08-13 16:00:00,1760460.46,,164076.54
2026-08-13 17:00:00,1753185.67,,163262.94
2026-08-13 18:00:00,1764260.26,,162709.60
2026-08-13 19:00:00,1753396.53,,161693.79
2026-08-13 20:00:00,1747620.36,,153106.87
2026-08-13 21:00:00,1754610.17,,153325.20
2026-08-13 22:00:00,1764517.25,,154048.88
2026-08-13 23:00:00,1764387.88,,153656.93
2026-08-14 00:00:00,1771618.12,,154759.65
2026-08-14 01:00:00,1768072.24,,153651.50
2026-08-14 02:00:00,1774093.85,,153849.74
2026-08-14 03:00:00,1774229.97,,152220.48
2026-08-14 04:00:00,1776274.91,,152485.80
2026-08-14 05:00:00,1787776.12,,152853.73
2026-08-14 06:00:00,1791595.03,,153047.31
2026-08-14 07:00:00,1820885.07,,153819.09
2026-08-14 08:00:00,1805702.65,,152807.70
2026-08-14 09:00:00,1816525.29,,153626.05
2026-08-14 10:00:00,1801199.47,,151589.93
2026-08-14 11:00:00,1815944.87,,151782.49
2026-08-14 12:00:00,1805617.74,,151202.07
2026-08-14 13:00:00,1794567.24,,150720.84
2026-08-14 14:00:00,1797939.86,,151059.27
2026-08-14 15:00:00,1804991.63,,151369.57
2026-08-14 16:00:00,1820291.86,,152715.00
2026-08-14 17:00:00,1842692.57,,155285.16
2026-08-14 18:00:00,1834008.18,,154887.88
2026-08-14 19:00:00,1815549.25,,153596.05
2026-08-14 20:00:00,1822312.71,,153588.30
2026-08-14 21:00:00,1824029.27,,153975.20
2026-08-14 22:00:00,1824887.18,,155125.48
2026-08-14 23:00:00,1811333.27,,154745.50
2026-08-15 00:00:00,1805480.24,,154461.38
2026-08-15 01:00:00,1779027.14,,152146.75
2026-08-15 02:00:00,1778608.34,,152699.52
2026-08-15 03:00:00,1784369.36,,153005.49
2026-08-15 04:00:00,1759499.05,,150993.01
2026-08-15 05:00:00,1752690.67,,151375.37
2026-08-15 06:00:00,1756428.87,,151234.23
2026-08-15 07:00:00,1749358.36,,151553.02
2026-08-15 08:00:00,1751867.47,,151880.62
2026-08-15 09:00:00,1770589.41,,153475.27
2026-08-15 10:00:00,1765091.46,,155201.34
2026-08-15 11:00:00,1766110.12,,154902.94
2026-08-15 12:00:00,1816330.38,,156266.43
2026-08-15 13:00:00,1804252.84,,155345.53
2026-08-15 14:00:00,1797279.14,,155109.24
2026-08-15 15:00:00,1789505.88,,157906.37
2026-08-15 16:00:00,1808877.74,,159486.95
2026-08-15 17:00:00,1826418.90,,159557.66
2026-08-15 18:00:00,1814809.81,,160814.60
2026-08-15 19:00:00,1839773.91,,162430.08
2026-08-15 20:00:00,1813670.58,,161022.44
2026-08-15 21:00:00,1810156.52,,160429.24
2026-08-15 22:00:00,1804917.44,,158823.18
2026-08-15 23:00:00,1810632.43,,157418.07
2026-08-16 00:00:00,1807814.33,,158135.95
2026-08-16 01:00:00,1808423.97,,157028.26
2026-08-16 02:00:00,1791321.60,,156040.67
2026-08-16 03:00:00,1800835.76,,156069.51
2026-08-16 04:00:00,1815946.16,,157707.34
2026-08-16 05:00:00,1787077.58,,155236.90
2026-08-16 06:00:00,1784043.44,,154992.73
2026-08-16 07:00:00,1770993.17,,155532.78
2026-08-16 08:00:00,1790466.27,,157358.27
2026-08-16 09:00:00,1788260.08,,157832.17
2026-08-16 10:00:00,1779773.20,,156972.60
2026-08-16 11:00:00,1795965.30,,158286.18
2026-08-16 12:00:00,1798215.97,,158333.04
2026-08-16 13:00:00,1799933.21,,158699.61
2026-08-16 14:00:00,1791291.13,,158210.33
2026-08-16 15:00:00,1796417.52,,157785.43
2026-08-16 16:00:00,1799352.99,,157568.56
2026-08-16 17:00:00,1801707.07,,158246.50
2026-08-16 18:00:00,1796208.84,,157929.85
2026-08-16 19:00:00,1790341.42,,157518.74
2026-08-16 20:00:00,1796360.04,,157101.04
2026-08-16 21:00:00,1775663.29,,155643.25
2026-08-16 22:00:00,1750216.44,,154168.58
2026-08-16 23:00:00,1748658.68,,153368.43
2026-08-17 00:00:00,1747971.58,,153636.16
2026-08-17 01:00:00,1743773.92,,152864.35
2026-08-17 02:00:00,1741675.53,,152632.84
2026-08-17 03:00:00,1752779.34,,152960.93
2026-08-17 04:00:00,1757315.51,,153065.58
2026-08-17 05:00:00,1768897.59,,154234.51
2026-08-17 06:00:00,1759138.38,,153519.06
2026-08-17 07:00:00,1764316.47,,155469.51
2026-08-17 08:00:00,1753982.40,,154972.39
2026-08-17 09:00:00,1743991.82,,154234.98
2026-08-17 10:00:00,1728902.48,,153144.19
2026-08-17 11:00:00,1736590.47,,153775.32
2026-08-17 12:00:00,1714720.24,,155299.79
2026-08-17 13:00:00,1714847.69,,155351.35
2026-08-17 14:00:00,1711710.80,,153992.74
2026-08-17 15:00:00,1679124.56,,152142.37
2026-08-17 16:00:00,1688381.03,,152928.42
2026-08-17 17:00:00,1698391.10,,153496.45
2026-08-17 18:00:00,1693268.90,,153418.84
2026-08-17 19:00:00,1710582.86,,154433.82
2026-08-17 20:00:00,1706830.44,,153764.10
2026-08-17 21:00:00,1697076.80,,153156.61
2026-08-17 22:00:00,1715107.25,,154490.70
2026-08-17 23:00:00,1695602.76,,153128.45
2026-08-18 00:00:00,1700237.74,,153355.34
2026-08-18 01:00:00,1692623.14,,153425.66
2026-08-18 02:00:00,1678603.63,,152526.69
2026-08-18 03:00:00,1653171.87,,150282.56
2026-08-18 04:00:00,1653239.08,,150861.15
2026-08-18 05:00:00,1660889.27,,151990.37
2026-08-18 06:00:00,1647232.60,,151238.66
2026-08-18 07:00:00,1660626.40,,153056.39
2026-08-18 08:00:00,1651287.25,,152116.58
2026-08-18 09:00:00,1652171.30,,152340.20
2026-08-18 10:00:00,1655784.06,,151778.86
2026-08-18 11:00:00,1645566.80,,150780.27
2026-08-18 12:00:00,1655476.57,,151126.47
2026-08-18 13:00:00,1660741.45,,152215.69
2026-08-18 14:00:00,1661474.87,,151952.84
2026-08-18 15:00:00,1666898.23,,151637.88
2026-08-18 16:00:00,1667155.35,,151974.01
2026-08-18 17:00:00,1668960.69,,151919.87
2026-08-18 18:00:00,1676116.93,,151268.07
2026-08-18 19:00:00,1677310.96,,151325.14
2026-08-18 20:00:00,1690720.79,,151133.39
2026-08-18 21:00:00,1687350.28,,150389.38
2026-08-18 22:00:00,1691158.59,,150727.34
2026-08-18 23:00:00,1695256.54,,150708.61
2026-08-19 00:00:00,1698976.03,,150980.06
2026-08-19 01:00:00,1703731.50,,150444.28
2026-08-19 02:00:00,1721838.54,,151841.66
2026-08-19 03:00:00,1717605.05,,151362.01
2026-08-19 04:00:00,1733885.99,,152619.81
2026-08-19 05:00:00,1731531.59,,152746.50
2026-08-19 06:00:00,1734779.33,,152934.91
2026-08-19 07:00:00,1740750.82,,152968.74
2026-08-19 08:00:00,1740682.79,,153313.00
2026-08-19 09:00:00,1740219.92,,153005.14
2026-08-19 10:00:00,1735847.10,,150286.51
2026-08-19 11:00:00,1744859.14,,151076.19
2026-08-19 12:00:00,1746171.98,,151135.00
2026-08-19 13:00:00,1752934.80,,152788.38
2026-08-19 14:00:00,1750761.24,,151656.53
2026-08-19 15:00:00,1782511.89,,154451.38
2026-08-19 16:00:00,1805972.23,,157055.03
2026-08-19 17:00:00,1818114.08,,155787.06
2026-08-19 18:00:00,1812508.14,,155018.80
2026-08-19 19:00:00,1817050.71,,153582.29
2026-08-19 20:00:00,1827682.16,,154611.44
2026-08-19 21:00:00,1865914.38,,156461.91
2026-08-19 22:00:00,1881336.27,,156184.86
2026-08-19 23:00:00,1861857.89,,154776.01
2026-08-20 00:00:00,1877007.41,,154444.51
2026-08-20 01:00:00,1887404.31,,154849.48
2026-08-20 02:00:00,1888263.43,,154771.88
2026-08-20 03:00:00,1899763.86,,154979.77
2026-08-20 04:00:00,1892905.68,,154459.26
2026-08-20 05:00:00,1906045.92,,154870.59
2026-08-20 06:00:00,1896711.70,,154483.30
2026-08-20 07:00:00,1903501.19,,155348.34
2026-08-20 08:00:00,1909040.20,,156396.63
2026-08-20 09:00:00,1939632.24,,160318.30
2026-08-20 10:00:00,1930399.94,,158289.68
2026-08-20 11:00:00,1921275.52,,157791.91
2026-08-20 12:00:00,1918931.53,,157497.24
2026-08-20 13:00:00,1906327.82,,156875.49
2026-08-20 14:00:00,1906621.93,,157017.37
2026-08-20 15:00:00,1906833.09,,156487.20
2026-08-20 16:00:00,1972644.52,,163195.54
2026-08-20 17:00:00,1961947.38,,161495.65
2026-08-20 18:00:00,1930124.22,,163556.89
2026-08-20 19:00:00,1907130.13,,162262.12
2026-08-20 20:00:00,1907014.98,,162281.59
2026-08-20 21:00:00,1936098.58,,163047.44
2026-08-20 22:00:00,1951285.42,,164245.85
2026-08-20 23:00:00,1961984.06,,165547.78
2026-08-21 00:00:00,1955224.45,,164823.05
2026-08-21 01:00:00,1926787.29,,163500.95
2026-08-21 02:00:00,1925858.00,,163705.27
2026-08-21 03:00:00,1918645.65,,162933.44
2026-08-21 04:00:00,1908445.99,,167348.55
2026-08-21 05:00:00,1952067.79,,172197.96
2026-08-21 06:00:00,1962693.98,,173594.71
2026-08-21 07:00:00,1956981.62,,173871.45
2026-08-21 08:00:00,1959141.08,,174840.14
2026-08-21 09:00:00,1990733.84,,178788.39
2026-08-21 10:00:00,1977236.55,,177884.81
2026-08-21 11:00:00,1997585.50,,176908.94
2026-08-21 12:00:00,2010663.52,,178573.12
2026-08-21 13:00:00,2068754.04,,179437.79
2026-08-21 14:00:00,2063519.69,,179159.33
2026-08-21 15:00:00,2067695.26,,179207.20
2026-08-21 16:00:00,2073459.26,,179001.55
2026-08-21 17:00:00,2111736.95,,184525.64
2026-08-21 18:00:00,2152734.33,,186478.53
2026-08-21 19:00:00,2113887.52,,183851.84
2026-08-21 20:00:00,2097791.43,,186649.30
2026-08-21 21:00:00,2113401.98,,186123.02
2026-08-21 22:00:00,2118920.93,,186823.21
2026-08-21 23:00:00,2326044.20,,190211.56
2026-08-22 00:00:00,2348425.35,,193349.89
2026-08-22 01:00:00,2348335.41,,192209.24
2026-08-22 02:00:00,2349070.37,,189696.41
2026-08-22 03:00:00,2359681.76,,190066.96
2026-08-22 04:00:00,2428155.10,,192904.13
2026-08-22 05:00:00,2403620.58,,199646.18
2026-08-22 06:00:00,2156862.41,,184611.96
2026-08-22 07:00:00,2182629.14,,185510.80
2026-08-22 08:00:00,2188852.62,,184122.46
2026-08-22 09:00:00,2140183.63,,182516.04
2026-08-22 10:00:00,2139415.66,,182275.59
2026-08-22 11:00:00,2062133.33,,181101.30
2026-08-22 12:00:00,2071368.64,,179380.08
2026-08-22 13:00:00,2065564.03,,182359.51
2026-08-22 14:00:00,2078982.18,,184296.65
2026-08-22 15:00:00,2057646.06,,178622.38
2026-08-22 16:00:00,2051542.64,,179827.35
2026-08-22 17:00:00,2065097.22,,183947.98
2026-08-22 18:00:00,2065377.40,,183225.01
2026-08-22 19:00:00,2058551.62,,184323.54
2026-08-22 20:00:00,2065384.68,,184191.04
2026-08-22 21:00:00,2074659.13,,184435.28
2026-08-22 22:00:00,2028612.94,,181197.09
2026-08-22 23:00:00,2065252.03,,186318.54
2026-08-23 00:00:00,2067411.01,,185622.53
2026-08-23 01:00:00,2075750.41,,181915.72
2026-08-23 02:00:00,2056321.80,,181425.97
2026-08-23 03:00:00,2028488.29,,178905.72
2026-08-23 04:00:00,1967673.96,,178920.77
