time,oi_A,oi_6,oi_3
2026-05-10 12:00:00,4466705.43,,851122.11
2026-05-10 13:00:00,4487563.44,,856950.51
2026-05-10 14:00:00,4584281.88,,887609.06
2026-05-10 15:00:00,4524440.74,,861197.37
2026-05-10 16:00:00,4548081.46,,872258.63
2026-05-10 17:00:00,4584403.67,,884502.60
2026-05-10 18:00:00,4624269.93,,884453.06
2026-05-10 19:00:00,4718301.45,,893306.71
2026-05-10 20:00:00,4665869.27,,882678.06
2026-05-10 21:00:00,4526241.12,,871074.67
2026-05-10 22:00:00,4517339.98,,877799.83
2026-05-10 23:00:00,4582699.79,,874359.55
2026-05-11 00:00:00,4564746.67,,861091.25
2026-05-11 01:00:00,4539081.97,,852675.59
2026-05-11 02:00:00,4570560.16,,857766.27
2026-05-11 03:00:00,4554937.69,,870672.09
2026-05-11 04:00:00,4533105.02,,853311.88
2026-05-11 05:00:00,4586605.56,,856454.24
2026-05-11 06:00:00,4608372.09,,862433.61
2026-05-11 07:00:00,4639619.57,,867828.62
2026-05-11 08:00:00,5053037.78,,920347.05
2026-05-11 09:00:00,5238434.10,,958174.67
2026-05-11 10:00:00,5069292.56,,933332.95
2026-05-11 11:00:00,5005392.45,,933086.59
2026-05-11 12:00:00,5003981.03,,933176.58
2026-05-11 13:00:00,5010417.34,,953408.30
2026-05-11 14:00:00,5024004.73,,944108.35
2026-05-11 15:00:00,5091204.82,,1008706.45
2026-05-11 16:00:00,5237304.95,,1055025.89
2026-05-11 17:00:00,5246612.71,,1090329.18
2026-05-11 18:00:00,5111759.03,,1068782.08
2026-05-11 19:00:00,5048105.16,,1044118.57
2026-05-11 20:00:00,5014406.72,,1041554.14
2026-05-11 21:00:00,5070823.68,,1035292.72
2026-05-11 22:00:00,5077318.76,,1028681.33
2026-05-11 23:00:00,5087814.89,,1024252.05
2026-05-12 00:00:00,5147465.81,,1036083.92
2026-05-12 01:00:00,5098980.63,,1039218.97
2026-05-12 02:00:00,4926491.87,,1010585.11
2026-05-12 03:00:00,4938648.49,,1022851.39
2026-05-12 04:00:00,4899013.82,,1013934.11
2026-05-12 05:00:00,4875438.30,,1014830.40
2026-05-12 06:00:00,4849631.52,,1006859.79
2026-05-12 07:00:00,4822990.68,,987603.60
2026-05-12 08:00:00,4798579.30,,979222.90
2026-05-12 09:00:00,4712589.45,,970253.73
2026-05-12 10:00:00,4828097.66,,960655.46
2026-05-12 11:00:00,4801654.26,,953904.78
2026-05-12 12:00:00,4678028.41,,950376.09
2026-05-12 13:00:00,4665746.37,,956537.20
2026-05-12 14:00:00,4526926.38,,913281.70
2026-05-12 15:00:00,4460880.75,,899288.21
2026-05-12 16:00:00,4354021.31,,907977.38
2026-05-12 17:00:00,4304127.02,,904784.44
2026-05-12 18:00:00,4323244.07,,904584.51
2026-05-12 19:00:00,4332605.77,,911820.23
2026-05-12 20:00:00,4350542.17,,921710.11
2026-05-12 21:00:00,4367620.92,,927659.60
2026-05-12 22:00:00,4357337.79,,929238.46
2026-05-12 23:00:00,4393212.16,,939405.84
2026-05-13 00:00:00,4370931.21,,927502.30
2026-05-13 01:00:00,4434855.84,,944335.39
2026-05-13 02:00:00,4560315.77,,970169.26
2026-05-13 03:00:00,4636963.47,,1001955.07
2026-05-13 04:00:00,4671687.39,,1014987.83
2026-05-13 05:00:00,4694538.63,,1011232.18
2026-05-13 06:00:00,4649804.90,,1024473.62
2026-05-13 07:00:00,4628823.22,,1025350.09
2026-05-13 08:00:00,4638448.32,,1037627.88
2026-05-13 09:00:00,4657011.41,,1032947.34
2026-05-13 10:00:00,4657360.74,,1032783.78
2026-05-13 11:00:00,4620989.57,,983756.41
2026-05-13 12:00:00,4583527.14,,958520.85
2026-05-13 13:00:00,4465028.25,,932437.12
2026-05-13 14:00:00,4447200.92,,902482.92
2026-05-13 15:00:00,4499813.77,,927220.92
2026-05-13 16:00:00,4457395.07,,901694.83
2026-05-13 17:00:00,4562615.06,,967316.77
2026-05-13 18:00:00,4606233.40,,975509.45
2026-05-13 19:00:00,4608068.15,,970336.96
2026-05-13 20:00:00,4572714.02,,949033.45
2026-05-13 21:00:00,4589410.06,,951056.13
2026-05-13 22:00:00,4554932.58,,915039.16
2026-05-13 23:00:00,4577370.43,,901741.20
2026-05-14 00:00:00,4533931.35,,901196.85
2026-05-14 01:00:00,4519401.33,,893829.55
2026-05-14 02:00:00,4458348.12,,870121.93
2026-05-14 03:00:00,4447562.83,,858456.19
2026-05-14 04:00:00,4420860.99,,835661.74
2026-05-14 05:00:00,4483596.93,,843356.98
2026-05-14 06:00:00,4487690.59,,841461.34
2026-05-14 07:00:00,4495356.38,,846211.43
2026-05-14 08:00:00,4481952.84,,810303.84
2026-05-14 09:00:00,4516862.63,,808420.97
2026-05-14 10:00:00,4486477.29,,803758.54
2026-05-14 11:00:00,4514004.14,,805818.96
2026-05-14 12:00:00,4470931.54,,796921.78
2026-05-14 13:00:00,4505471.08,,803376.29
2026-05-14 14:00:00,4535194.70,,819067.02
2026-05-14 15:00:00,4647161.77,,860827.24
2026-05-14 16:00:00,4659176.70,,828767.12
2026-05-14 17:00:00,4667226.05,,834939.45
2026-05-14 18:00:00,4662891.25,,834404.13
2026-05-14 19:00:00,4689999.15,,839777.65
2026-05-14 20:00:00,4723321.39,,848897.87
2026-05-14 21:00:00,4687803.49,,837852.02
2026-05-14 22:00:00,4721341.86,,841546.11
2026-05-14 23:00:00,4693269.49,,840666.25
2026-05-15 00:00:00,4623209.25,,825572.69
2026-05-15 01:00:00,4621581.25,,827394.47
2026-05-15 02:00:00,4617955.29,,844971.48
2026-05-15 03:00:00,4572358.89,,853401.29
2026-05-15 04:00:00,4532489.47,,846416.44
2026-05-15 05:00:00,4462213.41,,830423.61
2026-05-15 06:00:00,4386534.91,,805791.27
2026-05-15 07:00:00,4428268.50,,817470.05
2026-05-15 08:00:00,4458247.35,,817451.01
2026-05-15 09:00:00,4420770.77,,800859.02
2026-05-15 10:00:00,4411085.00,,792700.20
2026-05-15 11:00:00,4428633.24,,795174.51
2026-05-15 12:00:00,4403955.38,,791394.95
2026-05-15 13:00:00,4359297.54,,781895.22
2026-05-15 14:00:00,4057297.34,,759735.00
2026-05-15 15:00:00,4046510.88,,748982.11
2026-05-15 16:00:00,4124266.37,,748168.51
2026-05-15 17:00:00,4153116.92,,745558.97
2026-05-15 18:00:00,4177297.74,,753955.32
2026-05-15 19:00:00,4152612.51,,757925.34
2026-05-15 20:00:00,4122349.02,,747336.76
2026-05-15 21:00:00,4107396.16,,741280.11
2026-05-15 22:00:00,4100594.08,,741649.52
2026-05-15 23:00:00,4108435.92,,741639.60
2026-05-16 00:00:00,4087146.62,,740509.18
2026-05-16 01:00:00,4117012.52,,740235.46
2026-05-16 02:00:00,4062032.47,,743199.54
2026-05-16 03:00:00,4046743.99,,751672.30
2026-05-16 04:00:00,4036558.68,,752661.03
2026-05-16 05:00:00,3953014.96,,763701.00
2026-05-16 06:00:00,3917557.22,,762908.92
2026-05-16 07:00:00,3886658.17,,736930.33
2026-05-16 08:00:00,3804382.54,,724672.99
2026-05-16 09:00:00,3792842.79,,720852.68
2026-05-16 10:00:00,3739427.72,,717462.90
2026-05-16 11:00:00,3756192.46,,710863.22
2026-05-16 12:00:00,3748748.71,,709357.79
2026-05-16 13:00:00,3740777.65,,708107.27
2026-05-16 14:00:00,3753715.66,,704762.81
2026-05-16 15:00:00,3758001.13,,705393.02
2026-05-16 16:00:00,3825444.94,,721256.99
2026-05-16 17:00:00,3828075.83,,721486.29
2026-05-16 18:00:00,3850916.57,,723604.10
2026-05-16 19:00:00,3851296.57,,719836.23
2026-05-16 20:00:00,3845686.23,,715465.74
2026-05-16 21:00:00,3846201.93,,715549.59
2026-05-16 22:00:00,3832627.65,,712328.70
2026-05-16 23:00:00,3818280.26,,706482.18
2026-05-17 00:00:00,3807082.23,,706722.80
2026-05-17 01:00:00,3796955.80,,703364.75
2026-05-17 02:00:00,3772755.44,,701927.12
2026-05-17 03:00:00,3800129.49,,706102.91
2026-05-17 04:00:00,3849692.21,,720221.63
2026-05-17 05:00:00,3867625.22,,754102.08
2026-05-17 06:00:00,3874315.76,,758122.71
2026-05-17 07:00:00,3843048.77,,761438.64
2026-05-17 08:00:00,3854073.69,,761888.86
2026-05-17 09:00:00,3833970.62,,747236.11
2026-05-17 10:00:00,3839980.58,,714828.53
2026-05-17 11:00:00,3840264.09,,718737.04
2026-05-17 12:00:00,3819179.51,,714553.30
2026-05-17 13:00:00,3796353.65,,720516.26
2026-05-17 14:00:00,3848781.16,,708076.82
2026-05-17 15:00:00,3841173.90,,716556.16
2026-05-17 16:00:00,3832282.41,,723356.58
2026-05-17 17:00:00,3810428.77,,719162.64
2026-05-17 18:00:00,3841245.36,,761760.77
2026-05-17 19:00:00,3841415.84,,766259.13
2026-05-17 20:00:00,3858257.96,,781276.55
2026-05-17 21:00:00,3850918.95,,774142.97
2026-05-17 22:00:00,3865256.17,,772874.73
2026-05-17 23:00:00,3798183.02,,752564.45
2026-05-18 00:00:00,3758126.46,,732093.12
2026-05-18 01:00:00,3798229.53,,738823.62
2026-05-18 02:00:00,3816107.49,,739082.22
2026-05-18 03:00:00,3821524.12,,745226.08
2026-05-18 04:00:00,3804067.93,,740779.29
2026-05-18 05:00:00,3813097.83,,745755.33
2026-05-18 06:00:00,3770041.02,,738967.43
2026-05-18 07:00:00,3761282.77,,734192.99
2026-05-18 08:00:00,3789196.49,,736710.64
2026-05-18 09:00:00,3762676.35,,729937.54
2026-05-18 10:00:00,3739221.94,,720561.65
2026-05-18 11:00:00,3718457.93,,700624.49
2026-05-18 12:00:00,3781413.27,,711476.69
2026-05-18 13:00:00,3804076.17,,700123.40
2026-05-18 14:00:00,3750272.23,,704477.44
2026-05-18 15:00:00,3693040.09,,697067.50
2026-05-18 16:00:00,3708776.24,,696915.38
2026-05-18 17:00:00,3706562.39,,694695.62
2026-05-18 18:00:00,3696510.33,,690225.23
2026-05-18 19:00:00,3646641.21,,684533.52
2026-05-18 20:00:00,3750416.06,,700781.78
2026-05-18 21:00:00,3739294.43,,695013.53
2026-05-18 22:00:00,3807988.73,,720365.17
2026-05-18 23:00:00,3881976.71,,762972.31
2026-05-19 00:00:00,3917826.48,,786775.00
2026-05-19 01:00:00,3882914.52,,775225.25
2026-05-19 02:00:00,3815168.99,,739320.45
2026-05-19 03:00:00,3796728.80,,734244.26
2026-05-19 04:00:00,3837041.54,,750852.21
2026-05-19 05:00:00,3872426.33,,789769.96
2026-05-19 06:00:00,3878263.53,,781305.44
2026-05-19 07:00:00,3887291.38,,788761.80
2026-05-19 08:00:00,3913828.43,,807980.69
2026-05-19 09:00:00,3884519.64,,794106.96
2026-05-19 10:00:00,3863052.19,,797940.66
2026-05-19 11:00:00,3827816.75,,782181.32
2026-05-19 12:00:00,3795526.55,,765731.96
2026-05-19 13:00:00,3822406.95,,762303.17
2026-05-19 14:00:00,3835129.22,,762810.33
2026-05-19 15:00:00,3794728.59,,757077.07
2026-05-19 16:00:00,3796238.70,,754253.05
2026-05-19 17:00:00,3843658.28,,760227.88
2026-05-19 18:00:00,3846002.79,,759327.08
2026-05-19 19:00:00,3830769.88,,765984.48
2026-05-19 20:00:00,3826343.53,,772930.77
2026-05-19 21:00:00,3846272.03,,775394.13
2026-05-19 22:00:00,3836193.04,,774439.12
2026-05-19 23:00:00,3801745.63,,762908.56
2026-05-20 00:00:00,3828137.43,,764321.27
2026-05-20 01:00:00,3835286.25,,764915.58
2026-05-20 02:00:00,3847024.61,,765143.80
2026-05-20 03:00:00,3821698.54,,754612.88
2026-05-20 04:00:00,3823161.16,,754429.00
2026-05-20 05:00:00,3840519.60,,752047.52
2026-05-20 06:00:00,3877808.64,,755075.54
2026-05-20 07:00:00,3868132.72,,752027.25
2026-05-20 08:00:00,3801512.24,,751722.48
2026-05-20 09:00:00,3819213.44,,755117.52
2026-05-20 10:00:00,3862039.69,,763804.57
2026-05-20 11:00:00,3853797.61,,756970.82
2026-05-20 12:00:00,3938183.85,,790598.25
2026-05-20 13:00:00,3952387.97,,803400.93
2026-05-20 14:00:00,3878039.20,,801340.10
2026-05-20 15:00:00,4078068.78,,831731.03
2026-05-20 16:00:00,4124875.63,,829801.63
2026-05-20 17:00:00,4129559.12,,829552.35
2026-05-20 18:00:00,4097880.36,,817951.81
2026-05-20 19:00:00,4089059.79,,812992.09
2026-05-20 20:00:00,4095461.88,,814308.11
2026-05-20 21:00:00,4086327.14,,810144.83
2026-05-20 22:00:00,4084425.44,,809751.80
2026-05-20 23:00:00,4056161.95,,800497.46
2026-05-21 00:00:00,4058075.19,,796146.05
2026-05-21 01:00:00,4104628.56,,804626.78
2026-05-21 02:00:00,4128996.81,,809930.94
2026-05-21 03:00:00,4075920.15,,807652.10
2026-05-21 04:00:00,4080492.96,,809869.93
2026-05-21 05:00:00,4086999.93,,809074.91
2026-05-21 06:00:00,4050483.12,,799121.64
2026-05-21 07:00:00,4063906.85,,799630.79
2026-05-21 08:00:00,4116493.11,,809690.21
2026-05-21 09:00:00,4112369.90,,804891.11
2026-05-21 10:00:00,4059902.42,,786047.11
2026-05-21 11:00:00,3980998.85,,772680.03
2026-05-21 12:00:00,4007876.50,,774713.00
2026-05-21 13:00:00,4004449.09,,773341.32
2026-05-21 14:00:00,4026482.21,,774336.73
2026-05-21 15:00:00,4081487.55,,801718.87
2026-05-21 16:00:00,4096256.08,,805401.08
2026-05-21 17:00:00,4071991.33,,802606.58
2026-05-21 18:00:00,4158667.57,,821635.55
2026-05-21 19:00:00,4215589.92,,833367.48
2026-05-21 20:00:00,4287477.49,,851056.93
2026-05-21 21:00:00,4266133.69,,847420.38
2026-05-21 22:00:00,4232986.27,,840692.37
2026-05-21 23:00:00,4204737.92,,831439.51
2026-05-22 00:00:00,4204467.94,,824709.27
2026-05-22 01:00:00,4387042.41,,894759.78
2026-05-22 02:00:00,4396368.89,,914462.42
2026-05-22 03:00:00,4456933.81,,900402.89
2026-05-22 04:00:00,4404056.25,,870664.98
2026-05-22 05:00:00,4419423.47,,855815.23
2026-05-22 06:00:00,4398001.02,,841978.27
2026-05-22 07:00:00,4388956.67,,834693.20
2026-05-22 08:00:00,4716627.45,,906055.08
2026-05-22 09:00:00,4735991.88,,900985.36
2026-05-22 10:00:00,4643347.85,,883576.89
2026-05-22 11:00:00,4627675.19,,878799.83
2026-05-22 12:00:00,4739463.59,,908389.22
2026-05-22 13:00:00,4845665.25,,932272.55
2026-05-22 14:00:00,4749040.53,,930412.76
2026-05-22 15:00:00,4717394.22,,924408.88
2026-05-22 16:00:00,4629535.98,,927748.29
2026-05-22 17:00:00,4682003.80,,936824.90
2026-05-22 18:00:00,4660901.35,,921295.80
2026-05-22 19:00:00,4543000.03,,913090.74
2026-05-22 20:00:00,4235824.55,,906414.81
2026-05-22 21:00:00,4276975.13,,915182.14
2026-05-22 22:00:00,4323909.87,,912013.76
2026-05-22 23:00:00,4328858.32,,910481.33
2026-05-23 00:00:00,4274452.99,,903208.54
2026-05-23 01:00:00,4139697.96,,912474.44
2026-05-23 02:00:00,4061684.00,,915066.29
2026-05-23 03:00:00,4053696.40,,917370.72
2026-05-23 04:00:00,4113088.87,,915815.99
2026-05-23 05:00:00,4131544.66,,902834.64
2026-05-23 06:00:00,4171489.19,,903379.79
2026-05-23 07:00:00,4077670.97,,894493.81
2026-05-23 08:00:00,3895239.61,,860901.24
2026-05-23 09:00:00,3901946.50,,864342.50
2026-05-23 10:00:00,3905831.01,,864546.07
2026-05-23 11:00:00,3910210.28,,865118.44
2026-05-23 12:00:00,3901127.67,,860187.08
2026-05-23 13:00:00,3921480.02,,868073.47
2026-05-23 14:00:00,4004400.61,,887808.40
2026-05-23 15:00:00,4038600.78,,894618.37
2026-05-23 16:00:00,4233257.60,,891936.69
2026-05-23 17:00:00,4229686.01,,886873.97
2026-05-23 18:00:00,4194968.50,,894826.22
2026-05-23 19:00:00,4243869.10,,909166.88
2026-05-23 20:00:00,4249041.05,,910256.61
2026-05-23 21:00:00,4369852.04,,932946.89
2026-05-23 22:00:00,4281914.16,,914305.04
2026-05-23 23:00:00,4266178.72,,923765.90
2026-05-24 00:00:00,4267500.47,,935136.97
2026-05-24 01:00:00,4283987.70,,973862.64
2026-05-24 02:00:00,4308051.50,,957708.82
2026-05-24 03:00:00,4293834.60,,967156.33
2026-05-24 04:00:00,4272591.01,,969661.10
2026-05-24 05:00:00,4251423.44,,975397.88
2026-05-24 06:00:00,4268539.49,,1000668.88
2026-05-24 07:00:00,4295165.42,,1003290.07
2026-05-24 08:00:00,4283260.62,,992314.69
2026-05-24 09:00:00,4283159.81,,987355.84
2026-05-24 10:00:00,4303949.65,,995970.99
2026-05-24 11:00:00,4262315.27,,984975.30
2026-05-24 12:00:00,4233041.22,,996699.64
2026-05-24 13:00:00,4209814.19,,999784.20
2026-05-24 14:00:00,4187879.82,,996750.74
2026-05-24 15:00:00,4154501.28,,1047890.79
2026-05-24 16:00:00,4171453.40,,1024674.12
2026-05-24 17:00:00,4165060.27,,1020778.65
2026-05-24 18:00:00,4143930.93,,1025612.15
2026-05-24 19:00:00,4137975.47,,1021828.99
2026-05-24 20:00:00,4133330.67,,1018870.98
2026-05-24 21:00:00,4103350.29,,1031830.04
2026-05-24 22:00:00,3991160.10,,1020893.81
2026-05-24 23:00:00,4030363.53,,1005466.05
2026-05-25 00:00:00,4046703.74,,999302.53
2026-05-25 01:00:00,4030869.46,,988424.31
2026-05-25 02:00:00,4007109.75,,976019.17
2026-05-25 03:00:00,4030347.15,,958589.50
2026-05-25 04:00:00,4034598.50,,965204.31
2026-05-25 05:00:00,4062732.92,,958629.76
2026-05-25 06:00:00,4054519.54,,949879.58
2026-05-25 07:00:00,4053113.72,,944092.68
2026-05-25 08:00:00,4038162.17,,933092.06
2026-05-25 09:00:00,4067722.49,,937896.98
2026-05-25 10:00:00,4059641.63,,932737.53
2026-05-25 11:00:00,4100775.37,,940994.44
2026-05-25 12:00:00,4050933.04,,938491.30
2026-05-25 13:00:00,4065894.60,,959505.99
2026-05-25 14:00:00,4047327.96,,965349.37
2026-05-25 15:00:00,4097859.54,,984583.44
2026-05-25 16:00:00,4091034.10,,976103.36
2026-05-25 17:00:00,4148757.38,,982676.21
2026-05-25 18:00:00,4173710.76,,961657.30
2026-05-25 19:00:00,4180930.48,,957740.78
2026-05-25 20:00:00,4191607.91,,973704.59
2026-05-25 21:00:00,4147080.08,,954541.43
2026-05-25 22:00:00,4167928.72,,955483.23
2026-05-25 23:00:00,4129700.77,,931537.75
2026-05-26 00:00:00,4146256.06,,929362.36
2026-05-26 01:00:00,4118186.45,,916040.50
2026-05-26 02:00:00,4083651.27,,926818.73
2026-05-26 03:00:00,4059370.81,,947353.60
2026-05-26 04:00:00,4071931.02,,969361.44
2026-05-26 05:00:00,4119871.05,,965499.50
2026-05-26 06:00:00,4141574.42,,955026.46
2026-05-26 07:00:00,4134772.78,,956887.03
2026-05-26 08:00:00,4127716.03,,954421.86
2026-05-26 09:00:00,4179681.35,,948688.30
2026-05-26 10:00:00,4239092.08,,987582.57
2026-05-26 11:00:00,4691823.87,,1042878.17
2026-05-26 12:00:00,5174214.98,,1062415.55
2026-05-26 13:00:00,5130887.11,,1095294.91
2026-05-26 14:00:00,5243583.93,,1099641.03
2026-05-26 15:00:00,5226356.63,,1081724.01
2026-05-26 16:00:00,5270351.21,,1080053.76
2026-05-26 17:00:00,5325597.63,,1084625.48
2026-05-26 18:00:00,5237270.84,,1069765.01
2026-05-26 19:00:00,5181036.53,,1072282.46
2026-05-26 20:00:00,5189773.35,,1073315.15
2026-05-26 21:00:00,5155839.13,,1076477.32
2026-05-26 22:00:00,5096454.79,,1061883.96
2026-05-26 23:00:00,5159181.67,,1074637.31
2026-05-27 00:00:00,5191745.16,,1065160.98
2026-05-27 01:00:00,5444545.54,,1059078.57
2026-05-27 02:00:00,5373350.97,,1056978.91
2026-05-27 03:00:00,5293824.08,,1055740.63
2026-05-27 04:00:00,5219934.73,,1039400.08
2026-05-27 05:00:00,5188395.91,,1069580.59
2026-05-27 06:00:00,5299695.06,,1091460.96
2026-05-27 07:00:00,5338218.23,,1097783.24
2026-05-27 08:00:00,4969613.91,,1078961.71
2026-05-27 09:00:00,5047911.16,,1083939.68
2026-05-27 10:00:00,5334924.60,,1127161.06
2026-05-27 11:00:00,5546316.36,,1197421.79
2026-05-27 12:00:00,5427800.12,,1179996.49
2026-05-27 13:00:00,5557250.14,,1137321.29
2026-05-27 14:00:00,5128472.67,,1065012.47
2026-05-27 15:00:00,4972036.56,,1027187.51
2026-05-27 16:00:00,5030386.74,,1023416.21
2026-05-27 17:00:00,5166678.54,,1060357.93
2026-05-27 18:00:00,5076920.25,,1043346.21
2026-05-27 19:00:00,4921910.57,,1023233.72
2026-05-27 20:00:00,4884434.49,,1000759.09
2026-05-27 21:00:00,4881557.28,,1001691.34
2026-05-27 22:00:00,4605254.52,,944038.07
2026-05-27 23:00:00,4369200.82,,932285.15
2026-05-28 00:00:00,4386016.83,,942139.87
2026-05-28 01:00:00,4338441.98,,927223.72
2026-05-28 02:00:00,4217302.50,,918803.68
2026-05-28 03:00:00,4142461.02,,911156.66
2026-05-28 04:00:00,3980521.35,,894892.46
2026-05-28 05:00:00,3982354.66,,882094.06
2026-05-28 06:00:00,3947595.08,,866228.56
2026-05-28 07:00:00,3949765.63,,859216.07
2026-05-28 08:00:00,3952851.22,,841558.26
2026-05-28 09:00:00,3892109.06,,818244.28
2026-05-28 10:00:00,3975769.98,,815771.99
2026-05-28 11:00:00,4000052.02,,794040.20
2026-05-28 12:00:00,3997650.36,,787167.75
2026-05-28 13:00:00,4039872.46,,790318.22
2026-05-28 14:00:00,4021719.30,,772688.94
2026-05-28 15:00:00,4112617.31,,793400.62
2026-05-28 16:00:00,4127417.75,,781846.47
2026-05-28 17:00:00,4122639.38,,773309.77
2026-05-28 18:00:00,4161646.46,,774974.67
2026-05-28 19:00:00,4192405.41,,769277.78
2026-05-28 20:00:00,4153802.04,,747053.86
2026-05-28 21:00:00,4182790.55,,754497.02
2026-05-28 22:00:00,4178327.85,,749191.07
2026-05-28 23:00:00,4142878.03,,743927.38
2026-05-29 00:00:00,4128207.37,,741338.54
2026-05-29 01:00:00,4126434.40,,742678.88
2026-05-29 02:00:00,4188168.26,,764626.86
2026-05-29 03:00:00,4101395.49,,751056.63
2026-05-29 04:00:00,4080283.62,,742454.13
2026-05-29 05:00:00,4094820.72,,756361.57
2026-05-29 06:00:00,4104612.94,,803358.09
2026-05-29 07:00:00,4139651.25,,793717.51
2026-05-29 08:00:00,4126841.13,,785180.46
2026-05-29 09:00:00,4155988.93,,790244.33
2026-05-29 10:00:00,4238626.44,,820526.83
2026-05-29 11:00:00,4168366.29,,819557.89
2026-05-29 12:00:00,4089479.19,,783143.16
2026-05-29 13:00:00,4003649.54,,818013.50
2026-05-29 14:00:00,4003421.91,,822865.58
2026-05-29 15:00:00,4024595.87,,803138.40
2026-05-29 16:00:00,4175233.84,,822056.21
2026-05-29 17:00:00,4172347.64,,825203.87
2026-05-29 18:00:00,4206146.95,,793104.60
2026-05-29 19:00:00,4165328.30,,777354.05
2026-05-29 20:00:00,4168054.41,,777171.93
2026-05-29 21:00:00,4143907.57,,755431.95
2026-05-29 22:00:00,4082918.63,,738223.12
2026-05-29 23:00:00,4111701.40,,752109.07
2026-05-30 00:00:00,4121759.01,,734755.71
2026-05-30 01:00:00,4150188.74,,733658.82
2026-05-30 02:00:00,4177500.99,,744052.86
2026-05-30 03:00:00,4182493.52,,750329.66
2026-05-30 04:00:00,4139948.42,,730247.00
2026-05-30 05:00:00,4105564.04,,754676.78
2026-05-30 06:00:00,4150540.07,,756547.93
2026-05-30 07:00:00,4135720.14,,746082.05
2026-05-30 08:00:00,4125037.75,,749238.04
2026-05-30 09:00:00,4095081.43,,746885.01
2026-05-30 10:00:00,4103737.31,,745738.84
2026-05-30 11:00:00,4091484.53,,745803.89
2026-05-30 12:00:00,4115244.26,,751236.15
2026-05-30 13:00:00,4115279.94,,755407.07
2026-05-30 14:00:00,4124799.50,,750929.64
2026-05-30 15:00:00,4209012.61,,749804.50
2026-05-30 16:00:00,4146889.59,,703113.38
2026-05-30 17:00:00,4138319.85,,705832.12
2026-05-30 18:00:00,4154727.96,,698287.22
2026-05-30 19:00:00,4159376.88,,702766.98
2026-05-30 20:00:00,4133904.35,,702458.28
2026-05-30 21:00:00,4140235.49,,697193.32
2026-05-30 22:00:00,4115639.53,,692868.95
2026-05-30 23:00:00,4073162.24,,720376.34
2026-05-31 00:00:00,4090437.85,,729459.69
2026-05-31 01:00:00,4086575.96,,754218.59
2026-05-31 02:00:00,4106981.49,,746578.68
2026-05-31 03:00:00,4086935.48,,747314.67
2026-05-31 04:00:00,4087075.23,,748275.41
2026-05-31 05:00:00,4125408.00,,754731.68
2026-05-31 06:00:00,4068580.63,,752274.42
2026-05-31 07:00:00,4063723.37,,754685.00
2026-05-31 08:00:00,3994959.80,,747072.94
2026-05-31 09:00:00,3982407.87,,755064.52
2026-05-31 10:00:00,3978975.72,,774835.82
2026-05-31 11:00:00,3990691.23,,768482.67
2026-05-31 12:00:00,4071076.67,,750897.30
2026-05-31 13:00:00,4080708.45,,757003.76
2026-05-31 14:00:00,4118564.48,,783655.68
2026-05-31 15:00:00,3966818.09,,778890.41
2026-05-31 16:00:00,3986012.45,,780840.54
2026-05-31 17:00:00,3963146.52,,774412.49
2026-05-31 18:00:00,3991956.98,,780077.03
2026-05-31 19:00:00,3972952.55,,784411.17
2026-05-31 20:00:00,3965772.92,,785228.90
2026-05-31 21:00:00,4043381.14,,789203.06
2026-05-31 22:00:00,4105033.34,,779953.15
2026-05-31 23:00:00,4102632.71,,767117.06
2026-06-01 00:00:00,4123620.46,,797933.53
2026-06-01 01:00:00,4141660.03,,799422.83
2026-06-01 02:00:00,4048732.73,,794910.73
2026-06-01 03:00:00,4160780.15,,832365.31
2026-06-01 04:00:00,4131709.13,,835067.03
2026-06-01 05:00:00,4061612.92,,859469.24
2026-06-01 06:00:00,4011836.56,,888224.31
2026-06-01 07:00:00,3986738.92,,845046.68
2026-06-01 08:00:00,3943583.01,,828984.97
2026-06-01 09:00:00,4008120.85,,832499.84
2026-06-01 10:00:00,4023218.88,,815896.58
2026-06-01 11:00:00,4033330.42,,793228.33
2026-06-01 12:00:00,3998091.75,,779943.44
2026-06-01 13:00:00,3908355.51,,820982.33
2026-06-01 14:00:00,3847257.77,,798207.34
2026-06-01 15:00:00,3849225.51,,786682.79
2026-06-01 16:00:00,3877016.95,,773247.64
2026-06-01 17:00:00,3976637.20,,799382.79
2026-06-01 18:00:00,4018777.63,,842838.33
2026-06-01 19:00:00,4007567.00,,860476.78
2026-06-01 20:00:00,4040319.72,,856861.50
2026-06-01 21:00:00,4026250.24,,858350.99
2026-06-01 22:00:00,3993173.45,,876116.47
2026-06-01 23:00:00,4043655.57,,918513.37
2026-06-02 00:00:00,4044643.85,,903675.52
2026-06-02 01:00:00,4022036.71,,976756.45
2026-06-02 02:00:00,3933566.46,,966496.48
2026-06-02 03:00:00,3996883.56,,918815.80
2026-06-02 04:00:00,4033346.20,,887140.49
2026-06-02 05:00:00,4009227.35,,888732.58
2026-06-02 06:00:00,3967558.88,,906736.83
2026-06-02 07:00:00,3956783.83,,935757.82
2026-06-02 08:00:00,3990064.18,,919373.46
2026-06-02 09:00:00,3997387.20,,909809.70
2026-06-02 10:00:00,3956559.12,,888755.66
2026-06-02 11:00:00,3992438.45,,859282.94
2026-06-02 12:00:00,3976724.95,,841505.84
2026-06-02 13:00:00,3999364.10,,839625.60
2026-06-02 14:00:00,3951102.43,,825082.26
2026-06-02 15:00:00,3751139.53,,815371.73
2026-06-02 16:00:00,3710878.33,,807822.94
2026-06-02 17:00:00,3736201.47,,819843.54
2026-06-02 18:00:00,3808277.52,,850624.78
2026-06-02 19:00:00,3712079.33,,812035.84
2026-06-02 20:00:00,3671541.68,,827933.00
2026-06-02 21:00:00,3699109.70,,842277.12
2026-06-02 22:00:00,3701402.86,,836104.79
2026-06-02 23:00:00,3533011.20,,819822.02
2026-06-03 00:00:00,3542144.61,,816430.50
2026-06-03 01:00:00,3595512.97,,832515.29
2026-06-03 02:00:00,3668931.87,,847088.86
2026-06-03 03:00:00,3630451.99,,842873.40
2026-06-03 04:00:00,3527654.07,,847875.43
2026-06-03 05:00:00,3687861.12,,866732.86
2026-06-03 06:00:00,3877757.14,,863769.34
2026-06-03 07:00:00,3883146.27,,853503.99
2026-06-03 08:00:00,3930945.10,,851780.00
2026-06-03 09:00:00,3924829.17,,842280.16
2026-06-03 10:00:00,3903770.02,,849419.25
2026-06-03 11:00:00,3980125.36,,840857.60
2026-06-03 12:00:00,3954654.51,,825493.23
2026-06-03 13:00:00,3957675.07,,845780.80
2026-06-03 14:00:00,3988011.84,,859603.64
2026-06-03 15:00:00,3987715.25,,870007.74
2026-06-03 16:00:00,3923659.27,,843150.79
2026-06-03 17:00:00,3841684.80,,847191.36
2026-06-03 18:00:00,3881520.80,,904469.16
2026-06-03 19:00:00,3910071.01,,890397.30
2026-06-03 20:00:00,3831414.44,,867120.42
2026-06-03 21:00:00,3706377.18,,839575.95
2026-06-03 22:00:00,3853894.07,,884469.71
2026-06-03 23:00:00,3783247.69,,873749.92
2026-06-04 00:00:00,3757804.55,,829788.34
2026-06-04 01:00:00,3681605.92,,806164.67
2026-06-04 02:00:00,3524726.30,,759761.12
2026-06-04 03:00:00,3363375.81,,707607.11
2026-06-04 04:00:00,3480527.82,,707391.31
2026-06-04 05:00:00,3485507.81,,691392.58
2026-06-04 06:00:00,3492745.26,,689538.53
2026-06-04 07:00:00,3552815.06,,676804.16
2026-06-04 08:00:00,3425346.12,,661527.09
2026-06-04 09:00:00,3420047.53,,658672.16
2026-06-04 10:00:00,3367001.72,,647764.10
2026-06-04 11:00:00,3333425.15,,627721.39
2026-06-04 12:00:00,3334346.68,,626913.20
2026-06-04 13:00:00,3406446.31,,626264.42
2026-06-04 14:00:00,3407361.30,,632418.04
2026-06-04 15:00:00,3404345.74,,641306.17
2026-06-04 16:00:00,3426489.89,,646711.45
2026-06-04 17:00:00,3436941.08,,661003.31
2026-06-04 18:00:00,3397716.76,,636586.84
2026-06-04 19:00:00,3434419.67,,656717.09
2026-06-04 20:00:00,3425198.03,,663584.03
2026-06-04 21:00:00,3390810.76,,637403.18
2026-06-04 22:00:00,3278160.40,,616700.35
2026-06-04 23:00:00,3319280.51,,629963.69
2026-06-05 00:00:00,3342020.61,,630003.52
2026-06-05 01:00:00,3303858.64,,613612.70
2026-06-05 02:00:00,3326752.15,,619352.06
2026-06-05 03:00:00,3211306.46,,597327.77
2026-06-05 04:00:00,3246565.36,,626733.38
2026-06-05 05:00:00,3336566.99,,628055.56
2026-06-05 06:00:00,3236548.68,,582844.66
2026-06-05 07:00:00,3158801.54,,583724.50
2026-06-05 08:00:00,3201318.90,,583131.82
2026-06-05 09:00:00,3112318.33,,581432.83
2026-06-05 10:00:00,3169112.03,,580129.84
2026-06-05 11:00:00,3128510.24,,566703.09
2026-06-05 12:00:00,3101157.97,,569005.33
2026-06-05 13:00:00,3101849.80,,568070.20
2026-06-05 14:00:00,3031973.94,,552586.40
2026-06-05 15:00:00,3052505.12,,559635.81
2026-06-05 16:00:00,2991068.83,,544773.40
2026-06-05 17:00:00,3041292.24,,603496.61
2026-06-05 18:00:00,3028146.28,,595070.83
2026-06-05 19:00:00,2898415.40,,571126.66
2026-06-05 20:00:00,2962332.70,,589738.77
2026-06-05 21:00:00,3048226.22,,634338.75
2026-06-05 22:00:00,3065787.61,,647698.33
2026-06-05 23:00:00,3052505.21,,639523.63
2026-06-06 00:00:00,3038774.36,,632736.41
2026-06-06 01:00:00,3064585.03,,646009.34
2026-06-06 02:00:00,3027464.65,,628744.66
2026-06-06 03:00:00,2985810.87,,608653.00
2026-06-06 04:00:00,2925211.98,,582239.37
2026-06-06 05:00:00,2789020.74,,542255.80
2026-06-06 06:00:00,2883901.41,,555241.89
2026-06-06 07:00:00,2896792.18,,559808.84
2026-06-06 08:00:00,2933812.02,,567055.44
2026-06-06 09:00:00,2979375.83,,577078.48
2026-06-06 10:00:00,2962046.95,,582742.54
2026-06-06 11:00:00,2941005.64,,579181.42
2026-06-06 12:00:00,2970905.71,,582933.09
2026-06-06 13:00:00,2988365.80,,583968.16
2026-06-06 14:00:00,2983064.47,,580455.19
2026-06-06 15:00:00,2991916.84,,584941.03
2026-06-06 16:00:00,2969386.70,,583704.69
2026-06-06 17:00:00,2967470.72,,587557.70
2026-06-06 18:00:00,2934966.99,,588068.58
2026-06-06 19:00:00,2955099.07,,598375.85
2026-06-06 20:00:00,2967380.51,,597789.04
2026-06-06 21:00:00,2969790.30,,615524.58
2026-06-06 22:00:00,2989584.78,,614223.22
2026-06-06 23:00:00,2989584.70,,618246.53
2026-06-07 00:00:00,3006021.02,,619000.30
2026-06-07 01:00:00,3020788.49,,631798.90
2026-06-07 02:00:00,3088545.82,,659086.77
2026-06-07 03:00:00,3071203.73,,656317.21
2026-06-07 04:00:00,3042409.92,,653859.52
2026-06-07 05:00:00,3038146.17,,653636.02
2026-06-07 06:00:00,3037764.21,,642137.60
2026-06-07 07:00:00,3061895.29,,648574.94
2026-06-07 08:00:00,3087857.06,,680753.92
2026-06-07 09:00:00,3138759.89,,696688.94
2026-06-07 10:00:00,3087841.11,,675808.22
2026-06-07 11:00:00,3056483.51,,654942.50
2026-06-07 12:00:00,3111023.96,,679103.92
2026-06-07 13:00:00,3047218.24,,662608.03
2026-06-07 14:00:00,3065582.80,,659864.19
2026-06-07 15:00:00,3102256.50,,699366.68
2026-06-07 16:00:00,3108938.34,,718033.75
2026-06-07 17:00:00,3097934.41,,715073.65
2026-06-07 18:00:00,3107873.57,,725614.89
2026-06-07 19:00:00,3093075.22,,732993.09
2026-06-07 20:00:00,3033854.61,,717656.89
2026-06-07 21:00:00,3067500.24,,718738.63
2026-06-07 22:00:00,3065914.18,,713039.70
2026-06-07 23:00:00,3107907.18,,693195.53
2026-06-08 00:00:00,3122847.45,,665348.65
2026-06-08 01:00:00,3142620.84,,657027.79
2026-06-08 02:00:00,3268204.46,,782458.10
2026-06-08 03:00:00,3256903.42,,762594.12
2026-06-08 04:00:00,3252483.44,,721240.53
2026-06-08 05:00:00,3191668.83,,705434.32
2026-06-08 06:00:00,3185990.45,,697166.32
2026-06-08 07:00:00,3200449.93,,671528.97
2026-06-08 08:00:00,3239715.39,,680751.13
2026-06-08 09:00:00,3247344.44,,682367.95
2026-06-08 10:00:00,3289185.65,,710965.04
2026-06-08 11:00:00,3290870.18,,713757.78
2026-06-08 12:00:00,3333808.06,,727345.43
2026-06-08 13:00:00,3345519.39,,727502.60
2026-06-08 14:00:00,3299419.87,,703614.10
2026-06-08 15:00:00,3308831.91,,696156.35
2026-06-08 16:00:00,3314879.97,,694080.16
2026-06-08 17:00:00,3340429.11,,701085.79
2026-06-08 18:00:00,3376651.32,,704296.65
2026-06-08 19:00:00,3352768.66,,700179.52
2026-06-08 20:00:00,3352522.15,,698462.15
2026-06-08 21:00:00,3347310.72,,686009.47
2026-06-08 22:00:00,3313467.66,,675447.15
2026-06-08 23:00:00,3304732.44,,667817.45
2026-06-09 00:00:00,3282875.50,,677811.01
2026-06-09 01:00:00,3226558.64,,710419.51
2026-06-09 02:00:00,3253069.93,,701885.26
2026-06-09 03:00:00,3233522.87,,738534.15
2026-06-09 04:00:00,3250357.80,,738337.37
2026-06-09 05:00:00,3304537.02,,747663.44
2026-06-09 06:00:00,3297269.68,,735930.97
2026-06-09 07:00:00,3303986.35,,712164.46
2026-06-09 08:00:00,3306440.72,,698968.41
2026-06-09 09:00:00,3279763.80,,701002.93
2026-06-09 10:00:00,3244077.36,,705882.84
2026-06-09 11:00:00,3249957.97,,721805.77
2026-06-09 12:00:00,3262258.07,,723835.77
2026-06-09 13:00:00,3227256.01,,703622.44
2026-06-09 14:00:00,3212405.72,,702641.41
2026-06-09 15:00:00,3174248.10,,700500.95
2026-06-09 16:00:00,3119459.63,,676605.13
2026-06-09 17:00:00,3119858.71,,669250.45
2026-06-09 18:00:00,3145882.17,,657447.79
2026-06-09 19:00:00,3175508.22,,649878.77
2026-06-09 20:00:00,3170764.92,,644024.34
2026-06-09 21:00:00,3188535.23,,642114.30
2026-06-09 22:00:00,3142566.30,,636626.96
2026-06-09 23:00:00,3120316.82,,629763.91
2026-06-10 00:00:00,3125685.54,,643310.27
2026-06-10 01:00:00,3126462.08,,621215.89
2026-06-10 02:00:00,3124568.19,,622528.55
2026-06-10 03:00:00,3075778.30,,600748.51
2026-06-10 04:00:00,3075286.78,,600018.02
2026-06-10 05:00:00,3069750.98,,606329.93
2026-06-10 06:00:00,3074627.91,,613587.78
2026-06-10 07:00:00,3093379.70,,615747.39
2026-06-10 08:00:00,3116604.21,,613072.91
2026-06-10 09:00:00,3071848.84,,598650.24
2026-06-10 10:00:00,3083662.62,,610863.39
2026-06-10 11:00:00,3106825.16,,610016.89
2026-06-10 12:00:00,2969579.37,,603259.54
2026-06-10 13:00:00,3014515.33,,625042.49
2026-06-10 14:00:00,3047158.76,,628894.15
2026-06-10 15:00:00,3088205.02,,615293.41
2026-06-10 16:00:00,3111148.31,,611325.97
2026-06-10 17:00:00,3081179.89,,603577.47
2026-06-10 18:00:00,3066683.40,,601154.98
2026-06-10 19:00:00,3063972.88,,597662.55
2026-06-10 20:00:00,3032370.48,,588610.31
2026-06-10 21:00:00,3025887.21,,583873.47
2026-06-10 22:00:00,2965845.66,,569074.17
2026-06-10 23:00:00,2988297.53,,565251.07
2026-06-11 00:00:00,3031312.34,,576261.20
2026-06-11 01:00:00,3093885.86,,583910.68
2026-06-11 02:00:00,3048123.08,,593340.98
2026-06-11 03:00:00,3048380.70,,594670.00
2026-06-11 04:00:00,3098391.13,,607370.13
2026-06-11 05:00:00,3139094.96,,610536.52
2026-06-11 06:00:00,3103398.16,,603441.27
2026-06-11 07:00:00,3104631.08,,607097.93
2026-06-11 08:00:00,3107462.71,,607575.78
2026-06-11 09:00:00,3078432.68,,611208.07
2026-06-11 10:00:00,3072674.87,,611031.42
2026-06-11 11:00:00,3074681.08,,616784.76
2026-06-11 12:00:00,3078101.08,,615365.12
2026-06-11 13:00:00,3041086.66,,604066.05
2026-06-11 14:00:00,3065005.31,,608134.90
2026-06-11 15:00:00,3050425.59,,603038.48
2026-06-11 16:00:00,3045135.47,,608636.89
2026-06-11 17:00:00,3021831.43,,602984.67
2026-06-11 18:00:00,3101795.19,,627628.50
2026-06-11 19:00:00,3085974.27,,618863.89
2026-06-11 20:00:00,3075477.26,,620806.46
2026-06-11 21:00:00,3053415.53,,613272.13
2026-06-11 22:00:00,3112910.62,,610796.70
2026-06-11 23:00:00,3084219.87,,598204.31
2026-06-12 00:00:00,3088385.76,,609225.48
2026-06-12 01:00:00,3092526.15,,600528.74
2026-06-12 02:00:00,3060601.70,,601219.45
2026-06-12 03:00:00,3087182.95,,607883.35
2026-06-12 04:00:00,3100735.08,,603670.98
2026-06-12 05:00:00,3108199.15,,598986.84
2026-06-12 06:00:00,3061118.43,,600422.19
2026-06-12 07:00:00,3023166.39,,601125.22
2026-06-12 08:00:00,3011120.26,,606918.28
2026-06-12 09:00:00,3041107.47,,598651.23
2026-06-12 10:00:00,3055076.96,,605789.20
2026-06-12 11:00:00,3088367.07,,611998.97
2026-06-12 12:00:00,3072807.35,,613792.82
2026-06-12 13:00:00,3055697.15,,597614.97
2026-06-12 14:00:00,3021880.03,,602394.95
2026-06-12 15:00:00,3085178.38,,607575.54
2026-06-12 16:00:00,3044803.16,,586676.32
2026-06-12 17:00:00,3055942.85,,591849.93
2026-06-12 18:00:00,3041663.96,,592544.86
2026-06-12 19:00:00,3017075.62,,591123.89
2026-06-12 20:00:00,3019492.00,,603407.12
2026-06-12 21:00:00,3018101.36,,597197.91
2026-06-12 22:00:00,3035750.29,,599135.06
2026-06-12 23:00:00,3032674.66,,592697.41
2026-06-13 00:00:00,3028080.12,,586289.77
2026-06-13 01:00:00,3040654.20,,580155.83
2026-06-13 02:00:00,3059263.08,,582725.69
2026-06-13 03:00:00,3047160.45,,583119.12
2026-06-13 04:00:00,3046494.12,,584888.60
2026-06-13 05:00:00,3025024.55,,579979.49
2026-06-13 06:00:00,3045999.41,,590672.68
2026-06-13 07:00:00,3075594.33,,593826.22
2026-06-13 08:00:00,3114955.62,,596661.46
2026-06-13 09:00:00,3105974.04,,609878.04
2026-06-13 10:00:00,3212676.56,,620573.42
2026-06-13 11:00:00,3146963.25,,630136.18
2026-06-13 12:00:00,3173692.25,,632718.90
2026-06-13 13:00:00,3167508.17,,639598.52
2026-06-13 14:00:00,3224823.38,,661655.83
2026-06-13 15:00:00,3250090.84,,662823.72
2026-06-13 16:00:00,3254066.76,,658447.05
2026-06-13 17:00:00,3227114.78,,641797.64
2026-06-13 18:00:00,3198581.49,,634781.11
2026-06-13 19:00:00,3201240.38,,631730.77
2026-06-13 20:00:00,3204539.24,,649700.17
2026-06-13 21:00:00,3188174.11,,639520.86
2026-06-13 22:00:00,3207681.62,,640069.98
2026-06-13 23:00:00,3207356.89,,666291.86
2026-06-14 00:00:00,3214936.80,,674292.63
2026-06-14 01:00:00,3210233.47,,672293.77
2026-06-14 02:00:00,3205413.43,,664476.53
2026-06-14 03:00:00,3209561.03,,661225.57
2026-06-14 04:00:00,3245752.97,,673171.23
2026-06-14 05:00:00,3173860.09,,652290.75
2026-06-14 06:00:00,3202968.68,,655287.31
2026-06-14 07:00:00,3214657.37,,646522.49
2026-06-14 08:00:00,3209670.75,,644522.80
2026-06-14 09:00:00,3224207.22,,641392.19
2026-06-14 10:00:00,3240092.22,,641282.88
2026-06-14 11:00:00,3222181.13,,627430.66
2026-06-14 12:00:00,3289962.52,,636579.58
2026-06-14 13:00:00,3193576.97,,652844.68
2026-06-14 14:00:00,3217553.25,,666491.37
2026-06-14 15:00:00,3235717.78,,731507.03
2026-06-14 16:00:00,3219058.49,,758412.78
2026-06-14 17:00:00,3237261.18,,757701.94
2026-06-14 18:00:00,3221168.58,,750594.36
2026-06-14 19:00:00,3231311.35,,756010.11
2026-06-14 20:00:00,3252925.32,,745226.24
2026-06-14 21:00:00,3253009.34,,742777.90
2026-06-14 22:00:00,3348557.29,,750810.34
2026-06-14 23:00:00,3377239.21,,747000.66
2026-06-15 00:00:00,3409131.09,,755466.26
2026-06-15 01:00:00,3350816.32,,714235.01
2026-06-15 02:00:00,3459149.70,,708591.01
2026-06-15 03:00:00,3447171.80,,717973.13
2026-06-15 04:00:00,3453651.27,,727214.16
2026-06-15 05:00:00,3541285.75,,744435.35
2026-06-15 06:00:00,3553950.81,,737098.31
2026-06-15 07:00:00,3528049.20,,729827.88
2026-06-15 08:00:00,3509108.43,,724203.35
2026-06-15 09:00:00,3508489.74,,723958.00
2026-06-15 10:00:00,3793511.06,,793348.48
2026-06-15 11:00:00,3784759.49,,781290.39
2026-06-15 12:00:00,3838518.04,,786841.51
2026-06-15 13:00:00,3820715.74,,796117.74
2026-06-15 14:00:00,3852081.05,,818527.91
2026-06-15 15:00:00,3881620.51,,819762.44
2026-06-15 16:00:00,3870896.11,,818196.52
2026-06-15 17:00:00,3840613.18,,894870.32
2026-06-15 18:00:00,3855787.82,,939554.86
2026-06-15 19:00:00,3808298.79,,957564.16
2026-06-15 20:00:00,3779848.42,,985960.93
2026-06-15 21:00:00,3755925.85,,952912.37
2026-06-15 22:00:00,3776618.39,,949170.14
2026-06-15 23:00:00,3710177.99,,967740.80
2026-06-16 00:00:00,3746829.77,,968349.45
2026-06-16 01:00:00,3773673.38,,936034.90
2026-06-16 02:00:00,3662889.67,,963201.38
2026-06-16 03:00:00,3650773.30,,1001981.25
2026-06-16 04:00:00,3689672.08,,980729.22
2026-06-16 05:00:00,3656695.34,,969368.45
2026-06-16 06:00:00,3676412.52,,933422.63
2026-06-16 07:00:00,3675475.79,,908264.81
2026-06-16 08:00:00,3670347.97,,900765.32
2026-06-16 09:00:00,3721333.21,,901246.42
2026-06-16 10:00:00,3675821.69,,868908.30
2026-06-16 11:00:00,3692111.84,,867939.97
2026-06-16 12:00:00,3680157.67,,857447.18
2026-06-16 13:00:00,3677154.97,,891639.80
2026-06-16 14:00:00,3640610.18,,918817.79
2026-06-16 15:00:00,3574040.26,,893812.36
2026-06-16 16:00:00,3590784.83,,894323.87
2026-06-16 17:00:00,3579207.02,,879011.35
2026-06-16 18:00:00,3628648.19,,887245.01
2026-06-16 19:00:00,3634400.21,,866565.98
2026-06-16 20:00:00,3636180.41,,869529.04
2026-06-16 21:00:00,3672123.29,,860490.55
2026-06-16 22:00:00,3651899.50,,845931.54
2026-06-16 23:00:00,3663618.68,,836205.43
2026-06-17 00:00:00,3644739.32,,822394.56
2026-06-17 01:00:00,3667040.54,,803174.32
2026-06-17 02:00:00,3707178.79,,801785.57
2026-06-17 03:00:00,3730944.63,,767768.41
2026-06-17 04:00:00,3644545.92,,761342.85
2026-06-17 05:00:00,3659815.31,,751613.10
2026-06-17 06:00:00,3648129.73,,745689.04
2026-06-17 07:00:00,3617956.14,,750335.06
2026-06-17 08:00:00,3631130.13,,748294.34
2026-06-17 09:00:00,3534628.07,,811922.40
2026-06-17 10:00:00,3539833.99,,838758.66
2026-06-17 11:00:00,3513434.70,,833362.70
2026-06-17 12:00:00,3511423.27,,866911.11
2026-06-17 13:00:00,3559581.50,,878889.65
2026-06-17 14:00:00,3530266.68,,861132.63
2026-06-17 15:00:00,3518207.67,,855702.79
2026-06-17 16:00:00,3585442.14,,863372.30
2026-06-17 17:00:00,3550240.47,,833142.48
2026-06-17 18:00:00,3554565.69,,851449.94
2026-06-17 19:00:00,3503857.00,,868627.89
2026-06-17 20:00:00,3376699.99,,821155.45
2026-06-17 21:00:00,3393215.51,,837755.22
2026-06-17 22:00:00,3339877.64,,844184.23
2026-06-17 23:00:00,3186512.84,,941433.93
2026-06-18 00:00:00,3190702.91,,930771.42
2026-06-18 01:00:00,3171056.74,,911335.85
2026-06-18 02:00:00,3160290.40,,896179.29
2026-06-18 03:00:00,3180689.56,,899957.90
2026-06-18 04:00:00,3129058.05,,872666.18
2026-06-18 05:00:00,3105130.20,,848151.42
2026-06-18 06:00:00,3096386.08,,835672.70
2026-06-18 07:00:00,3106380.08,,841465.96
2026-06-18 08:00:00,3129810.00,,848872.92
2026-06-18 09:00:00,3139311.72,,842478.77
2026-06-18 10:00:00,3142609.05,,851770.97
2026-06-18 11:00:00,3149656.34,,853622.74
2026-06-18 12:00:00,3117724.41,,846879.84
2026-06-18 13:00:00,3131640.51,,848348.85
2026-06-18 14:00:00,3091915.56,,848135.95
2026-06-18 15:00:00,3124764.90,,850990.99
2026-06-18 16:00:00,2953141.98,,830696.65
2026-06-18 17:00:00,2989693.81,,842380.59
2026-06-18 18:00:00,2960451.80,,852032.76
2026-06-18 19:00:00,2985876.33,,848807.96
2026-06-18 20:00:00,2997114.50,,846911.11
2026-06-18 21:00:00,3024464.33,,842558.76
2026-06-18 22:00:00,3008121.70,,835689.39
2026-06-18 23:00:00,3004975.63,,833454.08
2026-06-19 00:00:00,3016408.91,,834599.59
2026-06-19 01:00:00,3137060.59,,786556.73
2026-06-19 02:00:00,3184968.77,,763734.59
2026-06-19 03:00:00,3203339.13,,741740.68
2026-06-19 04:00:00,2961302.61,,758055.60
2026-06-19 05:00:00,2904945.04,,760115.50
2026-06-19 06:00:00,2928078.45,,747803.76
2026-06-19 07:00:00,2933220.71,,730841.50
2026-06-19 08:00:00,2901152.52,,720872.08
2026-06-19 09:00:00,2924230.26,,720353.94
2026-06-19 10:00:00,2906970.24,,738025.68
2026-06-19 11:00:00,2914388.59,,714246.81
2026-06-19 12:00:00,2985417.93,,706124.68
2026-06-19 13:00:00,2993649.58,,711716.46
2026-06-19 14:00:00,3014327.41,,733875.00
2026-06-19 15:00:00,3013331.63,,733824.19
2026-06-19 16:00:00,3008693.66,,724556.95
2026-06-19 17:00:00,2984769.17,,701172.36
2026-06-19 18:00:00,2999559.60,,710281.36
2026-06-19 19:00:00,2977163.29,,705045.29
2026-06-19 20:00:00,2953735.43,,694658.08
2026-06-19 21:00:00,2965470.82,,694275.18
2026-06-19 22:00:00,2939873.90,,694893.45
2026-06-19 23:00:00,2948032.59,,690686.13
2026-06-20 00:00:00,2974241.16,,687074.96
2026-06-20 01:00:00,2968374.14,,679711.75
2026-06-20 02:00:00,2963160.35,,681296.19
2026-06-20 03:00:00,2937400.73,,760934.13
2026-06-20 04:00:00,2940423.34,,774018.07
2026-06-20 05:00:00,2947075.48,,792568.42
2026-06-20 06:00:00,2948842.12,,818738.12
2026-06-20 07:00:00,2958798.63,,821715.23
2026-06-20 08:00:00,2942194.51,,801457.35
2026-06-20 09:00:00,2939902.97,,798731.98
2026-06-20 10:00:00,2955431.57,,805266.74
2026-06-20 11:00:00,2943005.66,,792736.04
2026-06-20 12:00:00,2917057.97,,787515.56
2026-06-20 13:00:00,2909051.37,,783582.40
2026-06-20 14:00:00,2890610.95,,767984.73
2026-06-20 15:00:00,2924272.57,,787357.99
2026-06-20 16:00:00,2950395.67,,787538.54
2026-06-20 17:00:00,2933949.75,,778664.95
2026-06-20 18:00:00,2917226.73,,766021.96
2026-06-20 19:00:00,2920762.72,,754974.28
2026-06-20 20:00:00,2908695.54,,748370.01
2026-06-20 21:00:00,2906137.46,,755074.28
2026-06-20 22:00:00,2918323.95,,747260.18
2026-06-20 23:00:00,2950472.87,,743592.55
2026-06-21 00:00:00,2939737.29,,739042.34
2026-06-21 01:00:00,2934001.51,,734658.99
2026-06-21 02:00:00,2939911.64,,735611.97
2026-06-21 03:00:00,2926514.34,,732444.19
2026-06-21 04:00:00,2934157.29,,735928.24
2026-06-21 05:00:00,2912560.84,,730513.66
2026-06-21 06:00:00,2903367.54,,730278.48
2026-06-21 07:00:00,2918897.83,,726991.00
2026-06-21 08:00:00,2918915.60,,725748.84
2026-06-21 09:00:00,2912615.51,,728702.76
2026-06-21 10:00:00,2938882.57,,729417.94
2026-06-21 11:00:00,2952246.10,,725086.29
2026-06-21 12:00:00,2938260.37,,709498.03
2026-06-21 13:00:00,2965721.55,,711769.27
2026-06-21 14:00:00,2972812.04,,703185.38
2026-06-21 15:00:00,2975078.98,,707244.88
2026-06-21 16:00:00,2990187.99,,709749.75
2026-06-21 17:00:00,2978996.90,,718401.78
2026-06-21 18:00:00,2968260.01,,712783.58
2026-06-21 19:00:00,2967742.81,,720828.26
2026-06-21 20:00:00,2957545.41,,715338.07
2026-06-21 21:00:00,2910869.71,,696848.68
2026-06-21 22:00:00,2907129.54,,697553.52
2026-06-21 23:00:00,2904456.49,,708085.76
2026-06-22 00:00:00,2873919.59,,704645.86
2026-06-22 01:00:00,2928620.03,,707600.29
2026-06-22 02:00:00,2969915.56,,712242.15
2026-06-22 03:00:00,2932300.40,,705501.05
2026-06-22 04:00:00,2923066.75,,708890.28
2026-06-22 05:00:00,2936581.76,,713022.37
2026-06-22 06:00:00,2941956.23,,708674.17
2026-06-22 07:00:00,2950010.89,,710713.53
2026-06-22 08:00:00,2969904.42,,722583.01
2026-06-22 09:00:00,2986371.44,,719337.02
2026-06-22 10:00:00,2986425.54,,715859.65
2026-06-22 11:00:00,2968691.82,,717229.85
2026-06-22 12:00:00,3004694.45,,722604.28
2026-06-22 13:00:00,3011889.71,,722346.44
2026-06-22 14:00:00,3024371.51,,724841.77
2026-06-22 15:00:00,2993789.98,,726349.59
2026-06-22 16:00:00,2956170.52,,708816.04
2026-06-22 17:00:00,2947535.70,,748442.50
2026-06-22 18:00:00,2934759.13,,750917.88
2026-06-22 19:00:00,2913374.29,,739815.43
2026-06-22 20:00:00,2914389.08,,716121.00
2026-06-22 21:00:00,2917400.99,,718245.85
2026-06-22 22:00:00,2908277.94,,708559.57
2026-06-22 23:00:00,2961729.38,,694112.11
2026-06-23 00:00:00,2969410.88,,693760.02
2026-06-23 01:00:00,3003561.52,,699672.67
2026-06-23 02:00:00,3003645.08,,678298.66
2026-06-23 03:00:00,3017958.82,,683906.38
2026-06-23 04:00:00,3029785.64,,679536.27
2026-06-23 05:00:00,2974651.99,,661718.82
2026-06-23 06:00:00,2958166.60,,665499.91
2026-06-23 07:00:00,2843797.82,,687765.08
2026-06-23 08:00:00,2843848.78,,695901.15
2026-06-23 09:00:00,2795121.34,,682617.81
2026-06-23 10:00:00,2810106.18,,700934.37
2026-06-23 11:00:00,2794226.00,,696601.02
2026-06-23 12:00:00,2830974.08,,706399.44
2026-06-23 13:00:00,2908668.58,,749955.30
2026-06-23 14:00:00,2955281.48,,751482.81
2026-06-23 15:00:00,2941026.09,,753851.03
2026-06-23 16:00:00,2920833.18,,740251.15
2026-06-23 17:00:00,2906403.27,,739614.77
2026-06-23 18:00:00,2880996.24,,735071.16
2026-06-23 19:00:00,2884690.06,,744515.29
2026-06-23 20:00:00,2876220.75,,740748.93
2026-06-23 21:00:00,2904380.37,,753442.58
2026-06-23 22:00:00,2907236.51,,749644.73
2026-06-23 23:00:00,2905832.64,,741566.55
2026-06-24 00:00:00,2913229.33,,739973.07
2026-06-24 01:00:00,2913727.49,,731221.84
2026-06-24 02:00:00,2886668.43,,724120.63
2026-06-24 03:00:00,2870027.17,,714217.23
2026-06-24 04:00:00,2861692.69,,705314.79
2026-06-24 05:00:00,2865060.51,,710682.78
2026-06-24 06:00:00,2886910.24,,690383.15
2026-06-24 07:00:00,2863035.86,,684361.45
2026-06-24 08:00:00,2832728.89,,684284.04
2026-06-24 09:00:00,2835722.92,,685366.16
2026-06-24 10:00:00,2823009.80,,692988.13
2026-06-24 11:00:00,2805215.59,,682825.06
2026-06-24 12:00:00,2835551.40,,687284.36
2026-06-24 13:00:00,2822165.18,,673513.30
2026-06-24 14:00:00,2742972.24,,646934.58
2026-06-24 15:00:00,2761694.43,,677003.06
2026-06-24 16:00:00,2687547.30,,666454.64
2026-06-24 17:00:00,2716624.78,,708001.32
2026-06-24 18:00:00,2679042.99,,665908.69
2026-06-24 19:00:00,2723556.33,,670751.01
2026-06-24 20:00:00,2744225.76,,672952.33
2026-06-24 21:00:00,2791753.42,,683947.53
2026-06-24 22:00:00,2814008.38,,683694.43
2026-06-24 23:00:00,2794113.25,,673773.79
2026-06-25 00:00:00,2812867.51,,674207.25
2026-06-25 01:00:00,2806350.06,,663665.25
2026-06-25 02:00:00,2808801.12,,667981.56
2026-06-25 03:00:00,2800422.23,,654240.30
2026-06-25 04:00:00,2836008.46,,705086.55
2026-06-25 05:00:00,2869929.50,,737574.55
2026-06-25 06:00:00,2882320.96,,712209.93
2026-06-25 07:00:00,2886353.51,,709426.69
2026-06-25 08:00:00,2888667.33,,712255.24
2026-06-25 09:00:00,2876152.43,,698260.58
2026-06-25 10:00:00,2857855.53,,702469.12
2026-06-25 11:00:00,2842199.56,,707969.29
2026-06-25 12:00:00,2845503.68,,704646.54
2026-06-25 13:00:00,2847811.27,,705889.44
2026-06-25 14:00:00,2635140.52,,667360.95
2026-06-25 15:00:00,2733494.16,,660554.80
2026-06-25 16:00:00,2774309.33,,662762.94
2026-06-25 17:00:00,2761398.35,,651161.74
2026-06-25 18:00:00,2836961.48,,727146.91
2026-06-25 19:00:00,2840809.48,,769672.02
2026-06-25 20:00:00,2866462.91,,767000.94
2026-06-25 21:00:00,2807776.70,,779754.21
2026-06-25 22:00:00,2839223.65,,749974.50
2026-06-25 23:00:00,2819655.37,,732852.76
2026-06-26 00:00:00,2806353.55,,725015.60
2026-06-26 01:00:00,2786977.18,,699354.30
2026-06-26 02:00:00,2774657.01,,685143.92
2026-06-26 03:00:00,2744062.90,,675463.32
2026-06-26 04:00:00,2801527.53,,673102.72
2026-06-26 05:00:00,2775334.15,,666324.17
2026-06-26 06:00:00,2790944.34,,674884.93
2026-06-26 07:00:00,2817386.04,,694742.55
2026-06-26 08:00:00,2835647.59,,705332.58
2026-06-26 09:00:00,2822527.81,,702173.62
2026-06-26 10:00:00,2780898.44,,681441.38
2026-06-26 11:00:00,2766979.21,,663540.26
2026-06-26 12:00:00,2758309.08,,657160.56
2026-06-26 13:00:00,2747138.59,,657788.52
2026-06-26 14:00:00,2822349.44,,666790.22
2026-06-26 15:00:00,2799103.65,,650256.44
2026-06-26 16:00:00,2821229.52,,656426.85
2026-06-26 17:00:00,2831930.90,,667562.19
2026-06-26 18:00:00,2830172.88,,667542.27
2026-06-26 19:00:00,2817269.51,,662102.77
2026-06-26 20:00:00,2811983.79,,658896.27
2026-06-26 21:00:00,2834592.97,,656158.22
2026-06-26 22:00:00,2808899.03,,651890.32
2026-06-26 23:00:00,2821720.12,,658276.12
2026-06-27 00:00:00,2823101.09,,660172.34
2026-06-27 01:00:00,2838995.40,,663243.83
2026-06-27 02:00:00,2842192.87,,668882.62
2026-06-27 03:00:00,2858470.88,,675016.30
2026-06-27 04:00:00,2842564.43,,669814.79
2026-06-27 05:00:00,2850658.09,,672061.90
2026-06-27 06:00:00,2860348.82,,671746.56
2026-06-27 07:00:00,2847005.73,,673161.96
2026-06-27 08:00:00,2868940.67,,677868.72
2026-06-27 09:00:00,2857425.21,,674183.80
2026-06-27 10:00:00,2852833.40,,670058.18
2026-06-27 11:00:00,2856630.03,,672131.28
2026-06-27 12:00:00,2854191.08,,672973.79
2026-06-27 13:00:00,2852321.09,,675467.64
2026-06-27 14:00:00,2872055.66,,680554.98
2026-06-27 15:00:00,2865496.48,,681677.09
2026-06-27 16:00:00,2886762.80,,687104.38
2026-06-27 17:00:00,2871814.04,,679789.44
2026-06-27 18:00:00,2836192.26,,668105.70
2026-06-27 19:00:00,2837299.57,,674031.47
2026-06-27 20:00:00,2824819.91,,692237.96
2026-06-27 21:00:00,2819807.24,,698190.14
2026-06-27 22:00:00,2812463.81,,696073.05
2026-06-27 23:00:00,2810654.13,,704671.62
2026-06-28 00:00:00,2816988.13,,706395.85
2026-06-28 01:00:00,2825830.32,,707854.78
2026-06-28 02:00:00,2819459.54,,718688.68
2026-06-28 03:00:00,2814305.07,,715531.54
2026-06-28 04:00:00,2841179.50,,716244.03
2026-06-28 05:00:00,2838140.80,,710868.59
2026-06-28 06:00:00,2833526.50,,710200.13
2026-06-28 07:00:00,2831407.36,,711725.64
2026-06-28 08:00:00,2844908.15,,710803.50
2026-06-28 09:00:00,2845390.97,,703374.00
2026-06-28 10:00:00,2811379.28,,700144.78
2026-06-28 11:00:00,2817433.94,,705134.26
2026-06-28 12:00:00,2831007.33,,705769.32
2026-06-28 13:00:00,2829784.91,,701245.19
2026-06-28 14:00:00,2815974.05,,705108.09
2026-06-28 15:00:00,2820664.24,,707373.59
2026-06-28 16:00:00,2830068.69,,713285.07
2026-06-28 17:00:00,2801422.80,,702205.31
2026-06-28 18:00:00,2815594.55,,703349.33
2026-06-28 19:00:00,2803306.89,,699394.37
2026-06-28 20:00:00,2785120.56,,697739.86
2026-06-28 21:00:00,2789384.82,,697358.14
2026-06-28 22:00:00,2766390.28,,692970.17
2026-06-28 23:00:00,2757542.29,,700210.38
2026-06-29 00:00:00,2803488.29,,719155.67
2026-06-29 01:00:00,2820807.39,,713794.58
2026-06-29 02:00:00,2800157.12,,710358.49
2026-06-29 03:00:00,2809553.23,,711530.53
2026-06-29 04:00:00,2825850.91,,704537.53
2026-06-29 05:00:00,2802943.78,,695783.41
2026-06-29 06:00:00,2819112.48,,698447.95
2026-06-29 07:00:00,2829208.99,,684987.81
2026-06-29 08:00:00,2822963.18,,679805.50
2026-06-29 09:00:00,2804456.95,,674035.89
2026-06-29 10:00:00,2833656.65,,674553.13
2026-06-29 11:00:00,2822361.73,,674477.96
2026-06-29 12:00:00,2818507.48,,663661.45
2026-06-29 13:00:00,2823670.83,,671913.15
2026-06-29 14:00:00,2796732.32,,668194.32
2026-06-29 15:00:00,2796081.71,,672866.35
2026-06-29 16:00:00,2807102.29,,674435.95
2026-06-29 17:00:00,2838353.55,,686947.74
2026-06-29 18:00:00,2893806.93,,722131.20
2026-06-29 19:00:00,2873999.54,,713533.89
2026-06-29 20:00:00,2868936.39,,712492.27
2026-06-29 21:00:00,2845512.84,,704705.67
2026-06-29 22:00:00,2835584.57,,702259.62
2026-06-29 23:00:00,2833030.96,,701696.05
2026-06-30 00:00:00,2833209.32,,704412.11
2026-06-30 01:00:00,2795700.56,,683418.78
2026-06-30 02:00:00,2790666.10,,682116.15
2026-06-30 03:00:00,2810228.20,,686437.84
2026-06-30 04:00:00,2816653.80,,673017.80
2026-06-30 05:00:00,2812313.67,,675351.08
2026-06-30 06:00:00,2801978.92,,681360.38
2026-06-30 07:00:00,2782810.21,,672615.46
2026-06-30 08:00:00,2779612.12,,677601.27
2026-06-30 09:00:00,2763805.97,,679133.43
2026-06-30 10:00:00,2770251.45,,681099.57
2026-06-30 11:00:00,2767356.45,,681805.14
2026-06-30 12:00:00,2716751.97,,691323.93
2026-06-30 13:00:00,2670927.09,,685903.59
2026-06-30 14:00:00,2722179.18,,711908.25
2026-06-30 15:00:00,2719533.42,,700801.83
2026-06-30 16:00:00,2716778.97,,695443.96
2026-06-30 17:00:00,2721783.56,,695454.51
2026-06-30 18:00:00,2711601.90,,689726.50
2026-06-30 19:00:00,2730204.57,,689739.78
2026-06-30 20:00:00,2712368.80,,687001.54
2026-06-30 21:00:00,2695311.51,,685931.46
2026-06-30 22:00:00,2700967.43,,691476.05
2026-06-30 23:00:00,2699411.86,,692398.00
2026-07-01 00:00:00,2703251.84,,697585.45
2026-07-01 01:00:00,2701416.67,,694569.91
2026-07-01 02:00:00,2706808.59,,708785.13
2026-07-01 03:00:00,2718918.14,,707764.28
2026-07-01 04:00:00,2739004.29,,704092.25
2026-07-01 05:00:00,2840058.98,,712631.16
2026-07-01 06:00:00,2763667.11,,716274.28
2026-07-01 07:00:00,2705224.52,,694608.10
2026-07-01 08:00:00,2705156.49,,689579.58
2026-07-01 09:00:00,2714989.86,,694216.16
2026-07-01 10:00:00,2729622.62,,685400.22
2026-07-01 11:00:00,2723858.23,,675795.09
2026-07-01 12:00:00,2756000.96,,683594.15
2026-07-01 13:00:00,2743043.91,,676913.88
2026-07-01 14:00:00,2810738.77,,693650.90
2026-07-01 15:00:00,2822415.13,,701871.92
2026-07-01 16:00:00,2841145.25,,715104.25
2026-07-01 17:00:00,2809755.14,,710158.54
2026-07-01 18:00:00,2803298.89,,716487.51
2026-07-01 19:00:00,2763759.23,,712160.11
2026-07-01 20:00:00,2735031.88,,701299.29
2026-07-01 21:00:00,2754584.24,,708844.42
2026-07-01 22:00:00,2790520.76,,718697.21
2026-07-01 23:00:00,2762304.50,,703508.59
2026-07-02 00:00:00,2729755.40,,696524.01
2026-07-02 01:00:00,2719589.80,,696002.33
2026-07-02 02:00:00,2757681.38,,697136.41
2026-07-02 03:00:00,2779265.05,,692090.27
2026-07-02 04:00:00,2810233.66,,695035.27
2026-07-02 05:00:00,2860824.03,,704122.82
2026-07-02 06:00:00,2826667.03,,697137.74
2026-07-02 07:00:00,2833336.11,,702249.59
2026-07-02 08:00:00,2828053.11,,710226.32
2026-07-02 09:00:00,2853916.31,,720857.27
2026-07-02 10:00:00,2866108.35,,732467.44
2026-07-02 11:00:00,2863443.08,,727083.37
2026-07-02 12:00:00,2866278.38,,727667.86
2026-07-02 13:00:00,2890780.45,,731906.82
2026-07-02 14:00:00,2907266.50,,736988.51
2026-07-02 15:00:00,2882890.55,,719149.30
2026-07-02 16:00:00,2869167.49,,710744.37
2026-07-02 17:00:00,2855961.99,,707453.72
2026-07-02 18:00:00,2851611.95,,708032.44
2026-07-02 19:00:00,2849025.99,,710471.44
2026-07-02 20:00:00,2829346.47,,705640.59
2026-07-02 21:00:00,2826103.24,,700708.20
2026-07-02 22:00:00,2823000.13,,697428.60
2026-07-02 23:00:00,2819584.85,,696209.36
2026-07-03 00:00:00,2830006.51,,700920.10
2026-07-03 01:00:00,2815262.58,,707544.49
2026-07-03 02:00:00,2862348.68,,730618.38
2026-07-03 03:00:00,2921203.71,,724353.76
2026-07-03 04:00:00,2943617.64,,727891.63
2026-07-03 05:00:00,2905470.35,,717544.71
2026-07-03 06:00:00,2908541.65,,717904.06
2026-07-03 07:00:00,2907169.03,,715844.29
2026-07-03 08:00:00,2938259.92,,714945.44
2026-07-03 09:00:00,2929557.44,,713549.43
2026-07-03 10:00:00,2921566.29,,715540.78
2026-07-03 11:00:00,2926430.28,,717440.35
2026-07-03 12:00:00,2932244.67,,721026.79
2026-07-03 13:00:00,2968303.71,,733940.31
2026-07-03 14:00:00,2978570.03,,724119.06
2026-07-03 15:00:00,2969675.98,,728318.06
2026-07-03 16:00:00,3024416.08,,736463.65
2026-07-03 17:00:00,2965672.12,,718508.34
2026-07-03 18:00:00,2970383.94,,721204.44
2026-07-03 19:00:00,2967985.83,,721115.64
2026-07-03 20:00:00,2970602.68,,723270.47
2026-07-03 21:00:00,2980118.07,,733465.56
2026-07-03 22:00:00,2983538.54,,730290.97
2026-07-03 23:00:00,2969435.73,,721204.92
2026-07-04 00:00:00,2955846.70,,714482.28
2026-07-04 01:00:00,2954875.25,,711765.36
2026-07-04 02:00:00,2915016.98,,707965.03
2026-07-04 03:00:00,2929258.99,,723841.17
2026-07-04 04:00:00,2919171.41,,715698.42
2026-07-04 05:00:00,2903817.77,,718243.62
2026-07-04 06:00:00,2890466.09,,714324.38
2026-07-04 07:00:00,2890469.40,,713031.43
2026-07-04 08:00:00,2869651.55,,705573.02
2026-07-04 09:00:00,2871845.95,,711761.82
2026-07-04 10:00:00,2862619.71,,707048.67
2026-07-04 11:00:00,2865191.09,,715044.82
2026-07-04 12:00:00,2871466.29,,711682.41
2026-07-04 13:00:00,2897975.91,,702649.36
2026-07-04 14:00:00,2888103.90,,698802.80
2026-07-04 15:00:00,2910015.81,,704430.46
2026-07-04 16:00:00,2964173.19,,720951.01
2026-07-04 17:00:00,2958156.31,,718539.11
2026-07-04 18:00:00,2954947.09,,718159.26
2026-07-04 19:00:00,2964217.97,,720027.31
2026-07-04 20:00:00,2947113.92,,711756.26
2026-07-04 21:00:00,2941895.61,,704366.53
2026-07-04 22:00:00,2936851.52,,702567.55
2026-07-04 23:00:00,2928957.32,,699049.66
2026-07-05 00:00:00,2916618.51,,685163.07
2026-07-05 01:00:00,2905194.36,,681834.67
2026-07-05 02:00:00,2901281.95,,674995.38
2026-07-05 03:00:00,2865321.50,,668908.07
2026-07-05 04:00:00,2877819.13,,670526.91
2026-07-05 05:00:00,2865820.39,,666975.27
2026-07-05 06:00:00,2837847.20,,659353.96
2026-07-05 07:00:00,2838429.74,,672075.68
2026-07-05 08:00:00,2856977.74,,678731.52
2026-07-05 09:00:00,2841968.53,,675168.66
2026-07-05 10:00:00,2822848.63,,663623.40
2026-07-05 11:00:00,2825162.55,,675347.87
2026-07-05 12:00:00,2838815.76,,684209.14
2026-07-05 13:00:00,2870912.45,,690715.75
2026-07-05 14:00:00,2875465.79,,694174.26
2026-07-05 15:00:00,2881547.58,,697439.57
2026-07-05 16:00:00,2872325.63,,700883.32
2026-07-05 17:00:00,2865239.97,,698587.80
2026-07-05 18:00:00,3012185.75,,699713.74
2026-07-05 19:00:00,3017557.81,,716630.88
2026-07-05 20:00:00,3051119.63,,720684.67
2026-07-05 21:00:00,3085257.21,,723542.27
2026-07-05 22:00:00,3145828.12,,735772.42
2026-07-05 23:00:00,3154682.06,,739610.32
2026-07-06 00:00:00,3140019.65,,748586.15
2026-07-06 01:00:00,3182723.38,,737908.38
2026-07-06 02:00:00,3171808.51,,735189.76
2026-07-06 03:00:00,3163238.95,,723984.83
2026-07-06 04:00:00,3147971.75,,724152.68
2026-07-06 05:00:00,3125998.50,,720153.40
2026-07-06 06:00:00,3101284.89,,723245.24
2026-07-06 07:00:00,3100543.01,,718583.19
2026-07-06 08:00:00,3112950.86,,711428.03
2026-07-06 09:00:00,3105979.53,,707999.21
2026-07-06 10:00:00,3136948.22,,706562.57
2026-07-06 11:00:00,3353446.75,,693760.58
2026-07-06 12:00:00,3161917.48,,672188.92
2026-07-06 13:00:00,3107545.95,,645844.66
2026-07-06 14:00:00,3050341.64,,648004.09
2026-07-06 15:00:00,3015913.12,,652191.83
2026-07-06 16:00:00,3046833.60,,668289.87
2026-07-06 17:00:00,3048297.16,,650151.17
2026-07-06 18:00:00,3046946.61,,648364.82
2026-07-06 19:00:00,3031298.47,,654541.51
2026-07-06 20:00:00,3062605.68,,648158.40
2026-07-06 21:00:00,3072659.17,,652396.89
2026-07-06 22:00:00,3130145.05,,659628.32
2026-07-06 23:00:00,3069030.59,,650932.09
2026-07-07 00:00:00,3065840.56,,652998.54
2026-07-07 01:00:00,3049157.32,,650001.03
2026-07-07 02:00:00,2989544.07,,649666.66
2026-07-07 03:00:00,2970722.83,,647482.75
2026-07-07 04:00:00,2974291.65,,641276.05
2026-07-07 05:00:00,2965346.18,,639692.11
2026-07-07 06:00:00,2968940.30,,639135.20
2026-07-07 07:00:00,2998076.65,,641421.76
2026-07-07 08:00:00,2975421.11,,637234.10
2026-07-07 09:00:00,2995288.98,,640829.65
2026-07-07 10:00:00,2965506.98,,637532.43
2026-07-07 11:00:00,2956254.38,,634625.63
2026-07-07 12:00:00,2983291.77,,639717.97
2026-07-07 13:00:00,2993408.70,,641662.36
2026-07-07 14:00:00,2982572.52,,639028.11
2026-07-07 15:00:00,3029810.70,,645148.44
2026-07-07 16:00:00,3042981.90,,632987.35
2026-07-07 17:00:00,3017280.55,,629192.40
2026-07-07 18:00:00,3005997.34,,630138.21
2026-07-07 19:00:00,2904264.54,,626216.92
2026-07-07 20:00:00,2871441.47,,633609.69
2026-07-07 21:00:00,2880520.61,,622802.64
2026-07-07 22:00:00,2833724.93,,606162.88
2026-07-07 23:00:00,2834315.28,,610620.42
2026-07-08 00:00:00,2815729.42,,613765.12
2026-07-08 01:00:00,2825087.59,,618628.75
2026-07-08 02:00:00,2738720.71,,614577.59
2026-07-08 03:00:00,2804243.26,,631575.86
2026-07-08 04:00:00,2804324.20,,631379.39
2026-07-08 05:00:00,2788507.24,,628196.08
2026-07-08 06:00:00,2775554.59,,621649.46
2026-07-08 07:00:00,2780725.40,,632102.49
2026-07-08 08:00:00,2763154.82,,639908.25
2026-07-08 09:00:00,2723083.23,,629776.96
2026-07-08 10:00:00,2709483.71,,633371.29
2026-07-08 11:00:00,2699981.04,,628398.15
2026-07-08 12:00:00,2746460.90,,651067.75
2026-07-08 13:00:00,2720695.07,,642371.86
2026-07-08 14:00:00,2727213.92,,638703.82
2026-07-08 15:00:00,2701828.02,,628260.47
2026-07-08 16:00:00,2680386.26,,611086.07
2026-07-08 17:00:00,2711757.85,,611008.72
2026-07-08 18:00:00,2729275.31,,620751.75
2026-07-08 19:00:00,2715870.50,,618656.61
2026-07-08 20:00:00,2713275.23,,617516.97
2026-07-08 21:00:00,2697594.72,,611359.58
2026-07-08 22:00:00,2708931.30,,613897.01
2026-07-08 23:00:00,2736993.98,,611050.33
2026-07-09 00:00:00,2735779.46,,615519.53
2026-07-09 01:00:00,2740429.48,,616327.42
2026-07-09 02:00:00,2759401.24,,628150.15
2026-07-09 03:00:00,2750537.10,,631829.65
2026-07-09 04:00:00,2758275.90,,634662.65
2026-07-09 05:00:00,2795093.57,,652523.96
2026-07-09 06:00:00,2813097.39,,662703.19
2026-07-09 07:00:00,2812436.44,,662413.02
2026-07-09 08:00:00,2804074.17,,665504.98
2026-07-09 09:00:00,2806438.42,,664144.94
2026-07-09 10:00:00,2790474.91,,663205.98
2026-07-09 11:00:00,2763002.62,,653665.59
2026-07-09 12:00:00,2782257.45,,653594.78
2026-07-09 13:00:00,2743599.08,,643843.41
2026-07-09 14:00:00,2756230.80,,642857.19
2026-07-09 15:00:00,2744229.96,,638505.44
2026-07-09 16:00:00,2717305.33,,646478.24
2026-07-09 17:00:00,2688780.74,,627430.42
2026-07-09 18:00:00,2698795.69,,640354.60
2026-07-09 19:00:00,2702726.36,,638106.80
2026-07-09 20:00:00,2707614.66,,632479.19
2026-07-09 21:00:00,2708581.08,,634887.19
2026-07-09 22:00:00,2702740.13,,632987.74
2026-07-09 23:00:00,2715200.72,,635058.83
2026-07-10 00:00:00,2712579.74,,625880.47
2026-07-10 01:00:00,2683339.19,,619430.05
2026-07-10 02:00:00,2725046.89,,640079.20
2026-07-10 03:00:00,2744633.45,,649466.53
2026-07-10 04:00:00,2699542.86,,641271.51
2026-07-10 05:00:00,2678446.58,,641397.13
2026-07-10 06:00:00,2682723.49,,642747.85
2026-07-10 07:00:00,2688102.00,,640093.30
2026-07-10 08:00:00,2682384.47,,633989.75
2026-07-10 09:00:00,2700399.39,,633157.19
2026-07-10 10:00:00,2705349.73,,632196.38
2026-07-10 11:00:00,2721710.56,,671304.46
2026-07-10 12:00:00,2728265.12,,688928.76
2026-07-10 13:00:00,2737445.77,,691001.68
2026-07-10 14:00:00,2763679.78,,707983.62
2026-07-10 15:00:00,2738282.27,,698299.80
2026-07-10 16:00:00,2748763.29,,706721.26
2026-07-10 17:00:00,2745350.58,,713962.58
2026-07-10 18:00:00,2747864.74,,717660.70
2026-07-10 19:00:00,2776054.62,,720243.05
2026-07-10 20:00:00,2814805.19,,734092.79
2026-07-10 21:00:00,2743944.85,,728199.60
2026-07-10 22:00:00,2769295.59,,736902.11
2026-07-10 23:00:00,2759390.84,,734886.33
2026-07-11 00:00:00,2747516.28,,729461.14
2026-07-11 01:00:00,2750973.75,,732384.31
2026-07-11 02:00:00,2749132.52,,728130.32
2026-07-11 03:00:00,2786412.12,,729301.66
2026-07-11 04:00:00,2780784.99,,731593.29
2026-07-11 05:00:00,2764230.63,,733470.97
2026-07-11 06:00:00,2722640.75,,728767.83
2026-07-11 07:00:00,2731892.61,,724842.50
2026-07-11 08:00:00,2709193.39,,718965.92
2026-07-11 09:00:00,2732079.54,,722899.20
2026-07-11 10:00:00,2728810.25,,721033.00
2026-07-11 11:00:00,2709378.54,,715766.96
2026-07-11 12:00:00,2718661.41,,714713.70
2026-07-11 13:00:00,2731565.78,,721065.59
2026-07-11 14:00:00,2752526.62,,724010.01
2026-07-11 15:00:00,2731139.75,,731301.64
2026-07-11 16:00:00,2703324.05,,730363.58
2026-07-11 17:00:00,2707359.99,,733079.50
2026-07-11 18:00:00,2710431.58,,733873.82
2026-07-11 19:00:00,2695976.76,,731831.62
2026-07-11 20:00:00,2682911.05,,727872.62
2026-07-11 21:00:00,2687729.29,,727708.92
2026-07-11 22:00:00,2688547.00,,729559.38
2026-07-11 23:00:00,2651684.04,,721541.74
2026-07-12 00:00:00,2571178.55,,700754.92
2026-07-12 01:00:00,2524005.29,,689138.53
2026-07-12 02:00:00,2556862.59,,696850.38
2026-07-12 03:00:00,2566258.14,,696800.56
2026-07-12 04:00:00,2578372.65,,677441.68
2026-07-12 05:00:00,2619313.72,,684212.67
2026-07-12 06:00:00,2579272.25,,678543.48
2026-07-12 07:00:00,2545967.37,,672167.74
2026-07-12 08:00:00,2536387.91,,671111.65
2026-07-12 09:00:00,2532735.64,,674590.65
2026-07-12 10:00:00,2604830.32,,689637.85
2026-07-12 11:00:00,2672704.96,,718527.63
2026-07-12 12:00:00,2625110.16,,695591.13
2026-07-12 13:00:00,2706787.89,,712400.10
2026-07-12 14:00:00,2668897.16,,713792.07
2026-07-12 15:00:00,2658285.64,,715670.58
2026-07-12 16:00:00,2628222.48,,708520.51
2026-07-12 17:00:00,2622831.28,,704488.28
2026-07-12 18:00:00,2619159.18,,701455.72
2026-07-12 19:00:00,2633562.70,,701681.42
2026-07-12 20:00:00,2629201.41,,702157.90
2026-07-12 21:00:00,2617015.35,,699044.16
2026-07-12 22:00:00,2557294.61,,687650.80
2026-07-12 23:00:00,2562105.57,,686609.22
2026-07-13 00:00:00,2562283.90,,686519.49
2026-07-13 01:00:00,2584828.69,,683703.34
2026-07-13 02:00:00,2532663.75,,668501.80
2026-07-13 03:00:00,2522977.50,,670247.25
2026-07-13 04:00:00,2462456.68,,665577.61
2026-07-13 05:00:00,2465858.76,,666310.18
2026-07-13 06:00:00,2482833.48,,672624.36
2026-07-13 07:00:00,2460559.87,,666660.25
2026-07-13 08:00:00,2487045.91,,669769.32
2026-07-13 09:00:00,2495542.63,,676569.52
2026-07-13 10:00:00,2491282.34,,676886.05
2026-07-13 11:00:00,2475390.79,,674196.74
2026-07-13 12:00:00,2471336.45,,668688.02
2026-07-13 13:00:00,2453272.67,,666996.75
2026-07-13 14:00:00,2457089.85,,665213.36
2026-07-13 15:00:00,2480177.39,,672989.84
2026-07-13 16:00:00,2457483.15,,667503.32
2026-07-13 17:00:00,2447566.20,,668787.02
2026-07-13 18:00:00,2417329.08,,668494.75
2026-07-13 19:00:00,2423996.75,,677727.82
2026-07-13 20:00:00,2422658.95,,681186.62
2026-07-13 21:00:00,2423981.07,,680724.80
2026-07-13 22:00:00,2399491.39,,672170.06
2026-07-13 23:00:00,2407654.01,,672124.90
2026-07-14 00:00:00,2431202.69,,677677.80
2026-07-14 01:00:00,2426352.64,,668877.51
2026-07-14 02:00:00,2411670.81,,660856.58
2026-07-14 03:00:00,2413006.94,,660609.28
2026-07-14 04:00:00,2411581.88,,666829.10
2026-07-14 05:00:00,2421574.96,,674831.81
2026-07-14 06:00:00,2432252.24,,675942.60
2026-07-14 07:00:00,2421637.48,,671854.28
2026-07-14 08:00:00,2413325.09,,669061.88
2026-07-14 09:00:00,2425815.39,,681047.98
2026-07-14 10:00:00,2418843.18,,669922.62
2026-07-14 11:00:00,2427853.71,,678252.99
2026-07-14 12:00:00,2418097.54,,668802.86
2026-07-14 13:00:00,2492666.53,,702617.70
2026-07-14 14:00:00,2487918.05,,710217.16
2026-07-14 15:00:00,2510903.58,,717431.68
2026-07-14 16:00:00,2499617.40,,716601.08
2026-07-14 17:00:00,2502095.05,,716645.15
2026-07-14 18:00:00,2526925.28,,730730.49
2026-07-14 19:00:00,2523377.31,,726996.57
2026-07-14 20:00:00,2517965.61,,724038.79
2026-07-14 21:00:00,2504155.35,,722637.27
2026-07-14 22:00:00,2491235.51,,719758.12
2026-07-14 23:00:00,2515987.43,,721360.12
2026-07-15 00:00:00,2510369.85,,719361.17
2026-07-15 01:00:00,2504902.94,,719289.98
2026-07-15 02:00:00,2579487.46,,740757.76
2026-07-15 03:00:00,2557480.88,,745182.83
2026-07-15 04:00:00,2584773.46,,756611.44
2026-07-15 05:00:00,2598741.36,,766047.92
2026-07-15 06:00:00,2621201.29,,773783.92
2026-07-15 07:00:00,2634775.60,,779344.00
2026-07-15 08:00:00,2631804.87,,763301.13
2026-07-15 09:00:00,2578527.42,,755191.34
2026-07-15 10:00:00,2568796.40,,751488.06
2026-07-15 11:00:00,2550048.45,,749465.57
2026-07-15 12:00:00,2557293.28,,758817.86
2026-07-15 13:00:00,2604725.45,,776907.09
2026-07-15 14:00:00,2571331.18,,771220.80
2026-07-15 15:00:00,2562174.42,,778749.63
2026-07-15 16:00:00,2585312.98,,783348.61
2026-07-15 17:00:00,2518221.42,,778214.06
2026-07-15 18:00:00,2529273.60,,788101.61
2026-07-15 19:00:00,2528269.04,,778035.34
2026-07-15 20:00:00,2511140.56,,769454.34
2026-07-15 21:00:00,2537403.17,,775659.94
2026-07-15 22:00:00,2536378.13,,772169.06
2026-07-15 23:00:00,2511178.61,,772616.87
2026-07-16 00:00:00,2484805.82,,767750.25
2026-07-16 01:00:00,2514078.21,,776346.83
2026-07-16 02:00:00,2521423.64,,777443.20
2026-07-16 03:00:00,2519677.21,,778026.98
2026-07-16 04:00:00,2512643.61,,774326.80
2026-07-16 05:00:00,2493469.81,,767001.34
2026-07-16 06:00:00,2489438.58,,769616.37
2026-07-16 07:00:00,2472568.82,,774407.79
2026-07-16 08:00:00,2446700.81,,763661.30
2026-07-16 09:00:00,2435812.74,,752590.71
2026-07-16 10:00:00,2453636.25,,750055.28
2026-07-16 11:00:00,2461263.15,,760936.88
2026-07-16 12:00:00,2455528.04,,758890.96
2026-07-16 13:00:00,2444854.88,,752828.02
2026-07-16 14:00:00,2466284.09,,761351.56
2026-07-16 15:00:00,2510993.54,,771641.18
2026-07-16 16:00:00,2478691.68,,764609.15
2026-07-16 17:00:00,2467555.21,,758937.19
2026-07-16 18:00:00,2452467.00,,755951.31
2026-07-16 19:00:00,2443035.36,,754558.39
2026-07-16 20:00:00,2437608.26,,758516.59
2026-07-16 21:00:00,2435557.31,,759727.32
2026-07-16 22:00:00,2433472.43,,756873.92
2026-07-16 23:00:00,2406298.74,,748045.57
2026-07-17 00:00:00,2397469.98,,738763.50
2026-07-17 01:00:00,2497863.40,,768342.42
2026-07-17 02:00:00,2448493.10,,753634.22
2026-07-17 03:00:00,2421997.89,,752112.11
2026-07-17 04:00:00,2436983.57,,751405.33
2026-07-17 05:00:00,2442858.06,,751728.01
2026-07-17 06:00:00,2402802.30,,739894.47
2026-07-17 07:00:00,2409294.76,,742053.61
2026-07-17 08:00:00,2394502.76,,751565.04
2026-07-17 09:00:00,2418455.72,,749035.66
2026-07-17 10:00:00,2414356.86,,753054.19
2026-07-17 11:00:00,2409145.14,,761360.34
2026-07-17 12:00:00,2418006.80,,766615.45
2026-07-17 13:00:00,2388262.32,,762602.05
2026-07-17 14:00:00,2379318.75,,762585.67
2026-07-17 15:00:00,2364775.98,,755415.13
2026-07-17 16:00:00,2373774.94,,758861.10
2026-07-17 17:00:00,2389098.84,,755309.98
2026-07-17 18:00:00,2421744.19,,761803.42
2026-07-17 19:00:00,2461191.46,,763995.60
2026-07-17 20:00:00,2491493.57,,768427.25
2026-07-17 21:00:00,2480034.39,,753181.90
2026-07-17 22:00:00,2521273.48,,760351.71
2026-07-17 23:00:00,2575112.17,,768822.45
2026-07-18 00:00:00,2601671.22,,785607.69
2026-07-18 01:00:00,2607972.22,,778191.08
2026-07-18 02:00:00,2614532.11,,776687.82
2026-07-18 03:00:00,2615549.78,,769215.71
2026-07-18 04:00:00,2616424.38,,767240.12
2026-07-18 05:00:00,2589655.20,,770729.44
2026-07-18 06:00:00,2595924.93,,763229.05
2026-07-18 07:00:00,2607054.55,,770889.55
2026-07-18 08:00:00,2605897.21,,763735.49
2026-07-18 09:00:00,2608715.94,,755210.47
2026-07-18 10:00:00,2617669.59,,753563.33
2026-07-18 11:00:00,2607319.39,,750991.73
2026-07-18 12:00:00,2636762.37,,752587.65
2026-07-18 13:00:00,2625363.90,,757799.61
2026-07-18 14:00:00,2615620.14,,760573.29
2026-07-18 15:00:00,2629427.43,,762369.46
2026-07-18 16:00:00,2621945.70,,756303.71
2026-07-18 17:00:00,2636708.18,,763095.48
2026-07-18 18:00:00,2636895.41,,759679.79
2026-07-18 19:00:00,2656047.71,,759068.01
2026-07-18 20:00:00,2671100.83,,757641.39
2026-07-18 21:00:00,2695126.49,,759316.23
2026-07-18 22:00:00,2705440.22,,755527.10
2026-07-18 23:00:00,2709816.33,,756447.02
2026-07-19 00:00:00,2713343.39,,756660.33
2026-07-19 01:00:00,2713932.40,,757197.26
2026-07-19 02:00:00,2714018.03,,752336.28
2026-07-19 03:00:00,2716684.28,,753427.33
2026-07-19 04:00:00,2684393.90,,749236.47
2026-07-19 05:00:00,2757377.70,,784590.68
2026-07-19 06:00:00,2753691.11,,791086.07
2026-07-19 07:00:00,2735142.36,,784127.90
2026-07-19 08:00:00,2823039.99,,823813.22
2026-07-19 09:00:00,2807888.43,,833802.86
2026-07-19 10:00:00,2907942.74,,851301.47
2026-07-19 11:00:00,2921774.34,,819535.45
2026-07-19 12:00:00,2937756.18,,827061.42
2026-07-19 13:00:00,2989136.33,,843686.34
2026-07-19 14:00:00,3011225.92,,836015.98
2026-07-19 15:00:00,3021002.37,,841332.78
2026-07-19 16:00:00,3086154.33,,869253.23
2026-07-19 17:00:00,3203568.75,,896773.03
2026-07-19 18:00:00,3197786.15,,893747.25
2026-07-19 19:00:00,3198822.06,,900950.07
2026-07-19 20:00:00,3198830.75,,900242.09
2026-07-19 21:00:00,3180884.53,,900402.27
2026-07-19 22:00:00,3166449.56,,896887.25
2026-07-19 23:00:00,3153852.85,,897052.50
2026-07-20 00:00:00,3157474.34,,892939.85
2026-07-20 01:00:00,3186073.03,,879149.09
2026-07-20 02:00:00,3215082.44,,897877.62
2026-07-20 03:00:00,3201663.55,,877418.08
2026-07-20 04:00:00,3206968.95,,882513.69
2026-07-20 05:00:00,3234880.39,,915497.41
2026-07-20 06:00:00,3177207.73,,888926.23
2026-07-20 07:00:00,3166289.13,,873025.76
2026-07-20 08:00:00,3209545.70,,869125.53
2026-07-20 09:00:00,3239385.04,,870973.79
2026-07-20 10:00:00,3294933.31,,877372.87
2026-07-20 11:00:00,3237821.61,,860706.18
2026-07-20 12:00:00,3195905.72,,852019.47
2026-07-20 13:00:00,3152864.02,,840513.64
2026-07-20 14:00:00,3080861.37,,816953.85
2026-07-20 15:00:00,3007393.52,,805622.32
2026-07-20 16:00:00,3048992.71,,831639.10
2026-07-20 17:00:00,3005369.72,,827522.88
2026-07-20 18:00:00,2972106.38,,816226.74
2026-07-20 19:00:00,2961212.12,,804970.17
2026-07-20 20:00:00,2961833.92,,790745.01
2026-07-20 21:00:00,2955875.79,,778653.51
2026-07-20 22:00:00,2960704.41,,774032.81
2026-07-20 23:00:00,2984351.08,,783102.62
2026-07-21 00:00:00,2985900.77,,815000.54
2026-07-21 01:00:00,3027701.11,,837603.72
2026-07-21 02:00:00,2994881.30,,823365.93
2026-07-21 03:00:00,2985714.03,,820448.39
2026-07-21 04:00:00,3012853.02,,827103.23
2026-07-21 05:00:00,2949185.20,,816119.61
2026-07-21 06:00:00,2903295.15,,820470.46
2026-07-21 07:00:00,2904837.12,,820586.26
2026-07-21 08:00:00,2888760.92,,822440.32
2026-07-21 09:00:00,2908751.52,,825246.14
2026-07-21 10:00:00,2890516.35,,817671.97
2026-07-21 11:00:00,2917563.46,,828459.74
2026-07-21 12:00:00,2910284.21,,831023.18
2026-07-21 13:00:00,2929934.35,,834464.53
2026-07-21 14:00:00,2964638.02,,833417.98
2026-07-21 15:00:00,2915012.77,,809008.61
2026-07-21 16:00:00,2906231.93,,804648.19
2026-07-21 17:00:00,2904421.69,,806631.75
2026-07-21 18:00:00,2889928.48,,810873.65
2026-07-21 19:00:00,2886123.05,,808968.37
2026-07-21 20:00:00,2879286.41,,808494.82
2026-07-21 21:00:00,2861150.29,,800956.02
2026-07-21 22:00:00,2862329.99,,800373.48
2026-07-21 23:00:00,2843053.32,,795817.77
2026-07-22 00:00:00,2879587.12,,798375.09
2026-07-22 01:00:00,2871693.99,,794388.56
2026-07-22 02:00:00,2855470.57,,781366.07
2026-07-22 03:00:00,2866641.98,,780388.00
2026-07-22 04:00:00,2809125.31,,770801.45
2026-07-22 05:00:00,2799272.22,,767351.25
2026-07-22 06:00:00,2786181.16,,749756.56
2026-07-22 07:00:00,2850366.38,,755424.52
2026-07-22 08:00:00,2861099.93,,757593.23
2026-07-22 09:00:00,2881414.90,,773530.38
2026-07-22 10:00:00,2887821.46,,766959.69
2026-07-22 11:00:00,2863785.81,,761067.93
2026-07-22 12:00:00,2860894.27,,754924.23
2026-07-22 13:00:00,2860321.00,,767019.59
2026-07-22 14:00:00,2859299.61,,762688.82
2026-07-22 15:00:00,2898421.65,,765980.82
2026-07-22 16:00:00,2897704.81,,759616.22
2026-07-22 17:00:00,2924142.24,,783554.99
2026-07-22 18:00:00,2944429.84,,820011.31
2026-07-22 19:00:00,2918541.03,,821534.53
2026-07-22 20:00:00,2947221.45,,829422.30
2026-07-22 21:00:00,2950887.24,,829268.02
2026-07-22 22:00:00,2950255.83,,825835.98
2026-07-22 23:00:00,2942798.57,,831612.52
2026-07-23 00:00:00,2941360.50,,829740.88
2026-07-23 01:00:00,2937407.32,,829800.68
2026-07-23 02:00:00,2876024.37,,811272.48
2026-07-23 03:00:00,2893164.81,,808526.52
2026-07-23 04:00:00,2837891.67,,791645.70
2026-07-23 05:00:00,2873966.57,,789983.38
2026-07-23 06:00:00,2834658.31,,777864.23
2026-07-23 07:00:00,2908846.45,,778772.90
2026-07-23 08:00:00,2903179.58,,774759.92
2026-07-23 09:00:00,2909484.35,,780287.28
2026-07-23 10:00:00,2946707.96,,779748.32
2026-07-23 11:00:00,2953891.41,,783980.30
2026-07-23 12:00:00,2940746.48,,770985.83
2026-07-23 13:00:00,2919838.39,,779939.54
2026-07-23 14:00:00,2855344.84,,775568.11
2026-07-23 15:00:00,2866391.27,,768869.10
2026-07-23 16:00:00,2845107.24,,769332.66
2026-07-23 17:00:00,2821140.98,,762385.62
2026-07-23 18:00:00,2812088.17,,758006.19
2026-07-23 19:00:00,2818486.09,,758975.94
2026-07-23 20:00:00,2820355.45,,761687.90
2026-07-23 21:00:00,2829999.93,,772016.80
2026-07-23 22:00:00,2830713.95,,771367.70
2026-07-23 23:00:00,2816177.02,,769448.14
2026-07-24 00:00:00,2788889.68,,761935.12
2026-07-24 01:00:00,2787473.21,,756201.70
2026-07-24 02:00:00,2784780.89,,755554.42
2026-07-24 03:00:00,2760649.51,,750692.66
2026-07-24 04:00:00,2743683.59,,751517.47
2026-07-24 05:00:00,2687692.02,,742495.71
2026-07-24 06:00:00,2675229.60,,743819.36
2026-07-24 07:00:00,2705668.26,,745707.40
2026-07-24 08:00:00,2708398.36,,742487.54
2026-07-24 09:00:00,2699685.68,,740721.55
2026-07-24 10:00:00,2694347.98,,738877.81
2026-07-24 11:00:00,2666384.94,,738164.72
2026-07-24 12:00:00,2682223.90,,745232.00
2026-07-24 13:00:00,2659873.33,,732947.42
2026-07-24 14:00:00,2642334.58,,735086.17
2026-07-24 15:00:00,2619386.30,,739236.11
2026-07-24 16:00:00,2613923.28,,739252.78
2026-07-24 17:00:00,2602919.36,,734195.00
2026-07-24 18:00:00,2622206.99,,742042.23
2026-07-24 19:00:00,2623877.44,,737830.46
2026-07-24 20:00:00,2622606.92,,737604.63
2026-07-24 21:00:00,2604863.75,,735308.15
2026-07-24 22:00:00,2591147.46,,728747.47
2026-07-24 23:00:00,2600345.73,,722404.73
2026-07-25 00:00:00,2613942.92,,720797.71
2026-07-25 01:00:00,2594720.53,,715537.00
2026-07-25 02:00:00,2567133.36,,709095.45
2026-07-25 03:00:00,2562406.75,,708959.50
2026-07-25 04:00:00,2556017.27,,710243.08
2026-07-25 05:00:00,2556943.41,,707517.49
2026-07-25 06:00:00,2531807.40,,703020.57
2026-07-25 07:00:00,2514639.51,,699957.23
2026-07-25 08:00:00,2498414.79,,696107.68
2026-07-25 09:00:00,2482569.01,,690038.31
2026-07-25 10:00:00,2501048.04,,697372.76
2026-07-25 11:00:00,2499171.38,,699016.15
2026-07-25 12:00:00,2491207.43,,700623.88
2026-07-25 13:00:00,2519743.21,,704910.78
2026-07-25 14:00:00,2509860.73,,700365.70
2026-07-25 15:00:00,2526646.34,,705738.95
2026-07-25 16:00:00,2522765.46,,690580.74
2026-07-25 17:00:00,2535032.60,,693795.90
2026-07-25 18:00:00,2544479.46,,696685.55
2026-07-25 19:00:00,2544462.91,,695768.61
2026-07-25 20:00:00,2539544.12,,706505.98
2026-07-25 21:00:00,2540254.82,,708788.63
2026-07-25 22:00:00,2554329.12,,716751.06
2026-07-25 23:00:00,2559714.95,,720231.05
2026-07-26 00:00:00,2558046.30,,723709.27
2026-07-26 01:00:00,2557332.54,,724786.58
2026-07-26 02:00:00,2563205.80,,728634.30
2026-07-26 03:00:00,2571481.58,,720246.67
2026-07-26 04:00:00,2562597.79,,716685.81
2026-07-26 05:00:00,2564254.99,,713727.04
2026-07-26 06:00:00,2576761.99,,720023.82
2026-07-26 07:00:00,2577246.91,,725878.61
2026-07-26 08:00:00,2572507.99,,725280.90
2026-07-26 09:00:00,2579582.29,,726811.16
2026-07-26 10:00:00,2570921.86,,717932.35
2026-07-26 11:00:00,2572110.90,,718692.96
2026-07-26 12:00:00,2578387.85,,718273.58
2026-07-26 13:00:00,2577345.19,,716155.15
2026-07-26 14:00:00,2560815.46,,712182.03
2026-07-26 15:00:00,2574656.11,,708295.14
2026-07-26 16:00:00,2587512.35,,705076.81
2026-07-26 17:00:00,2592545.33,,703302.04
2026-07-26 18:00:00,2578799.50,,699029.85
2026-07-26 19:00:00,2586669.11,,701104.54
2026-07-26 20:00:00,2599553.74,,691642.65
2026-07-26 21:00:00,2602602.01,,691343.82
2026-07-26 22:00:00,2635074.23,,709931.27
2026-07-26 23:00:00,2659949.00,,715700.95
2026-07-27 00:00:00,2670305.93,,729574.69
2026-07-27 01:00:00,2681416.45,,731129.73
2026-07-27 02:00:00,2677586.67,,742585.45
2026-07-27 03:00:00,2673296.18,,735509.66
2026-07-27 04:00:00,2662629.09,,725917.07
2026-07-27 05:00:00,2662679.73,,721409.22
2026-07-27 06:00:00,2666833.58,,718412.11
2026-07-27 07:00:00,2665352.85,,706168.31
2026-07-27 08:00:00,2648382.46,,698805.52
2026-07-27 09:00:00,2653903.95,,694334.00
2026-07-27 10:00:00,2652407.82,,688820.72
2026-07-27 11:00:00,2664143.70,,686510.93
2026-07-27 12:00:00,2669009.86,,685163.27
2026-07-27 13:00:00,2662992.86,,681317.24
2026-07-27 14:00:00,2658663.34,,679810.90
2026-07-27 15:00:00,2557662.40,,676628.99
2026-07-27 16:00:00,2538425.10,,677997.65
2026-07-27 17:00:00,2535274.79,,681107.70
2026-07-27 18:00:00,2538884.83,,681087.21
2026-07-27 19:00:00,2523616.72,,674722.02
2026-07-27 20:00:00,2529698.66,,677757.00
2026-07-27 21:00:00,2534250.28,,674620.17
2026-07-27 22:00:00,2539455.69,,684520.90
2026-07-27 23:00:00,2458963.98,,645202.05
2026-07-28 00:00:00,2479591.72,,657627.85
2026-07-28 01:00:00,2486092.29,,658020.62
2026-07-28 02:00:00,2470841.07,,638074.75
2026-07-28 03:00:00,2478534.42,,639762.90
2026-07-28 04:00:00,2481197.77,,638597.12
2026-07-28 05:00:00,2468640.63,,635714.29
2026-07-28 06:00:00,2480073.86,,648987.09
2026-07-28 07:00:00,2475647.67,,644936.99
2026-07-28 08:00:00,2468776.71,,635402.26
2026-07-28 09:00:00,2480239.51,,640929.22
2026-07-28 10:00:00,2474216.15,,640458.88
2026-07-28 11:00:00,2496660.22,,644195.57
2026-07-28 12:00:00,2489232.33,,640887.63
2026-07-28 13:00:00,2503192.79,,642034.07
2026-07-28 14:00:00,2475077.33,,638009.44
2026-07-28 15:00:00,2498135.35,,644309.96
2026-07-28 16:00:00,2529175.26,,647263.24
2026-07-28 17:00:00,2529048.81,,650701.35
2026-07-28 18:00:00,2537020.87,,638746.40
2026-07-28 19:00:00,2535886.65,,638660.92
2026-07-28 20:00:00,2539967.35,,639570.19
2026-07-28 21:00:00,2569600.37,,639969.47
2026-07-28 22:00:00,2585316.81,,651535.22
2026-07-28 23:00:00,2594267.10,,638847.97
2026-07-29 00:00:00,2622509.80,,647332.07
2026-07-29 01:00:00,2607012.34,,641430.77
2026-07-29 02:00:00,2566989.16,,629164.68
2026-07-29 03:00:00,2539513.47,,629255.49
2026-07-29 04:00:00,2437652.35,,619241.80
2026-07-29 05:00:00,2463691.07,,627886.78
2026-07-29 06:00:00,2467870.81,,628126.98
2026-07-29 07:00:00,2468612.15,,625392.76
2026-07-29 08:00:00,2468747.55,,624059.89
2026-07-29 09:00:00,2456912.82,,618109.37
2026-07-29 10:00:00,2468933.42,,628421.71
2026-07-29 11:00:00,2446746.22,,622161.17
2026-07-29 12:00:00,2456189.41,,629192.58
2026-07-29 13:00:00,2442191.85,,621553.71
2026-07-29 14:00:00,2453165.74,,628042.66
2026-07-29 15:00:00,2423725.74,,620256.00
2026-07-29 16:00:00,2437296.02,,618794.04
2026-07-29 17:00:00,2438078.29,,618848.26
2026-07-29 18:00:00,2457704.41,,625064.86
2026-07-29 19:00:00,2469459.02,,633231.31
2026-07-29 20:00:00,2406119.17,,617057.87
2026-07-29 21:00:00,2376108.08,,611552.06
2026-07-29 22:00:00,2402566.41,,615351.23
2026-07-29 23:00:00,2409001.05,,619283.29
2026-07-30 00:00:00,2421367.05,,625677.62
2026-07-30 01:00:00,2398222.01,,622734.93
2026-07-30 02:00:00,2434641.92,,629338.15
2026-07-30 03:00:00,2429377.56,,625698.85
2026-07-30 04:00:00,2436427.99,,629962.24
2026-07-30 05:00:00,2423007.07,,626162.25
2026-07-30 06:00:00,2427981.47,,634563.04
2026-07-30 07:00:00,2432053.37,,635815.07
2026-07-30 08:00:00,2430858.54,,636482.26
2026-07-30 09:00:00,2449867.31,,642400.99
2026-07-30 10:00:00,2472975.61,,654023.54
2026-07-30 11:00:00,2456850.05,,647695.51
2026-07-30 12:00:00,2476392.95,,652899.17
2026-07-30 13:00:00,2496053.41,,653045.24
2026-07-30 14:00:00,2508708.90,,652350.69
2026-07-30 15:00:00,2517023.57,,646974.25
2026-07-30 16:00:00,2520859.45,,646256.16
2026-07-30 17:00:00,2509700.99,,642312.78
2026-07-30 18:00:00,2510097.42,,644548.08
2026-07-30 19:00:00,2508304.45,,642703.88
2026-07-30 20:00:00,2519249.39,,641836.68
2026-07-30 21:00:00,2525947.77,,641050.74
2026-07-30 22:00:00,2535097.46,,637415.86
2026-07-30 23:00:00,2562550.21,,642869.61
2026-07-31 00:00:00,2583182.35,,643707.48
2026-07-31 01:00:00,2608556.18,,648375.25
2026-07-31 02:00:00,2593099.14,,645668.79
2026-07-31 03:00:00,2582846.01,,639513.74
2026-07-31 04:00:00,2596189.49,,641173.60
2026-07-31 05:00:00,2640468.77,,649570.89
2026-07-31 06:00:00,2683651.13,,659200.55
2026-07-31 07:00:00,2693344.27,,658987.67
2026-07-31 08:00:00,2700976.52,,659501.26
2026-07-31 09:00:00,2628606.52,,660759.56
2026-07-31 10:00:00,2603750.55,,655397.59
2026-07-31 11:00:00,2613093.41,,660764.31
2026-07-31 12:00:00,2583408.15,,655928.89
2026-07-31 13:00:00,2581496.99,,666995.08
2026-07-31 14:00:00,2546063.09,,662195.61
2026-07-31 15:00:00,2535270.42,,661955.71
2026-07-31 16:00:00,2513290.79,,654193.15
2026-07-31 17:00:00,2512886.05,,657846.83
2026-07-31 18:00:00,2528362.16,,665119.27
2026-07-31 19:00:00,2511149.86,,659606.46
2026-07-31 20:00:00,2499881.86,,654324.77
2026-07-31 21:00:00,2510883.85,,658756.28
2026-07-31 22:00:00,2507064.48,,656989.39
2026-07-31 23:00:00,2517970.57,,658721.33
2026-08-01 00:00:00,2518641.90,,658430.06
2026-08-01 01:00:00,2532575.50,,660947.86
2026-08-01 02:00:00,2539945.83,,667583.91
2026-08-01 03:00:00,2535333.54,,671103.19
2026-08-01 04:00:00,2530055.10,,666990.36
2026-08-01 05:00:00,2541944.96,,670268.31
2026-08-01 06:00:00,2534727.23,,667569.95
2026-08-01 07:00:00,2540593.64,,668445.72
2026-08-01 08:00:00,2522009.13,,664083.17
2026-08-01 09:00:00,2542425.75,,673478.97
2026-08-01 10:00:00,2584033.14,,671498.40
2026-08-01 11:00:00,2581428.54,,669458.34
2026-08-01 12:00:00,2588005.61,,668685.59
2026-08-01 13:00:00,2603484.55,,673141.49
2026-08-01 14:00:00,2613142.62,,676065.38
2026-08-01 15:00:00,2674474.15,,685488.74
2026-08-01 16:00:00,2582115.19,,676900.39
2026-08-01 17:00:00,2606799.54,,679409.10
2026-08-01 18:00:00,2581064.36,,676239.94
2026-08-01 19:00:00,2552495.45,,664472.05
2026-08-01 20:00:00,2548172.82,,664145.55
2026-08-01 21:00:00,2532358.19,,659818.29
2026-08-01 22:00:00,2557312.78,,666164.49
2026-08-01 23:00:00,2544280.35,,663861.31
2026-08-02 00:00:00,2535537.57,,660044.05
2026-08-02 01:00:00,2544400.95,,665463.51
2026-08-02 02:00:00,2531809.71,,668939.38
2026-08-02 03:00:00,2554761.89,,675249.19
2026-08-02 04:00:00,2529176.38,,669349.40
2026-08-02 05:00:00,2539365.28,,671799.00
2026-08-02 06:00:00,2523862.11,,667084.04
2026-08-02 07:00:00,2530938.44,,670215.29
2026-08-02 08:00:00,2548080.27,,677412.17
2026-08-02 09:00:00,2529374.80,,678403.64
2026-08-02 10:00:00,2488530.78,,682338.55
2026-08-02 11:00:00,2466459.98,,681184.83
2026-08-02 12:00:00,2462569.94,,684662.30
2026-08-02 13:00:00,2480208.27,,694792.82
2026-08-02 14:00:00,2474425.52,,692114.86
2026-08-02 15:00:00,2480273.22,,693112.26
2026-08-02 16:00:00,2476106.55,,692660.44
2026-08-02 17:00:00,2447593.87,,679466.17
2026-08-02 18:00:00,2448416.16,,679851.97
2026-08-02 19:00:00,2455807.55,,678407.81
2026-08-02 20:00:00,2466652.10,,686328.41
2026-08-02 21:00:00,2475641.25,,685606.52
2026-08-02 22:00:00,2485746.46,,677701.93
2026-08-02 23:00:00,2476675.54,,669750.67
2026-08-03 00:00:00,2508396.43,,674056.77
2026-08-03 01:00:00,2479694.59,,671634.19
2026-08-03 02:00:00,2469418.32,,669989.43
2026-08-03 03:00:00,2467170.24,,671158.03
2026-08-03 04:00:00,2462340.65,,665889.68
2026-08-03 05:00:00,2435121.41,,662204.62
2026-08-03 06:00:00,2457788.60,,664078.58
2026-08-03 07:00:00,2440093.16,,664425.51
2026-08-03 08:00:00,2481487.52,,666006.02
2026-08-03 09:00:00,2490277.52,,665062.53
2026-08-03 10:00:00,2505292.47,,672025.15
2026-08-03 11:00:00,2496227.38,,662879.16
2026-08-03 12:00:00,2497919.76,,669055.97
2026-08-03 13:00:00,2496110.02,,667081.44
2026-08-03 14:00:00,2522348.96,,684015.16
2026-08-03 15:00:00,2514907.95,,678096.47
2026-08-03 16:00:00,2516299.44,,681994.11
2026-08-03 17:00:00,2535440.89,,684943.96
2026-08-03 18:00:00,2539837.08,,683928.07
2026-08-03 19:00:00,2540021.87,,680878.34
2026-08-03 20:00:00,2537122.37,,680025.21
2026-08-03 21:00:00,2540982.13,,678532.20
2026-08-03 22:00:00,2533003.64,,679729.57
2026-08-03 23:00:00,2525525.50,,675686.53
2026-08-04 00:00:00,2516704.17,,678086.52
2026-08-04 01:00:00,2497648.65,,676385.82
2026-08-04 02:00:00,2524909.39,,693145.38
2026-08-04 03:00:00,2526033.74,,694398.69
2026-08-04 04:00:00,2538203.94,,700360.53
2026-08-04 05:00:00,2520227.86,,702093.50
2026-08-04 06:00:00,2506109.62,,701520.05
2026-08-04 07:00:00,2483342.44,,698039.31
2026-08-04 08:00:00,2484133.02,,697709.49
2026-08-04 09:00:00,2473447.63,,695360.71
2026-08-04 10:00:00,2459578.73,,695000.73
2026-08-04 11:00:00,2449357.07,,693226.24
2026-08-04 12:00:00,2439677.87,,691876.35
2026-08-04 13:00:00,2423921.77,,689574.46
2026-08-04 14:00:00,2415538.87,,686622.71
2026-08-04 15:00:00,2428046.72,,686524.46
2026-08-04 16:00:00,2446609.12,,683112.38
2026-08-04 17:00:00,2454490.58,,679093.03
2026-08-04 18:00:00,2477769.76,,689271.06
2026-08-04 19:00:00,2483450.08,,691454.00
2026-08-04 20:00:00,2465912.17,,690285.72
2026-08-04 21:00:00,2480878.16,,689146.66
2026-08-04 22:00:00,2467783.91,,686671.82
2026-08-04 23:00:00,2460103.71,,690367.77
2026-08-05 00:00:00,2450270.88,,688806.78
2026-08-05 01:00:00,2465245.11,,678983.76
2026-08-05 02:00:00,2503239.91,,705266.88
2026-08-05 03:00:00,2522604.43,,705120.61
2026-08-05 04:00:00,2483658.57,,698808.16
2026-08-05 05:00:00,2490711.85,,706412.65
2026-08-05 06:00:00,2481513.33,,705401.49
2026-08-05 07:00:00,2488780.73,,702409.78
2026-08-05 08:00:00,2487208.11,,694588.42
2026-08-05 09:00:00,2481779.40,,697489.88
2026-08-05 10:00:00,2478544.24,,698170.95
2026-08-05 11:00:00,2479500.71,,705310.00
2026-08-05 12:00:00,2470208.83,,705210.40
2026-08-05 13:00:00,2477253.00,,709702.67
2026-08-05 14:00:00,2472451.42,,708754.32
2026-08-05 15:00:00,2485052.41,,714642.58
2026-08-05 16:00:00,2471301.11,,705617.27
2026-08-05 17:00:00,2496272.80,,708110.65
2026-08-05 18:00:00,2532897.20,,709673.58
2026-08-05 19:00:00,2502199.36,,701367.81
2026-08-05 20:00:00,2502051.45,,701215.11
2026-08-05 21:00:00,2518441.31,,713859.39
2026-08-05 22:00:00,2500415.46,,701732.59
2026-08-05 23:00:00,2500087.50,,705316.89
2026-08-06 00:00:00,2519944.41,,711775.86
2026-08-06 01:00:00,2536307.12,,718464.77
2026-08-06 02:00:00,2503563.95,,707351.42
2026-08-06 03:00:00,2498573.54,,708817.91
2026-08-06 04:00:00,2494518.95,,707910.19
2026-08-06 05:00:00,2488310.88,,705093.74
2026-08-06 06:00:00,2489295.57,,707385.19
2026-08-06 07:00:00,2495112.76,,712456.26
2026-08-06 08:00:00,2514898.43,,714740.89
2026-08-06 09:00:00,2512606.86,,708235.16
2026-08-06 10:00:00,2495763.79,,703772.40
2026-08-06 11:00:00,2498452.25,,704012.58
2026-08-06 12:00:00,2616015.83,,720462.05
2026-08-06 13:00:00,2598547.79,,719804.47
2026-08-06 14:00:00,2575239.77,,705322.31
2026-08-06 15:00:00,2597776.19,,704744.35
2026-08-06 16:00:00,2565746.25,,692490.99
2026-08-06 17:00:00,2585486.01,,697265.06
2026-08-06 18:00:00,2567267.35,,693668.36
2026-08-06 19:00:00,2572242.27,,692112.26
2026-08-06 20:00:00,2576558.89,,692744.32
2026-08-06 21:00:00,2571105.39,,694814.41
2026-08-06 22:00:00,2588595.80,,700603.90
2026-08-06 23:00:00,2562929.53,,692027.91
2026-08-07 00:00:00,2563820.08,,690111.23
2026-08-07 01:00:00,2570755.17,,691045.92
2026-08-07 02:00:00,2560956.27,,689870.38
2026-08-07 03:00:00,2564150.24,,689019.64
2026-08-07 04:00:00,2554154.54,,680406.31
2026-08-07 05:00:00,2549197.59,,683393.02
2026-08-07 06:00:00,2569764.89,,693875.92
2026-08-07 07:00:00,2559250.31,,689596.87
2026-08-07 08:00:00,2559365.73,,689446.10
2026-08-07 09:00:00,2546962.69,,698494.06
2026-08-07 10:00:00,2530863.56,,699877.40
2026-08-07 11:00:00,2524967.58,,695741.02
2026-08-07 12:00:00,2440860.44,,693271.06
2026-08-07 13:00:00,2435706.11,,691913.03
2026-08-07 14:00:00,2436884.67,,690544.34
2026-08-07 15:00:00,2426140.27,,691815.11
2026-08-07 16:00:00,2432251.98,,695097.60
2026-08-07 17:00:00,2418732.60,,692607.76
2026-08-07 18:00:00,2418445.92,,694606.12
2026-08-07 19:00:00,2413011.77,,692989.42
2026-08-07 20:00:00,2426332.75,,693176.52
2026-08-07 21:00:00,2419669.62,,692398.42
2026-08-07 22:00:00,2408359.30,,690174.45
2026-08-07 23:00:00,2410405.86,,689044.30
2026-08-08 00:00:00,2452075.21,,697946.45
2026-08-08 01:00:00,2594182.46,,715971.99
2026-08-08 02:00:00,2630629.75,,720357.99
2026-08-08 03:00:00,2652549.24,,731741.82
2026-08-08 04:00:00,2634690.07,,726230.19
2026-08-08 05:00:00,2626370.24,,717795.03
2026-08-08 06:00:00,2594391.95,,711233.95
2026-08-08 07:00:00,2623515.02,,717497.66
2026-08-08 08:00:00,2634230.52,,714313.27
2026-08-08 09:00:00,2629662.92,,711729.25
2026-08-08 10:00:00,2625474.71,,711033.77
2026-08-08 11:00:00,2629850.45,,711297.68
2026-08-08 12:00:00,2686748.63,,733703.00
2026-08-08 13:00:00,2655897.84,,711800.61
2026-08-08 14:00:00,2584639.56,,710529.34
2026-08-08 15:00:00,2572621.59,,713538.79
2026-08-08 16:00:00,2555839.84,,709581.94
2026-08-08 17:00:00,2543981.58,,706055.48
2026-08-08 18:00:00,2531037.58,,700787.91
2026-08-08 19:00:00,2528933.64,,701580.73
2026-08-08 20:00:00,2533554.97,,701766.95
2026-08-08 21:00:00,2527896.39,,703502.64
2026-08-08 22:00:00,2516633.32,,695917.29
2026-08-08 23:00:00,2499449.42,,694453.42
2026-08-09 00:00:00,2523709.88,,699540.90
2026-08-09 01:00:00,2543492.81,,701616.95
2026-08-09 02:00:00,2536532.41,,696443.08
2026-08-09 03:00:00,2661950.57,,710020.99
2026-08-09 04:00:00,2658535.74,,707615.08
2026-08-09 05:00:00,2672775.08,,710721.88
2026-08-09 06:00:00,2669730.86,,711758.03
2026-08-09 07:00:00,2686865.54,,717875.28
2026-08-09 08:00:00,2673747.85,,733671.76
2026-08-09 09:00:00,2678143.06,,732613.04
2026-08-09 10:00:00,2695314.46,,736120.16
2026-08-09 11:00:00,2673781.50,,732208.54
2026-08-09 12:00:00,2655262.92,,726198.36
2026-08-09 13:00:00,2665830.34,,724903.34
2026-08-09 14:00:00,2642875.73,,713290.98
2026-08-09 15:00:00,2608875.78,,717066.26
2026-08-09 16:00:00,2620188.04,,715681.79
2026-08-09 17:00:00,2622442.05,,712614.62
2026-08-09 18:00:00,2620139.64,,710790.38
2026-08-09 19:00:00,2600772.37,,707583.81
2026-08-09 20:00:00,2605078.28,,707606.22
2026-08-09 21:00:00,2580974.29,,705783.92
2026-08-09 22:00:00,2578096.98,,701296.11
2026-08-09 23:00:00,2553783.81,,698218.12
2026-08-10 00:00:00,2517956.50,,697623.23
2026-08-10 01:00:00,2553302.00,,705977.86
2026-08-10 02:00:00,2576379.02,,713781.05
2026-08-10 03:00:00,2599340.39,,716725.59
2026-08-10 04:00:00,2626314.84,,726507.45
2026-08-10 05:00:00,2617516.59,,723620.99
2026-08-10 06:00:00,2641207.09,,732226.68
2026-08-10 07:00:00,2642795.73,,733180.43
2026-08-10 08:00:00,2675793.44,,737940.30
2026-08-10 09:00:00,2641316.17,,732076.75
2026-08-10 10:00:00,2571792.86,,705873.95
2026-08-10 11:00:00,2619377.28,,722857.74
2026-08-10 12:00:00,2618785.15,,723073.65
2026-08-10 13:00:00,2608027.53,,719213.38
2026-08-10 14:00:00,2601871.61,,717627.20
2026-08-10 15:00:00,2568572.76,,720709.75
2026-08-10 16:00:00,2555782.35,,715790.24
2026-08-10 17:00:00,2559633.68,,717686.34
2026-08-10 18:00:00,2567480.44,,718006.98
2026-08-10 19:00:00,2528830.42,,714367.06
2026-08-10 20:00:00,2513389.30,,706582.32
2026-08-10 21:00:00,2508492.84,,703610.93
2026-08-10 22:00:00,2504322.54,,700318.77
2026-08-10 23:00:00,2510440.55,,700279.53
2026-08-11 00:00:00,2507181.35,,698874.39
2026-08-11 01:00:00,2508277.68,,703733.35
2026-08-11 02:00:00,2503140.15,,706266.70
2026-08-11 03:00:00,2500328.57,,710839.92
2026-08-11 04:00:00,2520149.32,,722334.99
2026-08-11 05:00:00,2516427.45,,723883.33
2026-08-11 06:00:00,2479221.05,,719674.16
2026-08-11 07:00:00,2477856.52,,717535.15
2026-08-11 08:00:00,2465348.13,,716238.98
2026-08-11 09:00:00,2482724.88,,722384.60
2026-08-11 10:00:00,2494718.63,,726593.19
2026-08-11 11:00:00,2502555.95,,724794.77
2026-08-11 12:00:00,2502516.75,,729121.95
2026-08-11 13:00:00,2507484.65,,726063.88
2026-08-11 14:00:00,2504441.29,,717483.30
2026-08-11 15:00:00,2482969.73,,705713.54
2026-08-11 16:00:00,2442080.86,,691208.25
2026-08-11 17:00:00,2441352.04,,678210.59
2026-08-11 18:00:00,2428239.06,,672522.64
2026-08-11 19:00:00,2431757.72,,674439.69
2026-08-11 20:00:00,2480124.74,,696726.72
2026-08-11 21:00:00,2493106.13,,705153.50
2026-08-11 22:00:00,2516979.46,,707495.36
2026-08-11 23:00:00,2515832.24,,705555.30
2026-08-12 00:00:00,2509907.27,,704144.75
2026-08-12 01:00:00,2508874.40,,702390.86
2026-08-12 02:00:00,2570501.83,,715757.54
2026-08-12 03:00:00,2575207.44,,720934.76
2026-08-12 04:00:00,2559155.53,,714972.97
2026-08-12 05:00:00,2552564.54,,713728.76
2026-08-12 06:00:00,2531392.39,,710041.48
2026-08-12 07:00:00,2511974.35,,707574.70
2026-08-12 08:00:00,2516574.97,,707018.18
2026-08-12 09:00:00,2491433.24,,697599.01
2026-08-12 10:00:00,2531149.52,,713026.95
2026-08-12 11:00:00,2522379.17,,716065.97
2026-08-12 12:00:00,2530976.65,,717706.74
2026-08-12 13:00:00,2533459.09,,720700.45
2026-08-12 14:00:00,2528970.99,,716185.45
2026-08-12 15:00:00,2466596.56,,688134.86
2026-08-12 16:00:00,2455307.11,,689624.47
2026-08-12 17:00:00,2435792.82,,684531.22
2026-08-12 18:00:00,2430541.22,,686021.07
2026-08-12 19:00:00,2430410.14,,684242.10
2026-08-12 20:00:00,2419253.67,,679700.91
2026-08-12 21:00:00,2412129.50,,680826.78
2026-08-12 22:00:00,2401113.03,,683723.84
2026-08-12 23:00:00,2404326.78,,684002.23
2026-08-13 00:00:00,2405016.47,,681784.48
2026-08-13 01:00:00,2423878.05,,690494.24
2026-08-13 02:00:00,2413298.62,,685861.47
2026-08-13 03:00:00,2405834.17,,685404.37
2026-08-13 04:00:00,2426214.71,,697328.58
2026-08-13 05:00:00,2411700.59,,692527.42
2026-08-13 06:00:00,2448947.01,,697851.62
2026-08-13 07:00:00,2447461.11,,693890.74
2026-08-13 08:00:00,2442079.85,,688140.70
2026-08-13 09:00:00,2456271.39,,677448.13
2026-08-13 10:00:00,2476076.25,,684050.18
2026-08-13 11:00:00,2457957.46,,680913.60
2026-08-13 12:00:00,2456305.92,,671025.91
2026-08-13 13:00:00,2463999.03,,670904.41
2026-08-13 14:00:00,2475371.37,,668025.99
2026-08-13 15:00:00,2514427.05,,676693.58
2026-08-13 16:00:00,2493718.96,,667192.99
2026-08-13 17:00:00,2436819.17,,657711.72
2026-08-13 18:00:00,2457396.87,,664713.07
2026-08-13 19:00:00,2453936.18,,666050.72
2026-08-13 20:00:00,2468773.28,,666744.94
2026-08-13 21:00:00,2462221.60,,664082.41
2026-08-13 22:00:00,2476043.19,,661460.20
2026-08-13 23:00:00,2459885.67,,655118.62
2026-08-14 00:00:00,2468533.10,,657601.20
2026-08-14 01:00:00,2489551.65,,661963.40
2026-08-14 02:00:00,2472638.50,,658655.42
2026-08-14 03:00:00,2476825.08,,659896.09
2026-08-14 04:00:00,2481000.49,,656418.03
2026-08-14 05:00:00,2484306.85,,667916.18
2026-08-14 06:00:00,2488991.50,,676842.04
2026-08-14 07:00:00,2456676.16,,664234.55
2026-08-14 08:00:00,2435714.73,,664774.22
2026-08-14 09:00:00,2445359.33,,671550.22
2026-08-14 10:00:00,2420941.17,,668163.63
2026-08-14 11:00:00,2371103.33,,659133.44
2026-08-14 12:00:00,2393120.77,,654150.41
2026-08-14 13:00:00,2397973.62,,656427.52
2026-08-14 14:00:00,2404276.29,,661102.00
2026-08-14 15:00:00,2368369.23,,658162.94
2026-08-14 16:00:00,2410906.00,,679296.69
2026-08-14 17:00:00,2436373.35,,677745.64
2026-08-14 18:00:00,2435859.83,,664858.79
2026-08-14 19:00:00,2415161.71,,656915.23
2026-08-14 20:00:00,2416905.11,,654008.57
2026-08-14 21:00:00,2415982.75,,655081.38
2026-08-14 22:00:00,2412041.37,,649847.58
2026-08-14 23:00:00,2413380.99,,651545.24
2026-08-15 00:00:00,2422251.69,,650018.95
2026-08-15 01:00:00,2415487.02,,646191.39
2026-08-15 02:00:00,2406192.27,,652172.96
2026-08-15 03:00:00,2420720.76,,656466.88
2026-08-15 04:00:00,2408668.27,,661246.40
2026-08-15 05:00:00,2411948.68,,662139.80
2026-08-15 06:00:00,2439517.47,,665282.95
2026-08-15 07:00:00,2438186.81,,664729.14
2026-08-15 08:00:00,2415241.84,,656063.69
2026-08-15 09:00:00,2435679.90,,658507.06
2026-08-15 10:00:00,2496103.34,,673771.92
2026-08-15 11:00:00,2449130.95,,664933.62
2026-08-15 12:00:00,2452394.81,,664342.79
2026-08-15 13:00:00,2447614.87,,661712.29
2026-08-15 14:00:00,2440641.95,,656640.87
2026-08-15 15:00:00,2440467.49,,656018.25
2026-08-15 16:00:00,2439540.61,,657434.07
2026-08-15 17:00:00,2427262.96,,652290.18
2026-08-15 18:00:00,2416218.81,,650317.82
2026-08-15 19:00:00,2408025.28,,648802.66
2026-08-15 20:00:00,2405102.53,,649943.25
2026-08-15 21:00:00,2409605.56,,651961.77
2026-08-15 22:00:00,2405947.68,,646454.20
2026-08-15 23:00:00,2399335.82,,647889.82
2026-08-16 00:00:00,2384532.52,,642605.96
2026-08-16 01:00:00,2384679.98,,638736.41
2026-08-16 02:00:00,2369127.74,,637426.57
2026-08-16 03:00:00,2375387.78,,641671.84
2026-08-16 04:00:00,2394506.18,,642372.78
2026-08-16 05:00:00,2407401.36,,643847.27
2026-08-16 06:00:00,2390684.34,,634810.57
2026-08-16 07:00:00,2371387.95,,633152.26
2026-08-16 08:00:00,2398736.65,,640446.84
2026-08-16 09:00:00,2400976.72,,637993.84
2026-08-16 10:00:00,2387388.46,,635274.79
2026-08-16 11:00:00,2394594.68,,636487.37
2026-08-16 12:00:00,2407217.75,,639104.67
2026-08-16 13:00:00,2423456.67,,642630.39
2026-08-16 14:00:00,2440543.01,,647055.43
2026-08-16 15:00:00,2445506.48,,644895.82
2026-08-16 16:00:00,2484189.80,,653258.12
2026-08-16 17:00:00,2568391.84,,690718.37
2026-08-16 18:00:00,2525626.88,,674334.69
2026-08-16 19:00:00,2522174.33,,682422.89
2026-08-16 20:00:00,2513985.36,,684058.93
2026-08-16 21:00:00,2499025.55,,680774.41
2026-08-16 22:00:00,2390418.23,,644972.39
2026-08-16 23:00:00,2416648.50,,648677.16
2026-08-17 00:00:00,2408816.76,,647495.53
2026-08-17 01:00:00,2426297.19,,645136.44
2026-08-17 02:00:00,2442933.62,,642818.70
2026-08-17 03:00:00,2487874.93,,644806.92
2026-08-17 04:00:00,2493563.90,,645265.09
2026-08-17 05:00:00,2495761.60,,640288.85
2026-08-17 06:00:00,2474307.76,,639123.41
2026-08-17 07:00:00,2497419.15,,640737.27
2026-08-17 08:00:00,2468418.14,,652546.01
2026-08-17 09:00:00,2474780.01,,653776.37
2026-08-17 10:00:00,2486723.68,,653492.97
2026-08-17 11:00:00,2493578.17,,654678.41
2026-08-17 12:00:00,2476862.82,,651401.93
2026-08-17 13:00:00,2472756.22,,651300.01
2026-08-17 14:00:00,2483915.40,,648080.33
2026-08-17 15:00:00,2486422.59,,649879.27
2026-08-17 16:00:00,2483594.47,,647773.62
2026-08-17 17:00:00,2494357.89,,645041.90
2026-08-17 18:00:00,2489101.09,,642241.26
2026-08-17 19:00:00,2486329.19,,643389.39
2026-08-17 20:00:00,2482583.00,,642302.74
2026-08-17 21:00:00,2496305.35,,645134.49
2026-08-17 22:00:00,2486020.56,,640531.69
2026-08-17 23:00:00,2462775.28,,632368.52
2026-08-18 00:00:00,2471444.06,,640882.94
2026-08-18 01:00:00,2467259.50,,642348.24
2026-08-18 02:00:00,2450379.97,,629719.57
2026-08-18 03:00:00,2406846.29,,615143.80
2026-08-18 04:00:00,2427413.88,,623497.10
2026-08-18 05:00:00,2433038.44,,632007.16
2026-08-18 06:00:00,2437210.51,,630641.61
2026-08-18 07:00:00,2468750.06,,648167.64
2026-08-18 08:00:00,2469876.78,,652903.34
2026-08-18 09:00:00,2468900.40,,656779.10
2026-08-18 10:00:00,2464476.10,,661506.06
2026-08-18 11:00:00,2466678.76,,663261.96
2026-08-18 12:00:00,2454225.40,,657233.09
2026-08-18 13:00:00,2481836.17,,658446.61
2026-08-18 14:00:00,2467731.48,,645809.03
2026-08-18 15:00:00,2476913.84,,648757.57
2026-08-18 16:00:00,2440133.57,,651442.44
2026-08-18 17:00:00,2420681.94,,646013.43
2026-08-18 18:00:00,2417498.56,,644031.01
2026-08-18 19:00:00,2422709.95,,643652.48
2026-08-18 20:00:00,2420533.43,,640221.87
2026-08-18 21:00:00,2409650.35,,634595.55
2026-08-18 22:00:00,2419913.35,,636209.88
2026-08-18 23:00:00,2428681.94,,635120.47
2026-08-19 00:00:00,2429495.41,,639050.15
2026-08-19 01:00:00,2422829.83,,632314.96
2026-08-19 02:00:00,2426914.59,,633085.08
2026-08-19 03:00:00,2403074.93,,628202.62
2026-08-19 04:00:00,2437069.04,,632351.78
2026-08-19 05:00:00,2405913.24,,620675.45
2026-08-19 06:00:00,2418397.88,,623539.89
2026-08-19 07:00:00,2426449.86,,623510.53
2026-08-19 08:00:00,2419755.16,,619996.49
2026-08-19 09:00:00,2426704.49,,621359.13
2026-08-19 10:00:00,2428691.51,,623253.75
2026-08-19 11:00:00,2432014.83,,624997.34
2026-08-19 12:00:00,2432049.83,,624701.17
2026-08-19 13:00:00,2432849.71,,627907.67
2026-08-19 14:00:00,2431678.90,,624948.07
2026-08-19 15:00:00,2475540.29,,636636.62
2026-08-19 16:00:00,2499041.19,,649665.26
2026-08-19 17:00:00,2509990.15,,660324.26
2026-08-19 18:00:00,2520343.10,,662795.92
2026-08-19 19:00:00,2509026.33,,659656.54
2026-08-19 20:00:00,2519156.87,,665202.91
2026-08-19 21:00:00,2566302.11,,675693.95
2026-08-19 22:00:00,2584480.11,,687539.04
2026-08-19 23:00:00,2557711.32,,685585.38
2026-08-20 00:00:00,2625387.08,,679926.01
2026-08-20 01:00:00,2601576.21,,671984.89
2026-08-20 02:00:00,2621374.73,,674480.90
2026-08-20 03:00:00,2579942.85,,677997.79
2026-08-20 04:00:00,2558955.65,,679848.97
2026-08-20 05:00:00,2569156.85,,684135.36
2026-08-20 06:00:00,2561147.41,,680588.37
2026-08-20 07:00:00,2578838.00,,678213.43
2026-08-20 08:00:00,2586594.01,,677103.89
2026-08-20 09:00:00,2626376.77,,685241.44
2026-08-20 10:00:00,2597308.58,,676233.38
2026-08-20 11:00:00,2639572.34,,692252.76
2026-08-20 12:00:00,2636864.71,,687015.63
2026-08-20 13:00:00,2645992.07,,680542.68
2026-08-20 14:00:00,2655947.86,,673650.22
2026-08-20 15:00:00,2685264.36,,672499.78
2026-08-20 16:00:00,2705785.23,,684303.66
2026-08-20 17:00:00,2715383.79,,695391.87
2026-08-20 18:00:00,2693394.70,,695294.61
2026-08-20 19:00:00,2647152.60,,678915.27
2026-08-20 20:00:00,2659945.94,,681973.90
2026-08-20 21:00:00,2697513.37,,692352.00
2026-08-20 22:00:00,2731921.73,,706832.14
2026-08-20 23:00:00,2794562.04,,694869.47
2026-08-21 00:00:00,2791218.00,,692712.37
2026-08-21 01:00:00,2795604.08,,689070.19
2026-08-21 02:00:00,2828465.09,,700787.60
2026-08-21 03:00:00,2816207.30,,699370.00
2026-08-21 04:00:00,2813223.50,,697160.22
2026-08-21 05:00:00,2815215.90,,703179.30
2026-08-21 06:00:00,2822102.07,,703391.21
2026-08-21 07:00:00,2814652.37,,697617.27
2026-08-21 08:00:00,2892829.74,,723590.07
2026-08-21 09:00:00,3038203.15,,744999.22
2026-08-21 10:00:00,2996570.31,,733822.66
2026-08-21 11:00:00,3014069.97,,734478.28
2026-08-21 12:00:00,2945327.22,,749042.52
2026-08-21 13:00:00,3010260.48,,760189.01
2026-08-21 14:00:00,3025380.14,,766280.96
2026-08-21 15:00:00,3021651.59,,767250.59
2026-08-21 16:00:00,3015338.50,,772068.56
2026-08-21 17:00:00,3003354.77,,774109.62
2026-08-21 18:00:00,3003281.15,,777096.78
2026-08-21 19:00:00,3002670.27,,782948.51
2026-08-21 20:00:00,2984489.88,,793536.56
2026-08-21 21:00:00,3075404.85,,817995.98
2026-08-21 22:00:00,3082607.31,,818654.63
2026-08-21 23:00:00,3062736.28,,817975.11
2026-08-22 00:00:00,3071403.99,,824059.62
2026-08-22 01:00:00,3066015.84,,831884.53
2026-08-22 02:00:00,3018584.38,,822766.41
2026-08-22 03:00:00,3122770.42,,839587.93
2026-08-22 04:00:00,3249190.70,,870233.73
2026-08-22 05:00:00,3250087.01,,882170.80
2026-08-22 06:00:00,2958513.64,,821660.99
2026-08-22 07:00:00,3008720.37,,836582.78
2026-08-22 08:00:00,2986923.39,,837429.47
2026-08-22 09:00:00,2954056.13,,833092.00
2026-08-22 10:00:00,2958736.52,,843652.52
2026-08-22 11:00:00,2898274.97,,837296.82
2026-08-22 12:00:00,2966344.38,,853994.95
2026-08-22 13:00:00,2930217.97,,847807.22
2026-08-22 14:00:00,2931311.57,,852075.13
2026-08-22 15:00:00,2870503.25,,837573.84
2026-08-22 16:00:00,2822478.61,,847049.77
2026-08-22 17:00:00,2860248.43,,864683.21
2026-08-22 18:00:00,2861640.29,,869484.10
2026-08-22 19:00:00,2821214.67,,859404.38
2026-08-22 20:00:00,2817117.96,,860838.31
2026-08-22 21:00:00,2798481.27,,855908.14
2026-08-22 22:00:00,2723513.93,,830915.01
2026-08-22 23:00:00,2733151.56,,857673.84
2026-08-23 00:00:00,2720933.67,,853214.64
2026-08-23 01:00:00,2721331.38,,853584.67
2026-08-23 02:00:00,2655218.12,,836060.12
2026-08-23 03:00:00,2651314.07,,825689.26
2026-08-23 04:00:00,2599284.15,,793126.08
2026-08-23 05:00:00,2564172.06,,782075.48
2026-08-23 06:00:00,2573755.47,,783667.50
2026-08-23 07:00:00,2605425.42,,789985.75
2026-08-23 08:00:00,2648766.06,,805863.13
2026-08-23 09:00:00,2696610.49,,821388.42
2026-08-23 10:00:00,2704237.45,,829620.17
2026-08-23 11:00:00,2723671.81,,835452.26
2026-08-23 12:00:00,2772550.32,,852692.25
2026-08-23 13:00:00,2778447.47,,858963.60
2026-08-23 14:00:00,2792951.77,,874104.19
2026-08-23 15:00:00,2782945.23,,859768.86
2026-08-23 16:00:00,2799434.32,,872352.66
2026-08-23 17:00:00,2828749.21,,878579.57
2026-08-23 18:00:00,2842780.36,,889128.55
2026-08-23 19:00:00,2847746.88,,893337.49
2026-08-23 20:00:00,2848707.98,,899689.84
2026-08-23 21:00:00,2831767.61,,897358.19
2026-08-23 22:00:00,2815159.27,,900410.24
2026-08-23 23:00:00,2753871.95,,898899.77
2026-08-24 00:00:00,2742291.39,,893496.91
2026-08-24 01:00:00,2724150.91,,893021.91
2026-08-24 02:00:00,2632151.89,,869898.71
2026-08-24 03:00:00,2655761.50,,870346.86
2026-08-24 04:00:00,2635548.25,,864741.30
2026-08-24 05:00:00,2640327.20,,872131.25
2026-08-24 06:00:00,2652581.30,,872875.47
2026-08-24 07:00:00,2637564.53,,871817.07
2026-08-24 08:00:00,2636384.27,,872133.90
2026-08-24 09:00:00,2625232.98,,870382.18
2026-08-24 10:00:00,2615792.91,,875315.21
2026-08-24 11:00:00,2678898.02,,885632.38
2026-08-24 12:00:00,2684731.76,,886274.46
2026-08-24 13:00:00,2758324.33,,902251.82
2026-08-24 14:00:00,2948405.99,,935976.12
2026-08-24 15:00:00,2989334.64,,937134.53
2026-08-24 16:00:00,3219280.00,,995393.91
2026-08-24 17:00:00,3595046.93,,1077603.05
2026-08-24 18:00:00,3450111.46,,1025500.99
2026-08-24 19:00:00,3459168.49,,1051096.52
2026-08-24 20:00:00,3288591.11,,956215.81
2026-08-24 21:00:00,3287365.72,,943010.63
2026-08-24 22:00:00,3324528.74,,943966.02
2026-08-24 23:00:00,3232586.72,,921150.54
2026-08-25 00:00:00,3258002.01,,925909.32
2026-08-25 01:00:00,3259584.14,,928611.27
2026-08-25 02:00:00,3232307.52,,916027.17
2026-08-25 03:00:00,3257840.28,,922654.29
2026-08-25 04:00:00,3215281.19,,918439.93
2026-08-25 05:00:00,3287144.00,,920829.72
2026-08-25 06:00:00,3269850.13,,911904.31
2026-08-25 07:00:00,3212587.96,,905671.10
2026-08-25 08:00:00,3192122.27,,907815.81
2026-08-25 09:00:00,3241266.70,,900599.40
2026-08-25 10:00:00,3223972.69,,884812.36
2026-08-25 11:00:00,3226439.84,,890877.29
2026-08-25 12:00:00,3193618.64,,886944.64
2026-08-25 13:00:00,3127666.72,,874176.69
2026-08-25 14:00:00,3119202.51,,865532.75
2026-08-25 15:00:00,3203697.62,,865870.50
2026-08-25 16:00:00,3223967.91,,870514.43
2026-08-25 17:00:00,3186356.29,,861849.46
2026-08-25 18:00:00,3167447.87,,861372.18
2026-08-25 19:00:00,3160745.36,,857383.66
2026-08-25 20:00:00,3128858.29,,851038.37
2026-08-25 21:00:00,3067007.80,,843532.62
2026-08-25 22:00:00,3068718.60,,843931.87
2026-08-25 23:00:00,3112079.11,,850737.77
2026-08-26 00:00:00,3077655.86,,841169.27
2026-08-26 01:00:00,3222525.27,,879328.58
2026-08-26 02:00:00,3167304.42,,860572.94
2026-08-26 03:00:00,3175953.89,,861698.77
2026-08-26 04:00:00,3183350.42,,865049.18
2026-08-26 05:00:00,3151351.73,,857676.92
2026-08-26 06:00:00,3165046.61,,861876.98
2026-08-26 07:00:00,3160604.64,,859248.11
2026-08-26 08:00:00,3125703.67,,857143.96
2026-08-26 09:00:00,3139922.11,,854237.75
2026-08-26 10:00:00,3116897.34,,846279.96
2026-08-26 11:00:00,3160439.87,,859672.95
2026-08-26 12:00:00,3131586.07,,843570.41
2026-08-26 13:00:00,3134820.30,,843214.21
2026-08-26 14:00:00,3136162.81,,839236.41
2026-08-26 15:00:00,3055325.73,,817954.06
2026-08-26 16:00:00,3005626.73,,811945.05
2026-08-26 17:00:00,3018534.26,,812418.85
2026-08-26 18:00:00,3073575.38,,825796.55
2026-08-26 19:00:00,3094120.33,,833502.24
2026-08-26 20:00:00,3092407.74,,833628.29
2026-08-26 21:00:00,3083100.16,,827859.88
2026-08-26 22:00:00,3141135.71,,847086.60
2026-08-26 23:00:00,3150062.85,,844452.99
2026-08-27 00:00:00,3204741.35,,862483.25
2026-08-27 01:00:00,3128623.95,,843083.00
2026-08-27 02:00:00,3147879.82,,848789.76
2026-08-27 03:00:00,3144841.50,,838699.32
2026-08-27 04:00:00,3132298.16,,837720.34
2026-08-27 05:00:00,3125499.21,,834485.45
2026-08-27 06:00:00,3118220.95,,835800.45
2026-08-27 07:00:00,3112453.16,,837165.97
2026-08-27 08:00:00,3104206.28,,834314.38
2026-08-27 09:00:00,3159707.62,,849373.07
2026-08-27 10:00:00,3138471.41,,842823.89
2026-08-27 11:00:00,3092165.66,,839613.60
2026-08-27 12:00:00,3091267.07,,838359.32
2026-08-27 13:00:00,3091950.81,,838859.42
2026-08-27 14:00:00,3099788.60,,837848.45
2026-08-27 15:00:00,3125388.31,,844617.74
2026-08-27 16:00:00,3138921.55,,848030.33
2026-08-27 17:00:00,3178664.00,,867544.61
2026-08-27 18:00:00,3126298.17,,864458.22
2026-08-27 19:00:00,3132245.64,,865711.58
2026-08-27 20:00:00,3136525.19,,867910.70
2026-08-27 21:00:00,3149821.99,,871815.81
2026-08-27 22:00:00,3150025.78,,874596.51
2026-08-27 23:00:00,3153662.66,,872550.38
2026-08-28 00:00:00,3148197.12,,870769.34
2026-08-28 01:00:00,3146445.25,,871769.37
2026-08-28 02:00:00,3127668.56,,866937.62
2026-08-28 03:00:00,3015010.52,,849503.89
2026-08-28 04:00:00,3023786.52,,852264.56
2026-08-28 05:00:00,3003779.89,,850772.97
2026-08-28 06:00:00,3000116.08,,850716.86
2026-08-28 07:00:00,3011002.99,,852329.40
2026-08-28 08:00:00,2994273.96,,845606.69
2026-08-28 09:00:00,2984198.12,,841990.99
2026-08-28 10:00:00,2993050.34,,843050.79
2026-08-28 11:00:00,3008688.71,,840968.96
2026-08-28 12:00:00,2996290.60,,836485.51
2026-08-28 13:00:00,2980030.50,,834674.30
2026-08-28 14:00:00,2965910.12,,828553.87
2026-08-28 15:00:00,2984900.95,,833316.17
2026-08-28 16:00:00,2898550.04,,814725.51
2026-08-28 17:00:00,2813638.01,,802343.83
2026-08-28 18:00:00,2832198.26,,801035.76
2026-08-28 19:00:00,2800100.77,,792601.23
2026-08-28 20:00:00,2816768.60,,794570.68
2026-08-28 21:00:00,2839177.86,,798333.94
2026-08-28 22:00:00,2806925.93,,790947.47
2026-08-28 23:00:00,2845590.81,,799642.58
2026-08-29 00:00:00,2870735.88,,807507.74
2026-08-29 01:00:00,2906265.51,,818672.40
2026-08-29 02:00:00,2896393.35,,809799.94
2026-08-29 03:00:00,2925584.13,,821374.12
2026-08-29 04:00:00,2891292.94,,812058.15
2026-08-29 05:00:00,2917493.07,,817668.88
2026-08-29 06:00:00,2930601.68,,822509.13
2026-08-29 07:00:00,2899703.37,,814048.51
2026-08-29 08:00:00,2945011.43,,821728.19
2026-08-29 09:00:00,2931474.78,,820999.01
2026-08-29 10:00:00,2949665.78,,827248.21
2026-08-29 11:00:00,2957338.02,,830115.70
2026-08-29 12:00:00,2989084.06,,834551.58
2026-08-29 13:00:00,2987831.22,,846449.97
2026-08-29 14:00:00,3003323.16,,850658.33
2026-08-29 15:00:00,2975134.18,,844574.61
2026-08-29 16:00:00,2987404.25,,859137.65
2026-08-29 17:00:00,2957880.43,,842101.13
2026-08-29 18:00:00,2938159.07,,834316.45
2026-08-29 19:00:00,2961735.40,,837871.39
2026-08-29 20:00:00,2948717.96,,833891.45
2026-08-29 21:00:00,2941431.92,,834721.69
2026-08-29 22:00:00,2949741.89,,836835.73
2026-08-29 23:00:00,2960751.87,,842327.79
2026-08-30 00:00:00,2962683.38,,840680.68
2026-08-30 01:00:00,2984869.76,,845605.45
2026-08-30 02:00:00,2971662.05,,843692.40
2026-08-30 03:00:00,2977610.20,,844515.98
2026-08-30 04:00:00,2974913.69,,844173.80
2026-08-30 05:00:00,2990438.61,,851996.27
2026-08-30 06:00:00,3015312.20,,877331.28
2026-08-30 07:00:00,3022358.17,,873564.49
2026-08-30 08:00:00,3022545.73,,869513.43
2026-08-30 09:00:00,3032578.44,,868201.17
2026-08-30 10:00:00,3078434.11,,880039.66
2026-08-30 11:00:00,3075613.50,,885399.02
2026-08-30 12:00:00,3074230.54,,884741.17
2026-08-30 13:00:00,3077275.07,,895561.83
2026-08-30 14:00:00,3051671.05,,880526.24
2026-08-30 15:00:00,3070930.75,,881456.41
2026-08-30 16:00:00,3052868.87,,880952.18
2026-08-30 17:00:00,3090043.20,,888742.44
2026-08-30 18:00:00,3060702.22,,880582.08
2026-08-30 19:00:00,3062551.60,,876679.10
2026-08-30 20:00:00,3059538.99,,874941.11
2026-08-30 21:00:00,3028063.64,,866702.78
2026-08-30 22:00:00,3012647.16,,851886.26
2026-08-30 23:00:00,2994853.99,,847382.35
2026-08-31 00:00:00,2901788.91,,826636.96
2026-08-31 01:00:00,2973985.29,,841719.19
2026-08-31 02:00:00,2972567.24,,838786.35
2026-08-31 03:00:00,2991805.43,,846111.96
2026-08-31 04:00:00,3054558.56,,866559.16
2026-08-31 05:00:00,3131098.74,,891352.30
2026-08-31 06:00:00,3148191.17,,873588.78
2026-08-31 07:00:00,3087787.40,,855760.12
2026-08-31 08:00:00,3098150.71,,856638.70
2026-08-31 09:00:00,3093589.62,,848148.62
2026-08-31 10:00:00,3074406.61,,838677.45
2026-08-31 11:00:00,3082740.51,,845503.74
2026-08-31 12:00:00,3050386.53,,839180.79
2026-08-31 13:00:00,3036741.87,,826000.58
2026-08-31 14:00:00,3021554.92,,817211.52
2026-08-31 15:00:00,3004466.44,,823403.67
2026-08-31 16:00:00,3000608.78,,818061.95
2026-08-31 17:00:00,3013531.65,,819369.14
2026-08-31 18:00:00,3005222.50,,817941.99
2026-08-31 19:00:00,3033084.85,,819987.03
2026-08-31 20:00:00,3018704.59,,813797.54
2026-08-31 21:00:00,3006335.25,,806227.46
2026-08-31 22:00:00,3025365.38,,810695.44
2026-08-31 23:00:00,3021118.90,,808544.10
2026-09-01 00:00:00,3004984.82,,808225.98
2026-09-01 01:00:00,3033358.72,,810892.76
2026-09-01 02:00:00,3040737.28,,809516.08
2026-09-01 03:00:00,3015272.80,,802088.35
2026-09-01 04:00:00,3022934.74,,804289.30
2026-09-01 05:00:00,3008893.82,,802690.23
2026-09-01 06:00:00,3012181.51,,809287.58
2026-09-01 07:00:00,2983402.66,,806100.63
2026-09-01 08:00:00,2969108.08,,802064.39
2026-09-01 09:00:00,2888072.66,,784111.81
2026-09-01 10:00:00,2916609.33,,791943.43
2026-09-01 11:00:00,2912896.23,,797140.48
2026-09-01 12:00:00,2900172.20,,793453.47
2026-09-01 13:00:00,2850204.25,,781071.67
2026-09-01 14:00:00,2858417.26,,787993.74
2026-09-01 15:00:00,2843431.12,,786923.79
2026-09-01 16:00:00,2804596.55,,775778.89
2026-09-01 17:00:00,2751226.64,,759812.56
2026-09-01 18:00:00,2735914.31,,756277.26
2026-09-01 19:00:00,2739911.30,,760824.97
2026-09-01 20:00:00,2750566.24,,763423.95
2026-09-01 21:00:00,2742730.87,,760979.65
2026-09-01 22:00:00,2737222.30,,756175.85
2026-09-01 23:00:00,2756684.46,,755532.04
2026-09-02 00:00:00,2792138.47,,760408.89
2026-09-02 01:00:00,2773064.20,,753806.95
2026-09-02 02:00:00,2729404.25,,747692.81
2026-09-02 03:00:00,2771468.94,,759253.96
2026-09-02 04:00:00,2773826.73,,756027.18
2026-09-02 05:00:00,2768211.86,,759652.55
2026-09-02 06:00:00,2772457.89,,761188.00
2026-09-02 07:00:00,2766638.37,,765679.69
2026-09-02 08:00:00,2753451.05,,764763.65
2026-09-02 09:00:00,2734433.55,,756439.88
2026-09-02 10:00:00,2712232.44,,743224.63
2026-09-02 11:00:00,2732329.34,,743821.80
2026-09-02 12:00:00,2714800.76,,746569.12
2026-09-02 13:00:00,2710215.19,,736370.89
2026-09-02 14:00:00,2747593.53,,753617.67
2026-09-02 15:00:00,2746789.82,,758823.11
2026-09-02 16:00:00,2753462.40,,756728.20
2026-09-02 17:00:00,2722958.99,,748283.70
2026-09-02 18:00:00,2695935.89,,739808.23
2026-09-02 19:00:00,2696868.35,,739754.61
2026-09-02 20:00:00,2698921.88,,744167.96
2026-09-02 21:00:00,2719422.31,,749385.61
2026-09-02 22:00:00,2716389.80,,745641.83
2026-09-02 23:00:00,2728293.39,,750213.96
2026-09-03 00:00:00,2738974.62,,743560.83
2026-09-03 01:00:00,2718823.65,,736780.12
2026-09-03 02:00:00,2744829.89,,741284.17
2026-09-03 03:00:00,2795037.16,,754528.25
2026-09-03 04:00:00,2766032.75,,746958.16
2026-09-03 05:00:00,2790717.15,,754440.43
2026-09-03 06:00:00,2756170.13,,741797.63
2026-09-03 07:00:00,2762652.38,,744410.07
2026-09-03 08:00:00,2759977.06,,740895.73
2026-09-03 09:00:00,2778466.80,,740268.79
2026-09-03 10:00:00,2764724.86,,737172.20
2026-09-03 11:00:00,2760226.65,,736900.06
2026-09-03 12:00:00,2780611.72,,740250.84
2026-09-03 13:00:00,2790302.73,,735691.69
2026-09-03 14:00:00,2762823.59,,731492.22
2026-09-03 15:00:00,2801946.99,,747163.91
2026-09-03 16:00:00,2822583.66,,754677.03
2026-09-03 17:00:00,2793632.11,,747725.75
2026-09-03 18:00:00,2797166.66,,741895.20
2026-09-03 19:00:00,2828640.34,,741759.91
2026-09-03 20:00:00,2828645.01,,740906.76
2026-09-03 21:00:00,2804606.93,,738558.54
2026-09-03 22:00:00,2798019.17,,735598.38
2026-09-03 23:00:00,2785037.73,,730586.57
2026-09-04 00:00:00,2782305.27,,731861.78
2026-09-04 01:00:00,2731131.14,,718693.72
2026-09-04 02:00:00,2721747.50,,721514.38
2026-09-04 03:00:00,2715336.18,,721389.18
2026-09-04 04:00:00,2702482.06,,711160.16
2026-09-04 05:00:00,2695221.02,,718401.62
2026-09-04 06:00:00,2681836.49,,708867.17
2026-09-04 07:00:00,2691599.36,,708468.69
2026-09-04 08:00:00,2733516.12,,710774.02
2026-09-04 09:00:00,2746515.95,,720163.06
2026-09-04 10:00:00,2729019.68,,720304.90
2026-09-04 11:00:00,2724136.47,,719542.34
2026-09-04 12:00:00,2731160.99,,721626.76
2026-09-04 13:00:00,2682985.49,,711798.34
2026-09-04 14:00:00,2698563.67,,721547.98
2026-09-04 15:00:00,2674225.93,,718948.34
2026-09-04 16:00:00,2690989.76,,724625.23
2026-09-04 17:00:00,2705164.51,,726999.00
2026-09-04 18:00:00,2672253.06,,718997.28
2026-09-04 19:00:00,2676746.41,,716420.39
2026-09-04 20:00:00,2687905.71,,717334.03
2026-09-04 21:00:00,2675964.24,,707705.23
2026-09-04 22:00:00,2669818.25,,706431.34
2026-09-04 23:00:00,2674460.55,,714025.18
2026-09-05 00:00:00,2694356.46,,716193.42
2026-09-05 01:00:00,2677871.33,,714679.53
2026-09-05 02:00:00,2668723.67,,716068.93
2026-09-05 03:00:00,2680801.47,,716670.73
2026-09-05 04:00:00,2676260.92,,716463.87
2026-09-05 05:00:00,2665963.68,,715543.32
2026-09-05 06:00:00,2683183.61,,720785.37
2026-09-05 07:00:00,2681089.71,,723121.58
2026-09-05 08:00:00,2736040.58,,731967.43
2026-09-05 09:00:00,2750756.29,,738918.14
2026-09-05 10:00:00,2739185.08,,734689.01
2026-09-05 11:00:00,2772166.89,,733078.37
2026-09-05 12:00:00,2796978.63,,737399.91
2026-09-05 13:00:00,2784773.62,,748107.15
2026-09-05 14:00:00,2777576.43,,748671.49
2026-09-05 15:00:00,2779887.61,,753030.23
2026-09-05 16:00:00,2723731.51,,750353.92
2026-09-05 17:00:00,2722966.21,,747683.73
2026-09-05 18:00:00,2729179.42,,749424.94
2026-09-05 19:00:00,2722612.74,,750544.47
2026-09-05 20:00:00,2705882.96,,749841.32
2026-09-05 21:00:00,2718015.33,,752453.66
2026-09-05 22:00:00,2714579.40,,760038.50
2026-09-05 23:00:00,2716477.00,,760138.23
2026-09-06 00:00:00,2718006.39,,762911.26
2026-09-06 01:00:00,2725471.42,,760101.68
2026-09-06 02:00:00,2735707.80,,760007.78
2026-09-06 03:00:00,2719045.00,,757258.23
2026-09-06 04:00:00,2726617.50,,762452.88
2026-09-06 05:00:00,2710078.98,,756110.96
2026-09-06 06:00:00,2736255.99,,757460.26
2026-09-06 07:00:00,2747068.24,,760342.84
2026-09-06 08:00:00,2748189.03,,765517.77
2026-09-06 09:00:00,2762919.28,,769373.62
2026-09-06 10:00:00,2755843.91,,768012.28
2026-09-06 11:00:00,2756265.57,,768004.13
2026-09-06 12:00:00,2765445.31,,767224.17
2026-09-06 13:00:00,2723972.25,,756826.56
2026-09-06 14:00:00,2729835.04,,757169.56
2026-09-06 15:00:00,2699112.19,,747737.83
2026-09-06 16:00:00,2697923.63,,748657.31
2026-09-06 17:00:00,2705088.30,,747915.64
2026-09-06 18:00:00,2696791.69,,744120.65
2026-09-06 19:00:00,2701666.08,,745138.01
2026-09-06 20:00:00,2694317.94,,746093.52
2026-09-06 21:00:00,2691987.74,,745198.32
2026-09-06 22:00:00,2715858.13,,746309.33
2026-09-06 23:00:00,2720471.27,,740437.93
2026-09-07 00:00:00,2745260.66,,753065.71
2026-09-07 01:00:00,2734432.93,,749948.69
2026-09-07 02:00:00,2666345.11,,738851.56
2026-09-07 03:00:00,2658491.63,,737209.73
2026-09-07 04:00:00,2634726.48,,742503.72
2026-09-07 05:00:00,2647310.87,,743275.39
2026-09-07 06:00:00,2656452.03,,741044.56
2026-09-07 07:00:00,2662981.79,,759452.57
2026-09-07 08:00:00,2656722.80,,744977.64
2026-09-07 09:00:00,2710058.75,,760321.01
2026-09-07 10:00:00,2687338.19,,752860.53
2026-09-07 11:00:00,2706572.44,,751818.42
2026-09-07 12:00:00,2724355.90,,757347.89
2026-09-07 13:00:00,2808918.07,,776177.18
2026-09-07 14:00:00,2780699.53,,775320.40
2026-09-07 15:00:00,2774109.89,,770369.26
2026-09-07 16:00:00,2708759.88,,758098.23
2026-09-07 17:00:00,2730069.72,,760615.46
2026-09-07 18:00:00,2722608.17,,754776.12
2026-09-07 19:00:00,2715751.04,,751409.53
2026-09-07 20:00:00,2743601.91,,757841.29
2026-09-07 21:00:00,2727779.83,,751677.92
2026-09-07 22:00:00,2731413.11,,750445.44
2026-09-07 23:00:00,2689427.65,,738819.62
2026-09-08 00:00:00,2716669.68,,742455.43
2026-09-08 01:00:00,2775521.88,,753959.51
2026-09-08 02:00:00,2840904.36,,764177.28
2026-09-08 03:00:00,2806408.36,,765018.07
2026-09-08 04:00:00,2836580.54,,768312.79
2026-09-08 05:00:00,2813527.92,,753872.31
2026-09-08 06:00:00,2793969.44,,751347.97
2026-09-08 07:00:00,2761019.24,,744743.38
2026-09-08 08:00:00,2789718.76,,747971.16
2026-09-08 09:00:00,2760037.18,,742958.73
2026-09-08 10:00:00,2804065.45,,755055.47
2026-09-08 11:00:00,2809385.34,,751934.22
2026-09-08 12:00:00,2786252.72,,746940.32
2026-09-08 13:00:00,2763746.99,,731609.74
2026-09-08 14:00:00,2707192.09,,716945.12
2026-09-08 15:00:00,2744434.95,,728148.81
2026-09-08 16:00:00,2759527.60,,729580.81
2026-09-08 17:00:00,2752985.64,,723887.71
2026-09-08 18:00:00,2736873.42,,716599.66
2026-09-08 19:00:00,2715692.90,,710962.86
2026-09-08 20:00:00,2719272.69,,708837.32
2026-09-08 21:00:00,2710196.13,,703495.52
2026-09-08 22:00:00,2706982.12,,699238.15
2026-09-08 23:00:00,2736222.63,,715394.38
2026-09-09 00:00:00,2749337.22,,720786.77
2026-09-09 01:00:00,2864547.80,,733263.13
2026-09-09 02:00:00,2808658.79,,714327.67
2026-09-09 03:00:00,2789794.36,,712821.24
2026-09-09 04:00:00,2799063.93,,718009.16
2026-09-09 05:00:00,2880846.65,,736967.00
2026-09-09 06:00:00,2876148.98,,735723.00
2026-09-09 07:00:00,2864300.26,,726930.27
2026-09-09 08:00:00,2871704.46,,729060.32
2026-09-09 09:00:00,2859088.58,,731556.73
2026-09-09 10:00:00,2811170.57,,722834.63
2026-09-09 11:00:00,2819116.35,,723914.33
2026-09-09 12:00:00,2845411.11,,728700.01
2026-09-09 13:00:00,2874670.97,,738589.08
2026-09-09 14:00:00,2833069.81,,729914.55
2026-09-09 15:00:00,2806306.98,,729310.23
2026-09-09 16:00:00,2795436.02,,714418.30
2026-09-09 17:00:00,2809643.06,,722457.39
2026-09-09 18:00:00,2842250.53,,722669.16
2026-09-09 19:00:00,2858534.92,,722987.11
2026-09-09 20:00:00,2818185.44,,710504.21
2026-09-09 21:00:00,2828329.11,,703238.74
2026-09-09 22:00:00,2773913.89,,695028.41
2026-09-09 23:00:00,2672084.38,,694152.25
2026-09-10 00:00:00,2691063.16,,697809.30
2026-09-10 01:00:00,2622001.55,,679294.10
2026-09-10 02:00:00,2557000.99,,681934.34
2026-09-10 03:00:00,2586680.68,,686367.51
2026-09-10 04:00:00,2578603.63,,683150.89
2026-09-10 05:00:00,2550145.60,,675419.47
2026-09-10 06:00:00,2558359.39,,674335.23
2026-09-10 07:00:00,2552309.35,,667251.67
2026-09-10 08:00:00,2547065.04,,668782.99
2026-09-10 09:00:00,2535979.37,,669701.16
2026-09-10 10:00:00,2527505.90,,661580.24
2026-09-10 11:00:00,2528197.96,,662910.55
2026-09-10 12:00:00,2524398.64,,659361.63
2026-09-10 13:00:00,2505970.26,,657534.21
2026-09-10 14:00:00,2532776.75,,657434.23
2026-09-10 15:00:00,2558892.38,,660964.37
2026-09-10 16:00:00,2550360.51,,656543.93
2026-09-10 17:00:00,2512035.49,,650816.91
2026-09-10 18:00:00,2530558.79,,654172.03
2026-09-10 19:00:00,2524540.46,,654124.05
2026-09-10 20:00:00,2517271.32,,649932.28
2026-09-10 21:00:00,2527024.34,,652926.57
2026-09-10 22:00:00,2537846.61,,657231.22
2026-09-10 23:00:00,2519000.65,,650280.65
2026-09-11 00:00:00,2496104.33,,644860.04
2026-09-11 01:00:00,2537025.66,,650783.59
2026-09-11 02:00:00,2532149.64,,652203.14
2026-09-11 03:00:00,2515781.24,,647701.84
2026-09-11 04:00:00,2530686.46,,655492.20
2026-09-11 05:00:00,2584478.18,,670369.93
2026-09-11 06:00:00,2598510.73,,676219.77
2026-09-11 07:00:00,2589973.11,,670385.13
2026-09-11 08:00:00,2587959.21,,675740.38
2026-09-11 09:00:00,2576073.56,,671144.54
2026-09-11 10:00:00,2547179.94,,661140.27
2026-09-11 11:00:00,2534010.03,,653552.22
2026-09-11 12:00:00,2543669.12,,641949.80
2026-09-11 13:00:00,2592377.49,,651404.43
2026-09-11 14:00:00,2649663.78,,668093.86
2026-09-11 15:00:00,2642033.22,,677873.38
2026-09-11 16:00:00,2621720.65,,679132.49
2026-09-11 17:00:00,2689329.17,,696983.10
2026-09-11 18:00:00,2663862.33,,693068.53
2026-09-11 19:00:00,2586402.24,,679338.78
2026-09-11 20:00:00,2614486.80,,688866.21
2026-09-11 21:00:00,2612126.76,,689770.90
2026-09-11 22:00:00,2576815.95,,680322.12
2026-09-11 23:00:00,2588877.73,,689250.65
2026-09-12 00:00:00,2633232.90,,702222.92
2026-09-12 01:00:00,2627763.75,,703274.62
2026-09-12 02:00:00,2630537.30,,703835.87
2026-09-12 03:00:00,2647321.76,,710610.13
2026-09-12 04:00:00,2642547.81,,710743.19
2026-09-12 05:00:00,2671585.32,,711717.41
2026-09-12 06:00:00,2639121.55,,699766.80
2026-09-12 07:00:00,2641488.54,,696439.44
2026-09-12 08:00:00,2644622.61,,696031.60
2026-09-12 09:00:00,2630702.34,,689945.64
2026-09-12 10:00:00,2638150.95,,692759.01
2026-09-12 11:00:00,2620554.83,,687321.58
2026-09-12 12:00:00,2617010.31,,694381.48
2026-09-12 13:00:00,2622603.58,,693315.25
2026-09-12 14:00:00,2620875.07,,692028.90
2026-09-12 15:00:00,2640292.97,,695650.82
2026-09-12 16:00:00,2645347.71,,694595.99
2026-09-12 17:00:00,2628333.73,,691008.23
2026-09-12 18:00:00,2631765.03,,691683.53
2026-09-12 19:00:00,2620276.37,,693822.25
2026-09-12 20:00:00,2604367.37,,688531.51
2026-09-12 21:00:00,2595828.00,,687762.56
2026-09-12 22:00:00,2602026.74,,687292.53
2026-09-12 23:00:00,2600627.85,,683642.64
2026-09-13 00:00:00,2630710.22,,686631.84
2026-09-13 01:00:00,2639974.84,,690195.84
2026-09-13 02:00:00,2650022.08,,699815.21
2026-09-13 03:00:00,2678549.17,,701785.47
2026-09-13 04:00:00,2729775.06,,710028.27
2026-09-13 05:00:00,2728526.77,,710787.83
2026-09-13 06:00:00,2738186.03,,712507.94
2026-09-13 07:00:00,2727248.78,,707492.32
2026-09-13 08:00:00,2694622.78,,697218.27
2026-09-13 09:00:00,2654287.05,,687172.85
2026-09-13 10:00:00,2659031.27,,690019.37
2026-09-13 11:00:00,2648857.92,,692251.58
2026-09-13 12:00:00,2648753.51,,692541.49
2026-09-13 13:00:00,2687367.14,,701086.25
2026-09-13 14:00:00,2730250.02,,713357.37
2026-09-13 15:00:00,2709369.91,,715825.75
2026-09-13 16:00:00,2644720.44,,700795.07
2026-09-13 17:00:00,2653398.39,,702275.72
2026-09-13 18:00:00,2662634.62,,700817.82
2026-09-13 19:00:00,2656459.64,,698956.69
2026-09-13 20:00:00,2634006.70,,691631.40
2026-09-13 21:00:00,2647559.41,,694825.67
2026-09-13 22:00:00,2624190.99,,688165.87
2026-09-13 23:00:00,2551663.10,,666089.34
2026-09-14 00:00:00,2557106.29,,664671.48
2026-09-14 01:00:00,2529543.00,,660361.42
2026-09-14 02:00:00,2550374.77,,667043.63
2026-09-14 03:00:00,2554543.97,,668117.90
2026-09-14 04:00:00,2533303.87,,663894.77
2026-09-14 05:00:00,2532110.29,,661056.47
2026-09-14 06:00:00,2534536.69,,664432.39
2026-09-14 07:00:00,2511873.60,,657487.14
2026-09-14 08:00:00,2509037.34,,663275.59
2026-09-14 09:00:00,2483114.49,,661771.09
2026-09-14 10:00:00,2489274.12,,663136.12
2026-09-14 11:00:00,2472643.89,,657441.81
2026-09-14 12:00:00,2449631.37,,649369.77
2026-09-14 13:00:00,2435391.75,,645444.76
2026-09-14 14:00:00,2436233.65,,649805.77
2026-09-14 15:00:00,2442477.93,,645482.04
2026-09-14 16:00:00,2435080.54,,648526.17
2026-09-14 17:00:00,2442659.25,,648228.11
2026-09-14 18:00:00,2437997.90,,641408.32
2026-09-14 19:00:00,2462242.25,,645195.65
2026-09-14 20:00:00,2449623.54,,640294.93
2026-09-14 21:00:00,2473334.36,,648923.25
2026-09-14 22:00:00,2431034.47,,639521.21
2026-09-14 23:00:00,2418343.62,,637923.54
2026-09-15 00:00:00,2404466.95,,637535.98
2026-09-15 01:00:00,2401503.05,,641649.25
2026-09-15 02:00:00,2396488.37,,642787.09
2026-09-15 03:00:00,2408902.80,,645200.09
2026-09-15 04:00:00,2386020.09,,639779.88
2026-09-15 05:00:00,2394342.61,,645171.82
2026-09-15 06:00:00,2396911.56,,643500.40
2026-09-15 07:00:00,2379324.27,,638261.12
2026-09-15 08:00:00,2363660.78,,626889.48
2026-09-15 09:00:00,2370590.08,,631470.81
2026-09-15 10:00:00,2361008.41,,629852.34
2026-09-15 11:00:00,2363183.86,,630496.84
2026-09-15 12:00:00,2350967.00,,626411.65
2026-09-15 13:00:00,2370448.21,,637255.49
2026-09-15 14:00:00,2364029.67,,635660.38
2026-09-15 15:00:00,2332663.62,,618474.49
2026-09-15 16:00:00,2307875.86,,617869.17
2026-09-15 17:00:00,2315850.07,,618964.03
2026-09-15 18:00:00,2336434.03,,621809.02
2026-09-15 19:00:00,2262716.60,,609932.67
2026-09-15 20:00:00,2272687.32,,609033.32
2026-09-15 21:00:00,2266001.46,,604392.91
2026-09-15 22:00:00,2220930.43,,591826.16
2026-09-15 23:00:00,2242719.31,,592767.38
2026-09-16 00:00:00,2251980.33,,593859.13
2026-09-16 01:00:00,2258785.53,,591801.09
2026-09-16 02:00:00,2214846.73,,580390.67
2026-09-16 03:00:00,2265705.17,,591070.92
2026-09-16 04:00:00,2285448.25,,592458.05
2026-09-16 05:00:00,2308007.40,,593930.90
2026-09-16 06:00:00,2284704.20,,587485.68
2026-09-16 07:00:00,2302260.83,,589666.82
2026-09-16 08:00:00,2284953.52,,583103.96
2026-09-16 09:00:00,2278166.76,,585910.88
2026-09-16 10:00:00,2313612.96,,592718.81
2026-09-16 11:00:00,2322675.75,,595203.67
2026-09-16 12:00:00,2341460.11,,601878.17
2026-09-16 13:00:00,2295898.51,,588672.76
2026-09-16 14:00:00,2305685.50,,590134.01
2026-09-16 15:00:00,2274454.98,,583526.75
2026-09-16 16:00:00,2294516.83,,587166.56
2026-09-16 17:00:00,2299376.11,,585772.37
2026-09-16 18:00:00,2293001.74,,581461.00
2026-09-16 19:00:00,2329003.13,,598491.84
2026-09-16 20:00:00,2321201.65,,594085.47
2026-09-16 21:00:00,2340187.96,,599481.81
2026-09-16 22:00:00,2336256.44,,599990.95
2026-09-16 23:00:00,2314300.28,,594696.20
2026-09-17 00:00:00,2365332.14,,608501.41
2026-09-17 01:00:00,2376490.39,,607613.30
2026-09-17 02:00:00,2400556.88,,613279.53
2026-09-17 03:00:00,2387102.07,,610404.57
2026-09-17 04:00:00,2389491.78,,611299.35
2026-09-17 05:00:00,2401531.82,,611893.52
2026-09-17 06:00:00,2402759.78,,610950.23
2026-09-17 07:00:00,2406873.46,,610601.77
2026-09-17 08:00:00,2434279.26,,614894.44
2026-09-17 09:00:00,2443808.34,,615933.03
2026-09-17 10:00:00,2424289.40,,611291.43
2026-09-17 11:00:00,2412906.84,,607056.04
2026-09-17 12:00:00,2419139.00,,607113.76
2026-09-17 13:00:00,2409327.78,,603471.88
2026-09-17 14:00:00,2415201.18,,605407.36
2026-09-17 15:00:00,2427620.89,,609121.10
2026-09-17 16:00:00,2432118.12,,609231.34
2026-09-17 17:00:00,2452323.36,,611882.76
2026-09-17 18:00:00,2447612.22,,610472.12
2026-09-17 19:00:00,2435786.75,,606880.64
2026-09-17 20:00:00,2450432.82,,610700.36
2026-09-17 21:00:00,2460542.87,,613013.41
2026-09-17 22:00:00,2454576.78,,610076.03
2026-09-17 23:00:00,2457148.93,,610806.99
2026-09-18 00:00:00,2472911.42,,614854.94
2026-09-18 01:00:00,2492725.02,,616225.27
2026-09-18 02:00:00,2517374.40,,620808.58
2026-09-18 03:00:00,2523603.56,,617481.51
2026-09-18 04:00:00,2580598.85,,637638.81
2026-09-18 05:00:00,2588240.46,,643961.87
2026-09-18 06:00:00,2595149.96,,643891.54
2026-09-18 07:00:00,2584804.14,,644564.35
2026-09-18 08:00:00,2612655.78,,650805.66
2026-09-18 09:00:00,2630357.41,,656589.17
2026-09-18 10:00:00,2652240.36,,657662.27
2026-09-18 11:00:00,2670025.10,,658534.83
2026-09-18 12:00:00,2642729.60,,655137.32
2026-09-18 13:00:00,2658180.66,,656035.18
2026-09-18 14:00:00,2677929.38,,665625.12
2026-09-18 15:00:00,2795390.76,,701792.83
2026-09-18 16:00:00,2762465.45,,686247.01
2026-09-18 17:00:00,2784142.77,,687176.13
2026-09-18 18:00:00,2772136.81,,686296.68
2026-09-18 19:00:00,2783953.20,,688661.82
2026-09-18 20:00:00,2826587.60,,696712.31
2026-09-18 21:00:00,2843910.58,,697792.71
2026-09-18 22:00:00,2843776.57,,699061.30
2026-09-18 23:00:00,2848284.25,,704358.88
2026-09-19 00:00:00,2859456.67,,709192.66
2026-09-19 01:00:00,2894344.92,,715246.97
2026-09-19 02:00:00,2882533.52,,704678.23
2026-09-19 03:00:00,2944662.46,,731029.10
2026-09-19 04:00:00,2946118.85,,723769.41
2026-09-19 05:00:00,2907455.12,,717523.28
2026-09-19 06:00:00,2879350.43,,707937.73
2026-09-19 07:00:00,2919622.27,,712637.15
2026-09-19 08:00:00,2905076.39,,706749.51
2026-09-19 09:00:00,2927340.89,,708815.67
2026-09-19 10:00:00,2993588.82,,716235.65
2026-09-19 11:00:00,3053729.76,,719466.98
2026-09-19 12:00:00,3057681.79,,723462.12
2026-09-19 13:00:00,3042651.04,,724321.52
2026-09-19 14:00:00,3123222.57,,739244.98
2026-09-19 15:00:00,3122723.57,,741450.57
2026-09-19 16:00:00,3110939.14,,731273.74
2026-09-19 17:00:00,3229262.65,,753233.99
2026-09-19 18:00:00,3254339.57,,759629.67
2026-09-19 19:00:00,3231621.80,,760246.07
2026-09-19 20:00:00,3277764.14,,765983.43
2026-09-19 21:00:00,3294716.13,,771405.57
2026-09-19 22:00:00,3262170.41,,778019.37
2026-09-19 23:00:00,3298776.74,,797267.56
2026-09-20 00:00:00,3251134.47,,781609.93
2026-09-20 01:00:00,3271516.63,,799126.89
2026-09-20 02:00:00,3214853.34,,784481.25
2026-09-20 03:00:00,3111797.99,,758335.34
2026-09-20 04:00:00,3261663.85,,797076.19
2026-09-20 05:00:00,3222456.86,,789003.34
2026-09-20 06:00:00,3209376.86,,783489.80
2026-09-20 07:00:00,3165732.22,,770682.25
2026-09-20 08:00:00,3158230.94,,746008.60
2026-09-20 09:00:00,3190373.52,,754756.69
