time,oi_A,oi_6,oi_3
2026-05-03 12:00:00,1606687.69,,
2026-05-03 13:00:00,1607980.92,,
2026-05-03 14:00:00,1628842.90,,
2026-05-03 15:00:00,1623457.35,,
2026-05-03 16:00:00,1583926.34,,
2026-05-03 17:00:00,1589334.02,,
2026-05-03 18:00:00,1587156.23,,
2026-05-03 19:00:00,1588825.64,,
2026-05-03 20:00:00,1585369.74,,
2026-05-03 21:00:00,1591548.39,,
2026-05-03 22:00:00,1586828.47,,
2026-05-03 23:00:00,1593543.29,,
2026-05-04 00:00:00,1585799.79,,
2026-05-04 01:00:00,1564840.58,,
2026-05-04 02:00:00,1577691.78,,
2026-05-04 03:00:00,1607889.23,,
2026-05-04 04:00:00,1617191.66,,
2026-05-04 05:00:00,1615630.97,,
2026-05-04 06:00:00,1610200.63,,
2026-05-04 07:00:00,1604000.45,,
2026-05-04 08:00:00,1594487.73,,
2026-05-04 09:00:00,1594343.33,,
2026-05-04 10:00:00,1606752.52,,
2026-05-04 11:00:00,1586275.11,,
2026-05-04 12:00:00,1579187.89,,
2026-05-04 13:00:00,1583731.57,,
2026-05-04 14:00:00,1578399.67,,
2026-05-04 15:00:00,1595596.91,,
2026-05-04 16:00:00,1591336.98,,
2026-05-04 17:00:00,1593602.57,,
2026-05-04 18:00:00,1604847.41,,
2026-05-04 19:00:00,1601542.97,,
2026-05-04 20:00:00,1600864.71,,
2026-05-04 21:00:00,1595902.25,,
2026-05-04 22:00:00,1619097.21,,
2026-05-04 23:00:00,1609140.67,,
2026-05-05 00:00:00,1611375.00,,
2026-05-05 01:00:00,1611180.89,,
2026-05-05 02:00:00,1617611.52,,
2026-05-05 03:00:00,1621117.44,,
2026-05-05 04:00:00,1616167.17,,
2026-05-05 05:00:00,1615966.22,,
2026-05-05 06:00:00,1617026.59,,
2026-05-05 07:00:00,1620155.12,,
2026-05-05 08:00:00,1629703.66,,
2026-05-05 09:00:00,1620498.46,,
2026-05-05 10:00:00,1632625.55,,
2026-05-05 11:00:00,1637032.50,,
2026-05-05 12:00:00,1637705.09,,
2026-05-05 13:00:00,1653789.81,,
2026-05-05 14:00:00,1680456.53,,
2026-05-05 15:00:00,1671941.04,,
2026-05-05 16:00:00,1685487.38,,
2026-05-05 17:00:00,1681845.60,,
2026-05-05 18:00:00,1682217.70,,
2026-05-05 19:00:00,1675211.98,,
2026-05-05 20:00:00,1659058.06,,
2026-05-05 21:00:00,1654975.93,,
2026-05-05 22:00:00,1644213.26,,
2026-05-05 23:00:00,1625971.00,,
2026-05-06 00:00:00,1627390.30,,
2026-05-06 01:00:00,1596820.57,,
2026-05-06 02:00:00,1605406.98,,
2026-05-06 03:00:00,1599332.57,,
2026-05-06 04:00:00,1617261.33,,
2026-05-06 05:00:00,1611079.32,,
2026-05-06 06:00:00,1619776.90,,
2026-05-06 07:00:00,1631535.82,,
2026-05-06 08:00:00,1638092.62,,
2026-05-06 09:00:00,1681096.62,,
2026-05-06 10:00:00,1673534.62,,
2026-05-06 11:00:00,1666632.33,,
2026-05-06 12:00:00,1654044.02,,
2026-05-06 13:00:00,1666544.67,,
2026-05-06 14:00:00,1632501.52,,
2026-05-06 15:00:00,1623692.96,,
2026-05-06 16:00:00,1641883.27,,
2026-05-06 17:00:00,1637662.85,,
2026-05-06 18:00:00,1640391.42,,
2026-05-06 19:00:00,1632678.33,,
2026-05-06 20:00:00,1633586.21,,
2026-05-06 21:00:00,1632179.81,,
2026-05-06 22:00:00,1641076.97,,
2026-05-06 23:00:00,1636432.07,,
2026-05-07 00:00:00,1643726.52,,
2026-05-07 01:00:00,1634801.41,,
2026-05-07 02:00:00,1619251.67,,
2026-05-07 03:00:00,1613468.57,,
2026-05-07 04:00:00,1608146.05,,
2026-05-07 05:00:00,1622287.31,,
2026-05-07 06:00:00,1629412.68,,
2026-05-07 07:00:00,1639881.71,,
2026-05-07 08:00:00,1648954.08,,
2026-05-07 09:00:00,1641219.69,,
2026-05-07 10:00:00,1639661.54,,
2026-05-07 11:00:00,1630164.26,,
2026-05-07 12:00:00,1634275.60,,
2026-05-07 13:00:00,1664460.43,,
2026-05-07 14:00:00,1648660.28,,
2026-05-07 15:00:00,1608067.59,,
2026-05-07 16:00:00,1589751.55,,
2026-05-07 17:00:00,1598148.18,,
2026-05-07 18:00:00,1614577.19,,
2026-05-07 19:00:00,1628810.94,,
2026-05-07 20:00:00,1643126.17,,
2026-05-07 21:00:00,1635303.71,,
2026-05-07 22:00:00,1638786.80,,
2026-05-07 23:00:00,1641725.65,,
2026-05-08 00:00:00,1637779.71,,
2026-05-08 01:00:00,1628551.69,,
2026-05-08 02:00:00,1624559.78,,
2026-05-08 03:00:00,1616337.37,,
2026-05-08 04:00:00,1631671.64,,
2026-05-08 05:00:00,1643625.56,,
2026-05-08 06:00:00,1622031.11,,
2026-05-08 07:00:00,1615845.27,,
2026-05-08 08:00:00,1617077.05,,
2026-05-08 09:00:00,1620847.39,,
2026-05-08 10:00:00,1628150.69,,
2026-05-08 11:00:00,1654555.87,,
2026-05-08 12:00:00,1657012.34,,
2026-05-08 13:00:00,1648728.71,,
2026-05-08 14:00:00,1652272.67,,
2026-05-08 15:00:00,1693144.55,,
2026-05-08 16:00:00,1709441.46,,
2026-05-08 17:00:00,1705558.92,,
2026-05-08 18:00:00,1712092.32,,
2026-05-08 19:00:00,1707050.21,,
2026-05-08 20:00:00,1667882.74,,
2026-05-08 21:00:00,1657062.57,,
2026-05-08 22:00:00,1672635.72,,
2026-05-08 23:00:00,1666869.06,,
2026-05-09 00:00:00,1667232.03,,
2026-05-09 01:00:00,1791055.79,,
2026-05-09 02:00:00,1806042.30,,
2026-05-09 03:00:00,1864864.45,,
2026-05-09 04:00:00,1890626.17,,
2026-05-09 05:00:00,1855109.55,,
2026-05-09 06:00:00,1811228.30,,
2026-05-09 07:00:00,1824104.26,,
2026-05-09 08:00:00,1902502.37,,
2026-05-09 09:00:00,2087065.09,,
2026-05-09 10:00:00,2028162.29,,
2026-05-09 11:00:00,2047078.77,,
2026-05-09 12:00:00,2025914.60,,
2026-05-09 13:00:00,2041661.17,,
2026-05-09 14:00:00,2116976.18,,
2026-05-09 15:00:00,2165275.17,,
2026-05-09 16:00:00,2373423.86,,
2026-05-09 17:00:00,2525673.22,,
2026-05-09 18:00:00,2690643.26,,
2026-05-09 19:00:00,2658058.91,,
2026-05-09 20:00:00,2638715.77,,
2026-05-09 21:00:00,2724624.34,,
2026-05-09 22:00:00,2844761.08,,
2026-05-09 23:00:00,2899249.02,,
2026-05-10 00:00:00,2938572.92,,
2026-05-10 01:00:00,3230992.23,,
2026-05-10 02:00:00,2638173.68,,
2026-05-10 03:00:00,2577302.75,,
2026-05-10 04:00:00,2476447.55,,
2026-05-10 05:00:00,2484033.99,,
2026-05-10 06:00:00,2567268.76,,
2026-05-10 07:00:00,2493014.94,,
2026-05-10 08:00:00,2578061.83,,
2026-05-10 09:00:00,2586976.95,,
2026-05-10 10:00:00,2489598.31,,
2026-05-10 11:00:00,2504167.97,,
2026-05-10 12:00:00,2568607.10,,
2026-05-10 13:00:00,2453039.15,,
2026-05-10 14:00:00,2503799.69,,
2026-05-10 15:00:00,2506617.24,,
2026-05-10 16:00:00,2866621.86,,
2026-05-10 17:00:00,2844425.55,,
2026-05-10 18:00:00,3011074.10,,
2026-05-10 19:00:00,3245757.48,,
2026-05-10 20:00:00,3384987.88,,
2026-05-10 21:00:00,3090468.69,,
2026-05-10 22:00:00,3082323.03,,
2026-05-10 23:00:00,3032081.13,,
2026-05-11 00:00:00,3004326.69,,
2026-05-11 01:00:00,3108535.62,,
2026-05-11 02:00:00,3040579.52,,
2026-05-11 03:00:00,2928892.88,,
2026-05-11 04:00:00,2970283.30,,
2026-05-11 05:00:00,3023010.16,,
2026-05-11 06:00:00,3166857.38,,
2026-05-11 07:00:00,3079238.29,,
2026-05-11 08:00:00,2943419.01,,
2026-05-11 09:00:00,2868294.84,,
2026-05-11 10:00:00,2834454.00,,
2026-05-11 11:00:00,2783205.45,,
2026-05-11 12:00:00,2830808.27,,
2026-05-11 13:00:00,2839985.77,,
2026-05-11 14:00:00,2798304.99,,
2026-05-11 15:00:00,2696032.99,,
2026-05-11 16:00:00,2694428.70,,
2026-05-11 17:00:00,2666207.49,,
2026-05-11 18:00:00,2665756.08,,
2026-05-11 19:00:00,2676534.85,,
2026-05-11 20:00:00,2654799.77,,
2026-05-11 21:00:00,2638646.96,,
2026-05-11 22:00:00,2649350.55,,
2026-05-11 23:00:00,2614475.62,,
2026-05-12 00:00:00,2580373.06,,
2026-05-12 01:00:00,2622545.64,,
2026-05-12 02:00:00,2509274.03,,
2026-05-12 03:00:00,2559894.14,,
2026-05-12 04:00:00,2515543.60,,
2026-05-12 05:00:00,2514913.53,,
2026-05-12 06:00:00,2529583.38,,
2026-05-12 07:00:00,2562639.15,,
2026-05-12 08:00:00,2582777.35,,
2026-05-12 09:00:00,2613435.73,,
2026-05-12 10:00:00,2557396.63,,
2026-05-12 11:00:00,2481084.78,,
2026-05-12 12:00:00,2421731.97,,
2026-05-12 13:00:00,2455489.06,,
2026-05-12 14:00:00,2414493.37,,
2026-05-12 15:00:00,2385821.06,,
2026-05-12 16:00:00,2322199.35,,
2026-05-12 17:00:00,2337035.72,,
2026-05-12 18:00:00,2347474.30,,
2026-05-12 19:00:00,2369793.97,,
2026-05-12 20:00:00,2381471.70,,
2026-05-12 21:00:00,2355063.25,,
2026-05-12 22:00:00,2354401.42,,
2026-05-12 23:00:00,2371274.45,,
2026-05-13 00:00:00,2345470.83,,
2026-05-13 01:00:00,2331122.00,,
2026-05-13 02:00:00,2360297.47,,
2026-05-13 03:00:00,2419534.48,,
2026-05-13 04:00:00,2411924.91,,
2026-05-13 05:00:00,2389445.17,,
2026-05-13 06:00:00,2367545.26,,
2026-05-13 07:00:00,2420552.45,,
2026-05-13 08:00:00,2413474.03,,
2026-05-13 09:00:00,2405524.19,,
2026-05-13 10:00:00,2396111.48,,
2026-05-13 11:00:00,2349141.10,,
2026-05-13 12:00:00,2337501.12,,
2026-05-13 13:00:00,2266902.44,,
2026-05-13 14:00:00,2240420.35,,
2026-05-13 15:00:00,2175721.63,,
2026-05-13 16:00:00,2075883.92,,
2026-05-13 17:00:00,2086588.00,,
2026-05-13 18:00:00,2103411.05,,
2026-05-13 19:00:00,2114269.39,,
2026-05-13 20:00:00,2127456.48,,
2026-05-13 21:00:00,2130610.50,,
2026-05-13 22:00:00,2110451.34,,
2026-05-13 23:00:00,2121655.92,,
2026-05-14 00:00:00,2138497.82,,
2026-05-14 01:00:00,2133072.91,,
2026-05-14 02:00:00,2125951.64,,
2026-05-14 03:00:00,2146202.53,,
2026-05-14 04:00:00,2118301.76,,
2026-05-14 05:00:00,2170764.30,,
2026-05-14 06:00:00,2171885.50,,
2026-05-14 07:00:00,2187034.95,,
2026-05-14 08:00:00,2162530.55,,
2026-05-14 09:00:00,2118572.68,,
2026-05-14 10:00:00,2114362.59,,
2026-05-14 11:00:00,2111055.44,,
2026-05-14 12:00:00,2080162.34,,
2026-05-14 13:00:00,2081721.22,,
2026-05-14 14:00:00,2074665.42,,
2026-05-14 15:00:00,2090642.90,,
2026-05-14 16:00:00,2123721.40,,
2026-05-14 17:00:00,2112061.10,,
2026-05-14 18:00:00,2108535.64,,
2026-05-14 19:00:00,2124949.81,,
2026-05-14 20:00:00,2100388.99,,
2026-05-14 21:00:00,2093413.84,,
2026-05-14 22:00:00,2078456.11,,
2026-05-14 23:00:00,2074075.23,,
2026-05-15 00:00:00,2058967.31,,
2026-05-15 01:00:00,2070622.39,,
2026-05-15 02:00:00,2064265.56,,
2026-05-15 03:00:00,2057096.31,,
2026-05-15 04:00:00,2029931.82,,
2026-05-15 05:00:00,2016842.25,,
2026-05-15 06:00:00,1946129.39,,
2026-05-15 07:00:00,1939694.11,,
2026-05-15 08:00:00,1939116.68,,
2026-05-15 09:00:00,1925937.19,,
2026-05-15 10:00:00,1907766.01,,
2026-05-15 11:00:00,1945121.18,,
2026-05-15 12:00:00,1948693.64,,
2026-05-15 13:00:00,1936387.04,,
2026-05-15 14:00:00,1836214.73,,
2026-05-15 15:00:00,1812389.01,,
2026-05-15 16:00:00,1809127.65,,
2026-05-15 17:00:00,1824180.22,,
2026-05-15 18:00:00,1829763.36,,
2026-05-15 19:00:00,1821731.95,,
2026-05-15 20:00:00,1814252.37,,
2026-05-15 21:00:00,1808665.62,,
2026-05-15 22:00:00,1809689.51,,
2026-05-15 23:00:00,1817243.56,,
2026-05-16 00:00:00,1809329.39,,
2026-05-16 01:00:00,1755597.17,,
2026-05-16 02:00:00,1721327.46,,
2026-05-16 03:00:00,1723835.74,,
2026-05-16 04:00:00,1722254.50,,
2026-05-16 05:00:00,1668869.20,,
2026-05-16 06:00:00,1672552.28,,
2026-05-16 07:00:00,1629729.91,,
2026-05-16 08:00:00,1601399.36,,
2026-05-16 09:00:00,1610916.08,,
2026-05-16 10:00:00,1586467.45,,
2026-05-16 11:00:00,1582930.18,,
2026-05-16 12:00:00,1579083.36,,
2026-05-16 13:00:00,1577575.01,,
2026-05-16 14:00:00,1574593.74,,
2026-05-16 15:00:00,1573637.50,,
2026-05-16 16:00:00,1595251.97,,
2026-05-16 17:00:00,1612855.27,,
2026-05-16 18:00:00,1617376.79,,
2026-05-16 19:00:00,1628038.25,,
2026-05-16 20:00:00,1619637.43,,
2026-05-16 21:00:00,1616946.74,,
2026-05-16 22:00:00,1623451.60,,
2026-05-16 23:00:00,1625175.98,,
2026-05-17 00:00:00,1629045.92,,
2026-05-17 01:00:00,1617578.30,,
2026-05-17 02:00:00,1602672.06,,
2026-05-17 03:00:00,1615074.83,,
2026-05-17 04:00:00,1638857.99,,
2026-05-17 05:00:00,1662074.94,,
2026-05-17 06:00:00,1654494.60,,
2026-05-17 07:00:00,1645350.11,,
2026-05-17 08:00:00,1654246.05,,
2026-05-17 09:00:00,1641730.02,,
2026-05-17 10:00:00,1651193.20,,
2026-05-17 11:00:00,1672446.46,,
2026-05-17 12:00:00,1653393.59,,
2026-05-17 13:00:00,1652975.43,,
2026-05-17 14:00:00,1666004.82,,
2026-05-17 15:00:00,1629884.81,,
2026-05-17 16:00:00,1619735.07,,
2026-05-17 17:00:00,1592932.61,,
2026-05-17 18:00:00,1579175.89,,
2026-05-17 19:00:00,1590171.14,,
2026-05-17 20:00:00,1602860.57,,
2026-05-17 21:00:00,1592215.96,,
2026-05-17 22:00:00,1584295.83,,
2026-05-17 23:00:00,1570729.44,,
2026-05-18 00:00:00,1537425.24,,
2026-05-18 01:00:00,1535095.12,,
2026-05-18 02:00:00,1529648.21,,
2026-05-18 03:00:00,1530316.31,,
2026-05-18 04:00:00,1513750.54,,
2026-05-18 05:00:00,1504533.31,,
2026-05-18 06:00:00,1494621.53,,
2026-05-18 07:00:00,1497556.60,,
2026-05-18 08:00:00,1494348.60,,
2026-05-18 09:00:00,1501988.17,,
2026-05-18 10:00:00,1493617.62,,
2026-05-18 11:00:00,1491854.79,,
2026-05-18 12:00:00,1510405.53,,
2026-05-18 13:00:00,1509150.02,,
2026-05-18 14:00:00,1499098.17,,
2026-05-18 15:00:00,1492024.90,,
2026-05-18 16:00:00,1500655.13,,
2026-05-18 17:00:00,1527272.47,,
2026-05-18 18:00:00,1527239.33,,
2026-05-18 19:00:00,1504200.21,,
2026-05-18 20:00:00,1538835.43,,
2026-05-18 21:00:00,1545258.44,,
2026-05-18 22:00:00,1561261.82,,
2026-05-18 23:00:00,1562026.32,,
2026-05-19 00:00:00,1595422.64,,
2026-05-19 01:00:00,1590570.91,,
2026-05-19 02:00:00,1554748.64,,
2026-05-19 03:00:00,1546582.13,,
2026-05-19 04:00:00,1554121.20,,
2026-05-19 05:00:00,1555400.24,,
2026-05-19 06:00:00,1544749.23,,
2026-05-19 07:00:00,1557495.64,,
2026-05-19 08:00:00,1577270.86,,
2026-05-19 09:00:00,1564023.33,,
2026-05-19 10:00:00,1546104.92,,
2026-05-19 11:00:00,1527630.66,,
2026-05-19 12:00:00,1507060.47,,
2026-05-19 13:00:00,1531986.85,,
2026-05-19 14:00:00,1535223.53,,
2026-05-19 15:00:00,1512034.34,,
2026-05-19 16:00:00,1516129.48,,
2026-05-19 17:00:00,1529148.29,,
2026-05-19 18:00:00,1515132.01,,
2026-05-19 19:00:00,1498853.77,,
2026-05-19 20:00:00,1495380.08,,
2026-05-19 21:00:00,1496709.80,,
2026-05-19 22:00:00,1485782.72,,
2026-05-19 23:00:00,1473329.59,,
2026-05-20 00:00:00,1473701.04,,
2026-05-20 01:00:00,1464729.35,,
2026-05-20 02:00:00,1481113.34,,
2026-05-20 03:00:00,1471285.97,,
2026-05-20 04:00:00,1476884.76,,
2026-05-20 05:00:00,1481278.21,,
2026-05-20 06:00:00,1496073.91,,
2026-05-20 07:00:00,1507745.44,,
2026-05-20 08:00:00,1506826.69,,
2026-05-20 09:00:00,1513032.44,,
2026-05-20 10:00:00,1510181.89,,
2026-05-20 11:00:00,1508079.05,,
2026-05-20 12:00:00,1496993.04,,
2026-05-20 13:00:00,1510990.10,,
2026-05-20 14:00:00,1493835.71,,
2026-05-20 15:00:00,1537612.00,,
2026-05-20 16:00:00,1564633.65,,
2026-05-20 17:00:00,1552735.52,,
2026-05-20 18:00:00,1570534.57,,
2026-05-20 19:00:00,1573340.53,,
2026-05-20 20:00:00,1588449.55,,
2026-05-20 21:00:00,1588055.49,,
2026-05-20 22:00:00,1570733.28,,
2026-05-20 23:00:00,1607061.26,,
2026-05-21 00:00:00,1607854.70,,
2026-05-21 01:00:00,1673412.84,,
2026-05-21 02:00:00,1766955.91,,
2026-05-21 03:00:00,1709762.62,,
2026-05-21 04:00:00,1725824.41,,
2026-05-21 05:00:00,1694631.66,,
2026-05-21 06:00:00,1663779.49,,
2026-05-21 07:00:00,1651816.98,,
2026-05-21 08:00:00,1651096.05,,
2026-05-21 09:00:00,1655976.47,,
2026-05-21 10:00:00,1619318.13,,
2026-05-21 11:00:00,1580399.32,,
2026-05-21 12:00:00,1579267.90,,
2026-05-21 13:00:00,1596179.95,,
2026-05-21 14:00:00,1587341.00,,
2026-05-21 15:00:00,1586446.31,,
2026-05-21 16:00:00,1599538.34,,
2026-05-21 17:00:00,1594157.77,,
2026-05-21 18:00:00,1654759.25,,
2026-05-21 19:00:00,1638860.80,,
2026-05-21 20:00:00,1631790.57,,
2026-05-21 21:00:00,1615078.41,,
2026-05-21 22:00:00,1607495.14,,
2026-05-21 23:00:00,1610351.33,,
2026-05-22 00:00:00,1615160.10,,
2026-05-22 01:00:00,1593242.99,,
2026-05-22 02:00:00,1602145.46,,
2026-05-22 03:00:00,1616252.61,,
2026-05-22 04:00:00,1609228.86,,
2026-05-22 05:00:00,1612777.49,,
2026-05-22 06:00:00,1680760.63,,
2026-05-22 07:00:00,1664923.67,,
2026-05-22 08:00:00,1646243.93,,
2026-05-22 09:00:00,1654886.27,,
2026-05-22 10:00:00,1663021.46,,
2026-05-22 11:00:00,1672843.70,,
2026-05-22 12:00:00,1665229.44,,
2026-05-22 13:00:00,1663587.09,,
2026-05-22 14:00:00,1667996.94,,
2026-05-22 15:00:00,1600343.82,,
2026-05-22 16:00:00,1599080.16,,
2026-05-22 17:00:00,1613529.09,,
2026-05-22 18:00:00,1588758.13,,
2026-05-22 19:00:00,1549300.33,,
2026-05-22 20:00:00,1468678.61,,
2026-05-22 21:00:00,1474996.68,,
2026-05-22 22:00:00,1474079.66,,
2026-05-22 23:00:00,1457101.15,,
2026-05-23 00:00:00,1429943.07,,
2026-05-23 01:00:00,1441718.10,,
2026-05-23 02:00:00,1449840.60,,
2026-05-23 03:00:00,1455199.23,,
2026-05-23 04:00:00,1451913.81,,
2026-05-23 05:00:00,1454775.87,,
2026-05-23 06:00:00,1449138.12,,
2026-05-23 07:00:00,1438768.62,,
2026-05-23 08:00:00,1387595.25,,
2026-05-23 09:00:00,1398701.03,,
2026-05-23 10:00:00,1417989.76,,
2026-05-23 11:00:00,1422663.51,,
2026-05-23 12:00:00,1419959.32,,
2026-05-23 13:00:00,1429564.62,,
2026-05-23 14:00:00,1442391.07,,
2026-05-23 15:00:00,1457612.68,,
2026-05-23 16:00:00,1458356.15,,
2026-05-23 17:00:00,1461391.00,,
2026-05-23 18:00:00,1457131.50,,
2026-05-23 19:00:00,1485477.81,,
2026-05-23 20:00:00,1490467.59,,
2026-05-23 21:00:00,1535706.38,,
2026-05-23 22:00:00,1521960.64,,
2026-05-23 23:00:00,1508758.97,,
2026-05-24 00:00:00,1505059.08,,
2026-05-24 01:00:00,1501335.76,,
2026-05-24 02:00:00,1491665.56,,
2026-05-24 03:00:00,1487938.60,,
2026-05-24 04:00:00,1480782.00,,
2026-05-24 05:00:00,1480618.84,,
2026-05-24 06:00:00,1477910.17,,
2026-05-24 07:00:00,1488604.46,,
2026-05-24 08:00:00,1471765.40,,
2026-05-24 09:00:00,1466410.46,,
2026-05-24 10:00:00,1462220.36,,
2026-05-24 11:00:00,1445171.27,,
2026-05-24 12:00:00,1443479.82,,
2026-05-24 13:00:00,1429438.40,,
2026-05-24 14:00:00,1407957.30,,
2026-05-24 15:00:00,1409958.94,,
2026-05-24 16:00:00,1412582.95,,
2026-05-24 17:00:00,1411520.42,,
2026-05-24 18:00:00,1406078.35,,
2026-05-24 19:00:00,1397534.82,,
2026-05-24 20:00:00,1403484.70,,
2026-05-24 21:00:00,1398189.71,,
2026-05-24 22:00:00,1382419.55,,
2026-05-24 23:00:00,1399942.00,,
2026-05-25 00:00:00,1407720.97,,
2026-05-25 01:00:00,1419975.51,,
2026-05-25 02:00:00,1403847.50,,
2026-05-25 03:00:00,1410470.22,,
2026-05-25 04:00:00,1399466.02,,
2026-05-25 05:00:00,1420864.70,,
2026-05-25 06:00:00,1429546.08,,
2026-05-25 07:00:00,1439852.74,,
2026-05-25 08:00:00,1444808.83,,
2026-05-25 09:00:00,1446758.10,,
2026-05-25 10:00:00,1428640.25,,
2026-05-25 11:00:00,1435839.48,,
2026-05-25 12:00:00,1429860.72,,
2026-05-25 13:00:00,1423442.20,,
2026-05-25 14:00:00,1424482.25,,
2026-05-25 15:00:00,1436294.51,,
2026-05-25 16:00:00,1430390.33,,
2026-05-25 17:00:00,1440082.54,,
2026-05-25 18:00:00,1430293.40,,
2026-05-25 19:00:00,1424851.59,,
2026-05-25 20:00:00,1422747.20,,
2026-05-25 21:00:00,1406931.89,,
2026-05-25 22:00:00,1396760.74,,
2026-05-25 23:00:00,1382578.45,,
2026-05-26 00:00:00,1403779.96,,
2026-05-26 01:00:00,1379627.57,,
2026-05-26 02:00:00,1370256.80,,
2026-05-26 03:00:00,1366965.42,,
2026-05-26 04:00:00,1364417.68,,
2026-05-26 05:00:00,1369533.26,,
2026-05-26 06:00:00,1369794.86,,
2026-05-26 07:00:00,1401849.65,,
2026-05-26 08:00:00,1395744.14,,
2026-05-26 09:00:00,1384256.92,,
2026-05-26 10:00:00,1385642.71,,
2026-05-26 11:00:00,1416280.94,,
2026-05-26 12:00:00,1418607.43,,
2026-05-26 13:00:00,1414859.54,,
2026-05-26 14:00:00,1414642.61,,
2026-05-26 15:00:00,1398035.20,,
2026-05-26 16:00:00,1403753.54,,
2026-05-26 17:00:00,1403349.89,,
2026-05-26 18:00:00,1372454.13,,
2026-05-26 19:00:00,1372875.19,,
2026-05-26 20:00:00,1375439.16,,
2026-05-26 21:00:00,1374443.92,,
2026-05-26 22:00:00,1355012.42,,
2026-05-26 23:00:00,1354322.43,,
2026-05-27 00:00:00,1359294.10,,
2026-05-27 01:00:00,1373971.03,,
2026-05-27 02:00:00,1358021.28,,
2026-05-27 03:00:00,1365039.73,,
2026-05-27 04:00:00,1357415.09,,
2026-05-27 05:00:00,1361684.21,,
2026-05-27 06:00:00,1364979.92,,
2026-05-27 07:00:00,1358555.97,,
2026-05-27 08:00:00,1364880.09,,
2026-05-27 09:00:00,1354138.82,,
2026-05-27 10:00:00,1357418.45,,
2026-05-27 11:00:00,1364612.23,,
2026-05-27 12:00:00,1358902.06,,
2026-05-27 13:00:00,1370747.87,,
2026-05-27 14:00:00,1374251.70,,
2026-05-27 15:00:00,1373953.25,,
2026-05-27 16:00:00,1384246.80,,
2026-05-27 17:00:00,1386040.13,,
2026-05-27 18:00:00,1369204.60,,
2026-05-27 19:00:00,1374288.84,,
2026-05-27 20:00:00,1370992.65,,
2026-05-27 21:00:00,1399286.49,,
2026-05-27 22:00:00,1361850.66,,
2026-05-27 23:00:00,1362776.38,,
2026-05-28 00:00:00,1366617.12,,
2026-05-28 01:00:00,1368894.01,,
2026-05-28 02:00:00,1352776.69,,
2026-05-28 03:00:00,1346899.70,,
2026-05-28 04:00:00,1290419.80,,
2026-05-28 05:00:00,1295491.07,,
2026-05-28 06:00:00,1295027.48,,
2026-05-28 07:00:00,1303592.49,,
2026-05-28 08:00:00,1310907.88,,
2026-05-28 09:00:00,1310528.90,,
2026-05-28 10:00:00,1319014.90,,
2026-05-28 11:00:00,1305361.32,,
2026-05-28 12:00:00,1307027.51,,
2026-05-28 13:00:00,1308751.61,,
2026-05-28 14:00:00,1298872.51,,
2026-05-28 15:00:00,1299134.15,,
2026-05-28 16:00:00,1294118.68,,
2026-05-28 17:00:00,1309158.89,,
2026-05-28 18:00:00,1322867.26,,
2026-05-28 19:00:00,1317110.06,,
2026-05-28 20:00:00,1297591.79,,
2026-05-28 21:00:00,1296350.27,,
2026-05-28 22:00:00,1299416.46,,
2026-05-28 23:00:00,1291469.94,,
2026-05-29 00:00:00,1290584.49,,
2026-05-29 01:00:00,1298267.74,,
2026-05-29 02:00:00,1296100.20,,
2026-05-29 03:00:00,1281082.10,,
2026-05-29 04:00:00,1288574.35,,
2026-05-29 05:00:00,1293815.93,,
2026-05-29 06:00:00,1292406.81,,
2026-05-29 07:00:00,1291946.78,,
2026-05-29 08:00:00,1284157.50,,
2026-05-29 09:00:00,1284514.14,,
2026-05-29 10:00:00,1287282.02,,
2026-05-29 11:00:00,1277292.51,,
2026-05-29 12:00:00,1294610.48,,
2026-05-29 13:00:00,1295301.24,,
2026-05-29 14:00:00,1302960.85,,
2026-05-29 15:00:00,1304707.92,,
2026-05-29 16:00:00,1339578.62,,
2026-05-29 17:00:00,1342674.04,,
2026-05-29 18:00:00,1336884.64,,
2026-05-29 19:00:00,1324416.94,,
2026-05-29 20:00:00,1317572.08,,
2026-05-29 21:00:00,1317358.68,,
2026-05-29 22:00:00,1300975.05,,
2026-05-29 23:00:00,1308893.18,,
2026-05-30 00:00:00,1315011.13,,
2026-05-30 01:00:00,1331655.28,,
2026-05-30 02:00:00,1347468.25,,
2026-05-30 03:00:00,1350389.43,,
2026-05-30 04:00:00,1345202.82,,
2026-05-30 05:00:00,1339450.15,,
2026-05-30 06:00:00,1345829.32,,
2026-05-30 07:00:00,1343829.01,,
2026-05-30 08:00:00,1345078.61,,
2026-05-30 09:00:00,1349273.58,,
2026-05-30 10:00:00,1402838.55,,
2026-05-30 11:00:00,1379685.92,,
2026-05-30 12:00:00,1368188.05,,
2026-05-30 13:00:00,1360797.35,,
2026-05-30 14:00:00,1358450.15,,
2026-05-30 15:00:00,1376623.15,,
2026-05-30 16:00:00,1364405.80,,
2026-05-30 17:00:00,1375466.13,,
2026-05-30 18:00:00,1359642.60,,
2026-05-30 19:00:00,1354977.68,,
2026-05-30 20:00:00,1350609.65,,
2026-05-30 21:00:00,1347742.42,,
2026-05-30 22:00:00,1349883.70,,
2026-05-30 23:00:00,1335858.41,,
2026-05-31 00:00:00,1336443.43,,
2026-05-31 01:00:00,1344016.79,,
2026-05-31 02:00:00,1361679.74,,
2026-05-31 03:00:00,1356096.44,,
2026-05-31 04:00:00,1351354.61,,
2026-05-31 05:00:00,1365598.50,,
2026-05-31 06:00:00,1366186.23,,
2026-05-31 07:00:00,1352163.12,,
2026-05-31 08:00:00,1325366.87,,
2026-05-31 09:00:00,1325410.38,,
2026-05-31 10:00:00,1311475.33,,
2026-05-31 11:00:00,1320091.49,,
2026-05-31 12:00:00,1318098.21,,
2026-05-31 13:00:00,1321548.97,,
2026-05-31 14:00:00,1315846.91,,
2026-05-31 15:00:00,1301879.17,,
2026-05-31 16:00:00,1313274.99,,
2026-05-31 17:00:00,1302094.97,,
2026-05-31 18:00:00,1305046.52,,
2026-05-31 19:00:00,1304582.12,,
2026-05-31 20:00:00,1310196.13,,
2026-05-31 21:00:00,1320757.68,,
2026-05-31 22:00:00,1324557.03,,
2026-05-31 23:00:00,1331886.50,,
2026-06-01 00:00:00,1337329.35,,
2026-06-01 01:00:00,1369196.80,,
2026-06-01 02:00:00,1352543.84,,
2026-06-01 03:00:00,1364410.00,,
2026-06-01 04:00:00,1373170.16,,
2026-06-01 05:00:00,1362018.02,,
2026-06-01 06:00:00,1349090.60,,
2026-06-01 07:00:00,1334285.25,,
2026-06-01 08:00:00,1329022.45,,
2026-06-01 09:00:00,1325375.45,,
2026-06-01 10:00:00,1327253.19,,
2026-06-01 11:00:00,1331133.23,,
2026-06-01 12:00:00,1325951.18,,
2026-06-01 13:00:00,1318747.06,,
2026-06-01 14:00:00,1308128.76,,
2026-06-01 15:00:00,1311212.27,,
2026-06-01 16:00:00,1311848.39,,
2026-06-01 17:00:00,1332313.12,,
2026-06-01 18:00:00,1348307.80,,
2026-06-01 19:00:00,1356107.59,,
2026-06-01 20:00:00,1358816.80,,
2026-06-01 21:00:00,1359042.01,,
2026-06-01 22:00:00,1346596.92,,
2026-06-01 23:00:00,1352085.83,,
2026-06-02 00:00:00,1348759.07,,
2026-06-02 01:00:00,1335035.55,,
2026-06-02 02:00:00,1315000.08,,
2026-06-02 03:00:00,1321318.34,,
2026-06-02 04:00:00,1331534.58,,
2026-06-02 05:00:00,1323822.52,,
2026-06-02 06:00:00,1309781.68,,
2026-06-02 07:00:00,1306241.45,,
2026-06-02 08:00:00,1304327.84,,
2026-06-02 09:00:00,1300776.24,,
2026-06-02 10:00:00,1286074.54,,
2026-06-02 11:00:00,1297911.77,,
2026-06-02 12:00:00,1294824.10,,
2026-06-02 13:00:00,1297091.73,,
2026-06-02 14:00:00,1299453.01,,
2026-06-02 15:00:00,1258779.39,,
2026-06-02 16:00:00,1244387.93,,
2026-06-02 17:00:00,1254271.28,,
2026-06-02 18:00:00,1267078.67,,
2026-06-02 19:00:00,1245347.81,,
2026-06-02 20:00:00,1244215.33,,
2026-06-02 21:00:00,1248240.02,,
2026-06-02 22:00:00,1244446.15,,
2026-06-02 23:00:00,1212695.30,,
2026-06-03 00:00:00,1219599.02,,
2026-06-03 01:00:00,1234070.48,,
2026-06-03 02:00:00,1234250.24,,
2026-06-03 03:00:00,1226979.17,,
2026-06-03 04:00:00,1205964.38,,
2026-06-03 05:00:00,1236870.25,,
2026-06-03 06:00:00,1266348.95,,
2026-06-03 07:00:00,1267206.26,,
2026-06-03 08:00:00,1301260.95,,
2026-06-03 09:00:00,1296871.99,,
2026-06-03 10:00:00,1286131.91,,
2026-06-03 11:00:00,1301237.89,,
2026-06-03 12:00:00,1290565.82,,
2026-06-03 13:00:00,1287094.46,,
2026-06-03 14:00:00,1284511.39,,
2026-06-03 15:00:00,1279298.90,,
2026-06-03 16:00:00,1273505.84,,
2026-06-03 17:00:00,1260109.92,,
2026-06-03 18:00:00,1263956.84,,
2026-06-03 19:00:00,1263083.84,,
2026-06-03 20:00:00,1247701.95,,
2026-06-03 21:00:00,1228535.16,,
2026-06-03 22:00:00,1276281.93,,
2026-06-03 23:00:00,1266488.89,,
2026-06-04 00:00:00,1240273.44,,
2026-06-04 01:00:00,1215868.89,,
2026-06-04 02:00:00,1128015.46,,
2026-06-04 03:00:00,1101699.61,,
2026-06-04 04:00:00,1138345.23,,
2026-06-04 05:00:00,1124075.32,,
2026-06-04 06:00:00,1113630.17,,
2026-06-04 07:00:00,1120260.55,,
2026-06-04 08:00:00,1100195.08,,
2026-06-04 09:00:00,1098771.54,,
2026-06-04 10:00:00,1058387.12,,
2026-06-04 11:00:00,1042393.81,,
2026-06-04 12:00:00,1057104.24,,
2026-06-04 13:00:00,1089167.54,,
2026-06-04 14:00:00,1093403.21,,
2026-06-04 15:00:00,1078640.38,,
2026-06-04 16:00:00,1083521.65,,
2026-06-04 17:00:00,1081849.95,,
2026-06-04 18:00:00,1072290.47,,
2026-06-04 19:00:00,1078896.33,,
2026-06-04 20:00:00,1071700.56,,
2026-06-04 21:00:00,1064834.90,,
2026-06-04 22:00:00,1038620.47,,
2026-06-04 23:00:00,1047592.48,,
2026-06-05 00:00:00,1063093.65,,
2026-06-05 01:00:00,1045045.57,,
2026-06-05 02:00:00,1039589.79,,
2026-06-05 03:00:00,999796.87,,
2026-06-05 04:00:00,999279.44,,
2026-06-05 05:00:00,1023458.82,,
2026-06-05 06:00:00,985627.66,,
2026-06-05 07:00:00,961541.20,,
2026-06-05 08:00:00,977508.58,,
2026-06-05 09:00:00,961528.99,,
2026-06-05 10:00:00,982633.00,,
2026-06-05 11:00:00,977764.02,,
2026-06-05 12:00:00,961108.48,,
2026-06-05 13:00:00,963457.68,,
2026-06-05 14:00:00,953947.21,,
2026-06-05 15:00:00,963132.53,,
2026-06-05 16:00:00,946802.01,,
2026-06-05 17:00:00,974610.84,,
2026-06-05 18:00:00,958504.07,,
2026-06-05 19:00:00,919431.07,,
2026-06-05 20:00:00,934568.34,,
2026-06-05 21:00:00,956007.72,,
2026-06-05 22:00:00,951487.29,,
2026-06-05 23:00:00,936971.15,,
2026-06-06 00:00:00,926188.28,,
2026-06-06 01:00:00,942966.85,,
2026-06-06 02:00:00,926134.96,,
2026-06-06 03:00:00,903843.90,,
2026-06-06 04:00:00,896469.05,,
2026-06-06 05:00:00,858874.19,,
2026-06-06 06:00:00,887700.93,,
2026-06-06 07:00:00,879572.49,,
2026-06-06 08:00:00,885774.60,,
2026-06-06 09:00:00,894947.61,,
2026-06-06 10:00:00,883074.89,,
2026-06-06 11:00:00,877565.54,,
2026-06-06 12:00:00,886685.67,,
2026-06-06 13:00:00,899034.19,,
2026-06-06 14:00:00,903038.31,,
2026-06-06 15:00:00,912618.46,,
2026-06-06 16:00:00,898046.08,,
2026-06-06 17:00:00,898443.07,,
2026-06-06 18:00:00,885891.10,,
2026-06-06 19:00:00,887281.51,,
2026-06-06 20:00:00,883684.87,,
2026-06-06 21:00:00,885358.07,,
2026-06-06 22:00:00,889776.11,,
2026-06-06 23:00:00,887931.79,,
2026-06-07 00:00:00,893716.01,,
2026-06-07 01:00:00,894896.13,,
2026-06-07 02:00:00,922135.68,,
2026-06-07 03:00:00,921499.97,,
2026-06-07 04:00:00,910524.94,,
2026-06-07 05:00:00,905217.92,,
2026-06-07 06:00:00,909094.18,,
2026-06-07 07:00:00,912437.42,,
2026-06-07 08:00:00,917282.77,,
2026-06-07 09:00:00,936520.95,,
2026-06-07 10:00:00,934013.37,,
2026-06-07 11:00:00,918910.81,,
2026-06-07 12:00:00,918640.79,,
2026-06-07 13:00:00,898118.52,,
2026-06-07 14:00:00,897862.57,,
2026-06-07 15:00:00,904426.05,,
2026-06-07 16:00:00,899515.68,,
2026-06-07 17:00:00,902211.15,,
2026-06-07 18:00:00,905018.49,,
2026-06-07 19:00:00,894066.47,,
2026-06-07 20:00:00,874122.10,,
2026-06-07 21:00:00,887782.78,,
2026-06-07 22:00:00,883532.69,,
2026-06-07 23:00:00,902514.21,,
2026-06-08 00:00:00,903573.03,,
2026-06-08 01:00:00,909013.07,,
2026-06-08 02:00:00,898183.89,,
2026-06-08 03:00:00,893728.81,,
2026-06-08 04:00:00,894259.60,,
2026-06-08 05:00:00,877408.95,,
2026-06-08 06:00:00,874432.77,,
2026-06-08 07:00:00,881001.96,,
2026-06-08 08:00:00,889188.17,,
2026-06-08 09:00:00,879979.36,,
2026-06-08 10:00:00,895937.59,,
2026-06-08 11:00:00,898705.31,,
2026-06-08 12:00:00,924403.68,,
2026-06-08 13:00:00,918905.54,,
2026-06-08 14:00:00,910510.59,,
2026-06-08 15:00:00,914328.84,,
2026-06-08 16:00:00,913614.03,,
2026-06-08 17:00:00,911615.63,,
2026-06-08 18:00:00,914272.57,,
2026-06-08 19:00:00,919189.31,,
2026-06-08 20:00:00,921682.30,,
2026-06-08 21:00:00,932802.35,,
2026-06-08 22:00:00,937629.80,,
2026-06-08 23:00:00,926150.76,,
2026-06-09 00:00:00,913874.60,,
2026-06-09 01:00:00,883981.46,,
2026-06-09 02:00:00,891732.28,,
2026-06-09 03:00:00,883704.08,,
2026-06-09 04:00:00,891878.57,,
2026-06-09 05:00:00,904544.02,,
2026-06-09 06:00:00,907649.17,,
2026-06-09 07:00:00,904277.34,,
2026-06-09 08:00:00,898350.20,,
2026-06-09 09:00:00,893086.02,,
2026-06-09 10:00:00,889528.75,,
2026-06-09 11:00:00,890091.02,,
2026-06-09 12:00:00,897073.73,,
2026-06-09 13:00:00,899206.89,,
2026-06-09 14:00:00,890965.80,,
2026-06-09 15:00:00,890986.00,,
2026-06-09 16:00:00,886228.18,,
2026-06-09 17:00:00,882758.94,,
2026-06-09 18:00:00,889287.59,,
2026-06-09 19:00:00,893508.80,,
2026-06-09 20:00:00,894304.13,,
2026-06-09 21:00:00,897474.38,,
2026-06-09 22:00:00,887152.18,,
2026-06-09 23:00:00,882535.53,,
2026-06-10 00:00:00,884571.11,,
2026-06-10 01:00:00,890269.03,,
2026-06-10 02:00:00,886364.34,,
2026-06-10 03:00:00,871730.38,,
2026-06-10 04:00:00,873052.18,,
2026-06-10 05:00:00,872767.39,,
2026-06-10 06:00:00,873708.43,,
2026-06-10 07:00:00,878319.79,,
2026-06-10 08:00:00,880655.92,,
2026-06-10 09:00:00,866532.97,,
2026-06-10 10:00:00,872225.49,,
2026-06-10 11:00:00,875557.36,,
2026-06-10 12:00:00,861780.14,,
2026-06-10 13:00:00,874586.35,,
2026-06-10 14:00:00,891563.86,,
2026-06-10 15:00:00,891345.68,,
2026-06-10 16:00:00,899245.20,,
2026-06-10 17:00:00,889749.97,,
2026-06-10 18:00:00,883312.64,,
2026-06-10 19:00:00,886547.73,,
2026-06-10 20:00:00,884634.53,,
2026-06-10 21:00:00,883982.52,,
2026-06-10 22:00:00,871872.87,,
2026-06-10 23:00:00,876530.53,,
2026-06-11 00:00:00,888084.86,,
2026-06-11 01:00:00,894290.37,,
2026-06-11 02:00:00,898276.42,,
2026-06-11 03:00:00,884175.07,,
2026-06-11 04:00:00,889740.43,,
2026-06-11 05:00:00,893637.39,,
2026-06-11 06:00:00,887220.53,,
2026-06-11 07:00:00,890417.06,,
2026-06-11 08:00:00,897756.22,,
2026-06-11 09:00:00,908044.55,,
2026-06-11 10:00:00,904757.15,,
2026-06-11 11:00:00,905058.38,,
2026-06-11 12:00:00,911734.80,,
2026-06-11 13:00:00,910507.88,,
2026-06-11 14:00:00,911896.04,,
2026-06-11 15:00:00,903444.68,,
2026-06-11 16:00:00,907790.25,,
2026-06-11 17:00:00,921904.91,,
2026-06-11 18:00:00,955585.61,,
2026-06-11 19:00:00,946744.57,,
2026-06-11 20:00:00,956625.03,,
2026-06-11 21:00:00,955890.37,,
2026-06-11 22:00:00,954792.93,,
2026-06-11 23:00:00,949757.27,,
2026-06-12 00:00:00,941507.76,,
2026-06-12 01:00:00,948827.09,,
2026-06-12 02:00:00,929219.31,,
2026-06-12 03:00:00,929629.16,,
2026-06-12 04:00:00,924535.70,,
2026-06-12 05:00:00,918967.17,,
2026-06-12 06:00:00,909335.71,,
2026-06-12 07:00:00,901815.09,,
2026-06-12 08:00:00,904366.08,,
2026-06-12 09:00:00,907869.28,,
2026-06-12 10:00:00,907396.88,,
2026-06-12 11:00:00,904620.77,,
2026-06-12 12:00:00,900458.07,,
2026-06-12 13:00:00,908970.72,,
2026-06-12 14:00:00,907328.22,,
2026-06-12 15:00:00,910327.41,,
2026-06-12 16:00:00,902594.63,,
2026-06-12 17:00:00,911958.93,,
2026-06-12 18:00:00,908969.21,,
2026-06-12 19:00:00,899406.33,,
2026-06-12 20:00:00,896507.76,,
2026-06-12 21:00:00,896238.26,,
2026-06-12 22:00:00,898578.91,,
2026-06-12 23:00:00,900965.03,,
2026-06-13 00:00:00,903360.50,,
2026-06-13 01:00:00,907633.13,,
2026-06-13 02:00:00,919564.95,,
2026-06-13 03:00:00,909335.85,,
2026-06-13 04:00:00,904791.09,,
2026-06-13 05:00:00,899500.93,,
2026-06-13 06:00:00,903725.18,,
2026-06-13 07:00:00,900832.16,,
2026-06-13 08:00:00,921013.33,,
2026-06-13 09:00:00,923488.77,,
2026-06-13 10:00:00,937398.14,,
2026-06-13 11:00:00,927313.83,,
2026-06-13 12:00:00,931904.44,,
2026-06-13 13:00:00,931776.41,,
2026-06-13 14:00:00,921783.40,,
2026-06-13 15:00:00,919437.13,,
2026-06-13 16:00:00,918024.93,,
2026-06-13 17:00:00,971287.52,,
2026-06-13 18:00:00,981758.89,,
2026-06-13 19:00:00,974596.11,,
2026-06-13 20:00:00,975070.76,,
2026-06-13 21:00:00,955575.63,,
2026-06-13 22:00:00,949693.15,,
2026-06-13 23:00:00,927864.56,,
2026-06-14 00:00:00,906812.62,,
2026-06-14 01:00:00,908622.67,,
2026-06-14 02:00:00,924399.88,,
2026-06-14 03:00:00,910538.92,,
2026-06-14 04:00:00,911983.21,,
2026-06-14 05:00:00,915350.08,,
2026-06-14 06:00:00,907558.28,,
2026-06-14 07:00:00,887031.65,,
2026-06-14 08:00:00,851102.67,,
2026-06-14 09:00:00,831791.54,,
2026-06-14 10:00:00,846037.09,,
2026-06-14 11:00:00,841063.41,,
2026-06-14 12:00:00,840703.64,,
2026-06-14 13:00:00,846637.01,,
2026-06-14 14:00:00,843494.09,,
2026-06-14 15:00:00,826079.22,,
2026-06-14 16:00:00,826057.38,,
2026-06-14 17:00:00,824225.41,,
2026-06-14 18:00:00,827577.12,,
2026-06-14 19:00:00,825021.77,,
2026-06-14 20:00:00,825728.87,,
2026-06-14 21:00:00,829891.75,,
2026-06-14 22:00:00,890447.89,,
2026-06-14 23:00:00,884343.60,,
2026-06-15 00:00:00,892116.01,,
2026-06-15 01:00:00,893922.54,,
2026-06-15 02:00:00,885936.63,,
2026-06-15 03:00:00,884488.19,,
2026-06-15 04:00:00,889977.78,,
2026-06-15 05:00:00,885825.32,,
2026-06-15 06:00:00,899654.69,,
2026-06-15 07:00:00,895091.24,,
2026-06-15 08:00:00,885411.97,,
2026-06-15 09:00:00,885696.45,,
2026-06-15 10:00:00,882109.58,,
2026-06-15 11:00:00,889713.33,,
2026-06-15 12:00:00,909847.83,,
2026-06-15 13:00:00,905278.37,,
2026-06-15 14:00:00,916435.49,,
2026-06-15 15:00:00,904640.44,,
2026-06-15 16:00:00,909253.13,,
2026-06-15 17:00:00,914417.02,,
2026-06-15 18:00:00,911923.96,,
2026-06-15 19:00:00,891806.35,,
2026-06-15 20:00:00,892340.22,,
2026-06-15 21:00:00,894295.67,,
2026-06-15 22:00:00,885171.37,,
2026-06-15 23:00:00,880163.20,,
2026-06-16 00:00:00,884670.81,,
2026-06-16 01:00:00,882478.78,,
2026-06-16 02:00:00,881382.88,,
2026-06-16 03:00:00,870307.33,,
2026-06-16 04:00:00,882403.02,,
2026-06-16 05:00:00,872654.12,,
2026-06-16 06:00:00,877646.33,,
2026-06-16 07:00:00,881067.64,,
2026-06-16 08:00:00,877183.72,,
2026-06-16 09:00:00,891869.08,,
2026-06-16 10:00:00,903494.15,,
2026-06-16 11:00:00,900535.39,,
2026-06-16 12:00:00,899314.25,,
2026-06-16 13:00:00,926480.27,,
2026-06-16 14:00:00,901155.86,,
2026-06-16 15:00:00,875170.77,,
2026-06-16 16:00:00,890537.10,,
2026-06-16 17:00:00,886393.45,,
2026-06-16 18:00:00,909488.75,,
2026-06-16 19:00:00,911990.56,,
2026-06-16 20:00:00,907442.58,,
2026-06-16 21:00:00,912307.90,,
2026-06-16 22:00:00,903376.51,,
2026-06-16 23:00:00,901833.53,,
2026-06-17 00:00:00,897032.58,,
2026-06-17 01:00:00,895663.63,,
2026-06-17 02:00:00,912031.73,,
2026-06-17 03:00:00,909831.35,,
2026-06-17 04:00:00,888449.70,,
2026-06-17 05:00:00,888280.11,,
2026-06-17 06:00:00,886254.66,,
2026-06-17 07:00:00,888748.59,,
2026-06-17 08:00:00,893839.17,,
2026-06-17 09:00:00,898548.35,,
2026-06-17 10:00:00,901878.95,,
2026-06-17 11:00:00,898772.75,,
2026-06-17 12:00:00,893346.67,,
2026-06-17 13:00:00,901115.18,,
2026-06-17 14:00:00,897287.73,,
2026-06-17 15:00:00,898124.99,,
2026-06-17 16:00:00,927577.16,,
2026-06-17 17:00:00,913308.75,,
2026-06-17 18:00:00,913961.89,,
2026-06-17 19:00:00,925807.50,,
2026-06-17 20:00:00,892111.25,,
2026-06-17 21:00:00,909605.58,,
2026-06-17 22:00:00,891317.78,,
2026-06-17 23:00:00,893623.41,,
2026-06-18 00:00:00,905168.34,,
2026-06-18 01:00:00,901527.00,,
2026-06-18 02:00:00,901215.63,,
2026-06-18 03:00:00,917177.67,,
2026-06-18 04:00:00,902086.87,,
2026-06-18 05:00:00,889480.81,,
2026-06-18 06:00:00,896837.37,,
2026-06-18 07:00:00,892224.47,,
2026-06-18 08:00:00,903109.97,,
2026-06-18 09:00:00,900855.46,,
2026-06-18 10:00:00,897504.24,,
2026-06-18 11:00:00,898066.60,,
2026-06-18 12:00:00,892329.61,,
2026-06-18 13:00:00,895974.88,,
2026-06-18 14:00:00,881976.81,,
2026-06-18 15:00:00,890432.05,,
2026-06-18 16:00:00,834905.83,,
2026-06-18 17:00:00,853366.91,,
2026-06-18 18:00:00,846224.45,,
2026-06-18 19:00:00,854323.83,,
2026-06-18 20:00:00,858263.42,,
2026-06-18 21:00:00,866835.33,,
2026-06-18 22:00:00,864312.85,,
2026-06-18 23:00:00,863349.34,,
2026-06-19 00:00:00,864112.84,,
2026-06-19 01:00:00,864545.24,,
2026-06-19 02:00:00,866873.52,,
2026-06-19 03:00:00,863300.01,,
2026-06-19 04:00:00,858420.36,,
2026-06-19 05:00:00,848631.51,,
2026-06-19 06:00:00,856243.64,,
2026-06-19 07:00:00,856079.13,,
2026-06-19 08:00:00,850680.84,,
2026-06-19 09:00:00,867768.23,,
2026-06-19 10:00:00,854208.58,,
2026-06-19 11:00:00,858869.15,,
2026-06-19 12:00:00,859919.79,,
2026-06-19 13:00:00,865546.30,,
2026-06-19 14:00:00,881903.32,,
2026-06-19 15:00:00,873638.88,,
2026-06-19 16:00:00,871661.16,,
2026-06-19 17:00:00,870905.21,,
2026-06-19 18:00:00,875545.04,,
2026-06-19 19:00:00,869494.84,,
2026-06-19 20:00:00,872053.25,,
2026-06-19 21:00:00,878818.92,,
2026-06-19 22:00:00,872409.34,,
2026-06-19 23:00:00,872947.91,,
2026-06-20 00:00:00,873380.03,,
2026-06-20 01:00:00,871043.08,,
2026-06-20 02:00:00,872344.80,,
2026-06-20 03:00:00,862747.39,,
2026-06-20 04:00:00,864841.86,,
2026-06-20 05:00:00,872128.96,,
2026-06-20 06:00:00,880834.24,,
2026-06-20 07:00:00,884205.95,,
2026-06-20 08:00:00,876259.62,,
2026-06-20 09:00:00,879405.10,,
2026-06-20 10:00:00,887424.01,,
2026-06-20 11:00:00,887941.54,,
2026-06-20 12:00:00,886911.28,,
2026-06-20 13:00:00,887912.87,,
2026-06-20 14:00:00,876810.06,,
2026-06-20 15:00:00,885953.95,,
2026-06-20 16:00:00,901087.10,,
2026-06-20 17:00:00,905382.96,,
2026-06-20 18:00:00,904300.02,,
2026-06-20 19:00:00,906586.21,,
2026-06-20 20:00:00,905371.91,,
2026-06-20 21:00:00,897856.74,,
2026-06-20 22:00:00,902236.51,,
2026-06-20 23:00:00,906409.01,,
2026-06-21 00:00:00,907649.85,,
2026-06-21 01:00:00,918507.94,,
2026-06-21 02:00:00,917741.38,,
2026-06-21 03:00:00,908416.17,,
2026-06-21 04:00:00,904311.77,,
2026-06-21 05:00:00,895058.52,,
2026-06-21 06:00:00,887851.76,,
2026-06-21 07:00:00,895770.80,,
2026-06-21 08:00:00,904015.25,,
2026-06-21 09:00:00,892340.46,,
2026-06-21 10:00:00,894477.69,,
2026-06-21 11:00:00,892374.47,,
2026-06-21 12:00:00,884293.99,,
2026-06-21 13:00:00,892188.10,,
2026-06-21 14:00:00,897703.05,,
2026-06-21 15:00:00,892655.13,,
2026-06-21 16:00:00,890649.09,,
2026-06-21 17:00:00,883012.09,,
2026-06-21 18:00:00,879281.95,,
2026-06-21 19:00:00,885457.00,,
2026-06-21 20:00:00,885073.01,,
2026-06-21 21:00:00,871638.87,,
2026-06-21 22:00:00,866562.71,,
2026-06-21 23:00:00,869543.84,,
2026-06-22 00:00:00,864774.73,,
2026-06-22 01:00:00,880211.50,,
2026-06-22 02:00:00,889103.66,,
2026-06-22 03:00:00,880781.35,,
2026-06-22 04:00:00,878059.90,,
2026-06-22 05:00:00,888961.49,,
2026-06-22 06:00:00,887908.12,,
2026-06-22 07:00:00,879643.56,,
2026-06-22 08:00:00,891284.03,,
2026-06-22 09:00:00,894665.35,,
2026-06-22 10:00:00,892678.08,,
2026-06-22 11:00:00,888449.82,,
2026-06-22 12:00:00,914358.81,,
2026-06-22 13:00:00,921502.50,,
2026-06-22 14:00:00,941030.11,,
2026-06-22 15:00:00,942236.45,,
2026-06-22 16:00:00,960622.72,,
2026-06-22 17:00:00,943742.37,,
2026-06-22 18:00:00,937455.15,,
2026-06-22 19:00:00,913386.55,,
2026-06-22 20:00:00,921465.50,,
2026-06-22 21:00:00,915819.47,,
2026-06-22 22:00:00,905663.00,,
2026-06-22 23:00:00,883567.46,,
2026-06-23 00:00:00,884496.78,,
2026-06-23 01:00:00,883058.17,,
2026-06-23 02:00:00,872532.10,,
2026-06-23 03:00:00,879816.52,,
2026-06-23 04:00:00,882310.17,,
2026-06-23 05:00:00,872234.53,,
2026-06-23 06:00:00,861482.03,,
2026-06-23 07:00:00,823868.86,,
2026-06-23 08:00:00,816172.02,,
2026-06-23 09:00:00,813132.95,,
2026-06-23 10:00:00,814982.45,,
2026-06-23 11:00:00,820784.12,,
2026-06-23 12:00:00,824462.41,,
2026-06-23 13:00:00,819198.44,,
2026-06-23 14:00:00,830077.18,,
2026-06-23 15:00:00,824426.79,,
2026-06-23 16:00:00,826931.90,,
2026-06-23 17:00:00,829479.88,,
2026-06-23 18:00:00,829460.71,,
2026-06-23 19:00:00,829840.49,,
2026-06-23 20:00:00,828366.56,,
2026-06-23 21:00:00,828599.75,,
2026-06-23 22:00:00,830091.21,,
2026-06-23 23:00:00,828505.58,,
2026-06-24 00:00:00,830335.20,,
2026-06-24 01:00:00,833395.94,,
2026-06-24 02:00:00,830821.52,,
2026-06-24 03:00:00,826908.30,,
2026-06-24 04:00:00,828199.97,,
2026-06-24 05:00:00,831299.68,,
2026-06-24 06:00:00,838113.60,,
2026-06-24 07:00:00,831336.40,,
2026-06-24 08:00:00,828826.45,,
2026-06-24 09:00:00,831802.75,,
2026-06-24 10:00:00,824185.52,,
2026-06-24 11:00:00,815008.95,,
2026-06-24 12:00:00,812868.31,,
2026-06-24 13:00:00,810541.29,,
2026-06-24 14:00:00,793082.31,,
2026-06-24 15:00:00,801739.27,,
2026-06-24 16:00:00,779133.80,,
2026-06-24 17:00:00,761565.02,,
2026-06-24 18:00:00,749611.54,,
2026-06-24 19:00:00,762526.37,,
2026-06-24 20:00:00,765170.65,,
2026-06-24 21:00:00,782296.84,,
2026-06-24 22:00:00,784041.53,,
2026-06-24 23:00:00,785161.70,,
2026-06-25 00:00:00,782677.67,,
2026-06-25 01:00:00,777692.80,,
2026-06-25 02:00:00,778102.41,,
2026-06-25 03:00:00,778640.35,,
2026-06-25 04:00:00,778819.35,,
2026-06-25 05:00:00,787272.61,,
2026-06-25 06:00:00,797193.11,,
2026-06-25 07:00:00,788686.49,,
2026-06-25 08:00:00,791415.51,,
2026-06-25 09:00:00,787311.73,,
2026-06-25 10:00:00,790272.29,,
2026-06-25 11:00:00,782145.52,,
2026-06-25 12:00:00,779980.42,,
2026-06-25 13:00:00,779640.79,,
2026-06-25 14:00:00,729945.95,,
2026-06-25 15:00:00,770004.68,,
2026-06-25 16:00:00,774164.82,,
2026-06-25 17:00:00,770381.66,,
2026-06-25 18:00:00,778388.69,,
2026-06-25 19:00:00,772672.76,,
2026-06-25 20:00:00,769636.65,,
2026-06-25 21:00:00,773658.72,,
2026-06-25 22:00:00,785409.85,,
2026-06-25 23:00:00,779646.66,,
2026-06-26 00:00:00,780070.48,,
2026-06-26 01:00:00,779308.63,,
2026-06-26 02:00:00,779504.09,,
2026-06-26 03:00:00,758909.56,,
2026-06-26 04:00:00,779200.81,,
2026-06-26 05:00:00,773047.95,,
2026-06-26 06:00:00,777321.84,,
2026-06-26 07:00:00,791230.38,,
2026-06-26 08:00:00,797906.01,,
2026-06-26 09:00:00,792684.33,,
2026-06-26 10:00:00,780889.40,,
2026-06-26 11:00:00,781686.08,,
2026-06-26 12:00:00,779557.39,,
2026-06-26 13:00:00,777055.90,,
2026-06-26 14:00:00,798683.18,,
2026-06-26 15:00:00,799677.95,,
2026-06-26 16:00:00,809622.45,,
2026-06-26 17:00:00,814924.39,,
2026-06-26 18:00:00,818692.82,,
2026-06-26 19:00:00,813061.43,,
2026-06-26 20:00:00,802810.90,,
2026-06-26 21:00:00,799187.52,,
2026-06-26 22:00:00,798399.79,,
2026-06-26 23:00:00,797565.57,,
2026-06-27 00:00:00,800862.65,,
2026-06-27 01:00:00,802318.67,,
2026-06-27 02:00:00,799299.80,,
2026-06-27 03:00:00,806822.52,,
2026-06-27 04:00:00,803447.40,,
2026-06-27 05:00:00,804062.13,,
2026-06-27 06:00:00,801948.96,,
2026-06-27 07:00:00,798954.01,,
2026-06-27 08:00:00,799744.50,,
2026-06-27 09:00:00,795866.47,,
2026-06-27 10:00:00,786445.57,,
2026-06-27 11:00:00,786481.34,,
2026-06-27 12:00:00,784873.33,,
2026-06-27 13:00:00,795784.87,,
2026-06-27 14:00:00,806825.07,,
2026-06-27 15:00:00,809534.35,,
2026-06-27 16:00:00,818918.85,,
2026-06-27 17:00:00,815194.01,,
2026-06-27 18:00:00,806411.93,,
2026-06-27 19:00:00,818540.46,,
2026-06-27 20:00:00,797473.75,,
2026-06-27 21:00:00,798072.71,,
2026-06-27 22:00:00,785866.80,,
2026-06-27 23:00:00,787233.61,,
2026-06-28 00:00:00,788193.00,,
2026-06-28 01:00:00,789920.17,,
2026-06-28 02:00:00,790161.83,,
2026-06-28 03:00:00,789192.52,,
2026-06-28 04:00:00,793938.38,,
2026-06-28 05:00:00,795649.15,,
2026-06-28 06:00:00,794402.49,,
2026-06-28 07:00:00,797186.77,,
2026-06-28 08:00:00,801810.44,,
2026-06-28 09:00:00,803614.88,,
2026-06-28 10:00:00,798444.70,,
2026-06-28 11:00:00,796971.38,,
2026-06-28 12:00:00,815922.69,,
2026-06-28 13:00:00,818363.17,,
2026-06-28 14:00:00,815287.42,,
2026-06-28 15:00:00,823189.03,,
2026-06-28 16:00:00,822866.28,,
2026-06-28 17:00:00,818705.62,,
2026-06-28 18:00:00,818430.41,,
2026-06-28 19:00:00,811488.42,,
2026-06-28 20:00:00,808145.62,,
2026-06-28 21:00:00,801744.03,,
2026-06-28 22:00:00,792057.59,,
2026-06-28 23:00:00,787277.06,,
2026-06-29 00:00:00,796661.09,,
2026-06-29 01:00:00,795015.64,,
2026-06-29 02:00:00,794869.65,,
2026-06-29 03:00:00,799700.89,,
2026-06-29 04:00:00,807050.53,,
2026-06-29 05:00:00,797885.27,,
2026-06-29 06:00:00,799305.55,,
2026-06-29 07:00:00,803445.95,,
2026-06-29 08:00:00,803657.30,,
2026-06-29 09:00:00,797840.33,,
2026-06-29 10:00:00,800425.88,,
2026-06-29 11:00:00,799577.93,,
2026-06-29 12:00:00,807492.72,,
2026-06-29 13:00:00,818238.97,,
2026-06-29 14:00:00,810173.94,,
2026-06-29 15:00:00,809957.33,,
2026-06-29 16:00:00,815124.91,,
2026-06-29 17:00:00,834654.12,,
2026-06-29 18:00:00,865227.95,,
2026-06-29 19:00:00,857964.23,,
2026-06-29 20:00:00,865925.43,,
2026-06-29 21:00:00,860819.14,,
2026-06-29 22:00:00,857826.25,,
2026-06-29 23:00:00,851283.30,,
2026-06-30 00:00:00,853524.57,,
2026-06-30 01:00:00,840593.75,,
2026-06-30 02:00:00,835849.98,,
2026-06-30 03:00:00,840446.75,,
2026-06-30 04:00:00,836102.74,,
2026-06-30 05:00:00,839457.09,,
2026-06-30 06:00:00,849695.91,,
2026-06-30 07:00:00,857090.75,,
2026-06-30 08:00:00,865242.69,,
2026-06-30 09:00:00,853443.16,,
2026-06-30 10:00:00,866544.75,,
2026-06-30 11:00:00,860284.30,,
2026-06-30 12:00:00,830815.88,,
2026-06-30 13:00:00,812535.87,,
2026-06-30 14:00:00,819604.02,,
2026-06-30 15:00:00,820535.45,,
2026-06-30 16:00:00,808187.56,,
2026-06-30 17:00:00,811108.17,,
2026-06-30 18:00:00,806359.80,,
2026-06-30 19:00:00,812106.65,,
2026-06-30 20:00:00,803923.80,,
2026-06-30 21:00:00,800744.76,,
2026-06-30 22:00:00,796477.08,,
2026-06-30 23:00:00,819661.13,,
2026-07-01 00:00:00,817376.93,,
2026-07-01 01:00:00,822356.25,,
2026-07-01 02:00:00,805382.40,,
2026-07-01 03:00:00,809023.11,,
2026-07-01 04:00:00,811440.52,,
2026-07-01 05:00:00,811538.33,,
2026-07-01 06:00:00,808988.38,,
2026-07-01 07:00:00,810970.71,,
2026-07-01 08:00:00,810978.89,,
2026-07-01 09:00:00,817990.34,,
2026-07-01 10:00:00,816300.48,,
2026-07-01 11:00:00,802918.04,,
2026-07-01 12:00:00,803241.41,,
2026-07-01 13:00:00,803791.36,,
2026-07-01 14:00:00,818940.15,,
2026-07-01 15:00:00,825403.83,,
2026-07-01 16:00:00,848281.72,,
2026-07-01 17:00:00,838975.91,,
2026-07-01 18:00:00,835390.67,,
2026-07-01 19:00:00,828844.61,,
2026-07-01 20:00:00,824303.49,,
2026-07-01 21:00:00,825872.93,,
2026-07-01 22:00:00,840254.77,,
2026-07-01 23:00:00,834955.27,,
2026-07-02 00:00:00,830030.73,,
2026-07-02 01:00:00,827514.42,,
2026-07-02 02:00:00,829671.96,,
2026-07-02 03:00:00,828847.05,,
2026-07-02 04:00:00,844470.10,,
2026-07-02 05:00:00,841420.01,,
2026-07-02 06:00:00,822728.34,,
2026-07-02 07:00:00,821011.07,,
2026-07-02 08:00:00,820478.20,,
2026-07-02 09:00:00,826464.90,,
2026-07-02 10:00:00,837412.54,,
2026-07-02 11:00:00,880718.19,,
2026-07-02 12:00:00,877515.17,,
2026-07-02 13:00:00,869719.01,,
2026-07-02 14:00:00,877890.64,,
2026-07-02 15:00:00,859617.95,,
2026-07-02 16:00:00,857699.73,,
2026-07-02 17:00:00,831224.42,,
2026-07-02 18:00:00,832628.94,,
2026-07-02 19:00:00,829922.53,,
2026-07-02 20:00:00,830644.63,,
2026-07-02 21:00:00,832812.12,,
2026-07-02 22:00:00,832087.59,,
2026-07-02 23:00:00,836893.56,,
2026-07-03 00:00:00,840001.01,,
2026-07-03 01:00:00,837068.77,,
2026-07-03 02:00:00,845271.81,,
2026-07-03 03:00:00,845804.82,,
2026-07-03 04:00:00,847525.11,,
2026-07-03 05:00:00,843344.68,,
2026-07-03 06:00:00,846878.85,,
2026-07-03 07:00:00,849382.21,,
2026-07-03 08:00:00,847694.73,,
2026-07-03 09:00:00,849012.99,,
2026-07-03 10:00:00,846603.82,,
2026-07-03 11:00:00,850723.60,,
2026-07-03 12:00:00,856356.70,,
2026-07-03 13:00:00,859512.87,,
2026-07-03 14:00:00,855382.79,,
2026-07-03 15:00:00,854785.83,,
2026-07-03 16:00:00,853864.91,,
2026-07-03 17:00:00,849400.69,,
2026-07-03 18:00:00,854338.56,,
2026-07-03 19:00:00,858955.93,,
2026-07-03 20:00:00,876463.91,,
2026-07-03 21:00:00,893978.45,,
2026-07-03 22:00:00,886921.33,,
2026-07-03 23:00:00,878875.77,,
2026-07-04 00:00:00,881389.29,,
2026-07-04 01:00:00,880714.15,,
2026-07-04 02:00:00,875615.73,,
2026-07-04 03:00:00,876966.55,,
2026-07-04 04:00:00,882023.90,,
2026-07-04 05:00:00,882596.54,,
2026-07-04 06:00:00,878737.85,,
2026-07-04 07:00:00,881079.13,,
2026-07-04 08:00:00,886891.26,,
2026-07-04 09:00:00,886572.74,,
2026-07-04 10:00:00,868617.43,,
2026-07-04 11:00:00,869750.62,,
2026-07-04 12:00:00,878434.53,,
2026-07-04 13:00:00,884087.34,,
2026-07-04 14:00:00,883948.98,,
2026-07-04 15:00:00,881304.30,,
2026-07-04 16:00:00,887735.49,,
2026-07-04 17:00:00,879750.16,,
2026-07-04 18:00:00,886830.47,,
2026-07-04 19:00:00,871048.86,,
2026-07-04 20:00:00,866603.85,,
2026-07-04 21:00:00,863120.54,,
2026-07-04 22:00:00,864994.35,,
2026-07-04 23:00:00,861008.55,,
2026-07-05 00:00:00,858450.04,,
2026-07-05 01:00:00,853491.26,,
2026-07-05 02:00:00,851091.22,,
2026-07-05 03:00:00,845056.97,,
2026-07-05 04:00:00,847132.13,,
2026-07-05 05:00:00,846392.22,,
2026-07-05 06:00:00,841292.85,,
2026-07-05 07:00:00,841918.55,,
2026-07-05 08:00:00,846946.09,,
2026-07-05 09:00:00,845895.13,,
2026-07-05 10:00:00,840311.29,,
2026-07-05 11:00:00,843787.42,,
2026-07-05 12:00:00,843134.29,,
2026-07-05 13:00:00,848687.39,,
2026-07-05 14:00:00,851786.00,,
2026-07-05 15:00:00,862601.57,,
2026-07-05 16:00:00,860688.10,,
2026-07-05 17:00:00,860309.43,,
2026-07-05 18:00:00,857322.15,,
2026-07-05 19:00:00,860374.72,,
2026-07-05 20:00:00,855543.39,,
2026-07-05 21:00:00,854462.73,,
2026-07-05 22:00:00,864335.28,,
2026-07-05 23:00:00,867894.71,,
2026-07-06 00:00:00,861323.33,,
2026-07-06 01:00:00,860095.89,,
2026-07-06 02:00:00,854085.74,,
2026-07-06 03:00:00,864167.54,,
2026-07-06 04:00:00,859343.60,,
2026-07-06 05:00:00,850143.32,,
2026-07-06 06:00:00,839102.90,,
2026-07-06 07:00:00,834182.19,,
2026-07-06 08:00:00,840876.51,,
2026-07-06 09:00:00,834703.54,,
2026-07-06 10:00:00,836747.05,,
2026-07-06 11:00:00,845256.91,,
2026-07-06 12:00:00,841463.55,,
2026-07-06 13:00:00,831476.97,,
2026-07-06 14:00:00,844805.10,,
2026-07-06 15:00:00,854563.61,,
2026-07-06 16:00:00,874966.99,,
2026-07-06 17:00:00,877532.89,,
2026-07-06 18:00:00,872246.34,,
2026-07-06 19:00:00,1151219.17,,
2026-07-06 20:00:00,1145237.07,,
2026-07-06 21:00:00,1091249.42,,
2026-07-06 22:00:00,1054154.04,,
2026-07-06 23:00:00,968195.00,,
2026-07-07 00:00:00,960656.94,,
2026-07-07 01:00:00,957134.40,,
2026-07-07 02:00:00,904852.64,,
2026-07-07 03:00:00,897805.48,,
2026-07-07 04:00:00,897837.86,,
2026-07-07 05:00:00,893525.82,,
2026-07-07 06:00:00,898794.47,,
2026-07-07 07:00:00,892769.66,,
2026-07-07 08:00:00,885099.25,,
2026-07-07 09:00:00,879078.47,,
2026-07-07 10:00:00,884633.88,,
2026-07-07 11:00:00,885217.10,,
2026-07-07 12:00:00,882124.33,,
2026-07-07 13:00:00,889040.13,,
2026-07-07 14:00:00,878100.72,,
2026-07-07 15:00:00,869175.64,,
2026-07-07 16:00:00,873870.78,,
2026-07-07 17:00:00,878865.12,,
2026-07-07 18:00:00,880089.50,,
2026-07-07 19:00:00,868232.93,,
2026-07-07 20:00:00,861131.36,,
2026-07-07 21:00:00,850098.24,,
2026-07-07 22:00:00,841831.86,,
2026-07-07 23:00:00,843587.11,,
2026-07-08 00:00:00,835492.89,,
2026-07-08 01:00:00,846659.43,,
2026-07-08 02:00:00,829833.97,,
2026-07-08 03:00:00,826517.87,,
2026-07-08 04:00:00,825159.99,,
2026-07-08 05:00:00,826375.32,,
2026-07-08 06:00:00,835192.34,,
2026-07-08 07:00:00,830336.72,,
2026-07-08 08:00:00,832235.95,,
2026-07-08 09:00:00,817939.12,,
2026-07-08 10:00:00,815909.76,,
2026-07-08 11:00:00,818577.12,,
2026-07-08 12:00:00,823942.79,,
2026-07-08 13:00:00,817753.90,,
2026-07-08 14:00:00,828817.34,,
2026-07-08 15:00:00,821434.38,,
2026-07-08 16:00:00,809549.96,,
2026-07-08 17:00:00,825322.05,,
2026-07-08 18:00:00,818606.82,,
2026-07-08 19:00:00,816475.89,,
2026-07-08 20:00:00,814907.78,,
2026-07-08 21:00:00,807827.79,,
2026-07-08 22:00:00,813708.92,,
2026-07-08 23:00:00,817263.76,,
2026-07-09 00:00:00,817010.60,,
2026-07-09 01:00:00,810008.80,,
2026-07-09 02:00:00,815900.62,,
2026-07-09 03:00:00,812764.89,,
2026-07-09 04:00:00,819953.42,,
2026-07-09 05:00:00,832970.39,,
2026-07-09 06:00:00,825021.39,,
2026-07-09 07:00:00,830109.07,,
2026-07-09 08:00:00,819281.19,,
2026-07-09 09:00:00,818162.37,,
2026-07-09 10:00:00,810832.35,,
2026-07-09 11:00:00,806579.19,,
2026-07-09 12:00:00,804595.56,,
2026-07-09 13:00:00,812721.86,,
2026-07-09 14:00:00,812013.25,,
2026-07-09 15:00:00,811255.26,,
2026-07-09 16:00:00,806204.38,,
2026-07-09 17:00:00,804446.73,,
2026-07-09 18:00:00,810523.86,,
2026-07-09 19:00:00,816156.57,,
2026-07-09 20:00:00,814871.38,,
2026-07-09 21:00:00,822954.95,,
2026-07-09 22:00:00,821025.51,,
2026-07-09 23:00:00,819431.75,,
2026-07-10 00:00:00,818717.10,,
2026-07-10 01:00:00,816377.65,,
2026-07-10 02:00:00,833465.48,,
2026-07-10 03:00:00,831591.46,,
2026-07-10 04:00:00,830984.65,,
2026-07-10 05:00:00,832589.03,,
2026-07-10 06:00:00,836052.05,,
2026-07-10 07:00:00,831287.42,,
2026-07-10 08:00:00,832395.91,,
2026-07-10 09:00:00,839299.28,,
2026-07-10 10:00:00,852555.94,,
2026-07-10 11:00:00,845286.33,,
2026-07-10 12:00:00,836792.14,,
2026-07-10 13:00:00,820321.56,,
2026-07-10 14:00:00,812750.52,,
2026-07-10 15:00:00,805892.37,,
2026-07-10 16:00:00,813132.58,,
2026-07-10 17:00:00,813279.01,,
2026-07-10 18:00:00,810973.20,,
2026-07-10 19:00:00,812483.05,,
2026-07-10 20:00:00,816172.15,,
2026-07-10 21:00:00,814085.10,,
2026-07-10 22:00:00,818389.47,,
2026-07-10 23:00:00,819138.21,,
2026-07-11 00:00:00,820503.10,,
2026-07-11 01:00:00,820099.47,,
2026-07-11 02:00:00,822731.86,,
2026-07-11 03:00:00,826338.57,,
2026-07-11 04:00:00,825399.76,,
2026-07-11 05:00:00,824699.75,,
2026-07-11 06:00:00,823672.71,,
2026-07-11 07:00:00,827507.81,,
2026-07-11 08:00:00,820749.57,,
2026-07-11 09:00:00,815657.33,,
2026-07-11 10:00:00,806987.46,,
2026-07-11 11:00:00,801760.16,,
2026-07-11 12:00:00,802084.57,,
2026-07-11 13:00:00,801921.93,,
2026-07-11 14:00:00,805410.55,,
2026-07-11 15:00:00,805547.33,,
2026-07-11 16:00:00,806544.60,,
2026-07-11 17:00:00,807862.68,,
2026-07-11 18:00:00,810334.45,,
2026-07-11 19:00:00,811233.89,,
2026-07-11 20:00:00,812602.74,,
2026-07-11 21:00:00,815259.29,,
2026-07-11 22:00:00,813334.14,,
2026-07-11 23:00:00,807207.84,,
2026-07-12 00:00:00,799023.67,,
2026-07-12 01:00:00,803277.57,,
2026-07-12 02:00:00,808523.53,,
2026-07-12 03:00:00,815937.35,,
2026-07-12 04:00:00,819996.49,,
2026-07-12 05:00:00,816112.81,,
2026-07-12 06:00:00,816142.22,,
2026-07-12 07:00:00,810998.99,,
2026-07-12 08:00:00,815937.96,,
2026-07-12 09:00:00,816909.45,,
2026-07-12 10:00:00,817407.79,,
2026-07-12 11:00:00,815175.52,,
2026-07-12 12:00:00,814210.21,,
2026-07-12 13:00:00,811162.78,,
2026-07-12 14:00:00,807526.50,,
2026-07-12 15:00:00,813542.58,,
2026-07-12 16:00:00,814582.68,,
2026-07-12 17:00:00,813128.92,,
2026-07-12 18:00:00,809800.40,,
2026-07-12 19:00:00,810748.81,,
2026-07-12 20:00:00,812238.75,,
2026-07-12 21:00:00,811620.39,,
2026-07-12 22:00:00,804908.78,,
2026-07-12 23:00:00,803680.33,,
2026-07-13 00:00:00,799264.68,,
2026-07-13 01:00:00,803945.00,,
2026-07-13 02:00:00,802079.88,,
2026-07-13 03:00:00,800384.54,,
2026-07-13 04:00:00,788741.30,,
2026-07-13 05:00:00,796149.26,,
2026-07-13 06:00:00,797756.74,,
2026-07-13 07:00:00,796483.14,,
2026-07-13 08:00:00,792484.53,,
2026-07-13 09:00:00,789999.69,,
2026-07-13 10:00:00,790265.14,,
2026-07-13 11:00:00,789572.83,,
2026-07-13 12:00:00,793422.79,,
2026-07-13 13:00:00,787042.85,,
2026-07-13 14:00:00,799164.38,,
2026-07-13 15:00:00,811144.62,,
2026-07-13 16:00:00,798163.81,,
2026-07-13 17:00:00,798017.68,,
2026-07-13 18:00:00,784776.02,,
2026-07-13 19:00:00,790723.35,,
2026-07-13 20:00:00,791557.75,,
2026-07-13 21:00:00,790482.06,,
2026-07-13 22:00:00,785875.54,,
2026-07-13 23:00:00,785822.13,,
2026-07-14 00:00:00,792060.82,,
2026-07-14 01:00:00,801662.28,,
2026-07-14 02:00:00,803653.88,,
2026-07-14 03:00:00,803801.12,,
2026-07-14 04:00:00,800927.46,,
2026-07-14 05:00:00,801839.33,,
2026-07-14 06:00:00,804074.35,,
2026-07-14 07:00:00,805993.11,,
2026-07-14 08:00:00,807289.13,,
2026-07-14 09:00:00,808759.80,,
2026-07-14 10:00:00,813573.29,,
2026-07-14 11:00:00,841616.53,,
2026-07-14 12:00:00,838443.47,,
2026-07-14 13:00:00,845802.21,,
2026-07-14 14:00:00,871294.19,,
2026-07-14 15:00:00,870409.81,,
2026-07-14 16:00:00,865508.73,,
2026-07-14 17:00:00,860919.64,,
2026-07-14 18:00:00,856470.69,,
2026-07-14 19:00:00,856105.87,,
2026-07-14 20:00:00,857238.78,,
2026-07-14 21:00:00,847812.05,,
2026-07-14 22:00:00,842383.68,,
2026-07-14 23:00:00,836067.53,,
2026-07-15 00:00:00,843585.13,,
2026-07-15 01:00:00,839926.99,,
2026-07-15 02:00:00,836925.09,,
2026-07-15 03:00:00,834724.90,,
2026-07-15 04:00:00,834922.15,,
2026-07-15 05:00:00,836997.44,,
2026-07-15 06:00:00,840314.52,,
2026-07-15 07:00:00,834255.36,,
2026-07-15 08:00:00,832682.19,,
2026-07-15 09:00:00,835913.80,,
2026-07-15 10:00:00,837610.92,,
2026-07-15 11:00:00,834824.62,,
2026-07-15 12:00:00,835775.63,,
2026-07-15 13:00:00,845666.43,,
2026-07-15 14:00:00,839163.61,,
2026-07-15 15:00:00,834372.08,,
2026-07-15 16:00:00,842891.51,,
2026-07-15 17:00:00,836161.91,,
2026-07-15 18:00:00,833420.68,,
2026-07-15 19:00:00,836660.85,,
2026-07-15 20:00:00,834380.81,,
2026-07-15 21:00:00,838723.15,,
2026-07-15 22:00:00,841374.60,,
2026-07-15 23:00:00,843480.98,,
2026-07-16 00:00:00,842992.27,,
2026-07-16 01:00:00,843776.27,,
2026-07-16 02:00:00,859126.36,,
2026-07-16 03:00:00,862682.27,,
2026-07-16 04:00:00,863315.42,,
2026-07-16 05:00:00,858010.83,,
2026-07-16 06:00:00,860220.81,,
2026-07-16 07:00:00,855452.38,,
2026-07-16 08:00:00,844536.64,,
2026-07-16 09:00:00,836166.98,,
2026-07-16 10:00:00,837486.35,,
2026-07-16 11:00:00,836645.30,,
2026-07-16 12:00:00,838404.37,,
2026-07-16 13:00:00,837907.76,,
2026-07-16 14:00:00,849135.10,,
2026-07-16 15:00:00,845254.82,,
2026-07-16 16:00:00,844936.02,,
2026-07-16 17:00:00,838309.52,,
2026-07-16 18:00:00,828906.75,,
2026-07-16 19:00:00,831668.01,,
2026-07-16 20:00:00,835038.01,,
2026-07-16 21:00:00,831572.08,,
2026-07-16 22:00:00,830766.55,,
2026-07-16 23:00:00,826052.99,,
2026-07-17 00:00:00,821442.28,,
2026-07-17 01:00:00,828915.13,,
2026-07-17 02:00:00,830088.61,,
2026-07-17 03:00:00,829527.73,,
2026-07-17 04:00:00,836303.85,,
2026-07-17 05:00:00,832831.63,,
2026-07-17 06:00:00,819311.75,,
2026-07-17 07:00:00,822019.49,,
2026-07-17 08:00:00,819588.90,,
2026-07-17 09:00:00,821928.66,,
2026-07-17 10:00:00,823952.43,,
2026-07-17 11:00:00,827119.15,,
2026-07-17 12:00:00,829715.79,,
2026-07-17 13:00:00,822030.12,,
2026-07-17 14:00:00,820395.18,,
2026-07-17 15:00:00,820743.66,,
2026-07-17 16:00:00,821212.24,,
2026-07-17 17:00:00,828504.99,,
2026-07-17 18:00:00,831194.05,,
2026-07-17 19:00:00,832489.17,,
2026-07-17 20:00:00,832352.91,,
2026-07-17 21:00:00,830755.89,,
2026-07-17 22:00:00,831629.87,,
2026-07-17 23:00:00,828540.01,,
2026-07-18 00:00:00,824006.88,,
2026-07-18 01:00:00,816862.36,,
2026-07-18 02:00:00,819059.84,,
2026-07-18 03:00:00,823526.04,,
2026-07-18 04:00:00,826305.00,,
2026-07-18 05:00:00,814405.76,,
2026-07-18 06:00:00,810508.69,,
2026-07-18 07:00:00,816112.62,,
2026-07-18 08:00:00,808960.07,,
2026-07-18 09:00:00,808947.08,,
2026-07-18 10:00:00,809885.61,,
2026-07-18 11:00:00,806117.56,,
2026-07-18 12:00:00,805815.33,,
2026-07-18 13:00:00,807457.28,,
2026-07-18 14:00:00,800927.35,,
2026-07-18 15:00:00,802798.29,,
2026-07-18 16:00:00,803450.86,,
2026-07-18 17:00:00,812922.88,,
2026-07-18 18:00:00,813777.35,,
2026-07-18 19:00:00,814539.75,,
2026-07-18 20:00:00,815542.71,,
2026-07-18 21:00:00,817376.71,,
2026-07-18 22:00:00,818692.74,,
2026-07-18 23:00:00,823136.39,,
2026-07-19 00:00:00,821704.74,,
2026-07-19 01:00:00,822498.06,,
2026-07-19 02:00:00,821335.25,,
2026-07-19 03:00:00,828103.36,,
2026-07-19 04:00:00,826065.78,,
2026-07-19 05:00:00,836210.72,,
2026-07-19 06:00:00,841877.83,,
2026-07-19 07:00:00,854020.25,,
2026-07-19 08:00:00,853949.66,,
2026-07-19 09:00:00,858351.86,,
2026-07-19 10:00:00,849504.36,,
2026-07-19 11:00:00,905294.22,,
2026-07-19 12:00:00,907900.94,,
2026-07-19 13:00:00,918645.35,,
2026-07-19 14:00:00,933033.60,,
2026-07-19 15:00:00,934786.87,,
2026-07-19 16:00:00,945196.49,,
2026-07-19 17:00:00,966685.30,,
2026-07-19 18:00:00,959558.83,,
2026-07-19 19:00:00,1015340.23,,
2026-07-19 20:00:00,999166.15,,
2026-07-19 21:00:00,990279.26,,
2026-07-19 22:00:00,960066.67,,
2026-07-19 23:00:00,966557.03,,
2026-07-20 00:00:00,967343.71,,
2026-07-20 01:00:00,958474.59,,
2026-07-20 02:00:00,948094.75,,
2026-07-20 03:00:00,945331.62,,
2026-07-20 04:00:00,942470.73,,
2026-07-20 05:00:00,909698.21,,
2026-07-20 06:00:00,892357.90,,
2026-07-20 07:00:00,914737.48,,
2026-07-20 08:00:00,918804.69,,
2026-07-20 09:00:00,904931.12,,
2026-07-20 10:00:00,900851.47,,
2026-07-20 11:00:00,899368.52,,
2026-07-20 12:00:00,908965.03,,
2026-07-20 13:00:00,928570.65,,
2026-07-20 14:00:00,953086.94,,
2026-07-20 15:00:00,1014935.02,,
2026-07-20 16:00:00,1007599.71,,
2026-07-20 17:00:00,999120.96,,
2026-07-20 18:00:00,987650.29,,
2026-07-20 19:00:00,982819.04,,
2026-07-20 20:00:00,977816.20,,
2026-07-20 21:00:00,973110.83,,
2026-07-20 22:00:00,984767.60,,
2026-07-20 23:00:00,949148.10,,
2026-07-21 00:00:00,949531.01,,
2026-07-21 01:00:00,957247.52,,
2026-07-21 02:00:00,945003.71,,
2026-07-21 03:00:00,946743.77,,
2026-07-21 04:00:00,946901.09,,
2026-07-21 05:00:00,943770.59,,
2026-07-21 06:00:00,943439.61,,
2026-07-21 07:00:00,942604.99,,
2026-07-21 08:00:00,949646.42,,
2026-07-21 09:00:00,940860.25,,
2026-07-21 10:00:00,946566.14,,
2026-07-21 11:00:00,942332.31,,
2026-07-21 12:00:00,943572.00,,
2026-07-21 13:00:00,943528.32,,
2026-07-21 14:00:00,952876.99,,
2026-07-21 15:00:00,946026.38,,
2026-07-21 16:00:00,950450.81,,
2026-07-21 17:00:00,938186.47,,
2026-07-21 18:00:00,935566.99,,
2026-07-21 19:00:00,937623.62,,
2026-07-21 20:00:00,941443.80,,
2026-07-21 21:00:00,945953.53,,
2026-07-21 22:00:00,949437.09,,
2026-07-21 23:00:00,938901.20,,
2026-07-22 00:00:00,944320.23,,
2026-07-22 01:00:00,945718.80,,
2026-07-22 02:00:00,945046.10,,
2026-07-22 03:00:00,953189.00,,
2026-07-22 04:00:00,939968.03,,
2026-07-22 05:00:00,944256.22,,
2026-07-22 06:00:00,940598.34,,
2026-07-22 07:00:00,925451.81,,
2026-07-22 08:00:00,924741.31,,
2026-07-22 09:00:00,924788.76,,
2026-07-22 10:00:00,927068.10,,
2026-07-22 11:00:00,929786.28,,
2026-07-22 12:00:00,933735.49,,
2026-07-22 13:00:00,936827.85,,
2026-07-22 14:00:00,954622.29,,
2026-07-22 15:00:00,988904.80,,
2026-07-22 16:00:00,973521.55,,
2026-07-22 17:00:00,973776.12,,
2026-07-22 18:00:00,972580.11,,
2026-07-22 19:00:00,967420.06,,
2026-07-22 20:00:00,943585.70,,
2026-07-22 21:00:00,945348.02,,
2026-07-22 22:00:00,956439.71,,
2026-07-22 23:00:00,951163.32,,
2026-07-23 00:00:00,950565.94,,
2026-07-23 01:00:00,952818.00,,
2026-07-23 02:00:00,949392.27,,
2026-07-23 03:00:00,949814.54,,
2026-07-23 04:00:00,946822.48,,
2026-07-23 05:00:00,948071.98,,
2026-07-23 06:00:00,951875.71,,
2026-07-23 07:00:00,957008.49,,
2026-07-23 08:00:00,950898.56,,
2026-07-23 09:00:00,950866.18,,
2026-07-23 10:00:00,945365.13,,
2026-07-23 11:00:00,938932.22,,
2026-07-23 12:00:00,943241.62,,
2026-07-23 13:00:00,922285.47,,
2026-07-23 14:00:00,916169.95,,
2026-07-23 15:00:00,915380.95,,
2026-07-23 16:00:00,898782.22,,
2026-07-23 17:00:00,896872.62,,
2026-07-23 18:00:00,886900.19,,
2026-07-23 19:00:00,890919.77,,
2026-07-23 20:00:00,894006.09,,
2026-07-23 21:00:00,898786.84,,
2026-07-23 22:00:00,894528.40,,
2026-07-23 23:00:00,897961.15,,
2026-07-24 00:00:00,893308.00,,
2026-07-24 01:00:00,890376.95,,
2026-07-24 02:00:00,898986.14,,
2026-07-24 03:00:00,901976.40,,
2026-07-24 04:00:00,907700.96,,
2026-07-24 05:00:00,909144.86,,
2026-07-24 06:00:00,906180.28,,
2026-07-24 07:00:00,907915.98,,
2026-07-24 08:00:00,918928.69,,
2026-07-24 09:00:00,917525.66,,
2026-07-24 10:00:00,916577.93,,
2026-07-24 11:00:00,912674.14,,
2026-07-24 12:00:00,909845.39,,
2026-07-24 13:00:00,903537.21,,
2026-07-24 14:00:00,884244.17,,
2026-07-24 15:00:00,867419.74,,
2026-07-24 16:00:00,872036.56,,
2026-07-24 17:00:00,868074.33,,
2026-07-24 18:00:00,867610.88,,
2026-07-24 19:00:00,863225.85,,
2026-07-24 20:00:00,855835.68,,
2026-07-24 21:00:00,855668.22,,
2026-07-24 22:00:00,847952.32,,
2026-07-24 23:00:00,850855.82,,
2026-07-25 00:00:00,851210.41,,
2026-07-25 01:00:00,857592.64,,
2026-07-25 02:00:00,860762.93,,
2026-07-25 03:00:00,861129.66,,
2026-07-25 04:00:00,866555.78,,
2026-07-25 05:00:00,871397.58,,
2026-07-25 06:00:00,867644.08,,
2026-07-25 07:00:00,863702.41,,
2026-07-25 08:00:00,862404.36,,
2026-07-25 09:00:00,862128.08,,
2026-07-25 10:00:00,868730.74,,
2026-07-25 11:00:00,869252.20,,
2026-07-25 12:00:00,866682.75,,
2026-07-25 13:00:00,872003.33,,
2026-07-25 14:00:00,872887.24,,
2026-07-25 15:00:00,871536.78,,
2026-07-25 16:00:00,877286.70,,
2026-07-25 17:00:00,881054.89,,
2026-07-25 18:00:00,881451.84,,
2026-07-25 19:00:00,882094.54,,
2026-07-25 20:00:00,874010.58,,
2026-07-25 21:00:00,870976.08,,
2026-07-25 22:00:00,875388.31,,
2026-07-25 23:00:00,874404.42,,
2026-07-26 00:00:00,872538.30,,
2026-07-26 01:00:00,875994.09,,
2026-07-26 02:00:00,872035.75,,
2026-07-26 03:00:00,877101.63,,
2026-07-26 04:00:00,877407.04,,
2026-07-26 05:00:00,877328.74,,
2026-07-26 06:00:00,884408.69,,
2026-07-26 07:00:00,882316.31,,
2026-07-26 08:00:00,878690.11,,
2026-07-26 09:00:00,871228.93,,
2026-07-26 10:00:00,869761.82,,
2026-07-26 11:00:00,866531.48,,
2026-07-26 12:00:00,862586.16,,
2026-07-26 13:00:00,854331.04,,
2026-07-26 14:00:00,853444.89,,
2026-07-26 15:00:00,858374.08,,
2026-07-26 16:00:00,861605.30,,
2026-07-26 17:00:00,863253.12,,
2026-07-26 18:00:00,863197.22,,
2026-07-26 19:00:00,860341.53,,
2026-07-26 20:00:00,864197.03,,
2026-07-26 21:00:00,861938.30,,
2026-07-26 22:00:00,863382.97,,
2026-07-26 23:00:00,875299.69,,
2026-07-27 00:00:00,883357.62,,
2026-07-27 01:00:00,880346.43,,
2026-07-27 02:00:00,880864.12,,
2026-07-27 03:00:00,877067.10,,
2026-07-27 04:00:00,889494.11,,
2026-07-27 05:00:00,888081.59,,
2026-07-27 06:00:00,890592.05,,
2026-07-27 07:00:00,885145.56,,
2026-07-27 08:00:00,884058.71,,
2026-07-27 09:00:00,877289.02,,
2026-07-27 10:00:00,874061.69,,
2026-07-27 11:00:00,876741.63,,
2026-07-27 12:00:00,871385.36,,
2026-07-27 13:00:00,877605.42,,
2026-07-27 14:00:00,874210.70,,
2026-07-27 15:00:00,842780.74,,
2026-07-27 16:00:00,837904.07,,
2026-07-27 17:00:00,842105.60,,
2026-07-27 18:00:00,839876.63,,
2026-07-27 19:00:00,840512.34,,
2026-07-27 20:00:00,847755.52,,
2026-07-27 21:00:00,847551.23,,
2026-07-27 22:00:00,845594.11,,
2026-07-27 23:00:00,816491.74,,
2026-07-28 00:00:00,822310.47,,
2026-07-28 01:00:00,817156.18,,
2026-07-28 02:00:00,815228.43,,
2026-07-28 03:00:00,822476.88,,
2026-07-28 04:00:00,823480.63,,
2026-07-28 05:00:00,821032.32,,
2026-07-28 06:00:00,821016.83,,
2026-07-28 07:00:00,826735.55,,
2026-07-28 08:00:00,826839.55,,
2026-07-28 09:00:00,823175.82,,
2026-07-28 10:00:00,823472.56,,
2026-07-28 11:00:00,825498.70,,
2026-07-28 12:00:00,831782.68,,
2026-07-28 13:00:00,840791.10,,
2026-07-28 14:00:00,827649.81,,
2026-07-28 15:00:00,832393.48,,
2026-07-28 16:00:00,844427.27,,
2026-07-28 17:00:00,843766.45,,
2026-07-28 18:00:00,839084.19,,
2026-07-28 19:00:00,840294.76,,
2026-07-28 20:00:00,840411.09,,
2026-07-28 21:00:00,838892.81,,
2026-07-28 22:00:00,837995.58,,
2026-07-28 23:00:00,820978.13,,
2026-07-29 00:00:00,821965.38,,
2026-07-29 01:00:00,825538.76,,
2026-07-29 02:00:00,821296.27,,
2026-07-29 03:00:00,815598.41,,
2026-07-29 04:00:00,801694.34,,
2026-07-29 05:00:00,803156.47,,
2026-07-29 06:00:00,803527.88,,
2026-07-29 07:00:00,801690.05,,
2026-07-29 08:00:00,811722.66,,
2026-07-29 09:00:00,810878.47,,
2026-07-29 10:00:00,811403.74,,
2026-07-29 11:00:00,807204.95,,
2026-07-29 12:00:00,806355.09,,
2026-07-29 13:00:00,794987.31,,
2026-07-29 14:00:00,795679.96,,
2026-07-29 15:00:00,790660.05,,
2026-07-29 16:00:00,785301.67,,
2026-07-29 17:00:00,785914.93,,
2026-07-29 18:00:00,793097.25,,
2026-07-29 19:00:00,809405.28,,
2026-07-29 20:00:00,790416.33,,
2026-07-29 21:00:00,786667.50,,
2026-07-29 22:00:00,789396.88,,
2026-07-29 23:00:00,793509.03,,
2026-07-30 00:00:00,792116.95,,
2026-07-30 01:00:00,785947.46,,
2026-07-30 02:00:00,803477.23,,
2026-07-30 03:00:00,818305.63,,
2026-07-30 04:00:00,821671.80,,
2026-07-30 05:00:00,824716.94,,
2026-07-30 06:00:00,832076.22,,
2026-07-30 07:00:00,837759.93,,
2026-07-30 08:00:00,843153.09,,
2026-07-30 09:00:00,870844.08,,
2026-07-30 10:00:00,847005.30,,
2026-07-30 11:00:00,840892.88,,
2026-07-30 12:00:00,840371.27,,
2026-07-30 13:00:00,839421.78,,
2026-07-30 14:00:00,837187.40,,
2026-07-30 15:00:00,834784.48,,
2026-07-30 16:00:00,832226.15,,
2026-07-30 17:00:00,830597.61,,
2026-07-30 18:00:00,847456.61,,
2026-07-30 19:00:00,841254.48,,
2026-07-30 20:00:00,838401.85,,
2026-07-30 21:00:00,836187.68,,
2026-07-30 22:00:00,836428.79,,
2026-07-30 23:00:00,828729.19,,
2026-07-31 00:00:00,822759.10,,
2026-07-31 01:00:00,818705.61,,
2026-07-31 02:00:00,821823.40,,
2026-07-31 03:00:00,814234.43,,
2026-07-31 04:00:00,816309.92,,
2026-07-31 05:00:00,813152.90,,
2026-07-31 06:00:00,813654.91,,
2026-07-31 07:00:00,812649.90,,
2026-07-31 08:00:00,812088.44,,
2026-07-31 09:00:00,823443.88,,
2026-07-31 10:00:00,818381.95,,
2026-07-31 11:00:00,823843.56,,
2026-07-31 12:00:00,829724.82,,
2026-07-31 13:00:00,834778.94,,
2026-07-31 14:00:00,836648.61,,
2026-07-31 15:00:00,897861.26,,
2026-07-31 16:00:00,893605.57,,
2026-07-31 17:00:00,884138.00,,
2026-07-31 18:00:00,869136.68,,
2026-07-31 19:00:00,854381.85,,
2026-07-31 20:00:00,846854.90,,
2026-07-31 21:00:00,839152.18,,
2026-07-31 22:00:00,844481.21,,
2026-07-31 23:00:00,847147.93,,
2026-08-01 00:00:00,847993.87,,
2026-08-01 01:00:00,861791.13,,
2026-08-01 02:00:00,862309.29,,
2026-08-01 03:00:00,858482.62,,
2026-08-01 04:00:00,860182.83,,
2026-08-01 05:00:00,860826.52,,
2026-08-01 06:00:00,856985.12,,
2026-08-01 07:00:00,853424.18,,
2026-08-01 08:00:00,852270.37,,
2026-08-01 09:00:00,853715.47,,
2026-08-01 10:00:00,852369.42,,
2026-08-01 11:00:00,854554.15,,
2026-08-01 12:00:00,853582.18,,
2026-08-01 13:00:00,854810.10,,
2026-08-01 14:00:00,853645.30,,
2026-08-01 15:00:00,853385.42,,
2026-08-01 16:00:00,848172.59,,
2026-08-01 17:00:00,854850.79,,
2026-08-01 18:00:00,853143.77,,
2026-08-01 19:00:00,853867.79,,
2026-08-01 20:00:00,859971.22,,
2026-08-01 21:00:00,860798.98,,
2026-08-01 22:00:00,864333.41,,
2026-08-01 23:00:00,863424.05,,
2026-08-02 00:00:00,859880.46,,
2026-08-02 01:00:00,862211.52,,
2026-08-02 02:00:00,865942.41,,
2026-08-02 03:00:00,874120.58,,
2026-08-02 04:00:00,869979.27,,
2026-08-02 05:00:00,867348.99,,
2026-08-02 06:00:00,879861.27,,
2026-08-02 07:00:00,889417.21,,
2026-08-02 08:00:00,889355.41,,
2026-08-02 09:00:00,882765.65,,
2026-08-02 10:00:00,883982.62,,
2026-08-02 11:00:00,879850.38,,
2026-08-02 12:00:00,884308.42,,
2026-08-02 13:00:00,884463.16,,
2026-08-02 14:00:00,885147.83,,
2026-08-02 15:00:00,886872.47,,
2026-08-02 16:00:00,884672.44,,
2026-08-02 17:00:00,879890.44,,
2026-08-02 18:00:00,880940.80,,
2026-08-02 19:00:00,886665.76,,
2026-08-02 20:00:00,883878.47,,
2026-08-02 21:00:00,886444.08,,
2026-08-02 22:00:00,886748.04,,
2026-08-02 23:00:00,875053.22,,
2026-08-03 00:00:00,870793.87,,
2026-08-03 01:00:00,869022.11,,
2026-08-03 02:00:00,867646.56,,
2026-08-03 03:00:00,872369.93,,
2026-08-03 04:00:00,869283.94,,
2026-08-03 05:00:00,868093.46,,
2026-08-03 06:00:00,872443.05,,
2026-08-03 07:00:00,867661.72,,
2026-08-03 08:00:00,867802.87,,
2026-08-03 09:00:00,866002.68,,
2026-08-03 10:00:00,870087.06,,
2026-08-03 11:00:00,868254.61,,
2026-08-03 12:00:00,865451.94,,
2026-08-03 13:00:00,870182.40,,
2026-08-03 14:00:00,897842.82,,
2026-08-03 15:00:00,896602.43,,
2026-08-03 16:00:00,895394.97,,
2026-08-03 17:00:00,894061.86,,
2026-08-03 18:00:00,889745.29,,
2026-08-03 19:00:00,884319.90,,
2026-08-03 20:00:00,882744.71,,
2026-08-03 21:00:00,884050.92,,
2026-08-03 22:00:00,883085.14,,
2026-08-03 23:00:00,880965.48,,
2026-08-04 00:00:00,876777.91,,
2026-08-04 01:00:00,872226.87,,
2026-08-04 02:00:00,876029.83,,
2026-08-04 03:00:00,871739.71,,
2026-08-04 04:00:00,868498.36,,
2026-08-04 05:00:00,866632.40,,
2026-08-04 06:00:00,866095.64,,
2026-08-04 07:00:00,862787.47,,
2026-08-04 08:00:00,861786.39,,
2026-08-04 09:00:00,859612.26,,
2026-08-04 10:00:00,860813.64,,
2026-08-04 11:00:00,862412.49,,
2026-08-04 12:00:00,862072.87,,
2026-08-04 13:00:00,862492.80,,
2026-08-04 14:00:00,867904.69,,
2026-08-04 15:00:00,865970.39,,
2026-08-04 16:00:00,867700.11,,
2026-08-04 17:00:00,863881.81,,
2026-08-04 18:00:00,861549.22,,
2026-08-04 19:00:00,860348.60,,
2026-08-04 20:00:00,858896.04,,
2026-08-04 21:00:00,879053.40,,
2026-08-04 22:00:00,873111.39,,
2026-08-04 23:00:00,867676.38,,
2026-08-05 00:00:00,865036.24,,
2026-08-05 01:00:00,859192.56,,
2026-08-05 02:00:00,864740.93,,
2026-08-05 03:00:00,865626.50,,
2026-08-05 04:00:00,864074.49,,
2026-08-05 05:00:00,869668.42,,
2026-08-05 06:00:00,870739.78,,
2026-08-05 07:00:00,874142.51,,
2026-08-05 08:00:00,871867.23,,
2026-08-05 09:00:00,871929.96,,
2026-08-05 10:00:00,873107.39,,
2026-08-05 11:00:00,872754.72,,
2026-08-05 12:00:00,872674.97,,
2026-08-05 13:00:00,875921.23,,
2026-08-05 14:00:00,872509.01,,
2026-08-05 15:00:00,868403.98,,
2026-08-05 16:00:00,867233.51,,
2026-08-05 17:00:00,869037.40,,
2026-08-05 18:00:00,871027.83,,
2026-08-05 19:00:00,872332.57,,
2026-08-05 20:00:00,870113.97,,
2026-08-05 21:00:00,870540.84,,
2026-08-05 22:00:00,867399.17,,
2026-08-05 23:00:00,865291.21,,
2026-08-06 00:00:00,865174.37,,
2026-08-06 01:00:00,868662.84,,
2026-08-06 02:00:00,866250.09,,
2026-08-06 03:00:00,868525.46,,
2026-08-06 04:00:00,877516.40,,
2026-08-06 05:00:00,879424.68,,
2026-08-06 06:00:00,881548.65,,
2026-08-06 07:00:00,884546.08,,
2026-08-06 08:00:00,885595.08,,
2026-08-06 09:00:00,898626.42,,
2026-08-06 10:00:00,884026.16,,
2026-08-06 11:00:00,887878.33,,
2026-08-06 12:00:00,893084.18,,
2026-08-06 13:00:00,890612.81,,
2026-08-06 14:00:00,902091.79,,
2026-08-06 15:00:00,906602.89,,
2026-08-06 16:00:00,904186.49,,
2026-08-06 17:00:00,917524.88,,
2026-08-06 18:00:00,914747.11,,
2026-08-06 19:00:00,909938.94,,
2026-08-06 20:00:00,910444.88,,
2026-08-06 21:00:00,913330.14,,
2026-08-06 22:00:00,914366.99,,
2026-08-06 23:00:00,911948.30,,
2026-08-07 00:00:00,915050.68,,
2026-08-07 01:00:00,913125.62,,
2026-08-07 02:00:00,917671.00,,
2026-08-07 03:00:00,918274.26,,
2026-08-07 04:00:00,914434.26,,
2026-08-07 05:00:00,922256.42,,
2026-08-07 06:00:00,929682.98,,
2026-08-07 07:00:00,935957.72,,
2026-08-07 08:00:00,943985.52,,
2026-08-07 09:00:00,954699.89,,
2026-08-07 10:00:00,952718.67,,
2026-08-07 11:00:00,950350.09,,
2026-08-07 12:00:00,953390.33,,
2026-08-07 13:00:00,966571.05,,
2026-08-07 14:00:00,963590.04,,
2026-08-07 15:00:00,954233.96,,
2026-08-07 16:00:00,975768.61,,
2026-08-07 17:00:00,966467.06,,
2026-08-07 18:00:00,967478.29,,
2026-08-07 19:00:00,963881.27,,
2026-08-07 20:00:00,964735.96,,
2026-08-07 21:00:00,970681.72,,
2026-08-07 22:00:00,958779.38,,
2026-08-07 23:00:00,955928.34,,
2026-08-08 00:00:00,950352.77,,
2026-08-08 01:00:00,946755.06,,
2026-08-08 02:00:00,954409.84,,
2026-08-08 03:00:00,951068.48,,
2026-08-08 04:00:00,950836.91,,
2026-08-08 05:00:00,950182.78,,
2026-08-08 06:00:00,948550.35,,
2026-08-08 07:00:00,951610.15,,
2026-08-08 08:00:00,949370.03,,
2026-08-08 09:00:00,965932.06,,
2026-08-08 10:00:00,997734.99,,
2026-08-08 11:00:00,996228.10,,
2026-08-08 12:00:00,989203.68,,
2026-08-08 13:00:00,1007878.56,,
2026-08-08 14:00:00,1029105.16,,
2026-08-08 15:00:00,1699104.88,,
2026-08-08 16:00:00,1752023.94,,
2026-08-08 17:00:00,1542697.93,,
2026-08-08 18:00:00,1508497.34,,
2026-08-08 19:00:00,1471356.07,,
2026-08-08 20:00:00,1501149.74,,
2026-08-08 21:00:00,1489267.23,,
2026-08-08 22:00:00,1480669.18,,
2026-08-08 23:00:00,1458065.25,,
2026-08-09 00:00:00,1457920.26,,
2026-08-09 01:00:00,1387174.66,,
2026-08-09 02:00:00,1352012.18,,
2026-08-09 03:00:00,1332740.73,,
2026-08-09 04:00:00,1346282.75,,
2026-08-09 05:00:00,1373089.30,,
2026-08-09 06:00:00,1384239.36,,
2026-08-09 07:00:00,1425345.84,,
2026-08-09 08:00:00,1340796.60,,
2026-08-09 09:00:00,1300059.68,,
2026-08-09 10:00:00,1310570.18,,
2026-08-09 11:00:00,1328042.52,,
2026-08-09 12:00:00,1333181.19,,
2026-08-09 13:00:00,1335830.84,,
2026-08-09 14:00:00,1408464.06,,
2026-08-09 15:00:00,1448729.04,,
2026-08-09 16:00:00,1466553.65,,
2026-08-09 17:00:00,1458671.52,,
2026-08-09 18:00:00,1422520.79,,
2026-08-09 19:00:00,1430386.94,,
2026-08-09 20:00:00,1422639.73,,
2026-08-09 21:00:00,1439576.31,,
2026-08-09 22:00:00,1411098.88,,
2026-08-09 23:00:00,1408298.29,,
2026-08-10 00:00:00,1396559.87,,
2026-08-10 01:00:00,1419560.78,,
2026-08-10 02:00:00,1427198.56,,
2026-08-10 03:00:00,1424499.60,,
2026-08-10 04:00:00,1502522.40,,
2026-08-10 05:00:00,1455256.41,,
2026-08-10 06:00:00,1476796.49,,
2026-08-10 07:00:00,1354575.12,,
2026-08-10 08:00:00,1338127.56,,
2026-08-10 09:00:00,1333471.05,,
2026-08-10 10:00:00,1286911.23,,
2026-08-10 11:00:00,1287959.90,,
2026-08-10 12:00:00,1294927.31,,
2026-08-10 13:00:00,1290965.71,,
2026-08-10 14:00:00,1274488.45,,
2026-08-10 15:00:00,1272257.40,,
2026-08-10 16:00:00,1265857.47,,
2026-08-10 17:00:00,1261964.70,,
2026-08-10 18:00:00,1253224.87,,
2026-08-10 19:00:00,1261774.37,,
2026-08-10 20:00:00,1257142.82,,
2026-08-10 21:00:00,1254030.21,,
2026-08-10 22:00:00,1242946.40,,
2026-08-10 23:00:00,1241738.65,,
2026-08-11 00:00:00,1248286.50,,
2026-08-11 01:00:00,1271026.96,,
2026-08-11 02:00:00,1270954.03,,
2026-08-11 03:00:00,1272894.05,,
2026-08-11 04:00:00,1278658.98,,
2026-08-11 05:00:00,1280299.18,,
2026-08-11 06:00:00,1281607.53,,
2026-08-11 07:00:00,1290267.10,,
2026-08-11 08:00:00,1319522.76,,
2026-08-11 09:00:00,1343601.76,,
2026-08-11 10:00:00,1336812.58,,
2026-08-11 11:00:00,1327046.44,,
2026-08-11 12:00:00,1318799.59,,
2026-08-11 13:00:00,1308294.94,,
2026-08-11 14:00:00,1305773.77,,
2026-08-11 15:00:00,1269597.06,,
2026-08-11 16:00:00,1223832.68,,
2026-08-11 17:00:00,1233771.30,,
2026-08-11 18:00:00,1221905.59,,
2026-08-11 19:00:00,1219396.92,,
2026-08-11 20:00:00,1219525.91,,
2026-08-11 21:00:00,1231335.02,,
2026-08-11 22:00:00,1226147.29,,
2026-08-11 23:00:00,1222064.44,,
2026-08-12 00:00:00,1217717.37,,
2026-08-12 01:00:00,1238095.27,,
2026-08-12 02:00:00,1228528.40,,
2026-08-12 03:00:00,1215003.86,,
2026-08-12 04:00:00,1190685.60,,
2026-08-12 05:00:00,1164519.65,,
2026-08-12 06:00:00,1160461.89,,
2026-08-12 07:00:00,1157443.56,,
2026-08-12 08:00:00,1149667.82,,
2026-08-12 09:00:00,1130682.33,,
2026-08-12 10:00:00,1136102.61,,
2026-08-12 11:00:00,1129670.93,,
2026-08-12 12:00:00,1143392.39,,
2026-08-12 13:00:00,1157366.02,,
2026-08-12 14:00:00,1153281.93,,
2026-08-12 15:00:00,1142643.58,,
2026-08-12 16:00:00,1131507.61,,
2026-08-12 17:00:00,1116808.60,,
2026-08-12 18:00:00,1116244.48,,
2026-08-12 19:00:00,1125634.22,,
2026-08-12 20:00:00,1122857.90,,
2026-08-12 21:00:00,1116971.67,,
2026-08-12 22:00:00,1112667.84,,
2026-08-12 23:00:00,1096813.04,,
2026-08-13 00:00:00,1100579.16,,
2026-08-13 01:00:00,1109798.91,,
2026-08-13 02:00:00,1115110.06,,
2026-08-13 03:00:00,1113695.68,,
2026-08-13 04:00:00,1112811.36,,
2026-08-13 05:00:00,1111349.99,,
2026-08-13 06:00:00,1101132.64,,
2026-08-13 07:00:00,1105655.11,,
2026-08-13 08:00:00,1093104.57,,
2026-08-13 09:00:00,1093554.57,,
2026-08-13 10:00:00,1101690.93,,
2026-08-13 11:00:00,1094120.96,,
2026-08-13 12:00:00,1089178.12,,
2026-08-13 13:00:00,1108649.09,,
2026-08-13 14:00:00,1104717.49,,
2026-08-13 15:00:00,1083224.13,,
2026-08-13 16:00:00,1044020.97,,
2026-08-13 17:00:00,1032563.83,,
2026-08-13 18:00:00,1038786.40,,
2026-08-13 19:00:00,1041029.76,,
2026-08-13 20:00:00,1043364.92,,
2026-08-13 21:00:00,1046396.37,,
2026-08-13 22:00:00,1046319.30,,
2026-08-13 23:00:00,1049401.82,,
2026-08-14 00:00:00,1048928.61,,
2026-08-14 01:00:00,1051054.66,,
2026-08-14 02:00:00,1045222.11,,
2026-08-14 03:00:00,1042582.32,,
2026-08-14 04:00:00,1043784.18,,
2026-08-14 05:00:00,1045573.30,,
2026-08-14 06:00:00,1048438.63,,
2026-08-14 07:00:00,1087277.35,,
2026-08-14 08:00:00,1100398.80,,
2026-08-14 09:00:00,1106829.59,,
2026-08-14 10:00:00,1103343.37,,
2026-08-14 11:00:00,1046039.13,,
2026-08-14 12:00:00,1043255.08,,
2026-08-14 13:00:00,1091212.78,,
2026-08-14 14:00:00,1100835.72,,
2026-08-14 15:00:00,1087197.02,,
2026-08-14 16:00:00,1076711.45,,
2026-08-14 17:00:00,1054707.42,,
2026-08-14 18:00:00,1038926.00,,
2026-08-14 19:00:00,1035740.43,,
2026-08-14 20:00:00,1026642.55,,
2026-08-14 21:00:00,1037826.59,,
2026-08-14 22:00:00,1053817.87,,
2026-08-14 23:00:00,1051273.13,,
2026-08-15 00:00:00,1046135.61,,
2026-08-15 01:00:00,1036831.18,,
2026-08-15 02:00:00,1030725.05,,
2026-08-15 03:00:00,1026429.16,,
2026-08-15 04:00:00,1023118.41,,
2026-08-15 05:00:00,1033628.44,,
2026-08-15 06:00:00,1011995.60,,
2026-08-15 07:00:00,1014421.45,,
2026-08-15 08:00:00,1008951.91,,
2026-08-15 09:00:00,992810.00,,
2026-08-15 10:00:00,1018911.31,,
2026-08-15 11:00:00,1026057.19,,
2026-08-15 12:00:00,1027254.84,,
2026-08-15 13:00:00,1044904.04,,
2026-08-15 14:00:00,1021689.50,,
2026-08-15 15:00:00,1028373.95,,
2026-08-15 16:00:00,1025902.78,,
2026-08-15 17:00:00,1024669.27,,
2026-08-15 18:00:00,1044455.28,,
2026-08-15 19:00:00,1053055.51,,
2026-08-15 20:00:00,1050338.61,,
2026-08-15 21:00:00,1028028.23,,
2026-08-15 22:00:00,1045947.87,,
2026-08-15 23:00:00,1129046.18,,
2026-08-16 00:00:00,1138670.05,,
2026-08-16 01:00:00,1147375.58,,
2026-08-16 02:00:00,1126858.43,,
2026-08-16 03:00:00,1116249.33,,
2026-08-16 04:00:00,1137700.97,,
2026-08-16 05:00:00,1189432.10,,
2026-08-16 06:00:00,1194235.75,,
2026-08-16 07:00:00,1221422.45,,
2026-08-16 08:00:00,1172779.34,,
2026-08-16 09:00:00,1053480.28,,
2026-08-16 10:00:00,1096032.71,,
2026-08-16 11:00:00,1105330.59,,
2026-08-16 12:00:00,1101108.79,,
2026-08-16 13:00:00,1111288.64,,
2026-08-16 14:00:00,1118907.96,,
2026-08-16 15:00:00,1126216.54,,
2026-08-16 16:00:00,1132265.63,,
2026-08-16 17:00:00,1106093.05,,
2026-08-16 18:00:00,1104581.40,,
2026-08-16 19:00:00,1097689.37,,
2026-08-16 20:00:00,1106239.03,,
2026-08-16 21:00:00,1098599.15,,
2026-08-16 22:00:00,1104941.49,,
2026-08-16 23:00:00,1116982.60,,
2026-08-17 00:00:00,1113844.17,,
2026-08-17 01:00:00,1088018.45,,
2026-08-17 02:00:00,1076215.58,,
2026-08-17 03:00:00,1078763.41,,
2026-08-17 04:00:00,1087822.64,,
2026-08-17 05:00:00,1082797.01,,
2026-08-17 06:00:00,1087497.14,,
2026-08-17 07:00:00,1099046.74,,
2026-08-17 08:00:00,1088529.95,,
2026-08-17 09:00:00,1056664.68,,
2026-08-17 10:00:00,1109587.97,,
2026-08-17 11:00:00,1107101.28,,
2026-08-17 12:00:00,1088095.06,,
2026-08-17 13:00:00,1047150.53,,
2026-08-17 14:00:00,1046222.91,,
2026-08-17 15:00:00,1042726.48,,
2026-08-17 16:00:00,1022207.38,,
2026-08-17 17:00:00,1021261.22,,
2026-08-17 18:00:00,1025460.17,,
2026-08-17 19:00:00,1005760.03,,
2026-08-17 20:00:00,1010491.55,,
2026-08-17 21:00:00,1005015.56,,
2026-08-17 22:00:00,1013995.58,,
2026-08-17 23:00:00,1004625.88,,
2026-08-18 00:00:00,1007896.33,,
2026-08-18 01:00:00,1003490.21,,
2026-08-18 02:00:00,996000.72,,
2026-08-18 03:00:00,984944.52,,
2026-08-18 04:00:00,985254.51,,
2026-08-18 05:00:00,985719.36,,
2026-08-18 06:00:00,978435.19,,
2026-08-18 07:00:00,980805.01,,
2026-08-18 08:00:00,975330.32,,
2026-08-18 09:00:00,979176.94,,
2026-08-18 10:00:00,960642.23,,
2026-08-18 11:00:00,956508.15,,
2026-08-18 12:00:00,956563.52,,
2026-08-18 13:00:00,963794.20,,
2026-08-18 14:00:00,960337.83,,
2026-08-18 15:00:00,967983.70,,
2026-08-18 16:00:00,973406.24,,
2026-08-18 17:00:00,980423.50,,
2026-08-18 18:00:00,995328.62,,
2026-08-18 19:00:00,1002206.25,,
2026-08-18 20:00:00,987921.56,,
2026-08-18 21:00:00,977256.93,,
2026-08-18 22:00:00,983941.14,,
2026-08-18 23:00:00,974882.86,,
2026-08-19 00:00:00,974267.58,,
2026-08-19 01:00:00,967721.10,,
2026-08-19 02:00:00,968605.98,,
2026-08-19 03:00:00,959899.71,,
2026-08-19 04:00:00,959976.66,,
2026-08-19 05:00:00,954148.56,,
2026-08-19 06:00:00,968496.40,,
2026-08-19 07:00:00,958247.81,,
2026-08-19 08:00:00,952575.29,,
2026-08-19 09:00:00,958643.81,,
2026-08-19 10:00:00,958794.69,,
2026-08-19 11:00:00,959806.74,,
2026-08-19 12:00:00,956094.09,,
2026-08-19 13:00:00,959959.33,,
2026-08-19 14:00:00,953853.25,,
2026-08-19 15:00:00,973363.93,,
2026-08-19 16:00:00,948762.96,,
2026-08-19 17:00:00,978034.08,,
2026-08-19 18:00:00,977284.25,,
2026-08-19 19:00:00,983909.30,,
2026-08-19 20:00:00,996349.10,,
2026-08-19 21:00:00,994054.91,,
2026-08-19 22:00:00,1008260.89,,
2026-08-19 23:00:00,989403.76,,
2026-08-20 00:00:00,988116.55,,
2026-08-20 01:00:00,987655.23,,
2026-08-20 02:00:00,997615.62,,
2026-08-20 03:00:00,990076.51,,
2026-08-20 04:00:00,998756.81,,
2026-08-20 05:00:00,1003620.10,,
2026-08-20 06:00:00,1005367.00,,
2026-08-20 07:00:00,1018384.71,,
2026-08-20 08:00:00,1024394.71,,
2026-08-20 09:00:00,1048040.64,,
2026-08-20 10:00:00,1063259.58,,
2026-08-20 11:00:00,1067816.07,,
2026-08-20 12:00:00,1053530.56,,
2026-08-20 13:00:00,1028153.70,,
2026-08-20 14:00:00,1033339.21,,
2026-08-20 15:00:00,1037789.60,,
2026-08-20 16:00:00,1055116.15,,
2026-08-20 17:00:00,1067567.40,,
2026-08-20 18:00:00,1056216.90,,
2026-08-20 19:00:00,1030590.75,,
2026-08-20 20:00:00,1037097.82,,
2026-08-20 21:00:00,1046267.07,,
2026-08-20 22:00:00,1056185.48,,
2026-08-20 23:00:00,1051967.62,,
2026-08-21 00:00:00,1065248.69,,
2026-08-21 01:00:00,1056377.48,,
2026-08-21 02:00:00,1057815.84,,
2026-08-21 03:00:00,1046830.28,,
2026-08-21 04:00:00,1055714.76,,
2026-08-21 05:00:00,1065496.80,,
2026-08-21 06:00:00,1082305.39,,
2026-08-21 07:00:00,1089693.81,,
2026-08-21 08:00:00,1095733.03,,
2026-08-21 09:00:00,1130970.13,,
2026-08-21 10:00:00,1102998.93,,
2026-08-21 11:00:00,1116402.61,,
2026-08-21 12:00:00,1108467.52,,
2026-08-21 13:00:00,1123689.11,,
2026-08-21 14:00:00,1116891.73,,
2026-08-21 15:00:00,1116963.32,,
2026-08-21 16:00:00,1123455.69,,
2026-08-21 17:00:00,1114686.61,,
2026-08-21 18:00:00,1103583.75,,
2026-08-21 19:00:00,1093691.08,,
2026-08-21 20:00:00,1091601.98,,
2026-08-21 21:00:00,1109461.13,,
2026-08-21 22:00:00,1146920.55,,
2026-08-21 23:00:00,1174632.85,,
2026-08-22 00:00:00,1161218.58,,
2026-08-22 01:00:00,1171550.81,,
2026-08-22 02:00:00,1165933.46,,
2026-08-22 03:00:00,1220707.18,,
2026-08-22 04:00:00,1218505.95,,
2026-08-22 05:00:00,1248983.33,,
2026-08-22 06:00:00,1087942.80,,
2026-08-22 07:00:00,1109361.15,,
2026-08-22 08:00:00,1112484.93,,
2026-08-22 09:00:00,1110199.72,,
2026-08-22 10:00:00,1104844.85,,
2026-08-22 11:00:00,1095212.75,,
2026-08-22 12:00:00,1091385.21,,
2026-08-22 13:00:00,1091656.58,,
2026-08-22 14:00:00,1098706.12,,
2026-08-22 15:00:00,1089579.90,,
2026-08-22 16:00:00,1075294.08,,
2026-08-22 17:00:00,1091210.85,,
2026-08-22 18:00:00,1091942.99,,
2026-08-22 19:00:00,1084502.26,,
2026-08-22 20:00:00,1093164.37,,
2026-08-22 21:00:00,1088099.35,,
2026-08-22 22:00:00,1068364.25,,
2026-08-22 23:00:00,1075889.70,,
2026-08-23 00:00:00,1075685.45,,
2026-08-23 01:00:00,1083754.64,,
2026-08-23 02:00:00,1065380.59,,
2026-08-23 03:00:00,1058780.02,,
2026-08-23 04:00:00,1035291.38,,
2026-08-23 05:00:00,1021601.98,,
2026-08-23 06:00:00,1033258.96,,
2026-08-23 07:00:00,1033982.79,,
2026-08-23 08:00:00,1051341.68,,
2026-08-23 09:00:00,1055891.22,,
2026-08-23 10:00:00,1063990.98,,
2026-08-23 11:00:00,1065683.10,,
2026-08-23 12:00:00,1077135.00,,
2026-08-23 13:00:00,1072427.52,,
2026-08-23 14:00:00,1094533.73,,
2026-08-23 15:00:00,1099073.02,,
2026-08-23 16:00:00,1127449.31,,
2026-08-23 17:00:00,1123588.53,,
2026-08-23 18:00:00,1123409.52,,
2026-08-23 19:00:00,1144684.96,,
2026-08-23 20:00:00,1130239.41,,
2026-08-23 21:00:00,1137163.10,,
2026-08-23 22:00:00,1170131.08,,
2026-08-23 23:00:00,1152344.11,,
2026-08-24 00:00:00,1159844.61,,
2026-08-24 01:00:00,1119041.24,,
2026-08-24 02:00:00,1078278.62,,
2026-08-24 03:00:00,1081935.49,,
2026-08-24 04:00:00,1064377.74,,
2026-08-24 05:00:00,1074274.35,,
2026-08-24 06:00:00,1075609.61,,
2026-08-24 07:00:00,1067453.88,,
2026-08-24 08:00:00,1062547.82,,
2026-08-24 09:00:00,1050152.02,,
2026-08-24 10:00:00,1052921.66,,
2026-08-24 11:00:00,1067787.67,,
2026-08-24 12:00:00,1078787.42,,
2026-08-24 13:00:00,1121878.12,,
2026-08-24 14:00:00,1078703.17,,
2026-08-24 15:00:00,1095233.36,,
2026-08-24 16:00:00,1086044.75,,
2026-08-24 17:00:00,1080365.10,,
2026-08-24 18:00:00,1058753.75,,
2026-08-24 19:00:00,1059888.67,,
2026-08-24 20:00:00,1058308.83,,
2026-08-24 21:00:00,1055426.94,,
2026-08-24 22:00:00,1056580.12,,
2026-08-24 23:00:00,1050048.26,,
2026-08-25 00:00:00,1053214.22,,
2026-08-25 01:00:00,1073988.17,,
2026-08-25 02:00:00,1045787.11,,
2026-08-25 03:00:00,1057195.30,,
2026-08-25 04:00:00,1055102.46,,
2026-08-25 05:00:00,1058502.66,,
2026-08-25 06:00:00,1070594.93,,
2026-08-25 07:00:00,1060758.96,,
2026-08-25 08:00:00,1051321.51,,
2026-08-25 09:00:00,1053709.21,,
2026-08-25 10:00:00,1051482.47,,
2026-08-25 11:00:00,1059018.84,,
2026-08-25 12:00:00,1054671.61,,
2026-08-25 13:00:00,1054399.60,,
2026-08-25 14:00:00,1050902.23,,
2026-08-25 15:00:00,1059740.34,,
2026-08-25 16:00:00,1053465.02,,
2026-08-25 17:00:00,1055304.88,,
2026-08-25 18:00:00,1064958.83,,
2026-08-25 19:00:00,1068801.58,,
2026-08-25 20:00:00,1064591.74,,
2026-08-25 21:00:00,1044203.16,,
2026-08-25 22:00:00,1026106.78,,
2026-08-25 23:00:00,1048952.57,,
2026-08-26 00:00:00,1039889.85,,
2026-08-26 01:00:00,1042910.12,,
2026-08-26 02:00:00,1047472.42,,
2026-08-26 03:00:00,1052946.12,,
2026-08-26 04:00:00,1051455.06,,
2026-08-26 05:00:00,1049847.36,,
2026-08-26 06:00:00,1063470.53,,
2026-08-26 07:00:00,1065825.41,,
2026-08-26 08:00:00,1065132.36,,
2026-08-26 09:00:00,1061267.06,,
2026-08-26 10:00:00,1052518.84,,
2026-08-26 11:00:00,1072067.94,,
2026-08-26 12:00:00,1066108.36,,
2026-08-26 13:00:00,1068984.68,,
2026-08-26 14:00:00,1061233.93,,
2026-08-26 15:00:00,1037376.84,,
2026-08-26 16:00:00,1052936.97,,
2026-08-26 17:00:00,1049582.13,,
2026-08-26 18:00:00,1052157.06,,
2026-08-26 19:00:00,1060043.89,,
2026-08-26 20:00:00,1066926.64,,
2026-08-26 21:00:00,1070901.15,,
2026-08-26 22:00:00,1084491.57,,
2026-08-26 23:00:00,1119186.17,,
2026-08-27 00:00:00,1134994.10,,
2026-08-27 01:00:00,1120319.35,,
2026-08-27 02:00:00,1122682.36,,
2026-08-27 03:00:00,1118668.10,,
2026-08-27 04:00:00,1124103.43,,
2026-08-27 05:00:00,1125140.13,,
2026-08-27 06:00:00,1131776.43,,
2026-08-27 07:00:00,1144456.35,,
2026-08-27 08:00:00,1147150.72,,
2026-08-27 09:00:00,1165474.74,,
2026-08-27 10:00:00,1158305.35,,
2026-08-27 11:00:00,1148930.26,,
2026-08-27 12:00:00,1148781.47,,
2026-08-27 13:00:00,1155835.93,,
2026-08-27 14:00:00,1159993.68,,
2026-08-27 15:00:00,1167975.01,,
2026-08-27 16:00:00,1199394.18,,
2026-08-27 17:00:00,1215185.10,,
2026-08-27 18:00:00,1215592.11,,
2026-08-27 19:00:00,1203287.69,,
2026-08-27 20:00:00,1198935.34,,
2026-08-27 21:00:00,1192343.37,,
2026-08-27 22:00:00,1183807.39,,
2026-08-27 23:00:00,1184013.56,,
2026-08-28 00:00:00,1177115.88,,
2026-08-28 01:00:00,1177944.87,,
2026-08-28 02:00:00,1174636.15,,
2026-08-28 03:00:00,1142244.62,,
2026-08-28 04:00:00,1142449.90,,
2026-08-28 05:00:00,1132047.16,,
2026-08-28 06:00:00,1127774.69,,
2026-08-28 07:00:00,1129814.30,,
2026-08-28 08:00:00,1118123.63,,
2026-08-28 09:00:00,1110633.66,,
2026-08-28 10:00:00,1113431.48,,
2026-08-28 11:00:00,1122617.49,,
2026-08-28 12:00:00,1120815.49,,
2026-08-28 13:00:00,1116129.75,,
2026-08-28 14:00:00,1110751.04,,
2026-08-28 15:00:00,1124305.62,,
2026-08-28 16:00:00,1095595.47,,
2026-08-28 17:00:00,1078711.77,,
2026-08-28 18:00:00,1073364.60,,
2026-08-28 19:00:00,1060996.80,,
2026-08-28 20:00:00,1072675.12,,
2026-08-28 21:00:00,1073100.15,,
2026-08-28 22:00:00,1069948.78,,
2026-08-28 23:00:00,1085314.51,,
2026-08-29 00:00:00,1086054.91,,
2026-08-29 01:00:00,1091757.19,,
2026-08-29 02:00:00,1092685.55,,
2026-08-29 03:00:00,1094486.65,,
2026-08-29 04:00:00,1086211.84,,
2026-08-29 05:00:00,1094549.06,,
2026-08-29 06:00:00,1108942.40,,
2026-08-29 07:00:00,1100272.07,,
2026-08-29 08:00:00,1104197.18,,
2026-08-29 09:00:00,1100083.11,,
2026-08-29 10:00:00,1100959.73,,
2026-08-29 11:00:00,1102622.68,,
2026-08-29 12:00:00,1100917.55,,
2026-08-29 13:00:00,1108924.69,,
2026-08-29 14:00:00,1115576.74,,
2026-08-29 15:00:00,1134406.74,,
2026-08-29 16:00:00,1135745.02,,
2026-08-29 17:00:00,1142745.28,,
2026-08-29 18:00:00,1140316.34,,
2026-08-29 19:00:00,1140701.91,,
2026-08-29 20:00:00,1138756.43,,
2026-08-29 21:00:00,1137999.88,,
2026-08-29 22:00:00,1138191.84,,
2026-08-29 23:00:00,1137851.58,,
2026-08-30 00:00:00,1138834.94,,
2026-08-30 01:00:00,1132499.94,,
2026-08-30 02:00:00,1127929.27,,
2026-08-30 03:00:00,1130063.64,,
2026-08-30 04:00:00,1127282.33,,
2026-08-30 05:00:00,1125159.73,,
2026-08-30 06:00:00,1135956.74,,
2026-08-30 07:00:00,1143355.82,,
2026-08-30 08:00:00,1124284.15,,
2026-08-30 09:00:00,1121504.85,,
2026-08-30 10:00:00,1131035.59,,
2026-08-30 11:00:00,1133332.23,,
2026-08-30 12:00:00,1127877.71,,
2026-08-30 13:00:00,1145658.85,,
2026-08-30 14:00:00,1141049.04,,
2026-08-30 15:00:00,1148614.65,,
2026-08-30 16:00:00,1139992.81,,
2026-08-30 17:00:00,1161985.50,,
2026-08-30 18:00:00,1155864.31,,
2026-08-30 19:00:00,1155913.42,,
2026-08-30 20:00:00,1143740.33,,
2026-08-30 21:00:00,1129949.14,,
2026-08-30 22:00:00,1121369.40,,
2026-08-30 23:00:00,1105853.66,,
2026-08-31 00:00:00,1072578.72,,
2026-08-31 01:00:00,1086556.77,,
2026-08-31 02:00:00,1091611.49,,
2026-08-31 03:00:00,1102937.98,,
2026-08-31 04:00:00,1099910.39,,
2026-08-31 05:00:00,1102436.07,,
2026-08-31 06:00:00,1112242.04,,
2026-08-31 07:00:00,1118769.34,,
2026-08-31 08:00:00,1123383.72,,
2026-08-31 09:00:00,1127736.34,,
2026-08-31 10:00:00,1129460.59,,
2026-08-31 11:00:00,1134218.71,,
2026-08-31 12:00:00,1125665.54,,
2026-08-31 13:00:00,1104821.08,,
2026-08-31 14:00:00,1103474.62,,
2026-08-31 15:00:00,1126441.58,,
2026-08-31 16:00:00,1116971.97,,
2026-08-31 17:00:00,1118592.13,,
2026-08-31 18:00:00,1128918.74,,
2026-08-31 19:00:00,1130247.69,,
2026-08-31 20:00:00,1129675.10,,
2026-08-31 21:00:00,1132830.11,,
2026-08-31 22:00:00,1141192.46,,
2026-08-31 23:00:00,1134104.53,,
2026-09-01 00:00:00,1134758.80,,
2026-09-01 01:00:00,1142442.06,,
2026-09-01 02:00:00,1144255.95,,
2026-09-01 03:00:00,1138218.65,,
2026-09-01 04:00:00,1142265.94,,
2026-09-01 05:00:00,1137759.68,,
2026-09-01 06:00:00,1144316.65,,
2026-09-01 07:00:00,1133187.38,,
2026-09-01 08:00:00,1125277.37,,
2026-09-01 09:00:00,1093090.40,,
2026-09-01 10:00:00,1091606.27,,
2026-09-01 11:00:00,1099765.24,,
2026-09-01 12:00:00,1102426.78,,
2026-09-01 13:00:00,1090832.61,,
2026-09-01 14:00:00,1098740.14,,
2026-09-01 15:00:00,1103543.70,,
2026-09-01 16:00:00,1093285.57,,
2026-09-01 17:00:00,1082400.55,,
2026-09-01 18:00:00,1076706.69,,
2026-09-01 19:00:00,1080444.64,,
2026-09-01 20:00:00,1088356.87,,
2026-09-01 21:00:00,1088358.10,,
2026-09-01 22:00:00,1082258.29,,
2026-09-01 23:00:00,1081085.55,,
2026-09-02 00:00:00,1090772.93,,
2026-09-02 01:00:00,1083627.55,,
2026-09-02 02:00:00,1073840.96,,
2026-09-02 03:00:00,1089455.98,,
2026-09-02 04:00:00,1099534.40,,
2026-09-02 05:00:00,1106183.27,,
2026-09-02 06:00:00,1107893.96,,
2026-09-02 07:00:00,1107230.80,,
2026-09-02 08:00:00,1102883.43,,
2026-09-02 09:00:00,1091860.02,,
2026-09-02 10:00:00,1068091.99,,
2026-09-02 11:00:00,1054894.68,,
2026-09-02 12:00:00,1050925.35,,
2026-09-02 13:00:00,1055117.68,,
2026-09-02 14:00:00,1069033.26,,
2026-09-02 15:00:00,1063344.93,,
2026-09-02 16:00:00,1075063.86,,
2026-09-02 17:00:00,1067143.98,,
2026-09-02 18:00:00,1066628.99,,
2026-09-02 19:00:00,1079534.58,,
2026-09-02 20:00:00,1072409.38,,
2026-09-02 21:00:00,1128573.11,,
2026-09-02 22:00:00,1118900.26,,
2026-09-02 23:00:00,1105904.91,,
2026-09-03 00:00:00,1119267.29,,
2026-09-03 01:00:00,1112527.17,,
2026-09-03 02:00:00,1131338.41,,
2026-09-03 03:00:00,1202480.17,,
2026-09-03 04:00:00,1183871.66,,
2026-09-03 05:00:00,1203019.40,,
2026-09-03 06:00:00,1191920.50,,
2026-09-03 07:00:00,1195824.65,,
2026-09-03 08:00:00,1262391.03,,
2026-09-03 09:00:00,1271586.49,,
2026-09-03 10:00:00,1257817.78,,
2026-09-03 11:00:00,1232315.22,,
2026-09-03 12:00:00,1231360.12,,
2026-09-03 13:00:00,1228187.19,,
2026-09-03 14:00:00,1221909.55,,
2026-09-03 15:00:00,1222492.38,,
2026-09-03 16:00:00,1241951.05,,
2026-09-03 17:00:00,1217348.54,,
2026-09-03 18:00:00,1224398.02,,
2026-09-03 19:00:00,1220726.55,,
2026-09-03 20:00:00,1216267.88,,
2026-09-03 21:00:00,1215287.00,,
2026-09-03 22:00:00,1213654.48,,
2026-09-03 23:00:00,1201319.45,,
2026-09-04 00:00:00,1206812.45,,
2026-09-04 01:00:00,1197215.28,,
2026-09-04 02:00:00,1196106.13,,
2026-09-04 03:00:00,1201960.84,,
2026-09-04 04:00:00,1194675.36,,
2026-09-04 05:00:00,1201796.12,,
2026-09-04 06:00:00,1201168.49,,
2026-09-04 07:00:00,1205502.90,,
2026-09-04 08:00:00,1208821.79,,
2026-09-04 09:00:00,1220874.05,,
2026-09-04 10:00:00,1221898.60,,
2026-09-04 11:00:00,1218378.78,,
2026-09-04 12:00:00,1225503.30,,
2026-09-04 13:00:00,1163656.38,,
2026-09-04 14:00:00,1165704.16,,
2026-09-04 15:00:00,1131528.09,,
2026-09-04 16:00:00,1129374.43,,
2026-09-04 17:00:00,1154743.73,,
2026-09-04 18:00:00,1149797.47,,
2026-09-04 19:00:00,1163790.67,,
2026-09-04 20:00:00,1189069.18,,
2026-09-04 21:00:00,1208809.16,,
2026-09-04 22:00:00,1210630.61,,
2026-09-04 23:00:00,1215161.78,,
2026-09-05 00:00:00,1231333.51,,
2026-09-05 01:00:00,1241397.38,,
2026-09-05 02:00:00,1232414.31,,
2026-09-05 03:00:00,1280815.78,,
2026-09-05 04:00:00,1303290.52,,
2026-09-05 05:00:00,1294934.24,,
2026-09-05 06:00:00,1321167.08,,
2026-09-05 07:00:00,1338578.53,,
2026-09-05 08:00:00,1387570.66,,
2026-09-05 09:00:00,1393826.28,,
2026-09-05 10:00:00,1398253.26,,
2026-09-05 11:00:00,1382165.18,,
2026-09-05 12:00:00,1392131.38,,
2026-09-05 13:00:00,1435033.42,,
2026-09-05 14:00:00,1408559.10,,
2026-09-05 15:00:00,1401990.46,,
2026-09-05 16:00:00,1384868.84,,
2026-09-05 17:00:00,1370879.35,,
2026-09-05 18:00:00,1374518.11,,
2026-09-05 19:00:00,1362528.61,,
2026-09-05 20:00:00,1376995.44,,
2026-09-05 21:00:00,1372347.19,,
2026-09-05 22:00:00,1374832.68,,
2026-09-05 23:00:00,1369926.71,,
2026-09-06 00:00:00,1365373.85,,
2026-09-06 01:00:00,1368400.35,,
2026-09-06 02:00:00,1367101.86,,
2026-09-06 03:00:00,1374614.93,,
2026-09-06 04:00:00,1382967.82,,
2026-09-06 05:00:00,1379035.55,,
2026-09-06 06:00:00,1384927.76,,
2026-09-06 07:00:00,1358830.77,,
2026-09-06 08:00:00,1351174.85,,
2026-09-06 09:00:00,1353227.94,,
2026-09-06 10:00:00,1378854.60,,
2026-09-06 11:00:00,1384218.55,,
2026-09-06 12:00:00,1393787.70,,
2026-09-06 13:00:00,1401101.44,,
2026-09-06 14:00:00,1413426.09,,
2026-09-06 15:00:00,1382686.61,,
2026-09-06 16:00:00,1407192.67,,
2026-09-06 17:00:00,1424499.79,,
2026-09-06 18:00:00,1416496.79,,
2026-09-06 19:00:00,1410197.04,,
2026-09-06 20:00:00,1408307.16,,
2026-09-06 21:00:00,1448824.26,,
2026-09-06 22:00:00,1435110.85,,
2026-09-06 23:00:00,1419015.08,,
2026-09-07 00:00:00,1433472.43,,
2026-09-07 01:00:00,1437841.75,,
2026-09-07 02:00:00,1412543.71,,
2026-09-07 03:00:00,1423038.34,,
2026-09-07 04:00:00,1409854.98,,
2026-09-07 05:00:00,1416104.09,,
2026-09-07 06:00:00,1414908.92,,
2026-09-07 07:00:00,1402878.74,,
2026-09-07 08:00:00,1386379.76,,
2026-09-07 09:00:00,1397035.60,,
2026-09-07 10:00:00,1383271.03,,
2026-09-07 11:00:00,1386382.41,,
2026-09-07 12:00:00,1399279.07,,
2026-09-07 13:00:00,1461116.97,,
2026-09-07 14:00:00,1441996.79,,
2026-09-07 15:00:00,1417467.67,,
2026-09-07 16:00:00,1348567.70,,
2026-09-07 17:00:00,1386372.10,,
2026-09-07 18:00:00,1386505.02,,
2026-09-07 19:00:00,1402209.49,,
2026-09-07 20:00:00,1430835.11,,
2026-09-07 21:00:00,1422605.73,,
2026-09-07 22:00:00,1415540.99,,
2026-09-07 23:00:00,1402027.05,,
2026-09-08 00:00:00,1406147.24,,
2026-09-08 01:00:00,1418520.77,,
2026-09-08 02:00:00,1413444.87,,
2026-09-08 03:00:00,1397285.66,,
2026-09-08 04:00:00,1409515.57,,
2026-09-08 05:00:00,1409260.22,,
2026-09-08 06:00:00,1432288.68,,
2026-09-08 07:00:00,1419512.04,,
2026-09-08 08:00:00,1438134.98,,
2026-09-08 09:00:00,1464218.89,,
2026-09-08 10:00:00,1462132.94,,
2026-09-08 11:00:00,1455904.18,,
2026-09-08 12:00:00,1453498.28,,
2026-09-08 13:00:00,1436497.35,,
2026-09-08 14:00:00,1403728.59,,
2026-09-08 15:00:00,1428300.80,,
2026-09-08 16:00:00,1439533.26,,
2026-09-08 17:00:00,1439429.53,,
2026-09-08 18:00:00,1440779.59,,
2026-09-08 19:00:00,1424824.14,,
2026-09-08 20:00:00,1427364.66,,
2026-09-08 21:00:00,1417440.33,,
2026-09-08 22:00:00,1410051.96,,
2026-09-08 23:00:00,1419000.83,,
2026-09-09 00:00:00,1408049.45,,
2026-09-09 01:00:00,1412229.83,,
2026-09-09 02:00:00,1414853.81,,
2026-09-09 03:00:00,1423470.80,,
2026-09-09 04:00:00,1416376.15,,
2026-09-09 05:00:00,1448213.32,,
2026-09-09 06:00:00,1442093.89,,
2026-09-09 07:00:00,1449026.85,,
2026-09-09 08:00:00,1451859.47,,
2026-09-09 09:00:00,1494862.74,,
2026-09-09 10:00:00,1443080.36,,
2026-09-09 11:00:00,1434876.49,,
2026-09-09 12:00:00,1427008.23,,
2026-09-09 13:00:00,1435594.34,,
2026-09-09 14:00:00,1403927.97,,
2026-09-09 15:00:00,1383280.64,,
2026-09-09 16:00:00,1359675.41,,
2026-09-09 17:00:00,1374489.21,,
2026-09-09 18:00:00,1382090.13,,
2026-09-09 19:00:00,1375533.70,,
2026-09-09 20:00:00,1357726.61,,
2026-09-09 21:00:00,1370567.09,,
2026-09-09 22:00:00,1350530.25,,
2026-09-09 23:00:00,1298035.07,,
2026-09-10 00:00:00,1315380.51,,
2026-09-10 01:00:00,1300673.92,,
2026-09-10 02:00:00,1295071.29,,
2026-09-10 03:00:00,1323328.57,,
2026-09-10 04:00:00,1329132.75,,
2026-09-10 05:00:00,1327777.80,,
2026-09-10 06:00:00,1335567.16,,
2026-09-10 07:00:00,1331109.33,,
2026-09-10 08:00:00,1323481.63,,
2026-09-10 09:00:00,1324834.97,,
2026-09-10 10:00:00,1323050.66,,
2026-09-10 11:00:00,1319359.60,,
2026-09-10 12:00:00,1325225.31,,
2026-09-10 13:00:00,1314808.26,,
2026-09-10 14:00:00,1327717.52,,
2026-09-10 15:00:00,1319253.93,,
2026-09-10 16:00:00,1312093.80,,
2026-09-10 17:00:00,1295226.85,,
2026-09-10 18:00:00,1309097.29,,
2026-09-10 19:00:00,1313016.70,,
2026-09-10 20:00:00,1306692.95,,
2026-09-10 21:00:00,1312406.53,,
2026-09-10 22:00:00,1302183.60,,
2026-09-10 23:00:00,1285606.11,,
2026-09-11 00:00:00,1271293.25,,
2026-09-11 01:00:00,1273480.83,,
2026-09-11 02:00:00,1264655.26,,
2026-09-11 03:00:00,1270592.78,,
2026-09-11 04:00:00,1286049.20,,
2026-09-11 05:00:00,1297335.81,,
2026-09-11 06:00:00,1296421.44,,
2026-09-11 07:00:00,1293276.49,,
2026-09-11 08:00:00,1291611.23,,
2026-09-11 09:00:00,1298645.91,,
2026-09-11 10:00:00,1296966.62,,
2026-09-11 11:00:00,1281962.36,,
2026-09-11 12:00:00,1288240.94,,
2026-09-11 13:00:00,1317146.16,,
2026-09-11 14:00:00,1347892.52,,
2026-09-11 15:00:00,1330655.14,,
2026-09-11 16:00:00,1321627.08,,
2026-09-11 17:00:00,1340057.17,,
2026-09-11 18:00:00,1329154.14,,
2026-09-11 19:00:00,1313027.57,,
2026-09-11 20:00:00,1327628.96,,
2026-09-11 21:00:00,1329243.84,,
2026-09-11 22:00:00,1318792.67,,
2026-09-11 23:00:00,1322023.96,,
2026-09-12 00:00:00,1334224.01,,
2026-09-12 01:00:00,1337290.59,,
2026-09-12 02:00:00,1349476.99,,
2026-09-12 03:00:00,1380869.05,,
2026-09-12 04:00:00,1391684.45,,
2026-09-12 05:00:00,1382631.07,,
2026-09-12 06:00:00,1369393.79,,
2026-09-12 07:00:00,1370339.86,,
2026-09-12 08:00:00,1375169.25,,
2026-09-12 09:00:00,1365478.69,,
2026-09-12 10:00:00,1378597.53,,
2026-09-12 11:00:00,1351548.63,,
2026-09-12 12:00:00,1345439.42,,
2026-09-12 13:00:00,1332785.39,,
2026-09-12 14:00:00,1332266.64,,
2026-09-12 15:00:00,1336152.33,,
2026-09-12 16:00:00,1339113.17,,
2026-09-12 17:00:00,1336064.31,,
2026-09-12 18:00:00,1330845.85,,
2026-09-12 19:00:00,1325363.66,,
2026-09-12 20:00:00,1317980.09,,
2026-09-12 21:00:00,1313300.10,,
2026-09-12 22:00:00,1301277.51,,
2026-09-12 23:00:00,1297683.63,,
2026-09-13 00:00:00,1311002.02,,
2026-09-13 01:00:00,1316220.23,,
2026-09-13 02:00:00,1327065.62,,
2026-09-13 03:00:00,1312486.54,,
2026-09-13 04:00:00,1330538.72,,
2026-09-13 05:00:00,1353179.55,,
2026-09-13 06:00:00,1342390.85,,
2026-09-13 07:00:00,1334624.18,,
2026-09-13 08:00:00,1326973.56,,
