time,oi_A,oi_6,oi_3
2026-05-17 12:00:00,856756.18,,649645.42
2026-05-17 13:00:00,852212.80,,651147.01
2026-05-17 14:00:00,852985.09,,650778.22
2026-05-17 15:00:00,851697.98,,654159.54
2026-05-17 16:00:00,851756.41,,654717.07
2026-05-17 17:00:00,1051200.81,,805309.70
2026-05-17 18:00:00,994392.88,,758411.05
2026-05-17 19:00:00,996190.58,,734464.14
2026-05-17 20:00:00,988923.53,,724699.55
2026-05-17 21:00:00,980223.30,,717163.59
2026-05-17 22:00:00,979055.02,,715237.55
2026-05-17 23:00:00,937520.98,,687154.36
2026-05-18 00:00:00,849090.88,,623476.07
2026-05-18 01:00:00,851329.56,,627834.96
2026-05-18 02:00:00,848096.88,,619308.59
2026-05-18 03:00:00,843678.19,,611550.53
2026-05-18 04:00:00,836493.62,,602870.80
2026-05-18 05:00:00,842176.98,,604159.59
2026-05-18 06:00:00,836931.36,,596933.50
2026-05-18 07:00:00,835932.67,,594065.11
2026-05-18 08:00:00,830360.18,,590641.64
2026-05-18 09:00:00,832108.32,,592940.99
2026-05-18 10:00:00,823923.84,,588444.00
2026-05-18 11:00:00,816013.03,,584270.98
2026-05-18 12:00:00,827115.40,,587124.95
2026-05-18 13:00:00,826967.26,,574628.89
2026-05-18 14:00:00,820363.73,,572166.17
2026-05-18 15:00:00,813568.51,,563438.23
2026-05-18 16:00:00,828295.05,,585999.48
2026-05-18 17:00:00,835979.90,,585497.48
2026-05-18 18:00:00,836451.28,,584875.57
2026-05-18 19:00:00,828137.71,,579559.89
2026-05-18 20:00:00,841609.17,,586265.37
2026-05-18 21:00:00,843741.72,,586828.10
2026-05-18 22:00:00,851133.14,,591814.77
2026-05-18 23:00:00,847945.71,,589377.73
2026-05-19 00:00:00,851637.31,,590973.86
2026-05-19 01:00:00,843566.22,,587749.48
2026-05-19 02:00:00,823614.88,,578470.44
2026-05-19 03:00:00,818977.23,,574224.16
2026-05-19 04:00:00,819125.02,,575246.86
2026-05-19 05:00:00,819914.40,,577319.31
2026-05-19 06:00:00,815994.18,,575884.61
2026-05-19 07:00:00,814164.19,,573785.05
2026-05-19 08:00:00,815071.05,,578074.73
2026-05-19 09:00:00,810869.16,,574661.17
2026-05-19 10:00:00,808565.59,,570686.70
2026-05-19 11:00:00,808636.45,,570064.09
2026-05-19 12:00:00,804309.46,,570572.25
2026-05-19 13:00:00,806070.06,,574410.68
2026-05-19 14:00:00,807173.76,,577593.17
2026-05-19 15:00:00,800335.13,,569021.11
2026-05-19 16:00:00,786706.03,,569559.72
2026-05-19 17:00:00,789751.22,,572663.39
2026-05-19 18:00:00,786381.26,,573174.83
2026-05-19 19:00:00,789438.38,,587664.12
2026-05-19 20:00:00,769176.89,,562404.32
2026-05-19 21:00:00,773669.24,,566251.97
2026-05-19 22:00:00,775084.68,,564431.35
2026-05-19 23:00:00,765857.29,,549581.50
2026-05-20 00:00:00,769574.53,,552369.06
2026-05-20 01:00:00,767143.97,,547938.74
2026-05-20 02:00:00,776345.62,,552650.55
2026-05-20 03:00:00,770431.69,,547708.82
2026-05-20 04:00:00,772318.04,,548244.69
2026-05-20 05:00:00,775249.12,,548839.11
2026-05-20 06:00:00,802243.01,,557468.70
2026-05-20 07:00:00,800144.89,,558328.47
2026-05-20 08:00:00,795338.31,,555727.11
2026-05-20 09:00:00,796560.50,,557881.59
2026-05-20 10:00:00,798536.82,,558933.97
2026-05-20 11:00:00,793952.53,,559742.55
2026-05-20 12:00:00,791212.99,,558452.75
2026-05-20 13:00:00,796866.32,,559158.81
2026-05-20 14:00:00,795511.81,,558144.33
2026-05-20 15:00:00,801185.02,,558747.21
2026-05-20 16:00:00,802800.05,,561504.41
2026-05-20 17:00:00,818470.28,,587573.24
2026-05-20 18:00:00,811909.33,,580627.91
2026-05-20 19:00:00,809572.74,,572158.30
2026-05-20 20:00:00,815804.56,,575856.87
2026-05-20 21:00:00,815668.28,,574665.24
2026-05-20 22:00:00,812505.67,,572650.52
2026-05-20 23:00:00,811283.16,,571652.33
2026-05-21 00:00:00,804715.44,,570587.26
2026-05-21 01:00:00,806736.45,,570080.51
2026-05-21 02:00:00,808571.23,,576160.77
2026-05-21 03:00:00,808017.22,,575173.38
2026-05-21 04:00:00,809533.77,,577966.36
2026-05-21 05:00:00,808916.69,,571715.30
2026-05-21 06:00:00,800892.66,,565840.73
2026-05-21 07:00:00,800873.50,,567164.27
2026-05-21 08:00:00,807076.30,,571302.57
2026-05-21 09:00:00,814127.66,,574838.02
2026-05-21 10:00:00,807848.46,,570830.92
2026-05-21 11:00:00,801123.17,,565458.08
2026-05-21 12:00:00,807395.65,,567758.74
2026-05-21 13:00:00,810574.38,,571869.09
2026-05-21 14:00:00,811574.49,,571737.34
2026-05-21 15:00:00,811380.56,,569023.86
2026-05-21 16:00:00,829253.21,,578567.99
2026-05-21 17:00:00,821024.18,,572919.95
2026-05-21 18:00:00,830628.50,,573024.77
2026-05-21 19:00:00,826682.01,,569870.09
2026-05-21 20:00:00,836553.47,,576414.16
2026-05-21 21:00:00,827741.65,,572812.07
2026-05-21 22:00:00,825619.89,,571843.82
2026-05-21 23:00:00,824038.40,,571164.98
2026-05-22 00:00:00,824232.54,,572943.57
2026-05-22 01:00:00,816636.07,,567904.17
2026-05-22 02:00:00,827095.86,,571644.35
2026-05-22 03:00:00,827779.48,,575786.85
2026-05-22 04:00:00,831168.89,,574906.63
2026-05-22 05:00:00,826485.54,,572668.15
2026-05-22 06:00:00,825776.70,,570340.48
2026-05-22 07:00:00,826654.66,,570741.81
2026-05-22 08:00:00,838056.48,,575911.02
2026-05-22 09:00:00,845710.99,,580498.81
2026-05-22 10:00:00,855376.05,,582709.75
2026-05-22 11:00:00,855419.01,,576600.92
2026-05-22 12:00:00,861251.09,,578638.05
2026-05-22 13:00:00,867615.96,,578594.31
2026-05-22 14:00:00,862332.48,,578994.35
2026-05-22 15:00:00,845400.35,,570713.49
2026-05-22 16:00:00,843074.48,,571975.90
2026-05-22 17:00:00,834549.69,,569778.09
2026-05-22 18:00:00,831888.21,,567150.46
2026-05-22 19:00:00,818968.78,,560268.10
2026-05-22 20:00:00,789694.05,,554737.75
2026-05-22 21:00:00,802781.18,,560935.09
2026-05-22 22:00:00,798638.90,,560298.15
2026-05-22 23:00:00,790182.24,,556898.13
2026-05-23 00:00:00,793437.13,,547362.47
2026-05-23 01:00:00,787765.01,,548647.13
2026-05-23 02:00:00,790870.29,,553837.04
2026-05-23 03:00:00,801521.58,,555882.79
2026-05-23 04:00:00,803613.64,,555962.09
2026-05-23 05:00:00,802391.42,,553173.88
2026-05-23 06:00:00,804220.64,,553989.19
2026-05-23 07:00:00,798034.46,,548575.28
2026-05-23 08:00:00,774272.35,,527248.61
2026-05-23 09:00:00,779456.82,,531876.46
2026-05-23 10:00:00,779319.10,,531133.81
2026-05-23 11:00:00,783707.11,,535479.61
2026-05-23 12:00:00,774016.70,,532034.72
2026-05-23 13:00:00,777706.69,,534128.23
2026-05-23 14:00:00,783030.45,,538294.25
2026-05-23 15:00:00,792650.88,,541426.54
2026-05-23 16:00:00,795501.25,,542632.87
2026-05-23 17:00:00,798452.09,,542850.06
2026-05-23 18:00:00,801443.55,,545473.79
2026-05-23 19:00:00,800189.68,,543129.35
2026-05-23 20:00:00,798703.06,,543377.96
2026-05-23 21:00:00,816294.72,,558067.53
2026-05-23 22:00:00,809708.18,,552564.08
2026-05-23 23:00:00,808260.10,,552206.71
2026-05-24 00:00:00,797725.55,,548005.15
2026-05-24 01:00:00,793897.51,,548801.85
2026-05-24 02:00:00,793351.52,,549061.40
2026-05-24 03:00:00,786419.98,,544644.44
2026-05-24 04:00:00,781722.41,,542546.78
2026-05-24 05:00:00,782881.73,,544843.67
2026-05-24 06:00:00,778201.20,,538336.38
2026-05-24 07:00:00,788990.71,,542211.22
2026-05-24 08:00:00,778457.27,,536572.87
2026-05-24 09:00:00,775493.01,,537432.14
2026-05-24 10:00:00,783029.91,,539377.15
2026-05-24 11:00:00,778971.73,,538069.76
2026-05-24 12:00:00,777991.06,,537430.23
2026-05-24 13:00:00,770216.31,,533544.73
2026-05-24 14:00:00,762244.21,,526584.70
2026-05-24 15:00:00,761729.86,,525321.73
2026-05-24 16:00:00,770966.88,,535623.17
2026-05-24 17:00:00,765927.49,,530426.22
2026-05-24 18:00:00,768463.49,,534258.52
2026-05-24 19:00:00,763495.34,,530970.37
2026-05-24 20:00:00,762160.92,,530623.74
2026-05-24 21:00:00,757812.07,,531541.58
2026-05-24 22:00:00,749406.73,,531736.24
2026-05-24 23:00:00,754973.83,,531530.04
2026-05-25 00:00:00,757541.48,,534269.40
2026-05-25 01:00:00,760651.35,,536301.00
2026-05-25 02:00:00,757199.12,,536168.95
2026-05-25 03:00:00,757449.83,,537091.18
2026-05-25 04:00:00,757803.87,,537709.78
2026-05-25 05:00:00,762339.48,,540282.79
2026-05-25 06:00:00,771968.40,,538677.38
2026-05-25 07:00:00,774581.20,,535707.22
2026-05-25 08:00:00,776738.75,,536248.20
2026-05-25 09:00:00,781677.64,,539352.13
2026-05-25 10:00:00,775488.72,,537938.22
2026-05-25 11:00:00,782326.28,,539880.33
2026-05-25 12:00:00,774727.66,,535369.46
2026-05-25 13:00:00,774249.85,,537229.54
2026-05-25 14:00:00,776883.47,,541258.45
2026-05-25 15:00:00,781029.68,,550979.53
2026-05-25 16:00:00,786714.54,,551633.63
2026-05-25 17:00:00,900227.68,,706155.00
2026-05-25 18:00:00,898959.44,,691569.89
2026-05-25 19:00:00,903885.36,,685499.48
2026-05-25 20:00:00,892725.47,,665097.05
2026-05-25 21:00:00,873545.34,,638765.82
2026-05-25 22:00:00,869923.73,,633171.71
2026-05-25 23:00:00,853577.29,,608516.55
2026-05-26 00:00:00,850307.28,,609139.41
2026-05-26 01:00:00,826895.18,,583073.79
2026-05-26 02:00:00,821391.71,,579699.98
2026-05-26 03:00:00,815517.89,,575489.63
2026-05-26 04:00:00,813812.46,,569687.15
2026-05-26 05:00:00,820584.70,,573013.65
2026-05-26 06:00:00,822794.19,,569340.73
2026-05-26 07:00:00,828502.96,,572287.33
2026-05-26 08:00:00,825092.62,,560834.83
2026-05-26 09:00:00,826089.83,,562107.60
2026-05-26 10:00:00,823608.66,,563274.31
2026-05-26 11:00:00,839216.02,,575993.24
2026-05-26 12:00:00,827690.32,,567128.95
2026-05-26 13:00:00,823952.80,,568270.59
2026-05-26 14:00:00,826956.60,,565502.58
2026-05-26 15:00:00,810435.04,,558762.30
2026-05-26 16:00:00,804226.39,,557730.56
2026-05-26 17:00:00,793896.94,,552027.82
2026-05-26 18:00:00,778090.66,,547970.84
2026-05-26 19:00:00,782949.14,,549696.03
2026-05-26 20:00:00,780312.01,,555137.02
2026-05-26 21:00:00,773270.40,,548035.88
2026-05-26 22:00:00,771240.01,,543717.03
2026-05-26 23:00:00,769646.72,,541803.89
2026-05-27 00:00:00,768497.38,,541251.52
2026-05-27 01:00:00,777879.05,,550496.65
2026-05-27 02:00:00,776159.76,,547903.70
2026-05-27 03:00:00,765856.84,,545255.71
2026-05-27 04:00:00,765727.07,,542792.33
2026-05-27 05:00:00,757690.02,,539331.42
2026-05-27 06:00:00,756237.56,,538920.28
2026-05-27 07:00:00,756042.26,,545087.14
2026-05-27 08:00:00,757265.67,,544484.08
2026-05-27 09:00:00,752413.57,,541789.22
2026-05-27 10:00:00,750052.88,,541328.58
2026-05-27 11:00:00,777040.83,,586186.01
2026-05-27 12:00:00,769074.03,,577196.98
2026-05-27 13:00:00,771013.15,,572965.80
2026-05-27 14:00:00,760439.65,,570489.61
2026-05-27 15:00:00,774600.56,,571276.08
2026-05-27 16:00:00,772051.67,,571776.64
2026-05-27 17:00:00,813810.83,,643451.47
2026-05-27 18:00:00,774655.28,,601466.62
2026-05-27 19:00:00,782453.43,,603681.26
2026-05-27 20:00:00,774098.33,,599168.98
2026-05-27 21:00:00,783856.07,,603593.64
2026-05-27 22:00:00,768564.07,,588704.62
2026-05-27 23:00:00,771845.15,,586638.77
2026-05-28 00:00:00,785283.00,,587654.75
2026-05-28 01:00:00,779236.54,,590949.53
2026-05-28 02:00:00,781881.07,,574468.51
2026-05-28 03:00:00,783727.66,,570698.60
2026-05-28 04:00:00,740074.20,,548413.12
2026-05-28 05:00:00,731501.52,,547689.32
2026-05-28 06:00:00,727634.60,,543166.52
2026-05-28 07:00:00,738634.98,,544073.45
2026-05-28 08:00:00,745525.26,,546012.98
2026-05-28 09:00:00,740777.43,,543804.76
2026-05-28 10:00:00,743480.59,,544284.72
2026-05-28 11:00:00,739020.57,,539984.45
2026-05-28 12:00:00,729969.61,,535138.54
2026-05-28 13:00:00,725873.22,,541139.38
2026-05-28 14:00:00,725441.67,,539322.93
2026-05-28 15:00:00,730048.20,,545096.91
2026-05-28 16:00:00,735637.79,,551413.17
2026-05-28 17:00:00,733411.77,,552066.30
2026-05-28 18:00:00,736620.33,,553964.84
2026-05-28 19:00:00,741939.60,,559700.90
2026-05-28 20:00:00,736270.40,,555005.89
2026-05-28 21:00:00,741533.38,,560940.92
2026-05-28 22:00:00,743577.26,,561674.93
2026-05-28 23:00:00,738017.76,,558154.09
2026-05-29 00:00:00,738929.01,,554613.55
2026-05-29 01:00:00,746602.73,,560870.47
2026-05-29 02:00:00,742721.38,,558637.15
2026-05-29 03:00:00,735551.22,,552858.26
2026-05-29 04:00:00,737550.09,,555253.74
2026-05-29 05:00:00,742759.73,,558965.07
2026-05-29 06:00:00,737784.01,,557572.88
2026-05-29 07:00:00,743338.74,,564504.00
2026-05-29 08:00:00,742931.73,,565974.89
2026-05-29 09:00:00,740289.69,,561889.21
2026-05-29 10:00:00,737095.84,,565421.36
2026-05-29 11:00:00,728770.42,,561938.89
2026-05-29 12:00:00,728872.80,,561520.82
2026-05-29 13:00:00,725813.27,,558242.21
2026-05-29 14:00:00,727824.06,,565565.99
2026-05-29 15:00:00,725303.24,,563142.41
2026-05-29 16:00:00,743056.48,,572086.80
2026-05-29 17:00:00,841184.60,,671561.36
2026-05-29 18:00:00,825966.27,,653908.98
2026-05-29 19:00:00,812991.20,,642820.52
2026-05-29 20:00:00,805811.75,,629659.60
2026-05-29 21:00:00,815544.18,,632350.39
2026-05-29 22:00:00,812661.94,,629758.18
2026-05-29 23:00:00,816310.49,,632649.09
2026-05-30 00:00:00,815500.66,,625563.52
2026-05-30 01:00:00,823227.17,,631160.44
2026-05-30 02:00:00,822237.88,,631452.88
2026-05-30 03:00:00,816927.90,,634971.56
2026-05-30 04:00:00,811208.19,,633261.62
2026-05-30 05:00:00,821405.01,,643950.56
2026-05-30 06:00:00,831891.27,,650362.30
2026-05-30 07:00:00,832838.58,,648856.46
2026-05-30 08:00:00,844743.06,,653362.11
2026-05-30 09:00:00,850358.12,,661928.78
2026-05-30 10:00:00,911222.29,,715370.29
2026-05-30 11:00:00,856493.50,,653112.96
2026-05-30 12:00:00,860439.22,,660368.69
2026-05-30 13:00:00,874569.49,,664193.76
2026-05-30 14:00:00,879073.66,,669840.00
2026-05-30 15:00:00,872628.56,,659911.64
2026-05-30 16:00:00,873582.75,,667122.55
2026-05-30 17:00:00,897205.71,,677784.68
2026-05-30 18:00:00,879646.10,,664707.93
2026-05-30 19:00:00,880510.82,,662974.88
2026-05-30 20:00:00,875864.04,,659883.56
2026-05-30 21:00:00,873439.07,,656564.08
2026-05-30 22:00:00,867047.26,,654308.70
2026-05-30 23:00:00,856298.61,,643915.07
2026-05-31 00:00:00,853822.75,,637831.75
2026-05-31 01:00:00,862885.95,,637981.64
2026-05-31 02:00:00,857723.88,,636033.10
2026-05-31 03:00:00,854749.03,,635436.98
2026-05-31 04:00:00,853064.99,,636536.57
2026-05-31 05:00:00,850101.21,,629689.54
2026-05-31 06:00:00,848413.36,,625995.52
2026-05-31 07:00:00,848792.38,,627248.60
2026-05-31 08:00:00,845353.25,,618953.16
2026-05-31 09:00:00,851802.06,,623308.95
2026-05-31 10:00:00,850465.97,,621252.17
2026-05-31 11:00:00,853349.46,,623277.60
2026-05-31 12:00:00,852653.89,,625195.87
2026-05-31 13:00:00,847859.71,,622858.59
2026-05-31 14:00:00,837449.42,,618551.89
2026-05-31 15:00:00,848010.83,,615989.31
2026-05-31 16:00:00,882349.20,,647668.12
2026-05-31 17:00:00,856394.21,,611725.93
2026-05-31 18:00:00,860718.57,,613701.79
2026-05-31 19:00:00,856917.85,,610646.55
2026-05-31 20:00:00,852882.66,,606328.58
2026-05-31 21:00:00,855747.44,,608201.12
2026-05-31 22:00:00,860953.26,,611561.19
2026-05-31 23:00:00,860355.69,,610229.28
2026-06-01 00:00:00,859004.74,,610930.70
2026-06-01 01:00:00,868250.16,,610374.79
2026-06-01 02:00:00,854364.86,,620541.79
2026-06-01 03:00:00,863966.25,,622530.19
2026-06-01 04:00:00,862721.68,,618687.26
2026-06-01 05:00:00,860427.71,,613235.97
2026-06-01 06:00:00,854586.82,,609367.73
2026-06-01 07:00:00,846810.63,,603678.24
2026-06-01 08:00:00,844762.20,,597649.52
2026-06-01 09:00:00,851096.97,,601921.92
2026-06-01 10:00:00,870134.27,,608893.42
2026-06-01 11:00:00,868659.77,,607808.70
2026-06-01 12:00:00,876733.01,,604053.81
2026-06-01 13:00:00,890522.67,,620155.55
2026-06-01 14:00:00,880302.67,,621660.19
2026-06-01 15:00:00,871524.24,,627101.59
2026-06-01 16:00:00,873094.90,,625991.89
2026-06-01 17:00:00,869475.81,,636027.51
2026-06-01 18:00:00,882756.40,,632474.21
2026-06-01 19:00:00,873261.99,,624769.45
2026-06-01 20:00:00,876651.83,,626983.15
2026-06-01 21:00:00,876865.65,,627311.37
2026-06-01 22:00:00,872124.05,,622873.25
2026-06-01 23:00:00,876389.83,,626678.18
2026-06-02 00:00:00,877751.94,,625858.87
2026-06-02 01:00:00,880060.73,,632977.61
2026-06-02 02:00:00,876877.88,,630429.37
2026-06-02 03:00:00,883262.19,,632757.06
2026-06-02 04:00:00,883015.58,,633245.42
2026-06-02 05:00:00,875467.65,,632276.05
2026-06-02 06:00:00,869682.11,,621962.26
2026-06-02 07:00:00,869876.64,,622722.87
2026-06-02 08:00:00,870162.22,,624023.92
2026-06-02 09:00:00,866175.11,,622395.95
2026-06-02 10:00:00,857963.49,,619488.61
2026-06-02 11:00:00,862274.72,,626037.98
2026-06-02 12:00:00,859737.21,,623613.45
2026-06-02 13:00:00,852467.88,,621676.98
2026-06-02 14:00:00,852651.21,,619663.00
2026-06-02 15:00:00,817055.01,,602287.48
2026-06-02 16:00:00,799823.53,,603906.85
2026-06-02 17:00:00,793956.06,,594694.29
2026-06-02 18:00:00,804294.84,,600660.39
2026-06-02 19:00:00,794243.85,,593605.08
2026-06-02 20:00:00,790022.48,,593168.04
2026-06-02 21:00:00,793876.37,,595125.35
2026-06-02 22:00:00,791539.92,,594142.37
2026-06-02 23:00:00,769171.24,,577509.52
2026-06-03 00:00:00,770384.16,,583717.62
2026-06-03 01:00:00,780953.98,,590366.29
2026-06-03 02:00:00,778908.54,,593266.98
2026-06-03 03:00:00,781940.05,,593814.62
2026-06-03 04:00:00,766185.09,,581510.62
2026-06-03 05:00:00,780897.86,,591272.37
2026-06-03 06:00:00,800109.91,,603317.93
2026-06-03 07:00:00,802050.95,,604582.73
2026-06-03 08:00:00,808733.82,,605067.72
2026-06-03 09:00:00,826588.19,,612812.35
2026-06-03 10:00:00,841057.92,,627743.46
2026-06-03 11:00:00,866507.33,,640349.40
2026-06-03 12:00:00,866480.27,,642768.25
2026-06-03 13:00:00,880368.71,,646909.43
2026-06-03 14:00:00,873549.33,,642704.51
2026-06-03 15:00:00,873563.93,,641402.56
2026-06-03 16:00:00,867207.06,,631309.54
2026-06-03 17:00:00,887734.52,,640095.19
2026-06-03 18:00:00,917429.91,,676945.56
2026-06-03 19:00:00,940249.11,,688621.61
2026-06-03 20:00:00,926244.75,,678366.50
2026-06-03 21:00:00,901238.38,,630653.39
2026-06-03 22:00:00,923160.14,,648719.45
2026-06-03 23:00:00,903630.00,,634419.62
2026-06-04 00:00:00,896692.29,,622974.68
2026-06-04 01:00:00,881678.95,,612254.68
2026-06-04 02:00:00,840567.01,,585060.59
2026-06-04 03:00:00,811203.38,,570161.81
2026-06-04 04:00:00,824414.79,,575802.12
2026-06-04 05:00:00,817359.44,,570700.31
2026-06-04 06:00:00,803721.53,,564919.18
2026-06-04 07:00:00,803967.30,,568226.64
2026-06-04 08:00:00,775436.81,,556162.33
2026-06-04 09:00:00,770163.85,,552224.78
2026-06-04 10:00:00,753772.60,,545134.50
2026-06-04 11:00:00,735650.11,,537382.95
2026-06-04 12:00:00,736444.84,,546038.21
2026-06-04 13:00:00,744442.72,,554706.38
2026-06-04 14:00:00,753046.28,,557193.54
2026-06-04 15:00:00,766974.01,,558413.67
2026-06-04 16:00:00,780470.60,,576719.40
2026-06-04 17:00:00,749638.19,,554337.76
2026-06-04 18:00:00,751632.07,,558336.55
2026-06-04 19:00:00,751027.97,,558973.19
2026-06-04 20:00:00,749993.03,,559392.54
2026-06-04 21:00:00,751105.05,,565266.65
2026-06-04 22:00:00,741620.63,,557402.50
2026-06-04 23:00:00,749247.97,,556979.88
2026-06-05 00:00:00,754431.06,,558126.43
2026-06-05 01:00:00,750396.67,,562419.16
2026-06-05 02:00:00,754742.02,,564777.34
2026-06-05 03:00:00,747110.57,,549508.29
2026-06-05 04:00:00,754659.36,,553893.45
2026-06-05 05:00:00,775773.05,,561119.66
2026-06-05 06:00:00,756377.97,,546401.88
2026-06-05 07:00:00,748417.77,,530714.83
2026-06-05 08:00:00,756814.87,,525635.40
2026-06-05 09:00:00,744790.01,,514810.70
2026-06-05 10:00:00,754077.58,,511671.42
2026-06-05 11:00:00,762412.78,,509209.57
2026-06-05 12:00:00,754741.81,,505373.31
2026-06-05 13:00:00,757285.86,,504247.91
2026-06-05 14:00:00,733611.41,,487206.21
2026-06-05 15:00:00,738975.40,,504589.11
2026-06-05 16:00:00,727044.01,,494790.64
2026-06-05 17:00:00,732920.84,,500385.63
2026-06-05 18:00:00,724797.87,,493478.57
2026-06-05 19:00:00,701874.01,,471518.84
2026-06-05 20:00:00,715670.16,,482450.12
2026-06-05 21:00:00,729294.86,,491458.76
2026-06-05 22:00:00,731139.68,,493323.24
2026-06-05 23:00:00,729755.47,,489471.65
2026-06-06 00:00:00,717312.12,,486752.56
2026-06-06 01:00:00,730945.34,,493502.93
2026-06-06 02:00:00,725735.11,,491782.60
2026-06-06 03:00:00,717928.00,,486101.24
2026-06-06 04:00:00,718160.96,,483607.72
2026-06-06 05:00:00,705326.61,,454289.97
2026-06-06 06:00:00,728593.83,,471542.72
2026-06-06 07:00:00,726554.70,,469777.95
2026-06-06 08:00:00,733730.54,,477682.09
2026-06-06 09:00:00,745560.99,,482741.52
2026-06-06 10:00:00,740264.21,,481310.31
2026-06-06 11:00:00,735033.76,,475959.10
2026-06-06 12:00:00,744121.19,,481648.20
2026-06-06 13:00:00,750740.78,,486384.27
2026-06-06 14:00:00,748601.85,,486319.04
2026-06-06 15:00:00,747765.93,,484745.24
2026-06-06 16:00:00,745459.74,,486935.50
2026-06-06 17:00:00,738597.93,,482145.43
2026-06-06 18:00:00,732607.29,,475744.59
2026-06-06 19:00:00,736988.08,,479198.00
2026-06-06 20:00:00,735030.05,,473830.23
2026-06-06 21:00:00,744824.97,,477844.02
2026-06-06 22:00:00,741916.22,,477050.88
2026-06-06 23:00:00,734929.34,,474263.27
2026-06-07 00:00:00,739070.66,,478828.59
2026-06-07 01:00:00,739358.11,,480586.22
2026-06-07 02:00:00,753314.75,,488563.37
2026-06-07 03:00:00,758857.40,,490136.11
2026-06-07 04:00:00,751686.61,,484916.02
2026-06-07 05:00:00,749664.04,,486045.42
2026-06-07 06:00:00,748344.15,,485545.29
2026-06-07 07:00:00,758022.70,,487061.85
2026-06-07 08:00:00,760213.19,,488443.68
2026-06-07 09:00:00,768335.65,,494660.40
2026-06-07 10:00:00,759544.72,,491484.47
2026-06-07 11:00:00,750057.13,,487130.47
2026-06-07 12:00:00,751263.30,,488981.80
2026-06-07 13:00:00,751166.81,,483355.57
2026-06-07 14:00:00,758359.80,,483321.50
2026-06-07 15:00:00,768351.82,,489110.97
2026-06-07 16:00:00,778174.28,,496033.92
2026-06-07 17:00:00,775240.10,,490728.91
2026-06-07 18:00:00,771890.67,,488087.72
2026-06-07 19:00:00,766171.47,,483471.56
2026-06-07 20:00:00,733231.87,,472561.71
2026-06-07 21:00:00,744646.14,,481260.65
2026-06-07 22:00:00,741526.19,,477743.06
2026-06-07 23:00:00,756993.74,,490225.01
2026-06-08 00:00:00,761081.29,,494784.41
2026-06-08 01:00:00,768211.48,,498765.67
2026-06-08 02:00:00,764282.65,,495224.83
2026-06-08 03:00:00,761702.73,,493366.96
2026-06-08 04:00:00,761917.00,,494249.93
2026-06-08 05:00:00,750899.94,,484689.89
2026-06-08 06:00:00,751680.68,,488379.79
2026-06-08 07:00:00,759625.32,,491903.11
2026-06-08 08:00:00,760442.40,,494183.18
2026-06-08 09:00:00,758597.30,,493540.62
2026-06-08 10:00:00,764835.71,,497034.72
2026-06-08 11:00:00,769907.49,,503211.19
2026-06-08 12:00:00,766998.01,,507109.14
2026-06-08 13:00:00,767792.38,,509846.58
2026-06-08 14:00:00,762140.11,,506960.66
2026-06-08 15:00:00,765532.68,,508713.77
2026-06-08 16:00:00,770330.21,,517192.37
2026-06-08 17:00:00,757076.06,,519258.80
2026-06-08 18:00:00,771367.19,,523234.23
2026-06-08 19:00:00,758878.51,,516337.61
2026-06-08 20:00:00,754855.74,,511356.23
2026-06-08 21:00:00,750650.51,,503795.50
2026-06-08 22:00:00,751217.90,,500047.17
2026-06-08 23:00:00,738429.51,,482116.01
2026-06-09 00:00:00,735884.84,,478277.76
2026-06-09 01:00:00,724953.63,,468920.00
2026-06-09 02:00:00,751265.10,,478580.47
2026-06-09 03:00:00,741186.44,,474346.94
2026-06-09 04:00:00,747281.81,,480426.49
2026-06-09 05:00:00,752239.57,,482600.26
2026-06-09 06:00:00,750854.83,,483649.20
2026-06-09 07:00:00,745563.93,,482482.83
2026-06-09 08:00:00,748698.32,,480709.57
2026-06-09 09:00:00,741319.72,,476595.04
2026-06-09 10:00:00,735332.70,,472409.74
2026-06-09 11:00:00,738597.38,,475307.06
2026-06-09 12:00:00,738782.44,,475233.27
2026-06-09 13:00:00,738061.08,,476300.22
2026-06-09 14:00:00,737075.09,,476395.51
2026-06-09 15:00:00,709181.76,,472328.56
2026-06-09 16:00:00,708404.72,,475617.33
2026-06-09 17:00:00,699777.71,,474044.62
2026-06-09 18:00:00,708515.49,,474878.97
2026-06-09 19:00:00,709789.24,,475343.21
2026-06-09 20:00:00,712443.80,,476431.74
2026-06-09 21:00:00,714125.24,,475231.35
2026-06-09 22:00:00,709922.43,,471387.50
2026-06-09 23:00:00,707795.01,,467811.17
2026-06-10 00:00:00,710775.74,,470190.87
2026-06-10 01:00:00,711220.12,,470311.38
2026-06-10 02:00:00,707130.88,,468007.57
2026-06-10 03:00:00,697957.10,,463396.03
2026-06-10 04:00:00,695776.81,,463769.74
2026-06-10 05:00:00,697237.16,,462757.24
2026-06-10 06:00:00,700283.74,,462175.05
2026-06-10 07:00:00,704119.48,,465553.71
2026-06-10 08:00:00,703887.66,,465657.32
2026-06-10 09:00:00,700143.77,,461504.98
2026-06-10 10:00:00,700163.38,,462836.34
2026-06-10 11:00:00,699133.42,,462454.69
2026-06-10 12:00:00,693873.09,,460285.95
2026-06-10 13:00:00,707687.17,,469470.23
2026-06-10 14:00:00,717061.92,,472762.32
2026-06-10 15:00:00,715686.32,,473564.40
2026-06-10 16:00:00,726981.95,,486746.20
2026-06-10 17:00:00,715660.81,,487704.50
2026-06-10 18:00:00,709078.06,,483619.02
2026-06-10 19:00:00,712253.23,,485284.87
2026-06-10 20:00:00,703282.86,,478949.66
2026-06-10 21:00:00,700640.27,,473137.30
2026-06-10 22:00:00,687344.71,,463601.45
2026-06-10 23:00:00,687468.41,,467247.45
2026-06-11 00:00:00,695533.10,,470135.59
2026-06-11 01:00:00,701442.62,,474662.59
2026-06-11 02:00:00,706251.48,,477908.87
2026-06-11 03:00:00,703180.12,,476694.80
2026-06-11 04:00:00,712615.44,,481775.87
2026-06-11 05:00:00,720960.00,,487950.94
2026-06-11 06:00:00,711983.42,,479079.58
2026-06-11 07:00:00,716644.41,,481026.87
2026-06-11 08:00:00,714605.77,,480022.02
2026-06-11 09:00:00,717399.18,,481087.86
2026-06-11 10:00:00,715287.31,,479565.92
2026-06-11 11:00:00,717225.23,,481128.26
2026-06-11 12:00:00,721857.85,,481355.70
2026-06-11 13:00:00,719358.16,,475221.89
2026-06-11 14:00:00,726034.64,,477442.27
2026-06-11 15:00:00,733099.28,,485658.29
2026-06-11 16:00:00,747946.15,,491565.22
2026-06-11 17:00:00,729217.95,,480106.10
2026-06-11 18:00:00,749947.55,,494430.33
2026-06-11 19:00:00,741483.12,,493257.22
2026-06-11 20:00:00,743698.69,,500630.64
2026-06-11 21:00:00,744343.87,,500341.94
2026-06-11 22:00:00,744193.89,,502902.33
2026-06-11 23:00:00,720487.22,,493944.23
2026-06-12 00:00:00,720768.61,,492680.92
2026-06-12 01:00:00,722166.24,,490800.05
2026-06-12 02:00:00,718316.69,,488711.90
2026-06-12 03:00:00,722067.19,,487819.24
2026-06-12 04:00:00,716639.30,,486320.81
2026-06-12 05:00:00,718228.14,,485559.13
2026-06-12 06:00:00,713821.26,,481447.91
2026-06-12 07:00:00,712826.69,,479351.66
2026-06-12 08:00:00,720036.13,,485237.09
2026-06-12 09:00:00,729368.08,,492208.99
2026-06-12 10:00:00,733157.48,,494979.62
2026-06-12 11:00:00,729559.35,,495868.23
2026-06-12 12:00:00,728849.60,,495926.91
2026-06-12 13:00:00,736768.81,,501476.00
2026-06-12 14:00:00,729930.49,,496564.39
2026-06-12 15:00:00,744914.67,,512652.19
2026-06-12 16:00:00,737847.94,,506775.52
2026-06-12 17:00:00,749033.93,,506547.17
2026-06-12 18:00:00,747498.22,,504819.48
2026-06-12 19:00:00,746966.06,,504470.60
2026-06-12 20:00:00,744092.35,,503404.09
2026-06-12 21:00:00,734680.24,,499350.95
2026-06-12 22:00:00,729017.80,,497101.97
2026-06-12 23:00:00,728134.68,,498489.69
2026-06-13 00:00:00,728723.57,,499364.32
2026-06-13 01:00:00,727316.17,,500152.37
2026-06-13 02:00:00,730569.66,,504205.72
2026-06-13 03:00:00,727342.38,,498703.76
2026-06-13 04:00:00,722151.28,,497431.47
2026-06-13 05:00:00,728741.55,,498474.85
2026-06-13 06:00:00,724457.30,,499986.98
2026-06-13 07:00:00,731984.81,,506604.76
2026-06-13 08:00:00,733260.94,,503410.27
2026-06-13 09:00:00,731441.46,,508351.00
2026-06-13 10:00:00,730378.88,,508347.47
2026-06-13 11:00:00,723862.29,,503004.26
2026-06-13 12:00:00,728156.67,,506860.58
2026-06-13 13:00:00,733008.87,,508868.84
2026-06-13 14:00:00,754312.38,,528012.53
2026-06-13 15:00:00,764895.44,,536008.08
2026-06-13 16:00:00,779854.89,,549578.30
2026-06-13 17:00:00,754360.09,,528117.69
2026-06-13 18:00:00,752861.22,,530842.61
2026-06-13 19:00:00,750775.20,,527392.31
2026-06-13 20:00:00,749913.23,,526187.51
2026-06-13 21:00:00,749206.52,,523969.11
2026-06-13 22:00:00,755400.42,,528775.56
2026-06-13 23:00:00,745393.96,,522955.31
2026-06-14 00:00:00,743962.27,,522271.87
2026-06-14 01:00:00,761949.20,,519329.33
2026-06-14 02:00:00,740801.42,,516211.67
2026-06-14 03:00:00,759065.65,,518167.99
2026-06-14 04:00:00,754886.85,,515694.84
2026-06-14 05:00:00,766420.24,,510965.51
2026-06-14 06:00:00,767065.22,,509712.45
2026-06-14 07:00:00,764560.07,,510092.41
2026-06-14 08:00:00,770440.27,,508629.25
2026-06-14 09:00:00,768687.41,,514596.68
2026-06-14 10:00:00,771857.26,,517833.33
2026-06-14 11:00:00,763876.77,,511328.04
2026-06-14 12:00:00,799341.85,,516980.33
2026-06-14 13:00:00,779942.91,,510253.97
2026-06-14 14:00:00,784625.60,,511895.73
2026-06-14 15:00:00,809220.87,,510289.16
2026-06-14 16:00:00,818884.94,,519344.94
2026-06-14 17:00:00,816438.53,,512946.27
2026-06-14 18:00:00,799950.59,,508310.96
2026-06-14 19:00:00,799607.30,,508477.15
2026-06-14 20:00:00,799570.99,,508701.50
2026-06-14 21:00:00,794318.89,,521652.71
2026-06-14 22:00:00,804214.88,,532483.90
2026-06-14 23:00:00,793480.36,,528545.52
2026-06-15 00:00:00,804908.15,,535091.12
2026-06-15 01:00:00,797776.63,,530377.52
2026-06-15 02:00:00,802281.92,,534096.31
2026-06-15 03:00:00,790295.59,,529070.74
2026-06-15 04:00:00,796911.08,,532429.82
2026-06-15 05:00:00,795316.97,,532947.11
2026-06-15 06:00:00,790826.30,,532514.60
2026-06-15 07:00:00,788240.18,,534397.55
2026-06-15 08:00:00,776581.10,,534392.91
2026-06-15 09:00:00,784024.12,,538663.46
2026-06-15 10:00:00,779392.84,,534117.12
2026-06-15 11:00:00,778926.99,,537996.08
2026-06-15 12:00:00,781828.69,,542964.28
2026-06-15 13:00:00,790153.43,,553077.85
2026-06-15 14:00:00,789689.50,,551170.30
2026-06-15 15:00:00,788518.96,,560210.32
2026-06-15 16:00:00,802261.96,,576630.77
2026-06-15 17:00:00,824079.04,,572854.10
2026-06-15 18:00:00,801476.52,,568996.76
2026-06-15 19:00:00,780982.50,,549932.79
2026-06-15 20:00:00,772368.66,,542949.46
2026-06-15 21:00:00,777607.65,,546740.72
2026-06-15 22:00:00,770698.08,,542871.82
2026-06-15 23:00:00,765187.67,,544257.75
2026-06-16 00:00:00,765830.36,,546918.09
2026-06-16 01:00:00,760275.31,,541033.40
2026-06-16 02:00:00,761072.74,,541940.56
2026-06-16 03:00:00,750534.87,,538206.93
2026-06-16 04:00:00,762284.22,,547471.23
2026-06-16 05:00:00,755796.77,,544018.07
2026-06-16 06:00:00,759283.98,,544555.79
2026-06-16 07:00:00,764033.20,,547688.46
2026-06-16 08:00:00,758841.34,,543932.82
2026-06-16 09:00:00,770865.52,,553560.22
2026-06-16 10:00:00,759409.59,,547403.69
2026-06-16 11:00:00,759296.53,,545423.23
2026-06-16 12:00:00,750979.15,,545953.88
2026-06-16 13:00:00,756690.11,,551315.25
2026-06-16 14:00:00,746373.90,,542037.90
2026-06-16 15:00:00,734863.09,,529932.77
2026-06-16 16:00:00,734995.68,,531869.87
2026-06-16 17:00:00,732714.92,,527824.15
2026-06-16 18:00:00,739746.01,,533600.56
2026-06-16 19:00:00,749791.23,,536295.57
2026-06-16 20:00:00,740964.41,,532098.17
2026-06-16 21:00:00,752765.55,,538604.46
2026-06-16 22:00:00,744408.54,,535277.00
2026-06-16 23:00:00,743235.51,,533036.28
2026-06-17 00:00:00,741399.98,,532640.06
2026-06-17 01:00:00,742457.70,,533688.79
2026-06-17 02:00:00,752356.85,,538894.80
2026-06-17 03:00:00,751299.96,,535892.05
2026-06-17 04:00:00,746026.96,,534965.46
2026-06-17 05:00:00,743409.86,,537288.99
2026-06-17 06:00:00,741577.76,,535659.82
2026-06-17 07:00:00,744448.21,,536817.93
2026-06-17 08:00:00,742790.01,,536201.45
2026-06-17 09:00:00,729580.96,,528480.97
2026-06-17 10:00:00,742011.66,,532899.09
2026-06-17 11:00:00,740008.14,,531040.44
2026-06-17 12:00:00,731372.40,,526514.94
2026-06-17 13:00:00,742439.38,,532276.72
2026-06-17 14:00:00,739795.86,,531731.73
2026-06-17 15:00:00,737695.90,,531402.76
2026-06-17 16:00:00,753921.47,,546577.45
2026-06-17 17:00:00,752557.84,,561941.61
2026-06-17 18:00:00,754207.73,,563369.57
2026-06-17 19:00:00,749184.96,,560189.06
2026-06-17 20:00:00,729668.72,,540535.81
2026-06-17 21:00:00,737093.90,,543561.40
2026-06-17 22:00:00,731308.70,,539228.35
2026-06-17 23:00:00,727709.16,,538630.55
2026-06-18 00:00:00,733594.32,,542397.06
2026-06-18 01:00:00,727723.90,,539285.06
2026-06-18 02:00:00,727681.38,,537972.94
2026-06-18 03:00:00,727756.23,,539057.01
2026-06-18 04:00:00,716986.83,,531248.52
2026-06-18 05:00:00,710935.58,,524053.76
2026-06-18 06:00:00,710967.12,,525080.13
2026-06-18 07:00:00,720863.30,,525333.80
2026-06-18 08:00:00,722664.39,,526662.59
2026-06-18 09:00:00,719567.01,,527699.31
2026-06-18 10:00:00,722047.86,,533909.26
2026-06-18 11:00:00,713842.50,,535273.50
2026-06-18 12:00:00,709513.70,,528127.69
2026-06-18 13:00:00,715689.06,,531730.38
2026-06-18 14:00:00,707898.37,,525977.15
2026-06-18 15:00:00,709098.73,,529300.88
2026-06-18 16:00:00,673661.00,,498695.98
2026-06-18 17:00:00,686432.89,,508899.26
2026-06-18 18:00:00,686872.88,,507568.72
2026-06-18 19:00:00,685000.55,,503143.38
2026-06-18 20:00:00,689208.45,,506755.44
2026-06-18 21:00:00,691340.84,,510054.55
2026-06-18 22:00:00,687111.53,,507461.65
2026-06-18 23:00:00,688646.77,,507851.73
2026-06-19 00:00:00,689814.63,,508295.59
2026-06-19 01:00:00,693860.57,,513972.94
2026-06-19 02:00:00,694911.85,,518094.09
2026-06-19 03:00:00,690875.49,,515153.78
2026-06-19 04:00:00,683913.48,,528720.05
2026-06-19 05:00:00,678237.98,,523350.68
2026-06-19 06:00:00,685285.81,,528186.84
2026-06-19 07:00:00,682263.31,,524543.56
2026-06-19 08:00:00,679781.30,,521592.85
2026-06-19 09:00:00,683112.60,,524262.66
2026-06-19 10:00:00,681347.40,,522404.15
2026-06-19 11:00:00,686757.46,,524639.32
2026-06-19 12:00:00,686393.85,,520307.38
2026-06-19 13:00:00,689266.14,,521272.00
2026-06-19 14:00:00,698717.18,,528059.31
2026-06-19 15:00:00,694705.43,,524028.68
2026-06-19 16:00:00,702131.34,,531672.08
2026-06-19 17:00:00,700978.30,,524834.09
2026-06-19 18:00:00,715138.96,,537849.43
2026-06-19 19:00:00,715443.29,,534025.31
2026-06-19 20:00:00,715744.51,,529775.50
2026-06-19 21:00:00,717486.98,,530398.56
2026-06-19 22:00:00,711368.73,,524907.86
2026-06-19 23:00:00,713881.71,,523766.54
2026-06-20 00:00:00,720882.23,,528981.23
2026-06-20 01:00:00,716634.62,,524465.43
2026-06-20 02:00:00,721171.80,,528300.64
2026-06-20 03:00:00,713586.07,,517950.84
2026-06-20 04:00:00,713046.32,,515358.26
2026-06-20 05:00:00,722205.01,,523712.19
2026-06-20 06:00:00,722801.12,,526193.04
2026-06-20 07:00:00,728502.87,,531203.89
2026-06-20 08:00:00,727436.98,,529665.24
2026-06-20 09:00:00,729499.05,,528412.72
2026-06-20 10:00:00,730859.12,,530152.47
2026-06-20 11:00:00,732989.95,,531967.59
2026-06-20 12:00:00,733815.27,,531783.29
2026-06-20 13:00:00,731563.88,,527928.45
2026-06-20 14:00:00,725660.33,,525330.00
2026-06-20 15:00:00,735865.80,,537896.00
2026-06-20 16:00:00,747022.87,,545949.53
2026-06-20 17:00:00,746251.56,,543352.46
2026-06-20 18:00:00,739415.29,,539810.79
2026-06-20 19:00:00,744012.38,,541884.19
2026-06-20 20:00:00,739386.14,,536956.68
2026-06-20 21:00:00,738766.84,,536486.62
2026-06-20 22:00:00,740402.89,,536952.69
2026-06-20 23:00:00,740710.93,,538141.08
2026-06-21 00:00:00,738134.82,,535905.51
2026-06-21 01:00:00,738812.44,,536247.47
2026-06-21 02:00:00,738668.72,,537835.10
2026-06-21 03:00:00,735540.33,,537093.95
2026-06-21 04:00:00,730992.30,,533098.24
2026-06-21 05:00:00,728325.99,,531213.70
2026-06-21 06:00:00,725023.13,,530198.97
2026-06-21 07:00:00,726029.03,,530608.86
2026-06-21 08:00:00,726772.42,,530547.03
2026-06-21 09:00:00,726358.90,,530666.52
2026-06-21 10:00:00,729867.10,,532853.05
2026-06-21 11:00:00,731449.66,,531488.05
2026-06-21 12:00:00,727633.08,,528965.52
2026-06-21 13:00:00,732584.09,,531567.62
2026-06-21 14:00:00,729874.84,,522592.22
2026-06-21 15:00:00,725607.53,,518738.55
2026-06-21 16:00:00,727463.28,,521542.02
2026-06-21 17:00:00,727883.70,,516666.93
2026-06-21 18:00:00,726527.39,,518129.47
2026-06-21 19:00:00,729612.31,,519326.64
2026-06-21 20:00:00,730160.71,,518975.03
2026-06-21 21:00:00,721292.82,,514886.03
2026-06-21 22:00:00,713802.62,,511234.01
2026-06-21 23:00:00,714692.25,,511560.33
2026-06-22 00:00:00,707310.57,,505655.57
2026-06-22 01:00:00,714475.49,,513941.47
2026-06-22 02:00:00,726170.71,,520151.75
2026-06-22 03:00:00,721502.76,,517760.47
2026-06-22 04:00:00,717695.42,,513784.44
2026-06-22 05:00:00,723094.15,,517427.41
2026-06-22 06:00:00,720634.90,,514135.72
2026-06-22 07:00:00,722632.88,,515126.90
2026-06-22 08:00:00,725584.73,,517886.14
2026-06-22 09:00:00,726162.30,,517683.05
2026-06-22 10:00:00,722590.23,,515505.88
2026-06-22 11:00:00,721627.16,,514344.44
2026-06-22 12:00:00,734432.80,,524651.29
2026-06-22 13:00:00,735438.39,,525026.52
2026-06-22 14:00:00,736873.74,,526744.16
2026-06-22 15:00:00,732721.51,,521007.75
2026-06-22 16:00:00,728232.97,,518668.96
2026-06-22 17:00:00,727065.84,,522828.52
2026-06-22 18:00:00,723988.84,,518475.88
2026-06-22 19:00:00,719225.10,,513921.97
2026-06-22 20:00:00,718482.59,,515764.42
2026-06-22 21:00:00,717202.57,,514866.81
2026-06-22 22:00:00,713339.24,,512398.71
2026-06-22 23:00:00,704739.69,,506833.68
2026-06-23 00:00:00,710588.17,,508966.30
2026-06-23 01:00:00,733737.56,,515706.45
2026-06-23 02:00:00,731945.20,,513516.90
2026-06-23 03:00:00,732791.42,,512707.20
2026-06-23 04:00:00,734994.00,,513538.23
2026-06-23 05:00:00,727864.30,,508213.70
2026-06-23 06:00:00,725919.64,,507634.63
2026-06-23 07:00:00,699938.21,,496348.90
2026-06-23 08:00:00,699455.33,,509032.41
2026-06-23 09:00:00,690859.52,,503132.38
2026-06-23 10:00:00,693699.90,,503908.47
2026-06-23 11:00:00,690385.77,,502885.67
2026-06-23 12:00:00,692220.74,,503149.70
2026-06-23 13:00:00,688187.44,,500977.71
2026-06-23 14:00:00,697197.30,,510243.43
2026-06-23 15:00:00,693007.18,,506234.77
2026-06-23 16:00:00,698166.32,,508407.58
2026-06-23 17:00:00,689057.35,,502114.51
2026-06-23 18:00:00,686549.82,,502210.70
2026-06-23 19:00:00,686815.11,,503540.47
2026-06-23 20:00:00,688065.65,,504320.84
2026-06-23 21:00:00,688906.99,,504209.51
2026-06-23 22:00:00,688181.15,,504617.79
2026-06-23 23:00:00,688790.82,,503449.85
2026-06-24 00:00:00,692389.15,,503271.28
2026-06-24 01:00:00,692158.65,,503679.13
2026-06-24 02:00:00,688356.49,,503548.61
2026-06-24 03:00:00,687011.35,,501435.97
2026-06-24 04:00:00,690594.53,,501895.85
2026-06-24 05:00:00,708299.02,,499312.89
2026-06-24 06:00:00,709291.92,,502330.82
2026-06-24 07:00:00,691475.36,,500869.35
2026-06-24 08:00:00,686130.52,,497419.80
2026-06-24 09:00:00,686776.84,,499292.02
2026-06-24 10:00:00,685450.64,,498153.64
2026-06-24 11:00:00,692499.86,,497126.49
2026-06-24 12:00:00,694172.96,,500658.29
2026-06-24 13:00:00,691178.66,,502598.38
2026-06-24 14:00:00,683687.98,,497595.40
2026-06-24 15:00:00,689591.26,,501195.78
2026-06-24 16:00:00,677818.90,,492726.84
2026-06-24 17:00:00,665777.11,,493776.20
2026-06-24 18:00:00,686104.64,,492498.44
2026-06-24 19:00:00,701784.90,,500162.10
2026-06-24 20:00:00,704914.78,,502236.84
2026-06-24 21:00:00,712338.54,,511918.54
2026-06-24 22:00:00,715214.14,,515028.40
2026-06-24 23:00:00,715408.52,,515678.64
2026-06-25 00:00:00,718883.38,,517805.57
2026-06-25 01:00:00,714511.80,,516203.97
2026-06-25 02:00:00,718301.90,,519891.30
2026-06-25 03:00:00,721090.92,,522324.25
2026-06-25 04:00:00,724471.50,,523163.59
2026-06-25 05:00:00,770762.10,,539973.66
2026-06-25 06:00:00,788116.72,,554686.87
2026-06-25 07:00:00,786569.45,,557789.71
2026-06-25 08:00:00,795236.03,,565577.06
2026-06-25 09:00:00,793407.75,,567634.69
2026-06-25 10:00:00,799734.48,,570045.10
2026-06-25 11:00:00,793321.42,,566433.42
2026-06-25 12:00:00,795376.82,,563374.54
2026-06-25 13:00:00,795065.90,,567546.02
2026-06-25 14:00:00,716023.70,,531628.67
2026-06-25 15:00:00,774093.50,,557644.25
2026-06-25 16:00:00,815864.56,,594212.03
2026-06-25 17:00:00,969464.43,,713972.69
2026-06-25 18:00:00,896161.97,,655937.61
2026-06-25 19:00:00,895298.62,,660387.06
2026-06-25 20:00:00,891216.92,,654699.60
2026-06-25 21:00:00,881421.39,,633288.57
2026-06-25 22:00:00,863022.05,,608512.79
2026-06-25 23:00:00,835100.14,,577181.97
2026-06-26 00:00:00,862267.23,,580965.90
2026-06-26 01:00:00,857734.29,,577856.44
2026-06-26 02:00:00,822244.94,,555517.66
2026-06-26 03:00:00,792137.32,,544633.47
2026-06-26 04:00:00,808396.92,,549022.76
2026-06-26 05:00:00,801373.36,,545678.32
2026-06-26 06:00:00,803706.70,,542384.92
2026-06-26 07:00:00,815069.82,,551874.27
2026-06-26 08:00:00,813331.51,,548325.67
2026-06-26 09:00:00,813690.26,,545890.86
2026-06-26 10:00:00,806963.37,,537759.58
2026-06-26 11:00:00,794716.27,,528210.76
2026-06-26 12:00:00,794072.34,,524569.07
2026-06-26 13:00:00,796208.99,,522202.50
2026-06-26 14:00:00,817400.03,,529236.48
2026-06-26 15:00:00,844848.86,,540039.40
2026-06-26 16:00:00,845163.58,,539514.71
2026-06-26 17:00:00,837155.15,,534897.93
2026-06-26 18:00:00,838584.81,,535337.38
2026-06-26 19:00:00,831185.88,,529075.05
2026-06-26 20:00:00,826617.58,,526365.69
2026-06-26 21:00:00,829103.97,,528281.56
2026-06-26 22:00:00,822379.47,,522183.11
2026-06-26 23:00:00,825704.42,,522455.33
2026-06-27 00:00:00,829688.81,,524112.54
2026-06-27 01:00:00,828621.72,,523429.79
2026-06-27 02:00:00,826501.57,,520765.98
2026-06-27 03:00:00,832799.34,,525085.31
2026-06-27 04:00:00,828703.94,,520781.76
2026-06-27 05:00:00,818056.65,,516225.93
2026-06-27 06:00:00,819242.23,,517408.45
2026-06-27 07:00:00,823333.83,,516891.29
2026-06-27 08:00:00,829012.37,,522102.88
2026-06-27 09:00:00,822009.55,,516950.97
2026-06-27 10:00:00,826839.92,,519342.18
2026-06-27 11:00:00,829590.82,,519159.25
2026-06-27 12:00:00,834980.67,,523879.23
2026-06-27 13:00:00,827650.41,,520973.62
2026-06-27 14:00:00,828942.85,,520237.26
2026-06-27 15:00:00,833334.21,,523046.12
2026-06-27 16:00:00,837215.65,,524942.87
2026-06-27 17:00:00,832845.98,,519716.00
2026-06-27 18:00:00,827247.40,,514217.72
2026-06-27 19:00:00,832323.12,,518255.24
2026-06-27 20:00:00,819964.93,,513866.83
2026-06-27 21:00:00,822166.20,,515135.74
2026-06-27 22:00:00,821181.24,,514126.72
2026-06-27 23:00:00,813842.92,,510626.57
2026-06-28 00:00:00,818046.93,,513003.01
2026-06-28 01:00:00,810529.44,,508923.92
2026-06-28 02:00:00,817286.77,,513178.03
2026-06-28 03:00:00,811268.61,,508941.40
2026-06-28 04:00:00,813476.28,,508635.85
2026-06-28 05:00:00,806947.02,,507859.50
2026-06-28 06:00:00,813653.05,,514282.82
2026-06-28 07:00:00,815467.58,,518384.59
2026-06-28 08:00:00,809206.25,,513276.46
2026-06-28 09:00:00,809994.01,,514489.62
2026-06-28 10:00:00,807507.31,,512131.52
2026-06-28 11:00:00,811053.26,,510946.39
2026-06-28 12:00:00,814140.57,,512047.68
2026-06-28 13:00:00,820142.96,,513116.56
2026-06-28 14:00:00,810466.40,,506751.78
2026-06-28 15:00:00,814624.10,,509191.85
2026-06-28 16:00:00,814983.78,,509062.34
2026-06-28 17:00:00,809247.86,,503152.64
2026-06-28 18:00:00,812101.10,,513681.75
2026-06-28 19:00:00,813355.99,,512838.58
2026-06-28 20:00:00,806489.15,,509417.61
2026-06-28 21:00:00,805899.83,,508173.88
2026-06-28 22:00:00,793798.01,,504183.75
2026-06-28 23:00:00,786745.44,,504556.93
2026-06-29 00:00:00,797933.72,,511080.08
2026-06-29 01:00:00,796070.76,,510147.15
2026-06-29 02:00:00,790787.66,,507329.73
2026-06-29 03:00:00,795174.06,,515973.36
2026-06-29 04:00:00,795678.30,,516594.11
2026-06-29 05:00:00,794558.97,,514587.45
2026-06-29 06:00:00,796974.20,,517051.51
2026-06-29 07:00:00,797412.20,,515202.52
2026-06-29 08:00:00,797866.65,,514336.32
2026-06-29 09:00:00,794379.89,,511071.76
2026-06-29 10:00:00,797825.02,,512968.98
2026-06-29 11:00:00,801203.07,,514621.70
2026-06-29 12:00:00,800093.36,,515262.08
2026-06-29 13:00:00,799733.04,,518445.29
2026-06-29 14:00:00,799126.26,,516521.40
2026-06-29 15:00:00,798596.80,,518356.10
2026-06-29 16:00:00,808763.27,,521938.32
2026-06-29 17:00:00,804185.56,,519692.36
2026-06-29 18:00:00,809147.23,,523072.01
2026-06-29 19:00:00,805291.08,,521459.39
2026-06-29 20:00:00,807086.91,,521951.25
2026-06-29 21:00:00,807452.34,,520253.45
2026-06-29 22:00:00,805015.10,,520515.94
2026-06-29 23:00:00,803197.98,,520704.74
2026-06-30 00:00:00,804748.09,,520720.05
2026-06-30 01:00:00,798034.62,,517637.96
2026-06-30 02:00:00,796797.19,,514609.45
2026-06-30 03:00:00,798496.16,,513559.23
2026-06-30 04:00:00,800061.28,,513397.32
2026-06-30 05:00:00,801659.80,,513107.44
2026-06-30 06:00:00,800796.96,,512212.58
2026-06-30 07:00:00,802604.37,,514302.84
2026-06-30 08:00:00,804883.78,,516670.93
2026-06-30 09:00:00,803505.05,,515486.64
2026-06-30 10:00:00,803456.05,,514592.46
2026-06-30 11:00:00,806793.79,,517643.39
2026-06-30 12:00:00,800147.74,,510304.26
2026-06-30 13:00:00,795913.76,,506399.58
2026-06-30 14:00:00,800286.23,,505162.78
2026-06-30 15:00:00,806596.45,,503992.89
2026-06-30 16:00:00,799137.34,,502584.86
2026-06-30 17:00:00,799748.82,,507894.51
2026-06-30 18:00:00,799286.23,,507250.02
2026-06-30 19:00:00,800146.63,,507204.34
2026-06-30 20:00:00,931720.27,,507001.21
2026-06-30 21:00:00,928022.25,,509564.51
2026-06-30 22:00:00,925452.17,,509502.60
2026-06-30 23:00:00,926300.09,,511328.28
2026-07-01 00:00:00,925109.68,,512489.75
2026-07-01 01:00:00,918491.23,,508895.00
2026-07-01 02:00:00,903449.60,,500133.83
2026-07-01 03:00:00,909479.87,,503422.41
2026-07-01 04:00:00,917143.87,,504606.91
2026-07-01 05:00:00,921848.58,,507138.13
2026-07-01 06:00:00,936517.19,,510750.10
2026-07-01 07:00:00,931766.57,,505919.81
2026-07-01 08:00:00,939839.59,,507732.73
2026-07-01 09:00:00,942923.01,,509623.50
2026-07-01 10:00:00,945426.03,,510478.96
2026-07-01 11:00:00,946345.36,,508525.98
2026-07-01 12:00:00,944546.17,,508009.13
2026-07-01 13:00:00,940515.04,,506004.79
2026-07-01 14:00:00,945401.32,,510427.71
2026-07-01 15:00:00,949029.56,,511538.18
2026-07-01 16:00:00,962429.85,,522143.25
2026-07-01 17:00:00,957670.27,,515713.69
2026-07-01 18:00:00,955257.54,,514405.58
2026-07-01 19:00:00,949203.80,,510718.10
2026-07-01 20:00:00,951928.82,,512260.27
2026-07-01 21:00:00,956851.40,,516278.63
2026-07-01 22:00:00,968462.61,,521377.09
2026-07-01 23:00:00,970788.85,,524682.97
2026-07-02 00:00:00,984998.41,,529985.31
2026-07-02 01:00:00,998851.81,,535854.73
2026-07-02 02:00:00,1010754.20,,541944.01
2026-07-02 03:00:00,1007055.09,,540254.56
2026-07-02 04:00:00,1013299.88,,545904.29
2026-07-02 05:00:00,1036929.22,,555665.23
2026-07-02 06:00:00,1087219.94,,580297.46
2026-07-02 07:00:00,1137841.13,,611974.99
2026-07-02 08:00:00,1123631.78,,603424.77
2026-07-02 09:00:00,1151836.55,,612029.47
2026-07-02 10:00:00,1196150.86,,634503.57
2026-07-02 11:00:00,1222011.81,,654136.49
2026-07-02 12:00:00,1211737.44,,664358.51
2026-07-02 13:00:00,1218788.55,,667956.61
2026-07-02 14:00:00,1233082.21,,678316.58
2026-07-02 15:00:00,1234374.21,,685718.84
2026-07-02 16:00:00,1378482.86,,806923.90
2026-07-02 17:00:00,1409062.15,,791391.87
2026-07-02 18:00:00,1323255.14,,729215.07
2026-07-02 19:00:00,1315109.62,,717252.75
2026-07-02 20:00:00,1314247.09,,706909.68
2026-07-02 21:00:00,1269337.81,,699026.75
2026-07-02 22:00:00,1222140.20,,671534.13
2026-07-02 23:00:00,1228779.97,,669213.51
2026-07-03 00:00:00,1220330.14,,660510.89
2026-07-03 01:00:00,1221105.09,,649897.37
2026-07-03 02:00:00,1225711.19,,649880.05
2026-07-03 03:00:00,1212355.16,,636560.18
2026-07-03 04:00:00,1204868.23,,632654.45
2026-07-03 05:00:00,1188485.91,,630925.08
2026-07-03 06:00:00,1205312.97,,639283.36
2026-07-03 07:00:00,1202393.84,,633969.91
2026-07-03 08:00:00,1208108.97,,630037.78
2026-07-03 09:00:00,1197050.94,,622713.90
2026-07-03 10:00:00,1218539.93,,628393.96
2026-07-03 11:00:00,1219689.58,,630433.00
2026-07-03 12:00:00,1210554.07,,628007.15
2026-07-03 13:00:00,1209172.26,,629020.44
2026-07-03 14:00:00,1203293.21,,623001.78
2026-07-03 15:00:00,1200060.63,,616972.51
2026-07-03 16:00:00,1197788.01,,616490.26
2026-07-03 17:00:00,1183603.95,,606887.32
2026-07-03 18:00:00,1185088.93,,607696.68
2026-07-03 19:00:00,1186604.67,,608847.82
2026-07-03 20:00:00,1202535.89,,617216.52
2026-07-03 21:00:00,1212791.73,,622094.16
2026-07-03 22:00:00,1206997.64,,620901.81
2026-07-03 23:00:00,1208473.37,,620638.44
2026-07-04 00:00:00,1217612.82,,625612.41
2026-07-04 01:00:00,1208094.09,,628140.92
2026-07-04 02:00:00,1195455.59,,625137.43
2026-07-04 03:00:00,1186323.93,,619301.56
2026-07-04 04:00:00,1191891.68,,621152.48
2026-07-04 05:00:00,1185154.30,,618748.62
2026-07-04 06:00:00,1166388.67,,609019.90
2026-07-04 07:00:00,1175044.24,,613109.06
2026-07-04 08:00:00,1197516.91,,625484.54
2026-07-04 09:00:00,1262899.62,,678457.46
2026-07-04 10:00:00,1217327.58,,652182.92
2026-07-04 11:00:00,1210284.49,,646539.79
2026-07-04 12:00:00,1225549.22,,658542.31
2026-07-04 13:00:00,1230350.21,,657987.63
2026-07-04 14:00:00,1257045.26,,655938.98
2026-07-04 15:00:00,1327283.70,,734755.89
2026-07-04 16:00:00,1285220.88,,778186.58
2026-07-04 17:00:00,1261578.20,,761111.78
2026-07-04 18:00:00,1250315.12,,750660.02
2026-07-04 19:00:00,1215878.31,,694746.56
2026-07-04 20:00:00,1182863.10,,667485.60
2026-07-04 21:00:00,1194696.33,,674667.61
2026-07-04 22:00:00,1176721.27,,659953.99
2026-07-04 23:00:00,1180611.02,,663858.12
2026-07-05 00:00:00,1169963.30,,658994.17
2026-07-05 01:00:00,1163062.09,,654503.45
2026-07-05 02:00:00,1150505.40,,638355.27
2026-07-05 03:00:00,1136628.77,,632530.47
2026-07-05 04:00:00,1135324.61,,629271.40
2026-07-05 05:00:00,1119030.25,,624453.87
2026-07-05 06:00:00,1103352.26,,616261.94
2026-07-05 07:00:00,1098834.85,,609043.97
2026-07-05 08:00:00,1103142.38,,614160.56
2026-07-05 09:00:00,1087926.68,,615701.15
2026-07-05 10:00:00,1067409.99,,604808.34
2026-07-05 11:00:00,1071895.61,,608774.99
2026-07-05 12:00:00,1080709.72,,615291.01
2026-07-05 13:00:00,1077610.87,,613723.39
2026-07-05 14:00:00,1081901.64,,609684.32
2026-07-05 15:00:00,1090726.83,,616130.71
2026-07-05 16:00:00,1087782.49,,630693.45
2026-07-05 17:00:00,1076020.50,,621939.26
2026-07-05 18:00:00,1075074.94,,620744.83
2026-07-05 19:00:00,1073923.07,,619714.28
2026-07-05 20:00:00,1070701.82,,622640.94
2026-07-05 21:00:00,1088814.27,,615935.52
2026-07-05 22:00:00,1098380.16,,622452.15
2026-07-05 23:00:00,1091146.68,,621078.66
2026-07-06 00:00:00,1090391.07,,621995.53
2026-07-06 01:00:00,1075352.92,,618851.48
2026-07-06 02:00:00,1070276.05,,617123.42
2026-07-06 03:00:00,1063156.64,,616678.00
2026-07-06 04:00:00,1061207.71,,614872.82
2026-07-06 05:00:00,1053409.59,,612142.80
2026-07-06 06:00:00,1048191.76,,609226.97
2026-07-06 07:00:00,1038795.79,,604631.95
2026-07-06 08:00:00,1040063.95,,607463.32
2026-07-06 09:00:00,1036184.48,,605529.57
2026-07-06 10:00:00,1032965.05,,604610.13
2026-07-06 11:00:00,1065998.97,,612916.63
2026-07-06 12:00:00,1055972.14,,605351.43
2026-07-06 13:00:00,1060426.27,,609037.65
2026-07-06 14:00:00,1073267.07,,617199.08
2026-07-06 15:00:00,1068115.67,,614522.44
2026-07-06 16:00:00,1081963.19,,624168.98
2026-07-06 17:00:00,1080061.14,,620958.16
2026-07-06 18:00:00,1076502.68,,623001.21
2026-07-06 19:00:00,1073254.04,,622005.26
2026-07-06 20:00:00,1075194.52,,620797.68
2026-07-06 21:00:00,1071101.77,,618574.62
2026-07-06 22:00:00,1083481.51,,623891.64
2026-07-06 23:00:00,1080137.46,,620124.45
2026-07-07 00:00:00,1073976.25,,616810.98
2026-07-07 01:00:00,1076114.33,,617050.09
2026-07-07 02:00:00,1070166.99,,613013.31
2026-07-07 03:00:00,1069052.93,,613487.33
2026-07-07 04:00:00,1071346.96,,614301.29
2026-07-07 05:00:00,1065594.31,,610843.45
2026-07-07 06:00:00,1067592.97,,614061.58
2026-07-07 07:00:00,1083483.66,,626408.49
2026-07-07 08:00:00,1068713.88,,624762.00
2026-07-07 09:00:00,1069879.87,,619176.45
2026-07-07 10:00:00,1071264.79,,617754.10
2026-07-07 11:00:00,1063120.33,,614701.44
2026-07-07 12:00:00,1061507.97,,611797.50
2026-07-07 13:00:00,1095527.32,,619092.18
2026-07-07 14:00:00,1063725.03,,608285.34
2026-07-07 15:00:00,1061119.24,,611717.61
2026-07-07 16:00:00,1057452.99,,609079.52
2026-07-07 17:00:00,1061915.18,,603245.29
2026-07-07 18:00:00,1051626.60,,591633.18
2026-07-07 19:00:00,1042906.34,,586494.58
2026-07-07 20:00:00,1057950.95,,586749.79
2026-07-07 21:00:00,1058882.99,,585260.83
2026-07-07 22:00:00,1045998.95,,578007.69
2026-07-07 23:00:00,1042788.92,,577951.98
2026-07-08 00:00:00,1047393.56,,579726.58
2026-07-08 01:00:00,1047631.24,,580885.84
2026-07-08 02:00:00,1026885.40,,571619.38
2026-07-08 03:00:00,1032395.18,,576498.96
2026-07-08 04:00:00,1035919.49,,578906.01
2026-07-08 05:00:00,1031853.40,,575950.64
2026-07-08 06:00:00,1023940.79,,571826.89
2026-07-08 07:00:00,1022931.57,,571683.67
2026-07-08 08:00:00,1023342.76,,573470.53
2026-07-08 09:00:00,1009574.03,,564286.90
2026-07-08 10:00:00,1013297.16,,565533.91
2026-07-08 11:00:00,1020437.49,,567041.98
2026-07-08 12:00:00,1030002.51,,577041.60
2026-07-08 13:00:00,1032171.84,,575929.29
2026-07-08 14:00:00,1039223.04,,579766.26
2026-07-08 15:00:00,1052709.79,,588195.01
2026-07-08 16:00:00,1052161.94,,590394.19
2026-07-08 17:00:00,1051218.29,,590421.81
2026-07-08 18:00:00,1041470.73,,582187.00
2026-07-08 19:00:00,1035144.85,,577556.91
2026-07-08 20:00:00,1036434.49,,578338.80
2026-07-08 21:00:00,1029371.04,,574306.85
2026-07-08 22:00:00,1028146.82,,573760.62
2026-07-08 23:00:00,1032783.10,,576596.38
2026-07-09 00:00:00,1035341.58,,578434.13
2026-07-09 01:00:00,1028910.42,,574848.41
2026-07-09 02:00:00,1033399.51,,579998.10
2026-07-09 03:00:00,1032969.65,,581760.62
2026-07-09 04:00:00,1026508.54,,577466.38
2026-07-09 05:00:00,1027640.99,,580360.35
2026-07-09 06:00:00,1019354.64,,574926.51
2026-07-09 07:00:00,1025234.47,,577662.67
2026-07-09 08:00:00,1024880.38,,577819.26
2026-07-09 09:00:00,1033841.67,,582155.36
2026-07-09 10:00:00,1026045.67,,580382.08
2026-07-09 11:00:00,1023095.57,,581779.53
2026-07-09 12:00:00,1023454.66,,581173.50
2026-07-09 13:00:00,1020034.84,,581788.82
2026-07-09 14:00:00,1026460.82,,588445.35
2026-07-09 15:00:00,1029337.75,,592336.91
2026-07-09 16:00:00,1027975.57,,591456.35
2026-07-09 17:00:00,1021034.05,,590700.27
2026-07-09 18:00:00,1024243.97,,592432.92
2026-07-09 19:00:00,1024328.95,,592175.49
2026-07-09 20:00:00,1020191.77,,590119.78
2026-07-09 21:00:00,1019634.42,,590666.73
2026-07-09 22:00:00,1021405.25,,590873.95
2026-07-09 23:00:00,1019231.67,,588443.00
2026-07-10 00:00:00,1017353.40,,587069.02
2026-07-10 01:00:00,1012871.26,,587714.18
2026-07-10 02:00:00,1029529.00,,593485.29
2026-07-10 03:00:00,1024250.89,,591909.21
2026-07-10 04:00:00,1028351.05,,596503.28
2026-07-10 05:00:00,1034663.65,,599549.71
2026-07-10 06:00:00,1031548.83,,601340.21
2026-07-10 07:00:00,1029929.18,,600964.43
2026-07-10 08:00:00,1030986.22,,601711.42
2026-07-10 09:00:00,1028429.57,,602695.20
2026-07-10 10:00:00,1025211.39,,606490.04
2026-07-10 11:00:00,1020714.13,,603227.60
2026-07-10 12:00:00,1020241.61,,603442.77
2026-07-10 13:00:00,1022829.69,,613784.06
2026-07-10 14:00:00,1013969.89,,610509.03
2026-07-10 15:00:00,1012305.59,,608922.74
2026-07-10 16:00:00,1031907.15,,624919.84
2026-07-10 17:00:00,1017476.42,,623617.44
2026-07-10 18:00:00,1020885.78,,628532.50
2026-07-10 19:00:00,1024165.06,,628971.95
2026-07-10 20:00:00,1026318.92,,629754.52
2026-07-10 21:00:00,1023961.30,,627639.53
2026-07-10 22:00:00,1020655.03,,624030.51
2026-07-10 23:00:00,1014617.72,,617342.23
2026-07-11 00:00:00,1014813.88,,617285.44
2026-07-11 01:00:00,1016623.47,,615337.43
2026-07-11 02:00:00,1013198.90,,615528.49
2026-07-11 03:00:00,1016002.12,,615990.21
2026-07-11 04:00:00,1013377.62,,610814.54
2026-07-11 05:00:00,1007305.76,,607610.80
2026-07-11 06:00:00,1005869.37,,604543.95
2026-07-11 07:00:00,1005645.82,,606809.76
2026-07-11 08:00:00,1008843.56,,604828.76
2026-07-11 09:00:00,1009808.38,,603413.91
2026-07-11 10:00:00,1009535.72,,603572.76
2026-07-11 11:00:00,1009683.94,,603177.13
2026-07-11 12:00:00,1020210.86,,608940.85
2026-07-11 13:00:00,1025423.24,,609690.26
2026-07-11 14:00:00,1025695.55,,607719.47
2026-07-11 15:00:00,1043107.15,,610781.78
2026-07-11 16:00:00,1041907.36,,607336.48
2026-07-11 17:00:00,1039478.93,,608775.45
2026-07-11 18:00:00,1037636.13,,608764.14
2026-07-11 19:00:00,1036414.96,,606512.75
2026-07-11 20:00:00,1037374.72,,605711.94
2026-07-11 21:00:00,1048856.97,,608754.58
2026-07-11 22:00:00,1045065.73,,605396.85
2026-07-11 23:00:00,1043109.34,,604558.72
2026-07-12 00:00:00,1027481.30,,589639.48
2026-07-12 01:00:00,1010394.75,,585019.91
2026-07-12 02:00:00,1015632.52,,588751.06
2026-07-12 03:00:00,1018896.46,,589037.71
2026-07-12 04:00:00,1013190.88,,585989.46
2026-07-12 05:00:00,1006681.94,,582313.45
2026-07-12 06:00:00,1006184.85,,583992.12
2026-07-12 07:00:00,994908.21,,579285.05
2026-07-12 08:00:00,999154.53,,580178.19
2026-07-12 09:00:00,994552.64,,578642.70
2026-07-12 10:00:00,992356.00,,579517.94
2026-07-12 11:00:00,988753.84,,577847.60
2026-07-12 12:00:00,989797.83,,577653.18
2026-07-12 13:00:00,989553.22,,574620.93
2026-07-12 14:00:00,985135.67,,568565.67
2026-07-12 15:00:00,989372.14,,572582.05
2026-07-12 16:00:00,986097.99,,568910.33
2026-07-12 17:00:00,978405.52,,565927.15
2026-07-12 18:00:00,974704.97,,562735.51
2026-07-12 19:00:00,975903.53,,562887.89
2026-07-12 20:00:00,976326.28,,562266.96
2026-07-12 21:00:00,974549.46,,560412.29
2026-07-12 22:00:00,966198.79,,558015.14
2026-07-12 23:00:00,966676.68,,556637.17
2026-07-13 00:00:00,966318.21,,556310.99
2026-07-13 01:00:00,965991.73,,555058.49
2026-07-13 02:00:00,963564.08,,553469.41
2026-07-13 03:00:00,969902.55,,554789.01
2026-07-13 04:00:00,955474.39,,547013.60
2026-07-13 05:00:00,954587.69,,546992.94
2026-07-13 06:00:00,961831.82,,549824.41
2026-07-13 07:00:00,952901.81,,548645.92
2026-07-13 08:00:00,955309.72,,549328.81
2026-07-13 09:00:00,956351.60,,550658.10
2026-07-13 10:00:00,956869.66,,551577.88
2026-07-13 11:00:00,954449.99,,550285.81
2026-07-13 12:00:00,952347.13,,547804.81
2026-07-13 13:00:00,952492.86,,548515.93
2026-07-13 14:00:00,948343.29,,545749.18
2026-07-13 15:00:00,952162.00,,550664.31
2026-07-13 16:00:00,945670.60,,546781.33
2026-07-13 17:00:00,942037.14,,544734.13
2026-07-13 18:00:00,933964.17,,537718.05
2026-07-13 19:00:00,934102.77,,539849.91
2026-07-13 20:00:00,936090.36,,541673.73
2026-07-13 21:00:00,931120.87,,538756.90
2026-07-13 22:00:00,925619.01,,535933.93
2026-07-13 23:00:00,923616.84,,537087.29
2026-07-14 00:00:00,924929.78,,534224.86
2026-07-14 01:00:00,926799.54,,533886.43
2026-07-14 02:00:00,926790.14,,537028.05
2026-07-14 03:00:00,932320.80,,539751.35
2026-07-14 04:00:00,933298.24,,538289.06
2026-07-14 05:00:00,932906.65,,536639.95
2026-07-14 06:00:00,940139.70,,539412.23
2026-07-14 07:00:00,937385.23,,545272.74
2026-07-14 08:00:00,933526.95,,544652.83
2026-07-14 09:00:00,932296.09,,545042.71
2026-07-14 10:00:00,932447.47,,547166.46
2026-07-14 11:00:00,932014.42,,545885.18
2026-07-14 12:00:00,931714.74,,545557.74
2026-07-14 13:00:00,944212.29,,554885.36
2026-07-14 14:00:00,944749.40,,552286.93
2026-07-14 15:00:00,950086.76,,556915.01
2026-07-14 16:00:00,960377.16,,564404.58
2026-07-14 17:00:00,957393.48,,565264.55
2026-07-14 18:00:00,954115.41,,561877.55
2026-07-14 19:00:00,950329.26,,560943.26
2026-07-14 20:00:00,949571.24,,558916.13
2026-07-14 21:00:00,947654.48,,557735.84
2026-07-14 22:00:00,945855.62,,557115.14
2026-07-14 23:00:00,966899.87,,553357.48
2026-07-15 00:00:00,955146.05,,550022.00
2026-07-15 01:00:00,956086.72,,551431.22
2026-07-15 02:00:00,954696.26,,548317.28
2026-07-15 03:00:00,948741.54,,545571.35
2026-07-15 04:00:00,957521.69,,551549.99
2026-07-15 05:00:00,956648.27,,549406.60
2026-07-15 06:00:00,960421.63,,551430.96
2026-07-15 07:00:00,962397.83,,550197.99
2026-07-15 08:00:00,962203.53,,548470.46
2026-07-15 09:00:00,975827.56,,554509.51
2026-07-15 10:00:00,978619.60,,556406.06
2026-07-15 11:00:00,1001809.63,,580226.71
2026-07-15 12:00:00,967465.24,,568302.71
2026-07-15 13:00:00,978688.41,,571745.52
2026-07-15 14:00:00,976217.50,,577226.87
2026-07-15 15:00:00,960566.86,,569148.18
2026-07-15 16:00:00,966310.61,,572084.60
2026-07-15 17:00:00,962313.37,,592818.23
2026-07-15 18:00:00,962040.40,,587423.58
2026-07-15 19:00:00,965587.72,,587141.85
2026-07-15 20:00:00,960792.68,,583488.40
2026-07-15 21:00:00,959318.26,,584292.11
2026-07-15 22:00:00,960357.96,,584097.06
2026-07-15 23:00:00,978696.88,,585896.69
2026-07-16 00:00:00,975221.81,,586604.49
2026-07-16 01:00:00,977261.77,,594588.36
2026-07-16 02:00:00,992517.50,,602202.15
2026-07-16 03:00:00,976964.39,,596366.98
2026-07-16 04:00:00,966713.36,,591960.64
2026-07-16 05:00:00,964114.11,,591337.10
2026-07-16 06:00:00,959321.96,,590218.72
2026-07-16 07:00:00,957437.12,,587435.37
2026-07-16 08:00:00,955061.71,,583064.60
2026-07-16 09:00:00,952122.01,,583241.58
2026-07-16 10:00:00,946936.70,,584570.74
2026-07-16 11:00:00,943838.82,,584680.02
2026-07-16 12:00:00,941614.04,,584107.81
2026-07-16 13:00:00,948676.23,,587419.19
2026-07-16 14:00:00,949200.29,,582914.80
2026-07-16 15:00:00,949588.50,,585422.98
2026-07-16 16:00:00,953871.36,,583713.08
2026-07-16 17:00:00,945509.87,,582326.53
2026-07-16 18:00:00,943573.22,,580502.28
2026-07-16 19:00:00,944882.35,,581876.24
2026-07-16 20:00:00,940076.56,,579372.94
2026-07-16 21:00:00,939250.65,,578895.45
2026-07-16 22:00:00,930260.34,,578500.97
2026-07-16 23:00:00,922009.40,,569330.77
2026-07-17 00:00:00,917477.12,,568810.02
2026-07-17 01:00:00,929136.59,,572819.89
2026-07-17 02:00:00,918495.23,,566072.01
2026-07-17 03:00:00,917605.91,,564718.18
2026-07-17 04:00:00,921998.86,,567193.91
2026-07-17 05:00:00,919514.67,,568125.72
2026-07-17 06:00:00,909324.68,,561328.21
2026-07-17 07:00:00,916880.87,,567649.90
2026-07-17 08:00:00,910085.82,,565961.88
2026-07-17 09:00:00,911059.07,,567103.46
2026-07-17 10:00:00,912996.12,,569904.29
2026-07-17 11:00:00,908434.10,,567071.82
2026-07-17 12:00:00,905065.69,,567471.03
2026-07-17 13:00:00,916338.04,,573927.45
2026-07-17 14:00:00,903229.60,,571848.00
2026-07-17 15:00:00,897687.67,,568525.49
2026-07-17 16:00:00,895629.45,,570750.40
2026-07-17 17:00:00,889289.36,,566365.60
2026-07-17 18:00:00,893526.72,,569703.85
2026-07-17 19:00:00,898103.69,,571812.84
2026-07-17 20:00:00,898855.14,,568257.65
2026-07-17 21:00:00,897209.84,,567193.34
2026-07-17 22:00:00,893790.15,,564974.98
2026-07-17 23:00:00,890862.07,,564704.09
2026-07-18 00:00:00,890986.23,,565168.05
2026-07-18 01:00:00,887521.65,,564077.96
2026-07-18 02:00:00,886624.74,,564283.44
2026-07-18 03:00:00,890086.12,,564990.73
2026-07-18 04:00:00,887249.51,,564499.49
2026-07-18 05:00:00,882669.73,,562380.80
2026-07-18 06:00:00,884594.42,,561565.79
2026-07-18 07:00:00,880284.10,,561068.04
2026-07-18 08:00:00,874504.37,,557901.62
2026-07-18 09:00:00,876043.33,,559180.45
2026-07-18 10:00:00,866056.27,,553372.04
2026-07-18 11:00:00,863193.88,,553783.82
2026-07-18 12:00:00,864051.62,,554229.48
2026-07-18 13:00:00,861233.10,,549683.95
2026-07-18 14:00:00,857852.54,,546712.11
2026-07-18 15:00:00,867220.88,,558693.81
2026-07-18 16:00:00,869712.45,,558818.15
2026-07-18 17:00:00,870081.58,,559798.60
2026-07-18 18:00:00,871621.77,,559924.75
2026-07-18 19:00:00,870158.18,,558353.67
2026-07-18 20:00:00,870959.95,,557446.46
2026-07-18 21:00:00,877463.90,,559390.05
2026-07-18 22:00:00,875414.56,,559295.10
2026-07-18 23:00:00,874043.33,,556824.97
2026-07-19 00:00:00,871500.83,,555596.71
2026-07-19 01:00:00,872931.99,,554316.51
2026-07-19 02:00:00,872944.92,,554829.12
2026-07-19 03:00:00,872389.67,,557942.00
2026-07-19 04:00:00,871422.76,,556683.27
2026-07-19 05:00:00,872309.60,,557252.15
2026-07-19 06:00:00,874347.79,,557440.28
2026-07-19 07:00:00,883176.93,,559199.36
2026-07-19 08:00:00,880392.63,,553567.25
2026-07-19 09:00:00,878703.60,,553762.49
2026-07-19 10:00:00,878445.38,,553580.47
2026-07-19 11:00:00,879644.45,,555983.36
2026-07-19 12:00:00,874253.05,,554313.14
2026-07-19 13:00:00,871076.33,,553484.79
2026-07-19 14:00:00,882859.29,,554372.89
2026-07-19 15:00:00,876143.90,,556652.39
2026-07-19 16:00:00,873170.11,,555372.74
2026-07-19 17:00:00,863011.44,,548778.03
2026-07-19 18:00:00,859789.52,,549532.82
2026-07-19 19:00:00,858828.37,,548871.48
2026-07-19 20:00:00,865075.80,,551226.04
2026-07-19 21:00:00,864259.22,,551571.81
2026-07-19 22:00:00,857739.80,,547100.16
2026-07-19 23:00:00,865554.05,,550136.51
2026-07-20 00:00:00,865041.61,,548458.15
2026-07-20 01:00:00,861747.23,,547516.25
2026-07-20 02:00:00,865930.39,,561710.49
2026-07-20 03:00:00,866894.64,,564776.72
2026-07-20 04:00:00,872574.10,,572128.53
2026-07-20 05:00:00,868461.49,,567228.47
2026-07-20 06:00:00,860161.40,,570429.24
2026-07-20 07:00:00,860497.03,,570345.97
2026-07-20 08:00:00,850884.16,,570275.35
2026-07-20 09:00:00,850552.45,,569365.47
2026-07-20 10:00:00,857941.17,,575361.74
2026-07-20 11:00:00,856921.67,,575923.39
2026-07-20 12:00:00,865568.90,,579411.95
2026-07-20 13:00:00,858009.66,,579727.27
2026-07-20 14:00:00,884793.91,,578107.64
2026-07-20 15:00:00,893288.87,,581971.94
2026-07-20 16:00:00,898199.83,,586819.44
2026-07-20 17:00:00,902749.80,,589890.15
2026-07-20 18:00:00,904840.65,,592218.55
2026-07-20 19:00:00,901148.00,,588208.20
2026-07-20 20:00:00,899559.09,,585935.29
2026-07-20 21:00:00,898601.39,,588230.23
2026-07-20 22:00:00,895718.77,,585414.14
2026-07-20 23:00:00,890923.73,,581569.65
2026-07-21 00:00:00,891030.89,,582630.26
2026-07-21 01:00:00,887735.38,,578252.33
2026-07-21 02:00:00,880633.10,,574742.43
2026-07-21 03:00:00,881231.84,,577915.96
2026-07-21 04:00:00,883643.60,,572390.32
2026-07-21 05:00:00,884016.32,,566951.26
2026-07-21 06:00:00,910337.79,,578678.71
2026-07-21 07:00:00,891622.31,,578770.98
2026-07-21 08:00:00,880084.30,,577315.64
2026-07-21 09:00:00,882521.05,,584565.43
2026-07-21 10:00:00,885046.87,,583511.82
2026-07-21 11:00:00,885482.49,,579849.66
2026-07-21 12:00:00,882236.59,,580782.24
2026-07-21 13:00:00,881972.07,,586168.51
2026-07-21 14:00:00,883309.04,,589837.62
2026-07-21 15:00:00,882964.91,,586153.25
2026-07-21 16:00:00,878277.37,,582938.86
2026-07-21 17:00:00,873610.50,,577592.49
2026-07-21 18:00:00,870644.85,,571736.76
2026-07-21 19:00:00,876346.39,,575247.05
2026-07-21 20:00:00,871209.28,,571312.58
2026-07-21 21:00:00,869849.08,,571168.37
2026-07-21 22:00:00,868576.55,,570461.46
2026-07-21 23:00:00,869236.83,,570555.92
2026-07-22 00:00:00,871790.20,,573158.69
2026-07-22 01:00:00,871109.32,,574388.78
2026-07-22 02:00:00,870454.38,,571204.39
2026-07-22 03:00:00,869118.40,,570044.88
2026-07-22 04:00:00,863362.63,,567056.61
2026-07-22 05:00:00,861032.39,,571187.35
2026-07-22 06:00:00,854943.91,,568319.57
2026-07-22 07:00:00,859780.20,,568349.67
2026-07-22 08:00:00,857243.73,,566523.42
2026-07-22 09:00:00,856339.42,,565462.36
2026-07-22 10:00:00,855922.18,,567290.34
2026-07-22 11:00:00,856268.21,,566786.30
2026-07-22 12:00:00,854099.20,,566142.76
2026-07-22 13:00:00,852102.66,,563834.07
2026-07-22 14:00:00,855642.41,,567936.01
2026-07-22 15:00:00,854111.12,,566697.67
2026-07-22 16:00:00,856144.39,,566760.46
2026-07-22 17:00:00,859077.45,,566368.72
2026-07-22 18:00:00,855789.54,,564178.58
2026-07-22 19:00:00,852188.05,,562294.47
2026-07-22 20:00:00,852934.93,,562828.85
2026-07-22 21:00:00,853832.26,,565014.26
2026-07-22 22:00:00,853033.02,,565607.58
2026-07-22 23:00:00,852098.23,,563822.16
2026-07-23 00:00:00,852388.66,,563581.38
2026-07-23 01:00:00,852360.10,,563175.37
2026-07-23 02:00:00,852978.70,,563522.52
2026-07-23 03:00:00,857884.08,,562631.92
2026-07-23 04:00:00,854592.45,,560986.88
2026-07-23 05:00:00,856750.75,,562381.69
2026-07-23 06:00:00,850993.40,,563783.93
2026-07-23 07:00:00,852429.50,,563455.17
2026-07-23 08:00:00,848705.79,,561924.89
2026-07-23 09:00:00,855196.33,,567636.99
2026-07-23 10:00:00,860855.09,,569092.28
2026-07-23 11:00:00,853331.87,,563304.89
2026-07-23 12:00:00,852594.15,,561452.48
2026-07-23 13:00:00,854241.20,,560623.10
2026-07-23 14:00:00,854873.57,,559476.84
2026-07-23 15:00:00,853010.93,,561330.44
2026-07-23 16:00:00,853334.53,,561010.79
2026-07-23 17:00:00,846775.04,,557612.76
2026-07-23 18:00:00,843025.33,,555376.28
2026-07-23 19:00:00,846150.58,,557227.42
2026-07-23 20:00:00,844892.78,,556981.52
2026-07-23 21:00:00,848868.71,,558328.46
2026-07-23 22:00:00,844963.19,,555636.99
2026-07-23 23:00:00,842569.75,,556273.97
2026-07-24 00:00:00,838607.48,,553475.97
2026-07-24 01:00:00,836346.07,,554464.58
2026-07-24 02:00:00,834778.28,,554887.60
2026-07-24 03:00:00,834612.46,,553423.54
2026-07-24 04:00:00,835616.94,,556840.31
2026-07-24 05:00:00,837570.66,,555697.85
2026-07-24 06:00:00,842090.35,,559501.29
2026-07-24 07:00:00,843547.54,,561592.33
2026-07-24 08:00:00,845885.39,,562722.21
2026-07-24 09:00:00,849190.24,,561143.88
2026-07-24 10:00:00,847764.46,,561474.28
2026-07-24 11:00:00,843014.81,,558122.11
2026-07-24 12:00:00,842955.03,,557357.61
2026-07-24 13:00:00,838234.09,,559151.28
2026-07-24 14:00:00,827593.96,,556496.00
2026-07-24 15:00:00,827675.75,,558450.11
2026-07-24 16:00:00,823917.60,,554948.05
2026-07-24 17:00:00,823051.95,,553972.91
2026-07-24 18:00:00,824631.75,,557568.50
2026-07-24 19:00:00,823773.54,,556898.33
2026-07-24 20:00:00,825447.28,,557005.13
2026-07-24 21:00:00,822565.45,,555587.82
2026-07-24 22:00:00,821023.23,,553156.59
2026-07-24 23:00:00,822690.49,,555272.04
2026-07-25 00:00:00,822252.46,,553516.09
2026-07-25 01:00:00,826870.07,,562676.98
2026-07-25 02:00:00,820914.17,,560790.70
2026-07-25 03:00:00,822935.10,,573166.03
2026-07-25 04:00:00,821061.36,,572686.93
2026-07-25 05:00:00,820059.99,,572695.85
2026-07-25 06:00:00,817696.42,,572799.02
2026-07-25 07:00:00,816956.48,,572605.56
2026-07-25 08:00:00,815695.82,,571155.45
2026-07-25 09:00:00,817616.07,,571659.68
2026-07-25 10:00:00,818251.51,,572960.12
2026-07-25 11:00:00,820751.80,,572892.46
2026-07-25 12:00:00,820574.42,,573781.58
2026-07-25 13:00:00,823360.31,,575781.50
2026-07-25 14:00:00,824975.90,,576356.34
2026-07-25 15:00:00,823550.10,,575801.45
2026-07-25 16:00:00,829351.75,,577662.19
2026-07-25 17:00:00,834377.47,,578602.88
2026-07-25 18:00:00,836100.43,,584715.65
2026-07-25 19:00:00,838522.16,,584625.80
2026-07-25 20:00:00,835864.30,,584211.27
2026-07-25 21:00:00,831561.63,,583335.93
2026-07-25 22:00:00,831756.89,,587219.48
2026-07-25 23:00:00,842984.12,,589727.03
2026-07-26 00:00:00,840033.58,,589740.66
2026-07-26 01:00:00,845329.84,,597874.64
2026-07-26 02:00:00,845313.77,,599757.77
2026-07-26 03:00:00,845825.58,,600258.67
2026-07-26 04:00:00,852796.70,,605123.92
2026-07-26 05:00:00,852251.28,,604864.41
2026-07-26 06:00:00,856448.18,,612535.68
2026-07-26 07:00:00,856763.52,,614834.84
2026-07-26 08:00:00,850482.55,,611280.77
2026-07-26 09:00:00,851288.09,,612857.69
2026-07-26 10:00:00,854520.94,,613954.33
2026-07-26 11:00:00,864847.91,,617098.09
2026-07-26 12:00:00,863549.54,,619929.20
2026-07-26 13:00:00,865685.15,,617179.63
2026-07-26 14:00:00,861259.45,,617664.65
2026-07-26 15:00:00,867776.67,,619284.63
2026-07-26 16:00:00,869011.43,,621036.57
2026-07-26 17:00:00,870939.36,,623765.54
2026-07-26 18:00:00,875562.93,,624479.24
2026-07-26 19:00:00,896369.67,,643698.79
2026-07-26 20:00:00,894390.05,,642293.07
2026-07-26 21:00:00,886009.55,,634172.82
2026-07-26 22:00:00,887738.57,,634218.57
2026-07-26 23:00:00,892882.29,,637908.89
2026-07-27 00:00:00,891848.91,,635983.38
2026-07-27 01:00:00,891747.26,,631045.40
2026-07-27 02:00:00,889797.38,,629885.60
2026-07-27 03:00:00,902974.29,,636677.01
2026-07-27 04:00:00,892781.04,,635629.23
2026-07-27 05:00:00,889082.78,,630932.28
2026-07-27 06:00:00,891795.72,,629294.05
2026-07-27 07:00:00,882404.05,,622833.02
2026-07-27 08:00:00,890268.16,,627422.33
2026-07-27 09:00:00,885539.71,,622689.73
2026-07-27 10:00:00,887983.20,,624210.99
2026-07-27 11:00:00,887543.21,,624467.39
2026-07-27 12:00:00,880053.69,,619395.91
2026-07-27 13:00:00,882593.08,,617176.46
2026-07-27 14:00:00,888348.81,,619919.29
2026-07-27 15:00:00,874126.35,,609273.71
2026-07-27 16:00:00,873086.22,,609697.34
2026-07-27 17:00:00,875486.28,,611348.01
2026-07-27 18:00:00,871288.95,,608674.11
2026-07-27 19:00:00,871685.56,,608679.66
2026-07-27 20:00:00,872664.65,,609749.24
2026-07-27 21:00:00,873621.38,,610285.32
2026-07-27 22:00:00,868890.00,,607264.53
2026-07-27 23:00:00,857610.27,,590942.65
2026-07-28 00:00:00,860686.41,,592292.22
2026-07-28 01:00:00,856476.85,,595456.70
2026-07-28 02:00:00,849749.48,,591939.98
2026-07-28 03:00:00,855437.76,,595356.12
2026-07-28 04:00:00,850513.19,,593279.79
2026-07-28 05:00:00,851165.82,,594438.76
2026-07-28 06:00:00,851840.90,,595123.48
2026-07-28 07:00:00,855862.05,,598484.74
2026-07-28 08:00:00,851362.58,,595351.71
2026-07-28 09:00:00,853703.70,,595864.53
2026-07-28 10:00:00,847570.95,,593278.27
2026-07-28 11:00:00,849676.72,,594546.06
2026-07-28 12:00:00,848230.32,,595523.65
2026-07-28 13:00:00,854697.80,,599770.02
2026-07-28 14:00:00,850482.04,,596267.09
2026-07-28 15:00:00,854945.67,,599021.06
2026-07-28 16:00:00,866107.06,,602952.88
2026-07-28 17:00:00,868334.33,,602999.93
2026-07-28 18:00:00,857418.87,,597403.52
2026-07-28 19:00:00,855605.40,,597520.01
2026-07-28 20:00:00,854010.09,,598174.12
2026-07-28 21:00:00,852392.12,,597127.44
2026-07-28 22:00:00,848072.79,,595918.25
2026-07-28 23:00:00,837131.39,,591030.65
2026-07-29 00:00:00,841332.23,,591143.39
2026-07-29 01:00:00,840954.78,,589793.94
2026-07-29 02:00:00,837804.25,,584826.36
2026-07-29 03:00:00,840560.13,,583260.40
2026-07-29 04:00:00,826576.67,,573680.93
2026-07-29 05:00:00,806512.67,,573493.54
2026-07-29 06:00:00,808840.23,,573700.33
2026-07-29 07:00:00,809427.15,,576111.34
2026-07-29 08:00:00,813236.21,,579508.44
2026-07-29 09:00:00,809185.73,,578457.70
2026-07-29 10:00:00,808364.68,,578013.01
2026-07-29 11:00:00,800686.59,,571875.34
2026-07-29 12:00:00,801439.11,,570793.17
2026-07-29 13:00:00,798594.08,,569684.10
2026-07-29 14:00:00,796157.27,,568847.96
2026-07-29 15:00:00,795181.48,,568278.45
2026-07-29 16:00:00,798755.78,,571777.53
2026-07-29 17:00:00,799714.69,,573081.81
2026-07-29 18:00:00,800437.69,,574201.95
2026-07-29 19:00:00,799263.77,,576049.77
2026-07-29 20:00:00,783422.34,,563976.26
2026-07-29 21:00:00,773441.80,,557713.23
2026-07-29 22:00:00,780193.54,,561965.41
2026-07-29 23:00:00,780942.43,,563933.67
2026-07-30 00:00:00,783455.88,,567235.11
2026-07-30 01:00:00,780818.19,,564795.11
2026-07-30 02:00:00,799684.93,,576366.36
2026-07-30 03:00:00,813636.63,,585721.57
2026-07-30 04:00:00,826748.17,,594670.61
2026-07-30 05:00:00,840305.87,,593501.48
2026-07-30 06:00:00,852911.35,,601413.08
2026-07-30 07:00:00,863066.90,,605552.50
2026-07-30 08:00:00,878623.83,,614445.35
2026-07-30 09:00:00,895602.29,,636021.56
2026-07-30 10:00:00,884488.06,,632253.62
2026-07-30 11:00:00,889719.09,,641885.61
2026-07-30 12:00:00,888824.02,,637932.99
2026-07-30 13:00:00,874842.86,,629794.67
2026-07-30 14:00:00,880572.36,,635254.17
2026-07-30 15:00:00,880191.28,,630646.10
2026-07-30 16:00:00,883452.14,,632766.02
2026-07-30 17:00:00,886815.51,,633263.69
2026-07-30 18:00:00,893799.78,,647757.88
2026-07-30 19:00:00,896582.51,,645397.10
2026-07-30 20:00:00,888514.94,,643404.17
2026-07-30 21:00:00,880679.57,,635136.47
2026-07-30 22:00:00,886284.76,,641141.74
2026-07-30 23:00:00,881771.21,,639115.82
2026-07-31 00:00:00,881567.20,,636302.39
2026-07-31 01:00:00,879144.81,,637056.43
2026-07-31 02:00:00,878208.21,,636664.74
2026-07-31 03:00:00,876521.30,,634388.72
2026-07-31 04:00:00,876030.00,,631579.70
2026-07-31 05:00:00,876234.56,,630333.28
2026-07-31 06:00:00,878743.02,,631074.20
2026-07-31 07:00:00,882281.50,,632396.47
2026-07-31 08:00:00,885611.49,,634132.46
2026-07-31 09:00:00,880693.24,,628844.47
2026-07-31 10:00:00,872982.03,,625330.36
2026-07-31 11:00:00,880592.26,,627285.58
2026-07-31 12:00:00,874326.65,,626088.78
2026-07-31 13:00:00,876770.29,,626996.15
2026-07-31 14:00:00,868177.32,,618436.41
2026-07-31 15:00:00,870541.22,,619642.87
2026-07-31 16:00:00,867810.60,,618171.13
2026-07-31 17:00:00,874553.35,,621882.92
2026-07-31 18:00:00,875379.11,,623612.33
2026-07-31 19:00:00,868759.67,,621230.09
2026-07-31 20:00:00,869887.55,,618849.08
2026-07-31 21:00:00,874362.24,,620087.68
2026-07-31 22:00:00,873432.91,,619328.69
2026-07-31 23:00:00,868846.49,,615089.72
2026-08-01 00:00:00,870862.08,,616608.38
2026-08-01 01:00:00,879852.48,,622824.60
2026-08-01 02:00:00,878580.93,,623707.93
2026-08-01 03:00:00,883081.55,,624653.18
2026-08-01 04:00:00,886684.73,,624420.16
2026-08-01 05:00:00,889115.65,,626330.10
2026-08-01 06:00:00,911019.09,,636655.18
2026-08-01 07:00:00,924516.54,,640478.50
2026-08-01 08:00:00,922941.27,,641538.05
2026-08-01 09:00:00,935105.49,,652806.64
2026-08-01 10:00:00,942351.03,,656102.70
2026-08-01 11:00:00,941414.88,,656146.99
2026-08-01 12:00:00,932154.22,,656868.47
2026-08-01 13:00:00,919520.79,,649372.83
2026-08-01 14:00:00,925342.40,,655245.45
2026-08-01 15:00:00,920944.29,,654598.34
2026-08-01 16:00:00,920589.38,,652912.17
2026-08-01 17:00:00,919806.74,,661792.65
2026-08-01 18:00:00,913805.95,,652433.33
2026-08-01 19:00:00,914027.68,,644222.68
2026-08-01 20:00:00,912909.66,,643428.56
2026-08-01 21:00:00,910293.17,,640420.41
2026-08-01 22:00:00,914256.56,,643448.09
2026-08-01 23:00:00,911056.05,,641037.88
2026-08-02 00:00:00,912914.48,,640529.96
2026-08-02 01:00:00,914656.94,,641408.87
2026-08-02 02:00:00,913164.09,,643569.14
2026-08-02 03:00:00,918962.97,,644220.13
2026-08-02 04:00:00,915121.69,,641576.35
2026-08-02 05:00:00,917550.53,,639473.69
2026-08-02 06:00:00,917658.54,,637082.49
2026-08-02 07:00:00,918554.01,,635905.12
2026-08-02 08:00:00,922420.70,,642409.24
2026-08-02 09:00:00,924010.26,,642471.87
2026-08-02 10:00:00,924521.59,,642405.11
2026-08-02 11:00:00,928552.31,,645041.72
2026-08-02 12:00:00,928483.32,,645413.45
2026-08-02 13:00:00,932963.35,,647161.78
2026-08-02 14:00:00,929319.08,,645698.39
2026-08-02 15:00:00,929383.09,,646854.24
2026-08-02 16:00:00,929256.02,,647213.40
2026-08-02 17:00:00,924773.46,,637864.01
2026-08-02 18:00:00,926331.44,,638555.57
2026-08-02 19:00:00,926991.22,,639155.80
2026-08-02 20:00:00,927158.75,,637833.86
2026-08-02 21:00:00,928780.65,,639262.87
2026-08-02 22:00:00,932738.28,,641638.62
2026-08-02 23:00:00,925971.80,,637347.41
2026-08-03 00:00:00,928185.23,,637741.83
2026-08-03 01:00:00,926757.61,,637127.70
2026-08-03 02:00:00,926347.44,,635301.46
2026-08-03 03:00:00,922267.09,,633573.10
2026-08-03 04:00:00,911435.15,,629795.89
2026-08-03 05:00:00,916286.28,,633156.58
2026-08-03 06:00:00,923222.53,,638969.41
2026-08-03 07:00:00,915915.13,,629648.70
2026-08-03 08:00:00,913153.79,,627148.91
2026-08-03 09:00:00,918918.87,,630520.98
2026-08-03 10:00:00,919061.62,,628737.50
2026-08-03 11:00:00,921080.07,,632063.26
2026-08-03 12:00:00,924455.56,,634569.04
2026-08-03 13:00:00,927003.67,,637463.15
2026-08-03 14:00:00,938196.00,,647364.17
2026-08-03 15:00:00,926146.57,,639108.44
2026-08-03 16:00:00,931430.74,,643224.81
2026-08-03 17:00:00,934841.52,,644268.73
2026-08-03 18:00:00,932885.79,,641888.62
2026-08-03 19:00:00,931871.21,,640584.98
2026-08-03 20:00:00,927034.76,,637124.80
2026-08-03 21:00:00,928303.27,,638067.91
2026-08-03 22:00:00,929168.29,,638692.73
2026-08-03 23:00:00,926436.85,,637271.55
2026-08-04 00:00:00,923109.75,,634570.06
2026-08-04 01:00:00,924862.51,,633957.18
2026-08-04 02:00:00,923755.14,,629043.85
2026-08-04 03:00:00,926145.26,,630829.84
2026-08-04 04:00:00,923080.23,,626612.06
2026-08-04 05:00:00,920335.01,,622796.26
2026-08-04 06:00:00,920783.34,,621210.86
2026-08-04 07:00:00,914970.19,,618720.20
2026-08-04 08:00:00,918120.06,,618038.62
2026-08-04 09:00:00,951306.41,,626154.12
2026-08-04 10:00:00,948045.68,,624633.44
2026-08-04 11:00:00,944688.69,,624206.41
2026-08-04 12:00:00,946641.27,,625018.88
2026-08-04 13:00:00,945888.38,,623038.19
2026-08-04 14:00:00,950625.79,,627221.59
2026-08-04 15:00:00,952663.77,,627339.24
2026-08-04 16:00:00,953616.08,,628282.53
2026-08-04 17:00:00,951859.88,,625782.13
2026-08-04 18:00:00,949333.94,,624439.18
2026-08-04 19:00:00,947991.99,,624003.41
2026-08-04 20:00:00,952435.44,,626229.52
2026-08-04 21:00:00,952961.33,,626512.34
2026-08-04 22:00:00,952933.87,,627233.66
2026-08-04 23:00:00,953548.20,,628220.67
2026-08-05 00:00:00,953259.21,,626653.81
2026-08-05 01:00:00,953834.31,,627777.67
2026-08-05 02:00:00,958377.33,,632206.98
2026-08-05 03:00:00,955210.83,,630176.98
2026-08-05 04:00:00,958716.96,,624187.01
2026-08-05 05:00:00,960261.69,,625502.44
2026-08-05 06:00:00,959683.84,,628337.72
2026-08-05 07:00:00,968832.43,,631936.05
2026-08-05 08:00:00,970343.02,,632110.83
2026-08-05 09:00:00,958796.56,,628591.68
2026-08-05 10:00:00,951072.38,,627605.43
2026-08-05 11:00:00,945765.35,,626680.16
2026-08-05 12:00:00,947457.74,,626555.86
2026-08-05 13:00:00,947599.31,,626582.08
2026-08-05 14:00:00,944906.59,,620628.38
2026-08-05 15:00:00,944453.69,,621556.35
2026-08-05 16:00:00,949664.68,,622298.47
2026-08-05 17:00:00,953683.48,,625705.18
2026-08-05 18:00:00,949641.64,,621781.06
2026-08-05 19:00:00,958563.13,,626449.18
2026-08-05 20:00:00,953855.38,,622190.99
2026-08-05 21:00:00,957672.72,,628123.20
2026-08-05 22:00:00,952297.70,,630176.72
2026-08-05 23:00:00,955823.87,,630794.97
2026-08-06 00:00:00,955754.34,,632813.52
2026-08-06 01:00:00,958113.66,,636109.97
2026-08-06 02:00:00,954459.45,,634642.48
2026-08-06 03:00:00,956153.53,,639402.94
2026-08-06 04:00:00,970830.14,,651720.28
2026-08-06 05:00:00,987847.21,,659223.38
2026-08-06 06:00:00,1027937.30,,688457.01
2026-08-06 07:00:00,1025335.78,,695188.42
2026-08-06 08:00:00,1021302.14,,691565.68
2026-08-06 09:00:00,1013907.13,,689351.83
2026-08-06 10:00:00,1043592.03,,710308.16
2026-08-06 11:00:00,1028121.18,,700082.88
2026-08-06 12:00:00,1042617.50,,713392.57
2026-08-06 13:00:00,1035578.25,,712513.78
2026-08-06 14:00:00,1040292.00,,722300.66
2026-08-06 15:00:00,1037491.32,,725973.99
2026-08-06 16:00:00,1028061.74,,720066.56
2026-08-06 17:00:00,1029846.66,,718537.54
2026-08-06 18:00:00,1019798.63,,713443.66
2026-08-06 19:00:00,1019666.12,,713310.74
2026-08-06 20:00:00,1018132.18,,710152.78
2026-08-06 21:00:00,1014422.51,,707809.86
2026-08-06 22:00:00,1018090.78,,710399.59
2026-08-06 23:00:00,1020475.42,,711591.72
2026-08-07 00:00:00,1018628.49,,710727.52
2026-08-07 01:00:00,1025504.78,,710559.92
2026-08-07 02:00:00,1032769.28,,716868.14
2026-08-07 03:00:00,1027329.12,,711672.56
2026-08-07 04:00:00,1024672.28,,713119.47
2026-08-07 05:00:00,1021741.55,,709399.19
2026-08-07 06:00:00,1038763.05,,719254.10
2026-08-07 07:00:00,1048298.66,,725159.87
2026-08-07 08:00:00,1045664.59,,721172.28
2026-08-07 09:00:00,1031532.78,,714192.88
2026-08-07 10:00:00,1020015.15,,709691.05
2026-08-07 11:00:00,1017109.53,,708854.28
2026-08-07 12:00:00,1024496.73,,713395.19
2026-08-07 13:00:00,1021654.22,,713866.73
2026-08-07 14:00:00,1019155.55,,712764.68
2026-08-07 15:00:00,1017078.39,,708425.34
2026-08-07 16:00:00,1024603.62,,712857.11
2026-08-07 17:00:00,1014602.72,,706580.72
2026-08-07 18:00:00,1014844.88,,709171.09
2026-08-07 19:00:00,1016569.78,,709977.08
2026-08-07 20:00:00,1017855.52,,712001.99
2026-08-07 21:00:00,1013324.38,,710272.34
2026-08-07 22:00:00,1017362.27,,710494.08
2026-08-07 23:00:00,1013500.60,,709339.37
2026-08-08 00:00:00,1014915.96,,707859.63
2026-08-08 01:00:00,1022540.23,,713605.04
2026-08-08 02:00:00,1027808.72,,721120.00
2026-08-08 03:00:00,1041945.00,,733507.02
2026-08-08 04:00:00,1034694.92,,726744.32
2026-08-08 05:00:00,1027154.60,,720611.97
2026-08-08 06:00:00,1024075.84,,715526.88
2026-08-08 07:00:00,1032331.62,,714671.19
2026-08-08 08:00:00,1031782.23,,715288.96
2026-08-08 09:00:00,1031652.32,,715668.43
2026-08-08 10:00:00,1036088.78,,713776.47
2026-08-08 11:00:00,1042092.87,,714784.15
2026-08-08 12:00:00,1039950.43,,715078.03
2026-08-08 13:00:00,1043980.48,,716615.73
2026-08-08 14:00:00,1043475.08,,713962.45
2026-08-08 15:00:00,1057872.13,,723800.04
2026-08-08 16:00:00,1059461.83,,726392.73
2026-08-08 17:00:00,1064214.62,,728183.63
2026-08-08 18:00:00,1068009.97,,727216.00
2026-08-08 19:00:00,1059306.61,,723810.95
2026-08-08 20:00:00,1056857.08,,722140.09
2026-08-08 21:00:00,1052390.54,,722328.00
2026-08-08 22:00:00,1055092.96,,723670.42
2026-08-08 23:00:00,1050019.21,,720988.81
2026-08-09 00:00:00,1048556.52,,720766.61
2026-08-09 01:00:00,1040200.39,,718173.40
2026-08-09 02:00:00,1053046.77,,721774.37
2026-08-09 03:00:00,1054584.65,,722238.37
2026-08-09 04:00:00,1060487.18,,727135.45
2026-08-09 05:00:00,1072059.67,,731973.79
2026-08-09 06:00:00,1070904.16,,732759.93
2026-08-09 07:00:00,1069052.55,,734360.86
2026-08-09 08:00:00,1059380.22,,731030.34
2026-08-09 09:00:00,1048173.11,,727369.81
2026-08-09 10:00:00,1079756.55,,740973.33
2026-08-09 11:00:00,1077659.83,,738313.64
2026-08-09 12:00:00,1071808.46,,743434.30
2026-08-09 13:00:00,1070720.26,,743569.58
2026-08-09 14:00:00,1060503.04,,736103.58
2026-08-09 15:00:00,1066587.19,,744774.46
2026-08-09 16:00:00,1069977.79,,748362.30
2026-08-09 17:00:00,1084866.29,,756697.24
2026-08-09 18:00:00,1090633.82,,758801.85
2026-08-09 19:00:00,1085453.12,,751622.13
2026-08-09 20:00:00,1085708.03,,753258.10
2026-08-09 21:00:00,1113311.60,,760108.58
2026-08-09 22:00:00,1090238.60,,753350.21
2026-08-09 23:00:00,1084597.61,,747596.77
2026-08-10 00:00:00,1074683.94,,742317.82
2026-08-10 01:00:00,1085468.33,,750518.23
2026-08-10 02:00:00,1089540.42,,750568.83
2026-08-10 03:00:00,1084553.90,,744988.84
2026-08-10 04:00:00,1084174.56,,742175.36
2026-08-10 05:00:00,1081273.74,,737620.32
2026-08-10 06:00:00,1080650.57,,736276.15
2026-08-10 07:00:00,1062125.73,,730540.24
2026-08-10 08:00:00,1059972.75,,728061.23
2026-08-10 09:00:00,1046178.51,,720443.25
2026-08-10 10:00:00,1042870.63,,721327.08
2026-08-10 11:00:00,1042429.24,,721349.68
2026-08-10 12:00:00,1042123.27,,720122.14
2026-08-10 13:00:00,1037149.12,,714162.13
2026-08-10 14:00:00,1037559.77,,715256.13
2026-08-10 15:00:00,1028131.48,,704826.85
2026-08-10 16:00:00,1022210.44,,704015.55
2026-08-10 17:00:00,1016014.86,,699134.17
2026-08-10 18:00:00,1024010.15,,704210.71
2026-08-10 19:00:00,1025644.29,,705582.95
2026-08-10 20:00:00,1023998.31,,704177.48
2026-08-10 21:00:00,1018239.02,,702788.72
2026-08-10 22:00:00,1014330.43,,700041.18
2026-08-10 23:00:00,1019524.51,,701004.39
2026-08-11 00:00:00,1018236.27,,698535.10
2026-08-11 01:00:00,1020825.70,,701397.58
2026-08-11 02:00:00,1019575.17,,700849.95
2026-08-11 03:00:00,1021020.65,,702966.42
2026-08-11 04:00:00,1027568.04,,706759.38
2026-08-11 05:00:00,1027105.50,,702036.29
2026-08-11 06:00:00,1022205.79,,701173.53
2026-08-11 07:00:00,1014603.90,,697572.37
2026-08-11 08:00:00,1015288.67,,699518.26
2026-08-11 09:00:00,1017682.99,,700746.08
2026-08-11 10:00:00,1015240.19,,699361.04
2026-08-11 11:00:00,1019761.29,,699536.09
2026-08-11 12:00:00,1016053.64,,700245.12
2026-08-11 13:00:00,1015820.73,,698926.64
2026-08-11 14:00:00,1020467.53,,702567.68
2026-08-11 15:00:00,998363.11,,692318.29
2026-08-11 16:00:00,1000386.85,,691012.93
2026-08-11 17:00:00,1003590.95,,698662.10
2026-08-11 18:00:00,992646.32,,693145.90
2026-08-11 19:00:00,991638.70,,692517.43
2026-08-11 20:00:00,993877.64,,692900.46
2026-08-11 21:00:00,993725.49,,694124.92
2026-08-11 22:00:00,995927.18,,694320.23
2026-08-11 23:00:00,994088.51,,693403.88
2026-08-12 00:00:00,996866.04,,693593.84
2026-08-12 01:00:00,993555.03,,695661.85
2026-08-12 02:00:00,992119.92,,697098.63
2026-08-12 03:00:00,998385.22,,700825.65
2026-08-12 04:00:00,993709.72,,698964.24
2026-08-12 05:00:00,995327.46,,699458.00
2026-08-12 06:00:00,995601.31,,696107.00
2026-08-12 07:00:00,994537.94,,692947.81
2026-08-12 08:00:00,993796.62,,687854.07
2026-08-12 09:00:00,986453.50,,679742.22
2026-08-12 10:00:00,989256.07,,683316.10
2026-08-12 11:00:00,995089.02,,685316.37
2026-08-12 12:00:00,995344.93,,684787.54
2026-08-12 13:00:00,996022.51,,683528.31
2026-08-12 14:00:00,993238.20,,683691.79
2026-08-12 15:00:00,982638.24,,676719.50
2026-08-12 16:00:00,979306.39,,672201.63
2026-08-12 17:00:00,977346.60,,670396.16
2026-08-12 18:00:00,975252.41,,671009.41
2026-08-12 19:00:00,976285.03,,670586.46
2026-08-12 20:00:00,971883.91,,669799.53
2026-08-12 21:00:00,973879.29,,671115.43
2026-08-12 22:00:00,972833.03,,662329.25
2026-08-12 23:00:00,984449.18,,667829.54
2026-08-13 00:00:00,990064.44,,670340.04
2026-08-13 01:00:00,993907.35,,675135.28
2026-08-13 02:00:00,1022274.81,,694710.23
2026-08-13 03:00:00,1040824.09,,718747.76
2026-08-13 04:00:00,1070547.29,,728039.03
2026-08-13 05:00:00,1049534.32,,713949.10
2026-08-13 06:00:00,1042323.27,,709665.10
2026-08-13 07:00:00,1045313.34,,711338.97
2026-08-13 08:00:00,1051799.38,,713824.07
2026-08-13 09:00:00,1030655.00,,704608.08
2026-08-13 10:00:00,1022180.30,,698125.63
2026-08-13 11:00:00,1018287.66,,700067.48
2026-08-13 12:00:00,1010415.43,,692335.28
2026-08-13 13:00:00,1008781.09,,690838.72
2026-08-13 14:00:00,1003281.06,,686840.17
2026-08-13 15:00:00,1012845.70,,693753.95
2026-08-13 16:00:00,1001357.71,,692390.83
2026-08-13 17:00:00,980605.95,,678891.75
2026-08-13 18:00:00,982600.45,,681299.04
2026-08-13 19:00:00,984765.21,,682899.30
2026-08-13 20:00:00,986277.51,,682713.98
2026-08-13 21:00:00,984720.15,,676000.63
2026-08-13 22:00:00,985408.54,,675614.77
2026-08-13 23:00:00,982800.46,,674943.88
2026-08-14 00:00:00,988192.18,,677204.68
2026-08-14 01:00:00,985426.38,,675790.46
2026-08-14 02:00:00,982550.27,,675064.66
2026-08-14 03:00:00,987444.62,,675743.01
2026-08-14 04:00:00,980804.02,,673779.21
2026-08-14 05:00:00,982215.21,,679233.13
2026-08-14 06:00:00,982614.52,,680051.51
2026-08-14 07:00:00,976509.28,,677570.97
2026-08-14 08:00:00,965126.55,,673960.71
2026-08-14 09:00:00,974638.41,,677461.15
2026-08-14 10:00:00,968856.97,,668932.64
2026-08-14 11:00:00,972562.74,,672177.10
2026-08-14 12:00:00,975112.66,,671088.04
2026-08-14 13:00:00,975136.70,,671776.87
2026-08-14 14:00:00,974014.26,,672043.47
2026-08-14 15:00:00,971553.88,,670798.77
2026-08-14 16:00:00,987099.79,,679314.26
2026-08-14 17:00:00,987352.06,,683975.40
2026-08-14 18:00:00,986835.91,,684009.22
2026-08-14 19:00:00,980113.33,,679107.56
2026-08-14 20:00:00,979224.16,,677507.18
2026-08-14 21:00:00,980102.26,,677982.15
2026-08-14 22:00:00,982468.26,,678479.20
2026-08-14 23:00:00,980068.92,,675634.83
2026-08-15 00:00:00,979774.52,,675593.84
2026-08-15 01:00:00,979632.90,,675894.05
2026-08-15 02:00:00,975345.41,,672946.92
2026-08-15 03:00:00,975174.66,,671757.80
2026-08-15 04:00:00,971374.37,,668273.87
2026-08-15 05:00:00,974204.21,,672383.09
2026-08-15 06:00:00,975589.70,,672357.68
2026-08-15 07:00:00,977488.30,,672977.09
2026-08-15 08:00:00,970572.57,,671293.66
2026-08-15 09:00:00,983846.94,,677148.03
2026-08-15 10:00:00,989768.98,,681144.41
2026-08-15 11:00:00,987153.36,,679190.26
2026-08-15 12:00:00,985623.06,,678902.38
2026-08-15 13:00:00,996164.37,,682328.63
2026-08-15 14:00:00,996195.84,,685765.44
2026-08-15 15:00:00,991213.70,,682121.93
2026-08-15 16:00:00,987639.47,,679782.26
2026-08-15 17:00:00,983306.67,,676443.18
2026-08-15 18:00:00,983789.39,,675443.32
2026-08-15 19:00:00,988869.69,,677781.75
2026-08-15 20:00:00,988424.59,,677210.09
2026-08-15 21:00:00,990671.73,,678558.23
2026-08-15 22:00:00,993776.67,,680598.01
2026-08-15 23:00:00,997307.41,,678629.32
2026-08-16 00:00:00,995365.22,,677352.20
2026-08-16 01:00:00,1004285.67,,681601.77
2026-08-16 02:00:00,1001714.20,,680938.05
2026-08-16 03:00:00,1002550.82,,682155.38
2026-08-16 04:00:00,1005841.01,,683505.15
2026-08-16 05:00:00,999691.94,,679861.38
2026-08-16 06:00:00,991054.19,,676955.73
2026-08-16 07:00:00,994236.66,,680089.84
2026-08-16 08:00:00,1002373.63,,687687.06
2026-08-16 09:00:00,1006236.33,,690930.55
2026-08-16 10:00:00,1022620.82,,708692.20
2026-08-16 11:00:00,1023033.68,,700116.37
2026-08-16 12:00:00,1008638.51,,688402.11
2026-08-16 13:00:00,1024119.13,,696705.06
2026-08-16 14:00:00,1024265.66,,699814.33
2026-08-16 15:00:00,1022792.92,,699329.08
2026-08-16 16:00:00,1026488.63,,698343.33
2026-08-16 17:00:00,1014305.95,,688634.46
2026-08-16 18:00:00,1013706.97,,688815.96
2026-08-16 19:00:00,1025329.98,,693288.39
2026-08-16 20:00:00,1026871.37,,692106.11
2026-08-16 21:00:00,1024206.57,,686833.33
2026-08-16 22:00:00,1034183.05,,686520.86
2026-08-16 23:00:00,1031734.86,,685457.66
2026-08-17 00:00:00,1032462.02,,684733.35
2026-08-17 01:00:00,1020905.97,,682743.70
2026-08-17 02:00:00,1031472.24,,695396.71
2026-08-17 03:00:00,1033327.97,,696867.49
2026-08-17 04:00:00,1024737.87,,691312.61
2026-08-17 05:00:00,1031012.87,,693851.84
2026-08-17 06:00:00,1024942.84,,691368.26
2026-08-17 07:00:00,1018108.60,,687769.16
2026-08-17 08:00:00,1017487.63,,688700.39
2026-08-17 09:00:00,1016341.38,,687908.96
2026-08-17 10:00:00,1023946.79,,690148.56
2026-08-17 11:00:00,1018328.94,,684800.00
2026-08-17 12:00:00,1014095.80,,682195.87
2026-08-17 13:00:00,1013167.48,,680737.56
2026-08-17 14:00:00,1018192.76,,681125.03
2026-08-17 15:00:00,1020083.97,,682602.72
2026-08-17 16:00:00,1016025.84,,678947.84
2026-08-17 17:00:00,1014203.08,,675816.15
2026-08-17 18:00:00,1011412.57,,675865.99
2026-08-17 19:00:00,1010519.48,,676557.52
2026-08-17 20:00:00,1009783.42,,676152.84
2026-08-17 21:00:00,1010133.26,,677328.05
2026-08-17 22:00:00,1006840.87,,674562.98
2026-08-17 23:00:00,1004448.81,,671584.53
2026-08-18 00:00:00,1006785.06,,673810.68
2026-08-18 01:00:00,1002509.99,,672219.20
2026-08-18 02:00:00,996003.75,,671498.39
2026-08-18 03:00:00,992404.31,,667935.91
2026-08-18 04:00:00,993270.10,,665986.34
2026-08-18 05:00:00,997102.89,,671906.08
2026-08-18 06:00:00,998536.23,,674901.42
2026-08-18 07:00:00,991597.05,,670446.55
2026-08-18 08:00:00,986267.14,,666466.95
2026-08-18 09:00:00,986082.79,,667540.30
2026-08-18 10:00:00,985301.29,,665692.72
2026-08-18 11:00:00,983504.61,,666553.12
2026-08-18 12:00:00,990283.49,,669858.34
2026-08-18 13:00:00,990717.43,,671107.54
2026-08-18 14:00:00,980721.15,,666398.72
2026-08-18 15:00:00,1033654.15,,669841.94
2026-08-18 16:00:00,1399809.22,,811276.67
2026-08-18 17:00:00,1322234.76,,790990.04
2026-08-18 18:00:00,1299537.10,,777177.82
2026-08-18 19:00:00,1288984.63,,764941.46
2026-08-18 20:00:00,1275788.67,,758895.16
2026-08-18 21:00:00,1265696.67,,758093.75
2026-08-18 22:00:00,1255689.85,,755689.02
2026-08-18 23:00:00,1230329.62,,754267.34
2026-08-19 00:00:00,1222380.83,,755035.22
2026-08-19 01:00:00,1219123.17,,757058.32
2026-08-19 02:00:00,1202642.61,,756795.65
2026-08-19 03:00:00,1196169.07,,754656.16
2026-08-19 04:00:00,1190347.71,,747567.78
2026-08-19 05:00:00,1184661.62,,743870.21
2026-08-19 06:00:00,1197338.49,,752323.25
2026-08-19 07:00:00,1173525.12,,745113.38
2026-08-19 08:00:00,1160237.90,,737037.07
2026-08-19 09:00:00,1151179.76,,734355.93
2026-08-19 10:00:00,1133828.49,,725881.58
2026-08-19 11:00:00,1128654.05,,722726.53
2026-08-19 12:00:00,1120046.89,,713952.23
2026-08-19 13:00:00,1134306.94,,721431.95
2026-08-19 14:00:00,1134252.40,,722749.19
2026-08-19 15:00:00,1147353.15,,732921.17
2026-08-19 16:00:00,1149580.48,,729347.38
2026-08-19 17:00:00,1156307.77,,726238.77
2026-08-19 18:00:00,1149318.02,,717193.08
2026-08-19 19:00:00,1150870.85,,716871.42
2026-08-19 20:00:00,1144315.10,,716349.26
2026-08-19 21:00:00,1198536.23,,731887.31
2026-08-19 22:00:00,1202150.72,,772493.38
2026-08-19 23:00:00,1199151.45,,778279.18
2026-08-20 00:00:00,1196567.31,,780606.48
2026-08-20 01:00:00,1309892.73,,883726.53
2026-08-20 02:00:00,1284927.11,,881210.88
2026-08-20 03:00:00,1233171.74,,838839.89
2026-08-20 04:00:00,1225269.93,,828407.38
2026-08-20 05:00:00,1199914.12,,813519.10
2026-08-20 06:00:00,1197816.82,,809237.81
2026-08-20 07:00:00,1241244.04,,815271.20
2026-08-20 08:00:00,1235733.43,,811949.52
2026-08-20 09:00:00,1276479.27,,823462.26
2026-08-20 10:00:00,1245208.31,,815154.26
2026-08-20 11:00:00,1235855.11,,805614.92
2026-08-20 12:00:00,1209384.03,,792214.47
2026-08-20 13:00:00,1217846.64,,796976.40
2026-08-20 14:00:00,1217140.80,,796714.89
2026-08-20 15:00:00,1220021.88,,798097.81
2026-08-20 16:00:00,1221301.53,,800083.85
2026-08-20 17:00:00,1244074.12,,809295.81
2026-08-20 18:00:00,1259061.30,,803693.29
2026-08-20 19:00:00,1230948.39,,797615.32
2026-08-20 20:00:00,1242485.25,,795919.86
2026-08-20 21:00:00,1242261.98,,802832.90
2026-08-20 22:00:00,1237745.89,,806459.61
2026-08-20 23:00:00,1225504.42,,796582.67
2026-08-21 00:00:00,1216072.98,,796083.79
2026-08-21 01:00:00,1229857.62,,797289.72
2026-08-21 02:00:00,1238294.44,,797765.59
2026-08-21 03:00:00,1239337.52,,804324.34
2026-08-21 04:00:00,1239567.77,,800143.06
2026-08-21 05:00:00,1245567.65,,804892.84
2026-08-21 06:00:00,1249304.14,,807655.39
2026-08-21 07:00:00,1261104.75,,810811.60
2026-08-21 08:00:00,1266153.43,,816967.43
2026-08-21 09:00:00,1301191.76,,842836.97
2026-08-21 10:00:00,1293501.92,,841820.90
2026-08-21 11:00:00,1286826.73,,848783.79
2026-08-21 12:00:00,1272967.49,,840709.28
2026-08-21 13:00:00,1312348.73,,855076.99
2026-08-21 14:00:00,1295803.51,,857271.10
2026-08-21 15:00:00,1275847.24,,853470.69
2026-08-21 16:00:00,1279101.74,,860851.44
2026-08-21 17:00:00,1273892.68,,864477.34
2026-08-21 18:00:00,1277379.98,,862102.59
2026-08-21 19:00:00,1258129.07,,853005.44
2026-08-21 20:00:00,1250632.09,,853595.39
2026-08-21 21:00:00,1261963.70,,868353.65
2026-08-21 22:00:00,1283539.07,,870113.63
2026-08-21 23:00:00,1288292.90,,855005.57
2026-08-22 00:00:00,1282549.62,,859251.90
2026-08-22 01:00:00,1372147.65,,890021.92
2026-08-22 02:00:00,1387645.73,,897916.37
2026-08-22 03:00:00,1419354.52,,919173.34
2026-08-22 04:00:00,1408477.16,,931327.37
2026-08-22 05:00:00,1412050.05,,946630.32
2026-08-22 06:00:00,1308983.05,,864453.16
2026-08-22 07:00:00,1310207.38,,858293.95
2026-08-22 08:00:00,1314116.05,,845368.75
2026-08-22 09:00:00,1274492.79,,841149.72
2026-08-22 10:00:00,1259850.23,,840845.51
2026-08-22 11:00:00,1244321.88,,825315.03
2026-08-22 12:00:00,1239417.86,,822663.36
2026-08-22 13:00:00,1242678.23,,816311.22
2026-08-22 14:00:00,1241237.54,,821440.81
2026-08-22 15:00:00,1234766.97,,819039.16
2026-08-22 16:00:00,1228667.40,,812854.00
2026-08-22 17:00:00,1244522.31,,821643.15
2026-08-22 18:00:00,1252210.72,,826545.16
2026-08-22 19:00:00,1242952.43,,822663.65
2026-08-22 20:00:00,1247005.81,,825631.80
2026-08-22 21:00:00,1236979.35,,823248.51
2026-08-22 22:00:00,1215791.09,,809020.70
2026-08-22 23:00:00,1237924.45,,820898.24
2026-08-23 00:00:00,1256754.05,,822676.67
2026-08-23 01:00:00,1271509.56,,833261.20
2026-08-23 02:00:00,1248848.80,,821628.57
2026-08-23 03:00:00,1251382.07,,819014.49
2026-08-23 04:00:00,1240380.23,,802763.85
2026-08-23 05:00:00,1226743.61,,796432.62
2026-08-23 06:00:00,1235001.03,,794435.55
2026-08-23 07:00:00,1242188.29,,798699.44
2026-08-23 08:00:00,1252200.83,,802542.32
2026-08-23 09:00:00,1268288.65,,810787.52
2026-08-23 10:00:00,1266376.32,,810127.08
2026-08-23 11:00:00,1264532.62,,816907.90
2026-08-23 12:00:00,1254508.41,,824841.13
2026-08-23 13:00:00,1253108.97,,832915.33
2026-08-23 14:00:00,1256098.07,,844490.86
2026-08-23 15:00:00,1250055.41,,843046.49
2026-08-23 16:00:00,1248721.37,,841478.88
2026-08-23 17:00:00,1255656.93,,842116.84
2026-08-23 18:00:00,1256184.51,,841646.47
2026-08-23 19:00:00,1261883.53,,842414.31
2026-08-23 20:00:00,1257800.51,,838595.73
2026-08-23 21:00:00,1254492.14,,835756.27
2026-08-23 22:00:00,1260833.13,,841370.33
2026-08-23 23:00:00,1249075.80,,836959.44
2026-08-24 00:00:00,1245648.40,,835655.30
2026-08-24 01:00:00,1253083.43,,826633.51
2026-08-24 02:00:00,1226070.78,,807576.95
2026-08-24 03:00:00,1229517.20,,806610.11
2026-08-24 04:00:00,1236044.73,,803264.86
2026-08-24 05:00:00,1240594.99,,805904.12
2026-08-24 06:00:00,1237699.75,,807664.54
2026-08-24 07:00:00,1247336.39,,810255.79
2026-08-24 08:00:00,1254520.73,,812993.29
2026-08-24 09:00:00,1252979.14,,813267.06
2026-08-24 10:00:00,1273802.78,,825806.80
2026-08-24 11:00:00,1274603.09,,827362.65
2026-08-24 12:00:00,1277257.53,,833241.06
2026-08-24 13:00:00,1327413.06,,857556.49
2026-08-24 14:00:00,1299621.93,,819751.24
2026-08-24 15:00:00,1319637.94,,826695.10
2026-08-24 16:00:00,1313201.01,,816116.05
2026-08-24 17:00:00,1307355.38,,816610.90
2026-08-24 18:00:00,1305081.35,,815006.91
2026-08-24 19:00:00,1305160.34,,811503.50
2026-08-24 20:00:00,1295790.56,,804986.57
2026-08-24 21:00:00,1299119.78,,809051.24
2026-08-24 22:00:00,1289565.08,,809140.40
2026-08-24 23:00:00,1285074.85,,805922.30
2026-08-25 00:00:00,1290195.89,,807509.31
2026-08-25 01:00:00,1308970.07,,812919.90
2026-08-25 02:00:00,1311667.77,,815490.08
2026-08-25 03:00:00,1317918.89,,821345.61
2026-08-25 04:00:00,1325428.20,,824372.64
2026-08-25 05:00:00,1318402.72,,823489.81
2026-08-25 06:00:00,1309973.57,,819398.66
2026-08-25 07:00:00,1313392.08,,816802.09
2026-08-25 08:00:00,1305860.32,,808174.50
2026-08-25 09:00:00,1302935.87,,812113.40
2026-08-25 10:00:00,1295601.72,,803216.90
2026-08-25 11:00:00,1304133.84,,807165.33
2026-08-25 12:00:00,1306494.92,,804369.91
2026-08-25 13:00:00,1306178.85,,802549.20
2026-08-25 14:00:00,1274382.45,,788093.70
2026-08-25 15:00:00,1277500.71,,786915.74
2026-08-25 16:00:00,1309721.65,,790299.32
2026-08-25 17:00:00,1299506.02,,784398.19
2026-08-25 18:00:00,1304581.81,,787197.58
2026-08-25 19:00:00,1309653.95,,785107.81
2026-08-25 20:00:00,1295259.09,,783052.46
2026-08-25 21:00:00,1271610.35,,767305.62
2026-08-25 22:00:00,1278044.12,,767353.03
2026-08-25 23:00:00,1277435.36,,771181.55
2026-08-26 00:00:00,1273533.38,,769037.40
2026-08-26 01:00:00,1294474.59,,780083.80
2026-08-26 02:00:00,1298151.59,,784954.19
2026-08-26 03:00:00,1308930.58,,786214.25
2026-08-26 04:00:00,1308739.75,,785395.04
2026-08-26 05:00:00,1305363.38,,784685.75
2026-08-26 06:00:00,1369592.86,,813859.04
2026-08-26 07:00:00,1363567.72,,812281.82
2026-08-26 08:00:00,1357451.32,,804605.28
2026-08-26 09:00:00,1356547.63,,800496.05
2026-08-26 10:00:00,1368167.26,,792277.87
2026-08-26 11:00:00,1368247.04,,790599.27
2026-08-26 12:00:00,1361202.31,,787276.90
2026-08-26 13:00:00,1361717.77,,780572.57
2026-08-26 14:00:00,1337544.39,,772643.30
2026-08-26 15:00:00,1327217.28,,771281.26
2026-08-26 16:00:00,1336529.38,,772756.18
2026-08-26 17:00:00,1342360.85,,773249.21
2026-08-26 18:00:00,1351635.30,,779984.15
2026-08-26 19:00:00,1366736.45,,789630.97
2026-08-26 20:00:00,1367137.34,,787951.16
2026-08-26 21:00:00,1382669.54,,800005.29
2026-08-26 22:00:00,1377694.61,,791108.82
2026-08-26 23:00:00,1384421.95,,793726.55
2026-08-27 00:00:00,1387374.80,,795485.25
2026-08-27 01:00:00,1379310.80,,788835.49
2026-08-27 02:00:00,1384338.33,,791791.01
2026-08-27 03:00:00,1396394.15,,785318.21
2026-08-27 04:00:00,1395803.25,,783895.99
2026-08-27 05:00:00,1395398.48,,782683.72
2026-08-27 06:00:00,1383414.73,,779190.90
2026-08-27 07:00:00,1398477.21,,783014.57
2026-08-27 08:00:00,1393723.15,,781818.85
2026-08-27 09:00:00,1408546.51,,791788.86
2026-08-27 10:00:00,1404615.86,,785770.11
2026-08-27 11:00:00,1411839.02,,790564.95
2026-08-27 12:00:00,1398336.42,,784893.14
2026-08-27 13:00:00,1397672.87,,784215.79
2026-08-27 14:00:00,1400137.20,,789592.83
2026-08-27 15:00:00,1407037.57,,787951.82
2026-08-27 16:00:00,1418952.49,,790504.05
2026-08-27 17:00:00,1423185.40,,793334.98
2026-08-27 18:00:00,1418889.82,,792069.64
2026-08-27 19:00:00,1414334.59,,794778.62
2026-08-27 20:00:00,1415341.20,,795346.75
2026-08-27 21:00:00,1428004.57,,798046.65
2026-08-27 22:00:00,1430737.52,,798971.17
2026-08-27 23:00:00,1439988.75,,801217.85
2026-08-28 00:00:00,1416193.66,,797522.81
2026-08-28 01:00:00,1417360.01,,798071.82
2026-08-28 02:00:00,1420985.34,,801100.46
2026-08-28 03:00:00,1407557.42,,791912.80
2026-08-28 04:00:00,1405990.26,,789357.61
2026-08-28 05:00:00,1405522.90,,790128.80
2026-08-28 06:00:00,1402918.06,,789221.47
2026-08-28 07:00:00,1405359.45,,794865.18
2026-08-28 08:00:00,1404897.94,,794471.63
2026-08-28 09:00:00,1408347.69,,795881.98
2026-08-28 10:00:00,1413332.10,,799072.41
2026-08-28 11:00:00,1423207.37,,804683.90
2026-08-28 12:00:00,1425123.28,,805455.58
2026-08-28 13:00:00,1416215.53,,801660.24
2026-08-28 14:00:00,1427418.92,,804606.95
2026-08-28 15:00:00,1432292.27,,811461.78
2026-08-28 16:00:00,1408292.83,,793853.15
2026-08-28 17:00:00,1396088.96,,802256.27
2026-08-28 18:00:00,1405783.36,,800748.53
2026-08-28 19:00:00,1389744.99,,798786.31
2026-08-28 20:00:00,1391231.62,,797244.33
2026-08-28 21:00:00,1396031.57,,807121.91
2026-08-28 22:00:00,1391014.67,,806442.58
2026-08-28 23:00:00,1403355.44,,811407.58
2026-08-29 00:00:00,1415191.29,,817024.94
2026-08-29 01:00:00,1449122.90,,836990.41
2026-08-29 02:00:00,1441955.45,,829612.56
2026-08-29 03:00:00,1473712.98,,842372.44
2026-08-29 04:00:00,1463016.48,,841495.79
2026-08-29 05:00:00,1498424.90,,864617.44
2026-08-29 06:00:00,1494849.54,,881408.67
2026-08-29 07:00:00,1478158.08,,868361.22
2026-08-29 08:00:00,1463717.36,,861903.54
2026-08-29 09:00:00,1437791.39,,855820.73
2026-08-29 10:00:00,1427441.99,,852499.27
2026-08-29 11:00:00,1424115.89,,831546.51
2026-08-29 12:00:00,1413617.63,,826855.32
2026-08-29 13:00:00,1416754.23,,827990.34
2026-08-29 14:00:00,1411110.29,,825529.20
2026-08-29 15:00:00,1398978.15,,826300.16
2026-08-29 16:00:00,1401769.73,,825109.85
2026-08-29 17:00:00,1398312.52,,818555.18
2026-08-29 18:00:00,1392640.55,,814319.96
2026-08-29 19:00:00,1402073.70,,815449.41
2026-08-29 20:00:00,1433420.79,,843680.65
2026-08-29 21:00:00,1330413.93,,792058.05
2026-08-29 22:00:00,1311119.62,,788440.37
2026-08-29 23:00:00,1295370.48,,782726.16
2026-08-30 00:00:00,1292132.04,,780909.30
2026-08-30 01:00:00,1289897.05,,786200.76
2026-08-30 02:00:00,1284796.92,,779713.69
2026-08-30 03:00:00,1288023.66,,781479.36
2026-08-30 04:00:00,1290289.72,,783516.92
2026-08-30 05:00:00,1283283.75,,781322.94
2026-08-30 06:00:00,1282238.74,,778956.72
2026-08-30 07:00:00,1290297.92,,782713.77
2026-08-30 08:00:00,1283044.95,,773957.26
2026-08-30 09:00:00,1290114.25,,772125.43
2026-08-30 10:00:00,1265340.23,,748707.17
2026-08-30 11:00:00,1259446.45,,750124.66
2026-08-30 12:00:00,1259791.37,,749769.74
2026-08-30 13:00:00,1272130.70,,752215.85
2026-08-30 14:00:00,1269028.24,,750015.26
2026-08-30 15:00:00,1270867.77,,749450.95
2026-08-30 16:00:00,1259452.90,,743074.97
2026-08-30 17:00:00,1274570.35,,750318.50
2026-08-30 18:00:00,1267227.83,,746568.33
2026-08-30 19:00:00,1268572.65,,746896.74
2026-08-30 20:00:00,1258514.79,,743688.64
2026-08-30 21:00:00,1260129.36,,740517.67
2026-08-30 22:00:00,1257908.64,,745373.39
2026-08-30 23:00:00,1251911.86,,746972.83
2026-08-31 00:00:00,1197398.18,,724200.68
2026-08-31 01:00:00,1207667.43,,731146.26
2026-08-31 02:00:00,1197419.63,,724827.10
2026-08-31 03:00:00,1197393.43,,717469.21
2026-08-31 04:00:00,1215492.90,,719838.87
2026-08-31 05:00:00,1207393.35,,716169.06
2026-08-31 06:00:00,1216418.08,,720464.87
2026-08-31 07:00:00,1223869.79,,725825.99
2026-08-31 08:00:00,1230427.83,,736045.00
2026-08-31 09:00:00,1232390.23,,737022.09
2026-08-31 10:00:00,1226625.05,,732528.38
2026-08-31 11:00:00,1223388.42,,730633.46
2026-08-31 12:00:00,1222037.44,,727301.74
2026-08-31 13:00:00,1221914.93,,723322.81
2026-08-31 14:00:00,1228273.93,,725704.31
2026-08-31 15:00:00,1243554.23,,732720.44
2026-08-31 16:00:00,1239413.08,,730755.87
2026-08-31 17:00:00,1241028.36,,731774.10
2026-08-31 18:00:00,1245113.58,,734341.10
2026-08-31 19:00:00,1240973.65,,733698.74
2026-08-31 20:00:00,1236978.30,,727669.75
2026-08-31 21:00:00,1242858.73,,732441.20
2026-08-31 22:00:00,1256587.39,,738489.92
2026-08-31 23:00:00,1250488.87,,735264.29
2026-09-01 00:00:00,1250102.44,,733301.89
2026-09-01 01:00:00,1263187.88,,741299.60
2026-09-01 02:00:00,1265335.21,,747829.84
2026-09-01 03:00:00,1264627.74,,744305.97
2026-09-01 04:00:00,1268792.18,,743938.42
2026-09-01 05:00:00,1264678.15,,742391.26
2026-09-01 06:00:00,1266764.10,,742401.90
2026-09-01 07:00:00,1263339.34,,741771.81
2026-09-01 08:00:00,1255104.25,,739375.47
2026-09-01 09:00:00,1241574.43,,735821.14
2026-09-01 10:00:00,1246963.34,,739071.89
2026-09-01 11:00:00,1253676.13,,744904.61
2026-09-01 12:00:00,1254171.86,,746202.62
2026-09-01 13:00:00,1260019.01,,746975.56
2026-09-01 14:00:00,1271656.78,,750899.90
2026-09-01 15:00:00,1276247.71,,751023.42
2026-09-01 16:00:00,1272741.01,,750419.59
2026-09-01 17:00:00,1256725.67,,740449.07
2026-09-01 18:00:00,1260620.42,,743196.98
2026-09-01 19:00:00,1254913.91,,735470.67
2026-09-01 20:00:00,1254979.23,,738175.37
2026-09-01 21:00:00,1248334.22,,735436.81
2026-09-01 22:00:00,1238096.70,,737428.78
2026-09-01 23:00:00,1233656.42,,735965.37
2026-09-02 00:00:00,1231961.18,,740233.24
2026-09-02 01:00:00,1224752.48,,738431.48
2026-09-02 02:00:00,1216350.41,,736493.19
2026-09-02 03:00:00,1222611.51,,743574.41
2026-09-02 04:00:00,1221111.26,,743886.20
2026-09-02 05:00:00,1222472.82,,744502.96
2026-09-02 06:00:00,1225693.08,,748596.23
2026-09-02 07:00:00,1220594.58,,749944.97
2026-09-02 08:00:00,1218789.54,,751665.65
2026-09-02 09:00:00,1212698.74,,744041.82
2026-09-02 10:00:00,1227208.63,,749919.13
2026-09-02 11:00:00,1217471.42,,746974.68
2026-09-02 12:00:00,1218503.19,,753046.51
2026-09-02 13:00:00,1212284.33,,751300.82
2026-09-02 14:00:00,1214869.12,,753054.61
2026-09-02 15:00:00,1212355.92,,749049.62
2026-09-02 16:00:00,1214791.42,,751100.38
2026-09-02 17:00:00,1207176.27,,746851.44
2026-09-02 18:00:00,1204624.27,,749417.84
2026-09-02 19:00:00,1200439.71,,742500.11
2026-09-02 20:00:00,1196353.80,,742792.39
2026-09-02 21:00:00,1195555.51,,742147.73
2026-09-02 22:00:00,1196933.88,,740645.28
2026-09-02 23:00:00,1203581.09,,745185.61
2026-09-03 00:00:00,1206056.90,,747293.33
2026-09-03 01:00:00,1219947.42,,753390.19
2026-09-03 02:00:00,1215600.74,,753254.44
2026-09-03 03:00:00,1221015.84,,750922.61
2026-09-03 04:00:00,1219608.65,,749380.80
2026-09-03 05:00:00,1227912.86,,757339.02
2026-09-03 06:00:00,1223584.16,,748653.42
2026-09-03 07:00:00,1217909.20,,748329.12
2026-09-03 08:00:00,1225874.14,,749071.80
2026-09-03 09:00:00,1223882.28,,748142.64
2026-09-03 10:00:00,1217798.77,,745811.81
2026-09-03 11:00:00,1222072.71,,748631.49
2026-09-03 12:00:00,1230616.62,,751384.67
2026-09-03 13:00:00,1239085.54,,758950.12
2026-09-03 14:00:00,1230207.63,,748637.20
2026-09-03 15:00:00,1246346.87,,759058.62
2026-09-03 16:00:00,1256444.07,,768550.12
2026-09-03 17:00:00,1258770.48,,764916.31
2026-09-03 18:00:00,1267338.05,,779751.45
2026-09-03 19:00:00,1267885.34,,774896.20
2026-09-03 20:00:00,1242460.84,,757583.44
2026-09-03 21:00:00,1213307.83,,751105.66
2026-09-03 22:00:00,1222717.63,,757054.67
2026-09-03 23:00:00,1194760.01,,745109.31
2026-09-04 00:00:00,1200199.27,,746993.88
2026-09-04 01:00:00,1191467.38,,740219.87
2026-09-04 02:00:00,1196620.16,,739490.75
2026-09-04 03:00:00,1204312.19,,743123.70
2026-09-04 04:00:00,1196333.96,,738499.50
2026-09-04 05:00:00,1190275.20,,736580.31
2026-09-04 06:00:00,1181710.53,,731049.05
2026-09-04 07:00:00,1186641.16,,733585.21
2026-09-04 08:00:00,1185941.65,,733220.83
2026-09-04 09:00:00,1190809.03,,736394.68
2026-09-04 10:00:00,1199314.90,,737083.73
2026-09-04 11:00:00,1202161.76,,738704.77
2026-09-04 12:00:00,1196270.70,,736046.40
2026-09-04 13:00:00,1189768.41,,717640.66
2026-09-04 14:00:00,1194934.66,,722154.97
2026-09-04 15:00:00,1191189.72,,717461.51
2026-09-04 16:00:00,1192168.03,,719830.68
2026-09-04 17:00:00,1200128.63,,725239.63
2026-09-04 18:00:00,1198005.30,,724370.88
2026-09-04 19:00:00,1203846.59,,726289.57
2026-09-04 20:00:00,1208280.00,,727372.44
2026-09-04 21:00:00,1207133.91,,724446.25
2026-09-04 22:00:00,1196762.97,,719709.37
2026-09-04 23:00:00,1201600.16,,721203.74
2026-09-05 00:00:00,1210199.66,,726487.40
2026-09-05 01:00:00,1216337.51,,727135.98
2026-09-05 02:00:00,1220325.40,,726694.68
2026-09-05 03:00:00,1237162.78,,754520.80
2026-09-05 04:00:00,1229531.12,,752613.12
2026-09-05 05:00:00,1227474.70,,749015.41
2026-09-05 06:00:00,1237745.40,,755136.12
2026-09-05 07:00:00,1236659.15,,756830.71
2026-09-05 08:00:00,1238217.16,,756070.99
2026-09-05 09:00:00,1238171.27,,756008.90
2026-09-05 10:00:00,1240698.76,,757275.50
2026-09-05 11:00:00,1242212.85,,756450.44
2026-09-05 12:00:00,1237861.60,,756278.66
2026-09-05 13:00:00,1238911.60,,758396.41
2026-09-05 14:00:00,1244241.04,,756994.56
2026-09-05 15:00:00,1246137.82,,756747.74
2026-09-05 16:00:00,1242369.39,,755249.67
2026-09-05 17:00:00,1246716.71,,757093.94
2026-09-05 18:00:00,1260866.85,,775272.54
2026-09-05 19:00:00,1255461.19,,766101.29
2026-09-05 20:00:00,1250190.37,,761532.96
2026-09-05 21:00:00,1276818.51,,774810.08
2026-09-05 22:00:00,1294573.58,,784542.34
2026-09-05 23:00:00,1291417.99,,783918.69
2026-09-06 00:00:00,1296057.23,,790910.79
2026-09-06 01:00:00,1299626.20,,790996.64
2026-09-06 02:00:00,1313963.91,,801909.73
2026-09-06 03:00:00,1283751.83,,793655.58
2026-09-06 04:00:00,1283105.49,,792382.44
2026-09-06 05:00:00,1270747.60,,780715.51
2026-09-06 06:00:00,1264935.06,,777760.03
2026-09-06 07:00:00,1256073.87,,776775.31
2026-09-06 08:00:00,1242336.67,,764809.72
2026-09-06 09:00:00,1237030.05,,760932.99
2026-09-06 10:00:00,1239522.49,,759506.46
2026-09-06 11:00:00,1245117.99,,758009.30
2026-09-06 12:00:00,1259443.46,,761153.71
2026-09-06 13:00:00,1254237.42,,757118.11
2026-09-06 14:00:00,1248334.47,,752995.89
2026-09-06 15:00:00,1235046.64,,744333.16
2026-09-06 16:00:00,1255877.13,,754397.24
2026-09-06 17:00:00,1250642.33,,753566.52
2026-09-06 18:00:00,1250788.54,,752019.28
2026-09-06 19:00:00,1250217.14,,751599.28
2026-09-06 20:00:00,1251546.08,,751209.14
2026-09-06 21:00:00,1256043.05,,753416.26
2026-09-06 22:00:00,1259435.28,,755792.24
2026-09-06 23:00:00,1257492.83,,751630.26
2026-09-07 00:00:00,1257664.28,,754669.23
2026-09-07 01:00:00,1255927.85,,754512.61
2026-09-07 02:00:00,1255028.82,,751436.49
2026-09-07 03:00:00,1286394.54,,758771.87
2026-09-07 04:00:00,1310157.31,,764325.53
2026-09-07 05:00:00,1306821.84,,765414.41
2026-09-07 06:00:00,1303263.78,,761612.09
2026-09-07 07:00:00,1301091.40,,760994.22
2026-09-07 08:00:00,1297102.09,,758728.60
2026-09-07 09:00:00,1293605.05,,756309.34
2026-09-07 10:00:00,1298769.21,,755651.52
2026-09-07 11:00:00,1300755.05,,756145.38
2026-09-07 12:00:00,1303188.71,,761083.63
2026-09-07 13:00:00,1307274.30,,760130.09
2026-09-07 14:00:00,1307812.41,,758567.54
2026-09-07 15:00:00,1308776.88,,759048.49
2026-09-07 16:00:00,1307745.72,,738623.44
2026-09-07 17:00:00,1314790.59,,740354.35
2026-09-07 18:00:00,1312006.77,,737956.41
2026-09-07 19:00:00,1309646.17,,735141.34
2026-09-07 20:00:00,1315374.63,,737222.81
2026-09-07 21:00:00,1317852.08,,738327.49
2026-09-07 22:00:00,1304038.34,,733759.39
2026-09-07 23:00:00,1302576.64,,732164.58
2026-09-08 00:00:00,1304905.79,,733598.34
2026-09-08 01:00:00,1311571.56,,738924.13
2026-09-08 02:00:00,1311233.99,,738174.22
2026-09-08 03:00:00,1302846.61,,732178.90
2026-09-08 04:00:00,1307376.12,,736819.08
2026-09-08 05:00:00,1310182.09,,735175.23
2026-09-08 06:00:00,1307732.77,,734749.21
2026-09-08 07:00:00,1302003.92,,731076.84
2026-09-08 08:00:00,1301006.60,,732821.48
2026-09-08 09:00:00,1300631.86,,733923.16
2026-09-08 10:00:00,1306317.26,,737674.90
2026-09-08 11:00:00,1304446.47,,738575.31
2026-09-08 12:00:00,1303955.67,,739133.80
2026-09-08 13:00:00,1298435.34,,737558.10
2026-09-08 14:00:00,1253047.44,,729845.88
2026-09-08 15:00:00,1248440.17,,731441.45
2026-09-08 16:00:00,1264347.02,,735792.29
2026-09-08 17:00:00,1246011.38,,724351.60
2026-09-08 18:00:00,1243572.47,,728158.24
2026-09-08 19:00:00,1250456.04,,725814.87
2026-09-08 20:00:00,1250153.63,,724293.38
2026-09-08 21:00:00,1235334.88,,720169.22
2026-09-08 22:00:00,1227046.00,,717679.74
2026-09-08 23:00:00,1233812.08,,720414.85
2026-09-09 00:00:00,1235424.47,,718876.59
2026-09-09 01:00:00,1239047.36,,720228.74
2026-09-09 02:00:00,1232437.68,,716880.99
2026-09-09 03:00:00,1220959.09,,711932.55
2026-09-09 04:00:00,1217537.94,,710474.13
2026-09-09 05:00:00,1226446.94,,712979.37
2026-09-09 06:00:00,1213914.12,,708359.74
2026-09-09 07:00:00,1217104.02,,709318.53
2026-09-09 08:00:00,1216613.30,,708691.08
2026-09-09 09:00:00,1219819.80,,711774.03
2026-09-09 10:00:00,1215205.15,,711657.82
2026-09-09 11:00:00,1206575.64,,709221.61
2026-09-09 12:00:00,1218649.94,,715681.62
2026-09-09 13:00:00,1215030.17,,715224.83
2026-09-09 14:00:00,1216553.65,,715737.03
2026-09-09 15:00:00,1226264.60,,721631.52
2026-09-09 16:00:00,1231563.03,,725425.38
2026-09-09 17:00:00,1223847.55,,718703.35
2026-09-09 18:00:00,1218573.52,,715736.21
2026-09-09 19:00:00,1212649.17,,712396.88
2026-09-09 20:00:00,1206931.00,,710582.46
2026-09-09 21:00:00,1201707.00,,708221.70
2026-09-09 22:00:00,1186779.04,,701132.61
2026-09-09 23:00:00,1168379.25,,692316.16
2026-09-10 00:00:00,1170011.72,,694906.09
2026-09-10 01:00:00,1139192.20,,689936.75
2026-09-10 02:00:00,1129009.84,,689537.06
2026-09-10 03:00:00,1129147.11,,690815.84
2026-09-10 04:00:00,1123328.99,,688892.85
2026-09-10 05:00:00,1123540.86,,688794.06
2026-09-10 06:00:00,1120392.93,,689739.04
2026-09-10 07:00:00,1109727.14,,684856.89
2026-09-10 08:00:00,1099488.86,,674955.84
2026-09-10 09:00:00,1094928.79,,674871.84
2026-09-10 10:00:00,1076496.75,,673269.96
2026-09-10 11:00:00,1062479.59,,669634.32
2026-09-10 12:00:00,1046996.44,,663988.29
2026-09-10 13:00:00,1026244.66,,650315.25
2026-09-10 14:00:00,1026379.07,,653396.76
2026-09-10 15:00:00,1019129.03,,647729.65
2026-09-10 16:00:00,1015854.19,,645601.08
2026-09-10 17:00:00,993720.36,,641269.27
2026-09-10 18:00:00,991598.64,,641236.95
2026-09-10 19:00:00,984863.33,,641440.79
2026-09-10 20:00:00,977229.66,,639034.85
2026-09-10 21:00:00,980190.60,,640570.59
2026-09-10 22:00:00,978022.66,,639143.78
2026-09-10 23:00:00,972277.27,,635109.23
2026-09-11 00:00:00,961786.17,,628751.23
2026-09-11 01:00:00,963527.01,,632809.42
2026-09-11 02:00:00,963416.00,,633963.67
2026-09-11 03:00:00,954690.03,,628941.30
2026-09-11 04:00:00,955420.72,,631541.82
2026-09-11 05:00:00,964350.40,,637039.14
2026-09-11 06:00:00,963133.67,,637348.60
2026-09-11 07:00:00,962019.38,,636717.17
2026-09-11 08:00:00,956095.10,,633802.58
2026-09-11 09:00:00,948731.06,,629766.97
2026-09-11 10:00:00,941029.94,,621246.53
2026-09-11 11:00:00,931298.03,,615705.56
2026-09-11 12:00:00,927801.46,,612249.40
2026-09-11 13:00:00,944311.95,,621894.60
2026-09-11 14:00:00,972076.67,,640495.43
2026-09-11 15:00:00,966283.14,,641090.97
2026-09-11 16:00:00,954630.30,,634327.56
2026-09-11 17:00:00,958958.07,,636794.39
2026-09-11 18:00:00,945411.23,,628855.41
2026-09-11 19:00:00,938830.85,,623908.46
2026-09-11 20:00:00,944223.31,,626863.70
2026-09-11 21:00:00,941723.85,,625971.70
2026-09-11 22:00:00,934918.18,,620944.02
2026-09-11 23:00:00,935659.64,,621103.76
2026-09-12 00:00:00,944152.76,,626429.80
2026-09-12 01:00:00,958833.68,,631781.87
2026-09-12 02:00:00,958087.55,,630582.69
2026-09-12 03:00:00,964627.83,,632067.86
2026-09-12 04:00:00,961024.70,,629926.05
2026-09-12 05:00:00,966706.43,,636551.25
2026-09-12 06:00:00,969385.39,,631810.78
2026-09-12 07:00:00,979209.40,,636305.83
2026-09-12 08:00:00,981072.28,,637303.89
2026-09-12 09:00:00,979048.40,,638001.35
2026-09-12 10:00:00,972707.32,,636406.08
2026-09-12 11:00:00,981303.18,,642374.12
2026-09-12 12:00:00,1021278.92,,683931.13
2026-09-12 13:00:00,983574.50,,649802.47
2026-09-12 14:00:00,1004705.57,,653669.77
2026-09-12 15:00:00,1013472.26,,653448.10
2026-09-12 16:00:00,1016985.85,,656721.31
2026-09-12 17:00:00,1001295.76,,650873.23
2026-09-12 18:00:00,1004084.47,,652393.53
2026-09-12 19:00:00,987610.01,,650049.71
2026-09-12 20:00:00,976501.76,,644927.29
2026-09-12 21:00:00,971814.31,,639250.49
2026-09-12 22:00:00,960210.94,,637196.33
2026-09-12 23:00:00,961452.83,,640696.78
2026-09-13 00:00:00,963428.20,,644644.98
2026-09-13 01:00:00,972378.47,,646446.50
2026-09-13 02:00:00,977738.53,,650487.81
2026-09-13 03:00:00,980696.56,,655010.72
2026-09-13 04:00:00,975882.15,,657306.85
2026-09-13 05:00:00,972985.02,,652935.56
2026-09-13 06:00:00,976350.06,,654078.44
2026-09-13 07:00:00,967910.24,,647789.55
2026-09-13 08:00:00,968233.29,,645421.70
2026-09-13 09:00:00,958812.07,,641068.30
2026-09-13 10:00:00,964852.18,,641614.29
2026-09-13 11:00:00,963889.41,,638483.07
2026-09-13 12:00:00,963761.10,,634988.25
2026-09-13 13:00:00,966267.69,,638994.50
2026-09-13 14:00:00,976291.86,,645137.12
2026-09-13 15:00:00,967358.17,,639658.35
2026-09-13 16:00:00,960292.07,,636159.21
2026-09-13 17:00:00,970337.20,,642878.50
2026-09-13 18:00:00,968097.98,,649646.61
2026-09-13 19:00:00,965350.95,,648176.95
2026-09-13 20:00:00,965713.38,,636787.15
2026-09-13 21:00:00,967507.95,,638412.69
2026-09-13 22:00:00,960778.05,,635363.83
2026-09-13 23:00:00,931490.59,,619280.08
2026-09-14 00:00:00,931465.98,,621088.54
2026-09-14 01:00:00,933660.96,,623210.43
2026-09-14 02:00:00,945313.48,,630190.59
2026-09-14 03:00:00,950593.32,,632255.45
2026-09-14 04:00:00,946248.26,,630355.49
2026-09-14 05:00:00,945987.86,,630956.86
2026-09-14 06:00:00,946273.12,,629903.64
2026-09-14 07:00:00,947324.19,,631259.13
2026-09-14 08:00:00,946017.53,,627909.19
2026-09-14 09:00:00,940608.92,,629236.18
2026-09-14 10:00:00,940779.66,,632111.42
2026-09-14 11:00:00,935334.44,,629215.18
2026-09-14 12:00:00,936579.25,,625580.80
2026-09-14 13:00:00,929980.80,,622031.66
2026-09-14 14:00:00,933775.21,,622857.32
2026-09-14 15:00:00,934233.39,,622879.11
2026-09-14 16:00:00,941638.55,,624864.22
2026-09-14 17:00:00,953703.01,,627678.32
2026-09-14 18:00:00,944035.99,,627932.40
2026-09-14 19:00:00,948474.84,,631287.94
2026-09-14 20:00:00,943749.68,,625605.00
2026-09-14 21:00:00,944346.58,,627639.65
2026-09-14 22:00:00,936064.86,,623328.58
2026-09-14 23:00:00,933088.82,,623373.18
2026-09-15 00:00:00,926813.55,,621989.33
2026-09-15 01:00:00,928354.56,,622501.87
2026-09-15 02:00:00,924719.34,,622478.46
2026-09-15 03:00:00,924766.54,,622290.92
2026-09-15 04:00:00,923018.11,,620546.30
2026-09-15 05:00:00,919321.70,,620436.07
2026-09-15 06:00:00,914879.16,,620127.51
2026-09-15 07:00:00,908686.62,,615805.30
2026-09-15 08:00:00,903697.21,,616619.22
2026-09-15 09:00:00,908755.51,,619016.23
2026-09-15 10:00:00,906221.84,,617314.30
2026-09-15 11:00:00,905987.16,,615326.62
2026-09-15 12:00:00,912773.61,,614825.20
2026-09-15 13:00:00,911698.83,,616125.91
2026-09-15 14:00:00,907171.47,,616041.89
2026-09-15 15:00:00,895597.58,,612224.04
2026-09-15 16:00:00,900123.65,,613227.62
2026-09-15 17:00:00,900638.55,,608491.42
2026-09-15 18:00:00,906884.11,,611237.38
2026-09-15 19:00:00,907597.86,,594173.66
2026-09-15 20:00:00,905319.76,,596062.62
2026-09-15 21:00:00,898566.01,,587854.07
2026-09-15 22:00:00,889910.52,,584212.11
2026-09-15 23:00:00,898687.38,,587952.56
2026-09-16 00:00:00,901429.11,,591288.08
2026-09-16 01:00:00,900040.09,,588681.14
2026-09-16 02:00:00,888408.39,,581561.96
2026-09-16 03:00:00,897463.72,,586440.07
2026-09-16 04:00:00,891017.91,,580872.75
2026-09-16 05:00:00,894230.18,,583222.71
2026-09-16 06:00:00,887173.34,,581903.79
2026-09-16 07:00:00,886054.40,,580237.65
2026-09-16 08:00:00,881189.72,,577410.59
2026-09-16 09:00:00,877154.26,,587430.49
2026-09-16 10:00:00,877711.77,,588828.25
2026-09-16 11:00:00,877371.03,,589513.42
2026-09-16 12:00:00,876356.86,,589988.79
2026-09-16 13:00:00,867061.65,,590634.04
2026-09-16 14:00:00,861591.36,,586646.43
2026-09-16 15:00:00,854198.77,,580558.80
2026-09-16 16:00:00,849534.67,,579215.40
2026-09-16 17:00:00,850850.65,,579561.03
2026-09-16 18:00:00,847812.86,,575230.00
2026-09-16 19:00:00,848512.37,,577175.73
2026-09-16 20:00:00,848712.98,,582444.56
2026-09-16 21:00:00,854939.97,,584218.82
2026-09-16 22:00:00,853766.13,,583312.60
2026-09-16 23:00:00,843534.55,,578587.84
2026-09-17 00:00:00,858020.13,,585855.80
2026-09-17 01:00:00,854751.75,,581170.33
2026-09-17 02:00:00,855673.70,,583898.70
2026-09-17 03:00:00,854443.14,,579441.31
2026-09-17 04:00:00,854639.14,,576878.97
2026-09-17 05:00:00,858341.23,,580848.62
2026-09-17 06:00:00,856057.33,,579508.35
2026-09-17 07:00:00,855996.78,,577439.64
2026-09-17 08:00:00,851995.00,,580118.95
2026-09-17 09:00:00,856873.86,,581143.55
2026-09-17 10:00:00,856944.96,,581852.26
2026-09-17 11:00:00,858098.48,,581390.95
2026-09-17 12:00:00,857900.93,,581225.39
2026-09-17 13:00:00,859750.24,,582791.16
2026-09-17 14:00:00,858647.49,,582121.77
2026-09-17 15:00:00,856610.13,,583665.64
2026-09-17 16:00:00,855613.33,,584536.32
2026-09-17 17:00:00,867721.74,,587366.56
2026-09-17 18:00:00,859923.31,,584444.17
2026-09-17 19:00:00,858371.31,,581458.83
2026-09-17 20:00:00,859518.82,,581085.38
2026-09-17 21:00:00,859814.37,,581435.36
2026-09-17 22:00:00,857568.57,,580169.61
2026-09-17 23:00:00,852324.28,,578733.49
2026-09-18 00:00:00,863223.87,,581914.15
2026-09-18 01:00:00,860472.85,,583098.41
2026-09-18 02:00:00,866902.72,,589505.25
2026-09-18 03:00:00,869717.71,,591163.12
2026-09-18 04:00:00,894513.82,,590575.67
2026-09-18 05:00:00,895696.62,,591355.56
2026-09-18 06:00:00,887449.71,,588792.89
2026-09-18 07:00:00,888786.34,,594666.61
2026-09-18 08:00:00,894456.43,,592362.60
2026-09-18 09:00:00,892592.81,,589937.32
2026-09-18 10:00:00,892281.20,,585202.09
2026-09-18 11:00:00,895062.11,,585891.96
2026-09-18 12:00:00,897355.82,,592618.28
2026-09-18 13:00:00,909409.68,,593074.35
2026-09-18 14:00:00,926929.58,,609653.02
2026-09-18 15:00:00,976104.86,,626674.23
2026-09-18 16:00:00,964195.38,,612953.05
2026-09-18 17:00:00,976183.86,,631746.77
2026-09-18 18:00:00,976964.13,,626290.80
2026-09-18 19:00:00,983521.71,,630681.31
2026-09-18 20:00:00,991419.85,,633614.62
2026-09-18 21:00:00,999042.95,,636012.77
2026-09-18 22:00:00,999023.65,,633239.75
2026-09-18 23:00:00,997051.52,,634506.40
2026-09-19 00:00:00,1005018.49,,631929.43
2026-09-19 01:00:00,1000778.45,,629621.66
2026-09-19 02:00:00,988603.32,,629374.07
2026-09-19 03:00:00,977304.07,,630814.82
2026-09-19 04:00:00,969603.86,,626801.68
2026-09-19 05:00:00,966960.98,,626593.12
2026-09-19 06:00:00,962551.38,,621831.47
2026-09-19 07:00:00,973819.70,,629843.04
2026-09-19 08:00:00,981785.99,,638772.38
2026-09-19 09:00:00,1056366.85,,662038.13
2026-09-19 10:00:00,1025021.94,,648745.79
2026-09-19 11:00:00,1034383.15,,656080.50
2026-09-19 12:00:00,1028880.15,,655044.01
2026-09-19 13:00:00,1028865.46,,654097.01
2026-09-19 14:00:00,1028143.50,,647275.42
2026-09-19 15:00:00,1040590.65,,646943.17
2026-09-19 16:00:00,1034577.39,,648161.94
2026-09-19 17:00:00,1025264.82,,653348.40
2026-09-19 18:00:00,1025294.24,,656160.22
2026-09-19 19:00:00,1021040.13,,656096.62
2026-09-19 20:00:00,1022263.20,,655565.99
2026-09-19 21:00:00,1017005.64,,651454.16
2026-09-19 22:00:00,992316.40,,639627.31
2026-09-19 23:00:00,992772.68,,639757.50
2026-09-20 00:00:00,992502.13,,642050.17
2026-09-20 01:00:00,1005814.11,,650027.75
2026-09-20 02:00:00,985324.46,,639023.40
2026-09-20 03:00:00,975550.80,,621018.77
2026-09-20 04:00:00,982634.52,,627324.47
2026-09-20 05:00:00,990740.77,,631611.12
2026-09-20 06:00:00,984734.34,,628661.17
2026-09-20 07:00:00,980067.74,,628731.00
2026-09-20 08:00:00,963107.80,,619562.29
2026-09-20 09:00:00,966565.76,,624067.80
2026-09-20 10:00:00,976991.05,,626276.51
2026-09-20 11:00:00,971412.30,,620168.46
2026-09-20 12:00:00,988381.90,,629267.43
2026-09-20 13:00:00,982579.05,,638005.78
2026-09-20 14:00:00,973149.16,,631914.33
2026-09-20 15:00:00,971617.77,,633340.80
2026-09-20 16:00:00,985687.73,,645063.18
2026-09-20 17:00:00,1000923.78,,651531.84
2026-09-20 18:00:00,998647.51,,650052.86
2026-09-20 19:00:00,991999.50,,644652.14
2026-09-20 20:00:00,994621.98,,644657.34
2026-09-20 21:00:00,997437.61,,645375.58
2026-09-20 22:00:00,998504.59,,646302.49
2026-09-20 23:00:00,994181.08,,647378.84
2026-09-21 00:00:00,992527.16,,645128.52
2026-09-21 01:00:00,1001265.38,,654602.78
2026-09-21 02:00:00,989044.79,,644514.31
2026-09-21 03:00:00,1001040.57,,645003.27
2026-09-21 04:00:00,1161053.34,,713267.18
2026-09-21 05:00:00,1106525.84,,691886.04
2026-09-21 06:00:00,1105795.94,,695381.33
2026-09-21 07:00:00,1103264.76,,710699.18
2026-09-21 08:00:00,1083138.91,,704579.09
2026-09-21 09:00:00,1066313.31,,705518.92
2026-09-21 10:00:00,1051116.54,,713676.59
2026-09-21 11:00:00,1086969.74,,719896.15
2026-09-21 12:00:00,1057384.91,,703528.95
2026-09-21 13:00:00,1052543.78,,711412.80
2026-09-21 14:00:00,1049589.29,,697821.00
2026-09-21 15:00:00,1051822.31,,688888.87
2026-09-21 16:00:00,1063983.49,,697977.86
2026-09-21 17:00:00,1429384.15,,1082988.69
2026-09-21 18:00:00,1309399.39,,912750.28
2026-09-21 19:00:00,1288339.56,,893392.56
2026-09-21 20:00:00,1275552.45,,884663.91
2026-09-21 21:00:00,1269498.58,,870176.72
2026-09-21 22:00:00,1257590.21,,865998.55
2026-09-21 23:00:00,1253702.17,,864422.45
2026-09-22 00:00:00,1237267.93,,851609.49
2026-09-22 01:00:00,1231477.07,,842530.91
2026-09-22 02:00:00,1191291.38,,815521.31
2026-09-22 03:00:00,1194858.31,,814278.56
2026-09-22 04:00:00,1174544.16,,797898.07
2026-09-22 05:00:00,1165018.07,,789934.15
2026-09-22 06:00:00,1115490.22,,784113.89
2026-09-22 07:00:00,1103930.38,,775143.39
2026-09-22 08:00:00,1095363.24,,764406.72
2026-09-22 09:00:00,1088659.51,,766232.51
2026-09-22 10:00:00,1065015.51,,758223.64
2026-09-22 11:00:00,1050447.04,,748627.57
2026-09-22 12:00:00,1043716.58,,743411.60
2026-09-22 13:00:00,1064351.04,,756529.36
2026-09-22 14:00:00,1082008.44,,775596.80
2026-09-22 15:00:00,1075913.59,,785436.03
2026-09-22 16:00:00,1093200.81,,820307.99
2026-09-22 17:00:00,1068084.55,,780361.11
2026-09-22 18:00:00,1061238.31,,763319.21
2026-09-22 19:00:00,1050398.80,,758555.55
2026-09-22 20:00:00,1046199.35,,761405.86
2026-09-22 21:00:00,1045518.34,,762669.10
2026-09-22 22:00:00,1046326.58,,763071.11
2026-09-22 23:00:00,1060843.77,,770331.97
2026-09-23 00:00:00,1077747.25,,781430.38
2026-09-23 01:00:00,1075940.30,,782057.10
2026-09-23 02:00:00,1081281.43,,781168.66
2026-09-23 03:00:00,1085411.26,,783171.47
2026-09-23 04:00:00,1105009.11,,797435.69
2026-09-23 05:00:00,1122651.71,,812632.31
2026-09-23 06:00:00,1112224.12,,815988.37
2026-09-23 07:00:00,1133206.78,,835466.46
2026-09-23 08:00:00,1146417.53,,827721.10
2026-09-23 09:00:00,1165416.66,,829221.70
2026-09-23 10:00:00,1163840.26,,830079.21
2026-09-23 11:00:00,1153137.82,,823236.15
2026-09-23 12:00:00,1132879.45,,810805.32
2026-09-23 13:00:00,1134040.99,,817309.61
2026-09-23 14:00:00,1127577.82,,814293.20
2026-09-23 15:00:00,1074213.21,,764261.45
2026-09-23 16:00:00,1054908.30,,741108.21
2026-09-23 17:00:00,1052549.23,,744514.35
2026-09-23 18:00:00,1051392.18,,744962.41
2026-09-23 19:00:00,1032082.23,,734044.67
2026-09-23 20:00:00,1029375.40,,724231.22
2026-09-23 21:00:00,1017864.06,,714120.02
2026-09-23 22:00:00,1029293.23,,723332.67
2026-09-23 23:00:00,1016245.74,,714313.79
2026-09-24 00:00:00,1016246.29,,727706.69
2026-09-24 01:00:00,1010470.24,,723537.34
2026-09-24 02:00:00,1027776.80,,726096.40
2026-09-24 03:00:00,1044027.74,,737798.97
2026-09-24 04:00:00,1029823.06,,731874.92
2026-09-24 05:00:00,1043915.85,,746903.12
2026-09-24 06:00:00,1044817.54,,739781.34
2026-09-24 07:00:00,1043221.67,,734283.86
2026-09-24 08:00:00,1046632.66,,734194.21
2026-09-24 09:00:00,1032311.48,,724270.81
2026-09-24 10:00:00,1013838.32,,707467.00
2026-09-24 11:00:00,1061033.86,,759615.92
2026-09-24 12:00:00,1051155.80,,752624.49
2026-09-24 13:00:00,1082731.00,,763487.03
2026-09-24 14:00:00,1087751.91,,774312.60
2026-09-24 15:00:00,1100494.81,,771596.82
2026-09-24 16:00:00,1125582.55,,798398.62
2026-09-24 17:00:00,1129849.83,,798479.81
2026-09-24 18:00:00,1135687.24,,800079.27
2026-09-24 19:00:00,1119326.45,,804372.21
2026-09-24 20:00:00,1113399.59,,802698.01
2026-09-24 21:00:00,1119190.77,,801454.84
2026-09-24 22:00:00,1107293.94,,799442.42
2026-09-24 23:00:00,1095359.45,,786848.06
2026-09-25 00:00:00,1105003.36,,795249.95
2026-09-25 01:00:00,1105114.08,,795147.55
2026-09-25 02:00:00,1102329.75,,791071.66
2026-09-25 03:00:00,1089339.98,,779408.06
2026-09-25 04:00:00,1092927.05,,782663.07
2026-09-25 05:00:00,1094787.40,,785238.92
2026-09-25 06:00:00,1092293.33,,784014.13
2026-09-25 07:00:00,1094309.34,,786497.30
2026-09-25 08:00:00,1108433.33,,794238.52
2026-09-25 09:00:00,1124116.71,,804021.44
2026-09-25 10:00:00,1107562.04,,797281.71
2026-09-25 11:00:00,1226235.03,,830815.16
2026-09-25 12:00:00,1177600.42,,819748.57
2026-09-25 13:00:00,1156505.07,,827186.72
2026-09-25 14:00:00,1130163.80,,827177.23
2026-09-25 15:00:00,1137293.11,,835074.40
2026-09-25 16:00:00,1134802.32,,831521.57
2026-09-25 17:00:00,1136128.00,,830340.19
2026-09-25 18:00:00,1145676.79,,837412.93
2026-09-25 19:00:00,1138116.12,,835239.49
2026-09-25 20:00:00,1129666.58,,828891.42
2026-09-25 21:00:00,1133865.85,,832245.02
2026-09-25 22:00:00,1129853.05,,828500.96
2026-09-25 23:00:00,1142601.50,,834255.51
2026-09-26 00:00:00,1147469.63,,839557.54
2026-09-26 01:00:00,1146395.49,,842826.57
2026-09-26 02:00:00,1161615.06,,851447.84
2026-09-26 03:00:00,1165804.35,,857867.14
2026-09-26 04:00:00,1158787.74,,853053.41
2026-09-26 05:00:00,1159412.01,,849875.92
2026-09-26 06:00:00,1159701.11,,850919.57
2026-09-26 07:00:00,1169314.99,,857392.36
2026-09-26 08:00:00,1173392.97,,861382.90
2026-09-26 09:00:00,1167657.38,,857476.21
2026-09-26 10:00:00,1161727.72,,854763.20
2026-09-26 11:00:00,1167210.12,,861589.50
2026-09-26 12:00:00,1160828.73,,856368.29
2026-09-26 13:00:00,1165929.29,,857812.28
2026-09-26 14:00:00,1145109.72,,811644.74
2026-09-26 15:00:00,1162343.34,,815584.21
2026-09-26 16:00:00,1167881.79,,815982.20
2026-09-26 17:00:00,1166893.62,,807646.41
2026-09-26 18:00:00,1158910.40,,800084.79
2026-09-26 19:00:00,1142167.44,,791654.79
2026-09-26 20:00:00,1139470.59,,789097.57
2026-09-26 21:00:00,1130853.43,,780034.92
2026-09-26 22:00:00,1136192.20,,764773.66
2026-09-26 23:00:00,1150772.29,,770664.74
2026-09-27 00:00:00,1165609.96,,775011.30
2026-09-27 01:00:00,1159910.32,,767598.13
2026-09-27 02:00:00,1166011.42,,770667.26
2026-09-27 03:00:00,1170387.87,,767700.72
2026-09-27 04:00:00,1170778.41,,769678.46
2026-09-27 05:00:00,1160273.09,,761458.87
2026-09-27 06:00:00,1173734.23,,747037.95
2026-09-27 07:00:00,1176744.99,,746602.78
2026-09-27 08:00:00,1201001.69,,756371.48
2026-09-27 09:00:00,1209326.71,,757856.10
