time,oi_A,oi_6,oi_3
2026-05-24 12:00:00,17949479.20,,4968706.65
2026-05-24 13:00:00,17879650.68,,4926987.11
2026-05-24 14:00:00,18082002.97,,4998702.49
2026-05-24 15:00:00,18643357.25,,5025259.58
2026-05-24 16:00:00,18734378.23,,4995391.64
2026-05-24 17:00:00,18858485.30,,4943140.62
2026-05-24 18:00:00,18693876.33,,4888604.35
2026-05-24 19:00:00,18668071.26,,4897252.84
2026-05-24 20:00:00,18574618.02,,4880007.06
2026-05-24 21:00:00,18823031.49,,4914199.12
2026-05-24 22:00:00,18538620.59,,4844450.79
2026-05-24 23:00:00,18699292.59,,4848277.56
2026-05-25 00:00:00,18744094.18,,4851695.30
2026-05-25 01:00:00,18682587.24,,4871791.31
2026-05-25 02:00:00,19161739.00,,5014204.15
2026-05-25 03:00:00,18852209.00,,4974005.57
2026-05-25 04:00:00,18531811.28,,4873888.87
2026-05-25 05:00:00,18969903.90,,5013531.95
2026-05-25 06:00:00,19101523.66,,5061071.54
2026-05-25 07:00:00,19350170.29,,5073095.86
2026-05-25 08:00:00,19440665.88,,5064874.82
2026-05-25 09:00:00,19134082.10,,4922909.43
2026-05-25 10:00:00,19185326.23,,5103654.27
2026-05-25 11:00:00,19113171.96,,5050234.04
2026-05-25 12:00:00,18935677.01,,4955505.28
2026-05-25 13:00:00,19395284.72,,4973789.34
2026-05-25 14:00:00,19005556.89,,4797496.50
2026-05-25 15:00:00,19172635.38,,4879435.62
2026-05-25 16:00:00,19187582.98,,4870179.05
2026-05-25 17:00:00,19201019.63,,4870555.13
2026-05-25 18:00:00,19148910.93,,4873133.21
2026-05-25 19:00:00,19230086.02,,4895216.08
2026-05-25 20:00:00,19196903.01,,4964878.76
2026-05-25 21:00:00,19023081.11,,4907868.04
2026-05-25 22:00:00,18992938.32,,4908356.12
2026-05-25 23:00:00,18636891.19,,4818586.72
2026-05-26 00:00:00,18580587.70,,4871066.11
2026-05-26 01:00:00,18153036.01,,4646986.24
2026-05-26 02:00:00,18101392.25,,4607235.73
2026-05-26 03:00:00,18113685.67,,4608483.90
2026-05-26 04:00:00,18453116.25,,4681574.49
2026-05-26 05:00:00,18674717.36,,4733041.24
2026-05-26 06:00:00,18618980.65,,4746346.35
2026-05-26 07:00:00,18823926.38,,4819336.70
2026-05-26 08:00:00,19338066.73,,5114185.91
2026-05-26 09:00:00,18855665.82,,4891294.72
2026-05-26 10:00:00,18652746.22,,4870024.73
2026-05-26 11:00:00,18384603.76,,4587195.37
2026-05-26 12:00:00,18663033.92,,4714804.79
2026-05-26 13:00:00,18899488.26,,4656056.40
2026-05-26 14:00:00,18750614.03,,4769078.91
2026-05-26 15:00:00,18539859.42,,4659218.78
2026-05-26 16:00:00,18126968.86,,4560397.53
2026-05-26 17:00:00,18229534.50,,4467550.10
2026-05-26 18:00:00,18283376.60,,4372497.26
2026-05-26 19:00:00,18441535.21,,4389025.80
2026-05-26 20:00:00,18525580.42,,4375669.72
2026-05-26 21:00:00,18664133.30,,4357797.33
2026-05-26 22:00:00,17151000.44,,4011130.22
2026-05-26 23:00:00,17295470.00,,3967982.23
2026-05-27 00:00:00,17222168.80,,3877951.38
2026-05-27 01:00:00,17236496.32,,3882514.04
2026-05-27 02:00:00,17128028.27,,3856391.31
2026-05-27 03:00:00,18355918.34,,4310930.43
2026-05-27 04:00:00,18020038.67,,4311750.89
2026-05-27 05:00:00,18224951.99,,4373735.60
2026-05-27 06:00:00,18207582.33,,4432591.85
2026-05-27 07:00:00,18281640.40,,4458703.05
2026-05-27 08:00:00,18697974.80,,4522909.08
2026-05-27 09:00:00,18281682.05,,4396396.29
2026-05-27 10:00:00,18109189.35,,4361415.17
2026-05-27 11:00:00,18425715.25,,4442533.57
2026-05-27 12:00:00,18452808.79,,4459879.61
2026-05-27 13:00:00,18515906.34,,4504699.32
2026-05-27 14:00:00,18756758.87,,4503616.15
2026-05-27 15:00:00,18263737.46,,4403365.62
2026-05-27 16:00:00,18323913.91,,4385690.95
2026-05-27 17:00:00,18359022.05,,4378657.56
2026-05-27 18:00:00,18188126.58,,4333012.62
2026-05-27 19:00:00,18212034.95,,4349630.16
2026-05-27 20:00:00,18244873.57,,4301927.15
2026-05-27 21:00:00,18385169.83,,4308439.37
2026-05-27 22:00:00,18303070.90,,4271714.08
2026-05-27 23:00:00,17762746.89,,4143084.32
2026-05-28 00:00:00,17720510.73,,4095728.31
2026-05-28 01:00:00,17687149.78,,4049506.48
2026-05-28 02:00:00,17558045.92,,4019191.18
2026-05-28 03:00:00,18875097.22,,4302764.30
2026-05-28 04:00:00,19294451.81,,4545424.41
2026-05-28 05:00:00,18608097.69,,4374542.01
2026-05-28 06:00:00,18606491.40,,4354608.04
2026-05-28 07:00:00,18930724.44,,4361457.42
2026-05-28 08:00:00,18698943.86,,4311459.17
2026-05-28 09:00:00,18688505.17,,4290703.31
2026-05-28 10:00:00,18798335.25,,4310552.70
2026-05-28 11:00:00,18840964.18,,4352213.27
2026-05-28 12:00:00,19221304.07,,4451672.38
2026-05-28 13:00:00,19362180.08,,4472545.77
2026-05-28 14:00:00,19001007.05,,4358407.30
2026-05-28 15:00:00,18978971.32,,4343365.80
2026-05-28 16:00:00,18969299.63,,4347882.66
2026-05-28 17:00:00,20627643.84,,4680046.21
2026-05-28 18:00:00,20732285.84,,4705326.88
2026-05-28 19:00:00,21441783.88,,4820034.65
2026-05-28 20:00:00,22055877.26,,4866529.81
2026-05-28 21:00:00,21449193.46,,4662493.97
2026-05-28 22:00:00,21556900.10,,4677121.41
2026-05-28 23:00:00,21133295.47,,4530489.40
2026-05-29 00:00:00,21324664.04,,4514988.75
2026-05-29 01:00:00,21032274.11,,4430518.32
2026-05-29 02:00:00,21268559.23,,4474514.58
2026-05-29 03:00:00,21179318.87,,4415009.56
2026-05-29 04:00:00,21424103.29,,4479560.13
2026-05-29 05:00:00,21452985.72,,4502875.10
2026-05-29 06:00:00,21342374.00,,4454939.48
2026-05-29 07:00:00,21244749.77,,4431991.50
2026-05-29 08:00:00,20671538.74,,4302425.84
2026-05-29 09:00:00,20547734.09,,4274458.61
2026-05-29 10:00:00,20273852.31,,4219335.39
2026-05-29 11:00:00,20390415.88,,4231357.45
2026-05-29 12:00:00,19913274.99,,4128085.35
2026-05-29 13:00:00,19873570.42,,4130030.27
2026-05-29 14:00:00,19837776.54,,4117548.60
2026-05-29 15:00:00,19933049.14,,4112915.80
2026-05-29 16:00:00,20111623.77,,4106646.67
2026-05-29 17:00:00,20032860.18,,4191054.51
2026-05-29 18:00:00,19756650.20,,4152885.98
2026-05-29 19:00:00,20211296.17,,4184254.56
2026-05-29 20:00:00,20134615.05,,4169978.87
2026-05-29 21:00:00,20257839.63,,4212237.19
2026-05-29 22:00:00,20394498.43,,4236358.58
2026-05-29 23:00:00,20659567.82,,4314732.79
2026-05-30 00:00:00,20869370.36,,4362236.11
2026-05-30 01:00:00,21040180.07,,4381865.79
2026-05-30 02:00:00,21714871.39,,4469824.59
2026-05-30 03:00:00,21289716.18,,4376587.91
2026-05-30 04:00:00,21320383.13,,4380442.85
2026-05-30 05:00:00,21616200.97,,4423499.52
2026-05-30 06:00:00,21504520.95,,4380493.51
2026-05-30 07:00:00,21221036.47,,4324673.94
2026-05-30 08:00:00,21240339.62,,4292648.50
2026-05-30 09:00:00,21102710.40,,4240584.59
2026-05-30 10:00:00,21261196.52,,4272704.43
2026-05-30 11:00:00,21349445.03,,4280502.02
2026-05-30 12:00:00,21394114.28,,4319926.30
2026-05-30 13:00:00,21370085.03,,4313535.39
2026-05-30 14:00:00,21557474.24,,4323791.33
2026-05-30 15:00:00,21525583.38,,4280378.89
2026-05-30 16:00:00,21322679.63,,4213205.25
2026-05-30 17:00:00,21843136.62,,4258938.39
2026-05-30 18:00:00,21958148.99,,4237078.10
2026-05-30 19:00:00,21921644.86,,4229765.10
2026-05-30 20:00:00,22025920.18,,4241213.95
2026-05-30 21:00:00,22143656.99,,4249040.30
2026-05-30 22:00:00,22082892.15,,4229847.89
2026-05-30 23:00:00,22294041.91,,4235004.61
2026-05-31 00:00:00,22158001.32,,4210128.64
2026-05-31 01:00:00,22024815.94,,4201209.03
2026-05-31 02:00:00,22191501.51,,4243594.75
2026-05-31 03:00:00,21974022.13,,4195906.94
2026-05-31 04:00:00,22548403.11,,4237875.46
2026-05-31 05:00:00,22873400.08,,4251226.54
2026-05-31 06:00:00,23182649.89,,4311865.26
2026-05-31 07:00:00,23544675.13,,4390800.27
2026-05-31 08:00:00,23865351.44,,4457580.46
2026-05-31 09:00:00,23659471.85,,4407069.17
2026-05-31 10:00:00,23438655.02,,4336672.28
2026-05-31 11:00:00,23313582.28,,4305842.37
2026-05-31 12:00:00,23143092.21,,4272982.73
2026-05-31 13:00:00,23144304.60,,4246005.31
2026-05-31 14:00:00,23115045.77,,4215533.54
2026-05-31 15:00:00,23130317.74,,4209499.56
2026-05-31 16:00:00,23187170.05,,4216852.94
2026-05-31 17:00:00,24139964.76,,4363472.49
2026-05-31 18:00:00,25141945.05,,4439493.51
2026-05-31 19:00:00,26379882.63,,4565033.73
2026-05-31 20:00:00,25787572.46,,4451621.77
2026-05-31 21:00:00,25827472.48,,4433495.35
2026-05-31 22:00:00,25839619.75,,4416418.81
2026-05-31 23:00:00,26258269.27,,4496447.68
2026-06-01 00:00:00,26361055.60,,4488011.41
2026-06-01 01:00:00,26188322.00,,4413323.66
2026-06-01 02:00:00,26075430.08,,4385856.05
2026-06-01 03:00:00,26068399.41,,4384897.25
2026-06-01 04:00:00,26426058.38,,4470659.25
2026-06-01 05:00:00,27209737.16,,4592680.64
2026-06-01 06:00:00,26806877.20,,4548394.54
2026-06-01 07:00:00,25421771.16,,4373090.02
2026-06-01 08:00:00,26321196.03,,4605878.07
2026-06-01 09:00:00,26778896.78,,4676074.02
2026-06-01 10:00:00,26687756.33,,4671613.70
2026-06-01 11:00:00,26949286.21,,4712756.61
2026-06-01 12:00:00,27052992.29,,4712016.12
2026-06-01 13:00:00,27005010.67,,4695366.26
2026-06-01 14:00:00,26821386.78,,4707923.72
2026-06-01 15:00:00,26956103.30,,4740361.36
2026-06-01 16:00:00,26981173.61,,4798081.91
2026-06-01 17:00:00,26983257.40,,4759332.03
2026-06-01 18:00:00,26805068.38,,4733712.07
2026-06-01 19:00:00,26791270.93,,4705646.37
2026-06-01 20:00:00,26604257.83,,4651392.38
2026-06-01 21:00:00,26576183.24,,4650573.11
2026-06-01 22:00:00,26446987.07,,4624158.58
2026-06-01 23:00:00,26472963.62,,4610146.50
2026-06-02 00:00:00,26496590.24,,4636084.38
2026-06-02 01:00:00,26390377.29,,4588621.00
2026-06-02 02:00:00,26376886.20,,4579753.91
2026-06-02 03:00:00,26398751.21,,4588682.92
2026-06-02 04:00:00,26700822.35,,4631678.69
2026-06-02 05:00:00,26613331.25,,4635010.68
2026-06-02 06:00:00,26620428.16,,4632475.65
2026-06-02 07:00:00,26635986.29,,4629508.53
2026-06-02 08:00:00,26639082.95,,4615312.10
2026-06-02 09:00:00,26581677.81,,4600771.83
2026-06-02 10:00:00,27004241.96,,4637113.37
2026-06-02 11:00:00,28504567.50,,4938709.26
2026-06-02 12:00:00,28762384.82,,4932795.16
2026-06-02 13:00:00,30096045.56,,5101722.93
2026-06-02 14:00:00,30393068.47,,5160760.53
2026-06-02 15:00:00,29763707.21,,5080988.92
2026-06-02 16:00:00,29585400.00,,5039204.74
2026-06-02 17:00:00,30024062.02,,5076548.77
2026-06-02 18:00:00,29807920.46,,5066622.69
2026-06-02 19:00:00,28861983.53,,4905443.28
2026-06-02 20:00:00,28317043.83,,4796698.02
2026-06-02 21:00:00,29008501.83,,4894976.96
2026-06-02 22:00:00,28745570.50,,4842564.14
2026-06-02 23:00:00,27840659.26,,4680266.69
2026-06-03 00:00:00,27884299.03,,4691149.45
2026-06-03 01:00:00,27852621.02,,4665928.38
2026-06-03 02:00:00,28006422.68,,4737780.37
2026-06-03 03:00:00,27662714.31,,4688106.11
2026-06-03 04:00:00,26789701.47,,4525550.12
2026-06-03 05:00:00,27813083.79,,4692529.25
2026-06-03 06:00:00,27722938.61,,4733237.19
2026-06-03 07:00:00,27926483.14,,4791133.70
2026-06-03 08:00:00,28024124.39,,4847040.82
2026-06-03 09:00:00,28152323.66,,4898788.92
2026-06-03 10:00:00,28062175.63,,4940288.05
2026-06-03 11:00:00,28191117.01,,4994301.10
2026-06-03 12:00:00,28210508.67,,5043693.20
2026-06-03 13:00:00,28288405.08,,5040797.27
2026-06-03 14:00:00,28068822.24,,5052424.36
2026-06-03 15:00:00,28010253.09,,5064264.83
2026-06-03 16:00:00,27812249.37,,5029559.28
2026-06-03 17:00:00,27905726.89,,4992288.15
2026-06-03 18:00:00,28241264.73,,4970381.94
2026-06-03 19:00:00,28668554.99,,4997244.04
2026-06-03 20:00:00,29939436.32,,5227350.81
2026-06-03 21:00:00,28874144.35,,5082859.31
2026-06-03 22:00:00,29268610.06,,5092758.90
2026-06-03 23:00:00,28870466.19,,5037807.26
2026-06-04 00:00:00,29011339.48,,5144458.80
2026-06-04 01:00:00,29221389.92,,5191006.96
2026-06-04 02:00:00,29700004.37,,5280200.14
2026-06-04 03:00:00,30178162.98,,5406627.51
2026-06-04 04:00:00,30397603.11,,5441562.57
2026-06-04 05:00:00,30047814.66,,5394682.92
2026-06-04 06:00:00,29934015.93,,5372729.19
2026-06-04 07:00:00,30141839.28,,5377443.39
2026-06-04 08:00:00,29917623.06,,5359544.05
2026-06-04 09:00:00,30605905.94,,5474581.69
2026-06-04 10:00:00,30840436.38,,5580901.15
2026-06-04 11:00:00,30765870.59,,5546470.59
2026-06-04 12:00:00,30888573.25,,5543963.09
2026-06-04 13:00:00,31486032.48,,5706276.20
2026-06-04 14:00:00,30843031.42,,5579812.46
2026-06-04 15:00:00,30473063.68,,5522550.24
2026-06-04 16:00:00,30967464.28,,5649833.32
2026-06-04 17:00:00,31109545.06,,5671942.21
2026-06-04 18:00:00,31023641.75,,5656397.17
2026-06-04 19:00:00,31011712.82,,5669760.37
2026-06-04 20:00:00,31633037.45,,5762229.61
2026-06-04 21:00:00,31447962.05,,5731591.12
2026-06-04 22:00:00,31390926.44,,5726622.14
2026-06-04 23:00:00,31688269.50,,5812291.04
2026-06-05 00:00:00,31241375.61,,5748856.22
2026-06-05 01:00:00,31043952.99,,5752021.19
2026-06-05 02:00:00,30440489.58,,5588321.02
2026-06-05 03:00:00,31582305.79,,5783577.86
2026-06-05 04:00:00,31780840.17,,5793072.65
2026-06-05 05:00:00,32194178.79,,5852478.91
2026-06-05 06:00:00,32169815.98,,5818859.96
2026-06-05 07:00:00,31888519.84,,5697802.84
2026-06-05 08:00:00,32477610.65,,5726248.80
2026-06-05 09:00:00,32885261.74,,5780336.58
2026-06-05 10:00:00,34112414.87,,6137877.25
2026-06-05 11:00:00,33152195.42,,5914674.35
2026-06-05 12:00:00,32135054.06,,5575705.53
2026-06-05 13:00:00,32643492.76,,5676353.24
2026-06-05 14:00:00,32557874.61,,5690668.78
2026-06-05 15:00:00,33003936.99,,5728926.40
2026-06-05 16:00:00,32025198.96,,5525450.81
2026-06-05 17:00:00,32525502.04,,5581140.40
2026-06-05 18:00:00,32256904.57,,5472906.50
2026-06-05 19:00:00,32567849.56,,5536188.75
2026-06-05 20:00:00,33239136.23,,5661034.37
2026-06-05 21:00:00,33407656.58,,5599189.14
2026-06-05 22:00:00,33740049.11,,5630754.96
2026-06-05 23:00:00,33403982.43,,5578075.95
2026-06-06 00:00:00,33379260.53,,5546138.95
2026-06-06 01:00:00,33610948.04,,5620859.53
2026-06-06 02:00:00,33344571.31,,5564340.29
2026-06-06 03:00:00,32974506.68,,5476411.22
2026-06-06 04:00:00,33223499.62,,5478342.62
2026-06-06 05:00:00,32653305.34,,5337579.79
2026-06-06 06:00:00,33156208.49,,5418657.07
2026-06-06 07:00:00,33684649.71,,5500004.49
2026-06-06 08:00:00,33833713.86,,5501720.14
2026-06-06 09:00:00,33835966.74,,5509343.07
2026-06-06 10:00:00,33709979.20,,5492097.40
2026-06-06 11:00:00,33796694.51,,5542390.71
2026-06-06 12:00:00,33804379.13,,5508281.36
2026-06-06 13:00:00,34045927.29,,5533088.70
2026-06-06 14:00:00,33865678.79,,5495610.55
2026-06-06 15:00:00,33630937.82,,5453514.57
2026-06-06 16:00:00,33845858.44,,5486822.20
2026-06-06 17:00:00,33855785.17,,5556628.30
2026-06-06 18:00:00,33972610.27,,5584234.16
2026-06-06 19:00:00,33796660.25,,5521971.42
2026-06-06 20:00:00,33783758.37,,5509977.96
2026-06-06 21:00:00,33975478.02,,5542335.00
2026-06-06 22:00:00,33911312.07,,5526984.53
2026-06-06 23:00:00,34008232.36,,5516054.76
2026-06-07 00:00:00,34073398.22,,5526518.92
2026-06-07 01:00:00,34098809.24,,5538649.15
2026-06-07 02:00:00,34710518.13,,5668123.84
2026-06-07 03:00:00,34656758.24,,5669602.59
2026-06-07 04:00:00,34415541.46,,5632065.94
2026-06-07 05:00:00,34164360.54,,5586041.71
2026-06-07 06:00:00,34086914.80,,5612464.72
2026-06-07 07:00:00,34250659.45,,5639099.74
2026-06-07 08:00:00,34669525.75,,5687506.07
2026-06-07 09:00:00,34394292.86,,5637343.73
2026-06-07 10:00:00,34410526.70,,5645618.66
2026-06-07 11:00:00,34738537.30,,5664884.45
2026-06-07 12:00:00,35970926.35,,5857706.03
2026-06-07 13:00:00,35927342.66,,5821800.78
2026-06-07 14:00:00,36849096.90,,5993211.44
2026-06-07 15:00:00,37806646.11,,6183268.73
2026-06-07 16:00:00,36816712.64,,6082096.75
2026-06-07 17:00:00,37409463.82,,6104455.89
2026-06-07 18:00:00,39048502.91,,6350957.04
2026-06-07 19:00:00,39873444.42,,6443874.88
2026-06-07 20:00:00,39636557.55,,6413830.68
2026-06-07 21:00:00,40028257.66,,6433169.95
2026-06-07 22:00:00,40131139.54,,6392648.02
2026-06-07 23:00:00,40685300.11,,6457869.19
2026-06-08 00:00:00,40847440.64,,6493740.15
2026-06-08 01:00:00,41499982.45,,6676199.45
2026-06-08 02:00:00,41639538.64,,6773008.32
2026-06-08 03:00:00,40682785.96,,6644020.85
2026-06-08 04:00:00,41538218.40,,6795967.40
2026-06-08 05:00:00,39390696.93,,6217515.48
2026-06-08 06:00:00,38620033.74,,5971139.28
2026-06-08 07:00:00,40066092.42,,6292661.89
2026-06-08 08:00:00,39194230.20,,6137495.36
2026-06-08 09:00:00,40577848.47,,6357120.08
2026-06-08 10:00:00,42839801.80,,6916604.84
2026-06-08 11:00:00,42392558.29,,6855166.21
2026-06-08 12:00:00,41605393.92,,6578208.15
2026-06-08 13:00:00,41453315.79,,6530875.33
2026-06-08 14:00:00,40672786.34,,6364477.00
2026-06-08 15:00:00,41139987.40,,6535925.33
2026-06-08 16:00:00,41859284.29,,6644398.32
2026-06-08 17:00:00,40144880.28,,6357665.21
2026-06-08 18:00:00,39660240.34,,6247780.57
2026-06-08 19:00:00,38943105.60,,6133738.46
2026-06-08 20:00:00,38207754.10,,6018732.79
2026-06-08 21:00:00,38465568.21,,6031763.21
2026-06-08 22:00:00,38275193.85,,6049203.48
2026-06-08 23:00:00,37974296.78,,6035315.08
2026-06-09 00:00:00,37433874.51,,6037215.68
2026-06-09 01:00:00,38627881.40,,6170347.72
2026-06-09 02:00:00,37863941.83,,6014501.81
2026-06-09 03:00:00,11754597.99,,2221067.05
2026-06-09 04:00:00,11181257.38,,2952677.93
2026-06-09 05:00:00,10560382.15,,2755209.19
2026-06-09 06:00:00,10014025.44,,2770572.48
2026-06-09 07:00:00,10329063.48,,2956249.32
2026-06-09 08:00:00,10956571.39,,3188146.96
2026-06-09 09:00:00,11450835.27,,3338136.27
2026-06-09 10:00:00,12351634.16,,3520714.74
2026-06-09 11:00:00,12968630.70,,3828232.94
2026-06-09 12:00:00,15265697.81,,4455341.57
2026-06-09 13:00:00,13673443.38,,4104920.85
2026-06-09 14:00:00,12547849.76,,3834561.64
2026-06-09 15:00:00,12793191.33,,3780501.30
2026-06-09 16:00:00,12434826.87,,3570312.23
2026-06-09 17:00:00,12540999.05,,3632427.39
2026-06-09 18:00:00,12547548.94,,3601349.95
2026-06-09 19:00:00,12487302.65,,3380492.51
2026-06-09 20:00:00,12842487.41,,3477284.42
2026-06-09 21:00:00,12987002.13,,3414638.00
2026-06-09 22:00:00,12812573.11,,3384596.94
2026-06-09 23:00:00,12678335.94,,3322650.00
2026-06-10 00:00:00,12968865.18,,3442304.70
2026-06-10 01:00:00,13066273.56,,3565809.93
2026-06-10 02:00:00,13887179.88,,3744713.56
2026-06-10 03:00:00,13770537.25,,3561714.93
2026-06-10 04:00:00,13957594.61,,3696959.78
2026-06-10 05:00:00,14010050.59,,3729134.57
2026-06-10 06:00:00,14071558.51,,3737874.71
2026-06-10 07:00:00,14737439.85,,3881136.23
2026-06-10 08:00:00,14354451.71,,3666298.87
2026-06-10 09:00:00,13663582.15,,3469277.25
2026-06-10 10:00:00,13570515.80,,3453788.33
2026-06-10 11:00:00,13535489.87,,3455587.55
2026-06-10 12:00:00,13441732.03,,3389598.72
2026-06-10 13:00:00,13457369.67,,3322981.36
2026-06-10 14:00:00,13282283.74,,3268526.47
2026-06-10 15:00:00,13118724.87,,3190408.64
2026-06-10 16:00:00,13077940.92,,3090833.73
2026-06-10 17:00:00,12419352.23,,2889071.41
2026-06-10 18:00:00,12388403.41,,2829775.24
2026-06-10 19:00:00,12415370.73,,2835555.08
2026-06-10 20:00:00,12553852.44,,2813548.51
2026-06-10 21:00:00,12168383.68,,2672072.72
2026-06-10 22:00:00,11661356.07,,2542255.88
2026-06-10 23:00:00,11848090.73,,2556579.96
2026-06-11 00:00:00,11874320.98,,2564717.62
2026-06-11 01:00:00,11689348.74,,2564280.63
2026-06-11 02:00:00,11587032.88,,2579282.48
2026-06-11 03:00:00,11442860.63,,2471719.20
2026-06-11 04:00:00,11600391.77,,2511174.40
2026-06-11 05:00:00,12028985.16,,2596101.87
2026-06-11 06:00:00,11768718.69,,2541710.83
2026-06-11 07:00:00,11904443.77,,2604799.78
2026-06-11 08:00:00,11953031.98,,2597816.32
2026-06-11 09:00:00,12558591.08,,2700641.18
2026-06-11 10:00:00,12497287.11,,2840742.97
2026-06-11 11:00:00,12722160.25,,2858516.25
2026-06-11 12:00:00,12236484.83,,2758039.22
2026-06-11 13:00:00,12166793.85,,2764956.23
2026-06-11 14:00:00,12382925.56,,2780204.59
2026-06-11 15:00:00,12087238.65,,2691450.34
2026-06-11 16:00:00,12129052.09,,2607069.71
2026-06-11 17:00:00,11759959.46,,2478157.74
2026-06-11 18:00:00,12103884.78,,2558901.37
2026-06-11 19:00:00,12009953.78,,2533958.20
2026-06-11 20:00:00,12071131.15,,2519978.16
2026-06-11 21:00:00,12186622.80,,2515427.55
2026-06-11 22:00:00,12360831.53,,2540377.35
2026-06-11 23:00:00,12554734.18,,2631649.30
2026-06-12 00:00:00,12657021.89,,2646050.10
2026-06-12 01:00:00,12656920.27,,2598438.84
2026-06-12 02:00:00,12490536.31,,2607046.02
2026-06-12 03:00:00,12611009.60,,2592491.16
2026-06-12 04:00:00,12389196.94,,2541666.31
2026-06-12 05:00:00,12490638.20,,2540329.47
2026-06-12 06:00:00,12541833.24,,2580655.78
2026-06-12 07:00:00,12514362.95,,2580620.49
2026-06-12 08:00:00,12392417.61,,2541674.24
2026-06-12 09:00:00,12156090.99,,2511391.77
2026-06-12 10:00:00,12160954.69,,2408677.81
2026-06-12 11:00:00,12193916.42,,2440155.04
2026-06-12 12:00:00,12225032.28,,2487869.45
2026-06-12 13:00:00,12179874.74,,2473891.27
2026-06-12 14:00:00,12336833.46,,2505762.22
2026-06-12 15:00:00,12283434.04,,2524889.58
2026-06-12 16:00:00,12059937.73,,2500367.55
2026-06-12 17:00:00,11874604.42,,2446497.54
2026-06-12 18:00:00,11830791.87,,2436127.56
2026-06-12 19:00:00,11660727.34,,2381854.05
2026-06-12 20:00:00,11627639.06,,2353858.59
2026-06-12 21:00:00,11614021.95,,2315598.33
2026-06-12 22:00:00,11592593.21,,2336121.15
2026-06-12 23:00:00,11694597.75,,2373576.97
2026-06-13 00:00:00,11825431.08,,2398910.21
2026-06-13 01:00:00,11620783.28,,2310924.84
2026-06-13 02:00:00,11715959.77,,2373008.93
2026-06-13 03:00:00,11710118.46,,2385363.51
2026-06-13 04:00:00,11569529.75,,2348611.43
2026-06-13 05:00:00,11545580.49,,2344789.13
2026-06-13 06:00:00,11558766.20,,2342886.14
2026-06-13 07:00:00,11722112.33,,2309430.01
2026-06-13 08:00:00,11837339.33,,2347990.59
2026-06-13 09:00:00,11591523.74,,2284959.79
2026-06-13 10:00:00,11652332.67,,2279016.45
2026-06-13 11:00:00,11540344.77,,2250388.54
2026-06-13 12:00:00,11665015.56,,2251614.33
2026-06-13 13:00:00,11637978.35,,2260136.58
2026-06-13 14:00:00,11674807.34,,2275434.66
2026-06-13 15:00:00,11780402.99,,2283943.85
2026-06-13 16:00:00,11808267.59,,2327061.50
2026-06-13 17:00:00,11768174.18,,2343110.70
2026-06-13 18:00:00,11670098.67,,2316068.00
2026-06-13 19:00:00,11667982.00,,2307911.96
2026-06-13 20:00:00,11696915.79,,2307070.26
2026-06-13 21:00:00,11627121.99,,2312082.60
2026-06-13 22:00:00,11709157.67,,2353786.65
2026-06-13 23:00:00,11693932.17,,2347777.35
2026-06-14 00:00:00,11781897.04,,2342444.22
2026-06-14 01:00:00,12022372.46,,2436930.04
2026-06-14 02:00:00,11963503.26,,2417159.74
2026-06-14 03:00:00,12103291.89,,2489453.29
2026-06-14 04:00:00,12468564.54,,2572826.86
2026-06-14 05:00:00,12197543.95,,2476230.29
2026-06-14 06:00:00,12118707.28,,2477257.79
2026-06-14 07:00:00,12011964.29,,2465765.35
2026-06-14 08:00:00,12106936.33,,2503051.50
2026-06-14 09:00:00,11914907.66,,2436727.98
2026-06-14 10:00:00,11893857.78,,2433132.15
2026-06-14 11:00:00,12098619.27,,2515945.57
2026-06-14 12:00:00,12002499.78,,2512588.52
2026-06-14 13:00:00,11617065.02,,2379502.63
2026-06-14 14:00:00,11490407.00,,2312007.88
2026-06-14 15:00:00,11456083.96,,2385512.07
2026-06-14 16:00:00,11426124.24,,2417740.55
2026-06-14 17:00:00,11531540.18,,2451622.65
2026-06-14 18:00:00,11283543.83,,2352286.24
2026-06-14 19:00:00,11493803.11,,2355552.09
2026-06-14 20:00:00,11559167.87,,2388474.76
2026-06-14 21:00:00,11516210.16,,2356415.52
2026-06-14 22:00:00,11950011.89,,2427553.36
2026-06-14 23:00:00,11972279.29,,2431398.97
2026-06-15 00:00:00,12156282.37,,2492267.17
2026-06-15 01:00:00,12096445.26,,2517504.04
2026-06-15 02:00:00,12119314.12,,2489121.46
2026-06-15 03:00:00,12211230.69,,2468042.37
2026-06-15 04:00:00,12321665.05,,2444283.39
2026-06-15 05:00:00,12445537.55,,2460028.17
2026-06-15 06:00:00,12363545.18,,2454359.66
2026-06-15 07:00:00,12357351.06,,2377808.46
2026-06-15 08:00:00,12265561.66,,2370244.54
2026-06-15 09:00:00,11991257.50,,2294770.42
2026-06-15 10:00:00,11979056.99,,2308628.81
2026-06-15 11:00:00,12109294.49,,2272428.01
2026-06-15 12:00:00,11952942.00,,2210544.37
2026-06-15 13:00:00,12215454.40,,2219522.86
2026-06-15 14:00:00,12184225.12,,2316115.66
2026-06-15 15:00:00,12145759.88,,2278248.72
2026-06-15 16:00:00,12113006.14,,2351002.80
2026-06-15 17:00:00,11637638.51,,2292239.68
2026-06-15 18:00:00,11550311.39,,2225144.54
2026-06-15 19:00:00,11655617.13,,2233555.41
2026-06-15 20:00:00,11589514.01,,2224382.06
2026-06-15 21:00:00,11319588.35,,2149015.27
2026-06-15 22:00:00,11315650.11,,2160027.30
2026-06-15 23:00:00,11121116.41,,2118105.56
2026-06-16 00:00:00,11320820.13,,2188514.47
2026-06-16 01:00:00,11293325.69,,2182876.82
2026-06-16 02:00:00,11329482.99,,2163307.27
2026-06-16 03:00:00,11240159.67,,2156001.63
2026-06-16 04:00:00,11355693.04,,2206101.27
2026-06-16 05:00:00,11173226.41,,2182555.39
2026-06-16 06:00:00,11207310.11,,2218759.80
2026-06-16 07:00:00,11323529.70,,2272599.50
2026-06-16 08:00:00,11364298.74,,2305922.54
2026-06-16 09:00:00,11413743.43,,2332871.60
2026-06-16 10:00:00,11308441.11,,2309772.43
2026-06-16 11:00:00,11258101.68,,2313964.40
2026-06-16 12:00:00,11554099.23,,2351587.69
2026-06-16 13:00:00,11406920.77,,2316038.78
2026-06-16 14:00:00,11368810.68,,2311324.83
2026-06-16 15:00:00,11188078.33,,2273417.63
2026-06-16 16:00:00,11261399.95,,2293058.89
2026-06-16 17:00:00,11114321.07,,2260227.35
2026-06-16 18:00:00,11296496.48,,2327027.91
2026-06-16 19:00:00,11204445.00,,2320135.05
2026-06-16 20:00:00,11187355.28,,2312098.12
2026-06-16 21:00:00,11272320.05,,2320648.99
2026-06-16 22:00:00,11376884.22,,2308588.48
2026-06-16 23:00:00,11278393.61,,2298370.72
2026-06-17 00:00:00,11185822.86,,2267890.19
2026-06-17 01:00:00,11120844.45,,2264387.95
2026-06-17 02:00:00,11289034.00,,2303399.46
2026-06-17 03:00:00,11315094.28,,2274792.61
2026-06-17 04:00:00,11230615.46,,2262633.40
2026-06-17 05:00:00,11289219.18,,2278351.41
2026-06-17 06:00:00,11062712.59,,2262684.03
2026-06-17 07:00:00,11041337.43,,2296275.91
2026-06-17 08:00:00,10968659.85,,2296036.16
2026-06-17 09:00:00,10810828.39,,2315202.05
2026-06-17 10:00:00,10840454.84,,2333314.67
2026-06-17 11:00:00,10809641.67,,2334169.06
2026-06-17 12:00:00,10826728.94,,2352902.12
2026-06-17 13:00:00,10859381.60,,2354242.69
2026-06-17 14:00:00,10815923.54,,2356627.12
2026-06-17 15:00:00,10715627.35,,2343257.38
2026-06-17 16:00:00,10833887.72,,2360382.82
2026-06-17 17:00:00,10736860.82,,2323099.79
2026-06-17 18:00:00,10688042.33,,2265319.42
2026-06-17 19:00:00,10497751.35,,2193689.53
2026-06-17 20:00:00,10253834.48,,2116042.12
2026-06-17 21:00:00,10329105.75,,2110949.17
2026-06-17 22:00:00,10329395.18,,2129448.91
2026-06-17 23:00:00,10264049.08,,2101396.88
2026-06-18 00:00:00,10354672.41,,2149886.34
2026-06-18 01:00:00,11058672.45,,2345724.01
2026-06-18 02:00:00,10746108.44,,2277515.49
2026-06-18 03:00:00,10712981.63,,2200708.70
2026-06-18 04:00:00,10576766.89,,2160539.88
2026-06-18 05:00:00,10425921.17,,2112450.39
2026-06-18 06:00:00,10329688.53,,2073884.12
2026-06-18 07:00:00,10290343.97,,2102021.46
2026-06-18 08:00:00,10293290.77,,2097014.25
2026-06-18 09:00:00,10222991.23,,2101212.74
2026-06-18 10:00:00,10339128.58,,2087742.54
2026-06-18 11:00:00,10309666.79,,2083415.17
2026-06-18 12:00:00,10164324.55,,2029831.44
2026-06-18 13:00:00,10174317.20,,2057700.46
2026-06-18 14:00:00,10167346.73,,2065813.20
2026-06-18 15:00:00,10031814.62,,2104084.69
2026-06-18 16:00:00,9612720.00,,2006347.57
2026-06-18 17:00:00,9738438.67,,2050433.38
2026-06-18 18:00:00,9679041.07,,2058102.23
2026-06-18 19:00:00,9634039.24,,2050536.32
2026-06-18 20:00:00,9711982.38,,2057625.18
2026-06-18 21:00:00,9702426.87,,2038414.78
2026-06-18 22:00:00,9672572.08,,2018200.25
2026-06-18 23:00:00,9668220.60,,2037670.53
2026-06-19 00:00:00,9920024.93,,2110217.41
2026-06-19 01:00:00,9893029.67,,2110631.29
2026-06-19 02:00:00,9878420.75,,2106953.16
2026-06-19 03:00:00,9848703.69,,2085103.05
2026-06-19 04:00:00,9666157.19,,2020160.74
2026-06-19 05:00:00,9502625.35,,1976227.10
2026-06-19 06:00:00,9550973.37,,2004174.72
2026-06-19 07:00:00,9523993.11,,2031982.06
2026-06-19 08:00:00,9375255.09,,2011162.20
2026-06-19 09:00:00,9293033.58,,1979667.50
2026-06-19 10:00:00,9080438.12,,1926373.66
2026-06-19 11:00:00,9077017.54,,1923582.85
2026-06-19 12:00:00,8966258.18,,1908138.20
2026-06-19 13:00:00,8935446.11,,1864355.35
2026-06-19 14:00:00,8906799.85,,1868972.08
2026-06-19 15:00:00,8860816.07,,1879007.92
2026-06-19 16:00:00,8897445.26,,1879665.83
2026-06-19 17:00:00,8883124.70,,1839403.38
2026-06-19 18:00:00,8929144.15,,1858072.11
2026-06-19 19:00:00,8867472.70,,1853498.97
2026-06-19 20:00:00,8876992.48,,1872985.50
2026-06-19 21:00:00,8845384.87,,1871132.06
2026-06-19 22:00:00,8834741.47,,1839861.58
2026-06-19 23:00:00,8975328.60,,1899512.90
2026-06-20 00:00:00,9124104.34,,1927982.09
2026-06-20 01:00:00,8922424.80,,1893893.88
2026-06-20 02:00:00,8820986.20,,1846419.84
2026-06-20 03:00:00,8770168.93,,1848769.09
2026-06-20 04:00:00,8790924.92,,1853289.33
2026-06-20 05:00:00,8793438.82,,1838604.82
2026-06-20 06:00:00,8747661.57,,1825127.35
2026-06-20 07:00:00,8726961.84,,1810020.94
2026-06-20 08:00:00,8662475.78,,1793328.35
2026-06-20 09:00:00,8638549.84,,1782911.06
2026-06-20 10:00:00,8744318.61,,1814192.08
2026-06-20 11:00:00,8637556.68,,1777227.79
2026-06-20 12:00:00,8695069.93,,1790566.83
2026-06-20 13:00:00,8658575.79,,1776339.77
2026-06-20 14:00:00,8548153.50,,1704057.30
2026-06-20 15:00:00,8601149.45,,1671069.58
2026-06-20 16:00:00,8612463.06,,1683401.61
2026-06-20 17:00:00,8631328.50,,1700336.22
2026-06-20 18:00:00,8566526.87,,1641932.06
2026-06-20 19:00:00,8474386.99,,1622600.72
2026-06-20 20:00:00,8486639.62,,1622090.73
2026-06-20 21:00:00,8514045.02,,1630426.38
2026-06-20 22:00:00,8586351.07,,1622123.14
2026-06-20 23:00:00,8595417.23,,1632522.41
2026-06-21 00:00:00,8636576.46,,1667188.79
2026-06-21 01:00:00,8597641.75,,1646818.03
2026-06-21 02:00:00,8686108.96,,1657693.13
2026-06-21 03:00:00,8692729.89,,1641583.19
2026-06-21 04:00:00,8687661.46,,1661519.98
2026-06-21 05:00:00,8598274.73,,1618242.69
2026-06-21 06:00:00,8604229.34,,1625602.48
2026-06-21 07:00:00,8798276.82,,1681221.88
2026-06-21 08:00:00,8723198.09,,1680442.91
2026-06-21 09:00:00,8777210.63,,1686786.63
2026-06-21 10:00:00,8717601.51,,1673902.13
2026-06-21 11:00:00,8772172.91,,1676731.39
2026-06-21 12:00:00,8678193.11,,1649330.43
2026-06-21 13:00:00,8739687.49,,1641411.00
2026-06-21 14:00:00,8757808.44,,1650536.00
2026-06-21 15:00:00,8727991.55,,1639292.55
2026-06-21 16:00:00,8741196.90,,1628160.60
2026-06-21 17:00:00,8721329.19,,1658780.38
2026-06-21 18:00:00,8587996.31,,1639140.79
2026-06-21 19:00:00,8640490.97,,1654109.00
2026-06-21 20:00:00,8607526.02,,1647050.07
2026-06-21 21:00:00,8531123.29,,1640380.81
2026-06-21 22:00:00,8544279.04,,1649052.22
2026-06-21 23:00:00,8544323.53,,1640096.19
2026-06-22 00:00:00,8474655.01,,1633241.87
2026-06-22 01:00:00,8588406.21,,1668580.21
2026-06-22 02:00:00,8609744.90,,1661618.32
2026-06-22 03:00:00,8476989.26,,1629551.78
2026-06-22 04:00:00,8458158.89,,1623509.89
2026-06-22 05:00:00,8281401.90,,1667190.82
2026-06-22 06:00:00,8341693.50,,1628287.75
2026-06-22 07:00:00,8406334.88,,1666206.73
2026-06-22 08:00:00,8437561.45,,1677135.73
2026-06-22 09:00:00,8410690.22,,1646222.08
2026-06-22 10:00:00,8319039.83,,1620548.92
2026-06-22 11:00:00,8188689.93,,1578961.52
2026-06-22 12:00:00,8290569.25,,1598757.52
2026-06-22 13:00:00,8325939.97,,1625426.52
2026-06-22 14:00:00,8280590.11,,1600299.16
2026-06-22 15:00:00,8182855.75,,1562593.34
2026-06-22 16:00:00,8178583.41,,1577079.15
2026-06-22 17:00:00,8168301.25,,1564105.62
2026-06-22 18:00:00,8268984.94,,1582730.92
2026-06-22 19:00:00,8158742.60,,1586361.51
2026-06-22 20:00:00,8168980.34,,1631203.57
2026-06-22 21:00:00,8170354.57,,1620850.49
2026-06-22 22:00:00,8151898.35,,1610462.95
2026-06-22 23:00:00,8054220.63,,1537375.32
2026-06-23 00:00:00,8092509.02,,1542762.90
2026-06-23 01:00:00,8035496.47,,1497026.99
2026-06-23 02:00:00,7984963.26,,1455329.59
2026-06-23 03:00:00,7838345.40,,1383429.07
2026-06-23 04:00:00,7938201.22,,1411003.04
2026-06-23 05:00:00,7838222.85,,1393714.05
2026-06-23 06:00:00,7840892.48,,1407642.88
2026-06-23 07:00:00,7746497.86,,1405647.13
2026-06-23 08:00:00,7773200.93,,1424030.92
2026-06-23 09:00:00,7744162.05,,1378529.30
2026-06-23 10:00:00,7760393.39,,1365950.36
2026-06-23 11:00:00,7659315.48,,1338852.37
2026-06-23 12:00:00,7715235.13,,1347483.65
2026-06-23 13:00:00,7604349.87,,1349206.16
2026-06-23 14:00:00,7699255.83,,1378414.49
2026-06-23 15:00:00,7587951.43,,1369635.09
2026-06-23 16:00:00,7562924.92,,1372024.30
2026-06-23 17:00:00,7532862.61,,1366641.67
2026-06-23 18:00:00,7437339.98,,1350036.33
2026-06-23 19:00:00,7554404.49,,1354343.34
2026-06-23 20:00:00,7610530.37,,1345909.13
2026-06-23 21:00:00,7798831.31,,1396387.16
2026-06-23 22:00:00,8052744.72,,1498201.22
2026-06-23 23:00:00,7961252.41,,1475009.06
2026-06-24 00:00:00,8394824.20,,1649351.37
2026-06-24 01:00:00,7939160.60,,1543454.29
2026-06-24 02:00:00,8266330.79,,1588157.77
2026-06-24 03:00:00,8454721.67,,1644313.20
2026-06-24 04:00:00,8402941.55,,1614288.11
2026-06-24 05:00:00,8643194.95,,1679841.55
2026-06-24 06:00:00,8286921.97,,1603922.00
2026-06-24 07:00:00,8264153.60,,1660752.73
2026-06-24 08:00:00,9521167.82,,2071567.34
2026-06-24 09:00:00,9960842.71,,2431485.33
2026-06-24 10:00:00,10621544.11,,2838990.39
2026-06-24 11:00:00,10546304.28,,2845156.76
2026-06-24 12:00:00,10492312.57,,2631910.19
2026-06-24 13:00:00,9913982.73,,2464318.87
2026-06-24 14:00:00,10278604.39,,2481892.25
2026-06-24 15:00:00,10811759.66,,2524882.86
2026-06-24 16:00:00,10056901.87,,2277011.55
2026-06-24 17:00:00,9479536.56,,1992819.15
2026-06-24 18:00:00,9361061.51,,1918110.22
2026-06-24 19:00:00,9602916.71,,1902077.19
2026-06-24 20:00:00,9835955.51,,1906054.98
2026-06-24 21:00:00,9802939.98,,1867441.88
2026-06-24 22:00:00,9984994.54,,1887753.90
2026-06-24 23:00:00,9968648.60,,1878237.51
2026-06-25 00:00:00,9991635.40,,1910257.33
2026-06-25 01:00:00,10217379.80,,1999235.46
2026-06-25 02:00:00,10136332.36,,2011072.60
2026-06-25 03:00:00,9918029.12,,1970507.44
2026-06-25 04:00:00,9757347.94,,2000287.49
2026-06-25 05:00:00,9675843.74,,2004687.62
2026-06-25 06:00:00,9712626.56,,2000711.62
2026-06-25 07:00:00,9228055.14,,1903559.32
2026-06-25 08:00:00,9267590.03,,1905973.65
2026-06-25 09:00:00,9186805.96,,1888441.96
2026-06-25 10:00:00,9289696.76,,1899899.95
2026-06-25 11:00:00,8961593.54,,1828647.42
2026-06-25 12:00:00,9024690.82,,1824360.71
2026-06-25 13:00:00,9029507.50,,1941811.75
2026-06-25 14:00:00,8312154.06,,1652285.59
2026-06-25 15:00:00,8495512.27,,1675382.99
2026-06-25 16:00:00,8515391.08,,1660575.83
2026-06-25 17:00:00,8346412.49,,1597716.69
2026-06-25 18:00:00,8496402.21,,1602656.28
2026-06-25 19:00:00,8381720.00,,1567951.54
2026-06-25 20:00:00,8344402.40,,1558456.90
2026-06-25 21:00:00,8362066.39,,1572029.32
2026-06-25 22:00:00,8516025.93,,1616048.63
2026-06-25 23:00:00,8502112.77,,1611939.82
2026-06-26 00:00:00,8537020.78,,1606095.14
2026-06-26 01:00:00,8423555.71,,1554875.80
2026-06-26 02:00:00,8400243.04,,1537550.03
2026-06-26 03:00:00,8221830.88,,1479372.10
2026-06-26 04:00:00,8372926.08,,1494266.10
2026-06-26 05:00:00,8314350.82,,1481726.24
2026-06-26 06:00:00,8318903.11,,1466927.94
2026-06-26 07:00:00,8362987.50,,1473949.71
2026-06-26 08:00:00,8394093.85,,1490435.32
2026-06-26 09:00:00,8353981.12,,1471882.00
2026-06-26 10:00:00,8268721.59,,1452203.10
2026-06-26 11:00:00,8213704.99,,1450170.64
2026-06-26 12:00:00,8186330.51,,1447682.91
2026-06-26 13:00:00,8153709.82,,1418414.45
2026-06-26 14:00:00,8205708.88,,1405471.00
2026-06-26 15:00:00,8079077.92,,1386085.11
2026-06-26 16:00:00,8104358.63,,1382816.33
2026-06-26 17:00:00,8153570.74,,1392740.27
2026-06-26 18:00:00,8101515.87,,1379662.68
2026-06-26 19:00:00,8118325.69,,1375839.99
2026-06-26 20:00:00,8096789.17,,1358480.41
2026-06-26 21:00:00,8071392.67,,1357470.42
2026-06-26 22:00:00,8137902.55,,1364130.30
2026-06-26 23:00:00,8079979.01,,1343308.26
2026-06-27 00:00:00,8104823.84,,1342891.33
2026-06-27 01:00:00,8191779.14,,1335149.21
2026-06-27 02:00:00,8196289.75,,1306037.93
2026-06-27 03:00:00,8252555.95,,1323528.00
2026-06-27 04:00:00,8221104.32,,1322650.61
2026-06-27 05:00:00,8177146.54,,1337620.91
2026-06-27 06:00:00,8214056.33,,1328252.40
2026-06-27 07:00:00,8171198.53,,1334569.07
2026-06-27 08:00:00,8131751.04,,1325293.86
2026-06-27 09:00:00,8153678.65,,1317849.09
2026-06-27 10:00:00,8054990.19,,1301696.58
2026-06-27 11:00:00,8034698.76,,1315105.94
2026-06-27 12:00:00,8005853.47,,1280445.34
2026-06-27 13:00:00,8063920.64,,1308219.57
2026-06-27 14:00:00,8026847.76,,1315962.85
2026-06-27 15:00:00,8066573.25,,1325418.81
2026-06-27 16:00:00,8111146.21,,1323067.22
2026-06-27 17:00:00,8129972.72,,1323649.47
2026-06-27 18:00:00,8033593.36,,1312296.40
2026-06-27 19:00:00,8047241.73,,1313150.98
2026-06-27 20:00:00,7980235.98,,1312509.82
2026-06-27 21:00:00,8023922.61,,1321881.37
2026-06-27 22:00:00,8099389.75,,1319892.42
2026-06-27 23:00:00,8113870.41,,1320385.08
2026-06-28 00:00:00,8179868.73,,1340441.58
2026-06-28 01:00:00,8020166.63,,1305816.74
2026-06-28 02:00:00,7995388.28,,1278856.66
2026-06-28 03:00:00,7976912.99,,1276674.60
2026-06-28 04:00:00,8067273.63,,1285330.06
2026-06-28 05:00:00,8114722.10,,1321684.84
2026-06-28 06:00:00,8071414.28,,1315397.72
2026-06-28 07:00:00,7936874.58,,1324380.03
2026-06-28 08:00:00,7940947.40,,1364346.63
2026-06-28 09:00:00,7960009.43,,1357583.65
2026-06-28 10:00:00,7947528.08,,1338024.75
2026-06-28 11:00:00,7921113.33,,1334823.31
2026-06-28 12:00:00,7935933.87,,1320935.67
2026-06-28 13:00:00,7875887.33,,1318766.64
2026-06-28 14:00:00,7827147.77,,1317669.57
2026-06-28 15:00:00,7878907.70,,1338803.42
2026-06-28 16:00:00,7867512.17,,1334247.19
2026-06-28 17:00:00,7809200.44,,1313954.41
2026-06-28 18:00:00,7792473.68,,1308468.53
2026-06-28 19:00:00,7822692.18,,1330240.70
2026-06-28 20:00:00,7696653.53,,1278254.73
2026-06-28 21:00:00,7721082.24,,1292252.89
2026-06-28 22:00:00,7576278.00,,1293538.96
2026-06-28 23:00:00,7510882.00,,1276651.72
2026-06-29 00:00:00,7604572.59,,1325197.56
2026-06-29 01:00:00,7579268.00,,1321411.19
2026-06-29 02:00:00,7536949.09,,1324433.91
2026-06-29 03:00:00,7578671.33,,1293961.43
2026-06-29 04:00:00,7561722.46,,1317894.96
2026-06-29 05:00:00,7619782.90,,1310521.57
2026-06-29 06:00:00,7719980.98,,1297797.01
2026-06-29 07:00:00,7686966.03,,1316493.80
2026-06-29 08:00:00,7604163.00,,1327027.27
2026-06-29 09:00:00,7565811.70,,1329674.96
2026-06-29 10:00:00,7627145.24,,1342771.95
2026-06-29 11:00:00,7612965.70,,1347616.10
2026-06-29 12:00:00,7555183.81,,1334200.87
2026-06-29 13:00:00,7419478.03,,1337490.12
2026-06-29 14:00:00,7354347.61,,1329858.60
2026-06-29 15:00:00,7412646.93,,1333988.14
2026-06-29 16:00:00,7363408.74,,1344627.54
2026-06-29 17:00:00,7420571.63,,1339924.94
2026-06-29 18:00:00,7470851.10,,1338046.68
2026-06-29 19:00:00,7395140.01,,1329737.53
2026-06-29 20:00:00,7435859.04,,1327525.40
2026-06-29 21:00:00,7404287.91,,1324868.31
2026-06-29 22:00:00,7440151.76,,1312468.06
2026-06-29 23:00:00,7355820.60,,1281679.55
2026-06-30 00:00:00,7365433.47,,1274738.47
2026-06-30 01:00:00,7224273.41,,1251407.92
2026-06-30 02:00:00,7185653.98,,1251204.96
2026-06-30 03:00:00,7202531.54,,1255056.49
2026-06-30 04:00:00,7169367.63,,1257646.87
2026-06-30 05:00:00,7237523.35,,1253427.47
2026-06-30 06:00:00,7434898.48,,1276037.98
2026-06-30 07:00:00,7316977.15,,1249606.23
2026-06-30 08:00:00,7277469.22,,1243470.22
2026-06-30 09:00:00,7265777.13,,1228663.54
2026-06-30 10:00:00,7279765.68,,1247400.77
2026-06-30 11:00:00,7281229.30,,1246608.22
2026-06-30 12:00:00,7229555.09,,1224688.11
2026-06-30 13:00:00,7009200.33,,1171665.75
2026-06-30 14:00:00,7064557.27,,1196185.97
2026-06-30 15:00:00,7063139.77,,1205021.71
2026-06-30 16:00:00,7081799.10,,1205628.07
2026-06-30 17:00:00,7099412.54,,1195977.11
2026-06-30 18:00:00,7106550.53,,1191665.10
2026-06-30 19:00:00,7219326.39,,1212247.30
2026-06-30 20:00:00,7132703.42,,1188390.60
2026-06-30 21:00:00,7056603.09,,1188767.13
2026-06-30 22:00:00,7060253.52,,1187204.34
2026-06-30 23:00:00,6986069.51,,1180017.59
2026-07-01 00:00:00,7011560.38,,1193051.28
2026-07-01 01:00:00,6867688.96,,1171622.45
2026-07-01 02:00:00,6828100.07,,1170289.93
2026-07-01 03:00:00,6818694.28,,1180011.17
2026-07-01 04:00:00,6849367.81,,1178967.15
2026-07-01 05:00:00,6919523.79,,1209657.60
2026-07-01 06:00:00,6886341.19,,1177472.44
2026-07-01 07:00:00,6811725.59,,1190599.52
2026-07-01 08:00:00,6913888.94,,1206719.08
2026-07-01 09:00:00,6795214.88,,1190768.03
2026-07-01 10:00:00,6839826.72,,1212880.21
2026-07-01 11:00:00,6794417.48,,1222890.93
2026-07-01 12:00:00,6821396.92,,1196415.90
2026-07-01 13:00:00,6817222.00,,1195078.95
2026-07-01 14:00:00,6887572.32,,1205352.45
2026-07-01 15:00:00,6934449.07,,1246222.74
2026-07-01 16:00:00,7033830.79,,1249394.19
2026-07-01 17:00:00,6954671.05,,1250298.92
2026-07-01 18:00:00,6990477.70,,1262903.80
2026-07-01 19:00:00,6928236.97,,1227784.40
2026-07-01 20:00:00,6841213.08,,1222087.91
2026-07-01 21:00:00,6891436.96,,1227273.30
2026-07-01 22:00:00,7006354.90,,1247567.04
2026-07-01 23:00:00,6985264.90,,1241415.12
2026-07-02 00:00:00,6908287.09,,1226400.66
2026-07-02 01:00:00,6933887.85,,1219308.81
2026-07-02 02:00:00,7072404.44,,1306480.66
2026-07-02 03:00:00,6984239.73,,1281126.74
2026-07-02 04:00:00,7069388.86,,1292168.93
2026-07-02 05:00:00,7001501.76,,1279733.39
2026-07-02 06:00:00,7052492.82,,1263648.12
2026-07-02 07:00:00,7061095.05,,1252322.27
2026-07-02 08:00:00,7049767.02,,1259343.60
2026-07-02 09:00:00,7040250.88,,1246842.03
2026-07-02 10:00:00,7062287.20,,1252773.83
2026-07-02 11:00:00,7059654.08,,1268566.47
2026-07-02 12:00:00,7035436.71,,1255885.72
2026-07-02 13:00:00,7070320.43,,1269629.18
2026-07-02 14:00:00,7042728.87,,1257510.12
2026-07-02 15:00:00,7043861.27,,1255865.99
2026-07-02 16:00:00,7032624.75,,1254238.63
2026-07-02 17:00:00,7064422.35,,1271757.11
2026-07-02 18:00:00,7054958.01,,1262940.49
2026-07-02 19:00:00,7052794.89,,1261223.67
2026-07-02 20:00:00,7066084.35,,1261985.70
2026-07-02 21:00:00,7087636.40,,1271606.94
2026-07-02 22:00:00,7076219.95,,1262531.03
2026-07-02 23:00:00,7068763.85,,1257981.87
2026-07-03 00:00:00,7092947.36,,1256110.46
2026-07-03 01:00:00,7049333.25,,1242602.15
2026-07-03 02:00:00,7047056.83,,1238977.92
2026-07-03 03:00:00,6979031.31,,1211909.62
2026-07-03 04:00:00,6980800.82,,1225097.30
2026-07-03 05:00:00,7016680.68,,1216043.94
2026-07-03 06:00:00,7166926.00,,1213264.85
2026-07-03 07:00:00,7135937.81,,1202551.26
2026-07-03 08:00:00,7116520.17,,1201040.35
2026-07-03 09:00:00,7093600.20,,1191306.20
2026-07-03 10:00:00,7108721.09,,1198157.55
2026-07-03 11:00:00,7181733.83,,1227061.31
2026-07-03 12:00:00,7197248.63,,1224716.38
2026-07-03 13:00:00,7080734.68,,1215311.11
2026-07-03 14:00:00,7073937.52,,1223197.97
2026-07-03 15:00:00,7142047.31,,1258629.42
2026-07-03 16:00:00,7145227.03,,1266870.87
2026-07-03 17:00:00,7185012.49,,1270769.76
2026-07-03 18:00:00,7139539.49,,1272939.95
2026-07-03 19:00:00,7099119.66,,1263558.50
2026-07-03 20:00:00,7101851.58,,1263248.12
2026-07-03 21:00:00,7051696.39,,1276191.01
2026-07-03 22:00:00,7074023.55,,1279763.60
2026-07-03 23:00:00,7067740.29,,1273561.74
2026-07-04 00:00:00,7090329.85,,1268918.66
2026-07-04 01:00:00,6932705.60,,1231567.81
2026-07-04 02:00:00,6905098.25,,1203850.39
2026-07-04 03:00:00,6949061.85,,1208539.56
2026-07-04 04:00:00,6937802.67,,1213042.52
2026-07-04 05:00:00,6910674.78,,1205746.78
2026-07-04 06:00:00,6866127.59,,1200542.13
2026-07-04 07:00:00,6781578.54,,1181923.67
2026-07-04 08:00:00,6802707.47,,1194909.73
2026-07-04 09:00:00,6841464.07,,1196428.24
2026-07-04 10:00:00,6741661.14,,1188009.38
2026-07-04 11:00:00,6762745.13,,1176969.33
2026-07-04 12:00:00,6803121.09,,1189669.29
2026-07-04 13:00:00,6813967.86,,1197043.82
2026-07-04 14:00:00,6735036.99,,1188957.50
2026-07-04 15:00:00,6752707.36,,1209369.72
2026-07-04 16:00:00,6800033.14,,1209178.30
2026-07-04 17:00:00,6775221.64,,1207137.59
2026-07-04 18:00:00,6791026.30,,1208593.82
2026-07-04 19:00:00,6798347.74,,1213704.48
2026-07-04 20:00:00,6816040.24,,1216039.35
2026-07-04 21:00:00,6782027.76,,1205328.14
2026-07-04 22:00:00,6847302.65,,1205235.95
2026-07-04 23:00:00,6805608.71,,1186622.61
2026-07-05 00:00:00,6765918.91,,1177276.20
2026-07-05 01:00:00,6717168.32,,1159260.93
2026-07-05 02:00:00,6641195.40,,1138334.69
2026-07-05 03:00:00,6592016.18,,1122047.80
2026-07-05 04:00:00,6580315.86,,1123698.06
2026-07-05 05:00:00,6567815.17,,1112037.97
2026-07-05 06:00:00,6531303.78,,1112182.52
2026-07-05 07:00:00,6472798.11,,1108430.09
2026-07-05 08:00:00,6526434.04,,1109942.33
2026-07-05 09:00:00,6539350.25,,1107315.63
2026-07-05 10:00:00,6450779.74,,1090324.23
2026-07-05 11:00:00,6467649.88,,1093787.66
2026-07-05 12:00:00,6462736.68,,1092281.97
2026-07-05 13:00:00,6466497.92,,1114204.48
2026-07-05 14:00:00,6479317.93,,1117103.97
2026-07-05 15:00:00,6481908.29,,1115130.95
2026-07-05 16:00:00,6501250.02,,1110107.24
2026-07-05 17:00:00,6506303.37,,1103876.68
2026-07-05 18:00:00,6499744.71,,1106279.58
2026-07-05 19:00:00,6497715.10,,1109921.67
2026-07-05 20:00:00,6476685.60,,1106092.48
2026-07-05 21:00:00,6504954.48,,1106157.29
2026-07-05 22:00:00,6565266.22,,1109355.94
2026-07-05 23:00:00,6476294.71,,1095659.99
2026-07-06 00:00:00,6504494.24,,1092220.59
2026-07-06 01:00:00,6501331.50,,1100088.65
2026-07-06 02:00:00,6431056.95,,1080314.65
2026-07-06 03:00:00,6394412.76,,1074500.50
2026-07-06 04:00:00,6375457.98,,1059734.64
2026-07-06 05:00:00,6326138.76,,1059180.14
2026-07-06 06:00:00,6265294.57,,1047952.26
2026-07-06 07:00:00,6254841.66,,1036839.57
2026-07-06 08:00:00,6321062.83,,1036495.17
2026-07-06 09:00:00,6282500.66,,1037571.35
2026-07-06 10:00:00,6269184.80,,1032550.39
2026-07-06 11:00:00,6316038.92,,1048541.54
2026-07-06 12:00:00,6273052.13,,1044778.17
2026-07-06 13:00:00,6187176.46,,1054609.06
2026-07-06 14:00:00,6237146.51,,1068517.32
2026-07-06 15:00:00,6268161.08,,1074574.80
2026-07-06 16:00:00,6371317.73,,1133348.81
2026-07-06 17:00:00,6381835.09,,1138859.66
2026-07-06 18:00:00,6376828.53,,1126392.74
2026-07-06 19:00:00,6359058.36,,1116949.42
2026-07-06 20:00:00,6379359.15,,1117842.96
2026-07-06 21:00:00,6391768.45,,1118259.44
2026-07-06 22:00:00,6481111.83,,1117085.29
2026-07-06 23:00:00,6418424.42,,1111784.58
2026-07-07 00:00:00,6433558.85,,1121874.41
2026-07-07 01:00:00,6457051.96,,1122963.17
2026-07-07 02:00:00,6443299.85,,1115319.52
2026-07-07 03:00:00,6453979.76,,1111164.96
2026-07-07 04:00:00,6405328.96,,1111151.40
2026-07-07 05:00:00,6389476.13,,1099077.74
2026-07-07 06:00:00,6434385.87,,1077202.97
2026-07-07 07:00:00,6407927.05,,1089403.26
2026-07-07 08:00:00,6359339.68,,1078693.11
2026-07-07 09:00:00,6372768.56,,1069707.07
2026-07-07 10:00:00,6418674.53,,1068855.58
2026-07-07 11:00:00,6401117.02,,1069647.80
2026-07-07 12:00:00,6410517.22,,1066005.36
2026-07-07 13:00:00,6373968.53,,1067958.68
2026-07-07 14:00:00,6292139.51,,1055312.60
2026-07-07 15:00:00,6283318.64,,1060528.43
2026-07-07 16:00:00,6296282.05,,1062020.33
2026-07-07 17:00:00,6288319.71,,1058840.10
2026-07-07 18:00:00,6227767.45,,1050368.43
2026-07-07 19:00:00,6105326.89,,1033430.81
2026-07-07 20:00:00,6041514.24,,1034616.86
2026-07-07 21:00:00,6116041.42,,1043175.55
2026-07-07 22:00:00,6125321.53,,1047344.33
2026-07-07 23:00:00,6168816.90,,1060498.78
2026-07-08 00:00:00,6156545.05,,1049804.43
2026-07-08 01:00:00,6356995.53,,1101749.92
2026-07-08 02:00:00,6140708.14,,1043629.84
2026-07-08 03:00:00,6140770.92,,1037271.18
2026-07-08 04:00:00,6061550.32,,1064765.84
2026-07-08 05:00:00,6079379.22,,1059426.29
2026-07-08 06:00:00,6193526.39,,1087600.76
2026-07-08 07:00:00,6164909.21,,1096342.33
2026-07-08 08:00:00,6158336.81,,1107906.73
2026-07-08 09:00:00,5350436.66,,1019854.05
2026-07-08 10:00:00,5306488.21,,1029750.56
2026-07-08 11:00:00,5330994.79,,1026306.86
2026-07-08 12:00:00,5341987.88,,1042805.45
2026-07-08 13:00:00,5306353.58,,1039114.36
2026-07-08 14:00:00,5321670.59,,1061078.18
2026-07-08 15:00:00,5273730.88,,1044417.45
2026-07-08 16:00:00,5216911.84,,1046370.04
2026-07-08 17:00:00,5255698.99,,1063377.80
2026-07-08 18:00:00,5231866.32,,1056530.75
2026-07-08 19:00:00,5247701.65,,1065460.74
2026-07-08 20:00:00,5244964.49,,1062583.91
2026-07-08 21:00:00,5243030.33,,1069814.34
2026-07-08 22:00:00,5290396.34,,1074161.23
2026-07-08 23:00:00,5316990.10,,1076976.05
2026-07-09 00:00:00,5331402.77,,1071017.31
2026-07-09 01:00:00,5435692.93,,1077992.70
2026-07-09 02:00:00,5507198.92,,1092557.30
2026-07-09 03:00:00,5488530.28,,1088458.32
2026-07-09 04:00:00,5828643.21,,1173445.11
2026-07-09 05:00:00,5768822.37,,1176046.09
2026-07-09 06:00:00,5715356.71,,1160499.99
2026-07-09 07:00:00,5937329.34,,1221446.35
2026-07-09 08:00:00,5813517.12,,1174301.08
2026-07-09 09:00:00,5902069.92,,1199798.85
2026-07-09 10:00:00,5989350.32,,1202326.26
2026-07-09 11:00:00,5822222.60,,1176154.30
2026-07-09 12:00:00,5784286.25,,1164799.75
2026-07-09 13:00:00,5680337.44,,1106664.58
2026-07-09 14:00:00,5668483.85,,1099490.94
2026-07-09 15:00:00,5641181.29,,1104393.38
2026-07-09 16:00:00,5616949.07,,1097203.92
2026-07-09 17:00:00,5609281.62,,1104680.04
2026-07-09 18:00:00,5659307.81,,1096922.21
2026-07-09 19:00:00,5632197.07,,1097899.97
2026-07-09 20:00:00,5615898.71,,1074852.86
2026-07-09 21:00:00,5647295.88,,1077406.55
2026-07-09 22:00:00,5652951.79,,1080584.80
2026-07-09 23:00:00,5638274.66,,1069233.91
2026-07-10 00:00:00,5571500.27,,1064430.90
2026-07-10 01:00:00,5530578.73,,1062010.23
2026-07-10 02:00:00,5621303.29,,1096866.41
2026-07-10 03:00:00,5569294.30,,1086882.91
2026-07-10 04:00:00,5533679.32,,1072544.97
2026-07-10 05:00:00,5507956.74,,1061950.91
2026-07-10 06:00:00,5509025.84,,1063262.54
2026-07-10 07:00:00,5471556.68,,1066080.28
2026-07-10 08:00:00,5461661.05,,1072405.97
2026-07-10 09:00:00,5422802.41,,1071138.61
2026-07-10 10:00:00,5445931.82,,1069027.63
2026-07-10 11:00:00,5531383.74,,1073501.78
2026-07-10 12:00:00,5537376.52,,1089242.44
2026-07-10 13:00:00,5523857.57,,1068031.40
2026-07-10 14:00:00,5534100.32,,1070822.49
2026-07-10 15:00:00,5467396.80,,1053083.54
2026-07-10 16:00:00,5497617.96,,1060403.05
2026-07-10 17:00:00,5500158.49,,1057366.75
2026-07-10 18:00:00,5436401.14,,1048244.90
2026-07-10 19:00:00,5371057.38,,1038672.19
2026-07-10 20:00:00,5396448.49,,1043703.16
2026-07-10 21:00:00,5398377.41,,1060567.18
2026-07-10 22:00:00,5430131.74,,1068208.62
2026-07-10 23:00:00,5417587.67,,1058645.57
2026-07-11 00:00:00,5396408.48,,1052492.85
2026-07-11 01:00:00,5437438.15,,1070040.07
2026-07-11 02:00:00,5404972.12,,1070243.72
2026-07-11 03:00:00,5368663.98,,1065988.99
2026-07-11 04:00:00,5347550.44,,1059572.07
2026-07-11 05:00:00,5350615.79,,1063985.30
2026-07-11 06:00:00,5347516.08,,1067809.00
2026-07-11 07:00:00,5346549.43,,1067478.33
2026-07-11 08:00:00,5355942.71,,1067774.40
2026-07-11 09:00:00,5312102.48,,1062214.19
2026-07-11 10:00:00,5311347.28,,1068187.40
2026-07-11 11:00:00,5300745.08,,1070507.18
2026-07-11 12:00:00,5365090.32,,1072909.29
2026-07-11 13:00:00,5372660.58,,1072286.11
2026-07-11 14:00:00,5395675.64,,1081733.24
2026-07-11 15:00:00,5365272.15,,1073097.34
2026-07-11 16:00:00,5320126.03,,1063221.52
2026-07-11 17:00:00,5331050.48,,1061004.16
2026-07-11 18:00:00,5348244.20,,1064118.33
2026-07-11 19:00:00,5328676.83,,1064414.62
2026-07-11 20:00:00,5323670.41,,1065329.51
2026-07-11 21:00:00,5309683.28,,1059500.09
2026-07-11 22:00:00,5279461.57,,1044495.12
2026-07-11 23:00:00,5236288.14,,1029564.53
2026-07-12 00:00:00,5174664.28,,1013861.88
2026-07-12 01:00:00,5176207.60,,1001858.34
2026-07-12 02:00:00,5206105.74,,1006173.73
2026-07-12 03:00:00,5196184.34,,1012581.56
2026-07-12 04:00:00,5181672.32,,1016194.34
2026-07-12 05:00:00,5163064.23,,1000764.88
2026-07-12 06:00:00,5186736.26,,1005520.48
2026-07-12 07:00:00,5156695.35,,1002915.43
2026-07-12 08:00:00,5149108.65,,1002988.01
2026-07-12 09:00:00,5180587.42,,1008858.50
2026-07-12 10:00:00,5196908.71,,1008428.63
2026-07-12 11:00:00,5188728.10,,1006160.46
2026-07-12 12:00:00,5191325.32,,1000291.59
2026-07-12 13:00:00,5193467.80,,994958.57
2026-07-12 14:00:00,5185686.11,,992654.91
2026-07-12 15:00:00,5243897.31,,1006537.42
2026-07-12 16:00:00,5336428.32,,1046374.88
2026-07-12 17:00:00,5250432.56,,1027607.72
2026-07-12 18:00:00,5239282.39,,1028173.41
2026-07-12 19:00:00,5259412.81,,1030509.29
2026-07-12 20:00:00,5255617.97,,1031812.91
2026-07-12 21:00:00,5203129.53,,1022201.48
2026-07-12 22:00:00,5199272.55,,1012584.87
2026-07-12 23:00:00,5072109.87,,983682.67
2026-07-13 00:00:00,5027365.17,,981166.57
2026-07-13 01:00:00,5043781.98,,993396.54
2026-07-13 02:00:00,4982629.63,,971441.89
2026-07-13 03:00:00,5006358.04,,979112.75
2026-07-13 04:00:00,4975703.21,,968910.04
2026-07-13 05:00:00,5013747.77,,977863.70
2026-07-13 06:00:00,5006029.56,,979276.09
2026-07-13 07:00:00,4959447.57,,977407.62
2026-07-13 08:00:00,4965409.09,,986327.04
2026-07-13 09:00:00,5001099.44,,1000334.89
2026-07-13 10:00:00,4980367.48,,998274.71
2026-07-13 11:00:00,4992228.08,,997320.89
2026-07-13 12:00:00,4979627.95,,1000421.72
2026-07-13 13:00:00,4987324.03,,994091.74
2026-07-13 14:00:00,4977541.90,,987854.60
2026-07-13 15:00:00,5040249.65,,999958.81
2026-07-13 16:00:00,4971786.86,,991767.51
2026-07-13 17:00:00,4934130.14,,988287.55
2026-07-13 18:00:00,4799861.14,,949304.36
2026-07-13 19:00:00,4830602.56,,951796.08
2026-07-13 20:00:00,4857990.76,,953899.06
2026-07-13 21:00:00,4812417.76,,947651.95
2026-07-13 22:00:00,4817920.21,,946499.51
2026-07-13 23:00:00,4809101.01,,944631.92
2026-07-14 00:00:00,4819907.41,,949874.45
2026-07-14 01:00:00,4832365.32,,939396.26
2026-07-14 02:00:00,4783559.11,,932854.10
2026-07-14 03:00:00,4758944.08,,926575.84
2026-07-14 04:00:00,4779236.60,,924959.97
2026-07-14 05:00:00,4806541.63,,933752.10
2026-07-14 06:00:00,4829925.01,,936281.15
2026-07-14 07:00:00,4811179.27,,940691.56
2026-07-14 08:00:00,4798051.03,,942285.07
2026-07-14 09:00:00,4720438.53,,937218.26
2026-07-14 10:00:00,4673639.84,,936642.61
2026-07-14 11:00:00,4647776.41,,950018.66
2026-07-14 12:00:00,4675033.86,,950081.78
2026-07-14 13:00:00,4759646.85,,954204.77
2026-07-14 14:00:00,4783203.94,,958316.85
2026-07-14 15:00:00,4804835.12,,980040.31
2026-07-14 16:00:00,4793552.10,,978934.95
2026-07-14 17:00:00,4800215.34,,984455.40
2026-07-14 18:00:00,4799164.94,,985161.46
2026-07-14 19:00:00,4781728.14,,980280.91
2026-07-14 20:00:00,4779343.62,,986910.09
2026-07-14 21:00:00,4778509.79,,982906.22
2026-07-14 22:00:00,4797764.52,,988067.64
2026-07-14 23:00:00,4760361.35,,979282.95
2026-07-15 00:00:00,4759222.75,,980331.00
2026-07-15 01:00:00,4756239.13,,998308.52
2026-07-15 02:00:00,4761520.79,,1010842.35
2026-07-15 03:00:00,4703510.44,,1003493.46
2026-07-15 04:00:00,4694551.22,,1014353.82
2026-07-15 05:00:00,4704142.58,,999325.68
2026-07-15 06:00:00,4687510.01,,997864.24
2026-07-15 07:00:00,4663790.76,,997346.45
2026-07-15 08:00:00,4664578.62,,1000713.02
2026-07-15 09:00:00,4691161.52,,1010557.53
2026-07-15 10:00:00,4713233.56,,1008321.68
2026-07-15 11:00:00,4860667.82,,1031966.31
2026-07-15 12:00:00,4893201.84,,1061846.47
2026-07-15 13:00:00,4752513.35,,1053746.35
2026-07-15 14:00:00,4884137.93,,1094388.16
2026-07-15 15:00:00,5053430.96,,1105022.35
2026-07-15 16:00:00,4832556.47,,1065542.11
2026-07-15 17:00:00,4761048.44,,1055816.23
2026-07-15 18:00:00,4777251.16,,1057068.32
2026-07-15 19:00:00,4779056.57,,1053052.95
2026-07-15 20:00:00,4757888.41,,1041877.95
2026-07-15 21:00:00,4744939.97,,1038408.39
2026-07-15 22:00:00,4728527.80,,1022040.80
2026-07-15 23:00:00,4749936.42,,1020210.11
2026-07-16 00:00:00,4757313.04,,1019958.34
2026-07-16 01:00:00,4738831.65,,1015324.02
2026-07-16 02:00:00,4734914.11,,1009081.16
2026-07-16 03:00:00,4722316.01,,1002496.61
2026-07-16 04:00:00,4702956.40,,994057.77
2026-07-16 05:00:00,4707156.89,,998714.64
2026-07-16 06:00:00,4727631.40,,996842.37
2026-07-16 07:00:00,4710927.35,,1004107.21
2026-07-16 08:00:00,4679554.75,,985452.59
2026-07-16 09:00:00,4619932.27,,972684.78
2026-07-16 10:00:00,4625232.13,,976524.58
2026-07-16 11:00:00,4644045.89,,975570.99
2026-07-16 12:00:00,4662892.63,,980895.25
2026-07-16 13:00:00,4677131.73,,973129.34
2026-07-16 14:00:00,4713178.07,,973118.72
2026-07-16 15:00:00,4810550.57,,1003582.97
2026-07-16 16:00:00,4769149.64,,987671.92
2026-07-16 17:00:00,4760188.12,,980555.43
2026-07-16 18:00:00,4755096.78,,979799.10
2026-07-16 19:00:00,4716287.49,,965939.48
2026-07-16 20:00:00,4717302.07,,960016.38
2026-07-16 21:00:00,4696444.20,,951415.72
2026-07-16 22:00:00,4697280.46,,947266.60
2026-07-16 23:00:00,4632671.10,,939983.38
2026-07-17 00:00:00,4609667.23,,924979.91
2026-07-17 01:00:00,4661931.37,,944504.12
2026-07-17 02:00:00,4683037.52,,946029.67
2026-07-17 03:00:00,4688358.02,,935557.40
2026-07-17 04:00:00,4671389.54,,938531.92
2026-07-17 05:00:00,4663871.68,,933367.54
2026-07-17 06:00:00,4606380.10,,944143.21
2026-07-17 07:00:00,4581550.10,,931549.83
2026-07-17 08:00:00,4538315.92,,916030.11
2026-07-17 09:00:00,4491165.84,,926998.35
2026-07-17 10:00:00,4499253.25,,932878.31
2026-07-17 11:00:00,4508888.49,,945802.32
2026-07-17 12:00:00,4506116.51,,943060.22
2026-07-17 13:00:00,4492786.00,,947147.26
2026-07-17 14:00:00,4427780.97,,897818.79
2026-07-17 15:00:00,4448428.07,,908187.66
2026-07-17 16:00:00,4506771.44,,915432.88
2026-07-17 17:00:00,4485239.46,,920798.70
2026-07-17 18:00:00,4471719.86,,919608.78
2026-07-17 19:00:00,4456747.47,,913858.83
2026-07-17 20:00:00,4418588.14,,903131.66
2026-07-17 21:00:00,4432845.34,,909876.31
2026-07-17 22:00:00,4443545.44,,913099.29
2026-07-17 23:00:00,4451188.11,,899485.07
2026-07-18 00:00:00,4440860.04,,898199.06
2026-07-18 01:00:00,4418502.67,,895987.45
2026-07-18 02:00:00,4410443.96,,901689.67
2026-07-18 03:00:00,4416990.75,,905302.44
2026-07-18 04:00:00,4410787.93,,907451.62
2026-07-18 05:00:00,4312841.48,,920964.43
2026-07-18 06:00:00,4296826.77,,922700.59
2026-07-18 07:00:00,4288038.30,,921599.65
2026-07-18 08:00:00,4299987.95,,910242.36
2026-07-18 09:00:00,4291515.78,,911289.85
2026-07-18 10:00:00,4288275.26,,907526.05
2026-07-18 11:00:00,4238622.35,,916073.26
2026-07-18 12:00:00,4254533.32,,932413.23
2026-07-18 13:00:00,4233543.22,,944318.26
2026-07-18 14:00:00,4217879.10,,936740.23
2026-07-18 15:00:00,4250631.72,,953385.07
2026-07-18 16:00:00,4228174.47,,948134.21
2026-07-18 17:00:00,4259652.37,,952712.08
2026-07-18 18:00:00,4265771.26,,956593.52
2026-07-18 19:00:00,4317856.44,,959917.19
2026-07-18 20:00:00,4356063.05,,950441.13
2026-07-18 21:00:00,4379071.85,,943780.97
2026-07-18 22:00:00,4351998.72,,945806.71
2026-07-18 23:00:00,4324102.54,,931157.99
2026-07-19 00:00:00,4310946.72,,952072.53
2026-07-19 01:00:00,4331767.35,,929560.89
2026-07-19 02:00:00,4335995.27,,926914.20
2026-07-19 03:00:00,4321105.21,,927027.08
2026-07-19 04:00:00,4293428.33,,915637.81
2026-07-19 05:00:00,4301577.43,,912916.06
2026-07-19 06:00:00,4310219.01,,913771.87
2026-07-19 07:00:00,4321133.23,,916868.64
2026-07-19 08:00:00,4328722.75,,911355.15
2026-07-19 09:00:00,4340354.57,,915033.72
2026-07-19 10:00:00,4335810.50,,920172.46
2026-07-19 11:00:00,4318921.67,,913915.01
2026-07-19 12:00:00,4257568.91,,892835.39
2026-07-19 13:00:00,4270570.74,,895762.74
2026-07-19 14:00:00,4244515.34,,897843.36
2026-07-19 15:00:00,4234326.80,,889764.24
2026-07-19 16:00:00,4217603.23,,883618.07
2026-07-19 17:00:00,4190998.79,,877295.47
2026-07-19 18:00:00,4234599.78,,943678.88
2026-07-19 19:00:00,4202458.19,,935145.24
2026-07-19 20:00:00,4201714.66,,937455.40
2026-07-19 21:00:00,4199150.11,,936547.45
2026-07-19 22:00:00,4151427.04,,934889.02
2026-07-19 23:00:00,4184016.22,,938058.57
2026-07-20 00:00:00,4189752.80,,938506.32
2026-07-20 01:00:00,4162425.75,,932650.15
2026-07-20 02:00:00,4148692.10,,918481.31
2026-07-20 03:00:00,4166087.21,,922571.47
2026-07-20 04:00:00,4159791.03,,924346.15
2026-07-20 05:00:00,4160180.55,,925396.34
2026-07-20 06:00:00,4107920.51,,945356.93
2026-07-20 07:00:00,4151714.40,,947122.71
2026-07-20 08:00:00,4248538.07,,951554.07
2026-07-20 09:00:00,4280225.38,,945869.77
2026-07-20 10:00:00,4328932.66,,945418.23
2026-07-20 11:00:00,4340546.77,,960585.20
2026-07-20 12:00:00,4384356.61,,952798.27
2026-07-20 13:00:00,4348427.71,,930156.68
2026-07-20 14:00:00,4368094.13,,925609.90
2026-07-20 15:00:00,4360058.45,,923787.74
2026-07-20 16:00:00,4428137.39,,932905.84
2026-07-20 17:00:00,4397007.07,,924324.78
2026-07-20 18:00:00,4438081.79,,942671.56
2026-07-20 19:00:00,4431909.92,,932213.87
2026-07-20 20:00:00,4403089.59,,929842.91
2026-07-20 21:00:00,4384570.34,,934107.31
2026-07-20 22:00:00,4355642.06,,933724.70
2026-07-20 23:00:00,4361245.25,,932006.51
2026-07-21 00:00:00,4327173.10,,933658.14
2026-07-21 01:00:00,4305204.64,,929048.19
2026-07-21 02:00:00,4319039.37,,929637.49
2026-07-21 03:00:00,4327930.30,,936110.01
2026-07-21 04:00:00,4399877.17,,962335.26
2026-07-21 05:00:00,4410771.34,,943406.27
2026-07-21 06:00:00,4410108.92,,943829.34
2026-07-21 07:00:00,4380715.14,,938812.70
2026-07-21 08:00:00,4353777.52,,933678.39
2026-07-21 09:00:00,4348921.50,,936427.44
2026-07-21 10:00:00,4309490.01,,940748.56
2026-07-21 11:00:00,4324808.40,,945022.62
2026-07-21 12:00:00,4330057.20,,946201.39
2026-07-21 13:00:00,4334683.45,,949582.06
2026-07-21 14:00:00,4325970.54,,949617.76
2026-07-21 15:00:00,4291576.40,,946340.73
2026-07-21 16:00:00,4296510.08,,939374.16
2026-07-21 17:00:00,4251499.84,,932376.98
2026-07-21 18:00:00,4247269.73,,934647.21
2026-07-21 19:00:00,4241560.80,,937275.93
2026-07-21 20:00:00,4247697.75,,945603.63
2026-07-21 21:00:00,4239268.62,,950106.35
2026-07-21 22:00:00,4274397.80,,965953.59
2026-07-21 23:00:00,4280222.99,,962155.83
2026-07-22 00:00:00,4249069.28,,959760.67
2026-07-22 01:00:00,4256017.72,,965693.33
2026-07-22 02:00:00,4253334.49,,958823.48
2026-07-22 03:00:00,4230818.05,,957640.22
2026-07-22 04:00:00,4234642.92,,960520.70
2026-07-22 05:00:00,4214121.13,,964783.41
2026-07-22 06:00:00,4185164.58,,963079.87
2026-07-22 07:00:00,4143259.90,,951616.98
2026-07-22 08:00:00,4149354.06,,955674.42
2026-07-22 09:00:00,4107004.83,,950702.63
2026-07-22 10:00:00,4128582.86,,958666.26
2026-07-22 11:00:00,4162250.62,,969872.04
2026-07-22 12:00:00,4174301.46,,969559.73
2026-07-22 13:00:00,4157289.87,,954805.03
2026-07-22 14:00:00,4199891.16,,960687.14
2026-07-22 15:00:00,4201743.98,,965006.65
2026-07-22 16:00:00,4308377.71,,985184.96
2026-07-22 17:00:00,4326565.32,,984613.07
2026-07-22 18:00:00,4340676.79,,985309.88
2026-07-22 19:00:00,4298007.73,,974333.76
2026-07-22 20:00:00,4282967.12,,970385.63
2026-07-22 21:00:00,4291200.74,,976375.14
2026-07-22 22:00:00,4320485.81,,983798.32
2026-07-22 23:00:00,4317504.90,,986982.40
2026-07-23 00:00:00,4309848.73,,986973.97
2026-07-23 01:00:00,4305400.54,,994494.87
2026-07-23 02:00:00,4277234.74,,989379.87
2026-07-23 03:00:00,4213398.48,,983523.07
2026-07-23 04:00:00,4210297.37,,988389.59
2026-07-23 05:00:00,4206536.87,,995712.39
2026-07-23 06:00:00,4206068.30,,993297.14
2026-07-23 07:00:00,4227804.56,,994788.00
2026-07-23 08:00:00,4211994.93,,989079.66
2026-07-23 09:00:00,4246763.49,,1003080.68
2026-07-23 10:00:00,4260101.83,,998738.43
2026-07-23 11:00:00,4257791.97,,993816.05
2026-07-23 12:00:00,4257207.10,,1005850.49
2026-07-23 13:00:00,4225286.05,,987567.40
2026-07-23 14:00:00,4199717.45,,978137.74
2026-07-23 15:00:00,4209798.37,,973573.02
2026-07-23 16:00:00,4197549.17,,955859.02
2026-07-23 17:00:00,4198793.07,,957325.17
2026-07-23 18:00:00,4153472.49,,942581.54
2026-07-23 19:00:00,4137370.31,,909998.58
2026-07-23 20:00:00,4111028.94,,902052.78
2026-07-23 21:00:00,4151593.17,,910603.16
2026-07-23 22:00:00,4143230.53,,909311.35
2026-07-23 23:00:00,4145327.31,,905375.17
2026-07-24 00:00:00,4142885.90,,900648.36
2026-07-24 01:00:00,4143228.65,,900789.82
2026-07-24 02:00:00,4255168.02,,932695.59
2026-07-24 03:00:00,4290219.55,,925067.31
2026-07-24 04:00:00,4273222.24,,911462.19
2026-07-24 05:00:00,4217263.94,,893731.01
2026-07-24 06:00:00,4228558.01,,894002.35
2026-07-24 07:00:00,4236904.45,,895949.03
2026-07-24 08:00:00,4251210.53,,895715.18
2026-07-24 09:00:00,4248348.70,,895269.86
2026-07-24 10:00:00,4251062.91,,892335.36
2026-07-24 11:00:00,4214128.85,,887924.53
2026-07-24 12:00:00,4211907.03,,892279.92
2026-07-24 13:00:00,4188438.75,,888571.19
2026-07-24 14:00:00,4146768.99,,879390.13
2026-07-24 15:00:00,4212754.00,,898603.00
2026-07-24 16:00:00,4231543.66,,903830.70
2026-07-24 17:00:00,4257018.70,,902601.20
2026-07-24 18:00:00,4241874.01,,904316.01
2026-07-24 19:00:00,4233706.69,,906767.09
2026-07-24 20:00:00,4239615.17,,917781.92
2026-07-24 21:00:00,4209184.74,,909533.68
2026-07-24 22:00:00,4188463.30,,904790.17
2026-07-24 23:00:00,4231679.60,,923699.30
2026-07-25 00:00:00,4259289.04,,910125.81
2026-07-25 01:00:00,4336775.26,,923049.07
2026-07-25 02:00:00,4425787.73,,956380.75
2026-07-25 03:00:00,4770193.03,,1236325.49
2026-07-25 04:00:00,4864312.03,,1326498.70
2026-07-25 05:00:00,4829685.89,,1315577.46
2026-07-25 06:00:00,4753402.51,,1270460.75
2026-07-25 07:00:00,4646442.55,,1266188.23
2026-07-25 08:00:00,4545181.23,,1234567.68
2026-07-25 09:00:00,4562736.14,,1202355.58
2026-07-25 10:00:00,4512619.40,,1170257.34
2026-07-25 11:00:00,4508242.96,,1181504.78
2026-07-25 12:00:00,4456830.61,,1175126.36
2026-07-25 13:00:00,4473317.71,,1218770.12
2026-07-25 14:00:00,4492011.03,,1218332.73
2026-07-25 15:00:00,4489974.44,,1191720.89
2026-07-25 16:00:00,4436296.38,,1090657.96
2026-07-25 17:00:00,4411330.54,,1076708.02
2026-07-25 18:00:00,4410938.86,,1048698.04
2026-07-25 19:00:00,4423316.69,,1039647.45
2026-07-25 20:00:00,4404825.33,,1028878.85
2026-07-25 21:00:00,4393004.36,,1024531.18
2026-07-25 22:00:00,4410100.65,,1021194.28
2026-07-25 23:00:00,4426202.99,,1009587.66
2026-07-26 00:00:00,4419700.85,,1007419.10
2026-07-26 01:00:00,4348450.26,,1015290.43
2026-07-26 02:00:00,4342489.63,,1014919.81
2026-07-26 03:00:00,4375086.19,,1012595.78
2026-07-26 04:00:00,4380123.88,,1013933.75
2026-07-26 05:00:00,4367600.08,,1017514.08
2026-07-26 06:00:00,4310389.92,,997844.79
2026-07-26 07:00:00,4335538.12,,1032354.55
2026-07-26 08:00:00,4369330.63,,1060513.11
2026-07-26 09:00:00,4347624.26,,1059368.80
2026-07-26 10:00:00,4335988.01,,1054788.11
2026-07-26 11:00:00,4330806.88,,1057772.14
2026-07-26 12:00:00,4324219.14,,1064832.34
2026-07-26 13:00:00,4313190.38,,1062320.21
2026-07-26 14:00:00,4311166.83,,1067399.85
2026-07-26 15:00:00,4307001.86,,1068241.84
2026-07-26 16:00:00,4331541.43,,1071553.04
2026-07-26 17:00:00,4315580.91,,1060657.62
2026-07-26 18:00:00,4295149.55,,1048513.16
2026-07-26 19:00:00,4297212.14,,1047172.68
2026-07-26 20:00:00,4290879.32,,1046667.61
2026-07-26 21:00:00,4296494.50,,1045971.61
2026-07-26 22:00:00,4310763.96,,1052881.35
2026-07-26 23:00:00,4327649.23,,1051208.23
2026-07-27 00:00:00,4308437.68,,1066252.45
2026-07-27 01:00:00,4245780.70,,1041441.79
2026-07-27 02:00:00,4264777.39,,1052287.75
2026-07-27 03:00:00,4260483.19,,1040637.03
2026-07-27 04:00:00,4300401.42,,1047461.03
2026-07-27 05:00:00,4218426.32,,1056920.20
2026-07-27 06:00:00,4232834.00,,1061601.12
2026-07-27 07:00:00,4216855.90,,982289.83
2026-07-27 08:00:00,4216280.12,,974497.46
2026-07-27 09:00:00,4151410.39,,953173.14
2026-07-27 10:00:00,4172937.86,,956230.48
2026-07-27 11:00:00,4191235.18,,971781.68
2026-07-27 12:00:00,4212990.91,,987565.02
2026-07-27 13:00:00,4207788.02,,982410.69
2026-07-27 14:00:00,4171975.61,,973978.82
2026-07-27 15:00:00,4058131.09,,969442.93
2026-07-27 16:00:00,4017137.15,,960549.69
2026-07-27 17:00:00,4048667.42,,966043.23
2026-07-27 18:00:00,4076138.18,,976864.89
2026-07-27 19:00:00,4059063.02,,975572.37
2026-07-27 20:00:00,4049598.95,,978050.05
2026-07-27 21:00:00,4055825.38,,983897.19
2026-07-27 22:00:00,4020976.49,,978596.10
2026-07-27 23:00:00,3841931.16,,955030.36
2026-07-28 00:00:00,3813964.55,,954502.35
2026-07-28 01:00:00,3798522.82,,930959.82
2026-07-28 02:00:00,3747850.50,,927998.88
2026-07-28 03:00:00,3765125.63,,947365.23
2026-07-28 04:00:00,3752402.89,,915206.61
2026-07-28 05:00:00,3730248.68,,908097.27
2026-07-28 06:00:00,3695867.97,,895843.48
2026-07-28 07:00:00,3702531.42,,896054.86
2026-07-28 08:00:00,3686985.54,,902771.07
2026-07-28 09:00:00,3692697.26,,902997.94
2026-07-28 10:00:00,3687361.62,,900465.59
2026-07-28 11:00:00,3712007.90,,899104.91
2026-07-28 12:00:00,3678497.67,,876409.92
2026-07-28 13:00:00,3690908.49,,865720.78
2026-07-28 14:00:00,3650542.11,,877328.56
2026-07-28 15:00:00,3680685.65,,905813.72
2026-07-28 16:00:00,3708673.30,,911123.30
2026-07-28 17:00:00,3698826.60,,912615.39
2026-07-28 18:00:00,3680324.85,,915481.68
2026-07-28 19:00:00,3700291.63,,922219.89
2026-07-28 20:00:00,3710305.61,,913636.97
2026-07-28 21:00:00,3704486.33,,908859.40
2026-07-28 22:00:00,3723662.25,,914419.03
2026-07-28 23:00:00,3690848.39,,902180.37
2026-07-29 00:00:00,3701799.29,,901767.99
2026-07-29 01:00:00,3716804.35,,901945.97
2026-07-29 02:00:00,3671609.08,,876363.16
2026-07-29 03:00:00,3650014.23,,870277.09
2026-07-29 04:00:00,3573890.35,,839788.61
2026-07-29 05:00:00,3609679.66,,846347.57
2026-07-29 06:00:00,3657328.30,,840700.04
2026-07-29 07:00:00,3657123.70,,849193.54
2026-07-29 08:00:00,3662176.37,,861827.79
2026-07-29 09:00:00,3638135.96,,855997.75
2026-07-29 10:00:00,3644464.03,,873645.75
2026-07-29 11:00:00,3606389.62,,877345.28
2026-07-29 12:00:00,3635979.94,,881183.48
2026-07-29 13:00:00,3611497.24,,881995.59
2026-07-29 14:00:00,3644920.26,,880305.24
2026-07-29 15:00:00,3621243.36,,866381.62
2026-07-29 16:00:00,3653076.67,,869147.93
2026-07-29 17:00:00,3675335.21,,868401.33
2026-07-29 18:00:00,3696222.79,,863574.13
2026-07-29 19:00:00,3714400.41,,844755.47
2026-07-29 20:00:00,3652363.00,,846691.00
2026-07-29 21:00:00,3598208.64,,842468.36
2026-07-29 22:00:00,3642432.97,,835437.78
2026-07-29 23:00:00,3659498.54,,835211.40
2026-07-30 00:00:00,3678881.94,,831723.49
2026-07-30 01:00:00,3676416.30,,829171.08
2026-07-30 02:00:00,3726899.70,,838249.41
2026-07-30 03:00:00,3660279.20,,829565.22
2026-07-30 04:00:00,3661319.21,,836012.46
2026-07-30 05:00:00,3666054.79,,841346.46
2026-07-30 06:00:00,3683083.55,,837760.01
2026-07-30 07:00:00,3716809.03,,836329.43
2026-07-30 08:00:00,3703618.71,,832857.45
2026-07-30 09:00:00,3786829.70,,845572.71
2026-07-30 10:00:00,3856002.78,,858375.83
2026-07-30 11:00:00,3876775.78,,885373.62
2026-07-30 12:00:00,3923779.25,,894705.35
2026-07-30 13:00:00,3923175.65,,897302.88
2026-07-30 14:00:00,3901928.42,,896553.53
2026-07-30 15:00:00,3943946.02,,900804.49
2026-07-30 16:00:00,3933447.30,,901439.07
2026-07-30 17:00:00,3930523.78,,897950.03
2026-07-30 18:00:00,3915908.63,,906976.15
2026-07-30 19:00:00,3915320.06,,917060.56
2026-07-30 20:00:00,3884200.43,,911827.25
2026-07-30 21:00:00,3869680.92,,924908.76
2026-07-30 22:00:00,3894204.67,,930760.02
2026-07-30 23:00:00,3896299.10,,936270.79
2026-07-31 00:00:00,3864976.31,,942424.84
2026-07-31 01:00:00,3870208.41,,941810.41
2026-07-31 02:00:00,3865549.72,,929092.00
2026-07-31 03:00:00,3857139.23,,917496.85
2026-07-31 04:00:00,3901411.64,,908335.67
2026-07-31 05:00:00,3867319.39,,923443.53
2026-07-31 06:00:00,3918290.03,,947951.96
2026-07-31 07:00:00,3897193.42,,956478.87
2026-07-31 08:00:00,3897784.29,,951995.44
2026-07-31 09:00:00,3862487.33,,954453.64
2026-07-31 10:00:00,3836771.77,,950750.88
2026-07-31 11:00:00,3837399.65,,944967.22
2026-07-31 12:00:00,3819846.55,,941149.67
2026-07-31 13:00:00,3863405.77,,920774.91
2026-07-31 14:00:00,3835328.35,,918438.61
2026-07-31 15:00:00,3798570.25,,926855.84
2026-07-31 16:00:00,3780034.86,,932888.02
2026-07-31 17:00:00,3774779.50,,929864.57
2026-07-31 18:00:00,3776243.67,,915137.29
2026-07-31 19:00:00,3732304.44,,884975.91
2026-07-31 20:00:00,3704415.35,,868069.91
2026-07-31 21:00:00,3722680.58,,874595.03
2026-07-31 22:00:00,3736426.76,,881787.95
2026-07-31 23:00:00,3730630.95,,863300.73
2026-08-01 00:00:00,3788792.04,,865713.76
2026-08-01 01:00:00,3849320.04,,908123.33
2026-08-01 02:00:00,3841785.40,,985077.50
2026-08-01 03:00:00,3896568.16,,1026105.08
2026-08-01 04:00:00,3885788.57,,990782.67
2026-08-01 05:00:00,3878561.52,,978985.43
2026-08-01 06:00:00,3941594.59,,1045020.21
2026-08-01 07:00:00,3954172.04,,1070888.76
2026-08-01 08:00:00,3927738.74,,1068594.57
2026-08-01 09:00:00,3928056.71,,1070715.22
2026-08-01 10:00:00,3982950.39,,1078214.02
2026-08-01 11:00:00,4034085.71,,1127384.27
2026-08-01 12:00:00,3963444.20,,1032246.18
2026-08-01 13:00:00,3981909.65,,1027822.51
2026-08-01 14:00:00,3964659.87,,1025425.49
2026-08-01 15:00:00,3924031.82,,1022500.14
2026-08-01 16:00:00,3896411.17,,1008506.39
2026-08-01 17:00:00,3852968.72,,999747.38
2026-08-01 18:00:00,3794760.70,,971230.51
2026-08-01 19:00:00,3776126.89,,967912.27
2026-08-01 20:00:00,3763744.52,,951602.36
2026-08-01 21:00:00,3780024.76,,966471.50
2026-08-01 22:00:00,3754318.30,,959607.61
2026-08-01 23:00:00,3716245.11,,924529.54
2026-08-02 00:00:00,3967265.76,,990174.23
2026-08-02 01:00:00,4045675.43,,1013899.76
2026-08-02 02:00:00,4064501.35,,1076410.15
2026-08-02 03:00:00,4122639.79,,1137333.14
2026-08-02 04:00:00,4144650.80,,1195548.04
2026-08-02 05:00:00,4101683.73,,1174226.04
2026-08-02 06:00:00,4076466.82,,1166086.30
2026-08-02 07:00:00,4114966.14,,1157847.39
2026-08-02 08:00:00,4142253.84,,1154799.12
2026-08-02 09:00:00,4141850.01,,1137423.60
2026-08-02 10:00:00,4080689.54,,1104321.92
2026-08-02 11:00:00,4052570.08,,1097488.17
2026-08-02 12:00:00,4053335.40,,1080975.45
2026-08-02 13:00:00,4033542.54,,1069193.49
2026-08-02 14:00:00,4040362.26,,1050080.87
2026-08-02 15:00:00,4066988.35,,1051477.44
2026-08-02 16:00:00,4056314.77,,1035584.14
2026-08-02 17:00:00,4034451.17,,999813.35
2026-08-02 18:00:00,4059835.69,,988809.47
2026-08-02 19:00:00,4031825.84,,975671.63
2026-08-02 20:00:00,4034299.44,,958726.90
2026-08-02 21:00:00,4024248.74,,946985.07
2026-08-02 22:00:00,4037186.59,,969908.46
2026-08-02 23:00:00,3984722.88,,949742.52
2026-08-03 00:00:00,4017883.96,,940017.97
2026-08-03 01:00:00,3969980.74,,912285.68
2026-08-03 02:00:00,3983422.06,,926419.50
2026-08-03 03:00:00,3970692.09,,911563.99
2026-08-03 04:00:00,3996969.81,,919345.20
2026-08-03 05:00:00,3972138.35,,927897.78
2026-08-03 06:00:00,4041883.53,,944202.11
2026-08-03 07:00:00,4047432.67,,985011.27
2026-08-03 08:00:00,4067424.17,,1018629.55
2026-08-03 09:00:00,4035486.15,,1041434.77
2026-08-03 10:00:00,4058060.46,,1066704.83
2026-08-03 11:00:00,4052613.95,,1046733.12
2026-08-03 12:00:00,4084338.86,,1061682.58
2026-08-03 13:00:00,4019459.13,,1033131.43
2026-08-03 14:00:00,4105015.53,,1040742.13
2026-08-03 15:00:00,4070133.37,,1013785.58
2026-08-03 16:00:00,4038993.69,,941635.33
2026-08-03 17:00:00,4038096.23,,932712.46
2026-08-03 18:00:00,4054683.28,,937406.20
2026-08-03 19:00:00,4057558.87,,939144.77
2026-08-03 20:00:00,4023667.36,,924880.19
2026-08-03 21:00:00,4034328.05,,910791.58
2026-08-03 22:00:00,4070876.91,,919725.95
2026-08-03 23:00:00,4038780.53,,928614.27
2026-08-04 00:00:00,4036579.27,,925097.85
2026-08-04 01:00:00,3987063.33,,873192.34
2026-08-04 02:00:00,4052407.54,,875247.40
2026-08-04 03:00:00,4060713.55,,892039.59
2026-08-04 04:00:00,4023470.78,,884893.79
2026-08-04 05:00:00,4022302.53,,901026.38
2026-08-04 06:00:00,4029320.58,,901813.72
2026-08-04 07:00:00,4014632.40,,887539.28
2026-08-04 08:00:00,3991067.04,,882023.68
2026-08-04 09:00:00,3995223.80,,884211.12
2026-08-04 10:00:00,3993854.58,,889543.19
2026-08-04 11:00:00,4002258.99,,908117.03
2026-08-04 12:00:00,4010876.65,,880477.53
2026-08-04 13:00:00,4042362.14,,933071.79
2026-08-04 14:00:00,3987482.75,,899110.99
2026-08-04 15:00:00,3953348.60,,921072.01
2026-08-04 16:00:00,3933526.04,,907978.46
2026-08-04 17:00:00,3974479.73,,906735.22
2026-08-04 18:00:00,4012527.19,,902944.80
2026-08-04 19:00:00,4019698.20,,899930.26
2026-08-04 20:00:00,4074301.63,,937792.81
2026-08-04 21:00:00,4059240.86,,920634.81
2026-08-04 22:00:00,4048960.77,,913151.78
2026-08-04 23:00:00,4010495.52,,915024.71
2026-08-05 00:00:00,4016068.94,,903723.52
2026-08-05 01:00:00,3975749.44,,901943.64
2026-08-05 02:00:00,3995857.18,,925539.75
2026-08-05 03:00:00,4009577.70,,909556.77
2026-08-05 04:00:00,4038668.29,,898136.20
2026-08-05 05:00:00,4029479.94,,904136.39
2026-08-05 06:00:00,3993111.16,,899230.60
2026-08-05 07:00:00,4028585.52,,911971.91
2026-08-05 08:00:00,4027550.70,,915859.70
2026-08-05 09:00:00,4052500.71,,927824.16
2026-08-05 10:00:00,4147249.57,,946878.86
2026-08-05 11:00:00,4293773.01,,1003285.78
2026-08-05 12:00:00,4314887.90,,1005864.86
2026-08-05 13:00:00,4336699.74,,985790.38
2026-08-05 14:00:00,4359646.81,,989707.32
2026-08-05 15:00:00,4424725.63,,995002.38
2026-08-05 16:00:00,4306119.73,,994962.41
2026-08-05 17:00:00,4354984.34,,998356.88
2026-08-05 18:00:00,4298130.70,,984187.74
2026-08-05 19:00:00,4286199.83,,975664.81
2026-08-05 20:00:00,4299157.68,,974752.21
2026-08-05 21:00:00,4346639.14,,977676.70
2026-08-05 22:00:00,4349223.21,,983084.70
2026-08-05 23:00:00,4388909.44,,986685.67
2026-08-06 00:00:00,4404455.23,,986280.67
2026-08-06 01:00:00,4347905.26,,982595.60
2026-08-06 02:00:00,4309250.30,,967756.32
2026-08-06 03:00:00,4301411.74,,971892.10
2026-08-06 04:00:00,4314027.10,,972662.38
2026-08-06 05:00:00,4224158.94,,946956.95
2026-08-06 06:00:00,4260547.67,,934012.64
2026-08-06 07:00:00,4222255.76,,945117.64
2026-08-06 08:00:00,4267706.57,,958764.79
2026-08-06 09:00:00,4243652.82,,949238.17
2026-08-06 10:00:00,4145309.45,,931127.30
2026-08-06 11:00:00,4152899.98,,933317.98
2026-08-06 12:00:00,4115225.94,,916515.47
2026-08-06 13:00:00,4148655.55,,921499.70
2026-08-06 14:00:00,4231938.26,,934041.76
2026-08-06 15:00:00,4264714.86,,942016.96
2026-08-06 16:00:00,4222566.56,,920153.12
2026-08-06 17:00:00,4248247.60,,925877.22
2026-08-06 18:00:00,4217725.71,,939021.02
2026-08-06 19:00:00,4165516.94,,943701.44
2026-08-06 20:00:00,4163892.97,,929594.65
2026-08-06 21:00:00,4191387.18,,931153.83
2026-08-06 22:00:00,4199281.42,,925587.08
2026-08-06 23:00:00,4154268.21,,920359.01
2026-08-07 00:00:00,4135202.47,,927727.52
2026-08-07 01:00:00,4104028.20,,933560.86
2026-08-07 02:00:00,4097571.14,,931657.11
2026-08-07 03:00:00,4061844.82,,922687.65
2026-08-07 04:00:00,4053924.26,,919616.40
2026-08-07 05:00:00,4083397.52,,919817.71
2026-08-07 06:00:00,4115502.34,,923107.01
2026-08-07 07:00:00,4130139.94,,927170.44
2026-08-07 08:00:00,4097800.80,,936310.18
2026-08-07 09:00:00,4073745.65,,933249.76
2026-08-07 10:00:00,4098177.55,,925990.87
2026-08-07 11:00:00,4120450.65,,930455.99
2026-08-07 12:00:00,4146109.61,,935247.79
2026-08-07 13:00:00,4118955.48,,924956.48
2026-08-07 14:00:00,4116635.85,,921468.50
2026-08-07 15:00:00,4077314.96,,924792.35
2026-08-07 16:00:00,4073466.90,,924595.64
2026-08-07 17:00:00,4059245.71,,922046.76
2026-08-07 18:00:00,4046258.59,,915637.48
2026-08-07 19:00:00,4020736.51,,911186.86
2026-08-07 20:00:00,4029518.35,,911501.63
2026-08-07 21:00:00,4090591.50,,903538.34
2026-08-07 22:00:00,4069210.66,,897666.93
2026-08-07 23:00:00,4058543.96,,891433.69
2026-08-08 00:00:00,4038226.19,,903341.13
2026-08-08 01:00:00,4077187.23,,901865.79
2026-08-08 02:00:00,4082963.60,,913461.53
2026-08-08 03:00:00,4043573.45,,914885.69
2026-08-08 04:00:00,4078834.80,,912986.02
2026-08-08 05:00:00,4077654.81,,907938.70
2026-08-08 06:00:00,4120616.27,,922867.91
2026-08-08 07:00:00,4178021.51,,936938.48
2026-08-08 08:00:00,4252364.24,,937684.28
2026-08-08 09:00:00,4287866.91,,933807.39
2026-08-08 10:00:00,4326160.11,,931891.77
2026-08-08 11:00:00,4351964.80,,927742.54
2026-08-08 12:00:00,4351168.13,,920514.94
2026-08-08 13:00:00,4361269.27,,912092.28
2026-08-08 14:00:00,4363980.05,,908795.73
2026-08-08 15:00:00,4321562.18,,898818.80
2026-08-08 16:00:00,4347224.26,,898141.40
2026-08-08 17:00:00,4328302.05,,892251.53
2026-08-08 18:00:00,4303719.12,,882559.02
2026-08-08 19:00:00,4291078.24,,877112.13
2026-08-08 20:00:00,4315827.75,,881649.42
2026-08-08 21:00:00,4318442.53,,879664.65
2026-08-08 22:00:00,4349023.17,,870254.38
2026-08-08 23:00:00,4296546.68,,859771.17
2026-08-09 00:00:00,4294233.62,,861285.66
2026-08-09 01:00:00,4253752.56,,860200.21
2026-08-09 02:00:00,4163097.76,,809873.04
2026-08-09 03:00:00,4154480.09,,802958.18
2026-08-09 04:00:00,4200272.81,,804053.93
2026-08-09 05:00:00,4186904.87,,808550.81
2026-08-09 06:00:00,4170788.80,,803495.12
2026-08-09 07:00:00,4230945.65,,817002.67
2026-08-09 08:00:00,4149527.01,,813810.29
2026-08-09 09:00:00,4123136.07,,805693.42
2026-08-09 10:00:00,4142684.39,,803909.20
2026-08-09 11:00:00,4130841.96,,807573.46
2026-08-09 12:00:00,4127434.22,,803248.05
2026-08-09 13:00:00,4133803.86,,798230.38
2026-08-09 14:00:00,4150992.38,,801657.61
2026-08-09 15:00:00,4152932.31,,816115.32
2026-08-09 16:00:00,4153646.12,,835025.31
2026-08-09 17:00:00,4167201.10,,823279.04
2026-08-09 18:00:00,4153638.85,,821884.16
2026-08-09 19:00:00,4158850.74,,821156.80
2026-08-09 20:00:00,4141005.33,,819910.48
2026-08-09 21:00:00,4138225.47,,821872.47
2026-08-09 22:00:00,4137983.01,,826870.15
2026-08-09 23:00:00,4080817.56,,825142.82
2026-08-10 00:00:00,4011556.11,,822838.57
2026-08-10 01:00:00,4004588.19,,814310.72
2026-08-10 02:00:00,4080101.31,,838336.01
2026-08-10 03:00:00,4072464.01,,837976.32
2026-08-10 04:00:00,4048559.04,,838160.85
2026-08-10 05:00:00,4021784.81,,826323.71
2026-08-10 06:00:00,4051370.63,,837744.59
2026-08-10 07:00:00,4072183.24,,833157.65
2026-08-10 08:00:00,4073065.47,,834983.74
2026-08-10 09:00:00,4075254.39,,835675.30
2026-08-10 10:00:00,4096514.68,,851268.57
2026-08-10 11:00:00,4125953.41,,869243.32
2026-08-10 12:00:00,4097309.96,,853931.01
2026-08-10 13:00:00,4110178.36,,856235.90
2026-08-10 14:00:00,4113429.49,,849277.47
2026-08-10 15:00:00,4087835.09,,847713.23
2026-08-10 16:00:00,4063935.47,,833649.37
2026-08-10 17:00:00,4052406.88,,834968.40
2026-08-10 18:00:00,4035482.41,,829643.23
2026-08-10 19:00:00,4019717.72,,827782.15
2026-08-10 20:00:00,4012719.90,,824723.08
2026-08-10 21:00:00,4047465.35,,838272.98
2026-08-10 22:00:00,4018686.14,,826354.04
2026-08-10 23:00:00,3958360.68,,814757.44
2026-08-11 00:00:00,3967433.34,,814953.10
2026-08-11 01:00:00,3856828.90,,786137.64
2026-08-11 02:00:00,3844838.06,,785844.17
2026-08-11 03:00:00,3810360.86,,782948.09
2026-08-11 04:00:00,3833992.37,,777470.02
2026-08-11 05:00:00,3803325.50,,774162.56
2026-08-11 06:00:00,3814543.57,,777535.79
2026-08-11 07:00:00,3781981.60,,779622.60
2026-08-11 08:00:00,3747057.61,,774408.92
2026-08-11 09:00:00,3765189.71,,789190.61
2026-08-11 10:00:00,3773102.82,,778286.53
2026-08-11 11:00:00,3743679.73,,771917.77
2026-08-11 12:00:00,3772428.68,,777744.52
2026-08-11 13:00:00,3731992.73,,770978.16
2026-08-11 14:00:00,3721009.91,,773261.73
2026-08-11 15:00:00,3694609.72,,744703.70
2026-08-11 16:00:00,3628084.68,,726615.33
2026-08-11 17:00:00,3655217.09,,728681.18
2026-08-11 18:00:00,3646518.14,,729692.59
2026-08-11 19:00:00,3650970.34,,735256.63
2026-08-11 20:00:00,3724446.80,,795605.85
2026-08-11 21:00:00,3718142.28,,782131.50
2026-08-11 22:00:00,3743391.84,,773531.88
2026-08-11 23:00:00,3772124.11,,784601.61
2026-08-12 00:00:00,3754626.96,,782339.29
2026-08-12 01:00:00,3740963.16,,768576.43
2026-08-12 02:00:00,3781506.01,,783454.33
2026-08-12 03:00:00,3804748.24,,790610.10
2026-08-12 04:00:00,3793158.61,,790510.77
2026-08-12 05:00:00,3795629.38,,789273.28
2026-08-12 06:00:00,3774783.39,,776134.30
2026-08-12 07:00:00,3759066.51,,770521.79
2026-08-12 08:00:00,3748052.98,,761893.20
2026-08-12 09:00:00,3713403.57,,748203.71
2026-08-12 10:00:00,3720932.06,,744668.77
2026-08-12 11:00:00,3714696.74,,741562.05
2026-08-12 12:00:00,3730891.53,,738052.88
2026-08-12 13:00:00,3737213.25,,740348.74
2026-08-12 14:00:00,3730982.07,,745528.45
2026-08-12 15:00:00,3692790.24,,763807.25
2026-08-12 16:00:00,3705630.91,,759643.84
2026-08-12 17:00:00,3686030.86,,749580.93
2026-08-12 18:00:00,3674934.74,,744382.79
2026-08-12 19:00:00,3676917.29,,752807.55
2026-08-12 20:00:00,3630995.45,,760940.14
2026-08-12 21:00:00,3661210.04,,748875.08
2026-08-12 22:00:00,3621143.24,,732945.93
2026-08-12 23:00:00,3653335.76,,735078.10
2026-08-13 00:00:00,3665627.77,,733391.99
2026-08-13 01:00:00,3687194.08,,750013.70
2026-08-13 02:00:00,3721060.73,,776650.31
2026-08-13 03:00:00,3748470.42,,797341.73
2026-08-13 04:00:00,3756076.10,,798992.86
2026-08-13 05:00:00,3718149.80,,800947.22
2026-08-13 06:00:00,3687475.05,,784171.98
2026-08-13 07:00:00,3694259.61,,780508.25
2026-08-13 08:00:00,3666472.76,,778468.13
2026-08-13 09:00:00,3697539.05,,770253.52
2026-08-13 10:00:00,3698408.15,,767828.55
2026-08-13 11:00:00,3713582.95,,760443.14
2026-08-13 12:00:00,3711986.49,,757239.82
2026-08-13 13:00:00,3718848.13,,760442.50
2026-08-13 14:00:00,3728961.95,,761587.61
2026-08-13 15:00:00,3790198.98,,771146.73
2026-08-13 16:00:00,3734573.90,,762262.22
2026-08-13 17:00:00,3675752.30,,734301.55
2026-08-13 18:00:00,3665164.14,,728517.73
2026-08-13 19:00:00,3683004.10,,730513.42
2026-08-13 20:00:00,3669899.13,,719662.48
2026-08-13 21:00:00,3693614.04,,723721.85
2026-08-13 22:00:00,3721658.15,,736640.86
2026-08-13 23:00:00,3697737.65,,741921.04
2026-08-14 00:00:00,3692958.67,,741756.15
2026-08-14 01:00:00,3686898.67,,743008.48
2026-08-14 02:00:00,3671237.84,,741652.30
2026-08-14 03:00:00,3674455.93,,733137.09
2026-08-14 04:00:00,3652803.39,,740137.31
2026-08-14 05:00:00,3647181.39,,740876.50
2026-08-14 06:00:00,3628469.66,,745116.05
2026-08-14 07:00:00,3616929.78,,739286.89
2026-08-14 08:00:00,3594592.12,,754542.12
2026-08-14 09:00:00,3613332.87,,765558.82
2026-08-14 10:00:00,3587960.54,,756028.35
2026-08-14 11:00:00,3570462.89,,750565.22
2026-08-14 12:00:00,3565280.87,,755821.09
2026-08-14 13:00:00,3566684.71,,757477.13
2026-08-14 14:00:00,3563832.92,,767712.78
2026-08-14 15:00:00,3556812.96,,771595.34
2026-08-14 16:00:00,3596228.56,,766414.96
2026-08-14 17:00:00,3620730.16,,765722.54
2026-08-14 18:00:00,3620376.11,,763524.23
2026-08-14 19:00:00,3618234.45,,756462.98
2026-08-14 20:00:00,3630965.37,,760525.66
2026-08-14 21:00:00,3625324.84,,758679.69
2026-08-14 22:00:00,3622540.86,,756489.93
2026-08-14 23:00:00,3626099.25,,757519.27
2026-08-15 00:00:00,3638638.69,,754880.28
2026-08-15 01:00:00,3687999.65,,780128.34
2026-08-15 02:00:00,3657159.59,,766877.26
2026-08-15 03:00:00,3641448.67,,752481.52
2026-08-15 04:00:00,3603299.96,,742797.48
2026-08-15 05:00:00,3629767.38,,739642.92
2026-08-15 06:00:00,3611599.24,,732628.12
2026-08-15 07:00:00,3596327.10,,733685.06
2026-08-15 08:00:00,3593474.57,,740615.35
2026-08-15 09:00:00,3598180.40,,740349.85
2026-08-15 10:00:00,3653875.60,,761232.87
2026-08-15 11:00:00,3666380.35,,760382.20
2026-08-15 12:00:00,3656305.17,,748411.29
2026-08-15 13:00:00,3649923.36,,737566.12
2026-08-15 14:00:00,3639970.73,,738815.15
2026-08-15 15:00:00,3639577.76,,737662.84
2026-08-15 16:00:00,3633003.11,,737642.75
2026-08-15 17:00:00,3612600.41,,739124.28
2026-08-15 18:00:00,3607890.66,,730310.60
2026-08-15 19:00:00,3602319.41,,725104.78
2026-08-15 20:00:00,3625749.70,,726909.22
2026-08-15 21:00:00,3602933.18,,722451.09
2026-08-15 22:00:00,3616147.73,,725029.28
2026-08-15 23:00:00,3630429.63,,729270.01
2026-08-16 00:00:00,3597621.69,,741467.23
2026-08-16 01:00:00,3585195.69,,736287.84
2026-08-16 02:00:00,3561643.81,,735549.61
2026-08-16 03:00:00,3557350.39,,737022.77
2026-08-16 04:00:00,3547723.56,,740676.10
2026-08-16 05:00:00,3544169.96,,743893.75
2026-08-16 06:00:00,3547443.52,,742758.96
2026-08-16 07:00:00,3538808.44,,746048.45
2026-08-16 08:00:00,3560353.59,,746382.03
2026-08-16 09:00:00,3555426.17,,751695.05
2026-08-16 10:00:00,3551532.88,,750944.39
2026-08-16 11:00:00,3533175.05,,752429.56
2026-08-16 12:00:00,3538047.42,,752967.17
2026-08-16 13:00:00,3537646.85,,760781.26
2026-08-16 14:00:00,3539114.68,,750407.10
2026-08-16 15:00:00,3533517.59,,746718.95
2026-08-16 16:00:00,3536481.74,,743975.82
2026-08-16 17:00:00,3550825.93,,740009.13
2026-08-16 18:00:00,3523685.39,,733961.36
2026-08-16 19:00:00,3541639.49,,745592.82
2026-08-16 20:00:00,3522634.23,,741720.76
2026-08-16 21:00:00,3499895.73,,743137.19
2026-08-16 22:00:00,3444711.90,,742551.34
2026-08-16 23:00:00,3458518.93,,750181.55
2026-08-17 00:00:00,3472720.49,,753535.01
2026-08-17 01:00:00,3493223.88,,759410.92
2026-08-17 02:00:00,3486433.18,,783889.79
2026-08-17 03:00:00,3507233.43,,802385.36
2026-08-17 04:00:00,3505595.19,,801873.23
2026-08-17 05:00:00,3512964.86,,801172.86
2026-08-17 06:00:00,3501955.21,,794891.68
2026-08-17 07:00:00,3524574.21,,806680.29
2026-08-17 08:00:00,3518107.81,,802808.29
2026-08-17 09:00:00,3502140.58,,813702.10
2026-08-17 10:00:00,3559420.50,,833528.30
2026-08-17 11:00:00,3574446.30,,845474.73
2026-08-17 12:00:00,3562543.74,,849649.12
2026-08-17 13:00:00,3552472.01,,822671.91
2026-08-17 14:00:00,3591893.08,,836513.46
2026-08-17 15:00:00,3612646.59,,848015.38
2026-08-17 16:00:00,3652293.31,,842010.19
2026-08-17 17:00:00,3645117.41,,840305.44
2026-08-17 18:00:00,3648600.54,,834833.45
2026-08-17 19:00:00,3658961.25,,829653.88
2026-08-17 20:00:00,3656564.56,,829847.41
2026-08-17 21:00:00,3661873.60,,833421.98
2026-08-17 22:00:00,3660151.78,,834096.08
2026-08-17 23:00:00,3643746.32,,841860.26
2026-08-18 00:00:00,3630040.43,,842310.87
2026-08-18 01:00:00,3646616.93,,836091.67
2026-08-18 02:00:00,3539089.48,,846410.12
2026-08-18 03:00:00,3453711.29,,813091.46
2026-08-18 04:00:00,3446995.25,,812797.92
2026-08-18 05:00:00,3448450.78,,820416.45
2026-08-18 06:00:00,3444005.56,,832919.31
2026-08-18 07:00:00,3493905.03,,851227.78
2026-08-18 08:00:00,3526680.33,,867026.97
2026-08-18 09:00:00,3523737.42,,867890.01
2026-08-18 10:00:00,3508324.07,,863717.49
2026-08-18 11:00:00,3506612.03,,867540.46
2026-08-18 12:00:00,3516476.27,,868440.58
2026-08-18 13:00:00,3499290.33,,862119.63
2026-08-18 14:00:00,3518002.08,,867463.16
2026-08-18 15:00:00,3503275.59,,858072.52
2026-08-18 16:00:00,3519258.80,,852781.07
2026-08-18 17:00:00,3513679.95,,851947.20
2026-08-18 18:00:00,3516631.16,,848128.08
2026-08-18 19:00:00,3514509.30,,845661.34
2026-08-18 20:00:00,3498658.24,,840181.16
2026-08-18 21:00:00,3479991.40,,839638.60
2026-08-18 22:00:00,3471865.28,,843760.91
2026-08-18 23:00:00,3460712.40,,850068.58
2026-08-19 00:00:00,3467430.83,,846229.39
2026-08-19 01:00:00,3436223.16,,851001.16
2026-08-19 02:00:00,3435478.34,,842835.44
2026-08-19 03:00:00,3401343.19,,841396.43
2026-08-19 04:00:00,3443110.56,,842589.74
2026-08-19 05:00:00,3427084.62,,826842.14
2026-08-19 06:00:00,3425549.62,,831290.25
2026-08-19 07:00:00,3427502.40,,831503.19
2026-08-19 08:00:00,3438008.57,,824832.74
2026-08-19 09:00:00,3441405.21,,827609.68
2026-08-19 10:00:00,3427168.47,,823850.69
2026-08-19 11:00:00,3430074.36,,823718.50
2026-08-19 12:00:00,3447313.34,,826422.43
2026-08-19 13:00:00,3473147.51,,829990.43
2026-08-19 14:00:00,3452757.46,,819816.07
2026-08-19 15:00:00,3493854.58,,848469.77
2026-08-19 16:00:00,3596824.13,,889742.39
2026-08-19 17:00:00,3626753.94,,899199.13
2026-08-19 18:00:00,3622186.13,,897681.68
2026-08-19 19:00:00,3645764.26,,893031.79
2026-08-19 20:00:00,3647383.44,,897889.18
2026-08-19 21:00:00,3713059.60,,870360.71
2026-08-19 22:00:00,3727100.90,,850232.55
2026-08-19 23:00:00,3677474.89,,844430.89
2026-08-20 00:00:00,3688252.35,,840664.75
2026-08-20 01:00:00,3695495.88,,828122.88
2026-08-20 02:00:00,3716764.64,,833140.79
2026-08-20 03:00:00,3717559.16,,835484.60
2026-08-20 04:00:00,3708354.31,,834607.55
2026-08-20 05:00:00,3732587.59,,841268.64
2026-08-20 06:00:00,3694263.13,,825170.28
2026-08-20 07:00:00,3736715.24,,839171.05
2026-08-20 08:00:00,3744569.62,,837202.03
2026-08-20 09:00:00,3800746.98,,847883.69
2026-08-20 10:00:00,3758585.70,,836261.95
2026-08-20 11:00:00,3783797.04,,841605.65
2026-08-20 12:00:00,3773363.81,,839891.51
2026-08-20 13:00:00,3775525.70,,824296.59
2026-08-20 14:00:00,3764091.73,,822285.15
2026-08-20 15:00:00,3767857.37,,826693.77
2026-08-20 16:00:00,3825140.48,,860334.98
2026-08-20 17:00:00,3837897.16,,878146.45
2026-08-20 18:00:00,3815437.94,,881874.84
2026-08-20 19:00:00,3771088.58,,864158.24
2026-08-20 20:00:00,3762956.49,,861092.36
2026-08-20 21:00:00,3776435.51,,865166.33
2026-08-20 22:00:00,3818960.24,,867328.82
2026-08-20 23:00:00,3832617.80,,869840.46
2026-08-21 00:00:00,3824634.57,,871597.99
2026-08-21 01:00:00,3806140.33,,883451.47
2026-08-21 02:00:00,3830269.12,,882405.32
2026-08-21 03:00:00,3811421.58,,877673.16
2026-08-21 04:00:00,3843038.61,,880848.89
2026-08-21 05:00:00,3844775.11,,888395.51
2026-08-21 06:00:00,3858149.54,,892638.65
2026-08-21 07:00:00,3879061.12,,898611.44
2026-08-21 08:00:00,3924673.97,,917228.43
2026-08-21 09:00:00,4053140.74,,947059.18
2026-08-21 10:00:00,4019795.77,,936677.27
2026-08-21 11:00:00,4088975.93,,953945.41
2026-08-21 12:00:00,4081717.29,,955041.16
2026-08-21 13:00:00,4326175.64,,983930.48
2026-08-21 14:00:00,4404785.50,,996283.37
2026-08-21 15:00:00,4500242.53,,1007456.27
2026-08-21 16:00:00,4488277.77,,1010905.05
2026-08-21 17:00:00,4470785.67,,1012759.35
2026-08-21 18:00:00,4557778.64,,1027312.00
2026-08-21 19:00:00,4525045.11,,1015633.61
2026-08-21 20:00:00,4457787.14,,1003750.07
2026-08-21 21:00:00,4506369.82,,1021426.80
2026-08-21 22:00:00,4536575.64,,1025307.86
2026-08-21 23:00:00,4543170.50,,1050492.19
2026-08-22 00:00:00,4708311.19,,1102673.68
2026-08-22 01:00:00,4814024.40,,1122138.36
2026-08-22 02:00:00,4771295.17,,1117337.52
2026-08-22 03:00:00,4781346.55,,1121127.65
2026-08-22 04:00:00,4808989.20,,1125497.43
2026-08-22 05:00:00,4879758.81,,1148055.18
2026-08-22 06:00:00,4416129.98,,1123103.09
2026-08-22 07:00:00,4496483.27,,1164452.93
2026-08-22 08:00:00,4488379.86,,1156011.23
2026-08-22 09:00:00,4419949.06,,1149612.58
2026-08-22 10:00:00,4431665.94,,1155397.86
2026-08-22 11:00:00,4450186.01,,1158144.67
2026-08-22 12:00:00,4503857.39,,1158332.23
2026-08-22 13:00:00,4466834.59,,1142718.26
2026-08-22 14:00:00,4498522.42,,1152924.46
2026-08-22 15:00:00,4431192.70,,1138845.45
2026-08-22 16:00:00,4381068.35,,1150041.95
2026-08-22 17:00:00,4430580.49,,1164390.21
2026-08-22 18:00:00,4407270.80,,1168517.13
2026-08-22 19:00:00,4394565.79,,1165228.99
2026-08-22 20:00:00,4386430.90,,1166466.15
2026-08-22 21:00:00,4363601.56,,1164424.74
2026-08-22 22:00:00,4256590.68,,1131738.28
2026-08-22 23:00:00,4267204.68,,1143066.98
2026-08-23 00:00:00,4249824.36,,1142787.86
2026-08-23 01:00:00,4318298.35,,1160901.73
2026-08-23 02:00:00,4237888.18,,1146938.39
2026-08-23 03:00:00,4121067.65,,1122101.56
2026-08-23 04:00:00,4045779.90,,1112610.12
2026-08-23 05:00:00,3968099.51,,1095024.43
2026-08-23 06:00:00,3917238.20,,1092209.83
2026-08-23 07:00:00,3941501.00,,1095715.23
2026-08-23 08:00:00,3954404.37,,1117242.29
2026-08-23 09:00:00,3972662.79,,1140246.76
2026-08-23 10:00:00,3989825.27,,1149231.89
2026-08-23 11:00:00,4029855.85,,1156262.04
2026-08-23 12:00:00,4051625.92,,1152880.15
2026-08-23 13:00:00,4070064.40,,1154960.31
2026-08-23 14:00:00,4158092.59,,1171307.20
2026-08-23 15:00:00,4129877.70,,1160455.16
2026-08-23 16:00:00,4187893.97,,1165001.99
2026-08-23 17:00:00,4181747.50,,1162115.45
2026-08-23 18:00:00,4191031.58,,1159000.01
2026-08-23 19:00:00,4204552.83,,1163487.17
2026-08-23 20:00:00,4176651.01,,1163749.72
2026-08-23 21:00:00,4180475.37,,1166627.34
2026-08-23 22:00:00,4216136.42,,1186388.93
2026-08-23 23:00:00,4179397.66,,1182489.44
2026-08-24 00:00:00,4147222.42,,1176350.77
2026-08-24 01:00:00,4096831.70,,1180346.41
2026-08-24 02:00:00,3997522.48,,1126807.32
2026-08-24 03:00:00,4033760.17,,1136070.13
2026-08-24 04:00:00,3993929.07,,1127678.97
2026-08-24 05:00:00,4015443.30,,1133888.90
2026-08-24 06:00:00,4012488.98,,1130296.15
2026-08-24 07:00:00,3979097.97,,1123918.01
2026-08-24 08:00:00,3945276.02,,1112760.41
2026-08-24 09:00:00,3952052.07,,1111008.85
2026-08-24 10:00:00,3975834.61,,1118199.43
2026-08-24 11:00:00,3977753.09,,1121166.65
2026-08-24 12:00:00,4017471.11,,1129753.61
2026-08-24 13:00:00,4031871.91,,1140664.95
2026-08-24 14:00:00,4005225.75,,1100935.59
2026-08-24 15:00:00,4063669.37,,1126932.98
2026-08-24 16:00:00,4085189.10,,1148478.88
2026-08-24 17:00:00,4084284.58,,1149280.42
2026-08-24 18:00:00,4062196.12,,1133777.98
2026-08-24 19:00:00,4038530.53,,1129560.08
2026-08-24 20:00:00,4054949.70,,1134427.86
2026-08-24 21:00:00,4059337.55,,1141716.05
2026-08-24 22:00:00,4058713.19,,1143398.35
2026-08-24 23:00:00,4020549.70,,1133427.47
2026-08-25 00:00:00,4033836.31,,1139237.09
2026-08-25 01:00:00,4101799.44,,1157653.91
2026-08-25 02:00:00,4072146.86,,1152497.67
2026-08-25 03:00:00,4081802.13,,1155446.50
2026-08-25 04:00:00,4068437.19,,1155987.30
2026-08-25 05:00:00,4078251.94,,1157796.23
2026-08-25 06:00:00,4078655.60,,1154665.01
2026-08-25 07:00:00,4042070.35,,1149659.61
2026-08-25 08:00:00,4015439.52,,1140485.18
2026-08-25 09:00:00,4047333.13,,1149012.21
2026-08-25 10:00:00,4023738.62,,1152434.54
2026-08-25 11:00:00,4021145.15,,1154854.66
2026-08-25 12:00:00,4006514.22,,1154314.28
2026-08-25 13:00:00,4001068.03,,1172405.26
2026-08-25 14:00:00,3942754.63,,1155166.60
2026-08-25 15:00:00,3969502.37,,1163734.58
2026-08-25 16:00:00,3958927.46,,1159558.13
2026-08-25 17:00:00,3946596.71,,1157013.86
2026-08-25 18:00:00,3958733.72,,1160572.61
2026-08-25 19:00:00,3964544.85,,1159951.23
2026-08-25 20:00:00,3920044.17,,1144409.70
2026-08-25 21:00:00,3855088.23,,1121140.76
2026-08-25 22:00:00,3842899.16,,1112755.71
2026-08-25 23:00:00,3868963.16,,1124782.82
2026-08-26 00:00:00,3840769.80,,1115417.04
2026-08-26 01:00:00,3862229.95,,1120152.44
2026-08-26 02:00:00,3858355.52,,1119193.52
2026-08-26 03:00:00,3878595.09,,1123994.36
2026-08-26 04:00:00,3860251.97,,1117761.94
2026-08-26 05:00:00,3881641.70,,1119279.24
2026-08-26 06:00:00,3902142.36,,1124839.32
2026-08-26 07:00:00,3870076.09,,1123637.26
2026-08-26 08:00:00,3852734.88,,1119261.17
2026-08-26 09:00:00,3860300.64,,1121553.86
2026-08-26 10:00:00,3833251.08,,1116541.19
2026-08-26 11:00:00,3874199.55,,1129000.20
2026-08-26 12:00:00,3839355.95,,1119747.61
2026-08-26 13:00:00,3827510.65,,1121964.96
2026-08-26 14:00:00,3807011.01,,1116144.86
2026-08-26 15:00:00,3770168.04,,1104241.54
2026-08-26 16:00:00,3776660.62,,1104802.87
2026-08-26 17:00:00,3771285.77,,1108652.81
2026-08-26 18:00:00,3803444.67,,1120350.50
2026-08-26 19:00:00,3817666.17,,1125604.17
2026-08-26 20:00:00,3794094.46,,1119616.27
2026-08-26 21:00:00,3808215.90,,1122683.26
2026-08-26 22:00:00,3846346.33,,1134967.83
2026-08-26 23:00:00,3853806.76,,1131859.45
2026-08-27 00:00:00,3910111.77,,1138401.41
2026-08-27 01:00:00,4069630.95,,1178342.48
2026-08-27 02:00:00,3948161.06,,1179641.78
2026-08-27 03:00:00,3913350.10,,1183755.06
2026-08-27 04:00:00,3901048.99,,1186574.57
2026-08-27 05:00:00,3879266.21,,1183772.07
2026-08-27 06:00:00,3894797.22,,1189227.81
2026-08-27 07:00:00,3881765.09,,1195927.42
2026-08-27 08:00:00,3883511.28,,1193787.29
2026-08-27 09:00:00,3937692.05,,1205991.83
2026-08-27 10:00:00,3939643.56,,1192166.98
2026-08-27 11:00:00,4026838.87,,1219866.73
2026-08-27 12:00:00,3966340.94,,1219534.38
2026-08-27 13:00:00,4013616.91,,1221703.28
2026-08-27 14:00:00,4051002.14,,1229416.00
2026-08-27 15:00:00,4020905.49,,1217817.72
2026-08-27 16:00:00,4054592.69,,1221021.73
2026-08-27 17:00:00,4132706.65,,1230096.07
2026-08-27 18:00:00,4122436.96,,1233932.45
2026-08-27 19:00:00,4136152.41,,1229853.24
2026-08-27 20:00:00,4160883.17,,1233148.13
2026-08-27 21:00:00,4199812.81,,1231744.72
2026-08-27 22:00:00,4199372.29,,1232726.86
2026-08-27 23:00:00,4275806.32,,1247325.01
2026-08-28 00:00:00,4242232.98,,1241018.53
2026-08-28 01:00:00,4203351.92,,1234432.96
2026-08-28 02:00:00,4229057.32,,1227250.13
2026-08-28 03:00:00,4157405.40,,1210501.45
2026-08-28 04:00:00,4162099.97,,1207616.72
2026-08-28 05:00:00,4114700.04,,1180772.95
2026-08-28 06:00:00,4090671.08,,1178512.69
2026-08-28 07:00:00,4111431.59,,1188862.74
2026-08-28 08:00:00,4088670.47,,1190237.68
2026-08-28 09:00:00,4103403.74,,1185905.28
2026-08-28 10:00:00,4131003.08,,1188595.76
2026-08-28 11:00:00,4164041.02,,1205223.89
2026-08-28 12:00:00,4172584.90,,1211716.73
2026-08-28 13:00:00,4190753.34,,1202722.53
2026-08-28 14:00:00,4136158.02,,1184481.79
2026-08-28 15:00:00,4175650.42,,1186484.09
2026-08-28 16:00:00,4117021.71,,1168180.89
2026-08-28 17:00:00,4095943.88,,1154446.09
2026-08-28 18:00:00,4084190.73,,1150078.39
2026-08-28 19:00:00,4043521.90,,1139700.30
2026-08-28 20:00:00,4062930.80,,1150853.53
2026-08-28 21:00:00,4067419.04,,1166961.54
2026-08-28 22:00:00,4049369.67,,1153883.62
2026-08-28 23:00:00,4097278.05,,1166428.98
2026-08-29 00:00:00,4108433.54,,1167541.16
2026-08-29 01:00:00,4269279.47,,1233717.80
2026-08-29 02:00:00,4337199.95,,1254020.38
2026-08-29 03:00:00,4372620.79,,1274097.04
2026-08-29 04:00:00,4278844.58,,1241414.47
2026-08-29 05:00:00,4294418.00,,1236721.38
2026-08-29 06:00:00,4287413.31,,1233996.86
2026-08-29 07:00:00,4262855.35,,1222262.65
2026-08-29 08:00:00,4316165.93,,1253248.94
2026-08-29 09:00:00,4207199.99,,1219131.47
2026-08-29 10:00:00,4217089.59,,1221101.83
2026-08-29 11:00:00,4209531.62,,1214730.64
2026-08-29 12:00:00,4184595.38,,1199933.43
2026-08-29 13:00:00,4196896.78,,1187515.30
2026-08-29 14:00:00,4235444.11,,1200947.15
2026-08-29 15:00:00,4208183.58,,1208647.73
2026-08-29 16:00:00,4201672.21,,1198616.74
2026-08-29 17:00:00,4174416.09,,1195802.29
2026-08-29 18:00:00,4161458.40,,1190147.33
2026-08-29 19:00:00,4163810.76,,1195423.05
2026-08-29 20:00:00,4165646.13,,1197284.39
2026-08-29 21:00:00,4148302.28,,1197045.89
2026-08-29 22:00:00,4142569.60,,1204152.21
2026-08-29 23:00:00,4129237.58,,1212306.53
2026-08-30 00:00:00,4115907.82,,1219622.80
2026-08-30 01:00:00,4078125.54,,1222776.97
2026-08-30 02:00:00,4062417.03,,1237211.77
2026-08-30 03:00:00,4091789.48,,1229307.33
2026-08-30 04:00:00,4109598.90,,1236676.07
2026-08-30 05:00:00,4098944.22,,1233954.81
2026-08-30 06:00:00,4091767.04,,1245588.10
2026-08-30 07:00:00,4082019.64,,1239077.50
2026-08-30 08:00:00,4068714.30,,1229988.62
2026-08-30 09:00:00,4058439.16,,1228023.53
