time,oi_A,oi_6,oi_3
2026-05-31 12:00:00,13436746.44,,1875948.38
2026-05-31 13:00:00,13557433.02,,1897091.95
2026-05-31 14:00:00,13618722.32,,1901129.18
2026-05-31 15:00:00,13696572.55,,1975651.65
2026-05-31 16:00:00,13531822.62,,1951782.92
2026-05-31 17:00:00,13465012.36,,1948440.28
2026-05-31 18:00:00,13606934.61,,1968205.89
2026-05-31 19:00:00,13524838.84,,1943614.33
2026-05-31 20:00:00,13602212.58,,1950786.85
2026-05-31 21:00:00,13649999.32,,1948756.86
2026-05-31 22:00:00,13875175.56,,1963796.91
2026-05-31 23:00:00,13897067.38,,1957290.24
2026-06-01 00:00:00,13838607.56,,1952784.81
2026-06-01 01:00:00,14026789.84,,1973125.34
2026-06-01 02:00:00,14157615.11,,1983857.08
2026-06-01 03:00:00,14199365.59,,1992851.08
2026-06-01 04:00:00,14101604.43,,1988527.19
2026-06-01 05:00:00,13995257.68,,1974773.22
2026-06-01 06:00:00,13790851.27,,1948047.14
2026-06-01 07:00:00,13414972.21,,1894365.38
2026-06-01 08:00:00,13546890.66,,1924108.59
2026-06-01 09:00:00,13357318.58,,1905265.62
2026-06-01 10:00:00,13335848.07,,1905710.01
2026-06-01 11:00:00,13225129.32,,1873460.56
2026-06-01 12:00:00,13127413.59,,1851638.65
2026-06-01 13:00:00,13247462.06,,1869243.01
2026-06-01 14:00:00,13158058.33,,1852157.31
2026-06-01 15:00:00,13338748.10,,1889144.08
2026-06-01 16:00:00,12992333.56,,1846667.71
2026-06-01 17:00:00,12956740.45,,1874895.19
2026-06-01 18:00:00,12971992.59,,1890754.75
2026-06-01 19:00:00,12991350.95,,1890288.48
2026-06-01 20:00:00,12949664.08,,1873295.82
2026-06-01 21:00:00,13018915.23,,1880362.71
2026-06-01 22:00:00,12936226.66,,1852407.55
2026-06-01 23:00:00,12930937.91,,1846927.89
2026-06-02 00:00:00,12847070.68,,1838106.59
2026-06-02 01:00:00,12836240.61,,1831924.63
2026-06-02 02:00:00,12704147.23,,1814031.65
2026-06-02 03:00:00,12774184.77,,1815693.81
2026-06-02 04:00:00,13204081.27,,1859444.01
2026-06-02 05:00:00,12959035.03,,1832309.96
2026-06-02 06:00:00,12874325.42,,1820758.52
2026-06-02 07:00:00,12885775.89,,1830223.33
2026-06-02 08:00:00,12848992.65,,1825496.43
2026-06-02 09:00:00,12874550.38,,1839082.43
2026-06-02 10:00:00,12831387.96,,1836549.83
2026-06-02 11:00:00,12878260.09,,1834273.74
2026-06-02 12:00:00,12780708.12,,1821659.85
2026-06-02 13:00:00,12832689.60,,1827047.12
2026-06-02 14:00:00,12723191.63,,1811662.16
2026-06-02 15:00:00,12661311.44,,1827025.08
2026-06-02 16:00:00,12284145.82,,1762460.50
2026-06-02 17:00:00,12488137.91,,1773230.85
2026-06-02 18:00:00,12398100.01,,1753451.59
2026-06-02 19:00:00,12385295.26,,1749686.00
2026-06-02 20:00:00,12546136.28,,1753816.09
2026-06-02 21:00:00,12597050.33,,1757344.68
2026-06-02 22:00:00,12648369.01,,1755898.58
2026-06-02 23:00:00,12371076.21,,1712332.44
2026-06-03 00:00:00,12582108.25,,1752361.15
2026-06-03 01:00:00,12642486.52,,1757167.14
2026-06-03 02:00:00,12747691.21,,1784870.98
2026-06-03 03:00:00,13002888.54,,1827867.34
2026-06-03 04:00:00,12914231.31,,1816094.39
2026-06-03 05:00:00,13121596.61,,1843477.75
2026-06-03 06:00:00,13232312.84,,1847697.82
2026-06-03 07:00:00,13199077.26,,1856189.56
2026-06-03 08:00:00,13098547.23,,1836510.06
2026-06-03 09:00:00,13046950.14,,1857096.52
2026-06-03 10:00:00,13026310.32,,1858804.13
2026-06-03 11:00:00,13095155.27,,1861728.66
2026-06-03 12:00:00,12992091.19,,1850232.75
2026-06-03 13:00:00,13040314.82,,1862973.53
2026-06-03 14:00:00,13043671.48,,1857720.03
2026-06-03 15:00:00,12921480.19,,1837658.71
2026-06-03 16:00:00,12835690.72,,1821922.75
2026-06-03 17:00:00,12849596.60,,1816533.00
2026-06-03 18:00:00,12886283.79,,1824913.11
2026-06-03 19:00:00,12935243.44,,1831765.45
2026-06-03 20:00:00,12870401.26,,1820365.32
2026-06-03 21:00:00,12864647.71,,1837474.11
2026-06-03 22:00:00,13228628.18,,1890421.61
2026-06-03 23:00:00,13131633.91,,1872307.27
2026-06-04 00:00:00,12903099.27,,1851106.25
2026-06-04 01:00:00,12794082.33,,1841592.41
2026-06-04 02:00:00,12567242.04,,1803821.99
2026-06-04 03:00:00,12500121.60,,1812872.06
2026-06-04 04:00:00,12590450.78,,1841020.75
2026-06-04 05:00:00,12384698.66,,1815749.29
2026-06-04 06:00:00,12135910.03,,1778599.25
2026-06-04 07:00:00,12408798.83,,1807062.18
2026-06-04 08:00:00,12125761.30,,1776253.91
2026-06-04 09:00:00,11968751.00,,1755492.24
2026-06-04 10:00:00,12077364.55,,1784365.24
2026-06-04 11:00:00,12032820.94,,1753655.04
2026-06-04 12:00:00,12209115.89,,1772584.42
2026-06-04 13:00:00,12341318.61,,1783110.00
2026-06-04 14:00:00,12283211.30,,1766034.86
2026-06-04 15:00:00,12246581.57,,1756901.20
2026-06-04 16:00:00,12304727.18,,1763463.45
2026-06-04 17:00:00,12281072.59,,1750877.37
2026-06-04 18:00:00,12264691.89,,1740298.25
2026-06-04 19:00:00,12276981.13,,1742651.87
2026-06-04 20:00:00,12093313.20,,1717198.86
2026-06-04 21:00:00,12240541.19,,1743931.26
2026-06-04 22:00:00,12037671.62,,1732931.63
2026-06-04 23:00:00,12067800.25,,1734295.00
2026-06-05 00:00:00,12023027.28,,1712324.72
2026-06-05 01:00:00,12216006.53,,1755063.34
2026-06-05 02:00:00,12135772.57,,1731696.56
2026-06-05 03:00:00,11969628.22,,1725030.01
2026-06-05 04:00:00,11984057.23,,1719170.79
2026-06-05 05:00:00,12178138.98,,1743000.12
2026-06-05 06:00:00,12028301.50,,1717185.99
2026-06-05 07:00:00,11893286.60,,1701414.34
2026-06-05 08:00:00,12087668.74,,1704483.66
2026-06-05 09:00:00,12034102.16,,1690589.39
2026-06-05 10:00:00,12098508.27,,1680213.00
2026-06-05 11:00:00,11834922.71,,1632635.68
2026-06-05 12:00:00,11829708.90,,1634105.79
2026-06-05 13:00:00,11948988.87,,1650130.63
2026-06-05 14:00:00,11850405.65,,1639525.08
2026-06-05 15:00:00,11877798.59,,1660022.94
2026-06-05 16:00:00,11620878.35,,1621158.50
2026-06-05 17:00:00,11873718.87,,1647421.66
2026-06-05 18:00:00,11685614.20,,1618764.69
2026-06-05 19:00:00,11339973.09,,1592556.97
2026-06-05 20:00:00,11284513.73,,1595165.81
2026-06-05 21:00:00,11331575.81,,1568032.40
2026-06-05 22:00:00,11249022.23,,1542413.35
2026-06-05 23:00:00,11151529.73,,1528589.09
2026-06-06 00:00:00,11045647.97,,1518196.85
2026-06-06 01:00:00,11653795.26,,1598610.31
2026-06-06 02:00:00,11757385.99,,1653255.21
2026-06-06 03:00:00,11679269.44,,1628468.29
2026-06-06 04:00:00,11761428.82,,1660812.19
2026-06-06 05:00:00,11250436.92,,1598340.36
2026-06-06 06:00:00,11466074.71,,1621142.75
2026-06-06 07:00:00,11582523.01,,1625800.29
2026-06-06 08:00:00,11922002.14,,1687989.84
2026-06-06 09:00:00,11892411.17,,1686082.65
2026-06-06 10:00:00,11925902.58,,1677894.51
2026-06-06 11:00:00,12318159.04,,1781872.43
2026-06-06 12:00:00,12195756.52,,1760815.88
2026-06-06 13:00:00,12267636.39,,1759561.07
2026-06-06 14:00:00,12183784.88,,1735174.19
2026-06-06 15:00:00,12363421.49,,1768039.58
2026-06-06 16:00:00,12334143.01,,1747449.90
2026-06-06 17:00:00,12299984.69,,1741201.21
2026-06-06 18:00:00,12290703.30,,1740629.29
2026-06-06 19:00:00,12351387.88,,1747563.51
2026-06-06 20:00:00,12354068.52,,1749906.56
2026-06-06 21:00:00,12402089.72,,1748399.35
2026-06-06 22:00:00,12455563.79,,1748449.55
2026-06-06 23:00:00,12373345.46,,1737243.41
2026-06-07 00:00:00,12507160.56,,1753229.08
2026-06-07 01:00:00,12471530.50,,1743021.74
2026-06-07 02:00:00,12793310.66,,1777349.64
2026-06-07 03:00:00,13046155.82,,1808026.70
2026-06-07 04:00:00,12675194.79,,1792979.80
2026-06-07 05:00:00,12765333.00,,1794951.13
2026-06-07 06:00:00,12866730.09,,1801108.24
2026-06-07 07:00:00,12786204.24,,1799541.36
2026-06-07 08:00:00,13032865.72,,1816552.54
2026-06-07 09:00:00,13364727.31,,1857570.10
2026-06-07 10:00:00,13028110.92,,1831969.87
2026-06-07 11:00:00,12882319.85,,1807258.64
2026-06-07 12:00:00,13071549.54,,1810051.78
2026-06-07 13:00:00,12748014.39,,1809058.21
2026-06-07 14:00:00,12881003.37,,1827006.23
2026-06-07 15:00:00,12831362.29,,1813322.51
2026-06-07 16:00:00,12788336.25,,1810192.30
2026-06-07 17:00:00,12710708.72,,1805121.51
2026-06-07 18:00:00,12683129.97,,1801706.48
2026-06-07 19:00:00,12702326.34,,1796457.43
2026-06-07 20:00:00,12576144.60,,1776986.44
2026-06-07 21:00:00,12716505.95,,1789817.50
2026-06-07 22:00:00,12586615.75,,1778104.72
2026-06-07 23:00:00,12716362.22,,1795204.57
2026-06-08 00:00:00,12795743.07,,1801513.52
2026-06-08 01:00:00,12769861.62,,1797253.86
2026-06-08 02:00:00,12753662.18,,1802546.82
2026-06-08 03:00:00,12728686.01,,1797939.85
2026-06-08 04:00:00,12696640.22,,1795665.46
2026-06-08 05:00:00,12531134.89,,1781589.94
2026-06-08 06:00:00,12472653.88,,1776206.98
2026-06-08 07:00:00,12449764.41,,1773771.31
2026-06-08 08:00:00,12498110.38,,1784740.10
2026-06-08 09:00:00,12342814.26,,1745996.49
2026-06-08 10:00:00,12478706.29,,1768731.66
2026-06-08 11:00:00,12442424.11,,1752517.44
2026-06-08 12:00:00,12383443.96,,1747446.58
2026-06-08 13:00:00,12439182.33,,1753662.87
2026-06-08 14:00:00,12284900.14,,1731921.52
2026-06-08 15:00:00,12851992.03,,1815276.25
2026-06-08 16:00:00,12651937.44,,1779380.10
2026-06-08 17:00:00,12694958.07,,1784325.49
2026-06-08 18:00:00,12717183.68,,1784131.93
2026-06-08 19:00:00,12647648.82,,1765358.92
2026-06-08 20:00:00,12665217.06,,1763828.58
2026-06-08 21:00:00,12751205.97,,1776252.92
2026-06-08 22:00:00,12802707.87,,1775791.60
2026-06-08 23:00:00,12798916.63,,1794165.82
2026-06-09 00:00:00,12496939.95,,1736477.03
2026-06-09 01:00:00,12379526.49,,1732214.56
2026-06-09 02:00:00,12423006.03,,1734698.42
2026-06-09 03:00:00,12327193.82,,1728583.60
2026-06-09 04:00:00,12320178.71,,1723986.79
2026-06-09 05:00:00,12356286.49,,1723182.83
2026-06-09 06:00:00,12337704.11,,1713944.77
2026-06-09 07:00:00,12345564.94,,1715175.38
2026-06-09 08:00:00,12388059.55,,1720953.36
2026-06-09 09:00:00,12299954.82,,1710808.03
2026-06-09 10:00:00,12251230.04,,1704571.38
2026-06-09 11:00:00,12189874.74,,1722410.89
2026-06-09 12:00:00,12183698.20,,1729359.18
2026-06-09 13:00:00,12172541.11,,1723054.84
2026-06-09 14:00:00,12140595.17,,1719140.15
2026-06-09 15:00:00,11973875.06,,1709566.01
2026-06-09 16:00:00,11862553.13,,1695586.37
2026-06-09 17:00:00,11833639.14,,1695656.86
2026-06-09 18:00:00,11889773.18,,1695369.29
2026-06-09 19:00:00,11787846.70,,1678028.80
2026-06-09 20:00:00,11804996.68,,1672611.14
2026-06-09 21:00:00,11692365.76,,1654981.29
2026-06-09 22:00:00,11639005.27,,1631320.26
2026-06-09 23:00:00,11595204.45,,1623464.69
2026-06-10 00:00:00,11637320.90,,1630166.72
2026-06-10 01:00:00,11615840.92,,1623935.25
2026-06-10 02:00:00,11608990.82,,1620486.75
2026-06-10 03:00:00,11465790.47,,1593372.98
2026-06-10 04:00:00,11557051.83,,1605261.97
2026-06-10 05:00:00,11615447.75,,1605992.22
2026-06-10 06:00:00,11670720.70,,1603936.57
2026-06-10 07:00:00,11716047.60,,1618628.62
2026-06-10 08:00:00,11847902.06,,1651363.36
2026-06-10 09:00:00,11843948.18,,1647034.58
2026-06-10 10:00:00,11748843.21,,1629584.25
2026-06-10 11:00:00,11776500.86,,1656649.38
2026-06-10 12:00:00,11649688.10,,1638015.33
2026-06-10 13:00:00,11779979.20,,1659269.47
2026-06-10 14:00:00,11811941.47,,1657440.58
2026-06-10 15:00:00,11848386.02,,1659507.25
2026-06-10 16:00:00,11845974.78,,1653001.53
2026-06-10 17:00:00,11676720.76,,1630773.09
2026-06-10 18:00:00,11617578.50,,1622648.83
2026-06-10 19:00:00,11648309.32,,1623097.73
2026-06-10 20:00:00,11563640.57,,1611350.78
2026-06-10 21:00:00,11552215.55,,1609344.86
2026-06-10 22:00:00,11299278.44,,1623611.16
2026-06-10 23:00:00,11346890.24,,1622177.82
2026-06-11 00:00:00,11431128.56,,1619305.74
2026-06-11 01:00:00,11366533.58,,1587126.71
2026-06-11 02:00:00,11406365.91,,1588654.08
2026-06-11 03:00:00,11384329.34,,1585770.65
2026-06-11 04:00:00,11575744.67,,1610590.38
2026-06-11 05:00:00,11570091.22,,1611600.25
2026-06-11 06:00:00,11470523.61,,1599184.61
2026-06-11 07:00:00,11423393.97,,1596192.14
2026-06-11 08:00:00,11387095.88,,1593757.35
2026-06-11 09:00:00,11441393.42,,1598083.71
2026-06-11 10:00:00,11350912.42,,1588117.70
2026-06-11 11:00:00,11282415.57,,1580302.72
2026-06-11 12:00:00,11356938.53,,1599108.13
2026-06-11 13:00:00,11362030.99,,1586680.99
2026-06-11 14:00:00,11371902.44,,1596220.46
2026-06-11 15:00:00,11354306.03,,1593078.60
2026-06-11 16:00:00,11454500.87,,1612856.92
2026-06-11 17:00:00,11292819.64,,1592584.48
2026-06-11 18:00:00,11534090.96,,1637623.54
2026-06-11 19:00:00,11385997.38,,1616322.05
2026-06-11 20:00:00,11501626.73,,1635617.93
2026-06-11 21:00:00,11464789.65,,1643430.07
2026-06-11 22:00:00,11512133.07,,1641608.53
2026-06-11 23:00:00,11463767.40,,1635427.48
2026-06-12 00:00:00,11426804.53,,1626817.68
2026-06-12 01:00:00,11412840.07,,1620553.86
2026-06-12 02:00:00,11455449.28,,1615650.32
2026-06-12 03:00:00,11498716.98,,1606449.29
2026-06-12 04:00:00,11594015.78,,1618587.32
2026-06-12 05:00:00,11522264.98,,1614096.00
2026-06-12 06:00:00,11430758.30,,1608295.42
2026-06-12 07:00:00,11425133.33,,1604218.40
2026-06-12 08:00:00,11573865.92,,1631830.58
2026-06-12 09:00:00,11527964.64,,1603998.00
2026-06-12 10:00:00,11671110.19,,1631110.87
2026-06-12 11:00:00,11737531.65,,1632352.22
2026-06-12 12:00:00,11636929.38,,1610884.97
2026-06-12 13:00:00,11664530.95,,1609346.40
2026-06-12 14:00:00,11615131.41,,1609705.29
2026-06-12 15:00:00,11843368.46,,1636771.73
2026-06-12 16:00:00,11815567.20,,1625773.42
2026-06-12 17:00:00,12104117.25,,1671376.14
2026-06-12 18:00:00,11967364.63,,1650803.44
2026-06-12 19:00:00,11918469.16,,1647803.66
2026-06-12 20:00:00,11895634.54,,1641202.99
2026-06-12 21:00:00,11937502.32,,1640688.82
2026-06-12 22:00:00,11982729.95,,1642520.55
2026-06-12 23:00:00,12024824.79,,1648773.42
2026-06-13 00:00:00,11905773.36,,1627361.42
2026-06-13 01:00:00,11964342.44,,1637144.60
2026-06-13 02:00:00,12025329.87,,1646047.70
2026-06-13 03:00:00,12034486.18,,1646930.55
2026-06-13 04:00:00,12009895.25,,1643384.19
2026-06-13 05:00:00,11950604.56,,1631406.68
2026-06-13 06:00:00,12021773.99,,1648554.88
2026-06-13 07:00:00,12095353.88,,1663584.10
2026-06-13 08:00:00,12036743.28,,1653799.61
2026-06-13 09:00:00,12036132.36,,1644090.76
2026-06-13 10:00:00,11895494.07,,1625752.19
2026-06-13 11:00:00,11847110.89,,1610365.84
2026-06-13 12:00:00,11780760.79,,1605428.24
2026-06-13 13:00:00,11825137.26,,1613246.45
2026-06-13 14:00:00,11696721.28,,1601884.68
2026-06-13 15:00:00,11657716.53,,1593401.73
2026-06-13 16:00:00,11934491.68,,1637880.75
2026-06-13 17:00:00,11744478.02,,1612062.05
2026-06-13 18:00:00,11901881.02,,1635398.97
2026-06-13 19:00:00,11797201.56,,1610879.48
2026-06-13 20:00:00,11812737.48,,1608943.77
2026-06-13 21:00:00,11817906.20,,1611528.19
2026-06-13 22:00:00,11754411.11,,1603787.31
2026-06-13 23:00:00,11769286.69,,1599832.14
2026-06-14 00:00:00,11743150.46,,1598003.17
2026-06-14 01:00:00,11688936.67,,1590409.00
2026-06-14 02:00:00,11523963.75,,1584655.83
2026-06-14 03:00:00,11472515.41,,1580176.64
2026-06-14 04:00:00,11749790.86,,1503356.52
2026-06-14 05:00:00,12275640.79,,1513329.31
2026-06-14 06:00:00,12579662.39,,1502154.37
2026-06-14 07:00:00,12779868.74,,1514918.24
2026-06-14 08:00:00,12923943.67,,1502420.40
2026-06-14 09:00:00,13001340.22,,1487258.59
2026-06-14 10:00:00,13097559.10,,1459487.47
2026-06-14 11:00:00,13262257.78,,1485676.72
2026-06-14 12:00:00,13288095.50,,1496931.09
2026-06-14 13:00:00,13349687.84,,1483589.63
2026-06-14 14:00:00,13513817.83,,1494921.03
2026-06-14 15:00:00,13374529.80,,1457888.48
2026-06-14 16:00:00,13315487.47,,1438983.65
2026-06-14 17:00:00,13347826.08,,1430460.32
2026-06-14 18:00:00,13224460.69,,1415926.51
2026-06-14 19:00:00,13277846.39,,1417789.22
2026-06-14 20:00:00,13455732.48,,1435309.88
2026-06-14 21:00:00,13456606.89,,1418361.61
2026-06-14 22:00:00,13405802.17,,1405481.07
2026-06-14 23:00:00,13444807.95,,1392116.95
2026-06-15 00:00:00,13312701.54,,1368311.10
2026-06-15 01:00:00,13442290.08,,1373253.35
2026-06-15 02:00:00,13228385.54,,1343851.26
2026-06-15 03:00:00,13156846.11,,1326262.91
2026-06-15 04:00:00,13171934.11,,1324141.76
2026-06-15 05:00:00,13074371.68,,1317771.56
2026-06-15 06:00:00,13062298.70,,1313716.28
2026-06-15 07:00:00,13121607.87,,1328349.02
2026-06-15 08:00:00,13030954.86,,1314031.85
2026-06-15 09:00:00,12992636.84,,1304561.74
2026-06-15 10:00:00,12964963.81,,1301675.26
2026-06-15 11:00:00,12900467.86,,1290766.77
2026-06-15 12:00:00,12859448.98,,1267203.92
2026-06-15 13:00:00,12876160.66,,1275951.69
2026-06-15 14:00:00,12751067.31,,1265256.18
2026-06-15 15:00:00,12846304.67,,1270996.34
2026-06-15 16:00:00,12889465.42,,1254326.66
2026-06-15 17:00:00,12774586.48,,1237408.95
2026-06-15 18:00:00,12798091.81,,1242977.57
2026-06-15 19:00:00,12759400.23,,1240045.24
2026-06-15 20:00:00,12875669.14,,1253184.00
2026-06-15 21:00:00,12935880.68,,1259048.31
2026-06-15 22:00:00,12842334.41,,1248895.19
2026-06-15 23:00:00,12806258.36,,1251877.39
2026-06-16 00:00:00,12814443.73,,1247897.87
2026-06-16 01:00:00,12848736.80,,1247695.91
2026-06-16 02:00:00,12928054.24,,1252263.54
2026-06-16 03:00:00,12922431.22,,1251309.42
2026-06-16 04:00:00,13067808.46,,1266260.33
2026-06-16 05:00:00,12957663.29,,1255531.99
2026-06-16 06:00:00,13025429.76,,1263432.33
2026-06-16 07:00:00,13046777.36,,1259277.29
2026-06-16 08:00:00,13147392.58,,1258327.44
2026-06-16 09:00:00,13159844.64,,1258373.58
2026-06-16 10:00:00,13225950.84,,1265702.10
2026-06-16 11:00:00,13230176.64,,1262402.17
2026-06-16 12:00:00,13314739.23,,1273818.15
2026-06-16 13:00:00,13350264.53,,1274423.04
2026-06-16 14:00:00,13118474.93,,1257415.95
2026-06-16 15:00:00,13071333.30,,1266679.64
2026-06-16 16:00:00,13019341.91,,1260148.02
2026-06-16 17:00:00,12889816.09,,1243801.15
2026-06-16 18:00:00,12949615.69,,1254345.80
2026-06-16 19:00:00,12812266.17,,1247345.91
2026-06-16 20:00:00,12768649.64,,1241948.02
2026-06-16 21:00:00,13097534.09,,1266694.07
2026-06-16 22:00:00,13153148.14,,1262005.44
2026-06-16 23:00:00,13170680.00,,1254916.16
2026-06-17 00:00:00,13060855.56,,1239036.05
2026-06-17 01:00:00,13018098.48,,1233211.74
2026-06-17 02:00:00,13077783.23,,1237914.27
2026-06-17 03:00:00,13058906.84,,1229219.22
2026-06-17 04:00:00,13081160.19,,1229523.52
2026-06-17 05:00:00,13114678.86,,1226342.90
2026-06-17 06:00:00,13217349.93,,1232966.07
2026-06-17 07:00:00,13117276.98,,1237440.51
2026-06-17 08:00:00,13031809.92,,1217241.07
2026-06-17 09:00:00,12951748.90,,1213793.93
2026-06-17 10:00:00,13083695.41,,1223722.67
2026-06-17 11:00:00,12976774.48,,1215963.50
2026-06-17 12:00:00,12970202.25,,1201857.73
2026-06-17 13:00:00,13038268.78,,1215012.59
2026-06-17 14:00:00,13040594.78,,1210245.90
2026-06-17 15:00:00,13075298.16,,1214664.85
2026-06-17 16:00:00,13202273.09,,1227018.89
2026-06-17 17:00:00,13238282.93,,1225353.78
2026-06-17 18:00:00,13287940.99,,1225146.60
2026-06-17 19:00:00,13481404.98,,1237749.87
2026-06-17 20:00:00,13285880.22,,1225915.72
2026-06-17 21:00:00,13458032.59,,1232946.05
2026-06-17 22:00:00,13396621.79,,1224966.01
2026-06-17 23:00:00,13448593.66,,1228511.16
2026-06-18 00:00:00,13564823.57,,1245841.82
2026-06-18 01:00:00,13562633.36,,1243158.70
2026-06-18 02:00:00,13572542.65,,1243463.23
2026-06-18 03:00:00,13487757.63,,1237059.24
2026-06-18 04:00:00,13447371.35,,1228728.49
2026-06-18 05:00:00,13348078.59,,1224458.32
2026-06-18 06:00:00,13380038.12,,1241644.49
2026-06-18 07:00:00,13315940.14,,1221126.19
2026-06-18 08:00:00,13301592.71,,1221518.81
2026-06-18 09:00:00,13291082.57,,1220602.97
2026-06-18 10:00:00,13096023.62,,1195476.99
2026-06-18 11:00:00,13083237.26,,1195267.18
2026-06-18 12:00:00,13070629.11,,1197170.04
2026-06-18 13:00:00,13064681.73,,1192603.44
2026-06-18 14:00:00,13028009.10,,1194677.04
2026-06-18 15:00:00,12867478.69,,1183007.68
2026-06-18 16:00:00,12309917.14,,1150806.57
2026-06-18 17:00:00,12386076.95,,1157111.28
2026-06-18 18:00:00,12207487.90,,1139557.62
2026-06-18 19:00:00,12115708.18,,1125826.54
2026-06-18 20:00:00,12263202.39,,1140453.39
2026-06-18 21:00:00,12272619.85,,1138848.52
2026-06-18 22:00:00,12243911.07,,1122742.59
2026-06-18 23:00:00,12213115.07,,1112375.60
2026-06-19 00:00:00,12281135.91,,1120047.94
2026-06-19 01:00:00,12273412.42,,1120262.97
2026-06-19 02:00:00,12281865.58,,1126437.72
2026-06-19 03:00:00,12255019.00,,1119514.25
2026-06-19 04:00:00,12149537.28,,1117306.10
2026-06-19 05:00:00,12078430.72,,1102047.53
2026-06-19 06:00:00,12296956.23,,1124509.06
2026-06-19 07:00:00,12315678.08,,1128517.53
2026-06-19 08:00:00,12435251.49,,1142753.74
2026-06-19 09:00:00,12653187.28,,1152722.09
2026-06-19 10:00:00,12551207.58,,1134957.57
2026-06-19 11:00:00,12499131.65,,1128508.27
2026-06-19 12:00:00,12718574.35,,1139543.60
2026-06-19 13:00:00,12683035.66,,1133258.40
2026-06-19 14:00:00,12805899.98,,1158141.14
2026-06-19 15:00:00,12850757.03,,1165109.67
2026-06-19 16:00:00,12872508.28,,1163308.39
2026-06-19 17:00:00,12713192.62,,1146062.79
2026-06-19 18:00:00,12893153.47,,1161696.20
2026-06-19 19:00:00,12704183.42,,1143977.84
2026-06-19 20:00:00,12639874.64,,1136264.46
2026-06-19 21:00:00,12768737.78,,1143442.94
2026-06-19 22:00:00,12714162.37,,1135869.60
2026-06-19 23:00:00,12927769.44,,1153557.73
2026-06-20 00:00:00,12841182.29,,1135338.58
2026-06-20 01:00:00,12870387.94,,1139500.42
2026-06-20 02:00:00,12873802.71,,1135911.49
2026-06-20 03:00:00,12807233.15,,1134280.73
2026-06-20 04:00:00,12761051.99,,1123181.52
2026-06-20 05:00:00,12740954.46,,1123118.86
2026-06-20 06:00:00,12725277.38,,1121045.24
2026-06-20 07:00:00,12746698.39,,1118893.11
2026-06-20 08:00:00,12798134.98,,1125711.74
2026-06-20 09:00:00,12762169.55,,1120646.39
2026-06-20 10:00:00,12828308.46,,1126797.85
2026-06-20 11:00:00,12731896.40,,1119121.10
2026-06-20 12:00:00,12763291.53,,1121908.01
2026-06-20 13:00:00,12760665.92,,1117179.00
2026-06-20 14:00:00,12756297.66,,1119807.23
2026-06-20 15:00:00,12784374.20,,1118937.79
2026-06-20 16:00:00,12834003.40,,1128191.99
2026-06-20 17:00:00,12666253.53,,1113508.83
2026-06-20 18:00:00,12628261.58,,1108030.93
2026-06-20 19:00:00,12664166.49,,1109544.56
2026-06-20 20:00:00,12613828.88,,1105068.74
2026-06-20 21:00:00,12622698.68,,1106188.50
2026-06-20 22:00:00,12624208.53,,1105583.67
2026-06-20 23:00:00,12652061.37,,1105116.70
2026-06-21 00:00:00,12564585.19,,1100122.00
2026-06-21 01:00:00,12588866.82,,1101096.00
2026-06-21 02:00:00,12549600.90,,1098446.20
2026-06-21 03:00:00,12564613.47,,1105310.74
2026-06-21 04:00:00,12585807.02,,1103328.00
2026-06-21 05:00:00,12396965.32,,1084474.19
2026-06-21 06:00:00,12304848.15,,1073040.70
2026-06-21 07:00:00,12235990.84,,1071343.90
2026-06-21 08:00:00,12221819.99,,1065332.22
2026-06-21 09:00:00,12116078.20,,1053324.08
2026-06-21 10:00:00,12159006.75,,1061146.61
2026-06-21 11:00:00,12181483.06,,1069283.36
2026-06-21 12:00:00,12085293.26,,1067757.38
2026-06-21 13:00:00,12099975.30,,1071846.74
2026-06-21 14:00:00,12055344.36,,1063390.10
2026-06-21 15:00:00,12107536.71,,1068602.40
2026-06-21 16:00:00,12090285.02,,1073724.32
2026-06-21 17:00:00,12028907.03,,1062255.05
2026-06-21 18:00:00,12023535.73,,1058858.96
2026-06-21 19:00:00,12022631.55,,1058602.88
2026-06-21 20:00:00,12048395.49,,1056671.46
2026-06-21 21:00:00,12043443.25,,1054780.69
2026-06-21 22:00:00,12074726.16,,1055665.58
2026-06-21 23:00:00,11963851.66,,1039022.07
2026-06-22 00:00:00,11976930.37,,1035131.03
2026-06-22 01:00:00,12164206.21,,1046261.37
2026-06-22 02:00:00,12266189.72,,1046859.70
2026-06-22 03:00:00,12247565.23,,1039213.78
2026-06-22 04:00:00,12182874.68,,1034073.13
2026-06-22 05:00:00,12230437.76,,1034499.87
2026-06-22 06:00:00,12259958.75,,1031225.85
2026-06-22 07:00:00,12288680.43,,1026644.16
2026-06-22 08:00:00,12267104.66,,1020207.68
2026-06-22 09:00:00,12286153.63,,1011885.29
2026-06-22 10:00:00,12294210.52,,1013535.12
2026-06-22 11:00:00,12524214.18,,1036832.63
2026-06-22 12:00:00,12587478.55,,1053750.65
2026-06-22 13:00:00,12549333.21,,1055951.26
2026-06-22 14:00:00,12582697.42,,1058923.33
2026-06-22 15:00:00,12406005.15,,1048312.27
2026-06-22 16:00:00,12487687.17,,1052614.47
2026-06-22 17:00:00,12459783.21,,1049505.10
2026-06-22 18:00:00,12373016.79,,1043305.62
2026-06-22 19:00:00,12343687.79,,1036113.62
2026-06-22 20:00:00,12341194.02,,1036004.32
2026-06-22 21:00:00,12310105.14,,1032621.26
2026-06-22 22:00:00,12315548.06,,1032600.27
2026-06-22 23:00:00,12272777.34,,1028583.81
2026-06-23 00:00:00,12179919.75,,1018748.16
2026-06-23 01:00:00,12187724.70,,1020181.25
2026-06-23 02:00:00,12203986.85,,1017864.93
2026-06-23 03:00:00,12197166.10,,1015156.22
2026-06-23 04:00:00,12114432.91,,1005365.50
2026-06-23 05:00:00,12112799.23,,1006045.04
2026-06-23 06:00:00,11960743.65,,996069.98
2026-06-23 07:00:00,11841970.85,,974092.62
2026-06-23 08:00:00,11817635.94,,972006.70
2026-06-23 09:00:00,11885891.24,,977226.05
2026-06-23 10:00:00,11862360.45,,966694.35
2026-06-23 11:00:00,11917736.49,,965059.72
2026-06-23 12:00:00,11833311.32,,957199.90
2026-06-23 13:00:00,11840012.59,,954493.46
2026-06-23 14:00:00,11845883.05,,959820.26
2026-06-23 15:00:00,11772728.86,,941766.49
2026-06-23 16:00:00,11873361.23,,953551.29
2026-06-23 17:00:00,11798045.77,,961086.84
2026-06-23 18:00:00,11816170.19,,958698.98
2026-06-23 19:00:00,11804914.93,,958354.02
2026-06-23 20:00:00,11811233.64,,958911.06
2026-06-23 21:00:00,11810379.41,,957723.97
2026-06-23 22:00:00,11783792.93,,955867.54
2026-06-23 23:00:00,11762419.33,,951955.15
2026-06-24 00:00:00,11592979.21,,928267.75
2026-06-24 01:00:00,11697259.33,,933507.94
2026-06-24 02:00:00,11655740.64,,913675.63
2026-06-24 03:00:00,11673563.69,,901290.54
2026-06-24 04:00:00,11749971.87,,904793.18
2026-06-24 05:00:00,11811818.31,,908869.95
2026-06-24 06:00:00,11746629.88,,907411.45
2026-06-24 07:00:00,11846668.86,,917191.04
2026-06-24 08:00:00,11685035.31,,900490.28
2026-06-24 09:00:00,11896205.72,,918382.45
2026-06-24 10:00:00,11884798.34,,914257.19
2026-06-24 11:00:00,11827350.61,,909117.82
2026-06-24 12:00:00,11947127.34,,923719.16
2026-06-24 13:00:00,11848849.48,,915532.92
2026-06-24 14:00:00,11695952.59,,901718.11
2026-06-24 15:00:00,11633476.46,,901341.63
2026-06-24 16:00:00,11365889.54,,881584.58
2026-06-24 17:00:00,11085991.20,,856057.49
2026-06-24 18:00:00,11369829.60,,866310.69
2026-06-24 19:00:00,11486445.95,,867919.77
2026-06-24 20:00:00,11445664.87,,863788.46
2026-06-24 21:00:00,11434397.49,,861371.68
2026-06-24 22:00:00,11501021.57,,863008.04
2026-06-24 23:00:00,11440046.21,,853676.82
2026-06-25 00:00:00,11478908.69,,856734.02
2026-06-25 01:00:00,11373051.55,,844134.13
2026-06-25 02:00:00,11480134.07,,850474.08
2026-06-25 03:00:00,11441784.68,,848587.53
2026-06-25 04:00:00,11529218.37,,854979.56
2026-06-25 05:00:00,11600537.70,,854767.53
2026-06-25 06:00:00,11681353.35,,856341.35
2026-06-25 07:00:00,11591465.51,,848576.42
2026-06-25 08:00:00,11667506.38,,852966.40
2026-06-25 09:00:00,11712401.88,,856016.22
2026-06-25 10:00:00,12022625.33,,867239.03
2026-06-25 11:00:00,12052528.40,,866789.56
2026-06-25 12:00:00,12354065.33,,894370.16
2026-06-25 13:00:00,12663334.41,,912281.78
2026-06-25 14:00:00,12293330.09,,890281.07
2026-06-25 15:00:00,12964061.80,,990072.10
2026-06-25 16:00:00,13153219.53,,1010279.17
2026-06-25 17:00:00,13228069.43,,1004437.50
2026-06-25 18:00:00,13382587.14,,1011881.68
2026-06-25 19:00:00,13534236.36,,1030969.34
2026-06-25 20:00:00,13570125.43,,1037270.08
2026-06-25 21:00:00,13656238.11,,1045798.45
2026-06-25 22:00:00,13742523.30,,1047994.12
2026-06-25 23:00:00,13744852.33,,1071815.33
2026-06-26 00:00:00,13817775.28,,1089925.17
2026-06-26 01:00:00,14042814.19,,1141171.36
2026-06-26 02:00:00,13872995.38,,1138812.58
2026-06-26 03:00:00,13768844.97,,1130317.52
2026-06-26 04:00:00,14227433.75,,1157563.41
2026-06-26 05:00:00,14532645.05,,1173575.75
2026-06-26 06:00:00,14190094.87,,1159441.99
2026-06-26 07:00:00,14265990.85,,1169048.39
2026-06-26 08:00:00,13846913.05,,1158119.86
2026-06-26 09:00:00,13998988.99,,1162438.58
2026-06-26 10:00:00,13916016.89,,1144720.50
2026-06-26 11:00:00,13919099.90,,1145273.85
2026-06-26 12:00:00,13673169.75,,1129277.14
2026-06-26 13:00:00,13723359.55,,1135229.48
2026-06-26 14:00:00,13501194.35,,1148263.01
2026-06-26 15:00:00,13227933.43,,1114529.60
2026-06-26 16:00:00,13041412.14,,1082677.71
2026-06-26 17:00:00,12771583.61,,1053325.16
2026-06-26 18:00:00,12647551.97,,1044800.07
2026-06-26 19:00:00,12454424.42,,1031457.80
2026-06-26 20:00:00,12495050.18,,1014777.00
2026-06-26 21:00:00,12537464.90,,1026463.79
2026-06-26 22:00:00,12499503.98,,1018476.20
2026-06-26 23:00:00,12526827.93,,1017237.88
2026-06-27 00:00:00,12487220.61,,1008177.74
2026-06-27 01:00:00,12413440.83,,989621.35
2026-06-27 02:00:00,12428087.16,,989257.07
2026-06-27 03:00:00,12262684.70,,977213.28
2026-06-27 04:00:00,12261513.38,,991780.40
2026-06-27 05:00:00,12248617.18,,988334.85
2026-06-27 06:00:00,12147259.00,,975230.40
2026-06-27 07:00:00,12076328.09,,997322.30
2026-06-27 08:00:00,11976252.89,,980302.18
2026-06-27 09:00:00,11633462.29,,867618.51
2026-06-27 10:00:00,11669378.78,,873055.06
2026-06-27 11:00:00,11921965.88,,889626.31
2026-06-27 12:00:00,11960427.89,,892120.68
2026-06-27 13:00:00,11846053.74,,872024.29
2026-06-27 14:00:00,11723738.69,,879177.50
2026-06-27 15:00:00,11866399.00,,871901.22
2026-06-27 16:00:00,11966474.87,,893542.97
2026-06-27 17:00:00,12009781.79,,886518.96
2026-06-27 18:00:00,11888646.03,,885136.24
2026-06-27 19:00:00,11936426.53,,854530.54
2026-06-27 20:00:00,11857062.17,,853061.65
2026-06-27 21:00:00,11835623.34,,854561.57
2026-06-27 22:00:00,11718515.18,,840609.52
2026-06-27 23:00:00,11635114.55,,840884.94
2026-06-28 00:00:00,11605325.69,,849204.11
2026-06-28 01:00:00,11650747.34,,841654.61
2026-06-28 02:00:00,11702947.53,,834208.83
2026-06-28 03:00:00,11831477.03,,838037.15
2026-06-28 04:00:00,11700395.62,,824819.02
2026-06-28 05:00:00,11641382.29,,823184.17
2026-06-28 06:00:00,11694633.21,,823934.45
2026-06-28 07:00:00,11700332.92,,815938.16
2026-06-28 08:00:00,11735366.72,,821193.36
2026-06-28 09:00:00,11690242.94,,825218.19
2026-06-28 10:00:00,11696822.07,,830971.65
2026-06-28 11:00:00,11698916.79,,828036.21
2026-06-28 12:00:00,11647976.49,,807612.70
2026-06-28 13:00:00,11495817.02,,821817.55
2026-06-28 14:00:00,11559672.64,,829615.71
2026-06-28 15:00:00,11579480.50,,827084.50
2026-06-28 16:00:00,11692488.28,,827855.75
2026-06-28 17:00:00,11693813.01,,826012.11
2026-06-28 18:00:00,11695153.70,,820829.20
2026-06-28 19:00:00,11631009.04,,811759.76
2026-06-28 20:00:00,11573848.86,,806207.25
2026-06-28 21:00:00,11602124.76,,806808.58
2026-06-28 22:00:00,11639904.08,,802844.47
2026-06-28 23:00:00,11665326.63,,800425.68
2026-06-29 00:00:00,11646335.75,,800869.05
2026-06-29 01:00:00,11695346.81,,806954.49
2026-06-29 02:00:00,11725970.00,,816623.06
2026-06-29 03:00:00,11650818.26,,812806.04
2026-06-29 04:00:00,11652029.18,,815405.14
2026-06-29 05:00:00,11607752.76,,811396.45
2026-06-29 06:00:00,11584881.12,,806309.66
2026-06-29 07:00:00,11636877.20,,811996.49
2026-06-29 08:00:00,11659454.01,,809296.56
2026-06-29 09:00:00,11681396.77,,808002.38
2026-06-29 10:00:00,11752727.19,,822344.36
2026-06-29 11:00:00,12041844.53,,852675.12
2026-06-29 12:00:00,12146908.59,,868613.18
2026-06-29 13:00:00,12144594.87,,868737.92
2026-06-29 14:00:00,12193456.52,,874972.69
2026-06-29 15:00:00,12239002.64,,874393.22
2026-06-29 16:00:00,12332949.53,,882552.26
2026-06-29 17:00:00,12235442.18,,873988.92
2026-06-29 18:00:00,12140201.36,,855835.73
2026-06-29 19:00:00,12213932.58,,862710.09
2026-06-29 20:00:00,12215747.40,,866177.09
2026-06-29 21:00:00,12190693.31,,861891.45
2026-06-29 22:00:00,12214328.76,,861206.35
2026-06-29 23:00:00,12188065.42,,857337.99
2026-06-30 00:00:00,12179466.41,,855294.75
2026-06-30 01:00:00,12261247.62,,860308.12
2026-06-30 02:00:00,12148334.50,,850363.40
2026-06-30 03:00:00,12165568.00,,851867.35
2026-06-30 04:00:00,12145099.75,,855326.05
2026-06-30 05:00:00,12055234.37,,847172.37
2026-06-30 06:00:00,12097779.97,,855496.95
2026-06-30 07:00:00,12091589.17,,858460.24
2026-06-30 08:00:00,11997685.00,,849258.41
2026-06-30 09:00:00,11969599.30,,844567.75
2026-06-30 10:00:00,11826230.77,,833694.01
2026-06-30 11:00:00,11773358.79,,825819.31
2026-06-30 12:00:00,11774380.43,,824761.90
2026-06-30 13:00:00,11517884.10,,812085.96
2026-06-30 14:00:00,11293779.00,,772994.73
2026-06-30 15:00:00,11315046.25,,761489.10
2026-06-30 16:00:00,11331324.22,,758037.30
2026-06-30 17:00:00,11462515.53,,766984.21
2026-06-30 18:00:00,11501333.40,,772396.93
2026-06-30 19:00:00,11431545.70,,767021.22
2026-06-30 20:00:00,11509981.78,,775196.60
2026-06-30 21:00:00,11505149.13,,779875.68
2026-06-30 22:00:00,11652415.71,,782549.35
2026-06-30 23:00:00,11682984.48,,784302.63
2026-07-01 00:00:00,11683859.83,,781342.95
2026-07-01 01:00:00,11694277.58,,783355.30
2026-07-01 02:00:00,11650271.23,,784774.85
2026-07-01 03:00:00,11751142.46,,794010.56
2026-07-01 04:00:00,11744010.82,,803368.15
2026-07-01 05:00:00,11742708.39,,809528.15
2026-07-01 06:00:00,11768591.78,,811747.22
2026-07-01 07:00:00,11773584.90,,816225.21
2026-07-01 08:00:00,11839446.07,,824184.71
2026-07-01 09:00:00,11864395.93,,838806.36
2026-07-01 10:00:00,11775621.15,,832733.19
2026-07-01 11:00:00,11766498.30,,843428.14
2026-07-01 12:00:00,11594826.38,,822237.89
2026-07-01 13:00:00,11572464.26,,823233.43
2026-07-01 14:00:00,11577825.41,,823374.29
2026-07-01 15:00:00,11453341.12,,813544.90
2026-07-01 16:00:00,11628794.82,,809531.55
2026-07-01 17:00:00,11522819.74,,792932.78
2026-07-01 18:00:00,11462764.13,,789220.32
2026-07-01 19:00:00,11355202.12,,778893.48
2026-07-01 20:00:00,11504787.47,,801297.07
2026-07-01 21:00:00,11342602.55,,785796.64
2026-07-01 22:00:00,11378086.49,,787567.20
2026-07-01 23:00:00,11355688.96,,783949.09
2026-07-02 00:00:00,11458056.84,,786471.20
2026-07-02 01:00:00,11585252.75,,796177.65
2026-07-02 02:00:00,11613989.64,,798821.46
2026-07-02 03:00:00,11554634.12,,799212.10
2026-07-02 04:00:00,11584086.62,,799043.67
2026-07-02 05:00:00,11566333.63,,797311.01
2026-07-02 06:00:00,11549877.18,,791636.34
2026-07-02 07:00:00,11559412.12,,791372.82
2026-07-02 08:00:00,11563871.92,,793398.84
2026-07-02 09:00:00,11542304.51,,782270.11
2026-07-02 10:00:00,11544029.99,,779291.10
2026-07-02 11:00:00,11534270.28,,773829.04
2026-07-02 12:00:00,11500687.62,,771999.14
2026-07-02 13:00:00,11542699.75,,770577.91
2026-07-02 14:00:00,11455904.91,,765158.38
2026-07-02 15:00:00,11515181.79,,766334.90
2026-07-02 16:00:00,11504818.73,,763466.29
2026-07-02 17:00:00,11504713.60,,762024.62
2026-07-02 18:00:00,11507718.25,,764200.88
2026-07-02 19:00:00,11439368.04,,761947.37
2026-07-02 20:00:00,11459654.62,,760386.89
2026-07-02 21:00:00,11444769.17,,759040.41
2026-07-02 22:00:00,11449072.03,,758642.56
2026-07-02 23:00:00,11378193.45,,754309.54
2026-07-03 00:00:00,11160903.99,,738235.94
2026-07-03 01:00:00,11345814.22,,750945.68
2026-07-03 02:00:00,11386632.03,,756693.31
2026-07-03 03:00:00,11400701.54,,763249.67
2026-07-03 04:00:00,11456345.15,,769157.22
2026-07-03 05:00:00,11447744.26,,769873.83
2026-07-03 06:00:00,11461261.60,,768330.24
2026-07-03 07:00:00,11536788.95,,772960.00
2026-07-03 08:00:00,11531861.52,,775956.08
2026-07-03 09:00:00,11855363.25,,828026.39
2026-07-03 10:00:00,11903010.38,,815660.30
2026-07-03 11:00:00,11706279.80,,819013.51
2026-07-03 12:00:00,11726298.87,,844362.64
2026-07-03 13:00:00,11675797.76,,830951.25
2026-07-03 14:00:00,11704650.97,,835283.13
2026-07-03 15:00:00,11661624.40,,826971.54
2026-07-03 16:00:00,11919752.82,,840921.73
2026-07-03 17:00:00,11861059.70,,822871.65
2026-07-03 18:00:00,11867963.05,,819828.56
2026-07-03 19:00:00,11886635.48,,814032.52
2026-07-03 20:00:00,11946272.00,,816539.03
2026-07-03 21:00:00,11982362.82,,814171.96
2026-07-03 22:00:00,12166927.21,,822210.32
2026-07-03 23:00:00,12372568.05,,837241.76
2026-07-04 00:00:00,12549206.23,,852823.70
2026-07-04 01:00:00,12440709.79,,838302.18
2026-07-04 02:00:00,12442073.61,,837539.04
2026-07-04 03:00:00,12421034.12,,836409.84
2026-07-04 04:00:00,12322003.94,,832569.59
2026-07-04 05:00:00,12381809.67,,834966.40
2026-07-04 06:00:00,12187669.77,,823970.70
2026-07-04 07:00:00,11983321.00,,791135.62
2026-07-04 08:00:00,12016702.78,,793517.03
2026-07-04 09:00:00,11964693.64,,789366.86
2026-07-04 10:00:00,11947412.20,,787719.47
2026-07-04 11:00:00,11816598.21,,770415.40
2026-07-04 12:00:00,11842089.85,,773192.42
2026-07-04 13:00:00,11852680.32,,771629.27
2026-07-04 14:00:00,11724177.97,,768204.69
2026-07-04 15:00:00,11757661.25,,768927.44
2026-07-04 16:00:00,11699093.20,,758660.21
2026-07-04 17:00:00,11811616.11,,766010.25
2026-07-04 18:00:00,11774427.80,,762878.98
2026-07-04 19:00:00,11744242.13,,764738.03
2026-07-04 20:00:00,11861964.06,,770426.95
2026-07-04 21:00:00,11781584.08,,765642.13
2026-07-04 22:00:00,11799396.71,,765933.30
2026-07-04 23:00:00,11973406.13,,778531.47
2026-07-05 00:00:00,11916260.74,,772555.64
2026-07-05 01:00:00,11925762.16,,776145.89
2026-07-05 02:00:00,11968905.22,,800715.48
2026-07-05 03:00:00,12093510.11,,810241.93
2026-07-05 04:00:00,11907125.18,,801403.93
2026-07-05 05:00:00,11869467.12,,794660.21
2026-07-05 06:00:00,11877523.00,,804144.43
2026-07-05 07:00:00,11940926.15,,807158.52
2026-07-05 08:00:00,11918209.40,,801852.38
2026-07-05 09:00:00,12024101.15,,831644.65
2026-07-05 10:00:00,12098737.00,,834730.36
2026-07-05 11:00:00,12102923.66,,872667.54
2026-07-05 12:00:00,12057105.16,,864355.21
2026-07-05 13:00:00,11999751.34,,870851.45
2026-07-05 14:00:00,11993976.53,,866607.34
2026-07-05 15:00:00,12024739.03,,864882.20
2026-07-05 16:00:00,11846886.02,,844708.92
2026-07-05 17:00:00,11887683.16,,841309.00
2026-07-05 18:00:00,11772310.65,,825467.80
2026-07-05 19:00:00,11783188.76,,826158.79
2026-07-05 20:00:00,11743435.35,,824686.41
2026-07-05 21:00:00,11767469.92,,825143.47
2026-07-05 22:00:00,11773819.03,,826135.38
2026-07-05 23:00:00,11808262.21,,827637.83
2026-07-06 00:00:00,11878931.56,,833719.23
2026-07-06 01:00:00,11848573.16,,829341.45
2026-07-06 02:00:00,12012016.52,,851011.01
2026-07-06 03:00:00,12170560.83,,851498.67
2026-07-06 04:00:00,12117179.79,,840897.20
2026-07-06 05:00:00,12130988.99,,834352.18
2026-07-06 06:00:00,12072666.86,,823329.70
2026-07-06 07:00:00,11949890.41,,816090.52
2026-07-06 08:00:00,12049511.59,,824721.62
2026-07-06 09:00:00,11984072.22,,821576.66
2026-07-06 10:00:00,12001984.24,,818909.74
2026-07-06 11:00:00,11953605.44,,809018.40
2026-07-06 12:00:00,11958517.68,,807325.65
2026-07-06 13:00:00,11932549.05,,810331.12
2026-07-06 14:00:00,11963699.39,,812045.79
2026-07-06 15:00:00,12044817.07,,818472.79
2026-07-06 16:00:00,12113011.69,,816909.28
2026-07-06 17:00:00,12042446.03,,815510.91
2026-07-06 18:00:00,12044392.13,,815769.01
2026-07-06 19:00:00,12047480.62,,817234.93
2026-07-06 20:00:00,12053511.57,,818674.08
2026-07-06 21:00:00,12064801.09,,820330.33
2026-07-06 22:00:00,12067187.43,,820439.29
2026-07-06 23:00:00,12219974.34,,830382.34
2026-07-07 00:00:00,12133763.41,,823446.84
2026-07-07 01:00:00,12172239.36,,826124.96
2026-07-07 02:00:00,12093653.16,,813674.79
2026-07-07 03:00:00,12101461.47,,814199.59
2026-07-07 04:00:00,12188335.71,,818717.63
2026-07-07 05:00:00,12257562.80,,830948.72
2026-07-07 06:00:00,12209741.61,,829478.55
2026-07-07 07:00:00,12422224.09,,864078.07
2026-07-07 08:00:00,12317922.00,,835258.59
2026-07-07 09:00:00,12498327.16,,834969.36
2026-07-07 10:00:00,12640112.21,,842110.07
2026-07-07 11:00:00,12882338.18,,874552.46
2026-07-07 12:00:00,13093797.65,,939637.78
2026-07-07 13:00:00,13015509.64,,934714.02
2026-07-07 14:00:00,13208231.82,,1014846.14
2026-07-07 15:00:00,13317284.16,,1036688.03
2026-07-07 16:00:00,13967156.01,,1132576.08
2026-07-07 17:00:00,14429139.73,,1198901.41
2026-07-07 18:00:00,14058372.22,,1102331.20
2026-07-07 19:00:00,14203271.59,,1087202.56
2026-07-07 20:00:00,13914516.33,,1077788.53
2026-07-07 21:00:00,13918114.43,,1071842.69
2026-07-07 22:00:00,13641048.31,,1046449.45
2026-07-07 23:00:00,13433934.85,,986706.53
2026-07-08 00:00:00,13415381.87,,954202.52
2026-07-08 01:00:00,13309159.09,,939469.52
2026-07-08 02:00:00,13100756.78,,925199.68
2026-07-08 03:00:00,13158053.88,,946693.91
2026-07-08 04:00:00,13352231.20,,945774.62
2026-07-08 05:00:00,13174777.24,,929231.51
2026-07-08 06:00:00,13119702.92,,922969.89
2026-07-08 07:00:00,12824874.36,,871520.48
2026-07-08 08:00:00,13107247.21,,884389.09
2026-07-08 09:00:00,12883454.03,,894458.75
2026-07-08 10:00:00,12569189.86,,824238.10
2026-07-08 11:00:00,12612944.15,,823838.63
2026-07-08 12:00:00,12679006.73,,820615.81
2026-07-08 13:00:00,12656170.88,,812653.63
2026-07-08 14:00:00,12480948.92,,802347.88
2026-07-08 15:00:00,12394146.82,,796277.16
2026-07-08 16:00:00,12078580.49,,779983.71
2026-07-08 17:00:00,12335714.13,,811766.81
2026-07-08 18:00:00,12306747.01,,819997.11
2026-07-08 19:00:00,12272240.83,,822554.91
2026-07-08 20:00:00,12004074.63,,819761.41
2026-07-08 21:00:00,12129252.64,,825954.75
2026-07-08 22:00:00,12020357.10,,823194.58
2026-07-08 23:00:00,12018237.29,,822015.94
2026-07-09 00:00:00,11985983.98,,817560.14
2026-07-09 01:00:00,12068735.63,,823206.70
2026-07-09 02:00:00,12086291.26,,823538.57
2026-07-09 03:00:00,12009864.69,,818192.48
2026-07-09 04:00:00,12035837.12,,823523.70
2026-07-09 05:00:00,11984342.08,,822139.41
2026-07-09 06:00:00,12181985.25,,833356.54
2026-07-09 07:00:00,12054838.93,,823850.94
2026-07-09 08:00:00,12029158.74,,823599.62
2026-07-09 09:00:00,12087495.22,,826043.26
2026-07-09 10:00:00,11976933.41,,819945.88
2026-07-09 11:00:00,11920160.35,,816947.38
2026-07-09 12:00:00,11960056.98,,818294.22
2026-07-09 13:00:00,12053887.15,,820756.81
2026-07-09 14:00:00,12038820.79,,820094.70
2026-07-09 15:00:00,12015131.51,,818147.76
2026-07-09 16:00:00,12093204.91,,823688.51
2026-07-09 17:00:00,12197304.11,,833500.51
2026-07-09 18:00:00,12322262.16,,841826.90
2026-07-09 19:00:00,12320611.34,,840571.98
2026-07-09 20:00:00,12462474.99,,844950.91
2026-07-09 21:00:00,12251779.73,,830303.50
2026-07-09 22:00:00,12283194.15,,830046.71
2026-07-09 23:00:00,12134755.38,,818758.74
2026-07-10 00:00:00,12238517.28,,824596.50
2026-07-10 01:00:00,12209253.09,,824005.97
2026-07-10 02:00:00,12359159.84,,836731.76
2026-07-10 03:00:00,12276611.94,,831032.17
2026-07-10 04:00:00,12275838.31,,834457.20
2026-07-10 05:00:00,12228081.52,,831226.33
2026-07-10 06:00:00,12230156.72,,835358.83
2026-07-10 07:00:00,12113978.06,,822739.05
2026-07-10 08:00:00,12069631.76,,815096.76
2026-07-10 09:00:00,12056279.58,,811630.74
2026-07-10 10:00:00,12002060.09,,810258.80
2026-07-10 11:00:00,12045699.60,,812456.58
2026-07-10 12:00:00,11980484.05,,808427.73
2026-07-10 13:00:00,12013523.04,,812685.70
2026-07-10 14:00:00,12021630.45,,815836.29
2026-07-10 15:00:00,12069911.69,,830554.81
2026-07-10 16:00:00,12100618.11,,833486.45
2026-07-10 17:00:00,12089121.11,,832718.24
2026-07-10 18:00:00,12040935.23,,827283.71
2026-07-10 19:00:00,12118428.82,,834289.04
2026-07-10 20:00:00,12177641.56,,840054.33
2026-07-10 21:00:00,12203700.80,,843723.22
2026-07-10 22:00:00,12284056.72,,851344.90
2026-07-10 23:00:00,12257519.91,,848851.51
2026-07-11 00:00:00,12270155.15,,847702.03
2026-07-11 01:00:00,12437855.69,,861558.88
2026-07-11 02:00:00,12343878.24,,851998.20
2026-07-11 03:00:00,12213792.31,,836724.97
2026-07-11 04:00:00,12136211.70,,823299.43
2026-07-11 05:00:00,12012560.43,,813828.31
2026-07-11 06:00:00,12032130.23,,814614.73
2026-07-11 07:00:00,12087933.55,,815476.29
2026-07-11 08:00:00,12098048.52,,815622.09
2026-07-11 09:00:00,12009629.29,,805415.13
2026-07-11 10:00:00,12021619.65,,808538.85
2026-07-11 11:00:00,11967897.69,,805135.87
2026-07-11 12:00:00,11953349.21,,807258.05
2026-07-11 13:00:00,12241285.14,,838086.74
2026-07-11 14:00:00,12198138.16,,830302.45
2026-07-11 15:00:00,12224144.09,,832978.37
2026-07-11 16:00:00,12183918.92,,839133.86
2026-07-11 17:00:00,12188614.79,,838645.56
2026-07-11 18:00:00,12234268.90,,841237.58
2026-07-11 19:00:00,12219771.91,,841162.35
2026-07-11 20:00:00,12228486.27,,840971.38
2026-07-11 21:00:00,12250056.30,,844069.58
2026-07-11 22:00:00,12284654.01,,845207.88
2026-07-11 23:00:00,12292553.03,,849064.34
2026-07-12 00:00:00,12354826.74,,850952.14
2026-07-12 01:00:00,12389751.94,,860990.07
2026-07-12 02:00:00,12330081.08,,842073.76
2026-07-12 03:00:00,12325427.21,,832197.28
2026-07-12 04:00:00,12550961.52,,853293.14
2026-07-12 05:00:00,12526488.03,,845382.29
2026-07-12 06:00:00,12498591.98,,846846.64
2026-07-12 07:00:00,12548767.04,,849191.51
2026-07-12 08:00:00,12527624.13,,852734.96
2026-07-12 09:00:00,12546011.30,,847130.27
2026-07-12 10:00:00,12554746.42,,843702.59
2026-07-12 11:00:00,12424732.41,,829899.54
2026-07-12 12:00:00,12395113.01,,825125.93
2026-07-12 13:00:00,12299536.52,,818413.02
2026-07-12 14:00:00,12232808.68,,818478.62
2026-07-12 15:00:00,12191138.86,,817367.59
2026-07-12 16:00:00,12349648.13,,824913.33
2026-07-12 17:00:00,12394152.40,,820217.37
2026-07-12 18:00:00,12462100.50,,825859.58
2026-07-12 19:00:00,12300991.55,,815266.00
2026-07-12 20:00:00,12188384.25,,810494.35
2026-07-12 21:00:00,12211938.25,,812033.69
2026-07-12 22:00:00,12135802.36,,805607.09
2026-07-12 23:00:00,12094258.83,,802948.75
2026-07-13 00:00:00,12098762.47,,803462.38
2026-07-13 01:00:00,12332679.85,,818743.69
2026-07-13 02:00:00,12157497.54,,803900.44
2026-07-13 03:00:00,12149897.26,,804652.76
2026-07-13 04:00:00,12152541.54,,803462.57
2026-07-13 05:00:00,12085482.97,,797408.46
2026-07-13 06:00:00,12145910.95,,801609.18
2026-07-13 07:00:00,12154033.87,,802695.95
2026-07-13 08:00:00,12187774.49,,805779.52
2026-07-13 09:00:00,12096281.60,,799824.30
2026-07-13 10:00:00,12106112.85,,800117.72
2026-07-13 11:00:00,11924404.87,,794653.16
2026-07-13 12:00:00,11997077.74,,798245.80
2026-07-13 13:00:00,12088610.81,,804283.21
2026-07-13 14:00:00,12059442.51,,802380.88
2026-07-13 15:00:00,11979089.06,,796750.84
2026-07-13 16:00:00,12020213.32,,799118.42
2026-07-13 17:00:00,11978768.95,,797714.27
2026-07-13 18:00:00,11973936.98,,796519.41
2026-07-13 19:00:00,12054644.93,,802557.22
2026-07-13 20:00:00,12280708.12,,815260.25
2026-07-13 21:00:00,12407926.81,,827531.96
2026-07-13 22:00:00,12319143.08,,815216.09
2026-07-13 23:00:00,12235332.20,,810508.60
2026-07-14 00:00:00,12238088.00,,812235.49
2026-07-14 01:00:00,12178893.02,,812022.54
2026-07-14 02:00:00,12156690.08,,807904.30
2026-07-14 03:00:00,12121318.27,,807175.78
2026-07-14 04:00:00,11992334.28,,803368.20
2026-07-14 05:00:00,12116331.12,,813909.23
2026-07-14 06:00:00,12098909.91,,814251.60
2026-07-14 07:00:00,12014321.61,,808055.99
2026-07-14 08:00:00,11957847.82,,800696.41
2026-07-14 09:00:00,11965385.31,,805497.28
2026-07-14 10:00:00,12129859.52,,846276.19
2026-07-14 11:00:00,12159855.63,,847469.31
2026-07-14 12:00:00,12262815.77,,859061.90
2026-07-14 13:00:00,12194747.29,,841052.04
2026-07-14 14:00:00,12146017.95,,835462.56
2026-07-14 15:00:00,12165908.25,,841395.98
2026-07-14 16:00:00,12126352.19,,839004.96
2026-07-14 17:00:00,12231835.24,,845854.34
2026-07-14 18:00:00,12186488.74,,843273.49
2026-07-14 19:00:00,12200506.17,,845410.68
2026-07-14 20:00:00,12252732.04,,848511.80
2026-07-14 21:00:00,12251675.39,,844491.72
2026-07-14 22:00:00,12300124.11,,846821.81
2026-07-14 23:00:00,12331421.23,,848918.64
2026-07-15 00:00:00,12250572.39,,841357.44
2026-07-15 01:00:00,12297076.02,,844249.58
2026-07-15 02:00:00,12293375.86,,835703.49
2026-07-15 03:00:00,12332333.37,,837442.14
2026-07-15 04:00:00,12290789.73,,827313.93
2026-07-15 05:00:00,12264025.51,,824497.64
2026-07-15 06:00:00,12209491.29,,825391.37
2026-07-15 07:00:00,12203406.09,,822878.92
2026-07-15 08:00:00,12210899.84,,829093.93
2026-07-15 09:00:00,12163771.81,,823935.38
2026-07-15 10:00:00,12176093.76,,821387.39
2026-07-15 11:00:00,12047542.00,,809245.51
2026-07-15 12:00:00,12020712.47,,848860.86
2026-07-15 13:00:00,12178255.54,,871383.91
2026-07-15 14:00:00,12122538.40,,865460.31
2026-07-15 15:00:00,12087857.78,,863086.93
2026-07-15 16:00:00,12089680.04,,863285.29
2026-07-15 17:00:00,12142844.92,,868660.04
2026-07-15 18:00:00,12042355.18,,861023.87
2026-07-15 19:00:00,11973390.45,,856122.33
2026-07-15 20:00:00,12016561.24,,856574.42
2026-07-15 21:00:00,12206080.98,,868804.65
2026-07-15 22:00:00,12170964.71,,864652.17
2026-07-15 23:00:00,12154930.55,,862755.75
2026-07-16 00:00:00,12053447.56,,856887.98
2026-07-16 01:00:00,12086664.34,,855793.50
2026-07-16 02:00:00,12043356.53,,856892.81
2026-07-16 03:00:00,12175374.88,,861883.97
2026-07-16 04:00:00,12078980.69,,855579.41
2026-07-16 05:00:00,12220915.47,,863602.40
2026-07-16 06:00:00,12353179.64,,873278.79
2026-07-16 07:00:00,12244286.42,,865354.96
2026-07-16 08:00:00,12169939.18,,857423.57
2026-07-16 09:00:00,11897824.26,,832885.03
2026-07-16 10:00:00,12048393.01,,843498.02
2026-07-16 11:00:00,12166217.70,,850683.15
2026-07-16 12:00:00,12103384.32,,846428.65
2026-07-16 13:00:00,12102339.60,,847156.72
2026-07-16 14:00:00,12169020.58,,852182.08
2026-07-16 15:00:00,12148005.30,,849379.04
2026-07-16 16:00:00,12179202.86,,851748.66
2026-07-16 17:00:00,12125037.98,,848281.60
2026-07-16 18:00:00,12050261.75,,842644.29
2026-07-16 19:00:00,12003377.30,,839018.18
2026-07-16 20:00:00,11991604.78,,838055.51
2026-07-16 21:00:00,11990397.97,,838421.26
2026-07-16 22:00:00,12051837.64,,839697.84
2026-07-16 23:00:00,12081995.59,,843857.14
2026-07-17 00:00:00,12083079.67,,844231.88
2026-07-17 01:00:00,12061456.70,,848193.12
2026-07-17 02:00:00,12039500.87,,842987.38
2026-07-17 03:00:00,11916992.19,,830947.10
2026-07-17 04:00:00,11985610.17,,829945.94
2026-07-17 05:00:00,11979864.29,,825877.78
2026-07-17 06:00:00,11864238.87,,816926.59
2026-07-17 07:00:00,11913608.89,,821547.15
2026-07-17 08:00:00,11908203.29,,819539.50
2026-07-17 09:00:00,11896037.09,,819732.67
2026-07-17 10:00:00,12408806.44,,907026.53
2026-07-17 11:00:00,12521335.76,,916926.94
2026-07-17 12:00:00,12419861.37,,922287.41
2026-07-17 13:00:00,12429529.69,,935429.08
2026-07-17 14:00:00,12404073.85,,921220.09
2026-07-17 15:00:00,12710266.21,,971685.84
2026-07-17 16:00:00,12913221.16,,984877.32
2026-07-17 17:00:00,12797232.10,,1001322.08
2026-07-17 18:00:00,12779066.39,,1004554.55
2026-07-17 19:00:00,12841534.20,,1013967.05
2026-07-17 20:00:00,12530653.26,,1000440.28
2026-07-17 21:00:00,12528699.16,,999575.52
2026-07-17 22:00:00,12437286.18,,994396.18
2026-07-17 23:00:00,12329328.34,,988027.50
2026-07-18 00:00:00,12258560.63,,982618.14
2026-07-18 01:00:00,12388718.78,,987491.93
2026-07-18 02:00:00,12346970.67,,987325.95
2026-07-18 03:00:00,12371769.42,,1000654.70
2026-07-18 04:00:00,12469368.45,,1027266.75
2026-07-18 05:00:00,12395762.13,,1034975.08
2026-07-18 06:00:00,12362294.44,,1025410.26
2026-07-18 07:00:00,12410714.51,,1026070.62
2026-07-18 08:00:00,12344142.82,,1018442.99
2026-07-18 09:00:00,12128333.11,,1010936.85
2026-07-18 10:00:00,12002787.49,,1005065.43
2026-07-18 11:00:00,11999968.51,,1010630.29
2026-07-18 12:00:00,11907816.72,,1001215.85
2026-07-18 13:00:00,11927644.98,,995254.39
2026-07-18 14:00:00,11866957.42,,991250.53
2026-07-18 15:00:00,11886624.42,,987839.43
2026-07-18 16:00:00,11960890.46,,985180.48
2026-07-18 17:00:00,11877692.65,,967805.23
2026-07-18 18:00:00,11941488.36,,968924.74
2026-07-18 19:00:00,11881798.72,,966444.35
2026-07-18 20:00:00,11894416.55,,970529.35
2026-07-18 21:00:00,11902598.50,,975792.16
2026-07-18 22:00:00,11893369.36,,976768.73
2026-07-18 23:00:00,11911318.53,,976747.84
2026-07-19 00:00:00,11913013.73,,976309.41
2026-07-19 01:00:00,12036645.24,,984846.99
2026-07-19 02:00:00,11892542.95,,971208.66
2026-07-19 03:00:00,11995971.98,,979604.77
2026-07-19 04:00:00,11965848.45,,977898.73
2026-07-19 05:00:00,12016793.77,,990606.18
2026-07-19 06:00:00,12302297.40,,1012770.43
2026-07-19 07:00:00,12338560.75,,1016694.57
2026-07-19 08:00:00,12582857.73,,1086637.34
2026-07-19 09:00:00,12669651.69,,1132128.09
2026-07-19 10:00:00,12899909.20,,1189964.85
2026-07-19 11:00:00,12652505.30,,1161094.34
2026-07-19 12:00:00,12710732.72,,1148981.15
2026-07-19 13:00:00,12801598.02,,1155726.99
2026-07-19 14:00:00,12755174.37,,1151163.47
2026-07-19 15:00:00,12896265.13,,1162425.41
2026-07-19 16:00:00,12720151.49,,1148150.86
2026-07-19 17:00:00,12753625.04,,1132390.06
2026-07-19 18:00:00,12743374.95,,1122831.65
2026-07-19 19:00:00,12612818.89,,1109725.60
2026-07-19 20:00:00,12620644.60,,1107886.90
2026-07-19 21:00:00,12528257.88,,1092276.90
2026-07-19 22:00:00,12507662.39,,1082422.61
2026-07-19 23:00:00,12569953.46,,1082764.03
2026-07-20 00:00:00,12380542.63,,1075730.08
2026-07-20 01:00:00,12309742.98,,1073642.11
2026-07-20 02:00:00,12330588.85,,1071525.42
2026-07-20 03:00:00,12352405.09,,1069545.86
2026-07-20 04:00:00,12199989.79,,1053277.71
2026-07-20 05:00:00,12203780.28,,1043847.00
2026-07-20 06:00:00,12192394.10,,1044429.65
2026-07-20 07:00:00,12341353.54,,1052869.34
2026-07-20 08:00:00,12152110.41,,1047219.55
2026-07-20 09:00:00,11731030.65,,1028233.98
2026-07-20 10:00:00,11608433.82,,1016032.51
2026-07-20 11:00:00,11724923.92,,1010449.00
2026-07-20 12:00:00,11895592.98,,986924.89
2026-07-20 13:00:00,11863464.20,,993034.08
2026-07-20 14:00:00,11773181.88,,978080.20
2026-07-20 15:00:00,11713299.08,,994002.80
2026-07-20 16:00:00,11734611.66,,1010761.00
2026-07-20 17:00:00,11692591.24,,1003555.34
2026-07-20 18:00:00,11664298.07,,1002201.08
2026-07-20 19:00:00,11741877.14,,1003326.79
2026-07-20 20:00:00,11800177.78,,1008144.95
2026-07-20 21:00:00,11907960.82,,1012836.45
2026-07-20 22:00:00,11929790.38,,1012718.86
2026-07-20 23:00:00,11687791.63,,988841.00
2026-07-21 00:00:00,11797914.93,,1004249.76
2026-07-21 01:00:00,11894215.95,,1017319.13
2026-07-21 02:00:00,11793075.53,,1011983.35
2026-07-21 03:00:00,11889874.39,,1023383.45
2026-07-21 04:00:00,12042909.68,,1039283.58
2026-07-21 05:00:00,11879896.99,,1011822.15
2026-07-21 06:00:00,12051673.65,,1027877.04
2026-07-21 07:00:00,11979149.93,,1026752.59
2026-07-21 08:00:00,11913604.24,,1020483.75
2026-07-21 09:00:00,11840238.95,,1009573.31
2026-07-21 10:00:00,12119558.96,,1025478.48
2026-07-21 11:00:00,12049945.90,,1020347.13
2026-07-21 12:00:00,12119519.27,,1027922.90
2026-07-21 13:00:00,12151032.72,,1022012.54
2026-07-21 14:00:00,12203281.01,,1025959.97
2026-07-21 15:00:00,12263449.19,,1028313.60
2026-07-21 16:00:00,12269048.58,,1026162.50
2026-07-21 17:00:00,12089351.60,,1014135.79
2026-07-21 18:00:00,12060475.58,,1010562.25
2026-07-21 19:00:00,12161745.71,,1023808.73
2026-07-21 20:00:00,12239107.92,,1017670.81
2026-07-21 21:00:00,12226725.31,,1016670.01
2026-07-21 22:00:00,12215607.31,,1013515.65
2026-07-21 23:00:00,12135348.61,,1006819.63
2026-07-22 00:00:00,12077388.05,,999288.82
2026-07-22 01:00:00,12053353.83,,993735.61
2026-07-22 02:00:00,12088057.78,,994884.42
2026-07-22 03:00:00,12037319.79,,991513.66
2026-07-22 04:00:00,11964832.96,,985690.24
2026-07-22 05:00:00,12081511.57,,1003510.68
2026-07-22 06:00:00,11919624.42,,987720.66
2026-07-22 07:00:00,11761754.76,,976148.65
2026-07-22 08:00:00,11794311.00,,976488.13
2026-07-22 09:00:00,11805202.04,,981363.44
2026-07-22 10:00:00,11739605.77,,969905.73
2026-07-22 11:00:00,11807207.45,,978703.26
2026-07-22 12:00:00,11799921.58,,972893.88
2026-07-22 13:00:00,11809289.91,,966153.65
2026-07-22 14:00:00,11852571.69,,966783.36
2026-07-22 15:00:00,11892400.37,,966346.06
2026-07-22 16:00:00,11850329.63,,962090.43
2026-07-22 17:00:00,11879268.95,,964043.78
2026-07-22 18:00:00,11887744.64,,968343.62
2026-07-22 19:00:00,11940867.03,,972262.01
2026-07-22 20:00:00,11885075.04,,968842.74
2026-07-22 21:00:00,11933408.66,,970171.56
2026-07-22 22:00:00,12019350.24,,981275.61
2026-07-22 23:00:00,11999564.28,,979430.77
2026-07-23 00:00:00,12045810.08,,982318.90
2026-07-23 01:00:00,11973642.85,,976839.28
2026-07-23 02:00:00,11941387.38,,972934.40
2026-07-23 03:00:00,11988061.04,,978897.85
2026-07-23 04:00:00,11980009.56,,980764.45
2026-07-23 05:00:00,11943991.48,,978530.20
2026-07-23 06:00:00,11931993.94,,978869.55
2026-07-23 07:00:00,11949784.47,,979005.93
2026-07-23 08:00:00,11837188.71,,972836.30
2026-07-23 09:00:00,11887014.22,,979654.89
2026-07-23 10:00:00,11853057.34,,976577.60
2026-07-23 11:00:00,11884662.43,,978758.74
2026-07-23 12:00:00,11844591.34,,972169.77
2026-07-23 13:00:00,11887922.66,,974088.95
2026-07-23 14:00:00,12043099.98,,989037.32
2026-07-23 15:00:00,11995322.55,,982308.30
2026-07-23 16:00:00,12075833.61,,991889.51
2026-07-23 17:00:00,12050488.07,,989079.75
2026-07-23 18:00:00,11896934.42,,977299.67
2026-07-23 19:00:00,11907345.67,,978768.31
2026-07-23 20:00:00,11894529.79,,979410.73
2026-07-23 21:00:00,11947375.99,,981631.06
2026-07-23 22:00:00,12008419.88,,982294.05
2026-07-23 23:00:00,12095326.11,,996828.80
2026-07-24 00:00:00,11990559.53,,982609.99
2026-07-24 01:00:00,11995995.28,,983757.62
2026-07-24 02:00:00,11950784.41,,980638.80
2026-07-24 03:00:00,12021696.51,,980598.69
2026-07-24 04:00:00,12010031.75,,980356.66
2026-07-24 05:00:00,11964286.20,,978091.30
2026-07-24 06:00:00,11979730.79,,979343.30
2026-07-24 07:00:00,12004269.14,,981915.75
2026-07-24 08:00:00,12003973.60,,981259.39
2026-07-24 09:00:00,12128840.79,,992108.24
2026-07-24 10:00:00,11985875.87,,981866.94
2026-07-24 11:00:00,11954778.65,,975193.13
2026-07-24 12:00:00,11886241.81,,972141.23
2026-07-24 13:00:00,11778994.02,,962967.80
2026-07-24 14:00:00,11629843.41,,957177.65
2026-07-24 15:00:00,11725594.81,,964414.08
2026-07-24 16:00:00,11755846.28,,967976.06
2026-07-24 17:00:00,11756613.95,,968623.64
2026-07-24 18:00:00,11817187.71,,973425.50
2026-07-24 19:00:00,11789478.89,,969597.48
2026-07-24 20:00:00,11854288.50,,976886.90
2026-07-24 21:00:00,11791695.21,,968989.39
2026-07-24 22:00:00,11793633.59,,962321.33
2026-07-24 23:00:00,11674038.01,,951395.45
2026-07-25 00:00:00,11755597.43,,952863.86
2026-07-25 01:00:00,11767587.24,,950781.65
2026-07-25 02:00:00,11685987.21,,941824.45
2026-07-25 03:00:00,11668236.98,,938213.97
2026-07-25 04:00:00,11656719.39,,936315.32
2026-07-25 05:00:00,11666057.94,,932382.72
2026-07-25 06:00:00,11683996.93,,928518.11
2026-07-25 07:00:00,11723336.02,,929323.91
2026-07-25 08:00:00,11672511.46,,923925.96
2026-07-25 09:00:00,11719252.49,,928248.59
2026-07-25 10:00:00,11688646.03,,923086.59
2026-07-25 11:00:00,11613531.83,,917296.02
2026-07-25 12:00:00,11626382.41,,919387.10
2026-07-25 13:00:00,11630356.76,,917525.70
2026-07-25 14:00:00,11562438.60,,914660.34
2026-07-25 15:00:00,11645866.20,,921660.58
2026-07-25 16:00:00,11637933.55,,918266.93
2026-07-25 17:00:00,11644412.37,,919279.87
2026-07-25 18:00:00,11648249.96,,918805.61
2026-07-25 19:00:00,11646570.99,,917359.71
2026-07-25 20:00:00,11626350.99,,915939.07
2026-07-25 21:00:00,11653970.25,,919570.83
2026-07-25 22:00:00,11765810.86,,927173.31
2026-07-25 23:00:00,11726034.30,,921593.58
2026-07-26 00:00:00,11689916.19,,917157.22
2026-07-26 01:00:00,11677564.98,,916254.36
2026-07-26 02:00:00,11682527.53,,918253.34
2026-07-26 03:00:00,11652869.47,,917748.55
2026-07-26 04:00:00,11672570.03,,917007.34
2026-07-26 05:00:00,11615588.83,,915301.53
2026-07-26 06:00:00,11636961.04,,916925.35
2026-07-26 07:00:00,11603792.51,,911562.96
2026-07-26 08:00:00,11662459.62,,917464.35
2026-07-26 09:00:00,11653429.31,,917703.33
2026-07-26 10:00:00,11733851.58,,921238.79
2026-07-26 11:00:00,11735452.29,,920673.46
2026-07-26 12:00:00,11684896.29,,915782.39
2026-07-26 13:00:00,11640345.89,,914346.06
2026-07-26 14:00:00,11583998.19,,911100.41
2026-07-26 15:00:00,11582997.96,,909797.36
2026-07-26 16:00:00,11597644.00,,909264.19
2026-07-26 17:00:00,11616519.75,,910136.37
2026-07-26 18:00:00,11669723.58,,913492.01
2026-07-26 19:00:00,11668684.00,,913624.40
2026-07-26 20:00:00,11610630.31,,910556.53
2026-07-26 21:00:00,11672188.45,,914805.00
2026-07-26 22:00:00,11682445.80,,914316.29
2026-07-26 23:00:00,11708635.30,,915771.87
2026-07-27 00:00:00,11701256.35,,917216.53
2026-07-27 01:00:00,11703614.97,,919622.57
2026-07-27 02:00:00,11781443.94,,922286.94
2026-07-27 03:00:00,11775585.54,,925539.61
2026-07-27 04:00:00,11798657.68,,928495.30
2026-07-27 05:00:00,11787320.38,,925996.45
2026-07-27 06:00:00,11738279.62,,922227.20
2026-07-27 07:00:00,11729250.72,,918163.20
2026-07-27 08:00:00,11679263.00,,915589.86
2026-07-27 09:00:00,11694151.93,,916207.60
2026-07-27 10:00:00,11614387.48,,912834.93
2026-07-27 11:00:00,11712510.71,,919372.92
2026-07-27 12:00:00,11700128.16,,919570.21
2026-07-27 13:00:00,11680870.87,,914274.85
2026-07-27 14:00:00,11675183.66,,913591.03
2026-07-27 15:00:00,11675683.28,,910653.84
2026-07-27 16:00:00,11556485.43,,903659.91
2026-07-27 17:00:00,11701306.41,,915376.33
2026-07-27 18:00:00,11574761.47,,900672.96
2026-07-27 19:00:00,11548895.09,,895779.11
2026-07-27 20:00:00,11594695.98,,900068.57
2026-07-27 21:00:00,11599747.46,,899568.80
2026-07-27 22:00:00,11574723.98,,896931.62
2026-07-27 23:00:00,11577371.23,,907129.76
2026-07-28 00:00:00,11452062.05,,900272.64
2026-07-28 01:00:00,11404635.67,,899847.60
2026-07-28 02:00:00,11268502.89,,900423.22
2026-07-28 03:00:00,11329033.23,,900793.51
2026-07-28 04:00:00,11360777.07,,898363.74
2026-07-28 05:00:00,11331890.13,,890091.43
2026-07-28 06:00:00,11390101.19,,890164.91
2026-07-28 07:00:00,11398822.47,,889591.88
2026-07-28 08:00:00,11493464.59,,900079.89
2026-07-28 09:00:00,11571513.87,,903147.69
2026-07-28 10:00:00,11789284.13,,919867.90
2026-07-28 11:00:00,11782330.17,,920858.50
2026-07-28 12:00:00,11841153.38,,926773.64
2026-07-28 13:00:00,11786933.79,,922757.64
2026-07-28 14:00:00,11807302.60,,939085.90
2026-07-28 15:00:00,11760888.38,,930082.87
2026-07-28 16:00:00,11753770.12,,932387.22
2026-07-28 17:00:00,11702246.34,,930024.95
2026-07-28 18:00:00,11612222.43,,919883.37
2026-07-28 19:00:00,11598586.92,,914873.56
2026-07-28 20:00:00,11658736.60,,921163.17
2026-07-28 21:00:00,11699673.77,,923450.11
2026-07-28 22:00:00,11723987.38,,925035.12
2026-07-28 23:00:00,11730513.02,,922558.99
2026-07-29 00:00:00,11757487.17,,923257.50
2026-07-29 01:00:00,11674774.32,,912557.45
2026-07-29 02:00:00,11628804.23,,909154.76
2026-07-29 03:00:00,11549594.97,,899414.10
2026-07-29 04:00:00,11394446.58,,887305.71
2026-07-29 05:00:00,11363119.41,,876330.43
2026-07-29 06:00:00,11392945.68,,875502.59
2026-07-29 07:00:00,11443914.68,,883348.97
2026-07-29 08:00:00,11382843.24,,881801.87
2026-07-29 09:00:00,11344521.69,,880847.22
2026-07-29 10:00:00,11300704.13,,879923.20
2026-07-29 11:00:00,11423997.64,,887550.30
2026-07-29 12:00:00,11430967.32,,889002.43
2026-07-29 13:00:00,11464105.79,,884937.79
2026-07-29 14:00:00,11458240.20,,884669.01
2026-07-29 15:00:00,11308633.58,,867056.11
2026-07-29 16:00:00,10923429.21,,839771.70
2026-07-29 17:00:00,10677073.79,,826635.00
2026-07-29 18:00:00,11046220.98,,848993.27
2026-07-29 19:00:00,11099868.22,,849793.61
2026-07-29 20:00:00,10859239.86,,830108.42
2026-07-29 21:00:00,10892956.48,,829134.00
2026-07-29 22:00:00,10930173.95,,831560.73
2026-07-29 23:00:00,10808965.63,,824163.17
2026-07-30 00:00:00,10895761.95,,836563.27
2026-07-30 01:00:00,10966043.87,,839855.24
2026-07-30 02:00:00,11055118.04,,847794.79
2026-07-30 03:00:00,10981416.85,,846053.83
2026-07-30 04:00:00,10924164.10,,842783.18
2026-07-30 05:00:00,10941649.21,,844795.29
2026-07-30 06:00:00,10945662.06,,849508.54
2026-07-30 07:00:00,10930856.53,,847967.80
2026-07-30 08:00:00,10832600.53,,845139.24
2026-07-30 09:00:00,10809938.70,,844946.47
2026-07-30 10:00:00,10967415.12,,854433.58
2026-07-30 11:00:00,10878059.21,,848237.85
2026-07-30 12:00:00,10966651.66,,854271.42
2026-07-30 13:00:00,10908404.94,,848966.18
2026-07-30 14:00:00,10988499.10,,857797.14
2026-07-30 15:00:00,10866473.65,,848973.29
2026-07-30 16:00:00,10716415.74,,837471.84
2026-07-30 17:00:00,10991477.34,,875437.82
2026-07-30 18:00:00,10874100.35,,859855.72
2026-07-30 19:00:00,10894706.23,,860679.44
2026-07-30 20:00:00,10867032.35,,858691.98
2026-07-30 21:00:00,10815028.32,,855115.11
2026-07-30 22:00:00,10773035.32,,852484.01
2026-07-30 23:00:00,10828249.34,,859920.40
2026-07-31 00:00:00,10730054.61,,850969.78
2026-07-31 01:00:00,10750939.02,,853853.46
2026-07-31 02:00:00,10710221.64,,853056.98
2026-07-31 03:00:00,10749365.39,,853610.53
2026-07-31 04:00:00,10760996.43,,833815.38
2026-07-31 05:00:00,10649205.15,,824427.70
2026-07-31 06:00:00,10715347.42,,832140.17
2026-07-31 07:00:00,10741783.22,,836240.11
2026-07-31 08:00:00,10731734.10,,837135.69
2026-07-31 09:00:00,10689559.96,,831726.50
2026-07-31 10:00:00,10650425.89,,829525.91
2026-07-31 11:00:00,10610396.79,,825999.84
2026-07-31 12:00:00,10653822.17,,827975.54
2026-07-31 13:00:00,10747629.11,,832010.61
2026-07-31 14:00:00,10722561.08,,829528.86
2026-07-31 15:00:00,10590629.85,,820823.30
2026-07-31 16:00:00,10459589.74,,803219.18
2026-07-31 17:00:00,10778468.45,,840885.32
2026-07-31 18:00:00,11117356.40,,873511.19
2026-07-31 19:00:00,10977239.10,,874010.31
2026-07-31 20:00:00,10984249.83,,866953.75
2026-07-31 21:00:00,11044794.08,,871487.95
2026-07-31 22:00:00,10888326.99,,857451.69
2026-07-31 23:00:00,10554324.90,,825017.35
2026-08-01 00:00:00,10698628.55,,831626.34
2026-08-01 01:00:00,10607256.44,,825181.50
2026-08-01 02:00:00,10630769.71,,832361.03
2026-08-01 03:00:00,10581172.79,,832312.22
2026-08-01 04:00:00,10630281.43,,838853.36
2026-08-01 05:00:00,10632256.80,,840628.50
2026-08-01 06:00:00,10581847.30,,837844.54
2026-08-01 07:00:00,10607965.99,,839914.37
2026-08-01 08:00:00,10574105.16,,839874.77
2026-08-01 09:00:00,10549683.08,,836487.65
2026-08-01 10:00:00,10504834.94,,840526.02
2026-08-01 11:00:00,10495638.79,,840842.36
2026-08-01 12:00:00,10545286.77,,843122.06
2026-08-01 13:00:00,10532458.33,,852304.72
2026-08-01 14:00:00,10504136.09,,855309.31
2026-08-01 15:00:00,10475488.92,,861555.72
2026-08-01 16:00:00,10460760.82,,866057.50
2026-08-01 17:00:00,10460803.22,,866454.05
2026-08-01 18:00:00,10512029.34,,869724.45
2026-08-01 19:00:00,10508354.26,,882498.50
2026-08-01 20:00:00,10501129.11,,880588.88
2026-08-01 21:00:00,10455429.63,,875400.69
2026-08-01 22:00:00,10503840.43,,875369.01
2026-08-01 23:00:00,10471005.15,,867756.79
2026-08-02 00:00:00,10480041.77,,861621.44
2026-08-02 01:00:00,10604234.54,,874086.37
2026-08-02 02:00:00,10496702.38,,864412.90
2026-08-02 03:00:00,10458987.81,,857410.94
2026-08-02 04:00:00,10465526.43,,856878.39
2026-08-02 05:00:00,10528697.73,,859404.29
2026-08-02 06:00:00,10469935.46,,858125.30
2026-08-02 07:00:00,10405858.60,,846592.78
2026-08-02 08:00:00,10390215.63,,847944.90
2026-08-02 09:00:00,10423114.50,,849311.50
2026-08-02 10:00:00,10396521.30,,852163.07
2026-08-02 11:00:00,10394593.40,,856056.70
2026-08-02 12:00:00,10384813.09,,859675.35
2026-08-02 13:00:00,10321601.74,,860579.94
2026-08-02 14:00:00,9931991.10,,836619.84
2026-08-02 15:00:00,10022907.23,,854603.25
2026-08-02 16:00:00,10044412.20,,852389.34
2026-08-02 17:00:00,10084372.89,,855515.54
2026-08-02 18:00:00,10073078.54,,851978.28
2026-08-02 19:00:00,10108812.47,,852812.56
2026-08-02 20:00:00,10177464.58,,847201.67
2026-08-02 21:00:00,10176602.78,,843654.19
2026-08-02 22:00:00,10171876.31,,841746.06
2026-08-02 23:00:00,10140170.71,,841040.85
2026-08-03 00:00:00,10085537.79,,833670.44
2026-08-03 01:00:00,10172416.42,,842971.74
2026-08-03 02:00:00,10075800.97,,834379.00
2026-08-03 03:00:00,10145298.85,,838634.86
2026-08-03 04:00:00,10061085.18,,835699.77
2026-08-03 05:00:00,10069550.70,,836079.74
2026-08-03 06:00:00,10088172.33,,838062.06
2026-08-03 07:00:00,10131287.01,,841218.31
2026-08-03 08:00:00,10139294.05,,836249.06
2026-08-03 09:00:00,10068646.74,,832648.62
2026-08-03 10:00:00,10091323.42,,833824.98
2026-08-03 11:00:00,10127146.70,,829503.32
2026-08-03 12:00:00,10064110.35,,822949.08
2026-08-03 13:00:00,10067952.62,,823014.62
2026-08-03 14:00:00,10328712.95,,822363.68
2026-08-03 15:00:00,10387276.62,,826993.43
2026-08-03 16:00:00,10519466.03,,828937.72
2026-08-03 17:00:00,10624564.64,,830398.62
2026-08-03 18:00:00,10559104.81,,817925.35
2026-08-03 19:00:00,10626641.16,,822261.46
2026-08-03 20:00:00,10720632.04,,834679.72
2026-08-03 21:00:00,10753543.22,,836142.19
2026-08-03 22:00:00,10808731.92,,841511.88
2026-08-03 23:00:00,10781200.02,,844330.28
2026-08-04 00:00:00,10753819.11,,838045.56
2026-08-04 01:00:00,10814731.92,,842446.08
2026-08-04 02:00:00,10837331.69,,846072.38
2026-08-04 03:00:00,10646224.87,,829399.46
2026-08-04 04:00:00,10558366.16,,818025.48
2026-08-04 05:00:00,10524441.66,,809159.57
2026-08-04 06:00:00,10416783.29,,798924.59
2026-08-04 07:00:00,10320421.72,,792384.49
2026-08-04 08:00:00,10350907.76,,793664.12
2026-08-04 09:00:00,10338389.81,,791818.82
2026-08-04 10:00:00,10377333.29,,793950.48
2026-08-04 11:00:00,10346454.23,,794309.36
2026-08-04 12:00:00,10346147.93,,790138.02
2026-08-04 13:00:00,10346583.68,,786916.88
2026-08-04 14:00:00,10292308.25,,781895.95
2026-08-04 15:00:00,10223857.09,,778215.66
2026-08-04 16:00:00,10178542.67,,769758.75
2026-08-04 17:00:00,10124110.89,,763297.18
2026-08-04 18:00:00,10176674.69,,769072.28
2026-08-04 19:00:00,10186130.77,,766338.21
2026-08-04 20:00:00,10246000.05,,770003.81
2026-08-04 21:00:00,10227669.43,,768103.40
2026-08-04 22:00:00,10332064.52,,774057.50
2026-08-04 23:00:00,10407925.98,,783224.44
2026-08-05 00:00:00,10369540.09,,780206.70
2026-08-05 01:00:00,10418256.93,,783978.39
2026-08-05 02:00:00,10351210.38,,779585.91
2026-08-05 03:00:00,10695489.52,,804396.01
2026-08-05 04:00:00,10648281.85,,800909.94
2026-08-05 05:00:00,10608512.84,,795518.46
2026-08-05 06:00:00,10595907.65,,795152.90
2026-08-05 07:00:00,10592053.09,,794759.97
2026-08-05 08:00:00,10531362.51,,790408.39
2026-08-05 09:00:00,10497446.36,,785532.73
2026-08-05 10:00:00,10568537.23,,793179.70
2026-08-05 11:00:00,10640100.95,,791917.72
2026-08-05 12:00:00,10681746.74,,786048.12
2026-08-05 13:00:00,10698114.13,,791113.17
2026-08-05 14:00:00,10696155.36,,795121.89
2026-08-05 15:00:00,10670941.39,,793901.98
2026-08-05 16:00:00,10601937.11,,794511.32
2026-08-05 17:00:00,10611118.91,,801716.41
2026-08-05 18:00:00,10637625.57,,801409.59
2026-08-05 19:00:00,10663412.24,,805583.17
2026-08-05 20:00:00,10580424.12,,795667.24
2026-08-05 21:00:00,10613792.25,,791703.49
2026-08-05 22:00:00,10539116.71,,785054.01
2026-08-05 23:00:00,10559397.91,,786033.94
2026-08-06 00:00:00,10522124.89,,780813.22
2026-08-06 01:00:00,10595822.23,,787044.22
2026-08-06 02:00:00,10664566.61,,792428.34
2026-08-06 03:00:00,10768199.14,,796595.58
2026-08-06 04:00:00,10785142.79,,795572.93
2026-08-06 05:00:00,10831864.25,,795751.68
2026-08-06 06:00:00,10813808.77,,795537.67
2026-08-06 07:00:00,10851398.15,,802870.54
2026-08-06 08:00:00,10888381.16,,830428.37
2026-08-06 09:00:00,10952075.57,,839933.42
2026-08-06 10:00:00,10861493.36,,836398.93
2026-08-06 11:00:00,10958697.96,,843052.67
2026-08-06 12:00:00,10984715.14,,858367.62
2026-08-06 13:00:00,10961051.88,,851550.97
2026-08-06 14:00:00,10917430.87,,840347.54
2026-08-06 15:00:00,11006086.16,,838511.08
2026-08-06 16:00:00,11140881.45,,839019.46
2026-08-06 17:00:00,11149528.55,,847286.02
2026-08-06 18:00:00,11099760.73,,839950.42
2026-08-06 19:00:00,11049289.45,,836769.01
2026-08-06 20:00:00,11064622.68,,838544.30
2026-08-06 21:00:00,11030119.92,,830505.35
2026-08-06 22:00:00,11061816.18,,833101.55
2026-08-06 23:00:00,10926472.77,,820566.09
2026-08-07 00:00:00,10935783.18,,821682.10
2026-08-07 01:00:00,10944450.02,,821372.51
2026-08-07 02:00:00,11036017.61,,834634.03
2026-08-07 03:00:00,11108660.41,,841438.48
2026-08-07 04:00:00,11035475.15,,838908.92
2026-08-07 05:00:00,10995562.48,,825893.22
2026-08-07 06:00:00,11060169.88,,830486.32
2026-08-07 07:00:00,10912320.78,,819541.77
2026-08-07 08:00:00,10891856.57,,815840.93
2026-08-07 09:00:00,10876665.11,,814688.49
2026-08-07 10:00:00,10850893.91,,812162.97
2026-08-07 11:00:00,10812798.97,,815065.33
2026-08-07 12:00:00,10846948.22,,828664.28
2026-08-07 13:00:00,10855341.12,,827854.13
2026-08-07 14:00:00,10884540.81,,832913.87
2026-08-07 15:00:00,10836043.71,,827700.09
2026-08-07 16:00:00,10860220.23,,831367.51
2026-08-07 17:00:00,10866769.02,,835095.03
2026-08-07 18:00:00,10919103.96,,843730.59
2026-08-07 19:00:00,10900289.96,,840408.60
2026-08-07 20:00:00,10902781.47,,840927.99
2026-08-07 21:00:00,10994496.38,,845737.86
2026-08-07 22:00:00,10958547.02,,844785.71
2026-08-07 23:00:00,11011611.86,,848317.16
2026-08-08 00:00:00,10991677.44,,845982.43
2026-08-08 01:00:00,10893129.71,,839820.49
2026-08-08 02:00:00,10910574.63,,842765.35
2026-08-08 03:00:00,10920229.12,,843108.35
2026-08-08 04:00:00,10887660.40,,841924.05
2026-08-08 05:00:00,10898480.34,,840636.02
2026-08-08 06:00:00,11003179.44,,848261.91
2026-08-08 07:00:00,10985375.30,,847734.26
2026-08-08 08:00:00,10935159.72,,841553.26
2026-08-08 09:00:00,10948594.45,,843971.48
2026-08-08 10:00:00,10913560.47,,841400.65
2026-08-08 11:00:00,10956053.21,,844788.48
2026-08-08 12:00:00,10827077.35,,828813.89
2026-08-08 13:00:00,10896185.23,,831985.44
2026-08-08 14:00:00,10857041.67,,829301.14
2026-08-08 15:00:00,10854048.16,,829878.28
2026-08-08 16:00:00,10839111.06,,829743.38
2026-08-08 17:00:00,10876283.17,,829691.30
2026-08-08 18:00:00,10884346.45,,831078.22
2026-08-08 19:00:00,11031300.05,,839691.71
2026-08-08 20:00:00,10998456.58,,840874.28
2026-08-08 21:00:00,11073615.16,,852464.76
2026-08-08 22:00:00,11045696.18,,844470.54
2026-08-08 23:00:00,11009108.99,,842289.48
2026-08-09 00:00:00,11050819.90,,844812.50
2026-08-09 01:00:00,11071034.79,,849678.82
2026-08-09 02:00:00,11021715.51,,841435.91
2026-08-09 03:00:00,11096340.36,,848466.54
2026-08-09 04:00:00,11173141.87,,859197.84
2026-08-09 05:00:00,11133415.20,,857399.81
2026-08-09 06:00:00,11239522.02,,867837.33
2026-08-09 07:00:00,12271610.23,,1007169.28
2026-08-09 08:00:00,12422836.69,,1022591.63
2026-08-09 09:00:00,11920549.40,,1011154.59
2026-08-09 10:00:00,11914930.14,,1017528.48
2026-08-09 11:00:00,11725519.24,,996324.96
2026-08-09 12:00:00,11609875.01,,977889.07
2026-08-09 13:00:00,11486075.02,,956461.72
2026-08-09 14:00:00,11393117.85,,956109.56
2026-08-09 15:00:00,11380363.77,,951374.33
2026-08-09 16:00:00,11410016.90,,948366.40
2026-08-09 17:00:00,11370108.16,,943227.91
2026-08-09 18:00:00,11228366.84,,927842.68
2026-08-09 19:00:00,11190433.59,,930533.76
2026-08-09 20:00:00,11481836.35,,946088.00
2026-08-09 21:00:00,11476685.73,,942331.94
2026-08-09 22:00:00,11336686.16,,932595.22
2026-08-09 23:00:00,11396374.65,,938498.92
2026-08-10 00:00:00,11260062.39,,927479.32
2026-08-10 01:00:00,11259168.39,,928989.18
2026-08-10 02:00:00,11213351.57,,921572.04
2026-08-10 03:00:00,11145887.49,,917840.54
2026-08-10 04:00:00,11105789.45,,912365.78
2026-08-10 05:00:00,11077789.49,,910827.43
2026-08-10 06:00:00,11151111.11,,923953.08
2026-08-10 07:00:00,11152756.26,,926162.94
2026-08-10 08:00:00,11254743.85,,933158.97
2026-08-10 09:00:00,11314358.87,,942893.61
2026-08-10 10:00:00,11229879.62,,938649.47
2026-08-10 11:00:00,11554461.93,,961391.97
2026-08-10 12:00:00,11408057.02,,950883.94
2026-08-10 13:00:00,11335739.72,,945006.47
2026-08-10 14:00:00,11175589.61,,940886.28
2026-08-10 15:00:00,11207830.51,,931869.48
2026-08-10 16:00:00,11095264.23,,926094.61
2026-08-10 17:00:00,11073056.74,,924862.82
2026-08-10 18:00:00,11013895.08,,917783.30
2026-08-10 19:00:00,10984614.61,,915172.43
2026-08-10 20:00:00,11226754.27,,931609.13
2026-08-10 21:00:00,11098955.67,,923419.84
2026-08-10 22:00:00,11063299.60,,919229.08
2026-08-10 23:00:00,10975254.83,,913384.33
2026-08-11 00:00:00,10910818.00,,907239.58
2026-08-11 01:00:00,10820903.45,,904007.82
2026-08-11 02:00:00,10664899.37,,889919.97
2026-08-11 03:00:00,10645363.87,,887068.10
2026-08-11 04:00:00,10680922.26,,889585.43
2026-08-11 05:00:00,10679634.88,,889298.84
2026-08-11 06:00:00,10679833.80,,889607.15
2026-08-11 07:00:00,10731278.37,,891085.50
2026-08-11 08:00:00,10648627.85,,882996.14
2026-08-11 09:00:00,10767420.77,,891359.29
2026-08-11 10:00:00,10686295.76,,883428.21
2026-08-11 11:00:00,10848707.64,,895223.64
2026-08-11 12:00:00,10769578.35,,890176.93
2026-08-11 13:00:00,10821942.28,,887549.56
2026-08-11 14:00:00,10821436.94,,894108.83
2026-08-11 15:00:00,10799654.24,,885934.03
2026-08-11 16:00:00,10715715.89,,875401.88
2026-08-11 17:00:00,10727265.58,,878575.07
2026-08-11 18:00:00,10618405.95,,872239.20
2026-08-11 19:00:00,10631856.12,,873385.67
2026-08-11 20:00:00,10658825.86,,873999.72
2026-08-11 21:00:00,10765167.06,,884288.52
2026-08-11 22:00:00,10671769.84,,875760.01
2026-08-11 23:00:00,10673519.61,,876845.03
2026-08-12 00:00:00,10540950.34,,869881.58
2026-08-12 01:00:00,10458409.22,,857375.28
2026-08-12 02:00:00,10405767.68,,849384.99
2026-08-12 03:00:00,10456505.12,,851910.03
2026-08-12 04:00:00,10440081.09,,849010.49
2026-08-12 05:00:00,10471851.39,,851254.87
2026-08-12 06:00:00,10418592.09,,848130.51
2026-08-12 07:00:00,10482312.71,,851466.35
2026-08-12 08:00:00,10624329.65,,868189.53
2026-08-12 09:00:00,10511204.22,,860295.46
2026-08-12 10:00:00,10664744.19,,873141.05
2026-08-12 11:00:00,10635261.57,,869985.49
2026-08-12 12:00:00,10681858.09,,874083.60
2026-08-12 13:00:00,10804195.71,,888237.64
2026-08-12 14:00:00,10826087.20,,886825.38
2026-08-12 15:00:00,10855891.58,,894392.41
2026-08-12 16:00:00,10773086.65,,887172.02
2026-08-12 17:00:00,10757237.51,,883589.27
2026-08-12 18:00:00,10779256.36,,885291.30
2026-08-12 19:00:00,10757236.33,,882362.28
2026-08-12 20:00:00,10718237.56,,879584.95
2026-08-12 21:00:00,10803916.07,,888582.23
2026-08-12 22:00:00,10728538.87,,885149.31
2026-08-12 23:00:00,10812811.62,,892145.77
2026-08-13 00:00:00,10786966.02,,890801.24
2026-08-13 01:00:00,10859683.23,,895463.53
2026-08-13 02:00:00,10819530.10,,893399.23
2026-08-13 03:00:00,10814031.43,,892382.00
2026-08-13 04:00:00,10705015.94,,885522.69
2026-08-13 05:00:00,10704497.46,,886834.40
2026-08-13 06:00:00,10653898.67,,884352.54
2026-08-13 07:00:00,10612066.55,,883084.28
2026-08-13 08:00:00,10712370.25,,891996.42
2026-08-13 09:00:00,10652260.33,,887722.94
2026-08-13 10:00:00,10689837.49,,891060.33
2026-08-13 11:00:00,10623519.56,,885643.49
2026-08-13 12:00:00,10600284.18,,882741.42
2026-08-13 13:00:00,10502371.53,,867960.82
2026-08-13 14:00:00,10411657.99,,857464.65
2026-08-13 15:00:00,10489266.35,,863174.27
2026-08-13 16:00:00,10544302.01,,859306.61
2026-08-13 17:00:00,10505444.91,,856920.61
2026-08-13 18:00:00,10555002.07,,860471.95
2026-08-13 19:00:00,10470597.65,,852760.72
2026-08-13 20:00:00,10463757.65,,853269.88
2026-08-13 21:00:00,10422320.47,,848836.96
2026-08-13 22:00:00,10485563.59,,850935.96
2026-08-13 23:00:00,10512137.45,,852790.88
2026-08-14 00:00:00,10487478.63,,851841.89
2026-08-14 01:00:00,10515097.10,,853809.83
2026-08-14 02:00:00,10459258.30,,852377.70
2026-08-14 03:00:00,10499996.11,,853303.06
2026-08-14 04:00:00,10454948.90,,849774.85
2026-08-14 05:00:00,10454953.38,,848753.35
2026-08-14 06:00:00,10441756.62,,847121.80
2026-08-14 07:00:00,10422590.18,,841866.04
2026-08-14 08:00:00,10344416.22,,838918.08
2026-08-14 09:00:00,10285977.84,,846207.50
2026-08-14 10:00:00,10002777.71,,804326.70
2026-08-14 11:00:00,10062079.36,,808638.19
2026-08-14 12:00:00,10022038.72,,803088.33
2026-08-14 13:00:00,10042922.67,,803120.94
2026-08-14 14:00:00,9994987.17,,805948.82
2026-08-14 15:00:00,9993431.19,,804668.04
2026-08-14 16:00:00,10215602.68,,814054.75
2026-08-14 17:00:00,10142221.41,,809727.87
2026-08-14 18:00:00,10105683.64,,806734.73
2026-08-14 19:00:00,10040707.84,,800433.17
2026-08-14 20:00:00,10054514.54,,800654.78
2026-08-14 21:00:00,10040747.05,,802704.99
2026-08-14 22:00:00,10112992.52,,802843.65
2026-08-14 23:00:00,10092802.12,,806043.84
2026-08-15 00:00:00,10131092.44,,809220.36
2026-08-15 01:00:00,10145715.45,,809278.18
2026-08-15 02:00:00,10148629.91,,809087.66
2026-08-15 03:00:00,10153642.68,,810208.20
2026-08-15 04:00:00,10128441.24,,810840.40
2026-08-15 05:00:00,10273117.83,,818914.04
2026-08-15 06:00:00,10280799.99,,827091.52
2026-08-15 07:00:00,10202828.71,,825734.69
2026-08-15 08:00:00,10422046.24,,843419.25
2026-08-15 09:00:00,10952378.05,,904981.82
2026-08-15 10:00:00,10747463.06,,902514.52
2026-08-15 11:00:00,10795283.24,,903249.64
2026-08-15 12:00:00,11922902.41,,1081908.70
2026-08-15 13:00:00,12132087.81,,1156013.72
2026-08-15 14:00:00,12073214.53,,1170634.80
2026-08-15 15:00:00,12285379.02,,1203292.80
2026-08-15 16:00:00,12293932.29,,1218288.11
2026-08-15 17:00:00,11941179.55,,1169133.50
2026-08-15 18:00:00,11745423.87,,1144176.44
2026-08-15 19:00:00,11551062.72,,1121673.42
2026-08-15 20:00:00,11388653.35,,1108786.03
2026-08-15 21:00:00,11503163.97,,1123849.48
2026-08-15 22:00:00,11519569.62,,1123182.44
2026-08-15 23:00:00,11459062.17,,1111297.11
2026-08-16 00:00:00,11395856.96,,1109130.40
2026-08-16 01:00:00,11394138.04,,1100427.22
2026-08-16 02:00:00,11398803.84,,1091514.34
2026-08-16 03:00:00,11359567.71,,1076124.69
2026-08-16 04:00:00,11227177.73,,1048104.80
2026-08-16 05:00:00,11188382.51,,1038617.25
2026-08-16 06:00:00,11172673.62,,1039372.60
2026-08-16 07:00:00,11292538.48,,1045325.16
2026-08-16 08:00:00,11316668.95,,1049089.14
2026-08-16 09:00:00,11481130.04,,1065259.30
2026-08-16 10:00:00,11513569.98,,1071942.98
2026-08-16 11:00:00,11457040.52,,1071214.81
2026-08-16 12:00:00,11303386.80,,1046731.24
2026-08-16 13:00:00,11338267.90,,1052076.86
2026-08-16 14:00:00,11351990.84,,1049193.86
2026-08-16 15:00:00,11295047.72,,1043911.15
2026-08-16 16:00:00,11294179.68,,1040176.98
2026-08-16 17:00:00,11327323.49,,1041833.23
2026-08-16 18:00:00,11333793.06,,1040372.52
2026-08-16 19:00:00,11285126.97,,1035970.32
2026-08-16 20:00:00,11303892.13,,1034801.29
2026-08-16 21:00:00,11311116.97,,1037892.10
2026-08-16 22:00:00,11161272.74,,1014814.49
2026-08-16 23:00:00,11138320.85,,1007909.50
2026-08-17 00:00:00,11294546.32,,1017861.77
2026-08-17 01:00:00,11391803.61,,1036236.21
2026-08-17 02:00:00,11296820.31,,1025264.16
2026-08-17 03:00:00,11362185.27,,1032423.09
2026-08-17 04:00:00,11327660.29,,1030068.10
2026-08-17 05:00:00,11216574.48,,998914.64
2026-08-17 06:00:00,11159351.51,,991061.26
2026-08-17 07:00:00,11253694.01,,1001974.86
2026-08-17 08:00:00,11147562.66,,986388.30
2026-08-17 09:00:00,11239718.47,,991707.72
2026-08-17 10:00:00,11281430.90,,997636.97
2026-08-17 11:00:00,11160288.89,,981312.53
2026-08-17 12:00:00,11242017.61,,986494.08
2026-08-17 13:00:00,11269890.87,,983271.33
2026-08-17 14:00:00,11243711.96,,976227.75
2026-08-17 15:00:00,11167561.62,,965617.68
2026-08-17 16:00:00,11221228.48,,966810.75
2026-08-17 17:00:00,11195239.32,,963690.55
2026-08-17 18:00:00,11153904.10,,960012.92
2026-08-17 19:00:00,11138267.46,,953792.70
2026-08-17 20:00:00,11210819.04,,960456.64
2026-08-17 21:00:00,11285928.88,,960336.89
2026-08-17 22:00:00,11272398.59,,958312.26
2026-08-17 23:00:00,11298681.88,,967260.28
2026-08-18 00:00:00,11303559.28,,966394.66
2026-08-18 01:00:00,11301604.86,,959912.62
2026-08-18 02:00:00,11266432.41,,957284.76
2026-08-18 03:00:00,11275769.44,,963259.25
2026-08-18 04:00:00,11383471.55,,974347.38
2026-08-18 05:00:00,11316098.48,,964836.54
2026-08-18 06:00:00,11338668.13,,965046.64
2026-08-18 07:00:00,11466873.07,,990868.32
2026-08-18 08:00:00,11431219.50,,980138.70
2026-08-18 09:00:00,11443673.08,,982786.55
2026-08-18 10:00:00,11524279.62,,994735.50
2026-08-18 11:00:00,11577576.86,,997299.65
2026-08-18 12:00:00,11427212.71,,984162.12
2026-08-18 13:00:00,11473212.12,,986698.35
2026-08-18 14:00:00,11435077.51,,984886.40
2026-08-18 15:00:00,11311314.46,,973016.54
2026-08-18 16:00:00,11353446.23,,975634.22
2026-08-18 17:00:00,11303983.27,,972761.47
2026-08-18 18:00:00,11381664.33,,981116.86
2026-08-18 19:00:00,11376769.77,,977615.46
2026-08-18 20:00:00,11337358.03,,976087.90
2026-08-18 21:00:00,11317814.77,,972247.90
2026-08-18 22:00:00,11250972.71,,966449.95
2026-08-18 23:00:00,11270134.74,,966916.39
2026-08-19 00:00:00,11293917.26,,970040.06
2026-08-19 01:00:00,11243657.84,,961683.46
2026-08-19 02:00:00,11252303.38,,959917.57
2026-08-19 03:00:00,11286559.58,,963231.89
2026-08-19 04:00:00,11440644.93,,974952.32
2026-08-19 05:00:00,11325655.02,,961471.42
2026-08-19 06:00:00,11392805.97,,969894.43
2026-08-19 07:00:00,11436142.72,,968170.13
2026-08-19 08:00:00,11419019.66,,966261.19
2026-08-19 09:00:00,11376833.30,,961057.76
2026-08-19 10:00:00,11458605.53,,968238.54
2026-08-19 11:00:00,11375142.08,,963220.63
2026-08-19 12:00:00,11398513.91,,963768.32
2026-08-19 13:00:00,11404137.06,,963438.51
2026-08-19 14:00:00,11384197.15,,960325.56
2026-08-19 15:00:00,11451867.88,,965311.21
2026-08-19 16:00:00,11485658.35,,958017.07
2026-08-19 17:00:00,11439401.67,,959005.81
2026-08-19 18:00:00,11475811.41,,961075.21
2026-08-19 19:00:00,11412342.13,,944029.64
2026-08-19 20:00:00,11507491.32,,952260.67
2026-08-19 21:00:00,11533710.63,,956912.48
2026-08-19 22:00:00,11520300.63,,956643.64
2026-08-19 23:00:00,11518597.36,,950058.61
2026-08-20 00:00:00,11530073.35,,940809.36
2026-08-20 01:00:00,11646243.53,,947754.61
2026-08-20 02:00:00,11647081.50,,945163.93
2026-08-20 03:00:00,11675112.61,,943488.90
2026-08-20 04:00:00,11591598.82,,936463.02
2026-08-20 05:00:00,11624304.62,,938846.76
2026-08-20 06:00:00,11605021.64,,934734.64
2026-08-20 07:00:00,11557935.90,,931827.49
2026-08-20 08:00:00,11569768.43,,931235.66
2026-08-20 09:00:00,11745613.57,,937502.60
2026-08-20 10:00:00,11784645.45,,942054.65
2026-08-20 11:00:00,11816578.84,,942591.46
2026-08-20 12:00:00,11766205.00,,935557.77
2026-08-20 13:00:00,11768934.43,,933573.33
2026-08-20 14:00:00,11685856.40,,930653.30
2026-08-20 15:00:00,11695604.23,,933910.65
2026-08-20 16:00:00,11842134.44,,940071.97
2026-08-20 17:00:00,11795953.05,,937985.95
2026-08-20 18:00:00,11734585.30,,932599.44
2026-08-20 19:00:00,11654509.52,,926162.70
2026-08-20 20:00:00,11670307.77,,926350.09
2026-08-20 21:00:00,11693112.88,,926930.96
2026-08-20 22:00:00,11709708.84,,928604.29
2026-08-20 23:00:00,11654070.27,,933881.92
2026-08-21 00:00:00,11720419.07,,937619.28
2026-08-21 01:00:00,11702689.76,,930836.09
2026-08-21 02:00:00,11718570.49,,933279.71
2026-08-21 03:00:00,11766091.23,,930686.61
2026-08-21 04:00:00,11803491.80,,931674.31
2026-08-21 05:00:00,11869688.52,,941274.67
2026-08-21 06:00:00,11862176.44,,938824.54
2026-08-21 07:00:00,11822713.43,,934465.79
2026-08-21 08:00:00,11852568.03,,943393.07
2026-08-21 09:00:00,12139320.11,,959152.26
2026-08-21 10:00:00,12090070.92,,951955.65
2026-08-21 11:00:00,12025008.03,,956770.92
2026-08-21 12:00:00,12001286.84,,956379.58
2026-08-21 13:00:00,12035983.33,,966712.10
2026-08-21 14:00:00,12073215.40,,971274.35
2026-08-21 15:00:00,12068378.94,,972711.96
2026-08-21 16:00:00,12238660.50,,978957.91
2026-08-21 17:00:00,12163509.18,,981972.58
2026-08-21 18:00:00,12202809.43,,979725.91
2026-08-21 19:00:00,12135338.37,,971591.58
2026-08-21 20:00:00,12090674.48,,967685.24
2026-08-21 21:00:00,12123370.14,,965700.88
2026-08-21 22:00:00,12204308.83,,972266.85
2026-08-21 23:00:00,12191264.58,,971378.25
2026-08-22 00:00:00,12169463.09,,971061.16
2026-08-22 01:00:00,12137353.25,,961553.81
2026-08-22 02:00:00,12129079.15,,959430.78
2026-08-22 03:00:00,12339664.82,,979108.39
2026-08-22 04:00:00,12396188.23,,992188.13
2026-08-22 05:00:00,12635830.37,,1008146.55
2026-08-22 06:00:00,12064626.06,,973984.27
2026-08-22 07:00:00,12171206.15,,979877.51
2026-08-22 08:00:00,12113861.12,,975742.56
2026-08-22 09:00:00,11960924.47,,962072.16
2026-08-22 10:00:00,11971273.72,,961051.18
2026-08-22 11:00:00,11857836.74,,945615.16
2026-08-22 12:00:00,12018262.60,,958380.88
2026-08-22 13:00:00,11967793.00,,957586.15
2026-08-22 14:00:00,12013180.83,,960512.29
2026-08-22 15:00:00,11914506.98,,952734.94
2026-08-22 16:00:00,11837607.85,,944736.40
2026-08-22 17:00:00,11999354.35,,953927.09
2026-08-22 18:00:00,11959603.22,,949208.81
2026-08-22 19:00:00,11994865.10,,950642.70
2026-08-22 20:00:00,11923456.55,,944956.22
2026-08-22 21:00:00,11931421.61,,942244.53
2026-08-22 22:00:00,11884652.56,,936745.84
2026-08-22 23:00:00,11890319.01,,930729.91
2026-08-23 00:00:00,11859061.52,,929843.42
2026-08-23 01:00:00,11847175.65,,934939.41
2026-08-23 02:00:00,11656574.96,,924854.89
2026-08-23 03:00:00,11585457.75,,927076.32
2026-08-23 04:00:00,11497102.77,,926195.77
2026-08-23 05:00:00,11393085.13,,920031.37
2026-08-23 06:00:00,11141118.66,,918282.99
2026-08-23 07:00:00,11201995.53,,928973.83
2026-08-23 08:00:00,11243353.02,,934150.58
2026-08-23 09:00:00,11401144.76,,948076.62
2026-08-23 10:00:00,11521897.86,,956101.59
2026-08-23 11:00:00,11571285.50,,962112.19
2026-08-23 12:00:00,11751284.65,,974510.06
2026-08-23 13:00:00,11676098.01,,970519.05
2026-08-23 14:00:00,11751239.84,,972325.78
2026-08-23 15:00:00,11756156.71,,979440.06
2026-08-23 16:00:00,11866603.82,,989314.71
2026-08-23 17:00:00,11839701.73,,991933.22
2026-08-23 18:00:00,11823401.89,,988429.79
2026-08-23 19:00:00,11857921.54,,994341.62
2026-08-23 20:00:00,11810796.85,,992902.04
2026-08-23 21:00:00,11815029.96,,992299.97
2026-08-23 22:00:00,11842450.48,,992038.64
2026-08-23 23:00:00,11837925.95,,994527.94
2026-08-24 00:00:00,11824643.19,,989716.33
2026-08-24 01:00:00,11677219.72,,975594.23
2026-08-24 02:00:00,11490844.85,,968603.39
2026-08-24 03:00:00,11614745.81,,983152.43
2026-08-24 04:00:00,11541738.50,,977632.31
2026-08-24 05:00:00,11561609.73,,976751.54
2026-08-24 06:00:00,11597750.57,,977000.55
2026-08-24 07:00:00,11641894.67,,977717.52
2026-08-24 08:00:00,11543827.04,,967051.16
2026-08-24 09:00:00,11521662.16,,965839.84
2026-08-24 10:00:00,11551448.31,,968041.50
2026-08-24 11:00:00,11463659.26,,957917.63
2026-08-24 12:00:00,11630991.70,,970848.73
2026-08-24 13:00:00,11705146.76,,981270.29
2026-08-24 14:00:00,11568570.02,,968124.88
2026-08-24 15:00:00,11668551.53,,974228.19
2026-08-24 16:00:00,11690074.07,,974392.06
2026-08-24 17:00:00,11732566.99,,976886.97
2026-08-24 18:00:00,11595131.33,,965855.62
2026-08-24 19:00:00,11658365.51,,971025.44
2026-08-24 20:00:00,11616003.01,,970821.49
2026-08-24 21:00:00,11663301.83,,973605.09
2026-08-24 22:00:00,11732307.10,,977668.27
2026-08-24 23:00:00,11635972.66,,970501.09
2026-08-25 00:00:00,11690239.59,,975403.82
2026-08-25 01:00:00,11738446.79,,980338.73
2026-08-25 02:00:00,11675382.83,,973971.78
2026-08-25 03:00:00,11745563.62,,981515.61
2026-08-25 04:00:00,11684072.19,,974976.48
2026-08-25 05:00:00,11688149.86,,975584.32
2026-08-25 06:00:00,11737671.12,,981020.62
2026-08-25 07:00:00,11719973.82,,977141.74
2026-08-25 08:00:00,11677170.09,,977239.51
2026-08-25 09:00:00,11703929.96,,976660.35
2026-08-25 10:00:00,11645697.50,,973299.29
2026-08-25 11:00:00,11685919.88,,977420.78
2026-08-25 12:00:00,11643569.91,,971354.95
2026-08-25 13:00:00,11718394.68,,975063.10
2026-08-25 14:00:00,11666906.83,,970774.64
2026-08-25 15:00:00,11809692.38,,994613.10
2026-08-25 16:00:00,11893183.58,,1001258.52
2026-08-25 17:00:00,11741690.98,,987603.72
2026-08-25 18:00:00,11754754.72,,984151.05
2026-08-25 19:00:00,11768172.70,,985438.38
2026-08-25 20:00:00,11722461.82,,979203.60
2026-08-25 21:00:00,11670121.80,,967954.84
2026-08-25 22:00:00,11699181.96,,974484.45
2026-08-25 23:00:00,12028820.14,,1010671.76
2026-08-26 00:00:00,11903491.99,,997530.95
2026-08-26 01:00:00,11926712.38,,998468.34
2026-08-26 02:00:00,12004266.76,,1004157.39
2026-08-26 03:00:00,12046634.53,,1009346.80
2026-08-26 04:00:00,12026452.48,,1006591.68
2026-08-26 05:00:00,12044120.49,,1007271.74
2026-08-26 06:00:00,12085371.57,,1008828.60
2026-08-26 07:00:00,12038636.43,,1003760.33
2026-08-26 08:00:00,12193942.93,,1015601.65
2026-08-26 09:00:00,12398545.17,,1039676.72
2026-08-26 10:00:00,12393249.97,,1036434.67
2026-08-26 11:00:00,12979226.38,,1096394.46
2026-08-26 12:00:00,12853120.10,,1070464.08
2026-08-26 13:00:00,12925385.93,,1086464.67
2026-08-26 14:00:00,12934031.58,,1087909.29
2026-08-26 15:00:00,12934861.62,,1087058.20
2026-08-26 16:00:00,12957994.42,,1095539.09
2026-08-26 17:00:00,13141386.38,,1187387.09
2026-08-26 18:00:00,13512354.37,,1206556.70
2026-08-26 19:00:00,13804353.84,,1223615.74
2026-08-26 20:00:00,13935183.36,,1230943.76
2026-08-26 21:00:00,13827746.61,,1213865.58
2026-08-26 22:00:00,13723436.56,,1194927.63
2026-08-26 23:00:00,13823837.21,,1197971.12
2026-08-27 00:00:00,13867891.26,,1200110.80
2026-08-27 01:00:00,13926024.88,,1215553.58
2026-08-27 02:00:00,14057257.49,,1242611.07
2026-08-27 03:00:00,14100067.55,,1240827.24
2026-08-27 04:00:00,13983370.35,,1235614.06
2026-08-27 05:00:00,14009089.16,,1234141.68
2026-08-27 06:00:00,13971828.67,,1226382.67
2026-08-27 07:00:00,14239051.98,,1259585.42
2026-08-27 08:00:00,14327190.81,,1265053.31
2026-08-27 09:00:00,14412678.51,,1269626.10
2026-08-27 10:00:00,15054341.49,,1326619.11
2026-08-27 11:00:00,15394660.99,,1381936.59
2026-08-27 12:00:00,15317169.32,,1371237.53
2026-08-27 13:00:00,14621826.75,,1251576.90
2026-08-27 14:00:00,14737336.95,,1257732.00
2026-08-27 15:00:00,14897383.70,,1263413.52
2026-08-27 16:00:00,14955640.97,,1266191.55
2026-08-27 17:00:00,15002507.47,,1276910.49
2026-08-27 18:00:00,14987117.82,,1264972.92
2026-08-27 19:00:00,14947810.22,,1255741.43
2026-08-27 20:00:00,14809930.66,,1238511.95
2026-08-27 21:00:00,14881649.36,,1243464.53
2026-08-27 22:00:00,15046791.75,,1258446.40
2026-08-27 23:00:00,15745957.52,,1341019.87
2026-08-28 00:00:00,15824131.00,,1343533.10
2026-08-28 01:00:00,15830196.16,,1332709.41
2026-08-28 02:00:00,15829049.12,,1338945.58
2026-08-28 03:00:00,15811861.21,,1330093.94
2026-08-28 04:00:00,15733447.05,,1305274.82
2026-08-28 05:00:00,16010365.88,,1314287.93
2026-08-28 06:00:00,16465993.34,,1405614.53
2026-08-28 07:00:00,16685196.94,,1537909.22
2026-08-28 08:00:00,16486594.77,,1576405.94
2026-08-28 09:00:00,16366794.93,,1599459.96
2026-08-28 10:00:00,16285439.39,,1602397.42
2026-08-28 11:00:00,16514660.99,,1685183.53
2026-08-28 12:00:00,16514973.30,,1706135.26
2026-08-28 13:00:00,16197643.93,,1677053.62
2026-08-28 14:00:00,15630082.83,,1551740.59
2026-08-28 15:00:00,15023494.92,,1429322.58
2026-08-28 16:00:00,14618837.13,,1351080.70
2026-08-28 17:00:00,15105123.44,,1520201.17
2026-08-28 18:00:00,14706845.74,,1476304.03
2026-08-28 19:00:00,14324699.06,,1477316.88
2026-08-28 20:00:00,13661575.90,,1449452.23
2026-08-28 21:00:00,13211275.45,,1450134.33
2026-08-28 22:00:00,12045794.56,,1466675.04
2026-08-28 23:00:00,11668799.94,,1425157.60
2026-08-29 00:00:00,11351523.61,,1358802.88
2026-08-29 01:00:00,11215583.09,,1331167.86
2026-08-29 02:00:00,11245226.31,,1382173.81
2026-08-29 03:00:00,11092952.44,,1435353.48
2026-08-29 04:00:00,11164636.45,,1425415.45
2026-08-29 05:00:00,11051238.37,,1445763.14
2026-08-29 06:00:00,11052127.01,,1457781.18
2026-08-29 07:00:00,11348416.16,,1465419.48
2026-08-29 08:00:00,11497350.49,,1461253.89
2026-08-29 09:00:00,11456567.17,,1464744.43
2026-08-29 10:00:00,11250883.23,,1475277.49
2026-08-29 11:00:00,11286670.44,,1476568.15
2026-08-29 12:00:00,11505920.35,,1520446.95
2026-08-29 13:00:00,11361979.63,,1475958.17
2026-08-29 14:00:00,11419015.62,,1517093.48
2026-08-29 15:00:00,11479625.84,,1483333.84
2026-08-29 16:00:00,11373313.29,,1492756.88
2026-08-29 17:00:00,11290825.01,,1477421.55
2026-08-29 18:00:00,11369542.19,,1487275.74
2026-08-29 19:00:00,11759347.87,,1499326.29
2026-08-29 20:00:00,12718884.64,,1683584.07
2026-08-29 21:00:00,12617483.67,,1681412.46
2026-08-29 22:00:00,12470022.94,,1607150.47
2026-08-29 23:00:00,12365415.63,,1535042.32
2026-08-30 00:00:00,12227937.25,,1524052.17
2026-08-30 01:00:00,12355526.07,,1554274.38
2026-08-30 02:00:00,12335865.01,,1496549.10
2026-08-30 03:00:00,12117262.77,,1447304.73
2026-08-30 04:00:00,12082111.96,,1443613.54
2026-08-30 05:00:00,12115397.14,,1436091.41
2026-08-30 06:00:00,12084925.40,,1420336.15
2026-08-30 07:00:00,11641591.97,,1346731.38
2026-08-30 08:00:00,11589600.32,,1324514.45
2026-08-30 09:00:00,11403444.39,,1289923.12
2026-08-30 10:00:00,11310273.97,,1282616.88
2026-08-30 11:00:00,11318532.45,,1267387.36
2026-08-30 12:00:00,11395103.01,,1263722.13
2026-08-30 13:00:00,11414161.06,,1255691.31
2026-08-30 14:00:00,11447110.30,,1268447.06
2026-08-30 15:00:00,11397796.58,,1271226.37
2026-08-30 16:00:00,11414320.44,,1277426.51
2026-08-30 17:00:00,11408034.54,,1291519.09
2026-08-30 18:00:00,11324769.16,,1292625.89
2026-08-30 19:00:00,11256784.85,,1276498.01
2026-08-30 20:00:00,11188442.43,,1257561.52
2026-08-30 21:00:00,10982532.44,,1170811.45
2026-08-30 22:00:00,10832905.75,,1134368.73
2026-08-30 23:00:00,10869615.21,,1159253.49
2026-08-31 00:00:00,10482679.25,,1166358.49
2026-08-31 01:00:00,10775542.12,,1186140.74
2026-08-31 02:00:00,10649413.34,,1162440.22
2026-08-31 03:00:00,10555110.40,,1152209.47
2026-08-31 04:00:00,10768990.07,,1175215.80
2026-08-31 05:00:00,10919407.77,,1181368.01
2026-08-31 06:00:00,10939377.59,,1170200.85
2026-08-31 07:00:00,10993049.04,,1168618.02
2026-08-31 08:00:00,10950949.08,,1158559.55
2026-08-31 09:00:00,10980662.49,,1157328.52
2026-08-31 10:00:00,10916441.09,,1152026.88
2026-08-31 11:00:00,11171130.91,,1184492.07
2026-08-31 12:00:00,11108836.17,,1157982.76
2026-08-31 13:00:00,11138495.41,,1170163.43
2026-08-31 14:00:00,11186360.12,,1192288.40
2026-08-31 15:00:00,11147727.81,,1186421.26
2026-08-31 16:00:00,11232617.65,,1199006.62
2026-08-31 17:00:00,11319035.17,,1195387.63
2026-08-31 18:00:00,11600870.65,,1212075.34
2026-08-31 19:00:00,11854330.91,,1275155.43
2026-08-31 20:00:00,11685880.05,,1255524.40
2026-08-31 21:00:00,11339902.71,,1215202.01
2026-08-31 22:00:00,11338640.84,,1211975.42
2026-08-31 23:00:00,11342749.69,,1207110.41
2026-09-01 00:00:00,11317435.64,,1206824.35
2026-09-01 01:00:00,11621211.32,,1229825.59
2026-09-01 02:00:00,11505722.32,,1219033.88
2026-09-01 03:00:00,11395082.42,,1203303.24
2026-09-01 04:00:00,11465713.13,,1211899.12
2026-09-01 05:00:00,11557538.45,,1216615.98
2026-09-01 06:00:00,11481131.90,,1209425.21
2026-09-01 07:00:00,11125811.83,,1174839.16
2026-09-01 08:00:00,11141396.90,,1173740.51
2026-09-01 09:00:00,11118031.89,,1159014.92
2026-09-01 10:00:00,10984084.34,,1146084.45
2026-09-01 11:00:00,10906785.19,,1138132.07
2026-09-01 12:00:00,10965739.22,,1137408.01
2026-09-01 13:00:00,11047233.72,,1144178.47
2026-09-01 14:00:00,11121364.32,,1144151.57
2026-09-01 15:00:00,11047887.83,,1126291.40
2026-09-01 16:00:00,10995108.86,,1117584.60
2026-09-01 17:00:00,10906885.41,,1112524.03
2026-09-01 18:00:00,10855487.35,,1091748.64
2026-09-01 19:00:00,10860693.35,,1093629.31
2026-09-01 20:00:00,10902546.54,,1098043.13
2026-09-01 21:00:00,10875742.36,,1094531.68
2026-09-01 22:00:00,10904351.88,,1096216.46
2026-09-01 23:00:00,10900561.68,,1095439.46
2026-09-02 00:00:00,10980358.10,,1100832.17
2026-09-02 01:00:00,10997822.80,,1107176.14
2026-09-02 02:00:00,10952562.13,,1091969.37
2026-09-02 03:00:00,11055865.00,,1110941.46
2026-09-02 04:00:00,11011954.15,,1100941.02
2026-09-02 05:00:00,10887601.60,,1079264.37
2026-09-02 06:00:00,10931837.32,,1081820.48
2026-09-02 07:00:00,10962605.94,,1083833.36
2026-09-02 08:00:00,10972212.11,,1087912.60
2026-09-02 09:00:00,11097559.88,,1108823.74
2026-09-02 10:00:00,11000984.64,,1087984.59
2026-09-02 11:00:00,10936231.13,,1084002.08
2026-09-02 12:00:00,10813352.98,,1070844.07
2026-09-02 13:00:00,11021003.02,,1096893.14
2026-09-02 14:00:00,10993132.86,,1080848.54
2026-09-02 15:00:00,10822916.18,,1066138.81
2026-09-02 16:00:00,10859936.83,,1071160.65
2026-09-02 17:00:00,10856489.76,,1070679.06
2026-09-02 18:00:00,10815524.36,,1066325.50
2026-09-02 19:00:00,10880931.76,,1065467.98
2026-09-02 20:00:00,10837346.15,,1060152.42
2026-09-02 21:00:00,10939043.02,,1074949.26
2026-09-02 22:00:00,10841036.56,,1068116.62
2026-09-02 23:00:00,10771607.35,,1058485.68
2026-09-03 00:00:00,10866132.04,,1068757.90
2026-09-03 01:00:00,10850557.78,,1065409.28
2026-09-03 02:00:00,10944306.06,,1069972.63
2026-09-03 03:00:00,10971437.58,,1070691.52
2026-09-03 04:00:00,10908216.14,,1065233.70
2026-09-03 05:00:00,10968153.11,,1070683.14
2026-09-03 06:00:00,10979342.82,,1076826.88
2026-09-03 07:00:00,11016756.81,,1073045.40
2026-09-03 08:00:00,10985377.07,,1071083.42
2026-09-03 09:00:00,11072739.66,,1080642.83
2026-09-03 10:00:00,11216362.62,,1096781.06
2026-09-03 11:00:00,11375680.33,,1113422.83
2026-09-03 12:00:00,11536035.80,,1125172.13
2026-09-03 13:00:00,11600551.20,,1138258.00
2026-09-03 14:00:00,11595397.60,,1137985.93
2026-09-03 15:00:00,11555934.38,,1133281.54
2026-09-03 16:00:00,11556799.29,,1124381.33
2026-09-03 17:00:00,11490185.66,,1110900.22
2026-09-03 18:00:00,11469726.25,,1106322.42
2026-09-03 19:00:00,11557742.53,,1113920.02
2026-09-03 20:00:00,11555288.18,,1116734.69
2026-09-03 21:00:00,11603512.47,,1124044.14
2026-09-03 22:00:00,11626855.20,,1129990.40
2026-09-03 23:00:00,11595923.44,,1121636.97
2026-09-04 00:00:00,11606997.89,,1123141.34
2026-09-04 01:00:00,11523930.57,,1114710.40
2026-09-04 02:00:00,11571979.59,,1120265.33
2026-09-04 03:00:00,11576215.24,,1122469.00
2026-09-04 04:00:00,11599684.42,,1125935.94
2026-09-04 05:00:00,11700624.79,,1136503.99
2026-09-04 06:00:00,11533367.76,,1120814.05
2026-09-04 07:00:00,11597684.51,,1123977.79
2026-09-04 08:00:00,11676526.65,,1138234.23
2026-09-04 09:00:00,11555906.45,,1124566.33
2026-09-04 10:00:00,11686053.10,,1130447.42
2026-09-04 11:00:00,11526519.21,,1116328.59
2026-09-04 12:00:00,11610923.50,,1130285.17
2026-09-04 13:00:00,11529602.56,,1146211.70
2026-09-04 14:00:00,11404306.56,,1135496.88
2026-09-04 15:00:00,11582814.59,,1151417.50
2026-09-04 16:00:00,11586092.61,,1151394.62
2026-09-04 17:00:00,11783940.06,,1217985.02
2026-09-04 18:00:00,11657858.43,,1202575.00
2026-09-04 19:00:00,11574615.31,,1186228.45
2026-09-04 20:00:00,11546925.25,,1179944.70
2026-09-04 21:00:00,11443222.72,,1171578.78
2026-09-04 22:00:00,11408883.05,,1165410.64
2026-09-04 23:00:00,11362055.75,,1162895.61
2026-09-05 00:00:00,11382134.02,,1164161.17
2026-09-05 01:00:00,11327484.67,,1156022.30
2026-09-05 02:00:00,11362847.26,,1157255.89
2026-09-05 03:00:00,11418434.12,,1157703.89
2026-09-05 04:00:00,11515470.80,,1163420.22
2026-09-05 05:00:00,11491202.10,,1162784.77
2026-09-05 06:00:00,11482763.96,,1164173.67
2026-09-05 07:00:00,11494577.03,,1163378.11
2026-09-05 08:00:00,11521824.44,,1166472.84
2026-09-05 09:00:00,11551832.61,,1164003.55
2026-09-05 10:00:00,11467573.44,,1154462.60
2026-09-05 11:00:00,11437454.09,,1152342.70
2026-09-05 12:00:00,11417712.16,,1150540.48
2026-09-05 13:00:00,11436315.68,,1151271.62
2026-09-05 14:00:00,11477649.90,,1152229.24
2026-09-05 15:00:00,11555289.27,,1152458.78
2026-09-05 16:00:00,11705389.13,,1163672.94
2026-09-05 17:00:00,11601537.32,,1153233.98
2026-09-05 18:00:00,11571301.25,,1149412.90
2026-09-05 19:00:00,11601214.30,,1160191.21
2026-09-05 20:00:00,11581821.53,,1156597.03
2026-09-05 21:00:00,11599260.83,,1158050.73
2026-09-05 22:00:00,11562979.09,,1152300.53
2026-09-05 23:00:00,11565344.40,,1152753.94
2026-09-06 00:00:00,11613042.45,,1158324.27
2026-09-06 01:00:00,11608595.46,,1158805.90
2026-09-06 02:00:00,11748878.59,,1168432.27
2026-09-06 03:00:00,11665248.55,,1156947.55
2026-09-06 04:00:00,11626727.36,,1151983.38
2026-09-06 05:00:00,11558645.39,,1145520.02
2026-09-06 06:00:00,11562993.71,,1147136.20
2026-09-06 07:00:00,11611211.51,,1157710.54
2026-09-06 08:00:00,11650265.58,,1160647.46
