time,oi_A,oi_6,oi_3
2026-05-17 12:00:00,13673318.38,,
2026-05-17 13:00:00,14962161.28,,
2026-05-17 14:00:00,15537756.18,,
2026-05-17 15:00:00,16612219.53,,
2026-05-17 16:00:00,13481664.77,,
2026-05-17 17:00:00,12577934.41,,
2026-05-17 18:00:00,13448629.56,,
2026-05-17 19:00:00,13019983.24,,
2026-05-17 20:00:00,12516195.39,,
2026-05-17 21:00:00,12530642.06,,
2026-05-17 22:00:00,12094274.87,,
2026-05-17 23:00:00,12087340.69,,
2026-05-18 00:00:00,10336356.24,,
2026-05-18 01:00:00,10361378.05,,
2026-05-18 02:00:00,9774292.83,,
2026-05-18 03:00:00,9498257.60,,
2026-05-18 04:00:00,9673016.23,,
2026-05-18 05:00:00,9999102.91,,
2026-05-18 06:00:00,9560169.14,,
2026-05-18 07:00:00,8985644.73,,
2026-05-18 08:00:00,9461346.14,,
2026-05-18 09:00:00,9298272.08,,
2026-05-18 10:00:00,9839057.31,,
2026-05-18 11:00:00,9312967.13,,
2026-05-18 12:00:00,9507980.10,,
2026-05-18 13:00:00,9475816.48,,
2026-05-18 14:00:00,9517573.46,,
2026-05-18 15:00:00,9258315.03,,
2026-05-18 16:00:00,9029349.07,,
2026-05-18 17:00:00,8768100.15,,
2026-05-18 18:00:00,8894848.18,,
2026-05-18 19:00:00,7486020.23,,
2026-05-18 20:00:00,7592753.88,,
2026-05-18 21:00:00,7620774.95,,
2026-05-18 22:00:00,7684890.81,,
2026-05-18 23:00:00,7663647.00,,
2026-05-19 00:00:00,7784020.00,,
2026-05-19 01:00:00,8367915.49,,
2026-05-19 02:00:00,8401824.38,,
2026-05-19 03:00:00,8447064.95,,
2026-05-19 04:00:00,8412804.25,,
2026-05-19 05:00:00,8440489.19,,
2026-05-19 06:00:00,8764721.14,,
2026-05-19 07:00:00,9277539.00,,
2026-05-19 08:00:00,9703638.54,,
2026-05-19 09:00:00,8812534.84,,
2026-05-19 10:00:00,8293601.76,,
2026-05-19 11:00:00,8234680.55,,
2026-05-19 12:00:00,8148459.33,,
2026-05-19 13:00:00,8231831.54,,
2026-05-19 14:00:00,8506833.63,,
2026-05-19 15:00:00,8656233.54,,
2026-05-19 16:00:00,8404031.82,,
2026-05-19 17:00:00,8391747.02,,
2026-05-19 18:00:00,8184096.48,,
2026-05-19 19:00:00,8008897.99,,
2026-05-19 20:00:00,8080188.84,,
2026-05-19 21:00:00,8007009.76,,
2026-05-19 22:00:00,8056681.99,,
2026-05-19 23:00:00,7839986.77,,
2026-05-20 00:00:00,7920609.93,,
2026-05-20 01:00:00,7979372.65,,
2026-05-20 02:00:00,7899093.34,,
2026-05-20 03:00:00,7850239.96,,
2026-05-20 04:00:00,8177507.83,,
2026-05-20 05:00:00,7981813.91,,
2026-05-20 06:00:00,7952838.61,,
2026-05-20 07:00:00,8030308.03,,
2026-05-20 08:00:00,8049848.68,,
2026-05-20 09:00:00,7915603.24,,
2026-05-20 10:00:00,7789022.77,,
2026-05-20 11:00:00,7859624.22,,
2026-05-20 12:00:00,7966539.44,,
2026-05-20 13:00:00,8086314.54,,
2026-05-20 14:00:00,8006594.70,,
2026-05-20 15:00:00,8099069.18,,
2026-05-20 16:00:00,8029981.25,,
2026-05-20 17:00:00,7950147.76,,
2026-05-20 18:00:00,7920320.25,,
2026-05-20 19:00:00,7815574.27,,
2026-05-20 20:00:00,7572246.43,,
2026-05-20 21:00:00,7703717.35,,
2026-05-20 22:00:00,7691958.03,,
2026-05-20 23:00:00,7486449.72,,
2026-05-21 00:00:00,7427941.30,,
2026-05-21 01:00:00,7510199.06,,
2026-05-21 02:00:00,7596525.62,,
2026-05-21 03:00:00,7708650.24,,
2026-05-21 04:00:00,7724257.75,,
2026-05-21 05:00:00,7687177.07,,
2026-05-21 06:00:00,7632962.90,,
2026-05-21 07:00:00,7748816.62,,
2026-05-21 08:00:00,7741144.41,,
2026-05-21 09:00:00,7953407.39,,
2026-05-21 10:00:00,8538549.62,,
2026-05-21 11:00:00,8099548.98,,
2026-05-21 12:00:00,8165596.33,,
2026-05-21 13:00:00,7933314.52,,
2026-05-21 14:00:00,8072059.77,,
2026-05-21 15:00:00,8086984.25,,
2026-05-21 16:00:00,8323996.06,,
2026-05-21 17:00:00,8613758.95,,
2026-05-21 18:00:00,8666651.49,,
2026-05-21 19:00:00,8781265.45,,
2026-05-21 20:00:00,8816158.39,,
2026-05-21 21:00:00,8677429.96,,
2026-05-21 22:00:00,8776814.78,,
2026-05-21 23:00:00,9057351.05,,
2026-05-22 00:00:00,9021227.01,,
2026-05-22 01:00:00,8863721.69,,
2026-05-22 02:00:00,8554616.04,,
2026-05-22 03:00:00,8736108.96,,
2026-05-22 04:00:00,8581622.16,,
2026-05-22 05:00:00,8334978.60,,
2026-05-22 06:00:00,8300785.69,,
2026-05-22 07:00:00,8406221.65,,
2026-05-22 08:00:00,8344613.94,,
2026-05-22 09:00:00,7830643.48,,
2026-05-22 10:00:00,7871432.60,,
2026-05-22 11:00:00,7963330.33,,
2026-05-22 12:00:00,8340748.01,,
2026-05-22 13:00:00,8290930.91,,
2026-05-22 14:00:00,8286815.08,,
2026-05-22 15:00:00,8136822.20,,
2026-05-22 16:00:00,8270977.62,,
2026-05-22 17:00:00,7829698.79,,
2026-05-22 18:00:00,7744652.81,,
2026-05-22 19:00:00,7704031.56,,
2026-05-22 20:00:00,7385622.82,,
2026-05-22 21:00:00,7498384.09,,
2026-05-22 22:00:00,7542440.17,,
2026-05-22 23:00:00,7656566.89,,
2026-05-23 00:00:00,7587024.14,,
2026-05-23 01:00:00,7515868.08,,
2026-05-23 02:00:00,7442675.24,,
2026-05-23 03:00:00,7422025.22,,
2026-05-23 04:00:00,7696811.88,,
2026-05-23 05:00:00,7387467.80,,
2026-05-23 06:00:00,7142034.22,,
2026-05-23 07:00:00,7182799.37,,
2026-05-23 08:00:00,6846836.47,,
2026-05-23 09:00:00,6977565.64,,
2026-05-23 10:00:00,6935324.84,,
2026-05-23 11:00:00,7031365.88,,
2026-05-23 12:00:00,6937563.88,,
2026-05-23 13:00:00,6999420.19,,
2026-05-23 14:00:00,7262568.90,,
2026-05-23 15:00:00,7543995.97,,
2026-05-23 16:00:00,7452344.98,,
2026-05-23 17:00:00,7416421.61,,
2026-05-23 18:00:00,7354027.63,,
2026-05-23 19:00:00,7218651.68,,
2026-05-23 20:00:00,7080389.37,,
2026-05-23 21:00:00,7212336.46,,
2026-05-23 22:00:00,7168504.98,,
2026-05-23 23:00:00,7177432.42,,
2026-05-24 00:00:00,7221075.70,,
2026-05-24 01:00:00,7309758.98,,
2026-05-24 02:00:00,7316900.95,,
2026-05-24 03:00:00,7238354.80,,
2026-05-24 04:00:00,7043992.65,,
2026-05-24 05:00:00,7042981.90,,
2026-05-24 06:00:00,7268312.77,,
2026-05-24 07:00:00,7331541.36,,
2026-05-24 08:00:00,7162567.35,,
2026-05-24 09:00:00,7064544.74,,
2026-05-24 10:00:00,7030869.13,,
2026-05-24 11:00:00,7069144.27,,
2026-05-24 12:00:00,7021024.15,,
2026-05-24 13:00:00,7850241.43,,
2026-05-24 14:00:00,7494249.02,,
2026-05-24 15:00:00,7169110.96,,
2026-05-24 16:00:00,7196085.20,,
2026-05-24 17:00:00,7208051.85,,
2026-05-24 18:00:00,7140507.22,,
2026-05-24 19:00:00,7061303.86,,
2026-05-24 20:00:00,6944402.14,,
2026-05-24 21:00:00,6968542.71,,
2026-05-24 22:00:00,6881853.42,,
2026-05-24 23:00:00,7055175.17,,
2026-05-25 00:00:00,7025359.56,,
2026-05-25 01:00:00,7122351.03,,
2026-05-25 02:00:00,7048911.06,,
2026-05-25 03:00:00,7066135.15,,
2026-05-25 04:00:00,7010455.36,,
2026-05-25 05:00:00,7009337.49,,
2026-05-25 06:00:00,7038616.51,,
2026-05-25 07:00:00,7072387.77,,
2026-05-25 08:00:00,6998637.19,,
2026-05-25 09:00:00,6877526.97,,
2026-05-25 10:00:00,6877907.48,,
2026-05-25 11:00:00,6762588.68,,
2026-05-25 12:00:00,6687330.40,,
2026-05-25 13:00:00,6492442.70,,
2026-05-25 14:00:00,6567010.68,,
2026-05-25 15:00:00,6598643.94,,
2026-05-25 16:00:00,6492860.90,,
2026-05-25 17:00:00,6519526.66,,
2026-05-25 18:00:00,6492575.28,,
2026-05-25 19:00:00,6366229.70,,
2026-05-25 20:00:00,6402569.84,,
2026-05-25 21:00:00,6447775.96,,
2026-05-25 22:00:00,6500265.47,,
2026-05-25 23:00:00,6314275.09,,
2026-05-26 00:00:00,6365013.36,,
2026-05-26 01:00:00,6203205.14,,
2026-05-26 02:00:00,6163279.45,,
2026-05-26 03:00:00,6133882.80,,
2026-05-26 04:00:00,6196316.09,,
2026-05-26 05:00:00,6265182.04,,
2026-05-26 06:00:00,6250412.15,,
2026-05-26 07:00:00,6268765.08,,
2026-05-26 08:00:00,6290458.29,,
2026-05-26 09:00:00,6355451.82,,
2026-05-26 10:00:00,6407437.48,,
2026-05-26 11:00:00,6592182.91,,
2026-05-26 12:00:00,6574460.81,,
2026-05-26 13:00:00,6486213.39,,
2026-05-26 14:00:00,6389842.67,,
2026-05-26 15:00:00,6110362.72,,
2026-05-26 16:00:00,5951068.87,,
2026-05-26 17:00:00,5913615.52,,
2026-05-26 18:00:00,5887237.98,,
2026-05-26 19:00:00,5935639.44,,
2026-05-26 20:00:00,6039120.00,,
2026-05-26 21:00:00,6218307.31,,
2026-05-26 22:00:00,6038882.81,,
2026-05-26 23:00:00,6047070.39,,
2026-05-27 00:00:00,6067714.62,,
2026-05-27 01:00:00,6116501.42,,
2026-05-27 02:00:00,6098649.11,,
2026-05-27 03:00:00,6155480.35,,
2026-05-27 04:00:00,6097960.74,,
2026-05-27 05:00:00,6093863.83,,
2026-05-27 06:00:00,5960425.22,,
2026-05-27 07:00:00,5933104.50,,
2026-05-27 08:00:00,5866605.38,,
2026-05-27 09:00:00,5785882.99,,
2026-05-27 10:00:00,5841788.61,,
2026-05-27 11:00:00,5851870.59,,
2026-05-27 12:00:00,5837762.89,,
2026-05-27 13:00:00,5900629.44,,
2026-05-27 14:00:00,5881010.57,,
2026-05-27 15:00:00,5910498.08,,
2026-05-27 16:00:00,5958295.09,,
2026-05-27 17:00:00,5872426.13,,
2026-05-27 18:00:00,5886612.06,,
2026-05-27 19:00:00,6003017.45,,
2026-05-27 20:00:00,5926910.15,,
2026-05-27 21:00:00,5928814.38,,
2026-05-27 22:00:00,5874260.62,,
2026-05-27 23:00:00,5849956.66,,
2026-05-28 00:00:00,5621693.42,,
2026-05-28 01:00:00,5647188.14,,
2026-05-28 02:00:00,5669129.10,,
2026-05-28 03:00:00,5647975.12,,
2026-05-28 04:00:00,4850629.14,,
2026-05-28 05:00:00,4896333.84,,
2026-05-28 06:00:00,4922480.36,,
2026-05-28 07:00:00,4884730.82,,
2026-05-28 08:00:00,4993495.60,,
2026-05-28 09:00:00,5130019.55,,
2026-05-28 10:00:00,5038096.78,,
2026-05-28 11:00:00,5065935.42,,
2026-05-28 12:00:00,5124193.21,,
2026-05-28 13:00:00,5087630.84,,
2026-05-28 14:00:00,5037354.20,,
2026-05-28 15:00:00,5038877.91,,
2026-05-28 16:00:00,5092495.12,,
2026-05-28 17:00:00,5131078.38,,
2026-05-28 18:00:00,5112565.04,,
2026-05-28 19:00:00,5095100.26,,
2026-05-28 20:00:00,5046597.78,,
2026-05-28 21:00:00,5022412.83,,
2026-05-28 22:00:00,5031071.17,,
2026-05-28 23:00:00,5012921.39,,
2026-05-29 00:00:00,5074107.58,,
2026-05-29 01:00:00,5095478.02,,
2026-05-29 02:00:00,4968266.73,,
2026-05-29 03:00:00,4885032.34,,
2026-05-29 04:00:00,4874898.32,,
2026-05-29 05:00:00,4841220.67,,
2026-05-29 06:00:00,4809115.60,,
2026-05-29 07:00:00,4832928.50,,
2026-05-29 08:00:00,4724255.99,,
2026-05-29 09:00:00,4718747.76,,
2026-05-29 10:00:00,4790481.11,,
2026-05-29 11:00:00,5069377.69,,
2026-05-29 12:00:00,4929003.99,,
2026-05-29 13:00:00,4862338.74,,
2026-05-29 14:00:00,4899961.13,,
2026-05-29 15:00:00,4840857.47,,
2026-05-29 16:00:00,4890547.21,,
2026-05-29 17:00:00,4926456.78,,
2026-05-29 18:00:00,4855258.59,,
2026-05-29 19:00:00,4792975.25,,
2026-05-29 20:00:00,4797393.07,,
2026-05-29 21:00:00,4851952.32,,
2026-05-29 22:00:00,4780620.72,,
2026-05-29 23:00:00,4810116.39,,
2026-05-30 00:00:00,4806149.54,,
2026-05-30 01:00:00,4819709.97,,
2026-05-30 02:00:00,4862604.94,,
2026-05-30 03:00:00,4868131.74,,
2026-05-30 04:00:00,4835389.37,,
2026-05-30 05:00:00,4911435.23,,
2026-05-30 06:00:00,4913674.39,,
2026-05-30 07:00:00,4875552.89,,
2026-05-30 08:00:00,4865617.22,,
2026-05-30 09:00:00,4886223.22,,
2026-05-30 10:00:00,4957649.39,,
2026-05-30 11:00:00,4936437.02,,
2026-05-30 12:00:00,4955561.40,,
2026-05-30 13:00:00,5121454.52,,
2026-05-30 14:00:00,5069924.75,,
2026-05-30 15:00:00,5112495.65,,
2026-05-30 16:00:00,5087102.49,,
2026-05-30 17:00:00,5159756.83,,
2026-05-30 18:00:00,5003944.08,,
2026-05-30 19:00:00,4993642.72,,
2026-05-30 20:00:00,4951810.91,,
2026-05-30 21:00:00,4991856.83,,
2026-05-30 22:00:00,4986843.03,,
2026-05-30 23:00:00,4952179.41,,
2026-05-31 00:00:00,4978271.07,,
2026-05-31 01:00:00,4973335.40,,
2026-05-31 02:00:00,4949189.73,,
2026-05-31 03:00:00,4956676.08,,
2026-05-31 04:00:00,4946358.61,,
2026-05-31 05:00:00,4969816.46,,
2026-05-31 06:00:00,9376790.11,,
2026-05-31 07:00:00,9182968.74,,
2026-05-31 08:00:00,8937391.79,,
2026-05-31 09:00:00,9589079.89,,
2026-05-31 10:00:00,9458010.82,,
2026-05-31 11:00:00,9158928.39,,
2026-05-31 12:00:00,9036814.32,,
2026-05-31 13:00:00,9659199.24,,
2026-05-31 14:00:00,10305780.01,,
2026-05-31 15:00:00,11242950.69,,
2026-05-31 16:00:00,8965110.23,,
2026-05-31 17:00:00,9531470.68,,
2026-05-31 18:00:00,9080277.20,,
2026-05-31 19:00:00,8954284.48,,
2026-05-31 20:00:00,9000697.19,,
2026-05-31 21:00:00,8981846.52,,
2026-05-31 22:00:00,8771729.31,,
2026-05-31 23:00:00,8938078.07,,
2026-06-01 00:00:00,9535615.11,,
2026-06-01 01:00:00,10365253.61,,
2026-06-01 02:00:00,9994038.38,,
2026-06-01 03:00:00,8697677.61,,
2026-06-01 04:00:00,8844212.73,,
2026-06-01 05:00:00,8405457.21,,
2026-06-01 06:00:00,7704055.05,,
2026-06-01 07:00:00,7719414.39,,
2026-06-01 08:00:00,7596461.45,,
2026-06-01 09:00:00,8032543.96,,
2026-06-01 10:00:00,8192065.53,,
2026-06-01 11:00:00,7924031.52,,
2026-06-01 12:00:00,7727984.76,,
2026-06-01 13:00:00,7761333.70,,
2026-06-01 14:00:00,7714976.19,,
2026-06-01 15:00:00,8286178.70,,
2026-06-01 16:00:00,8292077.95,,
2026-06-01 17:00:00,8469776.57,,
2026-06-01 18:00:00,8417746.67,,
2026-06-01 19:00:00,8378571.39,,
2026-06-01 20:00:00,8341489.29,,
2026-06-01 21:00:00,8400585.57,,
2026-06-01 22:00:00,8374331.79,,
2026-06-01 23:00:00,8468720.71,,
2026-06-02 00:00:00,8613783.76,,
2026-06-02 01:00:00,8459635.66,,
2026-06-02 02:00:00,8279240.40,,
2026-06-02 03:00:00,7923661.08,,
2026-06-02 04:00:00,7885931.82,,
2026-06-02 05:00:00,7608798.73,,
2026-06-02 06:00:00,8036686.27,,
2026-06-02 07:00:00,8175713.52,,
2026-06-02 08:00:00,8292827.94,,
2026-06-02 09:00:00,8347332.91,,
2026-06-02 10:00:00,7863263.86,,
2026-06-02 11:00:00,7832127.21,,
2026-06-02 12:00:00,7974579.66,,
2026-06-02 13:00:00,7969969.72,,
2026-06-02 14:00:00,7643007.03,,
2026-06-02 15:00:00,7341533.77,,
2026-06-02 16:00:00,7240613.82,,
2026-06-02 17:00:00,7214179.08,,
2026-06-02 18:00:00,7473949.53,,
2026-06-02 19:00:00,7377985.20,,
2026-06-02 20:00:00,7418345.72,,
2026-06-02 21:00:00,7403580.65,,
2026-06-02 22:00:00,7609443.16,,
2026-06-02 23:00:00,7445385.53,,
2026-06-03 00:00:00,7518687.15,,
2026-06-03 01:00:00,7678530.70,,
2026-06-03 02:00:00,7708272.31,,
2026-06-03 03:00:00,8000975.17,,
2026-06-03 04:00:00,8557814.73,,
2026-06-03 05:00:00,8217907.90,,
2026-06-03 06:00:00,8497550.21,,
2026-06-03 07:00:00,10309311.67,,
2026-06-03 08:00:00,10632572.52,,
2026-06-03 09:00:00,9212832.37,,
2026-06-03 10:00:00,9259005.20,,
2026-06-03 11:00:00,9250736.26,,
2026-06-03 12:00:00,9249965.54,,
2026-06-03 13:00:00,9512839.07,,
2026-06-03 14:00:00,9793458.39,,
2026-06-03 15:00:00,9775823.76,,
2026-06-03 16:00:00,9737702.20,,
2026-06-03 17:00:00,9200537.99,,
2026-06-03 18:00:00,9071002.87,,
2026-06-03 19:00:00,8469847.07,,
2026-06-03 20:00:00,8234803.83,,
2026-06-03 21:00:00,7973745.66,,
2026-06-03 22:00:00,8137227.86,,
2026-06-03 23:00:00,7913415.60,,
2026-06-04 00:00:00,9227022.19,,
2026-06-04 01:00:00,9205048.46,,
2026-06-04 02:00:00,8627709.15,,
2026-06-04 03:00:00,8717384.21,,
2026-06-04 04:00:00,10044071.12,,
2026-06-04 05:00:00,9231124.41,,
2026-06-04 06:00:00,9123613.81,,
2026-06-04 07:00:00,7492247.93,,
2026-06-04 08:00:00,7427052.12,,
2026-06-04 09:00:00,7692297.17,,
2026-06-04 10:00:00,6386241.65,,
2026-06-04 11:00:00,6346121.43,,
2026-06-04 12:00:00,6275422.57,,
2026-06-04 13:00:00,6179125.62,,
2026-06-04 14:00:00,6286902.27,,
2026-06-04 15:00:00,6085902.22,,
2026-06-04 16:00:00,6116839.89,,
2026-06-04 17:00:00,6139954.15,,
2026-06-04 18:00:00,6154724.08,,
2026-06-04 19:00:00,6136709.65,,
2026-06-04 20:00:00,6082986.07,,
2026-06-04 21:00:00,5719192.61,,
2026-06-04 22:00:00,5785343.64,,
2026-06-04 23:00:00,6277133.65,,
2026-06-05 00:00:00,5933503.34,,
2026-06-05 01:00:00,5808102.94,,
2026-06-05 02:00:00,6000436.45,,
2026-06-05 03:00:00,5982502.97,,
2026-06-05 04:00:00,5943573.20,,
2026-06-05 05:00:00,5967011.17,,
2026-06-05 06:00:00,5454007.18,,
2026-06-05 07:00:00,5521282.41,,
2026-06-05 08:00:00,5767186.73,,
2026-06-05 09:00:00,5743430.18,,
2026-06-05 10:00:00,5354467.69,,
2026-06-05 11:00:00,5287386.71,,
2026-06-05 12:00:00,5275176.93,,
2026-06-05 13:00:00,5281803.15,,
2026-06-05 14:00:00,5227074.73,,
2026-06-05 15:00:00,5358112.35,,
2026-06-05 16:00:00,5214317.53,,
2026-06-05 17:00:00,5313816.16,,
2026-06-05 18:00:00,5346124.89,,
2026-06-05 19:00:00,5195628.07,,
2026-06-05 20:00:00,5193001.28,,
2026-06-05 21:00:00,5270782.32,,
2026-06-05 22:00:00,5221363.07,,
2026-06-05 23:00:00,5193278.08,,
2026-06-06 00:00:00,5157194.14,,
2026-06-06 01:00:00,5230881.19,,
2026-06-06 02:00:00,5172771.11,,
2026-06-06 03:00:00,5084967.13,,
2026-06-06 04:00:00,5062273.03,,
2026-06-06 05:00:00,4831435.27,,
2026-06-06 06:00:00,4961755.36,,
2026-06-06 07:00:00,4901854.30,,
2026-06-06 08:00:00,4968049.65,,
2026-06-06 09:00:00,4973747.68,,
2026-06-06 10:00:00,4989042.85,,
2026-06-06 11:00:00,5041238.43,,
2026-06-06 12:00:00,5052265.78,,
2026-06-06 13:00:00,5101114.57,,
2026-06-06 14:00:00,5248080.35,,
2026-06-06 15:00:00,5205798.26,,
2026-06-06 16:00:00,5118131.78,,
2026-06-06 17:00:00,5061563.88,,
2026-06-06 18:00:00,4949067.91,,
2026-06-06 19:00:00,5012426.41,,
2026-06-06 20:00:00,4980158.53,,
2026-06-06 21:00:00,5049870.38,,
2026-06-06 22:00:00,5056613.10,,
2026-06-06 23:00:00,5070342.19,,
2026-06-07 00:00:00,5089868.84,,
2026-06-07 01:00:00,5189435.06,,
2026-06-07 02:00:00,5203749.30,,
2026-06-07 03:00:00,5465900.23,,
2026-06-07 04:00:00,5544116.89,,
2026-06-07 05:00:00,5411033.92,,
2026-06-07 06:00:00,5621987.16,,
2026-06-07 07:00:00,5516287.23,,
2026-06-07 08:00:00,5387591.85,,
2026-06-07 09:00:00,5586892.43,,
2026-06-07 10:00:00,5427428.24,,
2026-06-07 11:00:00,5371609.14,,
2026-06-07 12:00:00,5379067.17,,
2026-06-07 13:00:00,5335516.76,,
2026-06-07 14:00:00,5390609.40,,
2026-06-07 15:00:00,5429414.90,,
2026-06-07 16:00:00,5504014.91,,
2026-06-07 17:00:00,5538260.44,,
2026-06-07 18:00:00,5445086.50,,
2026-06-07 19:00:00,5377503.79,,
2026-06-07 20:00:00,5270399.53,,
2026-06-07 21:00:00,5333110.76,,
2026-06-07 22:00:00,5317009.82,,
2026-06-07 23:00:00,5422095.31,,
2026-06-08 00:00:00,5431693.23,,
2026-06-08 01:00:00,5450169.06,,
2026-06-08 02:00:00,5348518.42,,
2026-06-08 03:00:00,5339762.52,,
2026-06-08 04:00:00,5304622.29,,
2026-06-08 05:00:00,5222538.31,,
2026-06-08 06:00:00,5224317.59,,
2026-06-08 07:00:00,5241743.90,,
2026-06-08 08:00:00,5340213.62,,
2026-06-08 09:00:00,5466967.15,,
2026-06-08 10:00:00,5489316.63,,
2026-06-08 11:00:00,5468200.66,,
2026-06-08 12:00:00,5605449.94,,
2026-06-08 13:00:00,5583703.57,,
2026-06-08 14:00:00,5534572.14,,
2026-06-08 15:00:00,5497659.93,,
2026-06-08 16:00:00,5507800.87,,
2026-06-08 17:00:00,5487248.72,,
2026-06-08 18:00:00,5516172.90,,
2026-06-08 19:00:00,5508098.92,,
2026-06-08 20:00:00,5519165.52,,
2026-06-08 21:00:00,5537735.99,,
2026-06-08 22:00:00,5395056.49,,
2026-06-08 23:00:00,5259242.96,,
2026-06-09 00:00:00,5184165.17,,
2026-06-09 01:00:00,4980705.10,,
2026-06-09 02:00:00,5075592.23,,
2026-06-09 03:00:00,5038085.10,,
2026-06-09 04:00:00,5067524.81,,
2026-06-09 05:00:00,5177337.29,,
2026-06-09 06:00:00,5212138.08,,
2026-06-09 07:00:00,5169962.23,,
2026-06-09 08:00:00,5190862.39,,
2026-06-09 09:00:00,5130294.39,,
2026-06-09 10:00:00,5114554.57,,
2026-06-09 11:00:00,5093005.72,,
2026-06-09 12:00:00,5159446.20,,
2026-06-09 13:00:00,5187572.04,,
2026-06-09 14:00:00,5287165.89,,
2026-06-09 15:00:00,5143209.99,,
2026-06-09 16:00:00,5104603.07,,
2026-06-09 17:00:00,5158214.54,,
2026-06-09 18:00:00,5186956.13,,
2026-06-09 19:00:00,5195323.61,,
2026-06-09 20:00:00,5229283.92,,
2026-06-09 21:00:00,5296940.29,,
2026-06-09 22:00:00,5219778.90,,
2026-06-09 23:00:00,5217378.90,,
2026-06-10 00:00:00,5323416.72,,
2026-06-10 01:00:00,5341559.52,,
2026-06-10 02:00:00,5276235.40,,
2026-06-10 03:00:00,5118937.29,,
2026-06-10 04:00:00,5143336.03,,
2026-06-10 05:00:00,5089183.71,,
2026-06-10 06:00:00,5120714.73,,
2026-06-10 07:00:00,5112693.51,,
2026-06-10 08:00:00,5117487.22,,
2026-06-10 09:00:00,5103535.05,,
2026-06-10 10:00:00,5292976.66,,
2026-06-10 11:00:00,5391003.11,,
2026-06-10 12:00:00,5283818.73,,
2026-06-10 13:00:00,5231513.26,,
2026-06-10 14:00:00,5273885.30,,
2026-06-10 15:00:00,5258464.40,,
2026-06-10 16:00:00,5206925.84,,
2026-06-10 17:00:00,5170323.66,,
2026-06-10 18:00:00,5160065.17,,
2026-06-10 19:00:00,5126082.20,,
2026-06-10 20:00:00,5042602.24,,
2026-06-10 21:00:00,5024293.98,,
2026-06-10 22:00:00,4975544.74,,
2026-06-10 23:00:00,5015330.40,,
2026-06-11 00:00:00,5072301.70,,
2026-06-11 01:00:00,5264492.37,,
2026-06-11 02:00:00,5215950.81,,
2026-06-11 03:00:00,5241655.20,,
2026-06-11 04:00:00,5270029.92,,
2026-06-11 05:00:00,5238075.29,,
2026-06-11 06:00:00,5173833.27,,
2026-06-11 07:00:00,5150308.29,,
2026-06-11 08:00:00,5126019.45,,
2026-06-11 09:00:00,5177740.77,,
2026-06-11 10:00:00,5178471.40,,
2026-06-11 11:00:00,5225200.25,,
2026-06-11 12:00:00,5241176.79,,
2026-06-11 13:00:00,5287764.93,,
2026-06-11 14:00:00,5310729.73,,
2026-06-11 15:00:00,5495260.87,,
2026-06-11 16:00:00,5635598.80,,
2026-06-11 17:00:00,5565439.85,,
2026-06-11 18:00:00,5639154.05,,
2026-06-11 19:00:00,5710399.87,,
2026-06-11 20:00:00,5735763.92,,
2026-06-11 21:00:00,5771055.62,,
2026-06-11 22:00:00,5797129.35,,
2026-06-11 23:00:00,5820735.13,,
2026-06-12 00:00:00,5821161.85,,
2026-06-12 01:00:00,6080017.50,,
2026-06-12 02:00:00,6193461.96,,
2026-06-12 03:00:00,5940362.86,,
2026-06-12 04:00:00,5794209.87,,
2026-06-12 05:00:00,5705994.23,,
2026-06-12 06:00:00,5678084.32,,
2026-06-12 07:00:00,5556297.16,,
2026-06-12 08:00:00,5632551.54,,
2026-06-12 09:00:00,5683394.87,,
2026-06-12 10:00:00,5777231.77,,
2026-06-12 11:00:00,5845083.79,,
2026-06-12 12:00:00,5716370.32,,
2026-06-12 13:00:00,5725433.42,,
2026-06-12 14:00:00,5701677.15,,
2026-06-12 15:00:00,5716955.70,,
2026-06-12 16:00:00,5492881.74,,
2026-06-12 17:00:00,5512067.42,,
2026-06-12 18:00:00,5515094.81,,
2026-06-12 19:00:00,5457821.97,,
2026-06-12 20:00:00,5398302.17,,
2026-06-12 21:00:00,5385908.83,,
2026-06-12 22:00:00,5330054.41,,
2026-06-12 23:00:00,5369462.67,,
2026-06-13 00:00:00,5368832.91,,
2026-06-13 01:00:00,5393632.22,,
2026-06-13 02:00:00,5432552.79,,
2026-06-13 03:00:00,5486960.27,,
2026-06-13 04:00:00,5422098.94,,
2026-06-13 05:00:00,5346063.90,,
2026-06-13 06:00:00,5229165.66,,
2026-06-13 07:00:00,5265058.25,,
2026-06-13 08:00:00,5289876.62,,
2026-06-13 09:00:00,5295461.79,,
2026-06-13 10:00:00,5284280.56,,
2026-06-13 11:00:00,5352898.62,,
2026-06-13 12:00:00,5307405.27,,
2026-06-13 13:00:00,5332022.21,,
2026-06-13 14:00:00,5409636.30,,
2026-06-13 15:00:00,5508232.91,,
2026-06-13 16:00:00,6461091.60,,
2026-06-13 17:00:00,6462829.67,,
2026-06-13 18:00:00,6626114.94,,
2026-06-13 19:00:00,6523884.18,,
2026-06-13 20:00:00,6463286.23,,
2026-06-13 21:00:00,6295736.95,,
2026-06-13 22:00:00,6558776.28,,
2026-06-13 23:00:00,6142064.43,,
2026-06-14 00:00:00,6131837.57,,
2026-06-14 01:00:00,6124125.61,,
2026-06-14 02:00:00,6424915.04,,
2026-06-14 03:00:00,6400623.15,,
2026-06-14 04:00:00,6260633.59,,
2026-06-14 05:00:00,6212447.01,,
2026-06-14 06:00:00,5749326.94,,
2026-06-14 07:00:00,5770812.03,,
2026-06-14 08:00:00,5849080.60,,
2026-06-14 09:00:00,5832672.84,,
2026-06-14 10:00:00,5825077.81,,
2026-06-14 11:00:00,5796649.05,,
2026-06-14 12:00:00,5811580.59,,
2026-06-14 13:00:00,5822771.67,,
2026-06-14 14:00:00,5669708.99,,
2026-06-14 15:00:00,5545537.82,,
2026-06-14 16:00:00,5537098.21,,
2026-06-14 17:00:00,5568766.98,,
2026-06-14 18:00:00,5600848.93,,
2026-06-14 19:00:00,5522458.09,,
2026-06-14 20:00:00,5524991.31,,
2026-06-14 21:00:00,5571771.36,,
2026-06-14 22:00:00,5716127.92,,
2026-06-14 23:00:00,5655290.97,,
2026-06-15 00:00:00,5687321.84,,
2026-06-15 01:00:00,5677924.08,,
2026-06-15 02:00:00,5713506.05,,
2026-06-15 03:00:00,5698592.70,,
2026-06-15 04:00:00,5710706.42,,
2026-06-15 05:00:00,5609172.98,,
2026-06-15 06:00:00,5590350.77,,
2026-06-15 07:00:00,5539009.61,,
2026-06-15 08:00:00,5528942.76,,
2026-06-15 09:00:00,5571224.15,,
2026-06-15 10:00:00,5683861.23,,
2026-06-15 11:00:00,5701802.05,,
2026-06-15 12:00:00,5714352.69,,
2026-06-15 13:00:00,5762732.45,,
2026-06-15 14:00:00,5777444.23,,
2026-06-15 15:00:00,5797878.60,,
2026-06-15 16:00:00,5818186.88,,
2026-06-15 17:00:00,5779608.93,,
2026-06-15 18:00:00,5819357.94,,
2026-06-15 19:00:00,5824119.57,,
2026-06-15 20:00:00,5787931.41,,
2026-06-15 21:00:00,5794042.15,,
2026-06-15 22:00:00,5730852.72,,
2026-06-15 23:00:00,5674288.75,,
2026-06-16 00:00:00,5697343.96,,
2026-06-16 01:00:00,5678298.81,,
2026-06-16 02:00:00,5630587.96,,
2026-06-16 03:00:00,5315767.27,,
2026-06-16 04:00:00,5377523.60,,
2026-06-16 05:00:00,5296504.86,,
2026-06-16 06:00:00,5318859.35,,
2026-06-16 07:00:00,5389754.58,,
2026-06-16 08:00:00,5440703.28,,
2026-06-16 09:00:00,5513197.12,,
2026-06-16 10:00:00,5550077.94,,
2026-06-16 11:00:00,5466987.35,,
2026-06-16 12:00:00,5478924.34,,
2026-06-16 13:00:00,5481989.97,,
2026-06-16 14:00:00,5456476.90,,
2026-06-16 15:00:00,5426285.81,,
2026-06-16 16:00:00,5474613.51,,
2026-06-16 17:00:00,5463284.76,,
2026-06-16 18:00:00,5510648.62,,
2026-06-16 19:00:00,5486554.29,,
2026-06-16 20:00:00,5444341.01,,
2026-06-16 21:00:00,5466215.10,,
2026-06-16 22:00:00,5491250.14,,
2026-06-16 23:00:00,5498428.74,,
2026-06-17 00:00:00,5427371.98,,
2026-06-17 01:00:00,5474018.51,,
2026-06-17 02:00:00,5522861.37,,
2026-06-17 03:00:00,5486691.67,,
2026-06-17 04:00:00,5491428.80,,
2026-06-17 05:00:00,5639921.91,,
2026-06-17 06:00:00,5602551.28,,
2026-06-17 07:00:00,5570399.85,,
2026-06-17 08:00:00,5559233.29,,
2026-06-17 09:00:00,5523558.78,,
2026-06-17 10:00:00,5606862.94,,
2026-06-17 11:00:00,5629830.79,,
2026-06-17 12:00:00,5566592.42,,
2026-06-17 13:00:00,5629462.75,,
2026-06-17 14:00:00,5684311.06,,
2026-06-17 15:00:00,5651158.78,,
2026-06-17 16:00:00,5685792.61,,
2026-06-17 17:00:00,5632310.48,,
2026-06-17 18:00:00,5563071.07,,
2026-06-17 19:00:00,5508983.85,,
2026-06-17 20:00:00,5430966.38,,
2026-06-17 21:00:00,5480849.97,,
2026-06-17 22:00:00,5453782.44,,
2026-06-17 23:00:00,5491153.01,,
2026-06-18 00:00:00,5603576.18,,
2026-06-18 01:00:00,5644263.16,,
2026-06-18 02:00:00,5552002.51,,
2026-06-18 03:00:00,5565056.42,,
2026-06-18 04:00:00,5629362.35,,
2026-06-18 05:00:00,5540742.16,,
2026-06-18 06:00:00,5529324.03,,
2026-06-18 07:00:00,5584414.08,,
2026-06-18 08:00:00,5598970.52,,
2026-06-18 09:00:00,5677680.40,,
2026-06-18 10:00:00,5632194.38,,
2026-06-18 11:00:00,5570337.77,,
2026-06-18 12:00:00,5516379.90,,
2026-06-18 13:00:00,5511252.69,,
2026-06-18 14:00:00,5442337.46,,
2026-06-18 15:00:00,5423874.94,,
2026-06-18 16:00:00,5112495.63,,
2026-06-18 17:00:00,5252649.06,,
2026-06-18 18:00:00,5329314.93,,
2026-06-18 19:00:00,5319934.67,,
2026-06-18 20:00:00,5305312.00,,
2026-06-18 21:00:00,5379178.45,,
2026-06-18 22:00:00,5331834.23,,
2026-06-18 23:00:00,5353706.23,,
2026-06-19 00:00:00,5349116.56,,
2026-06-19 01:00:00,5329762.00,,
2026-06-19 02:00:00,5375754.58,,
2026-06-19 03:00:00,5446250.30,,
2026-06-19 04:00:00,5424220.62,,
2026-06-19 05:00:00,5414777.43,,
2026-06-19 06:00:00,5399604.99,,
2026-06-19 07:00:00,5400462.09,,
2026-06-19 08:00:00,5342586.11,,
2026-06-19 09:00:00,5336604.30,,
2026-06-19 10:00:00,5279676.53,,
2026-06-19 11:00:00,5311109.94,,
2026-06-19 12:00:00,5299075.60,,
2026-06-19 13:00:00,5355195.02,,
2026-06-19 14:00:00,5361427.23,,
2026-06-19 15:00:00,5355920.58,,
2026-06-19 16:00:00,5365800.73,,
2026-06-19 17:00:00,5314701.85,,
2026-06-19 18:00:00,5382908.23,,
2026-06-19 19:00:00,5343116.86,,
2026-06-19 20:00:00,5344913.37,,
2026-06-19 21:00:00,5334763.80,,
2026-06-19 22:00:00,5291530.25,,
2026-06-19 23:00:00,5333323.00,,
2026-06-20 00:00:00,5343573.54,,
2026-06-20 01:00:00,5312502.36,,
2026-06-20 02:00:00,5337658.53,,
2026-06-20 03:00:00,5310781.02,,
2026-06-20 04:00:00,5338372.56,,
2026-06-20 05:00:00,5323697.43,,
2026-06-20 06:00:00,5334030.24,,
2026-06-20 07:00:00,5343672.19,,
2026-06-20 08:00:00,5273363.41,,
2026-06-20 09:00:00,5307036.95,,
2026-06-20 10:00:00,5353900.13,,
2026-06-20 11:00:00,5289583.52,,
2026-06-20 12:00:00,5272418.68,,
2026-06-20 13:00:00,5283205.71,,
2026-06-20 14:00:00,5232509.95,,
2026-06-20 15:00:00,5320352.45,,
2026-06-20 16:00:00,5358571.37,,
2026-06-20 17:00:00,5414366.06,,
2026-06-20 18:00:00,5373001.57,,
2026-06-20 19:00:00,5354218.20,,
2026-06-20 20:00:00,5382155.19,,
2026-06-20 21:00:00,5385983.52,,
2026-06-20 22:00:00,5379705.58,,
2026-06-20 23:00:00,5403707.94,,
2026-06-21 00:00:00,5409613.04,,
2026-06-21 01:00:00,5432468.88,,
2026-06-21 02:00:00,5419543.42,,
2026-06-21 03:00:00,5418259.41,,
2026-06-21 04:00:00,5422988.55,,
2026-06-21 05:00:00,5373980.55,,
2026-06-21 06:00:00,5360581.85,,
2026-06-21 07:00:00,5395118.26,,
2026-06-21 08:00:00,5371626.08,,
2026-06-21 09:00:00,5332022.02,,
2026-06-21 10:00:00,5338599.33,,
2026-06-21 11:00:00,5316800.85,,
2026-06-21 12:00:00,5275420.60,,
2026-06-21 13:00:00,5290949.46,,
2026-06-21 14:00:00,5321995.64,,
2026-06-21 15:00:00,5270813.11,,
2026-06-21 16:00:00,5283215.90,,
2026-06-21 17:00:00,5300167.97,,
2026-06-21 18:00:00,5329315.72,,
2026-06-21 19:00:00,5321957.26,,
2026-06-21 20:00:00,5308679.99,,
2026-06-21 21:00:00,5312136.98,,
2026-06-21 22:00:00,5280588.30,,
2026-06-21 23:00:00,5256011.82,,
2026-06-22 00:00:00,5234574.47,,
2026-06-22 01:00:00,5287456.81,,
2026-06-22 02:00:00,5335347.07,,
2026-06-22 03:00:00,5299571.40,,
2026-06-22 04:00:00,5285320.27,,
2026-06-22 05:00:00,5304894.79,,
2026-06-22 06:00:00,5261409.58,,
2026-06-22 07:00:00,5271817.43,,
2026-06-22 08:00:00,5370762.88,,
2026-06-22 09:00:00,5389841.63,,
2026-06-22 10:00:00,5342614.15,,
2026-06-22 11:00:00,5338935.81,,
2026-06-22 12:00:00,5348070.98,,
2026-06-22 13:00:00,5362976.82,,
2026-06-22 14:00:00,5356268.68,,
2026-06-22 15:00:00,5349884.72,,
2026-06-22 16:00:00,5332969.38,,
2026-06-22 17:00:00,5312518.60,,
2026-06-22 18:00:00,5310018.18,,
2026-06-22 19:00:00,5300703.26,,
2026-06-22 20:00:00,5440320.96,,
2026-06-22 21:00:00,5481455.35,,
2026-06-22 22:00:00,5483255.49,,
2026-06-22 23:00:00,5466698.62,,
2026-06-23 00:00:00,5484049.14,,
2026-06-23 01:00:00,5402212.57,,
2026-06-23 02:00:00,5376291.02,,
2026-06-23 03:00:00,5357798.52,,
2026-06-23 04:00:00,5354544.52,,
2026-06-23 05:00:00,5291626.85,,
2026-06-23 06:00:00,5240527.60,,
2026-06-23 07:00:00,5029453.22,,
2026-06-23 08:00:00,5036547.15,,
2026-06-23 09:00:00,4932129.34,,
2026-06-23 10:00:00,4973345.99,,
2026-06-23 11:00:00,5050505.80,,
2026-06-23 12:00:00,5060207.54,,
2026-06-23 13:00:00,5063938.25,,
2026-06-23 14:00:00,5097733.58,,
2026-06-23 15:00:00,5080467.40,,
2026-06-23 16:00:00,5085693.13,,
2026-06-23 17:00:00,5088185.29,,
2026-06-23 18:00:00,5093493.83,,
2026-06-23 19:00:00,5127993.42,,
2026-06-23 20:00:00,5112650.99,,
2026-06-23 21:00:00,5108068.65,,
2026-06-23 22:00:00,5128606.79,,
2026-06-23 23:00:00,5073894.23,,
2026-06-24 00:00:00,5083589.83,,
2026-06-24 01:00:00,5127076.57,,
2026-06-24 02:00:00,5146164.59,,
2026-06-24 03:00:00,5079592.74,,
2026-06-24 04:00:00,5062267.73,,
2026-06-24 05:00:00,5123064.74,,
2026-06-24 06:00:00,5144995.51,,
2026-06-24 07:00:00,5096572.26,,
2026-06-24 08:00:00,5124331.47,,
2026-06-24 09:00:00,5086734.24,,
2026-06-24 10:00:00,5058139.06,,
2026-06-24 11:00:00,5028015.41,,
2026-06-24 12:00:00,5039721.12,,
2026-06-24 13:00:00,4994985.21,,
2026-06-24 14:00:00,4853625.08,,
2026-06-24 15:00:00,4865277.92,,
2026-06-24 16:00:00,4744806.91,,
2026-06-24 17:00:00,4462248.41,,
2026-06-24 18:00:00,4318565.62,,
2026-06-24 19:00:00,4416357.74,,
2026-06-24 20:00:00,4500643.40,,
2026-06-24 21:00:00,4508145.03,,
2026-06-24 22:00:00,4544305.26,,
2026-06-24 23:00:00,4544642.85,,
2026-06-25 00:00:00,4624130.02,,
2026-06-25 01:00:00,4652893.27,,
2026-06-25 02:00:00,4660690.36,,
2026-06-25 03:00:00,4598293.00,,
2026-06-25 04:00:00,4534929.95,,
2026-06-25 05:00:00,4572560.39,,
2026-06-25 06:00:00,4540596.37,,
2026-06-25 07:00:00,4529358.97,,
2026-06-25 08:00:00,4621760.14,,
2026-06-25 09:00:00,4582156.99,,
2026-06-25 10:00:00,4542294.37,,
2026-06-25 11:00:00,4514715.41,,
2026-06-25 12:00:00,4540269.96,,
2026-06-25 13:00:00,4570357.61,,
2026-06-25 14:00:00,4204252.38,,
2026-06-25 15:00:00,4341660.60,,
2026-06-25 16:00:00,4369155.08,,
2026-06-25 17:00:00,4352226.74,,
2026-06-25 18:00:00,4389016.40,,
2026-06-25 19:00:00,4372048.15,,
2026-06-25 20:00:00,4389621.38,,
2026-06-25 21:00:00,4380402.38,,
2026-06-25 22:00:00,4425628.60,,
2026-06-25 23:00:00,4419643.24,,
2026-06-26 00:00:00,4435461.29,,
2026-06-26 01:00:00,4419757.82,,
2026-06-26 02:00:00,4421366.43,,
2026-06-26 03:00:00,4321261.44,,
2026-06-26 04:00:00,4434267.76,,
2026-06-26 05:00:00,4440227.30,,
2026-06-26 06:00:00,4461432.81,,
2026-06-26 07:00:00,4478893.95,,
2026-06-26 08:00:00,4503988.85,,
2026-06-26 09:00:00,4466474.81,,
2026-06-26 10:00:00,4439680.56,,
2026-06-26 11:00:00,4435422.55,,
2026-06-26 12:00:00,4501801.92,,
2026-06-26 13:00:00,4528096.98,,
2026-06-26 14:00:00,4591375.34,,
2026-06-26 15:00:00,4548618.83,,
2026-06-26 16:00:00,4561579.95,,
2026-06-26 17:00:00,4572368.98,,
2026-06-26 18:00:00,4560819.75,,
2026-06-26 19:00:00,4528440.53,,
2026-06-26 20:00:00,4515582.70,,
2026-06-26 21:00:00,4489358.73,,
2026-06-26 22:00:00,4476374.61,,
2026-06-26 23:00:00,4488654.95,,
2026-06-27 00:00:00,4484161.29,,
2026-06-27 01:00:00,4498355.46,,
2026-06-27 02:00:00,4546520.34,,
2026-06-27 03:00:00,4565520.62,,
2026-06-27 04:00:00,4554887.44,,
2026-06-27 05:00:00,4534020.80,,
2026-06-27 06:00:00,4530058.64,,
2026-06-27 07:00:00,4505015.89,,
2026-06-27 08:00:00,4558416.67,,
2026-06-27 09:00:00,4575277.34,,
2026-06-27 10:00:00,4789009.20,,
2026-06-27 11:00:00,4742194.57,,
2026-06-27 12:00:00,4688677.87,,
2026-06-27 13:00:00,4521484.55,,
2026-06-27 14:00:00,4537690.04,,
2026-06-27 15:00:00,4556633.22,,
2026-06-27 16:00:00,4534975.20,,
2026-06-27 17:00:00,4561906.22,,
2026-06-27 18:00:00,4542906.30,,
2026-06-27 19:00:00,4577420.02,,
2026-06-27 20:00:00,4559210.63,,
2026-06-27 21:00:00,4540250.48,,
2026-06-27 22:00:00,4528745.52,,
2026-06-27 23:00:00,4519673.60,,
2026-06-28 00:00:00,4501917.65,,
2026-06-28 01:00:00,4527980.83,,
2026-06-28 02:00:00,4599134.17,,
2026-06-28 03:00:00,4572932.28,,
2026-06-28 04:00:00,4545859.96,,
2026-06-28 05:00:00,4549700.01,,
2026-06-28 06:00:00,4581727.53,,
2026-06-28 07:00:00,4572571.96,,
2026-06-28 08:00:00,4585004.51,,
2026-06-28 09:00:00,4554134.70,,
2026-06-28 10:00:00,4534985.37,,
2026-06-28 11:00:00,4578702.34,,
2026-06-28 12:00:00,4571625.56,,
2026-06-28 13:00:00,4546851.54,,
2026-06-28 14:00:00,4549963.16,,
2026-06-28 15:00:00,4543407.89,,
2026-06-28 16:00:00,4555603.65,,
2026-06-28 17:00:00,4509076.57,,
2026-06-28 18:00:00,4480587.70,,
2026-06-28 19:00:00,4446647.08,,
2026-06-28 20:00:00,4438799.52,,
2026-06-28 21:00:00,4442407.30,,
2026-06-28 22:00:00,4383733.15,,
2026-06-28 23:00:00,4354669.07,,
2026-06-29 00:00:00,4391663.18,,
2026-06-29 01:00:00,4412891.94,,
2026-06-29 02:00:00,4358064.88,,
2026-06-29 03:00:00,4386743.73,,
2026-06-29 04:00:00,4420707.86,,
2026-06-29 05:00:00,4420474.71,,
2026-06-29 06:00:00,4450294.40,,
2026-06-29 07:00:00,4443529.90,,
2026-06-29 08:00:00,4441819.66,,
2026-06-29 09:00:00,4487935.98,,
2026-06-29 10:00:00,4480555.44,,
2026-06-29 11:00:00,4485856.17,,
2026-06-29 12:00:00,4479387.23,,
2026-06-29 13:00:00,4505503.63,,
2026-06-29 14:00:00,4475313.65,,
2026-06-29 15:00:00,4479734.36,,
2026-06-29 16:00:00,4459244.19,,
2026-06-29 17:00:00,4464865.28,,
2026-06-29 18:00:00,4517024.13,,
2026-06-29 19:00:00,4505649.55,,
2026-06-29 20:00:00,4499774.28,,
2026-06-29 21:00:00,4488027.43,,
2026-06-29 22:00:00,4505335.21,,
2026-06-29 23:00:00,4474621.77,,
2026-06-30 00:00:00,4459170.75,,
2026-06-30 01:00:00,4417482.23,,
2026-06-30 02:00:00,4415155.64,,
2026-06-30 03:00:00,4402219.74,,
2026-06-30 04:00:00,4431469.40,,
2026-06-30 05:00:00,4483204.74,,
2026-06-30 06:00:00,4459218.24,,
2026-06-30 07:00:00,4464772.96,,
2026-06-30 08:00:00,4499292.64,,
2026-06-30 09:00:00,4462908.73,,
2026-06-30 10:00:00,4521733.64,,
2026-06-30 11:00:00,4505998.65,,
2026-06-30 12:00:00,4447736.29,,
2026-06-30 13:00:00,4321501.33,,
2026-06-30 14:00:00,4375900.16,,
2026-06-30 15:00:00,4389962.09,,
2026-06-30 16:00:00,4390723.28,,
2026-06-30 17:00:00,4404345.37,,
2026-06-30 18:00:00,4379292.31,,
2026-06-30 19:00:00,4415709.03,,
2026-06-30 20:00:00,4403860.71,,
2026-06-30 21:00:00,4349633.60,,
2026-06-30 22:00:00,4350358.70,,
2026-06-30 23:00:00,4361545.56,,
2026-07-01 00:00:00,4377558.72,,
2026-07-01 01:00:00,4420867.44,,
2026-07-01 02:00:00,4426760.60,,
2026-07-01 03:00:00,4426954.66,,
2026-07-01 04:00:00,4455935.08,,
2026-07-01 05:00:00,4447552.25,,
2026-07-01 06:00:00,4435508.90,,
2026-07-01 07:00:00,4362027.24,,
2026-07-01 08:00:00,4376785.02,,
2026-07-01 09:00:00,4379899.02,,
2026-07-01 10:00:00,4347227.11,,
2026-07-01 11:00:00,4359400.38,,
2026-07-01 12:00:00,4398645.81,,
2026-07-01 13:00:00,4463503.36,,
2026-07-01 14:00:00,4536920.80,,
2026-07-01 15:00:00,4576760.77,,
2026-07-01 16:00:00,4599284.14,,
2026-07-01 17:00:00,4598549.95,,
2026-07-01 18:00:00,4563508.85,,
2026-07-01 19:00:00,4513587.71,,
2026-07-01 20:00:00,4495364.04,,
2026-07-01 21:00:00,4492462.29,,
2026-07-01 22:00:00,4545128.49,,
2026-07-01 23:00:00,4554309.29,,
2026-07-02 00:00:00,4511229.54,,
2026-07-02 01:00:00,4488837.96,,
2026-07-02 02:00:00,4512661.04,,
2026-07-02 03:00:00,4506980.99,,
2026-07-02 04:00:00,4534341.82,,
2026-07-02 05:00:00,4517295.12,,
2026-07-02 06:00:00,4535713.26,,
2026-07-02 07:00:00,4520532.41,,
2026-07-02 08:00:00,4498995.92,,
2026-07-02 09:00:00,4510222.39,,
2026-07-02 10:00:00,4517859.25,,
2026-07-02 11:00:00,4483299.70,,
2026-07-02 12:00:00,4479969.74,,
2026-07-02 13:00:00,4472533.01,,
2026-07-02 14:00:00,4513447.36,,
2026-07-02 15:00:00,4456541.60,,
2026-07-02 16:00:00,4441786.04,,
2026-07-02 17:00:00,4428322.60,,
2026-07-02 18:00:00,4412552.61,,
2026-07-02 19:00:00,4376498.84,,
2026-07-02 20:00:00,4426433.34,,
2026-07-02 21:00:00,4435464.61,,
2026-07-02 22:00:00,4448307.08,,
2026-07-02 23:00:00,4456389.25,,
2026-07-03 00:00:00,4455134.12,,
2026-07-03 01:00:00,4449416.96,,
2026-07-03 02:00:00,4461964.78,,
2026-07-03 03:00:00,4444217.40,,
2026-07-03 04:00:00,4442628.90,,
2026-07-03 05:00:00,4452856.49,,
2026-07-03 06:00:00,4467870.96,,
2026-07-03 07:00:00,4455623.09,,
2026-07-03 08:00:00,4458832.85,,
2026-07-03 09:00:00,4471239.23,,
2026-07-03 10:00:00,4432506.64,,
2026-07-03 11:00:00,4439885.26,,
2026-07-03 12:00:00,4456392.09,,
2026-07-03 13:00:00,4444183.60,,
2026-07-03 14:00:00,4461763.37,,
2026-07-03 15:00:00,4456340.60,,
2026-07-03 16:00:00,4460915.94,,
2026-07-03 17:00:00,4471116.26,,
2026-07-03 18:00:00,4504278.43,,
2026-07-03 19:00:00,4483767.02,,
2026-07-03 20:00:00,4492190.52,,
2026-07-03 21:00:00,4542899.54,,
2026-07-03 22:00:00,4485181.22,,
2026-07-03 23:00:00,4480408.09,,
2026-07-04 00:00:00,4437918.76,,
2026-07-04 01:00:00,4418627.14,,
2026-07-04 02:00:00,4417044.99,,
2026-07-04 03:00:00,4414008.91,,
2026-07-04 04:00:00,4432345.47,,
2026-07-04 05:00:00,4421385.86,,
2026-07-04 06:00:00,4415644.76,,
2026-07-04 07:00:00,4539836.06,,
2026-07-04 08:00:00,4549497.05,,
2026-07-04 09:00:00,4511822.63,,
2026-07-04 10:00:00,4514448.78,,
2026-07-04 11:00:00,4495884.47,,
2026-07-04 12:00:00,4658775.98,,
2026-07-04 13:00:00,4635799.03,,
2026-07-04 14:00:00,4699587.88,,
2026-07-04 15:00:00,4730819.64,,
2026-07-04 16:00:00,4680353.53,,
2026-07-04 17:00:00,4627691.48,,
2026-07-04 18:00:00,4631271.98,,
2026-07-04 19:00:00,4611862.01,,
2026-07-04 20:00:00,4597491.69,,
2026-07-04 21:00:00,4609338.09,,
2026-07-04 22:00:00,4599854.66,,
2026-07-04 23:00:00,4588181.21,,
2026-07-05 00:00:00,4536368.20,,
2026-07-05 01:00:00,4530182.18,,
2026-07-05 02:00:00,4513732.81,,
2026-07-05 03:00:00,4478149.98,,
2026-07-05 04:00:00,4472660.27,,
2026-07-05 05:00:00,4461640.37,,
2026-07-05 06:00:00,4443093.78,,
2026-07-05 07:00:00,4432284.06,,
2026-07-05 08:00:00,4444281.07,,
2026-07-05 09:00:00,4464417.28,,
2026-07-05 10:00:00,4422509.70,,
2026-07-05 11:00:00,4427474.90,,
2026-07-05 12:00:00,4438220.49,,
2026-07-05 13:00:00,4453943.08,,
2026-07-05 14:00:00,4460498.94,,
2026-07-05 15:00:00,4432641.95,,
2026-07-05 16:00:00,4444920.35,,
2026-07-05 17:00:00,4439069.82,,
2026-07-05 18:00:00,4451565.22,,
2026-07-05 19:00:00,4429882.95,,
2026-07-05 20:00:00,4431818.45,,
2026-07-05 21:00:00,4439160.03,,
2026-07-05 22:00:00,4459264.75,,
2026-07-05 23:00:00,4481191.02,,
2026-07-06 00:00:00,4461441.21,,
2026-07-06 01:00:00,4477076.99,,
2026-07-06 02:00:00,4450946.44,,
2026-07-06 03:00:00,4426702.35,,
2026-07-06 04:00:00,4409226.76,,
2026-07-06 05:00:00,4402397.12,,
2026-07-06 06:00:00,4354444.55,,
2026-07-06 07:00:00,4334792.98,,
2026-07-06 08:00:00,4356964.90,,
2026-07-06 09:00:00,4371476.74,,
2026-07-06 10:00:00,4365442.18,,
2026-07-06 11:00:00,4368180.13,,
2026-07-06 12:00:00,4356212.51,,
2026-07-06 13:00:00,4279945.02,,
2026-07-06 14:00:00,4310654.58,,
2026-07-06 15:00:00,4311558.21,,
2026-07-06 16:00:00,4377285.21,,
2026-07-06 17:00:00,4381470.70,,
2026-07-06 18:00:00,4386445.56,,
2026-07-06 19:00:00,4420985.98,,
2026-07-06 20:00:00,4395334.15,,
2026-07-06 21:00:00,4403630.84,,
2026-07-06 22:00:00,4434886.39,,
2026-07-06 23:00:00,4428070.20,,
2026-07-07 00:00:00,4419389.04,,
2026-07-07 01:00:00,4418844.53,,
2026-07-07 02:00:00,4386157.30,,
2026-07-07 03:00:00,4383741.13,,
2026-07-07 04:00:00,4350735.13,,
2026-07-07 05:00:00,4318975.78,,
2026-07-07 06:00:00,4348911.08,,
2026-07-07 07:00:00,4361477.88,,
2026-07-07 08:00:00,4326646.49,,
2026-07-07 09:00:00,4312230.94,,
2026-07-07 10:00:00,4297649.09,,
2026-07-07 11:00:00,4316771.35,,
2026-07-07 12:00:00,4321663.86,,
2026-07-07 13:00:00,4316968.32,,
2026-07-07 14:00:00,4272387.32,,
2026-07-07 15:00:00,4279648.99,,
2026-07-07 16:00:00,4313679.16,,
2026-07-07 17:00:00,4323438.15,,
2026-07-07 18:00:00,4285034.70,,
2026-07-07 19:00:00,4209254.99,,
2026-07-07 20:00:00,4205411.28,,
2026-07-07 21:00:00,4211594.19,,
2026-07-07 22:00:00,4226577.06,,
2026-07-07 23:00:00,4224033.74,,
2026-07-08 00:00:00,4256285.83,,
2026-07-08 01:00:00,4398067.92,,
2026-07-08 02:00:00,4435262.21,,
2026-07-08 03:00:00,4513114.92,,
2026-07-08 04:00:00,4710221.59,,
2026-07-08 05:00:00,4641150.98,,
2026-07-08 06:00:00,4718362.90,,
2026-07-08 07:00:00,4632121.96,,
2026-07-08 08:00:00,4608357.61,,
2026-07-08 09:00:00,4361638.49,,
2026-07-08 10:00:00,4288670.04,,
2026-07-08 11:00:00,4346465.56,,
2026-07-08 12:00:00,4425803.73,,
2026-07-08 13:00:00,4420532.49,,
2026-07-08 14:00:00,4408173.75,,
2026-07-08 15:00:00,4214518.69,,
2026-07-08 16:00:00,4148757.53,,
2026-07-08 17:00:00,4199713.04,,
2026-07-08 18:00:00,4235351.46,,
2026-07-08 19:00:00,4220508.07,,
2026-07-08 20:00:00,4274716.97,,
2026-07-08 21:00:00,4241941.16,,
2026-07-08 22:00:00,4248236.56,,
2026-07-08 23:00:00,4228909.38,,
2026-07-09 00:00:00,4218336.03,,
2026-07-09 01:00:00,4173428.78,,
2026-07-09 02:00:00,4195169.79,,
2026-07-09 03:00:00,4144164.40,,
2026-07-09 04:00:00,4185461.25,,
2026-07-09 05:00:00,4264421.27,,
2026-07-09 06:00:00,4269272.04,,
2026-07-09 07:00:00,4262369.23,,
2026-07-09 08:00:00,4271487.85,,
2026-07-09 09:00:00,4287971.34,,
2026-07-09 10:00:00,4238598.04,,
2026-07-09 11:00:00,4223124.67,,
2026-07-09 12:00:00,4234763.46,,
2026-07-09 13:00:00,4201436.82,,
2026-07-09 14:00:00,4224829.90,,
2026-07-09 15:00:00,4154730.07,,
2026-07-09 16:00:00,4163901.83,,
2026-07-09 17:00:00,4136014.58,,
2026-07-09 18:00:00,4163870.75,,
2026-07-09 19:00:00,4177852.52,,
2026-07-09 20:00:00,4189090.89,,
2026-07-09 21:00:00,4181229.04,,
2026-07-09 22:00:00,4146996.74,,
2026-07-09 23:00:00,4160609.49,,
2026-07-10 00:00:00,4166655.46,,
2026-07-10 01:00:00,4175349.90,,
2026-07-10 02:00:00,4219106.75,,
2026-07-10 03:00:00,4211706.26,,
2026-07-10 04:00:00,4193071.97,,
2026-07-10 05:00:00,4174986.02,,
2026-07-10 06:00:00,4176527.15,,
2026-07-10 07:00:00,4154909.14,,
2026-07-10 08:00:00,4165981.35,,
2026-07-10 09:00:00,4161736.25,,
2026-07-10 10:00:00,4174745.99,,
2026-07-10 11:00:00,4165256.81,,
2026-07-10 12:00:00,4155678.48,,
2026-07-10 13:00:00,4199048.26,,
2026-07-10 14:00:00,4210406.53,,
2026-07-10 15:00:00,4201841.20,,
2026-07-10 16:00:00,4197241.94,,
2026-07-10 17:00:00,4235641.91,,
2026-07-10 18:00:00,4233655.33,,
2026-07-10 19:00:00,4214894.75,,
2026-07-10 20:00:00,4211108.12,,
2026-07-10 21:00:00,4191872.10,,
2026-07-10 22:00:00,4228168.62,,
2026-07-10 23:00:00,4235434.27,,
2026-07-11 00:00:00,4222724.84,,
2026-07-11 01:00:00,4313239.54,,
2026-07-11 02:00:00,4264261.66,,
2026-07-11 03:00:00,4291540.30,,
2026-07-11 04:00:00,4249518.45,,
2026-07-11 05:00:00,4225068.42,,
2026-07-11 06:00:00,4211719.66,,
2026-07-11 07:00:00,4195428.38,,
2026-07-11 08:00:00,4211989.10,,
2026-07-11 09:00:00,4191089.44,,
2026-07-11 10:00:00,4189405.36,,
2026-07-11 11:00:00,4206935.73,,
2026-07-11 12:00:00,4214238.31,,
2026-07-11 13:00:00,4204411.88,,
2026-07-11 14:00:00,4196354.53,,
2026-07-11 15:00:00,4193579.05,,
2026-07-11 16:00:00,4165884.03,,
2026-07-11 17:00:00,4153753.22,,
2026-07-11 18:00:00,4155304.50,,
2026-07-11 19:00:00,4151700.89,,
2026-07-11 20:00:00,4144633.97,,
2026-07-11 21:00:00,4141579.57,,
2026-07-11 22:00:00,4132912.78,,
2026-07-11 23:00:00,4146246.23,,
2026-07-12 00:00:00,4107677.37,,
2026-07-12 01:00:00,4117628.15,,
2026-07-12 02:00:00,4066117.02,,
2026-07-12 03:00:00,4102171.56,,
2026-07-12 04:00:00,4120797.04,,
2026-07-12 05:00:00,4110207.78,,
2026-07-12 06:00:00,4096366.98,,
2026-07-12 07:00:00,4057780.31,,
2026-07-12 08:00:00,4050032.24,,
2026-07-12 09:00:00,4059384.04,,
2026-07-12 10:00:00,4060757.53,,
2026-07-12 11:00:00,4061722.61,,
2026-07-12 12:00:00,4054411.43,,
2026-07-12 13:00:00,4045544.47,,
2026-07-12 14:00:00,4034571.77,,
2026-07-12 15:00:00,4082533.88,,
2026-07-12 16:00:00,4128351.46,,
2026-07-12 17:00:00,4094945.13,,
2026-07-12 18:00:00,4086516.79,,
2026-07-12 19:00:00,4100651.59,,
2026-07-12 20:00:00,4087259.75,,
2026-07-12 21:00:00,4058251.94,,
2026-07-12 22:00:00,4069350.28,,
2026-07-12 23:00:00,4049721.74,,
2026-07-13 00:00:00,4038561.82,,
2026-07-13 01:00:00,4064529.74,,
2026-07-13 02:00:00,3964375.68,,
2026-07-13 03:00:00,3964802.09,,
2026-07-13 04:00:00,3908922.50,,
2026-07-13 05:00:00,3913368.70,,
2026-07-13 06:00:00,3938918.15,,
2026-07-13 07:00:00,3946479.29,,
2026-07-13 08:00:00,3928834.24,,
2026-07-13 09:00:00,3938371.81,,
2026-07-13 10:00:00,3913719.52,,
2026-07-13 11:00:00,3884978.59,,
2026-07-13 12:00:00,3887148.66,,
2026-07-13 13:00:00,3879455.11,,
2026-07-13 14:00:00,3879518.43,,
2026-07-13 15:00:00,3891198.94,,
2026-07-13 16:00:00,3874286.02,,
2026-07-13 17:00:00,3871610.97,,
2026-07-13 18:00:00,3818716.47,,
2026-07-13 19:00:00,3850820.97,,
2026-07-13 20:00:00,3847451.13,,
2026-07-13 21:00:00,3836230.08,,
2026-07-13 22:00:00,3827328.25,,
2026-07-13 23:00:00,3839546.94,,
2026-07-14 00:00:00,3874058.87,,
2026-07-14 01:00:00,3934286.98,,
2026-07-14 02:00:00,3881174.97,,
2026-07-14 03:00:00,3865002.55,,
2026-07-14 04:00:00,3895216.12,,
2026-07-14 05:00:00,3911927.59,,
2026-07-14 06:00:00,3919642.51,,
2026-07-14 07:00:00,3910631.11,,
2026-07-14 08:00:00,3931151.25,,
2026-07-14 09:00:00,3923986.83,,
2026-07-14 10:00:00,3916317.84,,
2026-07-14 11:00:00,3913458.57,,
2026-07-14 12:00:00,3911557.93,,
2026-07-14 13:00:00,3913437.84,,
2026-07-14 14:00:00,3932482.36,,
2026-07-14 15:00:00,3945372.11,,
2026-07-14 16:00:00,3964856.13,,
2026-07-14 17:00:00,3935164.29,,
2026-07-14 18:00:00,3929825.73,,
2026-07-14 19:00:00,3931389.19,,
2026-07-14 20:00:00,3929825.44,,
2026-07-14 21:00:00,3925103.32,,
2026-07-14 22:00:00,3914677.43,,
2026-07-14 23:00:00,3912827.07,,
2026-07-15 00:00:00,3886695.10,,
2026-07-15 01:00:00,3892613.88,,
2026-07-15 02:00:00,3880810.35,,
2026-07-15 03:00:00,3872745.38,,
2026-07-15 04:00:00,3872295.83,,
2026-07-15 05:00:00,3871410.67,,
2026-07-15 06:00:00,3873556.58,,
2026-07-15 07:00:00,3938859.76,,
2026-07-15 08:00:00,3940511.63,,
2026-07-15 09:00:00,3957395.82,,
2026-07-15 10:00:00,3965477.24,,
2026-07-15 11:00:00,3958027.70,,
2026-07-15 12:00:00,3971444.60,,
2026-07-15 13:00:00,3984818.55,,
2026-07-15 14:00:00,4052133.44,,
2026-07-15 15:00:00,4051478.13,,
2026-07-15 16:00:00,4010404.70,,
2026-07-15 17:00:00,3993052.38,,
2026-07-15 18:00:00,3987320.47,,
2026-07-15 19:00:00,4014112.63,,
2026-07-15 20:00:00,4012263.60,,
2026-07-15 21:00:00,3998078.97,,
2026-07-15 22:00:00,3982428.25,,
2026-07-15 23:00:00,3995997.23,,
2026-07-16 00:00:00,3986712.34,,
2026-07-16 01:00:00,3990669.56,,
2026-07-16 02:00:00,3983245.89,,
2026-07-16 03:00:00,3988850.70,,
2026-07-16 04:00:00,3975672.72,,
2026-07-16 05:00:00,3963206.58,,
2026-07-16 06:00:00,3983033.83,,
2026-07-16 07:00:00,3983089.13,,
2026-07-16 08:00:00,3992359.91,,
2026-07-16 09:00:00,3948202.79,,
2026-07-16 10:00:00,4141040.21,,
2026-07-16 11:00:00,4448875.62,,
2026-07-16 12:00:00,4481221.64,,
2026-07-16 13:00:00,4138226.12,,
2026-07-16 14:00:00,4099754.97,,
2026-07-16 15:00:00,4145767.37,,
2026-07-16 16:00:00,4208211.33,,
2026-07-16 17:00:00,4256170.03,,
2026-07-16 18:00:00,4214680.36,,
2026-07-16 19:00:00,4203927.70,,
2026-07-16 20:00:00,4177054.25,,
2026-07-16 21:00:00,4135498.36,,
2026-07-16 22:00:00,4160163.91,,
2026-07-16 23:00:00,4127140.38,,
2026-07-17 00:00:00,4128144.06,,
2026-07-17 01:00:00,4149284.20,,
2026-07-17 02:00:00,4047731.45,,
2026-07-17 03:00:00,4025390.63,,
2026-07-17 04:00:00,4037858.95,,
2026-07-17 05:00:00,4009129.19,,
2026-07-17 06:00:00,3925161.08,,
2026-07-17 07:00:00,3951835.07,,
2026-07-17 08:00:00,3965589.86,,
2026-07-17 09:00:00,3961764.88,,
2026-07-17 10:00:00,3965528.27,,
2026-07-17 11:00:00,3932076.80,,
2026-07-17 12:00:00,3952412.52,,
2026-07-17 13:00:00,3998619.54,,
2026-07-17 14:00:00,3961598.07,,
2026-07-17 15:00:00,3956559.66,,
2026-07-17 16:00:00,3974139.35,,
2026-07-17 17:00:00,3959335.35,,
2026-07-17 18:00:00,3963979.87,,
2026-07-17 19:00:00,4037042.10,,
2026-07-17 20:00:00,4047669.25,,
2026-07-17 21:00:00,3991587.79,,
2026-07-17 22:00:00,4000723.21,,
2026-07-17 23:00:00,4027895.10,,
2026-07-18 00:00:00,4050112.91,,
2026-07-18 01:00:00,4134563.28,,
2026-07-18 02:00:00,4159296.08,,
2026-07-18 03:00:00,4199185.44,,
2026-07-18 04:00:00,4157590.12,,
2026-07-18 05:00:00,4161146.95,,
2026-07-18 06:00:00,4149173.39,,
2026-07-18 07:00:00,4137896.64,,
2026-07-18 08:00:00,4120432.71,,
2026-07-18 09:00:00,4025087.88,,
2026-07-18 10:00:00,4011237.81,,
2026-07-18 11:00:00,4025278.89,,
2026-07-18 12:00:00,4039844.94,,
2026-07-18 13:00:00,4010475.14,,
2026-07-18 14:00:00,4000921.95,,
2026-07-18 15:00:00,3994702.17,,
2026-07-18 16:00:00,3972303.67,,
2026-07-18 17:00:00,3937080.06,,
2026-07-18 18:00:00,3973925.25,,
2026-07-18 19:00:00,3952088.33,,
2026-07-18 20:00:00,3958580.26,,
2026-07-18 21:00:00,3953399.85,,
2026-07-18 22:00:00,3945079.09,,
2026-07-18 23:00:00,3942051.21,,
2026-07-19 00:00:00,3942922.44,,
2026-07-19 01:00:00,3985779.92,,
2026-07-19 02:00:00,3980422.98,,
2026-07-19 03:00:00,3980513.32,,
2026-07-19 04:00:00,3983352.02,,
2026-07-19 05:00:00,4004165.71,,
2026-07-19 06:00:00,4014371.12,,
2026-07-19 07:00:00,4006411.01,,
2026-07-19 08:00:00,4001492.41,,
2026-07-19 09:00:00,4007816.51,,
2026-07-19 10:00:00,3999694.45,,
2026-07-19 11:00:00,3966914.61,,
2026-07-19 12:00:00,4026659.25,,
2026-07-19 13:00:00,4042406.07,,
2026-07-19 14:00:00,4026757.80,,
2026-07-19 15:00:00,4008140.72,,
2026-07-19 16:00:00,3995075.46,,
2026-07-19 17:00:00,4028060.98,,
2026-07-19 18:00:00,3978451.38,,
2026-07-19 19:00:00,4016685.68,,
2026-07-19 20:00:00,4052260.05,,
2026-07-19 21:00:00,4038110.87,,
2026-07-19 22:00:00,4049396.73,,
2026-07-19 23:00:00,4037234.33,,
2026-07-20 00:00:00,4043766.72,,
2026-07-20 01:00:00,4026693.23,,
2026-07-20 02:00:00,3976331.04,,
2026-07-20 03:00:00,4087517.59,,
2026-07-20 04:00:00,4204720.98,,
2026-07-20 05:00:00,4287194.72,,
2026-07-20 06:00:00,4171309.49,,
2026-07-20 07:00:00,4169069.27,,
2026-07-20 08:00:00,4178908.93,,
2026-07-20 09:00:00,4205442.91,,
2026-07-20 10:00:00,4211487.12,,
2026-07-20 11:00:00,4185818.43,,
2026-07-20 12:00:00,4212432.74,,
2026-07-20 13:00:00,4210308.64,,
2026-07-20 14:00:00,4217981.68,,
2026-07-20 15:00:00,4237236.37,,
2026-07-20 16:00:00,4255731.24,,
2026-07-20 17:00:00,4239418.00,,
2026-07-20 18:00:00,4227967.23,,
2026-07-20 19:00:00,4238056.23,,
2026-07-20 20:00:00,4205731.59,,
2026-07-20 21:00:00,4217633.20,,
2026-07-20 22:00:00,4235648.46,,
2026-07-20 23:00:00,4225714.23,,
2026-07-21 00:00:00,4268511.28,,
2026-07-21 01:00:00,4242118.36,,
2026-07-21 02:00:00,4175023.74,,
2026-07-21 03:00:00,4211718.82,,
2026-07-21 04:00:00,4160902.12,,
2026-07-21 05:00:00,4161812.84,,
2026-07-21 06:00:00,4161109.49,,
2026-07-21 07:00:00,4200948.85,,
2026-07-21 08:00:00,4196916.55,,
2026-07-21 09:00:00,4180744.79,,
2026-07-21 10:00:00,4176504.25,,
2026-07-21 11:00:00,4193303.17,,
2026-07-21 12:00:00,4205267.78,,
2026-07-21 13:00:00,4182497.13,,
2026-07-21 14:00:00,4144982.48,,
2026-07-21 15:00:00,4095291.23,,
2026-07-21 16:00:00,4095620.90,,
2026-07-21 17:00:00,4095352.63,,
2026-07-21 18:00:00,4069186.38,,
2026-07-21 19:00:00,4087653.25,,
2026-07-21 20:00:00,4100108.82,,
2026-07-21 21:00:00,4085575.63,,
2026-07-21 22:00:00,4089173.92,,
2026-07-21 23:00:00,4089567.99,,
2026-07-22 00:00:00,4087765.59,,
2026-07-22 01:00:00,4137265.41,,
2026-07-22 02:00:00,4150471.13,,
2026-07-22 03:00:00,4139965.05,,
2026-07-22 04:00:00,4126506.06,,
2026-07-22 05:00:00,4140964.95,,
2026-07-22 06:00:00,4164276.57,,
2026-07-22 07:00:00,4159561.84,,
2026-07-22 08:00:00,4257621.23,,
2026-07-22 09:00:00,4541885.30,,
2026-07-22 10:00:00,4589906.42,,
2026-07-22 11:00:00,4618225.62,,
2026-07-22 12:00:00,4771256.98,,
2026-07-22 13:00:00,4683383.63,,
2026-07-22 14:00:00,4850188.80,,
2026-07-22 15:00:00,4997243.38,,
2026-07-22 16:00:00,5075092.04,,
2026-07-22 17:00:00,5614269.90,,
2026-07-22 18:00:00,5309258.80,,
2026-07-22 19:00:00,5413662.33,,
2026-07-22 20:00:00,5233531.58,,
2026-07-22 21:00:00,5288489.11,,
2026-07-22 22:00:00,5374857.60,,
2026-07-22 23:00:00,5375330.56,,
2026-07-23 00:00:00,5109934.85,,
2026-07-23 01:00:00,5109451.16,,
2026-07-23 02:00:00,5216891.56,,
2026-07-23 03:00:00,5374707.51,,
2026-07-23 04:00:00,5201464.03,,
2026-07-23 05:00:00,5116556.17,,
2026-07-23 06:00:00,5020731.29,,
2026-07-23 07:00:00,5304314.39,,
2026-07-23 08:00:00,5274011.57,,
2026-07-23 09:00:00,5315055.61,,
2026-07-23 10:00:00,5380806.14,,
2026-07-23 11:00:00,5670356.72,,
2026-07-23 12:00:00,6079470.13,,
2026-07-23 13:00:00,6059719.00,,
2026-07-23 14:00:00,6465589.15,,
2026-07-23 15:00:00,6849015.69,,
2026-07-23 16:00:00,6498639.71,,
2026-07-23 17:00:00,5663167.78,,
2026-07-23 18:00:00,5181835.85,,
2026-07-23 19:00:00,5139933.11,,
2026-07-23 20:00:00,4988401.39,,
2026-07-23 21:00:00,4984426.44,,
2026-07-23 22:00:00,4705679.14,,
2026-07-23 23:00:00,4831390.10,,
2026-07-24 00:00:00,4860089.13,,
2026-07-24 01:00:00,4839645.35,,
2026-07-24 02:00:00,4865314.66,,
2026-07-24 03:00:00,5076295.84,,
2026-07-24 04:00:00,5065143.19,,
2026-07-24 05:00:00,5238060.50,,
2026-07-24 06:00:00,5170867.63,,
2026-07-24 07:00:00,5134638.95,,
2026-07-24 08:00:00,5191789.20,,
2026-07-24 09:00:00,5275434.34,,
2026-07-24 10:00:00,5084925.69,,
2026-07-24 11:00:00,5175351.31,,
2026-07-24 12:00:00,5254726.08,,
2026-07-24 13:00:00,5285816.56,,
2026-07-24 14:00:00,5085601.64,,
2026-07-24 15:00:00,4970097.02,,
2026-07-24 16:00:00,5191553.28,,
2026-07-24 17:00:00,5218482.24,,
2026-07-24 18:00:00,5293547.87,,
2026-07-24 19:00:00,5268388.22,,
2026-07-24 20:00:00,5225560.20,,
2026-07-24 21:00:00,5247342.55,,
2026-07-24 22:00:00,5208881.95,,
2026-07-24 23:00:00,5326840.91,,
2026-07-25 00:00:00,5331504.02,,
2026-07-25 01:00:00,5290313.03,,
2026-07-25 02:00:00,5156996.85,,
2026-07-25 03:00:00,5242115.72,,
2026-07-25 04:00:00,5219043.56,,
2026-07-25 05:00:00,5254663.77,,
2026-07-25 06:00:00,5233878.01,,
2026-07-25 07:00:00,5232294.67,,
2026-07-25 08:00:00,5208903.25,,
2026-07-25 09:00:00,5211516.55,,
2026-07-25 10:00:00,5178008.45,,
2026-07-25 11:00:00,5176487.99,,
2026-07-25 12:00:00,5117933.38,,
2026-07-25 13:00:00,5025462.88,,
2026-07-25 14:00:00,5038245.91,,
2026-07-25 15:00:00,4972150.26,,
2026-07-25 16:00:00,4914729.56,,
2026-07-25 17:00:00,4914448.71,,
2026-07-25 18:00:00,4907775.94,,
2026-07-25 19:00:00,4952077.47,,
2026-07-25 20:00:00,5059164.33,,
2026-07-25 21:00:00,5043574.51,,
2026-07-25 22:00:00,5055195.57,,
2026-07-25 23:00:00,5074469.87,,
2026-07-26 00:00:00,5063636.64,,
2026-07-26 01:00:00,5060205.41,,
2026-07-26 02:00:00,5024183.09,,
2026-07-26 03:00:00,4988768.15,,
2026-07-26 04:00:00,4979082.49,,
2026-07-26 05:00:00,5027586.08,,
2026-07-26 06:00:00,4997349.95,,
2026-07-26 07:00:00,5041525.92,,
2026-07-26 08:00:00,4930834.51,,
2026-07-26 09:00:00,4965552.27,,
2026-07-26 10:00:00,4961629.58,,
2026-07-26 11:00:00,4890506.98,,
2026-07-26 12:00:00,4856261.41,,
2026-07-26 13:00:00,4897686.07,,
2026-07-26 14:00:00,4960491.72,,
2026-07-26 15:00:00,4969385.64,,
2026-07-26 16:00:00,4937373.90,,
2026-07-26 17:00:00,4909324.92,,
2026-07-26 18:00:00,4904905.04,,
2026-07-26 19:00:00,4914383.00,,
2026-07-26 20:00:00,4846067.10,,
2026-07-26 21:00:00,4902961.57,,
2026-07-26 22:00:00,4906193.77,,
2026-07-26 23:00:00,4913005.89,,
2026-07-27 00:00:00,4850902.09,,
2026-07-27 01:00:00,4840246.59,,
2026-07-27 02:00:00,4824031.41,,
2026-07-27 03:00:00,4824178.85,,
2026-07-27 04:00:00,4725994.84,,
2026-07-27 05:00:00,4422067.94,,
2026-07-27 06:00:00,4388927.77,,
2026-07-27 07:00:00,4324365.14,,
2026-07-27 08:00:00,4301566.75,,
2026-07-27 09:00:00,4250705.06,,
2026-07-27 10:00:00,4308559.22,,
2026-07-27 11:00:00,4306527.50,,
2026-07-27 12:00:00,4408754.08,,
2026-07-27 13:00:00,4387926.09,,
2026-07-27 14:00:00,4331611.13,,
2026-07-27 15:00:00,4236610.31,,
2026-07-27 16:00:00,4258414.12,,
2026-07-27 17:00:00,4262802.82,,
2026-07-27 18:00:00,4191463.89,,
2026-07-27 19:00:00,4247649.15,,
2026-07-27 20:00:00,4260724.38,,
2026-07-27 21:00:00,4255218.83,,
2026-07-27 22:00:00,4275838.54,,
2026-07-27 23:00:00,4179132.06,,
2026-07-28 00:00:00,4202714.23,,
2026-07-28 01:00:00,4312286.03,,
2026-07-28 02:00:00,4362946.43,,
2026-07-28 03:00:00,4415256.40,,
2026-07-28 04:00:00,4469138.91,,
2026-07-28 05:00:00,4500554.56,,
2026-07-28 06:00:00,4420952.57,,
2026-07-28 07:00:00,4402006.62,,
2026-07-28 08:00:00,4472947.82,,
2026-07-28 09:00:00,4487567.42,,
2026-07-28 10:00:00,4489170.34,,
2026-07-28 11:00:00,4452662.02,,
2026-07-28 12:00:00,4487099.08,,
2026-07-28 13:00:00,4540246.48,,
2026-07-28 14:00:00,4400861.27,,
2026-07-28 15:00:00,4374494.74,,
2026-07-28 16:00:00,4439121.70,,
2026-07-28 17:00:00,4482263.40,,
2026-07-28 18:00:00,4655448.30,,
2026-07-28 19:00:00,4859233.77,,
2026-07-28 20:00:00,4816718.22,,
2026-07-28 21:00:00,4804449.01,,
2026-07-28 22:00:00,4716981.83,,
2026-07-28 23:00:00,4670907.47,,
2026-07-29 00:00:00,4713381.90,,
2026-07-29 01:00:00,4501838.69,,
2026-07-29 02:00:00,4519459.66,,
2026-07-29 03:00:00,4513596.68,,
2026-07-29 04:00:00,4481733.42,,
2026-07-29 05:00:00,4387875.74,,
2026-07-29 06:00:00,4334604.52,,
2026-07-29 07:00:00,4384294.11,,
2026-07-29 08:00:00,4371448.92,,
2026-07-29 09:00:00,4339584.84,,
2026-07-29 10:00:00,4422572.27,,
2026-07-29 11:00:00,4592795.47,,
2026-07-29 12:00:00,4596027.97,,
2026-07-29 13:00:00,4575290.11,,
2026-07-29 14:00:00,4603488.56,,
2026-07-29 15:00:00,4486530.27,,
2026-07-29 16:00:00,4607201.44,,
2026-07-29 17:00:00,4613022.59,,
2026-07-29 18:00:00,4622820.34,,
2026-07-29 19:00:00,4536838.69,,
2026-07-29 20:00:00,4528559.58,,
2026-07-29 21:00:00,4567215.25,,
2026-07-29 22:00:00,4517171.93,,
2026-07-29 23:00:00,4524871.72,,
2026-07-30 00:00:00,4545399.25,,
2026-07-30 01:00:00,4541860.23,,
2026-07-30 02:00:00,4534857.85,,
2026-07-30 03:00:00,4522248.88,,
2026-07-30 04:00:00,4477477.35,,
2026-07-30 05:00:00,4517047.90,,
2026-07-30 06:00:00,4470402.58,,
2026-07-30 07:00:00,4475376.14,,
2026-07-30 08:00:00,4492024.64,,
2026-07-30 09:00:00,4449103.61,,
2026-07-30 10:00:00,4472757.50,,
2026-07-30 11:00:00,4327519.55,,
2026-07-30 12:00:00,4367486.15,,
2026-07-30 13:00:00,4379232.94,,
2026-07-30 14:00:00,4247592.22,,
2026-07-30 15:00:00,4140961.35,,
2026-07-30 16:00:00,4084868.53,,
2026-07-30 17:00:00,4142109.02,,
2026-07-30 18:00:00,4167781.20,,
2026-07-30 19:00:00,4183540.15,,
2026-07-30 20:00:00,4214380.49,,
2026-07-30 21:00:00,4206904.45,,
2026-07-30 22:00:00,4221519.62,,
2026-07-30 23:00:00,4202431.46,,
2026-07-31 00:00:00,4185677.74,,
2026-07-31 01:00:00,4287997.87,,
2026-07-31 02:00:00,4280432.34,,
2026-07-31 03:00:00,4226778.58,,
2026-07-31 04:00:00,4189099.52,,
2026-07-31 05:00:00,4184935.52,,
2026-07-31 06:00:00,4132257.06,,
2026-07-31 07:00:00,4071997.09,,
2026-07-31 08:00:00,4141476.06,,
2026-07-31 09:00:00,4210965.58,,
2026-07-31 10:00:00,4256054.12,,
2026-07-31 11:00:00,4276503.51,,
2026-07-31 12:00:00,4257749.82,,
2026-07-31 13:00:00,4236100.31,,
2026-07-31 14:00:00,4149380.71,,
2026-07-31 15:00:00,4146343.98,,
2026-07-31 16:00:00,4132348.54,,
2026-07-31 17:00:00,4062932.96,,
2026-07-31 18:00:00,4128473.45,,
2026-07-31 19:00:00,4096098.96,,
2026-07-31 20:00:00,4064745.51,,
2026-07-31 21:00:00,4072033.52,,
2026-07-31 22:00:00,4109829.13,,
2026-07-31 23:00:00,4118185.53,,
2026-08-01 00:00:00,4089244.26,,
2026-08-01 01:00:00,4142026.63,,
2026-08-01 02:00:00,4174571.62,,
2026-08-01 03:00:00,4170062.47,,
2026-08-01 04:00:00,4184231.66,,
2026-08-01 05:00:00,4148740.34,,
2026-08-01 06:00:00,4340437.47,,
2026-08-01 07:00:00,4346876.32,,
2026-08-01 08:00:00,4379171.18,,
2026-08-01 09:00:00,4361423.74,,
2026-08-01 10:00:00,4304672.31,,
2026-08-01 11:00:00,4192757.80,,
2026-08-01 12:00:00,4227987.11,,
2026-08-01 13:00:00,4194735.06,,
2026-08-01 14:00:00,4264924.29,,
2026-08-01 15:00:00,4320063.99,,
2026-08-01 16:00:00,4288455.31,,
2026-08-01 17:00:00,4216358.40,,
2026-08-01 18:00:00,4241511.94,,
2026-08-01 19:00:00,4282396.59,,
2026-08-01 20:00:00,4277344.27,,
2026-08-01 21:00:00,4312397.66,,
2026-08-01 22:00:00,4291393.16,,
2026-08-01 23:00:00,4267771.68,,
2026-08-02 00:00:00,4331629.24,,
2026-08-02 01:00:00,4333718.06,,
2026-08-02 02:00:00,4197650.18,,
2026-08-02 03:00:00,4260749.15,,
2026-08-02 04:00:00,4236945.46,,
2026-08-02 05:00:00,4185801.85,,
2026-08-02 06:00:00,4189464.68,,
2026-08-02 07:00:00,4173303.03,,
2026-08-02 08:00:00,4184054.01,,
2026-08-02 09:00:00,4168798.56,,
2026-08-02 10:00:00,4173526.26,,
2026-08-02 11:00:00,4147395.19,,
2026-08-02 12:00:00,4203112.64,,
2026-08-02 13:00:00,4210630.02,,
2026-08-02 14:00:00,4174183.17,,
2026-08-02 15:00:00,4191102.72,,
2026-08-02 16:00:00,4175788.49,,
2026-08-02 17:00:00,4216697.56,,
2026-08-02 18:00:00,4213646.25,,
2026-08-02 19:00:00,4199745.28,,
2026-08-02 20:00:00,4172033.76,,
2026-08-02 21:00:00,4169579.47,,
2026-08-02 22:00:00,4188250.43,,
2026-08-02 23:00:00,4182410.89,,
2026-08-03 00:00:00,4226641.25,,
2026-08-03 01:00:00,4215877.94,,
2026-08-03 02:00:00,4211741.64,,
2026-08-03 03:00:00,4171362.12,,
2026-08-03 04:00:00,4129300.12,,
2026-08-03 05:00:00,4190192.82,,
2026-08-03 06:00:00,4189678.74,,
2026-08-03 07:00:00,4169014.28,,
2026-08-03 08:00:00,4141853.36,,
2026-08-03 09:00:00,4120279.90,,
2026-08-03 10:00:00,4136297.14,,
2026-08-03 11:00:00,4107371.03,,
2026-08-03 12:00:00,4122256.29,,
2026-08-03 13:00:00,4155938.11,,
2026-08-03 14:00:00,4164761.74,,
2026-08-03 15:00:00,4121856.47,,
2026-08-03 16:00:00,4150717.57,,
2026-08-03 17:00:00,4121823.88,,
2026-08-03 18:00:00,4121156.42,,
2026-08-03 19:00:00,4131116.81,,
2026-08-03 20:00:00,4130993.30,,
2026-08-03 21:00:00,4137199.08,,
2026-08-03 22:00:00,4124513.51,,
2026-08-03 23:00:00,4127484.89,,
2026-08-04 00:00:00,4123037.24,,
2026-08-04 01:00:00,4083336.50,,
2026-08-04 02:00:00,4096361.24,,
2026-08-04 03:00:00,4069770.36,,
2026-08-04 04:00:00,4051635.52,,
2026-08-04 05:00:00,4060900.19,,
2026-08-04 06:00:00,4036394.63,,
2026-08-04 07:00:00,4068402.19,,
2026-08-04 08:00:00,4084439.46,,
2026-08-04 09:00:00,4060371.96,,
2026-08-04 10:00:00,4068592.05,,
2026-08-04 11:00:00,4089846.20,,
2026-08-04 12:00:00,4075486.06,,
2026-08-04 13:00:00,4056847.57,,
2026-08-04 14:00:00,4070715.47,,
2026-08-04 15:00:00,4073485.90,,
2026-08-04 16:00:00,4080080.63,,
2026-08-04 17:00:00,4082025.36,,
2026-08-04 18:00:00,4055085.37,,
2026-08-04 19:00:00,4052859.99,,
2026-08-04 20:00:00,4034167.35,,
2026-08-04 21:00:00,4037741.24,,
2026-08-04 22:00:00,4045497.54,,
2026-08-04 23:00:00,4047708.48,,
2026-08-05 00:00:00,4049899.30,,
2026-08-05 01:00:00,4076211.78,,
2026-08-05 02:00:00,4079141.95,,
2026-08-05 03:00:00,4083766.20,,
2026-08-05 04:00:00,4084597.32,,
2026-08-05 05:00:00,4085035.20,,
2026-08-05 06:00:00,4596072.76,,
2026-08-05 07:00:00,4442774.21,,
2026-08-05 08:00:00,4399768.62,,
2026-08-05 09:00:00,4390836.60,,
2026-08-05 10:00:00,4505717.49,,
2026-08-05 11:00:00,4416935.82,,
2026-08-05 12:00:00,4323756.90,,
2026-08-05 13:00:00,4325559.77,,
2026-08-05 14:00:00,4299104.26,,
2026-08-05 15:00:00,4219084.92,,
2026-08-05 16:00:00,4285469.01,,
2026-08-05 17:00:00,4318581.02,,
2026-08-05 18:00:00,4347025.36,,
2026-08-05 19:00:00,4325262.80,,
2026-08-05 20:00:00,4268694.64,,
2026-08-05 21:00:00,4270833.34,,
2026-08-05 22:00:00,4261424.07,,
2026-08-05 23:00:00,4251068.32,,
2026-08-06 00:00:00,4259137.26,,
2026-08-06 01:00:00,4311145.28,,
2026-08-06 02:00:00,4272118.66,,
2026-08-06 03:00:00,4490580.76,,
2026-08-06 04:00:00,4409806.79,,
2026-08-06 05:00:00,4398143.10,,
2026-08-06 06:00:00,4324259.81,,
2026-08-06 07:00:00,4345334.61,,
2026-08-06 08:00:00,4213398.94,,
2026-08-06 09:00:00,4228345.68,,
2026-08-06 10:00:00,4256397.36,,
2026-08-06 11:00:00,4228206.33,,
2026-08-06 12:00:00,4120106.46,,
2026-08-06 13:00:00,4113587.94,,
2026-08-06 14:00:00,4119561.33,,
2026-08-06 15:00:00,4153295.25,,
2026-08-06 16:00:00,4218318.85,,
2026-08-06 17:00:00,4164794.62,,
2026-08-06 18:00:00,4129891.96,,
2026-08-06 19:00:00,4140996.48,,
2026-08-06 20:00:00,4150375.84,,
2026-08-06 21:00:00,4186564.49,,
2026-08-06 22:00:00,4224708.40,,
2026-08-06 23:00:00,4274466.33,,
2026-08-07 00:00:00,4327394.18,,
2026-08-07 01:00:00,4289001.88,,
2026-08-07 02:00:00,4235871.47,,
2026-08-07 03:00:00,4290069.17,,
2026-08-07 04:00:00,4308307.82,,
2026-08-07 05:00:00,4285618.27,,
2026-08-07 06:00:00,4393128.62,,
2026-08-07 07:00:00,4267998.17,,
2026-08-07 08:00:00,4276509.00,,
2026-08-07 09:00:00,4305228.96,,
2026-08-07 10:00:00,4272424.79,,
2026-08-07 11:00:00,4248351.19,,
2026-08-07 12:00:00,4284013.77,,
2026-08-07 13:00:00,4297270.70,,
2026-08-07 14:00:00,4325745.46,,
2026-08-07 15:00:00,4317980.45,,
2026-08-07 16:00:00,4353380.72,,
2026-08-07 17:00:00,4317075.73,,
2026-08-07 18:00:00,4387416.31,,
2026-08-07 19:00:00,4479934.03,,
2026-08-07 20:00:00,4471174.41,,
2026-08-07 21:00:00,4537485.78,,
2026-08-07 22:00:00,4521455.10,,
2026-08-07 23:00:00,4507517.00,,
2026-08-08 00:00:00,4515233.23,,
2026-08-08 01:00:00,4533740.01,,
2026-08-08 02:00:00,4566044.80,,
2026-08-08 03:00:00,4426331.48,,
2026-08-08 04:00:00,4416291.90,,
2026-08-08 05:00:00,4065069.31,,
2026-08-08 06:00:00,4053581.10,,
2026-08-08 07:00:00,4049201.74,,
2026-08-08 08:00:00,4072745.94,,
2026-08-08 09:00:00,4052332.83,,
2026-08-08 10:00:00,4143008.71,,
2026-08-08 11:00:00,4432174.14,,
2026-08-08 12:00:00,4396036.90,,
2026-08-08 13:00:00,4361914.05,,
2026-08-08 14:00:00,4586170.78,,
2026-08-08 15:00:00,4711297.36,,
2026-08-08 16:00:00,4643186.70,,
2026-08-08 17:00:00,4601589.64,,
2026-08-08 18:00:00,4525544.23,,
2026-08-08 19:00:00,4540518.37,,
2026-08-08 20:00:00,4607922.63,,
2026-08-08 21:00:00,4532025.68,,
2026-08-08 22:00:00,4509897.23,,
2026-08-08 23:00:00,4483582.25,,
2026-08-09 00:00:00,4526317.59,,
2026-08-09 01:00:00,4495144.19,,
2026-08-09 02:00:00,4423288.73,,
2026-08-09 03:00:00,4515756.08,,
2026-08-09 04:00:00,4535507.27,,
2026-08-09 05:00:00,4488591.11,,
2026-08-09 06:00:00,4447122.97,,
2026-08-09 07:00:00,4496023.38,,
2026-08-09 08:00:00,4380048.37,,
2026-08-09 09:00:00,4339618.96,,
2026-08-09 10:00:00,4292981.23,,
2026-08-09 11:00:00,4358874.92,,
2026-08-09 12:00:00,4351352.43,,
2026-08-09 13:00:00,4360849.79,,
2026-08-09 14:00:00,4336546.08,,
2026-08-09 15:00:00,4373568.40,,
2026-08-09 16:00:00,4371185.83,,
2026-08-09 17:00:00,4354706.38,,
2026-08-09 18:00:00,4353745.32,,
2026-08-09 19:00:00,4404025.50,,
2026-08-09 20:00:00,4384186.24,,
2026-08-09 21:00:00,4368486.07,,
2026-08-09 22:00:00,4467051.55,,
2026-08-09 23:00:00,4477235.48,,
2026-08-10 00:00:00,4437677.02,,
2026-08-10 01:00:00,4551629.67,,
2026-08-10 02:00:00,4474396.13,,
2026-08-10 03:00:00,4484679.35,,
2026-08-10 04:00:00,4531125.67,,
2026-08-10 05:00:00,4507174.53,,
2026-08-10 06:00:00,4534334.89,,
2026-08-10 07:00:00,4488844.50,,
2026-08-10 08:00:00,4421900.23,,
2026-08-10 09:00:00,4438997.04,,
2026-08-10 10:00:00,4396581.67,,
2026-08-10 11:00:00,4434343.73,,
2026-08-10 12:00:00,4575358.33,,
2026-08-10 13:00:00,4570574.86,,
2026-08-10 14:00:00,4529906.13,,
2026-08-10 15:00:00,4488280.83,,
2026-08-10 16:00:00,4448134.55,,
2026-08-10 17:00:00,4433755.86,,
2026-08-10 18:00:00,4464102.18,,
2026-08-10 19:00:00,4436473.25,,
2026-08-10 20:00:00,4485395.06,,
2026-08-10 21:00:00,4503535.81,,
2026-08-10 22:00:00,4505500.25,,
2026-08-10 23:00:00,4496939.85,,
2026-08-11 00:00:00,4543251.85,,
2026-08-11 01:00:00,4575134.24,,
2026-08-11 02:00:00,4538180.66,,
2026-08-11 03:00:00,4496218.86,,
2026-08-11 04:00:00,4473397.69,,
2026-08-11 05:00:00,4460928.78,,
2026-08-11 06:00:00,4422402.03,,
2026-08-11 07:00:00,4442978.94,,
2026-08-11 08:00:00,4418203.86,,
2026-08-11 09:00:00,4368987.24,,
2026-08-11 10:00:00,4349412.19,,
2026-08-11 11:00:00,4358425.04,,
2026-08-11 12:00:00,4416394.67,,
2026-08-11 13:00:00,4421758.31,,
2026-08-11 14:00:00,4498592.68,,
2026-08-11 15:00:00,4423360.45,,
2026-08-11 16:00:00,4391344.89,,
2026-08-11 17:00:00,4393091.23,,
2026-08-11 18:00:00,4346135.61,,
2026-08-11 19:00:00,4342759.02,,
2026-08-11 20:00:00,4376767.60,,
2026-08-11 21:00:00,4492051.29,,
2026-08-11 22:00:00,4558226.75,,
2026-08-11 23:00:00,4575237.32,,
2026-08-12 00:00:00,4586794.15,,
2026-08-12 01:00:00,4593623.43,,
2026-08-12 02:00:00,4577330.65,,
2026-08-12 03:00:00,4556222.24,,
2026-08-12 04:00:00,4643900.40,,
2026-08-12 05:00:00,4721299.02,,
2026-08-12 06:00:00,4776153.24,,
2026-08-12 07:00:00,4873662.28,,
2026-08-12 08:00:00,4947775.66,,
2026-08-12 09:00:00,5052057.34,,
2026-08-12 10:00:00,4994900.97,,
2026-08-12 11:00:00,4817402.07,,
2026-08-12 12:00:00,4790847.36,,
2026-08-12 13:00:00,4834609.99,,
2026-08-12 14:00:00,4780778.44,,
2026-08-12 15:00:00,4781428.62,,
2026-08-12 16:00:00,4762400.92,,
2026-08-12 17:00:00,4869825.71,,
2026-08-12 18:00:00,4909804.50,,
2026-08-12 19:00:00,4874805.38,,
2026-08-12 20:00:00,4921243.46,,
2026-08-12 21:00:00,4900832.01,,
2026-08-12 22:00:00,4932587.32,,
2026-08-12 23:00:00,4862041.48,,
2026-08-13 00:00:00,4919981.64,,
2026-08-13 01:00:00,4925313.24,,
2026-08-13 02:00:00,4856798.00,,
2026-08-13 03:00:00,4944373.67,,
2026-08-13 04:00:00,4886171.79,,
2026-08-13 05:00:00,4918884.35,,
2026-08-13 06:00:00,5049774.33,,
2026-08-13 07:00:00,4969130.37,,
2026-08-13 08:00:00,4805293.16,,
2026-08-13 09:00:00,4753148.59,,
2026-08-13 10:00:00,4774674.48,,
2026-08-13 11:00:00,4780750.07,,
2026-08-13 12:00:00,4756639.30,,
2026-08-13 13:00:00,4732355.68,,
2026-08-13 14:00:00,4563615.20,,
2026-08-13 15:00:00,4572889.22,,
2026-08-13 16:00:00,4518030.55,,
2026-08-13 17:00:00,4584182.02,,
2026-08-13 18:00:00,4541844.62,,
2026-08-13 19:00:00,4520491.81,,
2026-08-13 20:00:00,4512851.62,,
2026-08-13 21:00:00,4553339.23,,
2026-08-13 22:00:00,4573842.23,,
2026-08-13 23:00:00,4590334.28,,
2026-08-14 00:00:00,4611414.74,,
2026-08-14 01:00:00,4603804.24,,
2026-08-14 02:00:00,4528075.82,,
2026-08-14 03:00:00,4533029.14,,
2026-08-14 04:00:00,4444343.38,,
2026-08-14 05:00:00,4432782.82,,
2026-08-14 06:00:00,4459080.98,,
2026-08-14 07:00:00,4447891.28,,
2026-08-14 08:00:00,4436197.51,,
2026-08-14 09:00:00,4499260.05,,
2026-08-14 10:00:00,4434265.89,,
2026-08-14 11:00:00,4377003.88,,
2026-08-14 12:00:00,4158811.53,,
2026-08-14 13:00:00,4253569.27,,
2026-08-14 14:00:00,4250971.12,,
2026-08-14 15:00:00,4277049.43,,
2026-08-14 16:00:00,4227026.50,,
2026-08-14 17:00:00,4257100.14,,
2026-08-14 18:00:00,4309118.45,,
2026-08-14 19:00:00,4324660.55,,
2026-08-14 20:00:00,4312499.70,,
2026-08-14 21:00:00,4357634.69,,
2026-08-14 22:00:00,4368144.68,,
2026-08-14 23:00:00,4348115.42,,
2026-08-15 00:00:00,4358667.25,,
2026-08-15 01:00:00,4405912.24,,
2026-08-15 02:00:00,4382447.11,,
2026-08-15 03:00:00,4365148.86,,
2026-08-15 04:00:00,4333449.60,,
2026-08-15 05:00:00,4345141.41,,
2026-08-15 06:00:00,4343822.26,,
2026-08-15 07:00:00,4340511.60,,
2026-08-15 08:00:00,4312752.77,,
2026-08-15 09:00:00,4326545.66,,
2026-08-15 10:00:00,4200963.74,,
2026-08-15 11:00:00,4250265.62,,
2026-08-15 12:00:00,4341261.25,,
2026-08-15 13:00:00,4321795.47,,
2026-08-15 14:00:00,4304979.34,,
2026-08-15 15:00:00,4305964.50,,
2026-08-15 16:00:00,4271969.71,,
2026-08-15 17:00:00,4262928.98,,
2026-08-15 18:00:00,4254837.05,,
2026-08-15 19:00:00,4255944.13,,
2026-08-15 20:00:00,4275160.15,,
2026-08-15 21:00:00,4270780.37,,
2026-08-15 22:00:00,4289964.87,,
2026-08-15 23:00:00,4243309.09,,
2026-08-16 00:00:00,4241340.71,,
2026-08-16 01:00:00,4243186.55,,
2026-08-16 02:00:00,4234234.47,,
2026-08-16 03:00:00,4227532.23,,
2026-08-16 04:00:00,4255023.71,,
2026-08-16 05:00:00,4250217.67,,
2026-08-16 06:00:00,4266906.41,,
2026-08-16 07:00:00,4256949.66,,
2026-08-16 08:00:00,4284153.47,,
2026-08-16 09:00:00,4309557.81,,
2026-08-16 10:00:00,4252913.48,,
2026-08-16 11:00:00,4257702.40,,
2026-08-16 12:00:00,4270484.52,,
2026-08-16 13:00:00,4295429.31,,
2026-08-16 14:00:00,4280513.10,,
2026-08-16 15:00:00,4293284.71,,
2026-08-16 16:00:00,4298751.19,,
2026-08-16 17:00:00,4265917.85,,
2026-08-16 18:00:00,4289131.36,,
2026-08-16 19:00:00,4285769.08,,
2026-08-16 20:00:00,4271243.72,,
2026-08-16 21:00:00,4262159.95,,
2026-08-16 22:00:00,4250433.00,,
2026-08-16 23:00:00,4212617.91,,
2026-08-17 00:00:00,4193132.53,,
2026-08-17 01:00:00,4205255.28,,
2026-08-17 02:00:00,4216844.94,,
2026-08-17 03:00:00,4247406.40,,
2026-08-17 04:00:00,4378162.43,,
2026-08-17 05:00:00,4378664.97,,
2026-08-17 06:00:00,4303541.15,,
2026-08-17 07:00:00,4306279.75,,
2026-08-17 08:00:00,4280899.10,,
2026-08-17 09:00:00,4263910.82,,
2026-08-17 10:00:00,4283553.11,,
2026-08-17 11:00:00,4345666.52,,
2026-08-17 12:00:00,4338270.11,,
2026-08-17 13:00:00,4340734.98,,
2026-08-17 14:00:00,4329276.00,,
2026-08-17 15:00:00,4317218.83,,
2026-08-17 16:00:00,4197189.41,,
2026-08-17 17:00:00,4197995.98,,
2026-08-17 18:00:00,4211801.05,,
2026-08-17 19:00:00,4235122.30,,
2026-08-17 20:00:00,4199949.74,,
2026-08-17 21:00:00,4220028.57,,
2026-08-17 22:00:00,4235781.64,,
2026-08-17 23:00:00,4227732.78,,
2026-08-18 00:00:00,4231465.07,,
2026-08-18 01:00:00,4217177.99,,
2026-08-18 02:00:00,4191232.82,,
2026-08-18 03:00:00,4166308.17,,
2026-08-18 04:00:00,4216434.91,,
2026-08-18 05:00:00,4170291.23,,
2026-08-18 06:00:00,4141003.93,,
2026-08-18 07:00:00,4150699.50,,
2026-08-18 08:00:00,4156618.82,,
2026-08-18 09:00:00,4236516.34,,
2026-08-18 10:00:00,4254879.07,,
2026-08-18 11:00:00,4307757.42,,
2026-08-18 12:00:00,4259360.17,,
2026-08-18 13:00:00,4273816.01,,
2026-08-18 14:00:00,4262541.58,,
2026-08-18 15:00:00,4241083.73,,
2026-08-18 16:00:00,4217178.60,,
2026-08-18 17:00:00,4258386.16,,
2026-08-18 18:00:00,4271359.55,,
2026-08-18 19:00:00,4298092.55,,
2026-08-18 20:00:00,4277613.46,,
2026-08-18 21:00:00,4309218.53,,
2026-08-18 22:00:00,4312539.52,,
2026-08-18 23:00:00,4307062.64,,
2026-08-19 00:00:00,4288402.70,,
2026-08-19 01:00:00,4326174.97,,
2026-08-19 02:00:00,4299250.72,,
2026-08-19 03:00:00,4284738.27,,
2026-08-19 04:00:00,4341239.13,,
2026-08-19 05:00:00,4330262.19,,
2026-08-19 06:00:00,4332589.13,,
2026-08-19 07:00:00,4316451.40,,
2026-08-19 08:00:00,4312680.78,,
2026-08-19 09:00:00,4380604.80,,
2026-08-19 10:00:00,4353818.20,,
2026-08-19 11:00:00,4358471.08,,
2026-08-19 12:00:00,4374542.75,,
2026-08-19 13:00:00,4370899.32,,
2026-08-19 14:00:00,4358054.72,,
2026-08-19 15:00:00,4392285.98,,
2026-08-19 16:00:00,4402836.43,,
2026-08-19 17:00:00,4395952.70,,
2026-08-19 18:00:00,4405616.47,,
2026-08-19 19:00:00,4380016.11,,
2026-08-19 20:00:00,4408978.21,,
2026-08-19 21:00:00,4427215.96,,
2026-08-19 22:00:00,4410004.75,,
2026-08-19 23:00:00,4379557.76,,
2026-08-20 00:00:00,4397216.00,,
2026-08-20 01:00:00,4424504.92,,
2026-08-20 02:00:00,4413256.01,,
2026-08-20 03:00:00,4419092.99,,
2026-08-20 04:00:00,4426549.13,,
2026-08-20 05:00:00,4425563.24,,
2026-08-20 06:00:00,4418241.06,,
2026-08-20 07:00:00,4389293.56,,
2026-08-20 08:00:00,4395815.69,,
2026-08-20 09:00:00,4434344.80,,
2026-08-20 10:00:00,4441519.11,,
2026-08-20 11:00:00,4513002.52,,
2026-08-20 12:00:00,4506191.66,,
2026-08-20 13:00:00,4455937.28,,
2026-08-20 14:00:00,4461018.54,,
2026-08-20 15:00:00,4460937.49,,
2026-08-20 16:00:00,4463360.36,,
2026-08-20 17:00:00,4466860.95,,
2026-08-20 18:00:00,4463321.06,,
2026-08-20 19:00:00,4475562.53,,
2026-08-20 20:00:00,4471160.60,,
2026-08-20 21:00:00,4506028.81,,
2026-08-20 22:00:00,4510736.44,,
2026-08-20 23:00:00,4511361.79,,
2026-08-21 00:00:00,4523669.67,,
2026-08-21 01:00:00,4497316.00,,
2026-08-21 02:00:00,4511934.00,,
2026-08-21 03:00:00,4508998.69,,
2026-08-21 04:00:00,4514384.26,,
2026-08-21 05:00:00,4522141.85,,
2026-08-21 06:00:00,4517245.87,,
2026-08-21 07:00:00,4536351.87,,
2026-08-21 08:00:00,4518921.54,,
2026-08-21 09:00:00,4559277.36,,
2026-08-21 10:00:00,4591816.43,,
2026-08-21 11:00:00,4609561.32,,
2026-08-21 12:00:00,4620832.91,,
2026-08-21 13:00:00,4621958.13,,
2026-08-21 14:00:00,4640964.36,,
2026-08-21 15:00:00,4646836.35,,
2026-08-21 16:00:00,4654941.83,,
2026-08-21 17:00:00,4660971.67,,
2026-08-21 18:00:00,4660420.72,,
2026-08-21 19:00:00,4674271.13,,
2026-08-21 20:00:00,4689603.80,,
2026-08-21 21:00:00,4753499.24,,
2026-08-21 22:00:00,4755088.78,,
2026-08-21 23:00:00,4688786.90,,
2026-08-22 00:00:00,4759081.71,,
2026-08-22 01:00:00,4783723.76,,
2026-08-22 02:00:00,4801643.70,,
2026-08-22 03:00:00,4782816.52,,
2026-08-22 04:00:00,5033049.76,,
2026-08-22 05:00:00,5192131.88,,
2026-08-22 06:00:00,5056437.38,,
2026-08-22 07:00:00,5167140.62,,
2026-08-22 08:00:00,5188532.63,,
2026-08-22 09:00:00,5134952.01,,
2026-08-22 10:00:00,5060246.08,,
2026-08-22 11:00:00,4992888.73,,
2026-08-22 12:00:00,4998093.07,,
2026-08-22 13:00:00,4901234.68,,
2026-08-22 14:00:00,4875250.23,,
2026-08-22 15:00:00,4742344.24,,
2026-08-22 16:00:00,4755528.47,,
2026-08-22 17:00:00,4828349.80,,
2026-08-22 18:00:00,4746177.44,,
2026-08-22 19:00:00,4703373.22,,
2026-08-22 20:00:00,4658855.81,,
2026-08-22 21:00:00,4640762.15,,
2026-08-22 22:00:00,4499951.34,,
2026-08-22 23:00:00,4465201.41,,
2026-08-23 00:00:00,4463934.21,,
2026-08-23 01:00:00,4485884.38,,
2026-08-23 02:00:00,4463004.89,,
2026-08-23 03:00:00,4410801.68,,
2026-08-23 04:00:00,4273493.84,,
2026-08-23 05:00:00,4296709.71,,
2026-08-23 06:00:00,4251304.29,,
2026-08-23 07:00:00,4314635.07,,
2026-08-23 08:00:00,4348530.77,,
2026-08-23 09:00:00,4455146.54,,
2026-08-23 10:00:00,4382162.94,,
2026-08-23 11:00:00,4444210.21,,
2026-08-23 12:00:00,4356339.61,,
2026-08-23 13:00:00,4349301.01,,
2026-08-23 14:00:00,4360797.35,,
2026-08-23 15:00:00,4401960.49,,
2026-08-23 16:00:00,4402273.88,,
2026-08-23 17:00:00,4385492.58,,
2026-08-23 18:00:00,4384032.04,,
2026-08-23 19:00:00,4379915.41,,
2026-08-23 20:00:00,4353470.20,,
2026-08-23 21:00:00,4432190.52,,
2026-08-23 22:00:00,4455385.97,,
2026-08-23 23:00:00,4423391.90,,
2026-08-24 00:00:00,4383955.69,,
2026-08-24 01:00:00,4406771.51,,
2026-08-24 02:00:00,4348299.76,,
2026-08-24 03:00:00,4333157.10,,
2026-08-24 04:00:00,4332766.34,,
2026-08-24 05:00:00,4384129.18,,
2026-08-24 06:00:00,4343969.77,,
2026-08-24 07:00:00,4362437.59,,
2026-08-24 08:00:00,4309283.66,,
2026-08-24 09:00:00,4344876.21,,
2026-08-24 10:00:00,4426269.50,,
2026-08-24 11:00:00,4479862.81,,
2026-08-24 12:00:00,4584473.43,,
2026-08-24 13:00:00,4514397.96,,
2026-08-24 14:00:00,4492731.64,,
2026-08-24 15:00:00,4466862.66,,
2026-08-24 16:00:00,4482941.03,,
2026-08-24 17:00:00,4462857.83,,
2026-08-24 18:00:00,4436115.31,,
2026-08-24 19:00:00,4448012.19,,
2026-08-24 20:00:00,4457936.54,,
2026-08-24 21:00:00,4463826.15,,
2026-08-24 22:00:00,4500037.69,,
2026-08-24 23:00:00,4482217.73,,
2026-08-25 00:00:00,4471908.11,,
2026-08-25 01:00:00,4552464.73,,
2026-08-25 02:00:00,4640371.40,,
2026-08-25 03:00:00,4735579.38,,
2026-08-25 04:00:00,4728069.02,,
2026-08-25 05:00:00,4662113.60,,
2026-08-25 06:00:00,4676375.42,,
2026-08-25 07:00:00,4618142.58,,
2026-08-25 08:00:00,4610617.74,,
2026-08-25 09:00:00,4576273.49,,
2026-08-25 10:00:00,4677349.36,,
2026-08-25 11:00:00,4674284.92,,
2026-08-25 12:00:00,4652113.30,,
2026-08-25 13:00:00,4645943.13,,
2026-08-25 14:00:00,4662146.20,,
2026-08-25 15:00:00,4651045.37,,
2026-08-25 16:00:00,4664563.53,,
2026-08-25 17:00:00,4679125.12,,
2026-08-25 18:00:00,4662857.54,,
2026-08-25 19:00:00,4640029.05,,
2026-08-25 20:00:00,4687043.44,,
2026-08-25 21:00:00,4675052.44,,
2026-08-25 22:00:00,4682425.62,,
2026-08-25 23:00:00,4790517.09,,
2026-08-26 00:00:00,4709966.35,,
2026-08-26 01:00:00,4757130.40,,
2026-08-26 02:00:00,4793952.18,,
2026-08-26 03:00:00,4784490.32,,
2026-08-26 04:00:00,4788164.75,,
2026-08-26 05:00:00,4769396.31,,
2026-08-26 06:00:00,4754584.11,,
2026-08-26 07:00:00,4844596.70,,
2026-08-26 08:00:00,4876686.96,,
2026-08-26 09:00:00,5012777.87,,
2026-08-26 10:00:00,4947834.28,,
2026-08-26 11:00:00,4961546.94,,
2026-08-26 12:00:00,5176082.72,,
2026-08-26 13:00:00,4990284.92,,
2026-08-26 14:00:00,4998431.57,,
2026-08-26 15:00:00,5044090.15,,
2026-08-26 16:00:00,5044312.14,,
2026-08-26 17:00:00,5129354.35,,
2026-08-26 18:00:00,5144151.83,,
2026-08-26 19:00:00,5244807.60,,
2026-08-26 20:00:00,5207017.33,,
2026-08-26 21:00:00,5249733.02,,
2026-08-26 22:00:00,5332736.98,,
2026-08-26 23:00:00,5244298.13,,
2026-08-27 00:00:00,5315523.76,,
2026-08-27 01:00:00,5217230.22,,
2026-08-27 02:00:00,5248359.60,,
2026-08-27 03:00:00,5374754.15,,
2026-08-27 04:00:00,5241450.92,,
2026-08-27 05:00:00,5246278.65,,
2026-08-27 06:00:00,5206827.54,,
2026-08-27 07:00:00,5147290.03,,
2026-08-27 08:00:00,4957047.80,,
2026-08-27 09:00:00,4924731.01,,
2026-08-27 10:00:00,4979819.92,,
2026-08-27 11:00:00,4989022.18,,
2026-08-27 12:00:00,4967157.65,,
2026-08-27 13:00:00,4953733.98,,
2026-08-27 14:00:00,4951815.17,,
2026-08-27 15:00:00,4985446.79,,
2026-08-27 16:00:00,4946302.93,,
2026-08-27 17:00:00,4939961.40,,
2026-08-27 18:00:00,4879581.57,,
2026-08-27 19:00:00,4893672.48,,
2026-08-27 20:00:00,4947720.50,,
2026-08-27 21:00:00,4940002.69,,
2026-08-27 22:00:00,4931103.18,,
2026-08-27 23:00:00,4929037.61,,
2026-08-28 00:00:00,4924832.24,,
2026-08-28 01:00:00,4909800.51,,
2026-08-28 02:00:00,4894638.79,,
2026-08-28 03:00:00,4861361.67,,
2026-08-28 04:00:00,4881913.33,,
2026-08-28 05:00:00,4794964.54,,
2026-08-28 06:00:00,4832681.19,,
2026-08-28 07:00:00,4796513.15,,
2026-08-28 08:00:00,4786722.78,,
2026-08-28 09:00:00,4781804.47,,
2026-08-28 10:00:00,4839010.52,,
2026-08-28 11:00:00,4839709.63,,
2026-08-28 12:00:00,4819496.97,,
2026-08-28 13:00:00,4810059.92,,
2026-08-28 14:00:00,4791483.52,,
2026-08-28 15:00:00,4830130.31,,
2026-08-28 16:00:00,4753710.69,,
2026-08-28 17:00:00,4711649.13,,
2026-08-28 18:00:00,4639987.39,,
2026-08-28 19:00:00,4669358.68,,
2026-08-28 20:00:00,4713440.23,,
2026-08-28 21:00:00,4724526.33,,
2026-08-28 22:00:00,4762998.77,,
2026-08-28 23:00:00,4780206.19,,
2026-08-29 00:00:00,4773326.37,,
2026-08-29 01:00:00,4787503.54,,
2026-08-29 02:00:00,4790178.48,,
2026-08-29 03:00:00,4801106.72,,
2026-08-29 04:00:00,4777422.94,,
2026-08-29 05:00:00,4802686.05,,
2026-08-29 06:00:00,4791338.23,,
2026-08-29 07:00:00,4813796.57,,
2026-08-29 08:00:00,4819276.32,,
2026-08-29 09:00:00,4812878.88,,
2026-08-29 10:00:00,4787302.89,,
2026-08-29 11:00:00,4793537.69,,
2026-08-29 12:00:00,4787736.66,,
2026-08-29 13:00:00,4784407.45,,
2026-08-29 14:00:00,4752349.89,,
2026-08-29 15:00:00,4744482.07,,
2026-08-29 16:00:00,4750937.32,,
2026-08-29 17:00:00,4759072.59,,
2026-08-29 18:00:00,4731343.86,,
2026-08-29 19:00:00,4734764.47,,
2026-08-29 20:00:00,4759587.58,,
2026-08-29 21:00:00,4770264.66,,
2026-08-29 22:00:00,4782411.93,,
2026-08-29 23:00:00,4784463.20,,
2026-08-30 00:00:00,4806050.00,,
2026-08-30 01:00:00,4770461.92,,
2026-08-30 02:00:00,4771429.60,,
2026-08-30 03:00:00,4764702.46,,
2026-08-30 04:00:00,4735925.83,,
2026-08-30 05:00:00,4750213.67,,
2026-08-30 06:00:00,4754075.83,,
2026-08-30 07:00:00,4737660.22,,
2026-08-30 08:00:00,4729413.61,,
2026-08-30 09:00:00,4730406.29,,
2026-08-30 10:00:00,4748895.21,,
2026-08-30 11:00:00,4750464.27,,
2026-08-30 12:00:00,4765384.90,,
2026-08-30 13:00:00,4681102.71,,
2026-08-30 14:00:00,4706492.40,,
2026-08-30 15:00:00,4693561.55,,
2026-08-30 16:00:00,4703861.50,,
2026-08-30 17:00:00,4713893.00,,
2026-08-30 18:00:00,4707994.40,,
2026-08-30 19:00:00,4712899.09,,
2026-08-30 20:00:00,4711274.10,,
2026-08-30 21:00:00,4712170.36,,
2026-08-30 22:00:00,4711825.35,,
2026-08-30 23:00:00,4673697.90,,
2026-08-31 00:00:00,4716681.11,,
2026-08-31 01:00:00,4737130.88,,
2026-08-31 02:00:00,4705247.32,,
2026-08-31 03:00:00,4690147.55,,
2026-08-31 04:00:00,4712371.20,,
2026-08-31 05:00:00,4621784.84,,
2026-08-31 06:00:00,4616689.38,,
2026-08-31 07:00:00,4641761.25,,
2026-08-31 08:00:00,4692109.41,,
2026-08-31 09:00:00,4730609.74,,
2026-08-31 10:00:00,4796178.86,,
2026-08-31 11:00:00,4820814.96,,
2026-08-31 12:00:00,4750480.91,,
2026-08-31 13:00:00,4663433.36,,
2026-08-31 14:00:00,4603045.44,,
2026-08-31 15:00:00,4637163.11,,
2026-08-31 16:00:00,4568962.43,,
2026-08-31 17:00:00,4646281.86,,
2026-08-31 18:00:00,4584168.76,,
2026-08-31 19:00:00,4586483.13,,
2026-08-31 20:00:00,4563321.44,,
2026-08-31 21:00:00,4606898.36,,
2026-08-31 22:00:00,4578103.97,,
2026-08-31 23:00:00,4581538.94,,
2026-09-01 00:00:00,4576739.62,,
2026-09-01 01:00:00,4580855.80,,
2026-09-01 02:00:00,4584581.15,,
2026-09-01 03:00:00,4562219.91,,
2026-09-01 04:00:00,4538700.60,,
2026-09-01 05:00:00,4541052.85,,
2026-09-01 06:00:00,4616774.15,,
2026-09-01 07:00:00,4549234.57,,
2026-09-01 08:00:00,4534551.12,,
2026-09-01 09:00:00,4476641.72,,
2026-09-01 10:00:00,4454219.82,,
2026-09-01 11:00:00,4502151.46,,
2026-09-01 12:00:00,4511839.26,,
2026-09-01 13:00:00,4461777.29,,
2026-09-01 14:00:00,4630110.20,,
2026-09-01 15:00:00,4583537.78,,
2026-09-01 16:00:00,4542527.76,,
2026-09-01 17:00:00,4476352.26,,
2026-09-01 18:00:00,4475423.85,,
2026-09-01 19:00:00,4543133.76,,
2026-09-01 20:00:00,4629199.86,,
2026-09-01 21:00:00,4773917.72,,
2026-09-01 22:00:00,4913816.59,,
2026-09-01 23:00:00,4937038.33,,
2026-09-02 00:00:00,5057849.88,,
2026-09-02 01:00:00,5107697.21,,
2026-09-02 02:00:00,4889587.79,,
2026-09-02 03:00:00,4900254.54,,
2026-09-02 04:00:00,4859905.97,,
2026-09-02 05:00:00,4880162.66,,
2026-09-02 06:00:00,4865205.73,,
2026-09-02 07:00:00,4933659.43,,
2026-09-02 08:00:00,4959189.88,,
2026-09-02 09:00:00,4981631.36,,
2026-09-02 10:00:00,4944093.19,,
2026-09-02 11:00:00,4872077.24,,
2026-09-02 12:00:00,4885243.85,,
2026-09-02 13:00:00,4829917.17,,
2026-09-02 14:00:00,4824507.03,,
2026-09-02 15:00:00,4741326.01,,
2026-09-02 16:00:00,4992825.93,,
2026-09-02 17:00:00,4985439.90,,
2026-09-02 18:00:00,4960592.32,,
2026-09-02 19:00:00,4965949.16,,
2026-09-02 20:00:00,4920445.73,,
2026-09-02 21:00:00,4854311.84,,
2026-09-02 22:00:00,4848541.02,,
2026-09-02 23:00:00,4793490.27,,
2026-09-03 00:00:00,4916969.75,,
2026-09-03 01:00:00,4826730.94,,
2026-09-03 02:00:00,4803350.30,,
2026-09-03 03:00:00,4791770.86,,
2026-09-03 04:00:00,4802116.84,,
2026-09-03 05:00:00,4796418.87,,
2026-09-03 06:00:00,4794222.79,,
2026-09-03 07:00:00,4816948.03,,
2026-09-03 08:00:00,4802341.18,,
2026-09-03 09:00:00,4830385.14,,
2026-09-03 10:00:00,4827859.48,,
2026-09-03 11:00:00,4857285.05,,
2026-09-03 12:00:00,4825528.06,,
2026-09-03 13:00:00,4848888.70,,
2026-09-03 14:00:00,4850976.83,,
2026-09-03 15:00:00,4843659.58,,
2026-09-03 16:00:00,4848291.32,,
2026-09-03 17:00:00,4870404.52,,
2026-09-03 18:00:00,4834949.33,,
2026-09-03 19:00:00,4855337.02,,
2026-09-03 20:00:00,4840136.43,,
2026-09-03 21:00:00,4915390.55,,
2026-09-03 22:00:00,4946067.57,,
2026-09-03 23:00:00,4941026.17,,
2026-09-04 00:00:00,4961387.24,,
2026-09-04 01:00:00,4947396.25,,
2026-09-04 02:00:00,4953807.42,,
2026-09-04 03:00:00,4995888.33,,
2026-09-04 04:00:00,5004208.29,,
2026-09-04 05:00:00,4993858.98,,
2026-09-04 06:00:00,5021317.28,,
2026-09-04 07:00:00,5051571.03,,
2026-09-04 08:00:00,5049898.43,,
2026-09-04 09:00:00,5060196.58,,
2026-09-04 10:00:00,5055244.60,,
2026-09-04 11:00:00,5065291.91,,
2026-09-04 12:00:00,5102792.90,,
2026-09-04 13:00:00,5067508.35,,
2026-09-04 14:00:00,5085857.37,,
2026-09-04 15:00:00,5128377.50,,
2026-09-04 16:00:00,5148719.59,,
2026-09-04 17:00:00,5183006.35,,
2026-09-04 18:00:00,5186942.37,,
2026-09-04 19:00:00,5156188.68,,
2026-09-04 20:00:00,5156101.36,,
2026-09-04 21:00:00,5183059.08,,
2026-09-04 22:00:00,5200769.89,,
2026-09-04 23:00:00,5110587.48,,
2026-09-05 00:00:00,5178301.32,,
2026-09-05 01:00:00,5114081.30,,
2026-09-05 02:00:00,5090587.86,,
2026-09-05 03:00:00,5112615.54,,
2026-09-05 04:00:00,5116844.85,,
2026-09-05 05:00:00,5134366.41,,
2026-09-05 06:00:00,5143379.36,,
2026-09-05 07:00:00,5185459.78,,
2026-09-05 08:00:00,5206375.31,,
2026-09-05 09:00:00,5200418.53,,
2026-09-05 10:00:00,5221075.33,,
2026-09-05 11:00:00,5197411.12,,
2026-09-05 12:00:00,5245949.05,,
2026-09-05 13:00:00,5221130.09,,
2026-09-05 14:00:00,5264730.72,,
2026-09-05 15:00:00,5302651.56,,
2026-09-05 16:00:00,5259634.23,,
2026-09-05 17:00:00,5254236.13,,
2026-09-05 18:00:00,5260135.11,,
2026-09-05 19:00:00,5273735.80,,
2026-09-05 20:00:00,5286146.64,,
2026-09-05 21:00:00,5292437.02,,
2026-09-05 22:00:00,5312673.52,,
2026-09-05 23:00:00,5393563.34,,
2026-09-06 00:00:00,5426369.21,,
2026-09-06 01:00:00,5416394.80,,
2026-09-06 02:00:00,5432560.73,,
2026-09-06 03:00:00,5433799.85,,
2026-09-06 04:00:00,5436400.67,,
2026-09-06 05:00:00,5370209.86,,
2026-09-06 06:00:00,5358053.25,,
2026-09-06 07:00:00,5291746.39,,
2026-09-06 08:00:00,5357550.18,,
2026-09-06 09:00:00,5461231.63,,
2026-09-06 10:00:00,5480494.15,,
2026-09-06 11:00:00,5692441.94,,
2026-09-06 12:00:00,5666511.38,,
2026-09-06 13:00:00,5788682.65,,
2026-09-06 14:00:00,5549455.32,,
2026-09-06 15:00:00,5561127.97,,
2026-09-06 16:00:00,5537899.85,,
2026-09-06 17:00:00,5528216.40,,
2026-09-06 18:00:00,5528793.83,,
2026-09-06 19:00:00,5568974.56,,
2026-09-06 20:00:00,5620243.89,,
2026-09-06 21:00:00,5584295.71,,
2026-09-06 22:00:00,5589979.68,,
2026-09-06 23:00:00,5622967.85,,
2026-09-07 00:00:00,5604206.85,,
2026-09-07 01:00:00,5584801.43,,
2026-09-07 02:00:00,5640135.98,,
2026-09-07 03:00:00,5754975.30,,
2026-09-07 04:00:00,5608644.08,,
2026-09-07 05:00:00,5627093.40,,
2026-09-07 06:00:00,5580194.75,,
2026-09-07 07:00:00,5683847.83,,
2026-09-07 08:00:00,5710716.99,,
2026-09-07 09:00:00,5625017.72,,
2026-09-07 10:00:00,5712836.33,,
2026-09-07 11:00:00,5753300.50,,
2026-09-07 12:00:00,5633245.70,,
2026-09-07 13:00:00,5688815.21,,
2026-09-07 14:00:00,5643098.28,,
2026-09-07 15:00:00,5617537.03,,
2026-09-07 16:00:00,5523640.26,,
2026-09-07 17:00:00,5522582.83,,
2026-09-07 18:00:00,5451542.69,,
2026-09-07 19:00:00,5564353.47,,
2026-09-07 20:00:00,5652542.85,,
2026-09-07 21:00:00,5648260.98,,
2026-09-07 22:00:00,5681356.05,,
2026-09-07 23:00:00,5703341.03,,
2026-09-08 00:00:00,5618567.62,,
2026-09-08 01:00:00,5570740.01,,
2026-09-08 02:00:00,5661054.81,,
2026-09-08 03:00:00,5595113.13,,
2026-09-08 04:00:00,5756574.47,,
2026-09-08 05:00:00,5720166.73,,
2026-09-08 06:00:00,5675518.63,,
2026-09-08 07:00:00,5771221.00,,
2026-09-08 08:00:00,5824028.09,,
2026-09-08 09:00:00,5975480.76,,
2026-09-08 10:00:00,6156831.67,,
2026-09-08 11:00:00,6172172.74,,
2026-09-08 12:00:00,6287159.66,,
2026-09-08 13:00:00,6168637.13,,
2026-09-08 14:00:00,5861258.78,,
2026-09-08 15:00:00,6015317.51,,
2026-09-08 16:00:00,6060157.60,,
2026-09-08 17:00:00,6004600.11,,
2026-09-08 18:00:00,6024741.59,,
2026-09-08 19:00:00,6079542.65,,
2026-09-08 20:00:00,6064945.18,,
2026-09-08 21:00:00,6056603.41,,
2026-09-08 22:00:00,6072489.02,,
2026-09-08 23:00:00,6069401.54,,
2026-09-09 00:00:00,6103941.52,,
2026-09-09 01:00:00,6003949.60,,
2026-09-09 02:00:00,5774928.86,,
2026-09-09 03:00:00,5729889.59,,
2026-09-09 04:00:00,5872170.84,,
2026-09-09 05:00:00,5883753.98,,
2026-09-09 06:00:00,5782467.09,,
2026-09-09 07:00:00,5922847.57,,
2026-09-09 08:00:00,5863851.49,,
2026-09-09 09:00:00,5981585.52,,
2026-09-09 10:00:00,5928590.80,,
2026-09-09 11:00:00,5792328.55,,
2026-09-09 12:00:00,5608383.71,,
2026-09-09 13:00:00,5462142.87,,
2026-09-09 14:00:00,5415898.60,,
2026-09-09 15:00:00,5211421.73,,
2026-09-09 16:00:00,4970420.98,,
2026-09-09 17:00:00,5034069.84,,
2026-09-09 18:00:00,5082940.77,,
2026-09-09 19:00:00,5115771.29,,
2026-09-09 20:00:00,5120151.70,,
2026-09-09 21:00:00,5079865.45,,
2026-09-09 22:00:00,5059762.62,,
2026-09-09 23:00:00,4792286.73,,
2026-09-10 00:00:00,4843257.33,,
2026-09-10 01:00:00,4734472.60,,
2026-09-10 02:00:00,4663794.26,,
2026-09-10 03:00:00,4305349.16,,
2026-09-10 04:00:00,4075857.51,,
2026-09-10 05:00:00,4351160.39,,
2026-09-10 06:00:00,4517067.62,,
2026-09-10 07:00:00,4571542.37,,
2026-09-10 08:00:00,4464457.95,,
2026-09-10 09:00:00,4591007.49,,
2026-09-10 10:00:00,4563106.15,,
2026-09-10 11:00:00,4477894.85,,
2026-09-10 12:00:00,4453539.47,,
2026-09-10 13:00:00,4392237.67,,
2026-09-10 14:00:00,4349344.67,,
2026-09-10 15:00:00,4369203.58,,
2026-09-10 16:00:00,4352396.63,,
2026-09-10 17:00:00,4280046.86,,
2026-09-10 18:00:00,4622195.74,,
2026-09-10 19:00:00,4629407.72,,
2026-09-10 20:00:00,4594053.54,,
2026-09-10 21:00:00,4635970.67,,
2026-09-10 22:00:00,4647785.39,,
2026-09-10 23:00:00,4642672.21,,
2026-09-11 00:00:00,4622937.29,,
2026-09-11 01:00:00,4634394.22,,
2026-09-11 02:00:00,4667397.64,,
2026-09-11 03:00:00,4611090.82,,
2026-09-11 04:00:00,4664136.72,,
2026-09-11 05:00:00,4680412.33,,
2026-09-11 06:00:00,4667841.54,,
2026-09-11 07:00:00,4680658.47,,
2026-09-11 08:00:00,4645245.41,,
2026-09-11 09:00:00,4662851.63,,
2026-09-11 10:00:00,4663954.36,,
2026-09-11 11:00:00,4680932.85,,
2026-09-11 12:00:00,4687145.75,,
2026-09-11 13:00:00,4744295.90,,
2026-09-11 14:00:00,4769451.43,,
2026-09-11 15:00:00,4756039.66,,
2026-09-11 16:00:00,4740921.04,,
2026-09-11 17:00:00,4779312.36,,
2026-09-11 18:00:00,4767483.39,,
2026-09-11 19:00:00,4771096.75,,
2026-09-11 20:00:00,4755824.62,,
2026-09-11 21:00:00,4753527.90,,
2026-09-11 22:00:00,4755315.06,,
2026-09-11 23:00:00,4766328.49,,
2026-09-12 00:00:00,4787978.18,,
2026-09-12 01:00:00,4811550.65,,
2026-09-12 02:00:00,4782236.31,,
2026-09-12 03:00:00,4773439.59,,
2026-09-12 04:00:00,4799158.84,,
2026-09-12 05:00:00,4770562.27,,
2026-09-12 06:00:00,4740387.74,,
2026-09-12 07:00:00,4736473.40,,
2026-09-12 08:00:00,4729124.14,,
2026-09-12 09:00:00,4733472.63,,
2026-09-12 10:00:00,4741833.98,,
2026-09-12 11:00:00,4732735.58,,
2026-09-12 12:00:00,4772509.45,,
2026-09-12 13:00:00,4715902.12,,
2026-09-12 14:00:00,4703993.66,,
2026-09-12 15:00:00,4697417.46,,
2026-09-12 16:00:00,4715193.38,,
2026-09-12 17:00:00,4713012.79,,
2026-09-12 18:00:00,4728618.39,,
2026-09-12 19:00:00,4750551.90,,
2026-09-12 20:00:00,4770105.46,,
2026-09-12 21:00:00,4755919.84,,
2026-09-12 22:00:00,4769788.74,,
2026-09-12 23:00:00,4768622.20,,
2026-09-13 00:00:00,4771165.16,,
2026-09-13 01:00:00,4762830.81,,
2026-09-13 02:00:00,4772936.42,,
2026-09-13 03:00:00,4757987.31,,
2026-09-13 04:00:00,4726737.70,,
2026-09-13 05:00:00,4720074.23,,
2026-09-13 06:00:00,4721301.24,,
2026-09-13 07:00:00,4728204.07,,
2026-09-13 08:00:00,4728480.46,,
2026-09-13 09:00:00,4732617.96,,
2026-09-13 10:00:00,4735189.22,,
2026-09-13 11:00:00,4718860.74,,
2026-09-13 12:00:00,4715852.17,,
2026-09-13 13:00:00,4778673.14,,
2026-09-13 14:00:00,4845187.69,,
2026-09-13 15:00:00,4838712.54,,
2026-09-13 16:00:00,4838906.89,,
2026-09-13 17:00:00,4837040.29,,
2026-09-13 18:00:00,4855358.25,,
2026-09-13 19:00:00,4862769.86,,
2026-09-13 20:00:00,4854786.78,,
2026-09-13 21:00:00,4870388.58,,
2026-09-13 22:00:00,4871771.23,,
2026-09-13 23:00:00,4816568.15,,
2026-09-14 00:00:00,4816558.01,,
2026-09-14 01:00:00,4846371.04,,
2026-09-14 02:00:00,4843493.40,,
2026-09-14 03:00:00,4869136.99,,
2026-09-14 04:00:00,4858926.60,,
2026-09-14 05:00:00,4840516.41,,
2026-09-14 06:00:00,4855105.28,,
2026-09-14 07:00:00,4830774.95,,
2026-09-14 08:00:00,4788683.71,,
2026-09-14 09:00:00,4806997.06,,
2026-09-14 10:00:00,4787948.36,,
2026-09-14 11:00:00,4827976.96,,
2026-09-14 12:00:00,4846874.39,,
2026-09-14 13:00:00,4815281.90,,
2026-09-14 14:00:00,4819802.65,,
2026-09-14 15:00:00,4825354.19,,
2026-09-14 16:00:00,4837258.97,,
2026-09-14 17:00:00,4840506.75,,
2026-09-14 18:00:00,4830720.85,,
2026-09-14 19:00:00,4798568.58,,
2026-09-14 20:00:00,4767601.83,,
2026-09-14 21:00:00,4798573.12,,
2026-09-14 22:00:00,4808970.35,,
2026-09-14 23:00:00,4809775.61,,
2026-09-15 00:00:00,4820920.92,,
2026-09-15 01:00:00,4822856.69,,
2026-09-15 02:00:00,4818167.07,,
2026-09-15 03:00:00,4833468.56,,
2026-09-15 04:00:00,4813267.51,,
2026-09-15 05:00:00,4781419.60,,
2026-09-15 06:00:00,4783685.32,,
2026-09-15 07:00:00,4776611.50,,
2026-09-15 08:00:00,4835343.98,,
2026-09-15 09:00:00,4844113.59,,
2026-09-15 10:00:00,4868717.54,,
2026-09-15 11:00:00,4798804.85,,
2026-09-15 12:00:00,4682881.75,,
2026-09-15 13:00:00,4561033.62,,
2026-09-15 14:00:00,4461205.95,,
2026-09-15 15:00:00,4405774.19,,
2026-09-15 16:00:00,4311856.56,,
2026-09-15 17:00:00,4296648.91,,
2026-09-15 18:00:00,4359700.11,,
2026-09-15 19:00:00,4244025.59,,
2026-09-15 20:00:00,4244965.85,,
2026-09-15 21:00:00,4197515.43,,
2026-09-15 22:00:00,4184584.17,,
2026-09-15 23:00:00,4235943.36,,
2026-09-16 00:00:00,4266288.61,,
2026-09-16 01:00:00,4181922.06,,
2026-09-16 02:00:00,4157461.65,,
2026-09-16 03:00:00,4248060.01,,
2026-09-16 04:00:00,4204628.22,,
2026-09-16 05:00:00,4213934.95,,
2026-09-16 06:00:00,4204385.11,,
2026-09-16 07:00:00,4207473.73,,
2026-09-16 08:00:00,4152414.13,,
2026-09-16 09:00:00,4118281.95,,
2026-09-16 10:00:00,4142934.61,,
2026-09-16 11:00:00,4096777.88,,
2026-09-16 12:00:00,4103404.50,,
2026-09-16 13:00:00,4072177.92,,
2026-09-16 14:00:00,4012565.27,,
2026-09-16 15:00:00,4024026.90,,
2026-09-16 16:00:00,4046363.87,,
2026-09-16 17:00:00,4060627.00,,
2026-09-16 18:00:00,4075485.31,,
2026-09-16 19:00:00,4104789.96,,
2026-09-16 20:00:00,4095563.39,,
2026-09-16 21:00:00,4078901.12,,
2026-09-16 22:00:00,4069163.39,,
2026-09-16 23:00:00,4095408.42,,
2026-09-17 00:00:00,4133073.37,,
2026-09-17 01:00:00,4145983.45,,
2026-09-17 02:00:00,4298175.57,,
2026-09-17 03:00:00,4238536.60,,
2026-09-17 04:00:00,4345455.30,,
2026-09-17 05:00:00,4433595.05,,
2026-09-17 06:00:00,4430511.34,,
2026-09-17 07:00:00,4447868.29,,
2026-09-17 08:00:00,4369698.48,,
2026-09-17 09:00:00,4338207.50,,
2026-09-17 10:00:00,4219046.99,,
2026-09-17 11:00:00,4316397.30,,
2026-09-17 12:00:00,4269881.75,,
2026-09-17 13:00:00,4265870.73,,
2026-09-17 14:00:00,4218174.11,,
2026-09-17 15:00:00,4147813.71,,
2026-09-17 16:00:00,4136708.16,,
2026-09-17 17:00:00,4147059.60,,
2026-09-17 18:00:00,4160193.75,,
2026-09-17 19:00:00,4181364.79,,
2026-09-17 20:00:00,4163612.68,,
2026-09-17 21:00:00,4162152.57,,
2026-09-17 22:00:00,4171870.04,,
2026-09-17 23:00:00,4157274.16,,
2026-09-18 00:00:00,4163568.91,,
2026-09-18 01:00:00,4170831.04,,
2026-09-18 02:00:00,4191080.20,,
2026-09-18 03:00:00,4168260.44,,
2026-09-18 04:00:00,4150826.22,,
2026-09-18 05:00:00,4171426.61,,
2026-09-18 06:00:00,4171093.08,,
2026-09-18 07:00:00,4153505.05,,
2026-09-18 08:00:00,4152961.03,,
2026-09-18 09:00:00,4129421.18,,
2026-09-18 10:00:00,4125477.44,,
2026-09-18 11:00:00,3914005.25,,
2026-09-18 12:00:00,4178295.97,,
2026-09-18 13:00:00,4676119.93,,
2026-09-18 14:00:00,4573605.47,,
2026-09-18 15:00:00,4408849.43,,
2026-09-18 16:00:00,4265257.30,,
2026-09-18 17:00:00,4469544.58,,
2026-09-18 18:00:00,4437345.75,,
2026-09-18 19:00:00,4595186.41,,
2026-09-18 20:00:00,4569284.53,,
2026-09-18 21:00:00,4531438.84,,
2026-09-18 22:00:00,4522734.26,,
2026-09-18 23:00:00,4700899.33,,
2026-09-19 00:00:00,4615565.08,,
2026-09-19 01:00:00,4651527.40,,
2026-09-19 02:00:00,4649218.53,,
2026-09-19 03:00:00,4744881.40,,
2026-09-19 04:00:00,4686792.91,,
2026-09-19 05:00:00,4684675.41,,
2026-09-19 06:00:00,4674647.97,,
2026-09-19 07:00:00,4715421.65,,
2026-09-19 08:00:00,4916575.56,,
2026-09-19 09:00:00,5281772.06,,
2026-09-19 10:00:00,5379100.03,,
2026-09-19 11:00:00,5331482.33,,
2026-09-19 12:00:00,5259842.41,,
2026-09-19 13:00:00,5151344.73,,
2026-09-19 14:00:00,5106014.66,,
2026-09-19 15:00:00,5002702.59,,
2026-09-19 16:00:00,5018111.92,,
2026-09-19 17:00:00,5012837.07,,
2026-09-19 18:00:00,5039083.62,,
2026-09-19 19:00:00,4998459.18,,
2026-09-19 20:00:00,5062989.69,,
2026-09-19 21:00:00,4940558.42,,
2026-09-19 22:00:00,4967981.42,,
2026-09-19 23:00:00,4926315.05,,
2026-09-20 00:00:00,4912222.95,,
2026-09-20 01:00:00,4929520.37,,
2026-09-20 02:00:00,4913624.30,,
2026-09-20 03:00:00,4834053.34,,
2026-09-20 04:00:00,4904322.46,,
2026-09-20 05:00:00,4875321.10,,
2026-09-20 06:00:00,4832226.65,,
2026-09-20 07:00:00,4786986.41,,
2026-09-20 08:00:00,4709927.47,,
2026-09-20 09:00:00,4657072.66,,
2026-09-20 10:00:00,4903150.00,,
2026-09-20 11:00:00,4815586.13,,
2026-09-20 12:00:00,4892483.44,,
2026-09-20 13:00:00,4814990.24,,
2026-09-20 14:00:00,4824811.39,,
2026-09-20 15:00:00,4912455.97,,
2026-09-20 16:00:00,4934039.91,,
2026-09-20 17:00:00,4903648.58,,
2026-09-20 18:00:00,4910624.39,,
2026-09-20 19:00:00,4879247.34,,
2026-09-20 20:00:00,4877775.76,,
2026-09-20 21:00:00,4881050.19,,
2026-09-20 22:00:00,4882029.68,,
2026-09-20 23:00:00,4909951.55,,
2026-09-21 00:00:00,4903886.30,,
2026-09-21 01:00:00,4867640.42,,
2026-09-21 02:00:00,4816677.57,,
2026-09-21 03:00:00,4863956.98,,
2026-09-21 04:00:00,4901111.73,,
2026-09-21 05:00:00,4894541.83,,
2026-09-21 06:00:00,4899545.24,,
2026-09-21 07:00:00,4896117.26,,
2026-09-21 08:00:00,4922444.84,,
2026-09-21 09:00:00,4980943.47,,
2026-09-21 10:00:00,4970411.90,,
2026-09-21 11:00:00,4984303.49,,
2026-09-21 12:00:00,4988336.58,,
2026-09-21 13:00:00,4967219.04,,
2026-09-21 14:00:00,4894859.55,,
2026-09-21 15:00:00,4911881.21,,
2026-09-21 16:00:00,4873536.91,,
2026-09-21 17:00:00,4857265.26,,
2026-09-21 18:00:00,4801516.20,,
2026-09-21 19:00:00,4853033.38,,
2026-09-21 20:00:00,4868078.53,,
2026-09-21 21:00:00,4847465.66,,
2026-09-21 22:00:00,4870912.90,,
2026-09-21 23:00:00,4913972.01,,
2026-09-22 00:00:00,4969414.80,,
2026-09-22 01:00:00,4969254.73,,
2026-09-22 02:00:00,4953910.12,,
2026-09-22 03:00:00,4905499.18,,
2026-09-22 04:00:00,4933215.97,,
2026-09-22 05:00:00,4916143.72,,
2026-09-22 06:00:00,4916217.47,,
2026-09-22 07:00:00,4898527.82,,
2026-09-22 08:00:00,4901931.12,,
2026-09-22 09:00:00,4877672.49,,
2026-09-22 10:00:00,4832635.28,,
2026-09-22 11:00:00,4827867.12,,
2026-09-22 12:00:00,4817815.11,,
2026-09-22 13:00:00,4827372.86,,
2026-09-22 14:00:00,4819659.15,,
2026-09-22 15:00:00,4784316.78,,
2026-09-22 16:00:00,4807069.58,,
2026-09-22 17:00:00,4890865.11,,
2026-09-22 18:00:00,4852049.73,,
2026-09-22 19:00:00,4913750.13,,
2026-09-22 20:00:00,4869417.61,,
2026-09-22 21:00:00,4899222.00,,
2026-09-22 22:00:00,4914728.64,,
2026-09-22 23:00:00,4915688.38,,
2026-09-23 00:00:00,4948556.50,,
2026-09-23 01:00:00,4972617.06,,
2026-09-23 02:00:00,4996198.45,,
2026-09-23 03:00:00,5017487.38,,
2026-09-23 04:00:00,5037048.64,,
2026-09-23 05:00:00,5071925.55,,
2026-09-23 06:00:00,5088924.63,,
2026-09-23 07:00:00,5151996.30,,
2026-09-23 08:00:00,5188532.09,,
2026-09-23 09:00:00,5188892.71,,
2026-09-23 10:00:00,5219905.89,,
2026-09-23 11:00:00,5235043.39,,
2026-09-23 12:00:00,5220918.37,,
2026-09-23 13:00:00,5245281.82,,
2026-09-23 14:00:00,5289558.21,,
2026-09-23 15:00:00,5098039.60,,
2026-09-23 16:00:00,4937247.38,,
2026-09-23 17:00:00,4898008.53,,
2026-09-23 18:00:00,4955055.67,,
2026-09-23 19:00:00,4913960.89,,
2026-09-23 20:00:00,4894221.01,,
2026-09-23 21:00:00,4853908.18,,
2026-09-23 22:00:00,4830525.07,,
2026-09-23 23:00:00,4853989.65,,
2026-09-24 00:00:00,4848030.62,,
2026-09-24 01:00:00,4829303.68,,
2026-09-24 02:00:00,4805844.79,,
2026-09-24 03:00:00,4847440.18,,
2026-09-24 04:00:00,4836274.02,,
2026-09-24 05:00:00,4855164.30,,
2026-09-24 06:00:00,4833440.28,,
2026-09-24 07:00:00,4815110.25,,
2026-09-24 08:00:00,4857259.53,,
2026-09-24 09:00:00,4801853.87,,
2026-09-24 10:00:00,4807633.75,,
2026-09-24 11:00:00,4853248.62,,
2026-09-24 12:00:00,4826480.37,,
2026-09-24 13:00:00,4867837.53,,
2026-09-24 14:00:00,4888241.63,,
2026-09-24 15:00:00,4914634.29,,
2026-09-24 16:00:00,4934377.48,,
2026-09-24 17:00:00,4954201.84,,
2026-09-24 18:00:00,4927044.95,,
2026-09-24 19:00:00,4934830.39,,
2026-09-24 20:00:00,4921746.04,,
2026-09-24 21:00:00,4900305.66,,
2026-09-24 22:00:00,4925107.04,,
2026-09-24 23:00:00,4879517.49,,
2026-09-25 00:00:00,4901390.52,,
2026-09-25 01:00:00,4923997.39,,
2026-09-25 02:00:00,4916751.74,,
2026-09-25 03:00:00,4886930.23,,
2026-09-25 04:00:00,4888207.32,,
2026-09-25 05:00:00,4936629.83,,
2026-09-25 06:00:00,4877928.01,,
2026-09-25 07:00:00,4897659.92,,
2026-09-25 08:00:00,4914784.75,,
2026-09-25 09:00:00,4948174.30,,
2026-09-25 10:00:00,4974766.35,,
2026-09-25 11:00:00,4945667.55,,
2026-09-25 12:00:00,4953438.33,,
2026-09-25 13:00:00,4966007.07,,
2026-09-25 14:00:00,4898679.20,,
2026-09-25 15:00:00,4939622.20,,
2026-09-25 16:00:00,4896208.48,,
2026-09-25 17:00:00,4954378.99,,
2026-09-25 18:00:00,5061854.51,,
2026-09-25 19:00:00,4997685.56,,
2026-09-25 20:00:00,4942167.70,,
2026-09-25 21:00:00,4977688.65,,
2026-09-25 22:00:00,4905616.78,,
2026-09-25 23:00:00,4942084.72,,
2026-09-26 00:00:00,4941124.36,,
2026-09-26 01:00:00,4915304.77,,
2026-09-26 02:00:00,4963922.73,,
2026-09-26 03:00:00,4940182.01,,
2026-09-26 04:00:00,4952059.25,,
2026-09-26 05:00:00,5029004.80,,
2026-09-26 06:00:00,4995649.96,,
2026-09-26 07:00:00,4989470.74,,
2026-09-26 08:00:00,5018159.27,,
2026-09-26 09:00:00,5045812.56,,
2026-09-26 10:00:00,5065617.55,,
2026-09-26 11:00:00,5094038.65,,
2026-09-26 12:00:00,5044768.35,,
2026-09-26 13:00:00,5007526.52,,
2026-09-26 14:00:00,5012826.15,,
2026-09-26 15:00:00,5160508.37,,
2026-09-26 16:00:00,5151472.77,,
2026-09-26 17:00:00,5162777.03,,
2026-09-26 18:00:00,5148478.39,,
2026-09-26 19:00:00,5131452.03,,
2026-09-26 20:00:00,5092696.34,,
2026-09-26 21:00:00,5090757.94,,
2026-09-26 22:00:00,5128739.25,,
2026-09-26 23:00:00,5186299.52,,
2026-09-27 00:00:00,5166278.33,,
2026-09-27 01:00:00,5136907.94,,
2026-09-27 02:00:00,5129390.66,,
2026-09-27 03:00:00,5099880.18,,
2026-09-27 04:00:00,5102220.98,,
2026-09-27 05:00:00,5119388.69,,
2026-09-27 06:00:00,5153670.84,,
2026-09-27 07:00:00,5138298.30,,
2026-09-27 08:00:00,5169273.12,,
2026-09-27 09:00:00,5164269.79,,
