time,oi_A,oi_6,oi_3
2026-04-25 12:00:00,1957227.47,,516281.82
2026-04-25 13:00:00,1944005.36,,506779.45
2026-04-25 14:00:00,1956306.28,,507181.26
2026-04-25 15:00:00,1941433.48,,509191.86
2026-04-25 16:00:00,1918058.33,,508209.06
2026-04-25 17:00:00,1901461.71,,504174.68
2026-04-25 18:00:00,1903019.31,,505993.32
2026-04-25 19:00:00,1919956.15,,508664.60
2026-04-25 20:00:00,1926168.25,,509110.97
2026-04-25 21:00:00,1917567.13,,508392.16
2026-04-25 22:00:00,1923741.46,,508015.26
2026-04-25 23:00:00,1920183.58,,506828.57
2026-04-26 00:00:00,1922988.84,,506437.15
2026-04-26 01:00:00,1915266.46,,503662.90
2026-04-26 02:00:00,1910295.86,,501517.76
2026-04-26 03:00:00,1923376.54,,503885.96
2026-04-26 04:00:00,1916283.80,,501908.98
2026-04-26 05:00:00,1937150.93,,503363.09
2026-04-26 06:00:00,1943801.04,,510170.56
2026-04-26 07:00:00,1949273.61,,507759.59
2026-04-26 08:00:00,1953626.18,,508507.98
2026-04-26 09:00:00,1950173.81,,511305.30
2026-04-26 10:00:00,1945261.89,,509800.70
2026-04-26 11:00:00,1947824.67,,508004.41
2026-04-26 12:00:00,1967173.57,,506692.70
2026-04-26 13:00:00,1952028.64,,501025.84
2026-04-26 14:00:00,1942327.94,,495058.33
2026-04-26 15:00:00,1942199.51,,497094.55
2026-04-26 16:00:00,1951197.78,,500490.80
2026-04-26 17:00:00,1937564.77,,494623.62
2026-04-26 18:00:00,1937596.33,,494090.69
2026-04-26 19:00:00,1947985.06,,497478.64
2026-04-26 20:00:00,1951745.80,,497851.09
2026-04-26 21:00:00,1950591.06,,499988.21
2026-04-26 22:00:00,1945026.23,,498648.04
2026-04-26 23:00:00,1944194.89,,498726.67
2026-04-27 00:00:00,1937960.65,,500451.07
2026-04-27 01:00:00,1941245.12,,499145.27
2026-04-27 02:00:00,1942459.86,,498677.30
2026-04-27 03:00:00,1934575.40,,494176.25
2026-04-27 04:00:00,1937313.13,,503084.72
2026-04-27 05:00:00,1933294.80,,501607.98
2026-04-27 06:00:00,2026087.61,,500386.70
2026-04-27 07:00:00,1913045.09,,474981.30
2026-04-27 08:00:00,1906938.20,,468478.64
2026-04-27 09:00:00,1909313.61,,473195.99
2026-04-27 10:00:00,1908449.28,,476167.49
2026-04-27 11:00:00,1894427.30,,472591.17
2026-04-27 12:00:00,1902654.12,,473890.99
2026-04-27 13:00:00,1874071.58,,472596.23
2026-04-27 14:00:00,1865465.40,,470415.11
2026-04-27 15:00:00,1867384.89,,473057.99
2026-04-27 16:00:00,1834917.57,,466299.03
2026-04-27 17:00:00,1846117.49,,470598.17
2026-04-27 18:00:00,1852542.23,,470651.11
2026-04-27 19:00:00,1844893.86,,469688.42
2026-04-27 20:00:00,1853115.26,,468017.19
2026-04-27 21:00:00,1857246.37,,467474.80
2026-04-27 22:00:00,1855768.58,,467065.61
2026-04-27 23:00:00,1864132.75,,467008.61
2026-04-28 00:00:00,1871728.87,,466405.02
2026-04-28 01:00:00,1867026.46,,462126.90
2026-04-28 02:00:00,1865550.67,,459469.64
2026-04-28 03:00:00,1857164.07,,454589.63
2026-04-28 04:00:00,1857169.83,,452896.80
2026-04-28 05:00:00,1863986.08,,452484.50
2026-04-28 06:00:00,1863773.81,,450719.25
2026-04-28 07:00:00,1860873.90,,447885.41
2026-04-28 08:00:00,1858644.02,,442954.36
2026-04-28 09:00:00,1862603.51,,447436.17
2026-04-28 10:00:00,1856950.17,,447019.26
2026-04-28 11:00:00,1861574.93,,445738.57
2026-04-28 12:00:00,1855764.20,,440872.04
2026-04-28 13:00:00,1869968.85,,450285.43
2026-04-28 14:00:00,1872737.99,,454387.18
2026-04-28 15:00:00,1872242.03,,455122.65
2026-04-28 16:00:00,1882970.10,,455481.84
2026-04-28 17:00:00,1879450.34,,452073.13
2026-04-28 18:00:00,1912725.27,,456283.03
2026-04-28 19:00:00,1927652.61,,457238.08
2026-04-28 20:00:00,1916244.68,,455879.87
2026-04-28 21:00:00,1918986.29,,456797.72
2026-04-28 22:00:00,1912827.28,,454489.84
2026-04-28 23:00:00,1919651.52,,454818.33
2026-04-29 00:00:00,1915971.88,,462294.62
2026-04-29 01:00:00,1923360.35,,460269.51
2026-04-29 02:00:00,1916483.02,,458019.18
2026-04-29 03:00:00,1917932.96,,456343.61
2026-04-29 04:00:00,1933122.34,,458387.06
2026-04-29 05:00:00,1933398.39,,451523.53
2026-04-29 06:00:00,1935933.65,,453854.32
2026-04-29 07:00:00,1935644.24,,448523.17
2026-04-29 08:00:00,1914462.47,,449537.17
2026-04-29 09:00:00,1911927.62,,448516.12
2026-04-29 10:00:00,1954915.05,,453123.95
2026-04-29 11:00:00,1959323.37,,456378.57
2026-04-29 12:00:00,1956229.80,,456445.90
2026-04-29 13:00:00,1986430.78,,462322.77
2026-04-29 14:00:00,1963567.83,,465083.85
2026-04-29 15:00:00,1968207.27,,458822.31
2026-04-29 16:00:00,1932818.23,,443872.02
2026-04-29 17:00:00,1909545.16,,441958.07
2026-04-29 18:00:00,1919047.16,,452432.38
2026-04-29 19:00:00,1926739.49,,434696.40
2026-04-29 20:00:00,1922572.90,,443803.26
2026-04-29 21:00:00,1933941.45,,455534.75
2026-04-29 22:00:00,2091939.45,,486640.55
2026-04-29 23:00:00,2056960.42,,477340.49
2026-04-30 00:00:00,2083464.68,,485694.38
2026-04-30 01:00:00,2143966.41,,500286.34
2026-04-30 02:00:00,2160028.72,,534132.71
2026-04-30 03:00:00,2003241.64,,505887.77
2026-04-30 04:00:00,1991816.96,,489331.97
2026-04-30 05:00:00,1976543.35,,475861.30
2026-04-30 06:00:00,1986772.14,,479372.62
2026-04-30 07:00:00,1999908.32,,479909.53
2026-04-30 08:00:00,2014644.16,,487602.87
2026-04-30 09:00:00,1991406.78,,484497.32
2026-04-30 10:00:00,1991351.18,,482641.94
2026-04-30 11:00:00,1997647.21,,490088.82
2026-04-30 12:00:00,1971191.72,,481016.17
2026-04-30 13:00:00,1958315.87,,480027.19
2026-04-30 14:00:00,1964671.16,,485983.84
2026-04-30 15:00:00,1954993.94,,483975.18
2026-04-30 16:00:00,1965377.80,,484667.87
2026-04-30 17:00:00,1961078.44,,485417.31
2026-04-30 18:00:00,1953137.55,,484497.04
2026-04-30 19:00:00,1934402.65,,481082.74
2026-04-30 20:00:00,1934202.89,,480176.01
2026-04-30 21:00:00,1935813.29,,499922.25
2026-04-30 22:00:00,1937629.97,,500431.50
2026-04-30 23:00:00,1939808.73,,498358.68
2026-05-01 00:00:00,1947871.54,,497924.40
2026-05-01 01:00:00,1953306.50,,497398.72
2026-05-01 02:00:00,1965194.35,,499974.23
2026-05-01 03:00:00,1946360.10,,498670.40
2026-05-01 04:00:00,1957768.61,,504479.81
2026-05-01 05:00:00,1950591.82,,501901.06
2026-05-01 06:00:00,1952803.57,,496874.12
2026-05-01 07:00:00,1953150.62,,493345.06
2026-05-01 08:00:00,1954431.13,,487979.63
2026-05-01 09:00:00,1971472.65,,488783.38
2026-05-01 10:00:00,1973558.87,,488505.23
2026-05-01 11:00:00,1973580.93,,487180.43
2026-05-01 12:00:00,1981354.82,,482255.86
2026-05-01 13:00:00,1984553.75,,483551.23
2026-05-01 14:00:00,1995672.80,,487155.30
2026-05-01 15:00:00,1985579.30,,486881.57
2026-05-01 16:00:00,1994062.03,,485399.41
2026-05-01 17:00:00,1987525.02,,484655.67
2026-05-01 18:00:00,1985396.09,,485995.59
2026-05-01 19:00:00,1994892.39,,486852.45
2026-05-01 20:00:00,1976660.81,,486534.34
2026-05-01 21:00:00,1955641.42,,487578.73
2026-05-01 22:00:00,1938136.80,,488476.64
2026-05-01 23:00:00,1926090.55,,488779.56
2026-05-02 00:00:00,1919263.68,,486954.59
2026-05-02 01:00:00,1914144.12,,486717.58
2026-05-02 02:00:00,1918645.36,,489598.09
2026-05-02 03:00:00,1910949.19,,497753.01
2026-05-02 04:00:00,1917041.32,,496267.66
2026-05-02 05:00:00,1902456.73,,492290.80
2026-05-02 06:00:00,1909171.58,,491510.92
2026-05-02 07:00:00,1914277.46,,489803.97
2026-05-02 08:00:00,1927554.53,,496903.49
2026-05-02 09:00:00,1926612.85,,495447.56
2026-05-02 10:00:00,1932827.93,,488651.74
2026-05-02 11:00:00,1926320.51,,487806.54
2026-05-02 12:00:00,1914052.18,,486360.74
2026-05-02 13:00:00,1914348.33,,486863.64
2026-05-02 14:00:00,1917847.76,,486642.32
2026-05-02 15:00:00,1927117.34,,494783.40
2026-05-02 16:00:00,1944271.93,,497278.33
2026-05-02 17:00:00,1968025.37,,509101.96
2026-05-02 18:00:00,1966918.72,,507285.05
2026-05-02 19:00:00,1961467.87,,507011.83
2026-05-02 20:00:00,1974491.13,,511041.56
2026-05-02 21:00:00,1974742.75,,511657.55
2026-05-02 22:00:00,1973950.94,,512147.27
2026-05-02 23:00:00,1963935.51,,507547.43
2026-05-03 00:00:00,1967560.92,,504710.60
2026-05-03 01:00:00,1971697.95,,507711.69
2026-05-03 02:00:00,1954042.90,,490859.48
2026-05-03 03:00:00,1943138.29,,495323.98
2026-05-03 04:00:00,1932425.79,,493720.03
2026-05-03 05:00:00,1925428.97,,493747.78
2026-05-03 06:00:00,1923684.33,,500327.81
2026-05-03 07:00:00,1926521.96,,501730.47
2026-05-03 08:00:00,1921751.17,,499361.45
2026-05-03 09:00:00,1939802.68,,500077.66
2026-05-03 10:00:00,1956447.20,,506210.39
2026-05-03 11:00:00,1945531.00,,501653.81
2026-05-03 12:00:00,1948348.97,,499711.00
2026-05-03 13:00:00,1968290.66,,502253.73
2026-05-03 14:00:00,1977223.34,,505899.34
2026-05-03 15:00:00,1996067.31,,517861.63
2026-05-03 16:00:00,1997137.11,,508932.48
2026-05-03 17:00:00,1994866.25,,508038.37
2026-05-03 18:00:00,2000287.40,,508062.50
2026-05-03 19:00:00,2012547.72,,509512.48
2026-05-03 20:00:00,2007909.14,,510657.99
2026-05-03 21:00:00,2003078.60,,508541.80
2026-05-03 22:00:00,1984509.13,,506890.98
2026-05-03 23:00:00,1983356.46,,506543.28
2026-05-04 00:00:00,1969414.99,,503369.94
2026-05-04 01:00:00,1978129.05,,511303.13
2026-05-04 02:00:00,1995479.30,,511936.10
2026-05-04 03:00:00,2007958.51,,522816.34
2026-05-04 04:00:00,2004542.22,,517620.56
2026-05-04 05:00:00,2007086.04,,524314.86
2026-05-04 06:00:00,1997790.04,,526390.10
2026-05-04 07:00:00,1999025.25,,526864.43
2026-05-04 08:00:00,1994985.86,,522534.89
2026-05-04 09:00:00,1994148.88,,522347.89
2026-05-04 10:00:00,2011142.39,,527005.20
2026-05-04 11:00:00,1994378.05,,518826.63
2026-05-04 12:00:00,2015894.89,,520434.11
2026-05-04 13:00:00,2024640.19,,521228.56
2026-05-04 14:00:00,2027232.60,,530826.08
2026-05-04 15:00:00,2055326.49,,543006.33
2026-05-04 16:00:00,2109345.30,,558829.20
2026-05-04 17:00:00,2202538.14,,574179.89
2026-05-04 18:00:00,2502395.54,,641190.29
2026-05-04 19:00:00,2444675.79,,638223.95
2026-05-04 20:00:00,2398033.42,,619744.71
2026-05-04 21:00:00,2401180.33,,621765.80
2026-05-04 22:00:00,2499219.67,,630760.39
2026-05-04 23:00:00,2477125.94,,604814.96
2026-05-05 00:00:00,2753227.52,,634659.38
2026-05-05 01:00:00,3164482.35,,697317.47
2026-05-05 02:00:00,3434472.30,,768778.26
2026-05-05 03:00:00,4160465.48,,895032.76
2026-05-05 04:00:00,4219652.81,,992013.48
2026-05-05 05:00:00,3621052.07,,973370.72
2026-05-05 06:00:00,3409377.70,,954372.64
2026-05-05 07:00:00,3324279.40,,855309.21
2026-05-05 08:00:00,3639590.80,,874680.09
2026-05-05 09:00:00,3569841.24,,871468.70
2026-05-05 10:00:00,3589009.12,,816841.87
2026-05-05 11:00:00,3674303.96,,818382.74
2026-05-05 12:00:00,3572707.79,,846939.43
2026-05-05 13:00:00,3489513.32,,822664.69
2026-05-05 14:00:00,3119727.01,,761215.74
2026-05-05 15:00:00,2967746.61,,729621.90
2026-05-05 16:00:00,2757178.27,,681568.69
2026-05-05 17:00:00,2753728.37,,667390.30
2026-05-05 18:00:00,2842124.69,,661732.48
2026-05-05 19:00:00,2803222.96,,661799.44
2026-05-05 20:00:00,2827560.04,,663646.62
2026-05-05 21:00:00,2871535.60,,640899.34
2026-05-05 22:00:00,2869153.37,,625493.39
2026-05-05 23:00:00,2900776.80,,634182.92
2026-05-06 00:00:00,2934080.62,,629371.76
2026-05-06 01:00:00,2857859.44,,620194.13
2026-05-06 02:00:00,3437743.03,,703688.87
2026-05-06 03:00:00,3291693.80,,714375.57
2026-05-06 04:00:00,3150664.73,,711034.91
2026-05-06 05:00:00,3297041.79,,724957.21
2026-05-06 06:00:00,3139342.47,,670165.08
2026-05-06 07:00:00,2920555.78,,619173.93
2026-05-06 08:00:00,2945792.20,,614520.48
2026-05-06 09:00:00,3483641.05,,676970.74
2026-05-06 10:00:00,3428829.50,,708494.83
2026-05-06 11:00:00,3672847.12,,720548.09
2026-05-06 12:00:00,3573075.35,,704456.62
2026-05-06 13:00:00,3407737.92,,681750.10
2026-05-06 14:00:00,3253828.81,,622570.83
2026-05-06 15:00:00,3115165.58,,585927.71
2026-05-06 16:00:00,3145411.13,,581011.94
2026-05-06 17:00:00,3244315.42,,575394.40
2026-05-06 18:00:00,3721342.69,,637872.93
2026-05-06 19:00:00,3712326.32,,638748.60
2026-05-06 20:00:00,3648535.00,,627451.86
2026-05-06 21:00:00,3655550.16,,621834.83
2026-05-06 22:00:00,3697827.81,,614168.17
2026-05-06 23:00:00,3758915.65,,618162.05
2026-05-07 00:00:00,3798372.02,,647514.05
2026-05-07 01:00:00,3799742.08,,649922.75
2026-05-07 02:00:00,4306310.28,,845674.02
2026-05-07 03:00:00,4994505.49,,1132118.68
2026-05-07 04:00:00,5004204.70,,1162313.59
2026-05-07 05:00:00,5079462.74,,1157996.20
2026-05-07 06:00:00,5062864.81,,1216577.47
2026-05-07 07:00:00,4778942.43,,1109260.99
2026-05-07 08:00:00,4621766.98,,1069736.36
2026-05-07 09:00:00,4425098.78,,983708.93
2026-05-07 10:00:00,4439034.78,,943448.39
2026-05-07 11:00:00,4321331.95,,912604.67
2026-05-07 12:00:00,4204755.80,,874342.11
2026-05-07 13:00:00,4179281.17,,842815.31
2026-05-07 14:00:00,4293880.51,,856416.94
2026-05-07 15:00:00,3893201.86,,773251.88
2026-05-07 16:00:00,3769299.97,,739671.41
2026-05-07 17:00:00,3777646.10,,719603.62
2026-05-07 18:00:00,4094483.97,,758354.45
2026-05-07 19:00:00,4171381.09,,769511.76
2026-05-07 20:00:00,4429250.99,,748607.52
2026-05-07 21:00:00,4600040.42,,776851.22
2026-05-07 22:00:00,4337772.65,,769836.63
2026-05-07 23:00:00,4456490.83,,779817.07
2026-05-08 00:00:00,4442863.95,,758062.45
2026-05-08 01:00:00,4537048.39,,872780.19
2026-05-08 02:00:00,4404235.93,,840969.95
2026-05-08 03:00:00,4287946.53,,797917.52
2026-05-08 04:00:00,4347667.11,,800670.71
2026-05-08 05:00:00,4270170.61,,770930.63
2026-05-08 06:00:00,4311255.86,,772646.03
2026-05-08 07:00:00,4320595.97,,746529.31
2026-05-08 08:00:00,3411185.36,,634494.69
2026-05-08 09:00:00,3239933.92,,603788.66
2026-05-08 10:00:00,3304614.55,,598742.97
2026-05-08 11:00:00,3259646.47,,573217.69
2026-05-08 12:00:00,3242429.25,,561334.25
2026-05-08 13:00:00,3270091.86,,550882.82
2026-05-08 14:00:00,3264042.87,,578376.70
2026-05-08 15:00:00,3335759.48,,592712.67
2026-05-08 16:00:00,3242344.73,,588510.57
2026-05-08 17:00:00,3254853.34,,599654.92
2026-05-08 18:00:00,3328027.16,,613624.84
2026-05-08 19:00:00,3292642.83,,603789.20
2026-05-08 20:00:00,3284086.25,,604634.72
2026-05-08 21:00:00,3275107.58,,625555.46
2026-05-08 22:00:00,3288511.23,,629196.44
2026-05-08 23:00:00,3294710.38,,627935.80
2026-05-09 00:00:00,3302760.75,,622917.91
2026-05-09 01:00:00,3331522.19,,611939.81
2026-05-09 02:00:00,3312504.00,,603187.19
2026-05-09 03:00:00,3428483.06,,616851.69
2026-05-09 04:00:00,3386209.18,,598834.56
2026-05-09 05:00:00,3292770.08,,601043.62
2026-05-09 06:00:00,3188975.09,,595580.70
2026-05-09 07:00:00,3162709.13,,585231.03
2026-05-09 08:00:00,3145700.31,,565926.41
2026-05-09 09:00:00,3122076.84,,550491.75
2026-05-09 10:00:00,3033731.22,,551702.65
2026-05-09 11:00:00,3057219.79,,558563.65
2026-05-09 12:00:00,3080119.20,,559086.70
2026-05-09 13:00:00,3054356.89,,554523.12
2026-05-09 14:00:00,2952752.51,,541033.46
2026-05-09 15:00:00,2918362.27,,526955.60
2026-05-09 16:00:00,2947818.14,,526452.07
2026-05-09 17:00:00,2924716.98,,521776.43
2026-05-09 18:00:00,2977586.52,,529425.76
2026-05-09 19:00:00,2994696.96,,525739.68
2026-05-09 20:00:00,2996876.40,,522457.51
2026-05-09 21:00:00,3003194.75,,515159.87
2026-05-09 22:00:00,3010456.01,,513025.67
2026-05-09 23:00:00,3017522.73,,514609.75
2026-05-10 00:00:00,2974578.85,,511883.95
2026-05-10 01:00:00,2871305.32,,509769.91
2026-05-10 02:00:00,2844744.80,,489286.87
2026-05-10 03:00:00,2858292.54,,496638.57
2026-05-10 04:00:00,2914959.86,,503252.89
2026-05-10 05:00:00,2910378.38,,509070.47
2026-05-10 06:00:00,2857085.41,,500259.13
2026-05-10 07:00:00,2865536.92,,495807.35
2026-05-10 08:00:00,2841953.68,,495635.94
2026-05-10 09:00:00,2888058.18,,498005.13
2026-05-10 10:00:00,2906126.59,,497755.30
2026-05-10 11:00:00,2908407.02,,495971.58
2026-05-10 12:00:00,2861613.75,,486651.27
2026-05-10 13:00:00,2881524.25,,487490.69
2026-05-10 14:00:00,2936659.43,,489921.54
2026-05-10 15:00:00,2947374.86,,491599.24
2026-05-10 16:00:00,2918445.88,,485258.45
2026-05-10 17:00:00,2905122.27,,476134.63
2026-05-10 18:00:00,2942158.41,,476928.29
2026-05-10 19:00:00,2950454.96,,480342.98
2026-05-10 20:00:00,2948415.09,,480614.02
2026-05-10 21:00:00,2750492.26,,450551.47
2026-05-10 22:00:00,2766938.35,,444153.22
2026-05-10 23:00:00,2801242.25,,448078.63
2026-05-11 00:00:00,2793707.76,,459370.83
2026-05-11 01:00:00,2791091.07,,461886.40
2026-05-11 02:00:00,2804290.00,,456085.39
2026-05-11 03:00:00,2792235.95,,458018.02
2026-05-11 04:00:00,2735038.84,,445813.92
2026-05-11 05:00:00,2763216.89,,441111.88
2026-05-11 06:00:00,2782422.70,,445745.48
2026-05-11 07:00:00,2772218.55,,444370.22
2026-05-11 08:00:00,2755015.56,,440862.33
2026-05-11 09:00:00,2757577.86,,428224.50
2026-05-11 10:00:00,2767910.23,,428113.33
2026-05-11 11:00:00,2777495.41,,427190.57
2026-05-11 12:00:00,2796251.72,,428930.22
2026-05-11 13:00:00,2790898.39,,422511.89
2026-05-11 14:00:00,2801103.63,,419300.58
2026-05-11 15:00:00,2817496.31,,416873.96
2026-05-11 16:00:00,2825016.63,,416478.36
2026-05-11 17:00:00,2809471.22,,415113.90
2026-05-11 18:00:00,2822302.69,,413390.84
2026-05-11 19:00:00,2784110.32,,409066.44
2026-05-11 20:00:00,2847391.63,,412815.17
2026-05-11 21:00:00,2840631.48,,409974.64
2026-05-11 22:00:00,2860497.72,,410323.07
2026-05-11 23:00:00,2918434.13,,428637.55
2026-05-12 00:00:00,2902051.97,,422812.20
2026-05-12 01:00:00,2925206.35,,427365.43
2026-05-12 02:00:00,2824090.98,,408757.45
2026-05-12 03:00:00,2826593.05,,392115.41
2026-05-12 04:00:00,2805850.67,,389537.76
2026-05-12 05:00:00,2824424.89,,392304.80
2026-05-12 06:00:00,2849337.11,,394373.22
2026-05-12 07:00:00,2907192.85,,406739.78
2026-05-12 08:00:00,2929106.02,,414209.08
2026-05-12 09:00:00,2900922.81,,412842.90
2026-05-12 10:00:00,2875197.75,,412758.31
2026-05-12 11:00:00,2843397.21,,405878.51
2026-05-12 12:00:00,2799490.63,,400930.05
2026-05-12 13:00:00,2774951.08,,391405.66
2026-05-12 14:00:00,2770359.43,,382311.14
2026-05-12 15:00:00,2772019.46,,378849.72
2026-05-12 16:00:00,2735635.64,,371375.14
2026-05-12 17:00:00,2711087.24,,386496.05
2026-05-12 18:00:00,2739404.08,,389491.04
2026-05-12 19:00:00,2755809.08,,389788.24
2026-05-12 20:00:00,2750347.92,,386830.20
2026-05-12 21:00:00,2762746.05,,386102.18
2026-05-12 22:00:00,2735151.73,,381900.00
2026-05-12 23:00:00,2748920.95,,376734.79
2026-05-13 00:00:00,2779677.76,,383425.07
2026-05-13 01:00:00,2784592.93,,385532.41
2026-05-13 02:00:00,2803866.80,,384646.83
2026-05-13 03:00:00,2780609.21,,380051.60
2026-05-13 04:00:00,2791702.11,,382709.30
2026-05-13 05:00:00,2805001.29,,385236.98
2026-05-13 06:00:00,2758386.51,,388172.40
2026-05-13 07:00:00,2803241.01,,394198.80
2026-05-13 08:00:00,2817103.88,,397317.96
2026-05-13 09:00:00,2790212.26,,400903.88
2026-05-13 10:00:00,2816885.45,,402709.31
2026-05-13 11:00:00,2807189.28,,399704.41
2026-05-13 12:00:00,2747283.04,,395525.33
2026-05-13 13:00:00,2652349.55,,379475.89
2026-05-13 14:00:00,2588139.54,,370836.63
2026-05-13 15:00:00,2592398.75,,370253.35
2026-05-13 16:00:00,2500702.80,,349573.03
2026-05-13 17:00:00,2447761.13,,370131.43
2026-05-13 18:00:00,2465103.22,,369434.26
2026-05-13 19:00:00,2483275.17,,372887.08
2026-05-13 20:00:00,2471706.09,,367343.58
2026-05-13 21:00:00,2484579.84,,368033.65
2026-05-13 22:00:00,2460178.46,,356621.24
2026-05-13 23:00:00,2464006.25,,361033.90
2026-05-14 00:00:00,2460965.86,,358146.56
2026-05-14 01:00:00,2472790.10,,356593.68
2026-05-14 02:00:00,2468882.23,,356652.37
2026-05-14 03:00:00,2456042.42,,349256.93
2026-05-14 04:00:00,2379243.70,,354917.30
2026-05-14 05:00:00,2429828.65,,358388.71
2026-05-14 06:00:00,2421875.55,,360373.62
2026-05-14 07:00:00,2412686.48,,356532.30
2026-05-14 08:00:00,2396659.49,,353110.36
2026-05-14 09:00:00,2417454.93,,337102.95
2026-05-14 10:00:00,2411769.94,,336007.39
2026-05-14 11:00:00,2440783.28,,337471.42
2026-05-14 12:00:00,2419946.00,,330564.54
2026-05-14 13:00:00,2433478.20,,335634.61
2026-05-14 14:00:00,2448051.12,,335191.46
2026-05-14 15:00:00,2448636.33,,333333.01
2026-05-14 16:00:00,2462136.75,,339329.07
2026-05-14 17:00:00,2464941.22,,337604.35
2026-05-14 18:00:00,2463405.87,,339137.42
2026-05-14 19:00:00,2447939.36,,341641.15
2026-05-14 20:00:00,2431592.08,,335572.51
2026-05-14 21:00:00,2426143.49,,335452.01
2026-05-14 22:00:00,2413769.04,,331344.93
2026-05-14 23:00:00,2405980.37,,335327.24
2026-05-15 00:00:00,2379826.00,,332229.12
2026-05-15 01:00:00,2392846.09,,338469.16
2026-05-15 02:00:00,2366435.23,,360632.89
2026-05-15 03:00:00,2385178.97,,348383.43
2026-05-15 04:00:00,2370100.06,,356555.45
2026-05-15 05:00:00,2343606.71,,354247.10
2026-05-15 06:00:00,2299387.57,,327180.79
2026-05-15 07:00:00,2322427.34,,334350.24
2026-05-15 08:00:00,2324328.50,,333902.12
2026-05-15 09:00:00,2335235.22,,326146.71
2026-05-15 10:00:00,2345186.38,,330728.85
2026-05-15 11:00:00,2354445.65,,330321.43
2026-05-15 12:00:00,2358022.24,,328951.31
2026-05-15 13:00:00,2352341.90,,328897.04
2026-05-15 14:00:00,2155598.39,,331891.13
2026-05-15 15:00:00,2189038.09,,340512.15
2026-05-15 16:00:00,2176847.47,,337994.80
2026-05-15 17:00:00,2204692.64,,351728.86
2026-05-15 18:00:00,2223179.06,,361132.52
2026-05-15 19:00:00,2194053.12,,351640.47
2026-05-15 20:00:00,2184875.02,,347247.49
2026-05-15 21:00:00,2189394.17,,347748.73
2026-05-15 22:00:00,2185977.12,,343382.31
2026-05-15 23:00:00,2195142.38,,334370.19
2026-05-16 00:00:00,2187706.93,,331013.60
2026-05-16 01:00:00,2199712.05,,336584.11
2026-05-16 02:00:00,2197834.12,,330887.83
2026-05-16 03:00:00,2204654.14,,330712.88
2026-05-16 04:00:00,2192770.07,,331811.64
2026-05-16 05:00:00,2157056.67,,330526.11
2026-05-16 06:00:00,2151830.09,,330335.88
2026-05-16 07:00:00,2116296.96,,323206.84
2026-05-16 08:00:00,2056519.16,,337653.69
2026-05-16 09:00:00,2059556.98,,338354.83
2026-05-16 10:00:00,2052477.28,,328340.55
2026-05-16 11:00:00,2035306.90,,329827.03
2026-05-16 12:00:00,2047187.67,,327733.91
2026-05-16 13:00:00,2051850.83,,328322.15
2026-05-16 14:00:00,2049482.35,,324154.41
2026-05-16 15:00:00,2051280.67,,323940.15
2026-05-16 16:00:00,2063606.52,,335674.78
2026-05-16 17:00:00,2059756.72,,335661.27
2026-05-16 18:00:00,2061606.36,,334792.77
2026-05-16 19:00:00,2049344.24,,330530.49
2026-05-16 20:00:00,2038938.06,,330340.65
2026-05-16 21:00:00,2025668.36,,328280.05
2026-05-16 22:00:00,2025120.42,,325353.97
2026-05-16 23:00:00,2010009.24,,322495.71
2026-05-17 00:00:00,2007407.03,,321916.83
2026-05-17 01:00:00,1998339.10,,322740.43
2026-05-17 02:00:00,1983248.31,,317124.53
2026-05-17 03:00:00,1983634.85,,315561.87
2026-05-17 04:00:00,2014392.89,,316797.46
2026-05-17 05:00:00,2019471.95,,314607.69
2026-05-17 06:00:00,2010147.70,,312079.81
2026-05-17 07:00:00,2017695.54,,315104.03
2026-05-17 08:00:00,2017889.18,,314111.98
2026-05-17 09:00:00,1995910.63,,319566.52
2026-05-17 10:00:00,1995154.07,,327248.72
2026-05-17 11:00:00,2015666.94,,324056.08
2026-05-17 12:00:00,2001884.91,,321044.65
2026-05-17 13:00:00,1992806.98,,318885.34
2026-05-17 14:00:00,1987842.24,,325807.64
2026-05-17 15:00:00,2010127.32,,325625.65
2026-05-17 16:00:00,2007871.18,,319956.97
2026-05-17 17:00:00,2001624.99,,310230.86
2026-05-17 18:00:00,1990408.91,,311925.03
2026-05-17 19:00:00,1990912.59,,307539.71
2026-05-17 20:00:00,2003414.84,,310011.56
2026-05-17 21:00:00,1973292.81,,310325.99
2026-05-17 22:00:00,1974552.53,,309508.03
2026-05-17 23:00:00,1940366.73,,302831.10
2026-05-18 00:00:00,1791696.99,,341813.16
2026-05-18 01:00:00,1813703.78,,330721.66
2026-05-18 02:00:00,1815696.55,,325911.17
2026-05-18 03:00:00,1818772.06,,323829.74
2026-05-18 04:00:00,1798244.35,,321360.73
2026-05-18 05:00:00,1811061.49,,322834.36
2026-05-18 06:00:00,1790911.85,,320779.29
2026-05-18 07:00:00,1789953.75,,316511.27
2026-05-18 08:00:00,1772895.43,,320612.53
2026-05-18 09:00:00,1785872.69,,322979.77
2026-05-18 10:00:00,1770910.68,,318338.60
2026-05-18 11:00:00,1754317.39,,317840.78
2026-05-18 12:00:00,1762983.57,,322936.95
2026-05-18 13:00:00,1773088.17,,331140.94
2026-05-18 14:00:00,1762612.63,,326107.01
2026-05-18 15:00:00,1746563.75,,314289.61
2026-05-18 16:00:00,1759116.41,,310812.93
2026-05-18 17:00:00,1755209.49,,307403.29
2026-05-18 18:00:00,1766603.41,,311263.92
2026-05-18 19:00:00,1753794.88,,309180.12
2026-05-18 20:00:00,1785171.93,,317408.98
2026-05-18 21:00:00,1781748.95,,322098.83
2026-05-18 22:00:00,1795391.02,,326042.05
2026-05-18 23:00:00,1801554.94,,322529.31
2026-05-19 00:00:00,1795964.13,,326215.77
2026-05-19 01:00:00,1802399.56,,326101.70
2026-05-19 02:00:00,1787742.12,,322264.40
2026-05-19 03:00:00,1881368.97,,309089.51
2026-05-19 04:00:00,1890006.80,,312563.78
2026-05-19 05:00:00,1917509.13,,316608.89
2026-05-19 06:00:00,1903373.92,,321370.66
2026-05-19 07:00:00,1901435.13,,321028.57
2026-05-19 08:00:00,1913580.49,,323697.08
2026-05-19 09:00:00,1897620.30,,319739.19
2026-05-19 10:00:00,1877101.22,,337256.85
2026-05-19 11:00:00,1856258.67,,337382.93
2026-05-19 12:00:00,1851258.39,,331316.83
2026-05-19 13:00:00,1870193.25,,327185.50
2026-05-19 14:00:00,1881288.02,,324688.15
2026-05-19 15:00:00,1856882.95,,316001.91
2026-05-19 16:00:00,1855334.69,,317478.71
2026-05-19 17:00:00,1878566.53,,321348.20
2026-05-19 18:00:00,1870504.26,,320379.06
2026-05-19 19:00:00,1869203.50,,318936.80
2026-05-19 20:00:00,1864472.25,,318223.64
2026-05-19 21:00:00,1865431.19,,320421.10
2026-05-19 22:00:00,1861501.03,,317751.57
2026-05-19 23:00:00,1850757.50,,313227.95
2026-05-20 00:00:00,1858813.08,,314470.62
2026-05-20 01:00:00,1862449.33,,315327.89
2026-05-20 02:00:00,1872434.74,,315871.50
2026-05-20 03:00:00,1862269.57,,318463.07
2026-05-20 04:00:00,1853780.46,,321707.71
2026-05-20 05:00:00,1866702.73,,323358.11
2026-05-20 06:00:00,1879698.82,,324183.40
2026-05-20 07:00:00,1870902.53,,326468.98
2026-05-20 08:00:00,1865520.98,,327800.39
2026-05-20 09:00:00,1859363.75,,328385.71
2026-05-20 10:00:00,1865025.44,,328557.42
2026-05-20 11:00:00,1865425.72,,330020.97
2026-05-20 12:00:00,1860604.16,,326866.06
2026-05-20 13:00:00,1873233.55,,325377.83
2026-05-20 14:00:00,1856656.63,,323845.76
2026-05-20 15:00:00,1900795.93,,325330.48
2026-05-20 16:00:00,1902089.01,,332370.48
2026-05-20 17:00:00,1918737.39,,338932.38
2026-05-20 18:00:00,1930957.48,,338675.12
2026-05-20 19:00:00,1913252.27,,335275.21
2026-05-20 20:00:00,1924963.99,,335200.79
2026-05-20 21:00:00,1929067.49,,332565.94
2026-05-20 22:00:00,1923972.05,,330696.76
2026-05-20 23:00:00,1923383.41,,328007.54
2026-05-21 00:00:00,1923229.89,,327060.01
2026-05-21 01:00:00,1936119.37,,329706.55
2026-05-21 02:00:00,1934965.07,,331800.87
2026-05-21 03:00:00,1929660.60,,330561.97
2026-05-21 04:00:00,1942090.74,,332552.08
2026-05-21 05:00:00,1935001.80,,333399.02
2026-05-21 06:00:00,1935614.39,,334308.89
2026-05-21 07:00:00,1944416.64,,335328.11
2026-05-21 08:00:00,1948805.63,,336351.53
2026-05-21 09:00:00,1939042.91,,333956.88
2026-05-21 10:00:00,1934241.84,,331206.76
2026-05-21 11:00:00,1897254.33,,326616.45
2026-05-21 12:00:00,1902250.49,,329419.46
2026-05-21 13:00:00,1905968.15,,329283.63
2026-05-21 14:00:00,1920627.85,,327346.59
2026-05-21 15:00:00,1900919.44,,323446.99
2026-05-21 16:00:00,1923430.28,,323707.04
2026-05-21 17:00:00,1919890.03,,321344.65
2026-05-21 18:00:00,1945368.35,,335899.69
2026-05-21 19:00:00,1933642.98,,343436.04
2026-05-21 20:00:00,1938493.46,,346949.00
2026-05-21 21:00:00,1932373.68,,344058.54
2026-05-21 22:00:00,1929668.75,,345027.00
2026-05-21 23:00:00,1933209.52,,339374.58
2026-05-22 00:00:00,1939946.52,,336228.81
2026-05-22 01:00:00,1919543.07,,330625.25
2026-05-22 02:00:00,1927710.78,,329504.08
2026-05-22 03:00:00,1935064.69,,325443.05
2026-05-22 04:00:00,1939943.03,,324876.47
2026-05-22 05:00:00,1929780.40,,325848.88
2026-05-22 06:00:00,1929851.71,,329855.40
2026-05-22 07:00:00,1907053.06,,328206.66
2026-05-22 08:00:00,1929722.09,,333657.89
2026-05-22 09:00:00,1922612.30,,329523.02
2026-05-22 10:00:00,1924160.37,,329601.20
2026-05-22 11:00:00,1923187.11,,328403.91
2026-05-22 12:00:00,1934209.33,,333693.16
2026-05-22 13:00:00,1943378.49,,336469.13
2026-05-22 14:00:00,1938035.66,,335574.32
2026-05-22 15:00:00,1926249.20,,326032.37
2026-05-22 16:00:00,1915274.51,,327454.27
2026-05-22 17:00:00,1913913.97,,326082.46
2026-05-22 18:00:00,1909425.50,,322657.47
2026-05-22 19:00:00,1880709.72,,317870.62
2026-05-22 20:00:00,1846048.90,,307092.36
2026-05-22 21:00:00,1855236.66,,308541.29
2026-05-22 22:00:00,1865809.00,,310821.57
2026-05-22 23:00:00,1858401.92,,308271.64
2026-05-23 00:00:00,1826526.95,,304338.36
2026-05-23 01:00:00,1842706.52,,313414.64
2026-05-23 02:00:00,1853905.43,,318986.45
2026-05-23 03:00:00,1856552.55,,320783.24
2026-05-23 04:00:00,1850300.81,,326856.65
2026-05-23 05:00:00,1830225.73,,323491.34
2026-05-23 06:00:00,1828673.88,,318248.88
2026-05-23 07:00:00,1824474.95,,312082.17
2026-05-23 08:00:00,1781396.99,,305374.33
2026-05-23 09:00:00,1773319.28,,300356.27
2026-05-23 10:00:00,1757252.59,,298695.18
2026-05-23 11:00:00,1761443.42,,365247.95
2026-05-23 12:00:00,1756178.78,,368866.27
2026-05-23 13:00:00,1791204.97,,384848.00
2026-05-23 14:00:00,1813994.91,,383230.89
2026-05-23 15:00:00,1842939.71,,385191.94
2026-05-23 16:00:00,1843028.60,,379297.11
2026-05-23 17:00:00,1842455.48,,385656.12
2026-05-23 18:00:00,1852927.17,,369480.71
2026-05-23 19:00:00,1860271.37,,365774.89
2026-05-23 20:00:00,1864718.59,,362960.18
2026-05-23 21:00:00,1904806.80,,363096.05
2026-05-23 22:00:00,1895152.13,,353625.69
2026-05-23 23:00:00,1897152.71,,339456.15
2026-05-24 00:00:00,1887323.89,,332680.21
2026-05-24 01:00:00,1875627.57,,329768.95
2026-05-24 02:00:00,1876617.42,,329554.73
2026-05-24 03:00:00,1877239.90,,330245.21
2026-05-24 04:00:00,1869396.13,,337138.20
2026-05-24 05:00:00,1868777.01,,345878.41
2026-05-24 06:00:00,1861152.64,,342124.97
2026-05-24 07:00:00,1860540.41,,347145.67
2026-05-24 08:00:00,1854703.89,,340364.15
2026-05-24 09:00:00,1852273.23,,334141.96
2026-05-24 10:00:00,1853140.88,,336353.89
2026-05-24 11:00:00,1849539.99,,329165.21
2026-05-24 12:00:00,1855758.93,,322654.19
2026-05-24 13:00:00,1842214.00,,318468.14
2026-05-24 14:00:00,1836353.94,,312377.45
2026-05-24 15:00:00,1834127.65,,310576.93
2026-05-24 16:00:00,1834409.27,,309961.92
2026-05-24 17:00:00,1836047.34,,311089.01
2026-05-24 18:00:00,1840611.93,,313907.92
2026-05-24 19:00:00,1825981.98,,308278.51
2026-05-24 20:00:00,1820532.40,,306889.58
2026-05-24 21:00:00,1801389.82,,302295.27
2026-05-24 22:00:00,1777457.63,,281866.95
2026-05-24 23:00:00,1805316.53,,289475.88
2026-05-25 00:00:00,1819812.63,,295816.76
2026-05-25 01:00:00,1830129.69,,297164.35
2026-05-25 02:00:00,1820340.27,,299420.53
2026-05-25 03:00:00,1797225.22,,302569.65
2026-05-25 04:00:00,1803908.50,,303891.38
2026-05-25 05:00:00,1807436.47,,301911.67
2026-05-25 06:00:00,1818610.82,,297641.18
2026-05-25 07:00:00,1836460.12,,297286.14
2026-05-25 08:00:00,1839643.28,,302178.83
2026-05-25 09:00:00,1821579.40,,298506.50
2026-05-25 10:00:00,1824933.56,,299464.51
2026-05-25 11:00:00,1848746.28,,301811.97
2026-05-25 12:00:00,1839275.74,,308313.66
2026-05-25 13:00:00,1845169.88,,311689.85
2026-05-25 14:00:00,1869709.07,,329068.33
2026-05-25 15:00:00,3573275.99,,779732.79
2026-05-25 16:00:00,3630855.06,,869498.83
2026-05-25 17:00:00,3905605.00,,874717.81
2026-05-25 18:00:00,3975901.65,,851706.39
2026-05-25 19:00:00,4157259.87,,905638.65
2026-05-25 20:00:00,3923202.21,,895858.37
2026-05-25 21:00:00,3757399.49,,903246.25
2026-05-25 22:00:00,3673644.41,,858901.92
2026-05-25 23:00:00,3458977.33,,808807.30
2026-05-26 00:00:00,3490320.89,,804239.83
2026-05-26 01:00:00,3497206.19,,799591.92
2026-05-26 02:00:00,3523245.96,,775579.99
2026-05-26 03:00:00,3336832.20,,727341.15
2026-05-26 04:00:00,3331513.77,,721072.17
2026-05-26 05:00:00,3741405.22,,750485.57
2026-05-26 06:00:00,4004240.55,,809294.89
2026-05-26 07:00:00,3878944.88,,769880.80
2026-05-26 08:00:00,4012111.12,,807000.96
2026-05-26 09:00:00,4070353.14,,831039.43
2026-05-26 10:00:00,4261278.83,,867376.24
2026-05-26 11:00:00,4233646.74,,874647.05
2026-05-26 12:00:00,4269330.57,,879359.07
2026-05-26 13:00:00,4069265.80,,856824.09
2026-05-26 14:00:00,4142104.09,,865283.98
2026-05-26 15:00:00,4079332.18,,876545.04
2026-05-26 16:00:00,4017940.43,,880191.32
2026-05-26 17:00:00,4124958.27,,897057.15
2026-05-26 18:00:00,4212640.06,,929440.27
2026-05-26 19:00:00,3855660.55,,899798.62
2026-05-26 20:00:00,3912550.43,,916849.84
2026-05-26 21:00:00,3924631.70,,922422.77
2026-05-26 22:00:00,3807807.92,,897732.45
2026-05-26 23:00:00,3756903.22,,874912.88
2026-05-27 00:00:00,3676038.85,,856477.63
2026-05-27 01:00:00,3807725.47,,902524.85
2026-05-27 02:00:00,3808786.04,,890718.88
2026-05-27 03:00:00,3903409.77,,897731.21
2026-05-27 04:00:00,3834510.69,,877687.43
2026-05-27 05:00:00,3829682.00,,882728.14
2026-05-27 06:00:00,3716479.59,,860856.48
2026-05-27 07:00:00,3654123.83,,833456.96
2026-05-27 08:00:00,3596660.37,,794300.50
2026-05-27 09:00:00,3538925.23,,787844.90
2026-05-27 10:00:00,3514572.43,,777303.49
2026-05-27 11:00:00,3515022.34,,776948.62
2026-05-27 12:00:00,3535415.66,,775748.95
2026-05-27 13:00:00,3437270.76,,665827.06
2026-05-27 14:00:00,3499453.16,,669937.55
2026-05-27 15:00:00,3473852.65,,660229.49
2026-05-27 16:00:00,3588058.10,,670604.18
2026-05-27 17:00:00,3547568.08,,664389.83
2026-05-27 18:00:00,3495540.51,,654160.51
2026-05-27 19:00:00,3521204.31,,656912.00
2026-05-27 20:00:00,3627195.02,,686379.51
2026-05-27 21:00:00,3666676.23,,695223.81
2026-05-27 22:00:00,3567337.11,,663240.87
2026-05-27 23:00:00,3510236.17,,661440.87
2026-05-28 00:00:00,3514132.73,,661728.56
2026-05-28 01:00:00,3443254.75,,636893.79
2026-05-28 02:00:00,3438915.62,,622856.76
2026-05-28 03:00:00,3539319.28,,639523.98
2026-05-28 04:00:00,3396533.50,,616702.20
2026-05-28 05:00:00,3382264.38,,637825.98
2026-05-28 06:00:00,3257271.47,,612502.69
2026-05-28 07:00:00,3149431.14,,594424.11
2026-05-28 08:00:00,3182641.52,,586111.19
2026-05-28 09:00:00,3142010.76,,578348.19
2026-05-28 10:00:00,3139176.66,,570440.30
2026-05-28 11:00:00,3078778.03,,566034.85
2026-05-28 12:00:00,3197879.66,,577932.46
2026-05-28 13:00:00,3178928.13,,575931.47
2026-05-28 14:00:00,3184832.59,,577882.80
2026-05-28 15:00:00,3217029.57,,583476.64
2026-05-28 16:00:00,3203237.44,,576046.12
2026-05-28 17:00:00,3186251.69,,574233.18
2026-05-28 18:00:00,3314050.66,,590140.57
2026-05-28 19:00:00,3225544.27,,601378.83
2026-05-28 20:00:00,3218483.88,,599637.33
2026-05-28 21:00:00,3365425.19,,620801.16
2026-05-28 22:00:00,3324673.93,,615301.43
2026-05-28 23:00:00,3299557.03,,614556.99
2026-05-29 00:00:00,3345480.83,,625175.56
2026-05-29 01:00:00,3370530.79,,640911.23
2026-05-29 02:00:00,3556527.93,,675257.77
2026-05-29 03:00:00,3730420.45,,772390.49
2026-05-29 04:00:00,3822512.25,,857612.89
2026-05-29 05:00:00,3991378.47,,928040.82
2026-05-29 06:00:00,3745394.46,,813942.51
2026-05-29 07:00:00,3476061.61,,755065.28
2026-05-29 08:00:00,3310678.52,,711859.43
2026-05-29 09:00:00,3265031.92,,698034.41
2026-05-29 10:00:00,3304286.92,,699316.44
2026-05-29 11:00:00,3269369.02,,681855.66
2026-05-29 12:00:00,3219394.63,,646489.94
2026-05-29 13:00:00,3267724.61,,645079.56
2026-05-29 14:00:00,3201859.33,,626775.30
2026-05-29 15:00:00,3272438.67,,790864.82
2026-05-29 16:00:00,3516938.02,,1262506.33
2026-05-29 17:00:00,3501228.69,,1247214.38
2026-05-29 18:00:00,3471962.52,,1240686.48
2026-05-29 19:00:00,3460317.73,,1228754.82
2026-05-29 20:00:00,3523064.13,,1235345.46
2026-05-29 21:00:00,3500437.51,,1221620.18
2026-05-29 22:00:00,3406767.65,,1178940.52
2026-05-29 23:00:00,3399055.17,,1172749.17
2026-05-30 00:00:00,3424837.00,,1155788.97
2026-05-30 01:00:00,3418552.97,,1143068.81
2026-05-30 02:00:00,3459191.94,,1150472.00
2026-05-30 03:00:00,3480125.34,,1161756.49
2026-05-30 04:00:00,3486821.56,,1154429.18
2026-05-30 05:00:00,3465238.75,,1139889.48
2026-05-30 06:00:00,3467515.41,,1137404.92
2026-05-30 07:00:00,3424868.48,,1122395.54
2026-05-30 08:00:00,3441438.53,,1128415.64
2026-05-30 09:00:00,3436811.71,,1132866.48
2026-05-30 10:00:00,3425649.52,,1132963.66
2026-05-30 11:00:00,3406973.32,,1123673.04
2026-05-30 12:00:00,3367959.19,,1114438.52
2026-05-30 13:00:00,3372446.94,,1114432.57
2026-05-30 14:00:00,3357384.65,,1113863.93
2026-05-30 15:00:00,3326217.55,,1104442.20
2026-05-30 16:00:00,3288369.91,,1100343.18
2026-05-30 17:00:00,3316991.04,,1112911.76
2026-05-30 18:00:00,3295937.34,,1098404.44
2026-05-30 19:00:00,3319933.94,,1107893.53
2026-05-30 20:00:00,3285227.79,,1099908.96
2026-05-30 21:00:00,3267581.91,,1098023.22
2026-05-30 22:00:00,3236770.79,,1093159.62
2026-05-30 23:00:00,3177116.28,,1068017.65
2026-05-31 00:00:00,3180536.67,,1071973.38
2026-05-31 01:00:00,3199677.15,,1080217.21
2026-05-31 02:00:00,3216157.66,,1082608.21
2026-05-31 03:00:00,3193951.85,,1077018.22
2026-05-31 04:00:00,3207723.66,,1075052.09
2026-05-31 05:00:00,3184354.61,,1072769.72
2026-05-31 06:00:00,3193923.34,,1076668.54
2026-05-31 07:00:00,3168284.80,,1059676.18
2026-05-31 08:00:00,3139799.82,,1044515.63
2026-05-31 09:00:00,3145010.05,,1047549.54
2026-05-31 10:00:00,3146615.12,,1056463.41
2026-05-31 11:00:00,3197868.51,,1063098.36
2026-05-31 12:00:00,3187758.33,,1079195.55
2026-05-31 13:00:00,3205650.58,,1090691.38
2026-05-31 14:00:00,3175330.86,,1081219.80
2026-05-31 15:00:00,3120351.23,,1061178.37
2026-05-31 16:00:00,3153049.24,,1074718.20
2026-05-31 17:00:00,3116774.57,,1063747.64
2026-05-31 18:00:00,3131675.31,,1066368.19
2026-05-31 19:00:00,3116878.44,,1060519.51
2026-05-31 20:00:00,3123174.68,,1063541.19
2026-05-31 21:00:00,3164710.79,,1073215.42
2026-05-31 22:00:00,3192452.14,,1075837.32
2026-05-31 23:00:00,3233184.94,,1085610.27
2026-06-01 00:00:00,3205957.19,,1093865.40
2026-06-01 01:00:00,3246948.29,,1111865.72
2026-06-01 02:00:00,3193421.30,,1098481.75
2026-06-01 03:00:00,3273620.84,,1116409.13
2026-06-01 04:00:00,3278706.59,,1111188.46
2026-06-01 05:00:00,3247768.06,,1104781.40
2026-06-01 06:00:00,3199071.85,,1090312.96
2026-06-01 07:00:00,3177938.21,,1077363.73
2026-06-01 08:00:00,3110017.39,,1061727.80
2026-06-01 09:00:00,3132772.10,,1072434.94
2026-06-01 10:00:00,3133159.61,,1083409.93
2026-06-01 11:00:00,3121512.14,,1072935.65
2026-06-01 12:00:00,3109327.06,,1068320.71
2026-06-01 13:00:00,3123949.33,,1081560.16
2026-06-01 14:00:00,3083373.31,,1081778.03
2026-06-01 15:00:00,3080944.97,,1083197.71
2026-06-01 16:00:00,3155627.13,,1100500.13
2026-06-01 17:00:00,3231346.47,,1131229.46
2026-06-01 18:00:00,3201480.43,,1126142.03
2026-06-01 19:00:00,3166299.02,,1118907.74
2026-06-01 20:00:00,3208987.76,,1127076.43
2026-06-01 21:00:00,3178742.21,,1119918.88
2026-06-01 22:00:00,3144957.34,,1107120.18
2026-06-01 23:00:00,3168437.23,,1113016.48
2026-06-02 00:00:00,3147565.13,,1099687.64
2026-06-02 01:00:00,3116396.91,,1086471.06
2026-06-02 02:00:00,3084213.03,,1082769.92
2026-06-02 03:00:00,3112710.50,,1090121.86
2026-06-02 04:00:00,3120888.83,,1087988.75
2026-06-02 05:00:00,3059526.41,,1062272.68
2026-06-02 06:00:00,3048754.34,,1047949.87
2026-06-02 07:00:00,3023447.32,,1046371.71
2026-06-02 08:00:00,2985671.28,,1033816.51
2026-06-02 09:00:00,2982616.60,,1038798.23
2026-06-02 10:00:00,2956626.72,,1027790.14
2026-06-02 11:00:00,2996974.55,,1036230.69
2026-06-02 12:00:00,2985751.60,,1032274.06
2026-06-02 13:00:00,2985405.84,,1033905.09
2026-06-02 14:00:00,2999192.61,,1019546.37
2026-06-02 15:00:00,2908831.34,,1001647.73
2026-06-02 16:00:00,2897523.23,,948527.79
2026-06-02 17:00:00,2938719.68,,957502.75
2026-06-02 18:00:00,2963543.52,,971713.97
2026-06-02 19:00:00,2923968.67,,961849.73
2026-06-02 20:00:00,2904525.76,,964096.68
2026-06-02 21:00:00,2932745.13,,975748.12
2026-06-02 22:00:00,2928107.83,,969949.27
2026-06-02 23:00:00,2857805.57,,947427.22
2026-06-03 00:00:00,2826266.81,,941275.46
2026-06-03 01:00:00,2857927.18,,953911.62
2026-06-03 02:00:00,2876041.20,,958003.92
2026-06-03 03:00:00,2848792.37,,948839.04
2026-06-03 04:00:00,2791573.94,,925030.23
2026-06-03 05:00:00,2856555.72,,943149.34
2026-06-03 06:00:00,2904864.94,,959220.07
2026-06-03 07:00:00,2892051.29,,954606.56
2026-06-03 08:00:00,2910748.31,,961365.47
2026-06-03 09:00:00,2888494.31,,960166.74
2026-06-03 10:00:00,2863399.75,,943686.92
2026-06-03 11:00:00,2863467.75,,947741.21
2026-06-03 12:00:00,2862104.08,,949281.85
2026-06-03 13:00:00,2856989.45,,945608.70
2026-06-03 14:00:00,2881213.28,,949788.09
2026-06-03 15:00:00,2910043.36,,963555.79
2026-06-03 16:00:00,2915245.96,,963569.96
2026-06-03 17:00:00,2941959.48,,971260.09
2026-06-03 18:00:00,3027228.43,,1003767.82
2026-06-03 19:00:00,2998294.65,,1014556.92
2026-06-03 20:00:00,2884674.15,,984030.58
2026-06-03 21:00:00,2611941.93,,925638.20
2026-06-03 22:00:00,2662659.80,,974678.28
2026-06-03 23:00:00,2603076.72,,953232.57
2026-06-04 00:00:00,2434726.78,,860657.36
2026-06-04 01:00:00,2270338.94,,788238.41
2026-06-04 02:00:00,2174323.76,,727349.44
2026-06-04 03:00:00,2117687.96,,696759.03
2026-06-04 04:00:00,2145209.48,,710025.39
2026-06-04 05:00:00,2092133.38,,708616.75
2026-06-04 06:00:00,2120178.77,,701392.48
2026-06-04 07:00:00,2107973.13,,698773.44
2026-06-04 08:00:00,2081856.68,,683718.96
2026-06-04 09:00:00,2078370.69,,686988.94
2026-06-04 10:00:00,1991580.21,,660126.12
2026-06-04 11:00:00,1875326.47,,608814.31
2026-06-04 12:00:00,2037591.29,,636565.14
2026-06-04 13:00:00,2300112.71,,708143.73
2026-06-04 14:00:00,2354247.78,,708726.69
2026-06-04 15:00:00,2255695.26,,680194.73
2026-06-04 16:00:00,2290657.69,,668944.43
2026-06-04 17:00:00,2361935.57,,667368.06
2026-06-04 18:00:00,2357591.76,,661030.95
2026-06-04 19:00:00,2350563.40,,658528.39
2026-06-04 20:00:00,2401302.83,,657985.90
2026-06-04 21:00:00,2401944.09,,651557.26
2026-06-04 22:00:00,2372731.99,,644006.49
2026-06-04 23:00:00,2513864.06,,688555.76
2026-06-05 00:00:00,2488837.78,,691521.64
2026-06-05 01:00:00,2449046.38,,679728.55
2026-06-05 02:00:00,2453413.95,,672616.17
2026-06-05 03:00:00,2464137.58,,670968.20
2026-06-05 04:00:00,2550332.64,,690317.39
2026-06-05 05:00:00,2633142.76,,719495.32
2026-06-05 06:00:00,2794864.68,,755927.91
2026-06-05 07:00:00,3116451.23,,820218.29
2026-06-05 08:00:00,2974979.28,,795512.44
2026-06-05 09:00:00,2771030.99,,764933.13
2026-06-05 10:00:00,2673048.16,,730044.49
2026-06-05 11:00:00,2638152.07,,685708.10
2026-06-05 12:00:00,2720502.70,,693850.20
2026-06-05 13:00:00,2669559.70,,680173.60
2026-06-05 14:00:00,2649158.99,,690325.38
2026-06-05 15:00:00,2639789.92,,684919.27
2026-06-05 16:00:00,2707706.75,,703157.98
2026-06-05 17:00:00,2687613.25,,710624.18
2026-06-05 18:00:00,2710264.84,,703844.47
2026-06-05 19:00:00,2600781.73,,663529.27
2026-06-05 20:00:00,2699818.97,,682173.93
2026-06-05 21:00:00,2668088.92,,679070.17
2026-06-05 22:00:00,2583607.48,,666526.16
2026-06-05 23:00:00,2594410.79,,666314.13
2026-06-06 00:00:00,2617864.50,,677900.05
2026-06-06 01:00:00,2781366.39,,705748.19
2026-06-06 02:00:00,2758360.64,,708890.97
2026-06-06 03:00:00,2984412.84,,753359.72
2026-06-06 04:00:00,3032010.76,,777708.96
2026-06-06 05:00:00,3006639.14,,762630.74
2026-06-06 06:00:00,3101017.61,,795426.38
2026-06-06 07:00:00,3168174.70,,812344.97
2026-06-06 08:00:00,3233043.31,,861676.66
2026-06-06 09:00:00,3279723.28,,869176.78
2026-06-06 10:00:00,3234720.68,,808668.30
2026-06-06 11:00:00,3249923.19,,804394.38
2026-06-06 12:00:00,3304641.79,,815467.45
2026-06-06 13:00:00,3287278.64,,818403.89
2026-06-06 14:00:00,3285550.79,,797652.59
2026-06-06 15:00:00,3286020.67,,790946.24
2026-06-06 16:00:00,3412861.17,,849842.65
2026-06-06 17:00:00,3434644.22,,842811.92
2026-06-06 18:00:00,3454982.22,,831934.54
2026-06-06 19:00:00,3449535.93,,833027.63
2026-06-06 20:00:00,3496760.58,,832421.89
2026-06-06 21:00:00,3544714.94,,804317.05
2026-06-06 22:00:00,3394872.82,,756344.62
2026-06-06 23:00:00,3426695.04,,767047.29
2026-06-07 00:00:00,3451813.96,,775404.72
2026-06-07 01:00:00,3450703.35,,755897.46
2026-06-07 02:00:00,3518589.13,,786417.11
2026-06-07 03:00:00,3524815.39,,790285.13
2026-06-07 04:00:00,3507984.21,,784531.60
2026-06-07 05:00:00,3329339.21,,779323.41
2026-06-07 06:00:00,3358339.12,,788636.83
2026-06-07 07:00:00,3354578.72,,768963.42
2026-06-07 08:00:00,3377011.42,,762396.77
2026-06-07 09:00:00,3396263.18,,781232.08
2026-06-07 10:00:00,3438087.82,,786358.51
2026-06-07 11:00:00,3425859.21,,759195.36
2026-06-07 12:00:00,3460651.60,,772307.33
2026-06-07 13:00:00,3546862.78,,797877.50
2026-06-07 14:00:00,3575283.77,,803462.23
2026-06-07 15:00:00,3516638.05,,771516.91
2026-06-07 16:00:00,3449752.07,,723960.19
2026-06-07 17:00:00,3486689.02,,726874.99
2026-06-07 18:00:00,3479311.64,,719915.14
2026-06-07 19:00:00,3454800.90,,713321.13
2026-06-07 20:00:00,3403916.54,,704340.89
2026-06-07 21:00:00,3451016.79,,711743.74
2026-06-07 22:00:00,3486819.87,,720435.16
2026-06-07 23:00:00,3518013.80,,728469.88
2026-06-08 00:00:00,3513491.34,,718050.16
2026-06-08 01:00:00,3493157.58,,726041.95
2026-06-08 02:00:00,3435814.64,,712267.74
2026-06-08 03:00:00,3342171.23,,696732.03
2026-06-08 04:00:00,3315289.68,,692186.18
2026-06-08 05:00:00,3254118.10,,678081.26
2026-06-08 06:00:00,3248613.13,,679073.14
2026-06-08 07:00:00,3332862.35,,690212.31
2026-06-08 08:00:00,3419303.37,,710117.12
2026-06-08 09:00:00,3385417.69,,702886.43
2026-06-08 10:00:00,3384914.73,,698506.77
2026-06-08 11:00:00,3285062.87,,674789.82
2026-06-08 12:00:00,3089855.64,,674889.46
2026-06-08 13:00:00,3043906.31,,657895.73
2026-06-08 14:00:00,3036489.10,,656283.18
2026-06-08 15:00:00,2956294.73,,639787.80
2026-06-08 16:00:00,2950983.49,,633513.59
2026-06-08 17:00:00,2921140.42,,638863.22
2026-06-08 18:00:00,2981130.40,,639926.91
2026-06-08 19:00:00,2980509.22,,632231.59
2026-06-08 20:00:00,2918696.08,,628178.25
2026-06-08 21:00:00,3000217.72,,644285.84
2026-06-08 22:00:00,3002756.96,,622618.63
2026-06-08 23:00:00,3029521.42,,626618.62
2026-06-09 00:00:00,2982107.00,,618905.13
2026-06-09 01:00:00,3047671.17,,628898.59
2026-06-09 02:00:00,3021483.14,,622867.85
2026-06-09 03:00:00,2991446.99,,617151.24
2026-06-09 04:00:00,2945299.67,,603461.44
2026-06-09 05:00:00,2939272.98,,606512.15
2026-06-09 06:00:00,2924296.79,,604525.42
2026-06-09 07:00:00,2929237.51,,602306.65
2026-06-09 08:00:00,2958080.42,,603223.31
2026-06-09 09:00:00,2910537.93,,588500.74
2026-06-09 10:00:00,2949988.20,,599102.56
2026-06-09 11:00:00,2908688.50,,597708.71
2026-06-09 12:00:00,2938868.97,,604721.91
2026-06-09 13:00:00,2937806.43,,611625.16
2026-06-09 14:00:00,2900333.41,,602283.33
2026-06-09 15:00:00,3018673.26,,631536.35
2026-06-09 16:00:00,2964209.59,,645320.18
2026-06-09 17:00:00,2930782.87,,630569.90
2026-06-09 18:00:00,2904184.82,,620024.47
2026-06-09 19:00:00,2999000.27,,533831.80
2026-06-09 20:00:00,3031591.69,,517115.51
2026-06-09 21:00:00,2981532.49,,503444.20
2026-06-09 22:00:00,2975605.25,,489384.55
2026-06-09 23:00:00,2973765.94,,486464.18
2026-06-10 00:00:00,2967513.43,,484239.63
2026-06-10 01:00:00,3034476.11,,492448.20
2026-06-10 02:00:00,3066013.64,,492745.01
2026-06-10 03:00:00,3078870.39,,489895.71
2026-06-10 04:00:00,3150521.93,,495859.52
2026-06-10 05:00:00,3129035.65,,493322.16
2026-06-10 06:00:00,3133771.58,,501182.78
2026-06-10 07:00:00,3273469.67,,539685.98
2026-06-10 08:00:00,3350567.73,,567644.11
2026-06-10 09:00:00,3656665.02,,722518.75
2026-06-10 10:00:00,3729009.41,,766897.41
2026-06-10 11:00:00,3847085.99,,844666.89
2026-06-10 12:00:00,4436552.06,,1140044.71
2026-06-10 13:00:00,4888221.12,,1210221.35
2026-06-10 14:00:00,5500840.94,,1705888.47
2026-06-10 15:00:00,5784959.33,,1770198.42
2026-06-10 16:00:00,5774710.99,,2264340.42
2026-06-10 17:00:00,6310064.23,,2453848.49
2026-06-10 18:00:00,5921104.87,,2205922.02
2026-06-10 19:00:00,6437945.48,,2377696.22
2026-06-10 20:00:00,5771415.78,,2178830.62
2026-06-10 21:00:00,5861820.98,,2189606.00
2026-06-10 22:00:00,5789806.35,,2147615.11
2026-06-10 23:00:00,5941875.35,,2157050.33
2026-06-11 00:00:00,5998450.87,,2342992.02
2026-06-11 01:00:00,6051466.80,,2287549.15
2026-06-11 02:00:00,6292026.76,,2310113.63
2026-06-11 03:00:00,6710745.20,,2313981.61
2026-06-11 04:00:00,6603308.14,,2314256.91
2026-06-11 05:00:00,8402743.36,,2472600.70
2026-06-11 06:00:00,5807588.11,,1863512.73
2026-06-11 07:00:00,5426108.25,,1798618.84
2026-06-11 08:00:00,5396268.02,,1715259.65
2026-06-11 09:00:00,6375820.23,,1879050.90
2026-06-11 10:00:00,6821565.12,,1912202.13
2026-06-11 11:00:00,7042277.97,,1900380.40
2026-06-11 12:00:00,7603974.59,,2259704.66
2026-06-11 13:00:00,7373550.26,,2142834.59
2026-06-11 14:00:00,7762153.10,,2296180.60
2026-06-11 15:00:00,7906786.38,,2422466.10
2026-06-11 16:00:00,7507962.46,,2505093.92
2026-06-11 17:00:00,7867790.04,,2594707.22
2026-06-11 18:00:00,7971151.26,,2563996.48
2026-06-11 19:00:00,7959482.66,,2572510.62
2026-06-11 20:00:00,7632875.05,,2456969.70
2026-06-11 21:00:00,7157917.47,,2344243.45
2026-06-11 22:00:00,6926926.62,,2038749.85
2026-06-11 23:00:00,6812419.34,,2038640.49
2026-06-12 00:00:00,6766385.81,,2012235.21
2026-06-12 01:00:00,6451756.56,,1903428.62
2026-06-12 02:00:00,6381631.08,,1879672.69
2026-06-12 03:00:00,6484052.60,,1874078.67
2026-06-12 04:00:00,6698529.38,,1863414.24
2026-06-12 05:00:00,6732977.41,,1858454.25
2026-06-12 06:00:00,7532818.56,,2141555.71
2026-06-12 07:00:00,7191742.99,,2210390.20
2026-06-12 08:00:00,8199501.43,,2691487.78
2026-06-12 09:00:00,9053276.34,,3184041.34
2026-06-12 10:00:00,9440571.03,,3292376.76
2026-06-12 11:00:00,5526829.10,,2390455.69
2026-06-12 12:00:00,5080949.06,,2273417.63
2026-06-12 13:00:00,5231803.71,,2526926.31
2026-06-12 14:00:00,5083211.53,,2651371.01
2026-06-12 15:00:00,4581148.53,,2400102.02
2026-06-12 16:00:00,4220006.58,,2265704.56
2026-06-12 17:00:00,4134597.38,,2170602.32
2026-06-12 18:00:00,4028768.44,,2110826.13
2026-06-12 19:00:00,4112548.18,,2089227.69
2026-06-12 20:00:00,3754258.77,,1573353.33
2026-06-12 21:00:00,3960382.30,,1447817.55
2026-06-12 22:00:00,3974174.67,,1489976.31
2026-06-12 23:00:00,3944092.46,,1500538.43
2026-06-13 00:00:00,3822087.36,,1475155.07
2026-06-13 01:00:00,3928329.87,,1561800.23
2026-06-13 02:00:00,3889436.71,,1546323.90
2026-06-13 03:00:00,3873941.54,,1504278.26
2026-06-13 04:00:00,3978509.78,,1500802.70
2026-06-13 05:00:00,3996780.06,,1483090.64
2026-06-13 06:00:00,3871888.65,,1420592.81
2026-06-13 07:00:00,3976402.45,,1484546.47
2026-06-13 08:00:00,3910500.04,,1460836.95
2026-06-13 09:00:00,3880594.18,,1387777.54
2026-06-13 10:00:00,3869503.53,,1354096.62
2026-06-13 11:00:00,3875153.32,,1417327.63
2026-06-13 12:00:00,4005364.74,,1441283.00
2026-06-13 13:00:00,3924332.45,,1458288.94
2026-06-13 14:00:00,3945816.79,,1384114.77
2026-06-13 15:00:00,3848369.13,,1271671.53
2026-06-13 16:00:00,3877792.98,,1299316.18
2026-06-13 17:00:00,3866563.36,,1393378.50
2026-06-13 18:00:00,3797406.82,,1307488.38
2026-06-13 19:00:00,3711800.09,,1272625.26
2026-06-13 20:00:00,3501186.84,,1206670.01
2026-06-13 21:00:00,3541001.89,,1208480.03
2026-06-13 22:00:00,3425772.44,,1181793.68
2026-06-13 23:00:00,3471271.18,,1211025.98
2026-06-14 00:00:00,3333082.21,,1226942.07
2026-06-14 01:00:00,3451417.01,,1258461.63
2026-06-14 02:00:00,3417975.36,,1236731.30
2026-06-14 03:00:00,3464479.30,,1224534.74
2026-06-14 04:00:00,3498573.89,,1196803.55
2026-06-14 05:00:00,3529448.29,,1175098.29
2026-06-14 06:00:00,3572115.90,,1169997.22
2026-06-14 07:00:00,3586874.51,,1163726.70
2026-06-14 08:00:00,3527128.43,,1150730.02
2026-06-14 09:00:00,3548965.21,,1155204.74
2026-06-14 10:00:00,3578768.84,,1157754.04
2026-06-14 11:00:00,3715304.09,,1246254.39
2026-06-14 12:00:00,3813519.37,,1274835.59
2026-06-14 13:00:00,3631739.04,,1236088.92
2026-06-14 14:00:00,3565504.55,,1148067.00
2026-06-14 15:00:00,3609888.30,,1143151.36
2026-06-14 16:00:00,3772949.16,,1195769.37
2026-06-14 17:00:00,3735701.51,,1142707.81
2026-06-14 18:00:00,3920109.91,,1162073.86
2026-06-14 19:00:00,3866287.79,,1162459.92
2026-06-14 20:00:00,3807538.16,,1131314.28
2026-06-14 21:00:00,3740297.70,,1100193.62
2026-06-14 22:00:00,3808085.96,,1119248.55
2026-06-14 23:00:00,3764355.50,,1125078.55
2026-06-15 00:00:00,3828510.45,,1113307.55
2026-06-15 01:00:00,3846047.87,,1101138.20
2026-06-15 02:00:00,3800234.66,,1078978.96
2026-06-15 03:00:00,3881501.38,,1109626.00
2026-06-15 04:00:00,3973325.81,,1108098.93
2026-06-15 05:00:00,3833581.30,,1072813.23
2026-06-15 06:00:00,3858942.29,,1113095.49
2026-06-15 07:00:00,3928738.06,,1118468.49
2026-06-15 08:00:00,3966949.12,,1135212.98
2026-06-15 09:00:00,3921390.22,,1122768.33
2026-06-15 10:00:00,4049837.01,,1149926.91
2026-06-15 11:00:00,4089812.03,,1186298.65
2026-06-15 12:00:00,4072200.84,,1196616.79
2026-06-15 13:00:00,4118951.18,,1223536.12
2026-06-15 14:00:00,4268576.39,,1286106.48
2026-06-15 15:00:00,4204491.29,,1249981.59
2026-06-15 16:00:00,4270343.72,,1291051.87
2026-06-15 17:00:00,4238088.61,,1298144.23
2026-06-15 18:00:00,4528896.31,,1454402.38
2026-06-15 19:00:00,4357017.04,,1393486.37
2026-06-15 20:00:00,4372825.78,,1391712.99
2026-06-15 21:00:00,4422123.36,,1391528.18
2026-06-15 22:00:00,4410440.49,,1369176.48
2026-06-15 23:00:00,4392647.88,,1360204.70
2026-06-16 00:00:00,4785506.58,,1454580.77
2026-06-16 01:00:00,4634344.04,,1434359.35
2026-06-16 02:00:00,4688966.96,,1435941.92
2026-06-16 03:00:00,4738543.18,,1482042.71
2026-06-16 04:00:00,4634678.68,,1461127.55
2026-06-16 05:00:00,4466757.34,,1432710.84
2026-06-16 06:00:00,4690035.84,,1492254.46
2026-06-16 07:00:00,4755862.13,,1518990.51
2026-06-16 08:00:00,4575094.96,,1430725.92
2026-06-16 09:00:00,4669192.50,,1417947.59
2026-06-16 10:00:00,4558134.11,,1385485.97
2026-06-16 11:00:00,4506691.75,,1378612.36
2026-06-16 12:00:00,4587941.30,,1399824.39
2026-06-16 13:00:00,4667361.84,,1413649.45
2026-06-16 14:00:00,4587122.38,,1388194.72
2026-06-16 15:00:00,4579244.73,,1397317.94
2026-06-16 16:00:00,4810380.00,,1472202.02
2026-06-16 17:00:00,5224188.39,,1666464.23
2026-06-16 18:00:00,4896390.43,,1501296.20
2026-06-16 19:00:00,4901585.08,,1467587.12
2026-06-16 20:00:00,4867341.86,,1448932.69
2026-06-16 21:00:00,4933050.98,,1445847.45
2026-06-16 22:00:00,5027887.37,,1467913.92
2026-06-16 23:00:00,5010384.39,,1453745.40
2026-06-17 00:00:00,4923562.27,,1437716.57
2026-06-17 01:00:00,4997518.51,,1475344.93
2026-06-17 02:00:00,4688436.00,,1357972.18
2026-06-17 03:00:00,4757992.47,,1359752.23
2026-06-17 04:00:00,4712650.71,,1345638.21
2026-06-17 05:00:00,4688648.52,,1333512.43
2026-06-17 06:00:00,4634642.22,,1314172.13
2026-06-17 07:00:00,4544909.32,,1271072.11
2026-06-17 08:00:00,4576628.60,,1265486.70
2026-06-17 09:00:00,4552845.37,,1263586.73
2026-06-17 10:00:00,4598152.43,,1272211.38
2026-06-17 11:00:00,4587989.15,,1273565.13
2026-06-17 12:00:00,4571075.89,,1258494.84
2026-06-17 13:00:00,4489452.33,,1193598.59
2026-06-17 14:00:00,4497427.56,,1207043.16
2026-06-17 15:00:00,4472900.69,,1213118.50
2026-06-17 16:00:00,4464862.68,,1223253.88
2026-06-17 17:00:00,4437797.18,,1242033.77
2026-06-17 18:00:00,4476599.71,,1251218.51
2026-06-17 19:00:00,4445344.54,,1239565.17
2026-06-17 20:00:00,4373949.33,,1222775.27
2026-06-17 21:00:00,4401817.79,,1228277.76
2026-06-17 22:00:00,4366422.16,,1220024.47
2026-06-17 23:00:00,4346144.27,,1227827.21
2026-06-18 00:00:00,4379293.55,,1232854.92
2026-06-18 01:00:00,4402563.95,,1231473.97
2026-06-18 02:00:00,4403396.42,,1229002.57
2026-06-18 03:00:00,4446478.82,,1231570.77
2026-06-18 04:00:00,4538258.85,,1263845.73
2026-06-18 05:00:00,4486396.88,,1245930.97
2026-06-18 06:00:00,4525972.96,,1260076.72
2026-06-18 07:00:00,4421245.88,,1237309.21
2026-06-18 08:00:00,4382604.15,,1234265.66
2026-06-18 09:00:00,4384347.59,,1227125.27
2026-06-18 10:00:00,4356923.99,,1217563.73
2026-06-18 11:00:00,4368219.70,,1230830.58
2026-06-18 12:00:00,4368100.07,,1227279.66
2026-06-18 13:00:00,4317461.28,,1208736.02
2026-06-18 14:00:00,4340575.56,,1210049.52
2026-06-18 15:00:00,4253066.44,,1171278.28
2026-06-18 16:00:00,4090118.32,,1142498.34
2026-06-18 17:00:00,4153948.60,,1142469.98
2026-06-18 18:00:00,3925078.02,,1108655.79
2026-06-18 19:00:00,4016064.50,,1121932.58
2026-06-18 20:00:00,4032166.50,,1132028.82
2026-06-18 21:00:00,4019448.76,,1124473.40
2026-06-18 22:00:00,3997052.37,,1114331.40
2026-06-18 23:00:00,3984633.87,,1108710.24
2026-06-19 00:00:00,3968429.09,,1113559.97
2026-06-19 01:00:00,3972267.78,,1132113.05
2026-06-19 02:00:00,3920357.23,,1118288.68
2026-06-19 03:00:00,3933354.10,,1126347.61
2026-06-19 04:00:00,3927158.42,,1112755.87
2026-06-19 05:00:00,3940544.80,,1120561.40
2026-06-19 06:00:00,3978111.26,,1127889.98
2026-06-19 07:00:00,4019392.01,,1125554.64
2026-06-19 08:00:00,3954703.75,,1110450.26
2026-06-19 09:00:00,3996077.41,,1126910.15
2026-06-19 10:00:00,3958735.84,,1110704.97
2026-06-19 11:00:00,3983287.26,,1128526.24
2026-06-19 12:00:00,4164895.20,,1139826.84
2026-06-19 13:00:00,4181471.50,,1144814.53
2026-06-19 14:00:00,4133602.51,,1131511.84
2026-06-19 15:00:00,4108826.62,,1135150.64
2026-06-19 16:00:00,4029896.14,,1114134.86
2026-06-19 17:00:00,4035762.75,,1116030.35
2026-06-19 18:00:00,4005437.76,,1125573.04
2026-06-19 19:00:00,3989818.28,,1124357.94
2026-06-19 20:00:00,3971143.53,,1122862.07
2026-06-19 21:00:00,3963884.28,,1117498.80
2026-06-19 22:00:00,4047605.76,,1120815.15
2026-06-19 23:00:00,3992547.73,,1097709.20
2026-06-20 00:00:00,4007176.90,,1098159.56
2026-06-20 01:00:00,4002096.21,,1097185.39
2026-06-20 02:00:00,4006175.70,,1093138.06
2026-06-20 03:00:00,3951313.58,,1069582.00
2026-06-20 04:00:00,3960408.42,,1077831.33
2026-06-20 05:00:00,3956933.81,,1071732.97
2026-06-20 06:00:00,3975302.70,,1083172.64
2026-06-20 07:00:00,3972162.06,,1081844.96
2026-06-20 08:00:00,3960641.80,,1080638.02
2026-06-20 09:00:00,3955681.76,,1075811.92
2026-06-20 10:00:00,3985250.49,,1085106.33
2026-06-20 11:00:00,3898816.25,,1066652.02
2026-06-20 12:00:00,3958816.91,,1084186.21
2026-06-20 13:00:00,3944569.20,,1085457.83
2026-06-20 14:00:00,3947926.12,,1081993.15
2026-06-20 15:00:00,3964467.16,,1082183.15
2026-06-20 16:00:00,3950196.13,,1092504.29
2026-06-20 17:00:00,3976078.62,,1097495.01
2026-06-20 18:00:00,3976027.90,,1097388.25
2026-06-20 19:00:00,3988093.94,,1098162.79
2026-06-20 20:00:00,3985494.43,,1087469.57
2026-06-20 21:00:00,4065991.95,,1111498.86
2026-06-20 22:00:00,4006544.19,,1085885.74
2026-06-20 23:00:00,4029929.78,,1090884.43
2026-06-21 00:00:00,4088380.32,,1104763.20
2026-06-21 01:00:00,4150484.77,,1124282.32
2026-06-21 02:00:00,4075546.68,,1088098.95
2026-06-21 03:00:00,4056366.03,,1081770.68
2026-06-21 04:00:00,4007302.71,,1069389.25
2026-06-21 05:00:00,4036145.45,,1073487.62
2026-06-21 06:00:00,4066772.83,,1069675.93
2026-06-21 07:00:00,4152066.52,,1075553.36
2026-06-21 08:00:00,4017414.77,,1038314.85
2026-06-21 09:00:00,3968547.58,,1036308.71
2026-06-21 10:00:00,4080230.35,,1050149.03
2026-06-21 11:00:00,4147593.71,,1049557.87
2026-06-21 12:00:00,4193177.03,,1066015.00
2026-06-21 13:00:00,4090046.64,,1048508.94
2026-06-21 14:00:00,4055754.05,,1033465.05
2026-06-21 15:00:00,3966300.77,,1009947.27
2026-06-21 16:00:00,3952536.53,,1007084.53
2026-06-21 17:00:00,3938666.76,,1013672.09
2026-06-21 18:00:00,4045691.40,,1042492.21
2026-06-21 19:00:00,4022614.50,,1054287.20
2026-06-21 20:00:00,4046402.07,,1075886.37
2026-06-21 21:00:00,4143855.14,,1091585.16
2026-06-21 22:00:00,4159893.52,,1146932.01
2026-06-21 23:00:00,4193710.41,,1236650.53
2026-06-22 00:00:00,4446151.63,,1322337.45
2026-06-22 01:00:00,4526753.98,,1377543.44
2026-06-22 02:00:00,4723832.61,,1464263.00
2026-06-22 03:00:00,4719570.64,,1571640.11
2026-06-22 04:00:00,4438104.45,,1531455.48
2026-06-22 05:00:00,4424637.39,,1524144.62
2026-06-22 06:00:00,4602259.23,,1711042.43
2026-06-22 07:00:00,4782235.69,,1910339.80
2026-06-22 08:00:00,4226000.22,,1469366.89
2026-06-22 09:00:00,4493913.76,,1530113.35
2026-06-22 10:00:00,4260830.46,,1459843.23
2026-06-22 11:00:00,4084170.53,,1348781.55
2026-06-22 12:00:00,4109279.05,,1347817.26
2026-06-22 13:00:00,4033776.06,,1361218.16
2026-06-22 14:00:00,4061741.60,,1330971.41
2026-06-22 15:00:00,4125575.98,,1346829.24
2026-06-22 16:00:00,4079510.65,,1376835.62
2026-06-22 17:00:00,4062158.78,,1344149.80
2026-06-22 18:00:00,4030184.50,,1340527.25
2026-06-22 19:00:00,3966164.84,,1324695.14
2026-06-22 20:00:00,3912940.44,,1290027.74
2026-06-22 21:00:00,3831869.30,,1207265.05
2026-06-22 22:00:00,3782491.44,,1160843.36
2026-06-22 23:00:00,3733765.74,,1138563.04
2026-06-23 00:00:00,3561408.01,,1109972.39
2026-06-23 01:00:00,3675218.79,,1138434.22
2026-06-23 02:00:00,3678382.76,,1135736.59
2026-06-23 03:00:00,3643373.47,,1128756.64
2026-06-23 04:00:00,3611286.99,,1106146.98
2026-06-23 05:00:00,3676145.48,,1144454.06
2026-06-23 06:00:00,3676716.85,,1129446.34
2026-06-23 07:00:00,3759016.96,,1143143.59
2026-06-23 08:00:00,3696428.03,,1114490.46
2026-06-23 09:00:00,3594276.80,,1106429.39
2026-06-23 10:00:00,3606852.50,,1094825.51
2026-06-23 11:00:00,3522254.33,,1087876.39
2026-06-23 12:00:00,3556733.95,,1106752.55
2026-06-23 13:00:00,3536615.15,,1104813.45
2026-06-23 14:00:00,3521728.53,,1101068.02
2026-06-23 15:00:00,3502268.75,,1080551.26
2026-06-23 16:00:00,3472789.50,,1066190.07
2026-06-23 17:00:00,3448101.49,,1049162.48
2026-06-23 18:00:00,3404346.53,,1028691.39
2026-06-23 19:00:00,3474692.52,,1051821.64
2026-06-23 20:00:00,3501023.83,,1060093.25
2026-06-23 21:00:00,3468560.23,,1044843.66
2026-06-23 22:00:00,3442868.83,,1038183.84
2026-06-23 23:00:00,3387207.50,,1026477.96
2026-06-24 00:00:00,3342447.14,,1014504.91
2026-06-24 01:00:00,3319917.06,,1010849.87
2026-06-24 02:00:00,3291438.36,,1010960.78
2026-06-24 03:00:00,3294869.37,,1015763.09
2026-06-24 04:00:00,3322672.82,,1023474.03
2026-06-24 05:00:00,3276760.76,,1015483.47
2026-06-24 06:00:00,3284526.15,,1016181.37
2026-06-24 07:00:00,3338862.57,,1023844.83
2026-06-24 08:00:00,3343134.57,,1026455.35
2026-06-24 09:00:00,3291536.59,,993086.15
2026-06-24 10:00:00,3286539.37,,989545.28
2026-06-24 11:00:00,3258574.71,,985886.50
2026-06-24 12:00:00,3249229.55,,979215.74
2026-06-24 13:00:00,3248024.79,,976540.84
2026-06-24 14:00:00,2966381.95,,926538.59
2026-06-24 15:00:00,2957682.12,,923901.62
2026-06-24 16:00:00,2929039.76,,936841.98
2026-06-24 17:00:00,2809783.99,,897333.11
2026-06-24 18:00:00,2766525.64,,899370.35
2026-06-24 19:00:00,2808542.44,,905272.57
2026-06-24 20:00:00,2756843.67,,878087.33
2026-06-24 21:00:00,2793338.77,,851252.82
2026-06-24 22:00:00,2795384.43,,840966.41
2026-06-24 23:00:00,2762829.17,,828928.96
2026-06-25 00:00:00,2738757.81,,807743.58
2026-06-25 01:00:00,2719898.36,,749956.67
2026-06-25 02:00:00,2740681.58,,750720.61
2026-06-25 03:00:00,2720964.26,,752561.60
2026-06-25 04:00:00,2746593.20,,762662.71
2026-06-25 05:00:00,2720528.68,,733775.73
2026-06-25 06:00:00,2735743.71,,752963.07
2026-06-25 07:00:00,2704397.97,,728569.53
2026-06-25 08:00:00,2738888.32,,703648.66
2026-06-25 09:00:00,2757242.98,,711061.98
2026-06-25 10:00:00,2776932.49,,754942.84
2026-06-25 11:00:00,2740597.42,,759580.52
2026-06-25 12:00:00,2711457.70,,713589.42
2026-06-25 13:00:00,2733463.31,,689273.10
2026-06-25 14:00:00,2608481.87,,640752.37
2026-06-25 15:00:00,2809473.44,,631789.67
2026-06-25 16:00:00,2908158.86,,633374.56
2026-06-25 17:00:00,2939083.10,,616483.67
2026-06-25 18:00:00,2970359.77,,601966.50
2026-06-25 19:00:00,3028266.03,,612114.51
2026-06-25 20:00:00,2974222.88,,593472.05
2026-06-25 21:00:00,2973165.60,,592433.48
2026-06-25 22:00:00,3015255.25,,600848.66
2026-06-25 23:00:00,3003366.64,,604368.82
2026-06-26 00:00:00,2997478.28,,610681.93
2026-06-26 01:00:00,3029517.87,,612499.68
2026-06-26 02:00:00,3038509.83,,621233.77
2026-06-26 03:00:00,3051475.09,,635583.33
2026-06-26 04:00:00,3101941.60,,669511.18
2026-06-26 05:00:00,3190873.80,,694613.59
2026-06-26 06:00:00,3348595.21,,820020.41
2026-06-26 07:00:00,3233889.44,,790969.46
2026-06-26 08:00:00,3328888.47,,789080.12
2026-06-26 09:00:00,3443784.48,,842844.36
2026-06-26 10:00:00,3457511.81,,821792.73
2026-06-26 11:00:00,3511203.11,,807522.96
2026-06-26 12:00:00,3620496.45,,850136.40
2026-06-26 13:00:00,3599485.94,,867623.30
2026-06-26 14:00:00,3593574.09,,864313.00
2026-06-26 15:00:00,3584316.86,,824020.56
2026-06-26 16:00:00,3656272.66,,831574.99
2026-06-26 17:00:00,3632954.02,,842141.23
2026-06-26 18:00:00,3709038.50,,860498.10
2026-06-26 19:00:00,3629700.99,,859028.73
2026-06-26 20:00:00,3627032.71,,848766.70
2026-06-26 21:00:00,3633184.81,,845021.25
2026-06-26 22:00:00,3512606.84,,830459.39
2026-06-26 23:00:00,3581169.94,,841005.34
2026-06-27 00:00:00,3677294.60,,865823.68
2026-06-27 01:00:00,3606356.14,,865546.28
2026-06-27 02:00:00,3603888.20,,876214.68
2026-06-27 03:00:00,3564754.57,,863407.10
2026-06-27 04:00:00,3583655.27,,874789.33
2026-06-27 05:00:00,3530713.31,,869157.30
2026-06-27 06:00:00,3678919.45,,923414.64
2026-06-27 07:00:00,3565256.11,,899151.55
2026-06-27 08:00:00,3502108.76,,894188.81
2026-06-27 09:00:00,3449940.81,,885108.53
2026-06-27 10:00:00,3481273.60,,898665.94
2026-06-27 11:00:00,3560672.23,,911913.38
2026-06-27 12:00:00,3629021.63,,935850.78
2026-06-27 13:00:00,3709523.99,,958577.39
2026-06-27 14:00:00,3714483.83,,933680.31
2026-06-27 15:00:00,3773187.68,,941964.86
2026-06-27 16:00:00,3833057.58,,958168.86
2026-06-27 17:00:00,3782157.64,,931526.57
2026-06-27 18:00:00,3829844.92,,945471.19
2026-06-27 19:00:00,3795847.54,,935566.55
2026-06-27 20:00:00,3868166.05,,949769.73
2026-06-27 21:00:00,3789394.43,,934324.81
2026-06-27 22:00:00,3824764.54,,931865.64
2026-06-27 23:00:00,3806034.43,,935846.51
2026-06-28 00:00:00,3855901.47,,943612.83
2026-06-28 01:00:00,3891833.29,,947916.73
2026-06-28 02:00:00,3848950.22,,941962.73
2026-06-28 03:00:00,3868879.07,,941037.40
2026-06-28 04:00:00,3864972.73,,941471.94
2026-06-28 05:00:00,3748564.00,,924107.36
2026-06-28 06:00:00,3749296.44,,924631.66
2026-06-28 07:00:00,3772856.33,,929659.05
2026-06-28 08:00:00,3739110.08,,924438.31
2026-06-28 09:00:00,3743241.19,,926121.93
2026-06-28 10:00:00,3710991.24,,922573.10
2026-06-28 11:00:00,3678227.02,,924827.81
2026-06-28 12:00:00,3583170.56,,900125.61
2026-06-28 13:00:00,3569274.77,,898794.22
2026-06-28 14:00:00,3556558.03,,893346.23
2026-06-28 15:00:00,3504770.39,,877680.17
2026-06-28 16:00:00,3483889.37,,871370.09
2026-06-28 17:00:00,3477692.58,,884324.01
2026-06-28 18:00:00,3492695.32,,907092.11
2026-06-28 19:00:00,3483418.33,,915501.71
2026-06-28 20:00:00,3462679.23,,911795.84
2026-06-28 21:00:00,3438419.50,,893092.78
2026-06-28 22:00:00,3445738.26,,921889.24
2026-06-28 23:00:00,3403290.04,,912755.26
2026-06-29 00:00:00,3373837.48,,887293.24
2026-06-29 01:00:00,3374492.69,,909632.55
2026-06-29 02:00:00,3340221.99,,889140.81
2026-06-29 03:00:00,3323751.51,,879920.51
2026-06-29 04:00:00,3316394.82,,879138.86
2026-06-29 05:00:00,3311470.15,,918056.27
2026-06-29 06:00:00,3305123.99,,927374.12
2026-06-29 07:00:00,3328212.55,,934490.48
2026-06-29 08:00:00,3343780.19,,953463.47
2026-06-29 09:00:00,3411155.28,,981209.89
2026-06-29 10:00:00,3366660.62,,1052072.25
2026-06-29 11:00:00,3356463.83,,1061565.97
2026-06-29 12:00:00,3345208.44,,1060764.52
2026-06-29 13:00:00,3465211.19,,1092854.68
2026-06-29 14:00:00,3436527.07,,1080774.76
2026-06-29 15:00:00,3455904.63,,1078434.67
2026-06-29 16:00:00,3376399.81,,1073920.58
2026-06-29 17:00:00,3323249.19,,1081328.22
2026-06-29 18:00:00,3294943.24,,1098182.31
2026-06-29 19:00:00,3321470.01,,1136103.23
2026-06-29 20:00:00,3318765.80,,1147548.27
2026-06-29 21:00:00,3361826.48,,1177803.69
2026-06-29 22:00:00,3454534.34,,1184639.25
2026-06-29 23:00:00,3451478.64,,1179724.17
2026-06-30 00:00:00,3467204.75,,1177495.85
2026-06-30 01:00:00,3427987.72,,1169800.39
2026-06-30 02:00:00,3492489.77,,1208552.34
2026-06-30 03:00:00,3415616.70,,1201704.98
2026-06-30 04:00:00,3385235.65,,1303924.19
2026-06-30 05:00:00,3370367.07,,1401065.73
2026-06-30 06:00:00,3283685.88,,1344039.61
2026-06-30 07:00:00,3277488.83,,1342548.84
2026-06-30 08:00:00,3243331.48,,1308007.05
2026-06-30 09:00:00,3283205.46,,1318229.80
2026-06-30 10:00:00,3250067.21,,1299321.06
2026-06-30 11:00:00,3338013.09,,1318712.88
2026-06-30 12:00:00,3354573.05,,1339922.79
2026-06-30 13:00:00,3371835.91,,1334980.92
2026-06-30 14:00:00,3352527.19,,1322007.56
2026-06-30 15:00:00,3332581.04,,1333344.35
2026-06-30 16:00:00,3291735.02,,1321008.50
2026-06-30 17:00:00,3226818.26,,1313652.00
2026-06-30 18:00:00,3228432.52,,1311683.86
2026-06-30 19:00:00,3198701.07,,1299659.60
2026-06-30 20:00:00,3183712.38,,1293967.40
2026-06-30 21:00:00,3175705.78,,1301116.14
2026-06-30 22:00:00,3197405.36,,1306760.59
2026-06-30 23:00:00,3230350.81,,1302477.96
2026-07-01 00:00:00,3249952.75,,1318019.29
2026-07-01 01:00:00,3258321.64,,1313596.66
2026-07-01 02:00:00,3295116.23,,1330344.83
2026-07-01 03:00:00,3308382.24,,1352369.64
2026-07-01 04:00:00,3310616.00,,1375531.32
2026-07-01 05:00:00,3316793.00,,1399856.07
2026-07-01 06:00:00,3298121.68,,1398423.40
2026-07-01 07:00:00,3300585.50,,1390923.07
2026-07-01 08:00:00,3334431.82,,1386043.52
2026-07-01 09:00:00,3287548.16,,1344424.71
2026-07-01 10:00:00,3286164.95,,1345897.52
2026-07-01 11:00:00,3275957.55,,1363932.94
2026-07-01 12:00:00,3261230.44,,1361960.33
2026-07-01 13:00:00,3274841.65,,1355621.75
2026-07-01 14:00:00,3284285.83,,1346252.64
2026-07-01 15:00:00,3277821.36,,1354846.00
2026-07-01 16:00:00,3265485.23,,1355583.44
2026-07-01 17:00:00,3265727.21,,1370225.02
2026-07-01 18:00:00,3243417.19,,1344320.91
2026-07-01 19:00:00,3202614.32,,1336206.33
2026-07-01 20:00:00,3146233.74,,1323832.14
2026-07-01 21:00:00,3114755.95,,1314333.74
2026-07-01 22:00:00,3146633.28,,1328390.67
2026-07-01 23:00:00,3111862.25,,1327763.36
2026-07-02 00:00:00,3107745.98,,1352421.18
2026-07-02 01:00:00,3090728.81,,1346791.29
2026-07-02 02:00:00,3119244.72,,1347442.15
2026-07-02 03:00:00,3113580.63,,1351382.48
2026-07-02 04:00:00,3140413.44,,1363964.29
2026-07-02 05:00:00,3145870.14,,1367077.29
2026-07-02 06:00:00,3167524.13,,1368574.75
2026-07-02 07:00:00,3191156.01,,1373975.43
2026-07-02 08:00:00,3194981.45,,1374849.97
2026-07-02 09:00:00,3224158.46,,1382893.05
2026-07-02 10:00:00,3214509.05,,1397899.58
2026-07-02 11:00:00,3201182.68,,1418330.93
2026-07-02 12:00:00,3239384.24,,1415958.62
2026-07-02 13:00:00,3235054.59,,1416477.13
2026-07-02 14:00:00,3142512.28,,1398550.46
2026-07-02 15:00:00,3131843.59,,1362677.34
2026-07-02 16:00:00,3122220.28,,1347505.58
2026-07-02 17:00:00,3086057.82,,1330414.20
2026-07-02 18:00:00,3081177.31,,1333212.97
2026-07-02 19:00:00,3015803.17,,1310129.55
2026-07-02 20:00:00,3017102.18,,1319655.79
2026-07-02 21:00:00,3007710.49,,1325224.65
2026-07-02 22:00:00,3014157.99,,1327390.93
2026-07-02 23:00:00,3001416.86,,1326114.41
2026-07-03 00:00:00,3004684.48,,1328497.83
2026-07-03 01:00:00,2967068.94,,1321224.11
2026-07-03 02:00:00,2967449.44,,1313782.19
2026-07-03 03:00:00,2937134.82,,1302736.45
2026-07-03 04:00:00,2921291.54,,1299920.63
2026-07-03 05:00:00,2911949.92,,1317317.21
2026-07-03 06:00:00,2929956.34,,1319250.80
2026-07-03 07:00:00,2939719.28,,1316204.08
2026-07-03 08:00:00,3021317.82,,1338138.35
2026-07-03 09:00:00,3122767.72,,1374714.54
2026-07-03 10:00:00,3034751.53,,1381391.51
2026-07-03 11:00:00,2982237.55,,1394358.18
2026-07-03 12:00:00,3011320.70,,1435677.67
2026-07-03 13:00:00,3208049.90,,1562489.92
2026-07-03 14:00:00,3599369.81,,1832608.24
2026-07-03 15:00:00,3786096.35,,2281732.23
2026-07-03 16:00:00,3480924.10,,2340348.47
2026-07-03 17:00:00,3771545.60,,2492804.14
2026-07-03 18:00:00,3619665.58,,2456518.87
2026-07-03 19:00:00,3454379.55,,2400864.31
2026-07-03 20:00:00,3445047.76,,2400458.31
2026-07-03 21:00:00,3493226.89,,2451606.57
2026-07-03 22:00:00,3515087.76,,2491007.71
2026-07-03 23:00:00,3758571.73,,2606036.93
2026-07-04 00:00:00,3955130.00,,2769681.62
2026-07-04 01:00:00,4431146.68,,3182800.55
2026-07-04 02:00:00,4828893.49,,3373824.79
2026-07-04 03:00:00,6106924.27,,4122636.27
2026-07-04 04:00:00,6644988.38,,4364412.84
2026-07-04 05:00:00,7726383.60,,4755971.07
2026-07-04 06:00:00,9055719.67,,5471468.64
2026-07-04 07:00:00,11256720.04,,6316065.22
2026-07-04 08:00:00,12631722.78,,6905604.11
2026-07-04 09:00:00,13014445.47,,6843814.14
2026-07-04 10:00:00,11956783.22,,5659247.25
2026-07-04 11:00:00,13916298.22,,6529901.79
2026-07-04 12:00:00,15920173.74,,7762841.70
2026-07-04 13:00:00,13897742.38,,6701554.34
2026-07-04 14:00:00,12498208.62,,5769917.43
2026-07-04 15:00:00,11375838.86,,5217400.80
2026-07-04 16:00:00,10546743.75,,4925984.40
2026-07-04 17:00:00,10270057.65,,5195083.64
2026-07-04 18:00:00,9851442.27,,4879968.92
2026-07-04 19:00:00,9907387.61,,4927259.78
2026-07-04 20:00:00,10065968.43,,5032910.17
2026-07-04 21:00:00,10093558.13,,5081041.91
2026-07-04 22:00:00,10606727.75,,5211980.44
2026-07-04 23:00:00,9827276.15,,4828341.76
2026-07-05 00:00:00,9744378.28,,4734722.21
2026-07-05 01:00:00,10089282.23,,4992244.75
2026-07-05 02:00:00,10153956.14,,4925271.91
2026-07-05 03:00:00,9755380.06,,4705531.60
2026-07-05 04:00:00,9888035.46,,4472326.31
2026-07-05 05:00:00,9218520.89,,4391449.13
2026-07-05 06:00:00,9065348.10,,4235207.25
2026-07-05 07:00:00,8926334.12,,4294839.19
2026-07-05 08:00:00,8948880.05,,4320401.34
2026-07-05 09:00:00,9010307.16,,4659206.26
2026-07-05 10:00:00,9580812.34,,5289671.16
2026-07-05 11:00:00,9454012.97,,5398354.89
2026-07-05 12:00:00,9568795.38,,5511103.20
2026-07-05 13:00:00,9502985.30,,5511864.16
2026-07-05 14:00:00,9401643.32,,5473721.78
2026-07-05 15:00:00,9519459.93,,5483352.18
2026-07-05 16:00:00,9552673.76,,5185964.56
2026-07-05 17:00:00,9232712.98,,4620798.20
2026-07-05 18:00:00,9292875.41,,4641764.05
2026-07-05 19:00:00,8935557.05,,4558768.27
2026-07-05 20:00:00,9088056.70,,4561649.32
2026-07-05 21:00:00,8690085.69,,4339994.78
2026-07-05 22:00:00,8639617.37,,4328678.31
2026-07-05 23:00:00,8671885.45,,4367220.15
2026-07-06 00:00:00,8739692.23,,4344972.93
2026-07-06 01:00:00,8899359.58,,4525317.81
2026-07-06 02:00:00,8874770.73,,4531485.98
2026-07-06 03:00:00,8850556.65,,4385931.80
2026-07-06 04:00:00,8746282.95,,4272196.61
2026-07-06 05:00:00,9297797.52,,4501153.77
2026-07-06 06:00:00,8779158.07,,4133864.94
2026-07-06 07:00:00,8746962.93,,4148448.06
2026-07-06 08:00:00,7385345.12,,3506457.87
2026-07-06 09:00:00,7157473.65,,3763495.16
2026-07-06 10:00:00,7369552.75,,4067328.60
2026-07-06 11:00:00,7869211.13,,4252816.13
2026-07-06 12:00:00,7839542.68,,4397964.78
2026-07-06 13:00:00,7469428.17,,4125258.38
2026-07-06 14:00:00,8017899.37,,4426241.07
2026-07-06 15:00:00,7846633.46,,4343348.54
2026-07-06 16:00:00,8946437.48,,4847260.41
2026-07-06 17:00:00,8733766.83,,5102447.25
2026-07-06 18:00:00,8498986.86,,5113449.88
2026-07-06 19:00:00,9480829.58,,5688251.42
2026-07-06 20:00:00,9561488.23,,5686358.04
2026-07-06 21:00:00,9415271.10,,5693072.80
2026-07-06 22:00:00,9452455.31,,5650839.21
2026-07-06 23:00:00,9725421.30,,5845185.56
2026-07-07 00:00:00,9617535.83,,5878058.97
2026-07-07 01:00:00,9476856.64,,5600749.57
2026-07-07 02:00:00,9437227.79,,5517779.81
2026-07-07 03:00:00,8842722.71,,5260727.01
2026-07-07 04:00:00,8471221.24,,4768719.06
2026-07-07 05:00:00,8447273.95,,4549937.15
2026-07-07 06:00:00,8726190.49,,4555871.86
2026-07-07 07:00:00,8828017.45,,4603674.11
2026-07-07 08:00:00,8420773.85,,4266245.06
2026-07-07 09:00:00,8376588.48,,4161326.84
2026-07-07 10:00:00,8288702.87,,4124166.33
2026-07-07 11:00:00,8552437.79,,4161024.38
2026-07-07 12:00:00,8570375.45,,4149680.56
2026-07-07 13:00:00,8308840.18,,3966932.21
2026-07-07 14:00:00,8301583.21,,3947050.32
2026-07-07 15:00:00,8078385.93,,3861740.34
2026-07-07 16:00:00,7879129.78,,3864922.80
2026-07-07 17:00:00,7774783.86,,3726175.42
2026-07-07 18:00:00,6913700.27,,3507934.78
2026-07-07 19:00:00,7313471.91,,3699580.25
2026-07-07 20:00:00,7088053.15,,3607243.66
2026-07-07 21:00:00,6914362.46,,3555598.27
2026-07-07 22:00:00,6735696.38,,3476881.38
2026-07-07 23:00:00,6748384.27,,3518124.49
2026-07-08 00:00:00,6197564.45,,3332087.09
2026-07-08 01:00:00,6041154.88,,3402304.88
2026-07-08 02:00:00,5766720.50,,3259624.17
2026-07-08 03:00:00,5820166.43,,3100519.27
2026-07-08 04:00:00,5758195.49,,3097666.16
2026-07-08 05:00:00,5830886.12,,3024204.42
2026-07-08 06:00:00,5852810.33,,2939860.86
2026-07-08 07:00:00,5657218.41,,2596356.35
2026-07-08 08:00:00,5580843.27,,2326745.91
2026-07-08 09:00:00,5142362.20,,2116030.34
2026-07-08 10:00:00,4789025.15,,2093046.68
2026-07-08 11:00:00,4776239.37,,2096088.08
2026-07-08 12:00:00,4707659.84,,2126708.98
2026-07-08 13:00:00,4927678.46,,2095563.65
2026-07-08 14:00:00,4635016.14,,1996147.66
2026-07-08 15:00:00,4535932.38,,1936325.06
2026-07-08 16:00:00,4687023.90,,1944895.00
2026-07-08 17:00:00,4557325.08,,1873965.70
2026-07-08 18:00:00,4527640.51,,1855717.10
2026-07-08 19:00:00,4578290.96,,1845162.19
2026-07-08 20:00:00,4535057.52,,1790787.97
2026-07-08 21:00:00,4405511.99,,1703226.74
2026-07-08 22:00:00,4482744.99,,1745887.22
2026-07-08 23:00:00,4371854.62,,1703973.02
2026-07-09 00:00:00,4397711.79,,1721294.33
2026-07-09 01:00:00,4378222.13,,1717964.73
2026-07-09 02:00:00,4370180.87,,1726014.38
2026-07-09 03:00:00,4289599.12,,1698540.08
2026-07-09 04:00:00,4330993.95,,1702036.65
2026-07-09 05:00:00,4233299.98,,1686240.76
2026-07-09 06:00:00,4262906.64,,1714826.84
2026-07-09 07:00:00,4235674.66,,1714329.08
2026-07-09 08:00:00,4472942.24,,1853232.85
2026-07-09 09:00:00,4412074.20,,1774404.50
2026-07-09 10:00:00,4179601.26,,1703446.55
2026-07-09 11:00:00,4264331.45,,1718948.47
2026-07-09 12:00:00,4238288.73,,1709109.92
2026-07-09 13:00:00,4217470.80,,1706242.93
2026-07-09 14:00:00,4255128.96,,1704331.18
2026-07-09 15:00:00,4266745.84,,1718872.55
2026-07-09 16:00:00,4199721.12,,1692700.79
2026-07-09 17:00:00,4142923.65,,1676740.98
2026-07-09 18:00:00,4089790.81,,1661366.19
2026-07-09 19:00:00,4062171.26,,1651060.20
2026-07-09 20:00:00,4032262.38,,1624550.81
2026-07-09 21:00:00,4021673.07,,1595989.39
2026-07-09 22:00:00,4022494.49,,1550022.18
2026-07-09 23:00:00,3961344.50,,1587036.20
2026-07-10 00:00:00,3860217.10,,1588060.14
2026-07-10 01:00:00,3881336.97,,1598949.20
2026-07-10 02:00:00,3906182.16,,1619417.56
2026-07-10 03:00:00,3807028.24,,1612686.56
2026-07-10 04:00:00,3834548.06,,1583093.77
2026-07-10 05:00:00,3838848.26,,1544240.45
2026-07-10 06:00:00,3845137.07,,1558759.12
2026-07-10 07:00:00,3791204.75,,1510080.90
2026-07-10 08:00:00,3845199.76,,1494500.07
2026-07-10 09:00:00,3903755.34,,1490412.52
2026-07-10 10:00:00,3926530.46,,1525741.57
2026-07-10 11:00:00,3991886.63,,1533619.51
2026-07-10 12:00:00,4022117.47,,1527733.95
2026-07-10 13:00:00,4126477.45,,1558886.01
2026-07-10 14:00:00,4199658.29,,1600698.22
2026-07-10 15:00:00,4114424.15,,1612589.85
2026-07-10 16:00:00,4091848.92,,1552014.64
2026-07-10 17:00:00,4186205.76,,1645625.41
2026-07-10 18:00:00,4323075.80,,1680493.98
2026-07-10 19:00:00,4227417.70,,1646892.90
2026-07-10 20:00:00,4168718.36,,1592208.81
2026-07-10 21:00:00,4193585.60,,1606274.05
2026-07-10 22:00:00,4242723.11,,1597748.24
2026-07-10 23:00:00,4613546.93,,1728982.97
2026-07-11 00:00:00,4476720.04,,1657217.35
2026-07-11 01:00:00,4572035.28,,1697509.29
2026-07-11 02:00:00,4535047.24,,1572549.65
2026-07-11 03:00:00,4642414.42,,1649123.35
2026-07-11 04:00:00,4973569.31,,1884799.67
2026-07-11 05:00:00,4701506.53,,1832957.77
2026-07-11 06:00:00,4734975.78,,1812799.86
2026-07-11 07:00:00,4988950.63,,1946578.51
2026-07-11 08:00:00,5696214.24,,2313935.23
2026-07-11 09:00:00,5888947.25,,2484164.91
2026-07-11 10:00:00,6015652.39,,2644031.10
2026-07-11 11:00:00,5725489.01,,2423777.14
2026-07-11 12:00:00,5369912.16,,2264656.54
2026-07-11 13:00:00,5390736.50,,2321053.19
2026-07-11 14:00:00,4977631.20,,2152439.23
2026-07-11 15:00:00,4974682.20,,2194216.61
2026-07-11 16:00:00,4846216.40,,2087525.41
2026-07-11 17:00:00,4602461.95,,1868475.88
2026-07-11 18:00:00,4599773.07,,1848461.16
2026-07-11 19:00:00,4573390.24,,1815911.56
2026-07-11 20:00:00,4546356.39,,1786074.30
2026-07-11 21:00:00,4446547.30,,1657060.22
2026-07-11 22:00:00,4427276.66,,1582856.97
2026-07-11 23:00:00,4454153.88,,1584594.57
2026-07-12 00:00:00,4438291.01,,1552264.33
2026-07-12 01:00:00,4376632.45,,1549409.97
2026-07-12 02:00:00,4425440.51,,1621331.30
2026-07-12 03:00:00,4281435.61,,1584246.30
2026-07-12 04:00:00,4293721.99,,1655375.15
2026-07-12 05:00:00,4299302.40,,1677138.55
2026-07-12 06:00:00,4123469.20,,1653681.16
2026-07-12 07:00:00,4112009.24,,1712397.53
2026-07-12 08:00:00,4073188.08,,1686845.86
2026-07-12 09:00:00,4123886.53,,1714853.03
2026-07-12 10:00:00,4156636.81,,1688731.29
2026-07-12 11:00:00,4091530.61,,1704712.51
2026-07-12 12:00:00,4193034.63,,1771271.12
2026-07-12 13:00:00,4188063.25,,1746082.42
2026-07-12 14:00:00,4143285.26,,1731662.68
2026-07-12 15:00:00,4237603.06,,1722339.51
2026-07-12 16:00:00,4113566.96,,1571494.85
2026-07-12 17:00:00,4133423.65,,1572538.22
2026-07-12 18:00:00,4099601.43,,1589616.60
2026-07-12 19:00:00,4018188.38,,1600725.55
2026-07-12 20:00:00,4026997.56,,1590216.69
2026-07-12 21:00:00,3991973.37,,1499159.81
2026-07-12 22:00:00,3972946.40,,1486251.88
2026-07-12 23:00:00,3964987.36,,1468351.51
2026-07-13 00:00:00,3894092.30,,1441544.59
2026-07-13 01:00:00,3917773.87,,1413206.46
2026-07-13 02:00:00,3851766.62,,1354964.30
2026-07-13 03:00:00,3851816.24,,1345114.59
2026-07-13 04:00:00,3776060.73,,1319825.05
2026-07-13 05:00:00,3866953.14,,1356486.26
2026-07-13 06:00:00,3921733.29,,1416572.13
2026-07-13 07:00:00,3814391.92,,1351742.15
2026-07-13 08:00:00,3759726.80,,1362609.93
2026-07-13 09:00:00,3715420.82,,1313241.23
2026-07-13 10:00:00,3663261.49,,1280062.24
2026-07-13 11:00:00,3582414.95,,1226638.99
2026-07-13 12:00:00,3551776.83,,1220670.09
2026-07-13 13:00:00,3413161.11,,1181404.11
2026-07-13 14:00:00,3437878.54,,1167434.62
2026-07-13 15:00:00,3490193.57,,1193133.89
2026-07-13 16:00:00,3439924.13,,1206959.63
2026-07-13 17:00:00,3508832.28,,1261590.70
2026-07-13 18:00:00,3499544.55,,1267156.18
2026-07-13 19:00:00,3408935.85,,1210755.19
2026-07-13 20:00:00,3391358.61,,1201323.97
2026-07-13 21:00:00,3389145.32,,1188789.82
2026-07-13 22:00:00,3411470.08,,1188905.23
2026-07-13 23:00:00,3402030.02,,1207850.62
2026-07-14 00:00:00,3376284.14,,1199878.48
2026-07-14 01:00:00,3409767.07,,1211249.63
2026-07-14 02:00:00,3371941.48,,1174703.72
2026-07-14 03:00:00,3311285.38,,1117930.47
2026-07-14 04:00:00,3264141.06,,1085175.59
2026-07-14 05:00:00,3262683.70,,1086531.93
2026-07-14 06:00:00,3208770.96,,1082684.64
2026-07-14 07:00:00,3193230.50,,1068288.52
2026-07-14 08:00:00,3175392.01,,1066120.64
2026-07-14 09:00:00,3196468.14,,1063045.25
2026-07-14 10:00:00,3213393.03,,1081451.94
2026-07-14 11:00:00,3196265.33,,1080145.35
2026-07-14 12:00:00,3181385.59,,1074921.01
2026-07-14 13:00:00,3219747.02,,1103174.78
2026-07-14 14:00:00,3217582.33,,1127144.42
2026-07-14 15:00:00,3180185.63,,1104096.49
2026-07-14 16:00:00,3239001.07,,1146486.22
2026-07-14 17:00:00,3210620.63,,1139636.71
2026-07-14 18:00:00,3225655.39,,1144351.70
2026-07-14 19:00:00,3174501.88,,1110336.90
2026-07-14 20:00:00,3163325.86,,1096217.64
2026-07-14 21:00:00,3158899.93,,1094654.87
2026-07-14 22:00:00,3170727.95,,1081907.25
2026-07-14 23:00:00,3150333.01,,1073063.58
2026-07-15 00:00:00,3135620.93,,1056771.51
2026-07-15 01:00:00,3162010.78,,1048617.24
2026-07-15 02:00:00,3145576.69,,1061333.98
2026-07-15 03:00:00,3132217.37,,1063864.87
2026-07-15 04:00:00,3142670.56,,1074815.78
2026-07-15 05:00:00,3116092.92,,1064073.70
2026-07-15 06:00:00,3145271.96,,1072417.64
2026-07-15 07:00:00,3118869.60,,1075995.63
2026-07-15 08:00:00,3117076.25,,1075607.93
2026-07-15 09:00:00,3054312.36,,1040608.39
2026-07-15 10:00:00,3064402.54,,1045329.81
2026-07-15 11:00:00,3048806.54,,1039563.67
2026-07-15 12:00:00,3050215.47,,1025823.02
2026-07-15 13:00:00,3066140.59,,1017389.01
2026-07-15 14:00:00,3044917.68,,997143.45
2026-07-15 15:00:00,3069662.90,,990119.96
2026-07-15 16:00:00,3067744.11,,970246.94
2026-07-15 17:00:00,3056178.97,,975486.70
2026-07-15 18:00:00,3065444.39,,967774.30
2026-07-15 19:00:00,3029087.25,,966869.07
2026-07-15 20:00:00,3080586.56,,972991.64
2026-07-15 21:00:00,3080142.16,,975908.72
2026-07-15 22:00:00,3053395.33,,964055.15
2026-07-15 23:00:00,3033014.89,,971659.40
2026-07-16 00:00:00,3046279.35,,979904.19
2026-07-16 01:00:00,3002619.24,,943746.13
2026-07-16 02:00:00,3029370.87,,938838.04
2026-07-16 03:00:00,3036482.67,,947447.10
2026-07-16 04:00:00,3076974.87,,970844.76
2026-07-16 05:00:00,3184877.00,,1035677.03
2026-07-16 06:00:00,3123579.37,,1109650.92
2026-07-16 07:00:00,3133903.95,,1128807.67
2026-07-16 08:00:00,3115090.73,,1128554.03
2026-07-16 09:00:00,3050475.94,,1081370.85
2026-07-16 10:00:00,3092768.20,,1096665.82
2026-07-16 11:00:00,3096297.30,,1088872.42
2026-07-16 12:00:00,3077932.23,,1052400.25
2026-07-16 13:00:00,3108703.52,,1095797.26
2026-07-16 14:00:00,3151085.76,,1113146.89
2026-07-16 15:00:00,3138337.12,,1100963.04
2026-07-16 16:00:00,3135275.61,,1100895.58
2026-07-16 17:00:00,3194485.70,,1179002.90
2026-07-16 18:00:00,3183915.32,,1169339.25
2026-07-16 19:00:00,3058132.87,,1105996.95
2026-07-16 20:00:00,3080045.54,,1076095.01
2026-07-16 21:00:00,3015905.37,,1037008.07
2026-07-16 22:00:00,3013896.06,,1022592.53
2026-07-16 23:00:00,2977474.66,,1013030.42
2026-07-17 00:00:00,2960562.23,,993775.34
2026-07-17 01:00:00,2993792.73,,1006414.09
2026-07-17 02:00:00,2990383.01,,991490.95
2026-07-17 03:00:00,2968432.83,,985028.10
2026-07-17 04:00:00,2922956.70,,940232.94
2026-07-17 05:00:00,2929395.41,,919047.37
2026-07-17 06:00:00,2894159.90,,900765.53
2026-07-17 07:00:00,2851677.01,,887597.85
2026-07-17 08:00:00,2788122.28,,858907.74
2026-07-17 09:00:00,2772749.93,,889766.44
2026-07-17 10:00:00,2785837.16,,904282.88
2026-07-17 11:00:00,2777542.30,,905259.02
2026-07-17 12:00:00,2773927.17,,896313.51
2026-07-17 13:00:00,2773231.55,,882795.06
2026-07-17 14:00:00,2780976.78,,906106.62
2026-07-17 15:00:00,2777550.58,,923977.98
2026-07-17 16:00:00,2804240.42,,938801.19
2026-07-17 17:00:00,2849929.55,,924735.48
2026-07-17 18:00:00,2878615.37,,896906.83
2026-07-17 19:00:00,2866865.46,,890017.06
2026-07-17 20:00:00,2843552.31,,867699.14
2026-07-17 21:00:00,2861846.52,,870965.42
2026-07-17 22:00:00,2824691.49,,867758.40
2026-07-17 23:00:00,2825115.39,,860511.73
2026-07-18 00:00:00,2791887.87,,843287.82
2026-07-18 01:00:00,2786632.20,,834905.45
2026-07-18 02:00:00,2768919.23,,818849.65
2026-07-18 03:00:00,2769149.86,,812633.38
2026-07-18 04:00:00,2772471.61,,809448.22
2026-07-18 05:00:00,2715956.06,,786744.22
2026-07-18 06:00:00,2793298.29,,805237.04
2026-07-18 07:00:00,2816447.71,,790852.98
2026-07-18 08:00:00,2856278.78,,823704.28
2026-07-18 09:00:00,2870772.69,,845953.72
2026-07-18 10:00:00,2824435.22,,823731.47
2026-07-18 11:00:00,2781552.71,,810129.47
2026-07-18 12:00:00,2823031.62,,818094.67
2026-07-18 13:00:00,2834658.22,,815041.40
2026-07-18 14:00:00,2846089.87,,820741.92
2026-07-18 15:00:00,2823445.83,,821690.53
2026-07-18 16:00:00,2809008.76,,813842.74
2026-07-18 17:00:00,2812518.10,,820012.71
2026-07-18 18:00:00,2787755.02,,801376.53
2026-07-18 19:00:00,2752382.35,,784193.29
2026-07-18 20:00:00,2746373.34,,796165.75
2026-07-18 21:00:00,2722192.58,,782700.44
2026-07-18 22:00:00,2749965.85,,783016.44
2026-07-18 23:00:00,2770779.76,,793046.22
2026-07-19 00:00:00,2749187.24,,787957.88
2026-07-19 01:00:00,2745849.06,,790889.42
2026-07-19 02:00:00,2692016.24,,786136.67
2026-07-19 03:00:00,2665801.00,,781423.51
2026-07-19 04:00:00,2672693.86,,787042.75
2026-07-19 05:00:00,2650917.20,,782131.05
2026-07-19 06:00:00,2647602.09,,771946.55
2026-07-19 07:00:00,2645204.17,,766726.26
2026-07-19 08:00:00,2637507.83,,767590.76
2026-07-19 09:00:00,2594128.52,,762781.99
2026-07-19 10:00:00,2589617.14,,761224.64
2026-07-19 11:00:00,2569266.81,,757275.57
2026-07-19 12:00:00,2555362.72,,766508.33
2026-07-19 13:00:00,2575864.51,,754962.16
2026-07-19 14:00:00,2569994.59,,751354.50
2026-07-19 15:00:00,2574607.38,,758144.89
2026-07-19 16:00:00,2568556.74,,754399.82
2026-07-19 17:00:00,2586435.31,,773706.07
2026-07-19 18:00:00,2558976.09,,764006.07
2026-07-19 19:00:00,2568850.63,,773896.55
2026-07-19 20:00:00,2587900.81,,781660.16
2026-07-19 21:00:00,2611912.04,,797009.11
2026-07-19 22:00:00,2620602.01,,790547.77
2026-07-19 23:00:00,2627799.07,,794238.36
2026-07-20 00:00:00,2665793.38,,798975.89
2026-07-20 01:00:00,2688636.06,,828374.58
2026-07-20 02:00:00,2624086.06,,810191.27
2026-07-20 03:00:00,2608392.69,,807237.84
2026-07-20 04:00:00,2618839.77,,802412.39
2026-07-20 05:00:00,2595203.88,,805000.08
2026-07-20 06:00:00,2589979.04,,807020.86
2026-07-20 07:00:00,2613667.65,,818441.59
2026-07-20 08:00:00,2579612.26,,809812.36
2026-07-20 09:00:00,2562464.19,,803507.81
2026-07-20 10:00:00,2544324.39,,810543.47
2026-07-20 11:00:00,2542823.78,,810362.79
2026-07-20 12:00:00,2571980.34,,811436.46
2026-07-20 13:00:00,2532473.58,,794882.53
2026-07-20 14:00:00,2517363.78,,791602.05
2026-07-20 15:00:00,2513110.57,,794222.83
2026-07-20 16:00:00,2571931.59,,798296.72
2026-07-20 17:00:00,2587710.12,,801573.95
2026-07-20 18:00:00,2613451.33,,803738.57
2026-07-20 19:00:00,2653160.84,,800608.10
2026-07-20 20:00:00,2639652.37,,810264.63
2026-07-20 21:00:00,2660860.22,,813765.05
2026-07-20 22:00:00,2672934.26,,812701.61
2026-07-20 23:00:00,2686441.71,,839765.22
2026-07-21 00:00:00,2661647.10,,827278.07
2026-07-21 01:00:00,2652846.30,,803603.33
2026-07-21 02:00:00,2666882.99,,802918.85
2026-07-21 03:00:00,2675767.09,,796095.33
2026-07-21 04:00:00,2688290.61,,791848.92
2026-07-21 05:00:00,2701671.91,,810865.00
2026-07-21 06:00:00,2727503.71,,809341.55
2026-07-21 07:00:00,2741132.60,,811636.78
2026-07-21 08:00:00,2741994.42,,816578.55
2026-07-21 09:00:00,2767823.07,,822316.69
2026-07-21 10:00:00,2764516.23,,815861.81
2026-07-21 11:00:00,2771707.40,,803920.39
2026-07-21 12:00:00,2779957.62,,809788.36
2026-07-21 13:00:00,2780652.29,,811614.17
2026-07-21 14:00:00,2792714.23,,825435.30
2026-07-21 15:00:00,2792683.05,,825708.55
2026-07-21 16:00:00,2823524.87,,825101.53
2026-07-21 17:00:00,2865439.49,,874736.28
2026-07-21 18:00:00,3187233.13,,1156440.86
2026-07-21 19:00:00,3038718.82,,1103159.82
2026-07-21 20:00:00,2978331.34,,1019475.45
2026-07-21 21:00:00,3015410.89,,982582.44
2026-07-21 22:00:00,3056512.77,,971010.41
2026-07-21 23:00:00,2990124.45,,947190.29
2026-07-22 00:00:00,3021787.33,,963214.62
2026-07-22 01:00:00,2975634.27,,952567.35
2026-07-22 02:00:00,3021291.74,,972513.07
2026-07-22 03:00:00,2961633.93,,951320.27
2026-07-22 04:00:00,2943481.06,,946801.37
2026-07-22 05:00:00,2969732.22,,950317.90
2026-07-22 06:00:00,2938837.43,,930589.51
2026-07-22 07:00:00,2909487.47,,910855.15
2026-07-22 08:00:00,2880846.66,,907353.94
2026-07-22 09:00:00,2863872.76,,880551.51
2026-07-22 10:00:00,2914602.67,,903340.50
2026-07-22 11:00:00,2901663.88,,891909.18
2026-07-22 12:00:00,2886499.00,,897697.98
2026-07-22 13:00:00,2899843.00,,912534.42
2026-07-22 14:00:00,2897432.71,,951155.49
2026-07-22 15:00:00,2903217.25,,978171.13
2026-07-22 16:00:00,2835655.49,,928991.36
2026-07-22 17:00:00,2824929.45,,945364.65
2026-07-22 18:00:00,2818097.70,,904974.37
2026-07-22 19:00:00,2804575.53,,897563.62
2026-07-22 20:00:00,2829529.75,,898761.13
2026-07-22 21:00:00,2883602.90,,920791.49
2026-07-22 22:00:00,2863585.40,,908862.22
2026-07-22 23:00:00,2864014.25,,899376.52
2026-07-23 00:00:00,2884082.15,,914313.55
2026-07-23 01:00:00,2857876.31,,902599.94
2026-07-23 02:00:00,2841807.47,,897021.21
2026-07-23 03:00:00,2829171.90,,903145.99
2026-07-23 04:00:00,2799125.16,,861891.84
2026-07-23 05:00:00,2810437.66,,853221.16
2026-07-23 06:00:00,2800275.29,,844734.43
2026-07-23 07:00:00,2815494.56,,826903.20
2026-07-23 08:00:00,2787541.46,,790069.44
2026-07-23 09:00:00,2827342.36,,786907.23
2026-07-23 10:00:00,2794310.61,,765480.35
2026-07-23 11:00:00,2794039.45,,763085.95
2026-07-23 12:00:00,2781833.74,,764065.15
2026-07-23 13:00:00,2810070.93,,769971.61
2026-07-23 14:00:00,2760710.95,,768332.09
2026-07-23 15:00:00,2767862.39,,764562.13
2026-07-23 16:00:00,2821698.88,,775943.55
2026-07-23 17:00:00,2804116.69,,761565.53
2026-07-23 18:00:00,2848930.19,,772314.03
2026-07-23 19:00:00,2812177.42,,771446.26
2026-07-23 20:00:00,2828516.97,,762362.73
2026-07-23 21:00:00,2840305.81,,756799.61
2026-07-23 22:00:00,2799571.20,,747740.30
2026-07-23 23:00:00,2795683.39,,748744.34
2026-07-24 00:00:00,2773358.64,,737110.72
2026-07-24 01:00:00,2772045.22,,736549.66
2026-07-24 02:00:00,2804074.22,,753176.38
2026-07-24 03:00:00,2825156.29,,758054.28
2026-07-24 04:00:00,2799426.01,,758475.49
2026-07-24 05:00:00,2809340.82,,766517.71
2026-07-24 06:00:00,2820575.92,,772397.97
2026-07-24 07:00:00,2818761.62,,774180.57
2026-07-24 08:00:00,2799591.03,,776948.96
2026-07-24 09:00:00,2810902.55,,791743.34
2026-07-24 10:00:00,2775799.65,,792304.16
2026-07-24 11:00:00,2761315.06,,790499.81
2026-07-24 12:00:00,2730147.22,,791703.69
2026-07-24 13:00:00,2727319.62,,792779.78
2026-07-24 14:00:00,2725461.14,,780005.28
2026-07-24 15:00:00,2721205.37,,782758.82
2026-07-24 16:00:00,2706786.29,,780582.98
2026-07-24 17:00:00,2701184.14,,776608.65
2026-07-24 18:00:00,2733106.12,,776137.95
2026-07-24 19:00:00,2730574.42,,782337.72
2026-07-24 20:00:00,2732976.77,,789327.20
2026-07-24 21:00:00,2731020.51,,782918.57
2026-07-24 22:00:00,2747862.66,,783079.98
2026-07-24 23:00:00,2762861.28,,782826.34
2026-07-25 00:00:00,2758533.64,,781785.31
2026-07-25 01:00:00,2766973.84,,787368.76
2026-07-25 02:00:00,2785203.31,,785749.52
2026-07-25 03:00:00,2773283.48,,784631.12
2026-07-25 04:00:00,2723375.65,,768647.89
2026-07-25 05:00:00,2732107.22,,758415.53
2026-07-25 06:00:00,2780155.53,,774598.94
2026-07-25 07:00:00,2752773.72,,788186.75
2026-07-25 08:00:00,2747687.30,,799726.20
2026-07-25 09:00:00,2782536.97,,824727.40
2026-07-25 10:00:00,2782470.16,,831584.40
2026-07-25 11:00:00,2762924.45,,827735.20
2026-07-25 12:00:00,2803515.47,,825822.62
2026-07-25 13:00:00,2850350.38,,841564.00
2026-07-25 14:00:00,2870577.15,,842076.33
2026-07-25 15:00:00,2840651.07,,846632.90
2026-07-25 16:00:00,2833344.76,,855347.21
2026-07-25 17:00:00,2827512.11,,857478.66
2026-07-25 18:00:00,2815744.00,,850367.89
2026-07-25 19:00:00,2808352.79,,848107.43
2026-07-25 20:00:00,2808690.43,,850160.80
2026-07-25 21:00:00,2815311.39,,851361.16
2026-07-25 22:00:00,2799991.87,,842412.48
2026-07-25 23:00:00,2802613.88,,848324.36
2026-07-26 00:00:00,2815521.52,,845300.65
2026-07-26 01:00:00,2808549.25,,848450.22
2026-07-26 02:00:00,2782112.45,,842367.58
2026-07-26 03:00:00,2793359.02,,850280.29
2026-07-26 04:00:00,2781290.77,,851587.15
2026-07-26 05:00:00,2792167.40,,856077.08
2026-07-26 06:00:00,2784081.86,,850338.37
2026-07-26 07:00:00,2804440.16,,852817.94
2026-07-26 08:00:00,2876047.15,,857149.24
2026-07-26 09:00:00,2886413.75,,891972.01
2026-07-26 10:00:00,2883360.67,,892618.26
2026-07-26 11:00:00,2915525.95,,897113.07
2026-07-26 12:00:00,2908888.80,,894429.44
2026-07-26 13:00:00,2902983.89,,889521.60
2026-07-26 14:00:00,2888818.54,,880932.41
2026-07-26 15:00:00,2899000.49,,885361.46
2026-07-26 16:00:00,2914003.01,,893124.22
2026-07-26 17:00:00,2898080.93,,893613.63
2026-07-26 18:00:00,2889823.05,,892600.60
2026-07-26 19:00:00,2910584.80,,897319.56
2026-07-26 20:00:00,2903572.75,,897184.27
2026-07-26 21:00:00,2912659.37,,899196.09
2026-07-26 22:00:00,2935393.72,,906529.72
2026-07-26 23:00:00,2931141.08,,908714.82
2026-07-27 00:00:00,2907992.89,,901589.82
2026-07-27 01:00:00,2893057.98,,904999.34
2026-07-27 02:00:00,2862624.03,,897539.04
2026-07-27 03:00:00,2857975.30,,883706.79
2026-07-27 04:00:00,2833794.60,,877777.73
2026-07-27 05:00:00,2825965.70,,878381.82
2026-07-27 06:00:00,2812883.67,,884547.79
2026-07-27 07:00:00,2726261.37,,874887.66
2026-07-27 08:00:00,2723357.27,,866680.77
2026-07-27 09:00:00,2696410.71,,858874.64
2026-07-27 10:00:00,2706961.45,,854646.18
2026-07-27 11:00:00,2684228.08,,851864.33
2026-07-27 12:00:00,2677570.00,,847529.20
2026-07-27 13:00:00,2659858.64,,819397.47
2026-07-27 14:00:00,2652824.75,,807167.17
2026-07-27 15:00:00,2637391.48,,790013.74
2026-07-27 16:00:00,2652464.71,,789685.97
2026-07-27 17:00:00,2655963.57,,793621.61
2026-07-27 18:00:00,2650284.59,,784981.94
2026-07-27 19:00:00,2669780.76,,790351.55
2026-07-27 20:00:00,2660511.94,,790519.43
2026-07-27 21:00:00,2663018.75,,789814.87
2026-07-27 22:00:00,2693257.18,,810877.67
2026-07-27 23:00:00,2663825.26,,769435.25
2026-07-28 00:00:00,2713113.15,,785159.40
2026-07-28 01:00:00,2679921.47,,774264.13
2026-07-28 02:00:00,2670795.81,,784874.85
2026-07-28 03:00:00,2668377.61,,784891.69
2026-07-28 04:00:00,2678611.25,,778588.12
2026-07-28 05:00:00,2665410.66,,785707.24
2026-07-28 06:00:00,2634399.11,,783463.77
2026-07-28 07:00:00,2625143.84,,782503.87
2026-07-28 08:00:00,2618950.06,,785136.00
2026-07-28 09:00:00,2620539.30,,781840.17
2026-07-28 10:00:00,2617975.28,,771956.45
2026-07-28 11:00:00,2622758.93,,771247.23
2026-07-28 12:00:00,2615391.90,,759747.46
2026-07-28 13:00:00,2674956.88,,743851.83
2026-07-28 14:00:00,2662118.12,,741475.05
2026-07-28 15:00:00,2652039.69,,740299.03
2026-07-28 16:00:00,2625432.24,,731414.22
2026-07-28 17:00:00,2595723.32,,721670.55
2026-07-28 18:00:00,2600599.97,,738865.77
2026-07-28 19:00:00,2607492.63,,761608.23
2026-07-28 20:00:00,2610849.16,,759787.75
2026-07-28 21:00:00,2609324.90,,765081.78
2026-07-28 22:00:00,2609336.17,,760048.22
2026-07-28 23:00:00,2683339.71,,728437.08
2026-07-29 00:00:00,2687223.22,,743503.39
2026-07-29 01:00:00,2680138.24,,744866.17
2026-07-29 02:00:00,2675649.37,,732026.05
2026-07-29 03:00:00,2667942.06,,715965.18
2026-07-29 04:00:00,2682411.44,,687548.65
2026-07-29 05:00:00,2693696.84,,698814.04
2026-07-29 06:00:00,2709520.35,,731771.86
2026-07-29 07:00:00,2696399.92,,747203.44
2026-07-29 08:00:00,2703864.30,,772261.04
2026-07-29 09:00:00,2668802.16,,766749.42
2026-07-29 10:00:00,2645416.29,,754612.95
2026-07-29 11:00:00,2640106.94,,751350.06
2026-07-29 12:00:00,2623468.42,,749522.10
2026-07-29 13:00:00,2611590.58,,742196.34
2026-07-29 14:00:00,2614169.23,,743831.99
2026-07-29 15:00:00,2593833.20,,726096.68
2026-07-29 16:00:00,2585727.32,,721716.46
2026-07-29 17:00:00,2575221.74,,712120.32
2026-07-29 18:00:00,2590424.73,,715458.55
2026-07-29 19:00:00,2562200.62,,700744.52
2026-07-29 20:00:00,2571188.49,,692898.67
2026-07-29 21:00:00,2655767.98,,694375.69
2026-07-29 22:00:00,2676725.51,,697869.04
2026-07-29 23:00:00,2682376.37,,705697.21
2026-07-30 00:00:00,2670514.43,,703912.42
2026-07-30 01:00:00,2651473.84,,704103.22
2026-07-30 02:00:00,2629639.97,,696267.54
2026-07-30 03:00:00,2592454.96,,686934.68
2026-07-30 04:00:00,2599525.55,,692938.03
2026-07-30 05:00:00,2590599.89,,690834.55
2026-07-30 06:00:00,2603449.65,,702884.01
2026-07-30 07:00:00,2607027.24,,702023.46
2026-07-30 08:00:00,2583320.86,,698260.81
2026-07-30 09:00:00,2583766.71,,688317.71
2026-07-30 10:00:00,2585579.97,,691144.63
2026-07-30 11:00:00,2595068.00,,704037.99
2026-07-30 12:00:00,2592491.34,,708736.70
2026-07-30 13:00:00,2575388.80,,709093.27
2026-07-30 14:00:00,2576722.12,,706775.47
2026-07-30 15:00:00,2565627.46,,705461.67
2026-07-30 16:00:00,2561113.70,,709275.37
2026-07-30 17:00:00,2556232.98,,708600.85
2026-07-30 18:00:00,2563585.62,,708914.90
2026-07-30 19:00:00,2557796.73,,708348.37
2026-07-30 20:00:00,2556060.22,,709622.63
2026-07-30 21:00:00,2556552.37,,710925.47
2026-07-30 22:00:00,2562833.90,,709391.54
2026-07-30 23:00:00,2559321.92,,715163.10
2026-07-31 00:00:00,2519884.43,,703474.00
2026-07-31 01:00:00,2530116.16,,711445.91
2026-07-31 02:00:00,2512688.78,,700717.40
2026-07-31 03:00:00,2511793.29,,703458.21
2026-07-31 04:00:00,2502902.62,,708435.09
2026-07-31 05:00:00,2498157.54,,710778.66
2026-07-31 06:00:00,2509696.01,,719500.05
2026-07-31 07:00:00,2495519.18,,720823.84
2026-07-31 08:00:00,2492161.28,,720424.77
2026-07-31 09:00:00,2478593.98,,717373.65
2026-07-31 10:00:00,2499044.54,,702569.80
2026-07-31 11:00:00,2490809.97,,689723.61
2026-07-31 12:00:00,2480993.38,,688276.50
2026-07-31 13:00:00,2502872.64,,692973.91
2026-07-31 14:00:00,2530396.87,,686783.45
2026-07-31 15:00:00,2555201.82,,679347.71
2026-07-31 16:00:00,2564154.24,,697649.77
2026-07-31 17:00:00,2523578.63,,679654.26
2026-07-31 18:00:00,2510629.81,,679166.46
2026-07-31 19:00:00,2476817.53,,679597.90
2026-07-31 20:00:00,2477356.45,,679932.03
2026-07-31 21:00:00,2465829.75,,673895.11
2026-07-31 22:00:00,2472598.43,,668853.14
2026-07-31 23:00:00,2459793.17,,664987.81
2026-08-01 00:00:00,2469967.08,,670752.28
2026-08-01 01:00:00,2495915.06,,678919.21
2026-08-01 02:00:00,2468328.84,,674425.97
2026-08-01 03:00:00,2462876.20,,682348.64
2026-08-01 04:00:00,2455716.11,,675860.26
2026-08-01 05:00:00,2457849.04,,685074.34
2026-08-01 06:00:00,2455435.21,,686052.64
2026-08-01 07:00:00,2473913.99,,697895.40
2026-08-01 08:00:00,2452389.02,,690410.20
2026-08-01 09:00:00,2447185.03,,689139.77
2026-08-01 10:00:00,2442947.84,,684727.01
2026-08-01 11:00:00,2454914.45,,693247.53
2026-08-01 12:00:00,2430460.69,,690264.67
2026-08-01 13:00:00,2455046.59,,700452.56
2026-08-01 14:00:00,2441224.76,,692801.13
2026-08-01 15:00:00,2428263.77,,688358.82
2026-08-01 16:00:00,2431868.61,,695932.67
2026-08-01 17:00:00,2431072.82,,696355.36
2026-08-01 18:00:00,2435169.93,,701023.63
2026-08-01 19:00:00,2420050.91,,687562.79
2026-08-01 20:00:00,2417368.70,,688057.42
2026-08-01 21:00:00,2412063.22,,682763.84
2026-08-01 22:00:00,2421401.09,,688069.86
2026-08-01 23:00:00,2420720.30,,694013.12
2026-08-02 00:00:00,2417868.89,,695314.80
2026-08-02 01:00:00,2421674.87,,703900.34
2026-08-02 02:00:00,2416501.41,,699955.54
2026-08-02 03:00:00,2426700.46,,698098.63
2026-08-02 04:00:00,2411485.04,,689187.86
2026-08-02 05:00:00,2414916.91,,693054.73
2026-08-02 06:00:00,2411399.98,,690274.82
2026-08-02 07:00:00,2397919.69,,690023.62
2026-08-02 08:00:00,2432371.70,,715926.19
2026-08-02 09:00:00,2428398.27,,714543.10
2026-08-02 10:00:00,2419633.48,,708388.14
2026-08-02 11:00:00,2397488.10,,705788.44
2026-08-02 12:00:00,2391679.26,,702605.20
2026-08-02 13:00:00,2378553.14,,700882.97
2026-08-02 14:00:00,2387031.35,,707674.21
2026-08-02 15:00:00,2389176.39,,708193.87
2026-08-02 16:00:00,2380639.47,,709066.24
2026-08-02 17:00:00,2391277.29,,714979.67
2026-08-02 18:00:00,2391550.43,,718008.79
2026-08-02 19:00:00,2411789.44,,714880.27
2026-08-02 20:00:00,2395597.21,,710758.20
2026-08-02 21:00:00,2404776.41,,713383.78
2026-08-02 22:00:00,2400212.52,,706657.44
2026-08-02 23:00:00,2397806.77,,707142.72
2026-08-03 00:00:00,2401891.34,,712902.39
2026-08-03 01:00:00,2418315.14,,719610.98
2026-08-03 02:00:00,2425951.26,,723607.78
2026-08-03 03:00:00,2396351.53,,724129.16
2026-08-03 04:00:00,2394484.45,,713150.12
2026-08-03 05:00:00,2454589.86,,724994.01
2026-08-03 06:00:00,2580857.61,,783197.99
2026-08-03 07:00:00,2599252.20,,870118.32
2026-08-03 08:00:00,2547738.25,,838438.91
2026-08-03 09:00:00,2515027.27,,790873.79
2026-08-03 10:00:00,2509639.15,,782224.59
2026-08-03 11:00:00,2517918.55,,780648.80
2026-08-03 12:00:00,2489730.30,,775835.59
2026-08-03 13:00:00,2485938.68,,775977.93
2026-08-03 14:00:00,2491034.45,,766305.07
2026-08-03 15:00:00,2490138.71,,766231.66
2026-08-03 16:00:00,2478544.59,,777623.14
2026-08-03 17:00:00,2479883.13,,794283.86
2026-08-03 18:00:00,2470688.94,,793010.09
2026-08-03 19:00:00,2477078.84,,793556.96
2026-08-03 20:00:00,2465206.33,,798695.55
2026-08-03 21:00:00,2479275.75,,802711.31
2026-08-03 22:00:00,2484590.70,,802782.49
2026-08-03 23:00:00,2467388.97,,795036.40
2026-08-04 00:00:00,2486621.51,,809633.69
2026-08-04 01:00:00,2461628.26,,804440.37
2026-08-04 02:00:00,2455411.90,,807512.87
2026-08-04 03:00:00,2465875.99,,809186.11
2026-08-04 04:00:00,2448934.03,,801800.94
2026-08-04 05:00:00,2440701.04,,798077.73
2026-08-04 06:00:00,2460129.46,,802567.25
2026-08-04 07:00:00,2427003.62,,793147.10
2026-08-04 08:00:00,2445261.72,,788146.55
2026-08-04 09:00:00,2439436.96,,792476.75
2026-08-04 10:00:00,2443868.09,,796158.15
2026-08-04 11:00:00,2435439.53,,797507.31
2026-08-04 12:00:00,2433903.09,,798657.08
2026-08-04 13:00:00,2436627.91,,801501.49
2026-08-04 14:00:00,2413008.50,,797966.03
2026-08-04 15:00:00,2425797.23,,807708.18
2026-08-04 16:00:00,2410288.43,,814661.93
2026-08-04 17:00:00,2417639.10,,835253.28
2026-08-04 18:00:00,2432841.50,,845133.09
2026-08-04 19:00:00,2413910.77,,832692.90
2026-08-04 20:00:00,2425442.47,,828654.99
2026-08-04 21:00:00,2430641.79,,823778.09
2026-08-04 22:00:00,2428867.77,,825343.49
2026-08-04 23:00:00,2451083.92,,824835.42
2026-08-05 00:00:00,2441165.67,,822133.26
2026-08-05 01:00:00,2434932.10,,833853.56
2026-08-05 02:00:00,2448336.21,,847130.16
2026-08-05 03:00:00,2458199.47,,856669.33
2026-08-05 04:00:00,2461671.33,,855857.14
2026-08-05 05:00:00,2462054.35,,859556.43
2026-08-05 06:00:00,2462681.09,,862526.86
2026-08-05 07:00:00,2461039.28,,871403.65
2026-08-05 08:00:00,2493787.75,,885197.69
2026-08-05 09:00:00,2494012.63,,891365.47
2026-08-05 10:00:00,2516355.37,,895806.62
2026-08-05 11:00:00,2497738.00,,886403.25
2026-08-05 12:00:00,2490680.50,,885723.93
2026-08-05 13:00:00,2526717.59,,904922.87
2026-08-05 14:00:00,2533692.16,,894011.71
2026-08-05 15:00:00,2540645.03,,902883.28
2026-08-05 16:00:00,2650484.85,,962020.13
2026-08-05 17:00:00,2723745.18,,1112690.16
2026-08-05 18:00:00,2538980.58,,979385.48
2026-08-05 19:00:00,2616956.45,,981973.64
2026-08-05 20:00:00,2916595.63,,1224158.62
2026-08-05 21:00:00,2895501.04,,1213006.19
2026-08-05 22:00:00,2986973.76,,1231661.15
2026-08-05 23:00:00,2970023.77,,1257036.69
2026-08-06 00:00:00,3032849.71,,1248442.08
2026-08-06 01:00:00,3102414.61,,1305710.64
2026-08-06 02:00:00,2983017.36,,1190954.53
2026-08-06 03:00:00,3219606.17,,1373831.80
2026-08-06 04:00:00,3056907.85,,1236085.52
2026-08-06 05:00:00,3060395.89,,1211897.75
2026-08-06 06:00:00,2867460.08,,1130176.49
2026-08-06 07:00:00,2926529.14,,1110767.64
2026-08-06 08:00:00,2908125.49,,1088406.13
2026-08-06 09:00:00,2906978.93,,1090755.25
2026-08-06 10:00:00,2882707.71,,1068256.57
2026-08-06 11:00:00,2937260.98,,1074593.00
2026-08-06 12:00:00,2942735.90,,1063350.88
2026-08-06 13:00:00,2952432.17,,1051964.44
2026-08-06 14:00:00,2928887.16,,1062820.18
2026-08-06 15:00:00,2884762.07,,1034443.39
2026-08-06 16:00:00,2878584.90,,1042420.76
2026-08-06 17:00:00,3002164.65,,1063039.74
2026-08-06 18:00:00,3015553.78,,1065285.72
2026-08-06 19:00:00,2962642.31,,1054058.71
2026-08-06 20:00:00,2969422.81,,1031762.20
2026-08-06 21:00:00,2943659.99,,1005840.68
2026-08-06 22:00:00,2956957.68,,996050.58
2026-08-06 23:00:00,2960440.46,,990980.90
2026-08-07 00:00:00,2980243.18,,997511.33
2026-08-07 01:00:00,2973236.50,,988977.26
2026-08-07 02:00:00,2965538.29,,983493.74
2026-08-07 03:00:00,2950783.23,,967441.10
2026-08-07 04:00:00,3019074.05,,986140.26
2026-08-07 05:00:00,3024265.39,,1000073.22
2026-08-07 06:00:00,2995048.66,,984371.35
2026-08-07 07:00:00,2967559.82,,979599.34
2026-08-07 08:00:00,2939310.44,,968212.36
2026-08-07 09:00:00,2971836.33,,982227.81
2026-08-07 10:00:00,2897556.56,,968209.25
2026-08-07 11:00:00,2904362.60,,968334.04
2026-08-07 12:00:00,2913077.53,,979403.47
2026-08-07 13:00:00,2911000.75,,979121.65
2026-08-07 14:00:00,2925838.78,,1000517.53
2026-08-07 15:00:00,2915563.73,,990716.03
2026-08-07 16:00:00,2926407.64,,1003010.08
2026-08-07 17:00:00,2898662.83,,995120.22
2026-08-07 18:00:00,2874101.60,,990515.45
2026-08-07 19:00:00,2950877.64,,1011819.21
2026-08-07 20:00:00,3022944.30,,1035795.90
2026-08-07 21:00:00,3076756.12,,1088751.54
2026-08-07 22:00:00,3278769.92,,1221627.01
2026-08-07 23:00:00,3346482.99,,1258230.77
2026-08-08 00:00:00,3026118.15,,1161886.99
2026-08-08 01:00:00,3017025.16,,1187710.78
2026-08-08 02:00:00,2891984.19,,1183524.87
2026-08-08 03:00:00,2880437.71,,1165558.10
2026-08-08 04:00:00,2797991.79,,1121774.55
2026-08-08 05:00:00,2806090.95,,1111714.17
2026-08-08 06:00:00,2750991.25,,1075446.87
2026-08-08 07:00:00,2757098.19,,1056656.26
2026-08-08 08:00:00,2923542.16,,1066419.80
2026-08-08 09:00:00,3025932.93,,1134312.30
2026-08-08 10:00:00,3094701.58,,1159690.61
2026-08-08 11:00:00,3048511.31,,1150581.12
2026-08-08 12:00:00,3119532.87,,1165562.23
2026-08-08 13:00:00,3064873.31,,1150012.91
2026-08-08 14:00:00,3088197.85,,1143342.39
2026-08-08 15:00:00,3082372.06,,1129480.19
2026-08-08 16:00:00,3097955.15,,1137952.54
2026-08-08 17:00:00,3117712.78,,1148071.51
2026-08-08 18:00:00,3310175.92,,1225738.79
2026-08-08 19:00:00,3243679.91,,1207001.07
2026-08-08 20:00:00,3259932.74,,1176344.13
2026-08-08 21:00:00,3191544.54,,1215346.44
2026-08-08 22:00:00,3264763.43,,1228943.00
2026-08-08 23:00:00,3251615.61,,1220184.39
2026-08-09 00:00:00,3308161.85,,1230056.09
2026-08-09 01:00:00,3415504.68,,1303077.68
2026-08-09 02:00:00,3222269.57,,1196631.48
2026-08-09 03:00:00,3431780.69,,1262558.17
2026-08-09 04:00:00,3380091.32,,1331347.06
2026-08-09 05:00:00,3465388.76,,1369762.70
2026-08-09 06:00:00,3418303.84,,1357488.53
2026-08-09 07:00:00,3219993.79,,1308731.47
2026-08-09 08:00:00,3126005.78,,1274172.41
2026-08-09 09:00:00,3183776.85,,1320391.46
2026-08-09 10:00:00,3174991.23,,1321097.76
2026-08-09 11:00:00,3076582.37,,1236958.16
2026-08-09 12:00:00,3338481.45,,1301615.96
2026-08-09 13:00:00,3346508.54,,1271963.31
2026-08-09 14:00:00,3299995.17,,1274493.43
2026-08-09 15:00:00,3288618.66,,1253863.32
2026-08-09 16:00:00,3264752.37,,1229976.63
2026-08-09 17:00:00,3266814.27,,1214955.41
2026-08-09 18:00:00,3033739.74,,1150940.46
2026-08-09 19:00:00,3026304.63,,1111034.20
2026-08-09 20:00:00,3010933.26,,1111496.84
2026-08-09 21:00:00,3133640.71,,1173588.17
2026-08-09 22:00:00,3093251.63,,1221643.67
2026-08-09 23:00:00,3030569.67,,1244518.00
2026-08-10 00:00:00,3069884.01,,1286488.86
2026-08-10 01:00:00,3053456.96,,1384651.79
2026-08-10 02:00:00,3051297.05,,1466377.45
2026-08-10 03:00:00,2886637.21,,1419993.76
2026-08-10 04:00:00,2873261.79,,1411688.55
2026-08-10 05:00:00,2875457.35,,1399457.14
2026-08-10 06:00:00,2858242.80,,1421583.67
2026-08-10 07:00:00,2899218.38,,1419932.99
2026-08-10 08:00:00,2877547.60,,1426912.65
2026-08-10 09:00:00,2772490.77,,1410083.36
2026-08-10 10:00:00,2755582.19,,1397574.72
2026-08-10 11:00:00,2722766.11,,1388215.18
2026-08-10 12:00:00,2730184.67,,1403320.66
2026-08-10 13:00:00,2731030.38,,1405161.90
2026-08-10 14:00:00,2697191.28,,1397580.49
2026-08-10 15:00:00,2716684.10,,1421005.98
2026-08-10 16:00:00,2709445.95,,1382167.76
2026-08-10 17:00:00,2646036.79,,1375406.69
2026-08-10 18:00:00,2647010.48,,1375835.30
2026-08-10 19:00:00,2564382.83,,1335586.95
2026-08-10 20:00:00,2551693.44,,1311286.34
2026-08-10 21:00:00,2549373.39,,1311304.73
2026-08-10 22:00:00,2545571.86,,1301666.57
2026-08-10 23:00:00,2555848.06,,1301878.50
2026-08-11 00:00:00,2546132.71,,1292932.23
2026-08-11 01:00:00,2545582.92,,1288934.54
2026-08-11 02:00:00,2521725.77,,1279668.19
2026-08-11 03:00:00,2525563.11,,1278253.72
2026-08-11 04:00:00,2549692.45,,1287204.62
2026-08-11 05:00:00,2564827.88,,1267521.53
2026-08-11 06:00:00,2572219.56,,1270379.98
2026-08-11 07:00:00,2576560.27,,1264183.08
2026-08-11 08:00:00,2577441.49,,1253200.50
2026-08-11 09:00:00,2603661.03,,1270571.54
2026-08-11 10:00:00,2639071.36,,1290963.61
2026-08-11 11:00:00,2654063.31,,1285254.68
2026-08-11 12:00:00,2622026.56,,1277567.09
2026-08-11 13:00:00,2620795.42,,1280708.44
2026-08-11 14:00:00,2574104.13,,1259429.19
2026-08-11 15:00:00,2551123.98,,1264678.29
2026-08-11 16:00:00,2531255.57,,1267532.87
2026-08-11 17:00:00,2526590.42,,1264971.53
2026-08-11 18:00:00,2503283.37,,1251116.94
2026-08-11 19:00:00,2498988.14,,1267386.28
2026-08-11 20:00:00,2503332.90,,1272007.85
2026-08-11 21:00:00,2473942.87,,1262998.23
2026-08-11 22:00:00,2443362.35,,1256116.90
2026-08-11 23:00:00,2421416.52,,1255233.25
2026-08-12 00:00:00,2376503.99,,1245281.41
2026-08-12 01:00:00,2391148.20,,1255542.86
2026-08-12 02:00:00,2396774.74,,1270826.78
2026-08-12 03:00:00,2409674.55,,1271500.60
2026-08-12 04:00:00,2429578.87,,1284291.21
2026-08-12 05:00:00,2428313.17,,1283879.40
2026-08-12 06:00:00,2424873.17,,1279059.18
2026-08-12 07:00:00,2420159.55,,1292671.48
2026-08-12 08:00:00,2413962.97,,1296541.55
2026-08-12 09:00:00,2377339.27,,1282026.52
2026-08-12 10:00:00,2374253.46,,1317115.45
2026-08-12 11:00:00,2370122.95,,1311533.42
2026-08-12 12:00:00,2363730.06,,1290574.17
2026-08-12 13:00:00,2358885.88,,1293837.98
2026-08-12 14:00:00,2329964.46,,1282419.26
2026-08-12 15:00:00,2288468.38,,1227666.04
2026-08-12 16:00:00,2271418.28,,1223877.20
2026-08-12 17:00:00,2210861.16,,1194177.23
2026-08-12 18:00:00,2225100.15,,1193464.00
2026-08-12 19:00:00,2202038.31,,1177396.33
2026-08-12 20:00:00,2216422.33,,1177538.14
2026-08-12 21:00:00,2219401.76,,1176567.04
2026-08-12 22:00:00,2173523.19,,1160432.67
2026-08-12 23:00:00,2191270.30,,1173483.86
2026-08-13 00:00:00,2167314.23,,1176110.99
2026-08-13 01:00:00,2170282.07,,1179965.88
2026-08-13 02:00:00,2165856.74,,1175080.01
2026-08-13 03:00:00,2175762.85,,1182135.42
2026-08-13 04:00:00,2173693.37,,1194378.57
2026-08-13 05:00:00,2216735.81,,1204665.74
2026-08-13 06:00:00,2202082.63,,1202507.30
2026-08-13 07:00:00,2201205.38,,1203779.09
2026-08-13 08:00:00,2166059.48,,1166018.90
2026-08-13 09:00:00,2172631.20,,1144888.54
2026-08-13 10:00:00,2170025.55,,1134684.99
2026-08-13 11:00:00,2165707.69,,1131637.07
2026-08-13 12:00:00,2145162.30,,1112727.91
2026-08-13 13:00:00,2164845.71,,1127075.81
2026-08-13 14:00:00,2158127.34,,1124278.65
2026-08-13 15:00:00,2158824.00,,1121511.30
2026-08-13 16:00:00,2135841.60,,1109646.33
2026-08-13 17:00:00,2105105.87,,1089796.46
2026-08-13 18:00:00,2122764.89,,1100462.31
2026-08-13 19:00:00,2130970.13,,1111372.56
2026-08-13 20:00:00,2105543.23,,1095829.42
2026-08-13 21:00:00,2099322.49,,1091261.56
2026-08-13 22:00:00,2096908.68,,1091503.89
2026-08-13 23:00:00,2092689.32,,1093363.53
2026-08-14 00:00:00,2090997.34,,1092487.81
2026-08-14 01:00:00,2064738.27,,1090315.29
2026-08-14 02:00:00,2062340.64,,1090192.71
2026-08-14 03:00:00,2060776.07,,1089039.69
2026-08-14 04:00:00,2051150.30,,1082463.33
2026-08-14 05:00:00,2051989.17,,1079413.70
2026-08-14 06:00:00,2064649.76,,1083433.62
2026-08-14 07:00:00,2057299.22,,1075107.64
2026-08-14 08:00:00,2062310.58,,1079125.07
2026-08-14 09:00:00,2051248.72,,1071292.71
2026-08-14 10:00:00,2043358.34,,1056139.32
2026-08-14 11:00:00,2036162.18,,1058256.67
2026-08-14 12:00:00,2052633.16,,1059452.15
2026-08-14 13:00:00,2043293.35,,1058286.46
2026-08-14 14:00:00,2030266.64,,1050043.38
2026-08-14 15:00:00,2073597.22,,1045242.57
2026-08-14 16:00:00,2080173.82,,1064619.28
2026-08-14 17:00:00,2049948.18,,1053952.86
2026-08-14 18:00:00,2015098.23,,1045363.82
2026-08-14 19:00:00,2000718.77,,1034919.50
2026-08-14 20:00:00,2002206.82,,1036627.69
2026-08-14 21:00:00,1994551.94,,1036538.93
2026-08-14 22:00:00,1986390.85,,1035758.33
2026-08-14 23:00:00,1981100.06,,1020836.95
2026-08-15 00:00:00,1976138.55,,1008167.15
2026-08-15 01:00:00,1978817.21,,1010417.21
2026-08-15 02:00:00,1994581.25,,1003638.49
2026-08-15 03:00:00,1980273.94,,1000136.87
2026-08-15 04:00:00,1955616.96,,999065.51
2026-08-15 05:00:00,1945817.77,,994759.50
2026-08-15 06:00:00,1957449.86,,999267.84
2026-08-15 07:00:00,1959114.27,,1001017.61
2026-08-15 08:00:00,1953270.68,,1000083.32
2026-08-15 09:00:00,1935700.34,,999496.54
2026-08-15 10:00:00,1930253.23,,990714.29
2026-08-15 11:00:00,1933330.62,,982646.60
2026-08-15 12:00:00,1942714.55,,988682.95
2026-08-15 13:00:00,1936581.82,,978436.20
2026-08-15 14:00:00,1942800.01,,979144.36
2026-08-15 15:00:00,1957151.52,,972744.82
2026-08-15 16:00:00,1968636.64,,971456.32
2026-08-15 17:00:00,1960721.34,,959851.84
2026-08-15 18:00:00,1972897.20,,948422.70
2026-08-15 19:00:00,1972001.54,,941248.98
2026-08-15 20:00:00,1988000.94,,942687.84
2026-08-15 21:00:00,1982263.50,,928370.10
2026-08-15 22:00:00,1991218.97,,924610.91
2026-08-15 23:00:00,1972259.56,,913674.24
2026-08-16 00:00:00,1974705.29,,897424.88
2026-08-16 01:00:00,1970954.13,,890866.11
2026-08-16 02:00:00,1971752.02,,878664.75
2026-08-16 03:00:00,1985127.85,,880028.84
2026-08-16 04:00:00,1968416.45,,875756.61
2026-08-16 05:00:00,1961743.04,,876107.69
2026-08-16 06:00:00,1942748.45,,868666.36
2026-08-16 07:00:00,1945598.97,,871658.54
2026-08-16 08:00:00,1960857.39,,871003.50
2026-08-16 09:00:00,1959902.01,,867595.70
2026-08-16 10:00:00,1967040.42,,867343.82
2026-08-16 11:00:00,1968523.84,,864803.28
2026-08-16 12:00:00,1969541.10,,862043.31
2026-08-16 13:00:00,1975411.65,,862456.82
2026-08-16 14:00:00,1969604.12,,857180.17
2026-08-16 15:00:00,1968695.29,,858362.40
2026-08-16 16:00:00,1975708.07,,859635.96
2026-08-16 17:00:00,1980440.51,,857859.38
2026-08-16 18:00:00,1976566.10,,852068.15
2026-08-16 19:00:00,1986842.37,,854858.95
2026-08-16 20:00:00,1984427.46,,852793.64
2026-08-16 21:00:00,1989138.13,,856733.77
2026-08-16 22:00:00,1955788.15,,862544.00
2026-08-16 23:00:00,1982126.76,,871922.30
2026-08-17 00:00:00,1977662.45,,865472.82
2026-08-17 01:00:00,1976550.98,,870127.48
2026-08-17 02:00:00,1999403.41,,871171.45
2026-08-17 03:00:00,2020196.34,,879319.09
2026-08-17 04:00:00,2036256.99,,882224.55
2026-08-17 05:00:00,2035834.90,,880904.18
2026-08-17 06:00:00,2041880.79,,876738.77
2026-08-17 07:00:00,2049549.56,,873811.88
2026-08-17 08:00:00,2042859.11,,879966.81
2026-08-17 09:00:00,2044043.41,,879573.07
2026-08-17 10:00:00,2049741.12,,875779.03
2026-08-17 11:00:00,2053338.65,,874371.12
2026-08-17 12:00:00,2047689.67,,872416.76
2026-08-17 13:00:00,2054171.73,,870278.21
2026-08-17 14:00:00,2042218.64,,868377.44
2026-08-17 15:00:00,2041101.09,,866094.93
2026-08-17 16:00:00,2064475.50,,883903.20
2026-08-17 17:00:00,2077830.16,,892346.00
2026-08-17 18:00:00,2027935.57,,888186.89
2026-08-17 19:00:00,2045100.34,,897903.29
2026-08-17 20:00:00,2011642.82,,882811.18
2026-08-17 21:00:00,2020869.15,,891061.17
2026-08-17 22:00:00,2038994.80,,900840.88
2026-08-17 23:00:00,2005519.17,,888409.51
2026-08-18 00:00:00,2005813.34,,885699.37
2026-08-18 01:00:00,1979336.57,,874588.97
2026-08-18 02:00:00,1986406.95,,869675.68
2026-08-18 03:00:00,1984376.46,,858795.62
2026-08-18 04:00:00,1988523.24,,860961.05
2026-08-18 05:00:00,2009538.76,,867169.40
2026-08-18 06:00:00,1989883.69,,863244.16
2026-08-18 07:00:00,1993426.43,,860606.69
2026-08-18 08:00:00,1991892.05,,860533.86
2026-08-18 09:00:00,1994658.96,,865511.85
2026-08-18 10:00:00,2007888.37,,868955.42
2026-08-18 11:00:00,2005990.67,,904227.87
2026-08-18 12:00:00,2012246.12,,843456.77
2026-08-18 13:00:00,2015036.15,,850298.81
2026-08-18 14:00:00,2025504.85,,856085.15
2026-08-18 15:00:00,2026773.48,,861704.72
2026-08-18 16:00:00,2022525.74,,863956.72
2026-08-18 17:00:00,2020013.96,,854340.97
2026-08-18 18:00:00,2020735.69,,851214.46
2026-08-18 19:00:00,2033212.53,,852779.12
2026-08-18 20:00:00,2022870.24,,847788.53
2026-08-18 21:00:00,2025810.29,,840137.73
2026-08-18 22:00:00,2029176.77,,837862.38
2026-08-18 23:00:00,2018101.87,,841755.70
2026-08-19 00:00:00,2031388.35,,845234.69
2026-08-19 01:00:00,2025387.90,,840495.94
2026-08-19 02:00:00,2025004.60,,841317.99
2026-08-19 03:00:00,2018175.20,,842947.61
2026-08-19 04:00:00,2047204.50,,850946.80
2026-08-19 05:00:00,2033950.78,,844197.51
2026-08-19 06:00:00,2041290.97,,845962.45
2026-08-19 07:00:00,2046263.85,,849001.99
2026-08-19 08:00:00,2035659.93,,839175.41
2026-08-19 09:00:00,2029813.88,,830080.75
2026-08-19 10:00:00,2022944.45,,832261.88
2026-08-19 11:00:00,2017356.91,,827274.99
2026-08-19 12:00:00,2009849.47,,825222.19
2026-08-19 13:00:00,2012274.85,,827415.56
2026-08-19 14:00:00,1997868.38,,822712.11
2026-08-19 15:00:00,2004968.93,,829865.32
2026-08-19 16:00:00,2039159.32,,814949.35
2026-08-19 17:00:00,2041031.34,,815257.44
2026-08-19 18:00:00,2022829.46,,815270.82
2026-08-19 19:00:00,2059133.72,,819534.70
2026-08-19 20:00:00,2072875.86,,821529.84
2026-08-19 21:00:00,2109954.00,,823563.86
2026-08-19 22:00:00,2150123.62,,803777.79
2026-08-19 23:00:00,2145056.88,,801128.64
2026-08-20 00:00:00,2128046.97,,795694.52
2026-08-20 01:00:00,2109711.70,,788831.12
2026-08-20 02:00:00,2104932.76,,787487.46
2026-08-20 03:00:00,2106561.86,,780972.41
2026-08-20 04:00:00,2084542.12,,772502.66
2026-08-20 05:00:00,2096784.54,,772506.24
2026-08-20 06:00:00,2080047.87,,765235.35
2026-08-20 07:00:00,2089750.79,,758233.42
2026-08-20 08:00:00,2098741.39,,759630.34
2026-08-20 09:00:00,2137362.58,,776302.58
2026-08-20 10:00:00,2139448.90,,793534.01
2026-08-20 11:00:00,2143241.82,,802851.69
2026-08-20 12:00:00,2138159.35,,779508.29
2026-08-20 13:00:00,2089976.76,,789792.19
2026-08-20 14:00:00,2087069.86,,784783.96
2026-08-20 15:00:00,2109530.27,,796653.27
2026-08-20 16:00:00,2120838.15,,813458.37
2026-08-20 17:00:00,2126600.64,,809006.02
2026-08-20 18:00:00,2139611.68,,797794.74
2026-08-20 19:00:00,2095225.65,,771207.16
2026-08-20 20:00:00,2095112.61,,767566.91
2026-08-20 21:00:00,2113744.19,,779487.51
2026-08-20 22:00:00,2119478.68,,778682.66
2026-08-20 23:00:00,2128545.93,,783681.69
2026-08-21 00:00:00,2138104.33,,785206.41
2026-08-21 01:00:00,2123995.19,,780846.91
2026-08-21 02:00:00,2139841.07,,787250.08
2026-08-21 03:00:00,2127782.44,,789156.76
2026-08-21 04:00:00,2138013.65,,791364.44
2026-08-21 05:00:00,2124038.79,,783547.61
2026-08-21 06:00:00,2155179.77,,813197.89
2026-08-21 07:00:00,2136705.69,,812350.48
2026-08-21 08:00:00,2152076.98,,826635.67
2026-08-21 09:00:00,2155452.10,,823481.20
2026-08-21 10:00:00,2130329.35,,793812.94
2026-08-21 11:00:00,2166989.48,,811095.16
2026-08-21 12:00:00,2178837.66,,807402.27
2026-08-21 13:00:00,2154118.00,,830221.53
2026-08-21 14:00:00,2137849.48,,828045.65
2026-08-21 15:00:00,2120910.94,,845377.02
2026-08-21 16:00:00,2148238.61,,856808.66
2026-08-21 17:00:00,2124812.42,,848863.76
2026-08-21 18:00:00,2108454.20,,834194.22
2026-08-21 19:00:00,2100430.86,,818468.02
2026-08-21 20:00:00,2096781.66,,810441.09
2026-08-21 21:00:00,2163638.38,,831595.74
2026-08-21 22:00:00,2192961.62,,838999.44
2026-08-21 23:00:00,2157217.15,,850408.40
2026-08-22 00:00:00,2147896.78,,872451.51
2026-08-22 01:00:00,2148730.02,,866607.28
2026-08-22 02:00:00,2128480.80,,872062.64
2026-08-22 03:00:00,2239765.38,,910485.13
2026-08-22 04:00:00,2456295.32,,976564.97
2026-08-22 05:00:00,2673842.86,,1075735.33
2026-08-22 06:00:00,2329648.83,,818986.91
2026-08-22 07:00:00,2383280.43,,844248.39
2026-08-22 08:00:00,2292045.47,,858705.02
2026-08-22 09:00:00,2225990.41,,841492.22
2026-08-22 10:00:00,2219603.17,,829292.84
2026-08-22 11:00:00,2174037.08,,772419.26
2026-08-22 12:00:00,2163545.14,,780385.02
2026-08-22 13:00:00,2158447.04,,786912.69
2026-08-22 14:00:00,2146748.22,,779855.10
2026-08-22 15:00:00,2108823.16,,780610.91
2026-08-22 16:00:00,2080037.14,,770133.97
2026-08-22 17:00:00,2223809.35,,826675.35
2026-08-22 18:00:00,2211191.63,,821733.53
2026-08-22 19:00:00,2172693.67,,815586.31
2026-08-22 20:00:00,2164355.87,,810181.71
2026-08-22 21:00:00,2164232.75,,799097.00
2026-08-22 22:00:00,2074022.12,,769064.89
2026-08-22 23:00:00,2100691.09,,769953.61
2026-08-23 00:00:00,2103040.04,,769341.44
2026-08-23 01:00:00,2136540.65,,770839.07
2026-08-23 02:00:00,2100588.35,,749649.78
2026-08-23 03:00:00,2072425.81,,736446.94
2026-08-23 04:00:00,2021915.56,,704269.64
2026-08-23 05:00:00,2031133.23,,704496.16
2026-08-23 06:00:00,2042634.13,,702812.33
2026-08-23 07:00:00,2066988.15,,706761.81
2026-08-23 08:00:00,2086920.95,,713773.41
2026-08-23 09:00:00,2094037.43,,715956.86
2026-08-23 10:00:00,2099711.12,,712302.24
2026-08-23 11:00:00,2106177.40,,720338.20
2026-08-23 12:00:00,2144071.94,,739124.88
2026-08-23 13:00:00,2131142.82,,734861.30
2026-08-23 14:00:00,2158782.43,,740914.70
2026-08-23 15:00:00,2182263.22,,746607.24
2026-08-23 16:00:00,2247571.16,,765076.42
2026-08-23 17:00:00,2182124.28,,750220.92
2026-08-23 18:00:00,2183673.57,,749983.98
2026-08-23 19:00:00,2182148.69,,749532.50
2026-08-23 20:00:00,2169021.40,,750767.85
2026-08-23 21:00:00,2175678.49,,748924.52
2026-08-23 22:00:00,2177171.33,,756939.14
2026-08-23 23:00:00,2140172.43,,764195.81
2026-08-24 00:00:00,2134581.88,,763558.47
2026-08-24 01:00:00,2112829.32,,764180.03
2026-08-24 02:00:00,2061579.13,,757856.56
2026-08-24 03:00:00,2093127.15,,766281.11
2026-08-24 04:00:00,2089786.33,,750662.59
2026-08-24 05:00:00,2113966.50,,750641.55
2026-08-24 06:00:00,2130618.88,,741664.70
2026-08-24 07:00:00,2107152.59,,733378.86
2026-08-24 08:00:00,2103987.60,,719851.63
2026-08-24 09:00:00,2096785.97,,711898.44
2026-08-24 10:00:00,2101261.04,,702956.19
2026-08-24 11:00:00,2084387.40,,690748.57
2026-08-24 12:00:00,2117787.28,,682690.58
2026-08-24 13:00:00,2125405.75,,681339.31
2026-08-24 14:00:00,2123930.01,,663862.61
2026-08-24 15:00:00,2148241.07,,668155.91
2026-08-24 16:00:00,2130602.16,,676810.83
2026-08-24 17:00:00,2082695.97,,683147.00
2026-08-24 18:00:00,2060195.23,,678217.90
2026-08-24 19:00:00,2058147.07,,673504.84
2026-08-24 20:00:00,2068146.11,,673376.65
2026-08-24 21:00:00,2074403.13,,677608.69
2026-08-24 22:00:00,2067606.05,,676674.41
2026-08-24 23:00:00,2055648.89,,669266.99
2026-08-25 00:00:00,2060042.55,,668914.35
2026-08-25 01:00:00,2065481.17,,667634.81
2026-08-25 02:00:00,2043080.06,,656464.44
2026-08-25 03:00:00,2056615.85,,663879.64
2026-08-25 04:00:00,2053712.86,,676471.47
2026-08-25 05:00:00,2061790.75,,670805.38
2026-08-25 06:00:00,2065430.38,,678867.45
2026-08-25 07:00:00,2058395.43,,673729.80
2026-08-25 08:00:00,2044691.72,,668871.63
2026-08-25 09:00:00,2041597.11,,659806.08
2026-08-25 10:00:00,2041016.21,,660941.16
2026-08-25 11:00:00,2038904.64,,664344.36
2026-08-25 12:00:00,2025209.67,,662497.34
2026-08-25 13:00:00,2024091.72,,661512.22
2026-08-25 14:00:00,1990164.40,,666078.25
2026-08-25 15:00:00,1997516.96,,672382.25
2026-08-25 16:00:00,1994978.79,,686196.25
2026-08-25 17:00:00,1986080.28,,681885.16
2026-08-25 18:00:00,1988206.43,,674464.54
2026-08-25 19:00:00,1992471.55,,679502.96
2026-08-25 20:00:00,1997300.99,,678024.34
2026-08-25 21:00:00,1927820.85,,676016.13
2026-08-25 22:00:00,1929516.08,,696207.53
2026-08-25 23:00:00,1947889.46,,695026.76
2026-08-26 00:00:00,1928611.43,,689877.09
2026-08-26 01:00:00,1948683.36,,696502.21
2026-08-26 02:00:00,1948034.83,,698574.19
2026-08-26 03:00:00,1950362.57,,699630.97
2026-08-26 04:00:00,1944297.58,,690563.56
2026-08-26 05:00:00,1935673.96,,688700.47
2026-08-26 06:00:00,1946355.49,,692092.93
2026-08-26 07:00:00,1944985.59,,693488.20
2026-08-26 08:00:00,1940035.49,,689062.16
2026-08-26 09:00:00,1962333.76,,695233.07
2026-08-26 10:00:00,1945128.56,,684341.56
2026-08-26 11:00:00,1972528.82,,693130.62
2026-08-26 12:00:00,1971582.84,,697379.04
2026-08-26 13:00:00,1996016.94,,714255.65
2026-08-26 14:00:00,1964072.89,,715897.93
2026-08-26 15:00:00,1953190.04,,709048.48
2026-08-26 16:00:00,2024357.84,,726647.15
2026-08-26 17:00:00,1982261.40,,714801.69
2026-08-26 18:00:00,1994493.91,,724868.57
2026-08-26 19:00:00,1987800.27,,737561.97
2026-08-26 20:00:00,1996131.92,,748503.87
2026-08-26 21:00:00,1969054.09,,745931.46
2026-08-26 22:00:00,1975474.04,,750960.69
2026-08-26 23:00:00,1981479.53,,755663.62
2026-08-27 00:00:00,1994139.39,,757350.17
2026-08-27 01:00:00,1969590.31,,754283.83
2026-08-27 02:00:00,1969246.21,,754109.95
2026-08-27 03:00:00,1957754.05,,747305.52
2026-08-27 04:00:00,1961667.61,,748111.24
2026-08-27 05:00:00,1942105.42,,742892.11
2026-08-27 06:00:00,1938913.67,,746852.77
2026-08-27 07:00:00,1950478.37,,751101.61
2026-08-27 08:00:00,1944758.89,,752614.94
2026-08-27 09:00:00,1979525.08,,761511.21
2026-08-27 10:00:00,1975890.88,,755013.66
2026-08-27 11:00:00,1969039.88,,760745.90
2026-08-27 12:00:00,1957626.71,,752040.22
2026-08-27 13:00:00,1959507.35,,759359.56
2026-08-27 14:00:00,1959319.33,,755709.95
2026-08-27 15:00:00,1949668.36,,752710.40
2026-08-27 16:00:00,1978618.29,,753776.32
2026-08-27 17:00:00,1990731.78,,757951.04
2026-08-27 18:00:00,1992381.48,,756648.39
2026-08-27 19:00:00,1985069.26,,756169.39
2026-08-27 20:00:00,1978958.20,,761975.60
2026-08-27 21:00:00,1969751.37,,764688.31
2026-08-27 22:00:00,1970237.50,,769983.41
2026-08-27 23:00:00,1968391.06,,771025.37
2026-08-28 00:00:00,1968754.64,,773899.80
2026-08-28 01:00:00,1990931.02,,779258.78
2026-08-28 02:00:00,2002646.63,,780147.03
2026-08-28 03:00:00,1979002.62,,774327.00
2026-08-28 04:00:00,1973881.51,,773109.97
2026-08-28 05:00:00,1976526.47,,772148.06
2026-08-28 06:00:00,1963261.89,,770079.53
2026-08-28 07:00:00,1983023.94,,771382.82
2026-08-28 08:00:00,1989228.46,,774445.01
2026-08-28 09:00:00,1971164.65,,757477.94
2026-08-28 10:00:00,2005497.72,,752351.70
2026-08-28 11:00:00,2031669.01,,758376.99
2026-08-28 12:00:00,2004236.21,,746677.30
2026-08-28 13:00:00,2000111.02,,732128.99
2026-08-28 14:00:00,1987510.34,,721395.33
2026-08-28 15:00:00,2000403.03,,725630.76
2026-08-28 16:00:00,1969661.49,,718130.34
2026-08-28 17:00:00,1961388.37,,732968.80
2026-08-28 18:00:00,2005069.33,,730065.18
2026-08-28 19:00:00,1996669.30,,740709.67
2026-08-28 20:00:00,2015650.46,,739689.72
2026-08-28 21:00:00,2058855.83,,771947.58
2026-08-28 22:00:00,2048191.42,,754659.30
2026-08-28 23:00:00,2060334.81,,735686.48
2026-08-29 00:00:00,2043443.81,,717589.68
2026-08-29 01:00:00,2022685.03,,717561.41
2026-08-29 02:00:00,2023997.77,,712176.56
2026-08-29 03:00:00,2006572.64,,712229.59
2026-08-29 04:00:00,1995376.21,,706238.05
2026-08-29 05:00:00,1992681.05,,708895.05
2026-08-29 06:00:00,1988710.02,,705398.73
2026-08-29 07:00:00,1988838.49,,708163.69
2026-08-29 08:00:00,1968870.11,,708153.59
2026-08-29 09:00:00,1954356.78,,723217.48
2026-08-29 10:00:00,1955578.90,,714675.57
2026-08-29 11:00:00,1960680.56,,696352.13
2026-08-29 12:00:00,1966937.76,,708238.65
2026-08-29 13:00:00,1979875.81,,709391.05
2026-08-29 14:00:00,1980261.09,,708744.39
2026-08-29 15:00:00,1967256.06,,707698.75
2026-08-29 16:00:00,1968771.30,,699360.89
2026-08-29 17:00:00,1926745.17,,698777.96
2026-08-29 18:00:00,1931544.09,,696815.32
2026-08-29 19:00:00,1926972.99,,705241.86
2026-08-29 20:00:00,1928275.20,,703818.41
2026-08-29 21:00:00,1923659.98,,702623.38
2026-08-29 22:00:00,1920510.15,,697695.29
2026-08-29 23:00:00,1921594.04,,697323.07
2026-08-30 00:00:00,1922677.30,,692743.97
2026-08-30 01:00:00,1920710.71,,691814.80
2026-08-30 02:00:00,1905435.01,,691429.42
2026-08-30 03:00:00,1915237.59,,688651.22
2026-08-30 04:00:00,1912051.79,,690038.54
2026-08-30 05:00:00,1901132.83,,687470.89
2026-08-30 06:00:00,1918728.30,,697813.10
2026-08-30 07:00:00,1915191.23,,692233.92
2026-08-30 08:00:00,1917076.44,,691943.20
2026-08-30 09:00:00,1904945.42,,688292.44
2026-08-30 10:00:00,1928251.59,,703987.22
2026-08-30 11:00:00,1933766.07,,712012.06
2026-08-30 12:00:00,1935427.50,,709195.38
2026-08-30 13:00:00,1932647.51,,702924.02
2026-08-30 14:00:00,1923607.30,,703817.33
2026-08-30 15:00:00,1903708.26,,708186.26
2026-08-30 16:00:00,1908837.80,,704616.66
2026-08-30 17:00:00,1913717.83,,709745.65
2026-08-30 18:00:00,1902403.80,,699294.00
2026-08-30 19:00:00,1911307.94,,704105.59
2026-08-30 20:00:00,1900970.26,,699278.41
2026-08-30 21:00:00,1862840.07,,690570.26
2026-08-30 22:00:00,1860897.07,,692745.00
2026-08-30 23:00:00,1837423.11,,684356.98
2026-08-31 00:00:00,1797875.98,,661479.81
2026-08-31 01:00:00,1821658.95,,668165.51
2026-08-31 02:00:00,1818838.08,,668788.00
2026-08-31 03:00:00,1842963.28,,679114.68
2026-08-31 04:00:00,1883575.30,,690775.57
2026-08-31 05:00:00,1852213.08,,689332.60
2026-08-31 06:00:00,1854175.95,,681093.50
2026-08-31 07:00:00,1870773.85,,675890.83
2026-08-31 08:00:00,1861959.29,,673030.78
2026-08-31 09:00:00,1854729.85,,663388.12
2026-08-31 10:00:00,1845949.20,,661975.60
2026-08-31 11:00:00,1860268.85,,661783.94
2026-08-31 12:00:00,1850993.84,,668954.83
2026-08-31 13:00:00,1831785.88,,654879.90
2026-08-31 14:00:00,1828500.05,,647651.45
2026-08-31 15:00:00,1869621.44,,652863.93
2026-08-31 16:00:00,1840835.81,,644987.94
2026-08-31 17:00:00,1946945.30,,679812.50
2026-08-31 18:00:00,1977758.78,,680341.80
2026-08-31 19:00:00,1965776.73,,689267.15
2026-08-31 20:00:00,1930490.23,,681393.88
2026-08-31 21:00:00,1929520.56,,679468.81
2026-08-31 22:00:00,1927691.22,,677834.74
2026-08-31 23:00:00,1898000.31,,680180.51
2026-09-01 00:00:00,1894364.80,,681774.23
2026-09-01 01:00:00,1895653.45,,678619.27
2026-09-01 02:00:00,1860265.89,,668902.31
2026-09-01 03:00:00,1851006.68,,668338.89
2026-09-01 04:00:00,1848170.56,,662582.62
2026-09-01 05:00:00,1851314.14,,672028.68
2026-09-01 06:00:00,1845906.61,,665079.33
2026-09-01 07:00:00,1821305.94,,671486.36
2026-09-01 08:00:00,1818919.18,,663903.25
2026-09-01 09:00:00,1805763.48,,647477.66
2026-09-01 10:00:00,1801294.97,,665043.84
2026-09-01 11:00:00,1797469.79,,661355.45
2026-09-01 12:00:00,1792088.48,,667816.71
2026-09-01 13:00:00,1766119.81,,669654.66
2026-09-01 14:00:00,1771946.66,,673769.68
2026-09-01 15:00:00,1749164.03,,667993.89
2026-09-01 16:00:00,1746949.23,,660392.93
2026-09-01 17:00:00,1742994.78,,599503.53
2026-09-01 18:00:00,1742603.07,,590229.81
2026-09-01 19:00:00,1733898.14,,587825.78
2026-09-01 20:00:00,1742243.97,,589035.05
2026-09-01 21:00:00,1735788.73,,590596.68
2026-09-01 22:00:00,1725434.23,,593875.88
2026-09-01 23:00:00,1725549.45,,593266.45
2026-09-02 00:00:00,1756502.55,,585068.28
2026-09-02 01:00:00,1766985.12,,583787.96
2026-09-02 02:00:00,1749288.76,,580467.46
2026-09-02 03:00:00,1767598.56,,584844.46
2026-09-02 04:00:00,1776669.78,,591236.47
2026-09-02 05:00:00,1780526.55,,587292.94
2026-09-02 06:00:00,1786589.51,,589642.13
2026-09-02 07:00:00,1790702.58,,589412.83
2026-09-02 08:00:00,1781030.06,,585991.52
2026-09-02 09:00:00,1771145.66,,578204.42
2026-09-02 10:00:00,1774222.51,,576982.53
2026-09-02 11:00:00,1788186.59,,587743.57
2026-09-02 12:00:00,1790072.89,,587988.96
2026-09-02 13:00:00,1794032.07,,585104.14
2026-09-02 14:00:00,1806813.80,,596478.84
2026-09-02 15:00:00,1788145.04,,591256.58
2026-09-02 16:00:00,1784460.39,,589092.51
2026-09-02 17:00:00,1783794.16,,589588.96
2026-09-02 18:00:00,1772440.33,,588943.32
2026-09-02 19:00:00,1774441.96,,595569.36
2026-09-02 20:00:00,1758302.87,,593498.43
2026-09-02 21:00:00,1768653.97,,597730.91
2026-09-02 22:00:00,1754290.41,,597130.49
2026-09-02 23:00:00,1755027.63,,597158.89
2026-09-03 00:00:00,1756864.16,,611336.48
2026-09-03 01:00:00,1737759.54,,606317.81
2026-09-03 02:00:00,1749394.32,,612918.61
2026-09-03 03:00:00,1759510.95,,620743.45
2026-09-03 04:00:00,1747308.14,,614348.45
2026-09-03 05:00:00,1765798.67,,618317.41
2026-09-03 06:00:00,1757392.27,,617600.50
2026-09-03 07:00:00,1782789.43,,627994.05
2026-09-03 08:00:00,1783810.10,,634009.06
2026-09-03 09:00:00,1788597.72,,638739.64
2026-09-03 10:00:00,1764438.60,,628566.26
2026-09-03 11:00:00,1760113.20,,623247.71
2026-09-03 12:00:00,1984964.31,,670425.57
2026-09-03 13:00:00,1946183.79,,662236.53
2026-09-03 14:00:00,1927657.76,,658742.92
2026-09-03 15:00:00,1948011.46,,670790.76
2026-09-03 16:00:00,1937376.88,,662772.67
2026-09-03 17:00:00,1911274.73,,657005.71
2026-09-03 18:00:00,1903324.10,,648122.54
2026-09-03 19:00:00,1897239.67,,644488.04
2026-09-03 20:00:00,1896156.04,,641384.86
2026-09-03 21:00:00,1913040.69,,644977.52
2026-09-03 22:00:00,1907301.16,,638575.75
2026-09-03 23:00:00,1903741.34,,630873.92
2026-09-04 00:00:00,1904798.16,,624641.95
2026-09-04 01:00:00,1903917.14,,619785.41
2026-09-04 02:00:00,1897966.02,,617340.41
2026-09-04 03:00:00,1898832.34,,619530.75
2026-09-04 04:00:00,1890971.73,,611899.64
2026-09-04 05:00:00,1883081.68,,609638.81
2026-09-04 06:00:00,1880928.08,,609742.18
2026-09-04 07:00:00,1878168.64,,607571.26
2026-09-04 08:00:00,1878451.46,,609717.17
2026-09-04 09:00:00,1894020.16,,608729.71
2026-09-04 10:00:00,1891459.84,,603009.57
2026-09-04 11:00:00,1883051.33,,600452.13
2026-09-04 12:00:00,1893606.22,,604101.13
2026-09-04 13:00:00,1857157.02,,578059.39
2026-09-04 14:00:00,1867010.04,,583811.21
2026-09-04 15:00:00,1858138.40,,578305.71
2026-09-04 16:00:00,1877005.33,,584422.73
2026-09-04 17:00:00,1880960.66,,590858.95
2026-09-04 18:00:00,1881785.28,,594314.67
2026-09-04 19:00:00,1886619.13,,595800.92
2026-09-04 20:00:00,1897520.79,,597003.02
2026-09-04 21:00:00,1905620.16,,597802.57
2026-09-04 22:00:00,1914460.41,,606485.90
2026-09-04 23:00:00,1904314.83,,604941.43
2026-09-05 00:00:00,1913875.48,,604168.11
2026-09-05 01:00:00,1962276.11,,624905.63
2026-09-05 02:00:00,1955612.45,,622800.88
2026-09-05 03:00:00,1963465.19,,615104.86
2026-09-05 04:00:00,1961297.73,,612199.96
2026-09-05 05:00:00,1938739.01,,603162.45
2026-09-05 06:00:00,1930737.56,,603411.65
2026-09-05 07:00:00,1953719.47,,604771.31
2026-09-05 08:00:00,1939537.97,,602559.25
2026-09-05 09:00:00,1943898.01,,608211.88
2026-09-05 10:00:00,1948419.45,,610414.48
2026-09-05 11:00:00,1950078.17,,610585.80
2026-09-05 12:00:00,1947225.56,,605007.38
2026-09-05 13:00:00,1955894.08,,606777.68
2026-09-05 14:00:00,1943972.17,,602172.90
2026-09-05 15:00:00,1948837.34,,601070.16
2026-09-05 16:00:00,1956275.06,,605451.56
2026-09-05 17:00:00,1972764.89,,602705.91
2026-09-05 18:00:00,1980058.11,,608461.02
2026-09-05 19:00:00,1974843.32,,611801.86
2026-09-05 20:00:00,1968129.18,,610573.03
2026-09-05 21:00:00,1961832.16,,607961.21
2026-09-05 22:00:00,1967286.01,,613527.12
2026-09-05 23:00:00,1973455.11,,611127.62
2026-09-06 00:00:00,1969150.31,,610544.87
2026-09-06 01:00:00,1988214.55,,613211.89
2026-09-06 02:00:00,2007738.69,,613874.88
2026-09-06 03:00:00,2000097.65,,608275.34
2026-09-06 04:00:00,2006242.71,,609168.40
2026-09-06 05:00:00,1990318.69,,612075.71
2026-09-06 06:00:00,1987554.88,,589198.27
2026-09-06 07:00:00,1992066.02,,591305.73
2026-09-06 08:00:00,1978007.76,,587563.62
2026-09-06 09:00:00,1972658.39,,587403.45
2026-09-06 10:00:00,1973928.46,,599504.76
2026-09-06 11:00:00,1969614.93,,599145.19
2026-09-06 12:00:00,1973562.00,,600579.55
2026-09-06 13:00:00,1973536.37,,598436.88
2026-09-06 14:00:00,1948887.78,,607035.19
2026-09-06 15:00:00,1912678.39,,598839.78
2026-09-06 16:00:00,1908539.36,,609323.20
2026-09-06 17:00:00,1913669.53,,610105.71
2026-09-06 18:00:00,1909292.54,,609545.90
2026-09-06 19:00:00,1921831.06,,609673.14
2026-09-06 20:00:00,1922810.88,,612013.12
2026-09-06 21:00:00,1931158.54,,619393.45
2026-09-06 22:00:00,1950950.08,,618477.21
2026-09-06 23:00:00,1956769.60,,620263.48
2026-09-07 00:00:00,1973124.48,,630812.68
2026-09-07 01:00:00,1973915.40,,635565.39
2026-09-07 02:00:00,1952906.24,,630370.28
2026-09-07 03:00:00,1943946.39,,622798.74
2026-09-07 04:00:00,1934899.71,,618342.00
2026-09-07 05:00:00,1954133.48,,619238.89
2026-09-07 06:00:00,1951726.13,,617703.17
2026-09-07 07:00:00,1965668.26,,620006.80
2026-09-07 08:00:00,1949661.30,,613877.34
2026-09-07 09:00:00,1957263.37,,629296.84
2026-09-07 10:00:00,1941340.47,,629167.67
2026-09-07 11:00:00,1940135.31,,630225.69
2026-09-07 12:00:00,1962814.95,,633592.06
2026-09-07 13:00:00,1979623.45,,637497.39
2026-09-07 14:00:00,1987825.47,,631225.29
2026-09-07 15:00:00,1987025.21,,626777.92
2026-09-07 16:00:00,1929412.38,,610719.98
2026-09-07 17:00:00,1933250.34,,615650.85
2026-09-07 18:00:00,1927703.07,,620552.06
2026-09-07 19:00:00,1922228.37,,617522.28
2026-09-07 20:00:00,1933844.40,,625357.38
2026-09-07 21:00:00,1954449.67,,630041.57
2026-09-07 22:00:00,1953976.41,,625616.94
2026-09-07 23:00:00,1930264.05,,613372.03
2026-09-08 00:00:00,1948839.72,,625457.46
2026-09-08 01:00:00,1970796.15,,630149.48
2026-09-08 02:00:00,1978513.31,,628880.11
2026-09-08 03:00:00,1949640.78,,616448.59
2026-09-08 04:00:00,1966709.12,,623289.01
2026-09-08 05:00:00,1970149.46,,623142.33
2026-09-08 06:00:00,1988895.15,,625560.34
2026-09-08 07:00:00,1974549.74,,619793.25
2026-09-08 08:00:00,1977507.61,,620211.84
2026-09-08 09:00:00,1981830.04,,619872.97
2026-09-08 10:00:00,1990732.80,,629646.89
2026-09-08 11:00:00,1986236.90,,635613.33
2026-09-08 12:00:00,1986061.61,,630282.63
2026-09-08 13:00:00,1977799.64,,625674.21
2026-09-08 14:00:00,1956492.08,,632126.83
2026-09-08 15:00:00,1978683.10,,637572.89
2026-09-08 16:00:00,1980276.48,,640483.17
2026-09-08 17:00:00,1994239.09,,645182.37
2026-09-08 18:00:00,2014648.32,,626449.22
2026-09-08 19:00:00,1995203.41,,619182.53
2026-09-08 20:00:00,2012795.43,,613214.40
2026-09-08 21:00:00,2002808.09,,606922.42
2026-09-08 22:00:00,1985946.76,,603741.19
2026-09-08 23:00:00,1987379.53,,606568.64
2026-09-09 00:00:00,1982615.05,,605701.89
2026-09-09 01:00:00,1981192.01,,607448.78
2026-09-09 02:00:00,1976836.66,,614705.74
2026-09-09 03:00:00,1973676.80,,611715.20
2026-09-09 04:00:00,1971712.02,,610959.99
2026-09-09 05:00:00,1989384.33,,614579.17
2026-09-09 06:00:00,1978487.13,,609767.39
2026-09-09 07:00:00,1993323.03,,615319.22
2026-09-09 08:00:00,1995861.41,,618001.92
2026-09-09 09:00:00,2000446.09,,624173.98
2026-09-09 10:00:00,1981321.26,,616543.23
2026-09-09 11:00:00,1983003.51,,618180.24
2026-09-09 12:00:00,1988354.21,,622355.40
2026-09-09 13:00:00,1979436.92,,622900.03
2026-09-09 14:00:00,1974808.70,,618245.00
2026-09-09 15:00:00,1979072.26,,619252.35
2026-09-09 16:00:00,1976039.44,,617790.60
2026-09-09 17:00:00,1982178.74,,616912.86
2026-09-09 18:00:00,1978616.51,,616234.01
2026-09-09 19:00:00,1971922.21,,612890.66
2026-09-09 20:00:00,1952909.89,,599211.97
2026-09-09 21:00:00,1960288.92,,595112.38
2026-09-09 22:00:00,1918100.74,,600938.58
2026-09-09 23:00:00,1793373.67,,590206.31
2026-09-10 00:00:00,1817670.92,,581064.67
2026-09-10 01:00:00,1802872.48,,563508.76
2026-09-10 02:00:00,1789645.47,,557154.46
2026-09-10 03:00:00,1816525.39,,561265.95
2026-09-10 04:00:00,1809263.07,,553198.63
2026-09-10 05:00:00,1818742.79,,556666.91
2026-09-10 06:00:00,1837223.58,,557276.94
2026-09-10 07:00:00,1846459.32,,559764.27
2026-09-10 08:00:00,1841627.75,,559647.57
2026-09-10 09:00:00,1839058.67,,558206.02
2026-09-10 10:00:00,1808198.05,,547375.63
2026-09-10 11:00:00,1787285.64,,541962.99
2026-09-10 12:00:00,1792497.23,,541577.43
2026-09-10 13:00:00,1781346.55,,542939.09
2026-09-10 14:00:00,1793235.67,,546940.66
2026-09-10 15:00:00,1787353.85,,549937.32
2026-09-10 16:00:00,1791990.40,,546752.79
2026-09-10 17:00:00,1772517.04,,542258.03
2026-09-10 18:00:00,1783126.57,,543042.33
2026-09-10 19:00:00,1780902.19,,540269.42
2026-09-10 20:00:00,1767550.57,,536309.80
2026-09-10 21:00:00,1773755.78,,535143.28
2026-09-10 22:00:00,1765279.88,,530750.76
2026-09-10 23:00:00,1762237.46,,526200.16
2026-09-11 00:00:00,1772345.48,,528923.63
2026-09-11 01:00:00,1785912.69,,536556.85
2026-09-11 02:00:00,1790536.28,,543141.04
2026-09-11 03:00:00,1786977.37,,534830.30
2026-09-11 04:00:00,1804054.06,,534369.69
2026-09-11 05:00:00,1826629.72,,534093.93
2026-09-11 06:00:00,1821538.53,,529908.59
2026-09-11 07:00:00,1820701.29,,527733.45
2026-09-11 08:00:00,1824602.57,,530022.75
2026-09-11 09:00:00,1844130.66,,543169.90
2026-09-11 10:00:00,1827242.74,,535267.14
2026-09-11 11:00:00,1815527.75,,529613.97
2026-09-11 12:00:00,1809961.04,,527596.93
2026-09-11 13:00:00,1834252.51,,530260.86
2026-09-11 14:00:00,1873543.51,,542697.47
2026-09-11 15:00:00,1833904.91,,545519.18
2026-09-11 16:00:00,1817346.75,,545158.95
2026-09-11 17:00:00,1834083.87,,554794.52
2026-09-11 18:00:00,1823365.51,,552622.73
2026-09-11 19:00:00,1804336.96,,547211.53
2026-09-11 20:00:00,1818525.29,,549893.50
2026-09-11 21:00:00,1822035.01,,559085.02
2026-09-11 22:00:00,1811826.96,,556900.53
2026-09-11 23:00:00,1809571.46,,554971.53
2026-09-12 00:00:00,1822243.32,,559159.41
2026-09-12 01:00:00,1822066.76,,560940.28
2026-09-12 02:00:00,1832953.45,,562217.61
2026-09-12 03:00:00,1831459.31,,563469.06
2026-09-12 04:00:00,1822301.62,,559786.03
2026-09-12 05:00:00,1821775.99,,556475.51
2026-09-12 06:00:00,1823234.07,,552411.18
2026-09-12 07:00:00,1827013.50,,554258.13
2026-09-12 08:00:00,1830530.61,,552057.17
2026-09-12 09:00:00,1834901.81,,551407.06
2026-09-12 10:00:00,1844786.49,,558144.15
2026-09-12 11:00:00,1848007.88,,555754.03
2026-09-12 12:00:00,1842267.99,,554931.41
2026-09-12 13:00:00,1838573.67,,557597.51
2026-09-12 14:00:00,1840390.01,,555358.62
2026-09-12 15:00:00,1849529.34,,555674.65
2026-09-12 16:00:00,1860923.95,,562116.09
2026-09-12 17:00:00,1853535.09,,559746.20
2026-09-12 18:00:00,1853308.25,,557693.29
2026-09-12 19:00:00,1842950.79,,550415.40
2026-09-12 20:00:00,1835482.71,,546088.38
2026-09-12 21:00:00,1840037.81,,546393.88
2026-09-12 22:00:00,1838434.43,,545148.16
2026-09-12 23:00:00,1843674.61,,545264.77
2026-09-13 00:00:00,1852211.22,,546063.75
2026-09-13 01:00:00,1854173.09,,547281.73
2026-09-13 02:00:00,1860121.29,,550343.42
2026-09-13 03:00:00,1860439.92,,549946.17
2026-09-13 04:00:00,1843041.92,,547229.11
2026-09-13 05:00:00,1839217.03,,547009.26
2026-09-13 06:00:00,1842815.94,,550138.53
2026-09-13 07:00:00,1848293.85,,548272.53
2026-09-13 08:00:00,1839401.54,,546245.78
2026-09-13 09:00:00,1837153.24,,554171.71
2026-09-13 10:00:00,1836727.23,,544843.80
2026-09-13 11:00:00,1819627.79,,542864.40
2026-09-13 12:00:00,1828636.25,,546310.43
2026-09-13 13:00:00,1837532.48,,550530.59
2026-09-13 14:00:00,1836903.11,,555090.49
2026-09-13 15:00:00,1828970.46,,552211.21
2026-09-13 16:00:00,1810502.89,,542399.98
2026-09-13 17:00:00,1825534.62,,548274.17
2026-09-13 18:00:00,1818206.41,,552259.88
2026-09-13 19:00:00,1815739.19,,553377.30
2026-09-13 20:00:00,1807396.53,,548934.07
2026-09-13 21:00:00,1813210.98,,548990.65
2026-09-13 22:00:00,1811789.82,,546557.71
2026-09-13 23:00:00,1761456.14,,521465.50
2026-09-14 00:00:00,1753541.37,,517597.10
2026-09-14 01:00:00,1758415.22,,517648.17
2026-09-14 02:00:00,1775715.54,,528048.70
2026-09-14 03:00:00,1797620.12,,524984.79
2026-09-14 04:00:00,1767627.38,,520547.22
2026-09-14 05:00:00,1784409.27,,525535.09
2026-09-14 06:00:00,1792085.64,,527496.00
2026-09-14 07:00:00,1782470.61,,524436.16
2026-09-14 08:00:00,1785762.88,,525271.09
2026-09-14 09:00:00,1790975.90,,526753.66
2026-09-14 10:00:00,1790824.63,,528833.06
2026-09-14 11:00:00,1787175.59,,528044.84
2026-09-14 12:00:00,1789029.23,,531656.03
2026-09-14 13:00:00,1771782.92,,531761.39
2026-09-14 14:00:00,1776894.47,,515735.10
2026-09-14 15:00:00,1786227.36,,513798.60
2026-09-14 16:00:00,1792199.32,,518221.00
2026-09-14 17:00:00,1808420.54,,521005.25
2026-09-14 18:00:00,1813651.33,,525609.99
2026-09-14 19:00:00,1810608.55,,526228.87
2026-09-14 20:00:00,1802948.40,,525055.07
2026-09-14 21:00:00,1808756.13,,521529.99
2026-09-14 22:00:00,1804467.75,,516886.54
2026-09-14 23:00:00,1801456.23,,515859.92
2026-09-15 00:00:00,1802411.85,,514202.45
2026-09-15 01:00:00,1809878.47,,517113.50
2026-09-15 02:00:00,1812831.43,,518749.62
2026-09-15 03:00:00,1818805.33,,520676.59
2026-09-15 04:00:00,1823877.63,,520814.24
2026-09-15 05:00:00,1821949.03,,519001.19
2026-09-15 06:00:00,1824622.77,,516215.28
2026-09-15 07:00:00,1825244.08,,517532.98
2026-09-15 08:00:00,1823054.05,,519593.17
2026-09-15 09:00:00,1834076.71,,524119.95
2026-09-15 10:00:00,1841971.16,,525419.60
2026-09-15 11:00:00,1829618.63,,519325.93
2026-09-15 12:00:00,1826577.53,,520671.14
2026-09-15 13:00:00,1821855.02,,518252.20
2026-09-15 14:00:00,1808725.37,,508846.74
2026-09-15 15:00:00,1801966.43,,501749.95
2026-09-15 16:00:00,1798276.08,,506149.94
2026-09-15 17:00:00,1804151.08,,507896.57
2026-09-15 18:00:00,1813820.80,,515870.70
2026-09-15 19:00:00,1803384.43,,512307.94
2026-09-15 20:00:00,1810630.04,,509229.46
2026-09-15 21:00:00,1808992.43,,505655.07
2026-09-15 22:00:00,1782218.05,,499736.96
2026-09-15 23:00:00,1794358.09,,503020.36
2026-09-16 00:00:00,1793044.96,,502619.17
2026-09-16 01:00:00,1787408.04,,501505.65
2026-09-16 02:00:00,1766646.27,,498607.90
2026-09-16 03:00:00,1770662.51,,501299.98
2026-09-16 04:00:00,1766068.20,,501924.43
2026-09-16 05:00:00,1774670.52,,507757.15
2026-09-16 06:00:00,1777739.22,,506643.62
2026-09-16 07:00:00,1774279.11,,510815.67
2026-09-16 08:00:00,1765513.58,,504988.10
2026-09-16 09:00:00,1766003.78,,504728.38
2026-09-16 10:00:00,1764733.32,,508054.51
2026-09-16 11:00:00,1774061.62,,509887.35
2026-09-16 12:00:00,1773867.69,,495736.36
2026-09-16 13:00:00,1758796.39,,498035.36
2026-09-16 14:00:00,1743740.31,,492966.33
2026-09-16 15:00:00,1730960.02,,492515.37
2026-09-16 16:00:00,1719221.54,,497337.82
2026-09-16 17:00:00,1716135.35,,499089.79
2026-09-16 18:00:00,1697703.90,,501001.41
2026-09-16 19:00:00,1708533.19,,501985.21
2026-09-16 20:00:00,1719163.12,,504749.88
2026-09-16 21:00:00,1732781.83,,508652.24
2026-09-16 22:00:00,1733783.19,,506656.80
2026-09-16 23:00:00,1717873.62,,503721.20
2026-09-17 00:00:00,1745585.85,,511400.28
2026-09-17 01:00:00,1738375.77,,507936.07
2026-09-17 02:00:00,1739473.42,,504816.61
2026-09-17 03:00:00,1732353.63,,503992.40
2026-09-17 04:00:00,1743520.41,,503735.04
2026-09-17 05:00:00,1750208.82,,508657.39
2026-09-17 06:00:00,1761669.26,,512970.68
2026-09-17 07:00:00,1767343.28,,521321.65
2026-09-17 08:00:00,1780433.39,,526053.38
2026-09-17 09:00:00,1774561.42,,525534.18
2026-09-17 10:00:00,1761140.04,,510944.92
2026-09-17 11:00:00,1770548.35,,509860.93
2026-09-17 12:00:00,1783184.42,,508615.55
2026-09-17 13:00:00,1787203.47,,506245.87
2026-09-17 14:00:00,1790018.31,,509998.15
2026-09-17 15:00:00,1792922.43,,513400.91
2026-09-17 16:00:00,1804478.48,,517956.69
2026-09-17 17:00:00,1816335.37,,522055.40
2026-09-17 18:00:00,1813471.22,,521943.08
2026-09-17 19:00:00,1807086.82,,523961.56
2026-09-17 20:00:00,1815347.68,,520302.67
2026-09-17 21:00:00,1818525.46,,518684.73
2026-09-17 22:00:00,1806133.67,,516699.63
2026-09-17 23:00:00,1818534.25,,519794.23
2026-09-18 00:00:00,1836890.65,,524346.77
2026-09-18 01:00:00,1853914.19,,533512.43
2026-09-18 02:00:00,1852404.69,,538483.33
2026-09-18 03:00:00,1857359.46,,535790.19
2026-09-18 04:00:00,1878738.94,,541710.79
2026-09-18 05:00:00,1870900.43,,539413.60
2026-09-18 06:00:00,1868208.84,,544921.89
2026-09-18 07:00:00,1871226.32,,549795.59
2026-09-18 08:00:00,1873503.00,,555086.00
2026-09-18 09:00:00,1880724.96,,556434.16
2026-09-18 10:00:00,1881288.47,,556873.26
2026-09-18 11:00:00,1867450.28,,562892.06
2026-09-18 12:00:00,1858207.96,,559267.27
2026-09-18 13:00:00,1856007.07,,557525.71
2026-09-18 14:00:00,1867649.35,,568194.35
2026-09-18 15:00:00,1897217.68,,570499.23
2026-09-18 16:00:00,1910893.91,,571541.52
2026-09-18 17:00:00,1898580.57,,561338.86
2026-09-18 18:00:00,1911104.43,,553214.12
2026-09-18 19:00:00,1908956.73,,551248.23
2026-09-18 20:00:00,1911700.89,,549727.25
2026-09-18 21:00:00,1922754.26,,552693.64
2026-09-18 22:00:00,1937909.18,,558608.70
2026-09-18 23:00:00,1936147.12,,561063.88
2026-09-19 00:00:00,1933329.29,,571309.30
2026-09-19 01:00:00,1929187.00,,574421.32
2026-09-19 02:00:00,1921276.56,,570497.10
2026-09-19 03:00:00,1928972.10,,573815.53
2026-09-19 04:00:00,1924368.05,,576250.18
2026-09-19 05:00:00,1909523.00,,578841.49
2026-09-19 06:00:00,1881137.22,,572216.37
2026-09-19 07:00:00,1876225.65,,576927.61
2026-09-19 08:00:00,1871461.70,,572619.45
2026-09-19 09:00:00,1916389.01,,584940.17
2026-09-19 10:00:00,1922795.09,,587958.16
2026-09-19 11:00:00,1926135.19,,589280.92
2026-09-19 12:00:00,1948081.75,,590836.16
2026-09-19 13:00:00,1969160.93,,589178.21
2026-09-19 14:00:00,1965176.41,,587527.51
2026-09-19 15:00:00,1962011.47,,587972.43
2026-09-19 16:00:00,1974727.81,,599335.82
2026-09-19 17:00:00,1997176.95,,609491.74
2026-09-19 18:00:00,1988428.12,,638929.23
2026-09-19 19:00:00,1982494.30,,634319.87
2026-09-19 20:00:00,1995262.05,,641534.65
2026-09-19 21:00:00,1988553.36,,640608.38
2026-09-19 22:00:00,1973184.67,,626798.10
2026-09-19 23:00:00,1988394.02,,634734.18
2026-09-20 00:00:00,1984823.12,,627209.19
2026-09-20 01:00:00,1994095.27,,624752.78
2026-09-20 02:00:00,1999726.84,,619978.71
2026-09-20 03:00:00,1966645.47,,599025.08
2026-09-20 04:00:00,1994075.19,,588201.19
2026-09-20 05:00:00,2009377.38,,582875.88
2026-09-20 06:00:00,2004660.64,,580629.18
2026-09-20 07:00:00,1993718.25,,575128.51
2026-09-20 08:00:00,1985975.68,,569480.57
2026-09-20 09:00:00,1993658.90,,569693.57
