time,oi_A,oi_6,oi_3
2026-04-25 12:00:00,,2362210.74,
2026-04-25 13:00:00,,2354831.71,
2026-04-25 14:00:00,,2353449.34,
2026-04-25 15:00:00,,2348711.49,
2026-04-25 16:00:00,,2349376.21,
2026-04-25 17:00:00,,2318830.79,
2026-04-25 18:00:00,,2317874.50,
2026-04-25 19:00:00,,2319441.62,
2026-04-25 20:00:00,,2314614.71,
2026-04-25 21:00:00,,2320379.90,
2026-04-25 22:00:00,,2325450.49,
2026-04-25 23:00:00,,2327647.99,
2026-04-26 00:00:00,,2328041.65,
2026-04-26 01:00:00,,2317022.27,
2026-04-26 02:00:00,,2316124.22,
2026-04-26 03:00:00,,2330345.68,
2026-04-26 04:00:00,,2318631.74,
2026-04-26 05:00:00,,2326434.42,
2026-04-26 06:00:00,,2319601.74,
2026-04-26 07:00:00,,2313884.21,
2026-04-26 08:00:00,,2317458.22,
2026-04-26 09:00:00,,2303492.17,
2026-04-26 10:00:00,,2337627.18,
2026-04-26 11:00:00,,2336959.20,
2026-04-26 12:00:00,,2353366.86,
2026-04-26 13:00:00,,2345965.11,
2026-04-26 14:00:00,,2340652.35,
2026-04-26 15:00:00,,2352422.76,
2026-04-26 16:00:00,,2347751.84,
2026-04-26 17:00:00,,2344776.10,
2026-04-26 18:00:00,,2351663.34,
2026-04-26 19:00:00,,2351913.95,
2026-04-26 20:00:00,,2350118.29,
2026-04-26 21:00:00,,2342125.45,
2026-04-26 22:00:00,,2345670.78,
2026-04-26 23:00:00,,2339654.81,
2026-04-27 00:00:00,,2346598.91,
2026-04-27 01:00:00,,2359551.00,
2026-04-27 02:00:00,,2361837.18,
2026-04-27 03:00:00,,2362552.46,
2026-04-27 04:00:00,,2370901.06,
2026-04-27 05:00:00,,2349454.51,
2026-04-27 06:00:00,,2298422.30,
2026-04-27 07:00:00,,2310504.23,
2026-04-27 08:00:00,,2296633.95,
2026-04-27 09:00:00,,2320778.56,
2026-04-27 10:00:00,,2322396.57,
2026-04-27 11:00:00,,2329532.50,
2026-04-27 12:00:00,,2326238.05,
2026-04-27 13:00:00,,2319115.28,
2026-04-27 14:00:00,,2320320.66,
2026-04-27 15:00:00,,2334162.41,
2026-04-27 16:00:00,,2281436.42,
2026-04-27 17:00:00,,2275939.34,
2026-04-27 18:00:00,,2277033.26,
2026-04-27 19:00:00,,2286750.41,
2026-04-27 20:00:00,,2282342.87,
2026-04-27 21:00:00,,2287752.29,
2026-04-27 22:00:00,,2263483.38,
2026-04-27 23:00:00,,2266255.12,
2026-04-28 00:00:00,,2271690.26,
2026-04-28 01:00:00,,2268284.17,
2026-04-28 02:00:00,,2259648.16,
2026-04-28 03:00:00,,2250729.80,
2026-04-28 04:00:00,,2252317.69,
2026-04-28 05:00:00,,2270500.23,
2026-04-28 06:00:00,,2263375.70,
2026-04-28 07:00:00,,2252527.46,
2026-04-28 08:00:00,,2252105.09,
2026-04-28 09:00:00,,2252115.56,
2026-04-28 10:00:00,,2243555.16,
2026-04-28 11:00:00,,2243675.16,
2026-04-28 12:00:00,,2224575.39,
2026-04-28 13:00:00,,2234204.92,
2026-04-28 14:00:00,,2223668.58,
2026-04-28 15:00:00,,2217317.25,
2026-04-28 16:00:00,,2225337.73,
2026-04-28 17:00:00,,2210519.01,
2026-04-28 18:00:00,,2213169.54,
2026-04-28 19:00:00,,2221287.68,
2026-04-28 20:00:00,,2220732.48,
2026-04-28 21:00:00,,2213173.04,
2026-04-28 22:00:00,,2216953.34,
2026-04-28 23:00:00,,2219322.75,
2026-04-29 00:00:00,,2219882.65,
2026-04-29 01:00:00,,2219923.27,
2026-04-29 02:00:00,,2222936.61,
2026-04-29 03:00:00,,2219053.55,
2026-04-29 04:00:00,,2223346.15,
2026-04-29 05:00:00,,2230795.44,
2026-04-29 06:00:00,,2229807.47,
2026-04-29 07:00:00,,2222173.24,
2026-04-29 08:00:00,,2219521.69,
2026-04-29 09:00:00,,2220298.97,
2026-04-29 10:00:00,,2240519.25,
2026-04-29 11:00:00,,2236656.44,
2026-04-29 12:00:00,,2230768.00,
2026-04-29 13:00:00,,2227591.20,
2026-04-29 14:00:00,,2222077.68,
2026-04-29 15:00:00,,2214950.84,
2026-04-29 16:00:00,,2180778.79,
2026-04-29 17:00:00,,2166672.18,
2026-04-29 18:00:00,,2199564.18,
2026-04-29 19:00:00,,2171057.48,
2026-04-29 20:00:00,,2166822.56,
2026-04-29 21:00:00,,2167307.38,
2026-04-29 22:00:00,,2175822.29,
2026-04-29 23:00:00,,2178292.75,
2026-04-30 00:00:00,,2175398.03,
2026-04-30 01:00:00,,2172572.21,
2026-04-30 02:00:00,,2152730.87,
2026-04-30 03:00:00,,2130303.70,
2026-04-30 04:00:00,,2124581.12,
2026-04-30 05:00:00,,2114527.39,
2026-04-30 06:00:00,,2110124.02,
2026-04-30 07:00:00,,2116228.66,
2026-04-30 08:00:00,,2127912.42,
2026-04-30 09:00:00,,2119929.21,
2026-04-30 10:00:00,,2128340.32,
2026-04-30 11:00:00,,2123723.79,
2026-04-30 12:00:00,,2124591.16,
2026-04-30 13:00:00,,2124614.71,
2026-04-30 14:00:00,,2121490.37,
2026-04-30 15:00:00,,2112693.98,
2026-04-30 16:00:00,,2110514.15,
2026-04-30 17:00:00,,2095622.15,
2026-04-30 18:00:00,,2093606.01,
2026-04-30 19:00:00,,2095702.44,
2026-04-30 20:00:00,,2101052.82,
2026-04-30 21:00:00,,2095140.67,
2026-04-30 22:00:00,,2094127.13,
2026-04-30 23:00:00,,2085852.82,
2026-05-01 00:00:00,,2092861.55,
2026-05-01 01:00:00,,2099554.17,
2026-05-01 02:00:00,,2104344.32,
2026-05-01 03:00:00,,2118520.37,
2026-05-01 04:00:00,,2132883.06,
2026-05-01 05:00:00,,2122699.57,
2026-05-01 06:00:00,,2126157.46,
2026-05-01 07:00:00,,2126554.12,
2026-05-01 08:00:00,,2130203.38,
2026-05-01 09:00:00,,2131460.36,
2026-05-01 10:00:00,,2120495.97,
2026-05-01 11:00:00,,2114814.57,
2026-05-01 12:00:00,,2128237.39,
2026-05-01 13:00:00,,2133110.29,
2026-05-01 14:00:00,,2148734.78,
2026-05-01 15:00:00,,2213363.12,
2026-05-01 16:00:00,,2214767.67,
2026-05-01 17:00:00,,2214869.29,
2026-05-01 18:00:00,,2235911.65,
2026-05-01 19:00:00,,2231614.35,
2026-05-01 20:00:00,,2219943.61,
2026-05-01 21:00:00,,2204374.29,
2026-05-01 22:00:00,,2216900.73,
2026-05-01 23:00:00,,2205512.21,
2026-05-02 00:00:00,,2207646.34,
2026-05-02 01:00:00,,2205162.12,
2026-05-02 02:00:00,,2203986.14,
2026-05-02 03:00:00,,2204032.42,
2026-05-02 04:00:00,,2198037.07,
2026-05-02 05:00:00,,2195868.41,
2026-05-02 06:00:00,,2201263.42,
2026-05-02 07:00:00,,2221465.90,
2026-05-02 08:00:00,,2204539.62,
2026-05-02 09:00:00,,2201800.54,
2026-05-02 10:00:00,,2201377.24,
2026-05-02 11:00:00,,2199119.36,
2026-05-02 12:00:00,,2192248.21,
2026-05-02 13:00:00,,2195204.15,
2026-05-02 14:00:00,,2202404.03,
2026-05-02 15:00:00,,2214281.29,
2026-05-02 16:00:00,,2229285.29,
2026-05-02 17:00:00,,2229631.55,
2026-05-02 18:00:00,,2216891.89,
2026-05-02 19:00:00,,2228235.98,
2026-05-02 20:00:00,,2248221.58,
2026-05-02 21:00:00,,2255140.53,
2026-05-02 22:00:00,,2278172.43,
2026-05-02 23:00:00,,2270723.17,
2026-05-03 00:00:00,,2271415.62,
2026-05-03 01:00:00,,2264347.20,
2026-05-03 02:00:00,,2222228.53,
2026-05-03 03:00:00,,2212194.06,
2026-05-03 04:00:00,,2212861.66,
2026-05-03 05:00:00,,2204912.36,
2026-05-03 06:00:00,,2209182.51,
2026-05-03 07:00:00,,2206528.12,
2026-05-03 08:00:00,,2215956.96,
2026-05-03 09:00:00,,2218006.77,
2026-05-03 10:00:00,,2218560.46,
2026-05-03 11:00:00,,2214816.23,
2026-05-03 12:00:00,,2221141.08,
2026-05-03 13:00:00,,2232710.00,
2026-05-03 14:00:00,,2226351.56,
2026-05-03 15:00:00,,2227101.85,
2026-05-03 16:00:00,,2210117.89,
2026-05-03 17:00:00,,2202498.73,
2026-05-03 18:00:00,,2200873.81,
2026-05-03 19:00:00,,2206324.28,
2026-05-03 20:00:00,,2212960.60,
2026-05-03 21:00:00,,2206337.07,
2026-05-03 22:00:00,,2191076.29,
2026-05-03 23:00:00,,2209418.16,
2026-05-04 00:00:00,,2196680.26,
2026-05-04 01:00:00,,2201771.00,
2026-05-04 02:00:00,,2214674.52,
2026-05-04 03:00:00,,2226698.23,
2026-05-04 04:00:00,,2221708.91,
2026-05-04 05:00:00,,2237023.44,
2026-05-04 06:00:00,,2246786.40,
2026-05-04 07:00:00,,2225913.19,
2026-05-04 08:00:00,,2223004.20,
2026-05-04 09:00:00,,2217702.22,
2026-05-04 10:00:00,,2245508.51,
2026-05-04 11:00:00,,2200726.89,
2026-05-04 12:00:00,,2193267.65,
2026-05-04 13:00:00,,2191256.11,
2026-05-04 14:00:00,,2207585.63,
2026-05-04 15:00:00,,2213540.14,
2026-05-04 16:00:00,,2196946.18,
2026-05-04 17:00:00,,2203021.90,
2026-05-04 18:00:00,,2220952.97,
2026-05-04 19:00:00,,2221420.04,
2026-05-04 20:00:00,,2207843.94,
2026-05-04 21:00:00,,2201035.65,
2026-05-04 22:00:00,,2216489.51,
2026-05-04 23:00:00,,2206407.49,
2026-05-05 00:00:00,,2203153.74,
2026-05-05 01:00:00,,2211914.06,
2026-05-05 02:00:00,,2230567.63,
2026-05-05 03:00:00,,2243325.95,
2026-05-05 04:00:00,,2249299.68,
2026-05-05 05:00:00,,2240277.94,
2026-05-05 06:00:00,,2256604.27,
2026-05-05 07:00:00,,2254743.79,
2026-05-05 08:00:00,,2252154.16,
2026-05-05 09:00:00,,2253636.55,
2026-05-05 10:00:00,,2259668.95,
2026-05-05 11:00:00,,2263909.36,
2026-05-05 12:00:00,,2264554.50,
2026-05-05 13:00:00,,2322558.39,
2026-05-05 14:00:00,,2324307.79,
2026-05-05 15:00:00,,2320007.00,
2026-05-05 16:00:00,,2352292.54,
2026-05-05 17:00:00,,2346895.28,
2026-05-05 18:00:00,,2348797.19,
2026-05-05 19:00:00,,2357343.16,
2026-05-05 20:00:00,,2360173.76,
2026-05-05 21:00:00,,2374354.22,
2026-05-05 22:00:00,,2385147.43,
2026-05-05 23:00:00,,2377654.51,
2026-05-06 00:00:00,,2381447.68,
2026-05-06 01:00:00,,2355647.50,
2026-05-06 02:00:00,,2374608.21,
2026-05-06 03:00:00,,2361353.58,
2026-05-06 04:00:00,,2394826.23,
2026-05-06 05:00:00,,2372319.19,
2026-05-06 06:00:00,,2354626.92,
2026-05-06 07:00:00,,2349635.54,
2026-05-06 08:00:00,,2355229.14,
2026-05-06 09:00:00,,2361368.40,
2026-05-06 10:00:00,,2361663.04,
2026-05-06 11:00:00,,2362541.60,
2026-05-06 12:00:00,,2347336.97,
2026-05-06 13:00:00,,2386469.12,
2026-05-06 14:00:00,,2332942.82,
2026-05-06 15:00:00,,2307435.54,
2026-05-06 16:00:00,,2320726.80,
2026-05-06 17:00:00,,2317767.42,
2026-05-06 18:00:00,,2312680.14,
2026-05-06 19:00:00,,2314632.07,
2026-05-06 20:00:00,,2317747.87,
2026-05-06 21:00:00,,2343293.11,
2026-05-06 22:00:00,,2354767.97,
2026-05-06 23:00:00,,2340638.75,
2026-05-07 00:00:00,,2349878.83,
2026-05-07 01:00:00,,2322803.59,
2026-05-07 02:00:00,,2316031.34,
2026-05-07 03:00:00,,2307587.04,
2026-05-07 04:00:00,,2302616.22,
2026-05-07 05:00:00,,2313230.64,
2026-05-07 06:00:00,,2333974.01,
2026-05-07 07:00:00,,2340602.15,
2026-05-07 08:00:00,,2343487.98,
2026-05-07 09:00:00,,2334562.25,
2026-05-07 10:00:00,,2324960.95,
2026-05-07 11:00:00,,2315635.15,
2026-05-07 12:00:00,,2317838.19,
2026-05-07 13:00:00,,2326800.76,
2026-05-07 14:00:00,,2302479.69,
2026-05-07 15:00:00,,2268408.34,
2026-05-07 16:00:00,,2250950.16,
2026-05-07 17:00:00,,2251714.18,
2026-05-07 18:00:00,,2257302.86,
2026-05-07 19:00:00,,2252027.56,
2026-05-07 20:00:00,,2245056.66,
2026-05-07 21:00:00,,2237975.79,
2026-05-07 22:00:00,,2240561.28,
2026-05-07 23:00:00,,2224926.23,
2026-05-08 00:00:00,,2229676.91,
2026-05-08 01:00:00,,2219508.77,
2026-05-08 02:00:00,,2209112.31,
2026-05-08 03:00:00,,2202461.99,
2026-05-08 04:00:00,,2201226.47,
2026-05-08 05:00:00,,2193263.30,
2026-05-08 06:00:00,,2184135.64,
2026-05-08 07:00:00,,2190554.23,
2026-05-08 08:00:00,,2186108.63,
2026-05-08 09:00:00,,2189376.52,
2026-05-08 10:00:00,,2155662.40,
2026-05-08 11:00:00,,2160930.81,
2026-05-08 12:00:00,,2170515.95,
2026-05-08 13:00:00,,2144127.56,
2026-05-08 14:00:00,,2145624.36,
2026-05-08 15:00:00,,2176974.09,
2026-05-08 16:00:00,,2184278.12,
2026-05-08 17:00:00,,2188938.16,
2026-05-08 18:00:00,,2215414.87,
2026-05-08 19:00:00,,2196286.49,
2026-05-08 20:00:00,,2196052.28,
2026-05-08 21:00:00,,2149013.54,
2026-05-08 22:00:00,,2159412.49,
2026-05-08 23:00:00,,2207815.32,
2026-05-09 00:00:00,,2202788.90,
2026-05-09 01:00:00,,2209225.75,
2026-05-09 02:00:00,,2224095.20,
2026-05-09 03:00:00,,2224617.05,
2026-05-09 04:00:00,,2207222.96,
2026-05-09 05:00:00,,2204590.51,
2026-05-09 06:00:00,,2234514.97,
2026-05-09 07:00:00,,2215981.38,
2026-05-09 08:00:00,,2231240.74,
2026-05-09 09:00:00,,2235943.45,
2026-05-09 10:00:00,,2274718.35,
2026-05-09 11:00:00,,2282630.84,
2026-05-09 12:00:00,,2286811.73,
2026-05-09 13:00:00,,2284749.95,
2026-05-09 14:00:00,,2274874.18,
2026-05-09 15:00:00,,2257141.82,
2026-05-09 16:00:00,,2258797.16,
2026-05-09 17:00:00,,2294014.91,
2026-05-09 18:00:00,,2325655.34,
2026-05-09 19:00:00,,2318680.31,
2026-05-09 20:00:00,,2388360.56,
2026-05-09 21:00:00,,2434247.15,
2026-05-09 22:00:00,,2429662.84,
2026-05-09 23:00:00,,2470661.00,
2026-05-10 00:00:00,,2464128.17,
2026-05-10 01:00:00,,2373415.73,
2026-05-10 02:00:00,,2345571.84,
2026-05-10 03:00:00,,2355822.70,
2026-05-10 04:00:00,,2356765.61,
2026-05-10 05:00:00,,2372324.16,
2026-05-10 06:00:00,,2431751.27,
2026-05-10 07:00:00,,2455488.67,
2026-05-10 08:00:00,,2459518.36,
2026-05-10 09:00:00,,2498640.58,
2026-05-10 10:00:00,,2488904.34,
2026-05-10 11:00:00,,2465744.48,
2026-05-10 12:00:00,,2492225.27,
2026-05-10 13:00:00,,2521173.29,
2026-05-10 14:00:00,,2531962.82,
2026-05-10 15:00:00,,2526142.06,
2026-05-10 16:00:00,,2530043.39,
2026-05-10 17:00:00,,2544337.10,
2026-05-10 18:00:00,,2493272.25,
2026-05-10 19:00:00,,2494781.48,
2026-05-10 20:00:00,,2478168.10,
2026-05-10 21:00:00,,2447625.29,
2026-05-10 22:00:00,,2440048.45,
2026-05-10 23:00:00,,2481963.84,
2026-05-11 00:00:00,,2477666.41,
2026-05-11 01:00:00,,2470796.56,
2026-05-11 02:00:00,,2477993.33,
2026-05-11 03:00:00,,2454847.31,
2026-05-11 04:00:00,,2492725.49,
2026-05-11 05:00:00,,2497088.42,
2026-05-11 06:00:00,,2517416.46,
2026-05-11 07:00:00,,2485091.31,
2026-05-11 08:00:00,,2488272.32,
2026-05-11 09:00:00,,2495192.68,
2026-05-11 10:00:00,,2536904.56,
2026-05-11 11:00:00,,2529715.87,
2026-05-11 12:00:00,,2504706.96,
2026-05-11 13:00:00,,2503581.10,
2026-05-11 14:00:00,,2493997.13,
2026-05-11 15:00:00,,2486691.83,
2026-05-11 16:00:00,,2496667.32,
2026-05-11 17:00:00,,2500884.97,
2026-05-11 18:00:00,,2515534.67,
2026-05-11 19:00:00,,2470380.49,
2026-05-11 20:00:00,,2481845.83,
2026-05-11 21:00:00,,2486216.52,
2026-05-11 22:00:00,,2465112.00,
2026-05-11 23:00:00,,2459232.72,
2026-05-12 00:00:00,,2463329.28,
2026-05-12 01:00:00,,2462584.22,
2026-05-12 02:00:00,,2435699.62,
2026-05-12 03:00:00,,2448908.00,
2026-05-12 04:00:00,,2432836.04,
2026-05-12 05:00:00,,2447158.46,
2026-05-12 06:00:00,,2439516.64,
2026-05-12 07:00:00,,2419055.41,
2026-05-12 08:00:00,,2432741.53,
2026-05-12 09:00:00,,2430926.79,
2026-05-12 10:00:00,,2419351.35,
2026-05-12 11:00:00,,2409870.58,
2026-05-12 12:00:00,,2377014.01,
2026-05-12 13:00:00,,2395196.79,
2026-05-12 14:00:00,,2389061.21,
2026-05-12 15:00:00,,2368205.76,
2026-05-12 16:00:00,,2372211.63,
2026-05-12 17:00:00,,2378672.28,
2026-05-12 18:00:00,,2401082.30,
2026-05-12 19:00:00,,2397095.23,
2026-05-12 20:00:00,,2390781.28,
2026-05-12 21:00:00,,2379207.45,
2026-05-12 22:00:00,,2366176.68,
2026-05-12 23:00:00,,2349572.83,
2026-05-13 00:00:00,,2330526.27,
2026-05-13 01:00:00,,2353357.36,
2026-05-13 02:00:00,,2358836.00,
2026-05-13 03:00:00,,2370799.81,
2026-05-13 04:00:00,,2375343.31,
2026-05-13 05:00:00,,2359051.96,
2026-05-13 06:00:00,,2346013.81,
2026-05-13 07:00:00,,2342344.71,
2026-05-13 08:00:00,,2345121.05,
2026-05-13 09:00:00,,2345306.36,
2026-05-13 10:00:00,,2355299.54,
2026-05-13 11:00:00,,2333651.37,
2026-05-13 12:00:00,,2335335.23,
2026-05-13 13:00:00,,2317969.33,
2026-05-13 14:00:00,,2215774.44,
2026-05-13 15:00:00,,2228649.26,
2026-05-13 16:00:00,,2259338.86,
2026-05-13 17:00:00,,2256779.59,
2026-05-13 18:00:00,,2266022.77,
2026-05-13 19:00:00,,2258609.90,
2026-05-13 20:00:00,,2246164.07,
2026-05-13 21:00:00,,2237080.35,
2026-05-13 22:00:00,,2212598.57,
2026-05-13 23:00:00,,2206508.74,
2026-05-14 00:00:00,,2202752.67,
2026-05-14 01:00:00,,2200398.26,
2026-05-14 02:00:00,,2187336.97,
2026-05-14 03:00:00,,2177721.57,
2026-05-14 04:00:00,,2112372.52,
2026-05-14 05:00:00,,2127175.37,
2026-05-14 06:00:00,,2145486.95,
2026-05-14 07:00:00,,2141642.22,
2026-05-14 08:00:00,,2143335.78,
2026-05-14 09:00:00,,2135117.87,
2026-05-14 10:00:00,,2133904.08,
2026-05-14 11:00:00,,2133712.83,
2026-05-14 12:00:00,,2129900.55,
2026-05-14 13:00:00,,2136448.37,
2026-05-14 14:00:00,,2133917.98,
2026-05-14 15:00:00,,2205503.28,
2026-05-14 16:00:00,,2214597.38,
2026-05-14 17:00:00,,2219785.93,
2026-05-14 18:00:00,,2202968.81,
2026-05-14 19:00:00,,2200702.13,
2026-05-14 20:00:00,,2191700.40,
2026-05-14 21:00:00,,2174961.65,
2026-05-14 22:00:00,,2167914.87,
2026-05-14 23:00:00,,2177625.43,
2026-05-15 00:00:00,,2146872.85,
2026-05-15 01:00:00,,2156092.84,
2026-05-15 02:00:00,,2134705.85,
2026-05-15 03:00:00,,2153800.42,
2026-05-15 04:00:00,,2146464.26,
2026-05-15 05:00:00,,2126146.74,
2026-05-15 06:00:00,,2110790.76,
2026-05-15 07:00:00,,2120648.49,
2026-05-15 08:00:00,,2125525.59,
2026-05-15 09:00:00,,2111241.49,
2026-05-15 10:00:00,,2103539.25,
2026-05-15 11:00:00,,2135592.61,
2026-05-15 12:00:00,,2125777.40,
2026-05-15 13:00:00,,2113861.04,
2026-05-15 14:00:00,,2047106.93,
2026-05-15 15:00:00,,2057359.00,
2026-05-15 16:00:00,,2060360.46,
2026-05-15 17:00:00,,2072074.18,
2026-05-15 18:00:00,,2077724.12,
2026-05-15 19:00:00,,2075622.49,
2026-05-15 20:00:00,,2056968.23,
2026-05-15 21:00:00,,2052879.06,
2026-05-15 22:00:00,,2050505.99,
2026-05-15 23:00:00,,2058678.19,
2026-05-16 00:00:00,,2059818.38,
2026-05-16 01:00:00,,2064912.87,
2026-05-16 02:00:00,,2068217.51,
2026-05-16 03:00:00,,2059086.97,
2026-05-16 04:00:00,,2055391.61,
2026-05-16 05:00:00,,2027745.63,
2026-05-16 06:00:00,,2021990.84,
2026-05-16 07:00:00,,2010768.79,
2026-05-16 08:00:00,,2053494.01,
2026-05-16 09:00:00,,2059696.23,
2026-05-16 10:00:00,,2047705.80,
2026-05-16 11:00:00,,2046635.75,
2026-05-16 12:00:00,,2050864.11,
2026-05-16 13:00:00,,2069041.46,
2026-05-16 14:00:00,,2065545.37,
2026-05-16 15:00:00,,2080071.94,
2026-05-16 16:00:00,,2088875.10,
2026-05-16 17:00:00,,2089602.27,
2026-05-16 18:00:00,,2102657.93,
2026-05-16 19:00:00,,2104000.08,
2026-05-16 20:00:00,,2103691.29,
2026-05-16 21:00:00,,2101557.52,
2026-05-16 22:00:00,,2106931.43,
2026-05-16 23:00:00,,2095455.11,
2026-05-17 00:00:00,,2097229.74,
2026-05-17 01:00:00,,2092318.99,
2026-05-17 02:00:00,,2076209.60,
2026-05-17 03:00:00,,2086152.96,
2026-05-17 04:00:00,,2101260.92,
2026-05-17 05:00:00,,2106716.21,
2026-05-17 06:00:00,,2107796.91,
2026-05-17 07:00:00,,2102767.05,
2026-05-17 08:00:00,,2113076.95,
2026-05-17 09:00:00,,2102565.72,
2026-05-17 10:00:00,,2106508.54,
2026-05-17 11:00:00,,2107175.34,
2026-05-17 12:00:00,,2100991.59,
2026-05-17 13:00:00,,2100171.11,
2026-05-17 14:00:00,,2099389.77,
2026-05-17 15:00:00,,2100174.85,
2026-05-17 16:00:00,,2096429.45,
2026-05-17 17:00:00,,2096491.60,
2026-05-17 18:00:00,,2097475.16,
2026-05-17 19:00:00,,2104946.53,
2026-05-17 20:00:00,,2106283.30,
2026-05-17 21:00:00,,2108674.05,
2026-05-17 22:00:00,,2110274.29,
2026-05-17 23:00:00,,2075044.23,
2026-05-18 00:00:00,,2032233.60,
2026-05-18 01:00:00,,2062426.88,
2026-05-18 02:00:00,,2062707.20,
2026-05-18 03:00:00,,2073180.41,
2026-05-18 04:00:00,,2067606.87,
2026-05-18 05:00:00,,2077650.68,
2026-05-18 06:00:00,,2067862.09,
2026-05-18 07:00:00,,2075577.77,
2026-05-18 08:00:00,,2068512.80,
2026-05-18 09:00:00,,2066973.39,
2026-05-18 10:00:00,,2057053.65,
2026-05-18 11:00:00,,2048374.14,
2026-05-18 12:00:00,,2065802.04,
2026-05-18 13:00:00,,2080442.61,
2026-05-18 14:00:00,,2062045.29,
2026-05-18 15:00:00,,2029307.00,
2026-05-18 16:00:00,,2039352.14,
2026-05-18 17:00:00,,2042035.96,
2026-05-18 18:00:00,,2048098.21,
2026-05-18 19:00:00,,2014534.78,
2026-05-18 20:00:00,,2064468.44,
2026-05-18 21:00:00,,2060157.61,
2026-05-18 22:00:00,,2083771.81,
2026-05-18 23:00:00,,2080400.74,
2026-05-19 00:00:00,,2082515.75,
2026-05-19 01:00:00,,2108500.75,
2026-05-19 02:00:00,,2097631.54,
2026-05-19 03:00:00,,2092837.47,
2026-05-19 04:00:00,,2082465.42,
2026-05-19 05:00:00,,2089238.05,
2026-05-19 06:00:00,,2088166.27,
2026-05-19 07:00:00,,2086610.66,
2026-05-19 08:00:00,,2081792.13,
2026-05-19 09:00:00,,2061939.73,
2026-05-19 10:00:00,,2058697.18,
2026-05-19 11:00:00,,2051281.36,
2026-05-19 12:00:00,,2053354.75,
2026-05-19 13:00:00,,2069810.58,
2026-05-19 14:00:00,,2074475.06,
2026-05-19 15:00:00,,2049564.90,
2026-05-19 16:00:00,,2048316.70,
2026-05-19 17:00:00,,2072919.16,
2026-05-19 18:00:00,,2069878.08,
2026-05-19 19:00:00,,2061649.09,
2026-05-19 20:00:00,,2052194.88,
2026-05-19 21:00:00,,2058489.86,
2026-05-19 22:00:00,,2052174.43,
2026-05-19 23:00:00,,2024821.10,
2026-05-20 00:00:00,,2034528.01,
2026-05-20 01:00:00,,2027427.45,
2026-05-20 02:00:00,,2026505.07,
2026-05-20 03:00:00,,2023147.07,
2026-05-20 04:00:00,,2027317.58,
2026-05-20 05:00:00,,2033575.28,
2026-05-20 06:00:00,,2039148.46,
2026-05-20 07:00:00,,2049256.42,
2026-05-20 08:00:00,,2048060.57,
2026-05-20 09:00:00,,2049705.96,
2026-05-20 10:00:00,,2047759.29,
2026-05-20 11:00:00,,2052775.73,
2026-05-20 12:00:00,,2043802.97,
2026-05-20 13:00:00,,2129291.62,
2026-05-20 14:00:00,,2081096.34,
2026-05-20 15:00:00,,2094980.15,
2026-05-20 16:00:00,,2133818.10,
2026-05-20 17:00:00,,2149456.87,
2026-05-20 18:00:00,,2152175.60,
2026-05-20 19:00:00,,2139148.58,
2026-05-20 20:00:00,,2145246.68,
2026-05-20 21:00:00,,2140437.40,
2026-05-20 22:00:00,,2144015.24,
2026-05-20 23:00:00,,2104495.12,
2026-05-21 00:00:00,,2100987.51,
2026-05-21 01:00:00,,2102159.79,
2026-05-21 02:00:00,,2110312.37,
2026-05-21 03:00:00,,2113904.94,
2026-05-21 04:00:00,,2119724.40,
2026-05-21 05:00:00,,2120277.14,
2026-05-21 06:00:00,,2108400.46,
2026-05-21 07:00:00,,2107858.30,
2026-05-21 08:00:00,,2113959.83,
2026-05-21 09:00:00,,2114434.11,
2026-05-21 10:00:00,,2104823.66,
2026-05-21 11:00:00,,2124295.55,
2026-05-21 12:00:00,,2116881.15,
2026-05-21 13:00:00,,2117336.94,
2026-05-21 14:00:00,,2081933.75,
2026-05-21 15:00:00,,2080756.96,
2026-05-21 16:00:00,,2080250.72,
2026-05-21 17:00:00,,2079012.88,
2026-05-21 18:00:00,,2119653.40,
2026-05-21 19:00:00,,2108582.86,
2026-05-21 20:00:00,,2118910.60,
2026-05-21 21:00:00,,2116161.66,
2026-05-21 22:00:00,,2112250.50,
2026-05-21 23:00:00,,2109154.30,
2026-05-22 00:00:00,,2111906.72,
2026-05-22 01:00:00,,2074377.43,
2026-05-22 02:00:00,,2075953.71,
2026-05-22 03:00:00,,2069962.91,
2026-05-22 04:00:00,,2077419.59,
2026-05-22 05:00:00,,2068452.97,
2026-05-22 06:00:00,,2067883.30,
2026-05-22 07:00:00,,2067049.95,
2026-05-22 08:00:00,,2069937.62,
2026-05-22 09:00:00,,2066575.55,
2026-05-22 10:00:00,,2062698.82,
2026-05-22 11:00:00,,2069165.18,
2026-05-22 12:00:00,,2077696.23,
2026-05-22 13:00:00,,2086480.72,
2026-05-22 14:00:00,,2068013.06,
2026-05-22 15:00:00,,2033772.66,
2026-05-22 16:00:00,,2029482.00,
2026-05-22 17:00:00,,2026077.41,
2026-05-22 18:00:00,,2025665.72,
2026-05-22 19:00:00,,1944339.43,
2026-05-22 20:00:00,,1951540.30,
2026-05-22 21:00:00,,2028660.07,
2026-05-22 22:00:00,,2035661.23,
2026-05-22 23:00:00,,2012916.96,
2026-05-23 00:00:00,,2039792.23,
2026-05-23 01:00:00,,2037353.49,
2026-05-23 02:00:00,,2041006.25,
2026-05-23 03:00:00,,2038889.60,
2026-05-23 04:00:00,,2038124.77,
2026-05-23 05:00:00,,2023562.03,
2026-05-23 06:00:00,,2029044.09,
2026-05-23 07:00:00,,2019477.80,
2026-05-23 08:00:00,,1981930.63,
2026-05-23 09:00:00,,1980359.72,
2026-05-23 10:00:00,,1983011.13,
2026-05-23 11:00:00,,1983007.48,
2026-05-23 12:00:00,,1983846.41,
2026-05-23 13:00:00,,1982749.84,
2026-05-23 14:00:00,,1996280.53,
2026-05-23 15:00:00,,1998011.37,
2026-05-23 16:00:00,,1996842.60,
2026-05-23 17:00:00,,1991692.38,
2026-05-23 18:00:00,,1987154.15,
2026-05-23 19:00:00,,1999149.65,
2026-05-23 20:00:00,,2000803.88,
2026-05-23 21:00:00,,2047408.92,
2026-05-23 22:00:00,,2031004.73,
2026-05-23 23:00:00,,2025349.23,
2026-05-24 00:00:00,,2030201.53,
2026-05-24 01:00:00,,2034767.31,
2026-05-24 02:00:00,,2030213.64,
2026-05-24 03:00:00,,2027587.92,
2026-05-24 04:00:00,,2021409.49,
2026-05-24 05:00:00,,2019120.13,
2026-05-24 06:00:00,,2023380.39,
2026-05-24 07:00:00,,2036733.69,
2026-05-24 08:00:00,,2025472.80,
2026-05-24 09:00:00,,2027732.17,
2026-05-24 10:00:00,,2030563.44,
2026-05-24 11:00:00,,2027023.22,
2026-05-24 12:00:00,,2023318.45,
2026-05-24 13:00:00,,2023229.95,
2026-05-24 14:00:00,,2006045.38,
2026-05-24 15:00:00,,2007703.84,
2026-05-24 16:00:00,,2014270.06,
2026-05-24 17:00:00,,2005723.35,
2026-05-24 18:00:00,,2008560.08,
2026-05-24 19:00:00,,2009637.66,
2026-05-24 20:00:00,,2008918.88,
2026-05-24 21:00:00,,2003837.25,
2026-05-24 22:00:00,,1996961.74,
2026-05-24 23:00:00,,1999390.99,
2026-05-25 00:00:00,,2007277.91,
2026-05-25 01:00:00,,2024429.84,
2026-05-25 02:00:00,,2015523.04,
2026-05-25 03:00:00,,2025449.23,
2026-05-25 04:00:00,,2019496.59,
2026-05-25 05:00:00,,2040337.94,
2026-05-25 06:00:00,,2032128.72,
2026-05-25 07:00:00,,2020460.12,
2026-05-25 08:00:00,,1998417.71,
2026-05-25 09:00:00,,1995567.13,
2026-05-25 10:00:00,,1990010.47,
2026-05-25 11:00:00,,1997879.19,
2026-05-25 12:00:00,,1990367.72,
2026-05-25 13:00:00,,1992793.55,
2026-05-25 14:00:00,,1994596.96,
2026-05-25 15:00:00,,2003146.33,
2026-05-25 16:00:00,,2006755.59,
2026-05-25 17:00:00,,2016300.53,
2026-05-25 18:00:00,,2007878.98,
2026-05-25 19:00:00,,2001751.73,
2026-05-25 20:00:00,,1999095.74,
2026-05-25 21:00:00,,1860352.21,
2026-05-25 22:00:00,,1866553.03,
2026-05-25 23:00:00,,1863719.78,
2026-05-26 00:00:00,,1868743.56,
2026-05-26 01:00:00,,1870218.50,
2026-05-26 02:00:00,,1873720.31,
2026-05-26 03:00:00,,1866421.75,
2026-05-26 04:00:00,,1890500.22,
2026-05-26 05:00:00,,1888641.67,
2026-05-26 06:00:00,,1891722.16,
2026-05-26 07:00:00,,1886892.98,
2026-05-26 08:00:00,,1913030.94,
2026-05-26 09:00:00,,1903109.63,
2026-05-26 10:00:00,,1919932.27,
2026-05-26 11:00:00,,1913911.03,
2026-05-26 12:00:00,,1890054.42,
2026-05-26 13:00:00,,1883060.77,
2026-05-26 14:00:00,,1885527.66,
2026-05-26 15:00:00,,1882722.11,
2026-05-26 16:00:00,,1957006.51,
2026-05-26 17:00:00,,1942496.31,
2026-05-26 18:00:00,,1932166.42,
2026-05-26 19:00:00,,1930548.68,
2026-05-26 20:00:00,,1929043.54,
2026-05-26 21:00:00,,1923088.08,
2026-05-26 22:00:00,,1896116.64,
2026-05-26 23:00:00,,1897708.86,
2026-05-27 00:00:00,,1902572.07,
2026-05-27 01:00:00,,1904399.72,
2026-05-27 02:00:00,,1894387.20,
2026-05-27 03:00:00,,1900167.56,
2026-05-27 04:00:00,,1888472.56,
2026-05-27 05:00:00,,1879476.47,
2026-05-27 06:00:00,,1885674.75,
2026-05-27 07:00:00,,1889892.25,
2026-05-27 08:00:00,,1888097.49,
2026-05-27 09:00:00,,1872019.20,
2026-05-27 10:00:00,,1853500.89,
2026-05-27 11:00:00,,1859048.45,
2026-05-27 12:00:00,,1852716.95,
2026-05-27 13:00:00,,1866364.18,
2026-05-27 14:00:00,,1850457.36,
2026-05-27 15:00:00,,1861623.45,
2026-05-27 16:00:00,,1862844.51,
2026-05-27 17:00:00,,1860684.62,
2026-05-27 18:00:00,,1848944.79,
2026-05-27 19:00:00,,1855962.44,
2026-05-27 20:00:00,,1848766.45,
2026-05-27 21:00:00,,1859196.21,
2026-05-27 22:00:00,,1831996.13,
2026-05-27 23:00:00,,1830579.08,
2026-05-28 00:00:00,,1830071.38,
2026-05-28 01:00:00,,1834019.02,
2026-05-28 02:00:00,,1814457.02,
2026-05-28 03:00:00,,1814053.68,
2026-05-28 04:00:00,,1777124.37,
2026-05-28 05:00:00,,1789783.17,
2026-05-28 06:00:00,,1789060.06,
2026-05-28 07:00:00,,1793125.15,
2026-05-28 08:00:00,,1805046.79,
2026-05-28 09:00:00,,1797374.21,
2026-05-28 10:00:00,,1808107.97,
2026-05-28 11:00:00,,1799223.91,
2026-05-28 12:00:00,,1799257.45,
2026-05-28 13:00:00,,1806727.25,
2026-05-28 14:00:00,,1801081.92,
2026-05-28 15:00:00,,1851308.83,
2026-05-28 16:00:00,,1843753.97,
2026-05-28 17:00:00,,1854330.62,
2026-05-28 18:00:00,,1855282.37,
2026-05-28 19:00:00,,1857242.12,
2026-05-28 20:00:00,,1830012.21,
2026-05-28 21:00:00,,1839624.66,
2026-05-28 22:00:00,,1848020.88,
2026-05-28 23:00:00,,1835501.72,
2026-05-29 00:00:00,,1830915.12,
2026-05-29 01:00:00,,1814158.02,
2026-05-29 02:00:00,,1817723.84,
2026-05-29 03:00:00,,1807525.92,
2026-05-29 04:00:00,,1810175.38,
2026-05-29 05:00:00,,1822068.11,
2026-05-29 06:00:00,,1823678.81,
2026-05-29 07:00:00,,1821953.33,
2026-05-29 08:00:00,,1809767.50,
2026-05-29 09:00:00,,1805217.94,
2026-05-29 10:00:00,,1810889.53,
2026-05-29 11:00:00,,1802816.99,
2026-05-29 12:00:00,,1845663.21,
2026-05-29 13:00:00,,1831425.79,
2026-05-29 14:00:00,,1827850.53,
2026-05-29 15:00:00,,1831478.92,
2026-05-29 16:00:00,,1852495.59,
2026-05-29 17:00:00,,1854735.63,
2026-05-29 18:00:00,,1853959.26,
2026-05-29 19:00:00,,1835193.06,
2026-05-29 20:00:00,,1840771.15,
2026-05-29 21:00:00,,1863292.11,
2026-05-29 22:00:00,,1859830.84,
2026-05-29 23:00:00,,1863913.77,
2026-05-30 00:00:00,,1872739.99,
2026-05-30 01:00:00,,1884858.95,
2026-05-30 02:00:00,,1881805.92,
2026-05-30 03:00:00,,1887454.25,
2026-05-30 04:00:00,,1864525.70,
2026-05-30 05:00:00,,1861265.21,
2026-05-30 06:00:00,,1871424.57,
2026-05-30 07:00:00,,1850114.46,
2026-05-30 08:00:00,,1846037.69,
2026-05-30 09:00:00,,1849865.17,
2026-05-30 10:00:00,,1826566.11,
2026-05-30 11:00:00,,1820879.01,
2026-05-30 12:00:00,,1821656.26,
2026-05-30 13:00:00,,1837652.45,
2026-05-30 14:00:00,,1841856.23,
2026-05-30 15:00:00,,1834361.45,
2026-05-30 16:00:00,,1831604.92,
2026-05-30 17:00:00,,1841521.84,
2026-05-30 18:00:00,,1841300.16,
2026-05-30 19:00:00,,1835570.67,
2026-05-30 20:00:00,,1820883.12,
2026-05-30 21:00:00,,1819664.25,
2026-05-30 22:00:00,,1818893.75,
2026-05-30 23:00:00,,1814394.94,
2026-05-31 00:00:00,,1815238.56,
2026-05-31 01:00:00,,1813958.66,
2026-05-31 02:00:00,,1819324.06,
2026-05-31 03:00:00,,1827214.18,
2026-05-31 04:00:00,,1827718.97,
2026-05-31 05:00:00,,1827886.91,
2026-05-31 06:00:00,,1823570.60,
2026-05-31 07:00:00,,1833307.22,
2026-05-31 08:00:00,,1826248.10,
2026-05-31 09:00:00,,1830918.75,
2026-05-31 10:00:00,,1831001.01,
2026-05-31 11:00:00,,1842643.00,
2026-05-31 12:00:00,,1840520.19,
2026-05-31 13:00:00,,1843385.09,
2026-05-31 14:00:00,,1841702.82,
2026-05-31 15:00:00,,1809874.64,
2026-05-31 16:00:00,,1803340.08,
2026-05-31 17:00:00,,1793110.38,
2026-05-31 18:00:00,,1799675.00,
2026-05-31 19:00:00,,1794233.07,
2026-05-31 20:00:00,,1796031.03,
2026-05-31 21:00:00,,1794279.81,
2026-05-31 22:00:00,,1816307.95,
2026-05-31 23:00:00,,1827391.39,
2026-06-01 00:00:00,,1819946.42,
2026-06-01 01:00:00,,1830172.50,
2026-06-01 02:00:00,,1807904.13,
2026-06-01 03:00:00,,1829079.61,
2026-06-01 04:00:00,,1839965.26,
2026-06-01 05:00:00,,1825977.10,
2026-06-01 06:00:00,,1810927.54,
2026-06-01 07:00:00,,1804066.80,
2026-06-01 08:00:00,,1788271.34,
2026-06-01 09:00:00,,1792014.79,
2026-06-01 10:00:00,,1793212.32,
2026-06-01 11:00:00,,1787585.82,
2026-06-01 12:00:00,,1768981.73,
2026-06-01 13:00:00,,1776290.88,
2026-06-01 14:00:00,,1779104.47,
2026-06-01 15:00:00,,1782305.41,
2026-06-01 16:00:00,,1790362.44,
2026-06-01 17:00:00,,1825132.79,
2026-06-01 18:00:00,,1846434.98,
2026-06-01 19:00:00,,1840681.73,
2026-06-01 20:00:00,,1848137.22,
2026-06-01 21:00:00,,1857526.52,
2026-06-01 22:00:00,,1843712.14,
2026-06-01 23:00:00,,1826262.85,
2026-06-02 00:00:00,,1832292.22,
2026-06-02 01:00:00,,1837997.47,
2026-06-02 02:00:00,,1827088.77,
2026-06-02 03:00:00,,1844682.13,
2026-06-02 04:00:00,,1846258.00,
2026-06-02 05:00:00,,1818146.65,
2026-06-02 06:00:00,,1824625.06,
2026-06-02 07:00:00,,1838493.17,
2026-06-02 08:00:00,,1837590.55,
2026-06-02 09:00:00,,1834870.76,
2026-06-02 10:00:00,,1824855.21,
2026-06-02 11:00:00,,1840156.75,
2026-06-02 12:00:00,,1833945.56,
2026-06-02 13:00:00,,1844835.67,
2026-06-02 14:00:00,,1858452.19,
2026-06-02 15:00:00,,1845643.36,
2026-06-02 16:00:00,,1848613.33,
2026-06-02 17:00:00,,1892975.90,
2026-06-02 18:00:00,,1890464.79,
2026-06-02 19:00:00,,1865579.31,
2026-06-02 20:00:00,,1872501.22,
2026-06-02 21:00:00,,1881798.88,
2026-06-02 22:00:00,,1878480.81,
2026-06-02 23:00:00,,1838599.49,
2026-06-03 00:00:00,,1842596.83,
2026-06-03 01:00:00,,1859740.85,
2026-06-03 02:00:00,,1858695.58,
2026-06-03 03:00:00,,1849484.14,
2026-06-03 04:00:00,,1820286.83,
2026-06-03 05:00:00,,1853150.04,
2026-06-03 06:00:00,,1881983.45,
2026-06-03 07:00:00,,1895532.31,
2026-06-03 08:00:00,,1902886.89,
2026-06-03 09:00:00,,1895652.46,
2026-06-03 10:00:00,,1891689.31,
2026-06-03 11:00:00,,1910235.86,
2026-06-03 12:00:00,,1907499.48,
2026-06-03 13:00:00,,1904310.86,
2026-06-03 14:00:00,,1904397.57,
2026-06-03 15:00:00,,1899203.73,
2026-06-03 16:00:00,,1890866.68,
2026-06-03 17:00:00,,1877537.54,
2026-06-03 18:00:00,,1879137.82,
2026-06-03 19:00:00,,1882606.66,
2026-06-03 20:00:00,,1858332.51,
2026-06-03 21:00:00,,1766819.75,
2026-06-03 22:00:00,,1832383.48,
2026-06-03 23:00:00,,1817606.83,
2026-06-04 00:00:00,,1808161.31,
2026-06-04 01:00:00,,1781681.57,
2026-06-04 02:00:00,,1716307.62,
2026-06-04 03:00:00,,1743062.73,
2026-06-04 04:00:00,,1811163.04,
2026-06-04 05:00:00,,1791820.37,
2026-06-04 06:00:00,,1779798.29,
2026-06-04 07:00:00,,1787843.00,
2026-06-04 08:00:00,,1776722.09,
2026-06-04 09:00:00,,1765045.81,
2026-06-04 10:00:00,,1734748.87,
2026-06-04 11:00:00,,1692523.21,
2026-06-04 12:00:00,,1699329.62,
2026-06-04 13:00:00,,1736582.30,
2026-06-04 14:00:00,,1741382.36,
2026-06-04 15:00:00,,1735309.74,
2026-06-04 16:00:00,,1742204.20,
2026-06-04 17:00:00,,1733582.88,
2026-06-04 18:00:00,,1728133.97,
2026-06-04 19:00:00,,1756932.81,
2026-06-04 20:00:00,,1749774.11,
2026-06-04 21:00:00,,1718050.60,
2026-06-04 22:00:00,,1694345.29,
2026-06-04 23:00:00,,1699146.09,
2026-06-05 00:00:00,,1692772.12,
2026-06-05 01:00:00,,1680229.36,
2026-06-05 02:00:00,,1678904.48,
2026-06-05 03:00:00,,1627374.51,
2026-06-05 04:00:00,,1629299.76,
2026-06-05 05:00:00,,1667186.76,
2026-06-05 06:00:00,,1620842.25,
2026-06-05 07:00:00,,1657671.87,
2026-06-05 08:00:00,,1701104.68,
2026-06-05 09:00:00,,1685858.84,
2026-06-05 10:00:00,,1736182.20,
2026-06-05 11:00:00,,1719297.16,
2026-06-05 12:00:00,,1697887.78,
2026-06-05 13:00:00,,1689556.07,
2026-06-05 14:00:00,,1643363.12,
2026-06-05 15:00:00,,1609871.43,
2026-06-05 16:00:00,,1589772.88,
2026-06-05 17:00:00,,1617129.94,
2026-06-05 18:00:00,,1601105.11,
2026-06-05 19:00:00,,1544554.39,
2026-06-05 20:00:00,,1560725.11,
2026-06-05 21:00:00,,1624441.64,
2026-06-05 22:00:00,,1622006.19,
2026-06-05 23:00:00,,1611004.54,
2026-06-06 00:00:00,,1597889.52,
2026-06-06 01:00:00,,1609626.08,
2026-06-06 02:00:00,,1596922.64,
2026-06-06 03:00:00,,1588573.35,
2026-06-06 04:00:00,,1580340.34,
2026-06-06 05:00:00,,1528197.60,
2026-06-06 06:00:00,,1583714.77,
2026-06-06 07:00:00,,1573701.85,
2026-06-06 08:00:00,,1589431.71,
2026-06-06 09:00:00,,1597338.87,
2026-06-06 10:00:00,,1586795.27,
2026-06-06 11:00:00,,1570014.24,
2026-06-06 12:00:00,,1585854.14,
2026-06-06 13:00:00,,1599249.78,
2026-06-06 14:00:00,,1587831.80,
2026-06-06 15:00:00,,1579789.30,
2026-06-06 16:00:00,,1568272.48,
2026-06-06 17:00:00,,1568817.49,
2026-06-06 18:00:00,,1552856.54,
2026-06-06 19:00:00,,1557540.04,
2026-06-06 20:00:00,,1549708.61,
2026-06-06 21:00:00,,1554271.72,
2026-06-06 22:00:00,,1570121.69,
2026-06-06 23:00:00,,1566790.37,
2026-06-07 00:00:00,,1578019.46,
2026-06-07 01:00:00,,1572997.60,
2026-06-07 02:00:00,,1596803.12,
2026-06-07 03:00:00,,1594180.19,
2026-06-07 04:00:00,,1598045.58,
2026-06-07 05:00:00,,1600403.22,
2026-06-07 06:00:00,,1614702.99,
2026-06-07 07:00:00,,1622654.21,
2026-06-07 08:00:00,,1629936.88,
2026-06-07 09:00:00,,1676264.67,
2026-06-07 10:00:00,,1665069.24,
2026-06-07 11:00:00,,1663015.51,
2026-06-07 12:00:00,,1663700.18,
2026-06-07 13:00:00,,1662750.53,
2026-06-07 14:00:00,,1659280.43,
2026-06-07 15:00:00,,1665116.86,
2026-06-07 16:00:00,,1663870.77,
2026-06-07 17:00:00,,1666284.99,
2026-06-07 18:00:00,,1668298.38,
2026-06-07 19:00:00,,1664175.38,
2026-06-07 20:00:00,,1648929.51,
2026-06-07 21:00:00,,1655426.75,
2026-06-07 22:00:00,,1653310.71,
2026-06-07 23:00:00,,1717032.94,
2026-06-08 00:00:00,,1693039.66,
2026-06-08 01:00:00,,1695453.63,
2026-06-08 02:00:00,,1683907.34,
2026-06-08 03:00:00,,1685004.50,
2026-06-08 04:00:00,,1675935.60,
2026-06-08 05:00:00,,1665931.07,
2026-06-08 06:00:00,,1662595.93,
2026-06-08 07:00:00,,1680041.52,
2026-06-08 08:00:00,,1688646.84,
2026-06-08 09:00:00,,1671373.59,
2026-06-08 10:00:00,,1694341.28,
2026-06-08 11:00:00,,1704312.02,
2026-06-08 12:00:00,,1714946.65,
2026-06-08 13:00:00,,1723838.16,
2026-06-08 14:00:00,,1718660.28,
2026-06-08 15:00:00,,1730805.80,
2026-06-08 16:00:00,,1729844.45,
2026-06-08 17:00:00,,1728686.88,
2026-06-08 18:00:00,,1736447.61,
2026-06-08 19:00:00,,1736540.72,
2026-06-08 20:00:00,,1738391.38,
2026-06-08 21:00:00,,1733285.90,
2026-06-08 22:00:00,,1741456.18,
2026-06-08 23:00:00,,1728629.97,
2026-06-09 00:00:00,,1718719.26,
2026-06-09 01:00:00,,1692004.56,
2026-06-09 02:00:00,,1711809.37,
2026-06-09 03:00:00,,1716153.16,
2026-06-09 04:00:00,,1722426.93,
2026-06-09 05:00:00,,1736550.36,
2026-06-09 06:00:00,,1740608.77,
2026-06-09 07:00:00,,1747067.00,
2026-06-09 08:00:00,,1743248.49,
2026-06-09 09:00:00,,1741220.31,
2026-06-09 10:00:00,,1742672.89,
2026-06-09 11:00:00,,1750137.59,
2026-06-09 12:00:00,,1748007.08,
2026-06-09 13:00:00,,1752642.83,
2026-06-09 14:00:00,,1751667.64,
2026-06-09 15:00:00,,1738986.52,
2026-06-09 16:00:00,,1725233.52,
2026-06-09 17:00:00,,1697546.07,
2026-06-09 18:00:00,,1709202.55,
2026-06-09 19:00:00,,1717324.41,
2026-06-09 20:00:00,,1726527.19,
2026-06-09 21:00:00,,1721061.43,
2026-06-09 22:00:00,,1715014.89,
2026-06-09 23:00:00,,1707413.60,
2026-06-10 00:00:00,,1708867.26,
2026-06-10 01:00:00,,1721602.98,
2026-06-10 02:00:00,,1717544.31,
2026-06-10 03:00:00,,1702539.24,
2026-06-10 04:00:00,,1701499.23,
2026-06-10 05:00:00,,1695357.48,
2026-06-10 06:00:00,,1693540.51,
2026-06-10 07:00:00,,1703756.01,
2026-06-10 08:00:00,,1708252.27,
2026-06-10 09:00:00,,1702048.45,
2026-06-10 10:00:00,,1709079.43,
2026-06-10 11:00:00,,1702019.73,
2026-06-10 12:00:00,,1679461.19,
2026-06-10 13:00:00,,1701150.58,
2026-06-10 14:00:00,,1718654.62,
2026-06-10 15:00:00,,1705019.86,
2026-06-10 16:00:00,,1710941.12,
2026-06-10 17:00:00,,1702131.21,
2026-06-10 18:00:00,,1686355.94,
2026-06-10 19:00:00,,1678781.73,
2026-06-10 20:00:00,,1668693.84,
2026-06-10 21:00:00,,1655822.46,
2026-06-10 22:00:00,,1649566.99,
2026-06-10 23:00:00,,1651718.97,
2026-06-11 00:00:00,,1663592.24,
2026-06-11 01:00:00,,1674360.27,
2026-06-11 02:00:00,,1701268.62,
2026-06-11 03:00:00,,1690483.14,
2026-06-11 04:00:00,,1724839.44,
2026-06-11 05:00:00,,1720357.10,
2026-06-11 06:00:00,,1701627.28,
2026-06-11 07:00:00,,1707494.80,
2026-06-11 08:00:00,,1703265.69,
2026-06-11 09:00:00,,1717865.57,
2026-06-11 10:00:00,,1720402.33,
2026-06-11 11:00:00,,1720288.34,
2026-06-11 12:00:00,,1731401.10,
2026-06-11 13:00:00,,1718361.29,
2026-06-11 14:00:00,,1722624.20,
2026-06-11 15:00:00,,1716436.46,
2026-06-11 16:00:00,,1713216.21,
2026-06-11 17:00:00,,1688726.09,
2026-06-11 18:00:00,,1726133.77,
2026-06-11 19:00:00,,1689006.09,
2026-06-11 20:00:00,,1679419.03,
2026-06-11 21:00:00,,1671749.34,
2026-06-11 22:00:00,,1681534.25,
2026-06-11 23:00:00,,1669019.31,
2026-06-12 00:00:00,,1661996.43,
2026-06-12 01:00:00,,1662325.33,
2026-06-12 02:00:00,,1657531.41,
2026-06-12 03:00:00,,1669134.67,
2026-06-12 04:00:00,,1667578.14,
2026-06-12 05:00:00,,1670243.32,
2026-06-12 06:00:00,,1647115.90,
2026-06-12 07:00:00,,1634249.14,
2026-06-12 08:00:00,,1634178.45,
2026-06-12 09:00:00,,1648885.95,
2026-06-12 10:00:00,,1652687.47,
2026-06-12 11:00:00,,1692852.17,
2026-06-12 12:00:00,,1693630.52,
2026-06-12 13:00:00,,1691729.60,
2026-06-12 14:00:00,,1683922.43,
2026-06-12 15:00:00,,1715115.97,
2026-06-12 16:00:00,,1697826.36,
2026-06-12 17:00:00,,1711383.83,
2026-06-12 18:00:00,,1704255.06,
2026-06-12 19:00:00,,1704988.39,
2026-06-12 20:00:00,,1704254.48,
2026-06-12 21:00:00,,1706710.20,
2026-06-12 22:00:00,,1707010.45,
2026-06-12 23:00:00,,1704258.59,
2026-06-13 00:00:00,,1708386.13,
2026-06-13 01:00:00,,1713585.38,
2026-06-13 02:00:00,,1723949.04,
2026-06-13 03:00:00,,1724602.04,
2026-06-13 04:00:00,,1718464.52,
2026-06-13 05:00:00,,1706245.79,
2026-06-13 06:00:00,,1713027.63,
2026-06-13 07:00:00,,1723855.25,
2026-06-13 08:00:00,,1743593.10,
2026-06-13 09:00:00,,1744045.76,
2026-06-13 10:00:00,,1755708.61,
2026-06-13 11:00:00,,1756119.90,
2026-06-13 12:00:00,,1758715.09,
2026-06-13 13:00:00,,1748880.45,
2026-06-13 14:00:00,,1745243.38,
2026-06-13 15:00:00,,1752218.12,
2026-06-13 16:00:00,,1757243.17,
2026-06-13 17:00:00,,1750032.74,
2026-06-13 18:00:00,,1748207.94,
2026-06-13 19:00:00,,1749259.13,
2026-06-13 20:00:00,,1751173.19,
2026-06-13 21:00:00,,1748201.24,
2026-06-13 22:00:00,,1756003.38,
2026-06-13 23:00:00,,1740078.66,
2026-06-14 00:00:00,,1765816.13,
2026-06-14 01:00:00,,1741917.44,
2026-06-14 02:00:00,,1747963.98,
2026-06-14 03:00:00,,1744036.00,
2026-06-14 04:00:00,,1746348.08,
2026-06-14 05:00:00,,1729023.48,
2026-06-14 06:00:00,,1734106.71,
2026-06-14 07:00:00,,1727674.33,
2026-06-14 08:00:00,,1734444.66,
2026-06-14 09:00:00,,1736570.15,
2026-06-14 10:00:00,,1737128.15,
2026-06-14 11:00:00,,1727262.54,
2026-06-14 12:00:00,,1726316.12,
2026-06-14 13:00:00,,1727119.49,
2026-06-14 14:00:00,,1725896.81,
2026-06-14 15:00:00,,1728719.81,
2026-06-14 16:00:00,,1724971.95,
2026-06-14 17:00:00,,1725654.68,
2026-06-14 18:00:00,,1731656.46,
2026-06-14 19:00:00,,1726390.26,
2026-06-14 20:00:00,,1735529.19,
2026-06-14 21:00:00,,1737367.45,
2026-06-14 22:00:00,,1764906.84,
2026-06-14 23:00:00,,1750116.30,
2026-06-15 00:00:00,,1758987.71,
2026-06-15 01:00:00,,1755917.02,
2026-06-15 02:00:00,,1755192.99,
2026-06-15 03:00:00,,1765813.87,
2026-06-15 04:00:00,,1771442.80,
2026-06-15 05:00:00,,1770061.47,
2026-06-15 06:00:00,,1783443.97,
2026-06-15 07:00:00,,1782434.70,
2026-06-15 08:00:00,,1787643.90,
2026-06-15 09:00:00,,1795062.82,
2026-06-15 10:00:00,,1793728.47,
2026-06-15 11:00:00,,1805217.61,
2026-06-15 12:00:00,,1790044.75,
2026-06-15 13:00:00,,1809703.01,
2026-06-15 14:00:00,,1752507.73,
2026-06-15 15:00:00,,1759542.16,
2026-06-15 16:00:00,,1794445.19,
2026-06-15 17:00:00,,1746744.45,
2026-06-15 18:00:00,,1754517.27,
2026-06-15 19:00:00,,1757565.79,
2026-06-15 20:00:00,,1768831.37,
2026-06-15 21:00:00,,1765863.70,
2026-06-15 22:00:00,,1757860.94,
2026-06-15 23:00:00,,1759772.51,
2026-06-16 00:00:00,,1776589.28,
2026-06-16 01:00:00,,1782067.39,
2026-06-16 02:00:00,,1766398.03,
2026-06-16 03:00:00,,1710480.29,
2026-06-16 04:00:00,,1719242.19,
2026-06-16 05:00:00,,1708442.31,
2026-06-16 06:00:00,,1716722.17,
2026-06-16 07:00:00,,1727500.27,
2026-06-16 08:00:00,,1736413.90,
2026-06-16 09:00:00,,1759557.77,
2026-06-16 10:00:00,,1739187.95,
2026-06-16 11:00:00,,1790851.51,
2026-06-16 12:00:00,,1781822.97,
2026-06-16 13:00:00,,1787097.05,
2026-06-16 14:00:00,,1750999.55,
2026-06-16 15:00:00,,1722665.95,
2026-06-16 16:00:00,,1749863.72,
2026-06-16 17:00:00,,1763424.66,
2026-06-16 18:00:00,,1783101.54,
2026-06-16 19:00:00,,1791567.49,
2026-06-16 20:00:00,,1778817.09,
2026-06-16 21:00:00,,1796542.00,
2026-06-16 22:00:00,,1801298.54,
2026-06-16 23:00:00,,1795735.31,
2026-06-17 00:00:00,,1796303.85,
2026-06-17 01:00:00,,1780593.96,
2026-06-17 02:00:00,,1800364.00,
2026-06-17 03:00:00,,1791862.31,
2026-06-17 04:00:00,,1780130.97,
2026-06-17 05:00:00,,1790827.73,
2026-06-17 06:00:00,,1775416.87,
2026-06-17 07:00:00,,1789901.89,
2026-06-17 08:00:00,,1790070.16,
2026-06-17 09:00:00,,1725574.24,
2026-06-17 10:00:00,,1753550.99,
2026-06-17 11:00:00,,1748586.47,
2026-06-17 12:00:00,,1733434.09,
2026-06-17 13:00:00,,1742103.52,
2026-06-17 14:00:00,,1730640.90,
2026-06-17 15:00:00,,1717544.74,
2026-06-17 16:00:00,,1735576.23,
2026-06-17 17:00:00,,1730299.40,
2026-06-17 18:00:00,,1733008.64,
2026-06-17 19:00:00,,1712881.27,
2026-06-17 20:00:00,,1694831.93,
2026-06-17 21:00:00,,1718398.20,
2026-06-17 22:00:00,,1710299.56,
2026-06-17 23:00:00,,1712400.73,
2026-06-18 00:00:00,,1714494.27,
2026-06-18 01:00:00,,1705844.21,
2026-06-18 02:00:00,,1707715.72,
2026-06-18 03:00:00,,1714983.38,
2026-06-18 04:00:00,,1690162.84,
2026-06-18 05:00:00,,1700519.83,
2026-06-18 06:00:00,,1702510.82,
2026-06-18 07:00:00,,1696760.27,
2026-06-18 08:00:00,,1705213.33,
2026-06-18 09:00:00,,1708885.12,
2026-06-18 10:00:00,,1725111.99,
2026-06-18 11:00:00,,1720624.73,
2026-06-18 12:00:00,,1716628.37,
2026-06-18 13:00:00,,1724036.83,
2026-06-18 14:00:00,,1736964.06,
2026-06-18 15:00:00,,1758163.71,
2026-06-18 16:00:00,,1700220.33,
2026-06-18 17:00:00,,1697066.76,
2026-06-18 18:00:00,,1680129.34,
2026-06-18 19:00:00,,1699857.73,
2026-06-18 20:00:00,,1705883.08,
2026-06-18 21:00:00,,1702649.77,
2026-06-18 22:00:00,,1698966.78,
2026-06-18 23:00:00,,1703791.25,
2026-06-19 00:00:00,,1735336.37,
2026-06-19 01:00:00,,1729599.06,
2026-06-19 02:00:00,,1726458.18,
2026-06-19 03:00:00,,1715753.30,
2026-06-19 04:00:00,,1702701.13,
2026-06-19 05:00:00,,1673062.55,
2026-06-19 06:00:00,,1686177.61,
2026-06-19 07:00:00,,1687700.44,
2026-06-19 08:00:00,,1684012.30,
2026-06-19 09:00:00,,1674930.45,
2026-06-19 10:00:00,,1668801.77,
2026-06-19 11:00:00,,1672174.88,
2026-06-19 12:00:00,,1670274.55,
2026-06-19 13:00:00,,1670915.58,
2026-06-19 14:00:00,,1680845.12,
2026-06-19 15:00:00,,1684907.99,
2026-06-19 16:00:00,,1682531.18,
2026-06-19 17:00:00,,1679084.78,
2026-06-19 18:00:00,,1679527.42,
2026-06-19 19:00:00,,1668865.56,
2026-06-19 20:00:00,,1664331.73,
2026-06-19 21:00:00,,1675971.39,
2026-06-19 22:00:00,,1669605.65,
2026-06-19 23:00:00,,1678352.89,
2026-06-20 00:00:00,,1681254.81,
2026-06-20 01:00:00,,1679983.18,
2026-06-20 02:00:00,,1681315.20,
2026-06-20 03:00:00,,1667510.74,
2026-06-20 04:00:00,,1677113.28,
2026-06-20 05:00:00,,1681332.64,
2026-06-20 06:00:00,,1693760.54,
2026-06-20 07:00:00,,1701026.70,
2026-06-20 08:00:00,,1695004.19,
2026-06-20 09:00:00,,1695375.18,
2026-06-20 10:00:00,,1704438.79,
2026-06-20 11:00:00,,1678956.68,
2026-06-20 12:00:00,,1663816.07,
2026-06-20 13:00:00,,1659069.90,
2026-06-20 14:00:00,,1645167.85,
2026-06-20 15:00:00,,1654654.83,
2026-06-20 16:00:00,,1667789.47,
2026-06-20 17:00:00,,1658623.95,
2026-06-20 18:00:00,,1646963.97,
2026-06-20 19:00:00,,1641027.53,
2026-06-20 20:00:00,,1640580.18,
2026-06-20 21:00:00,,1644273.38,
2026-06-20 22:00:00,,1653217.42,
2026-06-20 23:00:00,,1664713.16,
2026-06-21 00:00:00,,1668502.64,
2026-06-21 01:00:00,,1669050.65,
2026-06-21 02:00:00,,1664704.06,
2026-06-21 03:00:00,,1658820.83,
2026-06-21 04:00:00,,1659769.96,
2026-06-21 05:00:00,,1654365.28,
2026-06-21 06:00:00,,1652546.83,
2026-06-21 07:00:00,,1660725.60,
2026-06-21 08:00:00,,1666279.18,
2026-06-21 09:00:00,,1663978.26,
2026-06-21 10:00:00,,1676819.34,
2026-06-21 11:00:00,,1672125.43,
2026-06-21 12:00:00,,1659711.73,
2026-06-21 13:00:00,,1661832.20,
2026-06-21 14:00:00,,1661648.26,
2026-06-21 15:00:00,,1655948.17,
2026-06-21 16:00:00,,1664747.63,
2026-06-21 17:00:00,,1661164.04,
2026-06-21 18:00:00,,1652314.00,
2026-06-21 19:00:00,,1653671.11,
2026-06-21 20:00:00,,1653798.27,
2026-06-21 21:00:00,,1621942.24,
2026-06-21 22:00:00,,1619970.93,
2026-06-21 23:00:00,,1632128.34,
2026-06-22 00:00:00,,1625879.14,
2026-06-22 01:00:00,,1649011.34,
2026-06-22 02:00:00,,1652101.52,
2026-06-22 03:00:00,,1645943.79,
2026-06-22 04:00:00,,1637015.50,
2026-06-22 05:00:00,,1643539.56,
2026-06-22 06:00:00,,1645041.63,
2026-06-22 07:00:00,,1639850.72,
2026-06-22 08:00:00,,1651632.36,
2026-06-22 09:00:00,,1651940.24,
2026-06-22 10:00:00,,1647167.77,
2026-06-22 11:00:00,,1646986.66,
2026-06-22 12:00:00,,1673786.93,
2026-06-22 13:00:00,,1683209.72,
2026-06-22 14:00:00,,1681591.75,
2026-06-22 15:00:00,,1666236.08,
2026-06-22 16:00:00,,1652116.51,
2026-06-22 17:00:00,,1652670.79,
2026-06-22 18:00:00,,1649350.52,
2026-06-22 19:00:00,,1633569.75,
2026-06-22 20:00:00,,1636391.30,
2026-06-22 21:00:00,,1632046.92,
2026-06-22 22:00:00,,1629493.26,
2026-06-22 23:00:00,,1611189.00,
2026-06-23 00:00:00,,1622602.97,
2026-06-23 01:00:00,,1629035.78,
2026-06-23 02:00:00,,1628713.57,
2026-06-23 03:00:00,,1639196.90,
2026-06-23 04:00:00,,1653936.10,
2026-06-23 05:00:00,,1635959.10,
2026-06-23 06:00:00,,1639314.28,
2026-06-23 07:00:00,,1615877.09,
2026-06-23 08:00:00,,1603668.96,
2026-06-23 09:00:00,,1579309.94,
2026-06-23 10:00:00,,1587904.09,
2026-06-23 11:00:00,,1593348.18,
2026-06-23 12:00:00,,1604538.74,
2026-06-23 13:00:00,,1595477.80,
2026-06-23 14:00:00,,1606437.24,
2026-06-23 15:00:00,,1596492.14,
2026-06-23 16:00:00,,1595392.16,
2026-06-23 17:00:00,,1592651.81,
2026-06-23 18:00:00,,1588374.79,
2026-06-23 19:00:00,,1584269.40,
2026-06-23 20:00:00,,1587804.11,
2026-06-23 21:00:00,,1583679.79,
2026-06-23 22:00:00,,1578291.89,
2026-06-23 23:00:00,,1572135.11,
2026-06-24 00:00:00,,1573901.79,
2026-06-24 01:00:00,,1576335.22,
2026-06-24 02:00:00,,1572258.78,
2026-06-24 03:00:00,,1568528.03,
2026-06-24 04:00:00,,1576214.69,
2026-06-24 05:00:00,,1574355.49,
2026-06-24 06:00:00,,1574315.42,
2026-06-24 07:00:00,,1570331.55,
2026-06-24 08:00:00,,1572398.94,
2026-06-24 09:00:00,,1566624.49,
2026-06-24 10:00:00,,1564565.33,
2026-06-24 11:00:00,,1563873.24,
2026-06-24 12:00:00,,1591231.58,
2026-06-24 13:00:00,,1597459.39,
2026-06-24 14:00:00,,1580924.93,
2026-06-24 15:00:00,,1578681.48,
2026-06-24 16:00:00,,1553488.16,
2026-06-24 17:00:00,,1533834.59,
2026-06-24 18:00:00,,1510033.07,
2026-06-24 19:00:00,,1524500.71,
2026-06-24 20:00:00,,1532727.75,
2026-06-24 21:00:00,,1543534.72,
2026-06-24 22:00:00,,1547410.89,
2026-06-24 23:00:00,,1544782.65,
2026-06-25 00:00:00,,1563211.66,
2026-06-25 01:00:00,,1552719.27,
2026-06-25 02:00:00,,1554037.85,
2026-06-25 03:00:00,,1553293.98,
2026-06-25 04:00:00,,1542070.77,
2026-06-25 05:00:00,,1559451.70,
2026-06-25 06:00:00,,1555441.47,
2026-06-25 07:00:00,,1552663.73,
2026-06-25 08:00:00,,1554535.54,
2026-06-25 09:00:00,,1548354.61,
2026-06-25 10:00:00,,1546977.61,
2026-06-25 11:00:00,,1539477.78,
2026-06-25 12:00:00,,1535664.25,
2026-06-25 13:00:00,,1541250.40,
2026-06-25 14:00:00,,1499979.81,
2026-06-25 15:00:00,,1552930.28,
2026-06-25 16:00:00,,1553879.93,
2026-06-25 17:00:00,,1545321.83,
2026-06-25 18:00:00,,1550846.20,
2026-06-25 19:00:00,,1533802.43,
2026-06-25 20:00:00,,1513791.30,
2026-06-25 21:00:00,,1517458.63,
2026-06-25 22:00:00,,1541914.84,
2026-06-25 23:00:00,,1526493.87,
2026-06-26 00:00:00,,1528003.95,
2026-06-26 01:00:00,,1522965.85,
2026-06-26 02:00:00,,1516442.67,
2026-06-26 03:00:00,,1485822.92,
2026-06-26 04:00:00,,1524205.32,
2026-06-26 05:00:00,,1512509.84,
2026-06-26 06:00:00,,1520593.49,
2026-06-26 07:00:00,,1538715.95,
2026-06-26 08:00:00,,1543972.18,
2026-06-26 09:00:00,,1530453.96,
2026-06-26 10:00:00,,1512072.22,
2026-06-26 11:00:00,,1508041.09,
2026-06-26 12:00:00,,1510267.94,
2026-06-26 13:00:00,,1505136.70,
2026-06-26 14:00:00,,1530320.83,
2026-06-26 15:00:00,,1525518.88,
2026-06-26 16:00:00,,1541009.14,
2026-06-26 17:00:00,,1534967.28,
2026-06-26 18:00:00,,1524840.01,
2026-06-26 19:00:00,,1516732.54,
2026-06-26 20:00:00,,1512040.89,
2026-06-26 21:00:00,,1506755.16,
2026-06-26 22:00:00,,1503737.49,
2026-06-26 23:00:00,,1510262.85,
2026-06-27 00:00:00,,1513290.53,
2026-06-27 01:00:00,,1512129.96,
2026-06-27 02:00:00,,1504420.57,
2026-06-27 03:00:00,,1519149.44,
2026-06-27 04:00:00,,1506303.12,
2026-06-27 05:00:00,,1499887.69,
2026-06-27 06:00:00,,1506216.86,
2026-06-27 07:00:00,,1500949.69,
2026-06-27 08:00:00,,1500314.95,
2026-06-27 09:00:00,,1505952.45,
2026-06-27 10:00:00,,1504971.24,
2026-06-27 11:00:00,,1511747.36,
2026-06-27 12:00:00,,1513746.65,
2026-06-27 13:00:00,,1514652.31,
2026-06-27 14:00:00,,1524771.51,
2026-06-27 15:00:00,,1520326.92,
2026-06-27 16:00:00,,1536306.28,
2026-06-27 17:00:00,,1540392.11,
2026-06-27 18:00:00,,1525815.50,
2026-06-27 19:00:00,,1522021.33,
2026-06-27 20:00:00,,1503265.71,
2026-06-27 21:00:00,,1508529.80,
2026-06-27 22:00:00,,1511006.45,
2026-06-27 23:00:00,,1510683.59,
2026-06-28 00:00:00,,1516586.16,
2026-06-28 01:00:00,,1512190.64,
2026-06-28 02:00:00,,1514810.60,
2026-06-28 03:00:00,,1514840.22,
2026-06-28 04:00:00,,1519560.96,
2026-06-28 05:00:00,,1518658.44,
2026-06-28 06:00:00,,1511573.92,
2026-06-28 07:00:00,,1504361.07,
2026-06-28 08:00:00,,1503061.68,
2026-06-28 09:00:00,,1509227.82,
2026-06-28 10:00:00,,1498986.05,
2026-06-28 11:00:00,,1494621.09,
2026-06-28 12:00:00,,1499463.16,
2026-06-28 13:00:00,,1498091.85,
2026-06-28 14:00:00,,1489595.22,
2026-06-28 15:00:00,,1497895.39,
2026-06-28 16:00:00,,1496418.40,
2026-06-28 17:00:00,,1489217.83,
2026-06-28 18:00:00,,1493870.86,
2026-06-28 19:00:00,,1497321.75,
2026-06-28 20:00:00,,1493402.75,
2026-06-28 21:00:00,,1496295.87,
2026-06-28 22:00:00,,1490080.37,
2026-06-28 23:00:00,,1487299.11,
2026-06-29 00:00:00,,1500431.14,
2026-06-29 01:00:00,,1510910.00,
2026-06-29 02:00:00,,1506129.33,
2026-06-29 03:00:00,,1512631.79,
2026-06-29 04:00:00,,1534745.81,
2026-06-29 05:00:00,,1522128.24,
2026-06-29 06:00:00,,1529361.68,
2026-06-29 07:00:00,,1521247.45,
2026-06-29 08:00:00,,1520545.82,
2026-06-29 09:00:00,,1508858.22,
2026-06-29 10:00:00,,1510553.50,
2026-06-29 11:00:00,,1510325.73,
2026-06-29 12:00:00,,1507433.11,
2026-06-29 13:00:00,,1513495.73,
2026-06-29 14:00:00,,1502208.16,
2026-06-29 15:00:00,,1508847.46,
2026-06-29 16:00:00,,1510073.62,
2026-06-29 17:00:00,,1510181.24,
2026-06-29 18:00:00,,1541628.55,
2026-06-29 19:00:00,,1533729.33,
2026-06-29 20:00:00,,1528948.89,
2026-06-29 21:00:00,,1527102.56,
2026-06-29 22:00:00,,1523646.34,
2026-06-29 23:00:00,,1513407.21,
2026-06-30 00:00:00,,1515221.59,
2026-06-30 01:00:00,,1493333.52,
2026-06-30 02:00:00,,1498277.90,
2026-06-30 03:00:00,,1507415.58,
2026-06-30 04:00:00,,1507788.60,
2026-06-30 05:00:00,,1512216.48,
2026-06-30 06:00:00,,1512447.14,
2026-06-30 07:00:00,,1513419.52,
2026-06-30 08:00:00,,1509477.39,
2026-06-30 09:00:00,,1499397.50,
2026-06-30 10:00:00,,1503744.90,
2026-06-30 11:00:00,,1503537.63,
2026-06-30 12:00:00,,1488990.24,
2026-06-30 13:00:00,,1462146.29,
2026-06-30 14:00:00,,1478949.26,
2026-06-30 15:00:00,,1468998.93,
2026-06-30 16:00:00,,1470503.70,
2026-06-30 17:00:00,,1476347.58,
2026-06-30 18:00:00,,1479703.55,
2026-06-30 19:00:00,,1480938.56,
2026-06-30 20:00:00,,1479644.20,
2026-06-30 21:00:00,,1467743.43,
2026-06-30 22:00:00,,1459595.85,
2026-06-30 23:00:00,,1461772.41,
2026-07-01 00:00:00,,1461387.71,
2026-07-01 01:00:00,,1460123.99,
2026-07-01 02:00:00,,1470757.64,
2026-07-01 03:00:00,,1477956.84,
2026-07-01 04:00:00,,1484763.54,
2026-07-01 05:00:00,,1485035.34,
2026-07-01 06:00:00,,1474905.70,
2026-07-01 07:00:00,,1498948.05,
2026-07-01 08:00:00,,1502257.01,
2026-07-01 09:00:00,,1511222.70,
2026-07-01 10:00:00,,1519800.11,
2026-07-01 11:00:00,,1521218.19,
2026-07-01 12:00:00,,1525649.89,
2026-07-01 13:00:00,,1525657.04,
2026-07-01 14:00:00,,1552228.44,
2026-07-01 15:00:00,,1539871.38,
2026-07-01 16:00:00,,1561370.66,
2026-07-01 17:00:00,,1560513.06,
2026-07-01 18:00:00,,1567968.88,
2026-07-01 19:00:00,,1550694.45,
2026-07-01 20:00:00,,1553332.72,
2026-07-01 21:00:00,,1563551.23,
2026-07-01 22:00:00,,1581474.02,
2026-07-01 23:00:00,,1566875.62,
2026-07-02 00:00:00,,1537772.39,
2026-07-02 01:00:00,,1541365.44,
2026-07-02 02:00:00,,1535092.87,
2026-07-02 03:00:00,,1545807.79,
2026-07-02 04:00:00,,1556198.29,
2026-07-02 05:00:00,,1556982.61,
2026-07-02 06:00:00,,1549887.55,
2026-07-02 07:00:00,,1539062.85,
2026-07-02 08:00:00,,1547526.36,
2026-07-02 09:00:00,,1554137.30,
2026-07-02 10:00:00,,1554876.54,
2026-07-02 11:00:00,,1551382.14,
2026-07-02 12:00:00,,1560850.29,
2026-07-02 13:00:00,,1573938.82,
2026-07-02 14:00:00,,1590849.89,
2026-07-02 15:00:00,,1573864.66,
2026-07-02 16:00:00,,1564644.64,
2026-07-02 17:00:00,,1568236.93,
2026-07-02 18:00:00,,1573208.16,
2026-07-02 19:00:00,,1569403.72,
2026-07-02 20:00:00,,1575803.13,
2026-07-02 21:00:00,,1584182.26,
2026-07-02 22:00:00,,1585150.32,
2026-07-02 23:00:00,,1589635.81,
2026-07-03 00:00:00,,1591754.62,
2026-07-03 01:00:00,,1584426.54,
2026-07-03 02:00:00,,1592699.18,
2026-07-03 03:00:00,,1586445.95,
2026-07-03 04:00:00,,1587426.15,
2026-07-03 05:00:00,,1582589.66,
2026-07-03 06:00:00,,1587685.12,
2026-07-03 07:00:00,,1593178.36,
2026-07-03 08:00:00,,1598376.26,
2026-07-03 09:00:00,,1606518.35,
2026-07-03 10:00:00,,1608989.10,
2026-07-03 11:00:00,,1618511.64,
2026-07-03 12:00:00,,1613246.27,
2026-07-03 13:00:00,,1624421.06,
2026-07-03 14:00:00,,1629271.36,
2026-07-03 15:00:00,,1640572.96,
2026-07-03 16:00:00,,1621568.90,
2026-07-03 17:00:00,,1627863.74,
2026-07-03 18:00:00,,1641086.02,
2026-07-03 19:00:00,,1647170.74,
2026-07-03 20:00:00,,1649522.19,
2026-07-03 21:00:00,,1672569.43,
2026-07-03 22:00:00,,1662298.06,
2026-07-03 23:00:00,,1660158.27,
2026-07-04 00:00:00,,1657958.46,
2026-07-04 01:00:00,,1652319.45,
2026-07-04 02:00:00,,1652333.01,
2026-07-04 03:00:00,,1651242.87,
2026-07-04 04:00:00,,1678610.90,
2026-07-04 05:00:00,,1679402.19,
2026-07-04 06:00:00,,1677840.61,
2026-07-04 07:00:00,,1677087.40,
2026-07-04 08:00:00,,1680725.59,
2026-07-04 09:00:00,,1686217.22,
2026-07-04 10:00:00,,1683208.60,
2026-07-04 11:00:00,,1685678.14,
2026-07-04 12:00:00,,1722858.43,
2026-07-04 13:00:00,,1723013.47,
2026-07-04 14:00:00,,1719515.09,
2026-07-04 15:00:00,,1740053.60,
2026-07-04 16:00:00,,1749586.90,
2026-07-04 17:00:00,,1725680.87,
2026-07-04 18:00:00,,1731397.56,
2026-07-04 19:00:00,,1716240.48,
2026-07-04 20:00:00,,1718190.38,
2026-07-04 21:00:00,,1712424.92,
2026-07-04 22:00:00,,1714421.33,
2026-07-04 23:00:00,,1709372.74,
2026-07-05 00:00:00,,1711161.26,
2026-07-05 01:00:00,,1704622.65,
2026-07-05 02:00:00,,1656226.04,
2026-07-05 03:00:00,,1650754.10,
2026-07-05 04:00:00,,1655491.16,
2026-07-05 05:00:00,,1679180.60,
2026-07-05 06:00:00,,1680357.90,
2026-07-05 07:00:00,,1685802.20,
2026-07-05 08:00:00,,1694207.32,
2026-07-05 09:00:00,,1692826.00,
2026-07-05 10:00:00,,1679530.84,
2026-07-05 11:00:00,,1678967.11,
2026-07-05 12:00:00,,1676524.28,
2026-07-05 13:00:00,,1690697.14,
2026-07-05 14:00:00,,1695719.51,
2026-07-05 15:00:00,,1695541.32,
2026-07-05 16:00:00,,1675488.51,
2026-07-05 17:00:00,,1680971.89,
2026-07-05 18:00:00,,1692545.10,
2026-07-05 19:00:00,,1691990.55,
2026-07-05 20:00:00,,1677773.92,
2026-07-05 21:00:00,,1686312.07,
2026-07-05 22:00:00,,1703005.83,
2026-07-05 23:00:00,,1695502.17,
2026-07-06 00:00:00,,1695447.67,
2026-07-06 01:00:00,,1696450.23,
2026-07-06 02:00:00,,1683694.96,
2026-07-06 03:00:00,,1679976.13,
2026-07-06 04:00:00,,1683091.97,
2026-07-06 05:00:00,,1675476.20,
2026-07-06 06:00:00,,1675333.94,
2026-07-06 07:00:00,,1694397.94,
2026-07-06 08:00:00,,1699531.51,
2026-07-06 09:00:00,,1694239.62,
2026-07-06 10:00:00,,1697367.83,
2026-07-06 11:00:00,,1707314.43,
2026-07-06 12:00:00,,1706022.92,
2026-07-06 13:00:00,,1669397.55,
2026-07-06 14:00:00,,1689712.32,
2026-07-06 15:00:00,,1681041.17,
2026-07-06 16:00:00,,1719982.68,
2026-07-06 17:00:00,,1733455.57,
2026-07-06 18:00:00,,1732453.69,
2026-07-06 19:00:00,,1743553.98,
2026-07-06 20:00:00,,1740081.51,
2026-07-06 21:00:00,,1744787.06,
2026-07-06 22:00:00,,1751553.93,
2026-07-06 23:00:00,,1741582.57,
2026-07-07 00:00:00,,1734823.73,
2026-07-07 01:00:00,,1737975.50,
2026-07-07 02:00:00,,1728416.49,
2026-07-07 03:00:00,,1710264.59,
2026-07-07 04:00:00,,1705675.58,
2026-07-07 05:00:00,,1702334.19,
2026-07-07 06:00:00,,1701168.16,
2026-07-07 07:00:00,,1703920.17,
2026-07-07 08:00:00,,1697652.30,
2026-07-07 09:00:00,,1696170.12,
2026-07-07 10:00:00,,1700912.79,
2026-07-07 11:00:00,,1697507.70,
2026-07-07 12:00:00,,1706553.79,
2026-07-07 13:00:00,,1712894.24,
2026-07-07 14:00:00,,1701011.23,
2026-07-07 15:00:00,,1699847.00,
2026-07-07 16:00:00,,1710569.53,
2026-07-07 17:00:00,,1718930.12,
2026-07-07 18:00:00,,1719050.70,
2026-07-07 19:00:00,,1685620.63,
2026-07-07 20:00:00,,1687758.25,
2026-07-07 21:00:00,,1678522.92,
2026-07-07 22:00:00,,1659322.61,
2026-07-07 23:00:00,,1665843.52,
2026-07-08 00:00:00,,1655602.34,
2026-07-08 01:00:00,,1661146.94,
2026-07-08 02:00:00,,1637510.13,
2026-07-08 03:00:00,,1643581.68,
2026-07-08 04:00:00,,1639095.80,
2026-07-08 05:00:00,,1641414.95,
2026-07-08 06:00:00,,1642008.00,
2026-07-08 07:00:00,,1645782.94,
2026-07-08 08:00:00,,1639751.21,
2026-07-08 09:00:00,,1614704.33,
2026-07-08 10:00:00,,1617085.83,
2026-07-08 11:00:00,,1628646.36,
2026-07-08 12:00:00,,1640560.33,
2026-07-08 13:00:00,,1630134.85,
2026-07-08 14:00:00,,1628480.76,
2026-07-08 15:00:00,,1625294.29,
2026-07-08 16:00:00,,1602358.53,
2026-07-08 17:00:00,,1623635.18,
2026-07-08 18:00:00,,1630162.09,
2026-07-08 19:00:00,,1632304.96,
2026-07-08 20:00:00,,1638748.64,
2026-07-08 21:00:00,,1624202.42,
2026-07-08 22:00:00,,1619488.55,
2026-07-08 23:00:00,,1626825.70,
2026-07-09 00:00:00,,1626337.39,
2026-07-09 01:00:00,,1619908.82,
2026-07-09 02:00:00,,1605366.61,
2026-07-09 03:00:00,,1603574.18,
2026-07-09 04:00:00,,1606364.51,
2026-07-09 05:00:00,,1613491.76,
2026-07-09 06:00:00,,1634337.26,
2026-07-09 07:00:00,,1641406.49,
2026-07-09 08:00:00,,1639080.38,
2026-07-09 09:00:00,,1631922.69,
2026-07-09 10:00:00,,1631957.29,
2026-07-09 11:00:00,,1626636.81,
2026-07-09 12:00:00,,1639176.59,
2026-07-09 13:00:00,,1641793.19,
2026-07-09 14:00:00,,1653747.73,
2026-07-09 15:00:00,,1644632.21,
2026-07-09 16:00:00,,1640383.90,
2026-07-09 17:00:00,,1638829.48,
2026-07-09 18:00:00,,1640862.27,
2026-07-09 19:00:00,,1644414.03,
2026-07-09 20:00:00,,1637538.05,
2026-07-09 21:00:00,,1640482.25,
2026-07-09 22:00:00,,1644658.57,
2026-07-09 23:00:00,,1646470.65,
2026-07-10 00:00:00,,1647892.91,
2026-07-10 01:00:00,,1648384.25,
2026-07-10 02:00:00,,1685859.01,
2026-07-10 03:00:00,,1690022.16,
2026-07-10 04:00:00,,1688748.22,
2026-07-10 05:00:00,,1706143.50,
2026-07-10 06:00:00,,1707276.37,
2026-07-10 07:00:00,,1698273.33,
2026-07-10 08:00:00,,1706684.21,
2026-07-10 09:00:00,,1712081.09,
2026-07-10 10:00:00,,1722854.61,
2026-07-10 11:00:00,,1727212.09,
2026-07-10 12:00:00,,1722693.73,
2026-07-10 13:00:00,,1727963.33,
2026-07-10 14:00:00,,1733757.92,
2026-07-10 15:00:00,,1683704.56,
2026-07-10 16:00:00,,1688222.10,
2026-07-10 17:00:00,,1702940.68,
2026-07-10 18:00:00,,1691189.27,
2026-07-10 19:00:00,,1690968.70,
2026-07-10 20:00:00,,1697981.16,
2026-07-10 21:00:00,,1696447.14,
2026-07-10 22:00:00,,1708817.67,
2026-07-10 23:00:00,,1710817.56,
2026-07-11 00:00:00,,1704511.76,
2026-07-11 01:00:00,,1707180.22,
2026-07-11 02:00:00,,1710846.13,
2026-07-11 03:00:00,,1711170.93,
2026-07-11 04:00:00,,1711991.41,
2026-07-11 05:00:00,,1707497.29,
2026-07-11 06:00:00,,1709506.88,
2026-07-11 07:00:00,,1708319.17,
2026-07-11 08:00:00,,1708499.35,
2026-07-11 09:00:00,,1721559.26,
2026-07-11 10:00:00,,1711769.13,
2026-07-11 11:00:00,,1718882.08,
2026-07-11 12:00:00,,1713385.23,
2026-07-11 13:00:00,,1720630.28,
2026-07-11 14:00:00,,1717187.33,
2026-07-11 15:00:00,,1720904.82,
2026-07-11 16:00:00,,1716930.61,
2026-07-11 17:00:00,,1716835.73,
2026-07-11 18:00:00,,1714664.50,
2026-07-11 19:00:00,,1717961.94,
2026-07-11 20:00:00,,1718091.99,
2026-07-11 21:00:00,,1726199.36,
2026-07-11 22:00:00,,1734417.45,
2026-07-11 23:00:00,,1710530.51,
2026-07-12 00:00:00,,1686104.52,
2026-07-12 01:00:00,,1670283.71,
2026-07-12 02:00:00,,1686419.59,
2026-07-12 03:00:00,,1683104.95,
2026-07-12 04:00:00,,1683554.49,
2026-07-12 05:00:00,,1671650.72,
2026-07-12 06:00:00,,1672148.47,
2026-07-12 07:00:00,,1662726.07,
2026-07-12 08:00:00,,1659371.30,
2026-07-12 09:00:00,,1660996.99,
2026-07-12 10:00:00,,1658433.22,
2026-07-12 11:00:00,,1654063.53,
2026-07-12 12:00:00,,1666005.98,
2026-07-12 13:00:00,,1664653.98,
2026-07-12 14:00:00,,1655137.26,
2026-07-12 15:00:00,,1666233.58,
2026-07-12 16:00:00,,1713091.65,
2026-07-12 17:00:00,,1706135.58,
2026-07-12 18:00:00,,1696224.59,
2026-07-12 19:00:00,,1700929.15,
2026-07-12 20:00:00,,1706786.58,
2026-07-12 21:00:00,,1704541.79,
2026-07-12 22:00:00,,1692122.11,
2026-07-12 23:00:00,,1686760.29,
2026-07-13 00:00:00,,1683725.90,
2026-07-13 01:00:00,,1698291.18,
2026-07-13 02:00:00,,1669176.52,
2026-07-13 03:00:00,,1671871.42,
2026-07-13 04:00:00,,1657271.42,
2026-07-13 05:00:00,,1652186.01,
2026-07-13 06:00:00,,1658893.24,
2026-07-13 07:00:00,,1658689.57,
2026-07-13 08:00:00,,1662869.34,
2026-07-13 09:00:00,,1673064.92,
2026-07-13 10:00:00,,1673758.38,
2026-07-13 11:00:00,,1670675.11,
2026-07-13 12:00:00,,1661211.33,
2026-07-13 13:00:00,,1652042.99,
2026-07-13 14:00:00,,1642824.63,
2026-07-13 15:00:00,,1656230.17,
2026-07-13 16:00:00,,1651515.34,
2026-07-13 17:00:00,,1654846.25,
2026-07-13 18:00:00,,1636856.67,
2026-07-13 19:00:00,,1632722.55,
2026-07-13 20:00:00,,1640206.29,
2026-07-13 21:00:00,,1637653.22,
2026-07-13 22:00:00,,1627168.45,
2026-07-13 23:00:00,,1623788.41,
2026-07-14 00:00:00,,1638827.26,
2026-07-14 01:00:00,,1649602.80,
2026-07-14 02:00:00,,1657111.19,
2026-07-14 03:00:00,,1655370.51,
2026-07-14 04:00:00,,1657221.66,
2026-07-14 05:00:00,,1657241.64,
2026-07-14 06:00:00,,1662634.62,
2026-07-14 07:00:00,,1658252.20,
2026-07-14 08:00:00,,1651246.98,
2026-07-14 09:00:00,,1654617.65,
2026-07-14 10:00:00,,1660158.00,
2026-07-14 11:00:00,,1672997.64,
2026-07-14 12:00:00,,1652883.04,
2026-07-14 13:00:00,,1685206.02,
2026-07-14 14:00:00,,1695645.43,
2026-07-14 15:00:00,,1715011.52,
2026-07-14 16:00:00,,1736789.36,
2026-07-14 17:00:00,,1732676.16,
2026-07-14 18:00:00,,1719031.04,
2026-07-14 19:00:00,,1717858.02,
2026-07-14 20:00:00,,1724717.48,
2026-07-14 21:00:00,,1721286.03,
2026-07-14 22:00:00,,1726114.18,
2026-07-14 23:00:00,,1730968.86,
2026-07-15 00:00:00,,1731295.59,
2026-07-15 01:00:00,,1733560.22,
2026-07-15 02:00:00,,1729541.20,
2026-07-15 03:00:00,,1725664.58,
2026-07-15 04:00:00,,1736747.04,
2026-07-15 05:00:00,,1740429.93,
2026-07-15 06:00:00,,1740906.95,
2026-07-15 07:00:00,,1742733.91,
2026-07-15 08:00:00,,1732324.59,
2026-07-15 09:00:00,,1736985.54,
2026-07-15 10:00:00,,1729985.05,
2026-07-15 11:00:00,,1728470.43,
2026-07-15 12:00:00,,1731326.91,
2026-07-15 13:00:00,,1762385.60,
2026-07-15 14:00:00,,1741450.49,
2026-07-15 15:00:00,,1742155.14,
2026-07-15 16:00:00,,1725972.18,
2026-07-15 17:00:00,,1726813.86,
2026-07-15 18:00:00,,1713365.37,
2026-07-15 19:00:00,,1709817.89,
2026-07-15 20:00:00,,1711065.28,
2026-07-15 21:00:00,,1709293.67,
2026-07-15 22:00:00,,1705037.20,
2026-07-15 23:00:00,,1710640.04,
2026-07-16 00:00:00,,1707018.29,
2026-07-16 01:00:00,,1704554.06,
2026-07-16 02:00:00,,1714873.19,
2026-07-16 03:00:00,,1722748.42,
2026-07-16 04:00:00,,1719502.16,
2026-07-16 05:00:00,,1717630.39,
2026-07-16 06:00:00,,1722355.18,
2026-07-16 07:00:00,,1725241.07,
2026-07-16 08:00:00,,1714178.05,
2026-07-16 09:00:00,,1696771.67,
2026-07-16 10:00:00,,1702262.45,
2026-07-16 11:00:00,,1709978.05,
2026-07-16 12:00:00,,1708391.30,
2026-07-16 13:00:00,,1720619.17,
2026-07-16 14:00:00,,1714701.92,
2026-07-16 15:00:00,,1709982.90,
2026-07-16 16:00:00,,1702800.03,
2026-07-16 17:00:00,,1699297.23,
2026-07-16 18:00:00,,1675107.78,
2026-07-16 19:00:00,,1685681.71,
2026-07-16 20:00:00,,1691667.97,
2026-07-16 21:00:00,,1691137.37,
2026-07-16 22:00:00,,1691071.91,
2026-07-16 23:00:00,,1675957.49,
2026-07-17 00:00:00,,1661729.10,
2026-07-17 01:00:00,,1668140.29,
2026-07-17 02:00:00,,1650439.65,
2026-07-17 03:00:00,,1653277.10,
2026-07-17 04:00:00,,1672081.74,
2026-07-17 05:00:00,,1659114.60,
2026-07-17 06:00:00,,1646455.39,
2026-07-17 07:00:00,,1658317.63,
2026-07-17 08:00:00,,1661006.99,
2026-07-17 09:00:00,,1645335.12,
2026-07-17 10:00:00,,1649977.64,
2026-07-17 11:00:00,,1652306.74,
2026-07-17 12:00:00,,1654803.93,
2026-07-17 13:00:00,,1644345.89,
2026-07-17 14:00:00,,1629573.89,
2026-07-17 15:00:00,,1632677.85,
2026-07-17 16:00:00,,1635678.45,
2026-07-17 17:00:00,,1639688.64,
2026-07-17 18:00:00,,1640326.42,
2026-07-17 19:00:00,,1646702.68,
2026-07-17 20:00:00,,1647442.29,
2026-07-17 21:00:00,,1665127.47,
2026-07-17 22:00:00,,1657722.01,
2026-07-17 23:00:00,,1656384.62,
2026-07-18 00:00:00,,1658905.19,
2026-07-18 01:00:00,,1654407.67,
2026-07-18 02:00:00,,1651482.88,
2026-07-18 03:00:00,,1652967.02,
2026-07-18 04:00:00,,1650136.20,
2026-07-18 05:00:00,,1639618.83,
2026-07-18 06:00:00,,1633265.13,
2026-07-18 07:00:00,,1630296.26,
2026-07-18 08:00:00,,1622807.56,
2026-07-18 09:00:00,,1619457.89,
2026-07-18 10:00:00,,1625403.81,
2026-07-18 11:00:00,,1622228.71,
2026-07-18 12:00:00,,1619103.43,
2026-07-18 13:00:00,,1616786.07,
2026-07-18 14:00:00,,1611426.99,
2026-07-18 15:00:00,,1635416.24,
2026-07-18 16:00:00,,1615995.30,
2026-07-18 17:00:00,,1618758.43,
2026-07-18 18:00:00,,1622169.93,
2026-07-18 19:00:00,,1623213.03,
2026-07-18 20:00:00,,1627318.70,
2026-07-18 21:00:00,,1624375.51,
2026-07-18 22:00:00,,1626333.79,
2026-07-18 23:00:00,,1636194.80,
2026-07-19 00:00:00,,1654710.19,
2026-07-19 01:00:00,,1641092.71,
2026-07-19 02:00:00,,1636647.56,
2026-07-19 03:00:00,,1644119.80,
2026-07-19 04:00:00,,1641035.51,
2026-07-19 05:00:00,,1638129.43,
2026-07-19 06:00:00,,1641824.10,
2026-07-19 07:00:00,,1645355.12,
2026-07-19 08:00:00,,1649578.29,
2026-07-19 09:00:00,,1650302.34,
2026-07-19 10:00:00,,1642490.01,
2026-07-19 11:00:00,,1642618.91,
2026-07-19 12:00:00,,1637098.95,
2026-07-19 13:00:00,,1672151.34,
2026-07-19 14:00:00,,1633261.67,
2026-07-19 15:00:00,,1637626.89,
2026-07-19 16:00:00,,1630415.46,
2026-07-19 17:00:00,,1612710.67,
2026-07-19 18:00:00,,1615799.99,
2026-07-19 19:00:00,,1613941.26,
2026-07-19 20:00:00,,1619524.97,
2026-07-19 21:00:00,,1619443.55,
2026-07-19 22:00:00,,1637384.62,
2026-07-19 23:00:00,,1645512.67,
2026-07-20 00:00:00,,1654517.54,
2026-07-20 01:00:00,,1625512.28,
2026-07-20 02:00:00,,1632495.62,
2026-07-20 03:00:00,,1639790.73,
2026-07-20 04:00:00,,1620197.66,
2026-07-20 05:00:00,,1609762.70,
2026-07-20 06:00:00,,1609450.09,
2026-07-20 07:00:00,,1606540.48,
2026-07-20 08:00:00,,1624893.85,
2026-07-20 09:00:00,,1619480.84,
2026-07-20 10:00:00,,1630637.88,
2026-07-20 11:00:00,,1627131.80,
2026-07-20 12:00:00,,1641405.69,
2026-07-20 13:00:00,,1625818.71,
2026-07-20 14:00:00,,1630273.57,
2026-07-20 15:00:00,,1613882.35,
2026-07-20 16:00:00,,1633506.38,
2026-07-20 17:00:00,,1652679.91,
2026-07-20 18:00:00,,1668376.09,
2026-07-20 19:00:00,,1664680.36,
2026-07-20 20:00:00,,1656949.70,
2026-07-20 21:00:00,,1671885.30,
2026-07-20 22:00:00,,1668463.90,
2026-07-20 23:00:00,,1655476.63,
2026-07-21 00:00:00,,1657363.40,
2026-07-21 01:00:00,,1689959.84,
2026-07-21 02:00:00,,1705754.71,
2026-07-21 03:00:00,,1699609.32,
2026-07-21 04:00:00,,1703035.32,
2026-07-21 05:00:00,,1708470.26,
2026-07-21 06:00:00,,1725130.92,
2026-07-21 07:00:00,,1727327.62,
2026-07-21 08:00:00,,1728633.88,
2026-07-21 09:00:00,,1727189.16,
2026-07-21 10:00:00,,1722065.40,
2026-07-21 11:00:00,,1703422.13,
2026-07-21 12:00:00,,1703221.06,
2026-07-21 13:00:00,,1741746.07,
2026-07-21 14:00:00,,1899026.06,
2026-07-21 15:00:00,,1945278.21,
2026-07-21 16:00:00,,1921873.61,
2026-07-21 17:00:00,,2072925.28,
2026-07-21 18:00:00,,2101819.82,
2026-07-21 19:00:00,,2093348.99,
2026-07-21 20:00:00,,2165063.27,
2026-07-21 21:00:00,,2220919.75,
2026-07-21 22:00:00,,2184070.19,
2026-07-21 23:00:00,,2183779.97,
2026-07-22 00:00:00,,2225674.45,
2026-07-22 01:00:00,,2215073.53,
2026-07-22 02:00:00,,2230443.96,
2026-07-22 03:00:00,,2216406.72,
2026-07-22 04:00:00,,2203080.96,
2026-07-22 05:00:00,,2215208.45,
2026-07-22 06:00:00,,2207572.47,
2026-07-22 07:00:00,,2192654.01,
2026-07-22 08:00:00,,2150777.32,
2026-07-22 09:00:00,,2175524.71,
2026-07-22 10:00:00,,2158684.11,
2026-07-22 11:00:00,,2162111.88,
2026-07-22 12:00:00,,2152383.46,
2026-07-22 13:00:00,,2147534.51,
2026-07-22 14:00:00,,2144346.64,
2026-07-22 15:00:00,,2134877.59,
2026-07-22 16:00:00,,2135713.89,
2026-07-22 17:00:00,,2162383.47,
2026-07-22 18:00:00,,2128366.69,
2026-07-22 19:00:00,,2110615.86,
2026-07-22 20:00:00,,2113787.57,
2026-07-22 21:00:00,,2111404.64,
2026-07-22 22:00:00,,2128020.65,
2026-07-22 23:00:00,,2125461.16,
2026-07-23 00:00:00,,2138389.66,
2026-07-23 01:00:00,,2126902.27,
2026-07-23 02:00:00,,2118092.23,
2026-07-23 03:00:00,,2105883.94,
2026-07-23 04:00:00,,2095703.46,
2026-07-23 05:00:00,,2098810.45,
2026-07-23 06:00:00,,2128992.55,
2026-07-23 07:00:00,,2104338.88,
2026-07-23 08:00:00,,2106920.70,
2026-07-23 09:00:00,,2101940.67,
2026-07-23 10:00:00,,2093944.25,
2026-07-23 11:00:00,,2149765.71,
2026-07-23 12:00:00,,2225784.77,
2026-07-23 13:00:00,,2218654.81,
2026-07-23 14:00:00,,2197650.03,
2026-07-23 15:00:00,,2186874.53,
2026-07-23 16:00:00,,2187357.71,
2026-07-23 17:00:00,,2170026.54,
2026-07-23 18:00:00,,2186526.78,
2026-07-23 19:00:00,,2150294.39,
2026-07-23 20:00:00,,2161070.58,
2026-07-23 21:00:00,,2149049.88,
2026-07-23 22:00:00,,2130457.01,
2026-07-23 23:00:00,,2125400.69,
2026-07-24 00:00:00,,2104722.48,
2026-07-24 01:00:00,,2102624.18,
2026-07-24 02:00:00,,2085532.27,
2026-07-24 03:00:00,,2040225.30,
2026-07-24 04:00:00,,2008180.13,
2026-07-24 05:00:00,,1995787.54,
2026-07-24 06:00:00,,1995358.52,
2026-07-24 07:00:00,,2001655.74,
2026-07-24 08:00:00,,2008542.61,
2026-07-24 09:00:00,,2011212.68,
2026-07-24 10:00:00,,1990717.63,
2026-07-24 11:00:00,,1977561.26,
2026-07-24 12:00:00,,2029102.99,
2026-07-24 13:00:00,,2011303.86,
2026-07-24 14:00:00,,2002278.91,
2026-07-24 15:00:00,,2008383.61,
2026-07-24 16:00:00,,1975717.53,
2026-07-24 17:00:00,,1969365.56,
2026-07-24 18:00:00,,1963229.77,
2026-07-24 19:00:00,,1937935.36,
2026-07-24 20:00:00,,1944202.93,
2026-07-24 21:00:00,,1943549.33,
2026-07-24 22:00:00,,1937934.60,
2026-07-24 23:00:00,,1945855.60,
2026-07-25 00:00:00,,1952461.95,
2026-07-25 01:00:00,,1939825.86,
2026-07-25 02:00:00,,1933839.97,
2026-07-25 03:00:00,,1909289.21,
2026-07-25 04:00:00,,1890002.70,
2026-07-25 05:00:00,,1862807.49,
2026-07-25 06:00:00,,1869074.10,
2026-07-25 07:00:00,,1863480.20,
2026-07-25 08:00:00,,1902525.13,
2026-07-25 09:00:00,,1965421.71,
2026-07-25 10:00:00,,1964444.48,
2026-07-25 11:00:00,,1950789.05,
2026-07-25 12:00:00,,1948147.22,
2026-07-25 13:00:00,,1953972.81,
2026-07-25 14:00:00,,1948018.31,
2026-07-25 15:00:00,,1946666.35,
2026-07-25 16:00:00,,1940225.19,
2026-07-25 17:00:00,,1926899.12,
2026-07-25 18:00:00,,1921394.25,
2026-07-25 19:00:00,,1915591.71,
2026-07-25 20:00:00,,1908114.23,
2026-07-25 21:00:00,,1891873.07,
2026-07-25 22:00:00,,1872622.35,
2026-07-25 23:00:00,,1871922.90,
2026-07-26 00:00:00,,1856867.97,
2026-07-26 01:00:00,,1885760.43,
2026-07-26 02:00:00,,1862287.32,
2026-07-26 03:00:00,,1863767.64,
2026-07-26 04:00:00,,1859164.62,
2026-07-26 05:00:00,,1862482.52,
2026-07-26 06:00:00,,1861408.07,
2026-07-26 07:00:00,,1858370.50,
2026-07-26 08:00:00,,1857890.05,
2026-07-26 09:00:00,,1822473.51,
2026-07-26 10:00:00,,1820427.72,
2026-07-26 11:00:00,,1831736.08,
2026-07-26 12:00:00,,1876343.46,
2026-07-26 13:00:00,,1886949.76,
2026-07-26 14:00:00,,1891135.32,
2026-07-26 15:00:00,,1847990.46,
2026-07-26 16:00:00,,1868601.88,
2026-07-26 17:00:00,,1881584.29,
2026-07-26 18:00:00,,1875371.56,
2026-07-26 19:00:00,,1869577.65,
2026-07-26 20:00:00,,1867905.39,
2026-07-26 21:00:00,,1865978.82,
2026-07-26 22:00:00,,1875533.09,
2026-07-26 23:00:00,,1910509.88,
2026-07-27 00:00:00,,1915036.88,
2026-07-27 01:00:00,,1897370.13,
2026-07-27 02:00:00,,1895428.02,
2026-07-27 03:00:00,,1882325.75,
2026-07-27 04:00:00,,1882002.31,
2026-07-27 05:00:00,,1884512.23,
2026-07-27 06:00:00,,1889989.39,
2026-07-27 07:00:00,,1890935.84,
2026-07-27 08:00:00,,1922660.99,
2026-07-27 09:00:00,,1932025.78,
2026-07-27 10:00:00,,2003853.04,
2026-07-27 11:00:00,,1975488.52,
2026-07-27 12:00:00,,1979279.87,
2026-07-27 13:00:00,,1944295.70,
2026-07-27 14:00:00,,1945490.22,
2026-07-27 15:00:00,,1950267.31,
2026-07-27 16:00:00,,1925208.45,
2026-07-27 17:00:00,,1917348.20,
2026-07-27 18:00:00,,1930027.93,
2026-07-27 19:00:00,,1882690.00,
2026-07-27 20:00:00,,1885652.61,
2026-07-27 21:00:00,,1885694.20,
2026-07-27 22:00:00,,1883296.24,
2026-07-27 23:00:00,,1857280.14,
2026-07-28 00:00:00,,1863851.76,
2026-07-28 01:00:00,,1871348.28,
2026-07-28 02:00:00,,1869176.59,
2026-07-28 03:00:00,,1864679.67,
2026-07-28 04:00:00,,1876444.06,
2026-07-28 05:00:00,,1879728.89,
2026-07-28 06:00:00,,1884921.22,
2026-07-28 07:00:00,,1895054.68,
2026-07-28 08:00:00,,1876760.73,
2026-07-28 09:00:00,,1879861.38,
2026-07-28 10:00:00,,1876916.79,
2026-07-28 11:00:00,,1889787.81,
2026-07-28 12:00:00,,1903817.95,
2026-07-28 13:00:00,,1921143.19,
2026-07-28 14:00:00,,1913115.66,
2026-07-28 15:00:00,,1913193.00,
2026-07-28 16:00:00,,1909958.25,
2026-07-28 17:00:00,,1905306.55,
2026-07-28 18:00:00,,1902305.68,
2026-07-28 19:00:00,,1913026.45,
2026-07-28 20:00:00,,1965655.83,
2026-07-28 21:00:00,,1910829.19,
2026-07-28 22:00:00,,1900115.94,
2026-07-28 23:00:00,,1884894.69,
2026-07-29 00:00:00,,1898229.98,
2026-07-29 01:00:00,,1927355.39,
2026-07-29 02:00:00,,1915040.57,
2026-07-29 03:00:00,,1908544.79,
2026-07-29 04:00:00,,1968072.60,
2026-07-29 05:00:00,,1993252.02,
2026-07-29 06:00:00,,1993254.83,
2026-07-29 07:00:00,,1999246.88,
2026-07-29 08:00:00,,1962787.74,
2026-07-29 09:00:00,,1975813.60,
2026-07-29 10:00:00,,2020253.41,
2026-07-29 11:00:00,,2018177.88,
2026-07-29 12:00:00,,2007644.48,
2026-07-29 13:00:00,,2004970.55,
2026-07-29 14:00:00,,2021390.80,
2026-07-29 15:00:00,,1987770.69,
2026-07-29 16:00:00,,1988909.37,
2026-07-29 17:00:00,,1995903.66,
2026-07-29 18:00:00,,1993659.81,
2026-07-29 19:00:00,,1986528.12,
2026-07-29 20:00:00,,1942286.97,
2026-07-29 21:00:00,,1913711.61,
2026-07-29 22:00:00,,1907383.84,
2026-07-29 23:00:00,,1918768.00,
2026-07-30 00:00:00,,1927012.48,
2026-07-30 01:00:00,,1918178.39,
2026-07-30 02:00:00,,1947544.52,
2026-07-30 03:00:00,,1959460.51,
2026-07-30 04:00:00,,1950567.03,
2026-07-30 05:00:00,,1947219.76,
2026-07-30 06:00:00,,1942525.71,
2026-07-30 07:00:00,,1949745.41,
2026-07-30 08:00:00,,1932895.10,
2026-07-30 09:00:00,,1954335.15,
2026-07-30 10:00:00,,1949732.09,
2026-07-30 11:00:00,,1945849.70,
2026-07-30 12:00:00,,1955567.82,
2026-07-30 13:00:00,,1957646.49,
2026-07-30 14:00:00,,2010778.66,
2026-07-30 15:00:00,,1996185.12,
2026-07-30 16:00:00,,1993316.36,
2026-07-30 17:00:00,,2014666.27,
2026-07-30 18:00:00,,2027549.16,
2026-07-30 19:00:00,,2018594.98,
2026-07-30 20:00:00,,2011704.50,
2026-07-30 21:00:00,,2003140.78,
2026-07-30 22:00:00,,1994220.67,
2026-07-30 23:00:00,,2003000.93,
2026-07-31 00:00:00,,2004468.65,
2026-07-31 01:00:00,,1996291.91,
2026-07-31 02:00:00,,1994338.33,
2026-07-31 03:00:00,,1987067.50,
2026-07-31 04:00:00,,1958819.16,
2026-07-31 05:00:00,,1966061.91,
2026-07-31 06:00:00,,1980326.61,
2026-07-31 07:00:00,,1960208.98,
2026-07-31 08:00:00,,1946537.10,
2026-07-31 09:00:00,,1939542.60,
2026-07-31 10:00:00,,1925779.17,
2026-07-31 11:00:00,,1920504.54,
2026-07-31 12:00:00,,1905049.77,
2026-07-31 13:00:00,,1914137.30,
2026-07-31 14:00:00,,1900057.40,
2026-07-31 15:00:00,,1887637.73,
2026-07-31 16:00:00,,1885920.95,
2026-07-31 17:00:00,,1887339.86,
2026-07-31 18:00:00,,1897726.47,
2026-07-31 19:00:00,,1888807.35,
2026-07-31 20:00:00,,1877893.43,
2026-07-31 21:00:00,,1874102.42,
2026-07-31 22:00:00,,1889582.28,
2026-07-31 23:00:00,,1891188.83,
2026-08-01 00:00:00,,1885770.83,
2026-08-01 01:00:00,,1883418.66,
2026-08-01 02:00:00,,1880765.75,
2026-08-01 03:00:00,,1888283.10,
2026-08-01 04:00:00,,1890819.66,
2026-08-01 05:00:00,,1890216.15,
2026-08-01 06:00:00,,1876028.76,
2026-08-01 07:00:00,,1876588.46,
2026-08-01 08:00:00,,1866011.42,
2026-08-01 09:00:00,,1872825.38,
2026-08-01 10:00:00,,1867832.05,
2026-08-01 11:00:00,,1857876.18,
2026-08-01 12:00:00,,1854963.76,
2026-08-01 13:00:00,,1870384.86,
2026-08-01 14:00:00,,1875566.16,
2026-08-01 15:00:00,,1878741.02,
2026-08-01 16:00:00,,1887957.41,
2026-08-01 17:00:00,,1885765.99,
2026-08-01 18:00:00,,1871064.18,
2026-08-01 19:00:00,,1856545.08,
2026-08-01 20:00:00,,1850008.44,
2026-08-01 21:00:00,,1841893.33,
2026-08-01 22:00:00,,1856630.06,
2026-08-01 23:00:00,,1863287.41,
2026-08-02 00:00:00,,1861426.83,
2026-08-02 01:00:00,,1867822.72,
2026-08-02 02:00:00,,1873871.55,
2026-08-02 03:00:00,,1900763.35,
2026-08-02 04:00:00,,1899357.31,
2026-08-02 05:00:00,,1902564.45,
2026-08-02 06:00:00,,1860210.76,
2026-08-02 07:00:00,,1846072.62,
2026-08-02 08:00:00,,1837289.49,
2026-08-02 09:00:00,,1820562.74,
2026-08-02 10:00:00,,1804530.88,
2026-08-02 11:00:00,,1808557.31,
2026-08-02 12:00:00,,1788724.11,
2026-08-02 13:00:00,,1799302.03,
2026-08-02 14:00:00,,1788551.62,
2026-08-02 15:00:00,,1794871.77,
2026-08-02 16:00:00,,1794018.27,
2026-08-02 17:00:00,,1792587.06,
2026-08-02 18:00:00,,1795238.68,
2026-08-02 19:00:00,,1799886.71,
2026-08-02 20:00:00,,1798498.56,
2026-08-02 21:00:00,,1792923.08,
2026-08-02 22:00:00,,1799606.11,
2026-08-02 23:00:00,,1795622.50,
2026-08-03 00:00:00,,1795237.28,
2026-08-03 01:00:00,,1788960.91,
2026-08-03 02:00:00,,1787879.42,
2026-08-03 03:00:00,,1784121.74,
2026-08-03 04:00:00,,1776109.25,
2026-08-03 05:00:00,,1774062.58,
2026-08-03 06:00:00,,1776685.89,
2026-08-03 07:00:00,,1764247.94,
2026-08-03 08:00:00,,1761983.56,
2026-08-03 09:00:00,,1764347.74,
2026-08-03 10:00:00,,1775975.03,
2026-08-03 11:00:00,,1770503.35,
2026-08-03 12:00:00,,1777323.06,
2026-08-03 13:00:00,,1792416.85,
2026-08-03 14:00:00,,1799727.72,
2026-08-03 15:00:00,,1808613.26,
2026-08-03 16:00:00,,1811418.06,
2026-08-03 17:00:00,,1814721.58,
2026-08-03 18:00:00,,1818661.72,
2026-08-03 19:00:00,,1799758.12,
2026-08-03 20:00:00,,1797155.55,
2026-08-03 21:00:00,,1796127.51,
2026-08-03 22:00:00,,1798084.11,
2026-08-03 23:00:00,,1789081.34,
2026-08-04 00:00:00,,1785306.77,
2026-08-04 01:00:00,,1773427.47,
2026-08-04 02:00:00,,1783507.46,
2026-08-04 03:00:00,,1779732.23,
2026-08-04 04:00:00,,1777607.40,
2026-08-04 05:00:00,,1785018.67,
2026-08-04 06:00:00,,1782478.76,
2026-08-04 07:00:00,,1775457.05,
2026-08-04 08:00:00,,1782508.49,
2026-08-04 09:00:00,,1774935.94,
2026-08-04 10:00:00,,1777694.24,
2026-08-04 11:00:00,,1782025.54,
2026-08-04 12:00:00,,1863904.18,
2026-08-04 13:00:00,,1881480.55,
2026-08-04 14:00:00,,1890284.61,
2026-08-04 15:00:00,,1888784.08,
2026-08-04 16:00:00,,1886869.22,
2026-08-04 17:00:00,,1880206.97,
2026-08-04 18:00:00,,1877809.84,
2026-08-04 19:00:00,,1890842.40,
2026-08-04 20:00:00,,1895112.44,
2026-08-04 21:00:00,,1912484.91,
2026-08-04 22:00:00,,1906975.81,
2026-08-04 23:00:00,,1926556.17,
2026-08-05 00:00:00,,1914518.94,
2026-08-05 01:00:00,,1917115.92,
2026-08-05 02:00:00,,1911001.39,
2026-08-05 03:00:00,,1897544.53,
2026-08-05 04:00:00,,1889106.04,
2026-08-05 05:00:00,,1887961.52,
2026-08-05 06:00:00,,1915860.38,
2026-08-05 07:00:00,,1917251.40,
2026-08-05 08:00:00,,1915193.69,
2026-08-05 09:00:00,,1906241.11,
2026-08-05 10:00:00,,1901444.37,
2026-08-05 11:00:00,,1892568.81,
2026-08-05 12:00:00,,1894308.68,
2026-08-05 13:00:00,,1912203.39,
2026-08-05 14:00:00,,1885006.13,
2026-08-05 15:00:00,,1887233.41,
2026-08-05 16:00:00,,1875343.98,
2026-08-05 17:00:00,,1886573.18,
2026-08-05 18:00:00,,1899908.95,
2026-08-05 19:00:00,,1887612.24,
2026-08-05 20:00:00,,1889375.37,
2026-08-05 21:00:00,,1875127.83,
2026-08-05 22:00:00,,1882415.29,
2026-08-05 23:00:00,,1875408.20,
2026-08-06 00:00:00,,1853141.94,
2026-08-06 01:00:00,,1846653.56,
2026-08-06 02:00:00,,1822534.30,
2026-08-06 03:00:00,,1831107.47,
2026-08-06 04:00:00,,1821229.81,
2026-08-06 05:00:00,,1830664.97,
2026-08-06 06:00:00,,1831128.96,
2026-08-06 07:00:00,,1820806.88,
2026-08-06 08:00:00,,1824125.42,
2026-08-06 09:00:00,,1817941.96,
2026-08-06 10:00:00,,1811314.31,
2026-08-06 11:00:00,,1817996.81,
2026-08-06 12:00:00,,1812892.25,
2026-08-06 13:00:00,,1837057.61,
2026-08-06 14:00:00,,1835337.93,
2026-08-06 15:00:00,,1841033.24,
2026-08-06 16:00:00,,1830920.29,
2026-08-06 17:00:00,,1840771.93,
2026-08-06 18:00:00,,1836268.77,
2026-08-06 19:00:00,,1827673.11,
2026-08-06 20:00:00,,1827800.54,
2026-08-06 21:00:00,,1823581.51,
2026-08-06 22:00:00,,1822336.05,
2026-08-06 23:00:00,,1816736.57,
2026-08-07 00:00:00,,1834247.51,
2026-08-07 01:00:00,,1840665.87,
2026-08-07 02:00:00,,1836264.87,
2026-08-07 03:00:00,,1831839.47,
2026-08-07 04:00:00,,1812081.99,
2026-08-07 05:00:00,,1814795.23,
2026-08-07 06:00:00,,1818343.87,
2026-08-07 07:00:00,,1823141.46,
2026-08-07 08:00:00,,1813816.01,
2026-08-07 09:00:00,,1817955.70,
2026-08-07 10:00:00,,1824135.52,
2026-08-07 11:00:00,,1824802.62,
2026-08-07 12:00:00,,1834894.27,
2026-08-07 13:00:00,,1847782.94,
2026-08-07 14:00:00,,1841937.55,
2026-08-07 15:00:00,,1833649.64,
2026-08-07 16:00:00,,1833102.20,
2026-08-07 17:00:00,,1818396.91,
2026-08-07 18:00:00,,1828642.39,
2026-08-07 19:00:00,,1823987.39,
2026-08-07 20:00:00,,1829814.06,
2026-08-07 21:00:00,,1826261.71,
2026-08-07 22:00:00,,1826635.40,
2026-08-07 23:00:00,,1825510.42,
2026-08-08 00:00:00,,1826595.41,
2026-08-08 01:00:00,,1831269.62,
2026-08-08 02:00:00,,1826789.90,
2026-08-08 03:00:00,,1827651.90,
2026-08-08 04:00:00,,1828255.02,
2026-08-08 05:00:00,,1831404.01,
2026-08-08 06:00:00,,1829613.58,
2026-08-08 07:00:00,,1825505.85,
2026-08-08 08:00:00,,1825893.47,
2026-08-08 09:00:00,,1826522.37,
2026-08-08 10:00:00,,1826600.18,
2026-08-08 11:00:00,,1826890.25,
2026-08-08 12:00:00,,1834784.53,
2026-08-08 13:00:00,,1824987.63,
2026-08-08 14:00:00,,1823720.06,
2026-08-08 15:00:00,,1826768.07,
2026-08-08 16:00:00,,1828578.02,
2026-08-08 17:00:00,,1825959.69,
2026-08-08 18:00:00,,1805264.96,
2026-08-08 19:00:00,,1805445.91,
2026-08-08 20:00:00,,1807277.94,
2026-08-08 21:00:00,,1800174.00,
2026-08-08 22:00:00,,1799945.77,
2026-08-08 23:00:00,,1788206.35,
2026-08-09 00:00:00,,1786916.61,
2026-08-09 01:00:00,,1781649.54,
2026-08-09 02:00:00,,1787509.79,
2026-08-09 03:00:00,,1792327.86,
2026-08-09 04:00:00,,1792092.14,
2026-08-09 05:00:00,,1795553.22,
2026-08-09 06:00:00,,1792228.81,
2026-08-09 07:00:00,,1799673.99,
2026-08-09 08:00:00,,1792822.08,
2026-08-09 09:00:00,,1795488.13,
2026-08-09 10:00:00,,1799406.49,
2026-08-09 11:00:00,,1809824.68,
2026-08-09 12:00:00,,1808708.33,
2026-08-09 13:00:00,,1816366.08,
2026-08-09 14:00:00,,1822979.47,
2026-08-09 15:00:00,,1833752.55,
2026-08-09 16:00:00,,1839562.45,
2026-08-09 17:00:00,,1852124.96,
2026-08-09 18:00:00,,1850466.15,
2026-08-09 19:00:00,,1848749.00,
2026-08-09 20:00:00,,1852969.09,
2026-08-09 21:00:00,,1850351.70,
2026-08-09 22:00:00,,1852623.90,
2026-08-09 23:00:00,,1852324.08,
2026-08-10 00:00:00,,1843423.49,
2026-08-10 01:00:00,,1847373.21,
2026-08-10 02:00:00,,1849570.48,
2026-08-10 03:00:00,,1842570.41,
2026-08-10 04:00:00,,1840782.40,
2026-08-10 05:00:00,,1841399.72,
2026-08-10 06:00:00,,1858575.40,
2026-08-10 07:00:00,,1854439.99,
2026-08-10 08:00:00,,1849535.60,
2026-08-10 09:00:00,,1847270.78,
2026-08-10 10:00:00,,1831961.25,
2026-08-10 11:00:00,,1830022.26,
2026-08-10 12:00:00,,1835999.73,
2026-08-10 13:00:00,,1827646.97,
2026-08-10 14:00:00,,1821492.99,
2026-08-10 15:00:00,,1816348.36,
2026-08-10 16:00:00,,1793881.66,
2026-08-10 17:00:00,,1770927.92,
2026-08-10 18:00:00,,1778908.30,
2026-08-10 19:00:00,,1778296.14,
2026-08-10 20:00:00,,1779628.22,
2026-08-10 21:00:00,,1782312.47,
2026-08-10 22:00:00,,1780804.73,
2026-08-10 23:00:00,,1783112.59,
2026-08-11 00:00:00,,1803871.27,
2026-08-11 01:00:00,,1800863.48,
2026-08-11 02:00:00,,1809985.63,
2026-08-11 03:00:00,,1806859.47,
2026-08-11 04:00:00,,1807954.59,
2026-08-11 05:00:00,,1806468.29,
2026-08-11 06:00:00,,1804248.68,
2026-08-11 07:00:00,,1799483.02,
2026-08-11 08:00:00,,1800139.34,
2026-08-11 09:00:00,,1865732.04,
2026-08-11 10:00:00,,1956518.38,
2026-08-11 11:00:00,,1959118.37,
2026-08-11 12:00:00,,1965242.18,
2026-08-11 13:00:00,,1962264.15,
2026-08-11 14:00:00,,1969836.98,
2026-08-11 15:00:00,,1949734.06,
2026-08-11 16:00:00,,1940701.08,
2026-08-11 17:00:00,,1946919.85,
2026-08-11 18:00:00,,1944389.11,
2026-08-11 19:00:00,,1936883.60,
2026-08-11 20:00:00,,1943638.33,
2026-08-11 21:00:00,,1943451.36,
2026-08-11 22:00:00,,1942779.81,
2026-08-11 23:00:00,,1948073.85,
2026-08-12 00:00:00,,1943073.47,
2026-08-12 01:00:00,,1939272.75,
2026-08-12 02:00:00,,1947606.70,
2026-08-12 03:00:00,,1947570.60,
2026-08-12 04:00:00,,1941710.64,
2026-08-12 05:00:00,,1928485.74,
2026-08-12 06:00:00,,1924433.83,
2026-08-12 07:00:00,,1913053.83,
2026-08-12 08:00:00,,1914592.35,
2026-08-12 09:00:00,,1911129.73,
2026-08-12 10:00:00,,1913296.90,
2026-08-12 11:00:00,,1908708.62,
2026-08-12 12:00:00,,1910745.71,
2026-08-12 13:00:00,,1872317.64,
2026-08-12 14:00:00,,1869569.66,
2026-08-12 15:00:00,,1851337.79,
2026-08-12 16:00:00,,1852188.11,
2026-08-12 17:00:00,,1845254.19,
2026-08-12 18:00:00,,1842477.48,
2026-08-12 19:00:00,,1840943.48,
2026-08-12 20:00:00,,1836474.19,
2026-08-12 21:00:00,,1839960.67,
2026-08-12 22:00:00,,1823336.23,
2026-08-12 23:00:00,,1829991.24,
2026-08-13 00:00:00,,1831393.73,
2026-08-13 01:00:00,,1830584.77,
2026-08-13 02:00:00,,1833214.15,
2026-08-13 03:00:00,,1850703.80,
2026-08-13 04:00:00,,1853627.02,
2026-08-13 05:00:00,,1851954.57,
2026-08-13 06:00:00,,1856544.24,
2026-08-13 07:00:00,,1858338.46,
2026-08-13 08:00:00,,1852728.36,
2026-08-13 09:00:00,,1853580.23,
2026-08-13 10:00:00,,1851301.96,
2026-08-13 11:00:00,,1850238.70,
2026-08-13 12:00:00,,1845715.77,
2026-08-13 13:00:00,,1853376.37,
2026-08-13 14:00:00,,1856162.51,
2026-08-13 15:00:00,,1865485.75,
2026-08-13 16:00:00,,1856010.84,
2026-08-13 17:00:00,,1855209.32,
2026-08-13 18:00:00,,1860771.79,
2026-08-13 19:00:00,,1854810.26,
2026-08-13 20:00:00,,1853273.69,
2026-08-13 21:00:00,,1852642.36,
2026-08-13 22:00:00,,1853735.79,
2026-08-13 23:00:00,,1846810.97,
2026-08-14 00:00:00,,1842992.16,
2026-08-14 01:00:00,,1840192.02,
2026-08-14 02:00:00,,1840038.34,
2026-08-14 03:00:00,,1826374.97,
2026-08-14 04:00:00,,1818756.92,
2026-08-14 05:00:00,,1813571.07,
2026-08-14 06:00:00,,1810590.72,
2026-08-14 07:00:00,,1786238.06,
2026-08-14 08:00:00,,1781728.03,
2026-08-14 09:00:00,,1783642.64,
2026-08-14 10:00:00,,1787968.01,
2026-08-14 11:00:00,,1790446.17,
2026-08-14 12:00:00,,1783569.31,
2026-08-14 13:00:00,,1790645.50,
2026-08-14 14:00:00,,1794275.95,
2026-08-14 15:00:00,,1791539.45,
2026-08-14 16:00:00,,1797403.70,
2026-08-14 17:00:00,,1798662.94,
2026-08-14 18:00:00,,1794943.29,
2026-08-14 19:00:00,,1791734.03,
2026-08-14 20:00:00,,1797579.90,
2026-08-14 21:00:00,,1800575.72,
2026-08-14 22:00:00,,1799905.23,
2026-08-14 23:00:00,,1802118.85,
2026-08-15 00:00:00,,1804921.46,
2026-08-15 01:00:00,,1805298.06,
2026-08-15 02:00:00,,1805390.36,
2026-08-15 03:00:00,,1809987.88,
2026-08-15 04:00:00,,1804771.18,
2026-08-15 05:00:00,,1806831.64,
2026-08-15 06:00:00,,1802703.87,
2026-08-15 07:00:00,,1802946.16,
2026-08-15 08:00:00,,1801946.09,
2026-08-15 09:00:00,,1802313.00,
2026-08-15 10:00:00,,1806209.77,
2026-08-15 11:00:00,,1808001.01,
2026-08-15 12:00:00,,1808677.69,
2026-08-15 13:00:00,,1813890.66,
2026-08-15 14:00:00,,1811091.19,
2026-08-15 15:00:00,,1809658.00,
2026-08-15 16:00:00,,1811866.74,
2026-08-15 17:00:00,,1814650.90,
2026-08-15 18:00:00,,1814778.07,
2026-08-15 19:00:00,,1814355.06,
2026-08-15 20:00:00,,1812388.27,
2026-08-15 21:00:00,,1809217.74,
2026-08-15 22:00:00,,1809149.31,
2026-08-15 23:00:00,,1808226.88,
2026-08-16 00:00:00,,1803888.71,
2026-08-16 01:00:00,,1806000.75,
2026-08-16 02:00:00,,1806598.06,
2026-08-16 03:00:00,,1807055.30,
2026-08-16 04:00:00,,1806189.10,
2026-08-16 05:00:00,,1808143.70,
2026-08-16 06:00:00,,1804079.10,
2026-08-16 07:00:00,,1803883.97,
2026-08-16 08:00:00,,1793376.67,
2026-08-16 09:00:00,,1791444.79,
2026-08-16 10:00:00,,1792703.12,
2026-08-16 11:00:00,,1794924.55,
2026-08-16 12:00:00,,1791160.52,
2026-08-16 13:00:00,,1791762.09,
2026-08-16 14:00:00,,1791491.43,
2026-08-16 15:00:00,,1793324.46,
2026-08-16 16:00:00,,1797304.50,
2026-08-16 17:00:00,,1795989.83,
2026-08-16 18:00:00,,1792549.17,
2026-08-16 19:00:00,,1788673.13,
2026-08-16 20:00:00,,1787919.66,
2026-08-16 21:00:00,,1781914.03,
2026-08-16 22:00:00,,1771078.69,
2026-08-16 23:00:00,,1772486.01,
2026-08-17 00:00:00,,1769922.81,
2026-08-17 01:00:00,,1774178.58,
2026-08-17 02:00:00,,1791986.70,
2026-08-17 03:00:00,,1793651.68,
2026-08-17 04:00:00,,1789046.28,
2026-08-17 05:00:00,,1749155.31,
2026-08-17 06:00:00,,1741504.46,
2026-08-17 07:00:00,,1745816.37,
2026-08-17 08:00:00,,1743162.35,
2026-08-17 09:00:00,,1734339.76,
2026-08-17 10:00:00,,1736617.32,
2026-08-17 11:00:00,,1743418.01,
2026-08-17 12:00:00,,1740676.47,
2026-08-17 13:00:00,,1744344.95,
2026-08-17 14:00:00,,1758284.06,
2026-08-17 15:00:00,,1758215.15,
2026-08-17 16:00:00,,1748688.94,
2026-08-17 17:00:00,,1735822.67,
2026-08-17 18:00:00,,1794278.26,
2026-08-17 19:00:00,,1788427.13,
2026-08-17 20:00:00,,1770205.11,
2026-08-17 21:00:00,,1759848.74,
2026-08-17 22:00:00,,1770420.27,
2026-08-17 23:00:00,,1756831.54,
2026-08-18 00:00:00,,1753435.52,
2026-08-18 01:00:00,,1744769.54,
2026-08-18 02:00:00,,1737904.99,
2026-08-18 03:00:00,,1733700.72,
2026-08-18 04:00:00,,1755113.83,
2026-08-18 05:00:00,,1759636.52,
2026-08-18 06:00:00,,1763067.72,
2026-08-18 07:00:00,,1762686.24,
2026-08-18 08:00:00,,1762600.30,
2026-08-18 09:00:00,,1763664.12,
2026-08-18 10:00:00,,1785675.79,
2026-08-18 11:00:00,,1777614.22,
2026-08-18 12:00:00,,1777305.91,
2026-08-18 13:00:00,,1780514.54,
2026-08-18 14:00:00,,1771255.20,
2026-08-18 15:00:00,,1782741.17,
2026-08-18 16:00:00,,1788387.97,
2026-08-18 17:00:00,,1789269.36,
2026-08-18 18:00:00,,1789619.63,
2026-08-18 19:00:00,,1799091.40,
2026-08-18 20:00:00,,1794667.90,
2026-08-18 21:00:00,,1793343.15,
2026-08-18 22:00:00,,1796452.85,
2026-08-18 23:00:00,,1796233.18,
2026-08-19 00:00:00,,1800670.59,
2026-08-19 01:00:00,,1793469.92,
2026-08-19 02:00:00,,1795436.99,
2026-08-19 03:00:00,,1791134.39,
2026-08-19 04:00:00,,1796922.79,
2026-08-19 05:00:00,,1788007.81,
2026-08-19 06:00:00,,1790876.29,
2026-08-19 07:00:00,,1793077.63,
2026-08-19 08:00:00,,1794731.88,
2026-08-19 09:00:00,,1797623.11,
2026-08-19 10:00:00,,1791096.01,
2026-08-19 11:00:00,,1794133.62,
2026-08-19 12:00:00,,1796446.54,
2026-08-19 13:00:00,,1807320.25,
2026-08-19 14:00:00,,1816186.03,
2026-08-19 15:00:00,,1834363.68,
2026-08-19 16:00:00,,1851698.61,
2026-08-19 17:00:00,,1863937.33,
2026-08-19 18:00:00,,1866950.16,
2026-08-19 19:00:00,,1860534.44,
2026-08-19 20:00:00,,1828736.98,
2026-08-19 21:00:00,,1808105.89,
2026-08-19 22:00:00,,1848194.22,
2026-08-19 23:00:00,,1829450.73,
2026-08-20 00:00:00,,1837162.48,
2026-08-20 01:00:00,,1843856.88,
2026-08-20 02:00:00,,1849114.39,
2026-08-20 03:00:00,,1850878.42,
2026-08-20 04:00:00,,1852940.42,
2026-08-20 05:00:00,,1873728.82,
2026-08-20 06:00:00,,1873212.88,
2026-08-20 07:00:00,,1880003.68,
2026-08-20 08:00:00,,1871814.95,
2026-08-20 09:00:00,,1921705.99,
2026-08-20 10:00:00,,1912302.41,
2026-08-20 11:00:00,,1914858.15,
2026-08-20 12:00:00,,1924847.55,
2026-08-20 13:00:00,,1917270.04,
2026-08-20 14:00:00,,1900639.81,
2026-08-20 15:00:00,,1875408.82,
2026-08-20 16:00:00,,1913774.54,
2026-08-20 17:00:00,,1936460.41,
2026-08-20 18:00:00,,1948556.25,
2026-08-20 19:00:00,,1953753.19,
2026-08-20 20:00:00,,1955967.45,
2026-08-20 21:00:00,,1975431.43,
2026-08-20 22:00:00,,1983372.90,
2026-08-20 23:00:00,,1979534.92,
2026-08-21 00:00:00,,1982865.88,
2026-08-21 01:00:00,,1999989.61,
2026-08-21 02:00:00,,2062864.12,
2026-08-21 03:00:00,,2056182.06,
2026-08-21 04:00:00,,2049253.72,
2026-08-21 05:00:00,,2040237.31,
2026-08-21 06:00:00,,2058350.61,
2026-08-21 07:00:00,,2072078.59,
2026-08-21 08:00:00,,2109657.33,
2026-08-21 09:00:00,,2147071.05,
2026-08-21 10:00:00,,2118405.99,
2026-08-21 11:00:00,,2130277.23,
2026-08-21 12:00:00,,2114859.26,
2026-08-21 13:00:00,,2173958.72,
2026-08-21 14:00:00,,2163204.46,
2026-08-21 15:00:00,,2172296.24,
2026-08-21 16:00:00,,2164463.23,
2026-08-21 17:00:00,,2199223.60,
2026-08-21 18:00:00,,2205201.85,
2026-08-21 19:00:00,,2240550.60,
2026-08-21 20:00:00,,2226363.51,
2026-08-21 21:00:00,,2250323.23,
2026-08-21 22:00:00,,2273624.67,
2026-08-21 23:00:00,,2268323.70,
2026-08-22 00:00:00,,2277554.98,
2026-08-22 01:00:00,,2288054.70,
2026-08-22 02:00:00,,2276058.63,
2026-08-22 03:00:00,,2302926.16,
2026-08-22 04:00:00,,2308779.65,
2026-08-22 05:00:00,,2287120.93,
2026-08-22 06:00:00,,2100375.21,
2026-08-22 07:00:00,,2073407.88,
2026-08-22 08:00:00,,2080375.88,
2026-08-22 09:00:00,,2070280.88,
2026-08-22 10:00:00,,2069529.90,
2026-08-22 11:00:00,,2070386.11,
2026-08-22 12:00:00,,2072225.27,
2026-08-22 13:00:00,,2074066.74,
2026-08-22 14:00:00,,2064733.66,
2026-08-22 15:00:00,,2048709.86,
2026-08-22 16:00:00,,2032909.24,
2026-08-22 17:00:00,,2054068.29,
2026-08-22 18:00:00,,2053118.75,
2026-08-22 19:00:00,,2046587.12,
2026-08-22 20:00:00,,2043025.33,
2026-08-22 21:00:00,,2037204.02,
2026-08-22 22:00:00,,2011899.34,
2026-08-22 23:00:00,,2022334.40,
2026-08-23 00:00:00,,2024891.60,
2026-08-23 01:00:00,,2031765.64,
2026-08-23 02:00:00,,2015834.13,
2026-08-23 03:00:00,,2001979.35,
2026-08-23 04:00:00,,2022576.77,
2026-08-23 05:00:00,,2002405.96,
2026-08-23 06:00:00,,1993548.22,
2026-08-23 07:00:00,,2012417.74,
2026-08-23 08:00:00,,2017382.19,
2026-08-23 09:00:00,,2028596.95,
2026-08-23 10:00:00,,2035694.23,
2026-08-23 11:00:00,,2043006.34,
2026-08-23 12:00:00,,2050863.42,
2026-08-23 13:00:00,,2073178.01,
2026-08-23 14:00:00,,2128438.83,
2026-08-23 15:00:00,,2109787.09,
2026-08-23 16:00:00,,2121597.17,
2026-08-23 17:00:00,,2121003.62,
2026-08-23 18:00:00,,2113182.85,
2026-08-23 19:00:00,,2120084.78,
2026-08-23 20:00:00,,2106742.42,
2026-08-23 21:00:00,,2106259.22,
2026-08-23 22:00:00,,2120138.28,
2026-08-23 23:00:00,,2112237.51,
2026-08-24 00:00:00,,2126389.21,
2026-08-24 01:00:00,,2097055.44,
2026-08-24 02:00:00,,2061929.15,
2026-08-24 03:00:00,,2079697.60,
2026-08-24 04:00:00,,2051660.64,
2026-08-24 05:00:00,,2061633.38,
2026-08-24 06:00:00,,2047308.78,
2026-08-24 07:00:00,,2036510.93,
2026-08-24 08:00:00,,2028945.51,
2026-08-24 09:00:00,,2019565.22,
2026-08-24 10:00:00,,2023059.64,
2026-08-24 11:00:00,,2015966.16,
2026-08-24 12:00:00,,2028628.83,
2026-08-24 13:00:00,,2032666.62,
2026-08-24 14:00:00,,2015626.74,
2026-08-24 15:00:00,,2036536.75,
2026-08-24 16:00:00,,2023260.10,
2026-08-24 17:00:00,,2022629.30,
2026-08-24 18:00:00,,1998430.88,
2026-08-24 19:00:00,,1999968.72,
2026-08-24 20:00:00,,1997394.77,
2026-08-24 21:00:00,,1980479.97,
2026-08-24 22:00:00,,1984678.90,
2026-08-24 23:00:00,,1976644.58,
2026-08-25 00:00:00,,2005270.49,
2026-08-25 01:00:00,,2012046.39,
2026-08-25 02:00:00,,1997662.01,
2026-08-25 03:00:00,,2011981.29,
2026-08-25 04:00:00,,2005055.94,
2026-08-25 05:00:00,,2001010.68,
2026-08-25 06:00:00,,2012150.99,
2026-08-25 07:00:00,,1988521.10,
2026-08-25 08:00:00,,1963812.30,
2026-08-25 09:00:00,,1966961.26,
2026-08-25 10:00:00,,1962095.95,
2026-08-25 11:00:00,,1961397.94,
2026-08-25 12:00:00,,1970023.88,
2026-08-25 13:00:00,,1963097.81,
2026-08-25 14:00:00,,1953276.58,
2026-08-25 15:00:00,,1945917.72,
2026-08-25 16:00:00,,1977091.38,
2026-08-25 17:00:00,,1960755.17,
2026-08-25 18:00:00,,1956688.86,
2026-08-25 19:00:00,,1956738.38,
2026-08-25 20:00:00,,1960444.63,
2026-08-25 21:00:00,,1935058.57,
2026-08-25 22:00:00,,1968711.39,
2026-08-25 23:00:00,,1987943.77,
2026-08-26 00:00:00,,1976662.90,
2026-08-26 01:00:00,,1985829.21,
2026-08-26 02:00:00,,1983085.53,
2026-08-26 03:00:00,,1994794.34,
2026-08-26 04:00:00,,1989659.56,
2026-08-26 05:00:00,,1990365.28,
2026-08-26 06:00:00,,1996006.90,
2026-08-26 07:00:00,,1991899.44,
2026-08-26 08:00:00,,1993753.71,
2026-08-26 09:00:00,,1991579.63,
2026-08-26 10:00:00,,1977649.06,
2026-08-26 11:00:00,,1998619.97,
2026-08-26 12:00:00,,1992810.35,
2026-08-26 13:00:00,,1991544.23,
2026-08-26 14:00:00,,1982272.77,
2026-08-26 15:00:00,,1955185.75,
2026-08-26 16:00:00,,1964968.22,
2026-08-26 17:00:00,,1966353.99,
2026-08-26 18:00:00,,1982689.41,
2026-08-26 19:00:00,,1992350.21,
2026-08-26 20:00:00,,2046654.32,
2026-08-26 21:00:00,,2061317.36,
2026-08-26 22:00:00,,2083702.56,
2026-08-26 23:00:00,,2076124.40,
2026-08-27 00:00:00,,2084902.42,
2026-08-27 01:00:00,,2091442.52,
2026-08-27 02:00:00,,2102074.05,
2026-08-27 03:00:00,,2092146.06,
2026-08-27 04:00:00,,2094030.66,
2026-08-27 05:00:00,,2089832.44,
2026-08-27 06:00:00,,2096779.76,
2026-08-27 07:00:00,,2099249.21,
2026-08-27 08:00:00,,2121406.21,
2026-08-27 09:00:00,,2148674.10,
2026-08-27 10:00:00,,2154692.51,
2026-08-27 11:00:00,,2144203.85,
2026-08-27 12:00:00,,2145984.86,
2026-08-27 13:00:00,,2216820.19,
2026-08-27 14:00:00,,2209420.80,
2026-08-27 15:00:00,,2222275.55,
2026-08-27 16:00:00,,2227704.16,
2026-08-27 17:00:00,,2232430.80,
2026-08-27 18:00:00,,2228653.70,
2026-08-27 19:00:00,,2219669.90,
2026-08-27 20:00:00,,2222068.83,
2026-08-27 21:00:00,,2228812.26,
2026-08-27 22:00:00,,2230587.65,
2026-08-27 23:00:00,,2234558.25,
2026-08-28 00:00:00,,2233403.06,
2026-08-28 01:00:00,,2240422.58,
2026-08-28 02:00:00,,2233146.16,
2026-08-28 03:00:00,,2198403.28,
2026-08-28 04:00:00,,2204711.77,
2026-08-28 05:00:00,,2208094.20,
2026-08-28 06:00:00,,2206589.00,
2026-08-28 07:00:00,,2213251.74,
2026-08-28 08:00:00,,2201509.52,
2026-08-28 09:00:00,,2203077.80,
2026-08-28 10:00:00,,2204985.17,
2026-08-28 11:00:00,,2214655.58,
2026-08-28 12:00:00,,2225887.13,
2026-08-28 13:00:00,,2226685.32,
2026-08-28 14:00:00,,2219521.00,
2026-08-28 15:00:00,,2214829.63,
2026-08-28 16:00:00,,2176443.32,
2026-08-28 17:00:00,,2121713.21,
2026-08-28 18:00:00,,2125600.62,
2026-08-28 19:00:00,,2122956.79,
2026-08-28 20:00:00,,2122982.35,
2026-08-28 21:00:00,,2127479.51,
2026-08-28 22:00:00,,2131872.33,
2026-08-28 23:00:00,,2142161.10,
2026-08-29 00:00:00,,2145530.72,
2026-08-29 01:00:00,,2148907.56,
2026-08-29 02:00:00,,2150828.79,
2026-08-29 03:00:00,,2143761.01,
2026-08-29 04:00:00,,2141516.24,
2026-08-29 05:00:00,,2147748.97,
2026-08-29 06:00:00,,2146107.39,
2026-08-29 07:00:00,,2135356.04,
2026-08-29 08:00:00,,2130498.35,
2026-08-29 09:00:00,,2124076.40,
2026-08-29 10:00:00,,2127902.07,
2026-08-29 11:00:00,,2124458.24,
2026-08-29 12:00:00,,2117831.59,
2026-08-29 13:00:00,,2119016.71,
2026-08-29 14:00:00,,2123856.93,
2026-08-29 15:00:00,,2143886.88,
2026-08-29 16:00:00,,2142084.31,
2026-08-29 17:00:00,,2154385.81,
2026-08-29 18:00:00,,2142813.24,
2026-08-29 19:00:00,,2153416.90,
2026-08-29 20:00:00,,2153877.87,
2026-08-29 21:00:00,,2162606.43,
2026-08-29 22:00:00,,2169613.58,
2026-08-29 23:00:00,,2167444.19,
2026-08-30 00:00:00,,2169480.27,
2026-08-30 01:00:00,,2177986.22,
2026-08-30 02:00:00,,2175526.62,
2026-08-30 03:00:00,,2212315.53,
2026-08-30 04:00:00,,2208099.15,
2026-08-30 05:00:00,,2203197.03,
2026-08-30 06:00:00,,2213552.75,
2026-08-30 07:00:00,,2214621.24,
2026-08-30 08:00:00,,2209260.78,
2026-08-30 09:00:00,,2207437.96,
2026-08-30 10:00:00,,2195390.72,
2026-08-30 11:00:00,,2201521.73,
2026-08-30 12:00:00,,2221070.17,
2026-08-30 13:00:00,,2245935.73,
2026-08-30 14:00:00,,2246647.59,
2026-08-30 15:00:00,,2238511.85,
2026-08-30 16:00:00,,2235365.45,
2026-08-30 17:00:00,,2265376.61,
2026-08-30 18:00:00,,2242121.91,
2026-08-30 19:00:00,,2257338.22,
2026-08-30 20:00:00,,2233451.33,
2026-08-30 21:00:00,,2221301.61,
2026-08-30 22:00:00,,2212047.48,
2026-08-30 23:00:00,,2199099.84,
2026-08-31 00:00:00,,2157759.37,
2026-08-31 01:00:00,,2183723.04,
2026-08-31 02:00:00,,2170237.90,
2026-08-31 03:00:00,,2161199.13,
2026-08-31 04:00:00,,2172772.75,
2026-08-31 05:00:00,,2170226.83,
2026-08-31 06:00:00,,2177131.21,
2026-08-31 07:00:00,,2181242.97,
2026-08-31 08:00:00,,2182153.01,
2026-08-31 09:00:00,,2177635.56,
2026-08-31 10:00:00,,2183699.81,
2026-08-31 11:00:00,,2188226.46,
2026-08-31 12:00:00,,2179977.28,
2026-08-31 13:00:00,,2174706.87,
2026-08-31 14:00:00,,2170046.07,
2026-08-31 15:00:00,,2196083.28,
2026-08-31 16:00:00,,2263534.68,
2026-08-31 17:00:00,,2256018.28,
2026-08-31 18:00:00,,2265040.24,
2026-08-31 19:00:00,,2258090.54,
2026-08-31 20:00:00,,2243630.08,
2026-08-31 21:00:00,,2246425.03,
2026-08-31 22:00:00,,2257226.83,
2026-08-31 23:00:00,,2245504.26,
2026-09-01 00:00:00,,2248606.75,
2026-09-01 01:00:00,,2245190.65,
2026-09-01 02:00:00,,2237803.11,
2026-09-01 03:00:00,,2243692.02,
2026-09-01 04:00:00,,2263180.96,
2026-09-01 05:00:00,,2254264.44,
2026-09-01 06:00:00,,2276479.84,
2026-09-01 07:00:00,,2273200.63,
2026-09-01 08:00:00,,2276607.46,
2026-09-01 09:00:00,,2247700.09,
2026-09-01 10:00:00,,2252111.52,
2026-09-01 11:00:00,,2312339.14,
2026-09-01 12:00:00,,2296907.09,
2026-09-01 13:00:00,,2270945.51,
2026-09-01 14:00:00,,2278369.64,
2026-09-01 15:00:00,,2271134.21,
2026-09-01 16:00:00,,2280461.23,
2026-09-01 17:00:00,,2229329.25,
2026-09-01 18:00:00,,2230121.58,
2026-09-01 19:00:00,,2223943.69,
2026-09-01 20:00:00,,2244153.08,
2026-09-01 21:00:00,,2238991.14,
2026-09-01 22:00:00,,2221093.83,
2026-09-01 23:00:00,,2225578.40,
2026-09-02 00:00:00,,2236702.82,
2026-09-02 01:00:00,,2233745.70,
2026-09-02 02:00:00,,2212075.18,
2026-09-02 03:00:00,,2242849.45,
2026-09-02 04:00:00,,2265096.35,
2026-09-02 05:00:00,,2285559.00,
2026-09-02 06:00:00,,2299073.68,
2026-09-02 07:00:00,,2294942.86,
2026-09-02 08:00:00,,2280049.92,
2026-09-02 09:00:00,,2257617.67,
2026-09-02 10:00:00,,2238883.26,
2026-09-02 11:00:00,,2221763.19,
2026-09-02 12:00:00,,2220433.76,
2026-09-02 13:00:00,,2215222.21,
2026-09-02 14:00:00,,2231472.51,
2026-09-02 15:00:00,,2225010.84,
2026-09-02 16:00:00,,2230654.78,
2026-09-02 17:00:00,,2228384.39,
2026-09-02 18:00:00,,2228898.10,
2026-09-02 19:00:00,,2224316.72,
2026-09-02 20:00:00,,2238025.40,
2026-09-02 21:00:00,,2232859.89,
2026-09-02 22:00:00,,2232475.16,
2026-09-02 23:00:00,,2238594.87,
2026-09-03 00:00:00,,2243272.59,
2026-09-03 01:00:00,,2235303.16,
2026-09-03 02:00:00,,2234069.11,
2026-09-03 03:00:00,,2249249.42,
2026-09-03 04:00:00,,2246143.80,
2026-09-03 05:00:00,,2263008.33,
2026-09-03 06:00:00,,2258872.11,
2026-09-03 07:00:00,,2256780.70,
2026-09-03 08:00:00,,2254623.25,
2026-09-03 09:00:00,,2263836.99,
2026-09-03 10:00:00,,2261385.08,
2026-09-03 11:00:00,,2266298.48,
2026-09-03 12:00:00,,2293269.50,
2026-09-03 13:00:00,,2322302.45,
2026-09-03 14:00:00,,2327519.57,
2026-09-03 15:00:00,,2369711.98,
2026-09-03 16:00:00,,2385241.91,
2026-09-03 17:00:00,,2359689.18,
2026-09-03 18:00:00,,2366177.17,
2026-09-03 19:00:00,,2382284.92,
2026-09-03 20:00:00,,2386251.34,
2026-09-03 21:00:00,,2387197.57,
2026-09-03 22:00:00,,2388227.89,
2026-09-03 23:00:00,,2357421.91,
2026-09-04 00:00:00,,2371859.64,
2026-09-04 01:00:00,,2379695.49,
2026-09-04 02:00:00,,2368353.97,
2026-09-04 03:00:00,,2373976.52,
2026-09-04 04:00:00,,2416080.48,
2026-09-04 05:00:00,,2405529.48,
2026-09-04 06:00:00,,2374035.07,
2026-09-04 07:00:00,,2389211.41,
2026-09-04 08:00:00,,2394511.81,
2026-09-04 09:00:00,,2422880.85,
2026-09-04 10:00:00,,2423501.94,
2026-09-04 11:00:00,,2401869.78,
2026-09-04 12:00:00,,2395624.98,
2026-09-04 13:00:00,,2346363.58,
2026-09-04 14:00:00,,2337577.03,
2026-09-04 15:00:00,,2312239.81,
2026-09-04 16:00:00,,2325355.35,
2026-09-04 17:00:00,,2335830.18,
2026-09-04 18:00:00,,2328941.52,
2026-09-04 19:00:00,,2328470.22,
2026-09-04 20:00:00,,2328347.41,
2026-09-04 21:00:00,,2321596.05,
2026-09-04 22:00:00,,2315078.88,
2026-09-04 23:00:00,,2316132.26,
2026-09-05 00:00:00,,2319969.09,
2026-09-05 01:00:00,,2318080.29,
2026-09-05 02:00:00,,2305949.99,
2026-09-05 03:00:00,,2320908.70,
2026-09-05 04:00:00,,2320873.67,
2026-09-05 05:00:00,,2280793.21,
2026-09-05 06:00:00,,2290659.91,
2026-09-05 07:00:00,,2296246.48,
2026-09-05 08:00:00,,2291373.40,
2026-09-05 09:00:00,,2294674.63,
2026-09-05 10:00:00,,2305422.27,
2026-09-05 11:00:00,,2298886.41,
2026-09-05 12:00:00,,2301982.91,
2026-09-05 13:00:00,,2312595.55,
2026-09-05 14:00:00,,2304677.96,
2026-09-05 15:00:00,,2308210.18,
2026-09-05 16:00:00,,2316109.76,
2026-09-05 17:00:00,,2357603.09,
2026-09-05 18:00:00,,2351454.93,
2026-09-05 19:00:00,,2514869.47,
2026-09-05 20:00:00,,2529947.85,
2026-09-05 21:00:00,,2515586.33,
2026-09-05 22:00:00,,2548010.78,
2026-09-05 23:00:00,,2548854.30,
2026-09-06 00:00:00,,2570576.40,
2026-09-06 01:00:00,,2610708.55,
2026-09-06 02:00:00,,2629783.34,
2026-09-06 03:00:00,,2604973.06,
2026-09-06 04:00:00,,2629741.06,
2026-09-06 05:00:00,,2613057.25,
2026-09-06 06:00:00,,2636307.72,
2026-09-06 07:00:00,,2603419.89,
2026-09-06 08:00:00,,2596654.29,
2026-09-06 09:00:00,,2584731.10,
2026-09-06 10:00:00,,2595089.49,
2026-09-06 11:00:00,,2598306.38,
2026-09-06 12:00:00,,2701258.24,
2026-09-06 13:00:00,,2710367.35,
2026-09-06 14:00:00,,2762132.75,
2026-09-06 15:00:00,,2696933.96,
2026-09-06 16:00:00,,2704474.92,
2026-09-06 17:00:00,,2711784.68,
2026-09-06 18:00:00,,2706636.04,
2026-09-06 19:00:00,,2714751.68,
2026-09-06 20:00:00,,2702972.77,
2026-09-06 21:00:00,,2697395.11,
2026-09-06 22:00:00,,2713144.27,
2026-09-06 23:00:00,,2726218.87,
2026-09-07 00:00:00,,2765746.04,
2026-09-07 01:00:00,,2737260.20,
2026-09-07 02:00:00,,2704443.32,
2026-09-07 03:00:00,,2714606.33,
2026-09-07 04:00:00,,2691370.19,
2026-09-07 05:00:00,,2692130.36,
2026-09-07 06:00:00,,2705991.39,
2026-09-07 07:00:00,,2693525.02,
2026-09-07 08:00:00,,2672106.39,
2026-09-07 09:00:00,,2683355.13,
2026-09-07 10:00:00,,2671720.05,
2026-09-07 11:00:00,,2702771.23,
2026-09-07 12:00:00,,2708260.34,
2026-09-07 13:00:00,,2710597.85,
2026-09-07 14:00:00,,2705474.05,
2026-09-07 15:00:00,,2704949.98,
2026-09-07 16:00:00,,2669988.10,
2026-09-07 17:00:00,,2710076.41,
2026-09-07 18:00:00,,2704172.09,
2026-09-07 19:00:00,,2703852.35,
2026-09-07 20:00:00,,2716162.49,
2026-09-07 21:00:00,,2709779.70,
2026-09-07 22:00:00,,2703288.63,
2026-09-07 23:00:00,,2688495.33,
2026-09-08 00:00:00,,2709463.59,
2026-09-08 01:00:00,,2714450.39,
2026-09-08 02:00:00,,2738555.06,
2026-09-08 03:00:00,,2704633.77,
2026-09-08 04:00:00,,2711981.87,
2026-09-08 05:00:00,,2701833.73,
2026-09-08 06:00:00,,2701678.34,
2026-09-08 07:00:00,,2691758.04,
2026-09-08 08:00:00,,2695100.01,
2026-09-08 09:00:00,,2703041.89,
2026-09-08 10:00:00,,2724751.29,
2026-09-08 11:00:00,,2708199.92,
2026-09-08 12:00:00,,2691241.59,
2026-09-08 13:00:00,,2682826.88,
2026-09-08 14:00:00,,2660973.70,
2026-09-08 15:00:00,,2677962.43,
2026-09-08 16:00:00,,2679845.14,
2026-09-08 17:00:00,,2694647.39,
2026-09-08 18:00:00,,2686318.60,
2026-09-08 19:00:00,,2667414.68,
2026-09-08 20:00:00,,2659833.47,
2026-09-08 21:00:00,,2661817.97,
2026-09-08 22:00:00,,2647991.08,
2026-09-08 23:00:00,,2661118.64,
2026-09-09 00:00:00,,2651347.62,
2026-09-09 01:00:00,,2668311.21,
2026-09-09 02:00:00,,2670383.32,
2026-09-09 03:00:00,,2675397.85,
2026-09-09 04:00:00,,2672839.86,
2026-09-09 05:00:00,,2695507.48,
2026-09-09 06:00:00,,2686198.28,
2026-09-09 07:00:00,,2693266.87,
2026-09-09 08:00:00,,2693076.19,
2026-09-09 09:00:00,,2709504.15,
2026-09-09 10:00:00,,2681956.55,
2026-09-09 11:00:00,,2690851.24,
2026-09-09 12:00:00,,2696586.82,
2026-09-09 13:00:00,,2701578.47,
2026-09-09 14:00:00,,2682734.34,
2026-09-09 15:00:00,,2664957.94,
2026-09-09 16:00:00,,2642402.45,
2026-09-09 17:00:00,,2652586.18,
2026-09-09 18:00:00,,2650707.02,
2026-09-09 19:00:00,,2636126.31,
2026-09-09 20:00:00,,2608442.73,
2026-09-09 21:00:00,,2605878.28,
2026-09-09 22:00:00,,2570219.48,
2026-09-09 23:00:00,,2541478.76,
2026-09-10 00:00:00,,2585262.07,
2026-09-10 01:00:00,,2569899.31,
2026-09-10 02:00:00,,2564025.60,
2026-09-10 03:00:00,,2588715.72,
2026-09-10 04:00:00,,2598986.67,
2026-09-10 05:00:00,,2598290.77,
2026-09-10 06:00:00,,2602362.76,
2026-09-10 07:00:00,,2585323.60,
2026-09-10 08:00:00,,2561284.56,
2026-09-10 09:00:00,,2570207.83,
2026-09-10 10:00:00,,2554284.00,
2026-09-10 11:00:00,,2548944.93,
2026-09-10 12:00:00,,2534592.60,
2026-09-10 13:00:00,,2494510.27,
2026-09-10 14:00:00,,2517426.17,
2026-09-10 15:00:00,,2526594.31,
2026-09-10 16:00:00,,2518173.41,
2026-09-10 17:00:00,,2512263.39,
2026-09-10 18:00:00,,2523011.28,
2026-09-10 19:00:00,,2531770.11,
2026-09-10 20:00:00,,2518654.51,
2026-09-10 21:00:00,,2523738.02,
2026-09-10 22:00:00,,2516781.19,
2026-09-10 23:00:00,,2501988.18,
2026-09-11 00:00:00,,2494715.11,
2026-09-11 01:00:00,,2508571.57,
2026-09-11 02:00:00,,2509445.14,
2026-09-11 03:00:00,,2503465.07,
2026-09-11 04:00:00,,2510816.38,
2026-09-11 05:00:00,,2528622.30,
2026-09-11 06:00:00,,2551343.72,
2026-09-11 07:00:00,,2537428.87,
2026-09-11 08:00:00,,2525029.51,
2026-09-11 09:00:00,,2533748.06,
2026-09-11 10:00:00,,2514711.58,
2026-09-11 11:00:00,,2507659.26,
2026-09-11 12:00:00,,2512395.61,
2026-09-11 13:00:00,,2572402.48,
2026-09-11 14:00:00,,2672632.68,
2026-09-11 15:00:00,,2650321.55,
2026-09-11 16:00:00,,2626454.88,
2026-09-11 17:00:00,,2643582.72,
2026-09-11 18:00:00,,2625972.88,
2026-09-11 19:00:00,,2601176.68,
2026-09-11 20:00:00,,2609284.55,
2026-09-11 21:00:00,,2605551.65,
2026-09-11 22:00:00,,2583669.94,
2026-09-11 23:00:00,,2580268.89,
2026-09-12 00:00:00,,2595605.55,
2026-09-12 01:00:00,,2599147.04,
2026-09-12 02:00:00,,2610005.84,
2026-09-12 03:00:00,,2611618.41,
2026-09-12 04:00:00,,2607027.85,
2026-09-12 05:00:00,,2610787.01,
2026-09-12 06:00:00,,2610677.58,
2026-09-12 07:00:00,,2616171.54,
2026-09-12 08:00:00,,2621350.79,
2026-09-12 09:00:00,,2618128.61,
2026-09-12 10:00:00,,2615773.97,
2026-09-12 11:00:00,,2613580.23,
2026-09-12 12:00:00,,2613326.07,
2026-09-12 13:00:00,,2611106.60,
2026-09-12 14:00:00,,2629070.31,
2026-09-12 15:00:00,,2635135.35,
2026-09-12 16:00:00,,2625349.70,
2026-09-12 17:00:00,,2623485.88,
2026-09-12 18:00:00,,2609894.09,
2026-09-12 19:00:00,,2611616.01,
2026-09-12 20:00:00,,2605194.45,
2026-09-12 21:00:00,,2605278.64,
2026-09-12 22:00:00,,2601932.81,
2026-09-12 23:00:00,,2596763.21,
2026-09-13 00:00:00,,2613000.58,
2026-09-13 01:00:00,,2612573.42,
2026-09-13 02:00:00,,2629097.98,
2026-09-13 03:00:00,,2610632.90,
2026-09-13 04:00:00,,2604117.49,
2026-09-13 05:00:00,,2592560.31,
2026-09-13 06:00:00,,2587535.67,
2026-09-13 07:00:00,,2597854.09,
2026-09-13 08:00:00,,2574599.76,
2026-09-13 09:00:00,,2559684.34,
2026-09-13 10:00:00,,2576681.66,
2026-09-13 11:00:00,,2582041.01,
2026-09-13 12:00:00,,2589461.06,
2026-09-13 13:00:00,,2667112.13,
2026-09-13 14:00:00,,2677674.03,
2026-09-13 15:00:00,,2674286.29,
2026-09-13 16:00:00,,2675367.18,
2026-09-13 17:00:00,,2671433.67,
2026-09-13 18:00:00,,2670271.07,
2026-09-13 19:00:00,,2679065.80,
2026-09-13 20:00:00,,2669056.89,
2026-09-13 21:00:00,,2688844.07,
2026-09-13 22:00:00,,2687023.07,
2026-09-13 23:00:00,,2624803.08,
2026-09-14 00:00:00,,2604656.11,
2026-09-14 01:00:00,,2585852.93,
2026-09-14 02:00:00,,2613755.44,
2026-09-14 03:00:00,,2641630.24,
2026-09-14 04:00:00,,2631311.75,
2026-09-14 05:00:00,,2641956.46,
2026-09-14 06:00:00,,2668222.91,
2026-09-14 07:00:00,,2656507.29,
2026-09-14 08:00:00,,2662680.56,
2026-09-14 09:00:00,,2640508.65,
2026-09-14 10:00:00,,2631101.97,
2026-09-14 11:00:00,,2642751.69,
2026-09-14 12:00:00,,2645879.77,
2026-09-14 13:00:00,,2626251.59,
2026-09-14 14:00:00,,2635553.01,
2026-09-14 15:00:00,,2622533.66,
2026-09-14 16:00:00,,2624734.04,
2026-09-14 17:00:00,,2649533.13,
2026-09-14 18:00:00,,2677723.90,
2026-09-14 19:00:00,,2690772.36,
2026-09-14 20:00:00,,2707793.66,
2026-09-14 21:00:00,,2713041.02,
2026-09-14 22:00:00,,2690641.24,
2026-09-14 23:00:00,,2691591.61,
2026-09-15 00:00:00,,2688220.46,
2026-09-15 01:00:00,,2691667.30,
2026-09-15 02:00:00,,2676884.09,
2026-09-15 03:00:00,,2673510.28,
2026-09-15 04:00:00,,2671699.57,
2026-09-15 05:00:00,,2676541.51,
2026-09-15 06:00:00,,2673390.15,
2026-09-15 07:00:00,,2670040.66,
2026-09-15 08:00:00,,2641484.17,
2026-09-15 09:00:00,,2666490.27,
2026-09-15 10:00:00,,2658417.98,
2026-09-15 11:00:00,,2652929.95,
2026-09-15 12:00:00,,2640895.72,
2026-09-15 13:00:00,,2662666.22,
2026-09-15 14:00:00,,2636804.99,
2026-09-15 15:00:00,,2609050.50,
2026-09-15 16:00:00,,2647063.34,
2026-09-15 17:00:00,,2653942.94,
2026-09-15 18:00:00,,2671805.41,
2026-09-15 19:00:00,,2611649.06,
2026-09-15 20:00:00,,2637581.87,
2026-09-15 21:00:00,,2621792.59,
2026-09-15 22:00:00,,2596879.85,
2026-09-15 23:00:00,,2599502.30,
2026-09-16 00:00:00,,2599363.63,
2026-09-16 01:00:00,,2588931.36,
2026-09-16 02:00:00,,2604266.09,
2026-09-16 03:00:00,,2630259.78,
2026-09-16 04:00:00,,2624819.17,
2026-09-16 05:00:00,,2646808.97,
2026-09-16 06:00:00,,2627482.78,
2026-09-16 07:00:00,,2633439.00,
2026-09-16 08:00:00,,2616291.15,
2026-09-16 09:00:00,,2617621.13,
2026-09-16 10:00:00,,2619055.16,
2026-09-16 11:00:00,,2623117.66,
2026-09-16 12:00:00,,2645275.89,
2026-09-16 13:00:00,,2632485.47,
2026-09-16 14:00:00,,2624685.40,
2026-09-16 15:00:00,,2598239.52,
2026-09-16 16:00:00,,2626085.91,
2026-09-16 17:00:00,,2634496.59,
2026-09-16 18:00:00,,2618189.46,
2026-09-16 19:00:00,,2655384.50,
2026-09-16 20:00:00,,2668437.96,
2026-09-16 21:00:00,,2681215.96,
2026-09-16 22:00:00,,2684736.93,
2026-09-16 23:00:00,,2662178.87,
2026-09-17 00:00:00,,2726956.71,
2026-09-17 01:00:00,,2726232.28,
2026-09-17 02:00:00,,2732828.07,
2026-09-17 03:00:00,,2729690.75,
2026-09-17 04:00:00,,2730069.97,
2026-09-17 05:00:00,,2755969.60,
2026-09-17 06:00:00,,2748242.11,
2026-09-17 07:00:00,,2751284.23,
2026-09-17 08:00:00,,2753130.21,
2026-09-17 09:00:00,,2775847.07,
2026-09-17 10:00:00,,2761220.05,
2026-09-17 11:00:00,,2767947.29,
2026-09-17 12:00:00,,2772760.90,
2026-09-17 13:00:00,,2794377.64,
2026-09-17 14:00:00,,2808622.13,
2026-09-17 15:00:00,,2804924.38,
2026-09-17 16:00:00,,2822821.83,
2026-09-17 17:00:00,,2848771.01,
2026-09-17 18:00:00,,2838913.12,
2026-09-17 19:00:00,,2830472.94,
2026-09-17 20:00:00,,2829721.46,
2026-09-17 21:00:00,,2825947.29,
2026-09-17 22:00:00,,2811119.67,
2026-09-17 23:00:00,,2820351.11,
2026-09-18 00:00:00,,2826078.03,
2026-09-18 01:00:00,,2834454.91,
2026-09-18 02:00:00,,2854547.12,
2026-09-18 03:00:00,,2871241.44,
2026-09-18 04:00:00,,2904426.24,
2026-09-18 05:00:00,,2918535.36,
2026-09-18 06:00:00,,2899274.62,
2026-09-18 07:00:00,,2933514.50,
2026-09-18 08:00:00,,3009688.74,
2026-09-18 09:00:00,,3012588.65,
2026-09-18 10:00:00,,3017505.61,
2026-09-18 11:00:00,,3032831.86,
2026-09-18 12:00:00,,3004230.02,
2026-09-18 13:00:00,,2986446.76,
2026-09-18 14:00:00,,2995415.40,
2026-09-18 15:00:00,,3021471.41,
2026-09-18 16:00:00,,3020700.88,
2026-09-18 17:00:00,,3058561.24,
2026-09-18 18:00:00,,3047547.98,
2026-09-18 19:00:00,,3051585.69,
2026-09-18 20:00:00,,3064158.56,
2026-09-18 21:00:00,,3080386.54,
2026-09-18 22:00:00,,3065201.47,
2026-09-18 23:00:00,,3077452.22,
2026-09-19 00:00:00,,3085475.66,
2026-09-19 01:00:00,,3101084.93,
2026-09-19 02:00:00,,3104955.69,
2026-09-19 03:00:00,,3108496.98,
2026-09-19 04:00:00,,3141493.39,
2026-09-19 05:00:00,,3141052.33,
2026-09-19 06:00:00,,3142642.63,
2026-09-19 07:00:00,,3171282.66,
2026-09-19 08:00:00,,3174735.47,
2026-09-19 09:00:00,,3210818.74,
2026-09-19 10:00:00,,3214032.90,
2026-09-19 11:00:00,,3209309.66,
2026-09-19 12:00:00,,3229680.33,
2026-09-19 13:00:00,,3230602.20,
2026-09-19 14:00:00,,3245756.39,
2026-09-19 15:00:00,,3233769.63,
2026-09-19 16:00:00,,3248548.83,
2026-09-19 17:00:00,,3283477.32,
2026-09-19 18:00:00,,3243987.74,
2026-09-19 19:00:00,,3246353.70,
2026-09-19 20:00:00,,3254484.89,
2026-09-19 21:00:00,,3234861.96,
2026-09-19 22:00:00,,3200978.31,
2026-09-19 23:00:00,,3203894.96,
2026-09-20 00:00:00,,3217168.22,
2026-09-20 01:00:00,,3206301.86,
2026-09-20 02:00:00,,3178115.45,
2026-09-20 03:00:00,,3087516.72,
2026-09-20 04:00:00,,3130978.17,
2026-09-20 05:00:00,,3119130.42,
2026-09-20 06:00:00,,3120981.64,
2026-09-20 07:00:00,,3120914.79,
2026-09-20 08:00:00,,3101447.49,
2026-09-20 09:00:00,,3078158.98,
2026-09-20 10:00:00,,3087308.87,
2026-09-20 11:00:00,,3077575.66,
2026-09-20 12:00:00,,3090584.99,
2026-09-20 13:00:00,,3107845.14,
2026-09-20 14:00:00,,3096380.57,
2026-09-20 15:00:00,,3102389.45,
2026-09-20 16:00:00,,3142057.97,
2026-09-20 17:00:00,,3198278.98,
2026-09-20 18:00:00,,3171145.67,
2026-09-20 19:00:00,,3165962.03,
2026-09-20 20:00:00,,3171503.03,
2026-09-20 21:00:00,,3173484.86,
2026-09-20 22:00:00,,3197578.91,
2026-09-20 23:00:00,,3219246.22,
2026-09-21 00:00:00,,3204138.50,
2026-09-21 01:00:00,,3256664.39,
2026-09-21 02:00:00,,3176583.41,
2026-09-21 03:00:00,,3230351.26,
2026-09-21 04:00:00,,3276028.88,
2026-09-21 05:00:00,,3283373.24,
2026-09-21 06:00:00,,3263582.70,
2026-09-21 07:00:00,,3259369.38,
2026-09-21 08:00:00,,3263988.74,
2026-09-21 09:00:00,,3306693.31,
2026-09-21 10:00:00,,3365641.42,
2026-09-21 11:00:00,,3384799.58,
2026-09-21 12:00:00,,3376449.18,
2026-09-21 13:00:00,,3382731.91,
2026-09-21 14:00:00,,3332472.15,
2026-09-21 15:00:00,,3334277.17,
2026-09-21 16:00:00,,3337207.12,
2026-09-21 17:00:00,,3318906.55,
2026-09-21 18:00:00,,3291310.77,
2026-09-21 19:00:00,,3310760.02,
2026-09-21 20:00:00,,3328166.86,
2026-09-21 21:00:00,,3343582.84,
2026-09-21 22:00:00,,3321563.88,
2026-09-21 23:00:00,,3343457.02,
2026-09-22 00:00:00,,3348180.99,
2026-09-22 01:00:00,,3337035.31,
2026-09-22 02:00:00,,3359109.73,
2026-09-22 03:00:00,,3365565.48,
2026-09-22 04:00:00,,3379846.09,
2026-09-22 05:00:00,,3358533.09,
2026-09-22 06:00:00,,3382433.14,
2026-09-22 07:00:00,,3401437.50,
2026-09-22 08:00:00,,3396600.93,
2026-09-22 09:00:00,,3431220.25,
2026-09-22 10:00:00,,3418744.35,
2026-09-22 11:00:00,,3404610.12,
2026-09-22 12:00:00,,3396452.57,
2026-09-22 13:00:00,,3440407.01,
2026-09-22 14:00:00,,3423445.17,
2026-09-22 15:00:00,,3388131.45,
2026-09-22 16:00:00,,3412100.57,
2026-09-22 17:00:00,,3422261.72,
2026-09-22 18:00:00,,3430890.73,
2026-09-22 19:00:00,,3417629.89,
2026-09-22 20:00:00,,3422978.51,
2026-09-22 21:00:00,,3441774.49,
2026-09-22 22:00:00,,3429033.49,
2026-09-22 23:00:00,,3471803.72,
2026-09-23 00:00:00,,3465720.61,
2026-09-23 01:00:00,,3446791.53,
2026-09-23 02:00:00,,3439226.74,
2026-09-23 03:00:00,,3467281.92,
2026-09-23 04:00:00,,3494086.83,
2026-09-23 05:00:00,,3493589.21,
2026-09-23 06:00:00,,3472499.51,
2026-09-23 07:00:00,,3500537.22,
2026-09-23 08:00:00,,3469778.73,
2026-09-23 09:00:00,,3452793.64,
2026-09-23 10:00:00,,3451415.87,
2026-09-23 11:00:00,,3448765.96,
2026-09-23 12:00:00,,3401917.08,
2026-09-23 13:00:00,,3378410.49,
2026-09-23 14:00:00,,3368869.94,
2026-09-23 15:00:00,,3267631.14,
2026-09-23 16:00:00,,3220837.36,
2026-09-23 17:00:00,,3239614.68,
2026-09-23 18:00:00,,3224990.60,
2026-09-23 19:00:00,,3191253.59,
2026-09-23 20:00:00,,3195055.39,
2026-09-23 21:00:00,,3179639.29,
2026-09-23 22:00:00,,3200476.56,
2026-09-23 23:00:00,,3201430.41,
2026-09-24 00:00:00,,3197799.93,
2026-09-24 01:00:00,,3196343.36,
2026-09-24 02:00:00,,3174425.73,
2026-09-24 03:00:00,,3206440.53,
2026-09-24 04:00:00,,3233582.19,
2026-09-24 05:00:00,,3264192.78,
2026-09-24 06:00:00,,3245126.60,
2026-09-24 07:00:00,,3252709.01,
2026-09-24 08:00:00,,3250228.12,
2026-09-24 09:00:00,,3204579.87,
2026-09-24 10:00:00,,3200654.43,
2026-09-24 11:00:00,,3201827.76,
2026-09-24 12:00:00,,3199975.10,
2026-09-24 13:00:00,,3198587.17,
2026-09-24 14:00:00,,3257637.25,
2026-09-24 15:00:00,,3250892.40,
2026-09-24 16:00:00,,3308366.88,
2026-09-24 17:00:00,,3320768.40,
2026-09-24 18:00:00,,3303643.25,
2026-09-24 19:00:00,,3315535.50,
2026-09-24 20:00:00,,3324175.53,
2026-09-24 21:00:00,,3305507.27,
2026-09-24 22:00:00,,3313166.99,
2026-09-24 23:00:00,,3293248.14,
2026-09-25 00:00:00,,3290715.66,
2026-09-25 01:00:00,,3285611.28,
2026-09-25 02:00:00,,3292091.11,
2026-09-25 03:00:00,,3248410.52,
2026-09-25 04:00:00,,3234132.04,
2026-09-25 05:00:00,,3246530.73,
2026-09-25 06:00:00,,3236924.51,
2026-09-25 07:00:00,,3239552.14,
2026-09-25 08:00:00,,3248536.19,
2026-09-25 09:00:00,,3301798.35,
2026-09-25 10:00:00,,3306403.84,
2026-09-25 11:00:00,,3300955.88,
2026-09-25 12:00:00,,3325410.23,
2026-09-25 13:00:00,,3328029.58,
2026-09-25 14:00:00,,3299295.98,
2026-09-25 15:00:00,,3315136.88,
2026-09-25 16:00:00,,3280844.71,
2026-09-25 17:00:00,,3281137.35,
2026-09-25 18:00:00,,3289968.02,
2026-09-25 19:00:00,,3312026.32,
2026-09-25 20:00:00,,3308621.96,
2026-09-25 21:00:00,,3307819.76,
2026-09-25 22:00:00,,3280348.72,
2026-09-25 23:00:00,,3340138.31,
2026-09-26 00:00:00,,3343429.11,
2026-09-26 01:00:00,,3304875.32,
2026-09-26 02:00:00,,3317193.21,
2026-09-26 03:00:00,,3318070.77,
2026-09-26 04:00:00,,3316931.14,
2026-09-26 05:00:00,,3317335.89,
2026-09-26 06:00:00,,3313634.50,
2026-09-26 07:00:00,,3333441.32,
2026-09-26 08:00:00,,3346858.35,
2026-09-26 09:00:00,,3354844.47,
2026-09-26 10:00:00,,3326786.97,
2026-09-26 11:00:00,,3347613.51,
2026-09-26 12:00:00,,3336286.45,
2026-09-26 13:00:00,,3321141.77,
2026-09-26 14:00:00,,3310424.07,
2026-09-26 15:00:00,,3327911.49,
2026-09-26 16:00:00,,3342420.63,
2026-09-26 17:00:00,,3341120.57,
2026-09-26 18:00:00,,3331766.28,
2026-09-26 19:00:00,,3310410.27,
2026-09-26 20:00:00,,3307267.00,
2026-09-26 21:00:00,,3258219.99,
2026-09-26 22:00:00,,3275169.03,
2026-09-26 23:00:00,,3276993.17,
2026-09-27 00:00:00,,3289674.91,
2026-09-27 01:00:00,,3269804.50,
2026-09-27 02:00:00,,3279794.30,
2026-09-27 03:00:00,,3266648.24,
2026-09-27 04:00:00,,3271645.95,
2026-09-27 05:00:00,,3250577.19,
2026-09-27 06:00:00,,3284477.51,
2026-09-27 07:00:00,,3301845.21,
2026-09-27 08:00:00,,3330668.04,
2026-09-27 09:00:00,,3339172.22,
