time,oi_A,oi_6,oi_3
2026-05-31 12:00:00,12325235.75,,2573936.53
2026-05-31 13:00:00,12308019.30,,2569834.47
2026-05-31 14:00:00,12205338.42,,2558937.23
2026-05-31 15:00:00,12103273.30,,2558404.84
2026-05-31 16:00:00,12091142.53,,2596885.51
2026-05-31 17:00:00,11970434.83,,2542852.98
2026-05-31 18:00:00,11975789.49,,2559418.63
2026-05-31 19:00:00,11996098.35,,2556895.76
2026-05-31 20:00:00,11941787.96,,2550274.25
2026-05-31 21:00:00,12004939.31,,2567602.88
2026-05-31 22:00:00,12159843.57,,2612962.37
2026-05-31 23:00:00,12280257.68,,2606061.00
2026-06-01 00:00:00,12354631.77,,2612940.19
2026-06-01 01:00:00,12595421.07,,2573289.30
2026-06-01 02:00:00,12271409.10,,2483074.69
2026-06-01 03:00:00,12471795.85,,2505583.69
2026-06-01 04:00:00,12530113.49,,2561541.07
2026-06-01 05:00:00,12391612.65,,2518985.54
2026-06-01 06:00:00,12230076.85,,2442329.40
2026-06-01 07:00:00,12138287.27,,2365463.80
2026-06-01 08:00:00,12024063.79,,2348013.61
2026-06-01 09:00:00,12096315.74,,2361725.48
2026-06-01 10:00:00,12189688.76,,2357930.59
2026-06-01 11:00:00,12207787.57,,2363535.45
2026-06-01 12:00:00,12163405.69,,2388730.01
2026-06-01 13:00:00,12101354.95,,2406047.45
2026-06-01 14:00:00,11992501.73,,2388388.84
2026-06-01 15:00:00,12053892.01,,2432073.25
2026-06-01 16:00:00,12068043.58,,2461614.05
2026-06-01 17:00:00,12633799.87,,2561153.71
2026-06-01 18:00:00,12769230.11,,2671204.93
2026-06-01 19:00:00,12936246.44,,2779778.55
2026-06-01 20:00:00,13008795.11,,2780871.86
2026-06-01 21:00:00,12672264.33,,2762720.94
2026-06-01 22:00:00,12517749.11,,2742467.22
2026-06-01 23:00:00,12615649.68,,2772162.63
2026-06-02 00:00:00,12688057.19,,2804437.45
2026-06-02 01:00:00,12531545.97,,2754444.83
2026-06-02 02:00:00,12382699.60,,2730505.29
2026-06-02 03:00:00,12560256.57,,2776554.55
2026-06-02 04:00:00,12647780.76,,2806913.83
2026-06-02 05:00:00,12471830.18,,2786674.56
2026-06-02 06:00:00,12220535.18,,2752851.22
2026-06-02 07:00:00,12252475.96,,2754464.73
2026-06-02 08:00:00,12174926.52,,2710401.57
2026-06-02 09:00:00,12191460.78,,2716973.11
2026-06-02 10:00:00,12122572.84,,2749484.30
2026-06-02 11:00:00,12370836.15,,2809182.95
2026-06-02 12:00:00,12398721.00,,2869623.26
2026-06-02 13:00:00,12421446.71,,2898448.26
2026-06-02 14:00:00,12477492.15,,2978074.72
2026-06-02 15:00:00,11906956.52,,2798460.94
2026-06-02 16:00:00,11665793.16,,2599667.03
2026-06-02 17:00:00,11784213.95,,2621175.33
2026-06-02 18:00:00,11817042.27,,2635424.25
2026-06-02 19:00:00,11637399.62,,2590618.59
2026-06-02 20:00:00,11394318.89,,2625875.13
2026-06-02 21:00:00,11428729.52,,2642908.87
2026-06-02 22:00:00,11419593.57,,2617734.54
2026-06-02 23:00:00,11067742.79,,2596270.73
2026-06-03 00:00:00,11090753.34,,2651300.95
2026-06-03 01:00:00,11163764.02,,2693765.55
2026-06-03 02:00:00,11148216.98,,2677375.49
2026-06-03 03:00:00,11054515.85,,2695674.26
2026-06-03 04:00:00,10674027.01,,2626472.47
2026-06-03 05:00:00,10897329.32,,2673462.66
2026-06-03 06:00:00,11260069.74,,2601478.36
2026-06-03 07:00:00,11398358.18,,2527127.77
2026-06-03 08:00:00,11627924.86,,2622140.09
2026-06-03 09:00:00,11725279.70,,2706470.01
2026-06-03 10:00:00,11671345.56,,2711932.05
2026-06-03 11:00:00,11934437.61,,2829133.01
2026-06-03 12:00:00,11712781.16,,2927198.47
2026-06-03 13:00:00,11624506.87,,2938582.03
2026-06-03 14:00:00,11593790.07,,2908546.51
2026-06-03 15:00:00,11794424.87,,2894533.44
2026-06-03 16:00:00,11491331.66,,2826188.33
2026-06-03 17:00:00,11322943.41,,2810050.45
2026-06-03 18:00:00,11398943.47,,2875687.92
2026-06-03 19:00:00,11440762.02,,2897019.81
2026-06-03 20:00:00,11250749.89,,2878955.56
2026-06-03 21:00:00,11035451.47,,2870235.90
2026-06-03 22:00:00,11700237.86,,3019149.67
2026-06-03 23:00:00,11360044.57,,2962654.37
2026-06-04 00:00:00,11140069.24,,2874423.34
2026-06-04 01:00:00,11021789.66,,2795330.20
2026-06-04 02:00:00,10508438.54,,2651220.07
2026-06-04 03:00:00,10202306.04,,2584738.74
2026-06-04 04:00:00,10505085.64,,2676273.96
2026-06-04 05:00:00,10298946.10,,2568158.56
2026-06-04 06:00:00,10200685.51,,2486787.22
2026-06-04 07:00:00,10404007.49,,2497274.52
2026-06-04 08:00:00,10046562.62,,2376292.84
2026-06-04 09:00:00,10095380.59,,2385466.32
2026-06-04 10:00:00,10003947.80,,2415087.15
2026-06-04 11:00:00,10009029.16,,2370369.88
2026-06-04 12:00:00,10069840.91,,2405735.95
2026-06-04 13:00:00,10338410.46,,2487309.63
2026-06-04 14:00:00,10314733.13,,2457686.37
2026-06-04 15:00:00,10432927.07,,2520743.49
2026-06-04 16:00:00,10423116.68,,2544843.31
2026-06-04 17:00:00,10434146.77,,2518601.21
2026-06-04 18:00:00,10261602.21,,2471760.46
2026-06-04 19:00:00,10336753.33,,2487407.42
2026-06-04 20:00:00,10280458.12,,2469797.44
2026-06-04 21:00:00,10203757.62,,2454056.62
2026-06-04 22:00:00,9822828.10,,2362387.98
2026-06-04 23:00:00,9957983.67,,2424780.59
2026-06-05 00:00:00,9981369.91,,2431769.01
2026-06-05 01:00:00,10032354.03,,2415855.81
2026-06-05 02:00:00,10040130.83,,2439705.86
2026-06-05 03:00:00,9656502.11,,2366138.97
2026-06-05 04:00:00,9663091.86,,2383519.16
2026-06-05 05:00:00,9909826.11,,2426408.95
2026-06-05 06:00:00,9588271.65,,2364028.64
2026-06-05 07:00:00,9212817.11,,2289906.12
2026-06-05 08:00:00,9363150.01,,2325022.84
2026-06-05 09:00:00,9221434.73,,2347515.54
2026-06-05 10:00:00,9383625.04,,2357328.76
2026-06-05 11:00:00,9231501.16,,2340737.10
2026-06-05 12:00:00,9145105.35,,2351428.19
2026-06-05 13:00:00,9120879.72,,2357583.18
2026-06-05 14:00:00,8868559.02,,2313218.03
2026-06-05 15:00:00,9063813.33,,2391141.20
2026-06-05 16:00:00,8858446.98,,2358918.47
2026-06-05 17:00:00,9130449.61,,2420025.02
2026-06-05 18:00:00,8922890.77,,2377906.79
2026-06-05 19:00:00,8552430.03,,2259937.50
2026-06-05 20:00:00,8903319.16,,2341451.46
2026-06-05 21:00:00,9149265.42,,2400822.93
2026-06-05 22:00:00,9209911.29,,2386495.72
2026-06-05 23:00:00,9254275.67,,2376773.64
2026-06-06 00:00:00,9114768.10,,2336260.31
2026-06-06 01:00:00,9160794.20,,2321364.25
2026-06-06 02:00:00,9103813.14,,2303743.08
2026-06-06 03:00:00,9051428.77,,2331731.22
2026-06-06 04:00:00,8943629.10,,2302009.70
2026-06-06 05:00:00,8616052.27,,2218735.91
2026-06-06 06:00:00,9154885.48,,2313802.06
2026-06-06 07:00:00,9143565.14,,2308441.41
2026-06-06 08:00:00,9308479.15,,2343151.43
2026-06-06 09:00:00,9338197.01,,2369274.19
2026-06-06 10:00:00,9237971.96,,2335681.49
2026-06-06 11:00:00,9174128.41,,2304922.19
2026-06-06 12:00:00,9164216.70,,2294426.93
2026-06-06 13:00:00,9262737.07,,2325851.38
2026-06-06 14:00:00,9273980.64,,2327153.31
2026-06-06 15:00:00,9395247.40,,2350468.19
2026-06-06 16:00:00,9305871.82,,2329510.30
2026-06-06 17:00:00,9274728.72,,2342677.82
2026-06-06 18:00:00,9122095.13,,2286728.94
2026-06-06 19:00:00,9099363.61,,2263073.47
2026-06-06 20:00:00,9026201.07,,2228451.05
2026-06-06 21:00:00,9066678.95,,2250749.83
2026-06-06 22:00:00,9078555.58,,2242201.06
2026-06-06 23:00:00,9468283.50,,2303786.02
2026-06-07 00:00:00,9447511.74,,2284585.75
2026-06-07 01:00:00,9867195.82,,2337358.24
2026-06-07 02:00:00,10176011.60,,2433773.08
2026-06-07 03:00:00,10071679.93,,2388561.00
2026-06-07 04:00:00,10039334.27,,2365448.73
2026-06-07 05:00:00,10055084.57,,2361899.68
2026-06-07 06:00:00,10249147.30,,2374013.20
2026-06-07 07:00:00,10250825.85,,2387379.05
2026-06-07 08:00:00,10321682.57,,2401652.37
2026-06-07 09:00:00,10458167.13,,2388678.86
2026-06-07 10:00:00,10020808.67,,2342139.61
2026-06-07 11:00:00,9898569.94,,2305177.52
2026-06-07 12:00:00,9952306.88,,2307731.95
2026-06-07 13:00:00,9785925.12,,2253797.57
2026-06-07 14:00:00,9779360.06,,2223957.76
2026-06-07 15:00:00,9931544.94,,2238926.39
2026-06-07 16:00:00,9845946.74,,2222291.15
2026-06-07 17:00:00,9813313.66,,2210739.18
2026-06-07 18:00:00,9767900.36,,2228248.77
2026-06-07 19:00:00,9660090.09,,2206179.21
2026-06-07 20:00:00,9428470.79,,2162756.27
2026-06-07 21:00:00,9546649.96,,2177682.92
2026-06-07 22:00:00,9530256.51,,2167879.76
2026-06-07 23:00:00,9663044.70,,2171371.41
2026-06-08 00:00:00,9697717.70,,2201080.21
2026-06-08 01:00:00,9718031.79,,2222167.89
2026-06-08 02:00:00,9618479.22,,2209917.67
2026-06-08 03:00:00,9604184.47,,2212893.55
2026-06-08 04:00:00,9645959.56,,2219994.01
2026-06-08 05:00:00,9532662.74,,2193195.41
2026-06-08 06:00:00,9511677.51,,2192079.85
2026-06-08 07:00:00,9639231.70,,2173615.59
2026-06-08 08:00:00,9665395.51,,2190607.85
2026-06-08 09:00:00,9603121.50,,2173475.77
2026-06-08 10:00:00,9713532.24,,2219845.46
2026-06-08 11:00:00,9674529.50,,2214811.85
2026-06-08 12:00:00,9768775.44,,2245814.38
2026-06-08 13:00:00,9889979.19,,2262421.05
2026-06-08 14:00:00,10019983.86,,2259616.71
2026-06-08 15:00:00,10038974.24,,2279506.84
2026-06-08 16:00:00,9888378.22,,2259840.96
2026-06-08 17:00:00,9884401.37,,2271621.73
2026-06-08 18:00:00,9930340.70,,2288663.36
2026-06-08 19:00:00,9962684.89,,2277957.79
2026-06-08 20:00:00,9888477.43,,2268335.92
2026-06-08 21:00:00,9901163.31,,2251891.96
2026-06-08 22:00:00,9863950.23,,2233745.90
2026-06-08 23:00:00,9861576.87,,2219215.50
2026-06-09 00:00:00,9844877.62,,2220693.25
2026-06-09 01:00:00,9517505.52,,2150942.93
2026-06-09 02:00:00,9607585.88,,2188610.22
2026-06-09 03:00:00,9626042.37,,2170855.80
2026-06-09 04:00:00,9660474.52,,2170531.36
2026-06-09 05:00:00,9769982.10,,2200440.39
2026-06-09 06:00:00,9820918.91,,2211257.76
2026-06-09 07:00:00,9788652.22,,2212801.05
2026-06-09 08:00:00,9753927.13,,2191733.32
2026-06-09 09:00:00,9747724.46,,2191648.13
2026-06-09 10:00:00,9703216.94,,2182222.77
2026-06-09 11:00:00,9703175.10,,2176283.08
2026-06-09 12:00:00,9718876.40,,2179192.67
2026-06-09 13:00:00,9744261.73,,2175598.33
2026-06-09 14:00:00,9716052.25,,2188495.42
2026-06-09 15:00:00,9594490.26,,2138875.11
2026-06-09 16:00:00,9579187.91,,2126753.86
2026-06-09 17:00:00,9636588.46,,2129780.04
2026-06-09 18:00:00,9695680.96,,2143931.53
2026-06-09 19:00:00,9728143.42,,2140992.44
2026-06-09 20:00:00,9797109.17,,2103234.34
2026-06-09 21:00:00,9847140.62,,2134076.29
2026-06-09 22:00:00,9737433.70,,2097315.55
2026-06-09 23:00:00,9710702.95,,2083302.25
2026-06-10 00:00:00,9750805.37,,2088481.09
2026-06-10 01:00:00,9900767.51,,2113383.24
2026-06-10 02:00:00,9866785.78,,2119012.94
2026-06-10 03:00:00,9715188.19,,2093117.68
2026-06-10 04:00:00,9744993.41,,2097096.53
2026-06-10 05:00:00,9665173.60,,2074253.59
2026-06-10 06:00:00,9549579.53,,2041433.75
2026-06-10 07:00:00,9596102.36,,2076058.34
2026-06-10 08:00:00,9638196.45,,2094196.13
2026-06-10 09:00:00,9529937.79,,2081443.30
2026-06-10 10:00:00,9550572.39,,2090840.39
2026-06-10 11:00:00,9496351.15,,2077203.22
2026-06-10 12:00:00,9373449.06,,2025953.64
2026-06-10 13:00:00,9568994.74,,2077648.98
2026-06-10 14:00:00,9632363.75,,2072204.84
2026-06-10 15:00:00,9585973.63,,2047858.36
2026-06-10 16:00:00,9535597.32,,2036391.11
2026-06-10 17:00:00,9385430.24,,2005153.54
2026-06-10 18:00:00,9430604.24,,2007780.22
2026-06-10 19:00:00,9393918.16,,1985972.66
2026-06-10 20:00:00,9273224.28,,1956657.97
2026-06-10 21:00:00,9169532.88,,1972475.96
2026-06-10 22:00:00,9030125.09,,1930363.33
2026-06-10 23:00:00,9086856.91,,1943713.61
2026-06-11 00:00:00,9191222.91,,1972178.56
2026-06-11 01:00:00,9305039.42,,1982608.27
2026-06-11 02:00:00,9385122.09,,1994093.22
2026-06-11 03:00:00,9342250.58,,1975924.29
2026-06-11 04:00:00,9492408.94,,2013685.48
2026-06-11 05:00:00,9518226.14,,2011417.18
2026-06-11 06:00:00,9406654.69,,1989892.43
2026-06-11 07:00:00,9442024.01,,1995945.02
2026-06-11 08:00:00,9491025.13,,1997263.23
2026-06-11 09:00:00,9581614.26,,2025644.54
2026-06-11 10:00:00,9497079.90,,2005199.42
2026-06-11 11:00:00,9528064.83,,2001584.96
2026-06-11 12:00:00,9574726.82,,2011373.80
2026-06-11 13:00:00,9456488.54,,2000231.47
2026-06-11 14:00:00,9489762.55,,2011613.60
2026-06-11 15:00:00,9506843.08,,2018865.23
2026-06-11 16:00:00,9531654.56,,2044646.17
2026-06-11 17:00:00,9469883.26,,2026187.46
2026-06-11 18:00:00,9808152.07,,2096066.41
2026-06-11 19:00:00,9712369.69,,2095022.87
2026-06-11 20:00:00,9642129.39,,2088591.49
2026-06-11 21:00:00,9558307.68,,2076886.64
2026-06-11 22:00:00,9600908.23,,2084907.43
2026-06-11 23:00:00,9541017.64,,2069373.79
2026-06-12 00:00:00,9554457.92,,2070200.66
2026-06-12 01:00:00,9499606.64,,2073515.00
2026-06-12 02:00:00,9537266.01,,2069244.56
2026-06-12 03:00:00,9565362.67,,2079441.65
2026-06-12 04:00:00,9582281.59,,2093739.00
2026-06-12 05:00:00,9567301.88,,2083313.60
2026-06-12 06:00:00,9499242.88,,2059378.78
2026-06-12 07:00:00,9399700.95,,2012560.61
2026-06-12 08:00:00,9421413.55,,2029174.63
2026-06-12 09:00:00,9474840.61,,2028817.44
2026-06-12 10:00:00,9567641.12,,2079624.07
2026-06-12 11:00:00,9603785.66,,2091029.30
2026-06-12 12:00:00,9630436.25,,2115909.15
2026-06-12 13:00:00,9664478.19,,2142393.61
2026-06-12 14:00:00,9634300.24,,2078944.95
2026-06-12 15:00:00,10538015.17,,2250427.52
2026-06-12 16:00:00,9992611.30,,2134215.84
2026-06-12 17:00:00,9988286.38,,2135111.35
2026-06-12 18:00:00,9916635.67,,2090137.87
2026-06-12 19:00:00,9906368.10,,2077058.45
2026-06-12 20:00:00,9942735.68,,2074523.28
2026-06-12 21:00:00,9907813.33,,2035586.94
2026-06-12 22:00:00,9878482.36,,2020235.09
2026-06-12 23:00:00,9933721.26,,2019055.08
2026-06-13 00:00:00,10050556.62,,2030269.38
2026-06-13 01:00:00,10003335.09,,2025024.56
2026-06-13 02:00:00,10147060.94,,2078099.57
2026-06-13 03:00:00,10158173.19,,2088996.01
2026-06-13 04:00:00,10101417.66,,2092314.40
2026-06-13 05:00:00,10092218.62,,2104459.35
2026-06-13 06:00:00,10087712.62,,2114527.85
2026-06-13 07:00:00,10143183.77,,2130541.58
2026-06-13 08:00:00,10200523.29,,2153770.63
2026-06-13 09:00:00,10239945.96,,2148029.28
2026-06-13 10:00:00,10066283.19,,2127689.98
2026-06-13 11:00:00,10073834.32,,2105854.88
2026-06-13 12:00:00,10163882.29,,2111102.58
2026-06-13 13:00:00,10092451.65,,2097368.52
2026-06-13 14:00:00,10159945.17,,2099493.24
2026-06-13 15:00:00,10199166.28,,2090263.68
2026-06-13 16:00:00,10199837.35,,2079328.18
2026-06-13 17:00:00,10160473.59,,2059104.66
2026-06-13 18:00:00,10156895.23,,2056221.40
2026-06-13 19:00:00,10119092.93,,2048947.93
2026-06-13 20:00:00,10147312.09,,2055694.91
2026-06-13 21:00:00,10115655.93,,2056842.06
2026-06-13 22:00:00,10181065.17,,2057896.66
2026-06-13 23:00:00,10130992.77,,2029377.00
2026-06-14 00:00:00,10130073.52,,2038811.01
2026-06-14 01:00:00,10072506.86,,2048080.49
2026-06-14 02:00:00,10116438.77,,2046106.67
2026-06-14 03:00:00,10149789.69,,2054973.14
2026-06-14 04:00:00,10136709.39,,2041180.14
2026-06-14 05:00:00,10000099.70,,2036900.21
2026-06-14 06:00:00,10023761.45,,2048097.97
2026-06-14 07:00:00,10024693.29,,2029569.56
2026-06-14 08:00:00,10086426.40,,2041423.33
2026-06-14 09:00:00,10036852.23,,2035632.16
2026-06-14 10:00:00,10169980.98,,2062848.85
2026-06-14 11:00:00,10045425.90,,2028320.59
2026-06-14 12:00:00,10013987.20,,2021794.93
2026-06-14 13:00:00,9857511.36,,1994251.52
2026-06-14 14:00:00,9839632.12,,1974560.17
2026-06-14 15:00:00,9838098.52,,1983966.82
2026-06-14 16:00:00,9884030.79,,1981995.81
2026-06-14 17:00:00,9900178.46,,1972694.75
2026-06-14 18:00:00,9886230.09,,1973326.65
2026-06-14 19:00:00,9953804.57,,1981747.71
2026-06-14 20:00:00,9999930.99,,1963291.20
2026-06-14 21:00:00,10061294.08,,1968959.36
2026-06-14 22:00:00,10529712.68,,2062267.94
2026-06-14 23:00:00,10624704.84,,2075704.09
2026-06-15 00:00:00,10711164.86,,2103110.27
2026-06-15 01:00:00,10756089.83,,2117379.95
2026-06-15 02:00:00,10790190.42,,2139965.35
2026-06-15 03:00:00,10950566.50,,2184507.16
2026-06-15 04:00:00,10847294.13,,2148145.40
2026-06-15 05:00:00,10909221.39,,2164744.16
2026-06-15 06:00:00,10968449.36,,2185686.59
2026-06-15 07:00:00,10911546.04,,2169590.48
2026-06-15 08:00:00,10860819.02,,2168212.19
2026-06-15 09:00:00,11112209.30,,2197387.61
2026-06-15 10:00:00,11139658.99,,2195686.40
2026-06-15 11:00:00,11261611.34,,2219430.82
2026-06-15 12:00:00,11301922.25,,2215785.34
2026-06-15 13:00:00,11371021.84,,2233165.13
2026-06-15 14:00:00,11477735.41,,2310590.43
2026-06-15 15:00:00,11982143.86,,2424856.06
2026-06-15 16:00:00,11742366.92,,2319532.98
2026-06-15 17:00:00,11502136.58,,2261620.97
2026-06-15 18:00:00,11422847.57,,2259507.62
2026-06-15 19:00:00,11323515.72,,2244270.08
2026-06-15 20:00:00,11056219.70,,2262807.96
2026-06-15 21:00:00,11033882.43,,2248187.07
2026-06-15 22:00:00,11006105.93,,2232020.41
2026-06-15 23:00:00,10811286.72,,2211678.74
2026-06-16 00:00:00,10916414.39,,2240273.33
2026-06-16 01:00:00,10884998.99,,2216400.09
2026-06-16 02:00:00,10889138.31,,2201789.84
2026-06-16 03:00:00,10654339.06,,2215469.98
2026-06-16 04:00:00,10803186.52,,2224667.22
2026-06-16 05:00:00,10751432.33,,2188666.95
2026-06-16 06:00:00,10835100.82,,2186272.47
2026-06-16 07:00:00,10899209.65,,2170581.08
2026-06-16 08:00:00,10879045.97,,2136780.09
2026-06-16 09:00:00,11027923.73,,2156445.94
2026-06-16 10:00:00,10916626.75,,2079923.19
2026-06-16 11:00:00,10962383.12,,2075447.39
2026-06-16 12:00:00,11023945.47,,2073880.37
2026-06-16 13:00:00,11055111.54,,2062070.51
2026-06-16 14:00:00,10944145.56,,2105538.48
2026-06-16 15:00:00,10685465.41,,2134058.03
2026-06-16 16:00:00,10833550.05,,2195730.13
2026-06-16 17:00:00,10834136.54,,2172931.62
2026-06-16 18:00:00,10952516.62,,2207455.73
2026-06-16 19:00:00,10934564.80,,2183272.88
2026-06-16 20:00:00,10844242.23,,2161374.91
2026-06-16 21:00:00,10909865.79,,2173406.47
2026-06-16 22:00:00,10884248.11,,2160818.12
2026-06-16 23:00:00,10900779.86,,2174292.06
2026-06-17 00:00:00,10791816.34,,2146376.85
2026-06-17 01:00:00,10812640.29,,2152156.53
2026-06-17 02:00:00,10951746.44,,2161364.17
2026-06-17 03:00:00,10974554.24,,2108792.07
2026-06-17 04:00:00,10883933.76,,2082292.14
2026-06-17 05:00:00,10907731.00,,2077176.87
2026-06-17 06:00:00,10867233.34,,2064986.56
2026-06-17 07:00:00,10858937.15,,2057442.79
2026-06-17 08:00:00,10877438.14,,2072928.91
2026-06-17 09:00:00,10768176.56,,2080983.27
2026-06-17 10:00:00,10827798.34,,2084587.60
2026-06-17 11:00:00,10794252.20,,2084126.19
2026-06-17 12:00:00,10774942.93,,2086677.65
2026-06-17 13:00:00,10912215.71,,2070756.08
2026-06-17 14:00:00,10963567.67,,2047688.73
2026-06-17 15:00:00,11870420.97,,2168977.08
2026-06-17 16:00:00,12896007.92,,2363451.05
2026-06-17 17:00:00,12888400.84,,2351527.65
2026-06-17 18:00:00,13445795.88,,2435418.05
2026-06-17 19:00:00,13665796.93,,2521226.83
2026-06-17 20:00:00,14163093.55,,2533858.69
2026-06-17 21:00:00,13868909.10,,2447750.87
2026-06-17 22:00:00,14057032.55,,2433820.88
2026-06-17 23:00:00,13740595.94,,2389776.50
2026-06-18 00:00:00,14372882.84,,2507822.62
2026-06-18 01:00:00,14691359.24,,2563989.36
2026-06-18 02:00:00,14140956.49,,2424847.40
2026-06-18 03:00:00,14334660.51,,2429547.46
2026-06-18 04:00:00,14201124.18,,2405558.86
2026-06-18 05:00:00,13844814.86,,2337069.91
2026-06-18 06:00:00,13315975.90,,2275670.07
2026-06-18 07:00:00,12919135.51,,2249177.62
2026-06-18 08:00:00,12914194.43,,2284532.21
2026-06-18 09:00:00,13033103.62,,2323060.98
2026-06-18 10:00:00,13095006.70,,2360045.43
2026-06-18 11:00:00,13218232.02,,2369590.64
2026-06-18 12:00:00,12759151.77,,2304879.05
2026-06-18 13:00:00,12942593.26,,2339010.81
2026-06-18 14:00:00,12750120.38,,2305547.20
2026-06-18 15:00:00,12934372.07,,2371488.44
2026-06-18 16:00:00,12092587.54,,2304953.46
2026-06-18 17:00:00,12288700.43,,2351022.00
2026-06-18 18:00:00,12459518.66,,2357112.27
2026-06-18 19:00:00,12359348.16,,2328068.05
2026-06-18 20:00:00,12367783.10,,2312719.95
2026-06-18 21:00:00,12497339.62,,2322603.08
2026-06-18 22:00:00,12472174.33,,2306806.00
2026-06-18 23:00:00,12512040.14,,2308322.33
2026-06-19 00:00:00,12497246.49,,2296763.98
2026-06-19 01:00:00,12356213.17,,2290031.28
2026-06-19 02:00:00,12213206.76,,2273959.03
2026-06-19 03:00:00,12135384.68,,2270792.84
2026-06-19 04:00:00,11876285.86,,2239608.03
2026-06-19 05:00:00,11660609.10,,2159495.19
2026-06-19 06:00:00,11851657.73,,2160474.86
2026-06-19 07:00:00,11806457.99,,2154887.30
2026-06-19 08:00:00,11632407.48,,2108707.83
2026-06-19 09:00:00,11721209.65,,2101021.23
2026-06-19 10:00:00,11728477.42,,2105176.44
2026-06-19 11:00:00,11638684.58,,2083210.94
2026-06-19 12:00:00,11636817.69,,2089478.01
2026-06-19 13:00:00,11932231.64,,2124278.55
2026-06-19 14:00:00,12177916.31,,2189346.75
2026-06-19 15:00:00,11994731.85,,2214727.10
2026-06-19 16:00:00,12031355.10,,2196460.27
2026-06-19 17:00:00,12009342.95,,2173957.10
2026-06-19 18:00:00,12160201.80,,2190966.38
2026-06-19 19:00:00,11935966.74,,2146646.16
2026-06-19 20:00:00,11817881.40,,2116514.67
2026-06-19 21:00:00,11919459.47,,2115814.65
2026-06-19 22:00:00,11804933.46,,2043933.24
2026-06-19 23:00:00,11855788.28,,2041123.41
2026-06-20 00:00:00,11996103.98,,2056933.35
2026-06-20 01:00:00,12002352.33,,2057633.38
2026-06-20 02:00:00,12201822.50,,2098506.41
2026-06-20 03:00:00,11942626.81,,2046273.21
2026-06-20 04:00:00,12128063.47,,2087935.82
2026-06-20 05:00:00,12045281.75,,2073678.19
2026-06-20 06:00:00,12139721.22,,2068057.35
2026-06-20 07:00:00,12038758.73,,2053135.55
2026-06-20 08:00:00,11890848.37,,2010031.45
2026-06-20 09:00:00,11910688.67,,1997954.33
2026-06-20 10:00:00,12013087.22,,2014242.13
2026-06-20 11:00:00,11946843.66,,2004570.53
2026-06-20 12:00:00,11837782.86,,1988142.11
2026-06-20 13:00:00,11792034.96,,1963067.03
2026-06-20 14:00:00,11700999.00,,1963873.60
2026-06-20 15:00:00,11798061.13,,1979486.33
2026-06-20 16:00:00,11925499.90,,1995082.12
2026-06-20 17:00:00,12000129.77,,1982916.45
2026-06-20 18:00:00,11915053.06,,1964037.81
2026-06-20 19:00:00,11994745.67,,2029786.86
2026-06-20 20:00:00,11903326.36,,2024955.22
2026-06-20 21:00:00,11937680.59,,2023085.83
2026-06-20 22:00:00,11877164.88,,2006932.16
2026-06-20 23:00:00,11923831.77,,2019521.02
2026-06-21 00:00:00,11859360.05,,1983884.65
2026-06-21 01:00:00,11859800.99,,1969801.80
2026-06-21 02:00:00,11769931.24,,1947798.77
2026-06-21 03:00:00,11870706.36,,1966328.41
2026-06-21 04:00:00,11930976.64,,2001813.38
2026-06-21 05:00:00,11848755.54,,2007212.48
2026-06-21 06:00:00,11844566.95,,1989622.13
2026-06-21 07:00:00,11861679.97,,1981860.19
2026-06-21 08:00:00,11925611.71,,1988891.68
2026-06-21 09:00:00,11938051.30,,1982308.89
2026-06-21 10:00:00,12106562.46,,1993993.95
2026-06-21 11:00:00,12130484.34,,2010338.24
2026-06-21 12:00:00,12040074.71,,2007539.37
2026-06-21 13:00:00,12119562.29,,2034213.47
2026-06-21 14:00:00,11998540.26,,2017784.29
2026-06-21 15:00:00,11999397.70,,2009923.49
2026-06-21 16:00:00,12032531.52,,2013769.73
2026-06-21 17:00:00,11961280.53,,1987127.52
2026-06-21 18:00:00,11926665.30,,1992796.51
2026-06-21 19:00:00,11954056.85,,2006245.84
2026-06-21 20:00:00,12025464.51,,1997041.48
2026-06-21 21:00:00,11865433.25,,1976438.73
2026-06-21 22:00:00,11795030.25,,1968860.65
2026-06-21 23:00:00,11586468.44,,1937076.29
2026-06-22 00:00:00,11439889.43,,1923326.10
2026-06-22 01:00:00,11651710.62,,1985001.87
2026-06-22 02:00:00,11881459.90,,2042586.35
2026-06-22 03:00:00,11856548.15,,2036734.57
2026-06-22 04:00:00,11833007.14,,2036364.17
2026-06-22 05:00:00,11822696.71,,2011133.96
2026-06-22 06:00:00,11835438.91,,2013849.91
2026-06-22 07:00:00,11838992.83,,2008656.58
2026-06-22 08:00:00,11811136.76,,1994521.68
2026-06-22 09:00:00,11857089.11,,2000093.51
2026-06-22 10:00:00,11801265.12,,1991878.66
2026-06-22 11:00:00,11724943.72,,1982229.41
2026-06-22 12:00:00,11977377.31,,2040881.86
2026-06-22 13:00:00,12100881.78,,2095665.44
2026-06-22 14:00:00,12240867.85,,2089590.51
2026-06-22 15:00:00,12051826.30,,2072285.98
2026-06-22 16:00:00,11950258.46,,2041269.28
2026-06-22 17:00:00,12004783.82,,2030456.04
2026-06-22 18:00:00,11948337.37,,2009504.68
2026-06-22 19:00:00,11866870.99,,1997548.19
2026-06-22 20:00:00,11838978.44,,1992748.13
2026-06-22 21:00:00,11818397.09,,1981816.56
2026-06-22 22:00:00,11725831.83,,1951280.70
2026-06-22 23:00:00,11550246.81,,1928249.47
2026-06-23 00:00:00,11581046.84,,1948702.25
2026-06-23 01:00:00,11686576.28,,1970949.44
2026-06-23 02:00:00,11639562.56,,1994514.08
2026-06-23 03:00:00,11649109.62,,1999059.84
2026-06-23 04:00:00,11743187.18,,2011111.64
2026-06-23 05:00:00,11655694.96,,2000237.69
2026-06-23 06:00:00,11624985.78,,1974299.64
2026-06-23 07:00:00,11148219.44,,1898639.88
2026-06-23 08:00:00,11136514.78,,1877843.83
2026-06-23 09:00:00,10948441.72,,1832787.90
2026-06-23 10:00:00,11020279.28,,1858314.76
2026-06-23 11:00:00,11096565.03,,1865267.77
2026-06-23 12:00:00,11246131.25,,1859452.85
2026-06-23 13:00:00,11186025.14,,1849295.65
2026-06-23 14:00:00,11478684.59,,1898856.50
2026-06-23 15:00:00,11513759.00,,1937640.54
2026-06-23 16:00:00,11410957.79,,1894684.19
2026-06-23 17:00:00,11553271.99,,1887201.06
2026-06-23 18:00:00,11622794.37,,1891793.98
2026-06-23 19:00:00,11721741.02,,1869914.23
2026-06-23 20:00:00,11902205.41,,1898587.24
2026-06-23 21:00:00,12259467.69,,1952119.34
2026-06-23 22:00:00,12235069.39,,1941075.22
2026-06-23 23:00:00,12348243.86,,1965811.55
2026-06-24 00:00:00,12281415.24,,1970935.03
2026-06-24 01:00:00,12389081.78,,1994908.01
2026-06-24 02:00:00,12372471.33,,2005465.72
2026-06-24 03:00:00,12280833.01,,2026534.12
2026-06-24 04:00:00,12262267.97,,2029321.77
2026-06-24 05:00:00,12296603.30,,2012056.78
2026-06-24 06:00:00,12366062.63,,1984114.93
2026-06-24 07:00:00,12263103.98,,1963471.16
2026-06-24 08:00:00,12254280.08,,1947367.85
2026-06-24 09:00:00,12459687.84,,1970761.02
2026-06-24 10:00:00,12426810.02,,1975375.24
2026-06-24 11:00:00,12410177.00,,1988232.85
2026-06-24 12:00:00,12492282.34,,1997921.93
2026-06-24 13:00:00,12363629.11,,1979727.75
2026-06-24 14:00:00,12060729.69,,1936930.18
2026-06-24 15:00:00,12163118.29,,1939963.10
2026-06-24 16:00:00,11876618.73,,1887692.19
2026-06-24 17:00:00,11881302.06,,1888473.34
2026-06-24 18:00:00,11538123.35,,1880385.17
2026-06-24 19:00:00,11795689.33,,1883261.33
2026-06-24 20:00:00,11981663.11,,1924606.12
2026-06-24 21:00:00,12179631.94,,1992806.44
2026-06-24 22:00:00,12350456.90,,2001350.98
2026-06-24 23:00:00,12228204.43,,1972093.68
2026-06-25 00:00:00,12267143.48,,1964975.57
2026-06-25 01:00:00,12303285.42,,1967264.05
2026-06-25 02:00:00,12428434.76,,1992056.27
2026-06-25 03:00:00,12444544.86,,1995481.05
2026-06-25 04:00:00,12407558.20,,2009316.90
2026-06-25 05:00:00,12479219.68,,2020392.44
2026-06-25 06:00:00,12776642.28,,2058776.58
2026-06-25 07:00:00,12855046.67,,2096173.12
2026-06-25 08:00:00,12857177.06,,2095122.93
2026-06-25 09:00:00,12818118.70,,2088523.87
2026-06-25 10:00:00,13059915.57,,2102812.24
2026-06-25 11:00:00,13199771.13,,2119594.53
2026-06-25 12:00:00,12986518.75,,2122075.08
2026-06-25 13:00:00,13218370.16,,2154805.78
2026-06-25 14:00:00,12149887.46,,1993174.69
2026-06-25 15:00:00,13447160.72,,2280937.97
2026-06-25 16:00:00,13485572.66,,2364899.93
2026-06-25 17:00:00,13406803.77,,2368100.37
2026-06-25 18:00:00,13475041.36,,2338708.17
2026-06-25 19:00:00,13311176.39,,2327092.93
2026-06-25 20:00:00,13303886.31,,2311117.71
2026-06-25 21:00:00,13508632.88,,2327643.52
2026-06-25 22:00:00,13920228.31,,2358663.37
2026-06-25 23:00:00,14361228.09,,2459479.15
2026-06-26 00:00:00,14473237.24,,2488201.01
2026-06-26 01:00:00,14855995.42,,2559307.90
2026-06-26 02:00:00,14487530.32,,2504619.43
2026-06-26 03:00:00,14105583.84,,2337014.63
2026-06-26 04:00:00,14549131.54,,2408351.68
2026-06-26 05:00:00,14312672.06,,2364027.93
2026-06-26 06:00:00,14257474.57,,2376065.05
2026-06-26 07:00:00,14840084.39,,2456672.62
2026-06-26 08:00:00,14775704.66,,2419893.50
2026-06-26 09:00:00,14599855.71,,2384270.29
2026-06-26 10:00:00,14275569.16,,2330171.10
2026-06-26 11:00:00,13965120.32,,2275083.84
2026-06-26 12:00:00,13802073.13,,2280512.68
2026-06-26 13:00:00,13723179.50,,2252587.98
2026-06-26 14:00:00,14166541.94,,2322410.71
2026-06-26 15:00:00,14040995.79,,2312545.48
2026-06-26 16:00:00,13934761.38,,2242588.27
2026-06-26 17:00:00,13765806.66,,2232325.54
2026-06-26 18:00:00,13990318.05,,2252822.95
2026-06-26 19:00:00,13744359.07,,2205100.42
2026-06-26 20:00:00,13542741.28,,2159416.90
2026-06-26 21:00:00,13353949.38,,2110533.24
2026-06-26 22:00:00,13124848.97,,2015886.54
2026-06-26 23:00:00,13145437.05,,2034152.78
2026-06-27 00:00:00,13202433.26,,2022111.15
2026-06-27 01:00:00,13242749.82,,2032809.21
2026-06-27 02:00:00,13040786.20,,2010531.66
2026-06-27 03:00:00,12999175.73,,1992404.19
2026-06-27 04:00:00,12834308.87,,1972879.28
2026-06-27 05:00:00,12788393.94,,1979776.92
2026-06-27 06:00:00,12524201.93,,1937090.04
2026-06-27 07:00:00,12548003.57,,1920690.28
2026-06-27 08:00:00,12593788.04,,1927595.24
2026-06-27 09:00:00,12695271.58,,1938928.27
2026-06-27 10:00:00,12655342.94,,1924682.56
2026-06-27 11:00:00,12585944.16,,1896407.05
2026-06-27 12:00:00,12749269.50,,1910699.78
2026-06-27 13:00:00,12768825.24,,1904922.40
2026-06-27 14:00:00,12629930.08,,1878817.26
2026-06-27 15:00:00,12852575.44,,1904143.99
2026-06-27 16:00:00,12835772.86,,1909743.92
2026-06-27 17:00:00,12758987.00,,1886183.25
2026-06-27 18:00:00,12611173.49,,1848570.88
2026-06-27 19:00:00,12516170.49,,1831394.58
2026-06-27 20:00:00,12364245.59,,1783095.17
2026-06-27 21:00:00,12434589.75,,1777024.41
2026-06-27 22:00:00,12388522.24,,1767596.83
2026-06-27 23:00:00,12372356.98,,1787259.06
2026-06-28 00:00:00,12328252.45,,1783167.92
2026-06-28 01:00:00,12234723.61,,1783534.68
2026-06-28 02:00:00,12239655.98,,1800416.84
2026-06-28 03:00:00,12224451.84,,1789818.87
2026-06-28 04:00:00,12273275.00,,1793269.00
2026-06-28 05:00:00,12283256.84,,1797740.78
2026-06-28 06:00:00,12266589.16,,1773227.55
2026-06-28 07:00:00,12260595.03,,1753387.62
2026-06-28 08:00:00,12290728.87,,1765164.63
2026-06-28 09:00:00,12319324.59,,1773075.10
2026-06-28 10:00:00,12224661.80,,1769979.20
2026-06-28 11:00:00,12217355.99,,1771970.22
2026-06-28 12:00:00,12322537.00,,1799329.50
2026-06-28 13:00:00,12250646.38,,1782616.53
2026-06-28 14:00:00,12192980.65,,1769022.14
2026-06-28 15:00:00,12254291.16,,1780936.55
2026-06-28 16:00:00,12231645.61,,1775272.49
2026-06-28 17:00:00,12203690.80,,1761494.89
2026-06-28 18:00:00,12254833.75,,1771098.65
2026-06-28 19:00:00,12198234.55,,1747876.71
2026-06-28 20:00:00,12160575.21,,1720105.98
2026-06-28 21:00:00,12132781.92,,1737027.41
2026-06-28 22:00:00,12016988.05,,1700360.27
2026-06-28 23:00:00,11981544.98,,1695835.66
2026-06-29 00:00:00,12084464.40,,1754199.39
2026-06-29 01:00:00,12129205.16,,1753048.57
2026-06-29 02:00:00,12020557.62,,1761303.86
2026-06-29 03:00:00,12258156.64,,1795248.60
2026-06-29 04:00:00,12449373.16,,1767246.40
2026-06-29 05:00:00,12314194.63,,1731248.27
2026-06-29 06:00:00,12369794.57,,1738154.81
2026-06-29 07:00:00,12483719.32,,1750428.13
2026-06-29 08:00:00,12385641.52,,1734956.10
2026-06-29 09:00:00,12317755.08,,1720144.83
2026-06-29 10:00:00,12301457.93,,1723063.37
2026-06-29 11:00:00,12460049.18,,1743898.16
2026-06-29 12:00:00,12388949.46,,1739159.48
2026-06-29 13:00:00,12599264.07,,1768852.35
2026-06-29 14:00:00,12619850.52,,1763206.90
2026-06-29 15:00:00,12683673.99,,1744225.40
2026-06-29 16:00:00,12837709.91,,1776200.03
2026-06-29 17:00:00,12734154.81,,1764740.87
2026-06-29 18:00:00,12914153.27,,1804619.54
2026-06-29 19:00:00,12708501.87,,1783302.01
2026-06-29 20:00:00,12642842.99,,1773501.13
2026-06-29 21:00:00,12528006.11,,1761712.92
2026-06-29 22:00:00,12443593.87,,1766992.85
2026-06-29 23:00:00,12232378.24,,1720573.31
2026-06-30 00:00:00,12150441.19,,1740831.30
2026-06-30 01:00:00,11861647.46,,1753109.40
2026-06-30 02:00:00,11678222.74,,1756333.33
2026-06-30 03:00:00,11800506.55,,1813326.96
2026-06-30 04:00:00,11674323.55,,1787570.14
2026-06-30 05:00:00,11619122.44,,1769571.14
2026-06-30 06:00:00,11575009.35,,1784521.70
2026-06-30 07:00:00,11551419.69,,1809488.87
2026-06-30 08:00:00,11421260.95,,1802467.34
2026-06-30 09:00:00,11391221.08,,1809751.71
2026-06-30 10:00:00,11545504.00,,1875179.15
2026-06-30 11:00:00,11576283.12,,1859963.96
2026-06-30 12:00:00,11403316.06,,1810862.95
2026-06-30 13:00:00,11352328.18,,1741354.88
2026-06-30 14:00:00,11616267.63,,1763144.11
2026-06-30 15:00:00,11503448.96,,1774347.99
2026-06-30 16:00:00,11480675.49,,1761234.05
2026-06-30 17:00:00,11466745.66,,1766527.87
2026-06-30 18:00:00,11380997.06,,1764381.20
2026-06-30 19:00:00,11505461.13,,1801043.29
2026-06-30 20:00:00,11427942.90,,1782571.91
2026-06-30 21:00:00,11438586.09,,1763468.05
2026-06-30 22:00:00,11537106.20,,1753445.89
2026-06-30 23:00:00,11460045.56,,1739041.38
2026-07-01 00:00:00,11517015.69,,1759031.21
2026-07-01 01:00:00,11456107.52,,1753594.19
2026-07-01 02:00:00,11255970.07,,1717701.65
2026-07-01 03:00:00,11253816.16,,1738242.08
2026-07-01 04:00:00,11285046.56,,1780127.33
2026-07-01 05:00:00,11328960.15,,1795960.73
2026-07-01 06:00:00,11281244.30,,1775439.14
2026-07-01 07:00:00,11164014.15,,1715816.64
2026-07-01 08:00:00,11200257.00,,1699656.38
2026-07-01 09:00:00,11460436.62,,1750400.92
2026-07-01 10:00:00,11351976.36,,1719625.47
2026-07-01 11:00:00,11296954.57,,1703652.93
2026-07-01 12:00:00,11289873.60,,1702492.27
2026-07-01 13:00:00,11239098.32,,1686510.26
2026-07-01 14:00:00,11277117.39,,1710644.98
2026-07-01 15:00:00,11430677.44,,1721542.64
2026-07-01 16:00:00,11367609.86,,1714829.35
2026-07-01 17:00:00,11244517.42,,1690801.71
2026-07-01 18:00:00,11259665.31,,1691865.35
2026-07-01 19:00:00,11152308.09,,1663783.11
2026-07-01 20:00:00,11180739.90,,1677854.81
2026-07-01 21:00:00,11233424.23,,1672761.29
2026-07-01 22:00:00,11457830.01,,1726438.00
2026-07-01 23:00:00,11369377.28,,1678485.86
2026-07-02 00:00:00,11330959.61,,1657580.24
2026-07-02 01:00:00,11436494.05,,1664457.60
2026-07-02 02:00:00,11581482.53,,1676305.21
2026-07-02 03:00:00,11594889.69,,1665706.11
2026-07-02 04:00:00,11871303.08,,1719707.76
2026-07-02 05:00:00,11861421.06,,1706143.68
2026-07-02 06:00:00,11834447.21,,1671184.85
2026-07-02 07:00:00,11720121.62,,1651029.13
2026-07-02 08:00:00,11630179.42,,1658081.65
2026-07-02 09:00:00,11704569.97,,1657055.23
2026-07-02 10:00:00,11706710.58,,1660628.44
2026-07-02 11:00:00,11765830.32,,1666829.00
2026-07-02 12:00:00,11784794.48,,1653086.42
2026-07-02 13:00:00,11886034.65,,1648627.30
2026-07-02 14:00:00,11937643.56,,1639721.69
2026-07-02 15:00:00,11664125.17,,1590492.98
2026-07-02 16:00:00,11525225.25,,1554614.53
2026-07-02 17:00:00,11586755.00,,1530337.15
2026-07-02 18:00:00,11558164.14,,1518964.61
2026-07-02 19:00:00,11582347.12,,1520878.99
2026-07-02 20:00:00,11599816.10,,1523114.35
2026-07-02 21:00:00,11665099.81,,1515416.88
2026-07-02 22:00:00,11728413.65,,1521511.58
2026-07-02 23:00:00,11706932.91,,1515321.97
2026-07-03 00:00:00,11767412.71,,1516841.50
2026-07-03 01:00:00,11753756.11,,1520016.98
2026-07-03 02:00:00,11830698.73,,1526721.35
2026-07-03 03:00:00,11952519.43,,1553218.88
2026-07-03 04:00:00,11802194.53,,1519226.25
2026-07-03 05:00:00,11726436.31,,1512505.60
2026-07-03 06:00:00,11793391.80,,1526598.10
2026-07-03 07:00:00,11808419.21,,1528383.67
2026-07-03 08:00:00,11864738.17,,1537731.95
2026-07-03 09:00:00,12064400.67,,1562082.15
2026-07-03 10:00:00,12038015.96,,1556490.52
2026-07-03 11:00:00,12088731.29,,1561011.91
2026-07-03 12:00:00,12232829.17,,1579529.82
2026-07-03 13:00:00,12417567.51,,1626962.34
2026-07-03 14:00:00,13056791.98,,1797413.71
2026-07-03 15:00:00,14435791.92,,1977673.80
2026-07-03 16:00:00,13984566.55,,1924963.25
2026-07-03 17:00:00,14337168.55,,1947842.07
2026-07-03 18:00:00,14631422.17,,1971107.62
2026-07-03 19:00:00,14279962.67,,1907939.43
2026-07-03 20:00:00,14170192.47,,1875886.60
2026-07-03 21:00:00,14535174.10,,1920191.56
2026-07-03 22:00:00,14298446.55,,1869941.62
2026-07-03 23:00:00,14479014.65,,1901950.08
2026-07-04 00:00:00,14692249.03,,1940360.35
2026-07-04 01:00:00,14821626.15,,1938626.34
2026-07-04 02:00:00,14434227.85,,1911568.13
2026-07-04 03:00:00,14587888.88,,1927009.20
2026-07-04 04:00:00,14460802.57,,1892015.11
2026-07-04 05:00:00,14539098.73,,1908041.63
2026-07-04 06:00:00,14393164.30,,1887648.34
2026-07-04 07:00:00,14264594.95,,1874215.37
2026-07-04 08:00:00,14356953.88,,1899678.64
2026-07-04 09:00:00,14288866.41,,1896443.46
2026-07-04 10:00:00,14476291.03,,1921603.30
2026-07-04 11:00:00,15655600.78,,2193880.13
2026-07-04 12:00:00,15591360.68,,2225802.48
2026-07-04 13:00:00,16286081.48,,2356046.55
2026-07-04 14:00:00,16449249.26,,2393747.96
2026-07-04 15:00:00,16927457.48,,2559145.56
2026-07-04 16:00:00,16570928.25,,2493667.73
2026-07-04 17:00:00,17433589.46,,2815143.35
2026-07-04 18:00:00,17447510.68,,2875525.29
2026-07-04 19:00:00,17754721.77,,2767515.35
2026-07-04 20:00:00,18156270.76,,2823442.03
2026-07-04 21:00:00,17752588.47,,2736894.96
2026-07-04 22:00:00,17192140.27,,2594495.94
2026-07-04 23:00:00,16993491.81,,2442648.30
2026-07-05 00:00:00,16932738.31,,2389307.94
2026-07-05 01:00:00,17108382.03,,2396221.21
2026-07-05 02:00:00,17463739.29,,2437668.44
2026-07-05 03:00:00,17711274.60,,2529869.02
2026-07-05 04:00:00,17914760.36,,2570241.90
2026-07-05 05:00:00,17252770.56,,2389938.87
2026-07-05 06:00:00,17617374.39,,2400978.17
2026-07-05 07:00:00,17655173.35,,2384074.74
2026-07-05 08:00:00,18443690.35,,2497886.66
2026-07-05 09:00:00,17988044.22,,2387320.34
2026-07-05 10:00:00,18032616.81,,2406106.05
2026-07-05 11:00:00,18397516.27,,2460962.81
2026-07-05 12:00:00,18103678.19,,2437820.91
2026-07-05 13:00:00,18258593.70,,2552984.72
2026-07-05 14:00:00,18177385.28,,2513606.92
2026-07-05 15:00:00,18159146.13,,2493695.99
2026-07-05 16:00:00,18016777.65,,2467596.30
2026-07-05 17:00:00,17758711.17,,2418890.56
2026-07-05 18:00:00,17606891.04,,2366070.40
2026-07-05 19:00:00,17618744.54,,2383309.61
2026-07-05 20:00:00,17810438.54,,2385673.47
2026-07-05 21:00:00,17780997.70,,2355510.59
2026-07-05 22:00:00,17812797.47,,2328645.75
2026-07-05 23:00:00,17734395.85,,2317487.98
2026-07-06 00:00:00,17988662.26,,2360936.53
2026-07-06 01:00:00,17953636.35,,2383661.06
2026-07-06 02:00:00,18158546.62,,2437929.57
2026-07-06 03:00:00,18173793.02,,2442047.08
2026-07-06 04:00:00,18319322.36,,2491477.47
2026-07-06 05:00:00,18155098.92,,2478187.57
2026-07-06 06:00:00,17790201.21,,2403615.89
2026-07-06 07:00:00,17564045.14,,2386252.17
2026-07-06 08:00:00,17771016.45,,2425531.37
2026-07-06 09:00:00,17874695.67,,2384267.08
2026-07-06 10:00:00,17817394.48,,2366743.40
2026-07-06 11:00:00,17726313.68,,2341580.20
2026-07-06 12:00:00,17786954.22,,2366493.92
2026-07-06 13:00:00,17718554.81,,2316204.86
2026-07-06 14:00:00,17593699.01,,2347196.94
2026-07-06 15:00:00,18590401.25,,2505932.93
2026-07-06 16:00:00,19103064.04,,2627489.20
2026-07-06 17:00:00,19867990.14,,2726569.12
2026-07-06 18:00:00,19270616.40,,2616614.37
2026-07-06 19:00:00,19379065.04,,2644472.04
2026-07-06 20:00:00,19522279.66,,2693422.43
2026-07-06 21:00:00,19577172.42,,2695926.73
2026-07-06 22:00:00,19354420.85,,2647599.51
2026-07-06 23:00:00,18911359.40,,2578447.19
2026-07-07 00:00:00,18737320.00,,2552654.28
2026-07-07 01:00:00,19043467.67,,2597598.20
2026-07-07 02:00:00,19046492.35,,2569333.02
2026-07-07 03:00:00,18789308.40,,2509131.81
2026-07-07 04:00:00,18979114.07,,2528307.32
2026-07-07 05:00:00,19189025.70,,2574109.48
2026-07-07 06:00:00,19115459.36,,2533438.27
2026-07-07 07:00:00,19600604.81,,2607275.00
2026-07-07 08:00:00,19259617.69,,2576225.62
2026-07-07 09:00:00,19067632.17,,2531054.85
2026-07-07 10:00:00,19195449.23,,2551560.54
2026-07-07 11:00:00,19163519.15,,2545247.98
2026-07-07 12:00:00,19012185.81,,2532891.64
2026-07-07 13:00:00,19246282.97,,2564333.27
2026-07-07 14:00:00,18939443.19,,2514076.53
2026-07-07 15:00:00,19107751.93,,2489291.38
2026-07-07 16:00:00,19033005.94,,2488646.36
2026-07-07 17:00:00,18993783.01,,2504316.78
2026-07-07 18:00:00,18967116.89,,2505904.91
2026-07-07 19:00:00,18737201.92,,2481359.16
2026-07-07 20:00:00,18796129.28,,2481704.43
2026-07-07 21:00:00,18539062.50,,2438572.90
2026-07-07 22:00:00,18206117.74,,2375468.20
2026-07-07 23:00:00,17952179.10,,2326977.73
2026-07-08 00:00:00,17828196.06,,2304243.44
2026-07-08 01:00:00,17551952.51,,2293936.00
2026-07-08 02:00:00,17096916.16,,2295397.93
2026-07-08 03:00:00,16122057.80,,2254134.27
2026-07-08 04:00:00,15970955.47,,2196607.33
2026-07-08 05:00:00,16240066.67,,2251288.67
2026-07-08 06:00:00,16199681.41,,2239756.57
2026-07-08 07:00:00,16146340.84,,2233367.12
2026-07-08 08:00:00,15929593.12,,2240343.97
2026-07-08 09:00:00,15621367.20,,2235455.43
2026-07-08 10:00:00,15532121.89,,2228464.17
2026-07-08 11:00:00,15770655.67,,2229320.84
2026-07-08 12:00:00,15913037.91,,2240688.08
2026-07-08 13:00:00,15571249.72,,2200273.19
2026-07-08 14:00:00,15596664.49,,2192065.73
2026-07-08 15:00:00,15844715.48,,2209076.51
2026-07-08 16:00:00,15520328.96,,2183308.71
2026-07-08 17:00:00,15687337.46,,2202110.99
2026-07-08 18:00:00,15351056.78,,2193935.68
2026-07-08 19:00:00,15251226.23,,2190762.00
2026-07-08 20:00:00,15198647.82,,2189801.59
2026-07-08 21:00:00,14994657.58,,2163307.60
2026-07-08 22:00:00,15160169.72,,2184467.60
2026-07-08 23:00:00,15093216.99,,2186349.17
2026-07-09 00:00:00,15117310.76,,2191247.82
2026-07-09 01:00:00,14958456.61,,2159849.01
2026-07-09 02:00:00,15183828.63,,2179234.32
2026-07-09 03:00:00,15426373.85,,2215863.27
2026-07-09 04:00:00,15677408.21,,2260365.86
2026-07-09 05:00:00,16082936.79,,2298422.85
2026-07-09 06:00:00,15831768.39,,2241019.32
2026-07-09 07:00:00,16339607.42,,2341927.02
2026-07-09 08:00:00,16425103.23,,2347292.09
2026-07-09 09:00:00,16559967.93,,2345071.02
2026-07-09 10:00:00,16373961.55,,2316959.30
2026-07-09 11:00:00,16495453.81,,2343886.58
2026-07-09 12:00:00,16493849.43,,2359216.70
2026-07-09 13:00:00,16339944.86,,2384652.42
2026-07-09 14:00:00,16522313.86,,2388092.83
2026-07-09 15:00:00,16206865.56,,2380081.52
2026-07-09 16:00:00,15896113.19,,2332582.56
2026-07-09 17:00:00,15845848.06,,2309775.89
2026-07-09 18:00:00,16163342.92,,2334082.47
2026-07-09 19:00:00,15866433.99,,2264863.99
2026-07-09 20:00:00,15760726.15,,2251641.46
2026-07-09 21:00:00,15790406.47,,2253116.73
2026-07-09 22:00:00,15729332.56,,2232648.61
2026-07-09 23:00:00,15510256.04,,2206237.17
2026-07-10 00:00:00,15414643.45,,2196335.70
2026-07-10 01:00:00,15443958.88,,2195425.90
2026-07-10 02:00:00,15652354.27,,2222041.66
2026-07-10 03:00:00,15624693.41,,2224311.21
2026-07-10 04:00:00,15783751.74,,2226640.19
2026-07-10 05:00:00,15812197.45,,2233679.24
2026-07-10 06:00:00,15476827.70,,2196756.10
2026-07-10 07:00:00,15458329.00,,2205483.61
2026-07-10 08:00:00,15632789.20,,2206180.41
2026-07-10 09:00:00,15766244.05,,2227406.64
2026-07-10 10:00:00,15681011.07,,2228253.61
2026-07-10 11:00:00,15777885.66,,2274506.34
2026-07-10 12:00:00,15810900.90,,2275693.39
2026-07-10 13:00:00,15645360.87,,2278221.61
2026-07-10 14:00:00,15880722.32,,2304127.46
2026-07-10 15:00:00,15324300.70,,2228449.23
2026-07-10 16:00:00,15491205.98,,2297668.43
2026-07-10 17:00:00,15927036.16,,2380048.14
2026-07-10 18:00:00,15788828.31,,2372531.75
2026-07-10 19:00:00,15837649.46,,2355878.25
2026-07-10 20:00:00,16203629.46,,2386334.91
2026-07-10 21:00:00,16197212.26,,2372381.42
2026-07-10 22:00:00,16594948.13,,2404763.33
2026-07-10 23:00:00,16614252.47,,2406414.28
2026-07-11 00:00:00,16271258.24,,2348167.57
2026-07-11 01:00:00,16151477.47,,2325489.12
2026-07-11 02:00:00,16235546.11,,2338928.11
2026-07-11 03:00:00,16365162.19,,2334303.20
2026-07-11 04:00:00,16431870.05,,2338742.09
2026-07-11 05:00:00,16503206.70,,2327670.31
2026-07-11 06:00:00,16560918.08,,2328096.75
2026-07-11 07:00:00,16418150.52,,2282586.37
2026-07-11 08:00:00,16497652.15,,2265833.70
2026-07-11 09:00:00,16635894.78,,2248084.12
2026-07-11 10:00:00,16835964.91,,2291476.40
2026-07-11 11:00:00,17046419.90,,2301219.06
2026-07-11 12:00:00,17163490.54,,2364561.98
2026-07-11 13:00:00,17209305.02,,2355055.32
2026-07-11 14:00:00,17752602.41,,2460250.03
2026-07-11 15:00:00,18026286.65,,2532547.39
2026-07-11 16:00:00,17863384.97,,2524872.34
2026-07-11 17:00:00,17966200.53,,2527338.09
2026-07-11 18:00:00,18059175.68,,2527040.17
2026-07-11 19:00:00,17968270.96,,2510017.88
2026-07-11 20:00:00,17838337.97,,2475476.44
2026-07-11 21:00:00,17936344.55,,2480735.16
2026-07-11 22:00:00,17876749.62,,2433852.17
2026-07-11 23:00:00,17458817.16,,2386360.59
2026-07-12 00:00:00,17044704.42,,2244477.40
2026-07-12 01:00:00,17345049.75,,2281083.41
2026-07-12 02:00:00,17542037.69,,2357175.14
2026-07-12 03:00:00,17604049.85,,2406460.53
2026-07-12 04:00:00,17408561.99,,2404682.87
2026-07-12 05:00:00,17518805.42,,2413957.00
2026-07-12 06:00:00,17150749.41,,2348529.05
2026-07-12 07:00:00,17418104.92,,2372281.47
2026-07-12 08:00:00,17704164.94,,2422094.07
2026-07-12 09:00:00,17935639.66,,2532014.63
2026-07-12 10:00:00,18278978.88,,2600181.58
2026-07-12 11:00:00,18161239.21,,2630524.90
2026-07-12 12:00:00,17834425.46,,2559416.35
2026-07-12 13:00:00,18146209.59,,2589552.85
2026-07-12 14:00:00,17780415.73,,2528741.81
2026-07-12 15:00:00,17686212.48,,2507173.61
2026-07-12 16:00:00,17480140.26,,2449772.97
2026-07-12 17:00:00,17315880.97,,2427373.47
2026-07-12 18:00:00,17193493.28,,2398177.48
2026-07-12 19:00:00,17183154.74,,2388921.38
2026-07-12 20:00:00,17139862.61,,2361283.12
2026-07-12 21:00:00,17067204.92,,2346326.19
2026-07-12 22:00:00,16958132.74,,2297925.25
2026-07-12 23:00:00,16951254.54,,2316009.77
2026-07-13 00:00:00,17005641.24,,2343029.77
2026-07-13 01:00:00,17117394.46,,2364486.15
2026-07-13 02:00:00,16967413.24,,2371246.20
2026-07-13 03:00:00,16848814.75,,2363672.90
2026-07-13 04:00:00,16491784.89,,2272572.58
2026-07-13 05:00:00,16184286.50,,2211264.83
2026-07-13 06:00:00,15975533.80,,2174381.63
2026-07-13 07:00:00,15982555.68,,2200221.13
2026-07-13 08:00:00,15974852.29,,2206898.45
2026-07-13 09:00:00,16155125.66,,2219461.20
2026-07-13 10:00:00,16042200.82,,2190293.57
2026-07-13 11:00:00,16057940.08,,2189525.92
2026-07-13 12:00:00,16013019.88,,2171538.55
2026-07-13 13:00:00,15975435.74,,2201386.81
2026-07-13 14:00:00,15934117.91,,2187142.70
2026-07-13 15:00:00,15952409.12,,2192800.17
2026-07-13 16:00:00,15600698.79,,2126950.28
2026-07-13 17:00:00,15452939.06,,2110629.64
2026-07-13 18:00:00,15083912.41,,2059241.93
2026-07-13 19:00:00,15035916.54,,2085586.66
2026-07-13 20:00:00,15046427.89,,2054065.95
2026-07-13 21:00:00,15122480.53,,2042412.62
2026-07-13 22:00:00,15040251.57,,2013949.81
2026-07-13 23:00:00,15085066.47,,2011488.39
2026-07-14 00:00:00,15276400.74,,2025058.47
2026-07-14 01:00:00,15469945.32,,2068031.20
2026-07-14 02:00:00,15445343.06,,2031601.59
2026-07-14 03:00:00,15619751.82,,2051501.42
2026-07-14 04:00:00,15671609.24,,2052597.82
2026-07-14 05:00:00,15602244.40,,2039851.20
2026-07-14 06:00:00,15637391.54,,2067955.11
2026-07-14 07:00:00,15807344.49,,2085400.54
2026-07-14 08:00:00,15942969.90,,2098966.62
2026-07-14 09:00:00,15976151.74,,2119662.36
2026-07-14 10:00:00,15862594.43,,2107386.49
2026-07-14 11:00:00,15968696.61,,2120759.76
2026-07-14 12:00:00,16072531.75,,2160224.48
2026-07-14 13:00:00,16618172.73,,2220805.66
2026-07-14 14:00:00,16307105.04,,2185645.70
2026-07-14 15:00:00,16550358.49,,2220879.45
2026-07-14 16:00:00,16359582.59,,2172149.83
2026-07-14 17:00:00,16290009.01,,2150077.15
2026-07-14 18:00:00,16076399.83,,2117914.13
2026-07-14 19:00:00,15971886.76,,2114674.12
2026-07-14 20:00:00,15961214.39,,2093968.49
2026-07-14 21:00:00,16078832.34,,2092561.82
2026-07-14 22:00:00,16099397.98,,2087187.87
2026-07-14 23:00:00,16135819.12,,2090534.83
2026-07-15 00:00:00,16103297.36,,2093244.86
2026-07-15 01:00:00,16100733.22,,2092882.49
2026-07-15 02:00:00,16193618.86,,2097862.71
2026-07-15 03:00:00,16291207.25,,2090627.25
2026-07-15 04:00:00,16403501.18,,2121613.06
2026-07-15 05:00:00,16414307.43,,2127451.19
2026-07-15 06:00:00,16285856.64,,2100921.03
2026-07-15 07:00:00,16247984.50,,2088275.09
2026-07-15 08:00:00,16109746.94,,2067235.46
2026-07-15 09:00:00,16246560.58,,2082522.41
2026-07-15 10:00:00,16345666.43,,2060834.82
2026-07-15 11:00:00,17044438.98,,2274972.22
2026-07-15 12:00:00,17112618.07,,2216182.94
2026-07-15 13:00:00,17441004.92,,2260366.62
2026-07-15 14:00:00,17678916.32,,2279650.45
2026-07-15 15:00:00,17502550.16,,2257188.66
2026-07-15 16:00:00,17859264.08,,2419571.86
2026-07-15 17:00:00,17440683.47,,2302521.43
2026-07-15 18:00:00,17876532.16,,2353328.56
2026-07-15 19:00:00,18109355.20,,2422395.45
2026-07-15 20:00:00,17984627.01,,2443081.27
2026-07-15 21:00:00,18145001.17,,2459765.70
2026-07-15 22:00:00,18221915.81,,2455224.72
2026-07-15 23:00:00,18155741.55,,2449196.86
2026-07-16 00:00:00,17971792.09,,2403978.78
2026-07-16 01:00:00,18155243.04,,2443904.09
2026-07-16 02:00:00,18135812.52,,2468480.30
2026-07-16 03:00:00,18316060.15,,2509692.99
2026-07-16 04:00:00,18524295.13,,2538807.57
2026-07-16 05:00:00,18226092.81,,2457511.79
2026-07-16 06:00:00,17944301.60,,2397718.26
2026-07-16 07:00:00,18123213.31,,2380747.62
2026-07-16 08:00:00,18310735.17,,2430127.77
2026-07-16 09:00:00,18280480.89,,2441457.22
2026-07-16 10:00:00,18051386.56,,2393983.41
2026-07-16 11:00:00,18122267.02,,2431692.37
2026-07-16 12:00:00,18247741.42,,2441719.99
2026-07-16 13:00:00,18271874.72,,2505419.73
2026-07-16 14:00:00,18264197.81,,2528315.82
2026-07-16 15:00:00,18337729.95,,2537495.99
2026-07-16 16:00:00,18259815.26,,2450817.38
2026-07-16 17:00:00,18195200.64,,2423089.14
2026-07-16 18:00:00,18222282.67,,2407065.78
2026-07-16 19:00:00,18239529.61,,2402028.49
2026-07-16 20:00:00,18235113.66,,2403587.08
2026-07-16 21:00:00,18255362.25,,2408258.31
2026-07-16 22:00:00,18375095.11,,2416582.52
2026-07-16 23:00:00,17863359.23,,2382830.07
2026-07-17 00:00:00,17643621.60,,2359613.16
2026-07-17 01:00:00,17969920.86,,2385593.30
2026-07-17 02:00:00,17708300.87,,2345239.66
2026-07-17 03:00:00,17678685.38,,2308997.80
2026-07-17 04:00:00,17823400.84,,2268482.48
2026-07-17 05:00:00,17695965.08,,2238244.62
2026-07-17 06:00:00,17360316.78,,2177171.06
2026-07-17 07:00:00,17336044.68,,2224241.52
2026-07-17 08:00:00,17308397.07,,2216542.54
2026-07-17 09:00:00,17502035.00,,2215175.88
2026-07-17 10:00:00,17808255.36,,2254310.84
2026-07-17 11:00:00,17783475.68,,2256050.88
2026-07-17 12:00:00,17696993.42,,2239844.18
2026-07-17 13:00:00,17490791.98,,2132047.61
2026-07-17 14:00:00,17601803.70,,2104767.64
2026-07-17 15:00:00,17524542.28,,2078513.22
2026-07-17 16:00:00,17594839.30,,2087902.75
2026-07-17 17:00:00,17467770.30,,2054062.87
2026-07-17 18:00:00,17680320.88,,2070065.05
2026-07-17 19:00:00,18087649.68,,2165757.24
2026-07-17 20:00:00,18074398.34,,2186184.12
2026-07-17 21:00:00,17974060.89,,2142740.99
2026-07-17 22:00:00,18014231.36,,2150858.81
2026-07-17 23:00:00,18074337.82,,2152573.72
2026-07-18 00:00:00,18322937.88,,2209320.17
2026-07-18 01:00:00,18362896.61,,2218815.98
2026-07-18 02:00:00,18290653.99,,2225683.29
2026-07-18 03:00:00,18095934.16,,2212083.38
2026-07-18 04:00:00,18195801.50,,2231873.28
2026-07-18 05:00:00,18112238.65,,2166116.43
2026-07-18 06:00:00,17977476.94,,2168690.80
2026-07-18 07:00:00,18072302.02,,2169490.93
2026-07-18 08:00:00,18809033.08,,2278124.56
2026-07-18 09:00:00,18799226.25,,2303417.40
2026-07-18 10:00:00,19417740.55,,2438409.71
2026-07-18 11:00:00,19743048.95,,2606412.14
2026-07-18 12:00:00,20269098.58,,2824926.53
2026-07-18 13:00:00,20536447.19,,3036041.66
2026-07-18 14:00:00,20772296.88,,3121070.04
2026-07-18 15:00:00,20762966.66,,3169896.00
2026-07-18 16:00:00,20856636.81,,3235903.42
2026-07-18 17:00:00,20871980.12,,3238885.67
2026-07-18 18:00:00,20965966.03,,3241181.62
2026-07-18 19:00:00,20801479.70,,3155743.09
2026-07-18 20:00:00,21014603.38,,3128792.69
2026-07-18 21:00:00,20712567.15,,3065272.50
2026-07-18 22:00:00,20506148.81,,3002324.39
2026-07-18 23:00:00,20578399.72,,2974528.06
2026-07-19 00:00:00,20350523.20,,2948980.31
2026-07-19 01:00:00,20386225.62,,2931979.24
2026-07-19 02:00:00,20600566.84,,2957257.14
2026-07-19 03:00:00,20807878.08,,2945087.45
2026-07-19 04:00:00,20188484.12,,2810996.03
2026-07-19 05:00:00,20278327.90,,2796801.73
2026-07-19 06:00:00,20215064.44,,2780024.94
2026-07-19 07:00:00,20172861.39,,2754283.70
2026-07-19 08:00:00,20034250.72,,2687564.22
2026-07-19 09:00:00,20065409.35,,2668571.34
2026-07-19 10:00:00,20257517.71,,2627256.76
2026-07-19 11:00:00,20177237.10,,2606761.50
2026-07-19 12:00:00,20002863.68,,2553601.81
2026-07-19 13:00:00,19961317.94,,2551777.30
2026-07-19 14:00:00,20050833.22,,2536485.47
2026-07-19 15:00:00,20016263.05,,2509387.07
2026-07-19 16:00:00,20042558.91,,2504244.29
2026-07-19 17:00:00,19989573.72,,2494866.13
2026-07-19 18:00:00,20062576.96,,2505235.21
2026-07-19 19:00:00,20015674.85,,2486476.99
2026-07-19 20:00:00,20417225.12,,2578527.24
2026-07-19 21:00:00,20216825.28,,2567625.08
2026-07-19 22:00:00,19989747.91,,2515325.83
2026-07-19 23:00:00,19896261.49,,2479026.75
2026-07-20 00:00:00,19869208.33,,2470105.62
2026-07-20 01:00:00,19873531.62,,2492208.06
2026-07-20 02:00:00,19909279.30,,2471126.76
2026-07-20 03:00:00,19869190.05,,2453142.03
2026-07-20 04:00:00,19990608.57,,2468168.41
2026-07-20 05:00:00,19829067.86,,2440768.48
2026-07-20 06:00:00,19728399.72,,2486709.08
2026-07-20 07:00:00,19661537.73,,2430347.31
2026-07-20 08:00:00,19635398.75,,2408546.98
2026-07-20 09:00:00,19270314.81,,2349124.45
2026-07-20 10:00:00,19202610.67,,2340902.26
2026-07-20 11:00:00,19216737.64,,2336700.65
2026-07-20 12:00:00,19623026.63,,2347769.70
2026-07-20 13:00:00,19784848.37,,2336961.70
2026-07-20 14:00:00,19454118.54,,2281352.85
2026-07-20 15:00:00,19480464.12,,2289867.92
2026-07-20 16:00:00,19683905.47,,2393223.45
2026-07-20 17:00:00,19599624.91,,2392221.84
2026-07-20 18:00:00,19905686.98,,2517454.33
2026-07-20 19:00:00,19871580.46,,2518011.78
2026-07-20 20:00:00,19956479.93,,2511147.10
2026-07-20 21:00:00,20229801.87,,2538378.46
2026-07-20 22:00:00,20189193.78,,2510259.64
2026-07-20 23:00:00,20268779.36,,2520079.65
2026-07-21 00:00:00,20420859.87,,2574252.57
2026-07-21 01:00:00,20469385.13,,2714220.31
2026-07-21 02:00:00,20385773.99,,2725434.06
2026-07-21 03:00:00,20328637.03,,2713358.24
2026-07-21 04:00:00,20556570.02,,2726695.36
2026-07-21 05:00:00,20732481.01,,2849696.37
2026-07-21 06:00:00,20629227.68,,2838308.62
2026-07-21 07:00:00,20687374.76,,2846159.46
2026-07-21 08:00:00,20637610.09,,2815547.19
2026-07-21 09:00:00,20719696.30,,2829914.38
2026-07-21 10:00:00,20570921.11,,2765584.06
2026-07-21 11:00:00,20536280.20,,2786356.84
2026-07-21 12:00:00,20400926.47,,2771875.46
2026-07-21 13:00:00,20369484.60,,2768076.78
2026-07-21 14:00:00,20363661.99,,2791539.62
2026-07-21 15:00:00,20310019.52,,2785156.69
2026-07-21 16:00:00,20411480.00,,2795837.97
2026-07-21 17:00:00,20185295.51,,2714838.05
2026-07-21 18:00:00,20255611.46,,2703244.92
2026-07-21 19:00:00,20387424.76,,2733080.82
2026-07-21 20:00:00,20352558.48,,2708918.70
2026-07-21 21:00:00,20519407.70,,2729837.37
2026-07-21 22:00:00,20380289.11,,2708239.75
2026-07-21 23:00:00,20367068.69,,2676524.60
2026-07-22 00:00:00,20422702.07,,2658381.09
2026-07-22 01:00:00,20278597.71,,2671190.08
2026-07-22 02:00:00,20109882.87,,2626721.32
2026-07-22 03:00:00,20086413.54,,2611440.14
2026-07-22 04:00:00,20005314.40,,2580262.94
2026-07-22 05:00:00,20420261.61,,2650574.83
2026-07-22 06:00:00,20236379.85,,2620636.28
2026-07-22 07:00:00,20318926.02,,2643083.90
2026-07-22 08:00:00,20336667.94,,2668940.62
2026-07-22 09:00:00,21231958.50,,3093953.75
2026-07-22 10:00:00,21686301.66,,3120738.09
2026-07-22 11:00:00,22002604.23,,3203058.96
2026-07-22 12:00:00,22141325.49,,3245659.51
2026-07-22 13:00:00,22052892.66,,3214909.29
2026-07-22 14:00:00,22121114.12,,3220324.14
2026-07-22 15:00:00,21839234.63,,3162203.93
2026-07-22 16:00:00,21295061.33,,3053931.37
2026-07-22 17:00:00,21276117.89,,3080714.30
2026-07-22 18:00:00,21082151.64,,3070861.97
2026-07-22 19:00:00,21044776.16,,3038066.43
2026-07-22 20:00:00,21056946.90,,3005270.70
2026-07-22 21:00:00,21210711.78,,3012175.13
2026-07-22 22:00:00,21253087.21,,2977540.90
2026-07-22 23:00:00,21191661.01,,2945262.50
2026-07-23 00:00:00,21259420.17,,2945500.68
2026-07-23 01:00:00,21272062.76,,2946122.78
2026-07-23 02:00:00,21378809.85,,2952629.66
2026-07-23 03:00:00,21446935.00,,2951968.91
2026-07-23 04:00:00,21192638.78,,2907009.19
2026-07-23 05:00:00,20974778.20,,2874763.00
2026-07-23 06:00:00,21057439.85,,2876785.25
2026-07-23 07:00:00,21143515.16,,2872230.80
2026-07-23 08:00:00,21058513.59,,2845721.83
2026-07-23 09:00:00,21124212.22,,2853487.95
2026-07-23 10:00:00,21110143.75,,2857470.53
2026-07-23 11:00:00,21098591.47,,2851866.38
2026-07-23 12:00:00,21052810.02,,2839157.11
2026-07-23 13:00:00,20670234.53,,2765741.34
2026-07-23 14:00:00,20402120.13,,2639449.67
2026-07-23 15:00:00,20714400.61,,2647349.69
2026-07-23 16:00:00,20737325.11,,2611617.87
2026-07-23 17:00:00,20664110.96,,2573582.62
2026-07-23 18:00:00,20652897.72,,2547584.08
2026-07-23 19:00:00,20609917.02,,2506528.05
2026-07-23 20:00:00,20349163.49,,2470053.38
2026-07-23 21:00:00,20623410.98,,2490440.32
2026-07-23 22:00:00,20604069.51,,2484285.34
2026-07-23 23:00:00,20624005.49,,2493826.97
2026-07-24 00:00:00,20603086.96,,2498514.98
2026-07-24 01:00:00,20586400.60,,2501589.61
2026-07-24 02:00:00,20608486.64,,2490138.77
2026-07-24 03:00:00,20703311.85,,2477835.36
2026-07-24 04:00:00,20673947.70,,2477629.59
2026-07-24 05:00:00,20663026.04,,2486653.70
2026-07-24 06:00:00,20650758.31,,2483186.87
2026-07-24 07:00:00,20825548.46,,2497731.13
2026-07-24 08:00:00,20867299.17,,2490998.38
2026-07-24 09:00:00,20761755.15,,2497660.17
2026-07-24 10:00:00,20682841.43,,2514603.51
2026-07-24 11:00:00,20661278.12,,2517306.58
2026-07-24 12:00:00,20700843.44,,2457050.76
2026-07-24 13:00:00,20506380.10,,2413887.56
2026-07-24 14:00:00,20490975.33,,2456166.74
2026-07-24 15:00:00,20584340.78,,2392868.88
2026-07-24 16:00:00,20329115.08,,2321949.73
2026-07-24 17:00:00,20045591.43,,2311350.66
2026-07-24 18:00:00,19892851.04,,2319751.37
2026-07-24 19:00:00,19867311.17,,2289645.78
2026-07-24 20:00:00,19711376.60,,2347310.54
2026-07-24 21:00:00,19670058.59,,2382246.50
2026-07-24 22:00:00,19023028.21,,2283853.77
2026-07-24 23:00:00,18837950.47,,2312790.33
2026-07-25 00:00:00,18903809.83,,2328575.48
2026-07-25 01:00:00,18783977.82,,2253027.36
2026-07-25 02:00:00,18942669.05,,2207919.81
2026-07-25 03:00:00,19147996.07,,2211596.85
2026-07-25 04:00:00,19053225.89,,2193476.90
2026-07-25 05:00:00,19052401.40,,2189949.56
2026-07-25 06:00:00,19073495.07,,2182002.25
2026-07-25 07:00:00,18985364.36,,2176573.31
2026-07-25 08:00:00,18842483.80,,2114779.13
2026-07-25 09:00:00,18848820.55,,2119459.76
2026-07-25 10:00:00,19005036.98,,2096787.26
2026-07-25 11:00:00,18993439.03,,2097477.15
2026-07-25 12:00:00,18909128.11,,2095270.72
2026-07-25 13:00:00,19034234.18,,2107978.47
2026-07-25 14:00:00,18952329.58,,2099779.03
2026-07-25 15:00:00,18825628.18,,2092620.70
2026-07-25 16:00:00,18803755.64,,2090815.13
2026-07-25 17:00:00,18663770.02,,2113376.16
2026-07-25 18:00:00,18814678.55,,2126668.33
2026-07-25 19:00:00,18853124.83,,2130346.94
2026-07-25 20:00:00,18837919.40,,2140738.19
2026-07-25 21:00:00,18823482.13,,2142694.15
2026-07-25 22:00:00,18812240.49,,2120936.68
2026-07-25 23:00:00,18723764.66,,2100243.74
2026-07-26 00:00:00,18650507.04,,2090622.16
2026-07-26 01:00:00,18419300.87,,2047579.75
2026-07-26 02:00:00,18424920.41,,2039015.95
2026-07-26 03:00:00,18430593.96,,2046414.26
2026-07-26 04:00:00,18403098.95,,2035867.72
2026-07-26 05:00:00,18400037.58,,2034824.11
2026-07-26 06:00:00,18627093.09,,2097838.29
2026-07-26 07:00:00,18649866.31,,2088108.83
2026-07-26 08:00:00,18682292.46,,2083639.46
2026-07-26 09:00:00,18758012.31,,2105497.29
2026-07-26 10:00:00,18774235.39,,2115508.18
2026-07-26 11:00:00,18979820.64,,2157218.52
2026-07-26 12:00:00,19300212.23,,2207870.72
2026-07-26 13:00:00,19347098.74,,2239531.61
2026-07-26 14:00:00,19268502.74,,2214736.74
2026-07-26 15:00:00,19206330.91,,2199826.66
2026-07-26 16:00:00,19263709.47,,2202001.96
2026-07-26 17:00:00,19818313.33,,2361533.04
2026-07-26 18:00:00,19426743.76,,2279355.80
2026-07-26 19:00:00,19277779.16,,2221806.82
2026-07-26 20:00:00,19214794.35,,2227055.70
2026-07-26 21:00:00,19411958.40,,2237254.18
2026-07-26 22:00:00,19558270.75,,2275040.40
2026-07-26 23:00:00,19794085.90,,2290810.52
2026-07-27 00:00:00,19626025.41,,2249989.41
2026-07-27 01:00:00,19581779.03,,2241865.46
2026-07-27 02:00:00,19789339.08,,2273420.24
2026-07-27 03:00:00,19681125.32,,2288827.18
2026-07-27 04:00:00,19636504.50,,2278299.60
2026-07-27 05:00:00,19821454.92,,2292285.32
2026-07-27 06:00:00,20030013.39,,2316534.99
2026-07-27 07:00:00,20088612.72,,2293186.44
2026-07-27 08:00:00,19889541.62,,2279338.42
2026-07-27 09:00:00,19750038.34,,2255715.00
2026-07-27 10:00:00,19597018.78,,2277928.78
2026-07-27 11:00:00,19628865.07,,2282750.51
2026-07-27 12:00:00,19298607.05,,2276707.90
2026-07-27 13:00:00,19531597.84,,2296954.37
2026-07-27 14:00:00,19392815.40,,2325931.07
2026-07-27 15:00:00,18737764.73,,2218312.21
2026-07-27 16:00:00,18535771.25,,2239115.67
2026-07-27 17:00:00,18704224.50,,2257560.74
2026-07-27 18:00:00,18451601.12,,2233726.89
2026-07-27 19:00:00,18400788.07,,2226193.15
2026-07-27 20:00:00,18556549.64,,2249476.37
2026-07-27 21:00:00,18541929.66,,2248195.70
2026-07-27 22:00:00,19027839.07,,2267238.86
2026-07-27 23:00:00,18532946.84,,2180784.60
2026-07-28 00:00:00,18747598.97,,2162437.82
2026-07-28 01:00:00,18646655.98,,2155649.71
2026-07-28 02:00:00,18675159.63,,2172790.26
2026-07-28 03:00:00,18891492.29,,2150037.82
2026-07-28 04:00:00,19201697.77,,2214718.14
2026-07-28 05:00:00,19235561.32,,2191294.08
2026-07-28 06:00:00,19035042.00,,2179100.96
2026-07-28 07:00:00,18875337.03,,2143234.82
2026-07-28 08:00:00,18664868.59,,2122444.14
2026-07-28 09:00:00,18686695.44,,2093644.73
2026-07-28 10:00:00,18634771.50,,2054632.39
2026-07-28 11:00:00,18541080.03,,2032352.78
2026-07-28 12:00:00,18576586.79,,2036441.16
2026-07-28 13:00:00,18808147.20,,2012131.78
2026-07-28 14:00:00,18527608.40,,2032613.95
2026-07-28 15:00:00,18886319.08,,2040659.82
2026-07-28 16:00:00,19074764.93,,2095488.01
2026-07-28 17:00:00,18741049.44,,2091086.85
2026-07-28 18:00:00,18602102.61,,2086425.90
2026-07-28 19:00:00,18712736.32,,2095090.07
2026-07-28 20:00:00,18725379.44,,2104720.03
2026-07-28 21:00:00,18738702.01,,2098314.49
2026-07-28 22:00:00,18554592.43,,2077714.49
2026-07-28 23:00:00,18451409.51,,2117500.99
2026-07-29 00:00:00,18482005.82,,2125307.72
2026-07-29 01:00:00,18947155.88,,2201853.38
2026-07-29 02:00:00,18500430.71,,2188289.73
2026-07-29 03:00:00,18390345.35,,2177328.64
2026-07-29 04:00:00,17626144.81,,2086129.92
2026-07-29 05:00:00,17622328.12,,2037391.16
2026-07-29 06:00:00,17883022.60,,2071702.75
2026-07-29 07:00:00,17982691.20,,2056463.83
2026-07-29 08:00:00,18143182.15,,2066577.21
2026-07-29 09:00:00,18056032.67,,2046328.29
2026-07-29 10:00:00,18156516.50,,2131423.72
2026-07-29 11:00:00,18014470.44,,2167338.70
2026-07-29 12:00:00,18019519.10,,2159203.33
2026-07-29 13:00:00,17866792.91,,2118203.61
2026-07-29 14:00:00,18160767.14,,2156079.60
2026-07-29 15:00:00,17948812.79,,2132932.10
2026-07-29 16:00:00,17937041.51,,2127387.84
2026-07-29 17:00:00,17753101.42,,2072030.80
2026-07-29 18:00:00,18043925.93,,2102733.08
2026-07-29 19:00:00,18305206.39,,2158894.16
2026-07-29 20:00:00,17900204.42,,2116848.80
2026-07-29 21:00:00,17578630.58,,2057108.91
2026-07-29 22:00:00,17631757.28,,2049763.97
2026-07-29 23:00:00,17780887.48,,2077352.09
2026-07-30 00:00:00,17868355.86,,2077292.68
2026-07-30 01:00:00,17667047.78,,2037722.79
2026-07-30 02:00:00,17923430.81,,2051191.68
2026-07-30 03:00:00,17913849.22,,2090774.66
2026-07-30 04:00:00,18109271.04,,2096186.53
2026-07-30 05:00:00,18068526.33,,2010831.68
2026-07-30 06:00:00,18184618.89,,2006892.87
2026-07-30 07:00:00,18229220.44,,1993745.26
2026-07-30 08:00:00,18030182.10,,1950308.46
2026-07-30 09:00:00,18133628.07,,1967162.93
2026-07-30 10:00:00,18213692.68,,1984869.36
2026-07-30 11:00:00,18030756.15,,1952366.27
2026-07-30 12:00:00,18251162.52,,1949701.37
2026-07-30 13:00:00,18338320.81,,1925666.62
2026-07-30 14:00:00,18408101.64,,1913012.75
2026-07-30 15:00:00,18196740.94,,1874353.49
2026-07-30 16:00:00,18192912.99,,1874192.33
2026-07-30 17:00:00,18077770.35,,1837581.93
2026-07-30 18:00:00,18060213.80,,1821780.92
2026-07-30 19:00:00,18042591.61,,1819119.35
2026-07-30 20:00:00,18169057.81,,1866894.63
2026-07-30 21:00:00,18159044.78,,1859160.00
2026-07-30 22:00:00,18138945.87,,1865320.32
2026-07-30 23:00:00,18215188.85,,1859599.33
2026-07-31 00:00:00,18292838.31,,1846406.00
2026-07-31 01:00:00,18316524.50,,1883233.53
2026-07-31 02:00:00,18172360.03,,1862106.78
2026-07-31 03:00:00,18250029.85,,1878651.43
2026-07-31 04:00:00,18308334.14,,1881019.64
2026-07-31 05:00:00,18214120.70,,1858939.92
2026-07-31 06:00:00,18376536.87,,1868337.04
2026-07-31 07:00:00,18576205.30,,1888314.32
2026-07-31 08:00:00,18476156.67,,1877702.36
2026-07-31 09:00:00,18393054.73,,1850662.64
2026-07-31 10:00:00,18328271.15,,1855465.93
2026-07-31 11:00:00,18424101.69,,1881319.47
2026-07-31 12:00:00,18289156.05,,1865578.21
2026-07-31 13:00:00,18436160.38,,1871448.17
2026-07-31 14:00:00,18332940.49,,1862625.71
2026-07-31 15:00:00,18399361.65,,1877461.98
2026-07-31 16:00:00,18276597.76,,1865868.90
2026-07-31 17:00:00,18522304.82,,1859796.26
2026-07-31 18:00:00,19015307.63,,1926632.66
2026-07-31 19:00:00,18603457.72,,1905710.34
2026-07-31 20:00:00,18591208.85,,1897463.67
2026-07-31 21:00:00,18697347.74,,1879128.99
2026-07-31 22:00:00,18839637.97,,1868781.02
2026-07-31 23:00:00,18793771.13,,1971479.30
2026-08-01 00:00:00,18696352.37,,1943011.95
2026-08-01 01:00:00,18718014.54,,1940445.57
2026-08-01 02:00:00,18626496.35,,1910690.34
2026-08-01 03:00:00,18553472.93,,1869786.23
2026-08-01 04:00:00,18535432.49,,1848664.53
2026-08-01 05:00:00,18481887.10,,1840098.85
2026-08-01 06:00:00,18370511.36,,1826189.40
2026-08-01 07:00:00,18369650.26,,1825249.45
2026-08-01 08:00:00,18361160.43,,1842119.52
2026-08-01 09:00:00,18586381.05,,1886197.13
2026-08-01 10:00:00,18287780.14,,1861790.16
2026-08-01 11:00:00,18258547.71,,1833544.53
2026-08-01 12:00:00,18250265.10,,1824163.86
2026-08-01 13:00:00,18205686.01,,1817411.31
2026-08-01 14:00:00,18191004.28,,1803140.68
2026-08-01 15:00:00,18164001.91,,1804968.43
2026-08-01 16:00:00,18089024.59,,1793606.00
2026-08-01 17:00:00,18090681.73,,1796363.81
2026-08-01 18:00:00,17981636.47,,1782114.93
2026-08-01 19:00:00,17637598.94,,1750021.72
2026-08-01 20:00:00,17772394.58,,1755814.40
2026-08-01 21:00:00,17939351.22,,1759832.29
2026-08-01 22:00:00,17993829.98,,1755197.13
2026-08-01 23:00:00,17928287.23,,1751955.75
2026-08-02 00:00:00,17951628.83,,1795576.60
2026-08-02 01:00:00,18032149.62,,1823682.88
2026-08-02 02:00:00,18156455.33,,1836295.57
2026-08-02 03:00:00,18233615.60,,1807076.46
2026-08-02 04:00:00,18455190.22,,1807768.58
2026-08-02 05:00:00,18534250.54,,1824151.02
2026-08-02 06:00:00,18687526.36,,1903406.24
2026-08-02 07:00:00,18573833.73,,1934345.30
2026-08-02 08:00:00,18578599.54,,1871161.76
2026-08-02 09:00:00,18515133.67,,1891358.11
2026-08-02 10:00:00,18416264.35,,1870201.98
2026-08-02 11:00:00,18290075.61,,1889292.77
2026-08-02 12:00:00,18264432.78,,1860324.98
2026-08-02 13:00:00,18363906.74,,1870739.78
2026-08-02 14:00:00,18237166.28,,1867888.47
2026-08-02 15:00:00,18293621.28,,1869132.94
2026-08-02 16:00:00,18224217.40,,1851759.05
2026-08-02 17:00:00,18160459.07,,1846196.54
2026-08-02 18:00:00,18241102.58,,1842847.50
2026-08-02 19:00:00,18182658.53,,1845087.62
2026-08-02 20:00:00,18232008.79,,1845739.58
2026-08-02 21:00:00,18186692.66,,1833778.56
2026-08-02 22:00:00,18311692.53,,1832694.80
2026-08-02 23:00:00,18192268.04,,1815331.88
2026-08-03 00:00:00,18192116.63,,1814744.59
2026-08-03 01:00:00,18070209.26,,1775903.71
2026-08-03 02:00:00,18079753.88,,1799393.56
2026-08-03 03:00:00,18127461.62,,1800059.86
2026-08-03 04:00:00,18125003.03,,1801089.80
2026-08-03 05:00:00,18032922.98,,1782310.26
2026-08-03 06:00:00,18202364.97,,1791078.51
2026-08-03 07:00:00,18118847.77,,1778778.15
2026-08-03 08:00:00,18250759.17,,1785886.56
2026-08-03 09:00:00,18262251.55,,1789865.17
2026-08-03 10:00:00,18352022.60,,1808681.27
2026-08-03 11:00:00,17906181.18,,1778467.59
2026-08-03 12:00:00,17769490.40,,1759638.99
2026-08-03 13:00:00,17831547.11,,1789185.09
2026-08-03 14:00:00,18003282.22,,1805415.29
2026-08-03 15:00:00,18026364.75,,1786135.37
2026-08-03 16:00:00,18079272.02,,1778151.94
2026-08-03 17:00:00,18261160.52,,1792231.08
2026-08-03 18:00:00,18317062.98,,1778032.11
2026-08-03 19:00:00,18399339.15,,1785595.55
2026-08-03 20:00:00,18322164.51,,1761584.06
2026-08-03 21:00:00,18404690.43,,1765649.93
2026-08-03 22:00:00,18307111.24,,1746006.12
2026-08-03 23:00:00,18180304.69,,1740368.65
2026-08-04 00:00:00,18445464.19,,1754464.70
2026-08-04 01:00:00,18265995.08,,1761096.16
2026-08-04 02:00:00,18203454.11,,1751036.97
2026-08-04 03:00:00,18190822.38,,1751814.44
2026-08-04 04:00:00,18193058.41,,1745588.48
2026-08-04 05:00:00,18101578.65,,1755852.52
2026-08-04 06:00:00,18063620.09,,1746811.32
2026-08-04 07:00:00,17978359.43,,1745381.45
2026-08-04 08:00:00,17969778.18,,1738939.33
2026-08-04 09:00:00,17909379.50,,1751100.88
2026-08-04 10:00:00,17803614.21,,1761287.22
2026-08-04 11:00:00,17663851.94,,1824479.65
2026-08-04 12:00:00,18030172.71,,1956454.04
2026-08-04 13:00:00,17964532.21,,1961098.40
2026-08-04 14:00:00,17862799.35,,2001722.30
2026-08-04 15:00:00,17176603.24,,1978505.57
2026-08-04 16:00:00,16882361.83,,2101854.31
2026-08-04 17:00:00,16762543.24,,2140865.70
2026-08-04 18:00:00,16966418.33,,2165332.30
2026-08-04 19:00:00,17019287.95,,2168085.46
2026-08-04 20:00:00,16923611.44,,2171488.10
2026-08-04 21:00:00,16728202.97,,2177632.33
2026-08-04 22:00:00,16662904.26,,2165221.70
2026-08-04 23:00:00,16700464.27,,2173789.40
2026-08-05 00:00:00,16456937.89,,2122479.00
2026-08-05 01:00:00,16123229.54,,2093168.36
2026-08-05 02:00:00,16554508.73,,2103477.50
2026-08-05 03:00:00,16545579.58,,2094578.94
2026-08-05 04:00:00,16440026.63,,2086971.20
2026-08-05 05:00:00,16362652.23,,2085750.96
2026-08-05 06:00:00,16626088.60,,2104902.88
2026-08-05 07:00:00,16712067.18,,2082145.95
2026-08-05 08:00:00,16714019.01,,2095156.39
2026-08-05 09:00:00,16584719.10,,2070958.34
2026-08-05 10:00:00,16618951.71,,2081317.68
2026-08-05 11:00:00,16724815.83,,2092383.97
2026-08-05 12:00:00,16528324.36,,2072204.45
2026-08-05 13:00:00,16533351.56,,2047147.71
2026-08-05 14:00:00,16407124.30,,2057542.00
2026-08-05 15:00:00,16889766.18,,2104928.01
2026-08-05 16:00:00,16529147.98,,2053115.02
2026-08-05 17:00:00,16778729.92,,2054239.29
2026-08-05 18:00:00,16730491.41,,2067542.73
2026-08-05 19:00:00,16691603.05,,2075433.60
2026-08-05 20:00:00,16664317.16,,2081503.65
2026-08-05 21:00:00,16679338.70,,2090687.93
2026-08-05 22:00:00,16612600.19,,2078243.60
2026-08-05 23:00:00,17183599.06,,2105493.65
2026-08-06 00:00:00,17334218.12,,2105729.00
2026-08-06 01:00:00,17259104.87,,2080121.38
2026-08-06 02:00:00,16980143.43,,2043892.85
2026-08-06 03:00:00,16905290.42,,2028566.90
2026-08-06 04:00:00,16872332.72,,2008852.91
2026-08-06 05:00:00,16759832.44,,1999532.53
2026-08-06 06:00:00,16975143.91,,2019713.77
2026-08-06 07:00:00,17107530.04,,2023421.15
2026-08-06 08:00:00,17024613.70,,2008578.08
2026-08-06 09:00:00,16515785.68,,1969567.83
2026-08-06 10:00:00,16314846.33,,1962369.95
2026-08-06 11:00:00,16322900.92,,1963493.00
2026-08-06 12:00:00,16499539.97,,1991540.73
2026-08-06 13:00:00,16372629.12,,1970072.77
2026-08-06 14:00:00,16519740.45,,1983995.89
2026-08-06 15:00:00,16623847.75,,1962036.17
2026-08-06 16:00:00,16540144.57,,1944331.52
2026-08-06 17:00:00,16470449.22,,1957830.82
2026-08-06 18:00:00,16474959.12,,1969568.11
2026-08-06 19:00:00,16359641.43,,1933598.31
2026-08-06 20:00:00,16275078.08,,1908178.68
2026-08-06 21:00:00,16482574.78,,1911353.52
2026-08-06 22:00:00,16721033.60,,1927845.70
2026-08-06 23:00:00,16714915.25,,1922024.62
2026-08-07 00:00:00,16838801.33,,1925103.23
2026-08-07 01:00:00,16750201.01,,1889803.81
2026-08-07 02:00:00,16783750.96,,1890297.72
2026-08-07 03:00:00,17065852.11,,1901704.00
2026-08-07 04:00:00,16918450.77,,1863570.32
2026-08-07 05:00:00,17010694.89,,1872299.89
2026-08-07 06:00:00,17120679.50,,1880328.27
2026-08-07 07:00:00,17166635.84,,1879529.86
2026-08-07 08:00:00,17183429.22,,1865797.84
2026-08-07 09:00:00,17229818.24,,1865756.75
2026-08-07 10:00:00,17148393.87,,1866525.68
2026-08-07 11:00:00,17467703.76,,1855146.75
2026-08-07 12:00:00,18152503.94,,1883133.91
2026-08-07 13:00:00,18464948.04,,1943220.34
2026-08-07 14:00:00,18346203.44,,1910890.78
2026-08-07 15:00:00,17999968.29,,1827754.26
2026-08-07 16:00:00,18322485.59,,1832632.47
2026-08-07 17:00:00,18411127.95,,1807088.82
2026-08-07 18:00:00,18614953.78,,1833470.85
2026-08-07 19:00:00,18440442.22,,1851261.79
2026-08-07 20:00:00,18627863.38,,1883611.45
2026-08-07 21:00:00,18175800.56,,1858693.94
2026-08-07 22:00:00,18064682.04,,1836688.94
2026-08-07 23:00:00,18112904.95,,1827140.70
2026-08-08 00:00:00,18043634.57,,1825948.84
2026-08-08 01:00:00,17925543.10,,1769245.53
2026-08-08 02:00:00,17930981.24,,1754546.27
2026-08-08 03:00:00,18067593.19,,1760461.52
2026-08-08 04:00:00,17992521.15,,1751209.64
2026-08-08 05:00:00,18137983.38,,1760465.59
2026-08-08 06:00:00,18108407.59,,1761145.48
2026-08-08 07:00:00,18195313.44,,1763272.92
2026-08-08 08:00:00,18068614.22,,1753443.76
2026-08-08 09:00:00,18075742.92,,1736011.30
2026-08-08 10:00:00,18091197.54,,1733973.26
2026-08-08 11:00:00,18025211.98,,1729368.19
2026-08-08 12:00:00,17985013.57,,1738920.07
2026-08-08 13:00:00,17945419.33,,1727041.86
2026-08-08 14:00:00,17996419.49,,1730174.97
2026-08-08 15:00:00,18088694.46,,1732171.62
2026-08-08 16:00:00,18138247.47,,1728822.95
2026-08-08 17:00:00,18172155.13,,1728161.96
2026-08-08 18:00:00,18210400.81,,1735315.05
2026-08-08 19:00:00,18272102.24,,1740085.01
2026-08-08 20:00:00,18283316.44,,1741685.22
2026-08-08 21:00:00,18364577.72,,1748558.15
2026-08-08 22:00:00,18328604.98,,1749096.32
2026-08-08 23:00:00,18161630.14,,1731649.13
2026-08-09 00:00:00,18099436.99,,1724002.65
2026-08-09 01:00:00,18000459.66,,1772878.48
2026-08-09 02:00:00,17959523.75,,1761250.68
2026-08-09 03:00:00,17964818.95,,1758161.60
2026-08-09 04:00:00,18061209.74,,1757468.88
2026-08-09 05:00:00,18185426.08,,1765756.61
2026-08-09 06:00:00,18238228.26,,1766395.26
2026-08-09 07:00:00,18369782.72,,1800464.76
2026-08-09 08:00:00,18336169.94,,1789789.31
2026-08-09 09:00:00,18228889.73,,1764372.30
2026-08-09 10:00:00,18396461.26,,1770145.42
2026-08-09 11:00:00,18287948.06,,1753154.29
2026-08-09 12:00:00,18330898.75,,1754285.50
2026-08-09 13:00:00,18365836.99,,1762689.93
2026-08-09 14:00:00,18504415.17,,1780352.62
2026-08-09 15:00:00,18601572.49,,1782228.72
2026-08-09 16:00:00,18560075.64,,1782685.60
2026-08-09 17:00:00,18494972.46,,1765266.06
2026-08-09 18:00:00,18266461.09,,1760353.00
2026-08-09 19:00:00,18335211.67,,1768541.28
2026-08-09 20:00:00,18186698.65,,1744990.06
2026-08-09 21:00:00,18147553.96,,1740476.72
2026-08-09 22:00:00,18181611.55,,1731478.63
2026-08-09 23:00:00,17944176.24,,1785024.60
2026-08-10 00:00:00,17732666.96,,1754976.39
2026-08-10 01:00:00,17893822.34,,1784269.91
2026-08-10 02:00:00,18164665.41,,1790126.28
2026-08-10 03:00:00,18119515.43,,1733180.87
2026-08-10 04:00:00,18212724.43,,1774586.68
2026-08-10 05:00:00,18230341.41,,1793786.80
2026-08-10 06:00:00,18241598.42,,1814307.05
2026-08-10 07:00:00,17981792.58,,1761981.15
2026-08-10 08:00:00,18057693.44,,1753092.06
2026-08-10 09:00:00,18312625.46,,1802535.90
2026-08-10 10:00:00,18300113.59,,1827864.17
2026-08-10 11:00:00,18354005.62,,1848570.96
2026-08-10 12:00:00,18445729.95,,1838095.05
2026-08-10 13:00:00,18476902.33,,1828133.01
2026-08-10 14:00:00,18229491.32,,1799394.78
2026-08-10 15:00:00,18131788.50,,1776180.31
2026-08-10 16:00:00,18146040.81,,1777278.76
2026-08-10 17:00:00,18060791.98,,1795898.36
2026-08-10 18:00:00,18134914.91,,1881966.92
2026-08-10 19:00:00,17908954.93,,1873009.96
2026-08-10 20:00:00,18056900.79,,1922680.69
2026-08-10 21:00:00,17927307.01,,1912717.58
2026-08-10 22:00:00,17773060.84,,1875329.53
2026-08-10 23:00:00,17790506.16,,1872390.63
2026-08-11 00:00:00,17873347.23,,1897646.76
2026-08-11 01:00:00,17941903.98,,1908255.66
2026-08-11 02:00:00,17976867.52,,1915898.01
2026-08-11 03:00:00,17993749.24,,1933095.66
2026-08-11 04:00:00,17988436.55,,1950155.93
2026-08-11 05:00:00,18095764.07,,1974906.77
2026-08-11 06:00:00,17968859.99,,1976863.65
2026-08-11 07:00:00,17959828.60,,1988794.67
2026-08-11 08:00:00,17934831.89,,2000597.40
2026-08-11 09:00:00,17801451.87,,2008602.45
2026-08-11 10:00:00,17676737.72,,2015236.71
2026-08-11 11:00:00,17690765.04,,2065139.39
2026-08-11 12:00:00,17625977.10,,2033998.91
2026-08-11 13:00:00,17517170.71,,2032494.68
2026-08-11 14:00:00,17458391.78,,2044402.81
2026-08-11 15:00:00,17198762.90,,2062584.97
2026-08-11 16:00:00,16886552.30,,2065455.75
2026-08-11 17:00:00,16733274.51,,2071520.91
2026-08-11 18:00:00,16728852.23,,2125791.59
2026-08-11 19:00:00,17023650.02,,2146547.42
2026-08-11 20:00:00,17318028.00,,2176410.29
2026-08-11 21:00:00,17392698.32,,2234539.72
2026-08-11 22:00:00,17464456.42,,2281159.91
2026-08-11 23:00:00,17179549.18,,2259070.37
2026-08-12 00:00:00,17198406.30,,2257661.72
2026-08-12 01:00:00,17281649.97,,2262334.67
2026-08-12 02:00:00,17290583.22,,2247050.62
2026-08-12 03:00:00,17248154.68,,2231490.33
2026-08-12 04:00:00,17199173.70,,2219384.92
2026-08-12 05:00:00,17032276.27,,2209223.45
2026-08-12 06:00:00,17074176.56,,2209474.26
2026-08-12 07:00:00,16658699.70,,2185940.52
2026-08-12 08:00:00,16645701.61,,2260710.82
2026-08-12 09:00:00,16546062.30,,2255090.78
2026-08-12 10:00:00,16979446.10,,2324107.02
2026-08-12 11:00:00,16829239.41,,2355138.97
2026-08-12 12:00:00,16896488.35,,2398309.18
2026-08-12 13:00:00,16887003.64,,2437902.07
2026-08-12 14:00:00,16938011.87,,2468050.77
2026-08-12 15:00:00,16586658.11,,2432887.10
2026-08-12 16:00:00,16620876.87,,2458516.50
2026-08-12 17:00:00,16615399.34,,2467842.87
2026-08-12 18:00:00,16723181.65,,2506402.51
2026-08-12 19:00:00,16692425.84,,2508116.07
2026-08-12 20:00:00,16553143.00,,2509112.06
2026-08-12 21:00:00,16433148.51,,2482069.32
2026-08-12 22:00:00,16199766.45,,2473776.18
2026-08-12 23:00:00,16325998.31,,2515773.41
2026-08-13 00:00:00,16403349.35,,2543552.34
2026-08-13 01:00:00,16569721.04,,2573325.66
2026-08-13 02:00:00,16631495.27,,2602236.93
2026-08-13 03:00:00,16657294.22,,2602425.44
2026-08-13 04:00:00,16642672.78,,2591412.52
2026-08-13 05:00:00,16651384.75,,2588822.35
2026-08-13 06:00:00,16688845.33,,2582461.57
2026-08-13 07:00:00,16729301.76,,2584561.77
2026-08-13 08:00:00,16587117.11,,2570198.98
2026-08-13 09:00:00,16647337.24,,2584300.14
2026-08-13 10:00:00,16856511.25,,2606198.03
2026-08-13 11:00:00,16669400.10,,2579958.39
2026-08-13 12:00:00,16519986.21,,2542627.58
2026-08-13 13:00:00,16517016.11,,2506259.32
2026-08-13 14:00:00,16950185.41,,2691760.39
2026-08-13 15:00:00,18390217.26,,2890395.56
2026-08-13 16:00:00,18020979.12,,2874002.12
2026-08-13 17:00:00,18265431.13,,2929858.29
2026-08-13 18:00:00,18868223.25,,3029108.65
2026-08-13 19:00:00,19352337.65,,3241198.27
2026-08-13 20:00:00,18766520.93,,3155965.16
2026-08-13 21:00:00,18777182.15,,3175208.18
2026-08-13 22:00:00,19676355.52,,3331625.00
2026-08-13 23:00:00,19714787.34,,3322940.29
2026-08-14 00:00:00,19912039.74,,3405122.73
2026-08-14 01:00:00,19560731.79,,3346671.65
2026-08-14 02:00:00,19777258.76,,3376641.17
2026-08-14 03:00:00,19549140.14,,3333043.00
2026-08-14 04:00:00,19409581.18,,3229240.84
2026-08-14 05:00:00,19351076.15,,3167772.77
2026-08-14 06:00:00,19257513.79,,3127188.23
2026-08-14 07:00:00,19727817.60,,3184668.64
2026-08-14 08:00:00,19835570.37,,3215737.59
2026-08-14 09:00:00,19780030.11,,3223590.26
2026-08-14 10:00:00,19184323.04,,3155727.25
2026-08-14 11:00:00,19630030.92,,3216732.55
2026-08-14 12:00:00,19404374.05,,3185317.97
2026-08-14 13:00:00,19247816.59,,3153063.10
2026-08-14 14:00:00,19446809.52,,3167737.46
2026-08-14 15:00:00,19866358.90,,3213993.72
2026-08-14 16:00:00,19663720.64,,3209432.11
2026-08-14 17:00:00,19664390.41,,3173390.48
2026-08-14 18:00:00,19896759.54,,3252712.28
2026-08-14 19:00:00,19893132.19,,3234667.27
2026-08-14 20:00:00,21129077.10,,3530339.47
2026-08-14 21:00:00,20325790.26,,3370306.58
2026-08-14 22:00:00,20374318.25,,3365449.67
2026-08-14 23:00:00,20381054.83,,3371780.92
2026-08-15 00:00:00,20419078.80,,3387743.19
2026-08-15 01:00:00,20706997.83,,3472918.65
2026-08-15 02:00:00,20688421.48,,3612425.96
2026-08-15 03:00:00,20637044.77,,3573830.86
2026-08-15 04:00:00,20454373.59,,3551851.46
2026-08-15 05:00:00,20404199.75,,3490255.58
2026-08-15 06:00:00,20451772.50,,3505418.08
2026-08-15 07:00:00,20463322.09,,3507197.89
2026-08-15 08:00:00,21164924.78,,3756066.58
2026-08-15 09:00:00,22433519.79,,4174360.94
2026-08-15 10:00:00,22546283.06,,4318945.90
2026-08-15 11:00:00,22228321.22,,4306422.39
2026-08-15 12:00:00,22676343.32,,4421309.21
2026-08-15 13:00:00,22656019.74,,4413799.42
2026-08-15 14:00:00,23135049.10,,4536644.06
2026-08-15 15:00:00,22616289.37,,4401262.79
2026-08-15 16:00:00,22295016.03,,4266488.49
2026-08-15 17:00:00,22363519.16,,4235203.44
2026-08-15 18:00:00,22503773.40,,4248013.96
2026-08-15 19:00:00,22569887.52,,4278012.73
2026-08-15 20:00:00,22492267.92,,4234336.90
2026-08-15 21:00:00,22586751.02,,4305297.67
2026-08-15 22:00:00,22558956.35,,4302024.92
2026-08-15 23:00:00,22597173.52,,4304299.00
2026-08-16 00:00:00,22688390.43,,4313658.36
2026-08-16 01:00:00,22600270.47,,4273933.21
2026-08-16 02:00:00,22634105.10,,4268481.59
2026-08-16 03:00:00,22563811.60,,4245944.55
2026-08-16 04:00:00,22648009.76,,4253132.13
2026-08-16 05:00:00,22583327.73,,4228820.89
2026-08-16 06:00:00,22473247.71,,4205520.93
2026-08-16 07:00:00,22806844.62,,4263363.08
2026-08-16 08:00:00,23075616.37,,4345282.84
2026-08-16 09:00:00,23128587.46,,4358613.68
2026-08-16 10:00:00,23322532.73,,4397142.16
2026-08-16 11:00:00,23332231.55,,4445972.12
2026-08-16 12:00:00,23500783.58,,4467486.09
2026-08-16 13:00:00,23360541.90,,4393837.92
2026-08-16 14:00:00,23943351.75,,4576920.90
2026-08-16 15:00:00,24869257.75,,4710367.29
2026-08-16 16:00:00,25412245.47,,4737192.85
2026-08-16 17:00:00,25594417.52,,4736242.21
2026-08-16 18:00:00,25351547.19,,4678277.38
2026-08-16 19:00:00,25435569.38,,4675741.99
2026-08-16 20:00:00,25509733.30,,4667181.57
2026-08-16 21:00:00,25260130.99,,4619970.94
2026-08-16 22:00:00,25271481.73,,4638178.11
2026-08-16 23:00:00,25112519.41,,4593621.89
2026-08-17 00:00:00,25156030.44,,4586303.36
2026-08-17 01:00:00,25439214.31,,4636340.47
2026-08-17 02:00:00,25436686.34,,4643402.26
2026-08-17 03:00:00,25179544.31,,4620793.06
2026-08-17 04:00:00,25223518.83,,4632522.95
2026-08-17 05:00:00,25595012.72,,4707686.54
2026-08-17 06:00:00,25520851.35,,4686329.86
2026-08-17 07:00:00,25401919.34,,4646506.39
2026-08-17 08:00:00,25337353.90,,4663773.34
2026-08-17 09:00:00,25022904.87,,4593367.84
2026-08-17 10:00:00,24640549.50,,4475981.66
2026-08-17 11:00:00,25022430.71,,4478165.85
2026-08-17 12:00:00,24701745.70,,4402881.52
2026-08-17 13:00:00,24736748.49,,4393064.58
2026-08-17 14:00:00,24944194.41,,4450868.10
2026-08-17 15:00:00,24816724.18,,4380459.13
2026-08-17 16:00:00,24622895.31,,4321600.88
2026-08-17 17:00:00,24737999.95,,4345890.72
2026-08-17 18:00:00,24385757.16,,4281937.77
2026-08-17 19:00:00,24943320.46,,4327295.87
2026-08-17 20:00:00,24791166.60,,4322488.17
2026-08-17 21:00:00,24700190.58,,4310847.44
2026-08-17 22:00:00,24618218.65,,4283745.01
2026-08-17 23:00:00,24547717.13,,4266370.29
2026-08-18 00:00:00,24339582.33,,4244948.47
2026-08-18 01:00:00,24470040.93,,4265552.16
2026-08-18 02:00:00,24462871.18,,4282120.31
2026-08-18 03:00:00,24238728.26,,4237192.22
2026-08-18 04:00:00,24360237.00,,4250049.30
2026-08-18 05:00:00,24072658.82,,4177611.53
2026-08-18 06:00:00,23872610.19,,4148010.97
2026-08-18 07:00:00,24029816.25,,4159903.65
2026-08-18 08:00:00,23958935.63,,4141102.61
2026-08-18 09:00:00,23852625.53,,4097558.20
2026-08-18 10:00:00,23850422.43,,4105908.71
2026-08-18 11:00:00,23957960.87,,4139895.02
2026-08-18 12:00:00,23974221.86,,4116725.25
2026-08-18 13:00:00,23829677.27,,4090179.38
2026-08-18 14:00:00,23645676.59,,4084003.59
2026-08-18 15:00:00,23259714.94,,4045755.31
2026-08-18 16:00:00,23399834.65,,4139351.44
2026-08-18 17:00:00,23321903.50,,4093483.59
2026-08-18 18:00:00,23192066.87,,4058431.11
2026-08-18 19:00:00,23102379.30,,4115672.95
2026-08-18 20:00:00,23070934.54,,4108902.73
2026-08-18 21:00:00,22829376.53,,4049906.56
2026-08-18 22:00:00,22821010.93,,4054686.23
2026-08-18 23:00:00,22829717.90,,4056880.77
2026-08-19 00:00:00,23015296.75,,4077854.32
2026-08-19 01:00:00,22782536.67,,4053762.44
2026-08-19 02:00:00,22943942.01,,4088879.52
2026-08-19 03:00:00,23051275.80,,4109987.58
2026-08-19 04:00:00,23245651.98,,4167519.30
2026-08-19 05:00:00,23101089.27,,4112143.76
2026-08-19 06:00:00,23055723.97,,4143754.01
2026-08-19 07:00:00,22817589.98,,4111938.51
2026-08-19 08:00:00,22583096.44,,4041478.02
2026-08-19 09:00:00,22676422.21,,4009536.04
2026-08-19 10:00:00,22738372.65,,4023074.54
2026-08-19 11:00:00,22682187.04,,4046915.92
2026-08-19 12:00:00,22637845.27,,4046828.00
2026-08-19 13:00:00,22435568.59,,4012537.42
2026-08-19 14:00:00,22752416.52,,4129740.71
2026-08-19 15:00:00,23222939.65,,4097212.87
2026-08-19 16:00:00,23277510.02,,4053526.35
2026-08-19 17:00:00,23123104.70,,3984891.07
2026-08-19 18:00:00,22769840.19,,3860926.13
2026-08-19 19:00:00,22509366.78,,3851351.79
2026-08-19 20:00:00,22692949.31,,3900134.46
2026-08-19 21:00:00,23194729.67,,3943339.51
2026-08-19 22:00:00,23770637.00,,4005100.70
2026-08-19 23:00:00,23294533.60,,3898457.36
2026-08-20 00:00:00,23737235.41,,4027812.60
2026-08-20 01:00:00,23536599.40,,4013343.78
2026-08-20 02:00:00,23415116.66,,3996304.93
2026-08-20 03:00:00,23206144.61,,3962189.56
2026-08-20 04:00:00,23230762.64,,3964787.14
2026-08-20 05:00:00,23153586.89,,3937642.46
2026-08-20 06:00:00,22955874.45,,3898891.51
2026-08-20 07:00:00,24026224.24,,4134028.18
2026-08-20 08:00:00,26127328.83,,4533844.51
2026-08-20 09:00:00,26259990.65,,4587682.10
2026-08-20 10:00:00,25545952.61,,4446672.60
2026-08-20 11:00:00,26218626.67,,4552197.99
2026-08-20 12:00:00,24866929.62,,4252326.05
2026-08-20 13:00:00,24044398.02,,3989414.73
2026-08-20 14:00:00,24172349.56,,3999347.57
2026-08-20 15:00:00,24330791.99,,4053234.23
2026-08-20 16:00:00,24705460.05,,4103131.15
2026-08-20 17:00:00,24705575.07,,4044039.02
2026-08-20 18:00:00,24424397.24,,4008413.95
2026-08-20 19:00:00,23614401.57,,3862460.56
2026-08-20 20:00:00,23902263.15,,3882273.17
2026-08-20 21:00:00,23731848.13,,3863120.67
2026-08-20 22:00:00,23977732.81,,3927706.34
2026-08-20 23:00:00,23873558.31,,3955079.91
2026-08-21 00:00:00,24216564.89,,4076530.30
2026-08-21 01:00:00,23705342.54,,4031152.07
2026-08-21 02:00:00,23737628.35,,3991655.24
2026-08-21 03:00:00,23856869.81,,4028549.27
2026-08-21 04:00:00,24076181.88,,4051356.66
2026-08-21 05:00:00,24021821.14,,4068649.38
2026-08-21 06:00:00,24258227.66,,4320741.27
2026-08-21 07:00:00,24453878.50,,4345935.27
2026-08-21 08:00:00,25121158.45,,4478673.54
2026-08-21 09:00:00,25811783.89,,4492029.20
2026-08-21 10:00:00,25095906.06,,4151552.65
2026-08-21 11:00:00,25207087.68,,4134291.25
2026-08-21 12:00:00,26474961.39,,4646470.48
2026-08-21 13:00:00,25842975.52,,4478648.47
2026-08-21 14:00:00,26135248.02,,4518309.10
2026-08-21 15:00:00,26936634.35,,4706812.02
2026-08-21 16:00:00,27567389.49,,4812248.42
2026-08-21 17:00:00,26868874.33,,4643225.50
2026-08-21 18:00:00,26509723.96,,4581213.77
2026-08-21 19:00:00,25537040.32,,4471422.38
2026-08-21 20:00:00,26460360.08,,4606930.81
2026-08-21 21:00:00,28469614.61,,5157451.25
2026-08-21 22:00:00,28440386.10,,5092642.49
2026-08-21 23:00:00,27915260.16,,4984848.42
2026-08-22 00:00:00,26933070.12,,4795506.27
2026-08-22 01:00:00,27353263.04,,4789288.53
2026-08-22 02:00:00,27301488.68,,4725331.46
2026-08-22 03:00:00,28066118.58,,4845619.27
2026-08-22 04:00:00,28348759.64,,4840225.47
2026-08-22 05:00:00,28286822.61,,4852571.16
2026-08-22 06:00:00,24413357.71,,4288719.64
2026-08-22 07:00:00,24189339.40,,4168232.83
2026-08-22 08:00:00,23566756.57,,4041743.54
2026-08-22 09:00:00,24596247.02,,4127829.11
2026-08-22 10:00:00,24216409.85,,4120830.34
2026-08-22 11:00:00,23629442.86,,3998715.53
2026-08-22 12:00:00,23847573.52,,4009616.75
2026-08-22 13:00:00,24629871.35,,4094389.11
2026-08-22 14:00:00,24874565.45,,4133137.44
2026-08-22 15:00:00,25032624.38,,4152486.60
2026-08-22 16:00:00,24703004.84,,4084333.84
2026-08-22 17:00:00,25976667.37,,4249528.96
2026-08-22 18:00:00,26277361.33,,4272872.05
2026-08-22 19:00:00,25855492.87,,4221055.51
2026-08-22 20:00:00,25729746.36,,4194260.31
2026-08-22 21:00:00,25131146.45,,4107169.15
2026-08-22 22:00:00,23906997.36,,3875474.39
2026-08-22 23:00:00,24112317.83,,3904322.45
2026-08-23 00:00:00,24219389.87,,3897497.96
2026-08-23 01:00:00,24478911.25,,3971431.23
2026-08-23 02:00:00,24030238.96,,3900098.96
2026-08-23 03:00:00,23479172.69,,3849734.53
2026-08-23 04:00:00,23313078.82,,3803768.31
2026-08-23 05:00:00,22791529.53,,3733415.46
2026-08-23 06:00:00,23129480.49,,3779641.01
2026-08-23 07:00:00,23652503.35,,3879464.39
2026-08-23 08:00:00,24049782.63,,3933940.54
2026-08-23 09:00:00,24256050.19,,3974779.31
2026-08-23 10:00:00,26341725.59,,4221869.59
2026-08-23 11:00:00,29160735.74,,4788876.23
2026-08-23 12:00:00,29518854.51,,4995048.27
2026-08-23 13:00:00,28598584.70,,4955075.72
2026-08-23 14:00:00,27939208.08,,4830930.00
2026-08-23 15:00:00,28557116.39,,4868134.60
2026-08-23 16:00:00,27500331.65,,4663274.63
2026-08-23 17:00:00,27361273.27,,4568351.14
2026-08-23 18:00:00,26757796.00,,4474219.20
2026-08-23 19:00:00,26701730.82,,4437407.54
2026-08-23 20:00:00,26615114.59,,4416603.44
2026-08-23 21:00:00,26225628.53,,4387504.59
2026-08-23 22:00:00,26252523.95,,4371553.18
2026-08-23 23:00:00,26213526.15,,4343408.34
2026-08-24 00:00:00,26125799.33,,4289589.94
2026-08-24 01:00:00,26650480.41,,4294803.78
2026-08-24 02:00:00,27035111.87,,4408930.81
2026-08-24 03:00:00,29027015.86,,4780188.54
2026-08-24 04:00:00,28312444.43,,4747726.66
2026-08-24 05:00:00,28484602.91,,4759866.02
2026-08-24 06:00:00,28145650.62,,4752861.61
2026-08-24 07:00:00,29201110.36,,4866702.52
2026-08-24 08:00:00,28804944.06,,4947955.66
2026-08-24 09:00:00,28318408.48,,4832938.06
2026-08-24 10:00:00,28222581.78,,4753090.40
2026-08-24 11:00:00,27778783.02,,4693606.68
2026-08-24 12:00:00,28140161.16,,4682520.58
2026-08-24 13:00:00,28372789.86,,4763437.84
2026-08-24 14:00:00,26817931.48,,4542333.22
2026-08-24 15:00:00,27353995.93,,4603590.88
2026-08-24 16:00:00,27145724.49,,4530061.32
2026-08-24 17:00:00,27506106.60,,4619166.64
2026-08-24 18:00:00,26425154.69,,4439464.74
2026-08-24 19:00:00,26239414.39,,4441803.67
2026-08-24 20:00:00,26555517.14,,4453097.52
2026-08-24 21:00:00,26815007.93,,4498780.70
2026-08-24 22:00:00,26973230.29,,4506547.68
2026-08-24 23:00:00,26575754.84,,4509098.18
2026-08-25 00:00:00,26466315.76,,4503990.75
2026-08-25 01:00:00,26742800.03,,4637732.17
2026-08-25 02:00:00,26576076.07,,4608773.18
2026-08-25 03:00:00,26369033.22,,4654980.35
2026-08-25 04:00:00,25950879.81,,4544986.01
2026-08-25 05:00:00,25970899.35,,4516836.09
2026-08-25 06:00:00,26225699.44,,4582447.00
2026-08-25 07:00:00,25500415.34,,4461514.01
2026-08-25 08:00:00,25766462.08,,4463943.38
2026-08-25 09:00:00,25936291.59,,4529505.44
2026-08-25 10:00:00,26058369.18,,4551545.70
2026-08-25 11:00:00,26205208.09,,4559219.73
2026-08-25 12:00:00,25689778.71,,4469621.18
2026-08-25 13:00:00,25834546.13,,4476300.55
2026-08-25 14:00:00,25282075.81,,4468715.24
2026-08-25 15:00:00,25426839.53,,4473869.24
2026-08-25 16:00:00,25066432.93,,4395179.80
2026-08-25 17:00:00,24663820.94,,4399063.50
2026-08-25 18:00:00,24761812.31,,4438756.50
2026-08-25 19:00:00,24647607.96,,4421788.87
2026-08-25 20:00:00,23967189.98,,4296244.89
2026-08-25 21:00:00,23417445.83,,4231959.89
2026-08-25 22:00:00,23351554.32,,4286110.74
2026-08-25 23:00:00,23464028.22,,4313129.74
2026-08-26 00:00:00,23327965.40,,4281898.28
2026-08-26 01:00:00,23662988.27,,4393477.46
2026-08-26 02:00:00,23904952.73,,4436637.31
2026-08-26 03:00:00,24000671.69,,4453091.70
2026-08-26 04:00:00,24500206.70,,4425123.60
2026-08-26 05:00:00,24506615.91,,4401459.64
2026-08-26 06:00:00,24577455.95,,4400713.69
2026-08-26 07:00:00,24439421.96,,4347045.92
2026-08-26 08:00:00,24206902.51,,4298722.12
2026-08-26 09:00:00,24779788.51,,4344288.74
2026-08-26 10:00:00,24628933.31,,4375749.81
2026-08-26 11:00:00,24907022.40,,4330886.97
2026-08-26 12:00:00,24605310.63,,4286205.24
2026-08-26 13:00:00,24568601.83,,4251679.51
2026-08-26 14:00:00,24252523.13,,4212835.88
2026-08-26 15:00:00,23874113.02,,4128614.07
2026-08-26 16:00:00,23999460.24,,4157417.71
2026-08-26 17:00:00,24043228.02,,4157617.46
2026-08-26 18:00:00,24144400.34,,4177194.23
2026-08-26 19:00:00,24283657.45,,4196514.99
2026-08-26 20:00:00,24244750.15,,4212225.17
2026-08-26 21:00:00,24195105.97,,4202684.70
2026-08-26 22:00:00,24708567.25,,4277474.22
2026-08-26 23:00:00,24053885.58,,4255976.32
2026-08-27 00:00:00,24352296.35,,4327995.97
2026-08-27 01:00:00,23885077.40,,4223331.03
2026-08-27 02:00:00,24158508.27,,4260755.28
2026-08-27 03:00:00,23723808.64,,4178497.51
2026-08-27 04:00:00,23816102.00,,4193866.56
2026-08-27 05:00:00,23753610.69,,4184156.98
2026-08-27 06:00:00,23741490.00,,4189029.54
2026-08-27 07:00:00,23864850.78,,4231892.32
2026-08-27 08:00:00,23833742.64,,4225217.09
2026-08-27 09:00:00,24499990.13,,4311535.48
2026-08-27 10:00:00,24831839.18,,4367411.14
2026-08-27 11:00:00,24825081.14,,4330497.05
2026-08-27 12:00:00,24802291.65,,4320426.34
2026-08-27 13:00:00,24766330.90,,4310641.64
2026-08-27 14:00:00,24505762.02,,4256090.18
2026-08-27 15:00:00,24597834.37,,4255929.19
2026-08-27 16:00:00,24419123.32,,4230116.36
2026-08-27 17:00:00,24776877.31,,4324748.50
2026-08-27 18:00:00,24744856.22,,4345581.77
2026-08-27 19:00:00,24522952.38,,4328604.13
2026-08-27 20:00:00,24349757.25,,4303653.88
2026-08-27 21:00:00,24562789.15,,4340044.81
2026-08-27 22:00:00,25064192.53,,4432818.92
2026-08-27 23:00:00,25262021.83,,4512510.83
2026-08-28 00:00:00,25010437.12,,4520786.87
2026-08-28 01:00:00,25003426.06,,4495920.63
2026-08-28 02:00:00,25150975.55,,4427169.32
2026-08-28 03:00:00,23672802.84,,4194869.06
2026-08-28 04:00:00,23502997.22,,4166641.99
2026-08-28 05:00:00,23520221.98,,4164232.75
2026-08-28 06:00:00,23672723.37,,4171646.97
2026-08-28 07:00:00,23832743.82,,4199098.83
2026-08-28 08:00:00,23595881.66,,4198904.79
2026-08-28 09:00:00,23803374.59,,4181576.11
2026-08-28 10:00:00,23853602.23,,4170300.71
2026-08-28 11:00:00,24066399.23,,4202804.67
2026-08-28 12:00:00,23926508.08,,4195960.59
2026-08-28 13:00:00,23947055.28,,4183305.69
2026-08-28 14:00:00,23962793.28,,4204138.69
2026-08-28 15:00:00,24307021.48,,4231334.78
2026-08-28 16:00:00,23337302.01,,4088368.62
2026-08-28 17:00:00,22492032.61,,4033619.06
2026-08-28 18:00:00,22199270.23,,3999499.04
2026-08-28 19:00:00,21762998.33,,3945469.27
2026-08-28 20:00:00,21831018.38,,4028202.98
2026-08-28 21:00:00,22051667.29,,4067604.07
2026-08-28 22:00:00,21725297.12,,4048043.16
2026-08-28 23:00:00,22118067.13,,4126462.33
2026-08-29 00:00:00,22018084.59,,4113541.40
2026-08-29 01:00:00,21739178.24,,4009747.08
2026-08-29 02:00:00,21839371.68,,4092965.55
2026-08-29 03:00:00,21749428.62,,4074721.79
2026-08-29 04:00:00,21697356.80,,4071431.88
2026-08-29 05:00:00,21811104.92,,4110615.24
2026-08-29 06:00:00,22002631.18,,4127223.65
2026-08-29 07:00:00,21827231.47,,4093571.34
2026-08-29 08:00:00,21767169.40,,4074746.41
2026-08-29 09:00:00,21744548.93,,4057559.13
2026-08-29 10:00:00,21853950.25,,4066428.31
2026-08-29 11:00:00,21867345.00,,4032964.86
2026-08-29 12:00:00,21865898.29,,4072290.81
2026-08-29 13:00:00,21821458.67,,4079633.26
2026-08-29 14:00:00,21838041.22,,4070220.65
2026-08-29 15:00:00,22247922.59,,4177485.06
2026-08-29 16:00:00,22109807.84,,4138072.87
2026-08-29 17:00:00,22090438.35,,4162959.37
2026-08-29 18:00:00,22014227.04,,4142490.61
2026-08-29 19:00:00,22006153.84,,4136433.35
2026-08-29 20:00:00,22406127.02,,4178669.56
2026-08-29 21:00:00,22559503.16,,4230809.47
2026-08-29 22:00:00,22721258.26,,4301244.72
2026-08-29 23:00:00,22767784.38,,4302600.57
2026-08-30 00:00:00,22722239.63,,4297753.05
2026-08-30 01:00:00,22591169.25,,4274078.31
2026-08-30 02:00:00,22533111.19,,4258254.09
2026-08-30 03:00:00,22948252.75,,4321615.94
2026-08-30 04:00:00,22858094.83,,4278623.90
2026-08-30 05:00:00,22808670.05,,4258776.32
2026-08-30 06:00:00,23158197.45,,4298535.18
2026-08-30 07:00:00,23215267.80,,4269475.00
2026-08-30 08:00:00,22785000.30,,4184810.34
2026-08-30 09:00:00,22782664.88,,4183657.61
2026-08-30 10:00:00,22740421.57,,4176258.33
2026-08-30 11:00:00,22881898.83,,4189261.50
2026-08-30 12:00:00,22973305.80,,4199806.99
2026-08-30 13:00:00,23349384.76,,4259735.42
2026-08-30 14:00:00,23390377.74,,4233030.80
2026-08-30 15:00:00,23373377.10,,4220595.78
2026-08-30 16:00:00,23175343.66,,4181804.64
2026-08-30 17:00:00,23833397.70,,4293932.92
2026-08-30 18:00:00,23606955.37,,4187406.25
2026-08-30 19:00:00,23472922.47,,4180305.12
2026-08-30 20:00:00,23141298.70,,4109836.41
2026-08-30 21:00:00,23272514.14,,4158989.83
2026-08-30 22:00:00,23956993.85,,4250523.18
2026-08-30 23:00:00,23525445.42,,4149263.50
2026-08-31 00:00:00,22143839.41,,3916115.03
2026-08-31 01:00:00,22773893.46,,4021670.70
2026-08-31 02:00:00,22366604.30,,3900481.62
2026-08-31 03:00:00,22498247.77,,3973486.81
2026-08-31 04:00:00,23060343.07,,4116183.01
2026-08-31 05:00:00,22837414.68,,4106845.43
2026-08-31 06:00:00,23751446.19,,4257024.66
2026-08-31 07:00:00,23702673.45,,4260480.49
2026-08-31 08:00:00,23727787.74,,4265711.25
2026-08-31 09:00:00,23514631.87,,4220651.16
2026-08-31 10:00:00,23318949.86,,4177043.83
2026-08-31 11:00:00,23321332.99,,4143533.00
2026-08-31 12:00:00,23209929.07,,4113302.60
2026-08-31 13:00:00,23035678.91,,4057322.99
2026-08-31 14:00:00,23069249.96,,4038736.53
2026-08-31 15:00:00,23360412.63,,4098112.69
2026-08-31 16:00:00,23191453.15,,4072417.04
2026-08-31 17:00:00,23309663.59,,4073182.35
2026-08-31 18:00:00,23254008.93,,4070472.63
2026-08-31 19:00:00,23602189.97,,4161991.94
2026-08-31 20:00:00,23741735.18,,4153247.22
2026-08-31 21:00:00,24277532.09,,4240866.32
2026-08-31 22:00:00,24327503.69,,4275245.97
2026-08-31 23:00:00,24279179.75,,4260670.43
2026-09-01 00:00:00,24353023.49,,4282580.46
2026-09-01 01:00:00,24214750.60,,4238320.94
2026-09-01 02:00:00,24263683.19,,4271447.12
2026-09-01 03:00:00,24403337.03,,4272219.29
2026-09-01 04:00:00,24502020.65,,4247880.77
2026-09-01 05:00:00,24325844.03,,4212665.90
2026-09-01 06:00:00,25081131.63,,4343585.62
2026-09-01 07:00:00,24427010.48,,4204017.79
2026-09-01 08:00:00,24518171.06,,4231802.49
2026-09-01 09:00:00,23872261.92,,4054071.23
2026-09-01 10:00:00,23886100.77,,4082528.78
2026-09-01 11:00:00,24155880.94,,4113769.96
2026-09-01 12:00:00,24555899.93,,4172367.46
2026-09-01 13:00:00,23555421.26,,4061763.43
2026-09-01 14:00:00,24065327.40,,4126410.84
2026-09-01 15:00:00,24169158.07,,4121111.98
2026-09-01 16:00:00,24670627.40,,4223235.11
2026-09-01 17:00:00,24081490.07,,4155643.95
2026-09-01 18:00:00,24345532.52,,4222658.17
2026-09-01 19:00:00,23467337.10,,4154950.38
2026-09-01 20:00:00,23849562.39,,4212295.82
2026-09-01 21:00:00,23403039.58,,4141903.46
2026-09-01 22:00:00,23030492.26,,4090799.59
2026-09-01 23:00:00,22788701.61,,4070758.21
2026-09-02 00:00:00,22820914.29,,4049585.34
2026-09-02 01:00:00,22442041.05,,3993841.66
2026-09-02 02:00:00,22320967.71,,3905129.94
2026-09-02 03:00:00,22723463.00,,3957543.19
2026-09-02 04:00:00,23009137.56,,4002508.06
2026-09-02 05:00:00,23169864.81,,4008089.80
2026-09-02 06:00:00,23812105.44,,4184354.28
2026-09-02 07:00:00,24615710.50,,4329877.92
2026-09-02 08:00:00,24898960.52,,4375312.30
2026-09-02 09:00:00,24099719.12,,4282921.31
2026-09-02 10:00:00,23243684.13,,4124798.38
2026-09-02 11:00:00,21915927.36,,3979673.04
2026-09-02 12:00:00,21619439.86,,3939584.78
2026-09-02 13:00:00,21244106.91,,3915017.66
2026-09-02 14:00:00,21482979.15,,3916557.14
2026-09-02 15:00:00,20954902.12,,3853152.02
2026-09-02 16:00:00,21119521.67,,3993203.97
2026-09-02 17:00:00,21024791.64,,4057641.11
2026-09-02 18:00:00,21700084.43,,4134794.64
2026-09-02 19:00:00,21740473.14,,4032009.03
2026-09-02 20:00:00,21680490.27,,4013931.12
2026-09-02 21:00:00,21989293.54,,4034724.03
2026-09-02 22:00:00,21822144.54,,3955636.56
2026-09-02 23:00:00,21651738.68,,3926274.93
2026-09-03 00:00:00,21955107.73,,3940083.62
2026-09-03 01:00:00,21949660.83,,3937964.89
2026-09-03 02:00:00,21967544.70,,3955679.44
2026-09-03 03:00:00,22426734.40,,4073574.20
2026-09-03 04:00:00,22132170.85,,4062891.19
2026-09-03 05:00:00,22180680.20,,4118667.55
2026-09-03 06:00:00,22110116.55,,4117702.34
2026-09-03 07:00:00,22101593.83,,4117725.20
2026-09-03 08:00:00,21917263.98,,4050268.22
2026-09-03 09:00:00,21603301.99,,3994441.13
2026-09-03 10:00:00,21652127.65,,3958929.91
2026-09-03 11:00:00,21863527.93,,3976797.59
2026-09-03 12:00:00,21999438.70,,3977511.60
2026-09-03 13:00:00,22059945.92,,3961094.62
2026-09-03 14:00:00,21821165.20,,3898409.10
2026-09-03 15:00:00,23263453.43,,4088625.68
2026-09-03 16:00:00,24213191.38,,4337707.67
2026-09-03 17:00:00,23994564.38,,4318123.17
2026-09-03 18:00:00,24407173.28,,4433127.33
2026-09-03 19:00:00,24732841.18,,4502566.98
2026-09-03 20:00:00,24520199.05,,4411888.97
2026-09-03 21:00:00,24456470.32,,4313888.82
2026-09-03 22:00:00,24204502.31,,4213566.71
2026-09-03 23:00:00,24012546.13,,4231371.03
2026-09-04 00:00:00,24206204.45,,4246277.49
2026-09-04 01:00:00,23824665.42,,4193028.40
2026-09-04 02:00:00,24069953.46,,4218584.40
2026-09-04 03:00:00,23831363.38,,4117805.04
2026-09-04 04:00:00,23517780.87,,4125529.12
2026-09-04 05:00:00,23503561.59,,4080052.23
2026-09-04 06:00:00,23198838.76,,4057639.18
2026-09-04 07:00:00,22952343.73,,4015819.54
2026-09-04 08:00:00,23048795.19,,4015464.30
2026-09-04 09:00:00,23170835.09,,4041251.47
2026-09-04 10:00:00,23282972.31,,4048385.79
2026-09-04 11:00:00,23164544.13,,4041396.47
2026-09-04 12:00:00,23548193.52,,4040738.62
2026-09-04 13:00:00,22739107.86,,3887889.15
2026-09-04 14:00:00,23036150.00,,3924786.56
2026-09-04 15:00:00,22671209.06,,3878916.50
2026-09-04 16:00:00,22917307.99,,3916021.00
2026-09-04 17:00:00,23048941.08,,3919223.34
2026-09-04 18:00:00,22690412.79,,3887469.62
2026-09-04 19:00:00,22793682.06,,3881823.85
2026-09-04 20:00:00,23215582.33,,4172928.48
2026-09-04 21:00:00,23021100.40,,4074569.98
2026-09-04 22:00:00,23018885.68,,4073527.80
2026-09-04 23:00:00,22763975.37,,4040437.82
2026-09-05 00:00:00,23035259.40,,4076427.56
2026-09-05 01:00:00,22949143.38,,4065335.47
2026-09-05 02:00:00,22864807.63,,4064583.70
2026-09-05 03:00:00,23008611.18,,4076179.67
2026-09-05 04:00:00,23105423.70,,4082916.82
2026-09-05 05:00:00,23018773.42,,4085648.60
2026-09-05 06:00:00,23008203.23,,4171575.90
2026-09-05 07:00:00,23263111.86,,4212233.89
2026-09-05 08:00:00,23244219.83,,4185772.49
2026-09-05 09:00:00,23071226.40,,4141876.43
2026-09-05 10:00:00,23215257.87,,4151272.60
2026-09-05 11:00:00,23182111.89,,4140121.20
2026-09-05 12:00:00,23239602.30,,4140217.56
2026-09-05 13:00:00,23622103.46,,4188460.50
2026-09-05 14:00:00,23403103.62,,4167509.98
2026-09-05 15:00:00,23523256.55,,4196658.33
2026-09-05 16:00:00,23474575.59,,4217864.44
2026-09-05 17:00:00,23597856.95,,4243914.90
2026-09-05 18:00:00,23848258.54,,4342294.51
2026-09-05 19:00:00,23738987.37,,4327539.24
2026-09-05 20:00:00,23594860.76,,4251751.46
2026-09-05 21:00:00,23918611.92,,4267109.27
2026-09-05 22:00:00,24340125.38,,4297484.50
2026-09-05 23:00:00,23871827.03,,4207983.02
2026-09-06 00:00:00,23938925.68,,4215707.04
2026-09-06 01:00:00,24575934.02,,4304987.78
2026-09-06 02:00:00,25033607.42,,4247741.09
2026-09-06 03:00:00,24584505.21,,4118393.01
2026-09-06 04:00:00,24975136.75,,4143948.54
2026-09-06 05:00:00,24349637.44,,4055364.40
2026-09-06 06:00:00,24402008.94,,4083377.67
2026-09-06 07:00:00,23863906.26,,3999721.12
2026-09-06 08:00:00,23870282.52,,4013983.05
