time,oi_A,oi_6,oi_3
2026-05-17 12:00:00,22940827.43,,
2026-05-17 13:00:00,23264928.10,,
2026-05-17 14:00:00,24274638.89,,
2026-05-17 15:00:00,23873864.74,,
2026-05-17 16:00:00,23845708.64,,
2026-05-17 17:00:00,23743136.29,,
2026-05-17 18:00:00,23431095.38,,
2026-05-17 19:00:00,24092360.99,,
2026-05-17 20:00:00,25342029.10,,
2026-05-17 21:00:00,25182202.28,,
2026-05-17 22:00:00,26504555.37,,
2026-05-17 23:00:00,25798269.09,,
2026-05-18 00:00:00,24033677.81,,
2026-05-18 01:00:00,24315393.80,,
2026-05-18 02:00:00,23743188.08,,
2026-05-18 03:00:00,23692943.58,,
2026-05-18 04:00:00,23741035.38,,
2026-05-18 05:00:00,25038366.81,,
2026-05-18 06:00:00,24553547.03,,
2026-05-18 07:00:00,24647742.33,,
2026-05-18 08:00:00,24732944.76,,
2026-05-18 09:00:00,24634580.35,,
2026-05-18 10:00:00,23758102.42,,
2026-05-18 11:00:00,22516717.80,,
2026-05-18 12:00:00,22913136.23,,
2026-05-18 13:00:00,22961415.84,,
2026-05-18 14:00:00,23320461.46,,
2026-05-18 15:00:00,23052516.17,,
2026-05-18 16:00:00,23568361.89,,
2026-05-18 17:00:00,23358280.56,,
2026-05-18 18:00:00,22957841.33,,
2026-05-18 19:00:00,22337551.43,,
2026-05-18 20:00:00,23611000.27,,
2026-05-18 21:00:00,23154844.33,,
2026-05-18 22:00:00,23073615.57,,
2026-05-18 23:00:00,23745359.64,,
2026-05-19 00:00:00,24243284.83,,
2026-05-19 01:00:00,24706368.29,,
2026-05-19 02:00:00,23378077.39,,
2026-05-19 03:00:00,23636573.80,,
2026-05-19 04:00:00,23264954.54,,
2026-05-19 05:00:00,23329805.97,,
2026-05-19 06:00:00,23393970.08,,
2026-05-19 07:00:00,23103577.35,,
2026-05-19 08:00:00,23366910.24,,
2026-05-19 09:00:00,23093636.45,,
2026-05-19 10:00:00,23327910.65,,
2026-05-19 11:00:00,23246218.45,,
2026-05-19 12:00:00,23200322.83,,
2026-05-19 13:00:00,23740597.68,,
2026-05-19 14:00:00,24564718.89,,
2026-05-19 15:00:00,23571466.05,,
2026-05-19 16:00:00,23990813.52,,
2026-05-19 17:00:00,26085536.07,,
2026-05-19 18:00:00,28774649.09,,
2026-05-19 19:00:00,28440050.80,,
2026-05-19 20:00:00,29611392.91,,
2026-05-19 21:00:00,29489039.99,,
2026-05-19 22:00:00,28911215.56,,
2026-05-19 23:00:00,28531023.71,,
2026-05-20 00:00:00,28812672.21,,
2026-05-20 01:00:00,28724023.66,,
2026-05-20 02:00:00,28677856.72,,
2026-05-20 03:00:00,28610824.95,,
2026-05-20 04:00:00,29315406.96,,
2026-05-20 05:00:00,28828466.48,,
2026-05-20 06:00:00,29950731.78,,
2026-05-20 07:00:00,30463661.03,,
2026-05-20 08:00:00,30712197.77,,
2026-05-20 09:00:00,30856623.66,,
2026-05-20 10:00:00,31501965.05,,
2026-05-20 11:00:00,32204764.11,,
2026-05-20 12:00:00,33127994.99,,
2026-05-20 13:00:00,35360596.30,,
2026-05-20 14:00:00,36109533.11,,
2026-05-20 15:00:00,35671156.32,,
2026-05-20 16:00:00,36168982.22,,
2026-05-20 17:00:00,34981872.98,,
2026-05-20 18:00:00,33742388.42,,
2026-05-20 19:00:00,32092634.41,,
2026-05-20 20:00:00,32568818.56,,
2026-05-20 21:00:00,31675602.36,,
2026-05-20 22:00:00,31289961.84,,
2026-05-20 23:00:00,30737760.64,,
2026-05-21 00:00:00,29496157.71,,
2026-05-21 01:00:00,29745230.51,,
2026-05-21 02:00:00,30116465.43,,
2026-05-21 03:00:00,29479193.57,,
2026-05-21 04:00:00,29471027.89,,
2026-05-21 05:00:00,30365024.04,,
2026-05-21 06:00:00,30433522.51,,
2026-05-21 07:00:00,30379022.05,,
2026-05-21 08:00:00,30334292.98,,
2026-05-21 09:00:00,30076244.16,,
2026-05-21 10:00:00,30570564.41,,
2026-05-21 11:00:00,30462598.21,,
2026-05-21 12:00:00,30529916.67,,
2026-05-21 13:00:00,31014101.60,,
2026-05-21 14:00:00,31462801.16,,
2026-05-21 15:00:00,31670685.94,,
2026-05-21 16:00:00,32709147.56,,
2026-05-21 17:00:00,32577586.97,,
2026-05-21 18:00:00,33763249.68,,
2026-05-21 19:00:00,33232898.54,,
2026-05-21 20:00:00,32777075.94,,
2026-05-21 21:00:00,32554991.27,,
2026-05-21 22:00:00,33183074.75,,
2026-05-21 23:00:00,32776956.65,,
2026-05-22 00:00:00,32537042.37,,
2026-05-22 01:00:00,33946247.32,,
2026-05-22 02:00:00,35050244.02,,
2026-05-22 03:00:00,36032713.39,,
2026-05-22 04:00:00,34254423.14,,
2026-05-22 05:00:00,33230067.56,,
2026-05-22 06:00:00,32904996.98,,
2026-05-22 07:00:00,32633397.52,,
2026-05-22 08:00:00,33208204.18,,
2026-05-22 09:00:00,33208156.87,,
2026-05-22 10:00:00,33624891.67,,
2026-05-22 11:00:00,33402096.73,,
2026-05-22 12:00:00,34626296.25,,
2026-05-22 13:00:00,37636384.54,,
2026-05-22 14:00:00,35510446.24,,
2026-05-22 15:00:00,35276684.13,,
2026-05-22 16:00:00,33378844.50,,
2026-05-22 17:00:00,33499949.44,,
2026-05-22 18:00:00,32920450.60,,
2026-05-22 19:00:00,32116751.46,,
2026-05-22 20:00:00,32042929.67,,
2026-05-22 21:00:00,31157859.93,,
2026-05-22 22:00:00,31880584.10,,
2026-05-22 23:00:00,31406499.01,,
2026-05-23 00:00:00,31214632.87,,
2026-05-23 01:00:00,31231189.89,,
2026-05-23 02:00:00,31519164.44,,
2026-05-23 03:00:00,31501749.24,,
2026-05-23 04:00:00,31319668.44,,
2026-05-23 05:00:00,31169971.32,,
2026-05-23 06:00:00,31074791.90,,
2026-05-23 07:00:00,31282542.41,,
2026-05-23 08:00:00,31005938.82,,
2026-05-23 09:00:00,31743501.96,,
2026-05-23 10:00:00,31643079.37,,
2026-05-23 11:00:00,31973074.32,,
2026-05-23 12:00:00,31274238.04,,
2026-05-23 13:00:00,30737408.02,,
2026-05-23 14:00:00,30627870.42,,
2026-05-23 15:00:00,31646929.04,,
2026-05-23 16:00:00,31748042.32,,
2026-05-23 17:00:00,30909093.70,,
2026-05-23 18:00:00,30418481.29,,
2026-05-23 19:00:00,30982929.40,,
2026-05-23 20:00:00,32327382.22,,
2026-05-23 21:00:00,32392112.29,,
2026-05-23 22:00:00,31487086.84,,
2026-05-23 23:00:00,31314856.59,,
2026-05-24 00:00:00,31425533.50,,
2026-05-24 01:00:00,31966650.58,,
2026-05-24 02:00:00,30601676.65,,
2026-05-24 03:00:00,30513677.03,,
2026-05-24 04:00:00,30125204.44,,
2026-05-24 05:00:00,30121117.79,,
2026-05-24 06:00:00,30722043.35,,
2026-05-24 07:00:00,30480604.07,,
2026-05-24 08:00:00,30550531.06,,
2026-05-24 09:00:00,31100335.00,,
2026-05-24 10:00:00,33503797.03,,
2026-05-24 11:00:00,36783804.17,,
2026-05-24 12:00:00,36040737.54,,
2026-05-24 13:00:00,36705296.70,,
2026-05-24 14:00:00,37862249.74,,
2026-05-24 15:00:00,37709118.85,,
2026-05-24 16:00:00,39108514.86,,
2026-05-24 17:00:00,38920148.71,,
2026-05-24 18:00:00,38959200.43,,
2026-05-24 19:00:00,38759315.59,,
2026-05-24 20:00:00,38904141.91,,
2026-05-24 21:00:00,38496113.12,,
2026-05-24 22:00:00,36755625.76,,
2026-05-24 23:00:00,35990679.94,,
2026-05-25 00:00:00,35812662.76,,
2026-05-25 01:00:00,35876632.43,,
2026-05-25 02:00:00,35616075.77,,
2026-05-25 03:00:00,35893361.16,,
2026-05-25 04:00:00,34434557.43,,
2026-05-25 05:00:00,34821754.75,,
2026-05-25 06:00:00,34585189.54,,
2026-05-25 07:00:00,34380006.56,,
2026-05-25 08:00:00,34547559.07,,
2026-05-25 09:00:00,34034412.42,,
2026-05-25 10:00:00,33544655.04,,
2026-05-25 11:00:00,34157504.08,,
2026-05-25 12:00:00,33273195.68,,
2026-05-25 13:00:00,32396589.23,,
2026-05-25 14:00:00,31829740.14,,
2026-05-25 15:00:00,32041184.98,,
2026-05-25 16:00:00,31099842.98,,
2026-05-25 17:00:00,30986758.96,,
2026-05-25 18:00:00,30734942.85,,
2026-05-25 19:00:00,30490214.05,,
2026-05-25 20:00:00,29922567.00,,
2026-05-25 21:00:00,29591856.03,,
2026-05-25 22:00:00,29788469.71,,
2026-05-25 23:00:00,29613995.92,,
2026-05-26 00:00:00,29237931.20,,
2026-05-26 01:00:00,29314907.29,,
2026-05-26 02:00:00,29410302.25,,
2026-05-26 03:00:00,29904872.95,,
2026-05-26 04:00:00,29093730.77,,
2026-05-26 05:00:00,29693116.05,,
2026-05-26 06:00:00,29243057.11,,
2026-05-26 07:00:00,29504090.97,,
2026-05-26 08:00:00,29298742.48,,
2026-05-26 09:00:00,29150885.30,,
2026-05-26 10:00:00,29118717.05,,
2026-05-26 11:00:00,29834535.21,,
2026-05-26 12:00:00,29283625.91,,
2026-05-26 13:00:00,29456216.43,,
2026-05-26 14:00:00,29801488.24,,
2026-05-26 15:00:00,29348553.42,,
2026-05-26 16:00:00,29350088.24,,
2026-05-26 17:00:00,29437930.32,,
2026-05-26 18:00:00,29082457.35,,
2026-05-26 19:00:00,28944169.81,,
2026-05-26 20:00:00,28608298.38,,
2026-05-26 21:00:00,28642438.55,,
2026-05-26 22:00:00,28475178.38,,
2026-05-26 23:00:00,28482645.13,,
2026-05-27 00:00:00,27646700.22,,
2026-05-27 01:00:00,28241615.48,,
2026-05-27 02:00:00,27913556.84,,
2026-05-27 03:00:00,28601682.27,,
2026-05-27 04:00:00,28318548.89,,
2026-05-27 05:00:00,28721413.37,,
2026-05-27 06:00:00,28785308.97,,
2026-05-27 07:00:00,28624045.45,,
2026-05-27 08:00:00,28328371.64,,
2026-05-27 09:00:00,27975132.03,,
2026-05-27 10:00:00,27989740.20,,
2026-05-27 11:00:00,28238054.85,,
2026-05-27 12:00:00,28437246.16,,
2026-05-27 13:00:00,28413953.18,,
2026-05-27 14:00:00,29000562.67,,
2026-05-27 15:00:00,29295802.16,,
2026-05-27 16:00:00,28931086.12,,
2026-05-27 17:00:00,29018899.15,,
2026-05-27 18:00:00,28187297.83,,
2026-05-27 19:00:00,27986335.19,,
2026-05-27 20:00:00,27915089.91,,
2026-05-27 21:00:00,27563474.50,,
2026-05-27 22:00:00,26924921.42,,
2026-05-27 23:00:00,26404213.04,,
2026-05-28 00:00:00,26619948.96,,
2026-05-28 01:00:00,26402729.57,,
2026-05-28 02:00:00,26441929.21,,
2026-05-28 03:00:00,26813136.31,,
2026-05-28 04:00:00,26090858.10,,
2026-05-28 05:00:00,25056425.45,,
2026-05-28 06:00:00,24401936.19,,
2026-05-28 07:00:00,24322392.27,,
2026-05-28 08:00:00,24598055.89,,
2026-05-28 09:00:00,23546718.53,,
2026-05-28 10:00:00,23891389.73,,
2026-05-28 11:00:00,24308262.46,,
2026-05-28 12:00:00,24454619.09,,
2026-05-28 13:00:00,23980554.94,,
2026-05-28 14:00:00,23169162.34,,
2026-05-28 15:00:00,23574885.62,,
2026-05-28 16:00:00,23615208.31,,
2026-05-28 17:00:00,24329571.68,,
2026-05-28 18:00:00,24225146.70,,
2026-05-28 19:00:00,25245546.67,,
2026-05-28 20:00:00,25433412.87,,
2026-05-28 21:00:00,25972032.93,,
2026-05-28 22:00:00,25798477.20,,
2026-05-28 23:00:00,25246124.89,,
2026-05-29 00:00:00,25201118.99,,
2026-05-29 01:00:00,25458557.80,,
2026-05-29 02:00:00,25140632.76,,
2026-05-29 03:00:00,24288747.12,,
2026-05-29 04:00:00,24327893.61,,
2026-05-29 05:00:00,24529409.50,,
2026-05-29 06:00:00,24169388.44,,
2026-05-29 07:00:00,24930879.48,,
2026-05-29 08:00:00,24387053.55,,
2026-05-29 09:00:00,24384593.95,,
2026-05-29 10:00:00,24046808.47,,
2026-05-29 11:00:00,23950551.63,,
2026-05-29 12:00:00,23631096.06,,
2026-05-29 13:00:00,23305570.03,,
2026-05-29 14:00:00,22934446.09,,
2026-05-29 15:00:00,22955073.80,,
2026-05-29 16:00:00,22775959.79,,
2026-05-29 17:00:00,23713892.54,,
2026-05-29 18:00:00,23218143.56,,
2026-05-29 19:00:00,22979231.04,,
2026-05-29 20:00:00,23127945.91,,
2026-05-29 21:00:00,23002590.86,,
2026-05-29 22:00:00,22603999.00,,
2026-05-29 23:00:00,22957264.54,,
2026-05-30 00:00:00,23011057.44,,
2026-05-30 01:00:00,23162180.25,,
2026-05-30 02:00:00,23404767.77,,
2026-05-30 03:00:00,23590572.75,,
2026-05-30 04:00:00,23032940.49,,
2026-05-30 05:00:00,22951763.08,,
2026-05-30 06:00:00,23075391.10,,
2026-05-30 07:00:00,23322883.37,,
2026-05-30 08:00:00,23592835.45,,
2026-05-30 09:00:00,23239825.48,,
2026-05-30 10:00:00,23166959.78,,
2026-05-30 11:00:00,23450043.87,,
2026-05-30 12:00:00,23035632.38,,
2026-05-30 13:00:00,23443415.39,,
2026-05-30 14:00:00,23897024.95,,
2026-05-30 15:00:00,23475048.83,,
2026-05-30 16:00:00,23570572.26,,
2026-05-30 17:00:00,23830167.21,,
2026-05-30 18:00:00,24172172.85,,
2026-05-30 19:00:00,24266193.48,,
2026-05-30 20:00:00,24139808.22,,
2026-05-30 21:00:00,24517811.29,,
2026-05-30 22:00:00,24606102.39,,
2026-05-30 23:00:00,24691594.16,,
2026-05-31 00:00:00,24514850.22,,
2026-05-31 01:00:00,25106953.47,,
2026-05-31 02:00:00,24845444.92,,
2026-05-31 03:00:00,24622880.34,,
2026-05-31 04:00:00,25326490.64,,
2026-05-31 05:00:00,25748092.84,,
2026-05-31 06:00:00,26251136.45,,
2026-05-31 07:00:00,26616892.79,,
2026-05-31 08:00:00,26604879.70,,
2026-05-31 09:00:00,27441842.97,,
2026-05-31 10:00:00,26818326.99,,
2026-05-31 11:00:00,27077877.10,,
2026-05-31 12:00:00,27310509.62,,
2026-05-31 13:00:00,27443374.46,,
2026-05-31 14:00:00,27466769.96,,
2026-05-31 15:00:00,26565027.76,,
2026-05-31 16:00:00,26869374.37,,
2026-05-31 17:00:00,26220872.43,,
2026-05-31 18:00:00,26420068.86,,
2026-05-31 19:00:00,26257510.98,,
2026-05-31 20:00:00,25807716.28,,
2026-05-31 21:00:00,26246222.54,,
2026-05-31 22:00:00,26734012.42,,
2026-05-31 23:00:00,26904710.29,,
2026-06-01 00:00:00,26925841.47,,
2026-06-01 01:00:00,28068523.39,,
2026-06-01 02:00:00,26819546.15,,
2026-06-01 03:00:00,29057965.56,,
2026-06-01 04:00:00,30507241.25,,
2026-06-01 05:00:00,29708463.84,,
2026-06-01 06:00:00,29551566.55,,
2026-06-01 07:00:00,30295535.52,,
2026-06-01 08:00:00,28267627.64,,
2026-06-01 09:00:00,27452159.22,,
2026-06-01 10:00:00,26668464.48,,
2026-06-01 11:00:00,26299477.90,,
2026-06-01 12:00:00,26119257.64,,
2026-06-01 13:00:00,26749356.03,,
2026-06-01 14:00:00,26001640.03,,
2026-06-01 15:00:00,25299676.93,,
2026-06-01 16:00:00,25241332.73,,
2026-06-01 17:00:00,25495651.33,,
2026-06-01 18:00:00,26387665.31,,
2026-06-01 19:00:00,26155563.16,,
2026-06-01 20:00:00,26077058.28,,
2026-06-01 21:00:00,26058859.10,,
2026-06-01 22:00:00,26405775.84,,
2026-06-01 23:00:00,26027461.58,,
2026-06-02 00:00:00,25481195.77,,
2026-06-02 01:00:00,25314812.39,,
2026-06-02 02:00:00,24564499.42,,
2026-06-02 03:00:00,24792289.50,,
2026-06-02 04:00:00,25356897.01,,
2026-06-02 05:00:00,24819404.36,,
2026-06-02 06:00:00,24774952.66,,
2026-06-02 07:00:00,24689322.19,,
2026-06-02 08:00:00,24741015.56,,
2026-06-02 09:00:00,24943114.43,,
2026-06-02 10:00:00,24814297.23,,
2026-06-02 11:00:00,25059980.18,,
2026-06-02 12:00:00,25152516.22,,
2026-06-02 13:00:00,25175635.11,,
2026-06-02 14:00:00,25449716.79,,
2026-06-02 15:00:00,24854751.22,,
2026-06-02 16:00:00,24166903.02,,
2026-06-02 17:00:00,25780468.01,,
2026-06-02 18:00:00,26032771.85,,
2026-06-02 19:00:00,25562424.19,,
2026-06-02 20:00:00,26560885.67,,
2026-06-02 21:00:00,26802319.39,,
2026-06-02 22:00:00,27653467.06,,
2026-06-02 23:00:00,26737881.26,,
2026-06-03 00:00:00,26739644.87,,
2026-06-03 01:00:00,27366575.58,,
2026-06-03 02:00:00,28739877.14,,
2026-06-03 03:00:00,29019471.05,,
2026-06-03 04:00:00,28265141.22,,
2026-06-03 05:00:00,28889543.77,,
2026-06-03 06:00:00,29129243.20,,
2026-06-03 07:00:00,29871859.65,,
2026-06-03 08:00:00,29618715.91,,
2026-06-03 09:00:00,29452301.41,,
2026-06-03 10:00:00,29633343.52,,
2026-06-03 11:00:00,29869546.82,,
2026-06-03 12:00:00,33923920.47,,
2026-06-03 13:00:00,33623648.93,,
2026-06-03 14:00:00,34193165.88,,
2026-06-03 15:00:00,35091115.71,,
2026-06-03 16:00:00,32955920.50,,
2026-06-03 17:00:00,33401845.79,,
2026-06-03 18:00:00,32381997.15,,
2026-06-03 19:00:00,33139033.55,,
2026-06-03 20:00:00,31908407.51,,
2026-06-03 21:00:00,31263497.60,,
2026-06-03 22:00:00,32964081.73,,
2026-06-03 23:00:00,32128433.31,,
2026-06-04 00:00:00,32614560.98,,
2026-06-04 01:00:00,32076840.89,,
2026-06-04 02:00:00,30383759.62,,
2026-06-04 03:00:00,30395419.68,,
2026-06-04 04:00:00,31063335.92,,
2026-06-04 05:00:00,29724250.30,,
2026-06-04 06:00:00,29489389.03,,
2026-06-04 07:00:00,28433478.63,,
2026-06-04 08:00:00,27762625.52,,
2026-06-04 09:00:00,27158244.00,,
2026-06-04 10:00:00,26989333.78,,
2026-06-04 11:00:00,26270392.24,,
2026-06-04 12:00:00,26522454.69,,
2026-06-04 13:00:00,26307067.76,,
2026-06-04 14:00:00,25581134.25,,
2026-06-04 15:00:00,25728326.66,,
2026-06-04 16:00:00,26465549.57,,
2026-06-04 17:00:00,25968503.82,,
2026-06-04 18:00:00,25466203.07,,
2026-06-04 19:00:00,25668989.99,,
2026-06-04 20:00:00,25501180.90,,
2026-06-04 21:00:00,25180640.55,,
2026-06-04 22:00:00,24184332.94,,
2026-06-04 23:00:00,24031396.02,,
2026-06-05 00:00:00,24177573.18,,
2026-06-05 01:00:00,23712088.98,,
2026-06-05 02:00:00,23849989.00,,
2026-06-05 03:00:00,23202796.86,,
2026-06-05 04:00:00,23264282.87,,
2026-06-05 05:00:00,23793268.13,,
2026-06-05 06:00:00,22617008.15,,
2026-06-05 07:00:00,22910223.99,,
2026-06-05 08:00:00,23101333.62,,
2026-06-05 09:00:00,22342136.21,,
2026-06-05 10:00:00,23301308.47,,
2026-06-05 11:00:00,23322982.14,,
2026-06-05 12:00:00,23476644.46,,
2026-06-05 13:00:00,24063417.65,,
2026-06-05 14:00:00,23938457.16,,
2026-06-05 15:00:00,24320861.17,,
2026-06-05 16:00:00,23650043.01,,
2026-06-05 17:00:00,24491715.49,,
2026-06-05 18:00:00,23641327.16,,
2026-06-05 19:00:00,22848807.59,,
2026-06-05 20:00:00,23809355.97,,
2026-06-05 21:00:00,25597938.83,,
2026-06-05 22:00:00,25635470.00,,
2026-06-05 23:00:00,26318187.56,,
2026-06-06 00:00:00,26283468.13,,
2026-06-06 01:00:00,26808709.21,,
2026-06-06 02:00:00,26567071.95,,
2026-06-06 03:00:00,26555314.12,,
2026-06-06 04:00:00,26351672.05,,
2026-06-06 05:00:00,25707491.65,,
2026-06-06 06:00:00,26383804.21,,
2026-06-06 07:00:00,25307301.20,,
2026-06-06 08:00:00,25168393.39,,
2026-06-06 09:00:00,25087312.65,,
2026-06-06 10:00:00,24516376.89,,
2026-06-06 11:00:00,24539490.27,,
2026-06-06 12:00:00,24698826.48,,
2026-06-06 13:00:00,24532844.89,,
2026-06-06 14:00:00,24749043.47,,
2026-06-06 15:00:00,23898505.31,,
2026-06-06 16:00:00,23940752.06,,
2026-06-06 17:00:00,24229445.76,,
2026-06-06 18:00:00,23896044.48,,
2026-06-06 19:00:00,23650892.97,,
2026-06-06 20:00:00,23293176.38,,
2026-06-06 21:00:00,22849965.96,,
2026-06-06 22:00:00,22946401.21,,
2026-06-06 23:00:00,22770198.88,,
2026-06-07 00:00:00,22834767.28,,
2026-06-07 01:00:00,23157954.83,,
2026-06-07 02:00:00,23093879.52,,
2026-06-07 03:00:00,22915137.01,,
2026-06-07 04:00:00,22576856.29,,
2026-06-07 05:00:00,22705989.15,,
2026-06-07 06:00:00,23023144.55,,
2026-06-07 07:00:00,23555897.47,,
2026-06-07 08:00:00,23705771.76,,
2026-06-07 09:00:00,23837489.72,,
2026-06-07 10:00:00,23262807.54,,
2026-06-07 11:00:00,22932810.50,,
2026-06-07 12:00:00,23665982.41,,
2026-06-07 13:00:00,23286405.32,,
2026-06-07 14:00:00,23515545.52,,
2026-06-07 15:00:00,24726214.19,,
2026-06-07 16:00:00,24050053.22,,
2026-06-07 17:00:00,23516543.23,,
2026-06-07 18:00:00,23588526.30,,
2026-06-07 19:00:00,23129675.97,,
2026-06-07 20:00:00,22128811.94,,
2026-06-07 21:00:00,22323217.45,,
2026-06-07 22:00:00,22272999.69,,
2026-06-07 23:00:00,22718615.26,,
2026-06-08 00:00:00,22834162.41,,
2026-06-08 01:00:00,23101549.98,,
2026-06-08 02:00:00,22331330.95,,
2026-06-08 03:00:00,22418405.38,,
2026-06-08 04:00:00,22805546.91,,
2026-06-08 05:00:00,22184681.99,,
2026-06-08 06:00:00,22441273.97,,
2026-06-08 07:00:00,23551187.85,,
2026-06-08 08:00:00,24718900.22,,
2026-06-08 09:00:00,24235779.84,,
2026-06-08 10:00:00,24260747.29,,
2026-06-08 11:00:00,24047486.27,,
2026-06-08 12:00:00,23931247.25,,
2026-06-08 13:00:00,24537969.22,,
2026-06-08 14:00:00,25192026.82,,
2026-06-08 15:00:00,26293146.12,,
2026-06-08 16:00:00,25376301.14,,
2026-06-08 17:00:00,24906651.81,,
2026-06-08 18:00:00,25038025.36,,
2026-06-08 19:00:00,25317251.68,,
2026-06-08 20:00:00,24553064.66,,
2026-06-08 21:00:00,24112287.27,,
2026-06-08 22:00:00,23997875.99,,
2026-06-08 23:00:00,23540484.80,,
2026-06-09 00:00:00,23104389.14,,
2026-06-09 01:00:00,22469393.05,,
2026-06-09 02:00:00,22364487.49,,
2026-06-09 03:00:00,22016624.63,,
2026-06-09 04:00:00,22065364.86,,
2026-06-09 05:00:00,22512833.37,,
2026-06-09 06:00:00,22555852.34,,
2026-06-09 07:00:00,22332437.57,,
2026-06-09 08:00:00,22559407.22,,
2026-06-09 09:00:00,22119414.09,,
2026-06-09 10:00:00,22065107.42,,
2026-06-09 11:00:00,22448178.71,,
2026-06-09 12:00:00,22275563.53,,
2026-06-09 13:00:00,22438524.55,,
2026-06-09 14:00:00,22536474.78,,
2026-06-09 15:00:00,22525901.70,,
2026-06-09 16:00:00,21952392.96,,
2026-06-09 17:00:00,21859986.31,,
2026-06-09 18:00:00,22006641.65,,
2026-06-09 19:00:00,21887726.30,,
2026-06-09 20:00:00,21770568.35,,
2026-06-09 21:00:00,22210866.21,,
2026-06-09 22:00:00,21574985.46,,
2026-06-09 23:00:00,21358355.04,,
2026-06-10 00:00:00,21556237.18,,
2026-06-10 01:00:00,21425371.16,,
2026-06-10 02:00:00,21446176.04,,
2026-06-10 03:00:00,21028766.42,,
2026-06-10 04:00:00,21108523.03,,
2026-06-10 05:00:00,21076978.35,,
2026-06-10 06:00:00,20751845.50,,
2026-06-10 07:00:00,20907593.20,,
2026-06-10 08:00:00,20866438.06,,
2026-06-10 09:00:00,20364983.22,,
2026-06-10 10:00:00,20665577.46,,
2026-06-10 11:00:00,20605650.49,,
2026-06-10 12:00:00,20413259.24,,
2026-06-10 13:00:00,21256976.33,,
2026-06-10 14:00:00,20986168.88,,
2026-06-10 15:00:00,20354264.51,,
2026-06-10 16:00:00,20480137.72,,
2026-06-10 17:00:00,19783812.43,,
2026-06-10 18:00:00,19958495.58,,
2026-06-10 19:00:00,20121037.73,,
2026-06-10 20:00:00,20692006.23,,
2026-06-10 21:00:00,20100722.41,,
2026-06-10 22:00:00,19841918.13,,
2026-06-10 23:00:00,19489014.26,,
2026-06-11 00:00:00,19414877.55,,
2026-06-11 01:00:00,19477246.38,,
2026-06-11 02:00:00,19820376.92,,
2026-06-11 03:00:00,19727411.71,,
2026-06-11 04:00:00,20039192.66,,
2026-06-11 05:00:00,19765784.09,,
2026-06-11 06:00:00,19265537.27,,
2026-06-11 07:00:00,18865760.84,,
2026-06-11 08:00:00,19058478.05,,
2026-06-11 09:00:00,19210319.69,,
2026-06-11 10:00:00,19728789.08,,
2026-06-11 11:00:00,19468859.88,,
2026-06-11 12:00:00,19243090.17,,
2026-06-11 13:00:00,18702585.13,,
2026-06-11 14:00:00,18841249.84,,
2026-06-11 15:00:00,18656897.87,,
2026-06-11 16:00:00,18854079.69,,
2026-06-11 17:00:00,18499788.98,,
2026-06-11 18:00:00,19848681.35,,
2026-06-11 19:00:00,19329778.36,,
2026-06-11 20:00:00,19311665.51,,
2026-06-11 21:00:00,19470968.49,,
2026-06-11 22:00:00,19962161.22,,
2026-06-11 23:00:00,20111148.82,,
2026-06-12 00:00:00,20007936.17,,
2026-06-12 01:00:00,20283653.26,,
2026-06-12 02:00:00,19919784.37,,
2026-06-12 03:00:00,21322872.03,,
2026-06-12 04:00:00,21085858.23,,
2026-06-12 05:00:00,21070258.17,,
2026-06-12 06:00:00,20387146.16,,
2026-06-12 07:00:00,20267579.54,,
2026-06-12 08:00:00,20361664.05,,
2026-06-12 09:00:00,20815960.09,,
2026-06-12 10:00:00,21065414.23,,
2026-06-12 11:00:00,20512732.07,,
2026-06-12 12:00:00,20357471.91,,
2026-06-12 13:00:00,20614834.00,,
2026-06-12 14:00:00,20198790.92,,
2026-06-12 15:00:00,20815444.37,,
2026-06-12 16:00:00,20386924.95,,
2026-06-12 17:00:00,20702153.01,,
2026-06-12 18:00:00,20418285.04,,
2026-06-12 19:00:00,19946419.70,,
2026-06-12 20:00:00,19783436.11,,
2026-06-12 21:00:00,19840810.60,,
2026-06-12 22:00:00,19916320.71,,
2026-06-12 23:00:00,19944719.22,,
2026-06-13 00:00:00,19946644.46,,
2026-06-13 01:00:00,19888876.41,,
2026-06-13 02:00:00,22790913.43,,
2026-06-13 03:00:00,25354524.94,,
2026-06-13 04:00:00,25161923.02,,
2026-06-13 05:00:00,25173123.79,,
2026-06-13 06:00:00,24628857.89,,
2026-06-13 07:00:00,27109603.40,,
2026-06-13 08:00:00,25896055.42,,
2026-06-13 09:00:00,25453971.66,,
2026-06-13 10:00:00,25621353.31,,
2026-06-13 11:00:00,26121070.19,,
2026-06-13 12:00:00,25971636.96,,
2026-06-13 13:00:00,26601541.63,,
2026-06-13 14:00:00,26074401.34,,
2026-06-13 15:00:00,25014881.99,,
2026-06-13 16:00:00,24744799.89,,
2026-06-13 17:00:00,24473055.61,,
2026-06-13 18:00:00,24296292.28,,
2026-06-13 19:00:00,24173863.05,,
2026-06-13 20:00:00,24183346.41,,
2026-06-13 21:00:00,24091600.58,,
2026-06-13 22:00:00,24280332.89,,
2026-06-13 23:00:00,24236352.62,,
2026-06-14 00:00:00,23965247.86,,
2026-06-14 01:00:00,24086647.58,,
2026-06-14 02:00:00,24034346.10,,
2026-06-14 03:00:00,24103086.78,,
2026-06-14 04:00:00,23742967.70,,
2026-06-14 05:00:00,23163059.81,,
2026-06-14 06:00:00,22442656.64,,
2026-06-14 07:00:00,22646134.72,,
2026-06-14 08:00:00,22667140.81,,
2026-06-14 09:00:00,22573947.89,,
2026-06-14 10:00:00,23051480.53,,
2026-06-14 11:00:00,22436106.88,,
2026-06-14 12:00:00,22367624.95,,
2026-06-14 13:00:00,22205645.96,,
2026-06-14 14:00:00,22449254.94,,
2026-06-14 15:00:00,22111292.03,,
2026-06-14 16:00:00,23009642.86,,
2026-06-14 17:00:00,23122051.11,,
2026-06-14 18:00:00,23041662.97,,
2026-06-14 19:00:00,23218261.61,,
2026-06-14 20:00:00,23239249.99,,
2026-06-14 21:00:00,23383452.15,,
2026-06-14 22:00:00,23726472.06,,
2026-06-14 23:00:00,23767463.42,,
2026-06-15 00:00:00,23562881.07,,
2026-06-15 01:00:00,23706754.01,,
2026-06-15 02:00:00,23054000.87,,
2026-06-15 03:00:00,23230398.66,,
2026-06-15 04:00:00,23354736.39,,
2026-06-15 05:00:00,22959693.11,,
2026-06-15 06:00:00,23054806.10,,
2026-06-15 07:00:00,22996319.74,,
2026-06-15 08:00:00,22947042.18,,
2026-06-15 09:00:00,22512253.80,,
2026-06-15 10:00:00,22583073.20,,
2026-06-15 11:00:00,22250506.19,,
2026-06-15 12:00:00,23120948.62,,
2026-06-15 13:00:00,23521285.38,,
2026-06-15 14:00:00,23944543.58,,
2026-06-15 15:00:00,23856383.03,,
2026-06-15 16:00:00,23700376.46,,
2026-06-15 17:00:00,23600092.91,,
2026-06-15 18:00:00,23336177.44,,
2026-06-15 19:00:00,23153382.21,,
2026-06-15 20:00:00,22567264.83,,
2026-06-15 21:00:00,22607862.07,,
2026-06-15 22:00:00,21239479.59,,
2026-06-15 23:00:00,20578272.52,,
2026-06-16 00:00:00,20778446.38,,
2026-06-16 01:00:00,20861784.28,,
2026-06-16 02:00:00,20929464.03,,
2026-06-16 03:00:00,20693042.12,,
2026-06-16 04:00:00,22017391.37,,
2026-06-16 05:00:00,21240136.64,,
2026-06-16 06:00:00,21299034.12,,
2026-06-16 07:00:00,21353931.14,,
2026-06-16 08:00:00,21436447.96,,
2026-06-16 09:00:00,21659337.93,,
2026-06-16 10:00:00,21486251.33,,
2026-06-16 11:00:00,21473618.23,,
2026-06-16 12:00:00,21423552.58,,
2026-06-16 13:00:00,21379937.14,,
2026-06-16 14:00:00,21208048.35,,
2026-06-16 15:00:00,21141018.81,,
2026-06-16 16:00:00,21171210.08,,
2026-06-16 17:00:00,20979289.65,,
2026-06-16 18:00:00,21338278.34,,
2026-06-16 19:00:00,21465221.86,,
2026-06-16 20:00:00,21106462.68,,
2026-06-16 21:00:00,21452589.20,,
2026-06-16 22:00:00,21335140.17,,
2026-06-16 23:00:00,21648550.57,,
2026-06-17 00:00:00,21536747.71,,
2026-06-17 01:00:00,22002112.16,,
2026-06-17 02:00:00,21765637.28,,
2026-06-17 03:00:00,22047094.88,,
2026-06-17 04:00:00,22429815.00,,
2026-06-17 05:00:00,22785366.20,,
2026-06-17 06:00:00,23434201.70,,
2026-06-17 07:00:00,22824012.58,,
2026-06-17 08:00:00,22751839.78,,
2026-06-17 09:00:00,22743099.44,,
2026-06-17 10:00:00,22787896.85,,
2026-06-17 11:00:00,22467918.18,,
2026-06-17 12:00:00,22634725.46,,
2026-06-17 13:00:00,23711282.44,,
2026-06-17 14:00:00,23425130.44,,
2026-06-17 15:00:00,23160196.08,,
2026-06-17 16:00:00,23889053.01,,
2026-06-17 17:00:00,23836125.33,,
2026-06-17 18:00:00,23499459.18,,
2026-06-17 19:00:00,22793223.40,,
2026-06-17 20:00:00,22335006.10,,
2026-06-17 21:00:00,22393706.78,,
2026-06-17 22:00:00,22074538.08,,
2026-06-17 23:00:00,21897445.43,,
2026-06-18 00:00:00,22142651.90,,
2026-06-18 01:00:00,22126993.59,,
2026-06-18 02:00:00,22040579.17,,
2026-06-18 03:00:00,22028358.06,,
2026-06-18 04:00:00,21589504.03,,
2026-06-18 05:00:00,20581088.24,,
2026-06-18 06:00:00,20565367.52,,
2026-06-18 07:00:00,20959567.58,,
2026-06-18 08:00:00,21088121.23,,
2026-06-18 09:00:00,20899646.50,,
2026-06-18 10:00:00,20805693.45,,
2026-06-18 11:00:00,20506041.89,,
2026-06-18 12:00:00,20412207.25,,
2026-06-18 13:00:00,20514593.32,,
2026-06-18 14:00:00,20393836.45,,
2026-06-18 15:00:00,20551748.76,,
2026-06-18 16:00:00,19434934.42,,
2026-06-18 17:00:00,19515827.97,,
2026-06-18 18:00:00,19314282.92,,
2026-06-18 19:00:00,19192230.68,,
2026-06-18 20:00:00,19373724.44,,
2026-06-18 21:00:00,19747304.57,,
2026-06-18 22:00:00,19716114.77,,
2026-06-18 23:00:00,19551554.33,,
2026-06-19 00:00:00,19680084.24,,
2026-06-19 01:00:00,19558146.51,,
2026-06-19 02:00:00,19624867.12,,
2026-06-19 03:00:00,19833709.56,,
2026-06-19 04:00:00,19471245.34,,
2026-06-19 05:00:00,19234748.98,,
2026-06-19 06:00:00,19560932.74,,
2026-06-19 07:00:00,19702758.00,,
2026-06-19 08:00:00,19279842.45,,
2026-06-19 09:00:00,19335571.62,,
2026-06-19 10:00:00,19393768.85,,
2026-06-19 11:00:00,19211617.40,,
2026-06-19 12:00:00,19242026.91,,
2026-06-19 13:00:00,19464461.92,,
2026-06-19 14:00:00,19645086.44,,
2026-06-19 15:00:00,19553633.25,,
2026-06-19 16:00:00,19354890.11,,
2026-06-19 17:00:00,19124007.04,,
2026-06-19 18:00:00,19447438.27,,
2026-06-19 19:00:00,19642917.39,,
2026-06-19 20:00:00,19655591.52,,
2026-06-19 21:00:00,19624720.44,,
2026-06-19 22:00:00,19462025.69,,
2026-06-19 23:00:00,19494549.32,,
2026-06-20 00:00:00,19646121.12,,
2026-06-20 01:00:00,19479693.30,,
2026-06-20 02:00:00,19494410.42,,
2026-06-20 03:00:00,19445041.36,,
2026-06-20 04:00:00,20407595.57,,
2026-06-20 05:00:00,20121500.99,,
2026-06-20 06:00:00,20482807.59,,
2026-06-20 07:00:00,20223082.86,,
2026-06-20 08:00:00,20432511.22,,
2026-06-20 09:00:00,20137537.92,,
2026-06-20 10:00:00,20349011.32,,
2026-06-20 11:00:00,20408444.12,,
2026-06-20 12:00:00,20121225.40,,
2026-06-20 13:00:00,20046108.52,,
2026-06-20 14:00:00,19757343.66,,
2026-06-20 15:00:00,20041317.50,,
2026-06-20 16:00:00,20186351.77,,
2026-06-20 17:00:00,19901811.30,,
2026-06-20 18:00:00,19819359.99,,
2026-06-20 19:00:00,19709419.03,,
2026-06-20 20:00:00,19734166.86,,
2026-06-20 21:00:00,19734327.97,,
2026-06-20 22:00:00,19730658.97,,
2026-06-20 23:00:00,19935254.62,,
2026-06-21 00:00:00,19967638.92,,
2026-06-21 01:00:00,19896156.16,,
2026-06-21 02:00:00,19878952.03,,
2026-06-21 03:00:00,19828203.09,,
2026-06-21 04:00:00,19869315.74,,
2026-06-21 05:00:00,19725929.48,,
2026-06-21 06:00:00,19767347.91,,
2026-06-21 07:00:00,19692639.40,,
2026-06-21 08:00:00,19705286.51,,
2026-06-21 09:00:00,19704527.94,,
2026-06-21 10:00:00,19868908.09,,
2026-06-21 11:00:00,20023459.22,,
2026-06-21 12:00:00,20074364.72,,
2026-06-21 13:00:00,20236473.57,,
2026-06-21 14:00:00,20269652.11,,
2026-06-21 15:00:00,21188801.62,,
2026-06-21 16:00:00,21550053.41,,
2026-06-21 17:00:00,21505625.44,,
2026-06-21 18:00:00,21354039.14,,
2026-06-21 19:00:00,21393105.53,,
2026-06-21 20:00:00,21262794.85,,
2026-06-21 21:00:00,20846848.85,,
2026-06-21 22:00:00,20676401.76,,
2026-06-21 23:00:00,20676544.93,,
2026-06-22 00:00:00,20489137.68,,
2026-06-22 01:00:00,20837948.45,,
2026-06-22 02:00:00,21310751.58,,
2026-06-22 03:00:00,21781177.45,,
2026-06-22 04:00:00,21477258.51,,
2026-06-22 05:00:00,21467451.72,,
2026-06-22 06:00:00,21401265.95,,
2026-06-22 07:00:00,21313003.92,,
2026-06-22 08:00:00,21715964.59,,
2026-06-22 09:00:00,21891435.34,,
2026-06-22 10:00:00,21797680.83,,
2026-06-22 11:00:00,21801565.19,,
2026-06-22 12:00:00,22077229.73,,
2026-06-22 13:00:00,22186080.24,,
2026-06-22 14:00:00,22200969.26,,
2026-06-22 15:00:00,21778803.09,,
2026-06-22 16:00:00,21595857.44,,
2026-06-22 17:00:00,21187327.33,,
2026-06-22 18:00:00,20980519.59,,
2026-06-22 19:00:00,20887057.77,,
2026-06-22 20:00:00,20753864.35,,
2026-06-22 21:00:00,21193932.35,,
2026-06-22 22:00:00,21121529.06,,
2026-06-22 23:00:00,21002030.40,,
2026-06-23 00:00:00,20705489.27,,
2026-06-23 01:00:00,20664261.20,,
2026-06-23 02:00:00,20520617.89,,
2026-06-23 03:00:00,20581145.85,,
2026-06-23 04:00:00,20459052.85,,
2026-06-23 05:00:00,19977631.69,,
2026-06-23 06:00:00,19376193.45,,
2026-06-23 07:00:00,18877387.83,,
2026-06-23 08:00:00,18976710.71,,
2026-06-23 09:00:00,18739684.92,,
2026-06-23 10:00:00,18794717.09,,
2026-06-23 11:00:00,17885992.42,,
2026-06-23 12:00:00,18684830.55,,
2026-06-23 13:00:00,18576984.92,,
2026-06-23 14:00:00,18956331.83,,
2026-06-23 15:00:00,18982465.39,,
2026-06-23 16:00:00,18939225.64,,
2026-06-23 17:00:00,19277275.06,,
2026-06-23 18:00:00,19205750.57,,
2026-06-23 19:00:00,19167126.37,,
2026-06-23 20:00:00,19378102.52,,
2026-06-23 21:00:00,19350036.38,,
2026-06-23 22:00:00,19288165.70,,
2026-06-23 23:00:00,19115249.18,,
2026-06-24 00:00:00,19122341.66,,
2026-06-24 01:00:00,19276667.46,,
2026-06-24 02:00:00,19119198.03,,
2026-06-24 03:00:00,18635996.85,,
2026-06-24 04:00:00,18697186.44,,
2026-06-24 05:00:00,18721503.03,,
2026-06-24 06:00:00,18887014.20,,
2026-06-24 07:00:00,18764536.57,,
2026-06-24 08:00:00,18603564.01,,
2026-06-24 09:00:00,18544531.76,,
2026-06-24 10:00:00,18413533.13,,
2026-06-24 11:00:00,18370757.98,,
2026-06-24 12:00:00,18786971.86,,
2026-06-24 13:00:00,18789679.21,,
2026-06-24 14:00:00,18499356.81,,
2026-06-24 15:00:00,18588715.79,,
2026-06-24 16:00:00,18235266.69,,
2026-06-24 17:00:00,17597442.07,,
2026-06-24 18:00:00,17343413.30,,
2026-06-24 19:00:00,17773970.59,,
2026-06-24 20:00:00,17663367.59,,
2026-06-24 21:00:00,17911151.98,,
2026-06-24 22:00:00,17958080.48,,
2026-06-24 23:00:00,18005891.04,,
2026-06-25 00:00:00,18348689.67,,
2026-06-25 01:00:00,17973767.55,,
2026-06-25 02:00:00,18128963.06,,
2026-06-25 03:00:00,18005305.41,,
2026-06-25 04:00:00,17960829.96,,
2026-06-25 05:00:00,17987635.29,,
2026-06-25 06:00:00,18457768.31,,
2026-06-25 07:00:00,18546668.48,,
2026-06-25 08:00:00,18520273.60,,
2026-06-25 09:00:00,18424822.77,,
2026-06-25 10:00:00,18306862.71,,
2026-06-25 11:00:00,18021337.19,,
2026-06-25 12:00:00,17990369.35,,
2026-06-25 13:00:00,17998155.86,,
2026-06-25 14:00:00,16530140.57,,
2026-06-25 15:00:00,17277285.42,,
2026-06-25 16:00:00,17728157.99,,
2026-06-25 17:00:00,18294934.45,,
2026-06-25 18:00:00,18740641.25,,
2026-06-25 19:00:00,17900045.96,,
2026-06-25 20:00:00,17956051.12,,
2026-06-25 21:00:00,18830576.66,,
2026-06-25 22:00:00,18447675.54,,
2026-06-25 23:00:00,18143832.31,,
2026-06-26 00:00:00,17955408.37,,
2026-06-26 01:00:00,17637124.47,,
2026-06-26 02:00:00,17813486.64,,
2026-06-26 03:00:00,17143871.55,,
2026-06-26 04:00:00,17911304.41,,
2026-06-26 05:00:00,17768821.52,,
2026-06-26 06:00:00,17675399.06,,
2026-06-26 07:00:00,18062651.13,,
2026-06-26 08:00:00,18038378.01,,
2026-06-26 09:00:00,17894006.70,,
2026-06-26 10:00:00,17620138.14,,
2026-06-26 11:00:00,17536653.02,,
2026-06-26 12:00:00,16983904.06,,
2026-06-26 13:00:00,17006273.08,,
2026-06-26 14:00:00,17588391.31,,
2026-06-26 15:00:00,17275904.06,,
2026-06-26 16:00:00,17636290.14,,
2026-06-26 17:00:00,17764153.24,,
2026-06-26 18:00:00,17709879.53,,
2026-06-26 19:00:00,17396887.07,,
2026-06-26 20:00:00,17196643.94,,
2026-06-26 21:00:00,16814909.64,,
2026-06-26 22:00:00,16786444.27,,
2026-06-26 23:00:00,16872719.18,,
2026-06-27 00:00:00,17028492.86,,
2026-06-27 01:00:00,16907001.65,,
2026-06-27 02:00:00,16727040.96,,
2026-06-27 03:00:00,17048129.34,,
2026-06-27 04:00:00,16896065.61,,
2026-06-27 05:00:00,16815333.66,,
2026-06-27 06:00:00,16795186.14,,
2026-06-27 07:00:00,16542172.44,,
2026-06-27 08:00:00,16714144.87,,
2026-06-27 09:00:00,16628683.79,,
2026-06-27 10:00:00,16609075.14,,
2026-06-27 11:00:00,16663450.83,,
2026-06-27 12:00:00,16651081.42,,
2026-06-27 13:00:00,16730987.59,,
2026-06-27 14:00:00,16687652.97,,
2026-06-27 15:00:00,16833352.81,,
2026-06-27 16:00:00,17018562.34,,
2026-06-27 17:00:00,17300780.55,,
2026-06-27 18:00:00,17025481.51,,
2026-06-27 19:00:00,16861798.61,,
2026-06-27 20:00:00,16433435.58,,
2026-06-27 21:00:00,16316922.09,,
2026-06-27 22:00:00,16383472.00,,
2026-06-27 23:00:00,16504733.45,,
2026-06-28 00:00:00,16454226.94,,
2026-06-28 01:00:00,16540659.35,,
2026-06-28 02:00:00,16505468.53,,
2026-06-28 03:00:00,16357068.87,,
2026-06-28 04:00:00,16227837.61,,
2026-06-28 05:00:00,16093648.42,,
2026-06-28 06:00:00,15931087.49,,
2026-06-28 07:00:00,16024638.74,,
2026-06-28 08:00:00,16153595.71,,
2026-06-28 09:00:00,16485777.94,,
2026-06-28 10:00:00,16688500.58,,
2026-06-28 11:00:00,16771451.52,,
2026-06-28 12:00:00,16777638.99,,
2026-06-28 13:00:00,16648986.38,,
2026-06-28 14:00:00,16519129.46,,
2026-06-28 15:00:00,16562897.38,,
2026-06-28 16:00:00,16364777.12,,
2026-06-28 17:00:00,16132242.84,,
2026-06-28 18:00:00,15868518.37,,
2026-06-28 19:00:00,15718166.48,,
2026-06-28 20:00:00,15596183.98,,
2026-06-28 21:00:00,15865889.42,,
2026-06-28 22:00:00,15673809.69,,
2026-06-28 23:00:00,15655438.66,,
2026-06-29 00:00:00,15726767.73,,
2026-06-29 01:00:00,15491314.31,,
2026-06-29 02:00:00,15374809.95,,
2026-06-29 03:00:00,15566473.07,,
2026-06-29 04:00:00,15260978.19,,
2026-06-29 05:00:00,15059662.55,,
2026-06-29 06:00:00,15316073.81,,
2026-06-29 07:00:00,15391086.65,,
2026-06-29 08:00:00,15324673.66,,
2026-06-29 09:00:00,15165072.80,,
2026-06-29 10:00:00,15269661.02,,
2026-06-29 11:00:00,15185002.62,,
2026-06-29 12:00:00,15125127.90,,
2026-06-29 13:00:00,15081533.77,,
2026-06-29 14:00:00,15239972.54,,
2026-06-29 15:00:00,14838714.55,,
2026-06-29 16:00:00,14992528.19,,
2026-06-29 17:00:00,14995145.03,,
2026-06-29 18:00:00,15335896.16,,
2026-06-29 19:00:00,15545404.33,,
2026-06-29 20:00:00,16009588.80,,
2026-06-29 21:00:00,15800522.91,,
2026-06-29 22:00:00,15782722.35,,
2026-06-29 23:00:00,15460989.92,,
2026-06-30 00:00:00,15408337.51,,
2026-06-30 01:00:00,14974862.34,,
2026-06-30 02:00:00,14993844.11,,
2026-06-30 03:00:00,15023839.40,,
2026-06-30 04:00:00,14965295.07,,
2026-06-30 05:00:00,14956412.61,,
2026-06-30 06:00:00,15116002.44,,
2026-06-30 07:00:00,15443220.44,,
2026-06-30 08:00:00,15759489.14,,
2026-06-30 09:00:00,15594421.44,,
2026-06-30 10:00:00,15629199.61,,
2026-06-30 11:00:00,15479067.28,,
2026-06-30 12:00:00,14868410.04,,
2026-06-30 13:00:00,14704642.59,,
2026-06-30 14:00:00,14995362.18,,
2026-06-30 15:00:00,14829501.51,,
2026-06-30 16:00:00,14890450.61,,
2026-06-30 17:00:00,14895177.88,,
2026-06-30 18:00:00,14979604.29,,
2026-06-30 19:00:00,14823414.16,,
2026-06-30 20:00:00,14811080.31,,
2026-06-30 21:00:00,14730608.25,,
2026-06-30 22:00:00,14847496.38,,
2026-06-30 23:00:00,14862980.90,,
2026-07-01 00:00:00,14806857.69,,
2026-07-01 01:00:00,14892657.19,,
2026-07-01 02:00:00,14877403.86,,
2026-07-01 03:00:00,15018826.70,,
2026-07-01 04:00:00,15269824.53,,
2026-07-01 05:00:00,15509396.52,,
2026-07-01 06:00:00,15242078.78,,
2026-07-01 07:00:00,14924228.13,,
2026-07-01 08:00:00,14951886.66,,
2026-07-01 09:00:00,14951967.72,,
2026-07-01 10:00:00,14912183.06,,
2026-07-01 11:00:00,14866736.21,,
2026-07-01 12:00:00,14972278.34,,
2026-07-01 13:00:00,15040465.23,,
2026-07-01 14:00:00,15294218.23,,
2026-07-01 15:00:00,18764004.14,,
2026-07-01 16:00:00,18828216.18,,
2026-07-01 17:00:00,19403094.42,,
2026-07-01 18:00:00,19078325.16,,
2026-07-01 19:00:00,17917378.97,,
2026-07-01 20:00:00,17522289.23,,
2026-07-01 21:00:00,16938855.25,,
2026-07-01 22:00:00,17103397.99,,
2026-07-01 23:00:00,17072759.64,,
2026-07-02 00:00:00,16721355.08,,
2026-07-02 01:00:00,15747090.77,,
2026-07-02 02:00:00,15836130.63,,
2026-07-02 03:00:00,15816225.66,,
2026-07-02 04:00:00,16120927.08,,
2026-07-02 05:00:00,16147496.45,,
2026-07-02 06:00:00,15826311.43,,
2026-07-02 07:00:00,15704563.28,,
2026-07-02 08:00:00,15954291.46,,
2026-07-02 09:00:00,16217553.24,,
2026-07-02 10:00:00,16331058.83,,
2026-07-02 11:00:00,16301960.98,,
2026-07-02 12:00:00,16560456.35,,
2026-07-02 13:00:00,16232718.57,,
2026-07-02 14:00:00,16345526.72,,
2026-07-02 15:00:00,16190476.65,,
2026-07-02 16:00:00,16122760.24,,
2026-07-02 17:00:00,15915069.24,,
2026-07-02 18:00:00,15795153.09,,
2026-07-02 19:00:00,15827550.21,,
2026-07-02 20:00:00,15573845.48,,
2026-07-02 21:00:00,15652320.11,,
2026-07-02 22:00:00,15474613.65,,
2026-07-02 23:00:00,15448956.22,,
2026-07-03 00:00:00,15746536.85,,
2026-07-03 01:00:00,15715224.15,,
2026-07-03 02:00:00,16503169.20,,
2026-07-03 03:00:00,16458546.65,,
2026-07-03 04:00:00,16708724.29,,
2026-07-03 05:00:00,16514540.05,,
2026-07-03 06:00:00,17208498.32,,
2026-07-03 07:00:00,17167038.98,,280361.62
2026-07-03 08:00:00,17137053.78,,294096.30
2026-07-03 09:00:00,17101352.61,,308578.62
2026-07-03 10:00:00,17085755.71,,243410.31
2026-07-03 11:00:00,17029697.90,,210289.08
2026-07-03 12:00:00,17027784.06,,217333.13
2026-07-03 13:00:00,17043327.55,,222575.39
2026-07-03 14:00:00,17142924.71,,226536.02
2026-07-03 15:00:00,16509259.50,,220030.27
2026-07-03 16:00:00,16364147.33,,207088.13
2026-07-03 17:00:00,16366120.71,,221852.07
2026-07-03 18:00:00,16375195.57,,213795.66
2026-07-03 19:00:00,16183356.98,,229598.81
2026-07-03 20:00:00,15999416.67,,226412.01
2026-07-03 21:00:00,15966885.06,,225559.37
2026-07-03 22:00:00,16142978.11,,231242.87
2026-07-03 23:00:00,15486620.04,,275351.89
2026-07-04 00:00:00,15169123.21,,320920.72
2026-07-04 01:00:00,14991861.61,,354125.73
2026-07-04 02:00:00,14254109.58,,456812.31
2026-07-04 03:00:00,14320222.24,,509953.58
2026-07-04 04:00:00,14540295.14,,626723.68
2026-07-04 05:00:00,15167393.33,,607420.86
2026-07-04 06:00:00,14409911.29,,591363.50
2026-07-04 07:00:00,14488769.44,,583609.27
2026-07-04 08:00:00,15053170.20,,578952.47
2026-07-04 09:00:00,14862551.98,,575770.81
2026-07-04 10:00:00,14732129.86,,513768.57
2026-07-04 11:00:00,14814553.99,,500994.53
2026-07-04 12:00:00,14720022.76,,587351.27
2026-07-04 13:00:00,14998869.46,,645388.13
2026-07-04 14:00:00,15175790.34,,663537.00
2026-07-04 15:00:00,15288401.61,,581645.55
2026-07-04 16:00:00,15302527.13,,581509.69
2026-07-04 17:00:00,15247961.44,,579784.76
2026-07-04 18:00:00,15510503.22,,602736.19
2026-07-04 19:00:00,15475697.92,,568423.11
2026-07-04 20:00:00,15287296.67,,570639.18
2026-07-04 21:00:00,15454438.39,,588309.03
2026-07-04 22:00:00,15509498.66,,575856.62
2026-07-04 23:00:00,15579766.01,,581392.68
2026-07-05 00:00:00,15430981.68,,552317.27
2026-07-05 01:00:00,15158562.83,,498153.33
2026-07-05 02:00:00,14481387.47,,598973.32
2026-07-05 03:00:00,14594688.70,,617670.84
2026-07-05 04:00:00,14640714.47,,625945.67
2026-07-05 05:00:00,14797774.47,,645407.52
2026-07-05 06:00:00,15014775.59,,665848.79
2026-07-05 07:00:00,15126807.98,,658705.74
2026-07-05 08:00:00,14913667.68,,648884.47
2026-07-05 09:00:00,14759187.63,,638734.74
2026-07-05 10:00:00,15005373.63,,649435.50
2026-07-05 11:00:00,15231810.80,,625737.69
2026-07-05 12:00:00,15468967.00,,648677.18
2026-07-05 13:00:00,15527142.11,,682352.97
2026-07-05 14:00:00,15932713.88,,689184.45
2026-07-05 15:00:00,15774986.77,,676155.00
2026-07-05 16:00:00,15817843.41,,667920.16
2026-07-05 17:00:00,15696790.82,,662338.42
2026-07-05 18:00:00,15729893.64,,668458.51
2026-07-05 19:00:00,16118691.03,,687276.86
2026-07-05 20:00:00,15690329.43,,694427.97
2026-07-05 21:00:00,15383645.79,,670010.69
2026-07-05 22:00:00,15581422.06,,669573.71
2026-07-05 23:00:00,15489921.89,,649049.05
2026-07-06 00:00:00,15377518.61,,646870.79
2026-07-06 01:00:00,14991321.78,,727493.29
2026-07-06 02:00:00,14953019.07,,719696.05
2026-07-06 03:00:00,15121892.72,,718183.15
2026-07-06 04:00:00,15191107.10,,733229.19
2026-07-06 05:00:00,15206384.95,,770003.77
2026-07-06 06:00:00,15322810.78,,749793.71
2026-07-06 07:00:00,15384473.35,,758854.11
2026-07-06 08:00:00,15129173.36,,755854.30
2026-07-06 09:00:00,15170639.80,,754162.51
2026-07-06 10:00:00,15169025.12,,754668.06
2026-07-06 11:00:00,15236679.54,,767791.25
2026-07-06 12:00:00,15160924.88,,772532.97
2026-07-06 13:00:00,15235734.56,,650870.27
2026-07-06 14:00:00,15575051.57,,661691.79
2026-07-06 15:00:00,15541085.98,,647288.34
2026-07-06 16:00:00,15991876.75,,673549.40
2026-07-06 17:00:00,15967594.73,,696323.86
2026-07-06 18:00:00,15556881.70,,653482.56
2026-07-06 19:00:00,15567418.17,,627345.64
2026-07-06 20:00:00,15415902.61,,644575.29
2026-07-06 21:00:00,15248275.41,,622904.30
2026-07-06 22:00:00,14907392.79,,583561.38
2026-07-06 23:00:00,14790264.84,,582734.43
2026-07-07 00:00:00,14677858.33,,585980.46
2026-07-07 01:00:00,14698766.58,,671493.70
2026-07-07 02:00:00,14537030.04,,695615.36
2026-07-07 03:00:00,14569926.93,,714429.75
2026-07-07 04:00:00,14297268.61,,748752.93
2026-07-07 05:00:00,13855856.03,,752456.41
2026-07-07 06:00:00,14094448.68,,685994.07
2026-07-07 07:00:00,14021688.78,,698620.51
2026-07-07 08:00:00,14027657.30,,708031.28
2026-07-07 09:00:00,13996334.55,,706657.37
2026-07-07 10:00:00,14133796.77,,688668.04
2026-07-07 11:00:00,14094676.28,,684836.17
2026-07-07 12:00:00,14406525.20,,673418.50
2026-07-07 13:00:00,14350445.36,,669871.35
2026-07-07 14:00:00,14087987.74,,646640.38
2026-07-07 15:00:00,13796278.12,,600903.40
2026-07-07 16:00:00,13889345.92,,602267.05
2026-07-07 17:00:00,14332517.17,,648474.20
2026-07-07 18:00:00,14323090.79,,635247.30
2026-07-07 19:00:00,13928556.14,,618606.72
2026-07-07 20:00:00,14053116.71,,622558.56
2026-07-07 21:00:00,13924642.22,,571977.85
2026-07-07 22:00:00,13803529.92,,546226.50
2026-07-07 23:00:00,13939878.81,,526606.29
2026-07-08 00:00:00,13678583.49,,528621.61
2026-07-08 01:00:00,14133629.22,,546629.79
2026-07-08 02:00:00,13999152.48,,534666.36
2026-07-08 03:00:00,14245210.46,,530567.92
2026-07-08 04:00:00,14211744.50,,525349.87
2026-07-08 05:00:00,14066436.21,,523661.84
2026-07-08 06:00:00,14036954.86,,524645.34
2026-07-08 07:00:00,13817535.51,,519680.40
2026-07-08 08:00:00,13771746.38,,518697.17
2026-07-08 09:00:00,13514628.41,,514828.60
2026-07-08 10:00:00,13491552.15,,509148.29
2026-07-08 11:00:00,13525853.00,,512257.28
2026-07-08 12:00:00,13646772.23,,502271.82
2026-07-08 13:00:00,13464372.13,,478073.40
2026-07-08 14:00:00,13760899.38,,488982.45
2026-07-08 15:00:00,13846105.08,,503754.52
2026-07-08 16:00:00,13571640.84,,488639.78
2026-07-08 17:00:00,13873899.08,,517522.51
2026-07-08 18:00:00,14459131.06,,515161.43
2026-07-08 19:00:00,14774958.65,,523415.31
2026-07-08 20:00:00,15142051.54,,567204.04
2026-07-08 21:00:00,15758578.22,,656289.33
2026-07-08 22:00:00,15309866.97,,645911.85
2026-07-08 23:00:00,15309682.98,,650703.64
2026-07-09 00:00:00,15205617.41,,638116.14
2026-07-09 01:00:00,15098491.36,,645249.15
2026-07-09 02:00:00,15121940.08,,646053.33
2026-07-09 03:00:00,14939771.90,,630957.56
2026-07-09 04:00:00,14944003.10,,642615.73
2026-07-09 05:00:00,15251748.48,,682592.48
2026-07-09 06:00:00,14931910.93,,649220.20
2026-07-09 07:00:00,14857796.84,,648345.53
2026-07-09 08:00:00,14557049.11,,648315.98
2026-07-09 09:00:00,14645159.75,,652948.00
2026-07-09 10:00:00,14692792.31,,652708.20
2026-07-09 11:00:00,14482320.52,,641858.54
2026-07-09 12:00:00,14528871.63,,654673.86
2026-07-09 13:00:00,14400024.75,,650230.09
2026-07-09 14:00:00,15073636.76,,674345.95
2026-07-09 15:00:00,14924277.30,,659409.59
2026-07-09 16:00:00,14570376.52,,656080.97
2026-07-09 17:00:00,14600170.81,,667477.57
2026-07-09 18:00:00,14453717.21,,681648.11
2026-07-09 19:00:00,14541407.60,,671636.80
2026-07-09 20:00:00,14543943.27,,677108.73
2026-07-09 21:00:00,14467780.49,,677654.37
2026-07-09 22:00:00,14540595.63,,673566.44
2026-07-09 23:00:00,14569893.59,,675457.38
2026-07-10 00:00:00,14522781.03,,675434.35
2026-07-10 01:00:00,14541571.75,,676591.33
2026-07-10 02:00:00,14762884.25,,692409.35
2026-07-10 03:00:00,14567656.50,,670786.56
2026-07-10 04:00:00,14519606.89,,681117.72
2026-07-10 05:00:00,14517824.10,,676935.78
2026-07-10 06:00:00,14101804.32,,636768.21
2026-07-10 07:00:00,14070429.37,,645856.58
2026-07-10 08:00:00,14050837.73,,643836.91
2026-07-10 09:00:00,14151138.17,,652299.84
2026-07-10 10:00:00,14416975.14,,658509.19
2026-07-10 11:00:00,14347729.47,,671013.57
2026-07-10 12:00:00,14388640.79,,654701.88
2026-07-10 13:00:00,14048660.75,,629159.32
2026-07-10 14:00:00,14019543.60,,634109.54
2026-07-10 15:00:00,13739660.48,,647654.30
2026-07-10 16:00:00,13832115.09,,648424.29
2026-07-10 17:00:00,13814971.05,,653919.21
2026-07-10 18:00:00,13675022.15,,649155.40
2026-07-10 19:00:00,13682389.54,,662673.76
2026-07-10 20:00:00,13632577.84,,643645.21
2026-07-10 21:00:00,13654996.75,,631790.12
2026-07-10 22:00:00,13633644.24,,629043.69
2026-07-10 23:00:00,13944117.38,,625414.32
2026-07-11 00:00:00,13777076.77,,602920.85
2026-07-11 01:00:00,13652989.02,,592978.93
2026-07-11 02:00:00,13685585.14,,593204.60
2026-07-11 03:00:00,13824456.36,,601046.40
2026-07-11 04:00:00,13693623.29,,588924.00
2026-07-11 05:00:00,13632597.73,,601369.93
2026-07-11 06:00:00,13466456.75,,574228.24
2026-07-11 07:00:00,13248167.61,,542423.44
2026-07-11 08:00:00,13128174.78,,489375.72
2026-07-11 09:00:00,13039941.81,,505436.75
2026-07-11 10:00:00,12952369.09,,508144.13
2026-07-11 11:00:00,12801822.21,,524470.40
2026-07-11 12:00:00,12757320.67,,541111.44
2026-07-11 13:00:00,12652287.23,,609450.72
2026-07-11 14:00:00,12670163.14,,613063.23
2026-07-11 15:00:00,12738483.14,,609117.16
2026-07-11 16:00:00,12720237.65,,601959.09
2026-07-11 17:00:00,12840042.06,,612986.77
2026-07-11 18:00:00,12820080.76,,608649.25
2026-07-11 19:00:00,12834027.92,,611004.04
2026-07-11 20:00:00,12841398.45,,599437.77
2026-07-11 21:00:00,12843422.24,,585327.83
2026-07-11 22:00:00,12777236.25,,592396.71
2026-07-11 23:00:00,12693145.63,,596277.44
2026-07-12 00:00:00,12576952.75,,610900.55
2026-07-12 01:00:00,12685977.70,,617416.68
2026-07-12 02:00:00,12949429.33,,657203.93
2026-07-12 03:00:00,12877076.81,,691578.29
2026-07-12 04:00:00,12864341.84,,693132.86
2026-07-12 05:00:00,12985882.98,,694944.13
2026-07-12 06:00:00,12974269.37,,684139.08
2026-07-12 07:00:00,12876865.08,,678059.28
2026-07-12 08:00:00,12820279.86,,670509.40
2026-07-12 09:00:00,12869924.68,,658779.15
2026-07-12 10:00:00,12891490.70,,655362.53
2026-07-12 11:00:00,12900689.18,,657022.53
2026-07-12 12:00:00,12786918.90,,649239.25
2026-07-12 13:00:00,12726120.29,,637771.46
2026-07-12 14:00:00,12734828.29,,635468.28
2026-07-12 15:00:00,12711854.94,,632506.32
2026-07-12 16:00:00,12681578.55,,623324.45
2026-07-12 17:00:00,12472106.94,,601929.65
2026-07-12 18:00:00,12488769.00,,601012.92
2026-07-12 19:00:00,12602677.53,,604839.46
2026-07-12 20:00:00,12610276.00,,606845.38
2026-07-12 21:00:00,12547240.72,,594451.82
2026-07-12 22:00:00,12462895.68,,590031.88
2026-07-12 23:00:00,12377209.33,,587378.49
2026-07-13 00:00:00,12491663.28,,595819.44
2026-07-13 01:00:00,12482548.48,,613389.98
2026-07-13 02:00:00,12377866.99,,604857.79
2026-07-13 03:00:00,12484232.61,,614059.05
2026-07-13 04:00:00,12469833.20,,617144.87
2026-07-13 05:00:00,12347455.45,,614977.97
2026-07-13 06:00:00,12358472.43,,611608.75
2026-07-13 07:00:00,12210048.92,,603471.62
2026-07-13 08:00:00,12302044.78,,634184.79
2026-07-13 09:00:00,12365168.69,,642258.97
2026-07-13 10:00:00,12388004.53,,641068.00
2026-07-13 11:00:00,12383261.79,,649249.48
2026-07-13 12:00:00,12285729.09,,660458.57
2026-07-13 13:00:00,12554698.75,,670608.18
2026-07-13 14:00:00,12642645.88,,685166.84
2026-07-13 15:00:00,12538691.82,,682331.44
2026-07-13 16:00:00,12528237.83,,672611.89
2026-07-13 17:00:00,12453919.95,,655250.59
2026-07-13 18:00:00,12156485.30,,652297.55
2026-07-13 19:00:00,12226037.10,,636206.69
2026-07-13 20:00:00,12375474.43,,643991.64
2026-07-13 21:00:00,12090155.93,,618703.73
2026-07-13 22:00:00,11917935.59,,606023.54
2026-07-13 23:00:00,11823846.58,,604012.53
2026-07-14 00:00:00,12076913.79,,599648.89
2026-07-14 01:00:00,12208956.30,,610648.38
2026-07-14 02:00:00,12381612.04,,613452.60
2026-07-14 03:00:00,12271191.67,,603097.02
2026-07-14 04:00:00,12384464.62,,610545.99
2026-07-14 05:00:00,12343330.48,,605418.55
2026-07-14 06:00:00,12387744.64,,603328.71
2026-07-14 07:00:00,13502405.86,,648866.30
2026-07-14 08:00:00,13261029.18,,624701.87
2026-07-14 09:00:00,13334546.93,,630412.48
2026-07-14 10:00:00,13348014.29,,620504.85
2026-07-14 11:00:00,13268064.74,,616709.34
2026-07-14 12:00:00,13169194.44,,615207.58
2026-07-14 13:00:00,13416048.37,,626713.33
2026-07-14 14:00:00,13297774.44,,624975.50
2026-07-14 15:00:00,13285816.67,,613029.76
2026-07-14 16:00:00,13361238.69,,615040.27
2026-07-14 17:00:00,13352828.67,,614730.90
2026-07-14 18:00:00,13393397.32,,614941.57
2026-07-14 19:00:00,13431873.15,,623902.68
2026-07-14 20:00:00,13528172.23,,626711.86
2026-07-14 21:00:00,13346394.79,,634440.82
2026-07-14 22:00:00,13324056.26,,632915.67
2026-07-14 23:00:00,13241058.65,,634032.73
2026-07-15 00:00:00,13405718.14,,636992.43
2026-07-15 01:00:00,13336598.69,,632713.87
2026-07-15 02:00:00,13234850.80,,623748.66
2026-07-15 03:00:00,12360236.72,,606500.22
2026-07-15 04:00:00,12956328.16,,682290.75
2026-07-15 05:00:00,13020988.81,,656072.43
2026-07-15 06:00:00,13073754.12,,647268.20
2026-07-15 07:00:00,13206260.04,,649476.65
2026-07-15 08:00:00,12501881.65,,622877.41
2026-07-15 09:00:00,12522742.32,,624917.50
2026-07-15 10:00:00,12564114.41,,621926.68
2026-07-15 11:00:00,12530492.60,,620392.83
2026-07-15 12:00:00,12528855.68,,618600.65
2026-07-15 13:00:00,12719902.84,,646032.52
2026-07-15 14:00:00,12771552.91,,617183.62
2026-07-15 15:00:00,12807015.53,,606747.47
2026-07-15 16:00:00,13081578.55,,625123.76
2026-07-15 17:00:00,13339097.81,,639628.89
2026-07-15 18:00:00,12929528.29,,622917.84
2026-07-15 19:00:00,12967496.01,,630134.82
2026-07-15 20:00:00,12871166.19,,634231.16
2026-07-15 21:00:00,12812782.38,,638944.29
2026-07-15 22:00:00,12839120.61,,628849.25
2026-07-15 23:00:00,12744603.96,,624936.42
2026-07-16 00:00:00,12615165.18,,620215.70
2026-07-16 01:00:00,12730134.85,,628571.53
2026-07-16 02:00:00,12691362.57,,625572.57
2026-07-16 03:00:00,12575426.12,,623595.12
2026-07-16 04:00:00,12540552.14,,629161.75
2026-07-16 05:00:00,12588829.84,,633050.83
2026-07-16 06:00:00,12549128.73,,627751.41
2026-07-16 07:00:00,12516704.80,,623382.77
2026-07-16 08:00:00,12483315.62,,630827.26
2026-07-16 09:00:00,12450787.83,,617571.43
2026-07-16 10:00:00,12392404.90,,620918.06
2026-07-16 11:00:00,12428131.84,,635552.65
2026-07-16 12:00:00,12370268.70,,624503.21
2026-07-16 13:00:00,12409651.58,,627090.70
2026-07-16 14:00:00,12689585.56,,624944.72
2026-07-16 15:00:00,12597944.88,,638896.45
2026-07-16 16:00:00,12472259.71,,634830.52
2026-07-16 17:00:00,12486240.75,,630501.94
2026-07-16 18:00:00,12342599.59,,619063.17
2026-07-16 19:00:00,12533041.92,,628769.76
2026-07-16 20:00:00,12733607.46,,632793.23
2026-07-16 21:00:00,12746840.99,,629123.74
2026-07-16 22:00:00,12671268.83,,626414.93
2026-07-16 23:00:00,12429284.08,,607651.58
2026-07-17 00:00:00,12271055.88,,603993.52
2026-07-17 01:00:00,12309978.35,,608629.03
2026-07-17 02:00:00,12215314.67,,604593.71
2026-07-17 03:00:00,12430958.73,,626070.24
2026-07-17 04:00:00,12641987.42,,670144.33
2026-07-17 05:00:00,12579492.83,,646681.94
2026-07-17 06:00:00,12059722.62,,625900.31
2026-07-17 07:00:00,11496040.51,,592758.18
2026-07-17 08:00:00,11409415.23,,567569.03
2026-07-17 09:00:00,11515165.95,,576675.88
2026-07-17 10:00:00,11610616.04,,580459.77
2026-07-17 11:00:00,11687389.79,,570645.10
2026-07-17 12:00:00,11698155.78,,570412.59
2026-07-17 13:00:00,11582678.18,,569086.07
2026-07-17 14:00:00,11496569.38,,574841.34
2026-07-17 15:00:00,11690287.28,,564357.74
2026-07-17 16:00:00,11847397.26,,558111.39
2026-07-17 17:00:00,12856608.80,,820357.86
2026-07-17 18:00:00,12953452.54,,912125.44
2026-07-17 19:00:00,13256863.72,,1012878.71
2026-07-17 20:00:00,13230864.21,,1038362.71
2026-07-17 21:00:00,13115033.27,,1037193.69
2026-07-17 22:00:00,13134252.04,,1024403.97
2026-07-17 23:00:00,13277079.66,,1043284.65
2026-07-18 00:00:00,13350377.60,,1053465.21
2026-07-18 01:00:00,13498742.33,,1035738.32
2026-07-18 02:00:00,13624266.53,,1067794.94
2026-07-18 03:00:00,13838225.88,,1174266.09
2026-07-18 04:00:00,13706390.82,,1217590.53
2026-07-18 05:00:00,13529806.24,,1159808.29
2026-07-18 06:00:00,13586765.97,,1130045.43
2026-07-18 07:00:00,13872148.65,,1207926.15
2026-07-18 08:00:00,14224541.25,,1319196.83
2026-07-18 09:00:00,14069287.88,,1421774.50
2026-07-18 10:00:00,14264009.36,,1448239.90
2026-07-18 11:00:00,14249992.97,,1449621.33
2026-07-18 12:00:00,14437815.62,,1499200.82
2026-07-18 13:00:00,14214901.66,,1490863.73
2026-07-18 14:00:00,13800369.70,,1412547.27
2026-07-18 15:00:00,13771483.63,,1440647.81
2026-07-18 16:00:00,13570251.37,,1417324.25
2026-07-18 17:00:00,13647547.70,,1398210.77
2026-07-18 18:00:00,13602538.36,,1356603.77
2026-07-18 19:00:00,13595971.61,,1335863.83
2026-07-18 20:00:00,13652080.93,,1334214.75
2026-07-18 21:00:00,13775507.55,,1324048.79
2026-07-18 22:00:00,13890741.11,,1340850.81
2026-07-18 23:00:00,13836378.41,,1319065.54
2026-07-19 00:00:00,13936236.29,,1339241.28
2026-07-19 01:00:00,13846330.20,,1360260.82
2026-07-19 02:00:00,14052454.22,,1401550.63
2026-07-19 03:00:00,13988260.94,,1401498.02
2026-07-19 04:00:00,13662880.60,,1358972.47
2026-07-19 05:00:00,13683214.32,,1341394.37
2026-07-19 06:00:00,13724516.90,,1341944.78
2026-07-19 07:00:00,13710947.65,,1338531.67
2026-07-19 08:00:00,13856933.83,,1356580.10
2026-07-19 09:00:00,13997238.20,,1326071.39
2026-07-19 10:00:00,13932089.23,,1220934.49
2026-07-19 11:00:00,13922012.82,,1221792.14
2026-07-19 12:00:00,13719560.63,,1174589.91
2026-07-19 13:00:00,13759501.83,,1142582.80
2026-07-19 14:00:00,13748246.47,,1113803.36
2026-07-19 15:00:00,13719426.96,,1089658.54
2026-07-19 16:00:00,13645448.35,,1070102.32
2026-07-19 17:00:00,13527116.25,,1042194.56
2026-07-19 18:00:00,13474425.88,,1028919.68
2026-07-19 19:00:00,13232302.84,,1011174.01
2026-07-19 20:00:00,13251380.11,,992167.55
2026-07-19 21:00:00,13312900.46,,991883.93
2026-07-19 22:00:00,13205504.53,,964670.06
2026-07-19 23:00:00,13269421.58,,967319.73
2026-07-20 00:00:00,13343349.84,,955378.20
2026-07-20 01:00:00,13296126.94,,938416.65
2026-07-20 02:00:00,13134711.36,,927815.48
2026-07-20 03:00:00,13211674.85,,926116.81
2026-07-20 04:00:00,13126105.62,,914991.73
2026-07-20 05:00:00,12934799.21,,912508.61
2026-07-20 06:00:00,12864440.06,,873094.08
2026-07-20 07:00:00,12873629.58,,887402.61
2026-07-20 08:00:00,12951234.48,,885406.47
2026-07-20 09:00:00,12918722.37,,867797.15
2026-07-20 10:00:00,13047292.65,,876807.25
2026-07-20 11:00:00,13018495.99,,872377.58
2026-07-20 12:00:00,13106636.99,,879507.50
2026-07-20 13:00:00,12928134.59,,861747.72
2026-07-20 14:00:00,12724149.06,,848687.45
2026-07-20 15:00:00,12684267.45,,844753.33
2026-07-20 16:00:00,12956887.64,,841439.18
2026-07-20 17:00:00,12819470.97,,854569.01
2026-07-20 18:00:00,12782284.87,,858633.46
2026-07-20 19:00:00,12651309.93,,843247.58
2026-07-20 20:00:00,12485734.08,,834202.20
2026-07-20 21:00:00,12631867.78,,825550.83
2026-07-20 22:00:00,12523339.69,,806558.91
2026-07-20 23:00:00,12504536.89,,804458.65
2026-07-21 00:00:00,12659457.88,,817787.46
2026-07-21 01:00:00,12718283.35,,815924.50
2026-07-21 02:00:00,12734165.78,,807961.44
2026-07-21 03:00:00,12700760.46,,803212.92
2026-07-21 04:00:00,12995292.80,,822149.06
2026-07-21 05:00:00,13649468.94,,853799.84
2026-07-21 06:00:00,13891342.83,,862654.23
2026-07-21 07:00:00,15670650.34,,1077755.59
2026-07-21 08:00:00,15240010.81,,1067073.66
2026-07-21 09:00:00,14496242.59,,1077510.38
2026-07-21 10:00:00,14700876.71,,1104101.87
2026-07-21 11:00:00,14633996.84,,1124540.96
2026-07-21 12:00:00,14991668.82,,1164327.67
2026-07-21 13:00:00,14685570.48,,1220059.65
2026-07-21 14:00:00,14661404.98,,1201085.20
2026-07-21 15:00:00,14422541.38,,1143169.23
2026-07-21 16:00:00,14118185.78,,1079036.95
2026-07-21 17:00:00,13940296.72,,1047090.83
2026-07-21 18:00:00,13806951.44,,1015832.51
2026-07-21 19:00:00,13970935.73,,1030425.35
2026-07-21 20:00:00,13921816.65,,1005391.66
2026-07-21 21:00:00,14013654.12,,990449.88
2026-07-21 22:00:00,14012138.68,,988070.71
2026-07-21 23:00:00,13962573.20,,980058.68
2026-07-22 00:00:00,14105072.42,,980941.29
2026-07-22 01:00:00,14055184.43,,1036074.58
2026-07-22 02:00:00,13939176.90,,1013850.84
2026-07-22 03:00:00,13904868.59,,1006215.10
2026-07-22 04:00:00,13735896.20,,981776.14
2026-07-22 05:00:00,13747367.11,,952549.14
2026-07-22 06:00:00,13747562.36,,939240.00
2026-07-22 07:00:00,13739252.66,,934668.79
2026-07-22 08:00:00,13647691.66,,916257.88
2026-07-22 09:00:00,13864781.22,,912071.46
2026-07-22 10:00:00,13962014.73,,926430.82
2026-07-22 11:00:00,14061914.83,,931822.91
2026-07-22 12:00:00,13923114.92,,934908.37
2026-07-22 13:00:00,13760714.28,,921933.63
2026-07-22 14:00:00,13934745.04,,926144.15
2026-07-22 15:00:00,13683131.50,,922778.87
2026-07-22 16:00:00,13309681.12,,902458.02
2026-07-22 17:00:00,13566698.19,,925250.69
2026-07-22 18:00:00,13551222.75,,921130.56
2026-07-22 19:00:00,13400619.66,,890003.97
2026-07-22 20:00:00,12761342.10,,865914.09
2026-07-22 21:00:00,12896697.01,,880797.71
2026-07-22 22:00:00,12931122.54,,861697.55
2026-07-22 23:00:00,12836569.28,,873513.17
2026-07-23 00:00:00,12841907.83,,874940.76
2026-07-23 01:00:00,12996414.30,,850460.58
2026-07-23 02:00:00,13095445.34,,860865.05
2026-07-23 03:00:00,13100209.92,,848429.61
2026-07-23 04:00:00,13019011.54,,849750.91
2026-07-23 05:00:00,12976563.16,,852874.99
2026-07-23 06:00:00,12964904.60,,847604.12
2026-07-23 07:00:00,13102468.64,,826071.67
2026-07-23 08:00:00,12963060.36,,813268.70
2026-07-23 09:00:00,12999280.93,,805944.42
2026-07-23 10:00:00,12999632.80,,802989.12
2026-07-23 11:00:00,12984097.88,,805554.44
2026-07-23 12:00:00,13033488.10,,806835.14
2026-07-23 13:00:00,13010606.93,,849618.64
2026-07-23 14:00:00,12855557.75,,853079.78
2026-07-23 15:00:00,12726921.48,,839617.02
2026-07-23 16:00:00,12739840.45,,825479.52
2026-07-23 17:00:00,12729708.59,,822666.52
2026-07-23 18:00:00,12558914.39,,801491.90
2026-07-23 19:00:00,12234441.96,,776689.33
2026-07-23 20:00:00,12109757.50,,777195.73
2026-07-23 21:00:00,12189325.49,,782003.76
2026-07-23 22:00:00,12114319.03,,759575.87
2026-07-23 23:00:00,11906731.64,,751902.61
2026-07-24 00:00:00,12123714.95,,762423.71
2026-07-24 01:00:00,11808807.06,,777782.55
2026-07-24 02:00:00,11762609.77,,778219.43
2026-07-24 03:00:00,11775571.87,,787033.81
2026-07-24 04:00:00,11970793.35,,835816.57
2026-07-24 05:00:00,11972190.55,,828225.41
2026-07-24 06:00:00,11957518.15,,834096.82
2026-07-24 07:00:00,12048454.95,,853240.18
2026-07-24 08:00:00,12096068.72,,814258.45
2026-07-24 09:00:00,11893886.23,,805757.33
2026-07-24 10:00:00,11882681.70,,790214.58
2026-07-24 11:00:00,11791611.13,,776107.99
2026-07-24 12:00:00,11788459.72,,775639.38
2026-07-24 13:00:00,11684021.74,,777721.08
2026-07-24 14:00:00,11906393.66,,859726.29
2026-07-24 15:00:00,11869225.66,,833863.47
2026-07-24 16:00:00,12224705.23,,837309.58
2026-07-24 17:00:00,12327813.19,,864822.72
2026-07-24 18:00:00,12526016.97,,891408.23
2026-07-24 19:00:00,12688164.56,,921025.69
2026-07-24 20:00:00,12561853.60,,919737.39
2026-07-24 21:00:00,12428483.14,,910932.35
2026-07-24 22:00:00,12307779.69,,901151.04
2026-07-24 23:00:00,12376311.56,,913866.06
2026-07-25 00:00:00,12477184.73,,942290.06
2026-07-25 01:00:00,12500772.72,,938021.55
2026-07-25 02:00:00,12550859.42,,941920.98
2026-07-25 03:00:00,12496121.67,,950173.30
2026-07-25 04:00:00,12503027.72,,946140.17
2026-07-25 05:00:00,12838500.49,,968413.16
2026-07-25 06:00:00,12691397.26,,974119.35
2026-07-25 07:00:00,12897040.44,,977254.31
2026-07-25 08:00:00,13165421.58,,992169.31
2026-07-25 09:00:00,13178810.63,,1012797.50
2026-07-25 10:00:00,13782626.88,,1222714.89
2026-07-25 11:00:00,13412344.06,,1171972.06
2026-07-25 12:00:00,13452450.32,,1157306.14
2026-07-25 13:00:00,13603571.16,,1199557.79
2026-07-25 14:00:00,14507462.33,,1580102.04
2026-07-25 15:00:00,14793182.53,,1952636.94
2026-07-25 16:00:00,14567956.12,,1885282.67
2026-07-25 17:00:00,14737436.33,,1804735.96
2026-07-25 18:00:00,14858300.94,,1821000.58
2026-07-25 19:00:00,14868286.70,,1799116.12
2026-07-25 20:00:00,14710651.00,,1738637.78
2026-07-25 21:00:00,14502688.66,,1693052.08
2026-07-25 22:00:00,14285891.92,,1601068.10
2026-07-25 23:00:00,14309271.47,,1583227.31
2026-07-26 00:00:00,14398545.15,,1561676.00
2026-07-26 01:00:00,14327151.81,,1534057.82
2026-07-26 02:00:00,14186353.48,,1518431.05
2026-07-26 03:00:00,14159235.51,,1474958.10
2026-07-26 04:00:00,14587337.22,,1537551.72
2026-07-26 05:00:00,14662788.77,,1811956.74
2026-07-26 06:00:00,14646157.02,,2007664.79
2026-07-26 07:00:00,14035233.49,,2171195.32
2026-07-26 08:00:00,13928085.84,,2120169.24
2026-07-26 09:00:00,14028851.37,,2145659.91
2026-07-26 10:00:00,14085078.35,,2260988.72
2026-07-26 11:00:00,14142836.07,,2320311.22
2026-07-26 12:00:00,13900507.98,,2195065.98
2026-07-26 13:00:00,13673879.90,,2022954.54
2026-07-26 14:00:00,13558707.78,,1938453.02
2026-07-26 15:00:00,13683765.41,,1904052.85
2026-07-26 16:00:00,13678712.44,,1908585.63
2026-07-26 17:00:00,13405853.22,,1828726.98
2026-07-26 18:00:00,13227660.88,,1676321.65
2026-07-26 19:00:00,13233977.71,,1667868.50
2026-07-26 20:00:00,13212200.44,,1662615.62
2026-07-26 21:00:00,13138521.78,,1652791.91
2026-07-26 22:00:00,13261125.34,,1638328.68
2026-07-26 23:00:00,13067103.38,,1616838.09
2026-07-27 00:00:00,12994603.29,,1591965.46
2026-07-27 01:00:00,12985673.71,,1561016.19
2026-07-27 02:00:00,13025909.01,,1533473.75
2026-07-27 03:00:00,13606794.26,,1577253.07
2026-07-27 04:00:00,13399481.45,,1542210.85
2026-07-27 05:00:00,13347521.28,,1530401.97
2026-07-27 06:00:00,13287758.53,,1538706.55
2026-07-27 07:00:00,13164098.64,,1526173.51
2026-07-27 08:00:00,13179491.82,,1540404.15
2026-07-27 09:00:00,13235026.42,,1558261.57
2026-07-27 10:00:00,13033288.40,,1542158.67
2026-07-27 11:00:00,12989748.62,,1515041.99
2026-07-27 12:00:00,12701663.14,,1406775.97
2026-07-27 13:00:00,12635462.28,,1363460.87
2026-07-27 14:00:00,11917557.11,,1244480.56
2026-07-27 15:00:00,11408665.39,,1163265.89
2026-07-27 16:00:00,11113135.68,,1124361.59
2026-07-27 17:00:00,11096860.67,,1126536.16
2026-07-27 18:00:00,10960917.53,,1146628.35
2026-07-27 19:00:00,10972870.28,,1149261.83
2026-07-27 20:00:00,10871632.62,,1117889.62
2026-07-27 21:00:00,10703607.92,,1067151.64
2026-07-27 22:00:00,10651879.50,,1044195.34
2026-07-27 23:00:00,10626505.01,,1036018.87
2026-07-28 00:00:00,10778102.35,,1065341.97
2026-07-28 01:00:00,10733702.92,,1045686.14
2026-07-28 02:00:00,10388473.33,,994543.66
2026-07-28 03:00:00,10455472.53,,988963.70
2026-07-28 04:00:00,10458525.80,,975575.66
2026-07-28 05:00:00,10311395.42,,977697.71
2026-07-28 06:00:00,10196544.06,,951763.67
2026-07-28 07:00:00,10277837.00,,945196.14
2026-07-28 08:00:00,10131054.63,,946660.41
2026-07-28 09:00:00,10052322.77,,937289.90
2026-07-28 10:00:00,10038292.93,,914249.75
2026-07-28 11:00:00,9992022.58,,905888.77
2026-07-28 12:00:00,10024254.50,,918723.80
2026-07-28 13:00:00,10202955.12,,908495.81
2026-07-28 14:00:00,9987567.85,,893251.81
2026-07-28 15:00:00,9881965.16,,879017.69
2026-07-28 16:00:00,10223016.22,,1018771.65
2026-07-28 17:00:00,10309249.84,,1022207.33
2026-07-28 18:00:00,9980833.78,,976605.57
2026-07-28 19:00:00,9942415.97,,964240.95
2026-07-28 20:00:00,9923957.83,,939625.63
2026-07-28 21:00:00,9960938.69,,936674.08
2026-07-28 22:00:00,9928935.55,,936353.77
2026-07-28 23:00:00,9804546.21,,931022.55
2026-07-29 00:00:00,9698903.83,,928169.43
2026-07-29 01:00:00,9626827.75,,912364.07
2026-07-29 02:00:00,9320439.15,,883459.51
2026-07-29 03:00:00,9427038.60,,887828.87
2026-07-29 04:00:00,9343120.02,,884461.63
2026-07-29 05:00:00,9487074.79,,857547.96
2026-07-29 06:00:00,9516505.92,,864570.70
2026-07-29 07:00:00,9669414.57,,883379.16
2026-07-29 08:00:00,9566360.57,,859567.41
2026-07-29 09:00:00,9399595.86,,834642.40
2026-07-29 10:00:00,9626501.67,,855399.68
2026-07-29 11:00:00,9622355.60,,867814.25
2026-07-29 12:00:00,9474371.97,,842299.85
2026-07-29 13:00:00,9332539.60,,824707.40
2026-07-29 14:00:00,9382680.10,,820914.60
2026-07-29 15:00:00,9283773.42,,818101.64
2026-07-29 16:00:00,9127382.24,,837583.10
2026-07-29 17:00:00,9163944.53,,835720.47
2026-07-29 18:00:00,9260725.05,,843737.51
2026-07-29 19:00:00,9219694.13,,812039.44
2026-07-29 20:00:00,8992085.26,,786924.67
2026-07-29 21:00:00,8791672.78,,770998.31
2026-07-29 22:00:00,8871071.46,,798105.40
2026-07-29 23:00:00,8958945.88,,813794.27
2026-07-30 00:00:00,8974368.25,,817054.69
2026-07-30 01:00:00,8837448.41,,812450.37
2026-07-30 02:00:00,8881376.42,,811836.73
2026-07-30 03:00:00,8850996.30,,803218.12
2026-07-30 04:00:00,8791705.47,,789755.17
2026-07-30 05:00:00,8647151.69,,787194.69
2026-07-30 06:00:00,8766637.83,,794995.91
2026-07-30 07:00:00,8670496.53,,783904.91
2026-07-30 08:00:00,8624297.23,,765014.08
2026-07-30 09:00:00,8724496.15,,776780.78
2026-07-30 10:00:00,8739290.17,,771862.89
2026-07-30 11:00:00,8664755.95,,765203.26
2026-07-30 12:00:00,8692802.22,,773180.90
2026-07-30 13:00:00,8614645.32,,730254.18
2026-07-30 14:00:00,8797372.44,,759564.72
2026-07-30 15:00:00,8726250.94,,739772.64
2026-07-30 16:00:00,8718986.24,,746526.24
2026-07-30 17:00:00,8704924.97,,743283.46
2026-07-30 18:00:00,8808913.83,,760877.30
2026-07-30 19:00:00,8834861.15,,750611.79
2026-07-30 20:00:00,8934174.27,,777558.13
2026-07-30 21:00:00,8902158.44,,769211.12
2026-07-30 22:00:00,8851196.42,,755935.33
2026-07-30 23:00:00,8820200.33,,752838.35
2026-07-31 00:00:00,9111256.29,,763834.32
2026-07-31 01:00:00,9012128.84,,753334.81
2026-07-31 02:00:00,9150229.56,,761567.12
2026-07-31 03:00:00,9159267.36,,760890.06
2026-07-31 04:00:00,9179175.82,,752959.83
2026-07-31 05:00:00,8980494.21,,738562.31
2026-07-31 06:00:00,8992520.35,,752962.13
2026-07-31 07:00:00,9082489.74,,751430.92
2026-07-31 08:00:00,9035785.52,,788075.87
2026-07-31 09:00:00,9147896.43,,774454.80
2026-07-31 10:00:00,9072488.78,,765771.35
2026-07-31 11:00:00,9045908.34,,743936.21
2026-07-31 12:00:00,8932779.18,,741481.73
2026-07-31 13:00:00,8908233.81,,720770.94
2026-07-31 14:00:00,8954417.31,,685871.44
2026-07-31 15:00:00,9174638.06,,686193.55
2026-07-31 16:00:00,9132279.97,,688135.67
2026-07-31 17:00:00,9151000.68,,701682.40
2026-07-31 18:00:00,9195196.55,,704510.45
2026-07-31 19:00:00,9172563.91,,699240.06
2026-07-31 20:00:00,9143460.90,,713384.71
2026-07-31 21:00:00,8939404.49,,696958.05
2026-07-31 22:00:00,8991407.93,,675164.07
2026-07-31 23:00:00,8990217.01,,679858.54
2026-08-01 00:00:00,9147086.04,,677915.00
2026-08-01 01:00:00,9214047.91,,697532.50
2026-08-01 02:00:00,9266725.05,,692051.82
2026-08-01 03:00:00,9283344.41,,686755.39
2026-08-01 04:00:00,9290579.63,,670503.12
2026-08-01 05:00:00,9281439.67,,665106.52
2026-08-01 06:00:00,9225769.73,,659264.41
2026-08-01 07:00:00,9188828.11,,670505.12
2026-08-01 08:00:00,9214756.06,,677865.19
2026-08-01 09:00:00,9157137.37,,656938.01
2026-08-01 10:00:00,9090731.28,,645930.10
2026-08-01 11:00:00,9123206.42,,659281.36
2026-08-01 12:00:00,9196903.01,,657308.51
2026-08-01 13:00:00,9224841.24,,655098.72
2026-08-01 14:00:00,9264727.85,,670812.52
2026-08-01 15:00:00,9215565.65,,664622.46
2026-08-01 16:00:00,9173021.32,,647776.15
2026-08-01 17:00:00,9392777.67,,681393.78
2026-08-01 18:00:00,9429306.55,,682484.31
2026-08-01 19:00:00,9173033.24,,633264.14
2026-08-01 20:00:00,9026604.13,,644379.12
2026-08-01 21:00:00,9014082.44,,637817.44
2026-08-01 22:00:00,9179069.18,,638585.43
2026-08-01 23:00:00,9089851.06,,630075.86
2026-08-02 00:00:00,9103151.10,,634523.51
2026-08-02 01:00:00,9184205.63,,643308.80
2026-08-02 02:00:00,9170717.06,,646579.80
2026-08-02 03:00:00,9320317.93,,648234.03
2026-08-02 04:00:00,9267903.62,,630993.10
2026-08-02 05:00:00,9334407.12,,578836.27
2026-08-02 06:00:00,9256075.83,,569472.35
2026-08-02 07:00:00,9250721.27,,569006.98
2026-08-02 08:00:00,9242407.26,,567725.42
2026-08-02 09:00:00,9172679.37,,565016.16
2026-08-02 10:00:00,9154936.20,,561858.52
2026-08-02 11:00:00,9105262.21,,561872.45
2026-08-02 12:00:00,9068488.13,,557632.74
2026-08-02 13:00:00,9237180.44,,578360.93
2026-08-02 14:00:00,9269420.56,,570753.19
2026-08-02 15:00:00,9276579.34,,569307.09
2026-08-02 16:00:00,9232917.11,,569315.58
2026-08-02 17:00:00,9180895.90,,566882.99
2026-08-02 18:00:00,9167632.06,,566417.61
2026-08-02 19:00:00,9248640.70,,568740.78
2026-08-02 20:00:00,9350236.67,,582194.09
2026-08-02 21:00:00,9297001.75,,571001.51
2026-08-02 22:00:00,9292841.96,,556552.53
2026-08-02 23:00:00,9143977.92,,543795.75
2026-08-03 00:00:00,9191634.90,,548111.12
2026-08-03 01:00:00,9129757.10,,543340.90
2026-08-03 02:00:00,9074768.55,,529716.68
2026-08-03 03:00:00,9062872.64,,525810.84
2026-08-03 04:00:00,9006473.78,,524545.04
2026-08-03 05:00:00,9020323.08,,522478.69
2026-08-03 06:00:00,9121747.73,,529310.90
2026-08-03 07:00:00,9051718.55,,527117.38
2026-08-03 08:00:00,9085666.76,,531861.20
2026-08-03 09:00:00,9008397.55,,520871.23
2026-08-03 10:00:00,9280864.80,,547677.64
2026-08-03 11:00:00,9292409.40,,542875.40
2026-08-03 12:00:00,9219463.37,,534652.01
2026-08-03 13:00:00,9293045.37,,534485.66
2026-08-03 14:00:00,9480286.14,,560027.82
2026-08-03 15:00:00,9452534.60,,551936.14
2026-08-03 16:00:00,9343166.04,,539832.06
2026-08-03 17:00:00,9401645.12,,540877.52
2026-08-03 18:00:00,9900190.43,,600180.97
2026-08-03 19:00:00,10199066.90,,623642.59
2026-08-03 20:00:00,10285844.00,,661905.64
2026-08-03 21:00:00,10219468.87,,669110.49
2026-08-03 22:00:00,10256093.04,,661462.68
2026-08-03 23:00:00,10177058.47,,675312.45
2026-08-04 00:00:00,10080771.03,,671319.04
2026-08-04 01:00:00,9829439.27,,649640.50
2026-08-04 02:00:00,9955370.46,,662580.50
2026-08-04 03:00:00,9889660.80,,661836.44
2026-08-04 04:00:00,9810446.59,,674340.34
2026-08-04 05:00:00,9804967.48,,659763.78
2026-08-04 06:00:00,9832339.33,,667994.45
2026-08-04 07:00:00,9816719.49,,662828.80
2026-08-04 08:00:00,9819012.19,,664321.28
2026-08-04 09:00:00,9741846.07,,647246.02
2026-08-04 10:00:00,9771429.76,,644289.30
2026-08-04 11:00:00,9745705.51,,636541.82
2026-08-04 12:00:00,9854583.42,,642806.93
2026-08-04 13:00:00,9790939.75,,631753.53
2026-08-04 14:00:00,9738035.48,,635003.56
2026-08-04 15:00:00,9912494.62,,643445.86
2026-08-04 16:00:00,10013020.93,,647069.58
2026-08-04 17:00:00,9904124.49,,639137.56
2026-08-04 18:00:00,9901352.55,,643208.10
2026-08-04 19:00:00,9758250.01,,630631.40
2026-08-04 20:00:00,9780802.63,,633107.31
2026-08-04 21:00:00,9505564.77,,616054.68
2026-08-04 22:00:00,9464820.46,,610856.29
2026-08-04 23:00:00,9450914.35,,609349.05
2026-08-05 00:00:00,9282349.03,,562820.51
2026-08-05 01:00:00,9282692.11,,542955.37
2026-08-05 02:00:00,9370354.92,,545923.55
2026-08-05 03:00:00,9355348.10,,545738.15
2026-08-05 04:00:00,9318255.56,,547691.50
2026-08-05 05:00:00,9374215.47,,552249.12
2026-08-05 06:00:00,9368929.71,,557336.04
2026-08-05 07:00:00,9196782.94,,560330.88
2026-08-05 08:00:00,9203855.71,,574272.46
2026-08-05 09:00:00,9150200.71,,571785.54
2026-08-05 10:00:00,9185553.85,,565544.96
2026-08-05 11:00:00,9161494.46,,558233.71
2026-08-05 12:00:00,8818358.49,,536189.56
2026-08-05 13:00:00,8960319.22,,541737.69
2026-08-05 14:00:00,8794492.55,,540091.72
2026-08-05 15:00:00,8758816.52,,541831.57
2026-08-05 16:00:00,8837646.59,,545717.42
2026-08-05 17:00:00,8839028.18,,534808.29
2026-08-05 18:00:00,8815917.78,,539106.36
2026-08-05 19:00:00,8778814.57,,533029.58
2026-08-05 20:00:00,8995819.50,,546801.03
2026-08-05 21:00:00,8901644.75,,541869.96
2026-08-05 22:00:00,8942973.58,,539354.76
2026-08-05 23:00:00,9071167.37,,544507.94
2026-08-06 00:00:00,9156222.74,,536399.43
2026-08-06 01:00:00,9190942.20,,526311.17
2026-08-06 02:00:00,9069203.94,,509862.36
2026-08-06 03:00:00,9009643.56,,510822.09
2026-08-06 04:00:00,9010637.53,,518612.13
2026-08-06 05:00:00,9060606.37,,516487.26
2026-08-06 06:00:00,9043535.38,,514376.15
2026-08-06 07:00:00,9029763.99,,516493.60
2026-08-06 08:00:00,9013399.61,,506014.23
2026-08-06 09:00:00,8989528.55,,511629.87
2026-08-06 10:00:00,8996683.34,,512245.24
2026-08-06 11:00:00,8900528.20,,513290.19
2026-08-06 12:00:00,9015759.40,,516790.74
2026-08-06 13:00:00,9086434.05,,519900.66
2026-08-06 14:00:00,8993238.33,,507169.59
2026-08-06 15:00:00,9078097.04,,507770.78
2026-08-06 16:00:00,9021929.23,,504376.49
2026-08-06 17:00:00,9026273.91,,502487.88
2026-08-06 18:00:00,8963094.70,,503539.27
2026-08-06 19:00:00,8936765.84,,501699.04
2026-08-06 20:00:00,8899627.81,,494531.23
2026-08-06 21:00:00,8903552.31,,494849.27
2026-08-06 22:00:00,8933230.93,,496315.97
2026-08-06 23:00:00,8945416.72,,497365.85
2026-08-07 00:00:00,8971207.81,,500797.98
2026-08-07 01:00:00,9033632.72,,510113.00
2026-08-07 02:00:00,9052249.17,,513164.08
2026-08-07 03:00:00,9149706.98,,516596.41
2026-08-07 04:00:00,9030130.69,,522736.09
2026-08-07 05:00:00,9180857.57,,527660.42
2026-08-07 06:00:00,9256398.31,,537421.46
2026-08-07 07:00:00,9259656.36,,544813.26
2026-08-07 08:00:00,9225090.84,,538130.28
2026-08-07 09:00:00,9195376.43,,561478.33
2026-08-07 10:00:00,9185922.71,,554639.56
2026-08-07 11:00:00,9158660.80,,567300.93
2026-08-07 12:00:00,9135916.09,,569600.98
2026-08-07 13:00:00,9108152.60,,570007.96
2026-08-07 14:00:00,9089811.66,,580229.94
2026-08-07 15:00:00,8956199.05,,613962.87
2026-08-07 16:00:00,9140798.78,,635156.92
2026-08-07 17:00:00,9035518.53,,701809.66
2026-08-07 18:00:00,8943250.26,,711540.14
2026-08-07 19:00:00,8979688.64,,711558.66
2026-08-07 20:00:00,8967785.69,,706952.12
2026-08-07 21:00:00,8879458.10,,706569.29
2026-08-07 22:00:00,8833750.42,,702221.58
2026-08-07 23:00:00,8790663.42,,704092.70
2026-08-08 00:00:00,8766304.99,,704184.21
2026-08-08 01:00:00,8787734.77,,711244.58
2026-08-08 02:00:00,8824056.63,,710895.88
2026-08-08 03:00:00,8742626.77,,709993.66
2026-08-08 04:00:00,8743986.98,,709296.74
2026-08-08 05:00:00,8766726.53,,705327.48
2026-08-08 06:00:00,8656001.59,,724638.23
2026-08-08 07:00:00,8630065.79,,720229.22
2026-08-08 08:00:00,8610687.47,,724983.61
2026-08-08 09:00:00,8692141.60,,725260.31
2026-08-08 10:00:00,8676601.44,,723977.65
2026-08-08 11:00:00,8701136.81,,727646.41
2026-08-08 12:00:00,8666583.34,,725490.18
2026-08-08 13:00:00,8637570.77,,722973.95
2026-08-08 14:00:00,8629986.99,,721910.42
2026-08-08 15:00:00,8655290.51,,717763.01
2026-08-08 16:00:00,8654754.84,,713898.26
2026-08-08 17:00:00,8616182.02,,705945.80
2026-08-08 18:00:00,8695287.18,,717759.25
2026-08-08 19:00:00,8634715.79,,727464.96
2026-08-08 20:00:00,8618028.28,,718005.39
2026-08-08 21:00:00,8616477.33,,717187.25
2026-08-08 22:00:00,8587263.69,,715576.55
2026-08-08 23:00:00,8623126.77,,715809.64
2026-08-09 00:00:00,8636489.64,,718630.20
2026-08-09 01:00:00,8602168.11,,717310.50
2026-08-09 02:00:00,8580429.46,,713130.60
2026-08-09 03:00:00,8514768.95,,702494.88
2026-08-09 04:00:00,8520702.11,,706050.22
2026-08-09 05:00:00,8557039.98,,708230.62
2026-08-09 06:00:00,8500181.03,,703554.82
2026-08-09 07:00:00,8503615.56,,707408.51
2026-08-09 08:00:00,8496244.74,,706460.09
2026-08-09 09:00:00,8517850.24,,709003.92
2026-08-09 10:00:00,8572860.32,,716071.48
2026-08-09 11:00:00,8849980.48,,789006.52
2026-08-09 12:00:00,8775362.43,,781303.26
2026-08-09 13:00:00,8894491.62,,789106.13
2026-08-09 14:00:00,8828015.06,,779294.55
2026-08-09 15:00:00,8656173.29,,770800.67
2026-08-09 16:00:00,8886396.14,,798924.64
2026-08-09 17:00:00,8839295.47,,805873.57
2026-08-09 18:00:00,8893914.99,,790818.92
2026-08-09 19:00:00,8952111.68,,834545.50
2026-08-09 20:00:00,8889416.75,,826179.60
2026-08-09 21:00:00,8896525.68,,823704.60
2026-08-09 22:00:00,8774361.45,,807122.56
2026-08-09 23:00:00,8565793.15,,779468.10
2026-08-10 00:00:00,8501106.71,,772012.88
2026-08-10 01:00:00,8624393.82,,787389.56
2026-08-10 02:00:00,8682589.83,,791498.52
2026-08-10 03:00:00,8742684.24,,797333.70
2026-08-10 04:00:00,8664432.37,,786724.80
2026-08-10 05:00:00,8776486.83,,790107.32
2026-08-10 06:00:00,8766179.74,,798157.09
2026-08-10 07:00:00,8939529.26,,731665.45
2026-08-10 08:00:00,9018020.56,,710551.69
2026-08-10 09:00:00,9168526.08,,719999.74
2026-08-10 10:00:00,9166975.90,,706340.89
2026-08-10 11:00:00,9137281.93,,703235.99
2026-08-10 12:00:00,9179011.99,,698551.96
2026-08-10 13:00:00,8803573.30,,686245.71
2026-08-10 14:00:00,8867203.54,,687472.59
2026-08-10 15:00:00,8921373.72,,713229.55
2026-08-10 16:00:00,8785652.38,,709165.12
2026-08-10 17:00:00,8748273.30,,697857.77
2026-08-10 18:00:00,8795643.17,,710528.52
2026-08-10 19:00:00,8751831.72,,706435.21
2026-08-10 20:00:00,8796227.73,,706531.16
2026-08-10 21:00:00,8780165.03,,712822.54
2026-08-10 22:00:00,8697819.82,,702559.52
2026-08-10 23:00:00,8768314.84,,711725.63
2026-08-11 00:00:00,8857385.09,,715730.96
2026-08-11 01:00:00,8821203.41,,709164.67
2026-08-11 02:00:00,8808422.05,,698814.09
2026-08-11 03:00:00,8829652.07,,695710.72
2026-08-11 04:00:00,8887536.41,,699347.82
2026-08-11 05:00:00,8805612.52,,691777.59
2026-08-11 06:00:00,8853197.24,,691511.01
2026-08-11 07:00:00,8851623.08,,687533.94
2026-08-11 08:00:00,8888693.17,,683300.72
2026-08-11 09:00:00,8992049.60,,685554.24
2026-08-11 10:00:00,8951292.92,,681242.27
2026-08-11 11:00:00,8916838.43,,680134.59
2026-08-11 12:00:00,8717892.91,,665766.23
2026-08-11 13:00:00,8691660.36,,663624.38
2026-08-11 14:00:00,8798478.18,,670221.07
2026-08-11 15:00:00,8641280.45,,662494.73
2026-08-11 16:00:00,8475606.80,,650721.66
2026-08-11 17:00:00,8559137.96,,654699.69
2026-08-11 18:00:00,8529241.13,,655471.76
2026-08-11 19:00:00,8526624.83,,661152.97
2026-08-11 20:00:00,8580032.39,,661017.19
2026-08-11 21:00:00,8565322.03,,662254.57
2026-08-11 22:00:00,8583000.35,,665374.38
2026-08-11 23:00:00,8645049.47,,670593.77
2026-08-12 00:00:00,8740311.85,,675298.61
2026-08-12 01:00:00,8753866.47,,677683.08
2026-08-12 02:00:00,8821702.90,,685221.65
2026-08-12 03:00:00,8800539.33,,686022.91
2026-08-12 04:00:00,8930426.89,,697430.22
2026-08-12 05:00:00,9145722.45,,667409.12
2026-08-12 06:00:00,9226629.73,,724981.24
2026-08-12 07:00:00,9075922.06,,721555.93
2026-08-12 08:00:00,9006745.35,,713187.33
2026-08-12 09:00:00,8934965.59,,712405.70
2026-08-12 10:00:00,9202731.06,,731015.53
2026-08-12 11:00:00,9111657.53,,729789.95
2026-08-12 12:00:00,9160090.85,,722815.69
2026-08-12 13:00:00,9071825.59,,714128.17
2026-08-12 14:00:00,9044201.28,,708412.97
2026-08-12 15:00:00,8846321.81,,688181.21
2026-08-12 16:00:00,8864541.39,,673475.77
2026-08-12 17:00:00,8822538.71,,646830.06
2026-08-12 18:00:00,8748693.61,,621986.18
2026-08-12 19:00:00,8710151.48,,605821.02
2026-08-12 20:00:00,8648541.34,,594694.03
2026-08-12 21:00:00,8659336.93,,586618.77
2026-08-12 22:00:00,8615566.44,,605179.63
2026-08-12 23:00:00,8727665.99,,614566.96
2026-08-13 00:00:00,8770382.45,,621786.85
2026-08-13 01:00:00,8876697.46,,627550.74
2026-08-13 02:00:00,8831599.54,,623573.14
2026-08-13 03:00:00,8972960.60,,638259.49
2026-08-13 04:00:00,9125522.63,,643576.59
2026-08-13 05:00:00,9130632.16,,669260.99
2026-08-13 06:00:00,9494372.07,,778055.76
2026-08-13 07:00:00,9504359.43,,828535.13
2026-08-13 08:00:00,9615991.45,,855344.84
2026-08-13 09:00:00,9838499.65,,860266.91
2026-08-13 10:00:00,9811712.69,,839999.55
2026-08-13 11:00:00,9620755.76,,830543.66
2026-08-13 12:00:00,9569673.76,,841076.58
2026-08-13 13:00:00,9464925.76,,831437.22
2026-08-13 14:00:00,9485630.89,,826875.47
2026-08-13 15:00:00,9424949.90,,809415.44
2026-08-13 16:00:00,9360153.71,,801100.04
2026-08-13 17:00:00,9253451.53,,769343.65
2026-08-13 18:00:00,9383363.38,,774150.60
2026-08-13 19:00:00,9561109.17,,793029.40
2026-08-13 20:00:00,9331701.08,,770541.59
2026-08-13 21:00:00,9404574.37,,757064.72
2026-08-13 22:00:00,9412138.10,,741476.69
2026-08-13 23:00:00,9413490.86,,734973.98
2026-08-14 00:00:00,9418457.71,,716171.52
2026-08-14 01:00:00,9348123.12,,704652.67
2026-08-14 02:00:00,9299200.48,,679698.44
2026-08-14 03:00:00,9389434.44,,697006.94
2026-08-14 04:00:00,9314117.62,,649022.58
2026-08-14 05:00:00,9293630.98,,640730.40
2026-08-14 06:00:00,9205870.87,,622459.40
2026-08-14 07:00:00,9019563.70,,593416.10
2026-08-14 08:00:00,8805558.78,,607721.98
2026-08-14 09:00:00,8879432.66,,614022.86
2026-08-14 10:00:00,8887439.60,,606917.56
2026-08-14 11:00:00,8909956.46,,609216.95
2026-08-14 12:00:00,8979895.43,,629889.53
2026-08-14 13:00:00,8975547.29,,611939.56
2026-08-14 14:00:00,8975226.92,,627352.41
2026-08-14 15:00:00,8953071.85,,618657.59
2026-08-14 16:00:00,8993512.39,,648860.98
2026-08-14 17:00:00,8847487.17,,628247.12
2026-08-14 18:00:00,8670549.63,,590438.29
2026-08-14 19:00:00,8666658.51,,584754.78
2026-08-14 20:00:00,8646611.08,,579849.72
2026-08-14 21:00:00,8675636.25,,589912.64
2026-08-14 22:00:00,8704496.44,,589802.92
2026-08-14 23:00:00,8692177.46,,583851.57
2026-08-15 00:00:00,8787570.67,,595713.99
2026-08-15 01:00:00,8576072.65,,582838.38
2026-08-15 02:00:00,8539954.80,,579483.34
2026-08-15 03:00:00,8607405.44,,582059.49
2026-08-15 04:00:00,8565745.40,,595251.91
2026-08-15 05:00:00,8573708.29,,599995.21
2026-08-15 06:00:00,8503456.81,,597502.63
2026-08-15 07:00:00,8574888.83,,603703.99
2026-08-15 08:00:00,8584788.32,,601467.47
2026-08-15 09:00:00,8564200.95,,606335.57
2026-08-15 10:00:00,8549090.41,,602981.82
2026-08-15 11:00:00,8540791.24,,605275.96
2026-08-15 12:00:00,8583202.94,,605795.49
2026-08-15 13:00:00,8596788.13,,594037.33
2026-08-15 14:00:00,8789172.72,,616213.19
2026-08-15 15:00:00,8632591.59,,599667.10
2026-08-15 16:00:00,8677336.97,,604197.30
2026-08-15 17:00:00,8687550.93,,592007.43
2026-08-15 18:00:00,8698800.79,,586654.25
2026-08-15 19:00:00,8683252.17,,581071.86
2026-08-15 20:00:00,8705154.73,,575835.24
2026-08-15 21:00:00,8711087.77,,571611.96
2026-08-15 22:00:00,8690927.49,,567311.74
2026-08-15 23:00:00,8837426.09,,582196.11
2026-08-16 00:00:00,8744497.02,,581194.36
2026-08-16 01:00:00,8563801.12,,568015.03
2026-08-16 02:00:00,8649541.31,,576635.97
2026-08-16 03:00:00,8659642.21,,583080.92
2026-08-16 04:00:00,8626889.15,,594005.40
2026-08-16 05:00:00,8596681.13,,576678.27
2026-08-16 06:00:00,8614182.22,,570273.43
2026-08-16 07:00:00,8636292.06,,567753.24
2026-08-16 08:00:00,8619912.40,,565400.01
2026-08-16 09:00:00,8638617.91,,569117.73
2026-08-16 10:00:00,8628315.10,,568389.96
2026-08-16 11:00:00,8618938.93,,567201.74
2026-08-16 12:00:00,8590559.43,,563915.33
2026-08-16 13:00:00,8621353.78,,563403.48
2026-08-16 14:00:00,8631686.94,,556053.86
2026-08-16 15:00:00,8718854.81,,563659.20
2026-08-16 16:00:00,8740457.75,,618109.32
2026-08-16 17:00:00,8716480.84,,625996.90
2026-08-16 18:00:00,8684086.15,,631951.56
2026-08-16 19:00:00,8653115.12,,626803.50
2026-08-16 20:00:00,8619273.90,,618345.05
2026-08-16 21:00:00,8494030.40,,612914.64
2026-08-16 22:00:00,8424471.83,,585951.56
2026-08-16 23:00:00,8375761.38,,589593.94
2026-08-17 00:00:00,8447236.66,,598678.90
2026-08-17 01:00:00,8479973.33,,597763.50
2026-08-17 02:00:00,8668671.41,,607319.27
2026-08-17 03:00:00,8646715.12,,611292.39
2026-08-17 04:00:00,8577877.73,,613542.62
2026-08-17 05:00:00,8721390.32,,624004.88
2026-08-17 06:00:00,8709330.75,,625447.57
2026-08-17 07:00:00,8784024.99,,648462.55
2026-08-17 08:00:00,8735224.63,,650100.09
2026-08-17 09:00:00,8713443.08,,656295.71
2026-08-17 10:00:00,8766793.90,,664621.82
2026-08-17 11:00:00,8882541.50,,669900.28
2026-08-17 12:00:00,8816186.36,,657531.29
2026-08-17 13:00:00,8621340.31,,642900.13
2026-08-17 14:00:00,8641211.20,,647664.39
2026-08-17 15:00:00,8658819.60,,652594.91
2026-08-17 16:00:00,10012056.81,,705007.19
2026-08-17 17:00:00,10160501.02,,732021.88
2026-08-17 18:00:00,10122169.92,,710874.84
2026-08-17 19:00:00,10053380.74,,692029.28
2026-08-17 20:00:00,10124151.81,,687127.29
2026-08-17 21:00:00,10327359.06,,718181.01
2026-08-17 22:00:00,10626972.35,,717290.13
2026-08-17 23:00:00,10705417.45,,761269.70
2026-08-18 00:00:00,10678742.53,,749093.46
2026-08-18 01:00:00,10658081.84,,743444.02
2026-08-18 02:00:00,10535685.12,,738711.48
2026-08-18 03:00:00,10679575.94,,753782.65
2026-08-18 04:00:00,10290343.67,,762843.65
2026-08-18 05:00:00,10621301.68,,806870.65
2026-08-18 06:00:00,10875651.62,,842624.63
2026-08-18 07:00:00,11344469.13,,931675.53
2026-08-18 08:00:00,11385263.82,,995240.82
2026-08-18 09:00:00,11861518.45,,1075357.16
2026-08-18 10:00:00,12767553.86,,1519521.16
2026-08-18 11:00:00,13663821.93,,1689331.61
2026-08-18 12:00:00,14409299.92,,1852678.03
2026-08-18 13:00:00,14583288.47,,1972233.53
2026-08-18 14:00:00,14920486.60,,1849061.08
2026-08-18 15:00:00,13788574.90,,1596269.43
2026-08-18 16:00:00,13756785.51,,1524546.70
2026-08-18 17:00:00,13751206.84,,1526095.43
2026-08-18 18:00:00,13869219.35,,1543071.27
2026-08-18 19:00:00,13787753.77,,1509097.88
2026-08-18 20:00:00,13698849.67,,1513388.64
2026-08-18 21:00:00,13313525.44,,1479192.64
2026-08-18 22:00:00,13316750.42,,1487713.46
2026-08-18 23:00:00,13310834.79,,1451261.12
2026-08-19 00:00:00,13457888.31,,1432707.07
2026-08-19 01:00:00,13468226.03,,1396255.17
2026-08-19 02:00:00,13472860.56,,1407605.44
2026-08-19 03:00:00,13282418.17,,1397348.47
2026-08-19 04:00:00,13427858.36,,1437780.96
2026-08-19 05:00:00,12955260.75,,1353871.51
2026-08-19 06:00:00,12990631.15,,1332600.36
2026-08-19 07:00:00,13098207.19,,1364257.98
2026-08-19 08:00:00,13131200.43,,1390056.57
2026-08-19 09:00:00,13227558.42,,1438187.15
2026-08-19 10:00:00,13118635.44,,1395031.40
2026-08-19 11:00:00,13154501.16,,1407037.87
2026-08-19 12:00:00,13098435.76,,1392724.41
2026-08-19 13:00:00,13387868.66,,1403657.35
2026-08-19 14:00:00,13229071.22,,1394497.53
2026-08-19 15:00:00,13324879.22,,1381291.23
2026-08-19 16:00:00,13180663.60,,1330491.53
2026-08-19 17:00:00,12883473.14,,1267750.86
2026-08-19 18:00:00,12709528.98,,1211231.72
2026-08-19 19:00:00,12604396.54,,1201330.99
2026-08-19 20:00:00,12896798.49,,1242750.21
2026-08-19 21:00:00,12893327.84,,1245443.78
2026-08-19 22:00:00,12698401.45,,1193646.73
2026-08-19 23:00:00,12335684.13,,1152424.06
2026-08-20 00:00:00,12480631.70,,1185608.89
2026-08-20 01:00:00,12905130.82,,1258075.98
2026-08-20 02:00:00,12838707.95,,1244934.34
2026-08-20 03:00:00,12917408.61,,1249244.67
2026-08-20 04:00:00,12835165.74,,1250092.73
2026-08-20 05:00:00,12556508.11,,1197900.32
2026-08-20 06:00:00,12441170.93,,1177441.55
2026-08-20 07:00:00,12501986.11,,1178594.59
2026-08-20 08:00:00,12438776.77,,1140012.84
2026-08-20 09:00:00,12717622.11,,1175348.34
2026-08-20 10:00:00,12576557.52,,1163148.40
2026-08-20 11:00:00,12632783.55,,1154034.63
2026-08-20 12:00:00,12393878.98,,1152150.21
2026-08-20 13:00:00,12407992.31,,1169868.11
2026-08-20 14:00:00,12600259.26,,1192293.87
2026-08-20 15:00:00,12765745.93,,1258724.88
2026-08-20 16:00:00,13171774.98,,1285985.09
2026-08-20 17:00:00,13159464.14,,1168943.34
2026-08-20 18:00:00,12827208.36,,1101592.24
2026-08-20 19:00:00,12696241.59,,1110138.26
2026-08-20 20:00:00,12909141.90,,1109649.66
2026-08-20 21:00:00,12831828.16,,1107958.55
2026-08-20 22:00:00,12889151.51,,1126357.06
2026-08-20 23:00:00,12750362.63,,1096034.81
2026-08-21 00:00:00,12982813.29,,1103051.15
2026-08-21 01:00:00,12737996.67,,1085320.58
2026-08-21 02:00:00,12772020.87,,1097103.17
2026-08-21 03:00:00,12999413.14,,1113244.79
2026-08-21 04:00:00,13070973.14,,1143393.12
2026-08-21 05:00:00,13159810.77,,1222749.99
2026-08-21 06:00:00,13830755.53,,1385783.50
2026-08-21 07:00:00,15447170.69,,1549577.00
2026-08-21 08:00:00,15962136.44,,1662004.40
2026-08-21 09:00:00,15962133.20,,1601463.15
2026-08-21 10:00:00,14619029.79,,1382169.37
2026-08-21 11:00:00,14374121.44,,1398060.43
2026-08-21 12:00:00,14008189.05,,1347467.22
2026-08-21 13:00:00,14152067.74,,1344992.76
2026-08-21 14:00:00,14757640.54,,1362839.77
2026-08-21 15:00:00,14516765.40,,1370071.08
2026-08-21 16:00:00,14695533.93,,1396757.13
2026-08-21 17:00:00,14373724.41,,1303990.86
2026-08-21 18:00:00,14008015.16,,1273169.41
2026-08-21 19:00:00,14133881.18,,1300332.29
2026-08-21 20:00:00,13163133.20,,1219542.02
2026-08-21 21:00:00,13818239.36,,1315103.49
2026-08-21 22:00:00,14291798.18,,1482292.18
2026-08-21 23:00:00,14368660.37,,1625155.43
2026-08-22 00:00:00,14077528.50,,1568277.28
2026-08-22 01:00:00,13944125.51,,1542188.61
2026-08-22 02:00:00,13750366.53,,1525638.13
2026-08-22 03:00:00,13911736.57,,1559681.73
2026-08-22 04:00:00,14013815.88,,1565175.61
2026-08-22 05:00:00,14332336.25,,1603039.03
2026-08-22 06:00:00,13197090.06,,1338890.16
2026-08-22 07:00:00,13373068.21,,1318460.78
2026-08-22 08:00:00,13613922.30,,1256385.22
2026-08-22 09:00:00,13820048.92,,1271535.99
2026-08-22 10:00:00,13952717.64,,1288236.42
2026-08-22 11:00:00,13968585.63,,1267791.36
2026-08-22 12:00:00,14059732.80,,1232373.54
2026-08-22 13:00:00,15100705.88,,1396916.11
2026-08-22 14:00:00,15968583.82,,1520974.99
2026-08-22 15:00:00,15456140.07,,1455186.45
2026-08-22 16:00:00,16182161.34,,1625110.29
2026-08-22 17:00:00,16483166.51,,1621303.76
2026-08-22 18:00:00,17066946.63,,1595810.38
2026-08-22 19:00:00,16848736.08,,1589139.80
2026-08-22 20:00:00,16853010.36,,1536591.04
2026-08-22 21:00:00,16566645.15,,1489844.43
2026-08-22 22:00:00,14925477.53,,1370052.83
2026-08-22 23:00:00,14995298.38,,1363505.84
2026-08-23 00:00:00,14985063.07,,1435897.47
2026-08-23 01:00:00,15414314.49,,1464657.64
2026-08-23 02:00:00,15225163.63,,1446907.99
2026-08-23 03:00:00,15054253.90,,1472409.39
2026-08-23 04:00:00,14874171.89,,1407422.46
2026-08-23 05:00:00,14642772.60,,1455536.95
2026-08-23 06:00:00,14762803.92,,1505785.51
2026-08-23 07:00:00,15187259.59,,1523494.81
2026-08-23 08:00:00,15678777.63,,1581077.47
2026-08-23 09:00:00,15427346.88,,1458772.46
2026-08-23 10:00:00,15559919.01,,1456351.35
2026-08-23 11:00:00,15549438.34,,1446398.49
2026-08-23 12:00:00,15839394.27,,1475661.68
2026-08-23 13:00:00,15445761.04,,1470198.71
2026-08-23 14:00:00,15973968.59,,1470242.47
2026-08-23 15:00:00,15459739.67,,1364626.03
2026-08-23 16:00:00,15250920.46,,1337913.33
2026-08-23 17:00:00,15367035.60,,1347694.72
2026-08-23 18:00:00,15681106.69,,1387309.32
2026-08-23 19:00:00,15664213.76,,1381733.01
2026-08-23 20:00:00,15535615.69,,1358795.29
2026-08-23 21:00:00,15123517.09,,1298789.83
2026-08-23 22:00:00,15399708.31,,1330487.49
2026-08-23 23:00:00,15033668.24,,1302585.20
2026-08-24 00:00:00,15137984.89,,1318206.84
2026-08-24 01:00:00,15186151.30,,1305597.04
2026-08-24 02:00:00,14902404.36,,1274382.26
2026-08-24 03:00:00,15237091.50,,1336450.75
2026-08-24 04:00:00,14917506.95,,1287852.37
2026-08-24 05:00:00,15130110.63,,1332008.79
2026-08-24 06:00:00,15256407.98,,1346251.90
2026-08-24 07:00:00,15195373.31,,1313862.06
2026-08-24 08:00:00,15449700.37,,1329118.59
2026-08-24 09:00:00,15265272.73,,1303927.29
2026-08-24 10:00:00,15385884.12,,1330885.62
2026-08-24 11:00:00,15432634.95,,1331999.66
2026-08-24 12:00:00,15400243.32,,1333466.59
2026-08-24 13:00:00,16061704.78,,1388659.95
2026-08-24 14:00:00,15628084.23,,1346760.57
2026-08-24 15:00:00,16008178.90,,1416889.19
2026-08-24 16:00:00,16122238.70,,1540230.09
2026-08-24 17:00:00,15909021.09,,1704101.92
2026-08-24 18:00:00,15054217.59,,1647562.92
2026-08-24 19:00:00,15472484.53,,1478283.82
2026-08-24 20:00:00,15529135.53,,1467816.51
2026-08-24 21:00:00,15739633.44,,1495200.93
2026-08-24 22:00:00,15704181.26,,1492384.50
2026-08-24 23:00:00,15552044.17,,1469702.75
2026-08-25 00:00:00,15678915.61,,1481135.61
2026-08-25 01:00:00,15749180.77,,1480239.49
2026-08-25 02:00:00,15601506.25,,1465279.34
2026-08-25 03:00:00,15627285.18,,1457528.32
2026-08-25 04:00:00,15486139.50,,1438909.49
2026-08-25 05:00:00,15847376.34,,1478170.30
2026-08-25 06:00:00,15747175.88,,1465053.65
2026-08-25 07:00:00,15619175.03,,1466408.08
2026-08-25 08:00:00,15221214.34,,1427258.82
2026-08-25 09:00:00,15550799.93,,1442653.03
2026-08-25 10:00:00,15735231.12,,1454048.28
2026-08-25 11:00:00,15835784.34,,1715262.77
2026-08-25 12:00:00,15685079.47,,1695261.05
2026-08-25 13:00:00,16014694.54,,1650322.36
2026-08-25 14:00:00,16228188.45,,1690492.22
2026-08-25 15:00:00,17433817.12,,1862396.34
2026-08-25 16:00:00,17447731.27,,1889352.21
2026-08-25 17:00:00,17376335.70,,1870690.75
2026-08-25 18:00:00,17198802.30,,1777921.60
2026-08-25 19:00:00,17291003.00,,1774881.03
2026-08-25 20:00:00,17032785.16,,1770666.16
2026-08-25 21:00:00,16628426.00,,1709959.21
2026-08-25 22:00:00,16749084.04,,1675266.64
2026-08-25 23:00:00,16825184.57,,1661363.60
2026-08-26 00:00:00,16614524.51,,1647387.48
2026-08-26 01:00:00,16904397.74,,1673582.04
2026-08-26 02:00:00,16909067.55,,1692838.05
2026-08-26 03:00:00,16686973.47,,1673320.19
2026-08-26 04:00:00,16283331.66,,1629852.14
2026-08-26 05:00:00,16611634.17,,1646284.61
2026-08-26 06:00:00,16624476.22,,1653114.35
2026-08-26 07:00:00,16556617.04,,1658430.06
2026-08-26 08:00:00,16661314.77,,1675892.57
2026-08-26 09:00:00,16430403.24,,1682316.92
2026-08-26 10:00:00,16231999.18,,1681099.56
2026-08-26 11:00:00,16376255.51,,1672828.54
2026-08-26 12:00:00,16218341.14,,1670869.01
2026-08-26 13:00:00,16306326.22,,1663020.06
2026-08-26 14:00:00,16230562.83,,1662754.64
2026-08-26 15:00:00,15807525.67,,1684246.46
2026-08-26 16:00:00,16041777.90,,1690355.51
2026-08-26 17:00:00,15798230.07,,1665973.57
2026-08-26 18:00:00,16086612.38,,1710932.52
2026-08-26 19:00:00,16048262.83,,1696151.64
2026-08-26 20:00:00,15998873.32,,1689114.14
2026-08-26 21:00:00,16283425.43,,1708863.98
2026-08-26 22:00:00,16614070.20,,1734332.15
2026-08-26 23:00:00,16564666.50,,1727382.62
2026-08-27 00:00:00,16741392.85,,1730659.51
2026-08-27 01:00:00,16376670.29,,1688197.73
2026-08-27 02:00:00,16458280.12,,1701516.38
2026-08-27 03:00:00,16525240.71,,1715986.47
2026-08-27 04:00:00,17071748.86,,1776047.02
2026-08-27 05:00:00,17397574.92,,1881126.78
2026-08-27 06:00:00,17802580.97,,1862632.30
2026-08-27 07:00:00,17328262.56,,1812409.78
2026-08-27 08:00:00,17569082.58,,1834436.12
2026-08-27 09:00:00,17653665.74,,1873673.36
2026-08-27 10:00:00,17992133.46,,1886477.78
2026-08-27 11:00:00,17562437.79,,1838614.80
2026-08-27 12:00:00,17638616.46,,1834074.86
2026-08-27 13:00:00,17979848.70,,1925966.28
2026-08-27 14:00:00,17898470.18,,1882224.48
2026-08-27 15:00:00,17572926.79,,1806665.95
2026-08-27 16:00:00,17143740.67,,1764139.30
2026-08-27 17:00:00,17524951.02,,1798792.00
2026-08-27 18:00:00,17188476.25,,1774416.64
2026-08-27 19:00:00,16956990.25,,1757374.17
2026-08-27 20:00:00,16995423.11,,1770489.89
2026-08-27 21:00:00,17032023.93,,1781502.82
2026-08-27 22:00:00,16529515.29,,1793644.71
2026-08-27 23:00:00,16389649.89,,1768597.79
2026-08-28 00:00:00,16339303.91,,1719922.75
2026-08-28 01:00:00,16090428.73,,1704050.80
2026-08-28 02:00:00,15821014.89,,1700868.23
2026-08-28 03:00:00,15594309.61,,1676074.21
2026-08-28 04:00:00,15457003.36,,1652242.97
2026-08-28 05:00:00,15308823.14,,1640287.55
2026-08-28 06:00:00,15291334.03,,1636757.10
2026-08-28 07:00:00,15333679.30,,1661042.73
2026-08-28 08:00:00,15158639.69,,1649787.57
2026-08-28 09:00:00,14966630.96,,1641628.20
2026-08-28 10:00:00,14882467.46,,1641842.66
2026-08-28 11:00:00,14829553.02,,1579668.79
2026-08-28 12:00:00,14816941.08,,1562621.79
2026-08-28 13:00:00,14780351.46,,1545280.96
2026-08-28 14:00:00,14778800.93,,1527463.32
2026-08-28 15:00:00,15038670.78,,1563151.57
2026-08-28 16:00:00,14910607.53,,1610444.98
2026-08-28 17:00:00,14937431.61,,1660484.80
2026-08-28 18:00:00,15210630.63,,1716962.30
2026-08-28 19:00:00,14633553.92,,1591714.05
2026-08-28 20:00:00,14869200.22,,1591911.94
2026-08-28 21:00:00,14492693.41,,1578060.47
2026-08-28 22:00:00,14239672.25,,1560977.38
2026-08-28 23:00:00,13994391.84,,1557198.50
2026-08-29 00:00:00,13761398.27,,1542219.93
2026-08-29 01:00:00,13578354.19,,1548816.83
2026-08-29 02:00:00,13398980.45,,1574908.26
2026-08-29 03:00:00,13282632.43,,1596409.21
2026-08-29 04:00:00,13259124.60,,1633493.63
2026-08-29 05:00:00,13441592.38,,1672571.17
2026-08-29 06:00:00,13333167.89,,1675400.93
2026-08-29 07:00:00,13455478.11,,1674359.25
2026-08-29 08:00:00,13343017.85,,1661662.28
2026-08-29 09:00:00,13258451.33,,1637830.86
2026-08-29 10:00:00,13302519.62,,1639732.98
2026-08-29 11:00:00,13297001.76,,1634440.82
2026-08-29 12:00:00,13398480.66,,1628955.42
2026-08-29 13:00:00,13446821.21,,1621893.25
2026-08-29 14:00:00,13309197.56,,1588683.02
2026-08-29 15:00:00,13360730.09,,1584614.35
2026-08-29 16:00:00,13444732.68,,1570447.11
2026-08-29 17:00:00,13575838.74,,1589087.99
2026-08-29 18:00:00,13437650.12,,1583094.59
2026-08-29 19:00:00,13498407.75,,1587004.22
2026-08-29 20:00:00,13390609.51,,1584690.70
2026-08-29 21:00:00,13440393.62,,1588386.73
2026-08-29 22:00:00,13463195.38,,1589717.77
2026-08-29 23:00:00,13426130.89,,1586780.65
2026-08-30 00:00:00,13559713.82,,1610920.90
2026-08-30 01:00:00,13484285.58,,1604927.05
2026-08-30 02:00:00,13578765.23,,1617455.60
2026-08-30 03:00:00,13544536.37,,1628911.34
2026-08-30 04:00:00,13525778.07,,1634864.49
2026-08-30 05:00:00,13402001.08,,1614504.68
2026-08-30 06:00:00,13370591.04,,1609847.60
2026-08-30 07:00:00,13473770.47,,1612551.52
2026-08-30 08:00:00,13353566.05,,1622800.05
2026-08-30 09:00:00,13476196.44,,1636193.83
2026-08-30 10:00:00,13526111.38,,1634577.86
2026-08-30 11:00:00,13440175.50,,1614580.56
2026-08-30 12:00:00,13630856.96,,1622950.48
2026-08-30 13:00:00,13677662.42,,1617872.00
2026-08-30 14:00:00,13667344.89,,1609999.64
2026-08-30 15:00:00,13462146.45,,1577645.10
2026-08-30 16:00:00,13470710.30,,1575216.67
2026-08-30 17:00:00,13806111.27,,1580617.95
2026-08-30 18:00:00,13857300.65,,1566404.63
2026-08-30 19:00:00,13921089.04,,1570245.07
2026-08-30 20:00:00,14148038.01,,1583645.14
2026-08-30 21:00:00,14473810.12,,1596617.96
2026-08-30 22:00:00,14729277.89,,1605708.94
2026-08-30 23:00:00,14592648.43,,1590858.19
2026-08-31 00:00:00,14235813.02,,1531240.15
2026-08-31 01:00:00,14358570.32,,1556277.64
2026-08-31 02:00:00,14025411.50,,1525082.67
2026-08-31 03:00:00,14018177.72,,1521915.98
2026-08-31 04:00:00,14020197.70,,1535496.00
2026-08-31 05:00:00,14016448.45,,1528538.61
2026-08-31 06:00:00,14381133.18,,1549199.34
2026-08-31 07:00:00,14435966.86,,1530585.32
2026-08-31 08:00:00,14329284.95,,1520872.46
2026-08-31 09:00:00,14413184.64,,1526775.11
2026-08-31 10:00:00,14452176.79,,1527086.01
2026-08-31 11:00:00,14613599.15,,1531988.87
2026-08-31 12:00:00,14341526.18,,1504364.09
2026-08-31 13:00:00,14221050.06,,1483064.06
2026-08-31 14:00:00,13929228.78,,1454102.85
2026-08-31 15:00:00,14220920.88,,1471773.56
2026-08-31 16:00:00,14061251.92,,1448956.90
2026-08-31 17:00:00,14194440.00,,1458794.51
2026-08-31 18:00:00,14404124.92,,1488725.61
2026-08-31 19:00:00,14377386.90,,1490006.23
2026-08-31 20:00:00,14282133.94,,1480133.66
2026-08-31 21:00:00,14124346.25,,1448476.29
2026-08-31 22:00:00,14119002.13,,1456370.34
2026-08-31 23:00:00,13963341.29,,1432473.32
2026-09-01 00:00:00,14041542.33,,1433807.87
2026-09-01 01:00:00,14201755.02,,1443375.55
2026-09-01 02:00:00,14130354.91,,1427739.94
2026-09-01 03:00:00,14245357.94,,1429684.62
2026-09-01 04:00:00,14432827.98,,1444477.80
2026-09-01 05:00:00,14489191.18,,1460925.91
2026-09-01 06:00:00,14467090.39,,1457889.80
2026-09-01 07:00:00,14205116.31,,1439466.04
2026-09-01 08:00:00,14183683.49,,1437070.14
2026-09-01 09:00:00,14007562.07,,1419130.22
2026-09-01 10:00:00,14018173.53,,1420578.90
2026-09-01 11:00:00,14078005.39,,1428023.86
2026-09-01 12:00:00,14268580.85,,1434028.50
2026-09-01 13:00:00,13701074.41,,1431020.37
2026-09-01 14:00:00,13796739.94,,1437096.50
2026-09-01 15:00:00,13701768.60,,1429419.10
2026-09-01 16:00:00,13464412.54,,1408759.98
2026-09-01 17:00:00,13507987.24,,1384612.43
2026-09-01 18:00:00,13348864.71,,1367062.20
2026-09-01 19:00:00,13455979.24,,1387421.14
2026-09-01 20:00:00,13489015.05,,1379967.24
2026-09-01 21:00:00,13387406.05,,1374364.49
2026-09-01 22:00:00,13610584.10,,1382888.94
2026-09-01 23:00:00,13429309.14,,1366994.21
2026-09-02 00:00:00,13473445.12,,1373511.21
2026-09-02 01:00:00,13357654.56,,1367944.51
2026-09-02 02:00:00,13423293.16,,1393955.87
2026-09-02 03:00:00,13552299.02,,1399207.74
2026-09-02 04:00:00,13627700.48,,1377852.94
2026-09-02 05:00:00,13543137.50,,1377681.25
2026-09-02 06:00:00,13413086.61,,1363181.86
2026-09-02 07:00:00,13486393.19,,1364547.89
2026-09-02 08:00:00,13295385.96,,1348985.03
2026-09-02 09:00:00,13104313.29,,1342232.87
2026-09-02 10:00:00,13025352.26,,1334776.66
2026-09-02 11:00:00,12989030.85,,1343910.75
2026-09-02 12:00:00,12966675.86,,1340609.35
2026-09-02 13:00:00,13004576.14,,1340792.53
2026-09-02 14:00:00,13107899.62,,1358525.73
2026-09-02 15:00:00,13081076.81,,1359356.82
2026-09-02 16:00:00,12988771.97,,1352340.88
2026-09-02 17:00:00,12973469.80,,1344726.63
2026-09-02 18:00:00,13124341.12,,1356507.67
2026-09-02 19:00:00,13137220.50,,1379539.72
2026-09-02 20:00:00,12989669.54,,1349216.93
2026-09-02 21:00:00,13030628.35,,1342777.69
2026-09-02 22:00:00,13197195.65,,1333703.36
2026-09-02 23:00:00,13090114.74,,1319919.33
2026-09-03 00:00:00,13204791.69,,1346476.53
2026-09-03 01:00:00,12977947.43,,1332065.95
2026-09-03 02:00:00,13026645.77,,1340331.60
2026-09-03 03:00:00,13157531.69,,1354841.26
2026-09-03 04:00:00,13283909.41,,1362457.92
2026-09-03 05:00:00,13288728.20,,1364080.01
2026-09-03 06:00:00,13354350.55,,1371098.37
2026-09-03 07:00:00,13288887.70,,1355159.19
2026-09-03 08:00:00,13216425.59,,1343818.94
2026-09-03 09:00:00,13149002.52,,1343811.51
2026-09-03 10:00:00,13047822.87,,1370622.04
2026-09-03 11:00:00,13155022.17,,1385549.03
2026-09-03 12:00:00,13489905.09,,1397922.26
2026-09-03 13:00:00,13612576.40,,1400737.55
2026-09-03 14:00:00,13503940.37,,1372425.76
2026-09-03 15:00:00,13844573.68,,1388416.72
2026-09-03 16:00:00,13872942.65,,1375469.28
2026-09-03 17:00:00,14076842.64,,1371013.52
2026-09-03 18:00:00,14112294.58,,1383677.67
2026-09-03 19:00:00,14175187.49,,1402034.39
2026-09-03 20:00:00,14103225.20,,1371433.11
2026-09-03 21:00:00,13982253.84,,1357759.73
2026-09-03 22:00:00,14076888.44,,1359224.26
2026-09-03 23:00:00,14146723.84,,1357673.13
2026-09-04 00:00:00,14169828.65,,1359143.24
2026-09-04 01:00:00,14214386.93,,1353607.14
2026-09-04 02:00:00,14286144.98,,1357166.96
2026-09-04 03:00:00,14174065.23,,1352125.02
2026-09-04 04:00:00,14165258.12,,1365805.34
2026-09-04 05:00:00,14163131.49,,1361933.63
2026-09-04 06:00:00,14154449.74,,1354339.27
2026-09-04 07:00:00,14255148.20,,1358435.95
2026-09-04 08:00:00,14346216.73,,1364168.22
2026-09-04 09:00:00,14575659.83,,1399410.30
2026-09-04 10:00:00,14432593.52,,1380828.28
2026-09-04 11:00:00,14381889.11,,1379393.09
2026-09-04 12:00:00,14214157.77,,1358796.93
2026-09-04 13:00:00,14886278.12,,1399374.57
2026-09-04 14:00:00,15409057.33,,1466947.45
2026-09-04 15:00:00,15787741.61,,1463829.59
2026-09-04 16:00:00,15910094.50,,1466177.24
2026-09-04 17:00:00,16235398.12,,1493986.15
2026-09-04 18:00:00,16112041.05,,1480574.65
2026-09-04 19:00:00,15986301.75,,1474810.80
2026-09-04 20:00:00,17017182.83,,1564924.57
2026-09-04 21:00:00,16691807.10,,1567205.05
2026-09-04 22:00:00,16393488.91,,1540887.82
2026-09-04 23:00:00,16464950.46,,1548156.45
2026-09-05 00:00:00,16739359.46,,1603260.36
2026-09-05 01:00:00,16691874.38,,1604240.30
2026-09-05 02:00:00,16642753.03,,1599726.86
2026-09-05 03:00:00,16879185.37,,1618029.43
2026-09-05 04:00:00,16673143.42,,1590252.61
2026-09-05 05:00:00,16626409.58,,1581851.44
2026-09-05 06:00:00,16561901.32,,1576562.64
2026-09-05 07:00:00,16503405.45,,1549312.46
2026-09-05 08:00:00,16337340.23,,1540732.72
2026-09-05 09:00:00,16485716.84,,1563037.50
2026-09-05 10:00:00,16646708.70,,1581560.94
2026-09-05 11:00:00,16491214.62,,1575892.88
2026-09-05 12:00:00,16385686.09,,1568069.64
2026-09-05 13:00:00,16290535.75,,1555808.03
2026-09-05 14:00:00,15973205.77,,1537426.22
2026-09-05 15:00:00,15853653.60,,1527906.60
2026-09-05 16:00:00,15535239.56,,1513281.31
2026-09-05 17:00:00,15450440.49,,1516485.51
2026-09-05 18:00:00,15438494.28,,1514911.04
2026-09-05 19:00:00,15449121.23,,1514364.47
2026-09-05 20:00:00,15338399.22,,1500474.25
2026-09-05 21:00:00,15511292.20,,1502471.94
2026-09-05 22:00:00,15556183.56,,1498943.02
2026-09-05 23:00:00,15605356.47,,1500406.19
2026-09-06 00:00:00,15624749.38,,1499664.19
2026-09-06 01:00:00,15596530.96,,1501588.84
2026-09-06 02:00:00,15644665.68,,1516535.29
2026-09-06 03:00:00,15572393.52,,1522243.97
2026-09-06 04:00:00,15567950.56,,1506051.64
2026-09-06 05:00:00,15348204.44,,1485050.08
2026-09-06 06:00:00,15324469.18,,1484527.24
2026-09-06 07:00:00,15185463.45,,1480022.13
2026-09-06 08:00:00,15105393.94,,1483593.18
2026-09-06 09:00:00,15077666.57,,1471291.05
2026-09-06 10:00:00,15064031.64,,1460381.37
2026-09-06 11:00:00,15131772.87,,1458749.66
2026-09-06 12:00:00,15096462.10,,1443723.90
2026-09-06 13:00:00,15045217.28,,1431755.30
2026-09-06 14:00:00,15113109.21,,1493461.14
2026-09-06 15:00:00,15247358.26,,1492387.55
2026-09-06 16:00:00,15203232.54,,1485628.30
2026-09-06 17:00:00,15228952.79,,1481750.01
2026-09-06 18:00:00,15402545.20,,1491266.04
2026-09-06 19:00:00,15335717.68,,1477213.45
2026-09-06 20:00:00,15248287.76,,1462723.96
2026-09-06 21:00:00,15262035.72,,1455533.20
2026-09-06 22:00:00,15324156.32,,1447542.37
2026-09-06 23:00:00,15494313.74,,1447035.01
2026-09-07 00:00:00,15454969.25,,1436768.76
2026-09-07 01:00:00,15520906.99,,1426937.06
2026-09-07 02:00:00,15698820.27,,1427795.89
2026-09-07 03:00:00,15775074.87,,1438528.90
2026-09-07 04:00:00,15688437.95,,1426338.50
2026-09-07 05:00:00,15680897.11,,1415071.68
2026-09-07 06:00:00,16670130.84,,1470475.79
2026-09-07 07:00:00,16317708.09,,1449723.23
2026-09-07 08:00:00,15940160.19,,1433150.98
2026-09-07 09:00:00,15938789.22,,1432608.82
2026-09-07 10:00:00,15927944.98,,1429493.42
2026-09-07 11:00:00,16062655.92,,1434834.81
2026-09-07 12:00:00,16055423.16,,1429894.94
2026-09-07 13:00:00,16489090.99,,1465764.89
2026-09-07 14:00:00,16681715.26,,1521848.47
2026-09-07 15:00:00,16528759.50,,1498026.85
2026-09-07 16:00:00,16211133.27,,1460192.34
2026-09-07 17:00:00,16055501.45,,1430263.77
2026-09-07 18:00:00,16432983.22,,1475306.53
2026-09-07 19:00:00,16584006.62,,1493808.59
2026-09-07 20:00:00,17329466.48,,1579218.20
2026-09-07 21:00:00,18059369.70,,1800791.03
2026-09-07 22:00:00,17983579.59,,1764815.09
2026-09-07 23:00:00,17976291.73,,1699360.42
2026-09-08 00:00:00,18038398.06,,1713038.71
2026-09-08 01:00:00,18061769.53,,1682187.59
2026-09-08 02:00:00,18933510.87,,1789506.52
2026-09-08 03:00:00,18375453.08,,1761074.06
2026-09-08 04:00:00,17387419.81,,1842069.88
2026-09-08 05:00:00,17087741.08,,1811947.74
2026-09-08 06:00:00,17092710.01,,1781572.48
2026-09-08 07:00:00,16890189.43,,1751986.20
2026-09-08 08:00:00,17222322.41,,1742017.18
2026-09-08 09:00:00,17536804.08,,1723936.09
2026-09-08 10:00:00,18140825.15,,1743382.85
2026-09-08 11:00:00,18282440.27,,1835306.99
2026-09-08 12:00:00,18587856.87,,1846549.56
2026-09-08 13:00:00,19613874.96,,2115062.59
2026-09-08 14:00:00,20022319.48,,2209861.08
2026-09-08 15:00:00,27910593.12,,3510139.88
2026-09-08 16:00:00,32977742.77,,4166344.09
2026-09-08 17:00:00,31972827.16,,3293804.54
2026-09-08 18:00:00,31393923.99,,3066035.24
2026-09-08 19:00:00,31675909.77,,2890704.57
2026-09-08 20:00:00,35782686.35,,3511467.11
2026-09-08 21:00:00,35338342.66,,3316726.14
2026-09-08 22:00:00,35008091.77,,3148065.51
2026-09-08 23:00:00,37860008.24,,3336240.16
2026-09-09 00:00:00,40583347.73,,3561538.37
2026-09-09 01:00:00,37812195.92,,3098941.45
2026-09-09 02:00:00,38882166.20,,3226904.37
2026-09-09 03:00:00,40036138.05,,3482913.69
2026-09-09 04:00:00,40507019.97,,3299651.58
2026-09-09 05:00:00,41940929.16,,3327202.76
2026-09-09 06:00:00,42613946.71,,3485076.60
2026-09-09 07:00:00,44025341.03,,3627482.08
2026-09-09 08:00:00,45775631.59,,3934609.69
2026-09-09 09:00:00,43154518.89,,3812423.03
2026-09-09 10:00:00,39789154.20,,3290980.13
2026-09-09 11:00:00,40831284.91,,3371271.62
2026-09-09 12:00:00,42503939.42,,3576422.38
2026-09-09 13:00:00,44446252.25,,3753883.92
2026-09-09 14:00:00,38380869.11,,3069191.46
2026-09-09 15:00:00,38666343.55,,3108268.27
2026-09-09 16:00:00,35984810.79,,2730266.87
2026-09-09 17:00:00,34576436.08,,2935239.77
2026-09-09 18:00:00,36379838.00,,3119417.94
2026-09-09 19:00:00,34565003.47,,2949414.32
2026-09-09 20:00:00,33443859.96,,3932873.70
2026-09-09 21:00:00,34965455.51,,3919170.35
2026-09-09 22:00:00,32815564.44,,3709450.81
2026-09-09 23:00:00,31671992.14,,3647201.00
2026-09-10 00:00:00,32161372.61,,3674483.35
2026-09-10 01:00:00,32198409.91,,3741942.04
2026-09-10 02:00:00,31955086.98,,3724484.41
2026-09-10 03:00:00,33733909.71,,3982020.67
2026-09-10 04:00:00,33488219.97,,4040079.52
2026-09-10 05:00:00,33977391.97,,4064219.11
2026-09-10 06:00:00,33561243.66,,4049169.17
2026-09-10 07:00:00,34296498.54,,4171338.75
2026-09-10 08:00:00,34144067.67,,4148708.81
2026-09-10 09:00:00,34468123.63,,4235257.52
2026-09-10 10:00:00,34415247.66,,4203025.44
2026-09-10 11:00:00,34205961.82,,4128580.19
2026-09-10 12:00:00,34634436.70,,4225831.58
2026-09-10 13:00:00,33719515.93,,4100572.26
2026-09-10 14:00:00,34820610.18,,4180302.24
2026-09-10 15:00:00,34292590.92,,4086949.25
2026-09-10 16:00:00,35435101.52,,4234488.18
2026-09-10 17:00:00,35116365.43,,4241053.08
2026-09-10 18:00:00,36842431.64,,4363687.83
2026-09-10 19:00:00,37422125.91,,4377710.88
2026-09-10 20:00:00,35934777.76,,4214961.08
2026-09-10 21:00:00,36261284.50,,4224974.67
2026-09-10 22:00:00,35361707.57,,4055513.85
2026-09-10 23:00:00,35158653.41,,4213371.14
2026-09-11 00:00:00,35033360.87,,4214833.49
2026-09-11 01:00:00,35067857.76,,4205135.75
2026-09-11 02:00:00,34895647.63,,4237772.17
2026-09-11 03:00:00,33930661.73,,4179922.46
2026-09-11 04:00:00,34305680.78,,4204003.71
2026-09-11 05:00:00,35615804.28,,4273541.98
2026-09-11 06:00:00,35852023.41,,4291122.01
2026-09-11 07:00:00,35014880.95,,4226615.32
2026-09-11 08:00:00,35187353.96,,4211959.50
2026-09-11 09:00:00,35090211.53,,4172865.47
2026-09-11 10:00:00,33881783.20,,4080048.85
2026-09-11 11:00:00,34717716.47,,4137882.67
2026-09-11 12:00:00,35956203.14,,4377099.61
2026-09-11 13:00:00,36938944.03,,4521854.27
2026-09-11 14:00:00,38351487.31,,4710951.80
2026-09-11 15:00:00,37115695.29,,4484458.68
2026-09-11 16:00:00,35465479.79,,4187762.65
2026-09-11 17:00:00,34463373.64,,4151224.36
2026-09-11 18:00:00,34122682.86,,4015007.48
2026-09-11 19:00:00,34177456.21,,3962877.81
2026-09-11 20:00:00,34328142.10,,3979956.75
2026-09-11 21:00:00,34228918.93,,3989639.08
2026-09-11 22:00:00,33026176.92,,3928722.36
2026-09-11 23:00:00,32245944.13,,3795280.80
2026-09-12 00:00:00,32044550.22,,3816587.73
2026-09-12 01:00:00,31583808.96,,3760484.15
2026-09-12 02:00:00,31792391.23,,3806849.70
2026-09-12 03:00:00,31667348.41,,3790123.47
2026-09-12 04:00:00,31713113.06,,3847072.39
2026-09-12 05:00:00,31651442.33,,3855947.42
2026-09-12 06:00:00,30963245.31,,3773390.83
2026-09-12 07:00:00,31054883.18,,3880740.32
2026-09-12 08:00:00,30936798.01,,3918547.46
2026-09-12 09:00:00,30125300.46,,3887312.84
2026-09-12 10:00:00,29951184.79,,3912195.96
2026-09-12 11:00:00,29955791.08,,3893183.11
2026-09-12 12:00:00,29905385.63,,3888187.13
2026-09-12 13:00:00,29878117.86,,3889294.81
2026-09-12 14:00:00,29450336.71,,3788550.94
2026-09-12 15:00:00,29688233.16,,3811893.45
2026-09-12 16:00:00,29918121.16,,3849301.62
2026-09-12 17:00:00,29707568.20,,3808911.58
2026-09-12 18:00:00,29928160.83,,3831728.20
2026-09-12 19:00:00,30105895.42,,3845976.29
2026-09-12 20:00:00,29996895.04,,3806440.25
2026-09-12 21:00:00,30764377.56,,3853936.68
2026-09-12 22:00:00,31448009.02,,3915870.02
2026-09-12 23:00:00,31193678.13,,3872159.20
2026-09-13 00:00:00,31196899.29,,3915054.83
2026-09-13 01:00:00,31235231.86,,3848070.82
2026-09-13 02:00:00,31271360.03,,3932748.55
2026-09-13 03:00:00,30868080.32,,3818554.94
2026-09-13 04:00:00,30317140.43,,3782743.98
2026-09-13 05:00:00,30451457.27,,3816048.34
2026-09-13 06:00:00,30369782.04,,3821168.51
2026-09-13 07:00:00,29816260.90,,3783579.72
2026-09-13 08:00:00,29531965.27,,3765773.86
2026-09-13 09:00:00,28442451.62,,3646981.24
2026-09-13 10:00:00,28916326.93,,3697486.71
2026-09-13 11:00:00,28733008.12,,3682116.54
2026-09-13 12:00:00,28489924.45,,3640747.71
2026-09-13 13:00:00,27841073.52,,3543050.50
2026-09-13 14:00:00,27394918.15,,3496073.64
2026-09-13 15:00:00,27219173.80,,3471925.76
2026-09-13 16:00:00,26579368.45,,3430871.99
2026-09-13 17:00:00,26591246.37,,3448862.07
2026-09-13 18:00:00,27002862.61,,3437690.07
2026-09-13 19:00:00,27153964.41,,3475433.79
2026-09-13 20:00:00,26744781.33,,3394137.10
2026-09-13 21:00:00,26961611.87,,3411888.41
2026-09-13 22:00:00,27023487.99,,3418281.54
2026-09-13 23:00:00,26492911.96,,3280032.71
2026-09-14 00:00:00,26381864.33,,3292830.94
2026-09-14 01:00:00,26491344.99,,3347762.51
2026-09-14 02:00:00,26644025.94,,3438314.42
2026-09-14 03:00:00,27406176.69,,3529955.17
2026-09-14 04:00:00,28025457.88,,3664333.44
2026-09-14 05:00:00,27821941.37,,3705004.45
2026-09-14 06:00:00,27971364.77,,3703460.28
2026-09-14 07:00:00,28025704.98,,3712269.46
2026-09-14 08:00:00,28395532.06,,3841462.36
2026-09-14 09:00:00,28387720.99,,3801791.40
2026-09-14 10:00:00,28030211.63,,3701555.47
2026-09-14 11:00:00,28129653.43,,3727575.69
2026-09-14 12:00:00,27885792.31,,3667958.97
2026-09-14 13:00:00,27757206.72,,3611942.00
2026-09-14 14:00:00,27281383.42,,3509556.03
2026-09-14 15:00:00,27276496.61,,3520155.06
2026-09-14 16:00:00,27751617.38,,3572236.65
2026-09-14 17:00:00,27624871.31,,3531883.52
2026-09-14 18:00:00,27659496.49,,3547982.06
2026-09-14 19:00:00,28573280.80,,3626106.73
2026-09-14 20:00:00,27773577.17,,3518933.65
2026-09-14 21:00:00,28670326.46,,3622101.84
2026-09-14 22:00:00,27789964.64,,3473949.55
2026-09-14 23:00:00,27780833.85,,3433870.27
2026-09-15 00:00:00,28930373.31,,3721225.53
2026-09-15 01:00:00,28147844.44,,3667473.55
2026-09-15 02:00:00,27876707.76,,3567250.49
2026-09-15 03:00:00,27417499.89,,3539764.38
2026-09-15 04:00:00,27192031.52,,3496506.02
2026-09-15 05:00:00,27127750.31,,3473695.26
2026-09-15 06:00:00,27335628.61,,3482221.80
2026-09-15 07:00:00,27052748.18,,3463119.34
2026-09-15 08:00:00,26851104.07,,3474868.69
2026-09-15 09:00:00,27191977.85,,3538236.40
2026-09-15 10:00:00,27048597.63,,3385425.37
2026-09-15 11:00:00,27183201.84,,3415976.65
2026-09-15 12:00:00,27093660.58,,3396344.71
2026-09-15 13:00:00,27949107.37,,3460461.56
2026-09-15 14:00:00,27310661.06,,3626046.87
2026-09-15 15:00:00,26280321.26,,3554047.08
2026-09-15 16:00:00,27581903.60,,3747188.33
2026-09-15 17:00:00,27089126.42,,3741722.10
2026-09-15 18:00:00,26589147.70,,3737163.23
2026-09-15 19:00:00,26108806.59,,3692008.90
2026-09-15 20:00:00,25769585.14,,3649091.20
2026-09-15 21:00:00,25558051.65,,3658207.19
2026-09-15 22:00:00,25379126.92,,3625986.26
2026-09-15 23:00:00,25009964.26,,3591481.68
2026-09-16 00:00:00,25045804.92,,3584644.29
2026-09-16 01:00:00,25045237.06,,3661704.87
2026-09-16 02:00:00,25114654.30,,3676841.19
2026-09-16 03:00:00,25580752.66,,3721647.41
2026-09-16 04:00:00,25180566.62,,3694698.04
2026-09-16 05:00:00,25210226.81,,3711820.94
2026-09-16 06:00:00,25310343.21,,3742267.47
2026-09-16 07:00:00,25418247.93,,3758697.45
2026-09-16 08:00:00,25757487.66,,3833959.04
2026-09-16 09:00:00,26015402.11,,3929616.87
2026-09-16 10:00:00,26210360.00,,3932339.79
2026-09-16 11:00:00,26570504.66,,3953206.52
2026-09-16 12:00:00,27392710.05,,4052427.91
2026-09-16 13:00:00,26677841.92,,3952282.44
2026-09-16 14:00:00,26496480.76,,3930173.21
2026-09-16 15:00:00,25829646.73,,3840455.26
2026-09-16 16:00:00,25937731.87,,3916628.94
2026-09-16 17:00:00,25773843.43,,3893487.06
2026-09-16 18:00:00,26054141.75,,3923911.83
2026-09-16 19:00:00,27525419.49,,4358225.56
2026-09-16 20:00:00,26624508.34,,4337911.33
2026-09-16 21:00:00,27330286.47,,4449093.73
2026-09-16 22:00:00,27230485.92,,4442756.70
2026-09-16 23:00:00,26338929.97,,4369154.28
2026-09-17 00:00:00,27870992.85,,4538905.04
2026-09-17 01:00:00,28465517.04,,4531129.65
2026-09-17 02:00:00,28941765.65,,4623561.82
2026-09-17 03:00:00,28952807.27,,4731129.08
2026-09-17 04:00:00,29438804.69,,4797953.80
2026-09-17 05:00:00,29494218.90,,4842916.59
2026-09-17 06:00:00,29266043.95,,4876833.37
2026-09-17 07:00:00,29378320.25,,4760846.30
2026-09-17 08:00:00,29586127.26,,4801394.56
2026-09-17 09:00:00,30060347.89,,4852217.03
2026-09-17 10:00:00,29768446.62,,4826822.83
2026-09-17 11:00:00,29975970.98,,4907933.51
2026-09-17 12:00:00,29782143.92,,4908556.05
2026-09-17 13:00:00,29113340.48,,4797792.15
2026-09-17 14:00:00,29359680.73,,4820844.16
2026-09-17 15:00:00,28835963.51,,4645674.40
2026-09-17 16:00:00,28584369.20,,4577626.37
2026-09-17 17:00:00,28588711.19,,4619508.46
2026-09-17 18:00:00,28486580.23,,4635899.10
2026-09-17 19:00:00,28975190.52,,4747139.64
2026-09-17 20:00:00,28627567.05,,4598822.94
2026-09-17 21:00:00,28539772.01,,4549575.98
2026-09-17 22:00:00,28597715.13,,4585693.12
2026-09-17 23:00:00,28867740.00,,4680324.36
2026-09-18 00:00:00,29290841.49,,4823039.38
2026-09-18 01:00:00,28561944.37,,4773274.65
2026-09-18 02:00:00,29402407.63,,4874376.36
2026-09-18 03:00:00,28723404.72,,4873446.14
2026-09-18 04:00:00,28589945.56,,4935154.20
2026-09-18 05:00:00,27992615.59,,4847619.67
2026-09-18 06:00:00,28424900.46,,4795126.59
2026-09-18 07:00:00,29142001.11,,4917249.30
2026-09-18 08:00:00,31095750.93,,5097420.69
2026-09-18 09:00:00,32038325.04,,5299902.84
2026-09-18 10:00:00,32265306.87,,5302850.90
2026-09-18 11:00:00,31563055.51,,5115540.91
2026-09-18 12:00:00,29895536.43,,4817885.14
2026-09-18 13:00:00,29832973.51,,4864889.20
2026-09-18 14:00:00,29943946.36,,4825538.95
2026-09-18 15:00:00,29981446.76,,4803334.16
2026-09-18 16:00:00,29891059.79,,4849976.18
2026-09-18 17:00:00,30455842.87,,4943024.49
2026-09-18 18:00:00,30636170.25,,4963691.09
2026-09-18 19:00:00,31412022.45,,4968136.38
2026-09-18 20:00:00,31886170.20,,4725588.30
2026-09-18 21:00:00,32017240.86,,4594134.64
2026-09-18 22:00:00,31740629.69,,4544893.68
2026-09-18 23:00:00,32188170.04,,4580060.40
2026-09-19 00:00:00,32781533.10,,4611638.36
2026-09-19 01:00:00,32429907.59,,4628000.22
2026-09-19 02:00:00,32822390.51,,4720325.84
2026-09-19 03:00:00,34170691.92,,4903523.06
2026-09-19 04:00:00,32898574.90,,4548498.71
2026-09-19 05:00:00,31821086.70,,4405154.83
2026-09-19 06:00:00,32311068.54,,4577653.95
2026-09-19 07:00:00,32827420.56,,4625029.74
2026-09-19 08:00:00,32790910.12,,4609029.51
2026-09-19 09:00:00,33714918.74,,4803802.13
2026-09-19 10:00:00,32999569.78,,4556167.23
2026-09-19 11:00:00,32106861.19,,4505118.38
2026-09-19 12:00:00,32093243.36,,4518550.43
2026-09-19 13:00:00,32221994.39,,4552044.88
2026-09-19 14:00:00,32554932.58,,4552330.08
2026-09-19 15:00:00,32488822.52,,4550118.34
2026-09-19 16:00:00,32332833.99,,4525683.10
2026-09-19 17:00:00,32155477.75,,4437369.81
2026-09-19 18:00:00,30954944.59,,4342061.61
2026-09-19 19:00:00,30102945.22,,4219216.02
2026-09-19 20:00:00,29489231.21,,4136865.68
2026-09-19 21:00:00,29028128.32,,4123960.02
2026-09-19 22:00:00,28583527.99,,4011024.35
2026-09-19 23:00:00,28662422.96,,4028154.63
2026-09-20 00:00:00,28996286.03,,4014988.28
2026-09-20 01:00:00,29159318.87,,4044962.72
2026-09-20 02:00:00,29926338.09,,4112478.60
2026-09-20 03:00:00,28546809.12,,3991024.30
2026-09-20 04:00:00,29516443.89,,4129778.83
2026-09-20 05:00:00,29849714.46,,4195346.36
2026-09-20 06:00:00,30286945.72,,4297724.10
2026-09-20 07:00:00,30080920.86,,4359267.16
2026-09-20 08:00:00,30876594.08,,4470272.54
2026-09-20 09:00:00,31256218.79,,4523923.63
2026-09-20 10:00:00,30943076.95,,4429298.32
2026-09-20 11:00:00,32088312.63,,4490811.11
2026-09-20 12:00:00,32742435.43,,4548216.31
2026-09-20 13:00:00,34742184.53,,4947458.20
2026-09-20 14:00:00,33240095.55,,4633054.61
2026-09-20 15:00:00,33779212.69,,4680726.01
2026-09-20 16:00:00,33975608.22,,4867767.78
2026-09-20 17:00:00,32664201.41,,4608875.25
2026-09-20 18:00:00,32785401.99,,4572075.54
2026-09-20 19:00:00,32322233.16,,4504647.08
2026-09-20 20:00:00,32570482.29,,4511980.70
2026-09-20 21:00:00,32410635.97,,4492270.47
2026-09-20 22:00:00,32157132.70,,4444779.10
2026-09-20 23:00:00,32727603.45,,4532887.17
2026-09-21 00:00:00,33368343.87,,4561328.34
2026-09-21 01:00:00,33913936.44,,4614192.56
2026-09-21 02:00:00,34724623.42,,4752492.97
2026-09-21 03:00:00,38047581.72,,5650838.44
2026-09-21 04:00:00,37427961.55,,5566708.60
2026-09-21 05:00:00,37930288.41,,5613846.82
2026-09-21 06:00:00,38301502.14,,5561579.14
2026-09-21 07:00:00,40094247.23,,5837156.96
2026-09-21 08:00:00,40848968.58,,5768731.33
2026-09-21 09:00:00,40937484.58,,5890923.90
2026-09-21 10:00:00,39772408.78,,5599596.51
2026-09-21 11:00:00,40191680.22,,5570032.02
2026-09-21 12:00:00,39466620.24,,5511224.45
2026-09-21 13:00:00,37792809.61,,5362992.49
2026-09-21 14:00:00,37041730.87,,5242052.96
2026-09-21 15:00:00,35805416.02,,5098964.16
2026-09-21 16:00:00,34408808.69,,5024178.83
2026-09-21 17:00:00,33551431.76,,4880202.53
2026-09-21 18:00:00,33912502.31,,4941842.15
2026-09-21 19:00:00,34030160.63,,4882235.70
2026-09-21 20:00:00,34094730.22,,4773338.83
2026-09-21 21:00:00,32912078.88,,4640541.90
2026-09-21 22:00:00,34311751.66,,4807739.75
2026-09-21 23:00:00,33629655.73,,4675412.90
2026-09-22 00:00:00,33557516.09,,4656054.93
2026-09-22 01:00:00,33319579.95,,4640511.87
2026-09-22 02:00:00,33298940.60,,4720752.77
2026-09-22 03:00:00,32621531.55,,4684478.63
2026-09-22 04:00:00,33115557.97,,4800633.73
2026-09-22 05:00:00,33039517.13,,4838773.96
2026-09-22 06:00:00,33749730.30,,4902237.24
2026-09-22 07:00:00,33912309.22,,4863902.49
2026-09-22 08:00:00,33535602.09,,4804426.20
2026-09-22 09:00:00,33355836.53,,4752582.04
2026-09-22 10:00:00,33856563.52,,4821143.53
2026-09-22 11:00:00,33497584.84,,4749628.93
2026-09-22 12:00:00,32804852.22,,4659974.82
2026-09-22 13:00:00,33059968.33,,4675337.61
2026-09-22 14:00:00,32483108.22,,4534537.73
2026-09-22 15:00:00,32093104.35,,4586053.89
2026-09-22 16:00:00,32379907.40,,4585383.80
2026-09-22 17:00:00,32459514.10,,4511862.46
2026-09-22 18:00:00,33574883.65,,4584700.66
2026-09-22 19:00:00,33120633.51,,4530925.88
2026-09-22 20:00:00,33178780.08,,4553802.51
2026-09-22 21:00:00,32846660.50,,4461873.65
2026-09-22 22:00:00,32999228.62,,4468160.46
2026-09-22 23:00:00,33125121.53,,4525788.78
2026-09-23 00:00:00,32794325.18,,4438133.96
2026-09-23 01:00:00,33722406.84,,4675089.38
2026-09-23 02:00:00,33162480.31,,4629122.15
2026-09-23 03:00:00,33399401.17,,4598214.42
2026-09-23 04:00:00,33853245.24,,4724482.52
2026-09-23 05:00:00,33343317.31,,4656858.16
2026-09-23 06:00:00,33166673.91,,4547810.72
2026-09-23 07:00:00,33474344.95,,4539900.96
2026-09-23 08:00:00,32908447.44,,4504342.62
2026-09-23 09:00:00,31849928.78,,4348538.01
2026-09-23 10:00:00,31625612.21,,4352347.35
2026-09-23 11:00:00,31979851.12,,4484701.25
2026-09-23 12:00:00,32446941.39,,4526117.22
2026-09-23 13:00:00,32332807.81,,4518976.42
2026-09-23 14:00:00,32227690.97,,4703015.19
2026-09-23 15:00:00,32033916.24,,4780110.22
2026-09-23 16:00:00,30994136.10,,4656871.44
2026-09-23 17:00:00,31479499.31,,4921509.05
2026-09-23 18:00:00,31783922.55,,5209504.24
2026-09-23 19:00:00,31234366.55,,4846581.67
2026-09-23 20:00:00,31186862.78,,4824304.71
2026-09-23 21:00:00,30601154.73,,4578109.98
2026-09-23 22:00:00,30695280.21,,4612260.27
2026-09-23 23:00:00,30855621.00,,4580664.35
2026-09-24 00:00:00,31968179.13,,4454524.09
2026-09-24 01:00:00,31731100.96,,4385128.75
2026-09-24 02:00:00,31499654.85,,4372322.37
2026-09-24 03:00:00,32000350.08,,4395853.95
2026-09-24 04:00:00,32437166.51,,4530210.57
2026-09-24 05:00:00,32337969.69,,4509821.52
2026-09-24 06:00:00,31834224.23,,4414852.25
2026-09-24 07:00:00,32202443.42,,4412788.12
2026-09-24 08:00:00,32524404.96,,4480806.09
2026-09-24 09:00:00,31197093.40,,4369315.19
2026-09-24 10:00:00,29478000.37,,4310881.91
2026-09-24 11:00:00,29551838.60,,4349343.40
2026-09-24 12:00:00,29207093.34,,4208010.22
2026-09-24 13:00:00,29538896.28,,4226782.94
2026-09-24 14:00:00,29683982.39,,4186482.32
2026-09-24 15:00:00,28966243.12,,4037085.67
2026-09-24 16:00:00,30540811.95,,4221564.12
2026-09-24 17:00:00,30281130.41,,4228188.93
2026-09-24 18:00:00,29659012.93,,4179843.19
2026-09-24 19:00:00,30884480.64,,4367952.75
2026-09-24 20:00:00,31603512.82,,4437738.79
2026-09-24 21:00:00,31370718.97,,4399200.49
2026-09-24 22:00:00,30868910.77,,4301068.22
2026-09-24 23:00:00,30600430.49,,4167150.32
2026-09-25 00:00:00,30863360.04,,4192158.15
2026-09-25 01:00:00,30921252.37,,4208870.49
2026-09-25 02:00:00,30591314.80,,4185487.77
2026-09-25 03:00:00,30266978.39,,4136412.85
2026-09-25 04:00:00,30312364.12,,4175380.14
2026-09-25 05:00:00,30401992.60,,4172036.47
2026-09-25 06:00:00,30515493.13,,4206570.60
2026-09-25 07:00:00,30247207.53,,4193992.95
2026-09-25 08:00:00,30914124.95,,4242928.23
2026-09-25 09:00:00,30811750.94,,4246341.32
2026-09-25 10:00:00,31532330.82,,4323306.65
2026-09-25 11:00:00,30877556.33,,4292097.72
2026-09-25 12:00:00,30135164.90,,4112637.36
2026-09-25 13:00:00,30420609.51,,4086455.63
2026-09-25 14:00:00,30261609.37,,3922569.27
2026-09-25 15:00:00,30028034.89,,3853379.35
2026-09-25 16:00:00,29584166.56,,3747287.94
2026-09-25 17:00:00,29769417.74,,3765764.96
2026-09-25 18:00:00,29802140.32,,3819208.93
2026-09-25 19:00:00,29671645.27,,3796499.03
2026-09-25 20:00:00,29533820.60,,3822885.95
2026-09-25 21:00:00,29467475.95,,3789427.32
2026-09-25 22:00:00,29041689.38,,3750343.74
2026-09-25 23:00:00,29495164.73,,3814375.26
2026-09-26 00:00:00,29365437.39,,3774769.40
2026-09-26 01:00:00,29292031.13,,3748502.12
2026-09-26 02:00:00,29291842.81,,3735718.65
2026-09-26 03:00:00,29155261.35,,3744537.61
2026-09-26 04:00:00,29010122.93,,3748756.20
2026-09-26 05:00:00,29086364.89,,3733502.51
2026-09-26 06:00:00,29017439.07,,3735585.42
2026-09-26 07:00:00,28643911.35,,3683669.15
2026-09-26 08:00:00,28416299.50,,3749166.31
2026-09-26 09:00:00,28415795.03,,3808448.33
2026-09-26 10:00:00,28448339.42,,3813433.92
2026-09-26 11:00:00,28706270.99,,3834481.84
2026-09-26 12:00:00,28659376.26,,3791373.92
2026-09-26 13:00:00,28465654.69,,3703631.66
2026-09-26 14:00:00,28297124.55,,3685769.29
2026-09-26 15:00:00,28974807.57,,3955833.35
2026-09-26 16:00:00,28715535.83,,3864801.46
2026-09-26 17:00:00,28650296.18,,3962119.45
2026-09-26 18:00:00,27829425.77,,3852452.02
2026-09-26 19:00:00,27726491.68,,3852513.10
2026-09-26 20:00:00,27633765.86,,3854807.34
2026-09-26 21:00:00,27960364.27,,3878793.71
2026-09-26 22:00:00,28609359.97,,4018414.26
2026-09-26 23:00:00,28369311.72,,4024905.41
2026-09-27 00:00:00,28408478.19,,4059051.87
2026-09-27 01:00:00,28469029.91,,4073881.71
2026-09-27 02:00:00,28706628.78,,4132925.47
2026-09-27 03:00:00,28575311.23,,4092609.14
2026-09-27 04:00:00,28332141.97,,4050054.23
2026-09-27 05:00:00,28193591.76,,4000133.32
2026-09-27 06:00:00,28474844.75,,4070211.08
2026-09-27 07:00:00,29087604.75,,4222166.80
2026-09-27 08:00:00,29542092.24,,4193081.24
2026-09-27 09:00:00,30173309.19,,4221475.26
