time,oi_A,oi_6,oi_3
2026-05-17 12:00:00,3572125.62,,
2026-05-17 13:00:00,3565841.44,,
2026-05-17 14:00:00,3584412.23,,
2026-05-17 15:00:00,3577655.33,,
2026-05-17 16:00:00,3561615.65,,
2026-05-17 17:00:00,3569988.16,,
2026-05-17 18:00:00,3550625.34,,
2026-05-17 19:00:00,3574711.16,,
2026-05-17 20:00:00,3591621.70,,
2026-05-17 21:00:00,3575840.20,,
2026-05-17 22:00:00,3567917.07,,
2026-05-17 23:00:00,3532517.33,,
2026-05-18 00:00:00,3390591.94,,
2026-05-18 01:00:00,3423488.60,,
2026-05-18 02:00:00,3426984.98,,
2026-05-18 03:00:00,3445454.92,,
2026-05-18 04:00:00,3386909.57,,
2026-05-18 05:00:00,3415750.18,,
2026-05-18 06:00:00,3360530.64,,
2026-05-18 07:00:00,3327220.10,,
2026-05-18 08:00:00,3333827.52,,
2026-05-18 09:00:00,3356429.67,,
2026-05-18 10:00:00,3336633.95,,
2026-05-18 11:00:00,3339222.52,,
2026-05-18 12:00:00,3380451.51,,
2026-05-18 13:00:00,3409205.29,,
2026-05-18 14:00:00,3368589.85,,
2026-05-18 15:00:00,3335363.39,,
2026-05-18 16:00:00,3339461.76,,
2026-05-18 17:00:00,3340273.86,,
2026-05-18 18:00:00,3358454.13,,
2026-05-18 19:00:00,3296148.92,,
2026-05-18 20:00:00,3378186.91,,
2026-05-18 21:00:00,3350375.45,,
2026-05-18 22:00:00,3371298.23,,
2026-05-18 23:00:00,3359196.55,,
2026-05-19 00:00:00,3345115.15,,
2026-05-19 01:00:00,3382346.78,,
2026-05-19 02:00:00,3353308.69,,
2026-05-19 03:00:00,3349885.18,,
2026-05-19 04:00:00,3378756.16,,
2026-05-19 05:00:00,3393583.53,,
2026-05-19 06:00:00,3373132.96,,
2026-05-19 07:00:00,3364171.80,,
2026-05-19 08:00:00,3355553.03,,
2026-05-19 09:00:00,3351990.34,,
2026-05-19 10:00:00,3303441.54,,
2026-05-19 11:00:00,3326713.80,,
2026-05-19 12:00:00,3331540.11,,
2026-05-19 13:00:00,3362594.37,,
2026-05-19 14:00:00,3394633.63,,
2026-05-19 15:00:00,3361381.99,,
2026-05-19 16:00:00,3338184.81,,
2026-05-19 17:00:00,3365828.39,,
2026-05-19 18:00:00,3367854.36,,
2026-05-19 19:00:00,3345347.92,,
2026-05-19 20:00:00,3328450.98,,
2026-05-19 21:00:00,3329334.15,,
2026-05-19 22:00:00,3327818.84,,
2026-05-19 23:00:00,3313333.04,,
2026-05-20 00:00:00,3320629.80,,
2026-05-20 01:00:00,3280124.57,,
2026-05-20 02:00:00,3315656.32,,
2026-05-20 03:00:00,3313745.78,,
2026-05-20 04:00:00,3312514.70,,
2026-05-20 05:00:00,3310608.82,,
2026-05-20 06:00:00,3359616.92,,
2026-05-20 07:00:00,3375121.42,,
2026-05-20 08:00:00,3353515.87,,
2026-05-20 09:00:00,3350153.80,,
2026-05-20 10:00:00,3365380.74,,
2026-05-20 11:00:00,3361286.98,,
2026-05-20 12:00:00,3348675.16,,
2026-05-20 13:00:00,3374570.47,,
2026-05-20 14:00:00,3359306.55,,
2026-05-20 15:00:00,3376636.41,,
2026-05-20 16:00:00,3367344.71,,
2026-05-20 17:00:00,3367441.12,,
2026-05-20 18:00:00,3394588.09,,
2026-05-20 19:00:00,3368901.52,,
2026-05-20 20:00:00,3355116.76,,
2026-05-20 21:00:00,3348707.87,,
2026-05-20 22:00:00,3350366.43,,
2026-05-20 23:00:00,3318235.63,,
2026-05-21 00:00:00,3317083.60,,
2026-05-21 01:00:00,3366402.94,,
2026-05-21 02:00:00,3379442.77,,
2026-05-21 03:00:00,3403119.86,,
2026-05-21 04:00:00,3391230.89,,
2026-05-21 05:00:00,3385447.08,,
2026-05-21 06:00:00,3365190.64,,
2026-05-21 07:00:00,3370744.97,,
2026-05-21 08:00:00,3368164.21,,
2026-05-21 09:00:00,3381649.25,,
2026-05-21 10:00:00,3337476.25,,
2026-05-21 11:00:00,3289842.17,,
2026-05-21 12:00:00,3274621.45,,
2026-05-21 13:00:00,3341057.18,,
2026-05-21 14:00:00,3342465.53,,
2026-05-21 15:00:00,3314931.07,,
2026-05-21 16:00:00,3366640.22,,
2026-05-21 17:00:00,3370476.41,,
2026-05-21 18:00:00,3408332.86,,
2026-05-21 19:00:00,3382618.82,,
2026-05-21 20:00:00,3407474.65,,
2026-05-21 21:00:00,3382725.21,,
2026-05-21 22:00:00,3407649.18,,
2026-05-21 23:00:00,3384208.62,,
2026-05-22 00:00:00,3408971.36,,
2026-05-22 01:00:00,3394310.91,,
2026-05-22 02:00:00,3431757.56,,
2026-05-22 03:00:00,3441668.12,,
2026-05-22 04:00:00,3427594.55,,
2026-05-22 05:00:00,3419129.80,,
2026-05-22 06:00:00,3417938.85,,
2026-05-22 07:00:00,3374396.98,,
2026-05-22 08:00:00,3380997.72,,
2026-05-22 09:00:00,3402655.29,,
2026-05-22 10:00:00,3377307.20,,
2026-05-22 11:00:00,3361690.53,,
2026-05-22 12:00:00,3369557.48,,
2026-05-22 13:00:00,3400011.96,,
2026-05-22 14:00:00,3366055.16,,
2026-05-22 15:00:00,3320872.19,,
2026-05-22 16:00:00,3351263.85,,
2026-05-22 17:00:00,3360879.10,,
2026-05-22 18:00:00,3343625.62,,
2026-05-22 19:00:00,3276901.82,,
2026-05-22 20:00:00,3247617.76,,
2026-05-22 21:00:00,3250205.77,,
2026-05-22 22:00:00,3243418.37,,
2026-05-22 23:00:00,3216660.84,,
2026-05-23 00:00:00,3181312.72,,
2026-05-23 01:00:00,3231816.88,,
2026-05-23 02:00:00,3252210.77,,
2026-05-23 03:00:00,3327499.45,,
2026-05-23 04:00:00,3366504.85,,
2026-05-23 05:00:00,3358514.56,,
2026-05-23 06:00:00,3362408.38,,
2026-05-23 07:00:00,3334019.52,,
2026-05-23 08:00:00,3248631.23,,
2026-05-23 09:00:00,3248420.28,,
2026-05-23 10:00:00,3157448.72,,
2026-05-23 11:00:00,3189440.87,,
2026-05-23 12:00:00,3228927.76,,
2026-05-23 13:00:00,3235962.55,,
2026-05-23 14:00:00,3241938.39,,
2026-05-23 15:00:00,3273752.46,,
2026-05-23 16:00:00,3284800.66,,
2026-05-23 17:00:00,3315062.34,,
2026-05-23 18:00:00,3401446.72,,
2026-05-23 19:00:00,3466084.55,,
2026-05-23 20:00:00,3454348.58,,
2026-05-23 21:00:00,3471720.05,,
2026-05-23 22:00:00,3443102.68,,
2026-05-23 23:00:00,3405622.15,,
2026-05-24 00:00:00,3394117.34,,
2026-05-24 01:00:00,3401268.56,,
2026-05-24 02:00:00,3393532.29,,
2026-05-24 03:00:00,3378434.66,,
2026-05-24 04:00:00,3359453.37,,
2026-05-24 05:00:00,3343405.23,,
2026-05-24 06:00:00,3282944.22,,
2026-05-24 07:00:00,3339661.95,,
2026-05-24 08:00:00,3366437.49,,
2026-05-24 09:00:00,3337902.16,,
2026-05-24 10:00:00,3324010.85,,
2026-05-24 11:00:00,3331881.03,,
2026-05-24 12:00:00,3310550.28,,
2026-05-24 13:00:00,3305841.50,,
2026-05-24 14:00:00,3307499.48,,
2026-05-24 15:00:00,3522558.03,,
2026-05-24 16:00:00,3370568.83,,
2026-05-24 17:00:00,3409040.28,,
2026-05-24 18:00:00,3399942.07,,
2026-05-24 19:00:00,3404541.57,,
2026-05-24 20:00:00,3388633.93,,
2026-05-24 21:00:00,3379443.11,,
2026-05-24 22:00:00,3340399.32,,
2026-05-24 23:00:00,3365484.27,,
2026-05-25 00:00:00,3378059.69,,
2026-05-25 01:00:00,3372131.40,,
2026-05-25 02:00:00,3361069.69,,
2026-05-25 03:00:00,3353498.39,,
2026-05-25 04:00:00,3340694.89,,
2026-05-25 05:00:00,3363321.96,,
2026-05-25 06:00:00,3355254.36,,
2026-05-25 07:00:00,3337393.96,,
2026-05-25 08:00:00,3338954.19,,
2026-05-25 09:00:00,3374609.01,,
2026-05-25 10:00:00,3392829.79,,
2026-05-25 11:00:00,3397006.38,,
2026-05-25 12:00:00,3345171.63,,
2026-05-25 13:00:00,3339275.20,,
2026-05-25 14:00:00,3319449.98,,
2026-05-25 15:00:00,3313787.04,,
2026-05-25 16:00:00,3283492.13,,
2026-05-25 17:00:00,3300417.32,,
2026-05-25 18:00:00,3287337.93,,
2026-05-25 19:00:00,3277399.53,,
2026-05-25 20:00:00,3247256.78,,
2026-05-25 21:00:00,3218098.96,,
2026-05-25 22:00:00,3236821.10,,
2026-05-25 23:00:00,3206728.39,,
2026-05-26 00:00:00,3202249.30,,
2026-05-26 01:00:00,3099994.50,,
2026-05-26 02:00:00,3051922.00,,
2026-05-26 03:00:00,3041918.05,,
2026-05-26 04:00:00,3080832.34,,
2026-05-26 05:00:00,3080783.79,,
2026-05-26 06:00:00,3101886.49,,
2026-05-26 07:00:00,3099287.63,,
2026-05-26 08:00:00,3102489.44,,
2026-05-26 09:00:00,3116029.96,,
2026-05-26 10:00:00,3114759.81,,
2026-05-26 11:00:00,3190339.24,,
2026-05-26 12:00:00,3162456.73,,
2026-05-26 13:00:00,3131065.59,,
2026-05-26 14:00:00,3135656.53,,
2026-05-26 15:00:00,3136719.78,,
2026-05-26 16:00:00,3091044.85,,
2026-05-26 17:00:00,3094973.80,,
2026-05-26 18:00:00,3025601.21,,
2026-05-26 19:00:00,3034839.95,,
2026-05-26 20:00:00,3059204.90,,
2026-05-26 21:00:00,3023374.75,,
2026-05-26 22:00:00,2984967.39,,
2026-05-26 23:00:00,2984369.01,,
2026-05-27 00:00:00,2993740.07,,
2026-05-27 01:00:00,3033316.73,,
2026-05-27 02:00:00,3002042.24,,
2026-05-27 03:00:00,3007727.68,,
2026-05-27 04:00:00,2978322.32,,
2026-05-27 05:00:00,2991061.16,,
2026-05-27 06:00:00,2998702.60,,
2026-05-27 07:00:00,2991906.13,,
2026-05-27 08:00:00,2991529.93,,
2026-05-27 09:00:00,2979723.38,,
2026-05-27 10:00:00,2969211.20,,
2026-05-27 11:00:00,2990811.06,,
2026-05-27 12:00:00,2994951.47,,
2026-05-27 13:00:00,3005881.67,,
2026-05-27 14:00:00,2986061.04,,
2026-05-27 15:00:00,3062220.33,,
2026-05-27 16:00:00,3098004.73,,
2026-05-27 17:00:00,3079816.08,,
2026-05-27 18:00:00,3049262.95,,
2026-05-27 19:00:00,3076306.45,,
2026-05-27 20:00:00,3063533.02,,
2026-05-27 21:00:00,3054130.83,,
2026-05-27 22:00:00,2946038.28,,
2026-05-27 23:00:00,2926476.02,,
2026-05-28 00:00:00,2909536.98,,
2026-05-28 01:00:00,2913527.90,,
2026-05-28 02:00:00,2835857.50,,
2026-05-28 03:00:00,2862661.92,,
2026-05-28 04:00:00,2644032.30,,
2026-05-28 05:00:00,2633655.44,,
2026-05-28 06:00:00,2770519.62,,
2026-05-28 07:00:00,2802484.79,,
2026-05-28 08:00:00,2818945.04,,
2026-05-28 09:00:00,2769026.85,,
2026-05-28 10:00:00,2781013.84,,
2026-05-28 11:00:00,2736862.84,,
2026-05-28 12:00:00,2718270.16,,
2026-05-28 13:00:00,2714528.04,,
2026-05-28 14:00:00,2697158.32,,
2026-05-28 15:00:00,2777742.21,,
2026-05-28 16:00:00,2739897.92,,
2026-05-28 17:00:00,2812917.59,,
2026-05-28 18:00:00,2788903.72,,
2026-05-28 19:00:00,2799925.38,,
2026-05-28 20:00:00,2774446.00,,
2026-05-28 21:00:00,2773277.25,,
2026-05-28 22:00:00,2745481.76,,
2026-05-28 23:00:00,2762534.12,,
2026-05-29 00:00:00,2768876.61,,
2026-05-29 01:00:00,2781495.20,,
2026-05-29 02:00:00,2744392.37,,
2026-05-29 03:00:00,2713040.06,,
2026-05-29 04:00:00,2715133.59,,
2026-05-29 05:00:00,2708006.36,,
2026-05-29 06:00:00,2707051.31,,
2026-05-29 07:00:00,2736538.07,,
2026-05-29 08:00:00,2765396.93,,
2026-05-29 09:00:00,2737371.31,,
2026-05-29 10:00:00,2757566.35,,
2026-05-29 11:00:00,2753221.98,,
2026-05-29 12:00:00,2721770.03,,
2026-05-29 13:00:00,2693848.20,,
2026-05-29 14:00:00,2695714.56,,
2026-05-29 15:00:00,2710503.03,,
2026-05-29 16:00:00,2786624.15,,
2026-05-29 17:00:00,2799637.80,,
2026-05-29 18:00:00,2787355.49,,
2026-05-29 19:00:00,2739112.11,,
2026-05-29 20:00:00,2727613.37,,
2026-05-29 21:00:00,2715852.10,,
2026-05-29 22:00:00,2685389.28,,
2026-05-29 23:00:00,2710144.67,,
2026-05-30 00:00:00,2738339.80,,
2026-05-30 01:00:00,2763062.21,,
2026-05-30 02:00:00,2785814.05,,
2026-05-30 03:00:00,2827658.57,,
2026-05-30 04:00:00,2826177.18,,
2026-05-30 05:00:00,2833683.10,,
2026-05-30 06:00:00,2860385.27,,
2026-05-30 07:00:00,2823355.87,,
2026-05-30 08:00:00,2808230.60,,
2026-05-30 09:00:00,2789774.97,,
2026-05-30 10:00:00,2803558.83,,
2026-05-30 11:00:00,2813689.90,,
2026-05-30 12:00:00,2807346.18,,
2026-05-30 13:00:00,2815733.94,,
2026-05-30 14:00:00,2841792.43,,
2026-05-30 15:00:00,2890249.75,,
2026-05-30 16:00:00,2891416.45,,
2026-05-30 17:00:00,2878395.73,,
2026-05-30 18:00:00,2906422.44,,
2026-05-30 19:00:00,2879312.80,,
2026-05-30 20:00:00,2950333.61,,
2026-05-30 21:00:00,3103727.91,,
2026-05-30 22:00:00,3228046.11,,
2026-05-30 23:00:00,3133231.19,,
2026-05-31 00:00:00,3178332.53,,
2026-05-31 01:00:00,3171421.21,,
2026-05-31 02:00:00,3134593.98,,
2026-05-31 03:00:00,3284422.16,,
2026-05-31 04:00:00,3405678.02,,
2026-05-31 05:00:00,3675300.51,,
2026-05-31 06:00:00,3264858.81,,
2026-05-31 07:00:00,3151441.12,,
2026-05-31 08:00:00,3095491.47,,
2026-05-31 09:00:00,3123539.13,,
2026-05-31 10:00:00,3112345.73,,
2026-05-31 11:00:00,3091387.38,,
2026-05-31 12:00:00,3108232.68,,
2026-05-31 13:00:00,3300232.28,,
2026-05-31 14:00:00,3264414.56,,
2026-05-31 15:00:00,3327295.67,,
2026-05-31 16:00:00,3217604.52,,
2026-05-31 17:00:00,3229616.41,,
2026-05-31 18:00:00,3299238.65,,
2026-05-31 19:00:00,3454093.76,,
2026-05-31 20:00:00,3366639.02,,
2026-05-31 21:00:00,3397310.34,,
2026-05-31 22:00:00,3411343.79,,
2026-05-31 23:00:00,3327499.61,,
2026-06-01 00:00:00,3290135.19,,
2026-06-01 01:00:00,3207785.72,,
2026-06-01 02:00:00,3093160.78,,
2026-06-01 03:00:00,3064860.63,,
2026-06-01 04:00:00,3045824.91,,
2026-06-01 05:00:00,3055930.10,,
2026-06-01 06:00:00,2920178.92,,
2026-06-01 07:00:00,2831131.08,,
2026-06-01 08:00:00,2719911.58,,
2026-06-01 09:00:00,2746463.77,,
2026-06-01 10:00:00,2671882.88,,
2026-06-01 11:00:00,2598409.66,,
2026-06-01 12:00:00,2514332.74,,
2026-06-01 13:00:00,2568557.38,,
2026-06-01 14:00:00,2578107.93,,
2026-06-01 15:00:00,2593027.82,,
2026-06-01 16:00:00,2638635.27,,
2026-06-01 17:00:00,2725692.58,,
2026-06-01 18:00:00,2700935.38,,
2026-06-01 19:00:00,2680674.36,,
2026-06-01 20:00:00,2675690.09,,
2026-06-01 21:00:00,2667648.09,,
2026-06-01 22:00:00,2643838.60,,
2026-06-01 23:00:00,2657542.24,,
2026-06-02 00:00:00,2663015.77,,
2026-06-02 01:00:00,2660746.77,,
2026-06-02 02:00:00,2640942.80,,
2026-06-02 03:00:00,2670743.99,,
2026-06-02 04:00:00,2636812.15,,
2026-06-02 05:00:00,2648955.62,,
2026-06-02 06:00:00,2631384.02,,
2026-06-02 07:00:00,2618129.13,,
2026-06-02 08:00:00,2655201.24,,
2026-06-02 09:00:00,2624632.99,,
2026-06-02 10:00:00,2598050.19,,
2026-06-02 11:00:00,2625287.36,,
2026-06-02 12:00:00,2606625.23,,
2026-06-02 13:00:00,2589120.78,,
2026-06-02 14:00:00,2617203.15,,
2026-06-02 15:00:00,2551876.05,,
2026-06-02 16:00:00,2486781.69,,
2026-06-02 17:00:00,2487544.00,,
2026-06-02 18:00:00,2484558.62,,
2026-06-02 19:00:00,2447976.06,,
2026-06-02 20:00:00,2435532.21,,
2026-06-02 21:00:00,2436912.84,,
2026-06-02 22:00:00,2459286.83,,
2026-06-02 23:00:00,2344728.98,,
2026-06-03 00:00:00,2330196.52,,
2026-06-03 01:00:00,2408129.54,,
2026-06-03 02:00:00,2384752.45,,
2026-06-03 03:00:00,2352371.22,,
2026-06-03 04:00:00,2328856.96,,
2026-06-03 05:00:00,2366264.80,,
2026-06-03 06:00:00,2383734.38,,
2026-06-03 07:00:00,2386447.29,,
2026-06-03 08:00:00,2429264.25,,
2026-06-03 09:00:00,2397155.33,,
2026-06-03 10:00:00,2385831.38,,
2026-06-03 11:00:00,2396157.22,,
2026-06-03 12:00:00,2376292.33,,
2026-06-03 13:00:00,2364324.06,,
2026-06-03 14:00:00,2362322.17,,
2026-06-03 15:00:00,2354140.69,,
2026-06-03 16:00:00,2324730.64,,
2026-06-03 17:00:00,2318868.21,,
2026-06-03 18:00:00,2340360.74,,
2026-06-03 19:00:00,2340401.85,,
2026-06-03 20:00:00,2328513.27,,
2026-06-03 21:00:00,2274493.07,,
2026-06-03 22:00:00,2342474.03,,
2026-06-03 23:00:00,2303040.29,,
2026-06-04 00:00:00,2301402.33,,
2026-06-04 01:00:00,2267153.32,,
2026-06-04 02:00:00,2165135.45,,
2026-06-04 03:00:00,2015613.84,,
2026-06-04 04:00:00,2137703.26,,
2026-06-04 05:00:00,2096308.68,,
2026-06-04 06:00:00,2068256.96,,
2026-06-04 07:00:00,2073767.27,,
2026-06-04 08:00:00,2001051.54,,
2026-06-04 09:00:00,1990381.01,,
2026-06-04 10:00:00,1939053.30,,
2026-06-04 11:00:00,1900198.66,,
2026-06-04 12:00:00,1894322.04,,
2026-06-04 13:00:00,1993641.78,,
2026-06-04 14:00:00,2004282.75,,
2026-06-04 15:00:00,2003633.46,,
2026-06-04 16:00:00,1997232.44,,
2026-06-04 17:00:00,1977743.21,,
2026-06-04 18:00:00,1966720.35,,
2026-06-04 19:00:00,1995560.94,,
2026-06-04 20:00:00,1970270.83,,
2026-06-04 21:00:00,1961857.24,,
2026-06-04 22:00:00,1898239.17,,
2026-06-04 23:00:00,1922159.60,,
2026-06-05 00:00:00,1935404.21,,
2026-06-05 01:00:00,1916429.27,,
2026-06-05 02:00:00,1921494.84,,
2026-06-05 03:00:00,1861871.63,,
2026-06-05 04:00:00,1868388.94,,
2026-06-05 05:00:00,1897943.74,,
2026-06-05 06:00:00,1830707.06,,
2026-06-05 07:00:00,1770923.02,,
2026-06-05 08:00:00,1803975.25,,
2026-06-05 09:00:00,1768889.27,,
2026-06-05 10:00:00,1820632.47,,
2026-06-05 11:00:00,1789738.28,,
2026-06-05 12:00:00,1765871.94,,
2026-06-05 13:00:00,1776101.82,,
2026-06-05 14:00:00,1733591.84,,
2026-06-05 15:00:00,1769403.84,,
2026-06-05 16:00:00,1742482.18,,
2026-06-05 17:00:00,1803262.37,,
2026-06-05 18:00:00,1762435.69,,
2026-06-05 19:00:00,1701636.60,,
2026-06-05 20:00:00,1762278.68,,
2026-06-05 21:00:00,1809632.99,,
2026-06-05 22:00:00,1816154.80,,
2026-06-05 23:00:00,1808997.48,,
2026-06-06 00:00:00,1813658.35,,
2026-06-06 01:00:00,1842949.51,,
2026-06-06 02:00:00,1829235.20,,
2026-06-06 03:00:00,1808041.72,,
2026-06-06 04:00:00,1803456.15,,
2026-06-06 05:00:00,1739745.83,,
2026-06-06 06:00:00,1813054.97,,
2026-06-06 07:00:00,1778797.95,,
2026-06-06 08:00:00,1793348.76,,
2026-06-06 09:00:00,1808860.79,,
2026-06-06 10:00:00,1801583.72,,
2026-06-06 11:00:00,1783305.91,,
2026-06-06 12:00:00,1786129.59,,
2026-06-06 13:00:00,1808466.74,,
2026-06-06 14:00:00,1795582.11,,
2026-06-06 15:00:00,1796259.04,,
2026-06-06 16:00:00,1782597.13,,
2026-06-06 17:00:00,1775484.23,,
2026-06-06 18:00:00,1761915.57,,
2026-06-06 19:00:00,1783599.61,,
2026-06-06 20:00:00,1805128.96,,
2026-06-06 21:00:00,1785629.67,,
2026-06-06 22:00:00,1782459.02,,
2026-06-06 23:00:00,1770021.13,,
2026-06-07 00:00:00,1776893.45,,
2026-06-07 01:00:00,1775257.36,,
2026-06-07 02:00:00,1827772.08,,
2026-06-07 03:00:00,1812550.13,,
2026-06-07 04:00:00,1815578.84,,
2026-06-07 05:00:00,1811247.89,,
2026-06-07 06:00:00,1818698.41,,
2026-06-07 07:00:00,1807920.20,,
2026-06-07 08:00:00,1811841.55,,
2026-06-07 09:00:00,1826160.94,,
2026-06-07 10:00:00,1834542.06,,
2026-06-07 11:00:00,1817051.60,,
2026-06-07 12:00:00,1854990.25,,
2026-06-07 13:00:00,1823860.81,,
2026-06-07 14:00:00,1815859.71,,
2026-06-07 15:00:00,1809054.09,,
2026-06-07 16:00:00,1797780.05,,
2026-06-07 17:00:00,1825091.15,,
2026-06-07 18:00:00,1899776.96,,
2026-06-07 19:00:00,1866369.88,,
2026-06-07 20:00:00,1810876.84,,
2026-06-07 21:00:00,1854454.85,,
2026-06-07 22:00:00,1844210.69,,
2026-06-07 23:00:00,1930630.22,,
2026-06-08 00:00:00,1889459.59,,
2026-06-08 01:00:00,1887000.31,,
2026-06-08 02:00:00,1850537.88,,
2026-06-08 03:00:00,1856452.15,,
2026-06-08 04:00:00,1855442.88,,
2026-06-08 05:00:00,1820444.49,,
2026-06-08 06:00:00,1820382.49,,
2026-06-08 07:00:00,1849980.96,,
2026-06-08 08:00:00,1974293.54,,
2026-06-08 09:00:00,2099787.77,,
2026-06-08 10:00:00,2074508.62,,
2026-06-08 11:00:00,2030354.30,,
2026-06-08 12:00:00,2093120.64,,
2026-06-08 13:00:00,2068968.80,,
2026-06-08 14:00:00,2092144.00,,
2026-06-08 15:00:00,2294704.59,,
2026-06-08 16:00:00,2342515.92,,
2026-06-08 17:00:00,2498946.51,,
2026-06-08 18:00:00,2682069.87,,
2026-06-08 19:00:00,2731300.59,,
2026-06-08 20:00:00,2710131.19,,
2026-06-08 21:00:00,2730940.47,,
2026-06-08 22:00:00,2599538.01,,
2026-06-08 23:00:00,2456914.48,,
2026-06-09 00:00:00,2401087.16,,
2026-06-09 01:00:00,2367563.70,,
2026-06-09 02:00:00,2357063.60,,
2026-06-09 03:00:00,2250214.36,,
2026-06-09 04:00:00,2222054.53,,
2026-06-09 05:00:00,2201922.95,,
2026-06-09 06:00:00,2205399.87,,
2026-06-09 07:00:00,2304692.27,,
2026-06-09 08:00:00,2237267.41,,
2026-06-09 09:00:00,2174211.39,,
2026-06-09 10:00:00,2147206.51,,
2026-06-09 11:00:00,2184156.58,,
2026-06-09 12:00:00,2175786.82,,
2026-06-09 13:00:00,2137173.90,,
2026-06-09 14:00:00,2061909.41,,
2026-06-09 15:00:00,2037465.40,,
2026-06-09 16:00:00,2018254.25,,
2026-06-09 17:00:00,1986107.40,,
2026-06-09 18:00:00,2026640.85,,
2026-06-09 19:00:00,2006959.32,,
2026-06-09 20:00:00,1997009.73,,
2026-06-09 21:00:00,1997202.68,,
2026-06-09 22:00:00,1966754.72,,
2026-06-09 23:00:00,1949121.04,,
2026-06-10 00:00:00,1954619.34,,
2026-06-10 01:00:00,1978759.85,,
2026-06-10 02:00:00,1999286.01,,
2026-06-10 03:00:00,1968730.63,,
2026-06-10 04:00:00,1955273.62,,
2026-06-10 05:00:00,1949461.50,,
2026-06-10 06:00:00,1938051.16,,
2026-06-10 07:00:00,1926003.06,,
2026-06-10 08:00:00,1933075.37,,
2026-06-10 09:00:00,1888441.60,,
2026-06-10 10:00:00,1909017.88,,
2026-06-10 11:00:00,1914948.95,,
2026-06-10 12:00:00,1885169.62,,
2026-06-10 13:00:00,1912946.23,,
2026-06-10 14:00:00,1947406.38,,
2026-06-10 15:00:00,1925307.09,,
2026-06-10 16:00:00,1930428.99,,
2026-06-10 17:00:00,1929149.73,,
2026-06-10 18:00:00,1958336.56,,
2026-06-10 19:00:00,1966401.15,,
2026-06-10 20:00:00,1932338.60,,
2026-06-10 21:00:00,1911905.38,,
2026-06-10 22:00:00,1865135.11,,
2026-06-10 23:00:00,1889210.55,,
2026-06-11 00:00:00,1960279.76,,
2026-06-11 01:00:00,1991634.56,,
2026-06-11 02:00:00,2003540.52,,
2026-06-11 03:00:00,1996638.85,,
2026-06-11 04:00:00,2024317.21,,
2026-06-11 05:00:00,2015865.22,,
2026-06-11 06:00:00,1998161.09,,
2026-06-11 07:00:00,1982449.09,,
2026-06-11 08:00:00,1979835.54,,
2026-06-11 09:00:00,1990401.36,,
2026-06-11 10:00:00,1972932.40,,
2026-06-11 11:00:00,1972188.45,,
2026-06-11 12:00:00,1978820.00,,
2026-06-11 13:00:00,1966049.75,,
2026-06-11 14:00:00,2013039.50,,
2026-06-11 15:00:00,1961316.19,,
2026-06-11 16:00:00,1985834.92,,
2026-06-11 17:00:00,1962061.60,,
2026-06-11 18:00:00,2041768.40,,
2026-06-11 19:00:00,2010987.56,,
2026-06-11 20:00:00,2022208.14,,
2026-06-11 21:00:00,2066643.18,,
2026-06-11 22:00:00,2069030.61,,
2026-06-11 23:00:00,2031709.93,,
2026-06-12 00:00:00,2107157.66,,
2026-06-12 01:00:00,2092015.02,,
2026-06-12 02:00:00,2133938.65,,
2026-06-12 03:00:00,2139257.94,,
2026-06-12 04:00:00,2098643.97,,
2026-06-12 05:00:00,2079745.06,,
2026-06-12 06:00:00,2056208.16,,
2026-06-12 07:00:00,2044242.60,,
2026-06-12 08:00:00,2039755.49,,
2026-06-12 09:00:00,2068716.70,,
2026-06-12 10:00:00,2100280.88,,
2026-06-12 11:00:00,2095777.41,,
2026-06-12 12:00:00,2054325.46,,
2026-06-12 13:00:00,2158513.40,,
2026-06-12 14:00:00,2208768.91,,
2026-06-12 15:00:00,2288553.05,,
2026-06-12 16:00:00,2443110.65,,
2026-06-12 17:00:00,2264986.28,,
2026-06-12 18:00:00,2234251.28,,
2026-06-12 19:00:00,2203328.32,,
2026-06-12 20:00:00,2291723.67,,
2026-06-12 21:00:00,2326556.46,,
2026-06-12 22:00:00,2329079.41,,
2026-06-12 23:00:00,2347663.95,,
2026-06-13 00:00:00,2369445.41,,
2026-06-13 01:00:00,2331375.05,,
2026-06-13 02:00:00,2353087.95,,
2026-06-13 03:00:00,2319083.68,,
2026-06-13 04:00:00,2271420.30,,
2026-06-13 05:00:00,2220903.41,,
2026-06-13 06:00:00,2086822.29,,
2026-06-13 07:00:00,2024607.92,,
2026-06-13 08:00:00,2064818.16,,
2026-06-13 09:00:00,2027750.21,,
2026-06-13 10:00:00,2167889.03,,
2026-06-13 11:00:00,2203158.52,,
2026-06-13 12:00:00,2181424.46,,
2026-06-13 13:00:00,2157904.29,,
2026-06-13 14:00:00,2171286.62,,
2026-06-13 15:00:00,2171842.56,,
2026-06-13 16:00:00,2215976.07,,
2026-06-13 17:00:00,2184551.15,,
2026-06-13 18:00:00,2178166.37,,
2026-06-13 19:00:00,2156684.17,,
2026-06-13 20:00:00,2158039.92,,
2026-06-13 21:00:00,2149857.33,,
2026-06-13 22:00:00,2148865.59,,
2026-06-13 23:00:00,2115988.04,,
2026-06-14 00:00:00,2123545.78,,
2026-06-14 01:00:00,2114036.79,,
2026-06-14 02:00:00,2116854.08,,
2026-06-14 03:00:00,2165103.40,,
2026-06-14 04:00:00,2149497.45,,
2026-06-14 05:00:00,2179964.78,,
2026-06-14 06:00:00,2143515.67,,
2026-06-14 07:00:00,2190940.71,,
2026-06-14 08:00:00,2126142.10,,
2026-06-14 09:00:00,2116724.65,,
2026-06-14 10:00:00,2143120.72,,
2026-06-14 11:00:00,2119741.45,,
2026-06-14 12:00:00,2106075.05,,
2026-06-14 13:00:00,2082832.97,,
2026-06-14 14:00:00,2088055.73,,
2026-06-14 15:00:00,2074042.61,,
2026-06-14 16:00:00,2065041.81,,
2026-06-14 17:00:00,2056003.25,,
2026-06-14 18:00:00,2041497.00,,
2026-06-14 19:00:00,2021129.43,,
2026-06-14 20:00:00,2006631.56,,
2026-06-14 21:00:00,2011956.25,,
2026-06-14 22:00:00,2113589.45,,
2026-06-14 23:00:00,2100178.35,,
2026-06-15 00:00:00,2100436.40,,
2026-06-15 01:00:00,2115983.15,,
2026-06-15 02:00:00,2096547.85,,
2026-06-15 03:00:00,2122243.09,,
2026-06-15 04:00:00,2111914.92,,
2026-06-15 05:00:00,2116150.50,,
2026-06-15 06:00:00,2081471.89,,
2026-06-15 07:00:00,2099349.66,,
2026-06-15 08:00:00,2088723.01,,
2026-06-15 09:00:00,2112083.25,,
2026-06-15 10:00:00,2153066.45,,
2026-06-15 11:00:00,2205035.22,,
2026-06-15 12:00:00,2219136.98,,
2026-06-15 13:00:00,2197719.86,,
2026-06-15 14:00:00,2203302.79,,
2026-06-15 15:00:00,2260768.54,,
2026-06-15 16:00:00,2228578.76,,
2026-06-15 17:00:00,2210330.91,,
2026-06-15 18:00:00,2198128.63,,
2026-06-15 19:00:00,2179959.45,,
2026-06-15 20:00:00,2150358.26,,
2026-06-15 21:00:00,2153696.06,,
2026-06-15 22:00:00,2174030.25,,
2026-06-15 23:00:00,2131575.47,,
2026-06-16 00:00:00,2137630.30,,
2026-06-16 01:00:00,2125986.00,,
2026-06-16 02:00:00,2113872.66,,
2026-06-16 03:00:00,2092506.16,,
2026-06-16 04:00:00,2148030.71,,
2026-06-16 05:00:00,2096804.80,,
2026-06-16 06:00:00,2122103.02,,
2026-06-16 07:00:00,2140328.21,,
2026-06-16 08:00:00,2174001.24,,
2026-06-16 09:00:00,2211635.69,,
2026-06-16 10:00:00,2193065.18,,
2026-06-16 11:00:00,2166438.29,,
2026-06-16 12:00:00,2179533.48,,
2026-06-16 13:00:00,2193185.82,,
2026-06-16 14:00:00,2159316.58,,
2026-06-16 15:00:00,2132291.17,,
2026-06-16 16:00:00,2159927.26,,
2026-06-16 17:00:00,2150334.07,,
2026-06-16 18:00:00,2161416.90,,
2026-06-16 19:00:00,2167600.86,,
2026-06-16 20:00:00,2145790.81,,
2026-06-16 21:00:00,2162708.33,,
2026-06-16 22:00:00,2138618.31,,
2026-06-16 23:00:00,2152301.89,,
2026-06-17 00:00:00,2192228.34,,
2026-06-17 01:00:00,2158463.97,,
2026-06-17 02:00:00,2161830.74,,
2026-06-17 03:00:00,2131706.02,,
2026-06-17 04:00:00,2125812.58,,
2026-06-17 05:00:00,2113429.11,,
2026-06-17 06:00:00,2107901.82,,
2026-06-17 07:00:00,2118067.99,,
2026-06-17 08:00:00,2137246.94,,
2026-06-17 09:00:00,2118184.23,,
2026-06-17 10:00:00,2104973.23,,
2026-06-17 11:00:00,2101102.49,,
2026-06-17 12:00:00,2118131.40,,
2026-06-17 13:00:00,2148106.53,,
2026-06-17 14:00:00,2156824.35,,
2026-06-17 15:00:00,2150855.85,,
2026-06-17 16:00:00,2191293.85,,
2026-06-17 17:00:00,2227738.66,,
2026-06-17 18:00:00,2256797.92,,
2026-06-17 19:00:00,2258652.36,,
2026-06-17 20:00:00,2229535.37,,
2026-06-17 21:00:00,2281783.37,,
2026-06-17 22:00:00,2339596.41,,
2026-06-17 23:00:00,2324642.26,,
2026-06-18 00:00:00,2380043.00,,
2026-06-18 01:00:00,2317475.36,,
2026-06-18 02:00:00,2287133.99,,
2026-06-18 03:00:00,2240964.40,,
2026-06-18 04:00:00,2237897.40,,
2026-06-18 05:00:00,2203415.91,,
2026-06-18 06:00:00,2231688.70,,
2026-06-18 07:00:00,2252994.12,,
2026-06-18 08:00:00,2291147.90,,
2026-06-18 09:00:00,2253586.54,,
2026-06-18 10:00:00,2251632.31,,
2026-06-18 11:00:00,2207201.84,,
2026-06-18 12:00:00,2171765.61,,
2026-06-18 13:00:00,2169156.30,,
2026-06-18 14:00:00,2126736.13,,
2026-06-18 15:00:00,2158455.68,,
2026-06-18 16:00:00,2015965.50,,
2026-06-18 17:00:00,2081902.24,,
2026-06-18 18:00:00,2069091.88,,
2026-06-18 19:00:00,2089120.31,,
2026-06-18 20:00:00,2081540.23,,
2026-06-18 21:00:00,2093641.19,,
2026-06-18 22:00:00,2086100.99,,
2026-06-18 23:00:00,2106779.32,,
2026-06-19 00:00:00,2117789.41,,
2026-06-19 01:00:00,2161580.75,,
2026-06-19 02:00:00,2222121.04,,
2026-06-19 03:00:00,2170255.42,,
2026-06-19 04:00:00,2134954.37,,
2026-06-19 05:00:00,2100140.23,,
2026-06-19 06:00:00,2119794.95,,
2026-06-19 07:00:00,2098115.81,,
2026-06-19 08:00:00,2085078.73,,
2026-06-19 09:00:00,2079894.64,,
2026-06-19 10:00:00,2040966.88,,
2026-06-19 11:00:00,2051317.03,,
2026-06-19 12:00:00,2033560.24,,
2026-06-19 13:00:00,2056604.10,,
2026-06-19 14:00:00,2072664.68,,
2026-06-19 15:00:00,2077399.47,,
2026-06-19 16:00:00,2096343.49,,
2026-06-19 17:00:00,2042337.11,,
2026-06-19 18:00:00,2072107.20,,
2026-06-19 19:00:00,2045531.01,,
2026-06-19 20:00:00,2030148.19,,
2026-06-19 21:00:00,2044927.32,,
2026-06-19 22:00:00,2009789.89,,
2026-06-19 23:00:00,2000990.03,,
2026-06-20 00:00:00,2005756.32,,
2026-06-20 01:00:00,2006623.44,,
2026-06-20 02:00:00,2003933.83,,
2026-06-20 03:00:00,1998048.53,,
2026-06-20 04:00:00,2000589.22,,
2026-06-20 05:00:00,2016216.94,,
2026-06-20 06:00:00,2054094.95,,
2026-06-20 07:00:00,2057127.08,,
2026-06-20 08:00:00,2045211.06,,
2026-06-20 09:00:00,2053331.63,,
2026-06-20 10:00:00,2055488.83,,
2026-06-20 11:00:00,2036953.44,,
2026-06-20 12:00:00,2015938.30,,
2026-06-20 13:00:00,2022676.16,,
2026-06-20 14:00:00,1986419.08,,
2026-06-20 15:00:00,1992735.66,,
2026-06-20 16:00:00,2004269.19,,
2026-06-20 17:00:00,2004300.15,,
2026-06-20 18:00:00,2010065.26,,
2026-06-20 19:00:00,1999205.12,,
2026-06-20 20:00:00,2002854.64,,
2026-06-20 21:00:00,2006634.88,,
2026-06-20 22:00:00,1994114.42,,
2026-06-20 23:00:00,2015311.79,,
2026-06-21 00:00:00,2012608.05,,
2026-06-21 01:00:00,2007375.93,,
2026-06-21 02:00:00,2009711.50,,
2026-06-21 03:00:00,2000453.35,,
2026-06-21 04:00:00,1990045.08,,
2026-06-21 05:00:00,1975967.43,,
2026-06-21 06:00:00,1963916.09,,
2026-06-21 07:00:00,1988000.21,,
2026-06-21 08:00:00,1990391.85,,
2026-06-21 09:00:00,2007057.71,,
2026-06-21 10:00:00,2016726.28,,
2026-06-21 11:00:00,2014598.67,,
2026-06-21 12:00:00,1953184.06,,
2026-06-21 13:00:00,1989029.95,,
2026-06-21 14:00:00,2001129.94,,
2026-06-21 15:00:00,2012568.15,,
2026-06-21 16:00:00,2024959.02,,
2026-06-21 17:00:00,2083871.30,,
2026-06-21 18:00:00,2196467.75,,
2026-06-21 19:00:00,2181296.49,,
2026-06-21 20:00:00,2115047.18,,
2026-06-21 21:00:00,2101306.35,,
2026-06-21 22:00:00,2067737.42,,
2026-06-21 23:00:00,2034456.93,,
2026-06-22 00:00:00,2008985.43,,
2026-06-22 01:00:00,2040459.06,,
2026-06-22 02:00:00,2112356.99,,
2026-06-22 03:00:00,2056053.03,,
2026-06-22 04:00:00,2045361.16,,
2026-06-22 05:00:00,2069794.39,,
2026-06-22 06:00:00,2048156.88,,
2026-06-22 07:00:00,2032433.23,,
2026-06-22 08:00:00,2032796.23,,
2026-06-22 09:00:00,2016878.61,,
2026-06-22 10:00:00,2008798.16,,
2026-06-22 11:00:00,2008065.41,,
2026-06-22 12:00:00,2024817.70,,
2026-06-22 13:00:00,1996670.26,,
2026-06-22 14:00:00,2002050.78,,
2026-06-22 15:00:00,1985330.66,,
2026-06-22 16:00:00,1978302.10,,
2026-06-22 17:00:00,1971110.61,,
2026-06-22 18:00:00,1991630.65,,
2026-06-22 19:00:00,1957784.20,,
2026-06-22 20:00:00,1953707.27,,
2026-06-22 21:00:00,1951991.06,,
2026-06-22 22:00:00,1925951.43,,
2026-06-22 23:00:00,1908883.09,,
2026-06-23 00:00:00,1931858.67,,
2026-06-23 01:00:00,1960788.28,,
2026-06-23 02:00:00,1946753.56,,
2026-06-23 03:00:00,1955292.21,,
2026-06-23 04:00:00,1953161.40,,
2026-06-23 05:00:00,1955067.48,,
2026-06-23 06:00:00,1935252.22,,
2026-06-23 07:00:00,1914187.21,,
2026-06-23 08:00:00,1902708.22,,
2026-06-23 09:00:00,1879123.84,,
2026-06-23 10:00:00,1859663.34,,
2026-06-23 11:00:00,1865118.87,,
2026-06-23 12:00:00,1871933.85,,
2026-06-23 13:00:00,1864137.41,,
2026-06-23 14:00:00,1881855.02,,
2026-06-23 15:00:00,1868924.58,,
2026-06-23 16:00:00,1866400.79,,
2026-06-23 17:00:00,1859951.01,,
2026-06-23 18:00:00,1862122.59,,
2026-06-23 19:00:00,1868244.60,,
2026-06-23 20:00:00,1908793.34,,
2026-06-23 21:00:00,1925962.14,,
2026-06-23 22:00:00,1935199.20,,
2026-06-23 23:00:00,1937035.89,,
2026-06-24 00:00:00,1945213.26,,
2026-06-24 01:00:00,1925804.52,,
2026-06-24 02:00:00,1919829.93,,
2026-06-24 03:00:00,1912662.98,,
2026-06-24 04:00:00,1907668.64,,
2026-06-24 05:00:00,1897595.22,,
2026-06-24 06:00:00,1898167.11,,
2026-06-24 07:00:00,1892168.31,,
2026-06-24 08:00:00,1897890.48,,
2026-06-24 09:00:00,1906247.36,,
2026-06-24 10:00:00,1889883.23,,
2026-06-24 11:00:00,1886317.30,,
2026-06-24 12:00:00,1904489.36,,
2026-06-24 13:00:00,1879953.21,,
2026-06-24 14:00:00,1849975.50,,
2026-06-24 15:00:00,1902988.53,,
2026-06-24 16:00:00,1939914.52,,
2026-06-24 17:00:00,1765075.66,,
2026-06-24 18:00:00,1665508.61,,
2026-06-24 19:00:00,1672707.29,,
2026-06-24 20:00:00,1681187.62,,
2026-06-24 21:00:00,1754915.80,,
2026-06-24 22:00:00,1776187.27,,
2026-06-24 23:00:00,1796180.14,,
2026-06-25 00:00:00,1788052.47,,
2026-06-25 01:00:00,1771293.96,,
2026-06-25 02:00:00,1772619.19,,
2026-06-25 03:00:00,1773321.60,,
2026-06-25 04:00:00,1757137.60,,
2026-06-25 05:00:00,1767162.21,,
2026-06-25 06:00:00,1770870.91,,
2026-06-25 07:00:00,1754907.50,,
2026-06-25 08:00:00,1768736.31,,
2026-06-25 09:00:00,1759986.62,,
2026-06-25 10:00:00,1768213.90,,
2026-06-25 11:00:00,1777436.69,,
2026-06-25 12:00:00,1768160.99,,
2026-06-25 13:00:00,1805884.67,,
2026-06-25 14:00:00,1615162.17,,
2026-06-25 15:00:00,1685704.62,,
2026-06-25 16:00:00,1689571.51,,
2026-06-25 17:00:00,1688573.81,,
2026-06-25 18:00:00,1692570.27,,
2026-06-25 19:00:00,1677406.25,,
2026-06-25 20:00:00,1685739.74,,
2026-06-25 21:00:00,1678437.20,,
2026-06-25 22:00:00,1714905.28,,
2026-06-25 23:00:00,1703549.36,,
2026-06-26 00:00:00,1692221.75,,
2026-06-26 01:00:00,1701685.87,,
2026-06-26 02:00:00,1689770.51,,
2026-06-26 03:00:00,1652846.02,,
2026-06-26 04:00:00,1734764.61,,
2026-06-26 05:00:00,1716289.03,,
2026-06-26 06:00:00,1728349.95,,
2026-06-26 07:00:00,1755647.41,,
2026-06-26 08:00:00,1767211.76,,
2026-06-26 09:00:00,1800967.72,,
2026-06-26 10:00:00,1798896.98,,
2026-06-26 11:00:00,1821365.83,,
2026-06-26 12:00:00,1842730.57,,
2026-06-26 13:00:00,1845134.96,,
2026-06-26 14:00:00,1883246.02,,
2026-06-26 15:00:00,1900096.24,,
2026-06-26 16:00:00,1947075.08,,
2026-06-26 17:00:00,1927179.49,,
2026-06-26 18:00:00,1915496.18,,
2026-06-26 19:00:00,1899874.60,,
2026-06-26 20:00:00,1894377.42,,
2026-06-26 21:00:00,1901435.95,,
2026-06-26 22:00:00,1892729.63,,
2026-06-26 23:00:00,1872940.58,,
2026-06-27 00:00:00,1860610.79,,
2026-06-27 01:00:00,1865097.83,,
2026-06-27 02:00:00,1847949.89,,
2026-06-27 03:00:00,1855708.57,,
2026-06-27 04:00:00,1861452.55,,
2026-06-27 05:00:00,1853693.18,,
2026-06-27 06:00:00,1848870.08,,
2026-06-27 07:00:00,1831794.42,,
2026-06-27 08:00:00,1830680.20,,
2026-06-27 09:00:00,1846481.24,,
2026-06-27 10:00:00,1859715.80,,
2026-06-27 11:00:00,1852548.97,,
2026-06-27 12:00:00,1847640.15,,
2026-06-27 13:00:00,1827204.31,,
2026-06-27 14:00:00,1838842.45,,
2026-06-27 15:00:00,1864965.06,,
2026-06-27 16:00:00,1877313.11,,
2026-06-27 17:00:00,1860731.51,,
2026-06-27 18:00:00,1850065.34,,
2026-06-27 19:00:00,1854774.26,,
2026-06-27 20:00:00,1846111.55,,
2026-06-27 21:00:00,1849538.97,,
2026-06-27 22:00:00,1838924.70,,
2026-06-27 23:00:00,1836680.92,,
2026-06-28 00:00:00,1825024.66,,
2026-06-28 01:00:00,1808223.67,,
2026-06-28 02:00:00,1816872.64,,
2026-06-28 03:00:00,1813492.75,,
2026-06-28 04:00:00,1843972.69,,
2026-06-28 05:00:00,1837300.05,,
2026-06-28 06:00:00,1819029.67,,
2026-06-28 07:00:00,1801433.00,,
2026-06-28 08:00:00,1815437.54,,
2026-06-28 09:00:00,1809605.84,,
2026-06-28 10:00:00,1803943.17,,
2026-06-28 11:00:00,1819418.20,,
2026-06-28 12:00:00,1851461.79,,
2026-06-28 13:00:00,1846965.99,,
2026-06-28 14:00:00,1899037.62,,
2026-06-28 15:00:00,1900598.13,,
2026-06-28 16:00:00,1907731.68,,
2026-06-28 17:00:00,1889689.76,,
2026-06-28 18:00:00,1890727.52,,
2026-06-28 19:00:00,1880119.49,,
2026-06-28 20:00:00,1868435.25,,
2026-06-28 21:00:00,1854445.68,,
2026-06-28 22:00:00,1845519.38,,
2026-06-28 23:00:00,1842386.00,,
2026-06-29 00:00:00,1857363.36,,
2026-06-29 01:00:00,1866780.01,,
2026-06-29 02:00:00,1854653.98,,
2026-06-29 03:00:00,1890663.08,,
2026-06-29 04:00:00,1892352.37,,
2026-06-29 05:00:00,1841562.60,,
2026-06-29 06:00:00,1875019.70,,
2026-06-29 07:00:00,1946323.24,,
2026-06-29 08:00:00,1925564.15,,
2026-06-29 09:00:00,1926860.36,,
2026-06-29 10:00:00,1917723.63,,
2026-06-29 11:00:00,1985601.72,,
2026-06-29 12:00:00,1944101.10,,
2026-06-29 13:00:00,1979805.36,,
2026-06-29 14:00:00,1974037.63,,
2026-06-29 15:00:00,1961525.21,,
2026-06-29 16:00:00,1970458.86,,
2026-06-29 17:00:00,1943008.62,,
2026-06-29 18:00:00,1944046.39,,
2026-06-29 19:00:00,1928133.04,,
2026-06-29 20:00:00,1926398.20,,
2026-06-29 21:00:00,1908183.59,,
2026-06-29 22:00:00,1900654.44,,
2026-06-29 23:00:00,1884956.62,,
2026-06-30 00:00:00,1885139.02,,
2026-06-30 01:00:00,1868827.88,,
2026-06-30 02:00:00,1854081.89,,
2026-06-30 03:00:00,1849708.23,,
2026-06-30 04:00:00,1872695.77,,
2026-06-30 05:00:00,1891972.33,,
2026-06-30 06:00:00,1899924.78,,
2026-06-30 07:00:00,1913117.01,,
2026-06-30 08:00:00,1947870.17,,
2026-06-30 09:00:00,1937152.84,,
2026-06-30 10:00:00,2014178.62,,
2026-06-30 11:00:00,2012911.23,,
2026-06-30 12:00:00,2051962.11,,
2026-06-30 13:00:00,1990888.83,,
2026-06-30 14:00:00,2033813.94,,
2026-06-30 15:00:00,2016831.10,,
2026-06-30 16:00:00,1996384.54,,
2026-06-30 17:00:00,1976973.91,,
2026-06-30 18:00:00,1919237.85,,
2026-06-30 19:00:00,1937277.67,,
2026-06-30 20:00:00,1927234.94,,
2026-06-30 21:00:00,1896117.21,,
2026-06-30 22:00:00,1886797.71,,
2026-06-30 23:00:00,1901199.57,,
2026-07-01 00:00:00,1927159.10,,
2026-07-01 01:00:00,1959571.89,,
2026-07-01 02:00:00,1882184.33,,
2026-07-01 03:00:00,1895886.34,,
2026-07-01 04:00:00,1931988.85,,
2026-07-01 05:00:00,1916836.58,,
2026-07-01 06:00:00,1942165.28,,
2026-07-01 07:00:00,1923365.18,,
2026-07-01 08:00:00,1923802.29,,
2026-07-01 09:00:00,1911625.64,,
2026-07-01 10:00:00,1904147.13,,
2026-07-01 11:00:00,1990667.95,,
2026-07-01 12:00:00,1957612.52,,
2026-07-01 13:00:00,1957294.52,,
2026-07-01 14:00:00,1964296.65,,
2026-07-01 15:00:00,1992634.55,,
2026-07-01 16:00:00,2015409.12,,
2026-07-01 17:00:00,2005670.21,,
2026-07-01 18:00:00,1989859.38,,
2026-07-01 19:00:00,1966796.32,,
2026-07-01 20:00:00,1935556.98,,
2026-07-01 21:00:00,1946819.52,,
2026-07-01 22:00:00,2014396.06,,
2026-07-01 23:00:00,2014618.48,,
2026-07-02 00:00:00,1993831.41,,
2026-07-02 01:00:00,2007506.46,,
2026-07-02 02:00:00,1997941.20,,
2026-07-02 03:00:00,2016012.65,,
2026-07-02 04:00:00,2032803.13,,
2026-07-02 05:00:00,2027779.99,,
2026-07-02 06:00:00,2002355.33,,
2026-07-02 07:00:00,1972129.95,,
2026-07-02 08:00:00,1984392.24,,
2026-07-02 09:00:00,1979003.21,,
2026-07-02 10:00:00,2007777.74,,
2026-07-02 11:00:00,2010734.80,,
2026-07-02 12:00:00,2015647.51,,
2026-07-02 13:00:00,2017448.13,,
2026-07-02 14:00:00,2010983.95,,
2026-07-02 15:00:00,2025395.51,,
2026-07-02 16:00:00,2037125.25,,
2026-07-02 17:00:00,2004971.42,,
2026-07-02 18:00:00,2016532.88,,
2026-07-02 19:00:00,2041078.43,,
2026-07-02 20:00:00,2064184.30,,
2026-07-02 21:00:00,2051443.52,,
2026-07-02 22:00:00,2029131.91,,
2026-07-02 23:00:00,2028242.88,,
2026-07-03 00:00:00,1999950.19,,
2026-07-03 01:00:00,2012491.76,,
2026-07-03 02:00:00,2043395.12,,
2026-07-03 03:00:00,2036639.33,,
2026-07-03 04:00:00,2031465.53,,
2026-07-03 05:00:00,2024751.80,,
2026-07-03 06:00:00,2049554.84,,
2026-07-03 07:00:00,2034549.57,,
2026-07-03 08:00:00,2041125.90,,
2026-07-03 09:00:00,2044272.12,,
2026-07-03 10:00:00,2044124.66,,
2026-07-03 11:00:00,2044077.24,,
2026-07-03 12:00:00,2039010.70,,
2026-07-03 13:00:00,2156053.30,,
2026-07-03 14:00:00,2074136.59,,
2026-07-03 15:00:00,2088347.23,,
2026-07-03 16:00:00,2105328.92,,
2026-07-03 17:00:00,2089617.56,,
2026-07-03 18:00:00,2068251.06,,
2026-07-03 19:00:00,2038738.28,,
2026-07-03 20:00:00,2060673.94,,
2026-07-03 21:00:00,2064661.68,,
2026-07-03 22:00:00,2053097.30,,
2026-07-03 23:00:00,2046687.38,,
2026-07-04 00:00:00,2042430.99,,
2026-07-04 01:00:00,2023614.02,,
2026-07-04 02:00:00,2019406.64,,
2026-07-04 03:00:00,2006011.41,,
2026-07-04 04:00:00,2006072.71,,
2026-07-04 05:00:00,2029901.53,,
2026-07-04 06:00:00,2015029.69,,
2026-07-04 07:00:00,2029784.53,,
2026-07-04 08:00:00,2040314.36,,
2026-07-04 09:00:00,2049012.97,,
2026-07-04 10:00:00,2046529.65,,
2026-07-04 11:00:00,2043200.03,,
2026-07-04 12:00:00,2046244.78,,
2026-07-04 13:00:00,2063249.32,,
2026-07-04 14:00:00,2043306.66,,
2026-07-04 15:00:00,2059675.78,,
2026-07-04 16:00:00,2068655.60,,
2026-07-04 17:00:00,2057594.09,,
2026-07-04 18:00:00,2067520.40,,
2026-07-04 19:00:00,2056123.85,,
2026-07-04 20:00:00,2052464.66,,
2026-07-04 21:00:00,2055945.80,,
2026-07-04 22:00:00,2056156.68,,
2026-07-04 23:00:00,2055142.37,,
2026-07-05 00:00:00,2047537.46,,
2026-07-05 01:00:00,2038970.10,,
2026-07-05 02:00:00,2046831.96,,
2026-07-05 03:00:00,2040219.89,,
2026-07-05 04:00:00,2032779.37,,
2026-07-05 05:00:00,2031630.91,,
2026-07-05 06:00:00,2021981.49,,
2026-07-05 07:00:00,2018670.18,,
2026-07-05 08:00:00,2021915.06,,
2026-07-05 09:00:00,2023370.32,,
2026-07-05 10:00:00,2009363.74,,
2026-07-05 11:00:00,2025810.17,,
2026-07-05 12:00:00,2016349.04,,
2026-07-05 13:00:00,2015848.66,,
2026-07-05 14:00:00,2036510.86,,
2026-07-05 15:00:00,2035959.67,,
2026-07-05 16:00:00,2028026.05,,
2026-07-05 17:00:00,2029133.81,,
2026-07-05 18:00:00,2023004.96,,
2026-07-05 19:00:00,2048196.79,,
2026-07-05 20:00:00,2032936.68,,
2026-07-05 21:00:00,2025004.16,,
2026-07-05 22:00:00,2038658.12,,
2026-07-05 23:00:00,2042715.98,,
2026-07-06 00:00:00,2031088.42,,
2026-07-06 01:00:00,2039531.71,,
2026-07-06 02:00:00,2021135.68,,
2026-07-06 03:00:00,2016271.21,,
2026-07-06 04:00:00,1999951.22,,
2026-07-06 05:00:00,1987551.91,,
2026-07-06 06:00:00,1982669.89,,
2026-07-06 07:00:00,1984416.49,,
2026-07-06 08:00:00,1971653.01,,
2026-07-06 09:00:00,1967810.29,,
2026-07-06 10:00:00,1957533.24,,
2026-07-06 11:00:00,1957391.40,,
2026-07-06 12:00:00,1937893.43,,
2026-07-06 13:00:00,1918645.14,,
2026-07-06 14:00:00,1959060.71,,
2026-07-06 15:00:00,1972564.92,,
2026-07-06 16:00:00,1983170.71,,
2026-07-06 17:00:00,2008499.81,,
2026-07-06 18:00:00,1988834.75,,
2026-07-06 19:00:00,1974406.50,,
2026-07-06 20:00:00,1954535.54,,
2026-07-06 21:00:00,1950960.49,,
2026-07-06 22:00:00,1963928.26,,
2026-07-06 23:00:00,1961612.41,,
2026-07-07 00:00:00,1951640.23,,
2026-07-07 01:00:00,1950210.80,,
2026-07-07 02:00:00,1922640.16,,
2026-07-07 03:00:00,1902041.10,,
2026-07-07 04:00:00,1864241.84,,
2026-07-07 05:00:00,1864339.32,,
2026-07-07 06:00:00,1869424.29,,
2026-07-07 07:00:00,1882872.72,,
2026-07-07 08:00:00,1873963.66,,
2026-07-07 09:00:00,1878971.50,,
2026-07-07 10:00:00,1890244.52,,
2026-07-07 11:00:00,1898183.71,,
2026-07-07 12:00:00,1877804.08,,
2026-07-07 13:00:00,1922002.17,,
2026-07-07 14:00:00,1878677.36,,
2026-07-07 15:00:00,1842166.07,,
2026-07-07 16:00:00,1825529.43,,
2026-07-07 17:00:00,1833092.16,,
2026-07-07 18:00:00,1816766.35,,
2026-07-07 19:00:00,1791068.11,,
2026-07-07 20:00:00,1776169.37,,
2026-07-07 21:00:00,1767116.24,,
2026-07-07 22:00:00,1769407.49,,
2026-07-07 23:00:00,1766846.80,,
2026-07-08 00:00:00,1785774.43,,
2026-07-08 01:00:00,1812840.11,,
2026-07-08 02:00:00,1795141.84,,
2026-07-08 03:00:00,1797457.47,,
2026-07-08 04:00:00,1789401.28,,
2026-07-08 05:00:00,1789246.40,,
2026-07-08 06:00:00,1778962.02,,
2026-07-08 07:00:00,1776587.85,,
2026-07-08 08:00:00,1783312.36,,
2026-07-08 09:00:00,1748808.23,,
2026-07-08 10:00:00,1738430.75,,
2026-07-08 11:00:00,1744556.45,,
2026-07-08 12:00:00,1752207.13,,
2026-07-08 13:00:00,1744226.36,,
2026-07-08 14:00:00,1739344.56,,
2026-07-08 15:00:00,1726175.96,,
2026-07-08 16:00:00,1692447.99,,
2026-07-08 17:00:00,1700908.20,,
2026-07-08 18:00:00,1711210.46,,
2026-07-08 19:00:00,1709673.16,,
2026-07-08 20:00:00,1749435.24,,
2026-07-08 21:00:00,1746758.27,,
2026-07-08 22:00:00,1765824.35,,
2026-07-08 23:00:00,1773892.32,,
2026-07-09 00:00:00,1785789.45,,
2026-07-09 01:00:00,1793596.83,,
2026-07-09 02:00:00,1780334.56,,
2026-07-09 03:00:00,1758389.78,,
2026-07-09 04:00:00,1764553.47,,
2026-07-09 05:00:00,1776402.54,,
2026-07-09 06:00:00,1784269.09,,
2026-07-09 07:00:00,1789429.94,,
2026-07-09 08:00:00,1784636.21,,
2026-07-09 09:00:00,1774133.80,,
2026-07-09 10:00:00,1773166.80,,
2026-07-09 11:00:00,1774217.63,,
2026-07-09 12:00:00,1767710.65,,
2026-07-09 13:00:00,1811666.29,,
2026-07-09 14:00:00,1805546.54,,
2026-07-09 15:00:00,1803842.89,,
2026-07-09 16:00:00,1805992.62,,
2026-07-09 17:00:00,1808642.94,,
2026-07-09 18:00:00,1818361.20,,
2026-07-09 19:00:00,1860112.35,,
2026-07-09 20:00:00,1879321.15,,
2026-07-09 21:00:00,1903553.41,,
2026-07-09 22:00:00,1884180.46,,
2026-07-09 23:00:00,1872705.15,,
2026-07-10 00:00:00,1863827.75,,
2026-07-10 01:00:00,1849758.32,,
2026-07-10 02:00:00,1877073.28,,
2026-07-10 03:00:00,1898477.21,,
2026-07-10 04:00:00,1882599.00,,
2026-07-10 05:00:00,1871664.28,,
2026-07-10 06:00:00,1863389.20,,
2026-07-10 07:00:00,1858103.53,,
2026-07-10 08:00:00,1842608.01,,
2026-07-10 09:00:00,1846568.22,,
2026-07-10 10:00:00,1837206.39,,
2026-07-10 11:00:00,1829465.87,,
2026-07-10 12:00:00,1824180.97,,
2026-07-10 13:00:00,1824211.11,,
2026-07-10 14:00:00,1839359.85,,
2026-07-10 15:00:00,1809464.18,,
2026-07-10 16:00:00,1829154.53,,
2026-07-10 17:00:00,1829519.69,,
2026-07-10 18:00:00,1833334.05,,
2026-07-10 19:00:00,1824580.33,,
2026-07-10 20:00:00,1828431.00,,
2026-07-10 21:00:00,1819782.43,,
2026-07-10 22:00:00,1829240.69,,
2026-07-10 23:00:00,1830190.04,,
2026-07-11 00:00:00,1822582.56,,
2026-07-11 01:00:00,1814493.71,,
2026-07-11 02:00:00,1846970.42,,
2026-07-11 03:00:00,1846058.70,,
2026-07-11 04:00:00,1847759.51,,
2026-07-11 05:00:00,1836051.16,,
2026-07-11 06:00:00,1836323.72,,
2026-07-11 07:00:00,1835269.99,,
2026-07-11 08:00:00,1841050.42,,
2026-07-11 09:00:00,1827522.77,,
2026-07-11 10:00:00,1817324.34,,
2026-07-11 11:00:00,1818071.57,,
2026-07-11 12:00:00,1821453.55,,
2026-07-11 13:00:00,1821621.80,,
2026-07-11 14:00:00,1828299.12,,
2026-07-11 15:00:00,1825998.37,,
2026-07-11 16:00:00,1837396.42,,
2026-07-11 17:00:00,1825909.78,,
2026-07-11 18:00:00,1836151.56,,
2026-07-11 19:00:00,1834755.96,,
2026-07-11 20:00:00,1866480.16,,
2026-07-11 21:00:00,1862304.00,,
2026-07-11 22:00:00,1858110.59,,
2026-07-11 23:00:00,1850569.82,,
2026-07-12 00:00:00,1816952.86,,
2026-07-12 01:00:00,1802932.36,,
2026-07-12 02:00:00,1816161.31,,
2026-07-12 03:00:00,1813665.20,,
2026-07-12 04:00:00,1839806.43,,
2026-07-12 05:00:00,1838473.05,,
2026-07-12 06:00:00,1845633.42,,
2026-07-12 07:00:00,1835143.75,,
2026-07-12 08:00:00,1820273.39,,
2026-07-12 09:00:00,1809186.78,,
2026-07-12 10:00:00,1805928.26,,
2026-07-12 11:00:00,1792722.20,,
2026-07-12 12:00:00,1778130.96,,
2026-07-12 13:00:00,1782762.52,,
2026-07-12 14:00:00,1779322.52,,
2026-07-12 15:00:00,1787453.22,,
2026-07-12 16:00:00,1781933.35,,
2026-07-12 17:00:00,1781721.65,,
2026-07-12 18:00:00,1786155.14,,
2026-07-12 19:00:00,1783088.92,,
2026-07-12 20:00:00,1782379.41,,
2026-07-12 21:00:00,1775988.41,,
2026-07-12 22:00:00,1772088.24,,
2026-07-12 23:00:00,1756925.29,,
2026-07-13 00:00:00,1761322.37,,
2026-07-13 01:00:00,1765412.38,,
2026-07-13 02:00:00,1737239.41,,
2026-07-13 03:00:00,1741050.48,,
2026-07-13 04:00:00,1706650.56,,
2026-07-13 05:00:00,1699853.77,,
2026-07-13 06:00:00,1714552.78,,
2026-07-13 07:00:00,1734068.84,,
2026-07-13 08:00:00,1746687.22,,
2026-07-13 09:00:00,1747034.96,,
2026-07-13 10:00:00,1795494.13,,
2026-07-13 11:00:00,1797423.62,,
2026-07-13 12:00:00,1815703.32,,
2026-07-13 13:00:00,1822299.47,,
2026-07-13 14:00:00,1821684.29,,
2026-07-13 15:00:00,1838478.71,,
2026-07-13 16:00:00,1820786.74,,
2026-07-13 17:00:00,1813837.98,,
2026-07-13 18:00:00,1775058.47,,
2026-07-13 19:00:00,1789283.62,,
2026-07-13 20:00:00,1781079.79,,
2026-07-13 21:00:00,1764330.28,,
2026-07-13 22:00:00,1760119.24,,
2026-07-13 23:00:00,1756483.42,,
2026-07-14 00:00:00,1784375.41,,
2026-07-14 01:00:00,1756900.68,,
2026-07-14 02:00:00,1749377.00,,
2026-07-14 03:00:00,1731179.41,,
2026-07-14 04:00:00,1727346.17,,
2026-07-14 05:00:00,1714749.03,,
2026-07-14 06:00:00,1727513.22,,
2026-07-14 07:00:00,1721969.81,,
2026-07-14 08:00:00,1730039.35,,
2026-07-14 09:00:00,1730431.78,,
2026-07-14 10:00:00,1724020.14,,
2026-07-14 11:00:00,1728609.56,,
2026-07-14 12:00:00,1740772.76,,
2026-07-14 13:00:00,1766955.06,,
2026-07-14 14:00:00,1792013.03,,
2026-07-14 15:00:00,1788615.80,,
2026-07-14 16:00:00,1812690.84,,
2026-07-14 17:00:00,1850522.46,,
2026-07-14 18:00:00,1821182.73,,
2026-07-14 19:00:00,1824112.87,,
2026-07-14 20:00:00,1828822.76,,
2026-07-14 21:00:00,1819294.51,,
2026-07-14 22:00:00,1816537.25,,
2026-07-14 23:00:00,1815228.21,,
2026-07-15 00:00:00,1812160.95,,
2026-07-15 01:00:00,1811530.71,,
2026-07-15 02:00:00,1806136.84,,
2026-07-15 03:00:00,1800638.75,,
2026-07-15 04:00:00,1802079.63,,
2026-07-15 05:00:00,1793479.59,,
2026-07-15 06:00:00,1794011.18,,
2026-07-15 07:00:00,1788701.51,,
2026-07-15 08:00:00,1793340.11,,
2026-07-15 09:00:00,1813170.09,,
2026-07-15 10:00:00,1802466.62,,
2026-07-15 11:00:00,1797409.57,,
2026-07-15 12:00:00,1793006.67,,
2026-07-15 13:00:00,1817694.79,,
2026-07-15 14:00:00,1806763.77,,
2026-07-15 15:00:00,1805179.30,,
2026-07-15 16:00:00,1805165.14,,
2026-07-15 17:00:00,1762622.13,,
2026-07-15 18:00:00,1782175.72,,
2026-07-15 19:00:00,1778683.93,,
2026-07-15 20:00:00,1761786.78,,
2026-07-15 21:00:00,1774423.99,,
2026-07-15 22:00:00,1772020.20,,
2026-07-15 23:00:00,1776641.10,,
2026-07-16 00:00:00,1767099.23,,
2026-07-16 01:00:00,1759410.52,,
2026-07-16 02:00:00,1759520.14,,
2026-07-16 03:00:00,1758708.05,,
2026-07-16 04:00:00,1761700.99,,
2026-07-16 05:00:00,1772933.93,,
2026-07-16 06:00:00,1827244.68,,
2026-07-16 07:00:00,1871832.58,,
2026-07-16 08:00:00,1860201.37,,
2026-07-16 09:00:00,1848010.23,,
2026-07-16 10:00:00,1847462.71,,
2026-07-16 11:00:00,1844691.20,,
2026-07-16 12:00:00,1844175.93,,
2026-07-16 13:00:00,1833417.05,,
2026-07-16 14:00:00,1843404.53,,
2026-07-16 15:00:00,1848747.16,,
2026-07-16 16:00:00,1837435.11,,
2026-07-16 17:00:00,1824256.60,,
2026-07-16 18:00:00,1817259.77,,
2026-07-16 19:00:00,1813375.38,,
2026-07-16 20:00:00,1806193.06,,
2026-07-16 21:00:00,1804573.52,,
2026-07-16 22:00:00,1814041.29,,
2026-07-16 23:00:00,1807802.07,,
2026-07-17 00:00:00,1801575.34,,
2026-07-17 01:00:00,1796742.87,,
2026-07-17 02:00:00,1779706.27,,
2026-07-17 03:00:00,1758049.91,,
2026-07-17 04:00:00,1780243.75,,
2026-07-17 05:00:00,1782464.27,,
2026-07-17 06:00:00,1751293.89,,
2026-07-17 07:00:00,1759588.53,,
2026-07-17 08:00:00,1750723.44,,
2026-07-17 09:00:00,1759740.78,,
2026-07-17 10:00:00,1755208.39,,
2026-07-17 11:00:00,1754867.54,,
2026-07-17 12:00:00,1754970.77,,
2026-07-17 13:00:00,1733304.46,,
2026-07-17 14:00:00,1728512.86,,
2026-07-17 15:00:00,1749162.25,,
2026-07-17 16:00:00,1768663.31,,
2026-07-17 17:00:00,1752269.74,,
2026-07-17 18:00:00,1759397.00,,
2026-07-17 19:00:00,1771516.81,,
2026-07-17 20:00:00,1757140.56,,
2026-07-17 21:00:00,1735973.28,,
2026-07-17 22:00:00,1737711.87,,
2026-07-17 23:00:00,1743728.40,,
2026-07-18 00:00:00,1762946.74,,
2026-07-18 01:00:00,1738983.31,,
2026-07-18 02:00:00,1748434.50,,
2026-07-18 03:00:00,1761578.87,,
2026-07-18 04:00:00,1757483.64,,
2026-07-18 05:00:00,1754723.16,,
2026-07-18 06:00:00,1735397.89,,
2026-07-18 07:00:00,1742566.44,,
2026-07-18 08:00:00,1734039.57,,
2026-07-18 09:00:00,1735957.64,,
2026-07-18 10:00:00,1738734.48,,
2026-07-18 11:00:00,1737216.64,,
2026-07-18 12:00:00,1736453.74,,
2026-07-18 13:00:00,1750793.21,,
2026-07-18 14:00:00,1734459.30,,
2026-07-18 15:00:00,1744244.73,,
2026-07-18 16:00:00,1747778.39,,
2026-07-18 17:00:00,1758929.65,,
2026-07-18 18:00:00,2119003.54,,
2026-07-18 19:00:00,2299418.71,,
2026-07-18 20:00:00,2341356.35,,
2026-07-18 21:00:00,2307245.38,,
2026-07-18 22:00:00,2337763.27,,
2026-07-18 23:00:00,2336422.88,,
2026-07-19 00:00:00,2419430.04,,
2026-07-19 01:00:00,2355557.14,,
2026-07-19 02:00:00,2356530.30,,
2026-07-19 03:00:00,2397677.50,,
2026-07-19 04:00:00,2680483.04,,
2026-07-19 05:00:00,2610293.88,,
2026-07-19 06:00:00,2395846.87,,
2026-07-19 07:00:00,2421303.75,,
2026-07-19 08:00:00,2353546.15,,
2026-07-19 09:00:00,2468617.99,,
2026-07-19 10:00:00,2490619.25,,
2026-07-19 11:00:00,2422201.15,,
2026-07-19 12:00:00,2697703.15,,
2026-07-19 13:00:00,2763650.34,,
2026-07-19 14:00:00,3185946.95,,
2026-07-19 15:00:00,2735271.01,,
2026-07-19 16:00:00,2599073.79,,
2026-07-19 17:00:00,2697509.19,,
2026-07-19 18:00:00,2673982.72,,
2026-07-19 19:00:00,2441226.23,,
2026-07-19 20:00:00,2380124.64,,
2026-07-19 21:00:00,2233715.84,,
2026-07-19 22:00:00,2154880.21,,
2026-07-19 23:00:00,2096490.49,,
2026-07-20 00:00:00,2071740.77,,
2026-07-20 01:00:00,2054019.24,,
2026-07-20 02:00:00,2060816.76,,
2026-07-20 03:00:00,2049697.50,,
2026-07-20 04:00:00,2059732.39,,
2026-07-20 05:00:00,1982389.35,,
2026-07-20 06:00:00,1975866.59,,
2026-07-20 07:00:00,1994650.92,,
2026-07-20 08:00:00,2032523.45,,
2026-07-20 09:00:00,1989843.89,,
2026-07-20 10:00:00,2016323.69,,
2026-07-20 11:00:00,2029452.07,,
2026-07-20 12:00:00,2093331.03,,
2026-07-20 13:00:00,2104503.61,,
2026-07-20 14:00:00,2034486.96,,
2026-07-20 15:00:00,2027305.11,,
2026-07-20 16:00:00,2058799.85,,
2026-07-20 17:00:00,2079439.57,,
2026-07-20 18:00:00,2041149.39,,
2026-07-20 19:00:00,2035122.20,,
2026-07-20 20:00:00,2023225.72,,
2026-07-20 21:00:00,2016458.67,,
2026-07-20 22:00:00,2000435.76,,
2026-07-20 23:00:00,1996122.79,,
2026-07-21 00:00:00,1990931.46,,
2026-07-21 01:00:00,2003385.00,,
2026-07-21 02:00:00,1976170.32,,
2026-07-21 03:00:00,2071146.80,,
2026-07-21 04:00:00,2008348.00,,
2026-07-21 05:00:00,1993199.39,,
2026-07-21 06:00:00,1979235.91,,
2026-07-21 07:00:00,1945524.63,,
2026-07-21 08:00:00,1979879.41,,
2026-07-21 09:00:00,1936028.00,,
2026-07-21 10:00:00,1910760.89,,
2026-07-21 11:00:00,1910635.87,,
2026-07-21 12:00:00,1926697.52,,
2026-07-21 13:00:00,1916045.51,,
2026-07-21 14:00:00,1931118.89,,
2026-07-21 15:00:00,1930136.90,,
2026-07-21 16:00:00,1955179.40,,
2026-07-21 17:00:00,1956095.11,,
2026-07-21 18:00:00,1967793.70,,
2026-07-21 19:00:00,1999854.50,,
2026-07-21 20:00:00,1988633.66,,
2026-07-21 21:00:00,1981355.12,,
2026-07-21 22:00:00,1978832.28,,
2026-07-21 23:00:00,1997758.18,,
2026-07-22 00:00:00,1995163.17,,
2026-07-22 01:00:00,1979347.92,,
2026-07-22 02:00:00,1994832.74,,
2026-07-22 03:00:00,1991460.76,,
2026-07-22 04:00:00,2048320.17,,
2026-07-22 05:00:00,2037697.28,,
2026-07-22 06:00:00,2140360.23,,
2026-07-22 07:00:00,2179837.64,,
2026-07-22 08:00:00,2150822.74,,
2026-07-22 09:00:00,2218673.27,,
2026-07-22 10:00:00,2235816.55,,
2026-07-22 11:00:00,2283009.83,,
2026-07-22 12:00:00,2221647.49,,
2026-07-22 13:00:00,2204256.54,,
2026-07-22 14:00:00,2284099.63,,
2026-07-22 15:00:00,2289414.44,,
2026-07-22 16:00:00,2244673.53,,
2026-07-22 17:00:00,2325448.67,,
2026-07-22 18:00:00,2175345.87,,
2026-07-22 19:00:00,2156611.05,,
2026-07-22 20:00:00,2166466.80,,
2026-07-22 21:00:00,2177539.53,,
2026-07-22 22:00:00,2174642.12,,
2026-07-22 23:00:00,2146554.15,,
2026-07-23 00:00:00,2132949.49,,
2026-07-23 01:00:00,2159035.23,,
2026-07-23 02:00:00,2154806.01,,
2026-07-23 03:00:00,2175923.73,,
2026-07-23 04:00:00,2173195.29,,
2026-07-23 05:00:00,2193459.30,,
2026-07-23 06:00:00,2188296.83,,
2026-07-23 07:00:00,2223317.09,,
2026-07-23 08:00:00,2203715.61,,
2026-07-23 09:00:00,2206741.26,,
2026-07-23 10:00:00,2184054.92,,
2026-07-23 11:00:00,2186040.56,,
2026-07-23 12:00:00,2183823.52,,
2026-07-23 13:00:00,2167808.30,,
2026-07-23 14:00:00,2151778.08,,
2026-07-23 15:00:00,2171442.43,,
2026-07-23 16:00:00,2212946.25,,
2026-07-23 17:00:00,2172234.26,,
2026-07-23 18:00:00,2128197.24,,
2026-07-23 19:00:00,2139155.44,,
2026-07-23 20:00:00,2111737.26,,
2026-07-23 21:00:00,2127648.94,,
2026-07-23 22:00:00,2125483.19,,
2026-07-23 23:00:00,2128050.58,,
2026-07-24 00:00:00,2133444.83,,
2026-07-24 01:00:00,2152202.77,,
2026-07-24 02:00:00,2135248.68,,
2026-07-24 03:00:00,2168792.73,,
2026-07-24 04:00:00,2155110.51,,
2026-07-24 05:00:00,2201013.34,,
2026-07-24 06:00:00,2217536.17,,
2026-07-24 07:00:00,2246393.98,,
2026-07-24 08:00:00,2273155.20,,
2026-07-24 09:00:00,2232378.66,,
2026-07-24 10:00:00,2214451.81,,
2026-07-24 11:00:00,2187681.10,,
2026-07-24 12:00:00,2062691.65,,
2026-07-24 13:00:00,2071674.97,,
2026-07-24 14:00:00,2087745.59,,
2026-07-24 15:00:00,2095677.90,,
2026-07-24 16:00:00,2120308.70,,
2026-07-24 17:00:00,2094507.76,,
2026-07-24 18:00:00,2086717.57,,
2026-07-24 19:00:00,2054754.28,,
2026-07-24 20:00:00,2057469.55,,
2026-07-24 21:00:00,2054648.78,,
2026-07-24 22:00:00,2049140.01,,
2026-07-24 23:00:00,2048187.08,,
2026-07-25 00:00:00,2064587.43,,
2026-07-25 01:00:00,2084361.57,,
2026-07-25 02:00:00,2097355.63,,
2026-07-25 03:00:00,2104638.50,,
2026-07-25 04:00:00,2112074.72,,
2026-07-25 05:00:00,2135273.10,,
2026-07-25 06:00:00,2150691.94,,
2026-07-25 07:00:00,2161778.82,,
2026-07-25 08:00:00,2149447.22,,
2026-07-25 09:00:00,2148547.88,,
2026-07-25 10:00:00,2154259.39,,
2026-07-25 11:00:00,2148359.96,,
2026-07-25 12:00:00,2125965.86,,
2026-07-25 13:00:00,2079258.81,,
2026-07-25 14:00:00,2099290.32,,
2026-07-25 15:00:00,2057261.96,,
2026-07-25 16:00:00,2072027.44,,
2026-07-25 17:00:00,2099276.63,,
2026-07-25 18:00:00,2176966.68,,
2026-07-25 19:00:00,2162996.04,,
2026-07-25 20:00:00,2173095.66,,
2026-07-25 21:00:00,2206180.40,,
2026-07-25 22:00:00,2211954.92,,
2026-07-25 23:00:00,2218511.71,,
2026-07-26 00:00:00,2212492.72,,
2026-07-26 01:00:00,2256921.16,,
2026-07-26 02:00:00,2235544.27,,
2026-07-26 03:00:00,2211996.23,,
2026-07-26 04:00:00,2176457.80,,
2026-07-26 05:00:00,2154087.73,,
2026-07-26 06:00:00,2158000.84,,
2026-07-26 07:00:00,2144486.61,,
2026-07-26 08:00:00,2137255.69,,
2026-07-26 09:00:00,2134537.01,,
2026-07-26 10:00:00,2141378.55,,
2026-07-26 11:00:00,2115053.78,,
2026-07-26 12:00:00,2117603.00,,
2026-07-26 13:00:00,2095511.58,,
2026-07-26 14:00:00,2089059.08,,
2026-07-26 15:00:00,2089283.75,,
2026-07-26 16:00:00,2100680.89,,
2026-07-26 17:00:00,2085064.03,,
2026-07-26 18:00:00,2076988.10,,
2026-07-26 19:00:00,2072927.65,,
2026-07-26 20:00:00,2057586.68,,
2026-07-26 21:00:00,2076850.77,,
2026-07-26 22:00:00,2089152.55,,
2026-07-26 23:00:00,2117693.71,,
2026-07-27 00:00:00,2131348.34,,
2026-07-27 01:00:00,2136766.17,,
2026-07-27 02:00:00,2125523.00,,
2026-07-27 03:00:00,2149345.85,,
2026-07-27 04:00:00,2172410.18,,
2026-07-27 05:00:00,2181537.78,,
2026-07-27 06:00:00,2162544.18,,
2026-07-27 07:00:00,2142433.52,,
2026-07-27 08:00:00,2151174.00,,
2026-07-27 09:00:00,2116386.16,,
2026-07-27 10:00:00,2100345.93,,
2026-07-27 11:00:00,2071367.43,,
2026-07-27 12:00:00,2052683.48,,
2026-07-27 13:00:00,2071794.09,,
2026-07-27 14:00:00,2078556.31,,
2026-07-27 15:00:00,2035767.87,,
2026-07-27 16:00:00,2046443.05,,
2026-07-27 17:00:00,2057509.95,,
2026-07-27 18:00:00,2067379.69,,
2026-07-27 19:00:00,2076679.26,,
2026-07-27 20:00:00,2059240.82,,
2026-07-27 21:00:00,2052574.05,,
2026-07-27 22:00:00,2048400.93,,
2026-07-27 23:00:00,1954530.10,,
2026-07-28 00:00:00,1967007.42,,
2026-07-28 01:00:00,1960692.83,,
2026-07-28 02:00:00,1951763.86,,
2026-07-28 03:00:00,1960253.78,,
2026-07-28 04:00:00,1967480.71,,
2026-07-28 05:00:00,1982218.04,,
2026-07-28 06:00:00,1961382.51,,
2026-07-28 07:00:00,1977988.09,,
2026-07-28 08:00:00,1960457.17,,
2026-07-28 09:00:00,1978008.00,,
2026-07-28 10:00:00,1979561.61,,
2026-07-28 11:00:00,1997512.45,,
2026-07-28 12:00:00,1991529.48,,
2026-07-28 13:00:00,2004306.49,,
2026-07-28 14:00:00,1998554.21,,
2026-07-28 15:00:00,1994655.49,,
2026-07-28 16:00:00,1983229.55,,
2026-07-28 17:00:00,1985374.25,,
2026-07-28 18:00:00,1981861.68,,
2026-07-28 19:00:00,1980827.39,,
2026-07-28 20:00:00,1973668.50,,
2026-07-28 21:00:00,1968641.80,,
2026-07-28 22:00:00,1970212.95,,
2026-07-28 23:00:00,1975632.24,,
2026-07-29 00:00:00,1982577.83,,
2026-07-29 01:00:00,1986882.39,,
2026-07-29 02:00:00,1968264.87,,
2026-07-29 03:00:00,1964801.21,,
2026-07-29 04:00:00,1932318.55,,
2026-07-29 05:00:00,1950188.08,,
2026-07-29 06:00:00,1950429.61,,
2026-07-29 07:00:00,1957422.28,,
2026-07-29 08:00:00,1963914.10,,
2026-07-29 09:00:00,1947411.59,,
2026-07-29 10:00:00,1958939.02,,
2026-07-29 11:00:00,1944074.00,,
2026-07-29 12:00:00,1952677.17,,
2026-07-29 13:00:00,1921125.29,,
2026-07-29 14:00:00,1934361.39,,
2026-07-29 15:00:00,1920313.27,,
2026-07-29 16:00:00,1915923.68,,
2026-07-29 17:00:00,1908615.15,,
2026-07-29 18:00:00,1918503.47,,
2026-07-29 19:00:00,1924053.18,,
2026-07-29 20:00:00,1878818.52,,
2026-07-29 21:00:00,1867942.35,,
2026-07-29 22:00:00,1866936.35,,
2026-07-29 23:00:00,1868831.96,,
2026-07-30 00:00:00,1874580.98,,
2026-07-30 01:00:00,1877003.03,,
2026-07-30 02:00:00,1907299.57,,
2026-07-30 03:00:00,1932523.34,,
2026-07-30 04:00:00,1955751.55,,
2026-07-30 05:00:00,1975662.96,,
2026-07-30 06:00:00,2009522.49,,
2026-07-30 07:00:00,2059682.16,,
2026-07-30 08:00:00,2038092.31,,
2026-07-30 09:00:00,2070330.38,,
2026-07-30 10:00:00,2040810.52,,
2026-07-30 11:00:00,2023866.08,,
2026-07-30 12:00:00,2018581.89,,
2026-07-30 13:00:00,2013686.86,,
2026-07-30 14:00:00,2016136.64,,
2026-07-30 15:00:00,1996490.19,,
2026-07-30 16:00:00,1994750.97,,
2026-07-30 17:00:00,1989518.07,,
2026-07-30 18:00:00,1976720.24,,
2026-07-30 19:00:00,1978531.77,,
2026-07-30 20:00:00,1975827.43,,
2026-07-30 21:00:00,1955239.94,,
2026-07-30 22:00:00,1956966.98,,
2026-07-30 23:00:00,1960767.82,,
2026-07-31 00:00:00,1966795.08,,
2026-07-31 01:00:00,1957799.50,,
2026-07-31 02:00:00,1957199.59,,
2026-07-31 03:00:00,1969695.76,,
2026-07-31 04:00:00,1975853.80,,
2026-07-31 05:00:00,1994908.22,,
2026-07-31 06:00:00,2015546.29,,
2026-07-31 07:00:00,2044201.33,,
2026-07-31 08:00:00,2103947.10,,
2026-07-31 09:00:00,2073191.10,,
2026-07-31 10:00:00,2091714.83,,
2026-07-31 11:00:00,2138949.52,,
2026-07-31 12:00:00,2160298.39,,
2026-07-31 13:00:00,2146829.65,,
2026-07-31 14:00:00,2170816.96,,
2026-07-31 15:00:00,2128662.77,,
2026-07-31 16:00:00,2132495.93,,
2026-07-31 17:00:00,2129655.25,,
2026-07-31 18:00:00,2147854.13,,
2026-07-31 19:00:00,2156219.35,,
2026-07-31 20:00:00,2132092.44,,
2026-07-31 21:00:00,2119767.85,,
2026-07-31 22:00:00,2107698.63,,
2026-07-31 23:00:00,2097122.29,,
2026-08-01 00:00:00,2121127.53,,
2026-08-01 01:00:00,2120504.45,,
2026-08-01 02:00:00,2116842.36,,
2026-08-01 03:00:00,2114056.07,,
2026-08-01 04:00:00,2159630.32,,
2026-08-01 05:00:00,2161977.83,,
2026-08-01 06:00:00,2166786.60,,
2026-08-01 07:00:00,2155304.39,,
2026-08-01 08:00:00,2176309.48,,
2026-08-01 09:00:00,2179713.63,,
2026-08-01 10:00:00,2220597.41,,
2026-08-01 11:00:00,2217716.23,,
2026-08-01 12:00:00,2221301.41,,
2026-08-01 13:00:00,2208862.20,,
2026-08-01 14:00:00,2226535.45,,
2026-08-01 15:00:00,2224071.92,,
2026-08-01 16:00:00,2189924.54,,
2026-08-01 17:00:00,2200185.78,,
2026-08-01 18:00:00,2197353.52,,
2026-08-01 19:00:00,2186907.93,,
2026-08-01 20:00:00,2201919.61,,
2026-08-01 21:00:00,2181561.96,,
2026-08-01 22:00:00,2166089.70,,
2026-08-01 23:00:00,2155789.44,,
2026-08-02 00:00:00,2147704.24,,
2026-08-02 01:00:00,2179942.35,,
2026-08-02 02:00:00,2146369.11,,
2026-08-02 03:00:00,2143028.77,,
2026-08-02 04:00:00,2149884.46,,
2026-08-02 05:00:00,2124846.56,,
2026-08-02 06:00:00,2148223.32,,
2026-08-02 07:00:00,2171573.36,,
2026-08-02 08:00:00,2178052.79,,
2026-08-02 09:00:00,2191484.07,,
2026-08-02 10:00:00,2196669.59,,
2026-08-02 11:00:00,2194138.19,,
2026-08-02 12:00:00,2200871.27,,
2026-08-02 13:00:00,2203465.10,,
2026-08-02 14:00:00,2196796.02,,
2026-08-02 15:00:00,2194923.46,,
2026-08-02 16:00:00,2197860.58,,
2026-08-02 17:00:00,2191033.96,,
2026-08-02 18:00:00,2182381.13,,
2026-08-02 19:00:00,2160059.06,,
2026-08-02 20:00:00,2154919.01,,
2026-08-02 21:00:00,2145106.80,,
2026-08-02 22:00:00,2147952.27,,
2026-08-02 23:00:00,2148957.11,,
2026-08-03 00:00:00,2143305.94,,
2026-08-03 01:00:00,2127184.51,,
2026-08-03 02:00:00,2111167.95,,
2026-08-03 03:00:00,2090359.78,,
2026-08-03 04:00:00,2088277.40,,
2026-08-03 05:00:00,2115953.58,,
2026-08-03 06:00:00,2122309.62,,
2026-08-03 07:00:00,2110123.03,,
2026-08-03 08:00:00,2105839.68,,
2026-08-03 09:00:00,2098257.32,,
2026-08-03 10:00:00,2106658.84,,
2026-08-03 11:00:00,2116658.98,,
2026-08-03 12:00:00,2114270.55,,
2026-08-03 13:00:00,2147416.51,,
2026-08-03 14:00:00,2191489.96,,
2026-08-03 15:00:00,2189586.04,,
2026-08-03 16:00:00,2176608.47,,
2026-08-03 17:00:00,2169057.48,,
2026-08-03 18:00:00,2157031.60,,
2026-08-03 19:00:00,2149380.20,,
2026-08-03 20:00:00,2134627.70,,
2026-08-03 21:00:00,2137634.28,,
2026-08-03 22:00:00,2158348.49,,
2026-08-03 23:00:00,2127386.43,,
2026-08-04 00:00:00,2130693.94,,
2026-08-04 01:00:00,2097880.70,,
2026-08-04 02:00:00,2117161.87,,
2026-08-04 03:00:00,2110467.08,,
2026-08-04 04:00:00,2110651.27,,
2026-08-04 05:00:00,2102567.62,,
2026-08-04 06:00:00,2090066.69,,
2026-08-04 07:00:00,2076780.44,,
2026-08-04 08:00:00,2077214.44,,
2026-08-04 09:00:00,2078912.32,,
2026-08-04 10:00:00,2082765.44,,
2026-08-04 11:00:00,2111582.63,,
2026-08-04 12:00:00,2140393.12,,
2026-08-04 13:00:00,2154736.09,,
2026-08-04 14:00:00,2133630.08,,
2026-08-04 15:00:00,2143361.61,,
2026-08-04 16:00:00,2156477.52,,
2026-08-04 17:00:00,2157433.85,,
2026-08-04 18:00:00,2122299.29,,
2026-08-04 19:00:00,2103700.09,,
2026-08-04 20:00:00,2105070.94,,
2026-08-04 21:00:00,2108142.79,,
2026-08-04 22:00:00,2094474.61,,
2026-08-04 23:00:00,2100715.62,,
2026-08-05 00:00:00,2073888.95,,
2026-08-05 01:00:00,2067048.49,,
2026-08-05 02:00:00,2086457.83,,
2026-08-05 03:00:00,2114949.62,,
2026-08-05 04:00:00,2112562.57,,
2026-08-05 05:00:00,2127956.44,,
2026-08-05 06:00:00,2143413.64,,
2026-08-05 07:00:00,2156078.46,,
2026-08-05 08:00:00,2197370.23,,
2026-08-05 09:00:00,2235511.91,,
2026-08-05 10:00:00,2501680.88,,
2026-08-05 11:00:00,2273631.81,,
2026-08-05 12:00:00,2215259.98,,
2026-08-05 13:00:00,2227142.71,,
2026-08-05 14:00:00,2207637.19,,
2026-08-05 15:00:00,2204481.41,,
2026-08-05 16:00:00,2222085.74,,
2026-08-05 17:00:00,2234084.36,,
2026-08-05 18:00:00,2229298.72,,
2026-08-05 19:00:00,2222704.02,,
2026-08-05 20:00:00,2189615.44,,
2026-08-05 21:00:00,2191267.04,,
2026-08-05 22:00:00,2183148.46,,
2026-08-05 23:00:00,2183671.95,,
2026-08-06 00:00:00,2184833.03,,
2026-08-06 01:00:00,2182006.49,,
2026-08-06 02:00:00,2186126.80,,
2026-08-06 03:00:00,2185825.70,,
2026-08-06 04:00:00,2191868.55,,
2026-08-06 05:00:00,2194892.33,,
2026-08-06 06:00:00,2206636.57,,
2026-08-06 07:00:00,2210349.46,,
2026-08-06 08:00:00,2200282.91,,
2026-08-06 09:00:00,2222935.65,,
2026-08-06 10:00:00,2218474.19,,
2026-08-06 11:00:00,2234212.55,,
2026-08-06 12:00:00,2280728.97,,
2026-08-06 13:00:00,2318514.76,,
2026-08-06 14:00:00,2550440.29,,
2026-08-06 15:00:00,2717055.63,,
2026-08-06 16:00:00,2826631.05,,
2026-08-06 17:00:00,2737073.50,,
2026-08-06 18:00:00,2723993.58,,
2026-08-06 19:00:00,2623584.57,,
2026-08-06 20:00:00,2663895.43,,
2026-08-06 21:00:00,2569135.26,,
2026-08-06 22:00:00,2570531.62,,
2026-08-06 23:00:00,2605147.66,,
2026-08-07 00:00:00,2637524.56,,
2026-08-07 01:00:00,2551231.53,,
2026-08-07 02:00:00,2507570.68,,
2026-08-07 03:00:00,2333911.13,,
2026-08-07 04:00:00,2342485.06,,
2026-08-07 05:00:00,2349860.85,,
2026-08-07 06:00:00,2351091.39,,
2026-08-07 07:00:00,2330242.24,,
2026-08-07 08:00:00,2374564.49,,
2026-08-07 09:00:00,2465412.71,,
2026-08-07 10:00:00,2461257.16,,
2026-08-07 11:00:00,2439549.07,,
2026-08-07 12:00:00,2470934.39,,
2026-08-07 13:00:00,2472019.06,,
2026-08-07 14:00:00,2530620.13,,
2026-08-07 15:00:00,2527318.61,,
2026-08-07 16:00:00,2524368.88,,
2026-08-07 17:00:00,2533606.84,,
2026-08-07 18:00:00,2538180.38,,
2026-08-07 19:00:00,2486887.02,,
2026-08-07 20:00:00,2530172.39,,
2026-08-07 21:00:00,2503098.92,,
2026-08-07 22:00:00,2450959.63,,
2026-08-07 23:00:00,2485916.62,,
2026-08-08 00:00:00,2489900.97,,
2026-08-08 01:00:00,2488785.35,,
2026-08-08 02:00:00,2526686.33,,
2026-08-08 03:00:00,2587887.92,,
2026-08-08 04:00:00,2463180.55,,
2026-08-08 05:00:00,2480670.65,,
2026-08-08 06:00:00,2421020.62,,
2026-08-08 07:00:00,2408190.07,,
2026-08-08 08:00:00,2388587.19,,
2026-08-08 09:00:00,2416775.76,,
2026-08-08 10:00:00,2435517.12,,
2026-08-08 11:00:00,2439278.44,,
2026-08-08 12:00:00,2432820.23,,
2026-08-08 13:00:00,2412521.87,,
2026-08-08 14:00:00,2385281.85,,
2026-08-08 15:00:00,2406658.59,,
2026-08-08 16:00:00,2432854.07,,
2026-08-08 17:00:00,2527455.10,,
2026-08-08 18:00:00,2504243.88,,
2026-08-08 19:00:00,2497948.59,,
2026-08-08 20:00:00,2504878.28,,
2026-08-08 21:00:00,2514872.55,,
2026-08-08 22:00:00,2491848.60,,
2026-08-08 23:00:00,2489319.90,,
2026-08-09 00:00:00,2497561.88,,
2026-08-09 01:00:00,2491414.59,,
2026-08-09 02:00:00,2525579.56,,
2026-08-09 03:00:00,2530605.52,,
2026-08-09 04:00:00,2531196.72,,
2026-08-09 05:00:00,2539960.68,,
2026-08-09 06:00:00,2552474.46,,
2026-08-09 07:00:00,2524522.40,,
2026-08-09 08:00:00,2513171.17,,
2026-08-09 09:00:00,2557088.00,,
2026-08-09 10:00:00,2508869.28,,
2026-08-09 11:00:00,2490497.81,,
2026-08-09 12:00:00,2546633.96,,
2026-08-09 13:00:00,2553941.25,,
2026-08-09 14:00:00,2539450.93,,
2026-08-09 15:00:00,2532115.21,,
2026-08-09 16:00:00,2547707.01,,
2026-08-09 17:00:00,2559889.88,,
2026-08-09 18:00:00,2571179.50,,
2026-08-09 19:00:00,2563169.07,,
2026-08-09 20:00:00,2555992.68,,
2026-08-09 21:00:00,2575048.39,,
2026-08-09 22:00:00,2570988.35,,
2026-08-09 23:00:00,2531982.65,,
2026-08-10 00:00:00,2513158.24,,
2026-08-10 01:00:00,2568541.59,,
2026-08-10 02:00:00,2596090.44,,
2026-08-10 03:00:00,2647977.25,,
2026-08-10 04:00:00,2676742.39,,
2026-08-10 05:00:00,2684281.11,,
2026-08-10 06:00:00,2641887.23,,
2026-08-10 07:00:00,2626686.47,,
2026-08-10 08:00:00,2644682.37,,
2026-08-10 09:00:00,2634858.51,,
2026-08-10 10:00:00,2653256.51,,
2026-08-10 11:00:00,2788178.12,,
2026-08-10 12:00:00,2833707.70,,
2026-08-10 13:00:00,2938803.27,,
2026-08-10 14:00:00,3049658.29,,
2026-08-10 15:00:00,2780769.21,,
2026-08-10 16:00:00,2802624.28,,
2026-08-10 17:00:00,2758783.00,,
2026-08-10 18:00:00,2844484.32,,
2026-08-10 19:00:00,2828748.33,,
2026-08-10 20:00:00,2813221.19,,
2026-08-10 21:00:00,2947104.60,,
2026-08-10 22:00:00,2961666.99,,
2026-08-10 23:00:00,3047471.33,,
2026-08-11 00:00:00,3044866.49,,
2026-08-11 01:00:00,3017773.91,,
2026-08-11 02:00:00,3167223.09,,
2026-08-11 03:00:00,2978990.20,,
2026-08-11 04:00:00,2806116.58,,
2026-08-11 05:00:00,2704486.38,,
2026-08-11 06:00:00,2661835.35,,
2026-08-11 07:00:00,2689996.86,,
2026-08-11 08:00:00,2723732.04,,
2026-08-11 09:00:00,2777695.32,,
2026-08-11 10:00:00,2770967.90,,
2026-08-11 11:00:00,2739756.42,,
2026-08-11 12:00:00,2800817.13,,
2026-08-11 13:00:00,2870416.91,,
2026-08-11 14:00:00,2814320.37,,
2026-08-11 15:00:00,2713091.07,,
2026-08-11 16:00:00,2773698.59,,
2026-08-11 17:00:00,2806067.92,,
2026-08-11 18:00:00,2821607.70,,
2026-08-11 19:00:00,2779648.64,,
2026-08-11 20:00:00,2753937.30,,
2026-08-11 21:00:00,2706692.99,,
2026-08-11 22:00:00,2710260.89,,
2026-08-11 23:00:00,2708599.17,,
2026-08-12 00:00:00,2716805.26,,
2026-08-12 01:00:00,2699484.44,,
2026-08-12 02:00:00,2671099.89,,
2026-08-12 03:00:00,2685484.65,,
2026-08-12 04:00:00,2661595.06,,
2026-08-12 05:00:00,2637126.96,,
2026-08-12 06:00:00,2645850.78,,
2026-08-12 07:00:00,2641895.66,,
2026-08-12 08:00:00,2677650.74,,
2026-08-12 09:00:00,2648443.48,,
2026-08-12 10:00:00,2674754.10,,
2026-08-12 11:00:00,2665826.99,,
2026-08-12 12:00:00,2699053.16,,
2026-08-12 13:00:00,2743242.15,,
2026-08-12 14:00:00,2731423.89,,
2026-08-12 15:00:00,2723914.64,,
2026-08-12 16:00:00,2711520.98,,
2026-08-12 17:00:00,2696247.16,,
2026-08-12 18:00:00,2738652.86,,
2026-08-12 19:00:00,2762948.39,,
2026-08-12 20:00:00,2723220.31,,
2026-08-12 21:00:00,2709269.36,,
2026-08-12 22:00:00,2669346.30,,
2026-08-12 23:00:00,2682938.43,,
2026-08-13 00:00:00,2708536.09,,
2026-08-13 01:00:00,2725904.09,,
2026-08-13 02:00:00,2720782.73,,
2026-08-13 03:00:00,2765211.58,,
2026-08-13 04:00:00,2748664.45,,
2026-08-13 05:00:00,2753606.85,,
2026-08-13 06:00:00,2773647.33,,
2026-08-13 07:00:00,2820252.35,,
2026-08-13 08:00:00,2830153.70,,
2026-08-13 09:00:00,2799083.28,,
2026-08-13 10:00:00,2799319.76,,
2026-08-13 11:00:00,2757376.29,,
2026-08-13 12:00:00,2736231.33,,
2026-08-13 13:00:00,2752437.99,,
2026-08-13 14:00:00,2773056.18,,
2026-08-13 15:00:00,2795017.98,,
2026-08-13 16:00:00,2783147.04,,
2026-08-13 17:00:00,2738163.23,,
2026-08-13 18:00:00,2587331.49,,
2026-08-13 19:00:00,2637355.75,,
2026-08-13 20:00:00,2643524.51,,
2026-08-13 21:00:00,2650024.50,,
2026-08-13 22:00:00,2636530.15,,
2026-08-13 23:00:00,2644796.34,,
2026-08-14 00:00:00,2668250.41,,
2026-08-14 01:00:00,2671357.18,,
2026-08-14 02:00:00,2664639.80,,
2026-08-14 03:00:00,2648956.42,,
2026-08-14 04:00:00,2645023.98,,
2026-08-14 05:00:00,2642244.02,,
2026-08-14 06:00:00,2652086.58,,
2026-08-14 07:00:00,2629193.84,,
2026-08-14 08:00:00,2610334.64,,
2026-08-14 09:00:00,2607326.74,,
2026-08-14 10:00:00,2548579.60,,
2026-08-14 11:00:00,2556743.95,,
2026-08-14 12:00:00,2539457.54,,
2026-08-14 13:00:00,2530137.58,,
2026-08-14 14:00:00,2559650.80,,
2026-08-14 15:00:00,2558035.11,,
2026-08-14 16:00:00,2571941.45,,
2026-08-14 17:00:00,2574502.91,,
2026-08-14 18:00:00,2593556.01,,
2026-08-14 19:00:00,2604127.44,,
2026-08-14 20:00:00,2612504.66,,
2026-08-14 21:00:00,2656823.76,,
2026-08-14 22:00:00,2655933.18,,
2026-08-14 23:00:00,2667624.58,,
2026-08-15 00:00:00,2655460.69,,
2026-08-15 01:00:00,2664589.40,,
2026-08-15 02:00:00,2681472.62,,
2026-08-15 03:00:00,2691430.95,,
2026-08-15 04:00:00,2668278.93,,
2026-08-15 05:00:00,2679128.22,,
2026-08-15 06:00:00,2692397.43,,
2026-08-15 07:00:00,2689605.65,,
2026-08-15 08:00:00,2697633.73,,
2026-08-15 09:00:00,2685539.32,,
2026-08-15 10:00:00,2665242.23,,
2026-08-15 11:00:00,2665749.25,,
2026-08-15 12:00:00,2667066.02,,
2026-08-15 13:00:00,2669029.70,,
2026-08-15 14:00:00,2715531.91,,
2026-08-15 15:00:00,2736928.26,,
2026-08-15 16:00:00,2789399.16,,
2026-08-15 17:00:00,2826538.99,,
2026-08-15 18:00:00,2795490.39,,
2026-08-15 19:00:00,2798852.92,,
2026-08-15 20:00:00,2802005.79,,
2026-08-15 21:00:00,2788640.13,,
2026-08-15 22:00:00,2781670.08,,
2026-08-15 23:00:00,2768840.96,,
2026-08-16 00:00:00,2762750.85,,
2026-08-16 01:00:00,2782094.41,,
2026-08-16 02:00:00,2789360.44,,
2026-08-16 03:00:00,2757575.73,,
2026-08-16 04:00:00,2804420.27,,
2026-08-16 05:00:00,2770480.43,,
2026-08-16 06:00:00,2759684.32,,
2026-08-16 07:00:00,2770073.93,,
2026-08-16 08:00:00,2760434.49,,
2026-08-16 09:00:00,2759870.08,,
2026-08-16 10:00:00,2787288.30,,
2026-08-16 11:00:00,2827960.04,,
2026-08-16 12:00:00,2819075.18,,
2026-08-16 13:00:00,2869727.14,,
2026-08-16 14:00:00,2887096.82,,
2026-08-16 15:00:00,2838775.31,,
2026-08-16 16:00:00,2839101.83,,
2026-08-16 17:00:00,2834925.48,,
2026-08-16 18:00:00,2839605.55,,
2026-08-16 19:00:00,2851645.91,,
2026-08-16 20:00:00,2849519.32,,
2026-08-16 21:00:00,2832016.92,,
2026-08-16 22:00:00,2847722.64,,
2026-08-16 23:00:00,2862356.85,,
2026-08-17 00:00:00,2859674.89,,
2026-08-17 01:00:00,2952432.80,,
2026-08-17 02:00:00,3012744.68,,
2026-08-17 03:00:00,2911891.79,,
2026-08-17 04:00:00,2935084.26,,
2026-08-17 05:00:00,2943283.88,,
2026-08-17 06:00:00,2886105.71,,
2026-08-17 07:00:00,2890541.37,,
2026-08-17 08:00:00,2850940.28,,
2026-08-17 09:00:00,2801834.25,,
2026-08-17 10:00:00,2808128.95,,
2026-08-17 11:00:00,2785026.19,,
2026-08-17 12:00:00,2764684.97,,
2026-08-17 13:00:00,2769747.05,,
2026-08-17 14:00:00,2759420.96,,
2026-08-17 15:00:00,2727387.94,,
2026-08-17 16:00:00,2744257.89,,
2026-08-17 17:00:00,2707218.07,,
2026-08-17 18:00:00,2705676.96,,
2026-08-17 19:00:00,2673191.14,,
2026-08-17 20:00:00,2667442.38,,
2026-08-17 21:00:00,2686834.85,,
2026-08-17 22:00:00,2695777.21,,
2026-08-17 23:00:00,2685529.07,,
2026-08-18 00:00:00,2663801.00,,
2026-08-18 01:00:00,2670574.13,,
2026-08-18 02:00:00,2638616.99,,
2026-08-18 03:00:00,2619927.08,,
2026-08-18 04:00:00,2594517.76,,
2026-08-18 05:00:00,2580548.63,,
2026-08-18 06:00:00,2569114.00,,
2026-08-18 07:00:00,2579008.13,,
2026-08-18 08:00:00,2580377.36,,
2026-08-18 09:00:00,2609158.57,,
2026-08-18 10:00:00,2608633.45,,
2026-08-18 11:00:00,2613894.68,,
2026-08-18 12:00:00,2629284.10,,
2026-08-18 13:00:00,2648099.89,,
2026-08-18 14:00:00,2658916.43,,
2026-08-18 15:00:00,2676115.01,,
2026-08-18 16:00:00,2793742.66,,
2026-08-18 17:00:00,2796546.51,,
2026-08-18 18:00:00,2822716.92,,
2026-08-18 19:00:00,2775847.93,,
2026-08-18 20:00:00,2769549.79,,
2026-08-18 21:00:00,2745081.71,,
2026-08-18 22:00:00,2738119.84,,
2026-08-18 23:00:00,2747286.82,,
2026-08-19 00:00:00,2757305.89,,
2026-08-19 01:00:00,2731203.56,,
2026-08-19 02:00:00,2745800.44,,
2026-08-19 03:00:00,2717775.69,,
2026-08-19 04:00:00,2695462.05,,
2026-08-19 05:00:00,2680369.94,,
2026-08-19 06:00:00,2673350.19,,
2026-08-19 07:00:00,2737951.12,,
2026-08-19 08:00:00,2849484.25,,
2026-08-19 09:00:00,2827861.32,,
2026-08-19 10:00:00,2812638.15,,
2026-08-19 11:00:00,2835559.78,,
2026-08-19 12:00:00,2804819.14,,
2026-08-19 13:00:00,2779516.41,,
2026-08-19 14:00:00,2743375.42,,
2026-08-19 15:00:00,2756986.88,,
2026-08-19 16:00:00,2758774.04,,
2026-08-19 17:00:00,2744824.22,,
2026-08-19 18:00:00,2754389.44,,
2026-08-19 19:00:00,2732697.38,,
2026-08-19 20:00:00,2753606.24,,
2026-08-19 21:00:00,2795757.56,,
2026-08-19 22:00:00,2807385.90,,
2026-08-19 23:00:00,2836577.42,,
2026-08-20 00:00:00,2779198.06,,
2026-08-20 01:00:00,2768244.51,,
2026-08-20 02:00:00,2746432.80,,
2026-08-20 03:00:00,2737474.65,,
2026-08-20 04:00:00,2748830.32,,
2026-08-20 05:00:00,2779307.30,,
2026-08-20 06:00:00,2775094.45,,
2026-08-20 07:00:00,2769674.57,,
2026-08-20 08:00:00,2746261.44,,
2026-08-20 09:00:00,2781064.53,,
2026-08-20 10:00:00,2783095.72,,
2026-08-20 11:00:00,2697279.63,,
2026-08-20 12:00:00,2693532.12,,
2026-08-20 13:00:00,2682276.53,,
2026-08-20 14:00:00,2618184.38,,
2026-08-20 15:00:00,2624997.90,,
2026-08-20 16:00:00,2621575.25,,
2026-08-20 17:00:00,2623143.76,,
2026-08-20 18:00:00,2589212.89,,
2026-08-20 19:00:00,2594662.86,,
2026-08-20 20:00:00,2610101.99,,
2026-08-20 21:00:00,2596840.33,,
2026-08-20 22:00:00,2616371.75,,
2026-08-20 23:00:00,2623212.82,,
2026-08-21 00:00:00,2618218.52,,
2026-08-21 01:00:00,2615559.73,,
2026-08-21 02:00:00,2623944.14,,
2026-08-21 03:00:00,2637587.19,,
2026-08-21 04:00:00,2625599.90,,
2026-08-21 05:00:00,2639996.31,,
2026-08-21 06:00:00,2626669.87,,
2026-08-21 07:00:00,2610711.43,,
2026-08-21 08:00:00,2624055.30,,
2026-08-21 09:00:00,2573382.20,,
2026-08-21 10:00:00,2555170.00,,
2026-08-21 11:00:00,2553376.42,,
2026-08-21 12:00:00,2518957.95,,
2026-08-21 13:00:00,2553513.46,,
2026-08-21 14:00:00,2537307.45,,
2026-08-21 15:00:00,2549032.08,,
2026-08-21 16:00:00,2521164.25,,
2026-08-21 17:00:00,2520026.10,,
2026-08-21 18:00:00,2505621.16,,
2026-08-21 19:00:00,2499625.29,,
2026-08-21 20:00:00,2481177.91,,
2026-08-21 21:00:00,2501390.58,,
2026-08-21 22:00:00,2497606.02,,
2026-08-21 23:00:00,2522393.86,,
2026-08-22 00:00:00,2538711.24,,
2026-08-22 01:00:00,2574409.79,,
2026-08-22 02:00:00,2596634.00,,
2026-08-22 03:00:00,2637324.10,,
2026-08-22 04:00:00,2624346.45,,
2026-08-22 05:00:00,2649918.76,,
2026-08-22 06:00:00,2366103.70,,
2026-08-22 07:00:00,2394915.11,,
2026-08-22 08:00:00,2384472.00,,
2026-08-22 09:00:00,2366781.52,,
2026-08-22 10:00:00,2358781.15,,
2026-08-22 11:00:00,2327064.17,,
2026-08-22 12:00:00,2360279.53,,
2026-08-22 13:00:00,2330813.95,,
2026-08-22 14:00:00,2350936.12,,
2026-08-22 15:00:00,2337493.30,,
2026-08-22 16:00:00,2331471.19,,
2026-08-22 17:00:00,2349676.85,,
2026-08-22 18:00:00,2350557.28,,
2026-08-22 19:00:00,2323955.44,,
2026-08-22 20:00:00,2304375.56,,
2026-08-22 21:00:00,2307688.73,,
2026-08-22 22:00:00,2255142.63,,
2026-08-22 23:00:00,2270943.43,,
2026-08-23 00:00:00,2250343.07,,
2026-08-23 01:00:00,2270605.24,,
2026-08-23 02:00:00,2235357.30,,
2026-08-23 03:00:00,2236073.06,,
2026-08-23 04:00:00,2200297.75,,
2026-08-23 05:00:00,2211947.14,,
2026-08-23 06:00:00,2213727.18,,
2026-08-23 07:00:00,2217561.53,,
2026-08-23 08:00:00,2248535.65,,
2026-08-23 09:00:00,2234643.80,,
2026-08-23 10:00:00,2218504.24,,
2026-08-23 11:00:00,2252363.07,,
2026-08-23 12:00:00,2240522.00,,
2026-08-23 13:00:00,2223232.42,,
2026-08-23 14:00:00,2237628.95,,
2026-08-23 15:00:00,2247244.52,,
2026-08-23 16:00:00,2274156.10,,
2026-08-23 17:00:00,2299411.49,,
2026-08-23 18:00:00,2323116.27,,
2026-08-23 19:00:00,2367982.74,,
2026-08-23 20:00:00,2343504.25,,
2026-08-23 21:00:00,2339214.71,,
2026-08-23 22:00:00,2378381.18,,
2026-08-23 23:00:00,2363992.06,,
2026-08-24 00:00:00,2353595.83,,
2026-08-24 01:00:00,2328400.93,,
2026-08-24 02:00:00,2287462.52,,
2026-08-24 03:00:00,2283390.44,,
2026-08-24 04:00:00,2273546.16,,
2026-08-24 05:00:00,2287403.02,,
2026-08-24 06:00:00,2270861.50,,
2026-08-24 07:00:00,2275057.65,,
2026-08-24 08:00:00,2248576.18,,
2026-08-24 09:00:00,2265767.51,,
2026-08-24 10:00:00,2280657.17,,
2026-08-24 11:00:00,2270144.35,,
2026-08-24 12:00:00,2285299.69,,
2026-08-24 13:00:00,2294178.11,,
2026-08-24 14:00:00,2287989.97,,
2026-08-24 15:00:00,2318295.35,,
2026-08-24 16:00:00,2351655.50,,
2026-08-24 17:00:00,2326207.06,,
2026-08-24 18:00:00,2314434.74,,
2026-08-24 19:00:00,2303715.14,,
2026-08-24 20:00:00,2277781.16,,
2026-08-24 21:00:00,2282470.17,,
2026-08-24 22:00:00,2290685.83,,
2026-08-24 23:00:00,2277670.99,,
2026-08-25 00:00:00,2282278.32,,
2026-08-25 01:00:00,2308364.25,,
2026-08-25 02:00:00,2286142.10,,
2026-08-25 03:00:00,2313037.32,,
2026-08-25 04:00:00,2327360.43,,
2026-08-25 05:00:00,2334525.84,,
2026-08-25 06:00:00,2324239.77,,
2026-08-25 07:00:00,2327609.85,,
2026-08-25 08:00:00,2325808.61,,
2026-08-25 09:00:00,2305022.99,,
2026-08-25 10:00:00,2324724.93,,
2026-08-25 11:00:00,2310003.03,,
2026-08-25 12:00:00,2329148.81,,
2026-08-25 13:00:00,2338161.72,,
2026-08-25 14:00:00,2320201.70,,
2026-08-25 15:00:00,2321170.53,,
2026-08-25 16:00:00,2325428.13,,
2026-08-25 17:00:00,2340007.85,,
2026-08-25 18:00:00,2360624.06,,
2026-08-25 19:00:00,2361078.67,,
2026-08-25 20:00:00,2387252.57,,
2026-08-25 21:00:00,2362677.70,,
2026-08-25 22:00:00,2343236.62,,
2026-08-25 23:00:00,2327020.52,,
2026-08-26 00:00:00,2332344.01,,
2026-08-26 01:00:00,2340578.62,,
2026-08-26 02:00:00,2344517.46,,
2026-08-26 03:00:00,2359124.10,,
2026-08-26 04:00:00,2364093.14,,
2026-08-26 05:00:00,2354171.99,,
2026-08-26 06:00:00,2356034.31,,
2026-08-26 07:00:00,2419224.14,,
2026-08-26 08:00:00,2497226.43,,
2026-08-26 09:00:00,2696082.34,,
2026-08-26 10:00:00,2963355.97,,
2026-08-26 11:00:00,3197428.59,,
2026-08-26 12:00:00,3377778.37,,
2026-08-26 13:00:00,3465078.42,,
2026-08-26 14:00:00,3172336.51,,
2026-08-26 15:00:00,3133750.09,,
2026-08-26 16:00:00,3217261.26,,
2026-08-26 17:00:00,3283798.14,,
2026-08-26 18:00:00,3097571.26,,
2026-08-26 19:00:00,3316527.71,,
2026-08-26 20:00:00,3292954.09,,
2026-08-26 21:00:00,3210651.22,,
2026-08-26 22:00:00,3342895.21,,
2026-08-26 23:00:00,3324878.52,,
2026-08-27 00:00:00,3783628.41,,
2026-08-27 01:00:00,3746228.03,,
2026-08-27 02:00:00,6186623.24,,
2026-08-27 03:00:00,4061648.09,,
2026-08-27 04:00:00,4227732.07,,
2026-08-27 05:00:00,3949705.37,,
2026-08-27 06:00:00,3833043.41,,
2026-08-27 07:00:00,3863256.94,,
2026-08-27 08:00:00,3888766.38,,
2026-08-27 09:00:00,3901819.53,,
2026-08-27 10:00:00,3656885.53,,
2026-08-27 11:00:00,3410948.47,,
2026-08-27 12:00:00,3304786.30,,
2026-08-27 13:00:00,3232728.29,,
2026-08-27 14:00:00,3450513.63,,
2026-08-27 15:00:00,3416029.31,,
2026-08-27 16:00:00,3372991.94,,
2026-08-27 17:00:00,3342167.13,,
2026-08-27 18:00:00,3301539.43,,
2026-08-27 19:00:00,3298028.61,,
2026-08-27 20:00:00,3321871.64,,
2026-08-27 21:00:00,3305574.59,,
2026-08-27 22:00:00,3242648.84,,
2026-08-27 23:00:00,3284036.64,,
2026-08-28 00:00:00,3274400.93,,
2026-08-28 01:00:00,3337364.97,,
2026-08-28 02:00:00,3268639.80,,
2026-08-28 03:00:00,3142427.09,,
2026-08-28 04:00:00,3271609.07,,
2026-08-28 05:00:00,3393009.79,,
2026-08-28 06:00:00,3396133.01,,
2026-08-28 07:00:00,3305429.74,,
2026-08-28 08:00:00,3123537.78,,
2026-08-28 09:00:00,3163081.17,,
2026-08-28 10:00:00,3157444.75,,
2026-08-28 11:00:00,3114601.70,,
2026-08-28 12:00:00,3092554.56,,
2026-08-28 13:00:00,3115007.30,,
2026-08-28 14:00:00,3094851.64,,
2026-08-28 15:00:00,3068005.69,,
2026-08-28 16:00:00,2919060.49,,
2026-08-28 17:00:00,2769308.64,,
2026-08-28 18:00:00,2772479.84,,
2026-08-28 19:00:00,2690069.02,,
2026-08-28 20:00:00,2696167.50,,
2026-08-28 21:00:00,2688057.12,,
2026-08-28 22:00:00,2668491.37,,
2026-08-28 23:00:00,2675543.72,,
2026-08-29 00:00:00,2660503.25,,
2026-08-29 01:00:00,2661275.47,,
2026-08-29 02:00:00,2654655.17,,
2026-08-29 03:00:00,2653693.31,,
2026-08-29 04:00:00,2837322.03,,
2026-08-29 05:00:00,2849041.22,,
2026-08-29 06:00:00,2820488.86,,
2026-08-29 07:00:00,2840799.72,,
2026-08-29 08:00:00,2851404.26,,
2026-08-29 09:00:00,2901663.01,,
2026-08-29 10:00:00,2882821.48,,
2026-08-29 11:00:00,2978065.22,,
2026-08-29 12:00:00,2968375.61,,
2026-08-29 13:00:00,2941098.20,,
2026-08-29 14:00:00,2939971.53,,
2026-08-29 15:00:00,2897254.55,,
2026-08-29 16:00:00,2903962.95,,
2026-08-29 17:00:00,2859359.54,,
2026-08-29 18:00:00,2827487.33,,
2026-08-29 19:00:00,2796800.84,,
2026-08-29 20:00:00,2784794.32,,
2026-08-29 21:00:00,2714894.55,,
2026-08-29 22:00:00,2709065.47,,
2026-08-29 23:00:00,2689162.13,,
2026-08-30 00:00:00,2719781.61,,
2026-08-30 01:00:00,2744137.65,,
2026-08-30 02:00:00,2707400.89,,
2026-08-30 03:00:00,2718657.32,,
2026-08-30 04:00:00,2723362.39,,
2026-08-30 05:00:00,2708115.31,,
2026-08-30 06:00:00,2730405.42,,
2026-08-30 07:00:00,2730233.07,,
2026-08-30 08:00:00,2720935.99,,
2026-08-30 09:00:00,2734035.29,,
2026-08-30 10:00:00,2686280.67,,
2026-08-30 11:00:00,2752420.03,,
2026-08-30 12:00:00,2752652.35,,
2026-08-30 13:00:00,2785332.30,,
2026-08-30 14:00:00,2786001.24,,
2026-08-30 15:00:00,2771061.09,,
2026-08-30 16:00:00,2782752.39,,
2026-08-30 17:00:00,2789534.41,,
2026-08-30 18:00:00,2780402.41,,
2026-08-30 19:00:00,2808789.99,,
2026-08-30 20:00:00,2812817.53,,
2026-08-30 21:00:00,2842624.79,,
2026-08-30 22:00:00,2839726.36,,
2026-08-30 23:00:00,2843216.25,,
2026-08-31 00:00:00,2852583.82,,
2026-08-31 01:00:00,2874734.65,,
2026-08-31 02:00:00,2835397.70,,
2026-08-31 03:00:00,2877716.33,,
2026-08-31 04:00:00,2897710.62,,
2026-08-31 05:00:00,2911978.81,,
2026-08-31 06:00:00,2907610.32,,
2026-08-31 07:00:00,2879556.75,,
2026-08-31 08:00:00,2897163.75,,
2026-08-31 09:00:00,2888957.29,,
2026-08-31 10:00:00,2834915.60,,
2026-08-31 11:00:00,2818943.99,,
2026-08-31 12:00:00,2849218.91,,
2026-08-31 13:00:00,2840544.76,,
2026-08-31 14:00:00,2861355.77,,
2026-08-31 15:00:00,2944325.76,,
2026-08-31 16:00:00,2915279.02,,
2026-08-31 17:00:00,2899141.98,,
2026-08-31 18:00:00,2885133.18,,
2026-08-31 19:00:00,2874248.97,,
2026-08-31 20:00:00,2868165.23,,
2026-08-31 21:00:00,2876686.64,,
2026-08-31 22:00:00,2871777.60,,
2026-08-31 23:00:00,2854044.10,,
2026-09-01 00:00:00,2890467.42,,
2026-09-01 01:00:00,2916301.26,,
2026-09-01 02:00:00,2902967.66,,
2026-09-01 03:00:00,2925692.28,,
2026-09-01 04:00:00,2924768.00,,
2026-09-01 05:00:00,2911607.89,,
2026-09-01 06:00:00,2931183.40,,
2026-09-01 07:00:00,2911616.35,,
2026-09-01 08:00:00,2908067.11,,
2026-09-01 09:00:00,2837384.95,,
2026-09-01 10:00:00,2830500.94,,
2026-09-01 11:00:00,2817857.42,,
2026-09-01 12:00:00,2571697.65,,
2026-09-01 13:00:00,2550267.27,,
2026-09-01 14:00:00,2587060.04,,
2026-09-01 15:00:00,2590969.39,,
2026-09-01 16:00:00,2591790.30,,
2026-09-01 17:00:00,2581634.96,,
2026-09-01 18:00:00,2597938.48,,
2026-09-01 19:00:00,2617543.30,,
2026-09-01 20:00:00,2643502.56,,
2026-09-01 21:00:00,2691517.25,,
2026-09-01 22:00:00,2646636.52,,
2026-09-01 23:00:00,2650412.85,,
2026-09-02 00:00:00,2691611.18,,
2026-09-02 01:00:00,2724266.56,,
2026-09-02 02:00:00,2699072.77,,
2026-09-02 03:00:00,2699621.76,,
2026-09-02 04:00:00,2685068.94,,
2026-09-02 05:00:00,2702768.31,,
2026-09-02 06:00:00,2721789.88,,
2026-09-02 07:00:00,2717068.21,,
2026-09-02 08:00:00,2765868.78,,
2026-09-02 09:00:00,2706313.91,,
2026-09-02 10:00:00,2689569.31,,
2026-09-02 11:00:00,2663307.68,,
2026-09-02 12:00:00,2673285.63,,
2026-09-02 13:00:00,2689514.68,,
2026-09-02 14:00:00,2710638.32,,
2026-09-02 15:00:00,2680577.10,,
2026-09-02 16:00:00,2684259.91,,
2026-09-02 17:00:00,2698499.11,,
2026-09-02 18:00:00,2702826.66,,
2026-09-02 19:00:00,2692112.47,,
2026-09-02 20:00:00,2678615.56,,
2026-09-02 21:00:00,2676593.71,,
2026-09-02 22:00:00,2605618.70,,
2026-09-02 23:00:00,2662708.04,,
2026-09-03 00:00:00,2682621.94,,
2026-09-03 01:00:00,2686365.00,,
2026-09-03 02:00:00,2694365.40,,
2026-09-03 03:00:00,2689713.94,,
2026-09-03 04:00:00,2651159.37,,
2026-09-03 05:00:00,2663801.21,,
2026-09-03 06:00:00,2667618.25,,
2026-09-03 07:00:00,2654224.90,,
2026-09-03 08:00:00,2680827.75,,
2026-09-03 09:00:00,2683841.86,,
2026-09-03 10:00:00,2689229.69,,
2026-09-03 11:00:00,2698587.28,,
2026-09-03 12:00:00,2721856.33,,
2026-09-03 13:00:00,2724873.50,,
2026-09-03 14:00:00,2720807.27,,
2026-09-03 15:00:00,2790331.86,,
2026-09-03 16:00:00,2815539.23,,
2026-09-03 17:00:00,2800947.29,,
2026-09-03 18:00:00,2842310.11,,
2026-09-03 19:00:00,2880074.20,,
2026-09-03 20:00:00,2867588.73,,
2026-09-03 21:00:00,2874810.30,,
2026-09-03 22:00:00,2879420.15,,
2026-09-03 23:00:00,2871950.23,,
2026-09-04 00:00:00,2877348.58,,
2026-09-04 01:00:00,2887626.07,,
2026-09-04 02:00:00,2891219.63,,
2026-09-04 03:00:00,2902091.81,,
2026-09-04 04:00:00,2887361.43,,
2026-09-04 05:00:00,2870187.18,,
2026-09-04 06:00:00,2901733.75,,
2026-09-04 07:00:00,2898071.69,,
2026-09-04 08:00:00,2926125.83,,
2026-09-04 09:00:00,2977544.86,,
2026-09-04 10:00:00,3005390.42,,
2026-09-04 11:00:00,2975056.06,,
2026-09-04 12:00:00,2965506.01,,
2026-09-04 13:00:00,2938061.78,,
2026-09-04 14:00:00,2938288.21,,
2026-09-04 15:00:00,2934569.81,,
2026-09-04 16:00:00,2964338.79,,
2026-09-04 17:00:00,2960361.81,,
2026-09-04 18:00:00,2982181.88,,
2026-09-04 19:00:00,3012463.87,,
2026-09-04 20:00:00,3025313.87,,
2026-09-04 21:00:00,3050696.55,,
2026-09-04 22:00:00,3076779.89,,
2026-09-04 23:00:00,3082309.46,,
2026-09-05 00:00:00,3081729.07,,
2026-09-05 01:00:00,3082432.03,,
2026-09-05 02:00:00,3101104.06,,
2026-09-05 03:00:00,3151152.42,,
2026-09-05 04:00:00,3119553.95,,
2026-09-05 05:00:00,3065702.35,,
2026-09-05 06:00:00,3073183.88,,
2026-09-05 07:00:00,3110075.96,,
2026-09-05 08:00:00,3162380.05,,
2026-09-05 09:00:00,3163644.41,,
2026-09-05 10:00:00,3172501.34,,
2026-09-05 11:00:00,3200265.44,,
2026-09-05 12:00:00,3219168.12,,
2026-09-05 13:00:00,3187288.10,,
2026-09-05 14:00:00,3166372.66,,
2026-09-05 15:00:00,3199213.68,,
2026-09-05 16:00:00,3202221.40,,
2026-09-05 17:00:00,3211775.18,,
2026-09-05 18:00:00,3204677.26,,
2026-09-05 19:00:00,3203722.17,,
2026-09-05 20:00:00,3217091.96,,
2026-09-05 21:00:00,3219913.72,,
2026-09-05 22:00:00,3208724.03,,
2026-09-05 23:00:00,3212010.58,,
2026-09-06 00:00:00,3206137.21,,
2026-09-06 01:00:00,3212064.42,,
2026-09-06 02:00:00,3180869.64,,
2026-09-06 03:00:00,3160229.71,,
2026-09-06 04:00:00,3140732.32,,
2026-09-06 05:00:00,3116070.50,,
2026-09-06 06:00:00,3144556.73,,
2026-09-06 07:00:00,3116394.84,,
2026-09-06 08:00:00,3109471.51,,
2026-09-06 09:00:00,3119820.43,,
2026-09-06 10:00:00,3065473.67,,
2026-09-06 11:00:00,3056860.26,,
2026-09-06 12:00:00,3059115.73,,
2026-09-06 13:00:00,3069591.56,,
2026-09-06 14:00:00,3092406.04,,
2026-09-06 15:00:00,3074186.68,,
2026-09-06 16:00:00,3080853.99,,
2026-09-06 17:00:00,3086072.46,,
2026-09-06 18:00:00,3082518.05,,
2026-09-06 19:00:00,3084590.86,,
2026-09-06 20:00:00,3094142.12,,
2026-09-06 21:00:00,3096500.26,,
2026-09-06 22:00:00,3091635.34,,
2026-09-06 23:00:00,3095952.80,,
2026-09-07 00:00:00,3077786.37,,
2026-09-07 01:00:00,3064240.15,,
2026-09-07 02:00:00,3041661.84,,
2026-09-07 03:00:00,3040119.46,,
2026-09-07 04:00:00,3039239.81,,
2026-09-07 05:00:00,3029343.35,,
2026-09-07 06:00:00,3017554.80,,
2026-09-07 07:00:00,3036534.72,,
2026-09-07 08:00:00,3030082.20,,
2026-09-07 09:00:00,3041287.98,,
2026-09-07 10:00:00,3045417.93,,
2026-09-07 11:00:00,3082034.23,,
2026-09-07 12:00:00,3075771.44,,
2026-09-07 13:00:00,3086808.57,,
2026-09-07 14:00:00,3080775.37,,
2026-09-07 15:00:00,3063548.45,,
2026-09-07 16:00:00,3038387.67,,
2026-09-07 17:00:00,3049267.47,,
2026-09-07 18:00:00,3037899.94,,
2026-09-07 19:00:00,2994230.12,,
2026-09-07 20:00:00,3019348.45,,
2026-09-07 21:00:00,3030633.93,,
2026-09-07 22:00:00,3038789.88,,
2026-09-07 23:00:00,3049003.98,,
2026-09-08 00:00:00,3057730.78,,
2026-09-08 01:00:00,3091107.80,,
2026-09-08 02:00:00,3115618.66,,
2026-09-08 03:00:00,3138139.79,,
2026-09-08 04:00:00,3143336.58,,
2026-09-08 05:00:00,3149057.91,,
2026-09-08 06:00:00,3156021.40,,
2026-09-08 07:00:00,3204265.25,,
2026-09-08 08:00:00,3170554.47,,
2026-09-08 09:00:00,3225536.62,,
2026-09-08 10:00:00,3197594.12,,
2026-09-08 11:00:00,3180433.66,,
2026-09-08 12:00:00,3178015.19,,
2026-09-08 13:00:00,3210940.87,,
2026-09-08 14:00:00,3183006.91,,
2026-09-08 15:00:00,3163308.71,,
2026-09-08 16:00:00,3155595.63,,
2026-09-08 17:00:00,3153641.27,,
2026-09-08 18:00:00,3131408.58,,
2026-09-08 19:00:00,3077719.52,,
2026-09-08 20:00:00,3052336.48,,
2026-09-08 21:00:00,3052492.43,,
2026-09-08 22:00:00,3049368.29,,
2026-09-08 23:00:00,3068005.55,,
2026-09-09 00:00:00,3085948.50,,
2026-09-09 01:00:00,3085325.56,,
2026-09-09 02:00:00,3098717.59,,
2026-09-09 03:00:00,3064083.53,,
2026-09-09 04:00:00,3067898.68,,
2026-09-09 05:00:00,3068782.92,,
2026-09-09 06:00:00,3080240.23,,
2026-09-09 07:00:00,3127197.80,,
2026-09-09 08:00:00,3106942.47,,
2026-09-09 09:00:00,3100583.36,,
2026-09-09 10:00:00,3069932.86,,
2026-09-09 11:00:00,3049275.64,,
2026-09-09 12:00:00,3031579.25,,
2026-09-09 13:00:00,3006737.66,,
2026-09-09 14:00:00,2961757.78,,
2026-09-09 15:00:00,2961587.95,,
2026-09-09 16:00:00,2896666.55,,
2026-09-09 17:00:00,2881032.21,,
2026-09-09 18:00:00,2858212.92,,
2026-09-09 19:00:00,2873406.57,,
2026-09-09 20:00:00,2836475.82,,
2026-09-09 21:00:00,2844511.53,,
2026-09-09 22:00:00,2807088.16,,
2026-09-09 23:00:00,2678963.50,,
2026-09-10 00:00:00,2676888.38,,
2026-09-10 01:00:00,2708110.42,,
2026-09-10 02:00:00,2675487.17,,
2026-09-10 03:00:00,2681439.57,,
2026-09-10 04:00:00,2661969.95,,
2026-09-10 05:00:00,2668689.19,,
2026-09-10 06:00:00,2671191.38,,
2026-09-10 07:00:00,2666622.53,,
2026-09-10 08:00:00,2624646.43,,
2026-09-10 09:00:00,2653028.33,,
2026-09-10 10:00:00,2643699.56,,
2026-09-10 11:00:00,2626038.87,,
2026-09-10 12:00:00,2624864.39,,
2026-09-10 13:00:00,2615506.69,,
2026-09-10 14:00:00,2584752.03,,
2026-09-10 15:00:00,2588747.71,,
2026-09-10 16:00:00,2578661.83,,
2026-09-10 17:00:00,2576098.59,,
2026-09-10 18:00:00,2593762.91,,
2026-09-10 19:00:00,2587359.64,,
2026-09-10 20:00:00,2583808.46,,
2026-09-10 21:00:00,2599789.35,,
2026-09-10 22:00:00,2610308.88,,
2026-09-10 23:00:00,2678047.72,,
2026-09-11 00:00:00,2662662.92,,
2026-09-11 01:00:00,2661172.86,,
2026-09-11 02:00:00,2750612.79,,
2026-09-11 03:00:00,2734460.69,,
2026-09-11 04:00:00,2753988.77,,
2026-09-11 05:00:00,2754621.82,,
2026-09-11 06:00:00,2739964.11,,
2026-09-11 07:00:00,2749897.33,,
2026-09-11 08:00:00,2756898.06,,
2026-09-11 09:00:00,2713453.96,,
2026-09-11 10:00:00,2720368.13,,
2026-09-11 11:00:00,2686853.86,,
2026-09-11 12:00:00,2653879.63,,
2026-09-11 13:00:00,2672560.00,,
2026-09-11 14:00:00,2706352.10,,
2026-09-11 15:00:00,2674301.18,,
2026-09-11 16:00:00,2666829.68,,
2026-09-11 17:00:00,2707667.74,,
2026-09-11 18:00:00,2681497.96,,
2026-09-11 19:00:00,2678838.16,,
2026-09-11 20:00:00,2702777.37,,
2026-09-11 21:00:00,2691536.57,,
2026-09-11 22:00:00,2666205.21,,
2026-09-11 23:00:00,2691289.60,,
2026-09-12 00:00:00,2716824.74,,
2026-09-12 01:00:00,2698433.28,,
2026-09-12 02:00:00,2730371.22,,
2026-09-12 03:00:00,2752319.28,,
2026-09-12 04:00:00,2750404.92,,
2026-09-12 05:00:00,2739527.82,,
2026-09-12 06:00:00,2717170.18,,
2026-09-12 07:00:00,2714895.37,,
2026-09-12 08:00:00,2704457.13,,
2026-09-12 09:00:00,2677936.41,,
2026-09-12 10:00:00,2698565.34,,
2026-09-12 11:00:00,2733801.21,,
2026-09-12 12:00:00,2730439.73,,
2026-09-12 13:00:00,2686846.66,,
2026-09-12 14:00:00,2656359.64,,
2026-09-12 15:00:00,2663534.90,,
2026-09-12 16:00:00,2667343.02,,
2026-09-12 17:00:00,2668516.65,,
2026-09-12 18:00:00,2685571.84,,
2026-09-12 19:00:00,2680850.29,,
2026-09-12 20:00:00,2676921.54,,
2026-09-12 21:00:00,2666553.08,,
2026-09-12 22:00:00,2670028.83,,
2026-09-12 23:00:00,2671272.98,,
2026-09-13 00:00:00,2683386.77,,
2026-09-13 01:00:00,2688984.54,,
2026-09-13 02:00:00,2730626.84,,
2026-09-13 03:00:00,2705856.85,,
2026-09-13 04:00:00,2711397.79,,
2026-09-13 05:00:00,2709981.08,,
2026-09-13 06:00:00,2672587.37,,
2026-09-13 07:00:00,2685720.07,,
2026-09-13 08:00:00,2684959.77,,
2026-09-13 09:00:00,2648907.60,,
2026-09-13 10:00:00,2649465.10,,
2026-09-13 11:00:00,2640580.85,,
2026-09-13 12:00:00,2663732.57,,
2026-09-13 13:00:00,2658898.03,,
2026-09-13 14:00:00,2668338.02,,
2026-09-13 15:00:00,2661916.85,,
2026-09-13 16:00:00,2659423.82,,
2026-09-13 17:00:00,2648228.90,,
2026-09-13 18:00:00,2639625.59,,
2026-09-13 19:00:00,2639765.93,,
2026-09-13 20:00:00,2631936.83,,
2026-09-13 21:00:00,2627675.87,,
2026-09-13 22:00:00,2632787.09,,
2026-09-13 23:00:00,2588136.76,,
2026-09-14 00:00:00,2616261.50,,
2026-09-14 01:00:00,2588755.94,,
2026-09-14 02:00:00,2577774.13,,
2026-09-14 03:00:00,2598862.05,,
2026-09-14 04:00:00,2607526.24,,
2026-09-14 05:00:00,2603297.60,,
2026-09-14 06:00:00,2609727.95,,
2026-09-14 07:00:00,2608931.15,,
2026-09-14 08:00:00,2603655.72,,
2026-09-14 09:00:00,2617397.66,,
2026-09-14 10:00:00,2598494.84,,
2026-09-14 11:00:00,2585862.37,,
2026-09-14 12:00:00,2577164.63,,
2026-09-14 13:00:00,2577007.53,,
2026-09-14 14:00:00,2606824.66,,
2026-09-14 15:00:00,2631313.61,,
2026-09-14 16:00:00,2731953.71,,
2026-09-14 17:00:00,2711527.41,,
2026-09-14 18:00:00,2642913.10,,
2026-09-14 19:00:00,2679835.62,,
2026-09-14 20:00:00,2708520.04,,
2026-09-14 21:00:00,2711168.91,,
2026-09-14 22:00:00,2682292.92,,
2026-09-14 23:00:00,2665667.51,,
2026-09-15 00:00:00,2647843.32,,
2026-09-15 01:00:00,2677303.69,,
2026-09-15 02:00:00,2681282.12,,
2026-09-15 03:00:00,2691017.02,,
2026-09-15 04:00:00,2759570.06,,
2026-09-15 05:00:00,2746418.32,,
2026-09-15 06:00:00,2733804.98,,
2026-09-15 07:00:00,2769475.77,,
2026-09-15 08:00:00,2746022.07,,
2026-09-15 09:00:00,2775005.79,,
2026-09-15 10:00:00,2795156.02,,
2026-09-15 11:00:00,2919915.42,,
2026-09-15 12:00:00,2868567.84,,
2026-09-15 13:00:00,2756603.61,,
2026-09-15 14:00:00,2765136.92,,
2026-09-15 15:00:00,2715345.82,,
2026-09-15 16:00:00,2733300.03,,
2026-09-15 17:00:00,2741480.50,,
2026-09-15 18:00:00,2758901.55,,
2026-09-15 19:00:00,2707862.12,,
2026-09-15 20:00:00,2715908.62,,
2026-09-15 21:00:00,2706181.53,,
2026-09-15 22:00:00,2725122.11,,
2026-09-15 23:00:00,2759203.21,,
2026-09-16 00:00:00,2757270.14,,
2026-09-16 01:00:00,2725323.00,,
2026-09-16 02:00:00,2701021.86,,
2026-09-16 03:00:00,2734572.63,,
2026-09-16 04:00:00,2677781.34,,
2026-09-16 05:00:00,2693630.53,,
2026-09-16 06:00:00,2689159.59,,
2026-09-16 07:00:00,2670217.78,,
2026-09-16 08:00:00,2658682.07,,
2026-09-16 09:00:00,2634108.79,,
2026-09-16 10:00:00,2648376.46,,
2026-09-16 11:00:00,2660229.16,,
2026-09-16 12:00:00,2677651.93,,
2026-09-16 13:00:00,2649308.23,,
2026-09-16 14:00:00,2636907.90,,
2026-09-16 15:00:00,2627408.95,,
2026-09-16 16:00:00,2601060.99,,
2026-09-16 17:00:00,2573190.82,,
2026-09-16 18:00:00,2559934.90,,
2026-09-16 19:00:00,2584016.72,,
2026-09-16 20:00:00,2570632.30,,
2026-09-16 21:00:00,2572747.18,,
2026-09-16 22:00:00,2573653.31,,
2026-09-16 23:00:00,2567009.67,,
2026-09-17 00:00:00,2593871.82,,
2026-09-17 01:00:00,2581550.67,,
2026-09-17 02:00:00,2627538.35,,
2026-09-17 03:00:00,2608408.26,,
2026-09-17 04:00:00,2586432.70,,
2026-09-17 05:00:00,2583171.87,,
2026-09-17 06:00:00,2584490.52,,
2026-09-17 07:00:00,2589097.95,,
2026-09-17 08:00:00,2582562.59,,
2026-09-17 09:00:00,2567856.94,,
2026-09-17 10:00:00,2551258.25,,
2026-09-17 11:00:00,2551456.66,,
2026-09-17 12:00:00,2567538.28,,
2026-09-17 13:00:00,2572901.68,,
2026-09-17 14:00:00,2554132.53,,
2026-09-17 15:00:00,2567454.47,,
2026-09-17 16:00:00,2556228.12,,
2026-09-17 17:00:00,2555804.42,,
2026-09-17 18:00:00,2546463.87,,
2026-09-17 19:00:00,2553698.03,,
2026-09-17 20:00:00,2549269.48,,
2026-09-17 21:00:00,2554521.09,,
2026-09-17 22:00:00,2551412.61,,
2026-09-17 23:00:00,2557316.57,,
2026-09-18 00:00:00,2566087.16,,
2026-09-18 01:00:00,2578127.91,,
2026-09-18 02:00:00,2604881.28,,
2026-09-18 03:00:00,2580138.22,,
2026-09-18 04:00:00,2597015.07,,
2026-09-18 05:00:00,2591401.07,,
2026-09-18 06:00:00,2573990.19,,
2026-09-18 07:00:00,2560129.53,,
2026-09-18 08:00:00,2561908.22,,
2026-09-18 09:00:00,2552224.39,,
2026-09-18 10:00:00,2531074.48,,
2026-09-18 11:00:00,2514935.42,,
2026-09-18 12:00:00,2523777.40,,
2026-09-18 13:00:00,2534471.96,,
2026-09-18 14:00:00,2586614.53,,
2026-09-18 15:00:00,2599706.72,,
2026-09-18 16:00:00,2648685.05,,
2026-09-18 17:00:00,2621901.08,,
2026-09-18 18:00:00,2623979.86,,
2026-09-18 19:00:00,2628460.59,,
2026-09-18 20:00:00,2637482.55,,
2026-09-18 21:00:00,2660922.80,,
2026-09-18 22:00:00,2669402.22,,
2026-09-18 23:00:00,2694977.17,,
2026-09-19 00:00:00,2688269.00,,
2026-09-19 01:00:00,2680033.62,,
2026-09-19 02:00:00,2702064.02,,
2026-09-19 03:00:00,2707846.47,,
2026-09-19 04:00:00,2699620.02,,
2026-09-19 05:00:00,2690812.50,,
2026-09-19 06:00:00,2656104.61,,
2026-09-19 07:00:00,2687928.37,,
2026-09-19 08:00:00,2705050.56,,
2026-09-19 09:00:00,2789676.20,,
2026-09-19 10:00:00,2947382.43,,
2026-09-19 11:00:00,2920989.22,,
2026-09-19 12:00:00,3113322.89,,
2026-09-19 13:00:00,2975210.32,,
2026-09-19 14:00:00,3069324.65,,
2026-09-19 15:00:00,3085816.80,,
2026-09-19 16:00:00,3153135.97,,
2026-09-19 17:00:00,3149859.56,,
2026-09-19 18:00:00,3117152.14,,
2026-09-19 19:00:00,3125863.97,,
2026-09-19 20:00:00,3161361.32,,
2026-09-19 21:00:00,3179555.43,,
2026-09-19 22:00:00,3152354.06,,
2026-09-19 23:00:00,3066689.64,,
2026-09-20 00:00:00,3024377.95,,
2026-09-20 01:00:00,3003802.94,,
2026-09-20 02:00:00,2973644.73,,
2026-09-20 03:00:00,2897061.33,,
2026-09-20 04:00:00,2932648.19,,
2026-09-20 05:00:00,2942957.04,,
2026-09-20 06:00:00,2976011.51,,
2026-09-20 07:00:00,2944187.22,,
2026-09-20 08:00:00,2951292.24,,
2026-09-20 09:00:00,2892848.99,,
2026-09-20 10:00:00,2892368.41,,
2026-09-20 11:00:00,2907149.26,,
2026-09-20 12:00:00,2902713.92,,
2026-09-20 13:00:00,2900582.53,,
2026-09-20 14:00:00,2883560.32,,
2026-09-20 15:00:00,2888761.94,,
2026-09-20 16:00:00,2888933.50,,
2026-09-20 17:00:00,2930480.11,,
2026-09-20 18:00:00,2920073.11,,
2026-09-20 19:00:00,2899193.59,,
2026-09-20 20:00:00,2915274.98,,
2026-09-20 21:00:00,2916619.69,,
2026-09-20 22:00:00,2887957.07,,
2026-09-20 23:00:00,2891130.99,,
2026-09-21 00:00:00,2868212.36,,
2026-09-21 01:00:00,2880182.67,,
2026-09-21 02:00:00,2847316.07,,
2026-09-21 03:00:00,2841084.04,,
2026-09-21 04:00:00,2876445.30,,
2026-09-21 05:00:00,2855205.28,,
2026-09-21 06:00:00,2843095.27,,
2026-09-21 07:00:00,2864137.06,,
2026-09-21 08:00:00,2855837.71,,
2026-09-21 09:00:00,3062551.32,,
2026-09-21 10:00:00,2939941.46,,
2026-09-21 11:00:00,2976703.66,,
2026-09-21 12:00:00,2959464.03,,
2026-09-21 13:00:00,2938761.82,,
2026-09-21 14:00:00,2921103.31,,
2026-09-21 15:00:00,2927302.05,,
2026-09-21 16:00:00,2944650.57,,
2026-09-21 17:00:00,2917312.77,,
2026-09-21 18:00:00,2889293.46,,
2026-09-21 19:00:00,2903334.50,,
2026-09-21 20:00:00,2897682.97,,
2026-09-21 21:00:00,2902502.67,,
2026-09-21 22:00:00,2902915.63,,
2026-09-21 23:00:00,2921391.43,,
2026-09-22 00:00:00,2932333.66,,
2026-09-22 01:00:00,2935661.81,,
2026-09-22 02:00:00,2932463.87,,
2026-09-22 03:00:00,2941064.28,,
2026-09-22 04:00:00,2949542.25,,
2026-09-22 05:00:00,2953243.40,,
2026-09-22 06:00:00,2947853.72,,
2026-09-22 07:00:00,2957604.99,,
2026-09-22 08:00:00,2948410.91,,
2026-09-22 09:00:00,2917038.94,,
2026-09-22 10:00:00,2887687.36,,
2026-09-22 11:00:00,2844591.13,,
2026-09-22 12:00:00,2880515.36,,
2026-09-22 13:00:00,2878239.63,,
2026-09-22 14:00:00,2876425.52,,
2026-09-22 15:00:00,2884540.88,,
2026-09-22 16:00:00,2893365.18,,
2026-09-22 17:00:00,2920365.20,,
2026-09-22 18:00:00,2924104.44,,
2026-09-22 19:00:00,2927310.99,,
2026-09-22 20:00:00,2918836.23,,
2026-09-22 21:00:00,2907382.84,,
2026-09-22 22:00:00,2926493.65,,
2026-09-22 23:00:00,2943320.26,,
2026-09-23 00:00:00,2939462.83,,
2026-09-23 01:00:00,2955254.60,,
2026-09-23 02:00:00,2939534.16,,
2026-09-23 03:00:00,2935715.58,,
2026-09-23 04:00:00,2943204.20,,
2026-09-23 05:00:00,2983024.76,,
2026-09-23 06:00:00,2951681.22,,
2026-09-23 07:00:00,2979990.38,,
2026-09-23 08:00:00,3007006.58,,
2026-09-23 09:00:00,3244287.63,,
2026-09-23 10:00:00,3302668.97,,
2026-09-23 11:00:00,3463317.92,,
2026-09-23 12:00:00,3828838.69,,
2026-09-23 13:00:00,3534483.77,,
2026-09-23 14:00:00,3674964.07,,
2026-09-23 15:00:00,3383391.56,,
2026-09-23 16:00:00,3373640.33,,
2026-09-23 17:00:00,3230430.35,,
2026-09-23 18:00:00,3214284.79,,
2026-09-23 19:00:00,3229477.42,,
2026-09-23 20:00:00,3191508.30,,
2026-09-23 21:00:00,3153244.43,,
2026-09-23 22:00:00,3164803.22,,
2026-09-23 23:00:00,3196387.87,,
2026-09-24 00:00:00,3169229.46,,
2026-09-24 01:00:00,3033373.92,,
2026-09-24 02:00:00,2961962.19,,
2026-09-24 03:00:00,3016528.67,,
2026-09-24 04:00:00,3017928.25,,
2026-09-24 05:00:00,3059180.50,,
2026-09-24 06:00:00,3061857.07,,
2026-09-24 07:00:00,3097209.62,,
2026-09-24 08:00:00,3064283.34,,
2026-09-24 09:00:00,2990518.07,,
2026-09-24 10:00:00,2938227.04,,
2026-09-24 11:00:00,2965784.52,,
2026-09-24 12:00:00,3027363.32,,
2026-09-24 13:00:00,2985490.70,,
2026-09-24 14:00:00,3019847.80,,
2026-09-24 15:00:00,3004803.77,,
2026-09-24 16:00:00,3027286.67,,
2026-09-24 17:00:00,3019370.99,,
2026-09-24 18:00:00,3012045.98,,
2026-09-24 19:00:00,3014784.06,,
2026-09-24 20:00:00,3005779.32,,
2026-09-24 21:00:00,2988062.51,,
2026-09-24 22:00:00,2998141.21,,
2026-09-24 23:00:00,2973310.40,,
2026-09-25 00:00:00,2963189.25,,
2026-09-25 01:00:00,2992910.88,,
2026-09-25 02:00:00,2985170.98,,
2026-09-25 03:00:00,2969853.77,,
2026-09-25 04:00:00,2961221.31,,
2026-09-25 05:00:00,2958680.90,,
2026-09-25 06:00:00,2963256.23,,
2026-09-25 07:00:00,2945394.62,,
2026-09-25 08:00:00,2991272.91,,
2026-09-25 09:00:00,3003413.40,,
2026-09-25 10:00:00,2987168.44,,
2026-09-25 11:00:00,2989290.78,,
2026-09-25 12:00:00,2984583.75,,
2026-09-25 13:00:00,2974379.02,,
2026-09-25 14:00:00,3118510.92,,
2026-09-25 15:00:00,3220634.94,,
2026-09-25 16:00:00,3200007.38,,
2026-09-25 17:00:00,3185924.14,,
2026-09-25 18:00:00,3238262.43,,
2026-09-25 19:00:00,3239394.60,,
2026-09-25 20:00:00,3216051.18,,
2026-09-25 21:00:00,3167761.11,,
2026-09-25 22:00:00,3139508.86,,
2026-09-25 23:00:00,3173136.66,,
2026-09-26 00:00:00,3140077.29,,
2026-09-26 01:00:00,3087079.90,,
2026-09-26 02:00:00,3070662.13,,
2026-09-26 03:00:00,3057997.21,,
2026-09-26 04:00:00,3044982.49,,
2026-09-26 05:00:00,3110717.79,,
2026-09-26 06:00:00,3067763.10,,
2026-09-26 07:00:00,3083238.26,,
2026-09-26 08:00:00,3072394.56,,
2026-09-26 09:00:00,3094525.14,,
2026-09-26 10:00:00,3095793.14,,
2026-09-26 11:00:00,3103279.28,,
2026-09-26 12:00:00,3094467.63,,
2026-09-26 13:00:00,3074119.41,,
2026-09-26 14:00:00,3067869.33,,
2026-09-26 15:00:00,3223574.68,,
2026-09-26 16:00:00,3191934.26,,
2026-09-26 17:00:00,3162973.16,,
2026-09-26 18:00:00,3148608.36,,
2026-09-26 19:00:00,3137727.03,,
2026-09-26 20:00:00,3114308.73,,
2026-09-26 21:00:00,3103010.22,,
2026-09-26 22:00:00,3182809.57,,
2026-09-26 23:00:00,3178677.01,,
2026-09-27 00:00:00,3224961.75,,
2026-09-27 01:00:00,3210186.70,,
2026-09-27 02:00:00,3215260.11,,
2026-09-27 03:00:00,3252118.06,,
2026-09-27 04:00:00,3304806.19,,
2026-09-27 05:00:00,3199161.71,,
2026-09-27 06:00:00,3193218.89,,
2026-09-27 07:00:00,3185531.45,,
2026-09-27 08:00:00,3229196.40,,
2026-09-27 09:00:00,3206172.73,,
