time,oi_A,oi_6,oi_3
2026-05-17 12:00:00,,1327953.79,
2026-05-17 13:00:00,,1322640.07,
2026-05-17 14:00:00,,1322512.19,
2026-05-17 15:00:00,,1335311.83,
2026-05-17 16:00:00,,1355090.81,
2026-05-17 17:00:00,,1369309.76,
2026-05-17 18:00:00,,1341429.95,
2026-05-17 19:00:00,,1319272.55,
2026-05-17 20:00:00,,1313981.91,
2026-05-17 21:00:00,,1306426.72,
2026-05-17 22:00:00,,1309731.26,
2026-05-17 23:00:00,,1293551.93,
2026-05-18 00:00:00,,1277243.73,
2026-05-18 01:00:00,,1272844.03,
2026-05-18 02:00:00,,1283755.51,
2026-05-18 03:00:00,,1285229.00,
2026-05-18 04:00:00,,1279573.94,
2026-05-18 05:00:00,,1276204.06,
2026-05-18 06:00:00,,1266181.88,
2026-05-18 07:00:00,,1255814.28,
2026-05-18 08:00:00,,1249001.99,
2026-05-18 09:00:00,,1252217.52,
2026-05-18 10:00:00,,1251248.45,
2026-05-18 11:00:00,,1257344.64,
2026-05-18 12:00:00,,1269345.18,
2026-05-18 13:00:00,,1276668.99,
2026-05-18 14:00:00,,1270071.41,
2026-05-18 15:00:00,,1273767.85,
2026-05-18 16:00:00,,1271298.60,
2026-05-18 17:00:00,,1268131.67,
2026-05-18 18:00:00,,1269621.75,
2026-05-18 19:00:00,,1252926.64,
2026-05-18 20:00:00,,1271966.75,
2026-05-18 21:00:00,,1274128.16,
2026-05-18 22:00:00,,1290962.64,
2026-05-18 23:00:00,,1284902.20,
2026-05-19 00:00:00,,1286611.26,
2026-05-19 01:00:00,,1289823.11,
2026-05-19 02:00:00,,1273991.93,
2026-05-19 03:00:00,,1272249.31,
2026-05-19 04:00:00,,1275509.70,
2026-05-19 05:00:00,,1282541.41,
2026-05-19 06:00:00,,1276374.20,
2026-05-19 07:00:00,,1283003.59,
2026-05-19 08:00:00,,1281461.07,
2026-05-19 09:00:00,,1270522.24,
2026-05-19 10:00:00,,1268605.05,
2026-05-19 11:00:00,,1261166.87,
2026-05-19 12:00:00,,1250871.46,
2026-05-19 13:00:00,,1255788.64,
2026-05-19 14:00:00,,1268572.16,
2026-05-19 15:00:00,,1254835.55,
2026-05-19 16:00:00,,1258117.75,
2026-05-19 17:00:00,,1271692.87,
2026-05-19 18:00:00,,1261719.21,
2026-05-19 19:00:00,,1257428.91,
2026-05-19 20:00:00,,1253431.06,
2026-05-19 21:00:00,,1261419.60,
2026-05-19 22:00:00,,1259583.38,
2026-05-19 23:00:00,,1248942.66,
2026-05-20 00:00:00,,1251794.17,
2026-05-20 01:00:00,,1249827.18,
2026-05-20 02:00:00,,1256898.51,
2026-05-20 03:00:00,,1253861.69,
2026-05-20 04:00:00,,1251280.44,
2026-05-20 05:00:00,,1257233.21,
2026-05-20 06:00:00,,1265683.54,
2026-05-20 07:00:00,,1268610.57,
2026-05-20 08:00:00,,1262434.93,
2026-05-20 09:00:00,,1263727.73,
2026-05-20 10:00:00,,1266815.98,
2026-05-20 11:00:00,,1266254.65,
2026-05-20 12:00:00,,1260486.67,
2026-05-20 13:00:00,,1267715.95,
2026-05-20 14:00:00,,1257158.33,
2026-05-20 15:00:00,,1273671.74,
2026-05-20 16:00:00,,1272907.30,
2026-05-20 17:00:00,,1272922.35,
2026-05-20 18:00:00,,1279667.91,
2026-05-20 19:00:00,,1274556.99,
2026-05-20 20:00:00,,1276549.97,
2026-05-20 21:00:00,,1278561.24,
2026-05-20 22:00:00,,1268860.89,
2026-05-20 23:00:00,,1270407.17,
2026-05-21 00:00:00,,1269605.10,
2026-05-21 01:00:00,,1273855.92,
2026-05-21 02:00:00,,1273956.26,
2026-05-21 03:00:00,,1271460.10,
2026-05-21 04:00:00,,1282900.49,
2026-05-21 05:00:00,,1278972.31,
2026-05-21 06:00:00,,1267684.30,
2026-05-21 07:00:00,,1281256.44,
2026-05-21 08:00:00,,1288543.95,
2026-05-21 09:00:00,,1300079.85,
2026-05-21 10:00:00,,1307800.70,
2026-05-21 11:00:00,,1300051.47,
2026-05-21 12:00:00,,1318910.60,
2026-05-21 13:00:00,,1321127.26,
2026-05-21 14:00:00,,1324970.96,
2026-05-21 15:00:00,,1320158.35,
2026-05-21 16:00:00,,1320039.03,
2026-05-21 17:00:00,,1314079.52,
2026-05-21 18:00:00,,1345957.70,
2026-05-21 19:00:00,,1334674.39,
2026-05-21 20:00:00,,1343555.30,
2026-05-21 21:00:00,,1342639.82,
2026-05-21 22:00:00,,1337772.09,
2026-05-21 23:00:00,,1342670.52,
2026-05-22 00:00:00,,1358818.13,
2026-05-22 01:00:00,,1341846.36,
2026-05-22 02:00:00,,1350005.43,
2026-05-22 03:00:00,,1343489.31,
2026-05-22 04:00:00,,1340914.24,
2026-05-22 05:00:00,,1340453.58,
2026-05-22 06:00:00,,1340502.52,
2026-05-22 07:00:00,,1328390.63,
2026-05-22 08:00:00,,1341803.75,
2026-05-22 09:00:00,,1342773.36,
2026-05-22 10:00:00,,1333190.03,
2026-05-22 11:00:00,,1333624.07,
2026-05-22 12:00:00,,1337041.21,
2026-05-22 13:00:00,,1342006.72,
2026-05-22 14:00:00,,1339491.68,
2026-05-22 15:00:00,,1317108.87,
2026-05-22 16:00:00,,1318069.35,
2026-05-22 17:00:00,,1316642.44,
2026-05-22 18:00:00,,1317786.36,
2026-05-22 19:00:00,,1292181.55,
2026-05-22 20:00:00,,1257567.35,
2026-05-22 21:00:00,,1261768.29,
2026-05-22 22:00:00,,1266864.92,
2026-05-22 23:00:00,,1252140.89,
2026-05-23 00:00:00,,1200649.00,
2026-05-23 01:00:00,,1192199.95,
2026-05-23 02:00:00,,1189977.47,
2026-05-23 03:00:00,,1194079.76,
2026-05-23 04:00:00,,1198648.04,
2026-05-23 05:00:00,,1194222.02,
2026-05-23 06:00:00,,1198022.84,
2026-05-23 07:00:00,,1188760.35,
2026-05-23 08:00:00,,1151967.10,
2026-05-23 09:00:00,,1159744.41,
2026-05-23 10:00:00,,1152890.19,
2026-05-23 11:00:00,,1155725.42,
2026-05-23 12:00:00,,1151342.38,
2026-05-23 13:00:00,,1159215.52,
2026-05-23 14:00:00,,1173483.92,
2026-05-23 15:00:00,,1181631.12,
2026-05-23 16:00:00,,1188903.48,
2026-05-23 17:00:00,,1189601.61,
2026-05-23 18:00:00,,1187882.62,
2026-05-23 19:00:00,,1199322.71,
2026-05-23 20:00:00,,1203092.78,
2026-05-23 21:00:00,,1265089.71,
2026-05-23 22:00:00,,1244015.43,
2026-05-23 23:00:00,,1243412.27,
2026-05-24 00:00:00,,1240863.75,
2026-05-24 01:00:00,,1241864.84,
2026-05-24 02:00:00,,1236753.87,
2026-05-24 03:00:00,,1236816.36,
2026-05-24 04:00:00,,1227412.80,
2026-05-24 05:00:00,,1232089.58,
2026-05-24 06:00:00,,1226813.82,
2026-05-24 07:00:00,,1234413.50,
2026-05-24 08:00:00,,1236992.06,
2026-05-24 09:00:00,,1237881.20,
2026-05-24 10:00:00,,1239368.09,
2026-05-24 11:00:00,,1232626.25,
2026-05-24 12:00:00,,1235535.10,
2026-05-24 13:00:00,,1226339.21,
2026-05-24 14:00:00,,1221379.15,
2026-05-24 15:00:00,,1218620.76,
2026-05-24 16:00:00,,1219741.09,
2026-05-24 17:00:00,,1219728.63,
2026-05-24 18:00:00,,1220409.60,
2026-05-24 19:00:00,,1211888.92,
2026-05-24 20:00:00,,1213481.75,
2026-05-24 21:00:00,,1210397.74,
2026-05-24 22:00:00,,1194057.65,
2026-05-24 23:00:00,,1206917.04,
2026-05-25 00:00:00,,1201354.94,
2026-05-25 01:00:00,,1199904.55,
2026-05-25 02:00:00,,1203553.60,
2026-05-25 03:00:00,,1205723.36,
2026-05-25 04:00:00,,1205029.67,
2026-05-25 05:00:00,,1210618.11,
2026-05-25 06:00:00,,1198399.41,
2026-05-25 07:00:00,,1204945.99,
2026-05-25 08:00:00,,1209034.63,
2026-05-25 09:00:00,,1217844.92,
2026-05-25 10:00:00,,1327218.56,
2026-05-25 11:00:00,,1288418.83,
2026-05-25 12:00:00,,1281874.39,
2026-05-25 13:00:00,,1277450.35,
2026-05-25 14:00:00,,1279699.34,
2026-05-25 15:00:00,,1310241.94,
2026-05-25 16:00:00,,1298671.95,
2026-05-25 17:00:00,,1300073.44,
2026-05-25 18:00:00,,1291993.25,
2026-05-25 19:00:00,,1295645.17,
2026-05-25 20:00:00,,1294321.51,
2026-05-25 21:00:00,,1292391.76,
2026-05-25 22:00:00,,1294842.07,
2026-05-25 23:00:00,,1266981.72,
2026-05-26 00:00:00,,1272246.03,
2026-05-26 01:00:00,,1241902.36,
2026-05-26 02:00:00,,1232577.95,
2026-05-26 03:00:00,,1221649.98,
2026-05-26 04:00:00,,1220785.78,
2026-05-26 05:00:00,,1245612.53,
2026-05-26 06:00:00,,1238249.10,
2026-05-26 07:00:00,,1236027.18,
2026-05-26 08:00:00,,1230422.51,
2026-05-26 09:00:00,,1229065.92,
2026-05-26 10:00:00,,1237213.67,
2026-05-26 11:00:00,,1269075.13,
2026-05-26 12:00:00,,1266224.87,
2026-05-26 13:00:00,,1261271.28,
2026-05-26 14:00:00,,1264122.01,
2026-05-26 15:00:00,,1248617.65,
2026-05-26 16:00:00,,1232312.12,
2026-05-26 17:00:00,,1230207.15,
2026-05-26 18:00:00,,1219027.94,
2026-05-26 19:00:00,,1216078.50,
2026-05-26 20:00:00,,1223218.99,
2026-05-26 21:00:00,,1218478.01,
2026-05-26 22:00:00,,1213636.97,
2026-05-26 23:00:00,,1213417.20,
2026-05-27 00:00:00,,1219999.25,
2026-05-27 01:00:00,,1233888.21,
2026-05-27 02:00:00,,1217985.15,
2026-05-27 03:00:00,,1209167.02,
2026-05-27 04:00:00,,1198228.01,
2026-05-27 05:00:00,,1198269.21,
2026-05-27 06:00:00,,1204584.31,
2026-05-27 07:00:00,,1210168.52,
2026-05-27 08:00:00,,1207822.88,
2026-05-27 09:00:00,,1201261.77,
2026-05-27 10:00:00,,1202640.03,
2026-05-27 11:00:00,,1216374.05,
2026-05-27 12:00:00,,1216213.25,
2026-05-27 13:00:00,,1222906.25,
2026-05-27 14:00:00,,1217888.46,
2026-05-27 15:00:00,,1229744.33,
2026-05-27 16:00:00,,1226334.44,
2026-05-27 17:00:00,,1223200.32,
2026-05-27 18:00:00,,1211827.28,
2026-05-27 19:00:00,,1216888.04,
2026-05-27 20:00:00,,1214435.70,
2026-05-27 21:00:00,,1223446.37,
2026-05-27 22:00:00,,1186102.45,
2026-05-27 23:00:00,,1184146.01,
2026-05-28 00:00:00,,1184057.77,
2026-05-28 01:00:00,,1182187.06,
2026-05-28 02:00:00,,1160622.83,
2026-05-28 03:00:00,,1164342.21,
2026-05-28 04:00:00,,1128419.38,
2026-05-28 05:00:00,,1130414.71,
2026-05-28 06:00:00,,1126866.91,
2026-05-28 07:00:00,,1128257.52,
2026-05-28 08:00:00,,1139307.52,
2026-05-28 09:00:00,,1130557.64,
2026-05-28 10:00:00,,1142597.09,
2026-05-28 11:00:00,,1135545.27,
2026-05-28 12:00:00,,1138673.30,
2026-05-28 13:00:00,,1155470.70,
2026-05-28 14:00:00,,1150988.07,
2026-05-28 15:00:00,,1153977.08,
2026-05-28 16:00:00,,1150266.96,
2026-05-28 17:00:00,,1174159.28,
2026-05-28 18:00:00,,1169355.10,
2026-05-28 19:00:00,,1192697.10,
2026-05-28 20:00:00,,1185863.02,
2026-05-28 21:00:00,,1194070.34,
2026-05-28 22:00:00,,1185570.19,
2026-05-28 23:00:00,,1177205.50,
2026-05-29 00:00:00,,1188263.83,
2026-05-29 01:00:00,,1190041.95,
2026-05-29 02:00:00,,1186624.20,
2026-05-29 03:00:00,,1175474.02,
2026-05-29 04:00:00,,1182182.75,
2026-05-29 05:00:00,,1190845.30,
2026-05-29 06:00:00,,1199802.56,
2026-05-29 07:00:00,,1199004.11,
2026-05-29 08:00:00,,1201582.42,
2026-05-29 09:00:00,,1197569.08,
2026-05-29 10:00:00,,1206286.07,
2026-05-29 11:00:00,,1198039.51,
2026-05-29 12:00:00,,1193179.70,
2026-05-29 13:00:00,,1196023.19,
2026-05-29 14:00:00,,1199198.40,
2026-05-29 15:00:00,,1172717.96,
2026-05-29 16:00:00,,1190960.89,
2026-05-29 17:00:00,,1185920.15,
2026-05-29 18:00:00,,1181361.35,
2026-05-29 19:00:00,,1169949.82,
2026-05-29 20:00:00,,1169418.98,
2026-05-29 21:00:00,,1177633.15,
2026-05-29 22:00:00,,1163097.63,
2026-05-29 23:00:00,,1168239.25,
2026-05-30 00:00:00,,1171558.21,
2026-05-30 01:00:00,,1190475.84,
2026-05-30 02:00:00,,1195799.00,
2026-05-30 03:00:00,,1200141.94,
2026-05-30 04:00:00,,1200505.12,
2026-05-30 05:00:00,,1200699.22,
2026-05-30 06:00:00,,1201318.83,
2026-05-30 07:00:00,,1194139.47,
2026-05-30 08:00:00,,1192821.07,
2026-05-30 09:00:00,,1193309.06,
2026-05-30 10:00:00,,1194416.33,
2026-05-30 11:00:00,,1190940.72,
2026-05-30 12:00:00,,1197090.88,
2026-05-30 13:00:00,,1203618.81,
2026-05-30 14:00:00,,1200922.05,
2026-05-30 15:00:00,,1194288.32,
2026-05-30 16:00:00,,1196463.30,
2026-05-30 17:00:00,,1200859.89,
2026-05-30 18:00:00,,1196900.59,
2026-05-30 19:00:00,,1204692.66,
2026-05-30 20:00:00,,1206070.79,
2026-05-30 21:00:00,,1201458.21,
2026-05-30 22:00:00,,1195851.44,
2026-05-30 23:00:00,,1197866.24,
2026-05-31 00:00:00,,1194744.97,
2026-05-31 01:00:00,,1197546.26,
2026-05-31 02:00:00,,1191922.02,
2026-05-31 03:00:00,,1186829.14,
2026-05-31 04:00:00,,1185590.80,
2026-05-31 05:00:00,,1186637.85,
2026-05-31 06:00:00,,1180546.86,
2026-05-31 07:00:00,,1181342.85,
2026-05-31 08:00:00,,1175971.46,
2026-05-31 09:00:00,,1176715.14,
2026-05-31 10:00:00,,1174469.12,
2026-05-31 11:00:00,,1176313.27,
2026-05-31 12:00:00,,1177803.01,
2026-05-31 13:00:00,,1179788.88,
2026-05-31 14:00:00,,1171922.99,
2026-05-31 15:00:00,,1158276.26,
2026-05-31 16:00:00,,1149374.91,
2026-05-31 17:00:00,,1147593.35,
2026-05-31 18:00:00,,1153790.57,
2026-05-31 19:00:00,,1150373.40,
2026-05-31 20:00:00,,1166884.54,
2026-05-31 21:00:00,,1177516.17,
2026-05-31 22:00:00,,1176979.14,
2026-05-31 23:00:00,,1181705.01,
2026-06-01 00:00:00,,1181254.64,
2026-06-01 01:00:00,,1183169.76,
2026-06-01 02:00:00,,1166859.21,
2026-06-01 03:00:00,,1187029.13,
2026-06-01 04:00:00,,1183934.73,
2026-06-01 05:00:00,,1176002.07,
2026-06-01 06:00:00,,1173115.56,
2026-06-01 07:00:00,,1164633.72,
2026-06-01 08:00:00,,1154917.99,
2026-06-01 09:00:00,,1162565.65,
2026-06-01 10:00:00,,1165427.84,
2026-06-01 11:00:00,,1163231.24,
2026-06-01 12:00:00,,1167760.60,
2026-06-01 13:00:00,,1168378.22,
2026-06-01 14:00:00,,1162855.49,
2026-06-01 15:00:00,,1155428.48,
2026-06-01 16:00:00,,1163442.51,
2026-06-01 17:00:00,,1181303.61,
2026-06-01 18:00:00,,1166846.30,
2026-06-01 19:00:00,,1177662.10,
2026-06-01 20:00:00,,1182330.71,
2026-06-01 21:00:00,,1178588.78,
2026-06-01 22:00:00,,1148088.76,
2026-06-01 23:00:00,,1146945.29,
2026-06-02 00:00:00,,1145377.50,
2026-06-02 01:00:00,,1138613.64,
2026-06-02 02:00:00,,1123125.38,
2026-06-02 03:00:00,,1125108.72,
2026-06-02 04:00:00,,1132021.08,
2026-06-02 05:00:00,,1119245.19,
2026-06-02 06:00:00,,1118043.51,
2026-06-02 07:00:00,,1116047.24,
2026-06-02 08:00:00,,1114996.36,
2026-06-02 09:00:00,,1112795.49,
2026-06-02 10:00:00,,1106231.80,
2026-06-02 11:00:00,,1118640.61,
2026-06-02 12:00:00,,1097941.10,
2026-06-02 13:00:00,,1098122.39,
2026-06-02 14:00:00,,1103223.91,
2026-06-02 15:00:00,,1075191.09,
2026-06-02 16:00:00,,1059729.57,
2026-06-02 17:00:00,,1091246.33,
2026-06-02 18:00:00,,1097759.55,
2026-06-02 19:00:00,,1082893.60,
2026-06-02 20:00:00,,1065202.67,
2026-06-02 21:00:00,,1071419.97,
2026-06-02 22:00:00,,1081241.95,
2026-06-02 23:00:00,,1050997.55,
2026-06-03 00:00:00,,1048123.90,
2026-06-03 01:00:00,,1059763.82,
2026-06-03 02:00:00,,1061631.03,
2026-06-03 03:00:00,,1060536.50,
2026-06-03 04:00:00,,1034805.07,
2026-06-03 05:00:00,,1058291.26,
2026-06-03 06:00:00,,1075731.74,
2026-06-03 07:00:00,,1081798.34,
2026-06-03 08:00:00,,1085162.83,
2026-06-03 09:00:00,,1082570.58,
2026-06-03 10:00:00,,1080125.25,
2026-06-03 11:00:00,,1089236.64,
2026-06-03 12:00:00,,1084898.93,
2026-06-03 13:00:00,,1085431.44,
2026-06-03 14:00:00,,1088613.68,
2026-06-03 15:00:00,,1120275.20,
2026-06-03 16:00:00,,1112765.68,
2026-06-03 17:00:00,,1092877.35,
2026-06-03 18:00:00,,1091916.52,
2026-06-03 19:00:00,,1091251.37,
2026-06-03 20:00:00,,1075501.28,
2026-06-03 21:00:00,,1054857.54,
2026-06-03 22:00:00,,1086641.92,
2026-06-03 23:00:00,,1092262.15,
2026-06-04 00:00:00,,1075806.86,
2026-06-04 01:00:00,,1044891.43,
2026-06-04 02:00:00,,992483.09,
2026-06-04 03:00:00,,991007.89,
2026-06-04 04:00:00,,1004780.91,
2026-06-04 05:00:00,,990253.77,
2026-06-04 06:00:00,,984131.19,
2026-06-04 07:00:00,,986030.02,
2026-06-04 08:00:00,,971336.34,
2026-06-04 09:00:00,,978578.42,
2026-06-04 10:00:00,,977297.91,
2026-06-04 11:00:00,,964599.50,
2026-06-04 12:00:00,,979613.96,
2026-06-04 13:00:00,,996260.31,
2026-06-04 14:00:00,,1002033.32,
2026-06-04 15:00:00,,1002096.88,
2026-06-04 16:00:00,,1014868.89,
2026-06-04 17:00:00,,1014900.44,
2026-06-04 18:00:00,,1009270.13,
2026-06-04 19:00:00,,1015592.00,
2026-06-04 20:00:00,,1010722.08,
2026-06-04 21:00:00,,1006397.37,
2026-06-04 22:00:00,,984907.17,
2026-06-04 23:00:00,,990538.10,
2026-06-05 00:00:00,,994493.66,
2026-06-05 01:00:00,,982776.46,
2026-06-05 02:00:00,,990027.97,
2026-06-05 03:00:00,,956448.19,
2026-06-05 04:00:00,,948912.49,
2026-06-05 05:00:00,,965086.33,
2026-06-05 06:00:00,,938377.34,
2026-06-05 07:00:00,,916930.96,
2026-06-05 08:00:00,,930753.76,
2026-06-05 09:00:00,,927805.88,
2026-06-05 10:00:00,,952756.28,
2026-06-05 11:00:00,,946507.94,
2026-06-05 12:00:00,,937671.39,
2026-06-05 13:00:00,,940956.80,
2026-06-05 14:00:00,,932605.78,
2026-06-05 15:00:00,,935477.97,
2026-06-05 16:00:00,,928704.74,
2026-06-05 17:00:00,,942616.17,
2026-06-05 18:00:00,,930602.10,
2026-06-05 19:00:00,,883089.30,
2026-06-05 20:00:00,,897556.00,
2026-06-05 21:00:00,,914716.49,
2026-06-05 22:00:00,,923956.72,
2026-06-05 23:00:00,,914646.87,
2026-06-06 00:00:00,,910714.65,
2026-06-06 01:00:00,,918115.35,
2026-06-06 02:00:00,,907705.51,
2026-06-06 03:00:00,,972131.57,
2026-06-06 04:00:00,,938429.46,
2026-06-06 05:00:00,,895219.27,
2026-06-06 06:00:00,,926594.67,
2026-06-06 07:00:00,,916657.87,
2026-06-06 08:00:00,,931463.07,
2026-06-06 09:00:00,,939156.78,
2026-06-06 10:00:00,,933945.04,
2026-06-06 11:00:00,,926020.73,
2026-06-06 12:00:00,,933035.57,
2026-06-06 13:00:00,,944033.29,
2026-06-06 14:00:00,,945798.76,
2026-06-06 15:00:00,,947798.55,
2026-06-06 16:00:00,,942349.94,
2026-06-06 17:00:00,,938969.59,
2026-06-06 18:00:00,,927367.48,
2026-06-06 19:00:00,,929266.44,
2026-06-06 20:00:00,,921754.82,
2026-06-06 21:00:00,,919841.01,
2026-06-06 22:00:00,,926398.90,
2026-06-06 23:00:00,,923926.88,
2026-06-07 00:00:00,,933433.97,
2026-06-07 01:00:00,,933656.37,
2026-06-07 02:00:00,,953984.33,
2026-06-07 03:00:00,,948295.98,
2026-06-07 04:00:00,,942202.51,
2026-06-07 05:00:00,,941604.30,
2026-06-07 06:00:00,,932448.80,
2026-06-07 07:00:00,,974751.46,
2026-06-07 08:00:00,,972546.92,
2026-06-07 09:00:00,,988011.54,
2026-06-07 10:00:00,,978064.57,
2026-06-07 11:00:00,,968716.61,
2026-06-07 12:00:00,,974621.23,
2026-06-07 13:00:00,,956891.61,
2026-06-07 14:00:00,,957786.22,
2026-06-07 15:00:00,,967642.67,
2026-06-07 16:00:00,,956144.16,
2026-06-07 17:00:00,,966030.02,
2026-06-07 18:00:00,,964872.48,
2026-06-07 19:00:00,,953924.79,
2026-06-07 20:00:00,,943532.53,
2026-06-07 21:00:00,,959434.27,
2026-06-07 22:00:00,,955449.52,
2026-06-07 23:00:00,,991645.37,
2026-06-08 00:00:00,,990113.94,
2026-06-08 01:00:00,,996134.70,
2026-06-08 02:00:00,,986261.64,
2026-06-08 03:00:00,,982862.59,
2026-06-08 04:00:00,,983818.81,
2026-06-08 05:00:00,,972513.22,
2026-06-08 06:00:00,,969717.42,
2026-06-08 07:00:00,,976004.77,
2026-06-08 08:00:00,,991633.27,
2026-06-08 09:00:00,,983191.81,
2026-06-08 10:00:00,,995387.73,
2026-06-08 11:00:00,,991330.44,
2026-06-08 12:00:00,,994436.49,
2026-06-08 13:00:00,,997128.62,
2026-06-08 14:00:00,,991451.85,
2026-06-08 15:00:00,,992973.29,
2026-06-08 16:00:00,,992747.72,
2026-06-08 17:00:00,,996916.80,
2026-06-08 18:00:00,,1005257.04,
2026-06-08 19:00:00,,998669.06,
2026-06-08 20:00:00,,993172.17,
2026-06-08 21:00:00,,996992.89,
2026-06-08 22:00:00,,996351.86,
2026-06-08 23:00:00,,987180.05,
2026-06-09 00:00:00,,982928.22,
2026-06-09 01:00:00,,961361.86,
2026-06-09 02:00:00,,959410.35,
2026-06-09 03:00:00,,957189.90,
2026-06-09 04:00:00,,966384.61,
2026-06-09 05:00:00,,981389.47,
2026-06-09 06:00:00,,981481.50,
2026-06-09 07:00:00,,971288.81,
2026-06-09 08:00:00,,980911.79,
2026-06-09 09:00:00,,978841.61,
2026-06-09 10:00:00,,982882.62,
2026-06-09 11:00:00,,989446.12,
2026-06-09 12:00:00,,992127.35,
2026-06-09 13:00:00,,992998.54,
2026-06-09 14:00:00,,988419.78,
2026-06-09 15:00:00,,969296.66,
2026-06-09 16:00:00,,971669.03,
2026-06-09 17:00:00,,953419.66,
2026-06-09 18:00:00,,965483.70,
2026-06-09 19:00:00,,968621.78,
2026-06-09 20:00:00,,975882.27,
2026-06-09 21:00:00,,977176.32,
2026-06-09 22:00:00,,963401.22,
2026-06-09 23:00:00,,957451.55,
2026-06-10 00:00:00,,963252.71,
2026-06-10 01:00:00,,964347.78,
2026-06-10 02:00:00,,964022.34,
2026-06-10 03:00:00,,950433.42,
2026-06-10 04:00:00,,950774.52,
2026-06-10 05:00:00,,951675.93,
2026-06-10 06:00:00,,955571.19,
2026-06-10 07:00:00,,958772.95,
2026-06-10 08:00:00,,965048.92,
2026-06-10 09:00:00,,950761.67,
2026-06-10 10:00:00,,949723.97,
2026-06-10 11:00:00,,952128.76,
2026-06-10 12:00:00,,952719.22,
2026-06-10 13:00:00,,950538.81,
2026-06-10 14:00:00,,965381.36,
2026-06-10 15:00:00,,967217.93,
2026-06-10 16:00:00,,969051.67,
2026-06-10 17:00:00,,961524.70,
2026-06-10 18:00:00,,950845.16,
2026-06-10 19:00:00,,953326.50,
2026-06-10 20:00:00,,944946.88,
2026-06-10 21:00:00,,934115.57,
2026-06-10 22:00:00,,915936.27,
2026-06-10 23:00:00,,923562.05,
2026-06-11 00:00:00,,927841.96,
2026-06-11 01:00:00,,932766.09,
2026-06-11 02:00:00,,946417.26,
2026-06-11 03:00:00,,943712.08,
2026-06-11 04:00:00,,966641.10,
2026-06-11 05:00:00,,976642.75,
2026-06-11 06:00:00,,954723.91,
2026-06-11 07:00:00,,953966.13,
2026-06-11 08:00:00,,957903.53,
2026-06-11 09:00:00,,967693.42,
2026-06-11 10:00:00,,967362.30,
2026-06-11 11:00:00,,967267.05,
2026-06-11 12:00:00,,973644.89,
2026-06-11 13:00:00,,966671.83,
2026-06-11 14:00:00,,969103.58,
2026-06-11 15:00:00,,968447.68,
2026-06-11 16:00:00,,972473.48,
2026-06-11 17:00:00,,960471.56,
2026-06-11 18:00:00,,978095.57,
2026-06-11 19:00:00,,966087.51,
2026-06-11 20:00:00,,962391.40,
2026-06-11 21:00:00,,963202.20,
2026-06-11 22:00:00,,955020.98,
2026-06-11 23:00:00,,945442.95,
2026-06-12 00:00:00,,944427.23,
2026-06-12 01:00:00,,944811.76,
2026-06-12 02:00:00,,941496.48,
2026-06-12 03:00:00,,943337.18,
2026-06-12 04:00:00,,941828.09,
2026-06-12 05:00:00,,939109.17,
2026-06-12 06:00:00,,933973.75,
2026-06-12 07:00:00,,919594.34,
2026-06-12 08:00:00,,927706.84,
2026-06-12 09:00:00,,934974.53,
2026-06-12 10:00:00,,938556.46,
2026-06-12 11:00:00,,936691.41,
2026-06-12 12:00:00,,933374.29,
2026-06-12 13:00:00,,937229.75,
2026-06-12 14:00:00,,923908.79,
2026-06-12 15:00:00,,940014.24,
2026-06-12 16:00:00,,932529.68,
2026-06-12 17:00:00,,939517.72,
2026-06-12 18:00:00,,932979.95,
2026-06-12 19:00:00,,933395.47,
2026-06-12 20:00:00,,935964.06,
2026-06-12 21:00:00,,932711.62,
2026-06-12 22:00:00,,929023.89,
2026-06-12 23:00:00,,930134.35,
2026-06-13 00:00:00,,932595.13,
2026-06-13 01:00:00,,949721.50,
2026-06-13 02:00:00,,949707.19,
2026-06-13 03:00:00,,941875.44,
2026-06-13 04:00:00,,932783.64,
2026-06-13 05:00:00,,930989.03,
2026-06-13 06:00:00,,932345.18,
2026-06-13 07:00:00,,937978.23,
2026-06-13 08:00:00,,949522.91,
2026-06-13 09:00:00,,946997.25,
2026-06-13 10:00:00,,948851.19,
2026-06-13 11:00:00,,945868.91,
2026-06-13 12:00:00,,947949.67,
2026-06-13 13:00:00,,947126.96,
2026-06-13 14:00:00,,941399.94,
2026-06-13 15:00:00,,954618.05,
2026-06-13 16:00:00,,956295.27,
2026-06-13 17:00:00,,949202.02,
2026-06-13 18:00:00,,945388.23,
2026-06-13 19:00:00,,944504.67,
2026-06-13 20:00:00,,947023.57,
2026-06-13 21:00:00,,940198.57,
2026-06-13 22:00:00,,944562.42,
2026-06-13 23:00:00,,936872.22,
2026-06-14 00:00:00,,938863.23,
2026-06-14 01:00:00,,938822.07,
2026-06-14 02:00:00,,944165.05,
2026-06-14 03:00:00,,937686.65,
2026-06-14 04:00:00,,936731.90,
2026-06-14 05:00:00,,923885.41,
2026-06-14 06:00:00,,925819.90,
2026-06-14 07:00:00,,922686.54,
2026-06-14 08:00:00,,919521.40,
2026-06-14 09:00:00,,929619.48,
2026-06-14 10:00:00,,951852.32,
2026-06-14 11:00:00,,945114.66,
2026-06-14 12:00:00,,978757.69,
2026-06-14 13:00:00,,967320.43,
2026-06-14 14:00:00,,964932.74,
2026-06-14 15:00:00,,963090.57,
2026-06-14 16:00:00,,962790.69,
2026-06-14 17:00:00,,951848.99,
2026-06-14 18:00:00,,943172.75,
2026-06-14 19:00:00,,934042.79,
2026-06-14 20:00:00,,936599.33,
2026-06-14 21:00:00,,939816.25,
2026-06-14 22:00:00,,1103621.52,
2026-06-14 23:00:00,,1169453.52,
2026-06-15 00:00:00,,1089281.62,
2026-06-15 01:00:00,,1106384.91,
2026-06-15 02:00:00,,1132655.93,
2026-06-15 03:00:00,,1081127.77,
2026-06-15 04:00:00,,1089352.12,
2026-06-15 05:00:00,,1112714.59,
2026-06-15 06:00:00,,1125313.73,
2026-06-15 07:00:00,,1104280.86,
2026-06-15 08:00:00,,1088830.69,
2026-06-15 09:00:00,,1086822.61,
2026-06-15 10:00:00,,1094568.01,
2026-06-15 11:00:00,,1099105.04,
2026-06-15 12:00:00,,1102310.90,
2026-06-15 13:00:00,,1102896.71,
2026-06-15 14:00:00,,1115216.05,
2026-06-15 15:00:00,,1088546.69,
2026-06-15 16:00:00,,1089278.19,
2026-06-15 17:00:00,,1074400.38,
2026-06-15 18:00:00,,1064813.92,
2026-06-15 19:00:00,,1043877.23,
2026-06-15 20:00:00,,1016803.57,
2026-06-15 21:00:00,,1000429.72,
2026-06-15 22:00:00,,996907.95,
2026-06-15 23:00:00,,996697.00,
2026-06-16 00:00:00,,1016866.54,
2026-06-16 01:00:00,,1006991.92,
2026-06-16 02:00:00,,998284.89,
2026-06-16 03:00:00,,987840.48,
2026-06-16 04:00:00,,998335.32,
2026-06-16 05:00:00,,987595.93,
2026-06-16 06:00:00,,981433.35,
2026-06-16 07:00:00,,988250.67,
2026-06-16 08:00:00,,986294.11,
2026-06-16 09:00:00,,998270.54,
2026-06-16 10:00:00,,968805.05,
2026-06-16 11:00:00,,968941.14,
2026-06-16 12:00:00,,957368.17,
2026-06-16 13:00:00,,961421.27,
2026-06-16 14:00:00,,949496.38,
2026-06-16 15:00:00,,940575.78,
2026-06-16 16:00:00,,945964.18,
2026-06-16 17:00:00,,947545.12,
2026-06-16 18:00:00,,963866.90,
2026-06-16 19:00:00,,964041.97,
2026-06-16 20:00:00,,982554.12,
2026-06-16 21:00:00,,982025.66,
2026-06-16 22:00:00,,975136.61,
2026-06-16 23:00:00,,979952.04,
2026-06-17 00:00:00,,992306.05,
2026-06-17 01:00:00,,978608.14,
2026-06-17 02:00:00,,997666.20,
2026-06-17 03:00:00,,991180.24,
2026-06-17 04:00:00,,987860.45,
2026-06-17 05:00:00,,989503.58,
2026-06-17 06:00:00,,977874.38,
2026-06-17 07:00:00,,993863.02,
2026-06-17 08:00:00,,981490.15,
2026-06-17 09:00:00,,968441.44,
2026-06-17 10:00:00,,965457.79,
2026-06-17 11:00:00,,964439.52,
2026-06-17 12:00:00,,962297.17,
2026-06-17 13:00:00,,1373594.12,
2026-06-17 14:00:00,,1368398.86,
2026-06-17 15:00:00,,1358082.57,
2026-06-17 16:00:00,,1401592.98,
2026-06-17 17:00:00,,1354387.38,
2026-06-17 18:00:00,,1336886.21,
2026-06-17 19:00:00,,1288013.52,
2026-06-17 20:00:00,,1225466.21,
2026-06-17 21:00:00,,1229127.77,
2026-06-17 22:00:00,,1231533.14,
2026-06-17 23:00:00,,1215612.49,
2026-06-18 00:00:00,,1230995.05,
2026-06-18 01:00:00,,1224338.10,
2026-06-18 02:00:00,,1223480.78,
2026-06-18 03:00:00,,1225788.34,
2026-06-18 04:00:00,,1198108.02,
2026-06-18 05:00:00,,1203833.24,
2026-06-18 06:00:00,,1085180.60,
2026-06-18 07:00:00,,1091241.77,
2026-06-18 08:00:00,,1086078.33,
2026-06-18 09:00:00,,1085763.83,
2026-06-18 10:00:00,,1087953.06,
2026-06-18 11:00:00,,1091985.11,
2026-06-18 12:00:00,,1076709.47,
2026-06-18 13:00:00,,1074833.98,
2026-06-18 14:00:00,,1053370.95,
2026-06-18 15:00:00,,1057206.63,
2026-06-18 16:00:00,,1001162.67,
2026-06-18 17:00:00,,1016126.77,
2026-06-18 18:00:00,,1023426.57,
2026-06-18 19:00:00,,1034701.84,
2026-06-18 20:00:00,,1035870.18,
2026-06-18 21:00:00,,1042729.36,
2026-06-18 22:00:00,,1041114.16,
2026-06-18 23:00:00,,1021622.28,
2026-06-19 00:00:00,,1026605.21,
2026-06-19 01:00:00,,1022094.57,
2026-06-19 02:00:00,,1029557.62,
2026-06-19 03:00:00,,1029071.80,
2026-06-19 04:00:00,,1011715.33,
2026-06-19 05:00:00,,1003593.69,
2026-06-19 06:00:00,,1011385.39,
2026-06-19 07:00:00,,1009887.56,
2026-06-19 08:00:00,,1004469.76,
2026-06-19 09:00:00,,1012566.28,
2026-06-19 10:00:00,,1001037.56,
2026-06-19 11:00:00,,1001787.14,
2026-06-19 12:00:00,,998045.57,
2026-06-19 13:00:00,,1012158.15,
2026-06-19 14:00:00,,1013405.73,
2026-06-19 15:00:00,,1011106.46,
2026-06-19 16:00:00,,1018982.26,
2026-06-19 17:00:00,,1033144.23,
2026-06-19 18:00:00,,1042619.28,
2026-06-19 19:00:00,,1046743.06,
2026-06-19 20:00:00,,1027366.48,
2026-06-19 21:00:00,,1015071.91,
2026-06-19 22:00:00,,1014416.26,
2026-06-19 23:00:00,,1029532.59,
2026-06-20 00:00:00,,1051033.84,
2026-06-20 01:00:00,,1033223.95,
2026-06-20 02:00:00,,1026666.16,
2026-06-20 03:00:00,,1014078.98,
2026-06-20 04:00:00,,1015887.59,
2026-06-20 05:00:00,,1013980.64,
2026-06-20 06:00:00,,1015434.55,
2026-06-20 07:00:00,,1024270.70,
2026-06-20 08:00:00,,1020737.05,
2026-06-20 09:00:00,,1022683.81,
2026-06-20 10:00:00,,1024255.12,
2026-06-20 11:00:00,,1018376.45,
2026-06-20 12:00:00,,1029975.76,
2026-06-20 13:00:00,,1022129.42,
2026-06-20 14:00:00,,998118.42,
2026-06-20 15:00:00,,1007952.95,
2026-06-20 16:00:00,,1007539.73,
2026-06-20 17:00:00,,1004447.69,
2026-06-20 18:00:00,,1001736.43,
2026-06-20 19:00:00,,999045.56,
2026-06-20 20:00:00,,997587.87,
2026-06-20 21:00:00,,991277.65,
2026-06-20 22:00:00,,993063.76,
2026-06-20 23:00:00,,995343.78,
2026-06-21 00:00:00,,995022.63,
2026-06-21 01:00:00,,999315.92,
2026-06-21 02:00:00,,1000776.48,
2026-06-21 03:00:00,,997955.68,
2026-06-21 04:00:00,,996275.82,
2026-06-21 05:00:00,,995972.44,
2026-06-21 06:00:00,,979623.25,
2026-06-21 07:00:00,,985328.33,
2026-06-21 08:00:00,,984357.81,
2026-06-21 09:00:00,,983087.14,
2026-06-21 10:00:00,,986565.62,
2026-06-21 11:00:00,,985593.69,
2026-06-21 12:00:00,,977778.52,
2026-06-21 13:00:00,,976887.78,
2026-06-21 14:00:00,,975708.51,
2026-06-21 15:00:00,,974936.48,
2026-06-21 16:00:00,,972139.02,
2026-06-21 17:00:00,,965057.05,
2026-06-21 18:00:00,,970060.97,
2026-06-21 19:00:00,,968222.35,
2026-06-21 20:00:00,,966956.40,
2026-06-21 21:00:00,,964881.87,
2026-06-21 22:00:00,,961891.02,
2026-06-21 23:00:00,,958423.87,
2026-06-22 00:00:00,,952338.85,
2026-06-22 01:00:00,,961700.90,
2026-06-22 02:00:00,,967018.36,
2026-06-22 03:00:00,,961530.45,
2026-06-22 04:00:00,,957665.77,
2026-06-22 05:00:00,,967858.55,
2026-06-22 06:00:00,,966742.12,
2026-06-22 07:00:00,,962412.30,
2026-06-22 08:00:00,,968281.62,
2026-06-22 09:00:00,,964614.78,
2026-06-22 10:00:00,,970030.98,
2026-06-22 11:00:00,,970508.20,
2026-06-22 12:00:00,,980923.04,
2026-06-22 13:00:00,,984658.64,
2026-06-22 14:00:00,,984617.76,
2026-06-22 15:00:00,,974741.27,
2026-06-22 16:00:00,,923916.50,
2026-06-22 17:00:00,,921418.86,
2026-06-22 18:00:00,,919235.01,
2026-06-22 19:00:00,,908906.91,
2026-06-22 20:00:00,,906463.82,
2026-06-22 21:00:00,,903615.20,
2026-06-22 22:00:00,,899958.56,
2026-06-22 23:00:00,,891474.44,
2026-06-23 00:00:00,,892198.18,
2026-06-23 01:00:00,,892768.50,
2026-06-23 02:00:00,,889333.19,
2026-06-23 03:00:00,,887737.80,
2026-06-23 04:00:00,,887858.86,
2026-06-23 05:00:00,,881728.83,
2026-06-23 06:00:00,,875502.50,
2026-06-23 07:00:00,,845235.04,
2026-06-23 08:00:00,,845552.68,
2026-06-23 09:00:00,,832704.35,
2026-06-23 10:00:00,,837132.01,
2026-06-23 11:00:00,,836969.24,
2026-06-23 12:00:00,,845016.88,
2026-06-23 13:00:00,,841175.94,
2026-06-23 14:00:00,,851491.99,
2026-06-23 15:00:00,,841367.18,
2026-06-23 16:00:00,,834272.70,
2026-06-23 17:00:00,,840684.36,
2026-06-23 18:00:00,,830198.06,
2026-06-23 19:00:00,,832688.01,
2026-06-23 20:00:00,,834528.34,
2026-06-23 21:00:00,,831315.43,
2026-06-23 22:00:00,,829904.02,
2026-06-23 23:00:00,,827925.57,
2026-06-24 00:00:00,,825409.51,
2026-06-24 01:00:00,,834543.45,
2026-06-24 02:00:00,,832809.65,
2026-06-24 03:00:00,,837695.33,
2026-06-24 04:00:00,,845152.31,
2026-06-24 05:00:00,,848468.81,
2026-06-24 06:00:00,,851233.59,
2026-06-24 07:00:00,,845958.49,
2026-06-24 08:00:00,,834456.18,
2026-06-24 09:00:00,,845956.54,
2026-06-24 10:00:00,,847682.21,
2026-06-24 11:00:00,,839378.31,
2026-06-24 12:00:00,,846262.92,
2026-06-24 13:00:00,,840470.76,
2026-06-24 14:00:00,,830206.56,
2026-06-24 15:00:00,,837202.57,
2026-06-24 16:00:00,,817553.76,
2026-06-24 17:00:00,,817576.43,
2026-06-24 18:00:00,,819674.04,
2026-06-24 19:00:00,,825887.97,
2026-06-24 20:00:00,,829062.54,
2026-06-24 21:00:00,,855982.88,
2026-06-24 22:00:00,,854858.78,
2026-06-24 23:00:00,,852453.87,
2026-06-25 00:00:00,,853645.88,
2026-06-25 01:00:00,,850372.24,
2026-06-25 02:00:00,,846146.11,
2026-06-25 03:00:00,,841076.77,
2026-06-25 04:00:00,,841256.70,
2026-06-25 05:00:00,,845086.98,
2026-06-25 06:00:00,,844146.12,
2026-06-25 07:00:00,,843970.38,
2026-06-25 08:00:00,,836802.49,
2026-06-25 09:00:00,,828381.08,
2026-06-25 10:00:00,,828066.98,
2026-06-25 11:00:00,,822187.14,
2026-06-25 12:00:00,,816897.58,
2026-06-25 13:00:00,,815683.11,
2026-06-25 14:00:00,,754338.73,
2026-06-25 15:00:00,,779810.48,
2026-06-25 16:00:00,,781336.69,
2026-06-25 17:00:00,,771528.26,
2026-06-25 18:00:00,,778925.22,
2026-06-25 19:00:00,,774493.21,
2026-06-25 20:00:00,,776395.02,
2026-06-25 21:00:00,,773734.41,
2026-06-25 22:00:00,,783094.38,
2026-06-25 23:00:00,,779163.84,
2026-06-26 00:00:00,,777926.37,
2026-06-26 01:00:00,,782596.23,
2026-06-26 02:00:00,,789168.09,
2026-06-26 03:00:00,,773202.15,
2026-06-26 04:00:00,,789913.39,
2026-06-26 05:00:00,,779605.78,
2026-06-26 06:00:00,,784493.47,
2026-06-26 07:00:00,,792472.70,
2026-06-26 08:00:00,,797688.61,
2026-06-26 09:00:00,,794668.07,
2026-06-26 10:00:00,,794216.84,
2026-06-26 11:00:00,,790142.11,
2026-06-26 12:00:00,,788463.48,
2026-06-26 13:00:00,,786771.03,
2026-06-26 14:00:00,,807602.80,
2026-06-26 15:00:00,,808229.27,
2026-06-26 16:00:00,,805892.57,
2026-06-26 17:00:00,,808813.46,
2026-06-26 18:00:00,,808226.37,
2026-06-26 19:00:00,,806978.01,
2026-06-26 20:00:00,,802509.56,
2026-06-26 21:00:00,,800248.41,
2026-06-26 22:00:00,,797016.67,
2026-06-26 23:00:00,,798462.16,
2026-06-27 00:00:00,,798418.77,
2026-06-27 01:00:00,,801568.61,
2026-06-27 02:00:00,,799893.12,
2026-06-27 03:00:00,,807763.46,
2026-06-27 04:00:00,,801373.68,
2026-06-27 05:00:00,,800246.76,
2026-06-27 06:00:00,,804073.73,
2026-06-27 07:00:00,,804549.78,
2026-06-27 08:00:00,,802166.72,
2026-06-27 09:00:00,,799747.21,
2026-06-27 10:00:00,,797867.04,
2026-06-27 11:00:00,,799460.86,
2026-06-27 12:00:00,,799694.09,
2026-06-27 13:00:00,,806974.25,
2026-06-27 14:00:00,,804856.26,
2026-06-27 15:00:00,,807300.19,
2026-06-27 16:00:00,,809824.33,
2026-06-27 17:00:00,,805661.19,
2026-06-27 18:00:00,,800055.37,
2026-06-27 19:00:00,,799556.44,
2026-06-27 20:00:00,,780286.19,
2026-06-27 21:00:00,,782466.06,
2026-06-27 22:00:00,,779501.70,
2026-06-27 23:00:00,,779448.68,
2026-06-28 00:00:00,,778823.22,
2026-06-28 01:00:00,,785886.92,
2026-06-28 02:00:00,,784360.36,
2026-06-28 03:00:00,,760689.61,
2026-06-28 04:00:00,,762169.71,
2026-06-28 05:00:00,,760728.52,
2026-06-28 06:00:00,,757368.16,
2026-06-28 07:00:00,,756591.53,
2026-06-28 08:00:00,,764099.44,
2026-06-28 09:00:00,,775022.86,
2026-06-28 10:00:00,,767786.93,
2026-06-28 11:00:00,,778800.07,
2026-06-28 12:00:00,,779544.45,
2026-06-28 13:00:00,,777831.56,
2026-06-28 14:00:00,,770593.80,
2026-06-28 15:00:00,,779907.05,
2026-06-28 16:00:00,,775901.34,
2026-06-28 17:00:00,,775322.07,
2026-06-28 18:00:00,,776660.37,
2026-06-28 19:00:00,,766715.11,
2026-06-28 20:00:00,,771304.58,
2026-06-28 21:00:00,,765394.39,
2026-06-28 22:00:00,,740544.27,
2026-06-28 23:00:00,,744726.82,
2026-06-29 00:00:00,,749498.36,
2026-06-29 01:00:00,,751597.11,
2026-06-29 02:00:00,,748595.38,
2026-06-29 03:00:00,,750200.44,
2026-06-29 04:00:00,,752688.51,
2026-06-29 05:00:00,,744324.87,
2026-06-29 06:00:00,,749564.29,
2026-06-29 07:00:00,,751458.94,
2026-06-29 08:00:00,,749863.18,
2026-06-29 09:00:00,,750946.43,
2026-06-29 10:00:00,,754926.12,
2026-06-29 11:00:00,,760252.19,
2026-06-29 12:00:00,,774446.01,
2026-06-29 13:00:00,,772744.20,
2026-06-29 14:00:00,,763982.44,
2026-06-29 15:00:00,,765664.02,
2026-06-29 16:00:00,,766330.23,
2026-06-29 17:00:00,,765868.68,
2026-06-29 18:00:00,,776051.54,
2026-06-29 19:00:00,,771037.54,
2026-06-29 20:00:00,,771590.89,
2026-06-29 21:00:00,,765662.41,
2026-06-29 22:00:00,,767873.33,
2026-06-29 23:00:00,,760376.37,
2026-06-30 00:00:00,,755890.99,
2026-06-30 01:00:00,,750677.26,
2026-06-30 02:00:00,,746731.46,
2026-06-30 03:00:00,,744316.67,
2026-06-30 04:00:00,,740537.39,
2026-06-30 05:00:00,,735356.49,
2026-06-30 06:00:00,,740114.28,
2026-06-30 07:00:00,,746526.94,
2026-06-30 08:00:00,,740209.81,
2026-06-30 09:00:00,,736441.91,
2026-06-30 10:00:00,,737874.48,
2026-06-30 11:00:00,,748291.94,
2026-06-30 12:00:00,,734645.69,
2026-06-30 13:00:00,,722159.86,
2026-06-30 14:00:00,,733267.58,
2026-06-30 15:00:00,,727683.09,
2026-06-30 16:00:00,,730276.46,
2026-06-30 17:00:00,,731334.75,
2026-06-30 18:00:00,,736812.10,
2026-06-30 19:00:00,,740203.06,
2026-06-30 20:00:00,,741571.29,
2026-06-30 21:00:00,,737970.83,
2026-06-30 22:00:00,,737726.70,
2026-06-30 23:00:00,,736404.71,
2026-07-01 00:00:00,,736386.01,
2026-07-01 01:00:00,,731828.51,
2026-07-01 02:00:00,,713189.30,
2026-07-01 03:00:00,,716617.31,
2026-07-01 04:00:00,,721504.25,
2026-07-01 05:00:00,,723792.12,
2026-07-01 06:00:00,,722917.22,
2026-07-01 07:00:00,,713832.27,
2026-07-01 08:00:00,,717528.69,
2026-07-01 09:00:00,,718909.41,
2026-07-01 10:00:00,,723874.59,
2026-07-01 11:00:00,,724475.87,
2026-07-01 12:00:00,,731643.23,
2026-07-01 13:00:00,,728880.67,
2026-07-01 14:00:00,,745262.98,
2026-07-01 15:00:00,,746944.47,
2026-07-01 16:00:00,,763772.94,
2026-07-01 17:00:00,,756547.66,
2026-07-01 18:00:00,,756688.97,
2026-07-01 19:00:00,,746088.74,
2026-07-01 20:00:00,,747039.42,
2026-07-01 21:00:00,,748345.96,
2026-07-01 22:00:00,,759789.35,
2026-07-01 23:00:00,,757526.12,
2026-07-02 00:00:00,,751951.14,
2026-07-02 01:00:00,,742330.43,
2026-07-02 02:00:00,,748922.93,
2026-07-02 03:00:00,,746535.57,
2026-07-02 04:00:00,,743736.10,
2026-07-02 05:00:00,,744725.45,
2026-07-02 06:00:00,,744800.81,
2026-07-02 07:00:00,,741055.71,
2026-07-02 08:00:00,,747672.18,
2026-07-02 09:00:00,,753310.18,
2026-07-02 10:00:00,,754147.05,
2026-07-02 11:00:00,,751993.96,
2026-07-02 12:00:00,,746425.82,
2026-07-02 13:00:00,,754822.41,
2026-07-02 14:00:00,,757168.10,
2026-07-02 15:00:00,,751659.09,
2026-07-02 16:00:00,,753419.36,
2026-07-02 17:00:00,,749918.09,
2026-07-02 18:00:00,,753929.98,
2026-07-02 19:00:00,,756678.60,
2026-07-02 20:00:00,,752671.91,
2026-07-02 21:00:00,,759665.32,
2026-07-02 22:00:00,,757487.78,
2026-07-02 23:00:00,,765179.00,
2026-07-03 00:00:00,,762636.24,
2026-07-03 01:00:00,,757270.54,
2026-07-03 02:00:00,,764201.59,
2026-07-03 03:00:00,,796239.90,
2026-07-03 04:00:00,,796892.58,
2026-07-03 05:00:00,,799915.75,
2026-07-03 06:00:00,,805514.71,
2026-07-03 07:00:00,,801878.75,
2026-07-03 08:00:00,,803495.56,
2026-07-03 09:00:00,,810602.55,
2026-07-03 10:00:00,,824068.52,
2026-07-03 11:00:00,,828816.81,
2026-07-03 12:00:00,,827341.85,
2026-07-03 13:00:00,,824777.63,
2026-07-03 14:00:00,,818776.92,
2026-07-03 15:00:00,,807624.82,
2026-07-03 16:00:00,,806150.92,
2026-07-03 17:00:00,,799110.59,
2026-07-03 18:00:00,,805972.88,
2026-07-03 19:00:00,,789465.99,
2026-07-03 20:00:00,,797059.81,
2026-07-03 21:00:00,,807994.74,
2026-07-03 22:00:00,,824849.00,
2026-07-03 23:00:00,,822597.57,
2026-07-04 00:00:00,,813645.09,
2026-07-04 01:00:00,,806259.54,
2026-07-04 02:00:00,,802148.24,
2026-07-04 03:00:00,,804234.04,
2026-07-04 04:00:00,,806122.37,
2026-07-04 05:00:00,,802556.26,
2026-07-04 06:00:00,,803583.19,
2026-07-04 07:00:00,,806637.35,
2026-07-04 08:00:00,,804515.65,
2026-07-04 09:00:00,,804938.53,
2026-07-04 10:00:00,,805930.42,
2026-07-04 11:00:00,,804329.36,
2026-07-04 12:00:00,,812823.91,
2026-07-04 13:00:00,,814282.73,
2026-07-04 14:00:00,,812086.84,
2026-07-04 15:00:00,,828992.49,
2026-07-04 16:00:00,,834854.93,
2026-07-04 17:00:00,,823765.26,
2026-07-04 18:00:00,,826592.50,
2026-07-04 19:00:00,,818522.33,
2026-07-04 20:00:00,,815624.32,
2026-07-04 21:00:00,,813303.59,
2026-07-04 22:00:00,,815190.89,
2026-07-04 23:00:00,,807768.01,
2026-07-05 00:00:00,,781849.69,
2026-07-05 01:00:00,,780945.48,
2026-07-05 02:00:00,,770618.95,
2026-07-05 03:00:00,,757952.33,
2026-07-05 04:00:00,,759084.44,
2026-07-05 05:00:00,,756065.45,
2026-07-05 06:00:00,,755904.70,
2026-07-05 07:00:00,,754443.02,
2026-07-05 08:00:00,,758966.43,
2026-07-05 09:00:00,,758594.76,
2026-07-05 10:00:00,,743930.72,
2026-07-05 11:00:00,,751387.17,
2026-07-05 12:00:00,,750275.93,
2026-07-05 13:00:00,,752806.29,
2026-07-05 14:00:00,,752307.42,
2026-07-05 15:00:00,,748050.81,
2026-07-05 16:00:00,,748269.05,
2026-07-05 17:00:00,,762662.95,
2026-07-05 18:00:00,,762024.75,
2026-07-05 19:00:00,,764721.18,
2026-07-05 20:00:00,,755691.37,
2026-07-05 21:00:00,,757688.16,
2026-07-05 22:00:00,,765172.72,
2026-07-05 23:00:00,,791595.78,
2026-07-06 00:00:00,,788269.10,
2026-07-06 01:00:00,,782865.40,
2026-07-06 02:00:00,,769952.25,
2026-07-06 03:00:00,,766255.25,
2026-07-06 04:00:00,,762623.74,
2026-07-06 05:00:00,,756432.33,
2026-07-06 06:00:00,,754194.67,
2026-07-06 07:00:00,,750208.36,
2026-07-06 08:00:00,,750211.85,
2026-07-06 09:00:00,,753471.72,
2026-07-06 10:00:00,,749048.20,
2026-07-06 11:00:00,,752245.59,
2026-07-06 12:00:00,,753615.24,
2026-07-06 13:00:00,,742052.83,
2026-07-06 14:00:00,,753290.05,
2026-07-06 15:00:00,,764634.11,
2026-07-06 16:00:00,,792496.68,
2026-07-06 17:00:00,,804337.08,
2026-07-06 18:00:00,,857211.85,
2026-07-06 19:00:00,,845912.47,
2026-07-06 20:00:00,,851112.07,
2026-07-06 21:00:00,,857223.03,
2026-07-06 22:00:00,,862067.54,
2026-07-06 23:00:00,,864161.35,
2026-07-07 00:00:00,,821794.27,
2026-07-07 01:00:00,,821768.93,
2026-07-07 02:00:00,,809506.12,
2026-07-07 03:00:00,,801249.40,
2026-07-07 04:00:00,,799577.41,
2026-07-07 05:00:00,,797825.20,
2026-07-07 06:00:00,,792082.85,
2026-07-07 07:00:00,,804030.75,
2026-07-07 08:00:00,,786955.34,
2026-07-07 09:00:00,,788240.12,
2026-07-07 10:00:00,,819638.93,
2026-07-07 11:00:00,,819359.25,
2026-07-07 12:00:00,,818269.91,
2026-07-07 13:00:00,,828929.44,
2026-07-07 14:00:00,,821187.73,
2026-07-07 15:00:00,,822730.41,
2026-07-07 16:00:00,,825175.43,
2026-07-07 17:00:00,,829454.69,
2026-07-07 18:00:00,,820284.04,
2026-07-07 19:00:00,,809945.82,
2026-07-07 20:00:00,,802044.23,
2026-07-07 21:00:00,,801013.57,
2026-07-07 22:00:00,,787700.59,
2026-07-07 23:00:00,,774333.49,
2026-07-08 00:00:00,,775519.72,
2026-07-08 01:00:00,,779259.94,
2026-07-08 02:00:00,,763924.25,
2026-07-08 03:00:00,,765212.10,
2026-07-08 04:00:00,,748427.22,
2026-07-08 05:00:00,,746103.49,
2026-07-08 06:00:00,,745759.49,
2026-07-08 07:00:00,,748007.28,
2026-07-08 08:00:00,,742645.97,
2026-07-08 09:00:00,,741800.48,
2026-07-08 10:00:00,,742802.77,
2026-07-08 11:00:00,,746183.89,
2026-07-08 12:00:00,,754971.83,
2026-07-08 13:00:00,,741689.26,
2026-07-08 14:00:00,,743846.84,
2026-07-08 15:00:00,,733472.24,
2026-07-08 16:00:00,,723340.65,
2026-07-08 17:00:00,,732709.87,
2026-07-08 18:00:00,,726890.69,
2026-07-08 19:00:00,,726383.23,
2026-07-08 20:00:00,,728031.67,
2026-07-08 21:00:00,,723699.24,
2026-07-08 22:00:00,,725318.21,
2026-07-08 23:00:00,,725947.97,
2026-07-09 00:00:00,,724915.09,
2026-07-09 01:00:00,,732485.29,
2026-07-09 02:00:00,,727594.43,
2026-07-09 03:00:00,,728881.43,
2026-07-09 04:00:00,,732906.98,
2026-07-09 05:00:00,,733042.70,
2026-07-09 06:00:00,,737684.12,
2026-07-09 07:00:00,,738473.94,
2026-07-09 08:00:00,,736525.27,
2026-07-09 09:00:00,,738631.92,
2026-07-09 10:00:00,,737099.73,
2026-07-09 11:00:00,,733942.35,
2026-07-09 12:00:00,,735082.48,
2026-07-09 13:00:00,,733309.79,
2026-07-09 14:00:00,,734106.33,
2026-07-09 15:00:00,,736294.72,
2026-07-09 16:00:00,,738821.69,
2026-07-09 17:00:00,,743957.31,
2026-07-09 18:00:00,,763092.86,
2026-07-09 19:00:00,,764152.65,
2026-07-09 20:00:00,,763801.95,
2026-07-09 21:00:00,,760987.76,
2026-07-09 22:00:00,,758571.32,
2026-07-09 23:00:00,,760856.76,
2026-07-10 00:00:00,,761744.14,
2026-07-10 01:00:00,,765103.96,
2026-07-10 02:00:00,,793996.13,
2026-07-10 03:00:00,,790201.99,
2026-07-10 04:00:00,,786121.77,
2026-07-10 05:00:00,,786205.88,
2026-07-10 06:00:00,,788401.89,
2026-07-10 07:00:00,,785113.49,
2026-07-10 08:00:00,,806610.90,
2026-07-10 09:00:00,,809930.88,
2026-07-10 10:00:00,,797082.81,
2026-07-10 11:00:00,,828368.91,
2026-07-10 12:00:00,,828508.47,
2026-07-10 13:00:00,,821104.53,
2026-07-10 14:00:00,,820608.33,
2026-07-10 15:00:00,,799608.08,
2026-07-10 16:00:00,,793324.92,
2026-07-10 17:00:00,,789907.11,
2026-07-10 18:00:00,,784487.32,
2026-07-10 19:00:00,,782157.21,
2026-07-10 20:00:00,,783870.17,
2026-07-10 21:00:00,,783184.52,
2026-07-10 22:00:00,,788961.38,
2026-07-10 23:00:00,,792569.14,
2026-07-11 00:00:00,,793834.52,
2026-07-11 01:00:00,,799140.56,
2026-07-11 02:00:00,,797854.87,
2026-07-11 03:00:00,,817642.92,
2026-07-11 04:00:00,,805326.98,
2026-07-11 05:00:00,,795392.66,
2026-07-11 06:00:00,,795617.10,
2026-07-11 07:00:00,,792170.45,
2026-07-11 08:00:00,,795333.62,
2026-07-11 09:00:00,,779942.75,
2026-07-11 10:00:00,,776790.03,
2026-07-11 11:00:00,,774172.76,
2026-07-11 12:00:00,,774307.84,
2026-07-11 13:00:00,,774536.71,
2026-07-11 14:00:00,,776074.09,
2026-07-11 15:00:00,,778956.25,
2026-07-11 16:00:00,,778575.86,
2026-07-11 17:00:00,,782735.77,
2026-07-11 18:00:00,,781505.18,
2026-07-11 19:00:00,,780280.57,
2026-07-11 20:00:00,,783384.27,
2026-07-11 21:00:00,,783277.56,
2026-07-11 22:00:00,,782085.01,
2026-07-11 23:00:00,,775461.85,
2026-07-12 00:00:00,,761620.58,
2026-07-12 01:00:00,,758172.95,
2026-07-12 02:00:00,,768630.60,
2026-07-12 03:00:00,,773649.13,
2026-07-12 04:00:00,,778580.22,
2026-07-12 05:00:00,,778158.63,
2026-07-12 06:00:00,,791096.18,
2026-07-12 07:00:00,,804871.48,
2026-07-12 08:00:00,,807038.97,
2026-07-12 09:00:00,,798627.54,
2026-07-12 10:00:00,,829499.90,
2026-07-12 11:00:00,,817982.52,
2026-07-12 12:00:00,,804447.01,
2026-07-12 13:00:00,,801174.20,
2026-07-12 14:00:00,,797763.08,
2026-07-12 15:00:00,,799122.26,
2026-07-12 16:00:00,,795726.59,
2026-07-12 17:00:00,,795229.18,
2026-07-12 18:00:00,,781466.32,
2026-07-12 19:00:00,,785249.34,
2026-07-12 20:00:00,,787215.08,
2026-07-12 21:00:00,,785733.56,
2026-07-12 22:00:00,,779653.09,
2026-07-12 23:00:00,,769806.86,
2026-07-13 00:00:00,,767580.72,
2026-07-13 01:00:00,,769163.82,
2026-07-13 02:00:00,,759305.53,
2026-07-13 03:00:00,,757512.52,
2026-07-13 04:00:00,,728145.79,
2026-07-13 05:00:00,,735094.00,
2026-07-13 06:00:00,,736967.99,
2026-07-13 07:00:00,,737269.94,
2026-07-13 08:00:00,,737675.06,
2026-07-13 09:00:00,,741582.81,
2026-07-13 10:00:00,,740838.70,
2026-07-13 11:00:00,,738845.43,
2026-07-13 12:00:00,,744627.77,
2026-07-13 13:00:00,,743874.43,
2026-07-13 14:00:00,,746876.00,
2026-07-13 15:00:00,,763213.93,
2026-07-13 16:00:00,,759301.44,
2026-07-13 17:00:00,,752579.21,
2026-07-13 18:00:00,,737406.59,
2026-07-13 19:00:00,,727485.75,
2026-07-13 20:00:00,,728876.81,
2026-07-13 21:00:00,,726380.51,
2026-07-13 22:00:00,,688002.70,
2026-07-13 23:00:00,,689295.90,
2026-07-14 00:00:00,,698174.36,
2026-07-14 01:00:00,,700888.43,
2026-07-14 02:00:00,,700592.49,
2026-07-14 03:00:00,,699355.28,
2026-07-14 04:00:00,,698013.15,
2026-07-14 05:00:00,,697166.46,
2026-07-14 06:00:00,,700260.15,
2026-07-14 07:00:00,,712971.78,
2026-07-14 08:00:00,,710586.24,
2026-07-14 09:00:00,,713116.77,
2026-07-14 10:00:00,,712138.35,
2026-07-14 11:00:00,,712821.58,
2026-07-14 12:00:00,,710684.87,
2026-07-14 13:00:00,,719650.22,
2026-07-14 14:00:00,,719382.69,
2026-07-14 15:00:00,,727337.41,
2026-07-14 16:00:00,,735367.18,
2026-07-14 17:00:00,,732077.47,
2026-07-14 18:00:00,,725727.33,
2026-07-14 19:00:00,,726328.16,
2026-07-14 20:00:00,,723998.74,
2026-07-14 21:00:00,,724090.52,
2026-07-14 22:00:00,,724221.12,
2026-07-14 23:00:00,,724564.42,
2026-07-15 00:00:00,,725829.12,
2026-07-15 01:00:00,,723781.08,
2026-07-15 02:00:00,,717448.41,
2026-07-15 03:00:00,,711277.05,
2026-07-15 04:00:00,,714197.77,
2026-07-15 05:00:00,,711412.73,
2026-07-15 06:00:00,,716108.56,
2026-07-15 07:00:00,,717293.09,
2026-07-15 08:00:00,,716196.37,
2026-07-15 09:00:00,,715778.32,
2026-07-15 10:00:00,,715579.92,
2026-07-15 11:00:00,,714727.86,
2026-07-15 12:00:00,,714293.15,
2026-07-15 13:00:00,,725833.57,
2026-07-15 14:00:00,,724043.42,
2026-07-15 15:00:00,,721406.96,
2026-07-15 16:00:00,,720599.54,
2026-07-15 17:00:00,,715898.52,
2026-07-15 18:00:00,,717225.71,
2026-07-15 19:00:00,,718432.09,
2026-07-15 20:00:00,,716463.11,
2026-07-15 21:00:00,,722262.26,
2026-07-15 22:00:00,,723043.92,
2026-07-15 23:00:00,,719495.77,
2026-07-16 00:00:00,,717891.17,
2026-07-16 01:00:00,,731874.55,
2026-07-16 02:00:00,,738531.40,
2026-07-16 03:00:00,,738334.35,
2026-07-16 04:00:00,,730232.48,
2026-07-16 05:00:00,,784342.58,
2026-07-16 06:00:00,,783020.44,
2026-07-16 07:00:00,,795512.86,
2026-07-16 08:00:00,,795817.60,
2026-07-16 09:00:00,,783104.66,
2026-07-16 10:00:00,,786760.01,
2026-07-16 11:00:00,,787975.10,
2026-07-16 12:00:00,,792962.98,
2026-07-16 13:00:00,,785590.21,
2026-07-16 14:00:00,,802346.57,
2026-07-16 15:00:00,,801238.63,
2026-07-16 16:00:00,,807437.49,
2026-07-16 17:00:00,,806175.95,
2026-07-16 18:00:00,,796275.14,
2026-07-16 19:00:00,,798928.88,
2026-07-16 20:00:00,,791860.40,
2026-07-16 21:00:00,,797794.74,
2026-07-16 22:00:00,,797289.60,
2026-07-16 23:00:00,,794048.24,
2026-07-17 00:00:00,,791362.63,
2026-07-17 01:00:00,,796668.03,
2026-07-17 02:00:00,,789073.35,
2026-07-17 03:00:00,,783635.68,
2026-07-17 04:00:00,,791901.43,
2026-07-17 05:00:00,,793593.24,
2026-07-17 06:00:00,,783769.20,
2026-07-17 07:00:00,,791659.72,
2026-07-17 08:00:00,,788664.67,
2026-07-17 09:00:00,,792262.47,
2026-07-17 10:00:00,,798746.64,
2026-07-17 11:00:00,,801341.81,
2026-07-17 12:00:00,,805099.84,
2026-07-17 13:00:00,,798550.11,
2026-07-17 14:00:00,,795921.91,
2026-07-17 15:00:00,,795636.04,
2026-07-17 16:00:00,,797409.24,
2026-07-17 17:00:00,,801137.25,
2026-07-17 18:00:00,,801320.37,
2026-07-17 19:00:00,,802052.80,
2026-07-17 20:00:00,,801435.78,
2026-07-17 21:00:00,,799449.59,
2026-07-17 22:00:00,,796615.91,
2026-07-17 23:00:00,,794440.04,
2026-07-18 00:00:00,,793226.56,
2026-07-18 01:00:00,,782099.35,
2026-07-18 02:00:00,,781372.80,
2026-07-18 03:00:00,,780550.85,
2026-07-18 04:00:00,,779263.65,
2026-07-18 05:00:00,,774134.60,
2026-07-18 06:00:00,,780982.39,
2026-07-18 07:00:00,,792705.48,
2026-07-18 08:00:00,,792647.86,
2026-07-18 09:00:00,,786791.49,
2026-07-18 10:00:00,,780679.97,
2026-07-18 11:00:00,,779419.90,
2026-07-18 12:00:00,,778180.16,
2026-07-18 13:00:00,,774874.02,
2026-07-18 14:00:00,,768352.10,
2026-07-18 15:00:00,,776138.59,
2026-07-18 16:00:00,,776886.17,
2026-07-18 17:00:00,,779193.91,
2026-07-18 18:00:00,,782651.52,
2026-07-18 19:00:00,,772825.58,
2026-07-18 20:00:00,,768760.63,
2026-07-18 21:00:00,,769039.00,
2026-07-18 22:00:00,,772308.96,
2026-07-18 23:00:00,,773919.20,
2026-07-19 00:00:00,,775527.72,
2026-07-19 01:00:00,,777706.67,
2026-07-19 02:00:00,,778007.95,
2026-07-19 03:00:00,,777404.84,
2026-07-19 04:00:00,,779048.03,
2026-07-19 05:00:00,,782115.22,
2026-07-19 06:00:00,,782192.87,
2026-07-19 07:00:00,,784276.70,
2026-07-19 08:00:00,,779450.34,
2026-07-19 09:00:00,,781086.16,
2026-07-19 10:00:00,,776944.98,
2026-07-19 11:00:00,,770163.13,
2026-07-19 12:00:00,,761430.88,
2026-07-19 13:00:00,,761861.14,
2026-07-19 14:00:00,,761632.54,
2026-07-19 15:00:00,,769158.69,
2026-07-19 16:00:00,,767719.76,
2026-07-19 17:00:00,,761689.41,
2026-07-19 18:00:00,,764684.69,
2026-07-19 19:00:00,,767297.72,
2026-07-19 20:00:00,,769922.83,
2026-07-19 21:00:00,,772898.05,
2026-07-19 22:00:00,,765577.79,
2026-07-19 23:00:00,,770900.07,
2026-07-20 00:00:00,,767887.07,
2026-07-20 01:00:00,,775433.36,
2026-07-20 02:00:00,,767324.17,
2026-07-20 03:00:00,,768209.81,
2026-07-20 04:00:00,,769579.90,
2026-07-20 05:00:00,,762692.64,
2026-07-20 06:00:00,,754241.45,
2026-07-20 07:00:00,,758026.40,
2026-07-20 08:00:00,,764178.43,
2026-07-20 09:00:00,,763690.46,
2026-07-20 10:00:00,,766062.22,
2026-07-20 11:00:00,,763520.40,
2026-07-20 12:00:00,,770981.07,
2026-07-20 13:00:00,,765606.48,
2026-07-20 14:00:00,,769968.72,
2026-07-20 15:00:00,,768422.98,
2026-07-20 16:00:00,,781296.21,
2026-07-20 17:00:00,,784926.61,
2026-07-20 18:00:00,,782880.19,
2026-07-20 19:00:00,,789477.46,
2026-07-20 20:00:00,,790435.95,
2026-07-20 21:00:00,,785863.80,
2026-07-20 22:00:00,,785012.24,
2026-07-20 23:00:00,,780347.94,
2026-07-21 00:00:00,,784411.55,
2026-07-21 01:00:00,,784848.52,
2026-07-21 02:00:00,,776521.23,
2026-07-21 03:00:00,,779008.48,
2026-07-21 04:00:00,,785306.24,
2026-07-21 05:00:00,,796733.26,
2026-07-21 06:00:00,,800817.28,
2026-07-21 07:00:00,,799621.39,
2026-07-21 08:00:00,,798195.07,
2026-07-21 09:00:00,,796320.30,
2026-07-21 10:00:00,,796775.45,
2026-07-21 11:00:00,,796551.71,
2026-07-21 12:00:00,,794885.95,
2026-07-21 13:00:00,,799378.55,
2026-07-21 14:00:00,,801490.57,
2026-07-21 15:00:00,,799518.93,
2026-07-21 16:00:00,,806931.17,
2026-07-21 17:00:00,,800324.36,
2026-07-21 18:00:00,,800748.48,
2026-07-21 19:00:00,,796236.47,
2026-07-21 20:00:00,,797275.04,
2026-07-21 21:00:00,,796199.59,
2026-07-21 22:00:00,,795250.53,
2026-07-21 23:00:00,,794263.43,
2026-07-22 00:00:00,,796025.02,
2026-07-22 01:00:00,,794412.81,
2026-07-22 02:00:00,,790611.15,
2026-07-22 03:00:00,,789368.81,
2026-07-22 04:00:00,,838731.01,
2026-07-22 05:00:00,,818291.87,
2026-07-22 06:00:00,,814885.47,
2026-07-22 07:00:00,,818321.05,
2026-07-22 08:00:00,,818265.19,
2026-07-22 09:00:00,,820850.45,
2026-07-22 10:00:00,,819073.12,
2026-07-22 11:00:00,,823090.54,
2026-07-22 12:00:00,,829844.44,
2026-07-22 13:00:00,,833723.84,
2026-07-22 14:00:00,,873801.77,
2026-07-22 15:00:00,,893604.88,
2026-07-22 16:00:00,,905109.11,
2026-07-22 17:00:00,,926500.84,
2026-07-22 18:00:00,,937110.92,
2026-07-22 19:00:00,,940847.71,
2026-07-22 20:00:00,,938953.86,
2026-07-22 21:00:00,,921567.71,
2026-07-22 22:00:00,,950157.23,
2026-07-22 23:00:00,,949267.86,
2026-07-23 00:00:00,,954739.18,
2026-07-23 01:00:00,,957041.01,
2026-07-23 02:00:00,,952799.15,
2026-07-23 03:00:00,,942510.83,
2026-07-23 04:00:00,,935041.71,
2026-07-23 05:00:00,,908216.24,
2026-07-23 06:00:00,,924325.95,
2026-07-23 07:00:00,,942613.73,
2026-07-23 08:00:00,,921408.65,
2026-07-23 09:00:00,,939255.70,
2026-07-23 10:00:00,,953071.65,
2026-07-23 11:00:00,,941772.97,
2026-07-23 12:00:00,,915041.68,
2026-07-23 13:00:00,,899721.79,
2026-07-23 14:00:00,,895787.21,
2026-07-23 15:00:00,,901271.27,
2026-07-23 16:00:00,,887259.69,
2026-07-23 17:00:00,,891923.24,
2026-07-23 18:00:00,,884195.75,
2026-07-23 19:00:00,,911424.89,
2026-07-23 20:00:00,,901356.63,
2026-07-23 21:00:00,,909510.10,
2026-07-23 22:00:00,,907315.65,
2026-07-23 23:00:00,,906232.86,
2026-07-24 00:00:00,,907308.93,
2026-07-24 01:00:00,,904928.41,
2026-07-24 02:00:00,,903673.41,
2026-07-24 03:00:00,,919431.40,
2026-07-24 04:00:00,,917113.61,
2026-07-24 05:00:00,,905826.59,
2026-07-24 06:00:00,,919942.96,
2026-07-24 07:00:00,,917263.01,
2026-07-24 08:00:00,,917295.10,
2026-07-24 09:00:00,,905737.76,
2026-07-24 10:00:00,,893140.44,
2026-07-24 11:00:00,,888504.95,
2026-07-24 12:00:00,,884286.40,
2026-07-24 13:00:00,,910357.18,
2026-07-24 14:00:00,,905991.26,
2026-07-24 15:00:00,,909892.56,
2026-07-24 16:00:00,,911203.76,
2026-07-24 17:00:00,,928640.12,
2026-07-24 18:00:00,,926307.36,
2026-07-24 19:00:00,,916559.11,
2026-07-24 20:00:00,,913975.58,
2026-07-24 21:00:00,,914768.23,
2026-07-24 22:00:00,,907798.58,
2026-07-24 23:00:00,,911890.77,
2026-07-25 00:00:00,,915426.38,
2026-07-25 01:00:00,,919429.70,
2026-07-25 02:00:00,,920151.31,
2026-07-25 03:00:00,,920109.95,
2026-07-25 04:00:00,,924989.29,
2026-07-25 05:00:00,,928350.42,
2026-07-25 06:00:00,,940316.63,
2026-07-25 07:00:00,,934140.30,
2026-07-25 08:00:00,,853623.69,
2026-07-25 09:00:00,,855892.11,
2026-07-25 10:00:00,,867653.29,
2026-07-25 11:00:00,,868353.69,
2026-07-25 12:00:00,,865795.07,
2026-07-25 13:00:00,,891071.03,
2026-07-25 14:00:00,,886506.72,
2026-07-25 15:00:00,,880678.13,
2026-07-25 16:00:00,,895307.07,
2026-07-25 17:00:00,,889041.02,
2026-07-25 18:00:00,,882331.39,
2026-07-25 19:00:00,,864758.97,
2026-07-25 20:00:00,,867395.32,
2026-07-25 21:00:00,,869602.54,
2026-07-25 22:00:00,,871275.94,
2026-07-25 23:00:00,,873535.62,
2026-07-26 00:00:00,,873136.93,
2026-07-26 01:00:00,,866626.79,
2026-07-26 02:00:00,,871551.23,
2026-07-26 03:00:00,,872406.83,
2026-07-26 04:00:00,,869522.98,
2026-07-26 05:00:00,,871276.26,
2026-07-26 06:00:00,,877017.92,
2026-07-26 07:00:00,,870336.10,
2026-07-26 08:00:00,,867474.72,
2026-07-26 09:00:00,,862089.77,
2026-07-26 10:00:00,,886932.59,
2026-07-26 11:00:00,,887007.33,
2026-07-26 12:00:00,,864068.38,
2026-07-26 13:00:00,,863442.06,
2026-07-26 14:00:00,,850272.07,
2026-07-26 15:00:00,,848247.28,
2026-07-26 16:00:00,,850941.94,
2026-07-26 17:00:00,,854567.73,
2026-07-26 18:00:00,,859527.09,
2026-07-26 19:00:00,,859593.65,
2026-07-26 20:00:00,,864227.74,
2026-07-26 21:00:00,,866771.95,
2026-07-26 22:00:00,,866903.37,
2026-07-26 23:00:00,,875514.28,
2026-07-27 00:00:00,,874411.94,
2026-07-27 01:00:00,,869654.97,
2026-07-27 02:00:00,,863999.86,
2026-07-27 03:00:00,,857040.60,
2026-07-27 04:00:00,,859221.78,
2026-07-27 05:00:00,,859375.44,
2026-07-27 06:00:00,,859076.57,
2026-07-27 07:00:00,,854391.99,
2026-07-27 08:00:00,,850387.60,
2026-07-27 09:00:00,,841128.88,
2026-07-27 10:00:00,,817468.51,
2026-07-27 11:00:00,,820097.64,
2026-07-27 12:00:00,,815278.33,
2026-07-27 13:00:00,,821455.35,
2026-07-27 14:00:00,,821941.34,
2026-07-27 15:00:00,,808546.07,
2026-07-27 16:00:00,,797108.80,
2026-07-27 17:00:00,,812714.21,
2026-07-27 18:00:00,,1028205.09,
2026-07-27 19:00:00,,1041025.81,
2026-07-27 20:00:00,,1006096.30,
2026-07-27 21:00:00,,954255.63,
2026-07-27 22:00:00,,914219.97,
2026-07-27 23:00:00,,862953.12,
2026-07-28 00:00:00,,820412.81,
2026-07-28 01:00:00,,802921.14,
2026-07-28 02:00:00,,808074.80,
2026-07-28 03:00:00,,817226.22,
2026-07-28 04:00:00,,809827.52,
2026-07-28 05:00:00,,807201.84,
2026-07-28 06:00:00,,814211.44,
2026-07-28 07:00:00,,825974.21,
2026-07-28 08:00:00,,818918.01,
2026-07-28 09:00:00,,824621.18,
2026-07-28 10:00:00,,818488.10,
2026-07-28 11:00:00,,816793.20,
2026-07-28 12:00:00,,812305.66,
2026-07-28 13:00:00,,824455.41,
2026-07-28 14:00:00,,826452.52,
2026-07-28 15:00:00,,822921.95,
2026-07-28 16:00:00,,832342.73,
2026-07-28 17:00:00,,830772.10,
2026-07-28 18:00:00,,838816.67,
2026-07-28 19:00:00,,798131.42,
2026-07-28 20:00:00,,799789.35,
2026-07-28 21:00:00,,780109.19,
2026-07-28 22:00:00,,766804.87,
2026-07-28 23:00:00,,784905.23,
2026-07-29 00:00:00,,785424.94,
2026-07-29 01:00:00,,802566.85,
2026-07-29 02:00:00,,787302.83,
2026-07-29 03:00:00,,792401.62,
2026-07-29 04:00:00,,771095.05,
2026-07-29 05:00:00,,797304.57,
2026-07-29 06:00:00,,800474.36,
2026-07-29 07:00:00,,801026.77,
2026-07-29 08:00:00,,807112.78,
2026-07-29 09:00:00,,805440.87,
2026-07-29 10:00:00,,804606.14,
2026-07-29 11:00:00,,797151.66,
2026-07-29 12:00:00,,807227.04,
2026-07-29 13:00:00,,792362.73,
2026-07-29 14:00:00,,801223.04,
2026-07-29 15:00:00,,793751.88,
2026-07-29 16:00:00,,794922.43,
2026-07-29 17:00:00,,814324.14,
2026-07-29 18:00:00,,812159.22,
2026-07-29 19:00:00,,825914.74,
2026-07-29 20:00:00,,774028.83,
2026-07-29 21:00:00,,776027.27,
2026-07-29 22:00:00,,781559.45,
2026-07-29 23:00:00,,787574.54,
2026-07-30 00:00:00,,806165.33,
2026-07-30 01:00:00,,801154.49,
2026-07-30 02:00:00,,799062.91,
2026-07-30 03:00:00,,781248.97,
2026-07-30 04:00:00,,762928.69,
2026-07-30 05:00:00,,763194.46,
2026-07-30 06:00:00,,757489.60,
2026-07-30 07:00:00,,759903.31,
2026-07-30 08:00:00,,760473.23,
2026-07-30 09:00:00,,760926.34,
2026-07-30 10:00:00,,762766.82,
2026-07-30 11:00:00,,755613.72,
2026-07-30 12:00:00,,749503.00,
2026-07-30 13:00:00,,746614.99,
2026-07-30 14:00:00,,747781.46,
2026-07-30 15:00:00,,744146.50,
2026-07-30 16:00:00,,737279.27,
2026-07-30 17:00:00,,736279.74,
2026-07-30 18:00:00,,737384.51,
2026-07-30 19:00:00,,737029.43,
2026-07-30 20:00:00,,736583.27,
2026-07-30 21:00:00,,741717.13,
2026-07-30 22:00:00,,747074.87,
2026-07-30 23:00:00,,746602.07,
2026-07-31 00:00:00,,740762.43,
2026-07-31 01:00:00,,737558.55,
2026-07-31 02:00:00,,743445.84,
2026-07-31 03:00:00,,747013.09,
2026-07-31 04:00:00,,734756.71,
2026-07-31 05:00:00,,728627.91,
2026-07-31 06:00:00,,725789.74,
2026-07-31 07:00:00,,726498.07,
2026-07-31 08:00:00,,728879.58,
2026-07-31 09:00:00,,726449.73,
2026-07-31 10:00:00,,725521.88,
2026-07-31 11:00:00,,729930.75,
2026-07-31 12:00:00,,737604.17,
2026-07-31 13:00:00,,725774.96,
2026-07-31 14:00:00,,725918.82,
2026-07-31 15:00:00,,733505.40,
2026-07-31 16:00:00,,731131.46,
2026-07-31 17:00:00,,739917.99,
2026-07-31 18:00:00,,741537.93,
2026-07-31 19:00:00,,743326.59,
2026-07-31 20:00:00,,734903.01,
2026-07-31 21:00:00,,739746.59,
2026-07-31 22:00:00,,729923.58,
2026-07-31 23:00:00,,727781.62,
2026-08-01 00:00:00,,726761.70,
2026-08-01 01:00:00,,730162.59,
2026-08-01 02:00:00,,731936.90,
2026-08-01 03:00:00,,731286.00,
2026-08-01 04:00:00,,730500.71,
2026-08-01 05:00:00,,730885.74,
2026-08-01 06:00:00,,728611.94,
2026-08-01 07:00:00,,728452.12,
2026-08-01 08:00:00,,721794.37,
2026-08-01 09:00:00,,725471.84,
2026-08-01 10:00:00,,720945.29,
2026-08-01 11:00:00,,717900.30,
2026-08-01 12:00:00,,716231.47,
2026-08-01 13:00:00,,719023.93,
2026-08-01 14:00:00,,713609.93,
2026-08-01 15:00:00,,715863.47,
2026-08-01 16:00:00,,711704.20,
2026-08-01 17:00:00,,707742.31,
2026-08-01 18:00:00,,706422.14,
2026-08-01 19:00:00,,701234.54,
2026-08-01 20:00:00,,710174.16,
2026-08-01 21:00:00,,715588.82,
2026-08-01 22:00:00,,718289.44,
2026-08-01 23:00:00,,711683.19,
2026-08-02 00:00:00,,710518.25,
2026-08-02 01:00:00,,707474.28,
2026-08-02 02:00:00,,710501.62,
2026-08-02 03:00:00,,713652.65,
2026-08-02 04:00:00,,712105.89,
2026-08-02 05:00:00,,714902.75,
2026-08-02 06:00:00,,711802.32,
2026-08-02 07:00:00,,704164.96,
2026-08-02 08:00:00,,704701.36,
2026-08-02 09:00:00,,701795.95,
2026-08-02 10:00:00,,699081.65,
2026-08-02 11:00:00,,699803.10,
2026-08-02 12:00:00,,698696.68,
2026-08-02 13:00:00,,699971.33,
2026-08-02 14:00:00,,698658.25,
2026-08-02 15:00:00,,698958.42,
2026-08-02 16:00:00,,696943.25,
2026-08-02 17:00:00,,697783.19,
2026-08-02 18:00:00,,705373.29,
2026-08-02 19:00:00,,708358.03,
2026-08-02 20:00:00,,705200.19,
2026-08-02 21:00:00,,700338.82,
2026-08-02 22:00:00,,702330.08,
2026-08-02 23:00:00,,698899.71,
2026-08-03 00:00:00,,697997.57,
2026-08-03 01:00:00,,694374.86,
2026-08-03 02:00:00,,692912.42,
2026-08-03 03:00:00,,699146.47,
2026-08-03 04:00:00,,695940.04,
2026-08-03 05:00:00,,697450.00,
2026-08-03 06:00:00,,707986.90,
2026-08-03 07:00:00,,698912.23,
2026-08-03 08:00:00,,713426.51,
2026-08-03 09:00:00,,720449.91,
2026-08-03 10:00:00,,721144.27,
2026-08-03 11:00:00,,717730.29,
2026-08-03 12:00:00,,722211.70,
2026-08-03 13:00:00,,735557.86,
2026-08-03 14:00:00,,744426.59,
2026-08-03 15:00:00,,760119.56,
2026-08-03 16:00:00,,773975.41,
2026-08-03 17:00:00,,771485.26,
2026-08-03 18:00:00,,775403.52,
2026-08-03 19:00:00,,780126.76,
2026-08-03 20:00:00,,777785.40,
2026-08-03 21:00:00,,778946.70,
2026-08-03 22:00:00,,797005.78,
2026-08-03 23:00:00,,780664.68,
2026-08-04 00:00:00,,777801.50,
2026-08-04 01:00:00,,779915.25,
2026-08-04 02:00:00,,786348.64,
2026-08-04 03:00:00,,785598.17,
2026-08-04 04:00:00,,781453.68,
2026-08-04 05:00:00,,794552.79,
2026-08-04 06:00:00,,787587.61,
2026-08-04 07:00:00,,782309.66,
2026-08-04 08:00:00,,771925.61,
2026-08-04 09:00:00,,771506.39,
2026-08-04 10:00:00,,770382.41,
2026-08-04 11:00:00,,769694.99,
2026-08-04 12:00:00,,769304.07,
2026-08-04 13:00:00,,762613.41,
2026-08-04 14:00:00,,761510.27,
2026-08-04 15:00:00,,765356.35,
2026-08-04 16:00:00,,766035.56,
2026-08-04 17:00:00,,767461.26,
2026-08-04 18:00:00,,763359.28,
2026-08-04 19:00:00,,762607.08,
2026-08-04 20:00:00,,761042.82,
2026-08-04 21:00:00,,768565.84,
2026-08-04 22:00:00,,769584.46,
2026-08-04 23:00:00,,772752.14,
2026-08-05 00:00:00,,769727.82,
2026-08-05 01:00:00,,769547.03,
2026-08-05 02:00:00,,776266.02,
2026-08-05 03:00:00,,777736.09,
2026-08-05 04:00:00,,772713.30,
2026-08-05 05:00:00,,779113.18,
2026-08-05 06:00:00,,776834.96,
2026-08-05 07:00:00,,776090.24,
2026-08-05 08:00:00,,776270.27,
2026-08-05 09:00:00,,772734.09,
2026-08-05 10:00:00,,774262.11,
2026-08-05 11:00:00,,771304.82,
2026-08-05 12:00:00,,770400.86,
2026-08-05 13:00:00,,771528.48,
2026-08-05 14:00:00,,772126.90,
2026-08-05 15:00:00,,771060.59,
2026-08-05 16:00:00,,768634.31,
2026-08-05 17:00:00,,769165.08,
2026-08-05 18:00:00,,772239.64,
2026-08-05 19:00:00,,771182.03,
2026-08-05 20:00:00,,767185.50,
2026-08-05 21:00:00,,769828.40,
2026-08-05 22:00:00,,762138.99,
2026-08-05 23:00:00,,761984.44,
2026-08-06 00:00:00,,759504.23,
2026-08-06 01:00:00,,766464.75,
2026-08-06 02:00:00,,764457.43,
2026-08-06 03:00:00,,761870.01,
2026-08-06 04:00:00,,764470.38,
2026-08-06 05:00:00,,770234.07,
2026-08-06 06:00:00,,773481.70,
2026-08-06 07:00:00,,771934.39,
2026-08-06 08:00:00,,770349.00,
2026-08-06 09:00:00,,774117.49,
2026-08-06 10:00:00,,774898.47,
2026-08-06 11:00:00,,771236.66,
2026-08-06 12:00:00,,775920.47,
2026-08-06 13:00:00,,778727.60,
2026-08-06 14:00:00,,784144.63,
2026-08-06 15:00:00,,784112.56,
2026-08-06 16:00:00,,779728.77,
2026-08-06 17:00:00,,783993.41,
2026-08-06 18:00:00,,780836.02,
2026-08-06 19:00:00,,786888.52,
2026-08-06 20:00:00,,787587.15,
2026-08-06 21:00:00,,784602.70,
2026-08-06 22:00:00,,797175.18,
2026-08-06 23:00:00,,797093.52,
2026-08-07 00:00:00,,795966.85,
2026-08-07 01:00:00,,796332.74,
2026-08-07 02:00:00,,795928.34,
2026-08-07 03:00:00,,793865.26,
2026-08-07 04:00:00,,789903.44,
2026-08-07 05:00:00,,787902.08,
2026-08-07 06:00:00,,796138.83,
2026-08-07 07:00:00,,792119.08,
2026-08-07 08:00:00,,793360.32,
2026-08-07 09:00:00,,791132.81,
2026-08-07 10:00:00,,791044.25,
2026-08-07 11:00:00,,790920.43,
2026-08-07 12:00:00,,789494.53,
2026-08-07 13:00:00,,788048.84,
2026-08-07 14:00:00,,789389.52,
2026-08-07 15:00:00,,786217.82,
2026-08-07 16:00:00,,787677.78,
2026-08-07 17:00:00,,782993.35,
2026-08-07 18:00:00,,781368.11,
2026-08-07 19:00:00,,779989.00,
2026-08-07 20:00:00,,781229.22,
2026-08-07 21:00:00,,775047.53,
2026-08-07 22:00:00,,776346.28,
2026-08-07 23:00:00,,770690.18,
2026-08-08 00:00:00,,769770.77,
2026-08-08 01:00:00,,765556.45,
2026-08-08 02:00:00,,768560.31,
2026-08-08 03:00:00,,776905.48,
2026-08-08 04:00:00,,777109.52,
2026-08-08 05:00:00,,776721.58,
2026-08-08 06:00:00,,773864.96,
2026-08-08 07:00:00,,774253.39,
2026-08-08 08:00:00,,775710.15,
2026-08-08 09:00:00,,777180.16,
2026-08-08 10:00:00,,753430.46,
2026-08-08 11:00:00,,754378.96,
2026-08-08 12:00:00,,755447.93,
2026-08-08 13:00:00,,752182.96,
2026-08-08 14:00:00,,752382.80,
2026-08-08 15:00:00,,752199.46,
2026-08-08 16:00:00,,755625.12,
2026-08-08 17:00:00,,761192.65,
2026-08-08 18:00:00,,755643.52,
2026-08-08 19:00:00,,757191.63,
2026-08-08 20:00:00,,756775.27,
2026-08-08 21:00:00,,756277.90,
2026-08-08 22:00:00,,758326.40,
2026-08-08 23:00:00,,757651.24,
2026-08-09 00:00:00,,758929.97,
2026-08-09 01:00:00,,753315.62,
2026-08-09 02:00:00,,772101.05,
2026-08-09 03:00:00,,775349.34,
2026-08-09 04:00:00,,774278.63,
2026-08-09 05:00:00,,758520.90,
2026-08-09 06:00:00,,766133.97,
2026-08-09 07:00:00,,767971.63,
2026-08-09 08:00:00,,758640.40,
2026-08-09 09:00:00,,759384.80,
2026-08-09 10:00:00,,768851.18,
2026-08-09 11:00:00,,767117.52,
2026-08-09 12:00:00,,767890.32,
2026-08-09 13:00:00,,762314.93,
2026-08-09 14:00:00,,763890.62,
2026-08-09 15:00:00,,759954.19,
2026-08-09 16:00:00,,763731.45,
2026-08-09 17:00:00,,764668.93,
2026-08-09 18:00:00,,766035.48,
2026-08-09 19:00:00,,766602.78,
2026-08-09 20:00:00,,765545.76,
2026-08-09 21:00:00,,766976.66,
2026-08-09 22:00:00,,766974.87,
2026-08-09 23:00:00,,762454.38,
2026-08-10 00:00:00,,755746.85,
2026-08-10 01:00:00,,763361.20,
2026-08-10 02:00:00,,761284.73,
2026-08-10 03:00:00,,758790.88,
2026-08-10 04:00:00,,755150.00,
2026-08-10 05:00:00,,757173.63,
2026-08-10 06:00:00,,757950.15,
2026-08-10 07:00:00,,758518.98,
2026-08-10 08:00:00,,791872.79,
2026-08-10 09:00:00,,761321.43,
2026-08-10 10:00:00,,763116.47,
2026-08-10 11:00:00,,757175.62,
2026-08-10 12:00:00,,777086.32,
2026-08-10 13:00:00,,777112.93,
2026-08-10 14:00:00,,747091.81,
2026-08-10 15:00:00,,719121.39,
2026-08-10 16:00:00,,715649.68,
2026-08-10 17:00:00,,714358.14,
2026-08-10 18:00:00,,718816.18,
2026-08-10 19:00:00,,717400.54,
2026-08-10 20:00:00,,713665.34,
2026-08-10 21:00:00,,712789.73,
2026-08-10 22:00:00,,704109.11,
2026-08-10 23:00:00,,708807.85,
2026-08-11 00:00:00,,711725.57,
2026-08-11 01:00:00,,712278.61,
2026-08-11 02:00:00,,711475.60,
2026-08-11 03:00:00,,709112.44,
2026-08-11 04:00:00,,713360.17,
2026-08-11 05:00:00,,708203.31,
2026-08-11 06:00:00,,712512.17,
2026-08-11 07:00:00,,720686.24,
2026-08-11 08:00:00,,726303.93,
2026-08-11 09:00:00,,749086.36,
2026-08-11 10:00:00,,746717.43,
2026-08-11 11:00:00,,727845.71,
2026-08-11 12:00:00,,696028.14,
2026-08-11 13:00:00,,702698.34,
2026-08-11 14:00:00,,697093.08,
2026-08-11 15:00:00,,691980.75,
2026-08-11 16:00:00,,680742.22,
2026-08-11 17:00:00,,686650.66,
2026-08-11 18:00:00,,682615.95,
2026-08-11 19:00:00,,676846.18,
2026-08-11 20:00:00,,687755.81,
2026-08-11 21:00:00,,687059.13,
2026-08-11 22:00:00,,689487.46,
2026-08-11 23:00:00,,677738.73,
2026-08-12 00:00:00,,679402.91,
2026-08-12 01:00:00,,676103.61,
2026-08-12 02:00:00,,677606.23,
2026-08-12 03:00:00,,678516.58,
2026-08-12 04:00:00,,679125.89,
2026-08-12 05:00:00,,681241.74,
2026-08-12 06:00:00,,680541.04,
2026-08-12 07:00:00,,679905.38,
2026-08-12 08:00:00,,682953.59,
2026-08-12 09:00:00,,676489.44,
2026-08-12 10:00:00,,680624.57,
2026-08-12 11:00:00,,680379.28,
2026-08-12 12:00:00,,681308.85,
2026-08-12 13:00:00,,686689.35,
2026-08-12 14:00:00,,693728.02,
2026-08-12 15:00:00,,683835.08,
2026-08-12 16:00:00,,685622.68,
2026-08-12 17:00:00,,681587.68,
2026-08-12 18:00:00,,680758.10,
2026-08-12 19:00:00,,680039.08,
2026-08-12 20:00:00,,674482.77,
2026-08-12 21:00:00,,674041.14,
2026-08-12 22:00:00,,651560.88,
2026-08-12 23:00:00,,661213.99,
2026-08-13 00:00:00,,659640.92,
2026-08-13 01:00:00,,662725.17,
2026-08-13 02:00:00,,662180.13,
2026-08-13 03:00:00,,666212.13,
2026-08-13 04:00:00,,666333.75,
2026-08-13 05:00:00,,667255.94,
2026-08-13 06:00:00,,669188.58,
2026-08-13 07:00:00,,668214.84,
2026-08-13 08:00:00,,668928.12,
2026-08-13 09:00:00,,665889.26,
2026-08-13 10:00:00,,666975.04,
2026-08-13 11:00:00,,662808.83,
2026-08-13 12:00:00,,662846.88,
2026-08-13 13:00:00,,665266.96,
2026-08-13 14:00:00,,663736.76,
2026-08-13 15:00:00,,664610.33,
2026-08-13 16:00:00,,659049.90,
2026-08-13 17:00:00,,663302.53,
2026-08-13 18:00:00,,666168.57,
2026-08-13 19:00:00,,668551.49,
2026-08-13 20:00:00,,666766.73,
2026-08-13 21:00:00,,660992.08,
2026-08-13 22:00:00,,664273.83,
2026-08-13 23:00:00,,661415.16,
2026-08-14 00:00:00,,662111.52,
2026-08-14 01:00:00,,660862.93,
2026-08-14 02:00:00,,657745.15,
2026-08-14 03:00:00,,657433.04,
2026-08-14 04:00:00,,671406.17,
2026-08-14 05:00:00,,668303.82,
2026-08-14 06:00:00,,668791.40,
2026-08-14 07:00:00,,671364.38,
2026-08-14 08:00:00,,648462.44,
2026-08-14 09:00:00,,651915.66,
2026-08-14 10:00:00,,643202.53,
2026-08-14 11:00:00,,641583.87,
2026-08-14 12:00:00,,641598.89,
2026-08-14 13:00:00,,643720.64,
2026-08-14 14:00:00,,647184.29,
2026-08-14 15:00:00,,647067.47,
2026-08-14 16:00:00,,654398.52,
2026-08-14 17:00:00,,655434.61,
2026-08-14 18:00:00,,657548.72,
2026-08-14 19:00:00,,650641.01,
2026-08-14 20:00:00,,648186.75,
2026-08-14 21:00:00,,648183.80,
2026-08-14 22:00:00,,647467.95,
2026-08-14 23:00:00,,652999.86,
2026-08-15 00:00:00,,653485.83,
2026-08-15 01:00:00,,656317.42,
2026-08-15 02:00:00,,660591.39,
2026-08-15 03:00:00,,666337.38,
2026-08-15 04:00:00,,661401.90,
2026-08-15 05:00:00,,655023.38,
2026-08-15 06:00:00,,654377.58,
2026-08-15 07:00:00,,657354.84,
2026-08-15 08:00:00,,662197.62,
2026-08-15 09:00:00,,665649.39,
2026-08-15 10:00:00,,744791.48,
2026-08-15 11:00:00,,800062.72,
2026-08-15 12:00:00,,805622.61,
2026-08-15 13:00:00,,790691.18,
2026-08-15 14:00:00,,781171.16,
2026-08-15 15:00:00,,768556.01,
2026-08-15 16:00:00,,757264.12,
2026-08-15 17:00:00,,742592.94,
2026-08-15 18:00:00,,757372.67,
2026-08-15 19:00:00,,763143.55,
2026-08-15 20:00:00,,764601.57,
2026-08-15 21:00:00,,760397.23,
2026-08-15 22:00:00,,765468.91,
2026-08-15 23:00:00,,758007.19,
2026-08-16 00:00:00,,754315.29,
2026-08-16 01:00:00,,754184.57,
2026-08-16 02:00:00,,752897.77,
2026-08-16 03:00:00,,761579.85,
2026-08-16 04:00:00,,762023.70,
2026-08-16 05:00:00,,761180.45,
2026-08-16 06:00:00,,761655.05,
2026-08-16 07:00:00,,764482.11,
2026-08-16 08:00:00,,776018.85,
2026-08-16 09:00:00,,771905.05,
2026-08-16 10:00:00,,769263.09,
2026-08-16 11:00:00,,767740.58,
2026-08-16 12:00:00,,766965.83,
2026-08-16 13:00:00,,770084.72,
2026-08-16 14:00:00,,774987.03,
2026-08-16 15:00:00,,774388.09,
2026-08-16 16:00:00,,774595.00,
2026-08-16 17:00:00,,779750.62,
2026-08-16 18:00:00,,780570.42,
2026-08-16 19:00:00,,857757.69,
2026-08-16 20:00:00,,857085.24,
2026-08-16 21:00:00,,857939.23,
2026-08-16 22:00:00,,859630.75,
2026-08-16 23:00:00,,873334.50,
2026-08-17 00:00:00,,881388.94,
2026-08-17 01:00:00,,869481.39,
2026-08-17 02:00:00,,857262.70,
2026-08-17 03:00:00,,845415.48,
2026-08-17 04:00:00,,840583.56,
2026-08-17 05:00:00,,826845.27,
2026-08-17 06:00:00,,820514.35,
2026-08-17 07:00:00,,820479.76,
2026-08-17 08:00:00,,812848.03,
2026-08-17 09:00:00,,810740.03,
2026-08-17 10:00:00,,809039.31,
2026-08-17 11:00:00,,824663.47,
2026-08-17 12:00:00,,840643.23,
2026-08-17 13:00:00,,837896.28,
2026-08-17 14:00:00,,843694.62,
2026-08-17 15:00:00,,840553.64,
2026-08-17 16:00:00,,841210.59,
2026-08-17 17:00:00,,832456.86,
2026-08-17 18:00:00,,826384.50,
2026-08-17 19:00:00,,824201.86,
2026-08-17 20:00:00,,816096.29,
2026-08-17 21:00:00,,817255.04,
2026-08-17 22:00:00,,816767.08,
2026-08-17 23:00:00,,807150.62,
2026-08-18 00:00:00,,810878.42,
2026-08-18 01:00:00,,812704.90,
2026-08-18 02:00:00,,805808.41,
2026-08-18 03:00:00,,789784.26,
2026-08-18 04:00:00,,800032.72,
2026-08-18 05:00:00,,819058.07,
2026-08-18 06:00:00,,819656.16,
2026-08-18 07:00:00,,806828.29,
2026-08-18 08:00:00,,796686.60,
2026-08-18 09:00:00,,799131.09,
2026-08-18 10:00:00,,804179.30,
2026-08-18 11:00:00,,804050.17,
2026-08-18 12:00:00,,805243.09,
2026-08-18 13:00:00,,805161.59,
2026-08-18 14:00:00,,806070.85,
2026-08-18 15:00:00,,807796.23,
2026-08-18 16:00:00,,825406.43,
2026-08-18 17:00:00,,817154.36,
2026-08-18 18:00:00,,817955.03,
2026-08-18 19:00:00,,819384.55,
2026-08-18 20:00:00,,817964.97,
2026-08-18 21:00:00,,815066.52,
2026-08-18 22:00:00,,820102.29,
2026-08-18 23:00:00,,819013.91,
2026-08-19 00:00:00,,821589.17,
2026-08-19 01:00:00,,831611.36,
2026-08-19 02:00:00,,835347.70,
2026-08-19 03:00:00,,829986.18,
2026-08-19 04:00:00,,831685.43,
2026-08-19 05:00:00,,825203.00,
2026-08-19 06:00:00,,823545.79,
2026-08-19 07:00:00,,826144.84,
2026-08-19 08:00:00,,824645.49,
2026-08-19 09:00:00,,830444.84,
2026-08-19 10:00:00,,829649.36,
2026-08-19 11:00:00,,831311.29,
2026-08-19 12:00:00,,833844.88,
2026-08-19 13:00:00,,836902.82,
2026-08-19 14:00:00,,832259.31,
2026-08-19 15:00:00,,828210.87,
2026-08-19 16:00:00,,816307.89,
2026-08-19 17:00:00,,814167.57,
2026-08-19 18:00:00,,787521.18,
2026-08-19 19:00:00,,783447.70,
2026-08-19 20:00:00,,788975.83,
2026-08-19 21:00:00,,801340.33,
2026-08-19 22:00:00,,804666.63,
2026-08-19 23:00:00,,794029.47,
2026-08-20 00:00:00,,797834.24,
2026-08-20 01:00:00,,802876.26,
2026-08-20 02:00:00,,805638.82,
2026-08-20 03:00:00,,804104.29,
2026-08-20 04:00:00,,801596.32,
2026-08-20 05:00:00,,806400.76,
2026-08-20 06:00:00,,804241.87,
2026-08-20 07:00:00,,808731.31,
2026-08-20 08:00:00,,807147.33,
2026-08-20 09:00:00,,820149.14,
2026-08-20 10:00:00,,817095.80,
2026-08-20 11:00:00,,820915.07,
2026-08-20 12:00:00,,826969.43,
2026-08-20 13:00:00,,825444.12,
2026-08-20 14:00:00,,830919.17,
2026-08-20 15:00:00,,846270.18,
2026-08-20 16:00:00,,855037.86,
2026-08-20 17:00:00,,872038.47,
2026-08-20 18:00:00,,907925.47,
2026-08-20 19:00:00,,894711.02,
2026-08-20 20:00:00,,884968.41,
2026-08-20 21:00:00,,887872.98,
2026-08-20 22:00:00,,894020.99,
2026-08-20 23:00:00,,906445.25,
2026-08-21 00:00:00,,900233.36,
2026-08-21 01:00:00,,896117.58,
2026-08-21 02:00:00,,900752.75,
2026-08-21 03:00:00,,899017.82,
2026-08-21 04:00:00,,895440.84,
2026-08-21 05:00:00,,896245.63,
2026-08-21 06:00:00,,901356.90,
2026-08-21 07:00:00,,899025.28,
2026-08-21 08:00:00,,903734.84,
2026-08-21 09:00:00,,921751.75,
2026-08-21 10:00:00,,929701.99,
2026-08-21 11:00:00,,930552.72,
2026-08-21 12:00:00,,925619.57,
2026-08-21 13:00:00,,927526.58,
2026-08-21 14:00:00,,923497.83,
2026-08-21 15:00:00,,916186.75,
2026-08-21 16:00:00,,909012.57,
2026-08-21 17:00:00,,910346.07,
2026-08-21 18:00:00,,903849.66,
2026-08-21 19:00:00,,900348.42,
2026-08-21 20:00:00,,885549.59,
2026-08-21 21:00:00,,894163.56,
2026-08-21 22:00:00,,906333.74,
2026-08-21 23:00:00,,927850.16,
2026-08-22 00:00:00,,928538.77,
2026-08-22 01:00:00,,933723.67,
2026-08-22 02:00:00,,933877.40,
2026-08-22 03:00:00,,947493.00,
2026-08-22 04:00:00,,951870.41,
2026-08-22 05:00:00,,977250.20,
2026-08-22 06:00:00,,913924.38,
2026-08-22 07:00:00,,932215.87,
2026-08-22 08:00:00,,938020.39,
2026-08-22 09:00:00,,918582.39,
2026-08-22 10:00:00,,938144.88,
2026-08-22 11:00:00,,929750.71,
2026-08-22 12:00:00,,936125.99,
2026-08-22 13:00:00,,936306.46,
2026-08-22 14:00:00,,933954.42,
2026-08-22 15:00:00,,928596.12,
2026-08-22 16:00:00,,914045.17,
2026-08-22 17:00:00,,931258.94,
2026-08-22 18:00:00,,931328.83,
2026-08-22 19:00:00,,923404.38,
2026-08-22 20:00:00,,926091.08,
2026-08-22 21:00:00,,911884.33,
2026-08-22 22:00:00,,907450.25,
2026-08-22 23:00:00,,916502.75,
2026-08-23 00:00:00,,916620.14,
2026-08-23 01:00:00,,925274.16,
2026-08-23 02:00:00,,907729.73,
2026-08-23 03:00:00,,899564.48,
2026-08-23 04:00:00,,887509.77,
2026-08-23 05:00:00,,869725.68,
2026-08-23 06:00:00,,867247.72,
2026-08-23 07:00:00,,877105.32,
2026-08-23 08:00:00,,889835.75,
2026-08-23 09:00:00,,897155.15,
2026-08-23 10:00:00,,903020.54,
2026-08-23 11:00:00,,906426.98,
2026-08-23 12:00:00,,917285.76,
2026-08-23 13:00:00,,917312.07,
2026-08-23 14:00:00,,926877.83,
2026-08-23 15:00:00,,923415.74,
2026-08-23 16:00:00,,939859.94,
2026-08-23 17:00:00,,950321.85,
2026-08-23 18:00:00,,962548.10,
2026-08-23 19:00:00,,957227.34,
2026-08-23 20:00:00,,957672.46,
2026-08-23 21:00:00,,965031.66,
2026-08-23 22:00:00,,966332.08,
2026-08-23 23:00:00,,968032.38,
2026-08-24 00:00:00,,960503.33,
2026-08-24 01:00:00,,944303.59,
2026-08-24 02:00:00,,925038.72,
2026-08-24 03:00:00,,934478.28,
2026-08-24 04:00:00,,929792.02,
2026-08-24 05:00:00,,926751.25,
2026-08-24 06:00:00,,930865.59,
2026-08-24 07:00:00,,928462.76,
2026-08-24 08:00:00,,932289.97,
2026-08-24 09:00:00,,925917.20,
2026-08-24 10:00:00,,930692.92,
2026-08-24 11:00:00,,929368.66,
2026-08-24 12:00:00,,941701.74,
2026-08-24 13:00:00,,936485.36,
2026-08-24 14:00:00,,924401.65,
2026-08-24 15:00:00,,940226.54,
2026-08-24 16:00:00,,935924.54,
2026-08-24 17:00:00,,953162.76,
2026-08-24 18:00:00,,938095.71,
2026-08-24 19:00:00,,937256.41,
2026-08-24 20:00:00,,926283.56,
2026-08-24 21:00:00,,940151.70,
2026-08-24 22:00:00,,920404.85,
2026-08-24 23:00:00,,903410.86,
2026-08-25 00:00:00,,903668.48,
2026-08-25 01:00:00,,912524.24,
2026-08-25 02:00:00,,912005.83,
2026-08-25 03:00:00,,910738.08,
2026-08-25 04:00:00,,909895.60,
2026-08-25 05:00:00,,915551.65,
2026-08-25 06:00:00,,918184.61,
2026-08-25 07:00:00,,908751.60,
2026-08-25 08:00:00,,899662.23,
2026-08-25 09:00:00,,902489.05,
2026-08-25 10:00:00,,902416.48,
2026-08-25 11:00:00,,908919.84,
2026-08-25 12:00:00,,912632.00,
2026-08-25 13:00:00,,910873.78,
2026-08-25 14:00:00,,903017.11,
2026-08-25 15:00:00,,929046.33,
2026-08-25 16:00:00,,937341.57,
2026-08-25 17:00:00,,926512.04,
2026-08-25 18:00:00,,926848.48,
2026-08-25 19:00:00,,923165.72,
2026-08-25 20:00:00,,921883.84,
2026-08-25 21:00:00,,895735.52,
2026-08-25 22:00:00,,899858.52,
2026-08-25 23:00:00,,901678.16,
2026-08-26 00:00:00,,901070.10,
2026-08-26 01:00:00,,916122.23,
2026-08-26 02:00:00,,920270.37,
2026-08-26 03:00:00,,915189.72,
2026-08-26 04:00:00,,907165.50,
2026-08-26 05:00:00,,901728.02,
2026-08-26 06:00:00,,916006.87,
2026-08-26 07:00:00,,922812.90,
2026-08-26 08:00:00,,921075.88,
2026-08-26 09:00:00,,917211.09,
2026-08-26 10:00:00,,900686.85,
2026-08-26 11:00:00,,907365.97,
2026-08-26 12:00:00,,911803.21,
2026-08-26 13:00:00,,907141.14,
2026-08-26 14:00:00,,894612.18,
2026-08-26 15:00:00,,892648.35,
2026-08-26 16:00:00,,889503.22,
2026-08-26 17:00:00,,890568.27,
2026-08-26 18:00:00,,899495.58,
2026-08-26 19:00:00,,904869.56,
2026-08-26 20:00:00,,895317.62,
2026-08-26 21:00:00,,890899.78,
2026-08-26 22:00:00,,906027.98,
2026-08-26 23:00:00,,905915.39,
2026-08-27 00:00:00,,910180.73,
2026-08-27 01:00:00,,905875.15,
2026-08-27 02:00:00,,902004.04,
2026-08-27 03:00:00,,893538.42,
2026-08-27 04:00:00,,898488.91,
2026-08-27 05:00:00,,917025.30,
2026-08-27 06:00:00,,903710.40,
2026-08-27 07:00:00,,898987.47,
2026-08-27 08:00:00,,910770.48,
2026-08-27 09:00:00,,929010.28,
2026-08-27 10:00:00,,930351.72,
2026-08-27 11:00:00,,943790.80,
2026-08-27 12:00:00,,968349.92,
2026-08-27 13:00:00,,984821.73,
2026-08-27 14:00:00,,986223.01,
2026-08-27 15:00:00,,981244.58,
2026-08-27 16:00:00,,995443.32,
2026-08-27 17:00:00,,1011748.87,
2026-08-27 18:00:00,,1011917.63,
2026-08-27 19:00:00,,1019913.88,
2026-08-27 20:00:00,,994901.29,
2026-08-27 21:00:00,,1001257.46,
2026-08-27 22:00:00,,1001812.68,
2026-08-27 23:00:00,,998090.51,
2026-08-28 00:00:00,,996763.67,
2026-08-28 01:00:00,,997722.46,
2026-08-28 02:00:00,,996347.22,
2026-08-28 03:00:00,,975561.03,
2026-08-28 04:00:00,,982551.90,
2026-08-28 05:00:00,,975339.25,
2026-08-28 06:00:00,,969697.75,
2026-08-28 07:00:00,,983533.42,
2026-08-28 08:00:00,,978971.65,
2026-08-28 09:00:00,,976719.13,
2026-08-28 10:00:00,,961209.12,
2026-08-28 11:00:00,,964427.81,
2026-08-28 12:00:00,,960316.17,
2026-08-28 13:00:00,,953967.94,
2026-08-28 14:00:00,,958036.17,
2026-08-28 15:00:00,,964754.13,
2026-08-28 16:00:00,,944935.20,
2026-08-28 17:00:00,,935550.06,
2026-08-28 18:00:00,,946875.73,
2026-08-28 19:00:00,,941849.40,
2026-08-28 20:00:00,,947722.56,
2026-08-28 21:00:00,,948481.71,
2026-08-28 22:00:00,,945393.02,
2026-08-28 23:00:00,,945692.02,
2026-08-29 00:00:00,,950214.41,
2026-08-29 01:00:00,,948589.70,
2026-08-29 02:00:00,,948282.17,
2026-08-29 03:00:00,,938165.65,
2026-08-29 04:00:00,,925547.05,
2026-08-29 05:00:00,,932391.96,
2026-08-29 06:00:00,,947276.57,
2026-08-29 07:00:00,,943073.36,
2026-08-29 08:00:00,,936179.58,
2026-08-29 09:00:00,,933815.99,
2026-08-29 10:00:00,,938342.43,
2026-08-29 11:00:00,,936593.26,
2026-08-29 12:00:00,,936921.06,
2026-08-29 13:00:00,,942761.13,
2026-08-29 14:00:00,,944979.99,
2026-08-29 15:00:00,,957653.19,
2026-08-29 16:00:00,,954018.65,
2026-08-29 17:00:00,,949061.14,
2026-08-29 18:00:00,,945588.19,
2026-08-29 19:00:00,,947298.83,
2026-08-29 20:00:00,,948568.86,
2026-08-29 21:00:00,,948767.68,
2026-08-29 22:00:00,,948063.88,
2026-08-29 23:00:00,,951149.44,
2026-08-30 00:00:00,,953368.90,
2026-08-30 01:00:00,,952093.78,
2026-08-30 02:00:00,,948615.59,
2026-08-30 03:00:00,,947578.06,
2026-08-30 04:00:00,,951995.39,
2026-08-30 05:00:00,,953888.25,
2026-08-30 06:00:00,,961676.30,
2026-08-30 07:00:00,,962362.77,
2026-08-30 08:00:00,,958946.34,
2026-08-30 09:00:00,,957635.14,
2026-08-30 10:00:00,,967414.46,
2026-08-30 11:00:00,,985116.86,
2026-08-30 12:00:00,,977534.18,
2026-08-30 13:00:00,,978091.13,
2026-08-30 14:00:00,,977301.86,
2026-08-30 15:00:00,,974436.86,
2026-08-30 16:00:00,,968888.62,
2026-08-30 17:00:00,,974278.18,
2026-08-30 18:00:00,,987525.94,
2026-08-30 19:00:00,,984613.26,
2026-08-30 20:00:00,,974367.89,
2026-08-30 21:00:00,,968217.20,
2026-08-30 22:00:00,,958568.10,
2026-08-30 23:00:00,,954337.68,
2026-08-31 00:00:00,,927081.54,
2026-08-31 01:00:00,,940021.66,
2026-08-31 02:00:00,,935609.41,
2026-08-31 03:00:00,,937620.04,
2026-08-31 04:00:00,,945049.40,
2026-08-31 05:00:00,,940463.10,
2026-08-31 06:00:00,,941608.75,
2026-08-31 07:00:00,,934629.64,
2026-08-31 08:00:00,,933002.28,
2026-08-31 09:00:00,,942413.27,
2026-08-31 10:00:00,,927549.95,
2026-08-31 11:00:00,,955594.72,
2026-08-31 12:00:00,,971583.71,
2026-08-31 13:00:00,,944621.79,
2026-08-31 14:00:00,,941256.13,
2026-08-31 15:00:00,,950959.04,
2026-08-31 16:00:00,,940416.82,
2026-08-31 17:00:00,,957079.87,
2026-08-31 18:00:00,,956653.04,
2026-08-31 19:00:00,,958135.65,
2026-08-31 20:00:00,,950398.85,
2026-08-31 21:00:00,,958286.77,
2026-08-31 22:00:00,,961295.82,
2026-08-31 23:00:00,,965441.62,
2026-09-01 00:00:00,,958538.77,
2026-09-01 01:00:00,,967677.22,
2026-09-01 02:00:00,,962685.76,
2026-09-01 03:00:00,,959926.59,
2026-09-01 04:00:00,,959634.06,
2026-09-01 05:00:00,,959983.16,
2026-09-01 06:00:00,,965044.70,
2026-09-01 07:00:00,,962880.41,
2026-09-01 08:00:00,,967161.15,
2026-09-01 09:00:00,,945897.17,
2026-09-01 10:00:00,,994461.70,
2026-09-01 11:00:00,,1051932.86,
2026-09-01 12:00:00,,1020808.71,
2026-09-01 13:00:00,,997059.78,
2026-09-01 14:00:00,,993875.57,
2026-09-01 15:00:00,,1009049.42,
2026-09-01 16:00:00,,1014345.11,
2026-09-01 17:00:00,,1001072.83,
2026-09-01 18:00:00,,999793.97,
2026-09-01 19:00:00,,995482.34,
2026-09-01 20:00:00,,1006057.04,
2026-09-01 21:00:00,,1004041.92,
2026-09-01 22:00:00,,1001711.87,
2026-09-01 23:00:00,,1002615.62,
2026-09-02 00:00:00,,1005378.92,
2026-09-02 01:00:00,,1001631.12,
2026-09-02 02:00:00,,986470.53,
2026-09-02 03:00:00,,997836.87,
2026-09-02 04:00:00,,996198.57,
2026-09-02 05:00:00,,996907.54,
2026-09-02 06:00:00,,997494.53,
2026-09-02 07:00:00,,991638.80,
2026-09-02 08:00:00,,986588.32,
2026-09-02 09:00:00,,985358.46,
2026-09-02 10:00:00,,985586.29,
2026-09-02 11:00:00,,981976.01,
2026-09-02 12:00:00,,980122.48,
2026-09-02 13:00:00,,969686.86,
2026-09-02 14:00:00,,984855.26,
2026-09-02 15:00:00,,979414.85,
2026-09-02 16:00:00,,981062.93,
2026-09-02 17:00:00,,976472.10,
2026-09-02 18:00:00,,978677.59,
2026-09-02 19:00:00,,980353.33,
2026-09-02 20:00:00,,977020.53,
2026-09-02 21:00:00,,976110.63,
2026-09-02 22:00:00,,973863.93,
2026-09-02 23:00:00,,968022.86,
2026-09-03 00:00:00,,977267.36,
2026-09-03 01:00:00,,978978.59,
2026-09-03 02:00:00,,977259.19,
2026-09-03 03:00:00,,984917.58,
2026-09-03 04:00:00,,979608.61,
2026-09-03 05:00:00,,987019.59,
2026-09-03 06:00:00,,985394.46,
2026-09-03 07:00:00,,982770.84,
2026-09-03 08:00:00,,982628.09,
2026-09-03 09:00:00,,989612.81,
2026-09-03 10:00:00,,987685.46,
2026-09-03 11:00:00,,990352.84,
2026-09-03 12:00:00,,991375.80,
2026-09-03 13:00:00,,994933.96,
2026-09-03 14:00:00,,989050.42,
2026-09-03 15:00:00,,1009810.80,
2026-09-03 16:00:00,,1014056.52,
2026-09-03 17:00:00,,1008449.03,
2026-09-03 18:00:00,,1015349.06,
2026-09-03 19:00:00,,1006804.73,
2026-09-03 20:00:00,,1002994.42,
2026-09-03 21:00:00,,1000879.41,
2026-09-03 22:00:00,,1002098.20,
2026-09-03 23:00:00,,995641.67,
2026-09-04 00:00:00,,1008230.39,
2026-09-04 01:00:00,,1000561.60,
2026-09-04 02:00:00,,999986.77,
2026-09-04 03:00:00,,1004406.86,
2026-09-04 04:00:00,,1006486.28,
2026-09-04 05:00:00,,1014766.26,
2026-09-04 06:00:00,,1005066.68,
2026-09-04 07:00:00,,1007686.84,
2026-09-04 08:00:00,,1002916.59,
2026-09-04 09:00:00,,1008452.26,
2026-09-04 10:00:00,,1005103.96,
2026-09-04 11:00:00,,1006283.96,
2026-09-04 12:00:00,,1006025.43,
2026-09-04 13:00:00,,982106.31,
2026-09-04 14:00:00,,992596.95,
2026-09-04 15:00:00,,993713.61,
2026-09-04 16:00:00,,1021058.29,
2026-09-04 17:00:00,,1016067.83,
2026-09-04 18:00:00,,1012879.12,
2026-09-04 19:00:00,,1014944.33,
2026-09-04 20:00:00,,1013201.88,
2026-09-04 21:00:00,,1010023.42,
2026-09-04 22:00:00,,1007921.14,
2026-09-04 23:00:00,,1010058.79,
2026-09-05 00:00:00,,1015105.82,
2026-09-05 01:00:00,,1016691.94,
2026-09-05 02:00:00,,1018957.67,
2026-09-05 03:00:00,,1035176.88,
2026-09-05 04:00:00,,1027602.97,
2026-09-05 05:00:00,,1024266.92,
2026-09-05 06:00:00,,1028356.29,
2026-09-05 07:00:00,,1026076.55,
2026-09-05 08:00:00,,1023388.50,
2026-09-05 09:00:00,,1021039.32,
2026-09-05 10:00:00,,1025246.48,
2026-09-05 11:00:00,,1028005.19,
2026-09-05 12:00:00,,1041209.76,
2026-09-05 13:00:00,,1033210.68,
2026-09-05 14:00:00,,1027185.10,
2026-09-05 15:00:00,,1032620.67,
2026-09-05 16:00:00,,1029571.94,
2026-09-05 17:00:00,,1028276.95,
2026-09-05 18:00:00,,1030456.67,
2026-09-05 19:00:00,,1030568.69,
2026-09-05 20:00:00,,1028547.49,
2026-09-05 21:00:00,,1029646.56,
2026-09-05 22:00:00,,1032863.73,
2026-09-05 23:00:00,,1045960.42,
2026-09-06 00:00:00,,1043593.33,
2026-09-06 01:00:00,,1040807.20,
2026-09-06 02:00:00,,1047771.01,
2026-09-06 03:00:00,,1042185.39,
2026-09-06 04:00:00,,1036675.28,
2026-09-06 05:00:00,,1031365.93,
2026-09-06 06:00:00,,1092424.82,
2026-09-06 07:00:00,,1071483.89,
2026-09-06 08:00:00,,1065730.47,
2026-09-06 09:00:00,,1062736.84,
2026-09-06 10:00:00,,1063540.81,
2026-09-06 11:00:00,,1069306.49,
2026-09-06 12:00:00,,1066095.31,
2026-09-06 13:00:00,,1058680.31,
2026-09-06 14:00:00,,1056451.31,
2026-09-06 15:00:00,,1052547.41,
2026-09-06 16:00:00,,1055548.73,
2026-09-06 17:00:00,,1057231.26,
2026-09-06 18:00:00,,1055463.54,
2026-09-06 19:00:00,,1053828.81,
2026-09-06 20:00:00,,1055819.24,
2026-09-06 21:00:00,,1054388.68,
2026-09-06 22:00:00,,1073066.35,
2026-09-06 23:00:00,,1068839.23,
2026-09-07 00:00:00,,1074747.76,
2026-09-07 01:00:00,,1053514.41,
2026-09-07 02:00:00,,1048648.94,
2026-09-07 03:00:00,,1070174.17,
2026-09-07 04:00:00,,1069704.52,
2026-09-07 05:00:00,,1071867.06,
2026-09-07 06:00:00,,1073351.59,
2026-09-07 07:00:00,,1073417.69,
2026-09-07 08:00:00,,1052004.89,
2026-09-07 09:00:00,,1064332.89,
2026-09-07 10:00:00,,1071106.48,
2026-09-07 11:00:00,,1071053.70,
2026-09-07 12:00:00,,1078849.01,
2026-09-07 13:00:00,,1081893.39,
2026-09-07 14:00:00,,1070664.29,
2026-09-07 15:00:00,,1079328.42,
2026-09-07 16:00:00,,1048949.69,
2026-09-07 17:00:00,,1060238.22,
2026-09-07 18:00:00,,1062964.38,
2026-09-07 19:00:00,,1055768.20,
2026-09-07 20:00:00,,1066293.14,
2026-09-07 21:00:00,,1070985.86,
2026-09-07 22:00:00,,1070034.84,
2026-09-07 23:00:00,,1056116.04,
2026-09-08 00:00:00,,1064074.70,
2026-09-08 01:00:00,,1073233.55,
2026-09-08 02:00:00,,1078510.24,
2026-09-08 03:00:00,,1068002.40,
2026-09-08 04:00:00,,1073242.23,
2026-09-08 05:00:00,,1073094.37,
2026-09-08 06:00:00,,1081586.25,
2026-09-08 07:00:00,,1071088.35,
2026-09-08 08:00:00,,1069820.83,
2026-09-08 09:00:00,,1071069.60,
2026-09-08 10:00:00,,1080188.27,
2026-09-08 11:00:00,,1077514.27,
2026-09-08 12:00:00,,1069942.04,
2026-09-08 13:00:00,,1073956.40,
2026-09-08 14:00:00,,1060934.03,
2026-09-08 15:00:00,,1075717.32,
2026-09-08 16:00:00,,1097593.76,
2026-09-08 17:00:00,,1085019.39,
2026-09-08 18:00:00,,1071275.98,
2026-09-08 19:00:00,,1054307.13,
2026-09-08 20:00:00,,1052859.85,
2026-09-08 21:00:00,,1052282.38,
2026-09-08 22:00:00,,1048057.25,
2026-09-08 23:00:00,,1051794.62,
2026-09-09 00:00:00,,1049343.86,
2026-09-09 01:00:00,,1049587.03,
2026-09-09 02:00:00,,1049377.60,
2026-09-09 03:00:00,,1048274.84,
2026-09-09 04:00:00,,1036498.93,
2026-09-09 05:00:00,,1047472.47,
2026-09-09 06:00:00,,1041388.82,
2026-09-09 07:00:00,,1045923.63,
2026-09-09 08:00:00,,1058824.02,
2026-09-09 09:00:00,,1054162.60,
2026-09-09 10:00:00,,1047897.99,
2026-09-09 11:00:00,,1044623.45,
2026-09-09 12:00:00,,1050554.84,
2026-09-09 13:00:00,,1058117.81,
2026-09-09 14:00:00,,1058676.01,
2026-09-09 15:00:00,,1067507.52,
2026-09-09 16:00:00,,1061993.47,
2026-09-09 17:00:00,,1072257.95,
2026-09-09 18:00:00,,1069644.21,
2026-09-09 19:00:00,,1063362.64,
2026-09-09 20:00:00,,1050928.38,
2026-09-09 21:00:00,,1045432.18,
2026-09-09 22:00:00,,1037598.91,
2026-09-09 23:00:00,,1025475.57,
2026-09-10 00:00:00,,1032403.56,
2026-09-10 01:00:00,,1021228.38,
2026-09-10 02:00:00,,1016920.89,
2026-09-10 03:00:00,,1024761.17,
2026-09-10 04:00:00,,1028737.43,
2026-09-10 05:00:00,,1025826.96,
2026-09-10 06:00:00,,1026108.23,
2026-09-10 07:00:00,,1022853.24,
2026-09-10 08:00:00,,1010740.27,
2026-09-10 09:00:00,,1012219.45,
2026-09-10 10:00:00,,1009318.38,
2026-09-10 11:00:00,,1002853.35,
2026-09-10 12:00:00,,1001625.59,
2026-09-10 13:00:00,,987453.97,
2026-09-10 14:00:00,,991432.41,
2026-09-10 15:00:00,,998632.89,
2026-09-10 16:00:00,,1008200.13,
2026-09-10 17:00:00,,992785.43,
2026-09-10 18:00:00,,996794.94,
2026-09-10 19:00:00,,998017.19,
2026-09-10 20:00:00,,987964.22,
2026-09-10 21:00:00,,992806.34,
2026-09-10 22:00:00,,996947.19,
2026-09-10 23:00:00,,986725.75,
2026-09-11 00:00:00,,981750.45,
2026-09-11 01:00:00,,990613.37,
2026-09-11 02:00:00,,989574.39,
2026-09-11 03:00:00,,1013719.08,
2026-09-11 04:00:00,,1019453.86,
2026-09-11 05:00:00,,1023339.49,
2026-09-11 06:00:00,,1022446.51,
2026-09-11 07:00:00,,1028317.67,
2026-09-11 08:00:00,,1028732.39,
2026-09-11 09:00:00,,1032232.72,
2026-09-11 10:00:00,,1022218.66,
2026-09-11 11:00:00,,1012925.73,
2026-09-11 12:00:00,,1012431.20,
2026-09-11 13:00:00,,1024889.76,
2026-09-11 14:00:00,,1042955.43,
2026-09-11 15:00:00,,1042981.21,
2026-09-11 16:00:00,,1047515.71,
2026-09-11 17:00:00,,1066938.87,
2026-09-11 18:00:00,,1060403.99,
2026-09-11 19:00:00,,1048455.32,
2026-09-11 20:00:00,,1057317.03,
2026-09-11 21:00:00,,1062984.81,
2026-09-11 22:00:00,,1058796.69,
2026-09-11 23:00:00,,1056231.41,
2026-09-12 00:00:00,,1062906.09,
2026-09-12 01:00:00,,1065088.90,
2026-09-12 02:00:00,,1081293.76,
2026-09-12 03:00:00,,1061567.91,
2026-09-12 04:00:00,,1072337.66,
2026-09-12 05:00:00,,1080709.94,
2026-09-12 06:00:00,,1109274.32,
2026-09-12 07:00:00,,1099640.55,
2026-09-12 08:00:00,,1076196.89,
2026-09-12 09:00:00,,1075906.72,
2026-09-12 10:00:00,,1061136.42,
2026-09-12 11:00:00,,1062112.01,
2026-09-12 12:00:00,,1041014.29,
2026-09-12 13:00:00,,1036114.94,
2026-09-12 14:00:00,,1054114.11,
2026-09-12 15:00:00,,1072977.75,
2026-09-12 16:00:00,,1077934.66,
2026-09-12 17:00:00,,1078928.86,
2026-09-12 18:00:00,,1078483.29,
2026-09-12 19:00:00,,1055327.35,
2026-09-12 20:00:00,,1049674.55,
2026-09-12 21:00:00,,1045779.05,
2026-09-12 22:00:00,,1043713.34,
2026-09-12 23:00:00,,1044153.61,
2026-09-13 00:00:00,,1050625.54,
2026-09-13 01:00:00,,1051668.05,
2026-09-13 02:00:00,,1072577.88,
2026-09-13 03:00:00,,1084174.93,
2026-09-13 04:00:00,,1113801.41,
2026-09-13 05:00:00,,1093763.51,
2026-09-13 06:00:00,,1155262.01,
2026-09-13 07:00:00,,1144684.13,
2026-09-13 08:00:00,,1172047.92,
2026-09-13 09:00:00,,1282557.03,
2026-09-13 10:00:00,,1337835.23,
2026-09-13 11:00:00,,1312103.14,
2026-09-13 12:00:00,,1296325.92,
2026-09-13 13:00:00,,1205498.97,
2026-09-13 14:00:00,,1205402.22,
2026-09-13 15:00:00,,1226431.95,
2026-09-13 16:00:00,,1205908.69,
2026-09-13 17:00:00,,1176083.35,
2026-09-13 18:00:00,,1183907.83,
2026-09-13 19:00:00,,1174914.51,
2026-09-13 20:00:00,,1149820.00,
2026-09-13 21:00:00,,1157579.09,
2026-09-13 22:00:00,,1167944.88,
2026-09-13 23:00:00,,1152862.78,
2026-09-14 00:00:00,,1204291.08,
2026-09-14 01:00:00,,1358964.81,
2026-09-14 02:00:00,,1326721.24,
2026-09-14 03:00:00,,1333765.47,
2026-09-14 04:00:00,,1472864.30,
2026-09-14 05:00:00,,1521116.12,
2026-09-14 06:00:00,,1564159.70,
2026-09-14 07:00:00,,1576256.64,
2026-09-14 08:00:00,,1581489.17,
2026-09-14 09:00:00,,1532476.04,
2026-09-14 10:00:00,,1530359.89,
2026-09-14 11:00:00,,1516932.88,
2026-09-14 12:00:00,,1517024.28,
2026-09-14 13:00:00,,1485940.74,
2026-09-14 14:00:00,,1435576.46,
2026-09-14 15:00:00,,1407171.77,
2026-09-14 16:00:00,,1415167.29,
2026-09-14 17:00:00,,1418089.20,
2026-09-14 18:00:00,,1412206.62,
2026-09-14 19:00:00,,1414261.90,
2026-09-14 20:00:00,,1401526.44,
2026-09-14 21:00:00,,1395577.98,
2026-09-14 22:00:00,,1375210.22,
2026-09-14 23:00:00,,1361554.73,
2026-09-15 00:00:00,,1363089.34,
2026-09-15 01:00:00,,1347804.24,
2026-09-15 02:00:00,,1323338.64,
2026-09-15 03:00:00,,1302252.67,
2026-09-15 04:00:00,,1270480.43,
2026-09-15 05:00:00,,1272751.14,
2026-09-15 06:00:00,,1255571.15,
2026-09-15 07:00:00,,1239075.23,
2026-09-15 08:00:00,,1238507.07,
2026-09-15 09:00:00,,1234875.22,
2026-09-15 10:00:00,,1235327.40,
2026-09-15 11:00:00,,1225228.84,
2026-09-15 12:00:00,,1226840.08,
2026-09-15 13:00:00,,1219635.47,
2026-09-15 14:00:00,,1209792.84,
2026-09-15 15:00:00,,1168611.59,
2026-09-15 16:00:00,,1169277.97,
2026-09-15 17:00:00,,1165940.12,
2026-09-15 18:00:00,,1157755.83,
2026-09-15 19:00:00,,1122844.04,
2026-09-15 20:00:00,,1120320.35,
2026-09-15 21:00:00,,1115276.50,
2026-09-15 22:00:00,,1101191.28,
2026-09-15 23:00:00,,1120509.04,
2026-09-16 00:00:00,,1137695.06,
2026-09-16 01:00:00,,1140496.32,
2026-09-16 02:00:00,,1117534.54,
2026-09-16 03:00:00,,1115925.97,
2026-09-16 04:00:00,,1119606.57,
2026-09-16 05:00:00,,1120497.39,
2026-09-16 06:00:00,,1113473.94,
2026-09-16 07:00:00,,1097661.44,
2026-09-16 08:00:00,,1089996.13,
2026-09-16 09:00:00,,1096782.94,
2026-09-16 10:00:00,,1093920.51,
2026-09-16 11:00:00,,1093520.38,
2026-09-16 12:00:00,,1094233.52,
2026-09-16 13:00:00,,1088432.54,
2026-09-16 14:00:00,,1083866.17,
2026-09-16 15:00:00,,1074545.80,
2026-09-16 16:00:00,,1077108.30,
2026-09-16 17:00:00,,1081742.90,
2026-09-16 18:00:00,,1078683.57,
2026-09-16 19:00:00,,1084184.61,
2026-09-16 20:00:00,,1087514.96,
2026-09-16 21:00:00,,1093896.46,
2026-09-16 22:00:00,,1090534.71,
2026-09-16 23:00:00,,1087478.01,
2026-09-17 00:00:00,,1102824.76,
2026-09-17 01:00:00,,1081333.79,
2026-09-17 02:00:00,,1080102.18,
2026-09-17 03:00:00,,1077698.62,
2026-09-17 04:00:00,,1082254.73,
2026-09-17 05:00:00,,1089798.05,
2026-09-17 06:00:00,,1091835.86,
2026-09-17 07:00:00,,1096262.50,
2026-09-17 08:00:00,,1091014.10,
2026-09-17 09:00:00,,1092131.34,
2026-09-17 10:00:00,,1083805.27,
2026-09-17 11:00:00,,1096161.90,
2026-09-17 12:00:00,,1102785.66,
2026-09-17 13:00:00,,1083708.80,
2026-09-17 14:00:00,,1083830.42,
2026-09-17 15:00:00,,1082564.42,
2026-09-17 16:00:00,,1083675.77,
2026-09-17 17:00:00,,1089525.65,
2026-09-17 18:00:00,,1089580.34,
2026-09-17 19:00:00,,1089408.93,
2026-09-17 20:00:00,,1082585.99,
2026-09-17 21:00:00,,1088168.63,
2026-09-17 22:00:00,,1071500.37,
2026-09-17 23:00:00,,1069335.39,
2026-09-18 00:00:00,,1075922.96,
2026-09-18 01:00:00,,1080867.28,
2026-09-18 02:00:00,,1092659.40,
2026-09-18 03:00:00,,1093497.98,
2026-09-18 04:00:00,,1116081.15,
2026-09-18 05:00:00,,1106627.41,
2026-09-18 06:00:00,,1098605.40,
2026-09-18 07:00:00,,1105376.39,
2026-09-18 08:00:00,,1107239.38,
2026-09-18 09:00:00,,1106759.12,
2026-09-18 10:00:00,,1062762.61,
2026-09-18 11:00:00,,1055713.09,
2026-09-18 12:00:00,,1033462.56,
2026-09-18 13:00:00,,1032614.01,
2026-09-18 14:00:00,,1025109.08,
2026-09-18 15:00:00,,1027865.65,
2026-09-18 16:00:00,,1027035.15,
2026-09-18 17:00:00,,1019804.58,
2026-09-18 18:00:00,,1017836.65,
2026-09-18 19:00:00,,1016389.28,
2026-09-18 20:00:00,,1019391.59,
2026-09-18 21:00:00,,1015109.29,
2026-09-18 22:00:00,,1013470.51,
2026-09-18 23:00:00,,1011059.56,
2026-09-19 00:00:00,,1011855.06,
2026-09-19 01:00:00,,1004969.50,
2026-09-19 02:00:00,,994761.65,
2026-09-19 03:00:00,,998701.05,
2026-09-19 04:00:00,,994573.31,
2026-09-19 05:00:00,,981694.31,
2026-09-19 06:00:00,,975675.93,
2026-09-19 07:00:00,,983754.49,
2026-09-19 08:00:00,,994595.15,
2026-09-19 09:00:00,,998067.27,
2026-09-19 10:00:00,,1005975.91,
2026-09-19 11:00:00,,1020068.28,
2026-09-19 12:00:00,,1016876.35,
2026-09-19 13:00:00,,1019644.79,
2026-09-19 14:00:00,,1013980.62,
2026-09-19 15:00:00,,1013992.93,
2026-09-19 16:00:00,,1012248.64,
2026-09-19 17:00:00,,1011805.91,
2026-09-19 18:00:00,,998797.14,
2026-09-19 19:00:00,,999477.43,
2026-09-19 20:00:00,,999790.45,
2026-09-19 21:00:00,,1000474.31,
2026-09-19 22:00:00,,993830.63,
2026-09-19 23:00:00,,996422.75,
2026-09-20 00:00:00,,1004754.26,
2026-09-20 01:00:00,,1006629.38,
2026-09-20 02:00:00,,995710.06,
2026-09-20 03:00:00,,969142.56,
2026-09-20 04:00:00,,978165.94,
2026-09-20 05:00:00,,971501.74,
2026-09-20 06:00:00,,974171.13,
2026-09-20 07:00:00,,976787.85,
2026-09-20 08:00:00,,977165.01,
2026-09-20 09:00:00,,978084.02,
2026-09-20 10:00:00,,977275.53,
2026-09-20 11:00:00,,939163.58,
2026-09-20 12:00:00,,970461.30,
2026-09-20 13:00:00,,983178.04,
2026-09-20 14:00:00,,980059.85,
2026-09-20 15:00:00,,1007447.56,
2026-09-20 16:00:00,,1011952.64,
2026-09-20 17:00:00,,1036535.83,
2026-09-20 18:00:00,,998006.17,
2026-09-20 19:00:00,,991814.68,
2026-09-20 20:00:00,,1009470.82,
2026-09-20 21:00:00,,1023763.67,
2026-09-20 22:00:00,,993913.68,
2026-09-20 23:00:00,,985464.89,
2026-09-21 00:00:00,,986457.21,
2026-09-21 01:00:00,,990944.99,
2026-09-21 02:00:00,,974147.65,
2026-09-21 03:00:00,,977426.71,
2026-09-21 04:00:00,,997285.95,
2026-09-21 05:00:00,,974880.57,
2026-09-21 06:00:00,,971104.17,
2026-09-21 07:00:00,,977215.06,
2026-09-21 08:00:00,,969435.18,
2026-09-21 09:00:00,,976399.03,
2026-09-21 10:00:00,,968802.95,
2026-09-21 11:00:00,,975137.21,
2026-09-21 12:00:00,,971644.64,
2026-09-21 13:00:00,,975138.55,
2026-09-21 14:00:00,,974198.53,
2026-09-21 15:00:00,,1041292.63,
2026-09-21 16:00:00,,1019337.50,
2026-09-21 17:00:00,,1020218.77,
2026-09-21 18:00:00,,1000660.81,
2026-09-21 19:00:00,,1002221.15,
2026-09-21 20:00:00,,969230.70,
2026-09-21 21:00:00,,979964.30,
2026-09-21 22:00:00,,976635.01,
2026-09-21 23:00:00,,984502.88,
2026-09-22 00:00:00,,989490.39,
2026-09-22 01:00:00,,989846.16,
2026-09-22 02:00:00,,991985.78,
2026-09-22 03:00:00,,985029.23,
2026-09-22 04:00:00,,990906.43,
2026-09-22 05:00:00,,981194.79,
2026-09-22 06:00:00,,988983.53,
2026-09-22 07:00:00,,986614.04,
2026-09-22 08:00:00,,979097.97,
2026-09-22 09:00:00,,990772.45,
2026-09-22 10:00:00,,966324.24,
2026-09-22 11:00:00,,961802.37,
2026-09-22 12:00:00,,962875.30,
2026-09-22 13:00:00,,975555.02,
2026-09-22 14:00:00,,977537.39,
2026-09-22 15:00:00,,965787.28,
2026-09-22 16:00:00,,975228.27,
2026-09-22 17:00:00,,982696.73,
2026-09-22 18:00:00,,972401.91,
2026-09-22 19:00:00,,970084.73,
2026-09-22 20:00:00,,978770.50,
2026-09-22 21:00:00,,982728.50,
2026-09-22 22:00:00,,983840.61,
2026-09-22 23:00:00,,984517.62,
2026-09-23 00:00:00,,998565.61,
2026-09-23 01:00:00,,1219446.12,
2026-09-23 02:00:00,,1131508.34,
2026-09-23 03:00:00,,1156390.75,
2026-09-23 04:00:00,,1182055.60,
2026-09-23 05:00:00,,1275588.14,
2026-09-23 06:00:00,,1253685.97,
2026-09-23 07:00:00,,1254142.32,
2026-09-23 08:00:00,,1210170.20,
2026-09-23 09:00:00,,1160263.47,
2026-09-23 10:00:00,,1156933.35,
2026-09-23 11:00:00,,1158300.49,
2026-09-23 12:00:00,,1130703.06,
2026-09-23 13:00:00,,1119152.85,
2026-09-23 14:00:00,,1105865.41,
2026-09-23 15:00:00,,1054654.06,
2026-09-23 16:00:00,,1031921.76,
2026-09-23 17:00:00,,974487.54,
2026-09-23 18:00:00,,957983.52,
2026-09-23 19:00:00,,931331.63,
2026-09-23 20:00:00,,918896.99,
2026-09-23 21:00:00,,915397.27,
2026-09-23 22:00:00,,914322.29,
2026-09-23 23:00:00,,910404.44,
2026-09-24 00:00:00,,922695.59,
2026-09-24 01:00:00,,890427.10,
2026-09-24 02:00:00,,888747.02,
2026-09-24 03:00:00,,906054.19,
2026-09-24 04:00:00,,901813.75,
2026-09-24 05:00:00,,910448.29,
2026-09-24 06:00:00,,935108.86,
2026-09-24 07:00:00,,935191.98,
2026-09-24 08:00:00,,917832.46,
2026-09-24 09:00:00,,902803.73,
2026-09-24 10:00:00,,893611.47,
2026-09-24 11:00:00,,898418.62,
2026-09-24 12:00:00,,901153.40,
2026-09-24 13:00:00,,892810.36,
2026-09-24 14:00:00,,907349.30,
2026-09-24 15:00:00,,909870.31,
2026-09-24 16:00:00,,925280.73,
2026-09-24 17:00:00,,924031.06,
2026-09-24 18:00:00,,933989.06,
2026-09-24 19:00:00,,936495.74,
2026-09-24 20:00:00,,935459.46,
2026-09-24 21:00:00,,932332.66,
2026-09-24 22:00:00,,935820.34,
2026-09-24 23:00:00,,923273.47,
2026-09-25 00:00:00,,927753.58,
2026-09-25 01:00:00,,951555.52,
2026-09-25 02:00:00,,950619.22,
2026-09-25 03:00:00,,948583.01,
2026-09-25 04:00:00,,947381.16,
2026-09-25 05:00:00,,959346.43,
2026-09-25 06:00:00,,973164.86,
2026-09-25 07:00:00,,961442.88,
2026-09-25 08:00:00,,963707.15,
2026-09-25 09:00:00,,980321.86,
2026-09-25 10:00:00,,994229.44,
2026-09-25 11:00:00,,993726.29,
2026-09-25 12:00:00,,992736.36,
2026-09-25 13:00:00,,1000432.15,
2026-09-25 14:00:00,,992543.34,
2026-09-25 15:00:00,,993526.32,
2026-09-25 16:00:00,,990278.20,
2026-09-25 17:00:00,,994156.31,
2026-09-25 18:00:00,,993038.26,
2026-09-25 19:00:00,,997931.04,
2026-09-25 20:00:00,,986508.57,
2026-09-25 21:00:00,,986493.10,
2026-09-25 22:00:00,,980146.81,
2026-09-25 23:00:00,,992928.66,
2026-09-26 00:00:00,,984414.31,
2026-09-26 01:00:00,,971037.29,
2026-09-26 02:00:00,,978305.57,
2026-09-26 03:00:00,,978424.32,
2026-09-26 04:00:00,,974266.96,
2026-09-26 05:00:00,,981034.47,
2026-09-26 06:00:00,,981059.87,
2026-09-26 07:00:00,,987899.68,
2026-09-26 08:00:00,,990784.62,
2026-09-26 09:00:00,,994644.02,
2026-09-26 10:00:00,,999922.29,
2026-09-26 11:00:00,,1001079.59,
2026-09-26 12:00:00,,995508.17,
2026-09-26 13:00:00,,977122.87,
2026-09-26 14:00:00,,977019.30,
2026-09-26 15:00:00,,980217.49,
2026-09-26 16:00:00,,984870.25,
2026-09-26 17:00:00,,982110.79,
2026-09-26 18:00:00,,977782.84,
2026-09-26 19:00:00,,973140.90,
2026-09-26 20:00:00,,970040.59,
2026-09-26 21:00:00,,961671.71,
2026-09-26 22:00:00,,968619.90,
2026-09-26 23:00:00,,969503.80,
2026-09-27 00:00:00,,970156.87,
2026-09-27 01:00:00,,961050.39,
2026-09-27 02:00:00,,973123.45,
2026-09-27 03:00:00,,970945.06,
2026-09-27 04:00:00,,978796.79,
2026-09-27 05:00:00,,972115.23,
2026-09-27 06:00:00,,986544.45,
2026-09-27 07:00:00,,985392.07,
2026-09-27 08:00:00,,1001103.04,
2026-09-27 09:00:00,,996645.99,
