time,oi_A,oi_6,oi_3
2026-05-10 12:00:00,1969537.06,,
2026-05-10 13:00:00,2021606.62,,
2026-05-10 14:00:00,2029737.54,,
2026-05-10 15:00:00,2137421.41,,
2026-05-10 16:00:00,2087028.12,,
2026-05-10 17:00:00,2145684.36,,
2026-05-10 18:00:00,2153001.98,,
2026-05-10 19:00:00,2128746.73,,
2026-05-10 20:00:00,2121066.89,,
2026-05-10 21:00:00,2096386.62,,
2026-05-10 22:00:00,2092601.08,,
2026-05-10 23:00:00,2122010.87,,
2026-05-11 00:00:00,2139355.94,,
2026-05-11 01:00:00,2088883.94,,
2026-05-11 02:00:00,2095594.86,,
2026-05-11 03:00:00,2079833.74,,
2026-05-11 04:00:00,2056739.52,,
2026-05-11 05:00:00,2054610.23,,
2026-05-11 06:00:00,2068446.40,,
2026-05-11 07:00:00,2055907.58,,
2026-05-11 08:00:00,2059160.16,,
2026-05-11 09:00:00,2030493.90,,
2026-05-11 10:00:00,2033870.50,,
2026-05-11 11:00:00,2030577.02,,
2026-05-11 12:00:00,2035941.25,,
2026-05-11 13:00:00,2034695.34,,
2026-05-11 14:00:00,2018219.78,,
2026-05-11 15:00:00,2027516.25,,
2026-05-11 16:00:00,2031431.66,,
2026-05-11 17:00:00,2027691.87,,
2026-05-11 18:00:00,2034641.91,,
2026-05-11 19:00:00,2045788.93,,
2026-05-11 20:00:00,2045024.78,,
2026-05-11 21:00:00,2041163.51,,
2026-05-11 22:00:00,2044755.65,,
2026-05-11 23:00:00,2053169.01,,
2026-05-12 00:00:00,2055193.10,,
2026-05-12 01:00:00,2061073.50,,
2026-05-12 02:00:00,2039324.73,,
2026-05-12 03:00:00,2042929.04,,
2026-05-12 04:00:00,2037347.95,,
2026-05-12 05:00:00,2041633.31,,
2026-05-12 06:00:00,2052994.14,,
2026-05-12 07:00:00,2048070.52,,
2026-05-12 08:00:00,2051416.93,,
2026-05-12 09:00:00,2049675.34,,
2026-05-12 10:00:00,2054627.68,,
2026-05-12 11:00:00,2040167.29,,
2026-05-12 12:00:00,2038781.56,,
2026-05-12 13:00:00,2045458.33,,
2026-05-12 14:00:00,2027024.61,,
2026-05-12 15:00:00,2029118.31,,
2026-05-12 16:00:00,2000599.56,,
2026-05-12 17:00:00,2015011.32,,
2026-05-12 18:00:00,2043270.21,,
2026-05-12 19:00:00,2051479.01,,
2026-05-12 20:00:00,2062313.21,,
2026-05-12 21:00:00,2055707.26,,
2026-05-12 22:00:00,2052490.87,,
2026-05-12 23:00:00,2055715.55,,
2026-05-13 00:00:00,2043830.70,,
2026-05-13 01:00:00,2050136.67,,
2026-05-13 02:00:00,2055004.08,,
2026-05-13 03:00:00,2052873.10,,
2026-05-13 04:00:00,2057146.17,,
2026-05-13 05:00:00,2058646.33,,
2026-05-13 06:00:00,2043063.81,,
2026-05-13 07:00:00,2048948.22,,
2026-05-13 08:00:00,2054080.74,,
2026-05-13 09:00:00,2058474.34,,
2026-05-13 10:00:00,2061857.25,,
2026-05-13 11:00:00,2051524.15,,
2026-05-13 12:00:00,2039577.96,,
2026-05-13 13:00:00,2021237.42,,
2026-05-13 14:00:00,2009780.16,,
2026-05-13 15:00:00,2003296.48,,
2026-05-13 16:00:00,1965737.68,,
2026-05-13 17:00:00,1980007.18,,
2026-05-13 18:00:00,1977321.22,,
2026-05-13 19:00:00,1983904.12,,
2026-05-13 20:00:00,1973434.30,,
2026-05-13 21:00:00,1971704.30,,
2026-05-13 22:00:00,1953269.42,,
2026-05-13 23:00:00,1961232.42,,
2026-05-14 00:00:00,1950346.27,,
2026-05-14 01:00:00,1958241.17,,
2026-05-14 02:00:00,1958772.66,,
2026-05-14 03:00:00,1951649.74,,
2026-05-14 04:00:00,1923578.47,,
2026-05-14 05:00:00,1926042.38,,
2026-05-14 06:00:00,1928424.92,,
2026-05-14 07:00:00,1932679.32,,
2026-05-14 08:00:00,1928817.25,,
2026-05-14 09:00:00,1932421.73,,
2026-05-14 10:00:00,1933787.15,,
2026-05-14 11:00:00,1935050.05,,
2026-05-14 12:00:00,1931173.05,,
2026-05-14 13:00:00,1920576.07,,
2026-05-14 14:00:00,1927666.30,,
2026-05-14 15:00:00,1936842.16,,
2026-05-14 16:00:00,1969361.18,,
2026-05-14 17:00:00,1971077.31,,
2026-05-14 18:00:00,1977324.28,,
2026-05-14 19:00:00,1984954.80,,
2026-05-14 20:00:00,1975842.07,,
2026-05-14 21:00:00,1971387.36,,
2026-05-14 22:00:00,1969185.72,,
2026-05-14 23:00:00,1964701.86,,
2026-05-15 00:00:00,1955944.76,,
2026-05-15 01:00:00,1962766.83,,
2026-05-15 02:00:00,1958764.84,,
2026-05-15 03:00:00,1962163.51,,
2026-05-15 04:00:00,1958261.33,,
2026-05-15 05:00:00,1950611.03,,
2026-05-15 06:00:00,1922168.67,,
2026-05-15 07:00:00,1931001.97,,
2026-05-15 08:00:00,1930992.05,,
2026-05-15 09:00:00,1932513.27,,
2026-05-15 10:00:00,1926403.26,,
2026-05-15 11:00:00,1945048.10,,
2026-05-15 12:00:00,1930877.11,,
2026-05-15 13:00:00,1938185.32,,
2026-05-15 14:00:00,1862198.26,,
2026-05-15 15:00:00,1864254.11,,
2026-05-15 16:00:00,1864085.08,,
2026-05-15 17:00:00,1878942.23,,
2026-05-15 18:00:00,1893225.49,,
2026-05-15 19:00:00,1877847.16,,
2026-05-15 20:00:00,1867659.35,,
2026-05-15 21:00:00,1873084.19,,
2026-05-15 22:00:00,1867374.46,,
2026-05-15 23:00:00,1861293.98,,
2026-05-16 00:00:00,1860241.95,,
2026-05-16 01:00:00,1876975.47,,
2026-05-16 02:00:00,1870622.01,,
2026-05-16 03:00:00,1870499.50,,
2026-05-16 04:00:00,1864872.29,,
2026-05-16 05:00:00,1852583.61,,
2026-05-16 06:00:00,1847633.55,,
2026-05-16 07:00:00,1832362.15,,
2026-05-16 08:00:00,1804227.27,,
2026-05-16 09:00:00,1806096.66,,
2026-05-16 10:00:00,1759289.84,,
2026-05-16 11:00:00,1758911.43,,
2026-05-16 12:00:00,1757720.08,,
2026-05-16 13:00:00,1750160.01,,
2026-05-16 14:00:00,1752887.26,,
2026-05-16 15:00:00,1752821.87,,
2026-05-16 16:00:00,1754896.07,,
2026-05-16 17:00:00,1760361.42,,
2026-05-16 18:00:00,1761798.58,,
2026-05-16 19:00:00,1757880.16,,
2026-05-16 20:00:00,1759981.46,,
2026-05-16 21:00:00,1754546.60,,
2026-05-16 22:00:00,1745255.41,,
2026-05-16 23:00:00,1746677.02,,
2026-05-17 00:00:00,1742385.64,,
2026-05-17 01:00:00,1735282.29,,
2026-05-17 02:00:00,1726635.97,,
2026-05-17 03:00:00,1725874.88,,
2026-05-17 04:00:00,1740845.82,,
2026-05-17 05:00:00,1747649.88,,
2026-05-17 06:00:00,1747002.57,,
2026-05-17 07:00:00,1755062.30,,
2026-05-17 08:00:00,1754339.30,,
2026-05-17 09:00:00,1740002.93,,
2026-05-17 10:00:00,1745898.48,,
2026-05-17 11:00:00,1736450.47,,
2026-05-17 12:00:00,1733249.71,,
2026-05-17 13:00:00,1731771.52,,
2026-05-17 14:00:00,1729528.00,,
2026-05-17 15:00:00,1731788.34,,
2026-05-17 16:00:00,1719873.07,,
2026-05-17 17:00:00,1724358.97,,
2026-05-17 18:00:00,1714470.97,,
2026-05-17 19:00:00,1722862.27,,
2026-05-17 20:00:00,1714286.07,,
2026-05-17 21:00:00,1707885.74,,
2026-05-17 22:00:00,1705366.73,,
2026-05-17 23:00:00,1690855.32,,
2026-05-18 00:00:00,1653780.85,,
2026-05-18 01:00:00,1652949.00,,
2026-05-18 02:00:00,1655196.16,,
2026-05-18 03:00:00,1651682.75,,
2026-05-18 04:00:00,1642111.27,,
2026-05-18 05:00:00,1650102.93,,
2026-05-18 06:00:00,1638665.86,,
2026-05-18 07:00:00,1632021.54,,
2026-05-18 08:00:00,1634278.74,,
2026-05-18 09:00:00,1639799.48,,
2026-05-18 10:00:00,1625945.14,,
2026-05-18 11:00:00,1630156.26,,
2026-05-18 12:00:00,1632736.69,,
2026-05-18 13:00:00,1642925.60,,
2026-05-18 14:00:00,1644780.23,,
2026-05-18 15:00:00,1636252.92,,
2026-05-18 16:00:00,1636298.45,,
2026-05-18 17:00:00,1636250.53,,
2026-05-18 18:00:00,1637065.32,,
2026-05-18 19:00:00,1626560.88,,
2026-05-18 20:00:00,1654204.68,,
2026-05-18 21:00:00,1645903.86,,
2026-05-18 22:00:00,1659064.96,,
2026-05-18 23:00:00,1661806.52,,
2026-05-19 00:00:00,1661461.08,,
2026-05-19 01:00:00,1680163.16,,
2026-05-19 02:00:00,1667737.04,,
2026-05-19 03:00:00,1666071.77,,
2026-05-19 04:00:00,1668738.27,,
2026-05-19 05:00:00,1673683.58,,
2026-05-19 06:00:00,1672383.00,,
2026-05-19 07:00:00,1670383.62,,
2026-05-19 08:00:00,1680834.58,,
2026-05-19 09:00:00,1673775.33,,
2026-05-19 10:00:00,1668285.07,,
2026-05-19 11:00:00,1660235.41,,
2026-05-19 12:00:00,1652303.14,,
2026-05-19 13:00:00,1658093.86,,
2026-05-19 14:00:00,1665530.87,,
2026-05-19 15:00:00,1649381.79,,
2026-05-19 16:00:00,1643173.75,,
2026-05-19 17:00:00,1647448.22,,
2026-05-19 18:00:00,1648248.25,,
2026-05-19 19:00:00,1643408.10,,
2026-05-19 20:00:00,1640956.55,,
2026-05-19 21:00:00,1645574.12,,
2026-05-19 22:00:00,1642867.39,,
2026-05-19 23:00:00,1625245.44,,
2026-05-20 00:00:00,1631373.70,,
2026-05-20 01:00:00,1621373.50,,
2026-05-20 02:00:00,1632492.88,,
2026-05-20 03:00:00,1627205.58,,
2026-05-20 04:00:00,1632505.60,,
2026-05-20 05:00:00,1629595.08,,
2026-05-20 06:00:00,1643976.84,,
2026-05-20 07:00:00,1649669.50,,
2026-05-20 08:00:00,1646331.74,,
2026-05-20 09:00:00,1649293.37,,
2026-05-20 10:00:00,1656969.15,,
2026-05-20 11:00:00,1661236.42,,
2026-05-20 12:00:00,1655465.63,,
2026-05-20 13:00:00,1668511.64,,
2026-05-20 14:00:00,1664405.46,,
2026-05-20 15:00:00,1678243.63,,
2026-05-20 16:00:00,1680484.91,,
2026-05-20 17:00:00,1678143.05,,
2026-05-20 18:00:00,1687185.42,,
2026-05-20 19:00:00,1676111.50,,
2026-05-20 20:00:00,1677396.35,,
2026-05-20 21:00:00,1688115.90,,
2026-05-20 22:00:00,1687800.69,,
2026-05-20 23:00:00,1669813.88,,
2026-05-21 00:00:00,1665575.35,,
2026-05-21 01:00:00,1683604.15,,
2026-05-21 02:00:00,1675767.67,,
2026-05-21 03:00:00,1668153.25,,
2026-05-21 04:00:00,1664378.51,,
2026-05-21 05:00:00,1657624.41,,
2026-05-21 06:00:00,1654575.07,,
2026-05-21 07:00:00,1655685.53,,
2026-05-21 08:00:00,1658652.44,,
2026-05-21 09:00:00,1663555.70,,
2026-05-21 10:00:00,1649513.01,,
2026-05-21 11:00:00,1643578.57,,
2026-05-21 12:00:00,1636331.48,,
2026-05-21 13:00:00,1640868.81,,
2026-05-21 14:00:00,1640009.32,,
2026-05-21 15:00:00,1636315.06,,
2026-05-21 16:00:00,1651705.91,,
2026-05-21 17:00:00,1646904.22,,
2026-05-21 18:00:00,1671746.69,,
2026-05-21 19:00:00,1670808.45,,
2026-05-21 20:00:00,1683210.50,,
2026-05-21 21:00:00,1684978.77,,
2026-05-21 22:00:00,1686036.95,,
2026-05-21 23:00:00,1678404.72,,
2026-05-22 00:00:00,1682718.95,,
2026-05-22 01:00:00,1669908.87,,
2026-05-22 02:00:00,1672761.02,,
2026-05-22 03:00:00,1682783.71,,
2026-05-22 04:00:00,1679000.19,,
2026-05-22 05:00:00,1677936.48,,
2026-05-22 06:00:00,1679482.94,,
2026-05-22 07:00:00,1673878.99,,
2026-05-22 08:00:00,1683990.62,,
2026-05-22 09:00:00,1670527.97,,
2026-05-22 10:00:00,1669636.04,,
2026-05-22 11:00:00,1702134.09,,
2026-05-22 12:00:00,1701621.46,,
2026-05-22 13:00:00,1708087.00,,
2026-05-22 14:00:00,1703945.40,,
2026-05-22 15:00:00,1664796.23,,
2026-05-22 16:00:00,1668790.08,,
2026-05-22 17:00:00,1676782.94,,
2026-05-22 18:00:00,1698920.79,,
2026-05-22 19:00:00,1670695.06,,
2026-05-22 20:00:00,1642105.40,,
2026-05-22 21:00:00,1653129.26,,
2026-05-22 22:00:00,1656118.97,,
2026-05-22 23:00:00,1642946.51,,
2026-05-23 00:00:00,1625876.49,,
2026-05-23 01:00:00,1635177.60,,
2026-05-23 02:00:00,1649527.33,,
2026-05-23 03:00:00,1656241.26,,
2026-05-23 04:00:00,1650297.60,,
2026-05-23 05:00:00,1628896.80,,
2026-05-23 06:00:00,1629013.97,,
2026-05-23 07:00:00,1620570.40,,
2026-05-23 08:00:00,1578282.59,,
2026-05-23 09:00:00,1592849.34,,
2026-05-23 10:00:00,1581134.44,,
2026-05-23 11:00:00,1592878.41,,
2026-05-23 12:00:00,1586598.84,,
2026-05-23 13:00:00,1616028.04,,
2026-05-23 14:00:00,1628363.09,,
2026-05-23 15:00:00,1630083.58,,
2026-05-23 16:00:00,1619762.37,,
2026-05-23 17:00:00,1615232.36,,
2026-05-23 18:00:00,1618737.78,,
2026-05-23 19:00:00,1624454.86,,
2026-05-23 20:00:00,1624814.86,,
2026-05-23 21:00:00,1658209.75,,
2026-05-23 22:00:00,1653247.68,,
2026-05-23 23:00:00,1648592.18,,
2026-05-24 00:00:00,1645011.30,,
2026-05-24 01:00:00,1662433.93,,
2026-05-24 02:00:00,1653629.89,,
2026-05-24 03:00:00,1641799.22,,
2026-05-24 04:00:00,1629683.96,,
2026-05-24 05:00:00,1643958.08,,
2026-05-24 06:00:00,1635491.73,,
2026-05-24 07:00:00,1640276.51,,
2026-05-24 08:00:00,1637466.73,,
2026-05-24 09:00:00,1636386.18,,
2026-05-24 10:00:00,1639299.24,,
2026-05-24 11:00:00,1633342.46,,
2026-05-24 12:00:00,1632121.21,,
2026-05-24 13:00:00,1625572.24,,
2026-05-24 14:00:00,1616673.38,,
2026-05-24 15:00:00,1616937.26,,
2026-05-24 16:00:00,1621607.60,,
2026-05-24 17:00:00,1620280.16,,
2026-05-24 18:00:00,1623592.03,,
2026-05-24 19:00:00,1610980.16,,
2026-05-24 20:00:00,1604948.24,,
2026-05-24 21:00:00,1604529.06,,
2026-05-24 22:00:00,1566306.41,,
2026-05-24 23:00:00,1584081.82,,
2026-05-25 00:00:00,1586035.96,,
2026-05-25 01:00:00,1590507.09,,
2026-05-25 02:00:00,1581378.24,,
2026-05-25 03:00:00,1584503.98,,
2026-05-25 04:00:00,1584605.82,,
2026-05-25 05:00:00,1600773.45,,
2026-05-25 06:00:00,1592559.06,,
2026-05-25 07:00:00,1596915.02,,
2026-05-25 08:00:00,1610151.15,,
2026-05-25 09:00:00,1614448.74,,
2026-05-25 10:00:00,1605820.28,,
2026-05-25 11:00:00,1607834.44,,
2026-05-25 12:00:00,1598863.58,,
2026-05-25 13:00:00,1603925.47,,
2026-05-25 14:00:00,1604165.06,,
2026-05-25 15:00:00,1612731.91,,
2026-05-25 16:00:00,1613403.14,,
2026-05-25 17:00:00,1622039.14,,
2026-05-25 18:00:00,1621884.88,,
2026-05-25 19:00:00,1614235.48,,
2026-05-25 20:00:00,1612365.93,,
2026-05-25 21:00:00,1600947.58,,
2026-05-25 22:00:00,1599894.30,,
2026-05-25 23:00:00,1586428.86,,
2026-05-26 00:00:00,1590835.44,,
2026-05-26 01:00:00,1574676.09,,
2026-05-26 02:00:00,1567322.82,,
2026-05-26 03:00:00,1560713.75,,
2026-05-26 04:00:00,1561598.77,,
2026-05-26 05:00:00,1566364.18,,
2026-05-26 06:00:00,1565267.55,,
2026-05-26 07:00:00,1566049.61,,
2026-05-26 08:00:00,1552485.68,,
2026-05-26 09:00:00,1549542.62,,
2026-05-26 10:00:00,1551063.43,,
2026-05-26 11:00:00,1571112.26,,
2026-05-26 12:00:00,1569543.36,,
2026-05-26 13:00:00,1565789.78,,
2026-05-26 14:00:00,1566444.93,,
2026-05-26 15:00:00,1564770.01,,
2026-05-26 16:00:00,1557128.63,,
2026-05-26 17:00:00,1550257.49,,
2026-05-26 18:00:00,1543716.76,,
2026-05-26 19:00:00,1542254.19,,
2026-05-26 20:00:00,1548212.24,,
2026-05-26 21:00:00,1543088.68,,
2026-05-26 22:00:00,1530800.65,,
2026-05-26 23:00:00,1529358.71,,
2026-05-27 00:00:00,1531231.18,,
2026-05-27 01:00:00,1549205.87,,
2026-05-27 02:00:00,1541632.11,,
2026-05-27 03:00:00,1543094.12,,
2026-05-27 04:00:00,1540831.30,,
2026-05-27 05:00:00,1539056.83,,
2026-05-27 06:00:00,1540177.51,,
2026-05-27 07:00:00,1540971.10,,
2026-05-27 08:00:00,1541575.04,,
2026-05-27 09:00:00,1534909.24,,
2026-05-27 10:00:00,1531100.21,,
2026-05-27 11:00:00,1535495.75,,
2026-05-27 12:00:00,1530379.17,,
2026-05-27 13:00:00,1580690.92,,
2026-05-27 14:00:00,1573581.44,,
2026-05-27 15:00:00,1592692.62,,
2026-05-27 16:00:00,1619408.29,,
2026-05-27 17:00:00,1627684.80,,
2026-05-27 18:00:00,1601263.41,,
2026-05-27 19:00:00,1610510.13,,
2026-05-27 20:00:00,1614061.63,,
2026-05-27 21:00:00,1627644.77,,
2026-05-27 22:00:00,1593265.90,,
2026-05-27 23:00:00,1599475.11,,
2026-05-28 00:00:00,1634953.63,,
2026-05-28 01:00:00,1649367.17,,
2026-05-28 02:00:00,1644901.78,,
2026-05-28 03:00:00,1680418.55,,
2026-05-28 04:00:00,1676477.31,,
2026-05-28 05:00:00,1632459.35,,
2026-05-28 06:00:00,1580261.73,,
2026-05-28 07:00:00,1580596.73,,
2026-05-28 08:00:00,1613340.52,,
2026-05-28 09:00:00,1610426.56,,
2026-05-28 10:00:00,1617619.42,,
2026-05-28 11:00:00,1622803.21,,
2026-05-28 12:00:00,1628413.13,,
2026-05-28 13:00:00,1651426.20,,
2026-05-28 14:00:00,1711119.81,,
2026-05-28 15:00:00,1746843.62,,
2026-05-28 16:00:00,1767225.26,,
2026-05-28 17:00:00,1755177.71,,
2026-05-28 18:00:00,1684804.75,,
2026-05-28 19:00:00,1681933.48,,
2026-05-28 20:00:00,1690443.10,,
2026-05-28 21:00:00,1649741.43,,
2026-05-28 22:00:00,1662197.73,,
2026-05-28 23:00:00,1640555.49,,
2026-05-29 00:00:00,1646330.49,,
2026-05-29 01:00:00,1647608.83,,
2026-05-29 02:00:00,1665839.89,,
2026-05-29 03:00:00,1624856.89,,
2026-05-29 04:00:00,1639491.82,,
2026-05-29 05:00:00,1621506.77,,
2026-05-29 06:00:00,1616163.88,,
2026-05-29 07:00:00,1616647.57,,
2026-05-29 08:00:00,1609818.83,,
2026-05-29 09:00:00,1619437.96,,
2026-05-29 10:00:00,1625522.21,,
2026-05-29 11:00:00,1614895.44,,
2026-05-29 12:00:00,1629012.35,,
2026-05-29 13:00:00,1625240.07,,
2026-05-29 14:00:00,1665816.08,,
2026-05-29 15:00:00,1663408.50,,
2026-05-29 16:00:00,1682174.14,,
2026-05-29 17:00:00,1688834.10,,
2026-05-29 18:00:00,1673415.04,,
2026-05-29 19:00:00,1660617.18,,
2026-05-29 20:00:00,1670577.53,,
2026-05-29 21:00:00,1672153.82,,
2026-05-29 22:00:00,1660540.52,,
2026-05-29 23:00:00,1667663.04,,
2026-05-30 00:00:00,1672982.74,,
2026-05-30 01:00:00,1678923.71,,
2026-05-30 02:00:00,1699764.92,,
2026-05-30 03:00:00,1738637.56,,
2026-05-30 04:00:00,1730393.47,,
2026-05-30 05:00:00,1736476.03,,
2026-05-30 06:00:00,1726429.44,,
2026-05-30 07:00:00,1723502.48,,
2026-05-30 08:00:00,1727598.64,,
2026-05-30 09:00:00,1737862.24,,
2026-05-30 10:00:00,1779161.66,,
2026-05-30 11:00:00,1745583.16,,
2026-05-30 12:00:00,1724907.64,,
2026-05-30 13:00:00,1719407.31,,
2026-05-30 14:00:00,1731477.19,,
2026-05-30 15:00:00,1732633.76,,
2026-05-30 16:00:00,1721223.32,,
2026-05-30 17:00:00,1732394.46,,
2026-05-30 18:00:00,1742453.46,,
2026-05-30 19:00:00,1750782.72,,
2026-05-30 20:00:00,1741010.78,,
2026-05-30 21:00:00,1738939.16,,
2026-05-30 22:00:00,1738070.22,,
2026-05-30 23:00:00,1727086.15,,
2026-05-31 00:00:00,1731883.43,,
2026-05-31 01:00:00,1760479.77,,
2026-05-31 02:00:00,1758287.37,,
2026-05-31 03:00:00,1757017.50,,
2026-05-31 04:00:00,1750664.38,,
2026-05-31 05:00:00,1751831.17,,
2026-05-31 06:00:00,1746277.50,,
2026-05-31 07:00:00,1758171.29,,
2026-05-31 08:00:00,1748065.61,,
2026-05-31 09:00:00,1755426.27,,
2026-05-31 10:00:00,1754232.37,,
2026-05-31 11:00:00,1768301.23,,
2026-05-31 12:00:00,1773827.50,,
2026-05-31 13:00:00,1773878.92,,
2026-05-31 14:00:00,1765209.68,,
2026-05-31 15:00:00,1741147.73,,
2026-05-31 16:00:00,1728359.37,,
2026-05-31 17:00:00,1725328.20,,
2026-05-31 18:00:00,1728099.93,,
2026-05-31 19:00:00,1732086.12,,
2026-05-31 20:00:00,1728321.01,,
2026-05-31 21:00:00,1734662.85,,
2026-05-31 22:00:00,1752282.69,,
2026-05-31 23:00:00,1761027.32,,
2026-06-01 00:00:00,1759259.08,,
2026-06-01 01:00:00,1785084.69,,
2026-06-01 02:00:00,1789583.85,,
2026-06-01 03:00:00,1817348.22,,
2026-06-01 04:00:00,1801869.44,,
2026-06-01 05:00:00,1788319.89,,
2026-06-01 06:00:00,1773900.94,,
2026-06-01 07:00:00,1765932.44,,
2026-06-01 08:00:00,1769180.90,,
2026-06-01 09:00:00,1780734.17,,
2026-06-01 10:00:00,1820592.63,,
2026-06-01 11:00:00,1805560.02,,
2026-06-01 12:00:00,1793061.39,,
2026-06-01 13:00:00,1800669.86,,
2026-06-01 14:00:00,1793786.71,,
2026-06-01 15:00:00,1792372.55,,
2026-06-01 16:00:00,1798824.60,,
2026-06-01 17:00:00,1820886.08,,
2026-06-01 18:00:00,1834775.07,,
2026-06-01 19:00:00,1827740.57,,
2026-06-01 20:00:00,1835719.97,,
2026-06-01 21:00:00,1829336.47,,
2026-06-01 22:00:00,1825822.18,,
2026-06-01 23:00:00,1835872.33,,
2026-06-02 00:00:00,1839533.80,,
2026-06-02 01:00:00,1825625.69,,
2026-06-02 02:00:00,1817630.17,,
2026-06-02 03:00:00,1837929.04,,
2026-06-02 04:00:00,1850300.13,,
2026-06-02 05:00:00,1834655.93,,
2026-06-02 06:00:00,1826163.72,,
2026-06-02 07:00:00,1818939.64,,
2026-06-02 08:00:00,1822675.05,,
2026-06-02 09:00:00,1805266.68,,
2026-06-02 10:00:00,1791326.02,,
2026-06-02 11:00:00,1800940.68,,
2026-06-02 12:00:00,1807857.07,,
2026-06-02 13:00:00,1809856.40,,
2026-06-02 14:00:00,1800966.02,,
2026-06-02 15:00:00,1765487.90,,
2026-06-02 16:00:00,1729924.28,,
2026-06-02 17:00:00,1737255.25,,
2026-06-02 18:00:00,1740530.76,,
2026-06-02 19:00:00,1718342.36,,
2026-06-02 20:00:00,1721881.53,,
2026-06-02 21:00:00,1720195.86,,
2026-06-02 22:00:00,1711640.10,,
2026-06-02 23:00:00,1672952.11,,
2026-06-03 00:00:00,1656575.40,,
2026-06-03 01:00:00,1663153.43,,
2026-06-03 02:00:00,1674080.01,,
2026-06-03 03:00:00,1671383.12,,
2026-06-03 04:00:00,1645187.34,,
2026-06-03 05:00:00,1673539.94,,
2026-06-03 06:00:00,1685681.83,,
2026-06-03 07:00:00,1695237.22,,
2026-06-03 08:00:00,1704197.38,,
2026-06-03 09:00:00,1701583.00,,
2026-06-03 10:00:00,1691959.40,,
2026-06-03 11:00:00,1706367.94,,
2026-06-03 12:00:00,1715450.40,,
2026-06-03 13:00:00,1716568.78,,
2026-06-03 14:00:00,1722283.18,,
2026-06-03 15:00:00,1717326.18,,
2026-06-03 16:00:00,1701514.05,,
2026-06-03 17:00:00,1701517.47,,
2026-06-03 18:00:00,1705842.41,,
2026-06-03 19:00:00,1703413.50,,
2026-06-03 20:00:00,1691698.80,,
2026-06-03 21:00:00,1705732.46,,
2026-06-03 22:00:00,1744515.42,,
2026-06-03 23:00:00,1719889.94,,
2026-06-04 00:00:00,1695819.85,,
2026-06-04 01:00:00,1689380.18,,
2026-06-04 02:00:00,1604634.01,,
2026-06-04 03:00:00,1585738.73,,
2026-06-04 04:00:00,1583900.98,,
2026-06-04 05:00:00,1574549.93,,
2026-06-04 06:00:00,1567172.15,,
2026-06-04 07:00:00,1577746.07,,
2026-06-04 08:00:00,1544351.13,,
2026-06-04 09:00:00,1559004.85,,
2026-06-04 10:00:00,1548693.40,,
2026-06-04 11:00:00,1523174.51,,
2026-06-04 12:00:00,1525183.84,,
2026-06-04 13:00:00,1560026.20,,
2026-06-04 14:00:00,1573376.59,,
2026-06-04 15:00:00,1574796.26,,
2026-06-04 16:00:00,1566357.65,,
2026-06-04 17:00:00,1561666.12,,
2026-06-04 18:00:00,1557110.86,,
2026-06-04 19:00:00,1567180.54,,
2026-06-04 20:00:00,1559570.35,,
2026-06-04 21:00:00,1545844.12,,
2026-06-04 22:00:00,1520969.04,,
2026-06-04 23:00:00,1531802.58,,
2026-06-05 00:00:00,1536265.00,,
2026-06-05 01:00:00,1527088.92,,
2026-06-05 02:00:00,1539439.13,,
2026-06-05 03:00:00,1494497.83,,
2026-06-05 04:00:00,1493329.96,,
2026-06-05 05:00:00,1521615.95,,
2026-06-05 06:00:00,1483027.18,,
2026-06-05 07:00:00,1447371.79,,
2026-06-05 08:00:00,1451404.74,,
2026-06-05 09:00:00,1434074.61,,
2026-06-05 10:00:00,1454140.17,,
2026-06-05 11:00:00,1437721.10,,
2026-06-05 12:00:00,1431829.87,,
2026-06-05 13:00:00,1444253.95,,
2026-06-05 14:00:00,1413179.21,,
2026-06-05 15:00:00,1424612.95,,
2026-06-05 16:00:00,1409846.82,,
2026-06-05 17:00:00,1422914.63,,
2026-06-05 18:00:00,1409211.10,,
2026-06-05 19:00:00,1372958.49,,
2026-06-05 20:00:00,1395780.46,,
2026-06-05 21:00:00,1418269.12,,
2026-06-05 22:00:00,1428345.12,,
2026-06-05 23:00:00,1409105.85,,
2026-06-06 00:00:00,1392505.34,,
2026-06-06 01:00:00,1400408.68,,
2026-06-06 02:00:00,1382534.30,,
2026-06-06 03:00:00,1365923.80,,
2026-06-06 04:00:00,1354037.79,,
2026-06-06 05:00:00,1343515.73,,
2026-06-06 06:00:00,1375816.01,,
2026-06-06 07:00:00,1368250.88,,
2026-06-06 08:00:00,1415927.30,,
2026-06-06 09:00:00,1433493.86,,
2026-06-06 10:00:00,1462278.67,,
2026-06-06 11:00:00,1428943.29,,
2026-06-06 12:00:00,1433509.69,,
2026-06-06 13:00:00,1432066.23,,
2026-06-06 14:00:00,1418945.27,,
2026-06-06 15:00:00,1392746.16,,
2026-06-06 16:00:00,1391868.52,,
2026-06-06 17:00:00,1396951.57,,
2026-06-06 18:00:00,1365148.87,,
2026-06-06 19:00:00,1376406.77,,
2026-06-06 20:00:00,1352921.12,,
2026-06-06 21:00:00,1347921.92,,
2026-06-06 22:00:00,1356451.97,,
2026-06-06 23:00:00,1350954.10,,
2026-06-07 00:00:00,1356390.94,,
2026-06-07 01:00:00,1362837.67,,
2026-06-07 02:00:00,1392000.48,,
2026-06-07 03:00:00,1373818.81,,
2026-06-07 04:00:00,1370561.65,,
2026-06-07 05:00:00,1371741.01,,
2026-06-07 06:00:00,1385157.67,,
2026-06-07 07:00:00,1388568.41,,
2026-06-07 08:00:00,1385985.96,,
2026-06-07 09:00:00,1404005.23,,
2026-06-07 10:00:00,1385203.78,,
2026-06-07 11:00:00,1370632.54,,
2026-06-07 12:00:00,1379556.43,,
2026-06-07 13:00:00,1363146.97,,
2026-06-07 14:00:00,1364839.35,,
2026-06-07 15:00:00,1385383.07,,
2026-06-07 16:00:00,1375973.06,,
2026-06-07 17:00:00,1372880.61,,
2026-06-07 18:00:00,1366348.44,,
2026-06-07 19:00:00,1357382.95,,
2026-06-07 20:00:00,1351689.56,,
2026-06-07 21:00:00,1424287.85,,
2026-06-07 22:00:00,1485530.04,,
2026-06-07 23:00:00,1424975.24,,
2026-06-08 00:00:00,1413214.24,,
2026-06-08 01:00:00,1421202.95,,
2026-06-08 02:00:00,1417899.43,,
2026-06-08 03:00:00,1409939.10,,
2026-06-08 04:00:00,1409925.19,,
2026-06-08 05:00:00,1374734.74,,
2026-06-08 06:00:00,1364939.75,,
2026-06-08 07:00:00,1371065.62,,
2026-06-08 08:00:00,1365396.41,,
2026-06-08 09:00:00,1358018.50,,
2026-06-08 10:00:00,1366414.12,,
2026-06-08 11:00:00,1369171.38,,
2026-06-08 12:00:00,1370587.82,,
2026-06-08 13:00:00,1374736.80,,
2026-06-08 14:00:00,1367221.36,,
2026-06-08 15:00:00,1368107.22,,
2026-06-08 16:00:00,1366803.64,,
2026-06-08 17:00:00,1365955.70,,
2026-06-08 18:00:00,1374101.97,,
2026-06-08 19:00:00,1365966.39,,
2026-06-08 20:00:00,1359819.03,,
2026-06-08 21:00:00,1375844.73,,
2026-06-08 22:00:00,1375247.05,,
2026-06-08 23:00:00,1372420.96,,
2026-06-09 00:00:00,1362710.72,,
2026-06-09 01:00:00,1341594.58,,
2026-06-09 02:00:00,1344250.93,,
2026-06-09 03:00:00,1336627.38,,
2026-06-09 04:00:00,1335481.17,,
2026-06-09 05:00:00,1366752.42,,
2026-06-09 06:00:00,1366729.85,,
2026-06-09 07:00:00,1358717.58,,
2026-06-09 08:00:00,1354382.48,,
2026-06-09 09:00:00,1359223.22,,
2026-06-09 10:00:00,1363085.36,,
2026-06-09 11:00:00,1367713.64,,
2026-06-09 12:00:00,1357207.58,,
2026-06-09 13:00:00,1362163.38,,
2026-06-09 14:00:00,1364687.17,,
2026-06-09 15:00:00,1364508.32,,
2026-06-09 16:00:00,1349232.71,,
2026-06-09 17:00:00,1347365.32,,
2026-06-09 18:00:00,1357294.47,,
2026-06-09 19:00:00,1376597.17,,
2026-06-09 20:00:00,1390959.10,,
2026-06-09 21:00:00,1391148.70,,
2026-06-09 22:00:00,1375815.33,,
2026-06-09 23:00:00,1367013.67,,
2026-06-10 00:00:00,1371759.45,,
2026-06-10 01:00:00,1375365.29,,
2026-06-10 02:00:00,1372987.79,,
2026-06-10 03:00:00,1345386.77,,
2026-06-10 04:00:00,1352973.41,,
2026-06-10 05:00:00,1352363.09,,
2026-06-10 06:00:00,1351520.34,,
2026-06-10 07:00:00,1355555.01,,
2026-06-10 08:00:00,1368886.87,,
2026-06-10 09:00:00,1364102.72,,
2026-06-10 10:00:00,1368227.29,,
2026-06-10 11:00:00,1355332.50,,
2026-06-10 12:00:00,1345761.34,,
2026-06-10 13:00:00,1356641.35,,
2026-06-10 14:00:00,1378355.07,,
2026-06-10 15:00:00,1374028.56,,
2026-06-10 16:00:00,1372535.97,,
2026-06-10 17:00:00,1369215.05,,
2026-06-10 18:00:00,1353775.68,,
2026-06-10 19:00:00,1358720.87,,
2026-06-10 20:00:00,1352551.06,,
2026-06-10 21:00:00,1352924.23,,
2026-06-10 22:00:00,1343875.45,,
2026-06-10 23:00:00,1347455.06,,
2026-06-11 00:00:00,1360517.28,,
2026-06-11 01:00:00,1366757.93,,
2026-06-11 02:00:00,1376098.34,,
2026-06-11 03:00:00,1377705.12,,
2026-06-11 04:00:00,1380784.79,,
2026-06-11 05:00:00,1387704.27,,
2026-06-11 06:00:00,1381171.59,,
2026-06-11 07:00:00,1385676.18,,
2026-06-11 08:00:00,1385458.75,,
2026-06-11 09:00:00,1388460.63,,
2026-06-11 10:00:00,1384993.86,,
2026-06-11 11:00:00,1380490.64,,
2026-06-11 12:00:00,1384240.40,,
2026-06-11 13:00:00,1377494.88,,
2026-06-11 14:00:00,1379017.97,,
2026-06-11 15:00:00,1417390.86,,
2026-06-11 16:00:00,1413296.53,,
2026-06-11 17:00:00,1388665.46,,
2026-06-11 18:00:00,1424459.92,,
2026-06-11 19:00:00,1404342.56,,
2026-06-11 20:00:00,1402511.63,,
2026-06-11 21:00:00,1397803.00,,
2026-06-11 22:00:00,1402275.14,,
2026-06-11 23:00:00,1389875.50,,
2026-06-12 00:00:00,1396462.72,,
2026-06-12 01:00:00,1396110.92,,
2026-06-12 02:00:00,1384602.63,,
2026-06-12 03:00:00,1387232.71,,
2026-06-12 04:00:00,1388399.58,,
2026-06-12 05:00:00,1385452.18,,
2026-06-12 06:00:00,1376638.53,,
2026-06-12 07:00:00,1372686.58,,
2026-06-12 08:00:00,1381493.35,,
2026-06-12 09:00:00,1387642.00,,
2026-06-12 10:00:00,1394556.70,,
2026-06-12 11:00:00,1379025.33,,
2026-06-12 12:00:00,1375316.11,,
2026-06-12 13:00:00,1371100.64,,
2026-06-12 14:00:00,1355703.78,,
2026-06-12 15:00:00,1375346.26,,
2026-06-12 16:00:00,1356912.17,,
2026-06-12 17:00:00,1363857.07,,
2026-06-12 18:00:00,1352221.14,,
2026-06-12 19:00:00,1347090.77,,
2026-06-12 20:00:00,1349354.10,,
2026-06-12 21:00:00,1347312.97,,
2026-06-12 22:00:00,1337496.11,,
2026-06-12 23:00:00,1339738.97,,
2026-06-13 00:00:00,1339726.14,,
2026-06-13 01:00:00,1343015.37,,
2026-06-13 02:00:00,1348316.61,,
2026-06-13 03:00:00,1348953.56,,
2026-06-13 04:00:00,1339586.25,,
2026-06-13 05:00:00,1334416.11,,
2026-06-13 06:00:00,1334567.83,,
2026-06-13 07:00:00,1347236.17,,
2026-06-13 08:00:00,1356467.94,,
2026-06-13 09:00:00,1348199.37,,
2026-06-13 10:00:00,1343818.92,,
2026-06-13 11:00:00,1381647.23,,
2026-06-13 12:00:00,1383849.62,,
2026-06-13 13:00:00,1375333.52,,
2026-06-13 14:00:00,1371306.62,,
2026-06-13 15:00:00,1374646.02,,
2026-06-13 16:00:00,1388704.23,,
2026-06-13 17:00:00,1389333.24,,
2026-06-13 18:00:00,1391720.60,,
2026-06-13 19:00:00,1389668.69,,
2026-06-13 20:00:00,1363124.57,,
2026-06-13 21:00:00,1361386.95,,
2026-06-13 22:00:00,1362623.90,,
2026-06-13 23:00:00,1350932.10,,
2026-06-14 00:00:00,1344904.65,,
2026-06-14 01:00:00,1339099.60,,
2026-06-14 02:00:00,1351246.37,,
2026-06-14 03:00:00,1345678.47,,
2026-06-14 04:00:00,1346490.25,,
2026-06-14 05:00:00,1336259.41,,
2026-06-14 06:00:00,1344528.51,,
2026-06-14 07:00:00,1339441.46,,
2026-06-14 08:00:00,1347821.03,,
2026-06-14 09:00:00,1361112.72,,
2026-06-14 10:00:00,1383465.09,,
2026-06-14 11:00:00,1369223.90,,
2026-06-14 12:00:00,1356530.35,,
2026-06-14 13:00:00,1346778.87,,
2026-06-14 14:00:00,1337686.27,,
2026-06-14 15:00:00,1322382.93,,
2026-06-14 16:00:00,1325156.99,,
2026-06-14 17:00:00,1328242.58,,
2026-06-14 18:00:00,1325798.66,,
2026-06-14 19:00:00,1318576.47,,
2026-06-14 20:00:00,1336943.57,,
2026-06-14 21:00:00,1348921.39,,
2026-06-14 22:00:00,1387286.61,,
2026-06-14 23:00:00,1393733.83,,
2026-06-15 00:00:00,1406337.25,,
2026-06-15 01:00:00,1399977.10,,
2026-06-15 02:00:00,1403942.10,,
2026-06-15 03:00:00,1406985.04,,
2026-06-15 04:00:00,1413840.97,,
2026-06-15 05:00:00,1411725.67,,
2026-06-15 06:00:00,1422484.92,,
2026-06-15 07:00:00,1423741.20,,
2026-06-15 08:00:00,1422385.03,,
2026-06-15 09:00:00,1430503.71,,
2026-06-15 10:00:00,1434288.35,,
2026-06-15 11:00:00,1439677.67,,
2026-06-15 12:00:00,1458266.23,,
2026-06-15 13:00:00,1470980.45,,
2026-06-15 14:00:00,1468760.30,,
2026-06-15 15:00:00,1474918.44,,
2026-06-15 16:00:00,1488857.45,,
2026-06-15 17:00:00,1485058.64,,
2026-06-15 18:00:00,1477776.97,,
2026-06-15 19:00:00,1465274.10,,
2026-06-15 20:00:00,1438264.76,,
2026-06-15 21:00:00,1440758.44,,
2026-06-15 22:00:00,1443321.87,,
2026-06-15 23:00:00,1424433.20,,
2026-06-16 00:00:00,1438346.57,,
2026-06-16 01:00:00,1433844.09,,
2026-06-16 02:00:00,1429319.08,,
2026-06-16 03:00:00,1408306.45,,
2026-06-16 04:00:00,1423831.16,,
2026-06-16 05:00:00,1412476.20,,
2026-06-16 06:00:00,1431830.91,,
2026-06-16 07:00:00,1438730.99,,
2026-06-16 08:00:00,1440837.44,,
2026-06-16 09:00:00,1463277.42,,
2026-06-16 10:00:00,1455393.13,,
2026-06-16 11:00:00,1467076.40,,
2026-06-16 12:00:00,1454286.43,,
2026-06-16 13:00:00,1456976.23,,
2026-06-16 14:00:00,1441523.42,,
2026-06-16 15:00:00,1420261.35,,
2026-06-16 16:00:00,1423478.54,,
2026-06-16 17:00:00,1419302.11,,
2026-06-16 18:00:00,1431651.52,,
2026-06-16 19:00:00,1430760.99,,
2026-06-16 20:00:00,1436249.50,,
2026-06-16 21:00:00,1464438.35,,
2026-06-16 22:00:00,1453683.77,,
2026-06-16 23:00:00,1453469.55,,
2026-06-17 00:00:00,1450421.15,,
2026-06-17 01:00:00,1448070.84,,
2026-06-17 02:00:00,1455928.42,,
2026-06-17 03:00:00,1458827.35,,
2026-06-17 04:00:00,1445264.28,,
2026-06-17 05:00:00,1446291.54,,
2026-06-17 06:00:00,1434752.65,,
2026-06-17 07:00:00,1442068.87,,
2026-06-17 08:00:00,1445572.64,,
2026-06-17 09:00:00,1413275.59,,
2026-06-17 10:00:00,1398676.68,,
2026-06-17 11:00:00,1395016.17,,
2026-06-17 12:00:00,1394548.09,,
2026-06-17 13:00:00,1392686.32,,
2026-06-17 14:00:00,1381668.83,,
2026-06-17 15:00:00,1377039.31,,
2026-06-17 16:00:00,1395228.07,,
2026-06-17 17:00:00,1386351.85,,
2026-06-17 18:00:00,1392477.66,,
2026-06-17 19:00:00,1386935.07,,
2026-06-17 20:00:00,1371982.59,,
2026-06-17 21:00:00,1385804.99,,
2026-06-17 22:00:00,1380918.08,,
2026-06-17 23:00:00,1369479.85,,
2026-06-18 00:00:00,1363150.29,,
2026-06-18 01:00:00,1356371.39,,
2026-06-18 02:00:00,1354402.56,,
2026-06-18 03:00:00,1355638.65,,
2026-06-18 04:00:00,1358037.28,,
2026-06-18 05:00:00,1361760.02,,
2026-06-18 06:00:00,1360073.32,,
2026-06-18 07:00:00,1352018.93,,
2026-06-18 08:00:00,1352208.11,,
2026-06-18 09:00:00,1351712.34,,
2026-06-18 10:00:00,1354178.27,,
2026-06-18 11:00:00,1351005.29,,
2026-06-18 12:00:00,1335078.24,,
2026-06-18 13:00:00,1336685.14,,
2026-06-18 14:00:00,1324257.47,,
2026-06-18 15:00:00,1323919.61,,
2026-06-18 16:00:00,1276068.36,,
2026-06-18 17:00:00,1282798.73,,
2026-06-18 18:00:00,1266043.24,,
2026-06-18 19:00:00,1275330.11,,
2026-06-18 20:00:00,1275174.56,,
2026-06-18 21:00:00,1285811.99,,
2026-06-18 22:00:00,1274666.08,,
2026-06-18 23:00:00,1272089.74,,
2026-06-19 00:00:00,1273336.56,,
2026-06-19 01:00:00,1274760.78,,
2026-06-19 02:00:00,1274725.09,,
2026-06-19 03:00:00,1270747.01,,
2026-06-19 04:00:00,1265582.70,,
2026-06-19 05:00:00,1259789.78,,
2026-06-19 06:00:00,1264399.17,,
2026-06-19 07:00:00,1295099.90,,
2026-06-19 08:00:00,1284840.12,,
2026-06-19 09:00:00,1273438.28,,
2026-06-19 10:00:00,1270029.32,,
2026-06-19 11:00:00,1265743.13,,
2026-06-19 12:00:00,1262466.21,,
2026-06-19 13:00:00,1269340.12,,
2026-06-19 14:00:00,1272923.58,,
2026-06-19 15:00:00,1273557.82,,
2026-06-19 16:00:00,1263019.22,,
2026-06-19 17:00:00,1253726.29,,
2026-06-19 18:00:00,1253008.21,,
2026-06-19 19:00:00,1247455.49,,
2026-06-19 20:00:00,1246799.93,,
2026-06-19 21:00:00,1248194.06,,
2026-06-19 22:00:00,1242235.39,,
2026-06-19 23:00:00,1238955.85,,
2026-06-20 00:00:00,1242399.16,,
2026-06-20 01:00:00,1237923.72,,
2026-06-20 02:00:00,1235492.64,,
2026-06-20 03:00:00,1225586.11,,
2026-06-20 04:00:00,1224893.36,,
2026-06-20 05:00:00,1228536.64,,
2026-06-20 06:00:00,1235009.29,,
2026-06-20 07:00:00,1243221.13,,
2026-06-20 08:00:00,1243094.96,,
2026-06-20 09:00:00,1250106.19,,
2026-06-20 10:00:00,1247106.25,,
2026-06-20 11:00:00,1250706.69,,
2026-06-20 12:00:00,1238843.12,,
2026-06-20 13:00:00,1237666.68,,
2026-06-20 14:00:00,1230205.73,,
2026-06-20 15:00:00,1239956.90,,
2026-06-20 16:00:00,1248922.31,,
2026-06-20 17:00:00,1251995.11,,
2026-06-20 18:00:00,1256015.71,,
2026-06-20 19:00:00,1268523.13,,
2026-06-20 20:00:00,1264235.19,,
2026-06-20 21:00:00,1260763.31,,
2026-06-20 22:00:00,1266254.43,,
2026-06-20 23:00:00,1263012.27,,
2026-06-21 00:00:00,1270305.54,,
2026-06-21 01:00:00,1282188.28,,
2026-06-21 02:00:00,1292152.77,,
2026-06-21 03:00:00,1283662.21,,
2026-06-21 04:00:00,1280464.52,,
2026-06-21 05:00:00,1276105.89,,
2026-06-21 06:00:00,1276077.31,,
2026-06-21 07:00:00,1268664.27,,
2026-06-21 08:00:00,1274024.58,,
2026-06-21 09:00:00,1271604.38,,
2026-06-21 10:00:00,1275310.44,,
2026-06-21 11:00:00,1280959.38,,
2026-06-21 12:00:00,1277008.72,,
2026-06-21 13:00:00,1275975.45,,
2026-06-21 14:00:00,1275549.31,,
2026-06-21 15:00:00,1271694.52,,
2026-06-21 16:00:00,1272361.02,,
2026-06-21 17:00:00,1267963.29,,
2026-06-21 18:00:00,1265446.44,,
2026-06-21 19:00:00,1270086.46,,
2026-06-21 20:00:00,1266571.52,,
2026-06-21 21:00:00,1255372.51,,
2026-06-21 22:00:00,1244246.76,,
2026-06-21 23:00:00,1241813.27,,
2026-06-22 00:00:00,1226526.15,,
2026-06-22 01:00:00,1243121.53,,
2026-06-22 02:00:00,1254505.41,,
2026-06-22 03:00:00,1245655.71,,
2026-06-22 04:00:00,1242219.97,,
2026-06-22 05:00:00,1250195.56,,
2026-06-22 06:00:00,1246655.16,,
2026-06-22 07:00:00,1256829.97,,
2026-06-22 08:00:00,1260480.28,,
2026-06-22 09:00:00,1254569.27,,
2026-06-22 10:00:00,1251228.23,,
2026-06-22 11:00:00,1250788.84,,
2026-06-22 12:00:00,1268081.26,,
2026-06-22 13:00:00,1282565.22,,
2026-06-22 14:00:00,1288181.42,,
2026-06-22 15:00:00,1280749.86,,
2026-06-22 16:00:00,1275355.29,,
2026-06-22 17:00:00,1271815.47,,
2026-06-22 18:00:00,1266090.62,,
2026-06-22 19:00:00,1252793.41,,
2026-06-22 20:00:00,1252730.76,,
2026-06-22 21:00:00,1251919.63,,
2026-06-22 22:00:00,1248071.99,,
2026-06-22 23:00:00,1236855.06,,
2026-06-23 00:00:00,1234667.17,,
2026-06-23 01:00:00,1244764.02,,
2026-06-23 02:00:00,1242088.10,,
2026-06-23 03:00:00,1246442.54,,
2026-06-23 04:00:00,1258348.94,,
2026-06-23 05:00:00,1249421.51,,
2026-06-23 06:00:00,1252443.23,,
2026-06-23 07:00:00,1223802.55,,
2026-06-23 08:00:00,1223102.96,,
2026-06-23 09:00:00,1206003.77,,
2026-06-23 10:00:00,1214137.57,,
2026-06-23 11:00:00,1209172.50,,
2026-06-23 12:00:00,1213574.32,,
2026-06-23 13:00:00,1201984.47,,
2026-06-23 14:00:00,1219403.13,,
2026-06-23 15:00:00,1210624.56,,
2026-06-23 16:00:00,1205893.12,,
2026-06-23 17:00:00,1203733.47,,
2026-06-23 18:00:00,1199854.23,,
2026-06-23 19:00:00,1194167.42,,
2026-06-23 20:00:00,1197979.35,,
2026-06-23 21:00:00,1196358.83,,
2026-06-23 22:00:00,1197599.25,,
2026-06-23 23:00:00,1190066.88,,
2026-06-24 00:00:00,1187629.71,,
2026-06-24 01:00:00,1190955.88,,
2026-06-24 02:00:00,1187352.72,,
2026-06-24 03:00:00,1185619.46,,
2026-06-24 04:00:00,1184225.25,,
2026-06-24 05:00:00,1189791.72,,
2026-06-24 06:00:00,1204274.11,,
2026-06-24 07:00:00,1202882.14,,
2026-06-24 08:00:00,1203972.87,,
2026-06-24 09:00:00,1205791.98,,
2026-06-24 10:00:00,1206854.08,,
2026-06-24 11:00:00,1203558.29,,
2026-06-24 12:00:00,1226131.48,,
2026-06-24 13:00:00,1314425.75,,
2026-06-24 14:00:00,1276409.92,,
2026-06-24 15:00:00,1232715.89,,
2026-06-24 16:00:00,1236247.27,,
2026-06-24 17:00:00,1186982.66,,
2026-06-24 18:00:00,1153395.72,,
2026-06-24 19:00:00,1149827.12,,
2026-06-24 20:00:00,1160219.23,,
2026-06-24 21:00:00,1172049.18,,
2026-06-24 22:00:00,1175118.07,,
2026-06-24 23:00:00,1163871.04,,
2026-06-25 00:00:00,1159453.74,,
2026-06-25 01:00:00,1151337.25,,
2026-06-25 02:00:00,1154023.19,,
2026-06-25 03:00:00,1159730.91,,
2026-06-25 04:00:00,1152348.03,,
2026-06-25 05:00:00,1147210.11,,
2026-06-25 06:00:00,1146776.52,,
2026-06-25 07:00:00,1147800.62,,
2026-06-25 08:00:00,1140209.17,,
2026-06-25 09:00:00,1153112.01,,
2026-06-25 10:00:00,1187015.52,,
2026-06-25 11:00:00,1188092.17,,
2026-06-25 12:00:00,1177486.12,,
2026-06-25 13:00:00,1161549.83,,
2026-06-25 14:00:00,1102425.36,,
2026-06-25 15:00:00,1122221.53,,
2026-06-25 16:00:00,1133689.06,,
2026-06-25 17:00:00,1131905.92,,
2026-06-25 18:00:00,1142652.05,,
2026-06-25 19:00:00,1133829.90,,
2026-06-25 20:00:00,1135415.48,,
2026-06-25 21:00:00,1140260.63,,
2026-06-25 22:00:00,1156963.47,,
2026-06-25 23:00:00,1157067.09,,
2026-06-26 00:00:00,1160340.88,,
2026-06-26 01:00:00,1157849.87,,
2026-06-26 02:00:00,1152800.04,,
2026-06-26 03:00:00,1131653.65,,
2026-06-26 04:00:00,1160205.51,,
2026-06-26 05:00:00,1145677.12,,
2026-06-26 06:00:00,1151581.73,,
2026-06-26 07:00:00,1175824.79,,
2026-06-26 08:00:00,1180334.82,,
2026-06-26 09:00:00,1177085.10,,
2026-06-26 10:00:00,1167506.65,,
2026-06-26 11:00:00,1160337.29,,
2026-06-26 12:00:00,1163978.73,,
2026-06-26 13:00:00,1160545.91,,
2026-06-26 14:00:00,1213963.94,,
2026-06-26 15:00:00,1188379.28,,
2026-06-26 16:00:00,1189991.60,,
2026-06-26 17:00:00,1184035.41,,
2026-06-26 18:00:00,1181717.70,,
2026-06-26 19:00:00,1165246.71,,
2026-06-26 20:00:00,1157131.99,,
2026-06-26 21:00:00,1157600.37,,
2026-06-26 22:00:00,1153369.70,,
2026-06-26 23:00:00,1154422.84,,
2026-06-27 00:00:00,1151595.29,,
2026-06-27 01:00:00,1152624.92,,
2026-06-27 02:00:00,1141180.06,,
2026-06-27 03:00:00,1150467.43,,
2026-06-27 04:00:00,1148238.55,,
2026-06-27 05:00:00,1146131.89,,
2026-06-27 06:00:00,1142557.09,,
2026-06-27 07:00:00,1137332.87,,
2026-06-27 08:00:00,1135845.51,,
2026-06-27 09:00:00,1131820.62,,
2026-06-27 10:00:00,1126622.46,,
2026-06-27 11:00:00,1127235.86,,
2026-06-27 12:00:00,1129288.68,,
2026-06-27 13:00:00,1126861.16,,
2026-06-27 14:00:00,1123175.14,,
2026-06-27 15:00:00,1128658.59,,
2026-06-27 16:00:00,1126576.11,,
2026-06-27 17:00:00,1124938.16,,
2026-06-27 18:00:00,1119615.27,,
2026-06-27 19:00:00,1126098.56,,
2026-06-27 20:00:00,1143320.50,,
2026-06-27 21:00:00,1123607.47,,
2026-06-27 22:00:00,1119156.52,,
2026-06-27 23:00:00,1117487.41,,
2026-06-28 00:00:00,1112073.05,,
2026-06-28 01:00:00,1110037.71,,
2026-06-28 02:00:00,1116266.67,,
2026-06-28 03:00:00,1118889.59,,
2026-06-28 04:00:00,1122688.89,,
2026-06-28 05:00:00,1120370.78,,
2026-06-28 06:00:00,1113418.86,,
2026-06-28 07:00:00,1114922.34,,
2026-06-28 08:00:00,1112439.56,,
2026-06-28 09:00:00,1112769.93,,
2026-06-28 10:00:00,1107788.89,,
2026-06-28 11:00:00,1110568.75,,
2026-06-28 12:00:00,1126145.41,,
2026-06-28 13:00:00,1122602.54,,
2026-06-28 14:00:00,1117442.90,,
2026-06-28 15:00:00,1134237.88,,
2026-06-28 16:00:00,1130971.15,,
2026-06-28 17:00:00,1121904.22,,
2026-06-28 18:00:00,1127620.17,,
2026-06-28 19:00:00,1121461.64,,
2026-06-28 20:00:00,1106860.96,,
2026-06-28 21:00:00,1106958.81,,
2026-06-28 22:00:00,1101181.33,,
2026-06-28 23:00:00,1097312.26,,
2026-06-29 00:00:00,1108830.32,,
2026-06-29 01:00:00,1113685.10,,
2026-06-29 02:00:00,1113496.45,,
2026-06-29 03:00:00,1126659.86,,
2026-06-29 04:00:00,1130396.97,,
2026-06-29 05:00:00,1124347.93,,
2026-06-29 06:00:00,1131178.59,,
2026-06-29 07:00:00,1130282.97,,
2026-06-29 08:00:00,1129082.84,,
2026-06-29 09:00:00,1121463.76,,
2026-06-29 10:00:00,1123367.27,,
2026-06-29 11:00:00,1123722.97,,
2026-06-29 12:00:00,1121608.34,,
2026-06-29 13:00:00,1121380.45,,
2026-06-29 14:00:00,1112249.25,,
2026-06-29 15:00:00,1115820.18,,
2026-06-29 16:00:00,1125882.88,,
2026-06-29 17:00:00,1126689.39,,
2026-06-29 18:00:00,1143909.97,,
2026-06-29 19:00:00,1141659.52,,
2026-06-29 20:00:00,1141739.69,,
2026-06-29 21:00:00,1136445.08,,
2026-06-29 22:00:00,1140602.40,,
2026-06-29 23:00:00,1134237.56,,
2026-06-30 00:00:00,1134558.82,,
2026-06-30 01:00:00,1123715.19,,
2026-06-30 02:00:00,1122407.82,,
2026-06-30 03:00:00,1119258.65,,
2026-06-30 04:00:00,1119797.05,,
2026-06-30 05:00:00,1127548.57,,
2026-06-30 06:00:00,1123443.84,,
2026-06-30 07:00:00,1131071.35,,
2026-06-30 08:00:00,1128986.81,,
2026-06-30 09:00:00,1125831.89,,
2026-06-30 10:00:00,1131229.06,,
2026-06-30 11:00:00,1130288.46,,
2026-06-30 12:00:00,1112172.57,,
2026-06-30 13:00:00,1101400.50,,
2026-06-30 14:00:00,1117445.17,,
2026-06-30 15:00:00,1107405.25,,
2026-06-30 16:00:00,1102440.80,,
2026-06-30 17:00:00,1102658.54,,
2026-06-30 18:00:00,1092427.34,,
2026-06-30 19:00:00,1095248.32,,
2026-06-30 20:00:00,1104833.44,,
2026-06-30 21:00:00,1085148.44,,
2026-06-30 22:00:00,1081758.69,,
2026-06-30 23:00:00,1078274.43,,
2026-07-01 00:00:00,1081442.25,,
2026-07-01 01:00:00,1080183.49,,
2026-07-01 02:00:00,1076291.59,,
2026-07-01 03:00:00,1080194.77,,
2026-07-01 04:00:00,1084200.42,,
2026-07-01 05:00:00,1085038.40,,
2026-07-01 06:00:00,1082119.77,,
2026-07-01 07:00:00,1067716.76,,
2026-07-01 08:00:00,1072940.15,,
2026-07-01 09:00:00,1081829.12,,
2026-07-01 10:00:00,1074394.69,,
2026-07-01 11:00:00,1070680.49,,
2026-07-01 12:00:00,1079659.67,,
2026-07-01 13:00:00,1081818.00,,
2026-07-01 14:00:00,1105028.73,,
2026-07-01 15:00:00,1097680.02,,
2026-07-01 16:00:00,1109578.09,,
2026-07-01 17:00:00,1108578.90,,
2026-07-01 18:00:00,1121260.18,,
2026-07-01 19:00:00,1105159.45,,
2026-07-01 20:00:00,1110107.76,,
2026-07-01 21:00:00,1125202.76,,
2026-07-01 22:00:00,1142613.62,,
2026-07-01 23:00:00,1151625.18,,
2026-07-02 00:00:00,1150310.61,,
2026-07-02 01:00:00,1140718.76,,
2026-07-02 02:00:00,1141773.35,,
2026-07-02 03:00:00,1145431.51,,
2026-07-02 04:00:00,1163893.40,,
2026-07-02 05:00:00,1157064.81,,
2026-07-02 06:00:00,1138683.19,,
2026-07-02 07:00:00,1128895.76,,
2026-07-02 08:00:00,1129149.64,,
2026-07-02 09:00:00,1131952.75,,
2026-07-02 10:00:00,1133600.10,,
2026-07-02 11:00:00,1142154.56,,
2026-07-02 12:00:00,1136915.26,,
2026-07-02 13:00:00,1139237.13,,
2026-07-02 14:00:00,1140571.87,,
2026-07-02 15:00:00,1134946.54,,
2026-07-02 16:00:00,1137074.58,,
2026-07-02 17:00:00,1141090.65,,
2026-07-02 18:00:00,1136037.67,,
2026-07-02 19:00:00,1137804.53,,
2026-07-02 20:00:00,1135090.08,,
2026-07-02 21:00:00,1136653.38,,
2026-07-02 22:00:00,1137059.27,,
2026-07-02 23:00:00,1135736.68,,
2026-07-03 00:00:00,1133455.28,,
2026-07-03 01:00:00,1126188.56,,
2026-07-03 02:00:00,1140599.38,,
2026-07-03 03:00:00,1139261.33,,
2026-07-03 04:00:00,1140718.98,,
2026-07-03 05:00:00,1138094.19,,
2026-07-03 06:00:00,1146282.32,,
2026-07-03 07:00:00,1148460.05,,
2026-07-03 08:00:00,1148713.70,,
2026-07-03 09:00:00,1153928.30,,
2026-07-03 10:00:00,1161181.02,,
2026-07-03 11:00:00,1164310.08,,
2026-07-03 12:00:00,1164327.49,,
2026-07-03 13:00:00,1165206.29,,
2026-07-03 14:00:00,1158924.69,,
2026-07-03 15:00:00,1164722.71,,
2026-07-03 16:00:00,1165220.17,,
2026-07-03 17:00:00,1169110.56,,
2026-07-03 18:00:00,1167244.59,,
2026-07-03 19:00:00,1163750.56,,
2026-07-03 20:00:00,1177449.03,,
2026-07-03 21:00:00,1183007.80,,
2026-07-03 22:00:00,1178685.90,,
2026-07-03 23:00:00,1168058.35,,
2026-07-04 00:00:00,1164878.65,,
2026-07-04 01:00:00,1165094.28,,
2026-07-04 02:00:00,1153676.93,,
2026-07-04 03:00:00,1150931.18,,
2026-07-04 04:00:00,1160792.83,,
2026-07-04 05:00:00,1156428.63,,
2026-07-04 06:00:00,1153216.03,,
2026-07-04 07:00:00,1156773.46,,
2026-07-04 08:00:00,1165008.90,,
2026-07-04 09:00:00,1160677.27,,
2026-07-04 10:00:00,1164170.56,,
2026-07-04 11:00:00,1158173.16,,
2026-07-04 12:00:00,1161840.64,,
2026-07-04 13:00:00,1164541.93,,
2026-07-04 14:00:00,1164295.43,,
2026-07-04 15:00:00,1170179.40,,
2026-07-04 16:00:00,1169397.71,,
2026-07-04 17:00:00,1164093.01,,
2026-07-04 18:00:00,1171893.97,,
2026-07-04 19:00:00,1170934.10,,
2026-07-04 20:00:00,1168653.68,,
2026-07-04 21:00:00,1160969.85,,
2026-07-04 22:00:00,1150916.89,,
2026-07-04 23:00:00,1147777.71,,
2026-07-05 00:00:00,1141548.61,,
2026-07-05 01:00:00,1141114.79,,
2026-07-05 02:00:00,1135574.75,,
2026-07-05 03:00:00,1128616.42,,
2026-07-05 04:00:00,1137266.52,,
2026-07-05 05:00:00,1133694.13,,
2026-07-05 06:00:00,1125894.84,,
2026-07-05 07:00:00,1128475.26,,
2026-07-05 08:00:00,1132618.52,,
2026-07-05 09:00:00,1126893.53,,
2026-07-05 10:00:00,1120376.18,,
2026-07-05 11:00:00,1120809.39,,
2026-07-05 12:00:00,1119766.59,,
2026-07-05 13:00:00,1125227.62,,
2026-07-05 14:00:00,1127686.04,,
2026-07-05 15:00:00,1130572.00,,
2026-07-05 16:00:00,1132575.03,,
2026-07-05 17:00:00,1140341.51,,
2026-07-05 18:00:00,1131765.49,,
2026-07-05 19:00:00,1118155.18,,
2026-07-05 20:00:00,1119803.80,,
2026-07-05 21:00:00,1120246.18,,
2026-07-05 22:00:00,1127701.61,,
2026-07-05 23:00:00,1134483.86,,
2026-07-06 00:00:00,1134372.01,,
2026-07-06 01:00:00,1127923.75,,
2026-07-06 02:00:00,1126718.98,,
2026-07-06 03:00:00,1121576.36,,
2026-07-06 04:00:00,1120941.16,,
2026-07-06 05:00:00,1112685.66,,
2026-07-06 06:00:00,1111806.38,,
2026-07-06 07:00:00,1108930.30,,
2026-07-06 08:00:00,1110714.94,,
2026-07-06 09:00:00,1109903.26,,
2026-07-06 10:00:00,1107834.10,,
2026-07-06 11:00:00,1111092.50,,
2026-07-06 12:00:00,1111189.91,,
2026-07-06 13:00:00,1107105.22,,
2026-07-06 14:00:00,1123019.03,,
2026-07-06 15:00:00,1120545.15,,
2026-07-06 16:00:00,1135867.50,,
2026-07-06 17:00:00,1136204.22,,
2026-07-06 18:00:00,1131373.42,,
2026-07-06 19:00:00,1131069.25,,
2026-07-06 20:00:00,1134376.65,,
2026-07-06 21:00:00,1125762.14,,
2026-07-06 22:00:00,1134853.87,,
2026-07-06 23:00:00,1129541.33,,
2026-07-07 00:00:00,1126214.89,,
2026-07-07 01:00:00,1150086.24,,
2026-07-07 02:00:00,1144169.83,,
2026-07-07 03:00:00,1133999.53,,
2026-07-07 04:00:00,1133817.35,,
2026-07-07 05:00:00,1128852.73,,
2026-07-07 06:00:00,1128208.17,,
2026-07-07 07:00:00,1127337.27,,
2026-07-07 08:00:00,1117723.13,,
2026-07-07 09:00:00,1122073.69,,
2026-07-07 10:00:00,1123885.26,,
2026-07-07 11:00:00,1127782.77,,
2026-07-07 12:00:00,1127309.24,,
2026-07-07 13:00:00,1135934.70,,
2026-07-07 14:00:00,1134198.28,,
2026-07-07 15:00:00,1146539.63,,
2026-07-07 16:00:00,1135627.71,,
2026-07-07 17:00:00,1139162.43,,
2026-07-07 18:00:00,1121043.57,,
2026-07-07 19:00:00,1113513.05,,
2026-07-07 20:00:00,1104590.42,,
2026-07-07 21:00:00,1102722.52,,
2026-07-07 22:00:00,1092581.95,,
2026-07-07 23:00:00,1092496.01,,
2026-07-08 00:00:00,1095420.25,,
2026-07-08 01:00:00,1085008.54,,
2026-07-08 02:00:00,1079365.17,,
2026-07-08 03:00:00,1080601.50,,
2026-07-08 04:00:00,1083076.85,,
2026-07-08 05:00:00,1084137.24,,
2026-07-08 06:00:00,1081080.04,,
2026-07-08 07:00:00,1074305.18,,
2026-07-08 08:00:00,1078726.81,,
2026-07-08 09:00:00,1068370.96,,
2026-07-08 10:00:00,1063472.48,,
2026-07-08 11:00:00,1064603.39,,
2026-07-08 12:00:00,1074192.63,,
2026-07-08 13:00:00,1076214.88,,
2026-07-08 14:00:00,1079485.53,,
2026-07-08 15:00:00,1071877.52,,
2026-07-08 16:00:00,1068826.36,,
2026-07-08 17:00:00,1075262.39,,
2026-07-08 18:00:00,1071587.26,,
2026-07-08 19:00:00,1068811.52,,
2026-07-08 20:00:00,1069842.40,,
2026-07-08 21:00:00,1064051.27,,
2026-07-08 22:00:00,1062419.50,,
2026-07-08 23:00:00,1069469.08,,
2026-07-09 00:00:00,1070312.39,,
2026-07-09 01:00:00,1067594.05,,
2026-07-09 02:00:00,1065020.69,,
2026-07-09 03:00:00,1058378.92,,
2026-07-09 04:00:00,1068889.58,,
2026-07-09 05:00:00,1073555.91,,
2026-07-09 06:00:00,1085045.20,,
2026-07-09 07:00:00,1084313.61,,
2026-07-09 08:00:00,1083195.26,,
2026-07-09 09:00:00,1082077.09,,
2026-07-09 10:00:00,1090646.20,,
2026-07-09 11:00:00,1091459.30,,
2026-07-09 12:00:00,1100688.66,,
2026-07-09 13:00:00,1097998.50,,
2026-07-09 14:00:00,1102043.22,,
2026-07-09 15:00:00,1102561.13,,
2026-07-09 16:00:00,1102080.02,,
2026-07-09 17:00:00,1102234.38,,
2026-07-09 18:00:00,1111893.94,,
2026-07-09 19:00:00,1117646.13,,
2026-07-09 20:00:00,1115591.01,,
2026-07-09 21:00:00,1112621.63,,
2026-07-09 22:00:00,1117601.58,,
2026-07-09 23:00:00,1113204.43,,
2026-07-10 00:00:00,1114336.81,,
2026-07-10 01:00:00,1113947.38,,
2026-07-10 02:00:00,1119633.06,,
2026-07-10 03:00:00,1119149.66,,
2026-07-10 04:00:00,1117292.18,,
2026-07-10 05:00:00,1115043.88,,
2026-07-10 06:00:00,1113121.77,,
2026-07-10 07:00:00,1117047.42,,
2026-07-10 08:00:00,1119157.21,,
2026-07-10 09:00:00,1125067.63,,
2026-07-10 10:00:00,1123001.31,,
2026-07-10 11:00:00,1123689.68,,
2026-07-10 12:00:00,1122602.23,,
2026-07-10 13:00:00,1136076.84,,
2026-07-10 14:00:00,1138294.26,,
2026-07-10 15:00:00,1131978.92,,
2026-07-10 16:00:00,1136797.76,,
2026-07-10 17:00:00,1135956.77,,
2026-07-10 18:00:00,1141133.67,,
2026-07-10 19:00:00,1129582.25,,
2026-07-10 20:00:00,1121949.60,,
2026-07-10 21:00:00,1134207.03,,
2026-07-10 22:00:00,1131324.25,,
2026-07-10 23:00:00,1123509.06,,
2026-07-11 00:00:00,1117468.52,,
2026-07-11 01:00:00,1113588.95,,
2026-07-11 02:00:00,1103349.88,,
2026-07-11 03:00:00,1101822.53,,
2026-07-11 04:00:00,1098218.28,,
2026-07-11 05:00:00,1088876.89,,
2026-07-11 06:00:00,1088751.51,,
2026-07-11 07:00:00,1082528.40,,
2026-07-11 08:00:00,1083520.27,,
2026-07-11 09:00:00,1084509.65,,
2026-07-11 10:00:00,1085701.53,,
2026-07-11 11:00:00,1082834.03,,
2026-07-11 12:00:00,1085228.32,,
2026-07-11 13:00:00,1093341.71,,
2026-07-11 14:00:00,1082430.72,,
2026-07-11 15:00:00,1084573.10,,
2026-07-11 16:00:00,1092293.15,,
2026-07-11 17:00:00,1091649.85,,
2026-07-11 18:00:00,1094275.77,,
2026-07-11 19:00:00,1097800.85,,
2026-07-11 20:00:00,1091801.32,,
2026-07-11 21:00:00,1096703.47,,
2026-07-11 22:00:00,1089618.63,,
2026-07-11 23:00:00,1085363.25,,
2026-07-12 00:00:00,1073571.09,,
2026-07-12 01:00:00,1065722.87,,
2026-07-12 02:00:00,1078011.40,,
2026-07-12 03:00:00,1076960.91,,
2026-07-12 04:00:00,1077312.54,,
2026-07-12 05:00:00,1076374.26,,
2026-07-12 06:00:00,1081959.26,,
2026-07-12 07:00:00,1078272.92,,
2026-07-12 08:00:00,1074229.23,,
2026-07-12 09:00:00,1078482.31,,
2026-07-12 10:00:00,1076932.14,,
2026-07-12 11:00:00,1079279.29,,
2026-07-12 12:00:00,1079869.64,,
2026-07-12 13:00:00,1079882.98,,
2026-07-12 14:00:00,1074515.13,,
2026-07-12 15:00:00,1079642.85,,
2026-07-12 16:00:00,1076909.57,,
2026-07-12 17:00:00,1077214.51,,
2026-07-12 18:00:00,1073398.66,,
2026-07-12 19:00:00,1072169.95,,
2026-07-12 20:00:00,1073199.58,,
2026-07-12 21:00:00,1077927.64,,
2026-07-12 22:00:00,1082515.01,,
2026-07-12 23:00:00,1076525.70,,
2026-07-13 00:00:00,1075770.59,,
2026-07-13 01:00:00,1082605.51,,
2026-07-13 02:00:00,1077215.18,,
2026-07-13 03:00:00,1076143.63,,
2026-07-13 04:00:00,1066626.35,,
2026-07-13 05:00:00,1070544.27,,
2026-07-13 06:00:00,1074070.62,,
2026-07-13 07:00:00,1079367.71,,
2026-07-13 08:00:00,1085580.26,,
2026-07-13 09:00:00,1084715.85,,
2026-07-13 10:00:00,1082533.89,,
2026-07-13 11:00:00,1076948.56,,
2026-07-13 12:00:00,1076484.67,,
2026-07-13 13:00:00,1074601.67,,
2026-07-13 14:00:00,1075239.95,,
2026-07-13 15:00:00,1082504.36,,
2026-07-13 16:00:00,1071299.42,,
2026-07-13 17:00:00,1069532.54,,
2026-07-13 18:00:00,1053316.82,,
2026-07-13 19:00:00,1055534.13,,
2026-07-13 20:00:00,1063882.27,,
2026-07-13 21:00:00,1059977.19,,
2026-07-13 22:00:00,1061006.32,,
2026-07-13 23:00:00,1057927.78,,
2026-07-14 00:00:00,1067140.23,,
2026-07-14 01:00:00,1066361.86,,
2026-07-14 02:00:00,1066269.35,,
2026-07-14 03:00:00,1068075.94,,
2026-07-14 04:00:00,1062819.22,,
2026-07-14 05:00:00,1063784.04,,
2026-07-14 06:00:00,1063883.83,,
2026-07-14 07:00:00,1066320.79,,
2026-07-14 08:00:00,1057462.53,,
2026-07-14 09:00:00,1043947.69,,
2026-07-14 10:00:00,1048133.37,,
2026-07-14 11:00:00,1052187.50,,
2026-07-14 12:00:00,1054059.10,,
2026-07-14 13:00:00,1059951.52,,
2026-07-14 14:00:00,1063578.78,,
2026-07-14 15:00:00,1069600.68,,
2026-07-14 16:00:00,1089119.55,,
2026-07-14 17:00:00,1073223.68,,
2026-07-14 18:00:00,1073807.12,,
2026-07-14 19:00:00,1189316.67,,
2026-07-14 20:00:00,1203636.61,,
2026-07-14 21:00:00,1197845.75,,
2026-07-14 22:00:00,1179054.08,,
2026-07-14 23:00:00,1192746.67,,
2026-07-15 00:00:00,1238482.55,,
2026-07-15 01:00:00,1219226.25,,
2026-07-15 02:00:00,1215549.68,,
2026-07-15 03:00:00,1210079.32,,
2026-07-15 04:00:00,1199346.28,,
2026-07-15 05:00:00,1182953.06,,
2026-07-15 06:00:00,1211963.99,,
2026-07-15 07:00:00,1689968.28,,
2026-07-15 08:00:00,1644983.06,,
2026-07-15 09:00:00,1648074.65,,
2026-07-15 10:00:00,1550773.01,,
2026-07-15 11:00:00,1485476.93,,
2026-07-15 12:00:00,1454081.66,,
2026-07-15 13:00:00,1457093.19,,
2026-07-15 14:00:00,1462468.13,,
2026-07-15 15:00:00,1444243.90,,
2026-07-15 16:00:00,1418936.87,,
2026-07-15 17:00:00,1323145.63,,
2026-07-15 18:00:00,1280125.00,,
2026-07-15 19:00:00,1277199.49,,
2026-07-15 20:00:00,1273416.05,,
2026-07-15 21:00:00,1285027.99,,
2026-07-15 22:00:00,1265434.73,,
2026-07-15 23:00:00,1239014.03,,
2026-07-16 00:00:00,1232490.20,,
2026-07-16 01:00:00,1267924.40,,
2026-07-16 02:00:00,1273347.31,,
2026-07-16 03:00:00,1266321.37,,
2026-07-16 04:00:00,1288199.96,,
2026-07-16 05:00:00,1300107.19,,
2026-07-16 06:00:00,1289482.26,,
2026-07-16 07:00:00,1304532.28,,
2026-07-16 08:00:00,1305699.24,,
2026-07-16 09:00:00,1320816.49,,
2026-07-16 10:00:00,1304530.88,,
2026-07-16 11:00:00,1295723.06,,
2026-07-16 12:00:00,1294437.96,,
2026-07-16 13:00:00,1276263.28,,
2026-07-16 14:00:00,1287225.79,,
2026-07-16 15:00:00,1278782.87,,
2026-07-16 16:00:00,1235397.28,,
2026-07-16 17:00:00,1228430.14,,
2026-07-16 18:00:00,1226422.13,,
2026-07-16 19:00:00,1226826.19,,
2026-07-16 20:00:00,1292003.07,,
2026-07-16 21:00:00,1289105.86,,
2026-07-16 22:00:00,1284381.25,,
2026-07-16 23:00:00,1278300.03,,
2026-07-17 00:00:00,1288178.07,,
2026-07-17 01:00:00,1291808.20,,
2026-07-17 02:00:00,1280835.02,,
2026-07-17 03:00:00,1271863.67,,
2026-07-17 04:00:00,1254146.11,,
2026-07-17 05:00:00,1253610.34,,
2026-07-17 06:00:00,1252038.09,,
2026-07-17 07:00:00,1251746.17,,
2026-07-17 08:00:00,1249694.38,,
2026-07-17 09:00:00,1252407.03,,
2026-07-17 10:00:00,1246576.82,,
2026-07-17 11:00:00,1199972.69,,
2026-07-17 12:00:00,1201803.41,,
2026-07-17 13:00:00,1202778.01,,
2026-07-17 14:00:00,1201795.95,,
2026-07-17 15:00:00,1191066.18,,
2026-07-17 16:00:00,1196711.65,,
2026-07-17 17:00:00,1199571.33,,
2026-07-17 18:00:00,1205016.78,,
2026-07-17 19:00:00,1202904.48,,
2026-07-17 20:00:00,1200552.58,,
2026-07-17 21:00:00,1188695.76,,
2026-07-17 22:00:00,1187986.25,,
2026-07-17 23:00:00,1185052.64,,
2026-07-18 00:00:00,1199554.05,,
2026-07-18 01:00:00,1188396.68,,
2026-07-18 02:00:00,1202737.46,,
2026-07-18 03:00:00,1208123.48,,
2026-07-18 04:00:00,1210821.19,,
2026-07-18 05:00:00,1208403.82,,
2026-07-18 06:00:00,1200228.48,,
2026-07-18 07:00:00,1203383.92,,
2026-07-18 08:00:00,1198420.95,,
2026-07-18 09:00:00,1193955.31,,
2026-07-18 10:00:00,1193443.52,,
2026-07-18 11:00:00,1190545.21,,
2026-07-18 12:00:00,1186701.64,,
2026-07-18 13:00:00,1170029.10,,
2026-07-18 14:00:00,1168698.82,,
2026-07-18 15:00:00,1164704.92,,
2026-07-18 16:00:00,1163690.35,,
2026-07-18 17:00:00,1170086.53,,
2026-07-18 18:00:00,1181071.14,,
2026-07-18 19:00:00,1172200.96,,
2026-07-18 20:00:00,1161778.29,,
2026-07-18 21:00:00,1183780.66,,
2026-07-18 22:00:00,1166705.81,,
2026-07-18 23:00:00,1159405.93,,
2026-07-19 00:00:00,1160638.71,,
2026-07-19 01:00:00,1181332.66,,
2026-07-19 02:00:00,1172980.47,,
2026-07-19 03:00:00,1181573.84,,
2026-07-19 04:00:00,1183531.53,,
2026-07-19 05:00:00,1181082.51,,
2026-07-19 06:00:00,1180341.31,,
2026-07-19 07:00:00,1183391.52,,
2026-07-19 08:00:00,1159864.08,,
2026-07-19 09:00:00,1156908.03,,
2026-07-19 10:00:00,1150174.17,,
2026-07-19 11:00:00,1157739.46,,
2026-07-19 12:00:00,1150445.38,,
2026-07-19 13:00:00,1155685.78,,
2026-07-19 14:00:00,1156980.51,,
2026-07-19 15:00:00,1164096.89,,
2026-07-19 16:00:00,1154920.37,,
2026-07-19 17:00:00,1150934.15,,
2026-07-19 18:00:00,1154134.43,,
2026-07-19 19:00:00,1145118.52,,
2026-07-19 20:00:00,1158342.78,,
2026-07-19 21:00:00,1158100.64,,
2026-07-19 22:00:00,1148017.61,,
2026-07-19 23:00:00,1158985.79,,
2026-07-20 00:00:00,1154994.75,,
2026-07-20 01:00:00,1165621.53,,
2026-07-20 02:00:00,1156277.74,,
2026-07-20 03:00:00,1167992.22,,
2026-07-20 04:00:00,1176303.96,,
2026-07-20 05:00:00,1176264.26,,
2026-07-20 06:00:00,1166478.64,,
2026-07-20 07:00:00,1169311.84,,
2026-07-20 08:00:00,1178279.72,,
2026-07-20 09:00:00,1179967.35,,
2026-07-20 10:00:00,1183995.33,,
2026-07-20 11:00:00,1190884.92,,
2026-07-20 12:00:00,1210549.49,,
2026-07-20 13:00:00,1217268.81,,
2026-07-20 14:00:00,1220102.96,,
2026-07-20 15:00:00,1229428.12,,
2026-07-20 16:00:00,1249622.94,,
2026-07-20 17:00:00,1259132.27,,
2026-07-20 18:00:00,1267792.76,,
2026-07-20 19:00:00,1269812.78,,
2026-07-20 20:00:00,1273954.82,,
2026-07-20 21:00:00,1276394.59,,
2026-07-20 22:00:00,1265407.92,,
2026-07-20 23:00:00,1261924.45,,
2026-07-21 00:00:00,1268219.99,,
2026-07-21 01:00:00,1269652.10,,
2026-07-21 02:00:00,1269905.18,,
2026-07-21 03:00:00,1276046.32,,
2026-07-21 04:00:00,1305609.78,,
2026-07-21 05:00:00,1303448.12,,
2026-07-21 06:00:00,1326231.06,,
2026-07-21 07:00:00,1324551.73,,
2026-07-21 08:00:00,1318727.58,,
2026-07-21 09:00:00,1302665.46,,
2026-07-21 10:00:00,1315236.70,,
2026-07-21 11:00:00,1312494.38,,
2026-07-21 12:00:00,1307086.42,,
2026-07-21 13:00:00,1310319.23,,
2026-07-21 14:00:00,1318914.10,,
2026-07-21 15:00:00,1311063.02,,
2026-07-21 16:00:00,1312397.30,,
2026-07-21 17:00:00,1308473.54,,
2026-07-21 18:00:00,1306256.92,,
2026-07-21 19:00:00,1302524.01,,
2026-07-21 20:00:00,1306417.08,,
2026-07-21 21:00:00,1291882.80,,
2026-07-21 22:00:00,1297767.66,,
2026-07-21 23:00:00,1289763.15,,
2026-07-22 00:00:00,1292306.30,,
2026-07-22 01:00:00,1294570.94,,
2026-07-22 02:00:00,1286645.32,,
2026-07-22 03:00:00,1287543.74,,
2026-07-22 04:00:00,1281770.76,,
2026-07-22 05:00:00,1282166.99,,
2026-07-22 06:00:00,1268827.24,,
2026-07-22 07:00:00,1269457.29,,
2026-07-22 08:00:00,1266722.31,,
2026-07-22 09:00:00,1264079.91,,
2026-07-22 10:00:00,1265737.14,,
2026-07-22 11:00:00,1267792.62,,
2026-07-22 12:00:00,1275969.00,,
2026-07-22 13:00:00,1274421.18,,
2026-07-22 14:00:00,1276502.99,,
2026-07-22 15:00:00,1282473.38,,
2026-07-22 16:00:00,1286973.33,,
2026-07-22 17:00:00,1298136.59,,
2026-07-22 18:00:00,1289239.45,,
2026-07-22 19:00:00,1281113.67,,
2026-07-22 20:00:00,1278233.92,,
2026-07-22 21:00:00,1282078.66,,
2026-07-22 22:00:00,1276712.74,,
2026-07-22 23:00:00,1272835.78,,
2026-07-23 00:00:00,1271534.69,,
2026-07-23 01:00:00,1269252.48,,
2026-07-23 02:00:00,1253831.71,,
2026-07-23 03:00:00,1252533.02,,
2026-07-23 04:00:00,1248878.04,,
2026-07-23 05:00:00,1245943.55,,
2026-07-23 06:00:00,1247307.03,,
2026-07-23 07:00:00,1244135.27,,
2026-07-23 08:00:00,1228088.19,,
2026-07-23 09:00:00,1226349.22,,
2026-07-23 10:00:00,1219089.20,,
2026-07-23 11:00:00,1219376.42,,
2026-07-23 12:00:00,1218885.32,,
2026-07-23 13:00:00,1218549.32,,
2026-07-23 14:00:00,1216286.02,,
2026-07-23 15:00:00,1215291.04,,
2026-07-23 16:00:00,1207453.88,,
2026-07-23 17:00:00,1210454.24,,
2026-07-23 18:00:00,1202962.13,,
2026-07-23 19:00:00,1205980.46,,
2026-07-23 20:00:00,1206958.31,,
2026-07-23 21:00:00,1222115.30,,
2026-07-23 22:00:00,1212939.92,,
2026-07-23 23:00:00,1215115.01,,
2026-07-24 00:00:00,1213214.92,,
2026-07-24 01:00:00,1214380.38,,
2026-07-24 02:00:00,1217743.43,,
2026-07-24 03:00:00,1222151.73,,
2026-07-24 04:00:00,1231469.86,,
2026-07-24 05:00:00,1229715.66,,
2026-07-24 06:00:00,1229217.25,,
2026-07-24 07:00:00,1241566.90,,
2026-07-24 08:00:00,1239737.81,,
2026-07-24 09:00:00,1239823.06,,
2026-07-24 10:00:00,1242530.61,,
2026-07-24 11:00:00,1238787.52,,
2026-07-24 12:00:00,1233407.86,,
2026-07-24 13:00:00,1226038.43,,
2026-07-24 14:00:00,1220816.34,,
2026-07-24 15:00:00,1219828.18,,
2026-07-24 16:00:00,1225098.46,,
2026-07-24 17:00:00,1218137.60,,
2026-07-24 18:00:00,1222880.62,,
2026-07-24 19:00:00,1222383.94,,
2026-07-24 20:00:00,1218661.60,,
2026-07-24 21:00:00,1219497.65,,
2026-07-24 22:00:00,1219320.96,,
2026-07-24 23:00:00,1220012.51,,
2026-07-25 00:00:00,1222749.44,,
2026-07-25 01:00:00,1222009.53,,
2026-07-25 02:00:00,1228968.38,,
2026-07-25 03:00:00,1227468.90,,
2026-07-25 04:00:00,1232591.07,,
2026-07-25 05:00:00,1234519.36,,
2026-07-25 06:00:00,1232829.43,,
2026-07-25 07:00:00,1231072.50,,
2026-07-25 08:00:00,1227531.88,,
2026-07-25 09:00:00,1223848.05,,
2026-07-25 10:00:00,1233741.67,,
2026-07-25 11:00:00,1245525.85,,
2026-07-25 12:00:00,1250219.68,,
2026-07-25 13:00:00,1269342.69,,
2026-07-25 14:00:00,1312792.90,,
2026-07-25 15:00:00,1323927.17,,
2026-07-25 16:00:00,1352665.85,,
2026-07-25 17:00:00,1348349.95,,
2026-07-25 18:00:00,1347822.52,,
2026-07-25 19:00:00,1361754.99,,
2026-07-25 20:00:00,1358128.00,,
2026-07-25 21:00:00,1366079.16,,
2026-07-25 22:00:00,1368612.71,,
2026-07-25 23:00:00,1365614.23,,
2026-07-26 00:00:00,1360996.98,,
2026-07-26 01:00:00,1349516.05,,
2026-07-26 02:00:00,1338217.56,,
2026-07-26 03:00:00,1324441.80,,
2026-07-26 04:00:00,1317914.14,,
2026-07-26 05:00:00,1319466.74,,
2026-07-26 06:00:00,1308199.56,,
2026-07-26 07:00:00,1304011.71,,
2026-07-26 08:00:00,1303684.35,,
2026-07-26 09:00:00,1299537.34,,
2026-07-26 10:00:00,1288827.17,,
2026-07-26 11:00:00,1289847.81,,
2026-07-26 12:00:00,1285004.34,,
2026-07-26 13:00:00,1280301.97,,
2026-07-26 14:00:00,1283221.18,,
2026-07-26 15:00:00,1279231.10,,
2026-07-26 16:00:00,1284856.44,,
2026-07-26 17:00:00,1281218.24,,
2026-07-26 18:00:00,1283108.84,,
2026-07-26 19:00:00,1283053.15,,
2026-07-26 20:00:00,1283715.84,,
2026-07-26 21:00:00,1291585.77,,
2026-07-26 22:00:00,1290634.68,,
2026-07-26 23:00:00,1306779.69,,
2026-07-27 00:00:00,1321678.40,,
2026-07-27 01:00:00,1304911.54,,
2026-07-27 02:00:00,1303044.06,,
2026-07-27 03:00:00,1305756.29,,
2026-07-27 04:00:00,1310166.08,,
2026-07-27 05:00:00,1299313.36,,
2026-07-27 06:00:00,1299528.23,,
2026-07-27 07:00:00,1272167.41,,
2026-07-27 08:00:00,1277594.24,,
2026-07-27 09:00:00,1257930.00,,
2026-07-27 10:00:00,1253553.65,,
2026-07-27 11:00:00,1253400.43,,
2026-07-27 12:00:00,1239717.53,,
2026-07-27 13:00:00,1242661.10,,
2026-07-27 14:00:00,1241474.12,,
2026-07-27 15:00:00,1212052.48,,
2026-07-27 16:00:00,1207193.88,,
2026-07-27 17:00:00,1208258.48,,
2026-07-27 18:00:00,1201332.62,,
2026-07-27 19:00:00,1204012.38,,
2026-07-27 20:00:00,1203661.96,,
2026-07-27 21:00:00,1203917.56,,
2026-07-27 22:00:00,1191671.43,,
2026-07-27 23:00:00,1155173.34,,
2026-07-28 00:00:00,1174766.82,,
2026-07-28 01:00:00,1171175.92,,
2026-07-28 02:00:00,1165262.18,,
2026-07-28 03:00:00,1170776.29,,
2026-07-28 04:00:00,1177296.11,,
2026-07-28 05:00:00,1175462.20,,
2026-07-28 06:00:00,1174980.58,,
2026-07-28 07:00:00,1184843.15,,
2026-07-28 08:00:00,1184948.20,,
2026-07-28 09:00:00,1188066.10,,
2026-07-28 10:00:00,1182075.47,,
2026-07-28 11:00:00,1206046.75,,
2026-07-28 12:00:00,1243484.41,,
2026-07-28 13:00:00,1228649.21,,
2026-07-28 14:00:00,1228181.62,,
2026-07-28 15:00:00,1225795.42,,
2026-07-28 16:00:00,1237319.55,,
2026-07-28 17:00:00,1238596.42,,
2026-07-28 18:00:00,1269177.26,,
2026-07-28 19:00:00,1312124.48,,
2026-07-28 20:00:00,1258574.12,,
2026-07-28 21:00:00,1244660.54,,
2026-07-28 22:00:00,1235855.08,,
2026-07-28 23:00:00,1234595.73,,
2026-07-29 00:00:00,1239527.16,,
2026-07-29 01:00:00,1241627.13,,
2026-07-29 02:00:00,1227016.91,,
2026-07-29 03:00:00,1232560.36,,
2026-07-29 04:00:00,1223067.04,,
2026-07-29 05:00:00,1224254.82,,
2026-07-29 06:00:00,1235637.17,,
2026-07-29 07:00:00,1231312.33,,
2026-07-29 08:00:00,1230665.60,,
2026-07-29 09:00:00,1215226.04,,
2026-07-29 10:00:00,1194586.58,,
2026-07-29 11:00:00,1188075.15,,
2026-07-29 12:00:00,1187381.85,,
2026-07-29 13:00:00,1171652.68,,
2026-07-29 14:00:00,1175129.79,,
2026-07-29 15:00:00,1177229.03,,
2026-07-29 16:00:00,1185218.76,,
2026-07-29 17:00:00,1189366.41,,
2026-07-29 18:00:00,1194489.45,,
2026-07-29 19:00:00,1193294.18,,
2026-07-29 20:00:00,1175191.30,,
2026-07-29 21:00:00,1182137.54,,
2026-07-29 22:00:00,1193541.65,,
2026-07-29 23:00:00,1199533.84,,
2026-07-30 00:00:00,1201030.95,,
2026-07-30 01:00:00,1199605.82,,
2026-07-30 02:00:00,1217145.91,,
2026-07-30 03:00:00,1241637.31,,
2026-07-30 04:00:00,1242020.42,,
2026-07-30 05:00:00,1256477.69,,
2026-07-30 06:00:00,1245265.32,,
2026-07-30 07:00:00,1252858.72,,
2026-07-30 08:00:00,1248750.76,,
2026-07-30 09:00:00,1261577.95,,
2026-07-30 10:00:00,1241999.81,,
2026-07-30 11:00:00,1220268.71,,
2026-07-30 12:00:00,1232430.01,,
2026-07-30 13:00:00,1230849.63,,
2026-07-30 14:00:00,1237691.09,,
2026-07-30 15:00:00,1226304.67,,
2026-07-30 16:00:00,1226512.65,,
2026-07-30 17:00:00,1219560.39,,
2026-07-30 18:00:00,1220234.54,,
2026-07-30 19:00:00,1217180.98,,
2026-07-30 20:00:00,1212091.94,,
2026-07-30 21:00:00,1211890.16,,
2026-07-30 22:00:00,1216020.25,,
2026-07-30 23:00:00,1221798.57,,
2026-07-31 00:00:00,1218908.15,,
2026-07-31 01:00:00,1224720.15,,
2026-07-31 02:00:00,1227348.80,,
2026-07-31 03:00:00,1235970.23,,
2026-07-31 04:00:00,1250076.41,,
2026-07-31 05:00:00,1248728.47,,
2026-07-31 06:00:00,1258164.88,,
2026-07-31 07:00:00,1262718.82,,
2026-07-31 08:00:00,1257073.08,,
2026-07-31 09:00:00,1280795.95,,
2026-07-31 10:00:00,1297799.16,,
2026-07-31 11:00:00,1306806.43,,
2026-07-31 12:00:00,1317783.32,,
2026-07-31 13:00:00,1347395.53,,
2026-07-31 14:00:00,1321940.71,,
2026-07-31 15:00:00,1317885.67,,
2026-07-31 16:00:00,1323901.40,,
2026-07-31 17:00:00,1334795.27,,
2026-07-31 18:00:00,1350824.95,,
2026-07-31 19:00:00,1354767.96,,
2026-07-31 20:00:00,1352211.97,,
2026-07-31 21:00:00,1351873.92,,
2026-07-31 22:00:00,1359942.30,,
2026-07-31 23:00:00,1359214.09,,
2026-08-01 00:00:00,1361344.78,,
2026-08-01 01:00:00,1369270.39,,
2026-08-01 02:00:00,1355633.10,,
2026-08-01 03:00:00,1349560.57,,
2026-08-01 04:00:00,1352101.39,,
2026-08-01 05:00:00,1353505.98,,
2026-08-01 06:00:00,1364880.54,,
2026-08-01 07:00:00,1362644.19,,
2026-08-01 08:00:00,1350794.79,,
2026-08-01 09:00:00,1362064.88,,
2026-08-01 10:00:00,1360668.67,,
2026-08-01 11:00:00,1357526.30,,
2026-08-01 12:00:00,1358179.05,,
2026-08-01 13:00:00,1363292.82,,
2026-08-01 14:00:00,1359627.26,,
2026-08-01 15:00:00,1358490.07,,
2026-08-01 16:00:00,1350801.07,,
2026-08-01 17:00:00,1360822.77,,
2026-08-01 18:00:00,1402045.21,,
2026-08-01 19:00:00,1386265.47,,
2026-08-01 20:00:00,1377425.08,,
2026-08-01 21:00:00,1377087.60,,
2026-08-01 22:00:00,1369918.88,,
2026-08-01 23:00:00,1355012.88,,
2026-08-02 00:00:00,1349974.74,,
2026-08-02 01:00:00,1344971.74,,
2026-08-02 02:00:00,1336195.06,,
2026-08-02 03:00:00,1333257.92,,
2026-08-02 04:00:00,1331581.06,,
2026-08-02 05:00:00,1339240.38,,
2026-08-02 06:00:00,1335568.86,,
2026-08-02 07:00:00,1309121.80,,
2026-08-02 08:00:00,1304840.84,,
2026-08-02 09:00:00,1291081.91,,
2026-08-02 10:00:00,1292488.74,,
2026-08-02 11:00:00,1291674.46,,
2026-08-02 12:00:00,1291148.65,,
2026-08-02 13:00:00,1292923.49,,
2026-08-02 14:00:00,1287733.72,,
2026-08-02 15:00:00,1294179.55,,
2026-08-02 16:00:00,1304159.46,,
2026-08-02 17:00:00,1306520.98,,
2026-08-02 18:00:00,1318559.42,,
2026-08-02 19:00:00,1311281.31,,
2026-08-02 20:00:00,1310952.84,,
2026-08-02 21:00:00,1310721.46,,
2026-08-02 22:00:00,1319426.87,,
2026-08-02 23:00:00,1310405.60,,
2026-08-03 00:00:00,1309956.51,,
2026-08-03 01:00:00,1303886.52,,
2026-08-03 02:00:00,1304364.13,,
2026-08-03 03:00:00,1304263.16,,
2026-08-03 04:00:00,1308891.84,,
2026-08-03 05:00:00,1342879.32,,
2026-08-03 06:00:00,1337704.40,,
2026-08-03 07:00:00,1320026.92,,
2026-08-03 08:00:00,1321907.01,,
2026-08-03 09:00:00,1324177.49,,
2026-08-03 10:00:00,1314112.57,,
2026-08-03 11:00:00,1306389.17,,
2026-08-03 12:00:00,1306155.64,,
2026-08-03 13:00:00,1311382.54,,
2026-08-03 14:00:00,1328395.86,,
2026-08-03 15:00:00,1336854.00,,
2026-08-03 16:00:00,1339542.88,,
2026-08-03 17:00:00,1335669.68,,
2026-08-03 18:00:00,1330925.59,,
2026-08-03 19:00:00,1328775.98,,
2026-08-03 20:00:00,1320621.03,,
2026-08-03 21:00:00,1316816.68,,
2026-08-03 22:00:00,1316986.54,,
2026-08-03 23:00:00,1317235.86,,
2026-08-04 00:00:00,1306141.10,,
2026-08-04 01:00:00,1303066.84,,
2026-08-04 02:00:00,1309219.99,,
2026-08-04 03:00:00,1314769.61,,
2026-08-04 04:00:00,1307385.41,,
2026-08-04 05:00:00,1314698.21,,
2026-08-04 06:00:00,1308593.00,,
2026-08-04 07:00:00,1305234.68,,
2026-08-04 08:00:00,1304811.22,,
2026-08-04 09:00:00,1309349.41,,
2026-08-04 10:00:00,1308446.01,,
2026-08-04 11:00:00,1317819.94,,
2026-08-04 12:00:00,1325638.46,,
2026-08-04 13:00:00,1318281.62,,
2026-08-04 14:00:00,1316718.82,,
2026-08-04 15:00:00,1320181.53,,
2026-08-04 16:00:00,1322012.45,,
2026-08-04 17:00:00,1322910.99,,
2026-08-04 18:00:00,1312279.16,,
2026-08-04 19:00:00,1314104.84,,
2026-08-04 20:00:00,1309859.47,,
2026-08-04 21:00:00,1312978.06,,
2026-08-04 22:00:00,1314588.02,,
2026-08-04 23:00:00,1312526.96,,
2026-08-05 00:00:00,1309827.43,,
2026-08-05 01:00:00,1306997.94,,
2026-08-05 02:00:00,1319475.36,,
2026-08-05 03:00:00,1321237.86,,
2026-08-05 04:00:00,1317416.03,,
2026-08-05 05:00:00,1335333.51,,
2026-08-05 06:00:00,1341017.96,,
2026-08-05 07:00:00,1331176.76,,
2026-08-05 08:00:00,1328740.58,,
2026-08-05 09:00:00,1326807.45,,
2026-08-05 10:00:00,1323328.74,,
2026-08-05 11:00:00,1332183.24,,
2026-08-05 12:00:00,1328305.35,,
2026-08-05 13:00:00,1330002.44,,
2026-08-05 14:00:00,1323649.18,,
2026-08-05 15:00:00,1324272.31,,
2026-08-05 16:00:00,1329254.18,,
2026-08-05 17:00:00,1316383.02,,
2026-08-05 18:00:00,1325183.07,,
2026-08-05 19:00:00,1331300.22,,
2026-08-05 20:00:00,1326549.75,,
2026-08-05 21:00:00,1341976.33,,
2026-08-05 22:00:00,1328510.00,,
2026-08-05 23:00:00,1327543.54,,
2026-08-06 00:00:00,1330164.46,,
2026-08-06 01:00:00,1334514.05,,
2026-08-06 02:00:00,1331883.25,,
2026-08-06 03:00:00,1325956.65,,
2026-08-06 04:00:00,1325604.37,,
2026-08-06 05:00:00,1329592.58,,
2026-08-06 06:00:00,1329565.21,,
2026-08-06 07:00:00,1331859.65,,
2026-08-06 08:00:00,1333026.38,,
2026-08-06 09:00:00,1328423.52,,
2026-08-06 10:00:00,1312381.53,,
2026-08-06 11:00:00,1316503.03,,
2026-08-06 12:00:00,1318000.87,,
2026-08-06 13:00:00,1314382.23,,
2026-08-06 14:00:00,1311174.95,,
2026-08-06 15:00:00,1311293.84,,
2026-08-06 16:00:00,1310863.45,,
2026-08-06 17:00:00,1324256.64,,
2026-08-06 18:00:00,1317129.93,,
2026-08-06 19:00:00,1307229.42,,
2026-08-06 20:00:00,1298775.31,,
2026-08-06 21:00:00,1299184.53,,
2026-08-06 22:00:00,1298396.03,,
2026-08-06 23:00:00,1292152.24,,
2026-08-07 00:00:00,1292086.07,,
2026-08-07 01:00:00,1294126.83,,
2026-08-07 02:00:00,1297948.25,,
2026-08-07 03:00:00,1295514.19,,
2026-08-07 04:00:00,1298722.19,,
2026-08-07 05:00:00,1296929.98,,
2026-08-07 06:00:00,1303981.33,,
2026-08-07 07:00:00,1303326.03,,
2026-08-07 08:00:00,1303947.87,,
2026-08-07 09:00:00,1305514.97,,
2026-08-07 10:00:00,1299363.00,,
2026-08-07 11:00:00,1299959.14,,
2026-08-07 12:00:00,1299764.38,,
2026-08-07 13:00:00,1301051.70,,
2026-08-07 14:00:00,1311052.40,,
2026-08-07 15:00:00,1297082.51,,
2026-08-07 16:00:00,1298338.76,,
2026-08-07 17:00:00,1294971.17,,
2026-08-07 18:00:00,1293313.83,,
2026-08-07 19:00:00,1288720.53,,
2026-08-07 20:00:00,1291918.08,,
2026-08-07 21:00:00,1288468.06,,
2026-08-07 22:00:00,1286727.13,,
2026-08-07 23:00:00,1285442.74,,
2026-08-08 00:00:00,1288487.42,,
2026-08-08 01:00:00,1283820.94,,
2026-08-08 02:00:00,1288590.40,,
2026-08-08 03:00:00,1285165.34,,
2026-08-08 04:00:00,1285072.10,,
2026-08-08 05:00:00,1284321.50,,
2026-08-08 06:00:00,1284102.34,,
2026-08-08 07:00:00,1286302.26,,
2026-08-08 08:00:00,1288182.89,,
2026-08-08 09:00:00,1292132.40,,
2026-08-08 10:00:00,1290972.28,,
2026-08-08 11:00:00,1291579.68,,
2026-08-08 12:00:00,1286472.09,,
2026-08-08 13:00:00,1292325.77,,
2026-08-08 14:00:00,1301307.80,,
2026-08-08 15:00:00,1302888.13,,
2026-08-08 16:00:00,1306293.45,,
2026-08-08 17:00:00,1347929.98,,
2026-08-08 18:00:00,1349973.00,,
2026-08-08 19:00:00,1352043.90,,
2026-08-08 20:00:00,1341363.52,,
2026-08-08 21:00:00,1345760.83,,
2026-08-08 22:00:00,1354691.81,,
2026-08-08 23:00:00,1352234.45,,
2026-08-09 00:00:00,1371568.24,,
2026-08-09 01:00:00,1373675.49,,
2026-08-09 02:00:00,1368961.96,,
2026-08-09 03:00:00,1359887.29,,
2026-08-09 04:00:00,1353160.15,,
2026-08-09 05:00:00,1383086.24,,
2026-08-09 06:00:00,1387314.24,,
2026-08-09 07:00:00,1387136.96,,
2026-08-09 08:00:00,1382922.16,,
2026-08-09 09:00:00,1387669.47,,
2026-08-09 10:00:00,1385634.10,,
2026-08-09 11:00:00,1387383.22,,
2026-08-09 12:00:00,1380851.20,,
2026-08-09 13:00:00,1382704.84,,
2026-08-09 14:00:00,1384394.04,,
2026-08-09 15:00:00,1395510.59,,
2026-08-09 16:00:00,1398787.99,,
2026-08-09 17:00:00,1422932.63,,
2026-08-09 18:00:00,1412006.43,,
2026-08-09 19:00:00,1419349.46,,
2026-08-09 20:00:00,1429329.25,,
2026-08-09 21:00:00,1421679.54,,
2026-08-09 22:00:00,1418631.44,,
2026-08-09 23:00:00,1407409.66,,
2026-08-10 00:00:00,1413822.98,,
2026-08-10 01:00:00,1423724.81,,
2026-08-10 02:00:00,1419706.64,,
2026-08-10 03:00:00,1400689.70,,
2026-08-10 04:00:00,1405572.69,,
2026-08-10 05:00:00,1400433.18,,
2026-08-10 06:00:00,1394562.05,,
2026-08-10 07:00:00,1375638.10,,
2026-08-10 08:00:00,1377073.64,,
2026-08-10 09:00:00,1373055.61,,
2026-08-10 10:00:00,1369958.00,,
2026-08-10 11:00:00,1375896.30,,
2026-08-10 12:00:00,1378236.06,,
2026-08-10 13:00:00,1371284.45,,
2026-08-10 14:00:00,1362570.55,,
2026-08-10 15:00:00,1365771.39,,
2026-08-10 16:00:00,1371767.08,,
2026-08-10 17:00:00,1376345.79,,
2026-08-10 18:00:00,1379177.37,,
2026-08-10 19:00:00,1378018.07,,
2026-08-10 20:00:00,1374467.22,,
2026-08-10 21:00:00,1365073.27,,
2026-08-10 22:00:00,1356275.09,,
2026-08-10 23:00:00,1354817.02,,
2026-08-11 00:00:00,1353224.99,,
2026-08-11 01:00:00,1353396.79,,
2026-08-11 02:00:00,1349326.73,,
2026-08-11 03:00:00,1342003.79,,
2026-08-11 04:00:00,1347736.61,,
2026-08-11 05:00:00,1351607.94,,
2026-08-11 06:00:00,1345542.33,,
2026-08-11 07:00:00,1342472.84,,
2026-08-11 08:00:00,1332738.10,,
2026-08-11 09:00:00,1335680.62,,
2026-08-11 10:00:00,1334840.31,,
2026-08-11 11:00:00,1332457.04,,
2026-08-11 12:00:00,1327496.20,,
2026-08-11 13:00:00,1323246.54,,
2026-08-11 14:00:00,1327532.24,,
2026-08-11 15:00:00,1315853.79,,
2026-08-11 16:00:00,1302945.51,,
2026-08-11 17:00:00,1309660.98,,
2026-08-11 18:00:00,1305555.70,,
2026-08-11 19:00:00,1297933.16,,
2026-08-11 20:00:00,1295826.64,,
2026-08-11 21:00:00,1292867.10,,
2026-08-11 22:00:00,1292308.33,,
2026-08-11 23:00:00,1291863.03,,
2026-08-12 00:00:00,1283980.58,,
2026-08-12 01:00:00,1283303.03,,
2026-08-12 02:00:00,1290374.19,,
2026-08-12 03:00:00,1298562.53,,
2026-08-12 04:00:00,1294615.11,,
2026-08-12 05:00:00,1288749.52,,
2026-08-12 06:00:00,1289417.55,,
2026-08-12 07:00:00,1285036.52,,
2026-08-12 08:00:00,1281206.89,,
2026-08-12 09:00:00,1280784.42,,
2026-08-12 10:00:00,1285534.13,,
2026-08-12 11:00:00,1288023.01,,
2026-08-12 12:00:00,1293321.02,,
2026-08-12 13:00:00,1291037.38,,
2026-08-12 14:00:00,1290240.62,,
2026-08-12 15:00:00,1282109.77,,
2026-08-12 16:00:00,1281722.00,,
2026-08-12 17:00:00,1274703.95,,
2026-08-12 18:00:00,1299197.10,,
2026-08-12 19:00:00,1286739.31,,
2026-08-12 20:00:00,1279464.44,,
2026-08-12 21:00:00,1280152.39,,
2026-08-12 22:00:00,1269859.79,,
2026-08-12 23:00:00,1268602.00,,
2026-08-13 00:00:00,1271660.51,,
2026-08-13 01:00:00,1268908.45,,
2026-08-13 02:00:00,1268121.87,,
2026-08-13 03:00:00,1273945.51,,
2026-08-13 04:00:00,1274897.02,,
2026-08-13 05:00:00,1274429.82,,
2026-08-13 06:00:00,1277487.21,,
2026-08-13 07:00:00,1284412.29,,
2026-08-13 08:00:00,1283001.95,,
2026-08-13 09:00:00,1303882.26,,
2026-08-13 10:00:00,1289878.28,,
2026-08-13 11:00:00,1296767.75,,
2026-08-13 12:00:00,1289999.67,,
2026-08-13 13:00:00,1287129.56,,
2026-08-13 14:00:00,1285633.48,,
2026-08-13 15:00:00,1289457.11,,
2026-08-13 16:00:00,1278267.29,,
2026-08-13 17:00:00,1257404.68,,
2026-08-13 18:00:00,1261214.49,,
2026-08-13 19:00:00,1256884.03,,
2026-08-13 20:00:00,1254910.08,,
2026-08-13 21:00:00,1256936.90,,
2026-08-13 22:00:00,1254895.07,,
2026-08-13 23:00:00,1258431.06,,
2026-08-14 00:00:00,1260033.21,,
2026-08-14 01:00:00,1257493.39,,
2026-08-14 02:00:00,1250410.14,,
2026-08-14 03:00:00,1245732.60,,
2026-08-14 04:00:00,1248332.90,,
2026-08-14 05:00:00,1247592.87,,
2026-08-14 06:00:00,1244665.69,,
2026-08-14 07:00:00,1242512.69,,
2026-08-14 08:00:00,1237316.72,,
2026-08-14 09:00:00,1240621.71,,
2026-08-14 10:00:00,1229967.13,,
2026-08-14 11:00:00,1233310.54,,
2026-08-14 12:00:00,1236416.62,,
2026-08-14 13:00:00,1230937.37,,
2026-08-14 14:00:00,1229906.25,,
2026-08-14 15:00:00,1232568.89,,
2026-08-14 16:00:00,1244705.53,,
2026-08-14 17:00:00,1249715.35,,
2026-08-14 18:00:00,1253161.53,,
2026-08-14 19:00:00,1255300.23,,
2026-08-14 20:00:00,1255576.73,,
2026-08-14 21:00:00,1257324.07,,
2026-08-14 22:00:00,1257105.04,,
2026-08-14 23:00:00,1259872.73,,
2026-08-15 00:00:00,1267526.02,,
2026-08-15 01:00:00,1270295.46,,
2026-08-15 02:00:00,1268241.24,,
2026-08-15 03:00:00,1266883.92,,
2026-08-15 04:00:00,1264393.49,,
2026-08-15 05:00:00,1264113.11,,
2026-08-15 06:00:00,1267181.65,,
2026-08-15 07:00:00,1264309.33,,
2026-08-15 08:00:00,1255888.84,,
2026-08-15 09:00:00,1258939.63,,
2026-08-15 10:00:00,1265030.80,,
2026-08-15 11:00:00,1269456.12,,
2026-08-15 12:00:00,1280660.44,,
2026-08-15 13:00:00,1286543.36,,
2026-08-15 14:00:00,1285998.92,,
2026-08-15 15:00:00,1285244.03,,
2026-08-15 16:00:00,1286446.67,,
2026-08-15 17:00:00,1283211.53,,
2026-08-15 18:00:00,1288743.55,,
2026-08-15 19:00:00,1300189.99,,
2026-08-15 20:00:00,1344449.02,,
2026-08-15 21:00:00,1323683.95,,
2026-08-15 22:00:00,1325469.46,,
2026-08-15 23:00:00,1320377.06,,
2026-08-16 00:00:00,1315304.93,,
2026-08-16 01:00:00,1309292.47,,
2026-08-16 02:00:00,1302944.82,,
2026-08-16 03:00:00,1314118.82,,
2026-08-16 04:00:00,1314605.76,,
2026-08-16 05:00:00,1301262.91,,
2026-08-16 06:00:00,1301735.92,,
2026-08-16 07:00:00,1303118.36,,
2026-08-16 08:00:00,1303985.34,,
2026-08-16 09:00:00,1309559.75,,
2026-08-16 10:00:00,1304640.93,,
2026-08-16 11:00:00,1301802.00,,
2026-08-16 12:00:00,1311606.66,,
2026-08-16 13:00:00,1323522.11,,
2026-08-16 14:00:00,1316697.21,,
2026-08-16 15:00:00,1310602.06,,
2026-08-16 16:00:00,1326531.04,,
2026-08-16 17:00:00,1314451.22,,
2026-08-16 18:00:00,1308694.11,,
2026-08-16 19:00:00,1302173.74,,
2026-08-16 20:00:00,1296384.66,,
2026-08-16 21:00:00,1285175.99,,
2026-08-16 22:00:00,1277783.80,,
2026-08-16 23:00:00,1281450.82,,
2026-08-17 00:00:00,1282713.52,,
2026-08-17 01:00:00,1299469.24,,
2026-08-17 02:00:00,1299215.05,,
2026-08-17 03:00:00,1306646.48,,
2026-08-17 04:00:00,1302227.71,,
2026-08-17 05:00:00,1300034.50,,
2026-08-17 06:00:00,1303172.59,,
2026-08-17 07:00:00,1305893.81,,
2026-08-17 08:00:00,1303912.60,,
2026-08-17 09:00:00,1295303.89,,
2026-08-17 10:00:00,1306735.59,,
2026-08-17 11:00:00,1308587.55,,
2026-08-17 12:00:00,1314818.86,,
2026-08-17 13:00:00,1307948.02,,
2026-08-17 14:00:00,1308531.56,,
2026-08-17 15:00:00,1298593.74,,
2026-08-17 16:00:00,1281128.62,,
2026-08-17 17:00:00,1281134.15,,
2026-08-17 18:00:00,1268344.58,,
2026-08-17 19:00:00,1274595.88,,
2026-08-17 20:00:00,1268286.77,,
2026-08-17 21:00:00,1263417.75,,
2026-08-17 22:00:00,1264600.76,,
2026-08-17 23:00:00,1258089.67,,
2026-08-18 00:00:00,1260386.42,,
2026-08-18 01:00:00,1255225.00,,
2026-08-18 02:00:00,1250271.18,,
2026-08-18 03:00:00,1233064.02,,
2026-08-18 04:00:00,1228730.12,,
2026-08-18 05:00:00,1231892.36,,
2026-08-18 06:00:00,1231261.48,,
2026-08-18 07:00:00,1228548.05,,
2026-08-18 08:00:00,1226334.24,,
2026-08-18 09:00:00,1222689.23,,
2026-08-18 10:00:00,1225453.37,,
2026-08-18 11:00:00,1226329.17,,
2026-08-18 12:00:00,1230515.92,,
2026-08-18 13:00:00,1230469.30,,
2026-08-18 14:00:00,1223090.35,,
2026-08-18 15:00:00,1264698.90,,
2026-08-18 16:00:00,3039942.64,,
2026-08-18 17:00:00,3972408.42,,
2026-08-18 18:00:00,3017585.77,,
2026-08-18 19:00:00,2985560.78,,
2026-08-18 20:00:00,2945124.24,,
2026-08-18 21:00:00,2913007.19,,
2026-08-18 22:00:00,2677495.19,,
2026-08-18 23:00:00,2662753.28,,
2026-08-19 00:00:00,2675881.26,,
2026-08-19 01:00:00,2600303.84,,
2026-08-19 02:00:00,2452425.38,,
2026-08-19 03:00:00,2398121.43,,
2026-08-19 04:00:00,2351728.09,,
2026-08-19 05:00:00,2268346.60,,
2026-08-19 06:00:00,2271639.46,,
2026-08-19 07:00:00,2219953.59,,
2026-08-19 08:00:00,2275012.07,,
2026-08-19 09:00:00,2213401.09,,
2026-08-19 10:00:00,2137278.66,,
2026-08-19 11:00:00,2192271.66,,
2026-08-19 12:00:00,2064323.72,,
2026-08-19 13:00:00,2079173.95,,
2026-08-19 14:00:00,2078175.28,,
2026-08-19 15:00:00,1990583.34,,
2026-08-19 16:00:00,2023520.94,,
2026-08-19 17:00:00,2016668.25,,
2026-08-19 18:00:00,1982084.94,,
2026-08-19 19:00:00,2005163.74,,
2026-08-19 20:00:00,2019578.58,,
2026-08-19 21:00:00,2028790.48,,
2026-08-19 22:00:00,2034276.20,,
2026-08-19 23:00:00,1978267.14,,
2026-08-20 00:00:00,1977518.98,,
2026-08-20 01:00:00,1971182.94,,
2026-08-20 02:00:00,1988153.59,,
2026-08-20 03:00:00,1979296.08,,
2026-08-20 04:00:00,1979615.28,,
2026-08-20 05:00:00,1986200.56,,
2026-08-20 06:00:00,1941711.96,,
2026-08-20 07:00:00,1869412.97,,
2026-08-20 08:00:00,1855209.24,,
2026-08-20 09:00:00,1864097.59,,
2026-08-20 10:00:00,1855330.09,,
2026-08-20 11:00:00,1855058.66,,
2026-08-20 12:00:00,1843505.27,,
2026-08-20 13:00:00,1866993.40,,
2026-08-20 14:00:00,1863909.39,,
2026-08-20 15:00:00,1836799.83,,
2026-08-20 16:00:00,1834654.23,,
2026-08-20 17:00:00,1827955.08,,
2026-08-20 18:00:00,1824242.37,,
2026-08-20 19:00:00,1849152.36,,
2026-08-20 20:00:00,1834085.31,,
2026-08-20 21:00:00,1821515.46,,
2026-08-20 22:00:00,1941494.85,,
2026-08-20 23:00:00,1902126.64,,
2026-08-21 00:00:00,1855571.44,,
2026-08-21 01:00:00,1814636.69,,
2026-08-21 02:00:00,1798435.68,,
2026-08-21 03:00:00,1796788.47,,
2026-08-21 04:00:00,1764488.99,,
2026-08-21 05:00:00,1769634.75,,
2026-08-21 06:00:00,1767413.65,,
2026-08-21 07:00:00,1754345.91,,
2026-08-21 08:00:00,1754704.29,,
2026-08-21 09:00:00,1732983.44,,
2026-08-21 10:00:00,1693856.02,,
2026-08-21 11:00:00,1715247.32,,
2026-08-21 12:00:00,1749324.83,,
2026-08-21 13:00:00,1734328.65,,
2026-08-21 14:00:00,1738233.56,,
2026-08-21 15:00:00,1735299.73,,
2026-08-21 16:00:00,1764200.74,,
2026-08-21 17:00:00,1780039.21,,
2026-08-21 18:00:00,1781242.61,,
2026-08-21 19:00:00,1773827.28,,
2026-08-21 20:00:00,1743488.30,,
2026-08-21 21:00:00,1759483.68,,
2026-08-21 22:00:00,1764439.08,,
2026-08-21 23:00:00,1775518.93,,
2026-08-22 00:00:00,1769438.16,,
2026-08-22 01:00:00,1786182.02,,
2026-08-22 02:00:00,1775750.70,,
2026-08-22 03:00:00,1796192.03,,
2026-08-22 04:00:00,1798546.29,,
2026-08-22 05:00:00,1780280.99,,
2026-08-22 06:00:00,1664536.83,,
2026-08-22 07:00:00,1657643.23,,
2026-08-22 08:00:00,1672087.27,,
2026-08-22 09:00:00,1680370.27,,
2026-08-22 10:00:00,1687829.17,,
2026-08-22 11:00:00,1681951.43,,
2026-08-22 12:00:00,1704908.56,,
2026-08-22 13:00:00,1699759.08,,
2026-08-22 14:00:00,1704601.25,,
2026-08-22 15:00:00,1715504.54,,
2026-08-22 16:00:00,1663353.07,,
2026-08-22 17:00:00,1678285.93,,
2026-08-22 18:00:00,1682372.17,,
2026-08-22 19:00:00,1678753.42,,
2026-08-22 20:00:00,1674806.43,,
2026-08-22 21:00:00,1673924.57,,
2026-08-22 22:00:00,1639634.05,,
2026-08-22 23:00:00,1649086.16,,
2026-08-23 00:00:00,1639359.93,,
2026-08-23 01:00:00,1657797.49,,
2026-08-23 02:00:00,1633859.39,,
2026-08-23 03:00:00,1624229.37,,
2026-08-23 04:00:00,1604469.96,,
2026-08-23 05:00:00,1579539.63,,
2026-08-23 06:00:00,1567084.73,,
2026-08-23 07:00:00,1570373.78,,
2026-08-23 08:00:00,1586256.63,,
2026-08-23 09:00:00,1573810.06,,
2026-08-23 10:00:00,1575199.89,,
2026-08-23 11:00:00,1573180.45,,
2026-08-23 12:00:00,1592059.80,,
2026-08-23 13:00:00,1592760.18,,
2026-08-23 14:00:00,1590793.59,,
2026-08-23 15:00:00,1581953.47,,
2026-08-23 16:00:00,1594341.91,,
2026-08-23 17:00:00,1592197.22,,
2026-08-23 18:00:00,1595478.98,,
2026-08-23 19:00:00,1594434.37,,
2026-08-23 20:00:00,1604808.26,,
2026-08-23 21:00:00,1610334.69,,
2026-08-23 22:00:00,1604932.73,,
2026-08-23 23:00:00,1602523.37,,
2026-08-24 00:00:00,1597462.67,,
2026-08-24 01:00:00,1584662.37,,
2026-08-24 02:00:00,1565733.01,,
2026-08-24 03:00:00,1587921.02,,
2026-08-24 04:00:00,1587825.91,,
2026-08-24 05:00:00,1600281.39,,
2026-08-24 06:00:00,1610161.96,,
2026-08-24 07:00:00,1599118.04,,
2026-08-24 08:00:00,1584502.77,,
2026-08-24 09:00:00,1581192.89,,
2026-08-24 10:00:00,1604143.16,,
2026-08-24 11:00:00,1611375.53,,
2026-08-24 12:00:00,1617063.62,,
2026-08-24 13:00:00,1623965.82,,
2026-08-24 14:00:00,1589887.45,,
2026-08-24 15:00:00,1602756.30,,
2026-08-24 16:00:00,1603424.49,,
2026-08-24 17:00:00,1608595.97,,
2026-08-24 18:00:00,1586701.40,,
2026-08-24 19:00:00,1588001.66,,
2026-08-24 20:00:00,1578545.80,,
2026-08-24 21:00:00,1576303.78,,
2026-08-24 22:00:00,1578272.03,,
2026-08-24 23:00:00,1574874.05,,
2026-08-25 00:00:00,1577329.16,,
2026-08-25 01:00:00,1592181.48,,
2026-08-25 02:00:00,1563893.84,,
2026-08-25 03:00:00,1571088.92,,
2026-08-25 04:00:00,1568400.52,,
2026-08-25 05:00:00,1569848.78,,
2026-08-25 06:00:00,1568295.96,,
2026-08-25 07:00:00,1576643.17,,
2026-08-25 08:00:00,1565364.80,,
2026-08-25 09:00:00,1563766.38,,
2026-08-25 10:00:00,1546713.62,,
2026-08-25 11:00:00,1549713.49,,
2026-08-25 12:00:00,1545650.68,,
2026-08-25 13:00:00,1549613.96,,
2026-08-25 14:00:00,1530333.25,,
2026-08-25 15:00:00,1537100.44,,
2026-08-25 16:00:00,1543397.63,,
2026-08-25 17:00:00,1540629.51,,
2026-08-25 18:00:00,1546147.22,,
2026-08-25 19:00:00,1550535.08,,
2026-08-25 20:00:00,1543461.96,,
2026-08-25 21:00:00,1514704.76,,
2026-08-25 22:00:00,1515057.65,,
2026-08-25 23:00:00,1520384.83,,
2026-08-26 00:00:00,1505638.21,,
2026-08-26 01:00:00,1524695.99,,
2026-08-26 02:00:00,1527375.55,,
2026-08-26 03:00:00,1537186.25,,
2026-08-26 04:00:00,1530096.04,,
2026-08-26 05:00:00,1527506.34,,
2026-08-26 06:00:00,1543465.69,,
2026-08-26 07:00:00,1553456.41,,
2026-08-26 08:00:00,1544038.78,,
2026-08-26 09:00:00,1570046.98,,
2026-08-26 10:00:00,1548302.57,,
2026-08-26 11:00:00,1558954.51,,
2026-08-26 12:00:00,1567721.66,,
2026-08-26 13:00:00,1564961.17,,
2026-08-26 14:00:00,1561386.96,,
2026-08-26 15:00:00,1556854.70,,
2026-08-26 16:00:00,1574440.68,,
2026-08-26 17:00:00,1572223.37,,
2026-08-26 18:00:00,1575584.33,,
2026-08-26 19:00:00,1585437.48,,
2026-08-26 20:00:00,1585093.31,,
2026-08-26 21:00:00,1585142.43,,
2026-08-26 22:00:00,1606012.03,,
2026-08-26 23:00:00,1612849.69,,
2026-08-27 00:00:00,1626543.27,,
2026-08-27 01:00:00,1609187.39,,
2026-08-27 02:00:00,1613917.42,,
2026-08-27 03:00:00,1610703.65,,
2026-08-27 04:00:00,1616459.06,,
2026-08-27 05:00:00,1614823.57,,
2026-08-27 06:00:00,1606470.97,,
2026-08-27 07:00:00,1607606.81,,
2026-08-27 08:00:00,1619959.22,,
2026-08-27 09:00:00,1640877.77,,
2026-08-27 10:00:00,1637944.35,,
2026-08-27 11:00:00,1642924.60,,
2026-08-27 12:00:00,1644691.70,,
2026-08-27 13:00:00,1647559.30,,
2026-08-27 14:00:00,1653831.02,,
2026-08-27 15:00:00,1652806.13,,
2026-08-27 16:00:00,1654524.03,,
2026-08-27 17:00:00,1662356.39,,
2026-08-27 18:00:00,1658979.17,,
2026-08-27 19:00:00,1649437.33,,
2026-08-27 20:00:00,1633271.46,,
2026-08-27 21:00:00,1637073.94,,
2026-08-27 22:00:00,1645859.16,,
2026-08-27 23:00:00,1649916.51,,
2026-08-28 00:00:00,1641700.01,,
2026-08-28 01:00:00,1651633.97,,
2026-08-28 02:00:00,1644665.50,,
2026-08-28 03:00:00,1614055.49,,
2026-08-28 04:00:00,1617018.00,,
2026-08-28 05:00:00,1623077.64,,
2026-08-28 06:00:00,1620096.09,,
2026-08-28 07:00:00,1619852.66,,
2026-08-28 08:00:00,1617759.23,,
2026-08-28 09:00:00,1608884.22,,
2026-08-28 10:00:00,1600499.80,,
2026-08-28 11:00:00,1610833.46,,
2026-08-28 12:00:00,1608229.16,,
2026-08-28 13:00:00,1611350.03,,
2026-08-28 14:00:00,1599499.35,,
2026-08-28 15:00:00,1612945.29,,
2026-08-28 16:00:00,1584501.08,,
2026-08-28 17:00:00,1567057.58,,
2026-08-28 18:00:00,1564388.48,,
2026-08-28 19:00:00,1560003.15,,
2026-08-28 20:00:00,1552548.43,,
2026-08-28 21:00:00,1559458.12,,
2026-08-28 22:00:00,1543875.94,,
2026-08-28 23:00:00,1553295.81,,
2026-08-29 00:00:00,1556233.27,,
2026-08-29 01:00:00,1554641.58,,
2026-08-29 02:00:00,1574716.38,,
2026-08-29 03:00:00,1576649.01,,
2026-08-29 04:00:00,1565326.02,,
2026-08-29 05:00:00,1573661.25,,
2026-08-29 06:00:00,1593097.72,,
2026-08-29 07:00:00,1581846.82,,
2026-08-29 08:00:00,1594982.17,,
2026-08-29 09:00:00,1587229.01,,
2026-08-29 10:00:00,1585312.17,,
2026-08-29 11:00:00,1578746.09,,
2026-08-29 12:00:00,1575184.71,,
2026-08-29 13:00:00,1578112.08,,
2026-08-29 14:00:00,1595282.80,,
2026-08-29 15:00:00,1596220.89,,
2026-08-29 16:00:00,1624625.90,,
2026-08-29 17:00:00,1611335.41,,
2026-08-29 18:00:00,1625012.16,,
2026-08-29 19:00:00,1622679.42,,
2026-08-29 20:00:00,1620074.56,,
2026-08-29 21:00:00,1625041.37,,
2026-08-29 22:00:00,1626453.36,,
2026-08-29 23:00:00,1633895.05,,
2026-08-30 00:00:00,1635725.73,,
2026-08-30 01:00:00,1632719.45,,
2026-08-30 02:00:00,1633147.77,,
2026-08-30 03:00:00,1639081.86,,
2026-08-30 04:00:00,1659591.61,,
2026-08-30 05:00:00,1654502.41,,
2026-08-30 06:00:00,1671302.56,,
2026-08-30 07:00:00,1678506.16,,
2026-08-30 08:00:00,1690448.08,,
2026-08-30 09:00:00,1694876.92,,
2026-08-30 10:00:00,1695281.27,,
2026-08-30 11:00:00,1710320.86,,
2026-08-30 12:00:00,1692149.47,,
2026-08-30 13:00:00,1702017.87,,
2026-08-30 14:00:00,1702628.13,,
2026-08-30 15:00:00,1702331.37,,
2026-08-30 16:00:00,1698615.03,,
2026-08-30 17:00:00,1710005.28,,
2026-08-30 18:00:00,1701640.24,,
2026-08-30 19:00:00,1706437.52,,
2026-08-30 20:00:00,1699218.04,,
2026-08-30 21:00:00,1695431.42,,
2026-08-30 22:00:00,1696276.23,,
2026-08-30 23:00:00,1685992.93,,
2026-08-31 00:00:00,1647331.20,,
2026-08-31 01:00:00,1651708.77,,
2026-08-31 02:00:00,1652484.74,,
2026-08-31 03:00:00,1661355.24,,
2026-08-31 04:00:00,1673110.46,,
2026-08-31 05:00:00,1671021.03,,
2026-08-31 06:00:00,1679800.02,,
2026-08-31 07:00:00,1687708.98,,
2026-08-31 08:00:00,1691029.38,,
2026-08-31 09:00:00,1679946.34,,
2026-08-31 10:00:00,1668144.95,,
2026-08-31 11:00:00,1663656.88,,
2026-08-31 12:00:00,1655994.54,,
2026-08-31 13:00:00,1642843.05,,
2026-08-31 14:00:00,1633955.77,,
2026-08-31 15:00:00,1643528.82,,
2026-08-31 16:00:00,1640486.62,,
2026-08-31 17:00:00,1631046.26,,
2026-08-31 18:00:00,1635695.62,,
2026-08-31 19:00:00,1625500.82,,
2026-08-31 20:00:00,1621572.99,,
2026-08-31 21:00:00,1618937.88,,
2026-08-31 22:00:00,1618075.43,,
2026-08-31 23:00:00,1614740.33,,
2026-09-01 00:00:00,1615581.87,,
2026-09-01 01:00:00,1625330.80,,
2026-09-01 02:00:00,1627570.99,,
2026-09-01 03:00:00,1631748.03,,
2026-09-01 04:00:00,1631113.05,,
2026-09-01 05:00:00,1620578.46,,
2026-09-01 06:00:00,1622518.82,,
2026-09-01 07:00:00,1635948.82,,
2026-09-01 08:00:00,1626926.15,,
2026-09-01 09:00:00,1601843.65,,
2026-09-01 10:00:00,1607152.82,,
2026-09-01 11:00:00,1606917.66,,
2026-09-01 12:00:00,1607575.14,,
2026-09-01 13:00:00,1599335.01,,
2026-09-01 14:00:00,1593260.15,,
2026-09-01 15:00:00,1606709.44,,
2026-09-01 16:00:00,1603916.54,,
2026-09-01 17:00:00,1591758.28,,
2026-09-01 18:00:00,1584746.98,,
2026-09-01 19:00:00,1575995.74,,
2026-09-01 20:00:00,1580951.42,,
2026-09-01 21:00:00,1581151.63,,
2026-09-01 22:00:00,1575335.68,,
2026-09-01 23:00:00,1573084.02,,
2026-09-02 00:00:00,1582565.17,,
2026-09-02 01:00:00,1581358.26,,
2026-09-02 02:00:00,1573582.26,,
2026-09-02 03:00:00,1595555.82,,
2026-09-02 04:00:00,1594990.77,,
2026-09-02 05:00:00,1600017.23,,
2026-09-02 06:00:00,1604127.96,,
2026-09-02 07:00:00,1607553.82,,
2026-09-02 08:00:00,1596405.66,,
2026-09-02 09:00:00,1583234.38,,
2026-09-02 10:00:00,1568546.51,,
2026-09-02 11:00:00,1558519.77,,
2026-09-02 12:00:00,1575760.95,,
2026-09-02 13:00:00,1565286.89,,
2026-09-02 14:00:00,1579546.68,,
2026-09-02 15:00:00,1565537.62,,
2026-09-02 16:00:00,1568619.68,,
2026-09-02 17:00:00,1566795.83,,
2026-09-02 18:00:00,1559140.05,,
2026-09-02 19:00:00,1559013.67,,
2026-09-02 20:00:00,1546511.52,,
2026-09-02 21:00:00,1544090.00,,
2026-09-02 22:00:00,1520167.89,,
2026-09-02 23:00:00,1524878.17,,
2026-09-03 00:00:00,1533939.11,,
2026-09-03 01:00:00,1538358.54,,
2026-09-03 02:00:00,1543110.66,,
2026-09-03 03:00:00,1573455.07,,
2026-09-03 04:00:00,1569566.52,,
2026-09-03 05:00:00,1581327.35,,
2026-09-03 06:00:00,1577715.87,,
2026-09-03 07:00:00,1575263.41,,
2026-09-03 08:00:00,1573506.22,,
2026-09-03 09:00:00,1567480.96,,
2026-09-03 10:00:00,1567795.76,,
2026-09-03 11:00:00,1573518.48,,
2026-09-03 12:00:00,1583853.51,,
2026-09-03 13:00:00,1584664.80,,
2026-09-03 14:00:00,1579479.27,,
2026-09-03 15:00:00,1601043.52,,
2026-09-03 16:00:00,1611952.16,,
2026-09-03 17:00:00,1607063.27,,
2026-09-03 18:00:00,1619849.65,,
2026-09-03 19:00:00,1622431.14,,
2026-09-03 20:00:00,1615315.57,,
2026-09-03 21:00:00,1617445.00,,
2026-09-03 22:00:00,1621607.48,,
2026-09-03 23:00:00,1615361.27,,
2026-09-04 00:00:00,1620553.96,,
2026-09-04 01:00:00,1614669.54,,
2026-09-04 02:00:00,1595325.45,,
2026-09-04 03:00:00,1607192.52,,
2026-09-04 04:00:00,1606030.44,,
2026-09-04 05:00:00,1601872.59,,
2026-09-04 06:00:00,1604196.21,,
2026-09-04 07:00:00,1602967.17,,
2026-09-04 08:00:00,1603600.19,,
2026-09-04 09:00:00,1605736.33,,
2026-09-04 10:00:00,1610093.69,,
2026-09-04 11:00:00,1616391.63,,
2026-09-04 12:00:00,1624901.63,,
2026-09-04 13:00:00,1605803.99,,
2026-09-04 14:00:00,1606168.30,,
2026-09-04 15:00:00,1600887.34,,
2026-09-04 16:00:00,1615675.24,,
2026-09-04 17:00:00,1624161.81,,
2026-09-04 18:00:00,1609261.69,,
2026-09-04 19:00:00,1623408.31,,
2026-09-04 20:00:00,1629494.13,,
2026-09-04 21:00:00,1627206.72,,
2026-09-04 22:00:00,1623273.95,,
2026-09-04 23:00:00,1623806.74,,
2026-09-05 00:00:00,1628591.37,,
2026-09-05 01:00:00,1637061.18,,
2026-09-05 02:00:00,1646464.63,,
2026-09-05 03:00:00,1673315.40,,
2026-09-05 04:00:00,1677032.48,,
2026-09-05 05:00:00,1669109.41,,
2026-09-05 06:00:00,1679053.31,,
2026-09-05 07:00:00,1685136.35,,
2026-09-05 08:00:00,1688160.07,,
2026-09-05 09:00:00,1684690.80,,
2026-09-05 10:00:00,1687255.24,,
2026-09-05 11:00:00,1686246.81,,
2026-09-05 12:00:00,1683642.68,,
2026-09-05 13:00:00,1693819.72,,
2026-09-05 14:00:00,1701854.54,,
2026-09-05 15:00:00,1716672.98,,
2026-09-05 16:00:00,1728163.20,,
2026-09-05 17:00:00,1724477.52,,
2026-09-05 18:00:00,1723639.52,,
2026-09-05 19:00:00,1742028.96,,
2026-09-05 20:00:00,1734084.95,,
2026-09-05 21:00:00,1749943.60,,
2026-09-05 22:00:00,1753981.52,,
2026-09-05 23:00:00,1748977.46,,
2026-09-06 00:00:00,1751394.19,,
2026-09-06 01:00:00,1764199.10,,
2026-09-06 02:00:00,1774124.71,,
2026-09-06 03:00:00,1765185.39,,
2026-09-06 04:00:00,1764770.86,,
2026-09-06 05:00:00,1733606.65,,
2026-09-06 06:00:00,1737398.11,,
2026-09-06 07:00:00,1722320.71,,
2026-09-06 08:00:00,1697047.89,,
2026-09-06 09:00:00,1691545.15,,
2026-09-06 10:00:00,1687831.84,,
2026-09-06 11:00:00,1679867.30,,
2026-09-06 12:00:00,1677700.81,,
2026-09-06 13:00:00,1679567.42,,
2026-09-06 14:00:00,1681474.67,,
2026-09-06 15:00:00,1661199.94,,
2026-09-06 16:00:00,1669124.58,,
2026-09-06 17:00:00,1680015.42,,
2026-09-06 18:00:00,1662875.41,,
2026-09-06 19:00:00,1660600.99,,
2026-09-06 20:00:00,1660434.45,,
2026-09-06 21:00:00,1665624.50,,
2026-09-06 22:00:00,1674524.22,,
2026-09-06 23:00:00,1671976.94,,
2026-09-07 00:00:00,1673397.32,,
2026-09-07 01:00:00,1674834.12,,
2026-09-07 02:00:00,1672650.02,,
2026-09-07 03:00:00,1672928.39,,
2026-09-07 04:00:00,1666678.90,,
2026-09-07 05:00:00,1672637.77,,
2026-09-07 06:00:00,1666376.13,,
2026-09-07 07:00:00,1670118.60,,
2026-09-07 08:00:00,1668479.23,,
2026-09-07 09:00:00,1672101.61,,
2026-09-07 10:00:00,1678343.39,,
2026-09-07 11:00:00,1690201.07,,
2026-09-07 12:00:00,1699629.66,,
2026-09-07 13:00:00,1705354.67,,
2026-09-07 14:00:00,1700223.14,,
2026-09-07 15:00:00,1693171.18,,
2026-09-07 16:00:00,1670759.11,,
2026-09-07 17:00:00,1672207.59,,
2026-09-07 18:00:00,1667860.03,,
2026-09-07 19:00:00,1669531.61,,
2026-09-07 20:00:00,1669536.50,,
2026-09-07 21:00:00,1672773.22,,
2026-09-07 22:00:00,1675932.71,,
2026-09-07 23:00:00,1665242.33,,
2026-09-08 00:00:00,1663987.68,,
2026-09-08 01:00:00,1668316.59,,
2026-09-08 02:00:00,1677386.14,,
2026-09-08 03:00:00,1667289.48,,
2026-09-08 04:00:00,1681034.61,,
2026-09-08 05:00:00,1692518.14,,
2026-09-08 06:00:00,1689651.65,,
2026-09-08 07:00:00,1677905.22,,
2026-09-08 08:00:00,1692467.37,,
2026-09-08 09:00:00,1696640.97,,
2026-09-08 10:00:00,1712984.16,,
2026-09-08 11:00:00,1704866.93,,
2026-09-08 12:00:00,1707889.86,,
2026-09-08 13:00:00,1712766.37,,
2026-09-08 14:00:00,1704965.23,,
2026-09-08 15:00:00,1711856.42,,
2026-09-08 16:00:00,1717084.15,,
2026-09-08 17:00:00,1713837.78,,
2026-09-08 18:00:00,1718519.93,,
2026-09-08 19:00:00,1724798.83,,
2026-09-08 20:00:00,1702859.33,,
2026-09-08 21:00:00,1701820.47,,
2026-09-08 22:00:00,1691671.08,,
2026-09-08 23:00:00,1695978.51,,
2026-09-09 00:00:00,1695495.97,,
2026-09-09 01:00:00,1698176.54,,
2026-09-09 02:00:00,1694290.55,,
2026-09-09 03:00:00,1685187.30,,
2026-09-09 04:00:00,1671870.52,,
2026-09-09 05:00:00,1682693.76,,
2026-09-09 06:00:00,1682029.87,,
2026-09-09 07:00:00,1686220.64,,
2026-09-09 08:00:00,1689505.46,,
2026-09-09 09:00:00,1695806.99,,
2026-09-09 10:00:00,1687769.85,,
2026-09-09 11:00:00,1686806.79,,
2026-09-09 12:00:00,1687373.71,,
2026-09-09 13:00:00,1692415.12,,
2026-09-09 14:00:00,1666625.79,,
2026-09-09 15:00:00,1656302.65,,
2026-09-09 16:00:00,1632991.04,,
2026-09-09 17:00:00,1647154.99,,
2026-09-09 18:00:00,1587955.87,,
2026-09-09 19:00:00,1633721.04,,
2026-09-09 20:00:00,1628510.85,,
2026-09-09 21:00:00,1631291.37,,
2026-09-09 22:00:00,1584697.15,,
2026-09-09 23:00:00,1530686.34,,
2026-09-10 00:00:00,1553413.95,,
2026-09-10 01:00:00,1545190.41,,
2026-09-10 02:00:00,1537681.38,,
2026-09-10 03:00:00,1548695.56,,
2026-09-10 04:00:00,1549812.96,,
2026-09-10 05:00:00,1551558.66,,
2026-09-10 06:00:00,1546740.56,,
2026-09-10 07:00:00,1545926.83,,
2026-09-10 08:00:00,1535031.15,,
2026-09-10 09:00:00,1543744.62,,
2026-09-10 10:00:00,1535861.58,,
2026-09-10 11:00:00,1537231.90,,
2026-09-10 12:00:00,1535826.30,,
2026-09-10 13:00:00,1516154.60,,
2026-09-10 14:00:00,1516422.97,,
2026-09-10 15:00:00,1512149.98,,
2026-09-10 16:00:00,1511062.76,,
2026-09-10 17:00:00,1506762.63,,
2026-09-10 18:00:00,1505758.46,,
2026-09-10 19:00:00,1497841.27,,
2026-09-10 20:00:00,1482959.82,,
2026-09-10 21:00:00,1485309.42,,
2026-09-10 22:00:00,1489634.57,,
2026-09-10 23:00:00,1479410.53,,
2026-09-11 00:00:00,1474109.41,,
2026-09-11 01:00:00,1480871.11,,
2026-09-11 02:00:00,1473026.25,,
2026-09-11 03:00:00,1460963.25,,
2026-09-11 04:00:00,1472694.86,,
2026-09-11 05:00:00,1480331.20,,
2026-09-11 06:00:00,1478840.64,,
2026-09-11 07:00:00,1477692.07,,
2026-09-11 08:00:00,1474120.11,,
2026-09-11 09:00:00,1470206.92,,
2026-09-11 10:00:00,1459319.81,,
2026-09-11 11:00:00,1450187.24,,
2026-09-11 12:00:00,1451789.70,,
2026-09-11 13:00:00,1472204.48,,
2026-09-11 14:00:00,1496701.05,,
2026-09-11 15:00:00,1485994.86,,
2026-09-11 16:00:00,1472964.10,,
2026-09-11 17:00:00,1482471.68,,
2026-09-11 18:00:00,1472888.59,,
2026-09-11 19:00:00,1456886.56,,
2026-09-11 20:00:00,1464335.23,,
2026-09-11 21:00:00,1467634.70,,
2026-09-11 22:00:00,1450970.48,,
2026-09-11 23:00:00,1450774.83,,
2026-09-12 00:00:00,1464784.38,,
2026-09-12 01:00:00,1480476.08,,
2026-09-12 02:00:00,1475364.93,,
2026-09-12 03:00:00,1480012.17,,
2026-09-12 04:00:00,1474001.16,,
2026-09-12 05:00:00,1470182.59,,
2026-09-12 06:00:00,1463688.18,,
2026-09-12 07:00:00,1470709.77,,
2026-09-12 08:00:00,1469602.86,,
2026-09-12 09:00:00,1467879.58,,
2026-09-12 10:00:00,1473512.65,,
2026-09-12 11:00:00,1475418.41,,
2026-09-12 12:00:00,1478503.08,,
2026-09-12 13:00:00,1475043.68,,
2026-09-12 14:00:00,1475989.80,,
2026-09-12 15:00:00,1476245.50,,
2026-09-12 16:00:00,1479872.69,,
2026-09-12 17:00:00,1471826.39,,
2026-09-12 18:00:00,1475851.85,,
2026-09-12 19:00:00,1479810.15,,
2026-09-12 20:00:00,1470180.16,,
2026-09-12 21:00:00,1472189.01,,
2026-09-12 22:00:00,1473944.02,,
2026-09-12 23:00:00,1473767.37,,
2026-09-13 00:00:00,1479157.38,,
2026-09-13 01:00:00,1490678.08,,
2026-09-13 02:00:00,1499652.36,,
2026-09-13 03:00:00,1500608.09,,
2026-09-13 04:00:00,1506467.31,,
2026-09-13 05:00:00,1520133.53,,
2026-09-13 06:00:00,1517321.53,,
2026-09-13 07:00:00,1514716.39,,
2026-09-13 08:00:00,1512007.59,,
2026-09-13 09:00:00,1497650.53,,
2026-09-13 10:00:00,1495205.74,,
2026-09-13 11:00:00,1493346.13,,
2026-09-13 12:00:00,1486540.60,,
2026-09-13 13:00:00,1484953.50,,
2026-09-13 14:00:00,1498163.53,,
2026-09-13 15:00:00,1503473.22,,
2026-09-13 16:00:00,1489412.30,,
2026-09-13 17:00:00,1492366.06,,
2026-09-13 18:00:00,1496967.11,,
2026-09-13 19:00:00,1496635.67,,
2026-09-13 20:00:00,1493804.64,,
2026-09-13 21:00:00,1498592.42,,
2026-09-13 22:00:00,1492321.43,,
2026-09-13 23:00:00,1464086.87,,
2026-09-14 00:00:00,1465618.69,,
2026-09-14 01:00:00,1475345.21,,
2026-09-14 02:00:00,1485563.11,,
2026-09-14 03:00:00,1491916.09,,
2026-09-14 04:00:00,1491185.60,,
2026-09-14 05:00:00,1492802.31,,
2026-09-14 06:00:00,1490702.48,,
2026-09-14 07:00:00,1497599.45,,
2026-09-14 08:00:00,1482107.88,,
2026-09-14 09:00:00,1461955.50,,
2026-09-14 10:00:00,1457468.83,,
2026-09-14 11:00:00,1447801.78,,
2026-09-14 12:00:00,1448833.51,,
2026-09-14 13:00:00,1437320.69,,
2026-09-14 14:00:00,1428690.60,,
2026-09-14 15:00:00,1425933.34,,
2026-09-14 16:00:00,1428713.69,,
2026-09-14 17:00:00,1432324.69,,
2026-09-14 18:00:00,1428108.13,,
2026-09-14 19:00:00,1436299.76,,
2026-09-14 20:00:00,1432584.24,,
2026-09-14 21:00:00,1438884.00,,
2026-09-14 22:00:00,1430625.22,,
2026-09-14 23:00:00,1423941.64,,
2026-09-15 00:00:00,1418615.86,,
2026-09-15 01:00:00,1423035.88,,
2026-09-15 02:00:00,1414417.41,,
2026-09-15 03:00:00,1436041.58,,
2026-09-15 04:00:00,1431215.07,,
2026-09-15 05:00:00,1426545.56,,
2026-09-15 06:00:00,1424500.63,,
2026-09-15 07:00:00,1416077.86,,
2026-09-15 08:00:00,1404311.52,,
2026-09-15 09:00:00,1413917.38,,
2026-09-15 10:00:00,1411169.06,,
2026-09-15 11:00:00,1404967.02,,
2026-09-15 12:00:00,1404711.51,,
2026-09-15 13:00:00,1410573.84,,
2026-09-15 14:00:00,1401878.04,,
2026-09-15 15:00:00,1388835.18,,
2026-09-15 16:00:00,1389858.70,,
2026-09-15 17:00:00,1381930.10,,
2026-09-15 18:00:00,1388261.26,,
2026-09-15 19:00:00,1369013.09,,
2026-09-15 20:00:00,1365297.04,,
2026-09-15 21:00:00,1357481.25,,
2026-09-15 22:00:00,1341041.75,,
2026-09-15 23:00:00,1349237.60,,
2026-09-16 00:00:00,1346826.85,,
2026-09-16 01:00:00,1343867.14,,
2026-09-16 02:00:00,1321216.31,,
2026-09-16 03:00:00,1324973.92,,
2026-09-16 04:00:00,1319989.01,,
2026-09-16 05:00:00,1327917.22,,
2026-09-16 06:00:00,1322738.97,,
2026-09-16 07:00:00,1321973.20,,
2026-09-16 08:00:00,1321351.25,,
2026-09-16 09:00:00,1316847.29,,
2026-09-16 10:00:00,1315425.23,,
2026-09-16 11:00:00,1312040.02,,
2026-09-16 12:00:00,1316492.35,,
2026-09-16 13:00:00,1319901.58,,
2026-09-16 14:00:00,1286895.86,,
2026-09-16 15:00:00,1261626.51,,
2026-09-16 16:00:00,1259121.50,,
2026-09-16 17:00:00,1266065.95,,
2026-09-16 18:00:00,1266359.58,,
2026-09-16 19:00:00,1271872.48,,
2026-09-16 20:00:00,1270729.35,,
2026-09-16 21:00:00,1264762.51,,
2026-09-16 22:00:00,1262817.89,,
2026-09-16 23:00:00,1253120.50,,
2026-09-17 00:00:00,1269115.17,,
2026-09-17 01:00:00,1263847.50,,
2026-09-17 02:00:00,1260886.22,,
2026-09-17 03:00:00,1254783.32,,
2026-09-17 04:00:00,1253285.84,,
2026-09-17 05:00:00,1251237.59,,
2026-09-17 06:00:00,1252079.43,,
2026-09-17 07:00:00,1251784.10,,
2026-09-17 08:00:00,1252656.12,,
2026-09-17 09:00:00,1257245.06,,
2026-09-17 10:00:00,1258548.04,,
2026-09-17 11:00:00,1260141.40,,
2026-09-17 12:00:00,1266645.49,,
2026-09-17 13:00:00,1268294.37,,
2026-09-17 14:00:00,1268065.49,,
2026-09-17 15:00:00,1276978.15,,
2026-09-17 16:00:00,1284148.07,,
2026-09-17 17:00:00,1282649.89,,
2026-09-17 18:00:00,1286905.45,,
2026-09-17 19:00:00,1280793.90,,
2026-09-17 20:00:00,1287515.26,,
2026-09-17 21:00:00,1288477.05,,
2026-09-17 22:00:00,1286693.50,,
2026-09-17 23:00:00,1292105.89,,
2026-09-18 00:00:00,1304572.19,,
2026-09-18 01:00:00,1305113.39,,
2026-09-18 02:00:00,1313047.84,,
2026-09-18 03:00:00,1316870.40,,
2026-09-18 04:00:00,1331283.51,,
2026-09-18 05:00:00,1335966.45,,
2026-09-18 06:00:00,1343306.43,,
2026-09-18 07:00:00,1352028.94,,
2026-09-18 08:00:00,1359585.78,,
2026-09-18 09:00:00,1365362.90,,
2026-09-18 10:00:00,1367797.57,,
2026-09-18 11:00:00,1372267.37,,
2026-09-18 12:00:00,1364713.29,,
2026-09-18 13:00:00,1369702.25,,
2026-09-18 14:00:00,1382449.88,,
2026-09-18 15:00:00,1399864.13,,
2026-09-18 16:00:00,1403789.07,,
2026-09-18 17:00:00,1410979.45,,
2026-09-18 18:00:00,1414902.90,,
2026-09-18 19:00:00,1408190.74,,
2026-09-18 20:00:00,1423531.10,,
2026-09-18 21:00:00,1412740.21,,
2026-09-18 22:00:00,1417912.31,,
2026-09-18 23:00:00,1417615.88,,
2026-09-19 00:00:00,1421915.00,,
2026-09-19 01:00:00,1424170.68,,
2026-09-19 02:00:00,1427040.20,,
2026-09-19 03:00:00,1433105.72,,
2026-09-19 04:00:00,1440029.89,,
2026-09-19 05:00:00,1426933.57,,
2026-09-19 06:00:00,1422444.59,,
2026-09-19 07:00:00,1424073.04,,
2026-09-19 08:00:00,1423855.77,,
2026-09-19 09:00:00,1430842.93,,
2026-09-19 10:00:00,1434634.98,,
2026-09-19 11:00:00,1434839.04,,
2026-09-19 12:00:00,1444897.94,,
2026-09-19 13:00:00,1442306.84,,
2026-09-19 14:00:00,1442331.14,,
2026-09-19 15:00:00,1440027.97,,
2026-09-19 16:00:00,1434942.54,,
2026-09-19 17:00:00,1437078.94,,
2026-09-19 18:00:00,1437586.21,,
2026-09-19 19:00:00,1429793.61,,
2026-09-19 20:00:00,1437701.01,,
2026-09-19 21:00:00,1439649.16,,
2026-09-19 22:00:00,1437211.53,,
2026-09-19 23:00:00,1446886.70,,
2026-09-20 00:00:00,1452000.94,,
2026-09-20 01:00:00,1452721.36,,
2026-09-20 02:00:00,1454389.24,,
2026-09-20 03:00:00,1447386.32,,
2026-09-20 04:00:00,1458731.82,,
2026-09-20 05:00:00,1470627.17,,
2026-09-20 06:00:00,1460907.76,,
2026-09-20 07:00:00,1460967.99,,
2026-09-20 08:00:00,1456490.17,,
2026-09-20 09:00:00,1456541.68,,
