time,oi_A,oi_6,oi_3
2026-05-03 12:00:00,5997352.29,,1475070.79
2026-05-03 13:00:00,5991220.55,,1477102.33
2026-05-03 14:00:00,6017875.08,,1482045.53
2026-05-03 15:00:00,5969919.91,,1476102.73
2026-05-03 16:00:00,5886105.74,,1441589.47
2026-05-03 17:00:00,5878704.38,,1428574.24
2026-05-03 18:00:00,5866691.19,,1416208.27
2026-05-03 19:00:00,5888432.34,,1424816.85
2026-05-03 20:00:00,5874116.15,,1418301.36
2026-05-03 21:00:00,5901526.34,,1416382.43
2026-05-03 22:00:00,5824168.25,,1380528.14
2026-05-03 23:00:00,5834496.20,,1394185.30
2026-05-04 00:00:00,5777078.09,,1374928.20
2026-05-04 01:00:00,5664559.31,,1354553.70
2026-05-04 02:00:00,5713906.11,,1360065.80
2026-05-04 03:00:00,5775704.22,,1381426.07
2026-05-04 04:00:00,5792263.16,,1393229.03
2026-05-04 05:00:00,5825241.37,,1394641.16
2026-05-04 06:00:00,5848965.07,,1390506.48
2026-05-04 07:00:00,5745360.27,,1367684.71
2026-05-04 08:00:00,5737230.65,,1358496.19
2026-05-04 09:00:00,5749143.03,,1350216.10
2026-05-04 10:00:00,5812966.08,,1364860.05
2026-05-04 11:00:00,5638005.92,,1320226.14
2026-05-04 12:00:00,5653160.02,,1324613.74
2026-05-04 13:00:00,5620518.04,,1326966.25
2026-05-04 14:00:00,5578820.79,,1312343.66
2026-05-04 15:00:00,5637065.35,,1329667.22
2026-05-04 16:00:00,5585449.56,,1320419.01
2026-05-04 17:00:00,5600944.17,,1311027.67
2026-05-04 18:00:00,5630398.05,,1313064.59
2026-05-04 19:00:00,5623300.62,,1305449.97
2026-05-04 20:00:00,5591392.74,,1296700.95
2026-05-04 21:00:00,5579543.31,,1293025.18
2026-05-04 22:00:00,5655550.38,,1303985.53
2026-05-04 23:00:00,5653035.74,,1288473.28
2026-05-05 00:00:00,5652155.58,,1287347.74
2026-05-05 01:00:00,5618731.47,,1285215.87
2026-05-05 02:00:00,5616432.32,,1281843.17
2026-05-05 03:00:00,5611828.38,,1283388.67
2026-05-05 04:00:00,5598804.58,,1281691.35
2026-05-05 05:00:00,5533706.20,,1259700.65
2026-05-05 06:00:00,5534028.65,,1259435.43
2026-05-05 07:00:00,5510570.06,,1258093.90
2026-05-05 08:00:00,5508066.48,,1263479.86
2026-05-05 09:00:00,5488157.69,,1263360.04
2026-05-05 10:00:00,5494271.78,,1266036.08
2026-05-05 11:00:00,5496657.73,,1265637.22
2026-05-05 12:00:00,5556466.79,,1274165.96
2026-05-05 13:00:00,5572745.70,,1274255.85
2026-05-05 14:00:00,5615428.64,,1281840.12
2026-05-05 15:00:00,5587204.63,,1271339.66
2026-05-05 16:00:00,5579815.37,,1266748.22
2026-05-05 17:00:00,5573924.82,,1266411.57
2026-05-05 18:00:00,5545455.79,,1269327.97
2026-05-05 19:00:00,5544987.51,,1266752.85
2026-05-05 20:00:00,5563439.73,,1269444.17
2026-05-05 21:00:00,5630598.11,,1279469.07
2026-05-05 22:00:00,5583178.24,,1266510.57
2026-05-05 23:00:00,5576950.08,,1265411.23
2026-05-06 00:00:00,5567472.14,,1267090.59
2026-05-06 01:00:00,5519432.96,,1253617.07
2026-05-06 02:00:00,5578776.06,,1265084.84
2026-05-06 03:00:00,5624782.93,,1270411.35
2026-05-06 04:00:00,5648322.11,,1278535.21
2026-05-06 05:00:00,5559411.62,,1256554.39
2026-05-06 06:00:00,5508776.03,,1246723.73
2026-05-06 07:00:00,5537248.89,,1245774.39
2026-05-06 08:00:00,5569185.85,,1237782.46
2026-05-06 09:00:00,5598850.36,,1241031.24
2026-05-06 10:00:00,5733230.48,,1252395.09
2026-05-06 11:00:00,5675566.63,,1245112.23
2026-05-06 12:00:00,5837993.80,,1292988.55
2026-05-06 13:00:00,5908803.32,,1303013.99
2026-05-06 14:00:00,5833041.87,,1272675.25
2026-05-06 15:00:00,6201841.85,,1332691.54
2026-05-06 16:00:00,6565561.40,,1402965.59
2026-05-06 17:00:00,6925841.01,,1467107.75
2026-05-06 18:00:00,6715157.10,,1402476.28
2026-05-06 19:00:00,6870252.70,,1414438.02
2026-05-06 20:00:00,6764751.22,,1424406.79
2026-05-06 21:00:00,6789891.14,,1439762.94
2026-05-06 22:00:00,6813255.94,,1441341.21
2026-05-06 23:00:00,6942767.22,,1455603.46
2026-05-07 00:00:00,7037509.48,,1459387.65
2026-05-07 01:00:00,6871489.10,,1453239.10
2026-05-07 02:00:00,6708641.85,,1445485.12
2026-05-07 03:00:00,6687579.69,,1437536.98
2026-05-07 04:00:00,6651790.59,,1450229.21
2026-05-07 05:00:00,6784614.07,,1478653.49
2026-05-07 06:00:00,6767700.62,,1475588.45
2026-05-07 07:00:00,6937698.05,,1511208.71
2026-05-07 08:00:00,6847570.85,,1497678.27
2026-05-07 09:00:00,6867221.13,,1489963.70
2026-05-07 10:00:00,6872241.58,,1489267.93
2026-05-07 11:00:00,6980333.76,,1529036.17
2026-05-07 12:00:00,6865058.57,,1496738.84
2026-05-07 13:00:00,6890788.51,,1506277.18
2026-05-07 14:00:00,6802850.16,,1464367.38
2026-05-07 15:00:00,6811579.37,,1471259.63
2026-05-07 16:00:00,6967160.04,,1509297.07
2026-05-07 17:00:00,6932910.90,,1488024.90
2026-05-07 18:00:00,6953389.03,,1485375.06
2026-05-07 19:00:00,6998309.71,,1502788.14
2026-05-07 20:00:00,7013519.89,,1525296.56
2026-05-07 21:00:00,6843416.51,,1494066.80
2026-05-07 22:00:00,6901749.59,,1507586.00
2026-05-07 23:00:00,6955218.50,,1518093.21
2026-05-08 00:00:00,7045138.38,,1539196.90
2026-05-08 01:00:00,7153971.88,,1575774.72
2026-05-08 02:00:00,7008912.71,,1542856.01
2026-05-08 03:00:00,6789159.10,,1522347.26
2026-05-08 04:00:00,6814389.03,,1539745.62
2026-05-08 05:00:00,6910184.58,,1548043.40
2026-05-08 06:00:00,6920150.43,,1531581.04
2026-05-08 07:00:00,6866985.23,,1520923.61
2026-05-08 08:00:00,6860219.89,,1512836.64
2026-05-08 09:00:00,7016338.19,,1549233.92
2026-05-08 10:00:00,7052166.63,,1560231.76
2026-05-08 11:00:00,7084641.57,,1562609.99
2026-05-08 12:00:00,6973961.91,,1547963.06
2026-05-08 13:00:00,7011345.27,,1543224.13
2026-05-08 14:00:00,6773710.60,,1521950.11
2026-05-08 15:00:00,6738601.06,,1503311.60
2026-05-08 16:00:00,6673224.77,,1495948.09
2026-05-08 17:00:00,6798436.68,,1517410.89
2026-05-08 18:00:00,6744782.33,,1506472.08
2026-05-08 19:00:00,6828549.91,,1549530.38
2026-05-08 20:00:00,6755010.82,,1526810.10
2026-05-08 21:00:00,6768467.45,,1533673.09
2026-05-08 22:00:00,6810657.40,,1543275.69
2026-05-08 23:00:00,6900242.25,,1551115.07
2026-05-09 00:00:00,7002764.52,,1575089.23
2026-05-09 01:00:00,6865276.84,,1547339.99
2026-05-09 02:00:00,6988761.70,,1555694.09
2026-05-09 03:00:00,7041008.43,,1559667.22
2026-05-09 04:00:00,6914731.76,,1539599.90
2026-05-09 05:00:00,6993135.84,,1562489.99
2026-05-09 06:00:00,6978448.77,,1563984.17
2026-05-09 07:00:00,7040864.45,,1587467.51
2026-05-09 08:00:00,7024573.96,,1579226.35
2026-05-09 09:00:00,6908679.12,,1550860.31
2026-05-09 10:00:00,6780301.23,,1556173.71
2026-05-09 11:00:00,6870165.16,,1566081.94
2026-05-09 12:00:00,6839591.29,,1558214.62
2026-05-09 13:00:00,6721355.21,,1531215.07
2026-05-09 14:00:00,6590069.70,,1525823.46
2026-05-09 15:00:00,6587191.26,,1521061.23
2026-05-09 16:00:00,6518846.91,,1502861.64
2026-05-09 17:00:00,6586220.56,,1514968.04
2026-05-09 18:00:00,6564883.16,,1504284.77
2026-05-09 19:00:00,6587651.32,,1513169.32
2026-05-09 20:00:00,6586088.75,,1513937.84
2026-05-09 21:00:00,6569548.48,,1504678.63
2026-05-09 22:00:00,6552049.28,,1500460.00
2026-05-09 23:00:00,6563559.67,,1497240.33
2026-05-10 00:00:00,6500234.96,,1479791.86
2026-05-10 01:00:00,6402523.09,,1462398.76
2026-05-10 02:00:00,6331016.71,,1448466.56
2026-05-10 03:00:00,6363557.93,,1438474.02
2026-05-10 04:00:00,6355476.04,,1449269.64
2026-05-10 05:00:00,6339903.88,,1435387.49
2026-05-10 06:00:00,6350354.90,,1437811.66
2026-05-10 07:00:00,6201953.08,,1470136.41
2026-05-10 08:00:00,6239963.80,,1458639.00
2026-05-10 09:00:00,6288200.32,,1468977.52
2026-05-10 10:00:00,6246956.82,,1457052.35
2026-05-10 11:00:00,6156748.88,,1439023.32
2026-05-10 12:00:00,6091412.23,,1425776.88
2026-05-10 13:00:00,6114746.60,,1426176.30
2026-05-10 14:00:00,6133936.51,,1441424.04
2026-05-10 15:00:00,6105718.16,,1411825.72
2026-05-10 16:00:00,6083704.44,,1344648.90
2026-05-10 17:00:00,6113238.21,,1370261.79
2026-05-10 18:00:00,6160599.44,,1404689.26
2026-05-10 19:00:00,6267021.72,,1442316.76
2026-05-10 20:00:00,6249574.99,,1442570.26
2026-05-10 21:00:00,6034875.10,,1381779.78
2026-05-10 22:00:00,6002155.41,,1376142.47
2026-05-10 23:00:00,6156493.98,,1416272.30
2026-05-11 00:00:00,6121886.52,,1404272.81
2026-05-11 01:00:00,5797577.60,,1371971.69
2026-05-11 02:00:00,5778109.59,,1343828.33
2026-05-11 03:00:00,5661700.74,,1314701.15
2026-05-11 04:00:00,5574175.21,,1343487.71
2026-05-11 05:00:00,5607790.48,,1347629.23
2026-05-11 06:00:00,5629140.19,,1340539.55
2026-05-11 07:00:00,5633923.91,,1346363.26
2026-05-11 08:00:00,5606345.04,,1340149.74
2026-05-11 09:00:00,5618224.93,,1354665.17
2026-05-11 10:00:00,5642751.88,,1357049.25
2026-05-11 11:00:00,5595123.88,,1332406.30
2026-05-11 12:00:00,5625329.74,,1329626.62
2026-05-11 13:00:00,5530801.30,,1284304.45
2026-05-11 14:00:00,5383910.57,,1274031.11
2026-05-11 15:00:00,5321361.66,,1256310.07
2026-05-11 16:00:00,5345262.20,,1289070.34
2026-05-11 17:00:00,5410775.38,,1317002.28
2026-05-11 18:00:00,5460046.87,,1336579.30
2026-05-11 19:00:00,5394160.00,,1315961.97
2026-05-11 20:00:00,5424279.84,,1318531.44
2026-05-11 21:00:00,5397317.11,,1317327.10
2026-05-11 22:00:00,5355773.84,,1325291.51
2026-05-11 23:00:00,5356646.20,,1338741.83
2026-05-12 00:00:00,5314397.58,,1351899.53
2026-05-12 01:00:00,5338972.22,,1364872.24
2026-05-12 02:00:00,5203793.08,,1325855.71
2026-05-12 03:00:00,5256204.70,,1335816.26
2026-05-12 04:00:00,5299562.35,,1444542.31
2026-05-12 05:00:00,5454078.22,,1410489.86
2026-05-12 06:00:00,5447128.11,,1393489.97
2026-05-12 07:00:00,5560794.74,,1413762.41
2026-05-12 08:00:00,5596240.85,,1402255.57
2026-05-12 09:00:00,5635514.01,,1389494.02
2026-05-12 10:00:00,5667544.93,,1398860.45
2026-05-12 11:00:00,5638999.96,,1406389.18
2026-05-12 12:00:00,5525049.54,,1342478.57
2026-05-12 13:00:00,5684345.16,,1371583.36
2026-05-12 14:00:00,5750709.34,,1359413.91
2026-05-12 15:00:00,5708870.11,,1332705.74
2026-05-12 16:00:00,5919776.91,,1420929.52
2026-05-12 17:00:00,5836584.28,,1397242.65
2026-05-12 18:00:00,6309776.48,,1472692.64
2026-05-12 19:00:00,6149017.62,,1515301.96
2026-05-12 20:00:00,6162061.09,,1548639.42
2026-05-12 21:00:00,6105901.77,,1534199.13
2026-05-12 22:00:00,6166006.76,,1555224.22
2026-05-12 23:00:00,6147487.20,,1567174.70
2026-05-13 00:00:00,6105285.70,,1575983.73
2026-05-13 01:00:00,6037264.91,,1518451.54
2026-05-13 02:00:00,6023950.25,,1475501.35
2026-05-13 03:00:00,6320240.76,,1467240.36
2026-05-13 04:00:00,6451710.59,,1457248.79
2026-05-13 05:00:00,6340584.51,,1411914.99
2026-05-13 06:00:00,6207981.84,,1386356.01
2026-05-13 07:00:00,6253872.52,,1397729.54
2026-05-13 08:00:00,6100304.88,,1378442.19
2026-05-13 09:00:00,6116589.71,,1372319.65
2026-05-13 10:00:00,6115077.27,,1377322.37
2026-05-13 11:00:00,6166761.82,,1388677.03
2026-05-13 12:00:00,5989658.74,,1361980.30
2026-05-13 13:00:00,6161622.83,,1406715.65
2026-05-13 14:00:00,5948264.16,,1375670.16
2026-05-13 15:00:00,5626888.85,,1272359.30
2026-05-13 16:00:00,5372012.61,,1198888.19
2026-05-13 17:00:00,5417641.86,,1208911.38
2026-05-13 18:00:00,5449711.86,,1221539.89
2026-05-13 19:00:00,5444462.78,,1222747.39
2026-05-13 20:00:00,5429571.62,,1219158.58
2026-05-13 21:00:00,5407508.48,,1215476.76
2026-05-13 22:00:00,5290520.73,,1192508.81
2026-05-13 23:00:00,5358761.02,,1207030.58
2026-05-14 00:00:00,5353333.44,,1209338.97
2026-05-14 01:00:00,5515166.80,,1279825.92
2026-05-14 02:00:00,5546769.12,,1283820.26
2026-05-14 03:00:00,5480458.51,,1275354.95
2026-05-14 04:00:00,5548954.56,,1275710.96
2026-05-14 05:00:00,5602071.67,,1287647.01
2026-05-14 06:00:00,5642003.79,,1333275.38
2026-05-14 07:00:00,5609769.58,,1304176.81
2026-05-14 08:00:00,5607244.39,,1321002.22
2026-05-14 09:00:00,5653216.69,,1337937.82
2026-05-14 10:00:00,5484292.85,,1296551.96
2026-05-14 11:00:00,5481606.72,,1300810.63
2026-05-14 12:00:00,5389044.83,,1258221.28
2026-05-14 13:00:00,5425665.11,,1254433.61
2026-05-14 14:00:00,5368954.65,,1246052.70
2026-05-14 15:00:00,5457809.53,,1257334.97
2026-05-14 16:00:00,5510895.11,,1268873.42
2026-05-14 17:00:00,5543625.53,,1262643.76
2026-05-14 18:00:00,5505138.89,,1245006.60
2026-05-14 19:00:00,5517124.04,,1242195.82
2026-05-14 20:00:00,5502120.39,,1238178.22
2026-05-14 21:00:00,5494360.40,,1234006.27
2026-05-14 22:00:00,5595550.38,,1243640.64
2026-05-14 23:00:00,5653641.60,,1260061.26
2026-05-15 00:00:00,5720045.47,,1284278.82
2026-05-15 01:00:00,5746940.94,,1282490.84
2026-05-15 02:00:00,5639060.05,,1259357.12
2026-05-15 03:00:00,5618976.98,,1265926.12
2026-05-15 04:00:00,5596058.43,,1247161.68
2026-05-15 05:00:00,5516995.97,,1231869.37
2026-05-15 06:00:00,5352087.77,,1199262.75
2026-05-15 07:00:00,5415622.62,,1210813.34
2026-05-15 08:00:00,5389487.86,,1204109.80
2026-05-15 09:00:00,5402217.12,,1203924.68
2026-05-15 10:00:00,5347926.55,,1186162.04
2026-05-15 11:00:00,5350323.62,,1176643.58
2026-05-15 12:00:00,5304886.63,,1170699.76
2026-05-15 13:00:00,5260561.33,,1167226.89
2026-05-15 14:00:00,4846728.61,,1092639.02
2026-05-15 15:00:00,4880661.39,,1122863.59
2026-05-15 16:00:00,4910264.18,,1138460.71
2026-05-15 17:00:00,4956925.70,,1166467.51
2026-05-15 18:00:00,5083014.68,,1232133.47
2026-05-15 19:00:00,5219737.39,,1307562.30
2026-05-15 20:00:00,5332803.05,,1394092.82
2026-05-15 21:00:00,5319481.45,,1423297.33
2026-05-15 22:00:00,5218799.70,,1368573.84
2026-05-15 23:00:00,5276583.45,,1377131.52
2026-05-16 00:00:00,5265745.96,,1304223.94
2026-05-16 01:00:00,5217099.15,,1266606.08
2026-05-16 02:00:00,5243113.40,,1265833.38
2026-05-16 03:00:00,5304194.29,,1297895.90
2026-05-16 04:00:00,5193305.60,,1265724.91
2026-05-16 05:00:00,5164963.74,,1245682.35
2026-05-16 06:00:00,5087775.37,,1227355.72
2026-05-16 07:00:00,5068483.95,,1223226.59
2026-05-16 08:00:00,4789851.75,,1171485.11
2026-05-16 09:00:00,4862893.27,,1175164.42
2026-05-16 10:00:00,4895746.76,,1159575.50
2026-05-16 11:00:00,4899327.69,,1134793.36
2026-05-16 12:00:00,4875395.14,,1133278.67
2026-05-16 13:00:00,4887683.59,,1135394.65
2026-05-16 14:00:00,4818305.92,,1108757.47
2026-05-16 15:00:00,4788950.09,,1103125.75
2026-05-16 16:00:00,4864486.58,,1097770.73
2026-05-16 17:00:00,4882981.50,,1109546.91
2026-05-16 18:00:00,4863564.42,,1111738.53
2026-05-16 19:00:00,4845167.81,,1118723.23
2026-05-16 20:00:00,4827084.07,,1122141.52
2026-05-16 21:00:00,4873659.03,,1149170.06
2026-05-16 22:00:00,4842959.06,,1165728.63
2026-05-16 23:00:00,4837364.75,,1184453.47
2026-05-17 00:00:00,4875177.52,,1231696.67
2026-05-17 01:00:00,4940860.73,,1251593.63
2026-05-17 02:00:00,4888674.10,,1243281.11
2026-05-17 03:00:00,4935216.80,,1209756.47
2026-05-17 04:00:00,4922324.35,,1206973.88
2026-05-17 05:00:00,4933493.41,,1202227.34
2026-05-17 06:00:00,4926204.99,,1213211.63
2026-05-17 07:00:00,4940854.88,,1220720.49
2026-05-17 08:00:00,4960595.63,,1235252.92
2026-05-17 09:00:00,4937742.68,,1228823.95
2026-05-17 10:00:00,4992219.23,,1237136.13
2026-05-17 11:00:00,4970891.11,,1232101.17
2026-05-17 12:00:00,4963829.10,,1211506.22
2026-05-17 13:00:00,4889605.39,,1184184.08
2026-05-17 14:00:00,4873450.81,,1191521.94
2026-05-17 15:00:00,4886840.22,,1178892.92
2026-05-17 16:00:00,4861009.22,,1172928.50
2026-05-17 17:00:00,4834257.75,,1160093.62
2026-05-17 18:00:00,4835274.20,,1153723.66
2026-05-17 19:00:00,4853665.47,,1150575.04
2026-05-17 20:00:00,4832639.79,,1149076.09
2026-05-17 21:00:00,4821351.62,,1140798.46
2026-05-17 22:00:00,4887461.70,,1147964.42
2026-05-17 23:00:00,4821331.98,,1121738.62
2026-05-18 00:00:00,4806978.80,,1117707.27
2026-05-18 01:00:00,4912948.46,,1130797.40
2026-05-18 02:00:00,4918381.26,,1130092.45
2026-05-18 03:00:00,4950821.40,,1143044.30
2026-05-18 04:00:00,4973661.88,,1137537.52
2026-05-18 05:00:00,4948802.71,,1142088.12
2026-05-18 06:00:00,4884850.03,,1139639.46
2026-05-18 07:00:00,4831074.59,,1127141.91
2026-05-18 08:00:00,4808051.75,,1114974.93
2026-05-18 09:00:00,4871310.69,,1130973.96
2026-05-18 10:00:00,4857738.12,,1128598.11
2026-05-18 11:00:00,4910648.00,,1140883.62
2026-05-18 12:00:00,4988698.62,,1160888.44
2026-05-18 13:00:00,4944280.35,,1147882.77
2026-05-18 14:00:00,4924577.58,,1143552.62
2026-05-18 15:00:00,4832505.07,,1123903.05
2026-05-18 16:00:00,4861973.01,,1137485.55
2026-05-18 17:00:00,4898935.83,,1147444.59
2026-05-18 18:00:00,4878929.79,,1143747.74
2026-05-18 19:00:00,4879079.19,,1140875.08
2026-05-18 20:00:00,4951025.72,,1159178.19
2026-05-18 21:00:00,4943050.70,,1162981.87
2026-05-18 22:00:00,5020182.32,,1179212.67
2026-05-18 23:00:00,4998149.49,,1171512.39
2026-05-19 00:00:00,4978724.46,,1163542.51
2026-05-19 01:00:00,4975002.93,,1169947.06
2026-05-19 02:00:00,4902454.33,,1149285.08
2026-05-19 03:00:00,4865550.13,,1145242.50
2026-05-19 04:00:00,4881517.62,,1153970.28
2026-05-19 05:00:00,4897603.31,,1157622.03
2026-05-19 06:00:00,4868234.33,,1153380.31
2026-05-19 07:00:00,4852525.57,,1149382.04
2026-05-19 08:00:00,4850019.40,,1140987.91
2026-05-19 09:00:00,4862281.40,,1144471.24
2026-05-19 10:00:00,4876954.95,,1144820.70
2026-05-19 11:00:00,4854950.93,,1146680.56
2026-05-19 12:00:00,4865865.92,,1156463.82
2026-05-19 13:00:00,4968233.47,,1182295.50
2026-05-19 14:00:00,4962138.62,,1169545.58
2026-05-19 15:00:00,4917456.20,,1157301.92
2026-05-19 16:00:00,4886409.51,,1146145.48
2026-05-19 17:00:00,4956956.01,,1166315.61
2026-05-19 18:00:00,4929427.82,,1161819.69
2026-05-19 19:00:00,4904645.01,,1162502.97
2026-05-19 20:00:00,4877042.75,,1159109.97
2026-05-19 21:00:00,4901484.50,,1177474.83
2026-05-19 22:00:00,4915035.56,,1180691.18
2026-05-19 23:00:00,4925525.96,,1189892.94
2026-05-20 00:00:00,4954990.79,,1198267.52
2026-05-20 01:00:00,4956708.39,,1195759.75
2026-05-20 02:00:00,4932537.06,,1192363.81
2026-05-20 03:00:00,4915531.74,,1190159.93
2026-05-20 04:00:00,4887765.79,,1182380.09
2026-05-20 05:00:00,5083837.13,,1211097.58
2026-05-20 06:00:00,5158622.79,,1224491.78
2026-05-20 07:00:00,5121588.24,,1219805.01
2026-05-20 08:00:00,5031474.88,,1200547.01
2026-05-20 09:00:00,5075704.41,,1219833.67
2026-05-20 10:00:00,5059895.27,,1231776.47
2026-05-20 11:00:00,5069674.01,,1234855.49
2026-05-20 12:00:00,5042981.07,,1236380.31
2026-05-20 13:00:00,5063682.79,,1245896.96
2026-05-20 14:00:00,5083855.58,,1227138.64
2026-05-20 15:00:00,5122420.86,,1227477.24
2026-05-20 16:00:00,5117729.02,,1230645.49
2026-05-20 17:00:00,5133000.93,,1232686.87
2026-05-20 18:00:00,5156404.72,,1228375.90
2026-05-20 19:00:00,5146081.52,,1225659.17
2026-05-20 20:00:00,5167004.96,,1238961.96
2026-05-20 21:00:00,5177798.50,,1255708.20
2026-05-20 22:00:00,5166418.88,,1250314.33
2026-05-20 23:00:00,5174130.05,,1271742.85
2026-05-21 00:00:00,5158232.71,,1268554.90
2026-05-21 01:00:00,5183072.90,,1266237.02
2026-05-21 02:00:00,5167276.17,,1256727.45
2026-05-21 03:00:00,5143725.14,,1251067.61
2026-05-21 04:00:00,5163444.40,,1270814.94
2026-05-21 05:00:00,5107110.86,,1260258.25
2026-05-21 06:00:00,5097261.18,,1260095.93
2026-05-21 07:00:00,5129405.53,,1294764.03
2026-05-21 08:00:00,5131543.01,,1281229.26
2026-05-21 09:00:00,5124338.60,,1283483.90
2026-05-21 10:00:00,5355001.20,,1402586.07
2026-05-21 11:00:00,5178783.64,,1365200.80
2026-05-21 12:00:00,5158755.20,,1379408.37
2026-05-21 13:00:00,5197160.43,,1384775.30
2026-05-21 14:00:00,5314203.44,,1436067.07
2026-05-21 15:00:00,5444119.75,,1474674.77
2026-05-21 16:00:00,5429795.57,,1447637.72
2026-05-21 17:00:00,5346782.09,,1418996.73
2026-05-21 18:00:00,5354592.18,,1426274.06
2026-05-21 19:00:00,5353748.83,,1434511.90
2026-05-21 20:00:00,5404833.27,,1451417.23
2026-05-21 21:00:00,5455693.26,,1464646.64
2026-05-21 22:00:00,5553241.20,,1474253.26
2026-05-21 23:00:00,5565802.78,,1473818.27
2026-05-22 00:00:00,5572228.31,,1479681.04
2026-05-22 01:00:00,5584088.28,,1472047.43
2026-05-22 02:00:00,5565455.76,,1470539.07
2026-05-22 03:00:00,5504665.18,,1454524.63
2026-05-22 04:00:00,5465084.37,,1447840.94
2026-05-22 05:00:00,5397339.78,,1427409.27
2026-05-22 06:00:00,5410943.13,,1431948.26
2026-05-22 07:00:00,5350727.92,,1427548.63
2026-05-22 08:00:00,5433743.72,,1439394.29
2026-05-22 09:00:00,5479369.19,,1450478.02
2026-05-22 10:00:00,5589853.07,,1478899.73
2026-05-22 11:00:00,5639900.09,,1480788.27
2026-05-22 12:00:00,5720877.77,,1487528.90
2026-05-22 13:00:00,5726836.37,,1465391.63
2026-05-22 14:00:00,5758078.40,,1478779.64
2026-05-22 15:00:00,5695912.61,,1472004.52
2026-05-22 16:00:00,5718919.56,,1465995.67
2026-05-22 17:00:00,5732270.56,,1478747.59
2026-05-22 18:00:00,5667218.23,,1461400.19
2026-05-22 19:00:00,5443141.65,,1399249.99
2026-05-22 20:00:00,5486182.50,,1382168.22
2026-05-22 21:00:00,5441082.05,,1374920.73
2026-05-22 22:00:00,5403434.91,,1358038.84
2026-05-22 23:00:00,5196496.25,,1365699.86
2026-05-23 00:00:00,5126652.58,,1335127.06
2026-05-23 01:00:00,5107247.57,,1339692.69
2026-05-23 02:00:00,5067951.23,,1341040.26
2026-05-23 03:00:00,5096923.00,,1333702.67
2026-05-23 04:00:00,5021045.35,,1334314.12
2026-05-23 05:00:00,4981274.21,,1340122.84
2026-05-23 06:00:00,4984897.98,,1338688.64
2026-05-23 07:00:00,4958147.10,,1323063.84
2026-05-23 08:00:00,4718607.50,,1247954.37
2026-05-23 09:00:00,4795362.71,,1267439.72
2026-05-23 10:00:00,4828630.32,,1270450.08
2026-05-23 11:00:00,4826999.03,,1261129.73
2026-05-23 12:00:00,4834280.49,,1264949.61
2026-05-23 13:00:00,4874424.01,,1289894.43
2026-05-23 14:00:00,4868361.55,,1290667.26
2026-05-23 15:00:00,4902164.58,,1289788.14
2026-05-23 16:00:00,4915029.32,,1294527.17
2026-05-23 17:00:00,5002945.05,,1339078.55
2026-05-23 18:00:00,5152498.90,,1424009.23
2026-05-23 19:00:00,5369780.00,,1505750.88
2026-05-23 20:00:00,5296171.17,,1496344.19
2026-05-23 21:00:00,5361464.16,,1510938.77
2026-05-23 22:00:00,5294189.47,,1469361.05
2026-05-23 23:00:00,5305358.15,,1467064.50
2026-05-24 00:00:00,5262768.06,,1472109.08
2026-05-24 01:00:00,5287217.97,,1467970.41
2026-05-24 02:00:00,5296383.56,,1458684.51
2026-05-24 03:00:00,5290307.13,,1462079.03
2026-05-24 04:00:00,5252286.30,,1480248.62
2026-05-24 05:00:00,5284261.62,,1493938.41
2026-05-24 06:00:00,5215655.03,,1464814.71
2026-05-24 07:00:00,5219804.95,,1458527.31
2026-05-24 08:00:00,5195214.50,,1437095.59
2026-05-24 09:00:00,5138689.30,,1429010.70
2026-05-24 10:00:00,5066064.62,,1409448.60
2026-05-24 11:00:00,5065408.63,,1407046.46
2026-05-24 12:00:00,5024987.29,,1397187.07
2026-05-24 13:00:00,5044625.39,,1409359.25
2026-05-24 14:00:00,5052336.50,,1400479.54
2026-05-24 15:00:00,5090250.39,,1418265.56
2026-05-24 16:00:00,5099253.36,,1416629.63
2026-05-24 17:00:00,5154130.98,,1428071.97
2026-05-24 18:00:00,5101244.03,,1417707.95
2026-05-24 19:00:00,5087375.54,,1411013.14
2026-05-24 20:00:00,5034642.54,,1404270.29
2026-05-24 21:00:00,4980275.31,,1391763.06
2026-05-24 22:00:00,4820217.51,,1383848.31
2026-05-24 23:00:00,4850345.78,,1404972.62
2026-05-25 00:00:00,4887701.71,,1443223.60
2026-05-25 01:00:00,5244777.14,,1632944.89
2026-05-25 02:00:00,5364696.30,,1690736.17
2026-05-25 03:00:00,5330852.61,,1632286.29
2026-05-25 04:00:00,5324433.24,,1608809.28
2026-05-25 05:00:00,5799147.22,,1798853.33
2026-05-25 06:00:00,5908451.56,,2052320.16
2026-05-25 07:00:00,5772654.89,,1973005.03
2026-05-25 08:00:00,5697766.04,,1842473.87
2026-05-25 09:00:00,5724966.81,,1825531.43
2026-05-25 10:00:00,5855379.75,,1948784.17
2026-05-25 11:00:00,5975314.15,,2050176.19
2026-05-25 12:00:00,5865049.79,,1959068.88
2026-05-25 13:00:00,5886699.54,,1937357.04
2026-05-25 14:00:00,5840729.08,,1946829.99
2026-05-25 15:00:00,5767842.89,,1883621.30
2026-05-25 16:00:00,5598553.52,,1772140.12
2026-05-25 17:00:00,5525977.70,,1707298.37
2026-05-25 18:00:00,5453174.39,,1679856.58
2026-05-25 19:00:00,5411813.10,,1684261.78
2026-05-25 20:00:00,5460746.21,,1708542.05
2026-05-25 21:00:00,5517270.27,,1728395.51
2026-05-25 22:00:00,5470125.95,,1702471.15
2026-05-25 23:00:00,5239412.06,,1650523.93
2026-05-26 00:00:00,5208900.38,,1635719.96
2026-05-26 01:00:00,5172742.82,,1788077.00
2026-05-26 02:00:00,5014951.62,,1700182.87
2026-05-26 03:00:00,4990648.20,,1676328.32
2026-05-26 04:00:00,5069311.35,,1682655.70
2026-05-26 05:00:00,5204912.40,,1723891.99
2026-05-26 06:00:00,5239366.08,,1754583.13
2026-05-26 07:00:00,5167262.74,,1691921.62
2026-05-26 08:00:00,5065564.07,,1562754.28
2026-05-26 09:00:00,5057308.09,,1553564.17
2026-05-26 10:00:00,5073414.96,,1559992.16
2026-05-26 11:00:00,5224203.02,,1598811.50
2026-05-26 12:00:00,5076518.56,,1563823.17
2026-05-26 13:00:00,5121808.89,,1569727.08
2026-05-26 14:00:00,5071313.72,,1557637.09
2026-05-26 15:00:00,5075563.13,,1540951.87
2026-05-26 16:00:00,4999474.91,,1520782.89
2026-05-26 17:00:00,4932817.28,,1493147.23
2026-05-26 18:00:00,4822846.30,,1447242.59
2026-05-26 19:00:00,4797605.30,,1435428.86
2026-05-26 20:00:00,4842844.67,,1461053.76
2026-05-26 21:00:00,4830911.99,,1474214.46
2026-05-26 22:00:00,4784028.84,,1465107.27
2026-05-26 23:00:00,4834479.46,,1489877.79
2026-05-27 00:00:00,4910753.28,,1574503.93
2026-05-27 01:00:00,5059718.12,,1620468.99
2026-05-27 02:00:00,5110152.29,,1777708.05
2026-05-27 03:00:00,5219279.67,,1882083.36
2026-05-27 04:00:00,5215003.35,,1932483.02
2026-05-27 05:00:00,5225110.02,,1936973.70
2026-05-27 06:00:00,5257290.34,,1952838.90
2026-05-27 07:00:00,5258843.73,,1883690.94
2026-05-27 08:00:00,5139704.52,,1824499.21
2026-05-27 09:00:00,5131357.39,,1792750.84
2026-05-27 10:00:00,5240552.26,,1833720.28
2026-05-27 11:00:00,5295620.85,,1812534.27
2026-05-27 12:00:00,5375023.04,,1820654.53
2026-05-27 13:00:00,5299716.22,,1767729.24
2026-05-27 14:00:00,5132114.57,,1702061.55
2026-05-27 15:00:00,5124305.95,,1693913.31
2026-05-27 16:00:00,5137015.85,,1726973.07
2026-05-27 17:00:00,5094424.00,,1743612.05
2026-05-27 18:00:00,4988637.49,,1679057.94
2026-05-27 19:00:00,5001168.66,,1669800.85
2026-05-27 20:00:00,4809695.07,,1573435.67
2026-05-27 21:00:00,4790526.88,,1529288.90
2026-05-27 22:00:00,4619236.07,,1486408.34
2026-05-27 23:00:00,4607043.71,,1531352.91
2026-05-28 00:00:00,4615362.89,,1464054.41
2026-05-28 01:00:00,4583578.64,,1454490.25
2026-05-28 02:00:00,4564627.44,,1502463.43
2026-05-28 03:00:00,4505191.20,,1528559.05
2026-05-28 04:00:00,4238575.86,,1389387.41
2026-05-28 05:00:00,4193931.53,,1293716.77
2026-05-28 06:00:00,4077618.02,,1289414.05
2026-05-28 07:00:00,4001424.22,,1251671.11
2026-05-28 08:00:00,4037209.58,,1241845.23
2026-05-28 09:00:00,4075037.10,,1256729.88
2026-05-28 10:00:00,4103328.86,,1231916.62
2026-05-28 11:00:00,4012199.86,,1210511.36
2026-05-28 12:00:00,3996217.68,,1198549.14
2026-05-28 13:00:00,4049152.15,,1209001.94
2026-05-28 14:00:00,4028942.21,,1198522.00
2026-05-28 15:00:00,4042288.52,,1166585.95
2026-05-28 16:00:00,4026632.74,,1180158.04
2026-05-28 17:00:00,4056801.68,,1198613.20
2026-05-28 18:00:00,4102146.12,,1204496.79
2026-05-28 19:00:00,4090477.81,,1204815.68
2026-05-28 20:00:00,4070892.14,,1189881.23
2026-05-28 21:00:00,4084729.79,,1201272.92
2026-05-28 22:00:00,4058971.07,,1218443.71
2026-05-28 23:00:00,4088815.87,,1241955.69
2026-05-29 00:00:00,4082825.89,,1224629.11
2026-05-29 01:00:00,4046326.87,,1224036.98
2026-05-29 02:00:00,4031236.17,,1207421.86
2026-05-29 03:00:00,4007578.02,,1205996.49
2026-05-29 04:00:00,3994843.60,,1218019.04
2026-05-29 05:00:00,4007924.63,,1219934.94
2026-05-29 06:00:00,3998614.80,,1224684.02
2026-05-29 07:00:00,4068711.00,,1236119.29
2026-05-29 08:00:00,4043164.91,,1218564.55
2026-05-29 09:00:00,4040046.78,,1219329.97
2026-05-29 10:00:00,4023835.53,,1219874.46
2026-05-29 11:00:00,4012095.86,,1234600.35
2026-05-29 12:00:00,3984145.97,,1229006.85
2026-05-29 13:00:00,3982859.00,,1227601.23
2026-05-29 14:00:00,4014210.23,,1246721.21
2026-05-29 15:00:00,3986060.10,,1234294.37
2026-05-29 16:00:00,4005812.19,,1246962.90
2026-05-29 17:00:00,3974082.75,,1248087.50
2026-05-29 18:00:00,3952223.89,,1246802.82
2026-05-29 19:00:00,3908103.32,,1218170.62
2026-05-29 20:00:00,3921226.86,,1230459.12
2026-05-29 21:00:00,3924963.87,,1235359.26
2026-05-29 22:00:00,3886525.05,,1232343.49
2026-05-29 23:00:00,3899834.18,,1245003.32
2026-05-30 00:00:00,3893410.61,,1238185.28
2026-05-30 01:00:00,3901059.12,,1246365.85
2026-05-30 02:00:00,3919144.01,,1247503.79
2026-05-30 03:00:00,3928110.04,,1232042.51
2026-05-30 04:00:00,3917109.76,,1236976.80
2026-05-30 05:00:00,3957205.32,,1244300.14
2026-05-30 06:00:00,3950267.73,,1233295.46
2026-05-30 07:00:00,3931686.12,,1221104.21
2026-05-30 08:00:00,3944285.64,,1230245.97
2026-05-30 09:00:00,3937094.40,,1226451.23
2026-05-30 10:00:00,3939038.83,,1225387.20
2026-05-30 11:00:00,3961487.65,,1239828.81
2026-05-30 12:00:00,3957278.81,,1238178.36
2026-05-30 13:00:00,3952041.55,,1235284.42
2026-05-30 14:00:00,3960542.31,,1242554.31
2026-05-30 15:00:00,3939834.06,,1248520.67
2026-05-30 16:00:00,3922779.85,,1266235.22
2026-05-30 17:00:00,3922216.48,,1262247.58
2026-05-30 18:00:00,3928650.08,,1268983.83
2026-05-30 19:00:00,3919777.77,,1276328.41
2026-05-30 20:00:00,3918413.12,,1274462.16
2026-05-30 21:00:00,3914048.53,,1277306.16
2026-05-30 22:00:00,3917604.72,,1277934.68
2026-05-30 23:00:00,3906613.16,,1279161.54
2026-05-31 00:00:00,3938045.98,,1279963.04
2026-05-31 01:00:00,3959990.62,,1294422.39
2026-05-31 02:00:00,3979089.86,,1299116.93
2026-05-31 03:00:00,3974401.28,,1287114.72
2026-05-31 04:00:00,3957253.98,,1289136.64
2026-05-31 05:00:00,3965199.06,,1304021.11
2026-05-31 06:00:00,3951751.12,,1301231.87
2026-05-31 07:00:00,3940414.02,,1298504.80
2026-05-31 08:00:00,3942502.62,,1289699.32
2026-05-31 09:00:00,3957889.73,,1292156.20
2026-05-31 10:00:00,3938940.30,,1282212.30
2026-05-31 11:00:00,3974284.08,,1283389.85
2026-05-31 12:00:00,3982534.88,,1287607.77
2026-05-31 13:00:00,4006009.58,,1294758.94
2026-05-31 14:00:00,4056564.17,,1307981.45
2026-05-31 15:00:00,4018575.16,,1281700.29
2026-05-31 16:00:00,4059970.33,,1286618.94
2026-05-31 17:00:00,4051599.65,,1287331.79
2026-05-31 18:00:00,4079958.14,,1292019.75
2026-05-31 19:00:00,4142886.64,,1308877.60
2026-05-31 20:00:00,4101585.47,,1292998.27
2026-05-31 21:00:00,4132767.92,,1312327.88
2026-05-31 22:00:00,4164159.78,,1321949.79
2026-05-31 23:00:00,4202410.58,,1329995.44
2026-06-01 00:00:00,4195785.33,,1323195.00
2026-06-01 01:00:00,4224122.06,,1328955.40
2026-06-01 02:00:00,4183165.24,,1314797.51
2026-06-01 03:00:00,4259976.86,,1331880.90
2026-06-01 04:00:00,4290661.89,,1359158.96
2026-06-01 05:00:00,4268588.43,,1330551.52
2026-06-01 06:00:00,4206475.47,,1297649.78
2026-06-01 07:00:00,4087955.20,,1278192.48
2026-06-01 08:00:00,4052122.43,,1282709.15
2026-06-01 09:00:00,4112491.22,,1329257.13
2026-06-01 10:00:00,4141889.56,,1332148.32
2026-06-01 11:00:00,4162298.94,,1340447.82
2026-06-01 12:00:00,4117000.56,,1325172.18
2026-06-01 13:00:00,4142855.53,,1339915.13
2026-06-01 14:00:00,4094536.76,,1319482.32
2026-06-01 15:00:00,4072464.23,,1320819.24
2026-06-01 16:00:00,4070519.96,,1319589.76
2026-06-01 17:00:00,4233758.19,,1373752.87
2026-06-01 18:00:00,4463316.19,,1419791.26
2026-06-01 19:00:00,4447209.98,,1395576.86
2026-06-01 20:00:00,4447746.15,,1399319.61
2026-06-01 21:00:00,4421244.22,,1389897.16
2026-06-01 22:00:00,4383411.13,,1389450.24
2026-06-01 23:00:00,4401419.36,,1385657.27
2026-06-02 00:00:00,4400489.60,,1370614.19
2026-06-02 01:00:00,4362534.67,,1363201.93
2026-06-02 02:00:00,4441847.75,,1401270.06
2026-06-02 03:00:00,4545798.26,,1421152.92
2026-06-02 04:00:00,4462353.00,,1382494.05
2026-06-02 05:00:00,4434473.17,,1374983.83
2026-06-02 06:00:00,4411006.69,,1374330.11
2026-06-02 07:00:00,4490340.28,,1386768.43
2026-06-02 08:00:00,4537997.60,,1384748.96
2026-06-02 09:00:00,4535090.12,,1374807.16
2026-06-02 10:00:00,4738438.89,,1449204.11
2026-06-02 11:00:00,4637307.94,,1424351.04
2026-06-02 12:00:00,4589402.92,,1366128.25
2026-06-02 13:00:00,4601163.69,,1367402.93
2026-06-02 14:00:00,4547898.80,,1357412.49
2026-06-02 15:00:00,4266632.16,,1291555.36
2026-06-02 16:00:00,4257437.90,,1288758.96
2026-06-02 17:00:00,4301616.92,,1294510.47
2026-06-02 18:00:00,4346834.34,,1307086.33
2026-06-02 19:00:00,4295973.80,,1290003.96
2026-06-02 20:00:00,4250380.15,,1292006.64
2026-06-02 21:00:00,4267348.53,,1302695.57
2026-06-02 22:00:00,4227222.49,,1288263.42
2026-06-02 23:00:00,4114141.79,,1270696.05
2026-06-03 00:00:00,4179892.93,,1299732.40
2026-06-03 01:00:00,4216603.17,,1309870.31
2026-06-03 02:00:00,4216256.82,,1315450.61
2026-06-03 03:00:00,4340181.77,,1340515.74
2026-06-03 04:00:00,4296981.46,,1340055.59
2026-06-03 05:00:00,4314955.02,,1362067.34
2026-06-03 06:00:00,4336953.95,,1367429.78
2026-06-03 07:00:00,4298077.87,,1339846.31
2026-06-03 08:00:00,4346412.23,,1352161.61
2026-06-03 09:00:00,4421885.84,,1402809.24
2026-06-03 10:00:00,4512449.42,,1423355.99
2026-06-03 11:00:00,4502080.08,,1397249.69
2026-06-03 12:00:00,4474630.31,,1380532.76
2026-06-03 13:00:00,4505277.41,,1382077.97
2026-06-03 14:00:00,4503787.70,,1358452.59
2026-06-03 15:00:00,4491168.78,,1346522.72
2026-06-03 16:00:00,4466263.74,,1338186.92
2026-06-03 17:00:00,4405827.52,,1337997.99
2026-06-03 18:00:00,4385831.84,,1332475.03
2026-06-03 19:00:00,4392186.14,,1334717.34
2026-06-03 20:00:00,4313238.36,,1314079.76
2026-06-03 21:00:00,4258895.47,,1292251.22
2026-06-03 22:00:00,4387751.85,,1316790.96
2026-06-03 23:00:00,4309862.83,,1299528.39
2026-06-04 00:00:00,4262951.29,,1281143.81
2026-06-04 01:00:00,4181056.43,,1250621.98
2026-06-04 02:00:00,4031162.25,,1221769.07
2026-06-04 03:00:00,3931398.21,,1219756.98
2026-06-04 04:00:00,4069835.84,,1303563.32
2026-06-04 05:00:00,4001616.24,,1264421.89
2026-06-04 06:00:00,4123296.93,,1257538.48
2026-06-04 07:00:00,4185879.86,,1273490.88
2026-06-04 08:00:00,4136788.79,,1272399.77
2026-06-04 09:00:00,4149751.16,,1271531.29
2026-06-04 10:00:00,4213995.79,,1284216.15
2026-06-04 11:00:00,4206478.97,,1283258.16
2026-06-04 12:00:00,4166984.43,,1271355.97
2026-06-04 13:00:00,4215856.77,,1305216.45
2026-06-04 14:00:00,4227376.52,,1317230.51
2026-06-04 15:00:00,4223564.09,,1320959.59
2026-06-04 16:00:00,4277417.80,,1321316.31
2026-06-04 17:00:00,4264195.75,,1313175.65
2026-06-04 18:00:00,4212161.54,,1287984.21
2026-06-04 19:00:00,4221032.40,,1293273.18
2026-06-04 20:00:00,4193068.06,,1289408.70
2026-06-04 21:00:00,4169595.73,,1271638.98
2026-06-04 22:00:00,4094116.97,,1258712.54
2026-06-04 23:00:00,4117528.98,,1262449.86
2026-06-05 00:00:00,4110602.85,,1267462.52
2026-06-05 01:00:00,4087214.86,,1265262.31
2026-06-05 02:00:00,4141351.23,,1313203.24
2026-06-05 03:00:00,4133856.55,,1315437.69
2026-06-05 04:00:00,4119971.94,,1344754.42
2026-06-05 05:00:00,4236024.95,,1504096.75
2026-06-05 06:00:00,4230811.38,,1508678.19
2026-06-05 07:00:00,4207594.25,,1471024.67
2026-06-05 08:00:00,4353877.68,,1586971.73
2026-06-05 09:00:00,4286603.59,,1601856.29
2026-06-05 10:00:00,4418826.36,,1649543.66
2026-06-05 11:00:00,4448217.60,,1678346.97
2026-06-05 12:00:00,4318661.89,,1611159.73
2026-06-05 13:00:00,4398068.29,,1643445.80
2026-06-05 14:00:00,4412053.27,,1674425.33
2026-06-05 15:00:00,4446187.94,,1698983.56
2026-06-05 16:00:00,4342532.54,,1636916.27
2026-06-05 17:00:00,4429514.08,,1631236.41
2026-06-05 18:00:00,4332199.87,,1563503.56
2026-06-05 19:00:00,4263841.35,,1498714.14
2026-06-05 20:00:00,4344523.84,,1532521.67
2026-06-05 21:00:00,4361581.26,,1522474.26
2026-06-05 22:00:00,4397687.61,,1525370.60
2026-06-05 23:00:00,4373979.21,,1546585.71
2026-06-06 00:00:00,4302399.41,,1508311.97
2026-06-06 01:00:00,4320112.23,,1517957.36
2026-06-06 02:00:00,4282388.69,,1504019.63
2026-06-06 03:00:00,4226186.80,,1486035.68
2026-06-06 04:00:00,4238781.23,,1489396.90
2026-06-06 05:00:00,4150657.10,,1459382.87
2026-06-06 06:00:00,4379056.66,,1496263.34
2026-06-06 07:00:00,4355804.25,,1493531.75
2026-06-06 08:00:00,4351334.75,,1492933.72
2026-06-06 09:00:00,4355812.74,,1499588.07
2026-06-06 10:00:00,4296812.49,,1485945.96
2026-06-06 11:00:00,4340583.39,,1489174.22
2026-06-06 12:00:00,4324954.18,,1509526.58
2026-06-06 13:00:00,4365647.18,,1517928.80
2026-06-06 14:00:00,4627270.32,,1625292.94
2026-06-06 15:00:00,4938782.46,,1788834.80
2026-06-06 16:00:00,4863411.50,,1844664.80
2026-06-06 17:00:00,4863667.16,,1834579.71
2026-06-06 18:00:00,4833891.68,,1785058.71
2026-06-06 19:00:00,4847062.11,,1784641.72
2026-06-06 20:00:00,4900636.06,,1791953.73
2026-06-06 21:00:00,4958580.10,,1807299.21
2026-06-06 22:00:00,4939047.50,,1794312.14
2026-06-06 23:00:00,4966407.50,,1792433.40
2026-06-07 00:00:00,5065189.10,,1811497.21
2026-06-07 01:00:00,5133726.52,,1834919.52
2026-06-07 02:00:00,5172397.58,,1841934.47
2026-06-07 03:00:00,5072182.23,,1800363.59
2026-06-07 04:00:00,5027978.75,,1788204.16
2026-06-07 05:00:00,5053287.96,,1805233.23
2026-06-07 06:00:00,5036398.20,,1791006.75
2026-06-07 07:00:00,5000313.84,,1787671.66
2026-06-07 08:00:00,4959090.36,,1802403.31
2026-06-07 09:00:00,5023485.72,,1814693.70
2026-06-07 10:00:00,5035018.05,,1790343.67
2026-06-07 11:00:00,4959908.52,,1779240.69
2026-06-07 12:00:00,4919608.98,,1750889.31
2026-06-07 13:00:00,4837201.73,,1725150.45
2026-06-07 14:00:00,4823594.34,,1707201.70
2026-06-07 15:00:00,4871640.09,,1733078.75
2026-06-07 16:00:00,4809122.50,,1670722.44
2026-06-07 17:00:00,4773304.44,,1662048.93
2026-06-07 18:00:00,4766712.19,,1661405.38
2026-06-07 19:00:00,4773744.65,,1672800.66
2026-06-07 20:00:00,4771580.83,,1649875.92
2026-06-07 21:00:00,4786999.84,,1661462.72
2026-06-07 22:00:00,4803956.01,,1668300.24
2026-06-07 23:00:00,4846914.99,,1680797.74
2026-06-08 00:00:00,4849734.61,,1688178.15
2026-06-08 01:00:00,5178211.88,,1824123.00
2026-06-08 02:00:00,5126695.38,,1856254.97
2026-06-08 03:00:00,5098126.72,,1856132.22
2026-06-08 04:00:00,4994176.41,,1810372.90
2026-06-08 05:00:00,4863425.10,,1715512.84
2026-06-08 06:00:00,4831572.87,,1714593.78
2026-06-08 07:00:00,4833672.35,,1716004.76
2026-06-08 08:00:00,4826467.86,,1716480.84
2026-06-08 09:00:00,4918517.59,,1723422.78
2026-06-08 10:00:00,4981648.41,,1744140.00
2026-06-08 11:00:00,4959823.27,,1737370.31
2026-06-08 12:00:00,4935470.16,,1727606.65
2026-06-08 13:00:00,4918238.95,,1710316.83
2026-06-08 14:00:00,4876722.41,,1702284.47
2026-06-08 15:00:00,4925240.42,,1739848.59
2026-06-08 16:00:00,4903132.43,,1750596.55
2026-06-08 17:00:00,4906670.70,,1727434.18
2026-06-08 18:00:00,4933213.81,,1738729.52
2026-06-08 19:00:00,4902502.15,,1726316.93
2026-06-08 20:00:00,4868053.42,,1719294.79
2026-06-08 21:00:00,4873231.47,,1723154.42
2026-06-08 22:00:00,4876665.95,,1718938.05
2026-06-08 23:00:00,4830447.80,,1699451.76
2026-06-09 00:00:00,4757374.08,,1666096.97
2026-06-09 01:00:00,4665472.90,,1640556.79
2026-06-09 02:00:00,4873060.53,,1715952.66
2026-06-09 03:00:00,4841361.16,,1759926.76
2026-06-09 04:00:00,4874397.02,,1770671.39
2026-06-09 05:00:00,4810062.63,,1730059.31
2026-06-09 06:00:00,4832747.60,,1737165.17
2026-06-09 07:00:00,4840506.12,,1739048.37
2026-06-09 08:00:00,4813077.63,,1723028.95
2026-06-09 09:00:00,4819559.92,,1709271.55
2026-06-09 10:00:00,4881655.62,,1728991.16
2026-06-09 11:00:00,5014788.56,,1769394.19
2026-06-09 12:00:00,5075902.27,,1754196.36
2026-06-09 13:00:00,5121421.11,,1760455.42
2026-06-09 14:00:00,5117023.00,,1752324.83
2026-06-09 15:00:00,5105640.40,,1730840.90
2026-06-09 16:00:00,5145027.60,,1768347.82
2026-06-09 17:00:00,5283960.01,,1851036.62
2026-06-09 18:00:00,5299310.97,,1843734.24
2026-06-09 19:00:00,5319297.05,,1844229.79
2026-06-09 20:00:00,5325596.32,,1847527.77
2026-06-09 21:00:00,5297894.52,,1830750.92
2026-06-09 22:00:00,5351218.94,,1842986.19
2026-06-09 23:00:00,5332229.60,,1816329.84
2026-06-10 00:00:00,5357655.07,,1785741.12
2026-06-10 01:00:00,5407281.68,,1791354.41
2026-06-10 02:00:00,5348313.51,,1752698.35
2026-06-10 03:00:00,5217512.57,,1688062.82
2026-06-10 04:00:00,5152237.66,,1669529.85
2026-06-10 05:00:00,5023622.92,,1614650.29
2026-06-10 06:00:00,5059598.26,,1619497.90
2026-06-10 07:00:00,5169103.65,,1652856.66
2026-06-10 08:00:00,5354824.85,,1708788.81
2026-06-10 09:00:00,5386845.43,,1706334.88
2026-06-10 10:00:00,5416145.47,,1708248.54
2026-06-10 11:00:00,5439575.09,,1716257.34
2026-06-10 12:00:00,5343519.05,,1685517.04
2026-06-10 13:00:00,5441190.59,,1711926.06
2026-06-10 14:00:00,5581125.32,,1766153.32
2026-06-10 15:00:00,5585886.24,,1748797.44
2026-06-10 16:00:00,5473920.67,,1707643.62
2026-06-10 17:00:00,5446456.18,,1718707.18
2026-06-10 18:00:00,5462303.96,,1722006.80
2026-06-10 19:00:00,5427471.68,,1710097.36
2026-06-10 20:00:00,5409952.69,,1706043.26
2026-06-10 21:00:00,5407404.29,,1697248.41
2026-06-10 22:00:00,5435010.75,,1707323.35
2026-06-10 23:00:00,5449128.28,,1698897.39
2026-06-11 00:00:00,5471396.46,,1706947.75
2026-06-11 01:00:00,5576957.75,,1743675.65
2026-06-11 02:00:00,5513108.40,,1716235.32
2026-06-11 03:00:00,5550765.72,,1730865.52
2026-06-11 04:00:00,5560162.93,,1739231.77
2026-06-11 05:00:00,5497373.67,,1718279.35
2026-06-11 06:00:00,5504631.60,,1718054.57
2026-06-11 07:00:00,5372234.79,,1725279.55
2026-06-11 08:00:00,5427053.27,,1753919.60
2026-06-11 09:00:00,5385031.24,,1751656.10
2026-06-11 10:00:00,5106399.05,,1676985.64
2026-06-11 11:00:00,5157213.95,,1712558.50
2026-06-11 12:00:00,5111172.56,,1702235.61
2026-06-11 13:00:00,5054841.03,,1680302.90
2026-06-11 14:00:00,5110103.91,,1696385.66
2026-06-11 15:00:00,5071753.99,,1685747.12
2026-06-11 16:00:00,5070119.29,,1696400.70
2026-06-11 17:00:00,5050939.09,,1699453.06
2026-06-11 18:00:00,5117807.84,,1725109.98
2026-06-11 19:00:00,5046920.49,,1723257.13
2026-06-11 20:00:00,5031620.05,,1723017.14
2026-06-11 21:00:00,5015651.10,,1726764.63
2026-06-11 22:00:00,5023104.71,,1728575.59
2026-06-11 23:00:00,5007675.63,,1708816.52
2026-06-12 00:00:00,5074720.58,,1768396.22
2026-06-12 01:00:00,5123985.27,,1787032.63
2026-06-12 02:00:00,5362136.64,,1874613.23
2026-06-12 03:00:00,5211504.29,,1804425.28
2026-06-12 04:00:00,5211932.88,,1805611.91
2026-06-12 05:00:00,5156767.49,,1790481.96
2026-06-12 06:00:00,5218742.69,,1821412.51
2026-06-12 07:00:00,5183367.90,,1803386.86
2026-06-12 08:00:00,5307693.10,,1844726.87
2026-06-12 09:00:00,5312290.41,,1841835.15
2026-06-12 10:00:00,5303586.22,,1846577.16
2026-06-12 11:00:00,5395203.67,,1929522.58
2026-06-12 12:00:00,5483907.45,,1984203.11
2026-06-12 13:00:00,5522470.63,,2026557.98
2026-06-12 14:00:00,5487603.11,,1994605.48
2026-06-12 15:00:00,5493245.58,,1998012.18
2026-06-12 16:00:00,5424811.51,,1957069.29
2026-06-12 17:00:00,5374347.56,,1935159.24
2026-06-12 18:00:00,5357269.92,,1911379.13
2026-06-12 19:00:00,5330464.60,,1895847.38
2026-06-12 20:00:00,5295401.21,,1871513.17
2026-06-12 21:00:00,5269051.50,,1868121.73
2026-06-12 22:00:00,5259831.84,,1869980.86
2026-06-12 23:00:00,5233664.12,,1863022.77
2026-06-13 00:00:00,5265801.29,,1881754.46
2026-06-13 01:00:00,5190519.51,,1846817.95
2026-06-13 02:00:00,5290113.38,,1881777.38
2026-06-13 03:00:00,5311366.53,,1888622.21
2026-06-13 04:00:00,5333695.11,,1891597.56
2026-06-13 05:00:00,5273356.84,,1878635.36
2026-06-13 06:00:00,5397801.35,,1925251.29
2026-06-13 07:00:00,5417408.66,,1911623.33
2026-06-13 08:00:00,5372325.02,,1898857.24
2026-06-13 09:00:00,5342212.30,,1908256.65
2026-06-13 10:00:00,5305504.49,,1895440.76
2026-06-13 11:00:00,5257989.58,,1901702.79
2026-06-13 12:00:00,5222927.02,,1889900.16
2026-06-13 13:00:00,5257928.87,,1922115.77
2026-06-13 14:00:00,5388403.90,,1953599.81
2026-06-13 15:00:00,5364231.30,,1925432.66
2026-06-13 16:00:00,5395627.42,,1932933.80
2026-06-13 17:00:00,5329098.33,,1921905.08
2026-06-13 18:00:00,5305997.84,,1914285.37
2026-06-13 19:00:00,5270098.86,,1906207.01
2026-06-13 20:00:00,5234219.49,,1898299.78
2026-06-13 21:00:00,5224873.06,,1902428.98
2026-06-13 22:00:00,5238602.21,,1905810.21
2026-06-13 23:00:00,5268863.80,,1921928.33
2026-06-14 00:00:00,5335725.66,,1931998.87
2026-06-14 01:00:00,5344112.22,,1927668.11
2026-06-14 02:00:00,5361952.41,,1934042.63
2026-06-14 03:00:00,5343006.20,,1930573.01
2026-06-14 04:00:00,5351747.14,,1931338.50
2026-06-14 05:00:00,5305517.60,,1913250.90
2026-06-14 06:00:00,5390673.18,,1944652.10
2026-06-14 07:00:00,5531473.05,,1977818.38
2026-06-14 08:00:00,5491151.76,,1950936.97
2026-06-14 09:00:00,5587478.21,,1987298.09
2026-06-14 10:00:00,5628575.94,,2019361.16
2026-06-14 11:00:00,5620922.16,,2015048.16
2026-06-14 12:00:00,5544177.61,,1987116.80
2026-06-14 13:00:00,5513189.30,,1971304.14
2026-06-14 14:00:00,5515540.96,,1972839.25
2026-06-14 15:00:00,5444880.51,,1949108.10
2026-06-14 16:00:00,5416008.56,,1938269.58
2026-06-14 17:00:00,5410764.55,,1936951.64
2026-06-14 18:00:00,5319031.20,,1894525.82
2026-06-14 19:00:00,5290255.18,,1886581.55
2026-06-14 20:00:00,5224293.84,,1876593.41
2026-06-14 21:00:00,5165053.45,,1847867.74
2026-06-14 22:00:00,5294269.78,,1873642.58
2026-06-14 23:00:00,5295650.55,,1859810.34
2026-06-15 00:00:00,5259281.75,,1861143.89
2026-06-15 01:00:00,5265865.65,,1868885.33
2026-06-15 02:00:00,5358652.06,,1896026.18
2026-06-15 03:00:00,5380086.77,,1919494.43
2026-06-15 04:00:00,5406042.18,,1915566.78
2026-06-15 05:00:00,5407015.04,,1929070.97
2026-06-15 06:00:00,5365077.78,,1901212.56
2026-06-15 07:00:00,5329693.66,,1890384.64
2026-06-15 08:00:00,5393540.78,,1906249.35
2026-06-15 09:00:00,5352353.50,,1912704.49
2026-06-15 10:00:00,5426262.18,,1930284.98
2026-06-15 11:00:00,5375235.12,,1922831.69
2026-06-15 12:00:00,5395145.59,,1932581.38
2026-06-15 13:00:00,5491477.96,,1953412.35
2026-06-15 14:00:00,5516178.18,,1952029.05
2026-06-15 15:00:00,5478911.95,,1922345.80
2026-06-15 16:00:00,5422697.04,,1923256.78
2026-06-15 17:00:00,5445397.49,,1936833.90
2026-06-15 18:00:00,5474155.82,,1968992.90
2026-06-15 19:00:00,5450314.12,,1957527.28
2026-06-15 20:00:00,5418861.68,,1933402.89
2026-06-15 21:00:00,5482586.81,,1946219.87
2026-06-15 22:00:00,5477596.70,,1938121.03
2026-06-15 23:00:00,5305910.27,,1864663.71
2026-06-16 00:00:00,5373133.13,,1892052.91
2026-06-16 01:00:00,5439905.96,,1902715.86
2026-06-16 02:00:00,5459650.30,,1905318.48
2026-06-16 03:00:00,5363908.83,,1881410.51
2026-06-16 04:00:00,5409144.99,,1898315.15
2026-06-16 05:00:00,5317194.96,,1866053.33
2026-06-16 06:00:00,5363856.40,,1883672.60
2026-06-16 07:00:00,5405700.42,,1891134.92
2026-06-16 08:00:00,5424898.87,,1910388.65
2026-06-16 09:00:00,5435123.34,,1902714.56
2026-06-16 10:00:00,5429907.13,,1898681.66
2026-06-16 11:00:00,5404208.12,,1882982.70
2026-06-16 12:00:00,5369485.54,,1865451.17
2026-06-16 13:00:00,5525153.11,,1913699.61
2026-06-16 14:00:00,5564539.36,,1904875.79
2026-06-16 15:00:00,5576666.27,,1894221.56
2026-06-16 16:00:00,5790516.29,,1956126.85
2026-06-16 17:00:00,5919611.78,,1981689.17
2026-06-16 18:00:00,6318438.43,,2026621.98
2026-06-16 19:00:00,6375533.17,,2046461.52
2026-06-16 20:00:00,6335225.36,,2024171.39
2026-06-16 21:00:00,6389198.10,,2034693.76
2026-06-16 22:00:00,6406772.70,,2032036.42
2026-06-16 23:00:00,6455544.69,,2035323.38
2026-06-17 00:00:00,6421824.36,,2012687.84
2026-06-17 01:00:00,6353962.48,,1964549.56
2026-06-17 02:00:00,6354399.09,,1967150.98
2026-06-17 03:00:00,6841695.75,,2057832.74
2026-06-17 04:00:00,7671561.11,,2022541.12
2026-06-17 05:00:00,7627615.79,,2017503.39
2026-06-17 06:00:00,7554133.45,,2018523.39
2026-06-17 07:00:00,7443652.34,,1981251.83
2026-06-17 08:00:00,7439304.17,,1976012.11
2026-06-17 09:00:00,7360043.37,,1935676.75
2026-06-17 10:00:00,7560351.15,,1974842.99
2026-06-17 11:00:00,7502134.18,,1966635.27
2026-06-17 12:00:00,7601101.40,,1974149.85
2026-06-17 13:00:00,7673294.82,,1974950.74
2026-06-17 14:00:00,7661578.44,,1948280.01
2026-06-17 15:00:00,7584975.15,,1931165.91
2026-06-17 16:00:00,7596027.87,,1935892.63
2026-06-17 17:00:00,7474435.54,,1893947.27
2026-06-17 18:00:00,7416523.01,,1879727.42
2026-06-17 19:00:00,7285868.44,,1848836.42
2026-06-17 20:00:00,7049068.86,,1789565.22
2026-06-17 21:00:00,7146714.43,,1831360.13
2026-06-17 22:00:00,7081345.13,,1821406.15
2026-06-17 23:00:00,7064741.92,,1826304.91
2026-06-18 00:00:00,7071111.57,,1837029.12
2026-06-18 01:00:00,6989862.37,,1822801.87
2026-06-18 02:00:00,6957691.76,,1820148.26
2026-06-18 03:00:00,6944669.87,,1818299.73
2026-06-18 04:00:00,6892979.28,,1808335.75
2026-06-18 05:00:00,6852782.40,,1788492.17
2026-06-18 06:00:00,6892790.45,,1814130.79
2026-06-18 07:00:00,6912065.55,,1822008.04
2026-06-18 08:00:00,6900964.32,,1813078.27
2026-06-18 09:00:00,6908868.40,,1836319.20
2026-06-18 10:00:00,6791713.86,,1809824.23
2026-06-18 11:00:00,6736056.31,,1836547.18
2026-06-18 12:00:00,6679035.11,,1826270.88
2026-06-18 13:00:00,6697058.97,,1830982.92
2026-06-18 14:00:00,6667654.96,,1834582.78
2026-06-18 15:00:00,6689606.94,,1847509.78
2026-06-18 16:00:00,6481964.52,,1798782.98
2026-06-18 17:00:00,6649619.44,,1851184.59
2026-06-18 18:00:00,6523753.96,,1869338.36
2026-06-18 19:00:00,6490636.65,,1877220.30
2026-06-18 20:00:00,6447367.01,,1876182.33
2026-06-18 21:00:00,6472495.76,,1877339.46
2026-06-18 22:00:00,6428383.10,,1859667.60
2026-06-18 23:00:00,6424239.84,,1854246.02
2026-06-19 00:00:00,6451317.10,,1865139.06
2026-06-19 01:00:00,6434145.65,,1854500.25
2026-06-19 02:00:00,6448802.98,,1866252.24
2026-06-19 03:00:00,6412996.29,,1863848.10
2026-06-19 04:00:00,6400897.52,,1874063.66
2026-06-19 05:00:00,6631582.56,,1934700.44
2026-06-19 06:00:00,6629416.68,,1937229.65
2026-06-19 07:00:00,6588288.53,,1920596.73
2026-06-19 08:00:00,6654354.12,,1977528.91
2026-06-19 09:00:00,6559621.71,,1950615.41
2026-06-19 10:00:00,6577545.62,,1934948.17
2026-06-19 11:00:00,6585831.83,,1932735.16
2026-06-19 12:00:00,6594779.88,,1930344.71
2026-06-19 13:00:00,6600555.52,,1928852.03
2026-06-19 14:00:00,6659002.81,,1948647.80
2026-06-19 15:00:00,6660509.75,,1949214.12
2026-06-19 16:00:00,6646249.08,,1955375.01
2026-06-19 17:00:00,6582749.07,,1944532.85
2026-06-19 18:00:00,6607007.79,,1957936.50
2026-06-19 19:00:00,6583264.11,,1967305.13
2026-06-19 20:00:00,6499688.01,,1952601.59
2026-06-19 21:00:00,6476949.05,,1955182.25
2026-06-19 22:00:00,6442971.34,,1954971.15
2026-06-19 23:00:00,6412509.03,,1950520.16
2026-06-20 00:00:00,6392009.25,,1945341.36
2026-06-20 01:00:00,6393027.40,,1953482.13
2026-06-20 02:00:00,6360330.29,,1953725.77
2026-06-20 03:00:00,6307633.04,,1929583.92
2026-06-20 04:00:00,6294016.79,,1926557.94
2026-06-20 05:00:00,6271502.21,,1923812.98
2026-06-20 06:00:00,6282544.88,,1931756.20
2026-06-20 07:00:00,6308614.92,,1942770.27
2026-06-20 08:00:00,6256082.59,,1921264.17
2026-06-20 09:00:00,6257515.82,,1921103.62
2026-06-20 10:00:00,6259999.14,,1916350.65
2026-06-20 11:00:00,6222221.52,,1906918.30
2026-06-20 12:00:00,6225680.50,,1907081.55
2026-06-20 13:00:00,6211335.25,,1904644.14
2026-06-20 14:00:00,6227175.53,,1913543.16
2026-06-20 15:00:00,6250086.77,,1933992.12
2026-06-20 16:00:00,6198624.18,,1927863.83
2026-06-20 17:00:00,6192968.26,,1928730.58
2026-06-20 18:00:00,6146806.88,,1923266.77
2026-06-20 19:00:00,6120148.17,,1923574.83
2026-06-20 20:00:00,6093446.89,,1916910.21
2026-06-20 21:00:00,6129871.55,,1933861.31
2026-06-20 22:00:00,6109420.53,,1932701.42
2026-06-20 23:00:00,6103694.56,,1936817.85
2026-06-21 00:00:00,6078755.43,,1935356.32
2026-06-21 01:00:00,6114748.61,,1955329.09
2026-06-21 02:00:00,6124593.77,,1958754.10
2026-06-21 03:00:00,6138157.58,,1965721.62
2026-06-21 04:00:00,6179101.26,,1983396.62
2026-06-21 05:00:00,6479842.29,,2123767.72
2026-06-21 06:00:00,6769661.75,,2461234.50
2026-06-21 07:00:00,6774685.81,,2387718.22
2026-06-21 08:00:00,6717454.47,,2404541.31
2026-06-21 09:00:00,6791680.94,,2456014.37
2026-06-21 10:00:00,6808027.25,,2489243.55
2026-06-21 11:00:00,6866354.72,,2494031.47
2026-06-21 12:00:00,6874569.70,,2506752.05
2026-06-21 13:00:00,6768232.59,,2435691.95
2026-06-21 14:00:00,6705694.03,,2401780.67
2026-06-21 15:00:00,6826148.88,,2462306.24
2026-06-21 16:00:00,6699537.91,,2382137.27
2026-06-21 17:00:00,6655921.59,,2329893.81
2026-06-21 18:00:00,6636918.27,,2304062.08
2026-06-21 19:00:00,6657312.91,,2272337.53
2026-06-21 20:00:00,6687321.29,,2269296.86
2026-06-21 21:00:00,6668436.42,,2247841.72
2026-06-21 22:00:00,6662853.04,,2241904.37
2026-06-21 23:00:00,6726085.57,,2264989.35
2026-06-22 00:00:00,6641238.20,,2233235.45
2026-06-22 01:00:00,6634520.90,,2224222.29
2026-06-22 02:00:00,6603159.00,,2190451.63
2026-06-22 03:00:00,6505021.39,,2122835.72
2026-06-22 04:00:00,6489388.34,,2099355.53
2026-06-22 05:00:00,6423724.71,,2074664.64
2026-06-22 06:00:00,6359911.96,,2055981.07
2026-06-22 07:00:00,6336710.49,,2054437.86
2026-06-22 08:00:00,6363843.70,,2062117.27
2026-06-22 09:00:00,6407871.45,,2076632.03
2026-06-22 10:00:00,6465490.72,,2090365.70
2026-06-22 11:00:00,6396638.96,,2073703.35
2026-06-22 12:00:00,6416551.26,,2082832.24
2026-06-22 13:00:00,6406306.60,,2080927.97
2026-06-22 14:00:00,6410295.58,,2074696.51
2026-06-22 15:00:00,6408639.31,,2077538.46
2026-06-22 16:00:00,6355513.04,,2051059.86
2026-06-22 17:00:00,6319315.73,,2046320.69
2026-06-22 18:00:00,6319016.20,,2038056.48
2026-06-22 19:00:00,6233581.48,,2015638.76
2026-06-22 20:00:00,6213756.64,,1989785.50
2026-06-22 21:00:00,6165007.10,,1974906.45
2026-06-22 22:00:00,6143936.13,,1967412.33
2026-06-22 23:00:00,6117383.98,,1965199.34
2026-06-23 00:00:00,6098547.63,,1941293.30
2026-06-23 01:00:00,6171404.92,,1957808.10
2026-06-23 02:00:00,6101261.32,,1931896.16
2026-06-23 03:00:00,6110093.37,,1938270.21
2026-06-23 04:00:00,6106466.78,,1939524.15
2026-06-23 05:00:00,6118259.27,,1944398.58
2026-06-23 06:00:00,6028669.85,,1912929.37
2026-06-23 07:00:00,5959775.46,,1830182.51
2026-06-23 08:00:00,5942751.84,,1829860.10
2026-06-23 09:00:00,5904829.01,,1819875.86
2026-06-23 10:00:00,5926906.74,,1825551.25
2026-06-23 11:00:00,5947980.89,,1822806.88
2026-06-23 12:00:00,5924866.94,,1810899.67
2026-06-23 13:00:00,5848400.65,,1790902.25
2026-06-23 14:00:00,5889688.58,,1794948.51
2026-06-23 15:00:00,5898905.07,,1790361.09
2026-06-23 16:00:00,5894776.69,,1813471.59
2026-06-23 17:00:00,5891346.33,,1805506.96
2026-06-23 18:00:00,5864674.16,,1801188.83
2026-06-23 19:00:00,5788680.89,,1778097.93
2026-06-23 20:00:00,5812234.13,,1791189.88
2026-06-23 21:00:00,5774775.44,,1780170.13
2026-06-23 22:00:00,5776962.87,,1783437.46
2026-06-23 23:00:00,5798820.39,,1783856.83
2026-06-24 00:00:00,5781099.57,,1774776.92
2026-06-24 01:00:00,5760236.59,,1771206.44
2026-06-24 02:00:00,5816376.47,,1794231.16
2026-06-24 03:00:00,5767593.02,,1779852.40
2026-06-24 04:00:00,5777721.05,,1780059.15
2026-06-24 05:00:00,5750525.18,,1775174.11
2026-06-24 06:00:00,5751019.40,,1775499.25
2026-06-24 07:00:00,5766422.37,,1787113.51
2026-06-24 08:00:00,5806089.78,,1804025.16
2026-06-24 09:00:00,5810876.91,,1810794.25
2026-06-24 10:00:00,5850659.59,,1819751.76
2026-06-24 11:00:00,5819522.33,,1809371.23
2026-06-24 12:00:00,5788742.95,,1782029.40
2026-06-24 13:00:00,5817877.32,,1782492.40
2026-06-24 14:00:00,5812405.03,,1779089.44
2026-06-24 15:00:00,5868772.01,,1795861.81
2026-06-24 16:00:00,5812119.56,,1775477.47
2026-06-24 17:00:00,5743522.40,,1746596.10
2026-06-24 18:00:00,5656954.89,,1721728.09
2026-06-24 19:00:00,5682535.83,,1725540.52
2026-06-24 20:00:00,5668274.18,,1722542.91
2026-06-24 21:00:00,5818023.49,,1776811.63
2026-06-24 22:00:00,5790848.17,,1770927.77
2026-06-24 23:00:00,5799154.98,,1771389.31
2026-06-25 00:00:00,5811461.86,,1771694.14
2026-06-25 01:00:00,5800466.08,,1757713.48
2026-06-25 02:00:00,5889858.30,,1785793.28
2026-06-25 03:00:00,5838429.70,,1773651.00
2026-06-25 04:00:00,5829969.15,,1769914.99
2026-06-25 05:00:00,5862402.90,,1780043.83
2026-06-25 06:00:00,5870758.64,,1780994.72
2026-06-25 07:00:00,5867053.20,,1777895.60
2026-06-25 08:00:00,5895042.91,,1790707.75
2026-06-25 09:00:00,5880530.46,,1785634.18
2026-06-25 10:00:00,5939201.12,,1800392.79
2026-06-25 11:00:00,5902995.73,,1786954.98
2026-06-25 12:00:00,5893382.46,,1778192.49
2026-06-25 13:00:00,5880218.15,,1781941.16
2026-06-25 14:00:00,5627482.09,,1699954.39
2026-06-25 15:00:00,5847633.94,,1769127.94
2026-06-25 16:00:00,5881349.83,,1799991.76
2026-06-25 17:00:00,6035637.50,,1847537.73
2026-06-25 18:00:00,6098401.30,,1885750.00
2026-06-25 19:00:00,6059684.92,,1867369.38
2026-06-25 20:00:00,6107634.07,,1900466.21
2026-06-25 21:00:00,6146651.94,,1917949.34
2026-06-25 22:00:00,6202018.63,,1928850.74
2026-06-25 23:00:00,6168917.60,,1917111.60
2026-06-26 00:00:00,6176753.06,,1926015.44
2026-06-26 01:00:00,6092394.44,,1898385.55
2026-06-26 02:00:00,6011374.33,,1875841.71
2026-06-26 03:00:00,5905124.70,,1824780.32
2026-06-26 04:00:00,5990095.64,,1860398.73
2026-06-26 05:00:00,5940596.56,,1840795.41
2026-06-26 06:00:00,5982309.19,,1855330.83
2026-06-26 07:00:00,6042603.91,,1871204.72
2026-06-26 08:00:00,6107197.26,,1886464.42
2026-06-26 09:00:00,6187690.12,,1920756.81
2026-06-26 10:00:00,6125080.95,,1908022.11
2026-06-26 11:00:00,6091695.34,,1902866.55
2026-06-26 12:00:00,6050631.96,,1894544.75
2026-06-26 13:00:00,6027996.36,,1876329.39
2026-06-26 14:00:00,6074838.88,,1879446.38
2026-06-26 15:00:00,6160411.96,,1898036.08
2026-06-26 16:00:00,6110088.71,,1878278.57
2026-06-26 17:00:00,6124740.86,,1881887.25
2026-06-26 18:00:00,6120002.04,,1876714.15
2026-06-26 19:00:00,6102177.79,,1873031.61
2026-06-26 20:00:00,6094351.52,,1862981.29
2026-06-26 21:00:00,6081564.03,,1864171.26
2026-06-26 22:00:00,6083975.45,,1873430.06
2026-06-26 23:00:00,6109053.68,,1880723.10
2026-06-27 00:00:00,6175371.82,,1898534.96
2026-06-27 01:00:00,6248553.83,,1914829.22
2026-06-27 02:00:00,6235069.68,,1913306.67
2026-06-27 03:00:00,6223480.22,,1911691.53
2026-06-27 04:00:00,6168749.91,,1904057.15
2026-06-27 05:00:00,6177571.13,,1906465.38
2026-06-27 06:00:00,6143315.96,,1908395.65
2026-06-27 07:00:00,6073729.00,,1872266.11
2026-06-27 08:00:00,6091339.12,,1865269.11
2026-06-27 09:00:00,6053743.09,,1840487.66
2026-06-27 10:00:00,6091779.38,,1850846.97
2026-06-27 11:00:00,6096325.85,,1848146.40
2026-06-27 12:00:00,6056971.20,,1836632.11
2026-06-27 13:00:00,6048774.03,,1837425.08
2026-06-27 14:00:00,6104772.72,,1852534.74
2026-06-27 15:00:00,6098183.11,,1842911.35
2026-06-27 16:00:00,6149652.97,,1860745.48
2026-06-27 17:00:00,6146307.48,,1858619.97
2026-06-27 18:00:00,6102732.46,,1844898.03
2026-06-27 19:00:00,6216190.38,,1888757.40
2026-06-27 20:00:00,6155550.70,,1866225.41
2026-06-27 21:00:00,6193925.05,,1885717.36
2026-06-27 22:00:00,6152285.68,,1875294.21
2026-06-27 23:00:00,6121019.98,,1866193.78
2026-06-28 00:00:00,6098114.48,,1858959.00
2026-06-28 01:00:00,6071204.98,,1850612.13
2026-06-28 02:00:00,6126101.49,,1871283.87
2026-06-28 03:00:00,6051251.09,,1850346.26
2026-06-28 04:00:00,6143532.86,,1875215.45
2026-06-28 05:00:00,6163180.55,,1877061.27
2026-06-28 06:00:00,6112052.08,,1857817.75
2026-06-28 07:00:00,6099964.58,,1854014.02
2026-06-28 08:00:00,6140454.71,,1863361.63
2026-06-28 09:00:00,6108727.49,,1852971.30
2026-06-28 10:00:00,5981285.78,,1821152.72
2026-06-28 11:00:00,5993648.04,,1824146.14
2026-06-28 12:00:00,6043443.35,,1825479.00
2026-06-28 13:00:00,6073578.61,,1831481.73
2026-06-28 14:00:00,6283678.52,,1877036.12
2026-06-28 15:00:00,6477770.77,,1932711.86
2026-06-28 16:00:00,6578807.68,,1947262.54
2026-06-28 17:00:00,6510051.73,,1946617.47
2026-06-28 18:00:00,6518874.88,,1961476.63
2026-06-28 19:00:00,6582730.69,,1971427.23
2026-06-28 20:00:00,6561190.66,,1950032.08
2026-06-28 21:00:00,6655479.40,,1984266.71
2026-06-28 22:00:00,6624511.25,,2017679.54
2026-06-28 23:00:00,6531710.22,,2021227.10
2026-06-29 00:00:00,6342050.09,,1907039.00
2026-06-29 01:00:00,6177444.14,,1855626.02
2026-06-29 02:00:00,6206705.79,,1859592.82
2026-06-29 03:00:00,6264266.72,,1882421.61
2026-06-29 04:00:00,6282069.29,,1890606.46
2026-06-29 05:00:00,6258965.75,,1888027.13
2026-06-29 06:00:00,6335537.34,,1910385.20
2026-06-29 07:00:00,6294866.67,,1901112.62
2026-06-29 08:00:00,6239324.45,,1883409.55
2026-06-29 09:00:00,6243425.61,,1880458.42
2026-06-29 10:00:00,6291648.12,,1889489.29
2026-06-29 11:00:00,6234555.82,,1872501.82
2026-06-29 12:00:00,6211345.26,,1866392.56
2026-06-29 13:00:00,6159557.44,,1855089.21
2026-06-29 14:00:00,6220274.55,,1874966.92
2026-06-29 15:00:00,6229203.86,,1874035.31
2026-06-29 16:00:00,6312333.93,,1897465.93
2026-06-29 17:00:00,6385166.05,,1913013.10
2026-06-29 18:00:00,6433516.92,,1922931.50
2026-06-29 19:00:00,6368517.73,,1898418.76
2026-06-29 20:00:00,6345628.66,,1890986.05
2026-06-29 21:00:00,6326192.29,,1883031.33
2026-06-29 22:00:00,6371055.72,,1892028.04
2026-06-29 23:00:00,6367742.42,,1891939.06
2026-06-30 00:00:00,6362337.20,,1883609.53
2026-06-30 01:00:00,6253672.44,,1856690.81
2026-06-30 02:00:00,6380658.45,,1887157.98
2026-06-30 03:00:00,6480983.84,,1917114.80
2026-06-30 04:00:00,6286157.33,,1859134.23
2026-06-30 05:00:00,6187474.39,,1809495.94
2026-06-30 06:00:00,6042543.20,,1783292.29
2026-06-30 07:00:00,6045613.90,,1785719.84
2026-06-30 08:00:00,6163935.98,,1811018.75
2026-06-30 09:00:00,6284491.12,,1841420.00
2026-06-30 10:00:00,6291446.52,,1842771.72
2026-06-30 11:00:00,6125896.65,,1795583.96
2026-06-30 12:00:00,6025637.93,,1783214.32
2026-06-30 13:00:00,5906496.23,,1755859.34
2026-06-30 14:00:00,5878413.17,,1753845.10
2026-06-30 15:00:00,5846645.10,,1743597.16
2026-06-30 16:00:00,5846486.91,,1755970.60
2026-06-30 17:00:00,5786524.53,,1740205.61
2026-06-30 18:00:00,5758494.67,,1730442.68
2026-06-30 19:00:00,5760713.79,,1744343.96
2026-06-30 20:00:00,5747210.29,,1734475.17
2026-06-30 21:00:00,5682533.26,,1716187.54
2026-06-30 22:00:00,5682253.89,,1721039.75
2026-06-30 23:00:00,5657959.06,,1714131.64
2026-07-01 00:00:00,5705260.43,,1727430.20
2026-07-01 01:00:00,5700466.04,,1721877.24
2026-07-01 02:00:00,5641248.73,,1699778.29
2026-07-01 03:00:00,5587161.59,,1693755.22
2026-07-01 04:00:00,5662227.92,,1716390.73
2026-07-01 05:00:00,5690241.22,,1730375.28
2026-07-01 06:00:00,5687716.88,,1725945.34
2026-07-01 07:00:00,5634301.05,,1723177.37
2026-07-01 08:00:00,5635748.26,,1722537.96
2026-07-01 09:00:00,5684652.89,,1742040.54
2026-07-01 10:00:00,5692309.35,,1741074.43
2026-07-01 11:00:00,5638695.27,,1727173.78
2026-07-01 12:00:00,5646969.42,,1724379.89
2026-07-01 13:00:00,5644551.41,,1723743.36
2026-07-01 14:00:00,5676059.28,,1720616.96
2026-07-01 15:00:00,5731743.28,,1738962.46
2026-07-01 16:00:00,5719081.12,,1733142.81
2026-07-01 17:00:00,5664612.37,,1714197.32
2026-07-01 18:00:00,5658708.55,,1715674.36
2026-07-01 19:00:00,5579737.48,,1691842.63
2026-07-01 20:00:00,5568239.01,,1692305.60
2026-07-01 21:00:00,5576102.72,,1691408.50
2026-07-01 22:00:00,5659672.58,,1720644.63
2026-07-01 23:00:00,5627639.10,,1717406.49
2026-07-02 00:00:00,5624532.52,,1711416.10
2026-07-02 01:00:00,5645518.05,,1714912.92
2026-07-02 02:00:00,5702903.40,,1734185.21
2026-07-02 03:00:00,5777519.21,,1762652.42
2026-07-02 04:00:00,5805539.70,,1758844.18
2026-07-02 05:00:00,5756730.51,,1744192.15
2026-07-02 06:00:00,5721031.56,,1733688.42
2026-07-02 07:00:00,5650932.49,,1720603.43
2026-07-02 08:00:00,5657848.19,,1722672.52
2026-07-02 09:00:00,5676979.48,,1722362.60
2026-07-02 10:00:00,5721125.64,,1743403.05
2026-07-02 11:00:00,5748146.73,,1743841.09
2026-07-02 12:00:00,5699120.93,,1738101.45
2026-07-02 13:00:00,5725766.42,,1743438.68
2026-07-02 14:00:00,5743082.38,,1748565.15
2026-07-02 15:00:00,5707675.76,,1738625.85
2026-07-02 16:00:00,5704979.21,,1750990.63
2026-07-02 17:00:00,5694277.98,,1747914.00
2026-07-02 18:00:00,5658999.39,,1738194.57
2026-07-02 19:00:00,5649539.30,,1738162.90
2026-07-02 20:00:00,5659613.80,,1744663.47
2026-07-02 21:00:00,5656555.98,,1743881.98
2026-07-02 22:00:00,5669389.87,,1752211.78
2026-07-02 23:00:00,5657565.69,,1750174.08
2026-07-03 00:00:00,5688251.75,,1757490.15
2026-07-03 01:00:00,5590637.73,,1725810.72
2026-07-03 02:00:00,5666579.78,,1754888.18
2026-07-03 03:00:00,5715183.26,,1773864.69
2026-07-03 04:00:00,5757494.37,,1788155.11
2026-07-03 05:00:00,5728755.76,,1779067.83
2026-07-03 06:00:00,5778552.45,,1795678.33
2026-07-03 07:00:00,5765598.52,,1794605.93
2026-07-03 08:00:00,5802597.97,,1803154.63
2026-07-03 09:00:00,5988058.27,,1833351.72
2026-07-03 10:00:00,6131563.95,,1900319.27
2026-07-03 11:00:00,6157808.03,,1894217.08
2026-07-03 12:00:00,6172538.40,,1891120.94
2026-07-03 13:00:00,6204698.18,,1886717.46
2026-07-03 14:00:00,6183101.37,,1870988.57
2026-07-03 15:00:00,6193568.47,,1870829.29
2026-07-03 16:00:00,6130131.22,,1864395.28
2026-07-03 17:00:00,6097310.40,,1863357.74
2026-07-03 18:00:00,6093675.20,,1859457.85
2026-07-03 19:00:00,6110952.64,,1866871.73
2026-07-03 20:00:00,6156443.74,,1878547.20
2026-07-03 21:00:00,6124935.79,,1868560.47
2026-07-03 22:00:00,6152314.89,,1878827.15
2026-07-03 23:00:00,6118855.30,,1868561.20
2026-07-04 00:00:00,6093849.23,,1862179.43
2026-07-04 01:00:00,6103766.44,,1862169.34
2026-07-04 02:00:00,5970312.40,,1833599.29
2026-07-04 03:00:00,5972430.35,,1833528.25
2026-07-04 04:00:00,5989529.84,,1840101.02
2026-07-04 05:00:00,6055044.14,,1855057.73
2026-07-04 06:00:00,6058044.27,,1861641.84
2026-07-04 07:00:00,6142926.49,,1884607.84
2026-07-04 08:00:00,6064793.86,,1858899.18
2026-07-04 09:00:00,6050443.15,,1850205.67
2026-07-04 10:00:00,5965558.18,,1814289.40
2026-07-04 11:00:00,5918366.49,,1798948.05
2026-07-04 12:00:00,5901514.88,,1792311.05
2026-07-04 13:00:00,5971793.48,,1828893.82
2026-07-04 14:00:00,6084935.33,,1855119.20
2026-07-04 15:00:00,6004557.47,,1838391.74
2026-07-04 16:00:00,6024323.01,,1849155.88
2026-07-04 17:00:00,6015222.66,,1848258.91
2026-07-04 18:00:00,6052730.30,,1862907.48
2026-07-04 19:00:00,6008635.74,,1844560.96
2026-07-04 20:00:00,5994137.97,,1830553.60
2026-07-04 21:00:00,5975129.25,,1822684.08
2026-07-04 22:00:00,5971705.15,,1821105.73
2026-07-04 23:00:00,5942151.24,,1805910.14
2026-07-05 00:00:00,5921030.53,,1800372.77
2026-07-05 01:00:00,5931476.96,,1809929.97
2026-07-05 02:00:00,5806755.62,,1766595.46
2026-07-05 03:00:00,5798176.26,,1769168.66
2026-07-05 04:00:00,5780863.18,,1766911.88
2026-07-05 05:00:00,5798108.51,,1780032.42
2026-07-05 06:00:00,5796728.51,,1777363.50
2026-07-05 07:00:00,5786804.92,,1773403.28
2026-07-05 08:00:00,5823998.50,,1782878.36
2026-07-05 09:00:00,5828043.29,,1779345.85
2026-07-05 10:00:00,5776029.81,,1763934.46
2026-07-05 11:00:00,5805192.48,,1778754.04
2026-07-05 12:00:00,5761344.14,,1765171.74
2026-07-05 13:00:00,5805449.52,,1778669.26
2026-07-05 14:00:00,5859740.70,,1812795.36
2026-07-05 15:00:00,5861292.54,,1813469.39
2026-07-05 16:00:00,5790501.37,,1790954.87
2026-07-05 17:00:00,5877731.48,,1819411.88
2026-07-05 18:00:00,5902524.61,,1824780.22
2026-07-05 19:00:00,5994400.77,,1867645.75
2026-07-05 20:00:00,5955894.74,,1861039.24
2026-07-05 21:00:00,6002120.89,,1877799.03
2026-07-05 22:00:00,5958928.75,,1870546.83
2026-07-05 23:00:00,5971528.99,,1866279.56
2026-07-06 00:00:00,5997644.73,,1875185.77
2026-07-06 01:00:00,6050805.15,,1886677.41
2026-07-06 02:00:00,5995629.10,,1874216.77
2026-07-06 03:00:00,5963506.79,,1870386.77
2026-07-06 04:00:00,5939352.48,,1871302.32
2026-07-06 05:00:00,5907560.89,,1864095.06
2026-07-06 06:00:00,5832346.28,,1842765.00
2026-07-06 07:00:00,5841188.87,,1846201.95
2026-07-06 08:00:00,5867928.15,,1849167.24
2026-07-06 09:00:00,5823512.33,,1832938.59
2026-07-06 10:00:00,5852248.45,,1832692.68
2026-07-06 11:00:00,5857403.16,,1830310.18
2026-07-06 12:00:00,5820665.07,,1809486.27
2026-07-06 13:00:00,5711204.21,,1766763.06
2026-07-06 14:00:00,5740128.56,,1759174.86
2026-07-06 15:00:00,5755418.30,,1765665.43
2026-07-06 16:00:00,5814608.26,,1785464.45
2026-07-06 17:00:00,5814705.64,,1794492.24
2026-07-06 18:00:00,5765484.45,,1782018.06
2026-07-06 19:00:00,5764888.29,,1785061.13
2026-07-06 20:00:00,5754337.74,,1785623.65
2026-07-06 21:00:00,5789318.42,,1796703.64
2026-07-06 22:00:00,5819517.62,,1806370.68
2026-07-06 23:00:00,5777536.05,,1794157.45
2026-07-07 00:00:00,5740377.10,,1783246.74
2026-07-07 01:00:00,5739490.95,,1782901.02
2026-07-07 02:00:00,5692654.64,,1768587.88
2026-07-07 03:00:00,5670864.79,,1761611.12
2026-07-07 04:00:00,5636874.43,,1743951.21
2026-07-07 05:00:00,5609914.99,,1740680.91
2026-07-07 06:00:00,5599493.60,,1741759.83
2026-07-07 07:00:00,5627117.96,,1754761.28
2026-07-07 08:00:00,5607349.98,,1741135.66
2026-07-07 09:00:00,5612602.32,,1747324.60
2026-07-07 10:00:00,5613137.68,,1746300.63
2026-07-07 11:00:00,5627038.10,,1748287.10
2026-07-07 12:00:00,5631822.23,,1753146.78
2026-07-07 13:00:00,5603905.30,,1742763.57
2026-07-07 14:00:00,5528649.71,,1727520.47
2026-07-07 15:00:00,5532224.54,,1725256.34
2026-07-07 16:00:00,5581468.13,,1727333.38
2026-07-07 17:00:00,5615358.34,,1736463.73
2026-07-07 18:00:00,5613764.62,,1735948.32
2026-07-07 19:00:00,5587556.00,,1731938.51
2026-07-07 20:00:00,5586824.22,,1742722.56
2026-07-07 21:00:00,5613180.38,,1754469.56
2026-07-07 22:00:00,5561598.52,,1739006.59
2026-07-07 23:00:00,5516222.82,,1720305.18
2026-07-08 00:00:00,5513798.78,,1714959.81
2026-07-08 01:00:00,5544307.74,,1721676.73
2026-07-08 02:00:00,5506368.39,,1711300.28
2026-07-08 03:00:00,5603830.84,,1731303.05
2026-07-08 04:00:00,5606089.10,,1735029.66
2026-07-08 05:00:00,5631887.76,,1756528.75
2026-07-08 06:00:00,5636436.22,,1753168.14
2026-07-08 07:00:00,5750493.31,,1802212.04
2026-07-08 08:00:00,5733715.69,,1791003.84
2026-07-08 09:00:00,5572539.52,,1728986.94
2026-07-08 10:00:00,5562833.18,,1728058.86
2026-07-08 11:00:00,5677464.55,,1762947.63
2026-07-08 12:00:00,5803156.07,,1816004.01
2026-07-08 13:00:00,5806501.04,,1812445.17
2026-07-08 14:00:00,5655421.80,,1778325.19
2026-07-08 15:00:00,5676738.88,,1776019.32
2026-07-08 16:00:00,5678793.58,,1782518.34
2026-07-08 17:00:00,5691208.82,,1782882.62
2026-07-08 18:00:00,5673669.85,,1775742.17
2026-07-08 19:00:00,5668133.02,,1777220.09
2026-07-08 20:00:00,5655738.34,,1767460.23
2026-07-08 21:00:00,5664457.63,,1766972.93
2026-07-08 22:00:00,5686503.71,,1771591.64
2026-07-08 23:00:00,5653941.46,,1751226.25
2026-07-09 00:00:00,5632784.22,,1738630.45
2026-07-09 01:00:00,5644549.28,,1738167.53
2026-07-09 02:00:00,5618965.33,,1728403.03
2026-07-09 03:00:00,5608985.77,,1725481.45
2026-07-09 04:00:00,5607140.36,,1724988.61
2026-07-09 05:00:00,5622440.70,,1727533.64
2026-07-09 06:00:00,5664908.33,,1734407.74
2026-07-09 07:00:00,5700089.74,,1743378.52
2026-07-09 08:00:00,5668081.18,,1731373.28
2026-07-09 09:00:00,5655403.08,,1723817.63
2026-07-09 10:00:00,5672916.79,,1731134.53
2026-07-09 11:00:00,5623693.31,,1714655.86
2026-07-09 12:00:00,5622999.45,,1713339.44
2026-07-09 13:00:00,5604949.41,,1711935.56
2026-07-09 14:00:00,5623991.68,,1715127.43
2026-07-09 15:00:00,5552637.36,,1689370.16
2026-07-09 16:00:00,5541150.91,,1698228.77
2026-07-09 17:00:00,5550934.42,,1699690.74
2026-07-09 18:00:00,5579447.47,,1708802.15
2026-07-09 19:00:00,5594346.36,,1714660.31
2026-07-09 20:00:00,5637743.33,,1721493.26
2026-07-09 21:00:00,5636365.90,,1722299.40
2026-07-09 22:00:00,5639310.71,,1722586.93
2026-07-09 23:00:00,5620333.36,,1718130.95
2026-07-10 00:00:00,5634792.28,,1715282.42
2026-07-10 01:00:00,5599292.47,,1705499.20
2026-07-10 02:00:00,5652745.28,,1719657.63
2026-07-10 03:00:00,5686173.29,,1729424.39
2026-07-10 04:00:00,5685408.05,,1724207.63
2026-07-10 05:00:00,5720798.49,,1740080.72
2026-07-10 06:00:00,5709044.98,,1735571.62
2026-07-10 07:00:00,5690823.11,,1732058.36
2026-07-10 08:00:00,5680771.41,,1724232.71
2026-07-10 09:00:00,5685018.81,,1726679.55
2026-07-10 10:00:00,5708552.43,,1731970.62
2026-07-10 11:00:00,5703078.83,,1730132.99
2026-07-10 12:00:00,5780866.04,,1748101.37
2026-07-10 13:00:00,5793839.04,,1757816.18
2026-07-10 14:00:00,5835375.89,,1773130.83
2026-07-10 15:00:00,5875912.07,,1781189.05
2026-07-10 16:00:00,5941034.85,,1796817.56
2026-07-10 17:00:00,5942356.69,,1795817.92
2026-07-10 18:00:00,5952112.88,,1801633.36
2026-07-10 19:00:00,5924207.58,,1795100.41
2026-07-10 20:00:00,6077820.47,,1837596.17
2026-07-10 21:00:00,6096968.61,,1867426.00
2026-07-10 22:00:00,6043261.93,,1871680.22
2026-07-10 23:00:00,6013944.05,,1869064.02
2026-07-11 00:00:00,5998346.04,,1865114.32
2026-07-11 01:00:00,6096271.53,,1893921.32
2026-07-11 02:00:00,6038087.51,,1876030.63
2026-07-11 03:00:00,5991774.65,,1865004.98
2026-07-11 04:00:00,5939569.50,,1850984.66
2026-07-11 05:00:00,5919297.76,,1845830.09
2026-07-11 06:00:00,5902798.10,,1840069.09
2026-07-11 07:00:00,5937862.92,,1851315.86
2026-07-11 08:00:00,5971475.31,,1857487.81
2026-07-11 09:00:00,5951691.65,,1842580.92
2026-07-11 10:00:00,5965173.21,,1833978.14
2026-07-11 11:00:00,5967249.04,,1825610.28
2026-07-11 12:00:00,5941124.43,,1803016.64
2026-07-11 13:00:00,5968352.83,,1797256.97
2026-07-11 14:00:00,5928109.13,,1773602.69
2026-07-11 15:00:00,5923304.12,,1761878.66
2026-07-11 16:00:00,5896227.27,,1741473.45
2026-07-11 17:00:00,5920762.99,,1752476.49
2026-07-11 18:00:00,5896358.89,,1749662.21
2026-07-11 19:00:00,5880402.72,,1746056.45
2026-07-11 20:00:00,5862212.78,,1743666.57
2026-07-11 21:00:00,5864967.12,,1744364.60
2026-07-11 22:00:00,5863998.10,,1746200.32
2026-07-11 23:00:00,5846924.61,,1744801.12
2026-07-12 00:00:00,5763542.85,,1721890.24
2026-07-12 01:00:00,5748608.10,,1741363.14
2026-07-12 02:00:00,5793249.89,,1759470.82
2026-07-12 03:00:00,5778768.99,,1759092.72
2026-07-12 04:00:00,5798597.25,,1763957.25
2026-07-12 05:00:00,5755548.42,,1753084.11
2026-07-12 06:00:00,5743071.56,,1750747.35
2026-07-12 07:00:00,5701392.90,,1740650.13
2026-07-12 08:00:00,5678723.55,,1731814.82
2026-07-12 09:00:00,5692582.93,,1736034.64
2026-07-12 10:00:00,5694071.91,,1737260.76
2026-07-12 11:00:00,5683755.37,,1735279.32
2026-07-12 12:00:00,5699762.19,,1740084.01
2026-07-12 13:00:00,5705755.78,,1744172.74
2026-07-12 14:00:00,5766548.07,,1763416.06
2026-07-12 15:00:00,5719989.89,,1751798.97
2026-07-12 16:00:00,5717345.57,,1748248.56
2026-07-12 17:00:00,5716475.87,,1748940.68
2026-07-12 18:00:00,5688741.15,,1736553.47
2026-07-12 19:00:00,5660463.91,,1736300.63
2026-07-12 20:00:00,5632050.71,,1723758.18
2026-07-12 21:00:00,5635163.03,,1724822.46
2026-07-12 22:00:00,5605244.55,,1713395.66
2026-07-12 23:00:00,5530532.35,,1698008.28
2026-07-13 00:00:00,5557947.78,,1699021.42
2026-07-13 01:00:00,5623732.06,,1721779.83
2026-07-13 02:00:00,5554430.75,,1698593.10
2026-07-13 03:00:00,5569342.81,,1706100.47
2026-07-13 04:00:00,5187014.11,,1640486.73
2026-07-13 05:00:00,5301514.15,,1701124.25
2026-07-13 06:00:00,5343575.93,,1713382.04
2026-07-13 07:00:00,5415421.49,,1738181.80
2026-07-13 08:00:00,5430620.41,,1738011.10
2026-07-13 09:00:00,5455000.47,,1738327.10
2026-07-13 10:00:00,5444928.12,,1735023.28
2026-07-13 11:00:00,5458725.93,,1733696.50
2026-07-13 12:00:00,5481025.28,,1733173.75
2026-07-13 13:00:00,5488669.22,,1736333.45
2026-07-13 14:00:00,5509990.41,,1735902.54
2026-07-13 15:00:00,5645868.31,,1777048.38
2026-07-13 16:00:00,5736008.72,,1798875.60
2026-07-13 17:00:00,5765076.46,,1809707.07
2026-07-13 18:00:00,5763447.23,,1797770.62
2026-07-13 19:00:00,5709811.92,,1790405.80
2026-07-13 20:00:00,5847053.04,,1832768.88
2026-07-13 21:00:00,5905981.05,,1891827.96
2026-07-13 22:00:00,5849491.28,,1887801.34
2026-07-13 23:00:00,5868426.07,,1895800.13
2026-07-14 00:00:00,5866738.10,,1898245.52
2026-07-14 01:00:00,5812138.11,,1889674.88
2026-07-14 02:00:00,5731453.79,,1867190.26
2026-07-14 03:00:00,5731850.70,,1875001.33
2026-07-14 04:00:00,5673448.29,,1865470.29
2026-07-14 05:00:00,5653033.87,,1859689.30
2026-07-14 06:00:00,5675215.92,,1865780.89
2026-07-14 07:00:00,5648005.68,,1854478.20
2026-07-14 08:00:00,5739364.88,,1880968.99
2026-07-14 09:00:00,5588388.39,,1835451.65
2026-07-14 10:00:00,5544036.84,,1834095.23
2026-07-14 11:00:00,5532747.02,,1831749.81
2026-07-14 12:00:00,5533967.21,,1820476.91
2026-07-14 13:00:00,5512865.89,,1826365.15
2026-07-14 14:00:00,5503118.78,,1804968.89
2026-07-14 15:00:00,5521914.08,,1806060.46
2026-07-14 16:00:00,5528723.33,,1807025.63
2026-07-14 17:00:00,5481585.99,,1790935.28
2026-07-14 18:00:00,5508517.00,,1794548.89
2026-07-14 19:00:00,5467713.48,,1779860.80
2026-07-14 20:00:00,5428978.43,,1766713.06
2026-07-14 21:00:00,5445301.62,,1769605.69
2026-07-14 22:00:00,5506617.44,,1783917.83
2026-07-14 23:00:00,5513081.36,,1781725.57
2026-07-15 00:00:00,5513018.06,,1778540.64
2026-07-15 01:00:00,5513674.97,,1777069.96
2026-07-15 02:00:00,5502625.36,,1761314.15
2026-07-15 03:00:00,5505090.48,,1762995.80
2026-07-15 04:00:00,5529614.69,,1774656.18
2026-07-15 05:00:00,5550276.26,,1775885.23
2026-07-15 06:00:00,5581065.94,,1791025.32
2026-07-15 07:00:00,5581534.44,,1781578.09
2026-07-15 08:00:00,5592659.09,,1784682.60
2026-07-15 09:00:00,5600579.75,,1789841.63
2026-07-15 10:00:00,5574912.43,,1777398.99
2026-07-15 11:00:00,5542662.51,,1777031.59
2026-07-15 12:00:00,5490796.75,,1755481.12
2026-07-15 13:00:00,5558539.56,,1799122.59
2026-07-15 14:00:00,5549367.95,,1785601.44
2026-07-15 15:00:00,5588697.55,,1793029.03
2026-07-15 16:00:00,5631100.53,,1805618.86
2026-07-15 17:00:00,5548554.35,,1777535.83
2026-07-15 18:00:00,5577851.07,,1788052.99
2026-07-15 19:00:00,5548334.10,,1776652.26
2026-07-15 20:00:00,5541921.45,,1768026.81
2026-07-15 21:00:00,5551920.76,,1772675.47
2026-07-15 22:00:00,5565935.05,,1777520.29
2026-07-15 23:00:00,5569122.05,,1777469.90
2026-07-16 00:00:00,5564680.64,,1772149.93
2026-07-16 01:00:00,5575598.99,,1780996.01
2026-07-16 02:00:00,5565928.63,,1777436.76
2026-07-16 03:00:00,5567822.60,,1775925.80
2026-07-16 04:00:00,5522244.05,,1773135.87
2026-07-16 05:00:00,5509190.12,,1769430.10
2026-07-16 06:00:00,5499934.43,,1768064.71
2026-07-16 07:00:00,5491692.18,,1757357.25
2026-07-16 08:00:00,5486372.47,,1756314.13
2026-07-16 09:00:00,5474680.77,,1764511.47
2026-07-16 10:00:00,5459733.20,,1759630.66
2026-07-16 11:00:00,5463066.09,,1757528.33
2026-07-16 12:00:00,5491900.71,,1763324.32
2026-07-16 13:00:00,5461753.26,,1750359.14
2026-07-16 14:00:00,5467883.63,,1763388.51
2026-07-16 15:00:00,5455739.42,,1772611.73
2026-07-16 16:00:00,5469514.48,,1779562.43
2026-07-16 17:00:00,5468411.85,,1781215.24
2026-07-16 18:00:00,5446627.38,,1775775.46
2026-07-16 19:00:00,5465387.31,,1787782.70
2026-07-16 20:00:00,5465566.29,,1788164.65
2026-07-16 21:00:00,5465810.46,,1790198.87
2026-07-16 22:00:00,5479757.53,,1793764.75
2026-07-16 23:00:00,5452703.71,,1783360.08
2026-07-17 00:00:00,5444104.44,,1779980.85
2026-07-17 01:00:00,5430683.48,,1776571.05
2026-07-17 02:00:00,5416555.94,,1774186.70
2026-07-17 03:00:00,5435455.69,,1785227.32
2026-07-17 04:00:00,5430826.35,,1781133.03
2026-07-17 05:00:00,5450094.08,,1789112.81
2026-07-17 06:00:00,5369725.79,,1758503.79
2026-07-17 07:00:00,5418174.43,,1771678.72
2026-07-17 08:00:00,5419690.57,,1769530.97
2026-07-17 09:00:00,5444370.17,,1790971.38
2026-07-17 10:00:00,5522655.48,,1803540.04
2026-07-17 11:00:00,5626554.35,,1841331.05
2026-07-17 12:00:00,5630591.69,,1841173.31
2026-07-17 13:00:00,5714679.81,,1878776.16
2026-07-17 14:00:00,5757512.60,,1924177.06
2026-07-17 15:00:00,5681681.88,,1900050.18
2026-07-17 16:00:00,5692943.13,,1906708.53
2026-07-17 17:00:00,5592750.51,,1868098.45
2026-07-17 18:00:00,5576154.84,,1857896.38
2026-07-17 19:00:00,5573584.51,,1857532.19
2026-07-17 20:00:00,5502822.46,,1836349.99
2026-07-17 21:00:00,5507298.60,,1831778.08
2026-07-17 22:00:00,5534380.32,,1841350.78
2026-07-17 23:00:00,5526413.90,,1831550.28
2026-07-18 00:00:00,5526261.21,,1827485.79
2026-07-18 01:00:00,5507679.94,,1815063.30
2026-07-18 02:00:00,5490006.64,,1802521.82
2026-07-18 03:00:00,5475250.78,,1801923.92
2026-07-18 04:00:00,5503233.42,,1813690.58
2026-07-18 05:00:00,5469404.85,,1803241.57
2026-07-18 06:00:00,5464873.71,,1791518.88
2026-07-18 07:00:00,5467751.96,,1785414.49
2026-07-18 08:00:00,5462988.92,,1784213.28
2026-07-18 09:00:00,5464374.04,,1784799.54
2026-07-18 10:00:00,5462052.85,,1774014.44
2026-07-18 11:00:00,5468771.06,,1768851.91
2026-07-18 12:00:00,5498125.17,,1782271.95
2026-07-18 13:00:00,5479927.77,,1765879.79
2026-07-18 14:00:00,5441444.88,,1742233.53
2026-07-18 15:00:00,5431048.47,,1735287.31
2026-07-18 16:00:00,5426412.19,,1733505.72
2026-07-18 17:00:00,5432426.16,,1742903.11
2026-07-18 18:00:00,5447268.00,,1742656.39
2026-07-18 19:00:00,5545696.45,,1774640.67
2026-07-18 20:00:00,5558481.11,,1775855.73
2026-07-18 21:00:00,5539673.90,,1770173.88
2026-07-18 22:00:00,5561601.38,,1773754.76
2026-07-18 23:00:00,5534623.98,,1764267.43
2026-07-19 00:00:00,5510665.74,,1753375.31
2026-07-19 01:00:00,5494536.78,,1744850.45
2026-07-19 02:00:00,5472210.41,,1741250.39
2026-07-19 03:00:00,5507306.70,,1749179.13
2026-07-19 04:00:00,5502895.82,,1747145.96
2026-07-19 05:00:00,5531908.22,,1757835.59
2026-07-19 06:00:00,5510076.19,,1752107.41
2026-07-19 07:00:00,5527382.99,,1755761.20
2026-07-19 08:00:00,5502286.69,,1745321.36
2026-07-19 09:00:00,5495067.20,,1740123.52
2026-07-19 10:00:00,5514610.95,,1742201.00
2026-07-19 11:00:00,5500997.64,,1746608.10
2026-07-19 12:00:00,5445579.31,,1732180.48
2026-07-19 13:00:00,5443373.06,,1732552.70
2026-07-19 14:00:00,5438771.50,,1739266.12
2026-07-19 15:00:00,5489692.38,,1767487.18
2026-07-19 16:00:00,5486432.17,,1765595.35
2026-07-19 17:00:00,5432655.72,,1741168.86
2026-07-19 18:00:00,5415816.34,,1728757.21
2026-07-19 19:00:00,5393130.12,,1718877.61
2026-07-19 20:00:00,5409025.52,,1720167.42
2026-07-19 21:00:00,5411441.31,,1720745.61
2026-07-19 22:00:00,5417605.40,,1724090.46
2026-07-19 23:00:00,5412306.72,,1723287.75
2026-07-20 00:00:00,5434856.01,,1728653.46
2026-07-20 01:00:00,5438709.35,,1727902.99
2026-07-20 02:00:00,5426976.10,,1726760.03
2026-07-20 03:00:00,5441951.96,,1728264.64
2026-07-20 04:00:00,5400087.53,,1712859.68
2026-07-20 05:00:00,5324911.06,,1679540.15
2026-07-20 06:00:00,5327946.57,,1694507.60
2026-07-20 07:00:00,5405339.40,,1731853.64
2026-07-20 08:00:00,5422830.81,,1732773.30
2026-07-20 09:00:00,5391513.49,,1724008.96
2026-07-20 10:00:00,5420460.68,,1718635.59
2026-07-20 11:00:00,5383260.24,,1706857.11
2026-07-20 12:00:00,5525854.55,,1742409.19
2026-07-20 13:00:00,5502531.84,,1734093.00
2026-07-20 14:00:00,5604835.50,,1767992.36
2026-07-20 15:00:00,5577670.41,,1758215.47
2026-07-20 16:00:00,5607901.19,,1765975.57
2026-07-20 17:00:00,5589470.57,,1760283.14
2026-07-20 18:00:00,5622893.78,,1770919.80
2026-07-20 19:00:00,5609160.01,,1767322.48
2026-07-20 20:00:00,5589107.30,,1756171.15
2026-07-20 21:00:00,5580008.92,,1754523.65
2026-07-20 22:00:00,5546021.83,,1746091.86
2026-07-20 23:00:00,5589940.93,,1761156.85
2026-07-21 00:00:00,5639483.20,,1776080.03
2026-07-21 01:00:00,5656159.74,,1773135.94
2026-07-21 02:00:00,5674614.28,,1778379.13
2026-07-21 03:00:00,5657615.54,,1772484.19
2026-07-21 04:00:00,5706832.77,,1788260.32
2026-07-21 05:00:00,5726574.24,,1794568.59
2026-07-21 06:00:00,5735684.02,,1796547.18
2026-07-21 07:00:00,5707275.81,,1790723.30
2026-07-21 08:00:00,5697936.98,,1778192.98
2026-07-21 09:00:00,5714445.42,,1781928.14
2026-07-21 10:00:00,5711038.23,,1778897.67
2026-07-21 11:00:00,5681283.59,,1772490.55
2026-07-21 12:00:00,5693049.98,,1774922.40
2026-07-21 13:00:00,5691468.84,,1774382.53
2026-07-21 14:00:00,5702217.63,,1770806.65
2026-07-21 15:00:00,5718275.61,,1775538.48
2026-07-21 16:00:00,5753646.63,,1781394.11
2026-07-21 17:00:00,5784163.00,,1787944.86
2026-07-21 18:00:00,5794005.93,,1786858.79
2026-07-21 19:00:00,5806024.32,,1788158.29
2026-07-21 20:00:00,5757617.83,,1773478.33
2026-07-21 21:00:00,5776648.79,,1777347.47
2026-07-21 22:00:00,5762225.29,,1772934.63
2026-07-21 23:00:00,5739479.97,,1762328.24
2026-07-22 00:00:00,5774503.78,,1769164.42
2026-07-22 01:00:00,5805244.33,,1776227.35
2026-07-22 02:00:00,5830918.23,,1781923.40
2026-07-22 03:00:00,5831626.36,,1776490.91
2026-07-22 04:00:00,5829124.13,,1772285.42
2026-07-22 05:00:00,5822372.35,,1770380.84
2026-07-22 06:00:00,5796260.04,,1745708.57
2026-07-22 07:00:00,5791708.24,,1743780.53
2026-07-22 08:00:00,5805750.64,,1748256.09
2026-07-22 09:00:00,5822053.91,,1753766.99
2026-07-22 10:00:00,5849874.65,,1759376.96
2026-07-22 11:00:00,5810898.98,,1737464.11
2026-07-22 12:00:00,5812540.68,,1738609.35
2026-07-22 13:00:00,5762537.28,,1729596.96
2026-07-22 14:00:00,5813441.93,,1767426.87
2026-07-22 15:00:00,5810735.81,,1766440.28
2026-07-22 16:00:00,5783983.27,,1755219.07
2026-07-22 17:00:00,5798632.81,,1753667.14
2026-07-22 18:00:00,5773372.65,,1727161.34
2026-07-22 19:00:00,5736840.09,,1715782.64
2026-07-22 20:00:00,5746002.01,,1715792.28
2026-07-22 21:00:00,5743637.45,,1715530.94
2026-07-22 22:00:00,5736678.12,,1714037.95
2026-07-22 23:00:00,5739806.88,,1712702.65
2026-07-23 00:00:00,5709055.79,,1702931.27
2026-07-23 01:00:00,5733952.90,,1715136.28
2026-07-23 02:00:00,5756198.01,,1713372.27
2026-07-23 03:00:00,5737474.79,,1708877.83
2026-07-23 04:00:00,5765760.46,,1718961.73
2026-07-23 05:00:00,5837617.79,,1738984.35
2026-07-23 06:00:00,5832044.74,,1736231.70
2026-07-23 07:00:00,5824097.16,,1731444.16
2026-07-23 08:00:00,5859567.00,,1747044.37
2026-07-23 09:00:00,5764080.76,,1773997.51
2026-07-23 10:00:00,5607568.50,,1823948.36
2026-07-23 11:00:00,5615288.79,,1837077.86
2026-07-23 12:00:00,5564848.44,,1816865.15
2026-07-23 13:00:00,5524338.20,,1803371.87
2026-07-23 14:00:00,5672571.20,,1864546.56
2026-07-23 15:00:00,5594167.81,,1856222.65
2026-07-23 16:00:00,5493202.34,,1837263.71
2026-07-23 17:00:00,5531021.03,,1842782.23
2026-07-23 18:00:00,5487206.37,,1825044.33
2026-07-23 19:00:00,5476526.47,,1820099.49
2026-07-23 20:00:00,5456032.23,,1811412.98
2026-07-23 21:00:00,5449877.21,,1804824.02
2026-07-23 22:00:00,5452171.06,,1803875.76
2026-07-23 23:00:00,5462820.72,,1801763.98
2026-07-24 00:00:00,5477690.86,,1800511.41
2026-07-24 01:00:00,5526722.74,,1794187.43
2026-07-24 02:00:00,5502923.11,,1780737.37
2026-07-24 03:00:00,5570307.71,,1788245.69
2026-07-24 04:00:00,5583070.81,,1782026.40
2026-07-24 05:00:00,5608893.71,,1787005.90
2026-07-24 06:00:00,5655237.03,,1801710.18
2026-07-24 07:00:00,5660435.47,,1798282.11
2026-07-24 08:00:00,5651147.78,,1789221.11
2026-07-24 09:00:00,5652746.17,,1789469.26
2026-07-24 10:00:00,5664282.23,,1790250.78
2026-07-24 11:00:00,6360225.27,,1806096.87
2026-07-24 12:00:00,7153479.13,,1800873.57
2026-07-24 13:00:00,7294055.75,,1819872.63
2026-07-24 14:00:00,7274010.59,,1838263.18
2026-07-24 15:00:00,7305645.83,,1860139.70
2026-07-24 16:00:00,7303716.96,,1859960.53
2026-07-24 17:00:00,7202234.41,,1832755.19
2026-07-24 18:00:00,7295897.45,,1845018.57
2026-07-24 19:00:00,7273444.82,,1828629.52
2026-07-24 20:00:00,7191806.07,,1808137.75
2026-07-24 21:00:00,7135218.33,,1794637.08
2026-07-24 22:00:00,7108238.34,,1785980.83
2026-07-24 23:00:00,7077009.28,,1778692.31
2026-07-25 00:00:00,7075283.84,,1776684.66
2026-07-25 01:00:00,7283165.78,,1856709.04
2026-07-25 02:00:00,7208767.46,,1840571.38
2026-07-25 03:00:00,7297037.90,,1864615.55
2026-07-25 04:00:00,7285497.21,,1861474.77
2026-07-25 05:00:00,7270599.19,,1858884.35
2026-07-25 06:00:00,7267262.31,,1859497.21
2026-07-25 07:00:00,7294479.26,,1868164.05
2026-07-25 08:00:00,7257665.69,,1854833.87
2026-07-25 09:00:00,7300831.01,,1867817.57
2026-07-25 10:00:00,7311128.80,,1866573.65
2026-07-25 11:00:00,7340257.10,,1869325.73
2026-07-25 12:00:00,7480441.40,,1900408.83
2026-07-25 13:00:00,7555839.51,,1932257.42
2026-07-25 14:00:00,7581647.38,,1944113.54
2026-07-25 15:00:00,7453248.35,,1909362.76
2026-07-25 16:00:00,7393780.64,,1882393.14
2026-07-25 17:00:00,7378358.82,,1878839.80
2026-07-25 18:00:00,7338091.97,,1870511.34
2026-07-25 19:00:00,7312135.88,,1866772.66
2026-07-25 20:00:00,7315357.68,,1865371.88
2026-07-25 21:00:00,7311542.24,,1861720.83
2026-07-25 22:00:00,7318400.77,,1861740.93
2026-07-25 23:00:00,7310962.03,,1854086.81
2026-07-26 00:00:00,7306264.08,,1844811.63
2026-07-26 01:00:00,7255149.83,,1827094.38
2026-07-26 02:00:00,7271805.01,,1829585.10
2026-07-26 03:00:00,7283468.53,,1823830.47
2026-07-26 04:00:00,7262620.00,,1811899.54
2026-07-26 05:00:00,7319722.20,,1826123.12
2026-07-26 06:00:00,7289453.96,,1810999.73
2026-07-26 07:00:00,7263850.38,,1805089.98
2026-07-26 08:00:00,7228340.85,,1795928.06
2026-07-26 09:00:00,7323063.12,,1821191.15
2026-07-26 10:00:00,7294592.10,,1815154.28
2026-07-26 11:00:00,7323025.05,,1818731.00
2026-07-26 12:00:00,7405096.75,,1853378.20
2026-07-26 13:00:00,7503697.92,,1868627.10
2026-07-26 14:00:00,7700184.31,,1912761.12
2026-07-26 15:00:00,7794618.75,,2010482.82
2026-07-26 16:00:00,8217911.91,,2120569.43
2026-07-26 17:00:00,8473656.73,,2310315.80
2026-07-26 18:00:00,8318345.03,,2305881.82
2026-07-26 19:00:00,8488760.38,,2404205.14
2026-07-26 20:00:00,8627864.23,,2405051.56
2026-07-26 21:00:00,8692933.83,,2440816.00
2026-07-26 22:00:00,9235418.90,,2519429.65
2026-07-26 23:00:00,9180807.72,,2489948.13
2026-07-27 00:00:00,9287884.90,,2537225.07
2026-07-27 01:00:00,9184048.92,,2505145.73
2026-07-27 02:00:00,9047378.88,,2426157.98
2026-07-27 03:00:00,9190496.93,,2455636.35
2026-07-27 04:00:00,8578682.22,,2341023.92
2026-07-27 05:00:00,9048604.50,,2485881.67
2026-07-27 06:00:00,9332996.22,,2503216.89
2026-07-27 07:00:00,9716884.65,,2748961.53
2026-07-27 08:00:00,9519731.85,,2842132.84
2026-07-27 09:00:00,9608042.50,,3092926.73
2026-07-27 10:00:00,9738613.88,,3338738.28
2026-07-27 11:00:00,9211346.97,,3001376.74
2026-07-27 12:00:00,9179382.10,,2942093.85
2026-07-27 13:00:00,9194296.85,,2908244.76
2026-07-27 14:00:00,9464239.96,,2963123.05
2026-07-27 15:00:00,9606631.40,,2947433.38
2026-07-27 16:00:00,9515737.03,,2941904.21
2026-07-27 17:00:00,9414731.55,,2910718.56
2026-07-27 18:00:00,9656939.34,,2951127.08
2026-07-27 19:00:00,10326919.18,,3071729.02
2026-07-27 20:00:00,10905153.49,,3319957.42
2026-07-27 21:00:00,11468061.81,,3537780.38
2026-07-27 22:00:00,11248206.87,,3634188.28
2026-07-27 23:00:00,11052604.08,,3666961.15
2026-07-28 00:00:00,11273637.80,,3837770.62
2026-07-28 01:00:00,11125349.05,,3747670.00
2026-07-28 02:00:00,11194794.03,,3840618.59
2026-07-28 03:00:00,11829268.92,,4132497.37
2026-07-28 04:00:00,11878659.72,,4115231.48
2026-07-28 05:00:00,12632402.96,,4557816.15
2026-07-28 06:00:00,11456655.56,,4244989.42
2026-07-28 07:00:00,11287823.37,,4162459.96
2026-07-28 08:00:00,11591321.58,,4454324.24
2026-07-28 09:00:00,11818896.46,,4723882.20
2026-07-28 10:00:00,12456314.47,,5127376.78
2026-07-28 11:00:00,12433113.94,,5089863.60
2026-07-28 12:00:00,13228017.84,,5176160.33
2026-07-28 13:00:00,13602504.97,,5249163.04
2026-07-28 14:00:00,15180669.79,,6242888.61
2026-07-28 15:00:00,16825966.00,,6993374.77
2026-07-28 16:00:00,16974924.86,,7361643.58
2026-07-28 17:00:00,16516600.66,,6986561.00
2026-07-28 18:00:00,15514251.83,,6334907.73
2026-07-28 19:00:00,15651132.35,,6208240.67
2026-07-28 20:00:00,15625136.99,,6008660.65
2026-07-28 21:00:00,15706270.94,,5991617.68
2026-07-28 22:00:00,15861010.85,,5921951.04
2026-07-28 23:00:00,15563501.01,,5810628.17
2026-07-29 00:00:00,15948564.05,,5918483.68
2026-07-29 01:00:00,15988327.50,,5967548.50
2026-07-29 02:00:00,15877561.01,,5871080.26
2026-07-29 03:00:00,15990447.10,,5885922.31
2026-07-29 04:00:00,14561993.49,,5303876.19
2026-07-29 05:00:00,14657861.81,,5336645.19
2026-07-29 06:00:00,14292854.49,,4956155.51
2026-07-29 07:00:00,14950554.38,,5097511.30
2026-07-29 08:00:00,13924984.52,,4754119.52
2026-07-29 09:00:00,11946046.77,,3950441.89
2026-07-29 10:00:00,11961121.17,,3905527.01
2026-07-29 11:00:00,11975108.45,,3957975.16
2026-07-29 12:00:00,11782021.87,,3888254.80
2026-07-29 13:00:00,11649106.55,,3836477.47
2026-07-29 14:00:00,11638358.60,,3779359.03
2026-07-29 15:00:00,10958118.77,,3480955.43
2026-07-29 16:00:00,10690963.00,,3458952.73
2026-07-29 17:00:00,10747155.37,,3327574.17
2026-07-29 18:00:00,10471725.36,,3228288.59
2026-07-29 19:00:00,10260999.79,,3149230.96
2026-07-29 20:00:00,10006168.93,,3042333.93
2026-07-29 21:00:00,10151393.70,,3091253.93
2026-07-29 22:00:00,10258104.57,,3079808.14
2026-07-29 23:00:00,10161076.79,,3020924.18
2026-07-30 00:00:00,9979734.65,,2957518.70
2026-07-30 01:00:00,10071008.14,,3008795.23
2026-07-30 02:00:00,10070741.92,,3009567.37
2026-07-30 03:00:00,9741195.04,,2992155.02
2026-07-30 04:00:00,9740722.59,,3002472.73
2026-07-30 05:00:00,9855498.77,,3017765.65
2026-07-30 06:00:00,10525837.34,,3175175.10
2026-07-30 07:00:00,9862918.15,,3123231.41
2026-07-30 08:00:00,10005917.80,,3043416.46
2026-07-30 09:00:00,9861404.46,,3026874.58
2026-07-30 10:00:00,10215047.43,,3129528.21
2026-07-30 11:00:00,10386478.96,,3171295.41
2026-07-30 12:00:00,10417240.13,,3220723.01
2026-07-30 13:00:00,10337192.08,,3209115.31
2026-07-30 14:00:00,10490597.89,,3180478.79
2026-07-30 15:00:00,10405398.85,,3078007.79
2026-07-30 16:00:00,10282528.26,,3037426.40
2026-07-30 17:00:00,10288897.45,,3010858.89
2026-07-30 18:00:00,10100824.28,,2935188.28
2026-07-30 19:00:00,9999648.32,,2891367.68
2026-07-30 20:00:00,9794380.54,,2826394.11
2026-07-30 21:00:00,9912474.82,,2847553.75
2026-07-30 22:00:00,9740924.43,,2811541.24
2026-07-30 23:00:00,9784604.25,,2859506.33
2026-07-31 00:00:00,9829587.79,,2859493.85
2026-07-31 01:00:00,10142017.04,,2919903.57
2026-07-31 02:00:00,10238354.34,,3077253.93
2026-07-31 03:00:00,9596728.89,,2855528.55
2026-07-31 04:00:00,9484994.20,,2777314.04
2026-07-31 05:00:00,9449829.03,,2746826.52
2026-07-31 06:00:00,9430438.92,,2809759.00
2026-07-31 07:00:00,9286758.68,,2786949.85
2026-07-31 08:00:00,9440890.70,,2824612.57
2026-07-31 09:00:00,9791902.83,,2961970.16
2026-07-31 10:00:00,9881146.80,,2956937.49
2026-07-31 11:00:00,10139423.90,,3071336.84
2026-07-31 12:00:00,9924789.73,,3029036.39
2026-07-31 13:00:00,9727939.56,,3027985.99
2026-07-31 14:00:00,9709251.20,,3011892.35
2026-07-31 15:00:00,9748910.63,,2966187.42
2026-07-31 16:00:00,10095209.74,,3084354.47
2026-07-31 17:00:00,11141660.55,,3388102.61
2026-07-31 18:00:00,10764759.46,,3294161.70
2026-07-31 19:00:00,10396543.34,,3153690.31
2026-07-31 20:00:00,10094428.59,,3057616.36
2026-07-31 21:00:00,10349037.74,,3093610.76
2026-07-31 22:00:00,10316678.47,,3100544.65
2026-07-31 23:00:00,10311804.05,,3129586.02
2026-08-01 00:00:00,10394521.19,,3155628.01
2026-08-01 01:00:00,10564470.98,,3220826.15
2026-08-01 02:00:00,10723620.62,,3287333.52
2026-08-01 03:00:00,10521796.04,,3212025.97
2026-08-01 04:00:00,10039667.60,,3138117.65
2026-08-01 05:00:00,10032854.42,,3176156.93
2026-08-01 06:00:00,9997985.45,,3188895.46
2026-08-01 07:00:00,10209756.14,,3189118.12
2026-08-01 08:00:00,10148534.77,,3102418.47
2026-08-01 09:00:00,9885808.13,,3014347.87
2026-08-01 10:00:00,10084941.96,,3038062.92
2026-08-01 11:00:00,10145964.53,,3048835.26
2026-08-01 12:00:00,10200559.93,,3078359.18
2026-08-01 13:00:00,10178981.87,,3063846.21
2026-08-01 14:00:00,10092186.65,,3020806.35
2026-08-01 15:00:00,10038474.36,,3016904.44
2026-08-01 16:00:00,10341430.15,,3113552.45
2026-08-01 17:00:00,10283463.10,,3103831.71
2026-08-01 18:00:00,10446328.97,,3172619.01
2026-08-01 19:00:00,10431725.35,,3194470.95
2026-08-01 20:00:00,10148599.06,,3123441.05
2026-08-01 21:00:00,10168534.73,,3136069.40
2026-08-01 22:00:00,10080458.90,,3119329.97
2026-08-01 23:00:00,10125293.47,,3124031.22
2026-08-02 00:00:00,10080230.97,,3102713.25
2026-08-02 01:00:00,10297697.41,,3173514.33
2026-08-02 02:00:00,9993408.52,,3048835.55
2026-08-02 03:00:00,9805115.15,,2964070.56
2026-08-02 04:00:00,9823728.30,,2944472.28
2026-08-02 05:00:00,10075542.55,,3004425.13
2026-08-02 06:00:00,9979359.65,,2984125.68
2026-08-02 07:00:00,9948779.61,,2998433.88
2026-08-02 08:00:00,9886409.23,,2953616.04
2026-08-02 09:00:00,10139792.57,,3059986.11
2026-08-02 10:00:00,10095428.69,,3027979.76
2026-08-02 11:00:00,9969206.91,,3006845.86
2026-08-02 12:00:00,9973882.15,,3003996.19
2026-08-02 13:00:00,9977509.45,,3002732.44
2026-08-02 14:00:00,9808020.45,,2949751.61
2026-08-02 15:00:00,10143882.77,,3049719.32
2026-08-02 16:00:00,9905973.45,,2983434.43
2026-08-02 17:00:00,9883446.37,,2955144.02
2026-08-02 18:00:00,9946835.38,,2978273.61
2026-08-02 19:00:00,9808810.13,,2928864.62
2026-08-02 20:00:00,9876582.37,,2918660.45
2026-08-02 21:00:00,9845168.25,,2896318.08
2026-08-02 22:00:00,9862845.81,,2889966.88
2026-08-02 23:00:00,9940909.22,,2912785.69
2026-08-03 00:00:00,9857181.23,,2874738.80
2026-08-03 01:00:00,9814423.16,,2874758.00
2026-08-03 02:00:00,9733455.41,,2838453.19
2026-08-03 03:00:00,9412162.29,,2739745.44
2026-08-03 04:00:00,9364954.42,,2709051.22
2026-08-03 05:00:00,9212291.47,,2637699.37
2026-08-03 06:00:00,9139597.91,,2698631.49
2026-08-03 07:00:00,9136984.65,,2679628.74
2026-08-03 08:00:00,9063192.77,,2646386.61
2026-08-03 09:00:00,8954604.46,,2628489.89
2026-08-03 10:00:00,8975914.01,,2632329.71
2026-08-03 11:00:00,8849709.53,,2599991.38
2026-08-03 12:00:00,8788095.47,,2584047.17
2026-08-03 13:00:00,8795992.91,,2571301.69
2026-08-03 14:00:00,9137492.88,,2647025.32
2026-08-03 15:00:00,9200671.33,,2664991.93
2026-08-03 16:00:00,9012810.62,,2609140.30
2026-08-03 17:00:00,8895620.24,,2570929.02
2026-08-03 18:00:00,8947869.74,,2582886.72
2026-08-03 19:00:00,8944490.68,,2582651.80
2026-08-03 20:00:00,8924063.77,,2576049.01
2026-08-03 21:00:00,8988555.73,,2593870.26
2026-08-03 22:00:00,9057484.79,,2604883.89
2026-08-03 23:00:00,9155423.09,,2650781.93
2026-08-04 00:00:00,9250800.97,,2675155.03
2026-08-04 01:00:00,9123244.54,,2624170.78
2026-08-04 02:00:00,9147383.43,,2633919.61
2026-08-04 03:00:00,9004210.68,,2579980.13
2026-08-04 04:00:00,9018101.32,,2570706.11
2026-08-04 05:00:00,8973573.16,,2558379.25
2026-08-04 06:00:00,9236378.33,,2628520.79
2026-08-04 07:00:00,9411346.94,,2678394.51
2026-08-04 08:00:00,9665215.20,,2815673.12
2026-08-04 09:00:00,9626614.44,,2880477.89
2026-08-04 10:00:00,9867162.62,,2989721.09
2026-08-04 11:00:00,9717002.26,,3000215.77
2026-08-04 12:00:00,9695888.15,,2994780.72
2026-08-04 13:00:00,9578425.29,,2947482.68
2026-08-04 14:00:00,9427785.15,,2902532.60
2026-08-04 15:00:00,9320457.54,,2855994.79
2026-08-04 16:00:00,9479813.45,,2907903.39
2026-08-04 17:00:00,9358146.31,,2851298.49
2026-08-04 18:00:00,9185640.72,,2777169.76
2026-08-04 19:00:00,9134771.38,,2750605.52
2026-08-04 20:00:00,9239057.94,,2778199.85
2026-08-04 21:00:00,9242520.28,,2764655.71
2026-08-04 22:00:00,9328453.74,,2784853.02
2026-08-04 23:00:00,9293544.11,,2777479.48
2026-08-05 00:00:00,9236328.72,,2758107.99
2026-08-05 01:00:00,9140124.21,,2749424.69
2026-08-05 02:00:00,8913410.99,,2689636.86
2026-08-05 03:00:00,8901303.36,,2683871.59
2026-08-05 04:00:00,8859466.25,,2657861.35
2026-08-05 05:00:00,8828964.34,,2648047.88
2026-08-05 06:00:00,8867079.07,,2650300.37
2026-08-05 07:00:00,9012394.72,,2694025.31
2026-08-05 08:00:00,9074917.47,,2742183.02
2026-08-05 09:00:00,9047499.92,,2733139.97
2026-08-05 10:00:00,9393070.91,,2823822.22
2026-08-05 11:00:00,9221176.80,,2768371.48
2026-08-05 12:00:00,9248358.24,,2773678.53
2026-08-05 13:00:00,9114927.13,,2697266.11
2026-08-05 14:00:00,9097964.77,,2686618.22
2026-08-05 15:00:00,9091340.36,,2688126.11
2026-08-05 16:00:00,9058873.39,,2678201.36
2026-08-05 17:00:00,9089667.33,,2683694.04
2026-08-05 18:00:00,9150458.32,,2706780.87
2026-08-05 19:00:00,9051037.27,,2697490.31
2026-08-05 20:00:00,9195443.40,,2738142.99
2026-08-05 21:00:00,9124187.02,,2727225.00
2026-08-05 22:00:00,9238636.23,,2773457.97
2026-08-05 23:00:00,9396580.11,,2810794.03
2026-08-06 00:00:00,9275600.72,,2748225.13
2026-08-06 01:00:00,9217958.85,,2738619.03
2026-08-06 02:00:00,8998527.34,,2673035.41
2026-08-06 03:00:00,8876576.95,,2658753.36
2026-08-06 04:00:00,8827737.73,,2637811.15
2026-08-06 05:00:00,8870167.59,,2643126.07
2026-08-06 06:00:00,8680704.51,,2597804.15
2026-08-06 07:00:00,8719608.72,,2582629.90
2026-08-06 08:00:00,8717414.02,,2567223.50
2026-08-06 09:00:00,8684289.90,,2578577.12
2026-08-06 10:00:00,8813053.54,,2657077.33
2026-08-06 11:00:00,8824177.33,,2675135.79
2026-08-06 12:00:00,8898040.19,,2699103.12
2026-08-06 13:00:00,8792270.75,,2668078.17
2026-08-06 14:00:00,9110489.84,,2752590.72
2026-08-06 15:00:00,9130363.23,,2748436.58
2026-08-06 16:00:00,9269086.17,,2781066.91
2026-08-06 17:00:00,9288081.40,,2786569.57
2026-08-06 18:00:00,9411446.34,,2812331.81
2026-08-06 19:00:00,9281605.97,,2782666.66
2026-08-06 20:00:00,9206821.84,,2756069.85
2026-08-06 21:00:00,9122441.12,,2721494.70
2026-08-06 22:00:00,9031563.27,,2684584.14
2026-08-06 23:00:00,9092515.86,,2694028.91
2026-08-07 00:00:00,9160127.27,,2715835.19
2026-08-07 01:00:00,9256451.38,,2747921.49
2026-08-07 02:00:00,9213436.39,,2733507.73
2026-08-07 03:00:00,9263285.36,,2742726.80
2026-08-07 04:00:00,9068431.95,,2683818.41
2026-08-07 05:00:00,9049483.36,,2673043.47
2026-08-07 06:00:00,8992893.22,,2658120.71
2026-08-07 07:00:00,8969433.66,,2637876.71
2026-08-07 08:00:00,9053251.86,,2645759.21
2026-08-07 09:00:00,9168934.77,,2685090.44
2026-08-07 10:00:00,9274551.02,,2712262.28
2026-08-07 11:00:00,9297395.84,,2726707.30
2026-08-07 12:00:00,9285111.48,,2762137.10
2026-08-07 13:00:00,9208899.26,,2739825.90
2026-08-07 14:00:00,9127421.10,,2712762.39
2026-08-07 15:00:00,9004686.62,,2671768.45
2026-08-07 16:00:00,8903710.11,,2622455.71
2026-08-07 17:00:00,8836317.91,,2588182.78
2026-08-07 18:00:00,8878457.64,,2566633.03
2026-08-07 19:00:00,8827505.58,,2556546.88
2026-08-07 20:00:00,8842845.62,,2563678.39
2026-08-07 21:00:00,8845148.52,,2556558.91
2026-08-07 22:00:00,8818019.61,,2550158.56
2026-08-07 23:00:00,8801699.56,,2544395.91
2026-08-08 00:00:00,8639496.80,,2487412.24
2026-08-08 01:00:00,8447181.68,,2438675.51
2026-08-08 02:00:00,8586444.72,,2476626.02
2026-08-08 03:00:00,8574199.47,,2457843.60
2026-08-08 04:00:00,8513576.28,,2429337.20
2026-08-08 05:00:00,8728380.02,,2516742.14
2026-08-08 06:00:00,8670304.72,,2489851.66
2026-08-08 07:00:00,8599168.65,,2459532.73
2026-08-08 08:00:00,8599243.76,,2451856.71
2026-08-08 09:00:00,8961426.90,,2555577.96
2026-08-08 10:00:00,8949915.62,,2541594.73
2026-08-08 11:00:00,9124843.46,,2564295.08
2026-08-08 12:00:00,9127246.75,,2586895.28
2026-08-08 13:00:00,9263247.78,,2656611.12
2026-08-08 14:00:00,9341473.27,,2712338.88
2026-08-08 15:00:00,9148751.47,,2697940.97
2026-08-08 16:00:00,9159569.78,,2668756.90
2026-08-08 17:00:00,9068220.49,,2642062.01
2026-08-08 18:00:00,9109021.09,,2652635.65
2026-08-08 19:00:00,9252773.63,,2700543.04
2026-08-08 20:00:00,9130647.27,,2662293.60
2026-08-08 21:00:00,9160586.98,,2673385.34
2026-08-08 22:00:00,9104406.31,,2656338.92
2026-08-08 23:00:00,9199086.21,,2680791.49
2026-08-09 00:00:00,9160994.93,,2668686.38
2026-08-09 01:00:00,9194866.54,,2679147.32
2026-08-09 02:00:00,9086169.70,,2656462.14
2026-08-09 03:00:00,9383585.12,,2730266.80
2026-08-09 04:00:00,9427943.45,,2735949.60
2026-08-09 05:00:00,9341530.64,,2709031.74
