time,oi_A,oi_6,oi_3
2026-05-10 12:00:00,,982546.37,
2026-05-10 13:00:00,,992780.59,
2026-05-10 14:00:00,,1002880.54,
2026-05-10 15:00:00,,990443.10,
2026-05-10 16:00:00,,987815.27,
2026-05-10 17:00:00,,997295.31,
2026-05-10 18:00:00,,1007534.22,
2026-05-10 19:00:00,,1031375.26,
2026-05-10 20:00:00,,1021259.19,
2026-05-10 21:00:00,,1043316.96,
2026-05-10 22:00:00,,1055778.93,
2026-05-10 23:00:00,,1086661.05,
2026-05-11 00:00:00,,1115320.48,
2026-05-11 01:00:00,,1107313.02,
2026-05-11 02:00:00,,1121574.17,
2026-05-11 03:00:00,,1111268.56,
2026-05-11 04:00:00,,1091219.87,
2026-05-11 05:00:00,,1097057.88,
2026-05-11 06:00:00,,1116897.86,
2026-05-11 07:00:00,,1119854.14,
2026-05-11 08:00:00,,1113536.06,
2026-05-11 09:00:00,,1122756.34,
2026-05-11 10:00:00,,1121396.95,
2026-05-11 11:00:00,,1123686.66,
2026-05-11 12:00:00,,1148420.62,
2026-05-11 13:00:00,,1167809.48,
2026-05-11 14:00:00,,1188241.97,
2026-05-11 15:00:00,,1191594.83,
2026-05-11 16:00:00,,1221395.77,
2026-05-11 17:00:00,,1199818.33,
2026-05-11 18:00:00,,1190704.30,
2026-05-11 19:00:00,,1182800.84,
2026-05-11 20:00:00,,1183615.68,
2026-05-11 21:00:00,,1197272.67,
2026-05-11 22:00:00,,1195012.58,
2026-05-11 23:00:00,,1208273.35,
2026-05-12 00:00:00,,1196137.65,
2026-05-12 01:00:00,,1203705.19,
2026-05-12 02:00:00,,1158631.95,
2026-05-12 03:00:00,,1161585.21,
2026-05-12 04:00:00,,1151730.41,
2026-05-12 05:00:00,,1154985.97,
2026-05-12 06:00:00,,1158109.38,
2026-05-12 07:00:00,,1150476.70,
2026-05-12 08:00:00,,1145179.98,
2026-05-12 09:00:00,,1123520.86,
2026-05-12 10:00:00,,1117248.18,
2026-05-12 11:00:00,,1114602.60,
2026-05-12 12:00:00,,1101817.75,
2026-05-12 13:00:00,,1110076.05,
2026-05-12 14:00:00,,1087651.19,
2026-05-12 15:00:00,,1069700.46,
2026-05-12 16:00:00,,1055935.25,
2026-05-12 17:00:00,,1041538.75,
2026-05-12 18:00:00,,1046924.07,
2026-05-12 19:00:00,,1054655.61,
2026-05-12 20:00:00,,1067816.12,
2026-05-12 21:00:00,,1066795.24,
2026-05-12 22:00:00,,1070866.57,
2026-05-12 23:00:00,,1073792.47,
2026-05-13 00:00:00,,1083514.17,
2026-05-13 01:00:00,,1079670.97,
2026-05-13 02:00:00,,1087456.10,
2026-05-13 03:00:00,,1064355.48,
2026-05-13 04:00:00,,1064293.81,
2026-05-13 05:00:00,,1058541.56,
2026-05-13 06:00:00,,1063684.91,
2026-05-13 07:00:00,,1052374.86,
2026-05-13 08:00:00,,1052821.11,
2026-05-13 09:00:00,,1055255.08,
2026-05-13 10:00:00,,1073209.89,
2026-05-13 11:00:00,,1053982.74,
2026-05-13 12:00:00,,1049663.45,
2026-05-13 13:00:00,,1019812.47,
2026-05-13 14:00:00,,1003618.91,
2026-05-13 15:00:00,,1077493.31,
2026-05-13 16:00:00,,1043836.60,
2026-05-13 17:00:00,,1049180.94,
2026-05-13 18:00:00,,1050939.64,
2026-05-13 19:00:00,,1053802.82,
2026-05-13 20:00:00,,1033873.87,
2026-05-13 21:00:00,,1036360.72,
2026-05-13 22:00:00,,1022060.40,
2026-05-13 23:00:00,,1028899.94,
2026-05-14 00:00:00,,1042370.90,
2026-05-14 01:00:00,,1048149.13,
2026-05-14 02:00:00,,1038935.10,
2026-05-14 03:00:00,,989431.33,
2026-05-14 04:00:00,,961260.60,
2026-05-14 05:00:00,,968365.81,
2026-05-14 06:00:00,,977477.05,
2026-05-14 07:00:00,,974027.18,
2026-05-14 08:00:00,,975356.91,
2026-05-14 09:00:00,,969126.36,
2026-05-14 10:00:00,,971793.36,
2026-05-14 11:00:00,,978627.62,
2026-05-14 12:00:00,,968770.60,
2026-05-14 13:00:00,,980993.71,
2026-05-14 14:00:00,,971949.43,
2026-05-14 15:00:00,,995865.38,
2026-05-14 16:00:00,,992747.95,
2026-05-14 17:00:00,,1006208.29,
2026-05-14 18:00:00,,1003179.60,
2026-05-14 19:00:00,,1002839.30,
2026-05-14 20:00:00,,985746.82,
2026-05-14 21:00:00,,988210.93,
2026-05-14 22:00:00,,986993.41,
2026-05-14 23:00:00,,981325.84,
2026-05-15 00:00:00,,974769.16,
2026-05-15 01:00:00,,990509.78,
2026-05-15 02:00:00,,980949.34,
2026-05-15 03:00:00,,984957.45,
2026-05-15 04:00:00,,981036.66,
2026-05-15 05:00:00,,972503.14,
2026-05-15 06:00:00,,944548.67,
2026-05-15 07:00:00,,952863.88,
2026-05-15 08:00:00,,951623.07,
2026-05-15 09:00:00,,941715.92,
2026-05-15 10:00:00,,929220.40,
2026-05-15 11:00:00,,930433.59,
2026-05-15 12:00:00,,917546.22,
2026-05-15 13:00:00,,910603.90,
2026-05-15 14:00:00,,862115.20,
2026-05-15 15:00:00,,874874.11,
2026-05-15 16:00:00,,877585.34,
2026-05-15 17:00:00,,880223.30,
2026-05-15 18:00:00,,885501.90,
2026-05-15 19:00:00,,882222.68,
2026-05-15 20:00:00,,875985.13,
2026-05-15 21:00:00,,870510.47,
2026-05-15 22:00:00,,867058.62,
2026-05-15 23:00:00,,867932.68,
2026-05-16 00:00:00,,867244.60,
2026-05-16 01:00:00,,877066.46,
2026-05-16 02:00:00,,873466.73,
2026-05-16 03:00:00,,865262.76,
2026-05-16 04:00:00,,855208.35,
2026-05-16 05:00:00,,847240.91,
2026-05-16 06:00:00,,846592.76,
2026-05-16 07:00:00,,834867.22,
2026-05-16 08:00:00,,808520.86,
2026-05-16 09:00:00,,807888.28,
2026-05-16 10:00:00,,805537.24,
2026-05-16 11:00:00,,802623.42,
2026-05-16 12:00:00,,804881.91,
2026-05-16 13:00:00,,807205.26,
2026-05-16 14:00:00,,814255.99,
2026-05-16 15:00:00,,813231.83,
2026-05-16 16:00:00,,834590.11,
2026-05-16 17:00:00,,827642.09,
2026-05-16 18:00:00,,833811.91,
2026-05-16 19:00:00,,831211.31,
2026-05-16 20:00:00,,831218.46,
2026-05-16 21:00:00,,830690.91,
2026-05-16 22:00:00,,834420.60,
2026-05-16 23:00:00,,835923.55,
2026-05-17 00:00:00,,835536.94,
2026-05-17 01:00:00,,811363.67,
2026-05-17 02:00:00,,790483.93,
2026-05-17 03:00:00,,789482.64,
2026-05-17 04:00:00,,802172.37,
2026-05-17 05:00:00,,798419.83,
2026-05-17 06:00:00,,803587.55,
2026-05-17 07:00:00,,799820.31,
2026-05-17 08:00:00,,798014.93,
2026-05-17 09:00:00,,794351.77,
2026-05-17 10:00:00,,802562.12,
2026-05-17 11:00:00,,794590.79,
2026-05-17 12:00:00,,790225.37,
2026-05-17 13:00:00,,788605.78,
2026-05-17 14:00:00,,781597.39,
2026-05-17 15:00:00,,772885.46,
2026-05-17 16:00:00,,763313.53,
2026-05-17 17:00:00,,754394.57,
2026-05-17 18:00:00,,753267.04,
2026-05-17 19:00:00,,755083.44,
2026-05-17 20:00:00,,757653.90,
2026-05-17 21:00:00,,755149.66,
2026-05-17 22:00:00,,755153.98,
2026-05-17 23:00:00,,751799.11,
2026-05-18 00:00:00,,716017.33,
2026-05-18 01:00:00,,709750.92,
2026-05-18 02:00:00,,706827.49,
2026-05-18 03:00:00,,707999.64,
2026-05-18 04:00:00,,704278.35,
2026-05-18 05:00:00,,711733.97,
2026-05-18 06:00:00,,709524.71,
2026-05-18 07:00:00,,707496.99,
2026-05-18 08:00:00,,708655.85,
2026-05-18 09:00:00,,714589.09,
2026-05-18 10:00:00,,710483.59,
2026-05-18 11:00:00,,716609.35,
2026-05-18 12:00:00,,719017.46,
2026-05-18 13:00:00,,721848.59,
2026-05-18 14:00:00,,700422.88,
2026-05-18 15:00:00,,688474.89,
2026-05-18 16:00:00,,677808.39,
2026-05-18 17:00:00,,684919.62,
2026-05-18 18:00:00,,686843.26,
2026-05-18 19:00:00,,681110.29,
2026-05-18 20:00:00,,699278.33,
2026-05-18 21:00:00,,697833.80,
2026-05-18 22:00:00,,706127.56,
2026-05-18 23:00:00,,708022.16,
2026-05-19 00:00:00,,708289.56,
2026-05-19 01:00:00,,713661.51,
2026-05-19 02:00:00,,705464.48,
2026-05-19 03:00:00,,710348.02,
2026-05-19 04:00:00,,716196.37,
2026-05-19 05:00:00,,715428.92,
2026-05-19 06:00:00,,716905.11,
2026-05-19 07:00:00,,718616.75,
2026-05-19 08:00:00,,718685.23,
2026-05-19 09:00:00,,714264.34,
2026-05-19 10:00:00,,706047.50,
2026-05-19 11:00:00,,701484.06,
2026-05-19 12:00:00,,696411.29,
2026-05-19 13:00:00,,697945.46,
2026-05-19 14:00:00,,703951.82,
2026-05-19 15:00:00,,695250.15,
2026-05-19 16:00:00,,689284.94,
2026-05-19 17:00:00,,705698.94,
2026-05-19 18:00:00,,699827.06,
2026-05-19 19:00:00,,696353.77,
2026-05-19 20:00:00,,696767.23,
2026-05-19 21:00:00,,696271.94,
2026-05-19 22:00:00,,694488.98,
2026-05-19 23:00:00,,701429.25,
2026-05-20 00:00:00,,711976.97,
2026-05-20 01:00:00,,695303.57,
2026-05-20 02:00:00,,699823.41,
2026-05-20 03:00:00,,698311.75,
2026-05-20 04:00:00,,700641.68,
2026-05-20 05:00:00,,702772.52,
2026-05-20 06:00:00,,712806.13,
2026-05-20 07:00:00,,714583.68,
2026-05-20 08:00:00,,710958.82,
2026-05-20 09:00:00,,721113.52,
2026-05-20 10:00:00,,713103.91,
2026-05-20 11:00:00,,713716.70,
2026-05-20 12:00:00,,712960.41,
2026-05-20 13:00:00,,718854.06,
2026-05-20 14:00:00,,719431.06,
2026-05-20 15:00:00,,724199.71,
2026-05-20 16:00:00,,728980.80,
2026-05-20 17:00:00,,728048.46,
2026-05-20 18:00:00,,732419.23,
2026-05-20 19:00:00,,723724.75,
2026-05-20 20:00:00,,732385.06,
2026-05-20 21:00:00,,736027.55,
2026-05-20 22:00:00,,735102.15,
2026-05-20 23:00:00,,733007.52,
2026-05-21 00:00:00,,732941.45,
2026-05-21 01:00:00,,736035.45,
2026-05-21 02:00:00,,738537.44,
2026-05-21 03:00:00,,737587.37,
2026-05-21 04:00:00,,739266.82,
2026-05-21 05:00:00,,738856.93,
2026-05-21 06:00:00,,730933.02,
2026-05-21 07:00:00,,730809.71,
2026-05-21 08:00:00,,732425.84,
2026-05-21 09:00:00,,734546.88,
2026-05-21 10:00:00,,728998.73,
2026-05-21 11:00:00,,711700.59,
2026-05-21 12:00:00,,715167.11,
2026-05-21 13:00:00,,719908.62,
2026-05-21 14:00:00,,723107.97,
2026-05-21 15:00:00,,720991.06,
2026-05-21 16:00:00,,727875.89,
2026-05-21 17:00:00,,726716.25,
2026-05-21 18:00:00,,735548.55,
2026-05-21 19:00:00,,725985.30,
2026-05-21 20:00:00,,730532.56,
2026-05-21 21:00:00,,729056.96,
2026-05-21 22:00:00,,727553.49,
2026-05-21 23:00:00,,724692.59,
2026-05-22 00:00:00,,724819.82,
2026-05-22 01:00:00,,713689.69,
2026-05-22 02:00:00,,716836.49,
2026-05-22 03:00:00,,717723.24,
2026-05-22 04:00:00,,714974.70,
2026-05-22 05:00:00,,732627.17,
2026-05-22 06:00:00,,730958.98,
2026-05-22 07:00:00,,725249.10,
2026-05-22 08:00:00,,729399.97,
2026-05-22 09:00:00,,729747.63,
2026-05-22 10:00:00,,726046.23,
2026-05-22 11:00:00,,722284.28,
2026-05-22 12:00:00,,727335.30,
2026-05-22 13:00:00,,731355.22,
2026-05-22 14:00:00,,734143.21,
2026-05-22 15:00:00,,712460.81,
2026-05-22 16:00:00,,717348.56,
2026-05-22 17:00:00,,719182.07,
2026-05-22 18:00:00,,714797.50,
2026-05-22 19:00:00,,698378.15,
2026-05-22 20:00:00,,693656.78,
2026-05-22 21:00:00,,704190.77,
2026-05-22 22:00:00,,704252.59,
2026-05-22 23:00:00,,698734.66,
2026-05-23 00:00:00,,688125.10,
2026-05-23 01:00:00,,686545.86,
2026-05-23 02:00:00,,689211.54,
2026-05-23 03:00:00,,692079.67,
2026-05-23 04:00:00,,692522.88,
2026-05-23 05:00:00,,689004.05,
2026-05-23 06:00:00,,690573.40,
2026-05-23 07:00:00,,685456.45,
2026-05-23 08:00:00,,638873.62,
2026-05-23 09:00:00,,638257.74,
2026-05-23 10:00:00,,636117.52,
2026-05-23 11:00:00,,638777.59,
2026-05-23 12:00:00,,635408.18,
2026-05-23 13:00:00,,638010.66,
2026-05-23 14:00:00,,654276.13,
2026-05-23 15:00:00,,666526.18,
2026-05-23 16:00:00,,668748.31,
2026-05-23 17:00:00,,669742.38,
2026-05-23 18:00:00,,669239.51,
2026-05-23 19:00:00,,675640.40,
2026-05-23 20:00:00,,676132.71,
2026-05-23 21:00:00,,694698.37,
2026-05-23 22:00:00,,682214.87,
2026-05-23 23:00:00,,677476.91,
2026-05-24 00:00:00,,674582.15,
2026-05-24 01:00:00,,676832.47,
2026-05-24 02:00:00,,674601.48,
2026-05-24 03:00:00,,671399.08,
2026-05-24 04:00:00,,667770.71,
2026-05-24 05:00:00,,670567.51,
2026-05-24 06:00:00,,668592.06,
2026-05-24 07:00:00,,670448.54,
2026-05-24 08:00:00,,666772.86,
2026-05-24 09:00:00,,668182.13,
2026-05-24 10:00:00,,669072.31,
2026-05-24 11:00:00,,661605.70,
2026-05-24 12:00:00,,661404.44,
2026-05-24 13:00:00,,656885.53,
2026-05-24 14:00:00,,651583.87,
2026-05-24 15:00:00,,652680.42,
2026-05-24 16:00:00,,655016.18,
2026-05-24 17:00:00,,653278.74,
2026-05-24 18:00:00,,655058.46,
2026-05-24 19:00:00,,652693.21,
2026-05-24 20:00:00,,650632.95,
2026-05-24 21:00:00,,648461.58,
2026-05-24 22:00:00,,636125.09,
2026-05-24 23:00:00,,642960.68,
2026-05-25 00:00:00,,644648.64,
2026-05-25 01:00:00,,644332.57,
2026-05-25 02:00:00,,641711.87,
2026-05-25 03:00:00,,643805.12,
2026-05-25 04:00:00,,643193.45,
2026-05-25 05:00:00,,646118.12,
2026-05-25 06:00:00,,649496.59,
2026-05-25 07:00:00,,650983.90,
2026-05-25 08:00:00,,649015.32,
2026-05-25 09:00:00,,653336.21,
2026-05-25 10:00:00,,653232.66,
2026-05-25 11:00:00,,655114.60,
2026-05-25 12:00:00,,651434.53,
2026-05-25 13:00:00,,651314.74,
2026-05-25 14:00:00,,649863.31,
2026-05-25 15:00:00,,658041.10,
2026-05-25 16:00:00,,658874.11,
2026-05-25 17:00:00,,660334.89,
2026-05-25 18:00:00,,660245.30,
2026-05-25 19:00:00,,661419.22,
2026-05-25 20:00:00,,657438.23,
2026-05-25 21:00:00,,652877.29,
2026-05-25 22:00:00,,653645.05,
2026-05-25 23:00:00,,643836.78,
2026-05-26 00:00:00,,642741.01,
2026-05-26 01:00:00,,633816.77,
2026-05-26 02:00:00,,634715.68,
2026-05-26 03:00:00,,631769.29,
2026-05-26 04:00:00,,633851.06,
2026-05-26 05:00:00,,637517.94,
2026-05-26 06:00:00,,639657.46,
2026-05-26 07:00:00,,643883.57,
2026-05-26 08:00:00,,642469.23,
2026-05-26 09:00:00,,644748.38,
2026-05-26 10:00:00,,639833.24,
2026-05-26 11:00:00,,653841.03,
2026-05-26 12:00:00,,649195.27,
2026-05-26 13:00:00,,644576.36,
2026-05-26 14:00:00,,649724.17,
2026-05-26 15:00:00,,640296.84,
2026-05-26 16:00:00,,640919.98,
2026-05-26 17:00:00,,636826.06,
2026-05-26 18:00:00,,631462.10,
2026-05-26 19:00:00,,627814.34,
2026-05-26 20:00:00,,630459.27,
2026-05-26 21:00:00,,630552.92,
2026-05-26 22:00:00,,623372.81,
2026-05-26 23:00:00,,615834.42,
2026-05-27 00:00:00,,618462.76,
2026-05-27 01:00:00,,631453.74,
2026-05-27 02:00:00,,621350.40,
2026-05-27 03:00:00,,613929.13,
2026-05-27 04:00:00,,611969.91,
2026-05-27 05:00:00,,604188.61,
2026-05-27 06:00:00,,604422.04,
2026-05-27 07:00:00,,606861.98,
2026-05-27 08:00:00,,607844.20,
2026-05-27 09:00:00,,601469.48,
2026-05-27 10:00:00,,602429.02,
2026-05-27 11:00:00,,608854.13,
2026-05-27 12:00:00,,614891.71,
2026-05-27 13:00:00,,619716.32,
2026-05-27 14:00:00,,612749.01,
2026-05-27 15:00:00,,617538.04,
2026-05-27 16:00:00,,623141.89,
2026-05-27 17:00:00,,620037.50,
2026-05-27 18:00:00,,611727.19,
2026-05-27 19:00:00,,617576.98,
2026-05-27 20:00:00,,616020.89,
2026-05-27 21:00:00,,616084.84,
2026-05-27 22:00:00,,595948.23,
2026-05-27 23:00:00,,598738.19,
2026-05-28 00:00:00,,599015.36,
2026-05-28 01:00:00,,600877.94,
2026-05-28 02:00:00,,609733.44,
2026-05-28 03:00:00,,611653.36,
2026-05-28 04:00:00,,588844.36,
2026-05-28 05:00:00,,603026.42,
2026-05-28 06:00:00,,616512.45,
2026-05-28 07:00:00,,618024.33,
2026-05-28 08:00:00,,602775.86,
2026-05-28 09:00:00,,595951.74,
2026-05-28 10:00:00,,600104.67,
2026-05-28 11:00:00,,582639.11,
2026-05-28 12:00:00,,581744.04,
2026-05-28 13:00:00,,590856.17,
2026-05-28 14:00:00,,582157.66,
2026-05-28 15:00:00,,577188.26,
2026-05-28 16:00:00,,569514.93,
2026-05-28 17:00:00,,573007.10,
2026-05-28 18:00:00,,572960.82,
2026-05-28 19:00:00,,576705.16,
2026-05-28 20:00:00,,569994.71,
2026-05-28 21:00:00,,574627.47,
2026-05-28 22:00:00,,573435.80,
2026-05-28 23:00:00,,573836.67,
2026-05-29 00:00:00,,578681.38,
2026-05-29 01:00:00,,577111.39,
2026-05-29 02:00:00,,573418.86,
2026-05-29 03:00:00,,568777.97,
2026-05-29 04:00:00,,574399.89,
2026-05-29 05:00:00,,572730.96,
2026-05-29 06:00:00,,558736.45,
2026-05-29 07:00:00,,559250.52,
2026-05-29 08:00:00,,576101.10,
2026-05-29 09:00:00,,545774.12,
2026-05-29 10:00:00,,548558.02,
2026-05-29 11:00:00,,547101.25,
2026-05-29 12:00:00,,543384.84,
2026-05-29 13:00:00,,538571.08,
2026-05-29 14:00:00,,537811.55,
2026-05-29 15:00:00,,543269.59,
2026-05-29 16:00:00,,555641.73,
2026-05-29 17:00:00,,559362.59,
2026-05-29 18:00:00,,559736.46,
2026-05-29 19:00:00,,558034.92,
2026-05-29 20:00:00,,556448.51,
2026-05-29 21:00:00,,557935.04,
2026-05-29 22:00:00,,556580.31,
2026-05-29 23:00:00,,555651.38,
2026-05-30 00:00:00,,557844.15,
2026-05-30 01:00:00,,559979.59,
2026-05-30 02:00:00,,566313.13,
2026-05-30 03:00:00,,565152.93,
2026-05-30 04:00:00,,563722.63,
2026-05-30 05:00:00,,559234.76,
2026-05-30 06:00:00,,554867.64,
2026-05-30 07:00:00,,549213.32,
2026-05-30 08:00:00,,554210.53,
2026-05-30 09:00:00,,552284.13,
2026-05-30 10:00:00,,550783.74,
2026-05-30 11:00:00,,545059.42,
2026-05-30 12:00:00,,543250.49,
2026-05-30 13:00:00,,537314.09,
2026-05-30 14:00:00,,534573.95,
2026-05-30 15:00:00,,532986.27,
2026-05-30 16:00:00,,529803.96,
2026-05-30 17:00:00,,532420.04,
2026-05-30 18:00:00,,535849.62,
2026-05-30 19:00:00,,534944.14,
2026-05-30 20:00:00,,531968.90,
2026-05-30 21:00:00,,533648.10,
2026-05-30 22:00:00,,531984.95,
2026-05-30 23:00:00,,531195.40,
2026-05-31 00:00:00,,531362.40,
2026-05-31 01:00:00,,532258.39,
2026-05-31 02:00:00,,533266.87,
2026-05-31 03:00:00,,536043.95,
2026-05-31 04:00:00,,536460.89,
2026-05-31 05:00:00,,544326.41,
2026-05-31 06:00:00,,543818.76,
2026-05-31 07:00:00,,547244.05,
2026-05-31 08:00:00,,543548.61,
2026-05-31 09:00:00,,541168.17,
2026-05-31 10:00:00,,540109.55,
2026-05-31 11:00:00,,538628.18,
2026-05-31 12:00:00,,539374.55,
2026-05-31 13:00:00,,540163.25,
2026-05-31 14:00:00,,537815.34,
2026-05-31 15:00:00,,526622.89,
2026-05-31 16:00:00,,526036.08,
2026-05-31 17:00:00,,529467.67,
2026-05-31 18:00:00,,536956.87,
2026-05-31 19:00:00,,538990.83,
2026-05-31 20:00:00,,535200.98,
2026-05-31 21:00:00,,538930.15,
2026-05-31 22:00:00,,544625.58,
2026-05-31 23:00:00,,547151.22,
2026-06-01 00:00:00,,546915.06,
2026-06-01 01:00:00,,542486.10,
2026-06-01 02:00:00,,520213.87,
2026-06-01 03:00:00,,522355.98,
2026-06-01 04:00:00,,516916.37,
2026-06-01 05:00:00,,510312.54,
2026-06-01 06:00:00,,507442.27,
2026-06-01 07:00:00,,506025.76,
2026-06-01 08:00:00,,501863.88,
2026-06-01 09:00:00,,501556.50,
2026-06-01 10:00:00,,506596.64,
2026-06-01 11:00:00,,497593.78,
2026-06-01 12:00:00,,495063.62,
2026-06-01 13:00:00,,498285.43,
2026-06-01 14:00:00,,496035.66,
2026-06-01 15:00:00,,493835.11,
2026-06-01 16:00:00,,501999.29,
2026-06-01 17:00:00,,509056.22,
2026-06-01 18:00:00,,513890.36,
2026-06-01 19:00:00,,514595.55,
2026-06-01 20:00:00,,517823.55,
2026-06-01 21:00:00,,519721.50,
2026-06-01 22:00:00,,520931.63,
2026-06-01 23:00:00,,525913.36,
2026-06-02 00:00:00,,520073.88,
2026-06-02 01:00:00,,518310.97,
2026-06-02 02:00:00,,517806.01,
2026-06-02 03:00:00,,517112.79,
2026-06-02 04:00:00,,518849.98,
2026-06-02 05:00:00,,513378.81,
2026-06-02 06:00:00,,513093.95,
2026-06-02 07:00:00,,513657.36,
2026-06-02 08:00:00,,512494.13,
2026-06-02 09:00:00,,510915.85,
2026-06-02 10:00:00,,512201.95,
2026-06-02 11:00:00,,515056.37,
2026-06-02 12:00:00,,513985.95,
2026-06-02 13:00:00,,513254.83,
2026-06-02 14:00:00,,510956.60,
2026-06-02 15:00:00,,487822.48,
2026-06-02 16:00:00,,483907.57,
2026-06-02 17:00:00,,483421.23,
2026-06-02 18:00:00,,480872.92,
2026-06-02 19:00:00,,477374.23,
2026-06-02 20:00:00,,479643.00,
2026-06-02 21:00:00,,476648.06,
2026-06-02 22:00:00,,473830.38,
2026-06-02 23:00:00,,462631.02,
2026-06-03 00:00:00,,453354.36,
2026-06-03 01:00:00,,453851.81,
2026-06-03 02:00:00,,460946.72,
2026-06-03 03:00:00,,469279.26,
2026-06-03 04:00:00,,456400.55,
2026-06-03 05:00:00,,467690.77,
2026-06-03 06:00:00,,480625.49,
2026-06-03 07:00:00,,485604.89,
2026-06-03 08:00:00,,492990.68,
2026-06-03 09:00:00,,492144.59,
2026-06-03 10:00:00,,497223.92,
2026-06-03 11:00:00,,501637.01,
2026-06-03 12:00:00,,498444.00,
2026-06-03 13:00:00,,496287.47,
2026-06-03 14:00:00,,497992.06,
2026-06-03 15:00:00,,497809.93,
2026-06-03 16:00:00,,491474.54,
2026-06-03 17:00:00,,492686.59,
2026-06-03 18:00:00,,491413.21,
2026-06-03 19:00:00,,493433.44,
2026-06-03 20:00:00,,484465.58,
2026-06-03 21:00:00,,480387.07,
2026-06-03 22:00:00,,498333.18,
2026-06-03 23:00:00,,498616.13,
2026-06-04 00:00:00,,487689.74,
2026-06-04 01:00:00,,483415.33,
2026-06-04 02:00:00,,447603.07,
2026-06-04 03:00:00,,441927.05,
2026-06-04 04:00:00,,458050.25,
2026-06-04 05:00:00,,451540.47,
2026-06-04 06:00:00,,450258.54,
2026-06-04 07:00:00,,452068.72,
2026-06-04 08:00:00,,441912.98,
2026-06-04 09:00:00,,443864.73,
2026-06-04 10:00:00,,442053.46,
2026-06-04 11:00:00,,427074.85,
2026-06-04 12:00:00,,422627.49,
2026-06-04 13:00:00,,439012.38,
2026-06-04 14:00:00,,439448.39,
2026-06-04 15:00:00,,441026.95,
2026-06-04 16:00:00,,443882.06,
2026-06-04 17:00:00,,446799.22,
2026-06-04 18:00:00,,445571.10,
2026-06-04 19:00:00,,450746.73,
2026-06-04 20:00:00,,453098.38,
2026-06-04 21:00:00,,445582.24,
2026-06-04 22:00:00,,439705.44,
2026-06-04 23:00:00,,437400.50,
2026-06-05 00:00:00,,441071.54,
2026-06-05 01:00:00,,437172.35,
2026-06-05 02:00:00,,439137.54,
2026-06-05 03:00:00,,426538.15,
2026-06-05 04:00:00,,425216.92,
2026-06-05 05:00:00,,438796.65,
2026-06-05 06:00:00,,420131.28,
2026-06-05 07:00:00,,405109.98,
2026-06-05 08:00:00,,413159.43,
2026-06-05 09:00:00,,400769.31,
2026-06-05 10:00:00,,410850.88,
2026-06-05 11:00:00,,407032.05,
2026-06-05 12:00:00,,404387.97,
2026-06-05 13:00:00,,403955.88,
2026-06-05 14:00:00,,393421.42,
2026-06-05 15:00:00,,374628.66,
2026-06-05 16:00:00,,365494.04,
2026-06-05 17:00:00,,377098.80,
2026-06-05 18:00:00,,370360.07,
2026-06-05 19:00:00,,363195.89,
2026-06-05 20:00:00,,369277.01,
2026-06-05 21:00:00,,378709.75,
2026-06-05 22:00:00,,385986.42,
2026-06-05 23:00:00,,401420.27,
2026-06-06 00:00:00,,396505.87,
2026-06-06 01:00:00,,404031.58,
2026-06-06 02:00:00,,400089.87,
2026-06-06 03:00:00,,389775.47,
2026-06-06 04:00:00,,382290.87,
2026-06-06 05:00:00,,378799.63,
2026-06-06 06:00:00,,396866.30,
2026-06-06 07:00:00,,416540.29,
2026-06-06 08:00:00,,429735.48,
2026-06-06 09:00:00,,436695.31,
2026-06-06 10:00:00,,421427.66,
2026-06-06 11:00:00,,416396.17,
2026-06-06 12:00:00,,415801.23,
2026-06-06 13:00:00,,418946.44,
2026-06-06 14:00:00,,413671.47,
2026-06-06 15:00:00,,414189.40,
2026-06-06 16:00:00,,424003.28,
2026-06-06 17:00:00,,420724.27,
2026-06-06 18:00:00,,410260.91,
2026-06-06 19:00:00,,412169.20,
2026-06-06 20:00:00,,414828.51,
2026-06-06 21:00:00,,413383.43,
2026-06-06 22:00:00,,414699.30,
2026-06-06 23:00:00,,415720.43,
2026-06-07 00:00:00,,421920.71,
2026-06-07 01:00:00,,422467.94,
2026-06-07 02:00:00,,425927.63,
2026-06-07 03:00:00,,426331.73,
2026-06-07 04:00:00,,425585.65,
2026-06-07 05:00:00,,423762.37,
2026-06-07 06:00:00,,423837.01,
2026-06-07 07:00:00,,425497.99,
2026-06-07 08:00:00,,422867.11,
2026-06-07 09:00:00,,432512.03,
2026-06-07 10:00:00,,408786.63,
2026-06-07 11:00:00,,412117.34,
2026-06-07 12:00:00,,413030.59,
2026-06-07 13:00:00,,407696.80,
2026-06-07 14:00:00,,411520.56,
2026-06-07 15:00:00,,412049.73,
2026-06-07 16:00:00,,414962.15,
2026-06-07 17:00:00,,420367.35,
2026-06-07 18:00:00,,418948.52,
2026-06-07 19:00:00,,416181.82,
2026-06-07 20:00:00,,414922.51,
2026-06-07 21:00:00,,422510.73,
2026-06-07 22:00:00,,427251.58,
2026-06-07 23:00:00,,446856.17,
2026-06-08 00:00:00,,443911.60,
2026-06-08 01:00:00,,450560.80,
2026-06-08 02:00:00,,439276.63,
2026-06-08 03:00:00,,432963.44,
2026-06-08 04:00:00,,433420.51,
2026-06-08 05:00:00,,427222.12,
2026-06-08 06:00:00,,426460.65,
2026-06-08 07:00:00,,429981.54,
2026-06-08 08:00:00,,432709.06,
2026-06-08 09:00:00,,426520.52,
2026-06-08 10:00:00,,435664.37,
2026-06-08 11:00:00,,435807.75,
2026-06-08 12:00:00,,442039.38,
2026-06-08 13:00:00,,444032.03,
2026-06-08 14:00:00,,442647.09,
2026-06-08 15:00:00,,446537.90,
2026-06-08 16:00:00,,449968.87,
2026-06-08 17:00:00,,450840.01,
2026-06-08 18:00:00,,449696.52,
2026-06-08 19:00:00,,449766.72,
2026-06-08 20:00:00,,436243.02,
2026-06-08 21:00:00,,439021.37,
2026-06-08 22:00:00,,441733.00,
2026-06-08 23:00:00,,437662.43,
2026-06-09 00:00:00,,430181.68,
2026-06-09 01:00:00,,412094.45,
2026-06-09 02:00:00,,412652.66,
2026-06-09 03:00:00,,405779.87,
2026-06-09 04:00:00,,406662.17,
2026-06-09 05:00:00,,417398.03,
2026-06-09 06:00:00,,394677.35,
2026-06-09 07:00:00,,370984.57,
2026-06-09 08:00:00,,372096.75,
2026-06-09 09:00:00,,367506.15,
2026-06-09 10:00:00,,362172.41,
2026-06-09 11:00:00,,369656.54,
2026-06-09 12:00:00,,370159.28,
2026-06-09 13:00:00,,371445.72,
2026-06-09 14:00:00,,362529.85,
2026-06-09 15:00:00,,358134.44,
2026-06-09 16:00:00,,362876.56,
2026-06-09 17:00:00,,362768.37,
2026-06-09 18:00:00,,372891.93,
2026-06-09 19:00:00,,376621.50,
2026-06-09 20:00:00,,380884.20,
2026-06-09 21:00:00,,382893.44,
2026-06-09 22:00:00,,377248.72,
2026-06-09 23:00:00,,377801.05,
2026-06-10 00:00:00,,374854.84,
2026-06-10 01:00:00,,386920.75,
2026-06-10 02:00:00,,388710.77,
2026-06-10 03:00:00,,391302.93,
2026-06-10 04:00:00,,394603.38,
2026-06-10 05:00:00,,388340.87,
2026-06-10 06:00:00,,385611.75,
2026-06-10 07:00:00,,398835.09,
2026-06-10 08:00:00,,394634.68,
2026-06-10 09:00:00,,392328.63,
2026-06-10 10:00:00,,396412.83,
2026-06-10 11:00:00,,401281.50,
2026-06-10 12:00:00,,386008.81,
2026-06-10 13:00:00,,395828.78,
2026-06-10 14:00:00,,418438.52,
2026-06-10 15:00:00,,414312.14,
2026-06-10 16:00:00,,403325.75,
2026-06-10 17:00:00,,397556.25,
2026-06-10 18:00:00,,397853.40,
2026-06-10 19:00:00,,392555.90,
2026-06-10 20:00:00,,386172.88,
2026-06-10 21:00:00,,564397.28,
2026-06-10 22:00:00,,575147.15,
2026-06-10 23:00:00,,563259.12,
2026-06-11 00:00:00,,565161.32,
2026-06-11 01:00:00,,548452.36,
2026-06-11 02:00:00,,533258.66,
2026-06-11 03:00:00,,539270.92,
2026-06-11 04:00:00,,576177.62,
2026-06-11 05:00:00,,576985.69,
2026-06-11 06:00:00,,576755.71,
2026-06-11 07:00:00,,634937.82,
2026-06-11 08:00:00,,602988.17,
2026-06-11 09:00:00,,605286.72,
2026-06-11 10:00:00,,602695.74,
2026-06-11 11:00:00,,609129.40,
2026-06-11 12:00:00,,572500.23,
2026-06-11 13:00:00,,547457.28,
2026-06-11 14:00:00,,538967.13,
2026-06-11 15:00:00,,542712.87,
2026-06-11 16:00:00,,524518.69,
2026-06-11 17:00:00,,512827.30,
2026-06-11 18:00:00,,512569.77,
2026-06-11 19:00:00,,498256.46,
2026-06-11 20:00:00,,498366.63,
2026-06-11 21:00:00,,497854.79,
2026-06-11 22:00:00,,502291.56,
2026-06-11 23:00:00,,488717.71,
2026-06-12 00:00:00,,481380.74,
2026-06-12 01:00:00,,421137.47,
2026-06-12 02:00:00,,440426.75,
2026-06-12 03:00:00,,447870.72,
2026-06-12 04:00:00,,458430.90,
2026-06-12 05:00:00,,459500.53,
2026-06-12 06:00:00,,461461.53,
2026-06-12 07:00:00,,540370.33,
2026-06-12 08:00:00,,589243.08,
2026-06-12 09:00:00,,588450.62,
2026-06-12 10:00:00,,582966.46,
2026-06-12 11:00:00,,597424.89,
2026-06-12 12:00:00,,591750.62,
2026-06-12 13:00:00,,582116.96,
2026-06-12 14:00:00,,568720.69,
2026-06-12 15:00:00,,565184.16,
2026-06-12 16:00:00,,557220.03,
2026-06-12 17:00:00,,566799.15,
2026-06-12 18:00:00,,558668.79,
2026-06-12 19:00:00,,557536.78,
2026-06-12 20:00:00,,557446.83,
2026-06-12 21:00:00,,559072.82,
2026-06-12 22:00:00,,532607.23,
2026-06-12 23:00:00,,531118.54,
2026-06-13 00:00:00,,535323.32,
2026-06-13 01:00:00,,533667.63,
2026-06-13 02:00:00,,540999.74,
2026-06-13 03:00:00,,531556.61,
2026-06-13 04:00:00,,533367.88,
2026-06-13 05:00:00,,521434.00,
2026-06-13 06:00:00,,513724.40,
2026-06-13 07:00:00,,520938.01,
2026-06-13 08:00:00,,527993.01,
2026-06-13 09:00:00,,522301.71,
2026-06-13 10:00:00,,515125.44,
2026-06-13 11:00:00,,511308.07,
2026-06-13 12:00:00,,509335.44,
2026-06-13 13:00:00,,505751.42,
2026-06-13 14:00:00,,496510.68,
2026-06-13 15:00:00,,538427.28,
2026-06-13 16:00:00,,537355.80,
2026-06-13 17:00:00,,528594.54,
2026-06-13 18:00:00,,527830.57,
2026-06-13 19:00:00,,526740.19,
2026-06-13 20:00:00,,531726.51,
2026-06-13 21:00:00,,532544.14,
2026-06-13 22:00:00,,536288.48,
2026-06-13 23:00:00,,536362.10,
2026-06-14 00:00:00,,535568.47,
2026-06-14 01:00:00,,531734.40,
2026-06-14 02:00:00,,532708.74,
2026-06-14 03:00:00,,523255.13,
2026-06-14 04:00:00,,528592.38,
2026-06-14 05:00:00,,523359.42,
2026-06-14 06:00:00,,525454.47,
2026-06-14 07:00:00,,518707.50,
2026-06-14 08:00:00,,513776.73,
2026-06-14 09:00:00,,531866.46,
2026-06-14 10:00:00,,528186.20,
2026-06-14 11:00:00,,526306.03,
2026-06-14 12:00:00,,526211.22,
2026-06-14 13:00:00,,516545.92,
2026-06-14 14:00:00,,511942.06,
2026-06-14 15:00:00,,486049.91,
2026-06-14 16:00:00,,485404.67,
2026-06-14 17:00:00,,480828.68,
2026-06-14 18:00:00,,480176.53,
2026-06-14 19:00:00,,480381.07,
2026-06-14 20:00:00,,475156.57,
2026-06-14 21:00:00,,473146.41,
2026-06-14 22:00:00,,469734.24,
2026-06-14 23:00:00,,460520.47,
2026-06-15 00:00:00,,469611.31,
2026-06-15 01:00:00,,445046.15,
2026-06-15 02:00:00,,442682.63,
2026-06-15 03:00:00,,441393.53,
2026-06-15 04:00:00,,443333.95,
2026-06-15 05:00:00,,421010.59,
2026-06-15 06:00:00,,423462.98,
2026-06-15 07:00:00,,409754.07,
2026-06-15 08:00:00,,399664.75,
2026-06-15 09:00:00,,400650.61,
2026-06-15 10:00:00,,400254.45,
2026-06-15 11:00:00,,417144.11,
2026-06-15 12:00:00,,421254.70,
2026-06-15 13:00:00,,424808.14,
2026-06-15 14:00:00,,424905.53,
2026-06-15 15:00:00,,441286.51,
2026-06-15 16:00:00,,443130.11,
2026-06-15 17:00:00,,439181.22,
2026-06-15 18:00:00,,433651.45,
2026-06-15 19:00:00,,427214.82,
2026-06-15 20:00:00,,417312.40,
2026-06-15 21:00:00,,414589.21,
2026-06-15 22:00:00,,407979.51,
2026-06-15 23:00:00,,401092.28,
2026-06-16 00:00:00,,405211.31,
2026-06-16 01:00:00,,401893.56,
2026-06-16 02:00:00,,396758.22,
2026-06-16 03:00:00,,407456.66,
2026-06-16 04:00:00,,413051.54,
2026-06-16 05:00:00,,401195.23,
2026-06-16 06:00:00,,402274.35,
2026-06-16 07:00:00,,399776.65,
2026-06-16 08:00:00,,402428.72,
2026-06-16 09:00:00,,409136.01,
2026-06-16 10:00:00,,403496.59,
2026-06-16 11:00:00,,395840.87,
2026-06-16 12:00:00,,437338.62,
2026-06-16 13:00:00,,439215.52,
2026-06-16 14:00:00,,437188.75,
2026-06-16 15:00:00,,420754.81,
2026-06-16 16:00:00,,427622.51,
2026-06-16 17:00:00,,428187.51,
2026-06-16 18:00:00,,429478.99,
2026-06-16 19:00:00,,424496.21,
2026-06-16 20:00:00,,422806.27,
2026-06-16 21:00:00,,425704.39,
2026-06-16 22:00:00,,422781.42,
2026-06-16 23:00:00,,423007.36,
2026-06-17 00:00:00,,420841.77,
2026-06-17 01:00:00,,407659.22,
2026-06-17 02:00:00,,415855.47,
2026-06-17 03:00:00,,414443.95,
2026-06-17 04:00:00,,406179.13,
2026-06-17 05:00:00,,412421.62,
2026-06-17 06:00:00,,408122.36,
2026-06-17 07:00:00,,404813.82,
2026-06-17 08:00:00,,402382.39,
2026-06-17 09:00:00,,392735.41,
2026-06-17 10:00:00,,391817.90,
2026-06-17 11:00:00,,386956.03,
2026-06-17 12:00:00,,384180.13,
2026-06-17 13:00:00,,383757.27,
2026-06-17 14:00:00,,384523.92,
2026-06-17 15:00:00,,412685.68,
2026-06-17 16:00:00,,400134.86,
2026-06-17 17:00:00,,401326.91,
2026-06-17 18:00:00,,402982.99,
2026-06-17 19:00:00,,395239.90,
2026-06-17 20:00:00,,387523.58,
2026-06-17 21:00:00,,391212.31,
2026-06-17 22:00:00,,393311.31,
2026-06-17 23:00:00,,391773.17,
2026-06-18 00:00:00,,398220.56,
2026-06-18 01:00:00,,395662.97,
2026-06-18 02:00:00,,394809.04,
2026-06-18 03:00:00,,393993.76,
2026-06-18 04:00:00,,393905.04,
2026-06-18 05:00:00,,388131.80,
2026-06-18 06:00:00,,387263.69,
2026-06-18 07:00:00,,388083.60,
2026-06-18 08:00:00,,389452.32,
2026-06-18 09:00:00,,387983.95,
2026-06-18 10:00:00,,388461.58,
2026-06-18 11:00:00,,385835.13,
2026-06-18 12:00:00,,383240.66,
2026-06-18 13:00:00,,384144.64,
2026-06-18 14:00:00,,382094.94,
2026-06-18 15:00:00,,382812.60,
2026-06-18 16:00:00,,358734.39,
2026-06-18 17:00:00,,365500.98,
2026-06-18 18:00:00,,363747.19,
2026-06-18 19:00:00,,366379.10,
2026-06-18 20:00:00,,371520.84,
2026-06-18 21:00:00,,377187.68,
2026-06-18 22:00:00,,379358.16,
2026-06-18 23:00:00,,378622.67,
2026-06-19 00:00:00,,381109.54,
2026-06-19 01:00:00,,385169.38,
2026-06-19 02:00:00,,385613.32,
2026-06-19 03:00:00,,382718.32,
2026-06-19 04:00:00,,375657.89,
2026-06-19 05:00:00,,369623.04,
2026-06-19 06:00:00,,364619.08,
2026-06-19 07:00:00,,361325.79,
2026-06-19 08:00:00,,357623.47,
2026-06-19 09:00:00,,356781.79,
2026-06-19 10:00:00,,352518.21,
2026-06-19 11:00:00,,359590.83,
2026-06-19 12:00:00,,375628.12,
2026-06-19 13:00:00,,379481.47,
2026-06-19 14:00:00,,375225.10,
2026-06-19 15:00:00,,373701.69,
2026-06-19 16:00:00,,374649.36,
2026-06-19 17:00:00,,371579.69,
2026-06-19 18:00:00,,371770.75,
2026-06-19 19:00:00,,369617.83,
2026-06-19 20:00:00,,368524.16,
2026-06-19 21:00:00,,369289.64,
2026-06-19 22:00:00,,367231.58,
2026-06-19 23:00:00,,366412.44,
2026-06-20 00:00:00,,393668.66,
2026-06-20 01:00:00,,362979.81,
2026-06-20 02:00:00,,361227.60,
2026-06-20 03:00:00,,357379.65,
2026-06-20 04:00:00,,358287.27,
2026-06-20 05:00:00,,359536.11,
2026-06-20 06:00:00,,357820.25,
2026-06-20 07:00:00,,358853.52,
2026-06-20 08:00:00,,357562.99,
2026-06-20 09:00:00,,351848.34,
2026-06-20 10:00:00,,353397.20,
2026-06-20 11:00:00,,351345.56,
2026-06-20 12:00:00,,350504.39,
2026-06-20 13:00:00,,350330.15,
2026-06-20 14:00:00,,349004.43,
2026-06-20 15:00:00,,353822.22,
2026-06-20 16:00:00,,355433.39,
2026-06-20 17:00:00,,354550.82,
2026-06-20 18:00:00,,354351.71,
2026-06-20 19:00:00,,356841.27,
2026-06-20 20:00:00,,358082.23,
2026-06-20 21:00:00,,357803.11,
2026-06-20 22:00:00,,358332.88,
2026-06-20 23:00:00,,359545.17,
2026-06-21 00:00:00,,359233.16,
2026-06-21 01:00:00,,359911.11,
2026-06-21 02:00:00,,362000.87,
2026-06-21 03:00:00,,366701.02,
2026-06-21 04:00:00,,365035.95,
2026-06-21 05:00:00,,363960.47,
2026-06-21 06:00:00,,363281.89,
2026-06-21 07:00:00,,365236.86,
2026-06-21 08:00:00,,366553.49,
2026-06-21 09:00:00,,372639.35,
2026-06-21 10:00:00,,378569.22,
2026-06-21 11:00:00,,373126.51,
2026-06-21 12:00:00,,398113.20,
2026-06-21 13:00:00,,407691.84,
2026-06-21 14:00:00,,408957.15,
2026-06-21 15:00:00,,408710.84,
2026-06-21 16:00:00,,409798.00,
2026-06-21 17:00:00,,407871.78,
2026-06-21 18:00:00,,456755.10,
2026-06-21 19:00:00,,482559.00,
2026-06-21 20:00:00,,476541.10,
2026-06-21 21:00:00,,468069.80,
2026-06-21 22:00:00,,449463.35,
2026-06-21 23:00:00,,448219.07,
2026-06-22 00:00:00,,436396.91,
2026-06-22 01:00:00,,438751.21,
2026-06-22 02:00:00,,450178.86,
2026-06-22 03:00:00,,448026.92,
2026-06-22 04:00:00,,434393.65,
2026-06-22 05:00:00,,434588.85,
2026-06-22 06:00:00,,445506.99,
2026-06-22 07:00:00,,438266.44,
2026-06-22 08:00:00,,435257.65,
2026-06-22 09:00:00,,435276.09,
2026-06-22 10:00:00,,434037.73,
2026-06-22 11:00:00,,442007.92,
2026-06-22 12:00:00,,444680.07,
2026-06-22 13:00:00,,454106.76,
2026-06-22 14:00:00,,455946.24,
2026-06-22 15:00:00,,449311.45,
2026-06-22 16:00:00,,448930.77,
2026-06-22 17:00:00,,445545.41,
2026-06-22 18:00:00,,443435.56,
2026-06-22 19:00:00,,437570.10,
2026-06-22 20:00:00,,431437.25,
2026-06-22 21:00:00,,426946.66,
2026-06-22 22:00:00,,425441.33,
2026-06-22 23:00:00,,426382.48,
2026-06-23 00:00:00,,424961.94,
2026-06-23 01:00:00,,422497.85,
2026-06-23 02:00:00,,420249.57,
2026-06-23 03:00:00,,421462.42,
2026-06-23 04:00:00,,433909.56,
2026-06-23 05:00:00,,431752.63,
2026-06-23 06:00:00,,427344.16,
2026-06-23 07:00:00,,414773.87,
2026-06-23 08:00:00,,410474.81,
2026-06-23 09:00:00,,392816.27,
2026-06-23 10:00:00,,390429.51,
2026-06-23 11:00:00,,390269.87,
2026-06-23 12:00:00,,391518.28,
2026-06-23 13:00:00,,392208.59,
2026-06-23 14:00:00,,394260.89,
2026-06-23 15:00:00,,393068.23,
2026-06-23 16:00:00,,395256.65,
2026-06-23 17:00:00,,393317.53,
2026-06-23 18:00:00,,387764.02,
2026-06-23 19:00:00,,384767.05,
2026-06-23 20:00:00,,383940.94,
2026-06-23 21:00:00,,382779.57,
2026-06-23 22:00:00,,384074.67,
2026-06-23 23:00:00,,378336.00,
2026-06-24 00:00:00,,377041.76,
2026-06-24 01:00:00,,348664.29,
2026-06-24 02:00:00,,365307.50,
2026-06-24 03:00:00,,392956.10,
2026-06-24 04:00:00,,398692.17,
2026-06-24 05:00:00,,389821.04,
2026-06-24 06:00:00,,388142.93,
2026-06-24 07:00:00,,391853.08,
2026-06-24 08:00:00,,383600.26,
2026-06-24 09:00:00,,428354.81,
2026-06-24 10:00:00,,441809.69,
2026-06-24 11:00:00,,447684.17,
2026-06-24 12:00:00,,469413.30,
2026-06-24 13:00:00,,462915.18,
2026-06-24 14:00:00,,434714.69,
2026-06-24 15:00:00,,433778.07,
2026-06-24 16:00:00,,408742.36,
2026-06-24 17:00:00,,401515.67,
2026-06-24 18:00:00,,393462.08,
2026-06-24 19:00:00,,402081.49,
2026-06-24 20:00:00,,404767.52,
2026-06-24 21:00:00,,411488.35,
2026-06-24 22:00:00,,411279.17,
2026-06-24 23:00:00,,409650.84,
2026-06-25 00:00:00,,404460.26,
2026-06-25 01:00:00,,400360.69,
2026-06-25 02:00:00,,397432.43,
2026-06-25 03:00:00,,395133.15,
2026-06-25 04:00:00,,393566.89,
2026-06-25 05:00:00,,394924.36,
2026-06-25 06:00:00,,382031.14,
2026-06-25 07:00:00,,378885.09,
2026-06-25 08:00:00,,379388.93,
2026-06-25 09:00:00,,378067.54,
2026-06-25 10:00:00,,374374.11,
2026-06-25 11:00:00,,374633.43,
2026-06-25 12:00:00,,364019.68,
2026-06-25 13:00:00,,362026.33,
2026-06-25 14:00:00,,330105.03,
2026-06-25 15:00:00,,332511.43,
2026-06-25 16:00:00,,331071.79,
2026-06-25 17:00:00,,322186.41,
2026-06-25 18:00:00,,315346.17,
2026-06-25 19:00:00,,305782.78,
2026-06-25 20:00:00,,302797.45,
2026-06-25 21:00:00,,302143.89,
2026-06-25 22:00:00,,302555.66,
2026-06-25 23:00:00,,301557.83,
2026-06-26 00:00:00,,303098.51,
2026-06-26 01:00:00,,294871.95,
2026-06-26 02:00:00,,292580.39,
2026-06-26 03:00:00,,281176.81,
2026-06-26 04:00:00,,295531.55,
2026-06-26 05:00:00,,299139.31,
2026-06-26 06:00:00,,320232.15,
2026-06-26 07:00:00,,371931.56,
2026-06-26 08:00:00,,488296.34,
2026-06-26 09:00:00,,478751.93,
2026-06-26 10:00:00,,475889.47,
2026-06-26 11:00:00,,483900.58,
2026-06-26 12:00:00,,469422.80,
2026-06-26 13:00:00,,446562.59,
2026-06-26 14:00:00,,447330.81,
2026-06-26 15:00:00,,444138.77,
2026-06-26 16:00:00,,458015.14,
2026-06-26 17:00:00,,473372.12,
2026-06-26 18:00:00,,461072.74,
2026-06-26 19:00:00,,458271.63,
2026-06-26 20:00:00,,454263.93,
2026-06-26 21:00:00,,454265.49,
2026-06-26 22:00:00,,451580.97,
2026-06-26 23:00:00,,448400.28,
2026-06-27 00:00:00,,446481.06,
2026-06-27 01:00:00,,446364.59,
2026-06-27 02:00:00,,443713.10,
2026-06-27 03:00:00,,447406.69,
2026-06-27 04:00:00,,440982.54,
2026-06-27 05:00:00,,437539.66,
2026-06-27 06:00:00,,435107.88,
2026-06-27 07:00:00,,435443.46,
2026-06-27 08:00:00,,424162.16,
2026-06-27 09:00:00,,424369.33,
2026-06-27 10:00:00,,411292.97,
2026-06-27 11:00:00,,407300.56,
2026-06-27 12:00:00,,404589.02,
2026-06-27 13:00:00,,400936.32,
2026-06-27 14:00:00,,397748.05,
2026-06-27 15:00:00,,391628.53,
2026-06-27 16:00:00,,387210.75,
2026-06-27 17:00:00,,385074.45,
2026-06-27 18:00:00,,378151.18,
2026-06-27 19:00:00,,375519.90,
2026-06-27 20:00:00,,375792.90,
2026-06-27 21:00:00,,374797.19,
2026-06-27 22:00:00,,373777.98,
2026-06-27 23:00:00,,361562.19,
2026-06-28 00:00:00,,361098.67,
2026-06-28 01:00:00,,379653.02,
2026-06-28 02:00:00,,378290.55,
2026-06-28 03:00:00,,373038.60,
2026-06-28 04:00:00,,374646.72,
2026-06-28 05:00:00,,374823.76,
2026-06-28 06:00:00,,364111.86,
2026-06-28 07:00:00,,364956.73,
2026-06-28 08:00:00,,363928.13,
2026-06-28 09:00:00,,363730.29,
2026-06-28 10:00:00,,359181.18,
2026-06-28 11:00:00,,360389.19,
2026-06-28 12:00:00,,394743.24,
2026-06-28 13:00:00,,394378.44,
2026-06-28 14:00:00,,365627.10,
2026-06-28 15:00:00,,363893.17,
2026-06-28 16:00:00,,362668.34,
2026-06-28 17:00:00,,364195.47,
2026-06-28 18:00:00,,364006.96,
2026-06-28 19:00:00,,359546.03,
2026-06-28 20:00:00,,366578.54,
2026-06-28 21:00:00,,362533.15,
2026-06-28 22:00:00,,355622.07,
2026-06-28 23:00:00,,355328.24,
2026-06-29 00:00:00,,358884.70,
2026-06-29 01:00:00,,354943.93,
2026-06-29 02:00:00,,355053.98,
2026-06-29 03:00:00,,359766.95,
2026-06-29 04:00:00,,361299.54,
2026-06-29 05:00:00,,358140.10,
2026-06-29 06:00:00,,357652.83,
2026-06-29 07:00:00,,357690.97,
2026-06-29 08:00:00,,360053.42,
2026-06-29 09:00:00,,357514.85,
2026-06-29 10:00:00,,357480.06,
2026-06-29 11:00:00,,358353.89,
2026-06-29 12:00:00,,359217.03,
2026-06-29 13:00:00,,360262.05,
2026-06-29 14:00:00,,355073.62,
2026-06-29 15:00:00,,354076.41,
2026-06-29 16:00:00,,355245.63,
2026-06-29 17:00:00,,350417.86,
2026-06-29 18:00:00,,358314.78,
2026-06-29 19:00:00,,357079.97,
2026-06-29 20:00:00,,356042.29,
2026-06-29 21:00:00,,345278.21,
2026-06-29 22:00:00,,343840.24,
2026-06-29 23:00:00,,341377.21,
2026-06-30 00:00:00,,341936.59,
2026-06-30 01:00:00,,340729.86,
2026-06-30 02:00:00,,339083.74,
2026-06-30 03:00:00,,339778.91,
2026-06-30 04:00:00,,338236.91,
2026-06-30 05:00:00,,340089.94,
2026-06-30 06:00:00,,338417.51,
2026-06-30 07:00:00,,346350.54,
2026-06-30 08:00:00,,344259.89,
2026-06-30 09:00:00,,346499.17,
2026-06-30 10:00:00,,350272.07,
2026-06-30 11:00:00,,342533.54,
2026-06-30 12:00:00,,337653.72,
2026-06-30 13:00:00,,328763.68,
2026-06-30 14:00:00,,331117.66,
2026-06-30 15:00:00,,332579.18,
2026-06-30 16:00:00,,335649.26,
2026-06-30 17:00:00,,344810.08,
2026-06-30 18:00:00,,341948.54,
2026-06-30 19:00:00,,343752.41,
2026-06-30 20:00:00,,343022.79,
2026-06-30 21:00:00,,341342.29,
2026-06-30 22:00:00,,340539.19,
2026-06-30 23:00:00,,341537.66,
2026-07-01 00:00:00,,341427.50,
2026-07-01 01:00:00,,337809.10,
2026-07-01 02:00:00,,337936.73,
2026-07-01 03:00:00,,337499.73,
2026-07-01 04:00:00,,340035.88,
2026-07-01 05:00:00,,348448.90,
2026-07-01 06:00:00,,345534.45,
2026-07-01 07:00:00,,348878.24,
2026-07-01 08:00:00,,345173.92,
2026-07-01 09:00:00,,343031.50,
2026-07-01 10:00:00,,342172.84,
2026-07-01 11:00:00,,341652.79,
2026-07-01 12:00:00,,343280.20,
2026-07-01 13:00:00,,363270.13,
2026-07-01 14:00:00,,369694.72,
2026-07-01 15:00:00,,368289.99,
2026-07-01 16:00:00,,368902.10,
2026-07-01 17:00:00,,370019.69,
2026-07-01 18:00:00,,371171.13,
2026-07-01 19:00:00,,368909.17,
2026-07-01 20:00:00,,368286.52,
2026-07-01 21:00:00,,365120.62,
2026-07-01 22:00:00,,373768.41,
2026-07-01 23:00:00,,397160.55,
2026-07-02 00:00:00,,399209.40,
2026-07-02 01:00:00,,410990.50,
2026-07-02 02:00:00,,416327.51,
2026-07-02 03:00:00,,428192.24,
2026-07-02 04:00:00,,429259.34,
2026-07-02 05:00:00,,441029.77,
2026-07-02 06:00:00,,467912.43,
2026-07-02 07:00:00,,484121.56,
2026-07-02 08:00:00,,487955.23,
2026-07-02 09:00:00,,495935.89,
2026-07-02 10:00:00,,517979.18,
2026-07-02 11:00:00,,516503.90,
2026-07-02 12:00:00,,521351.76,
2026-07-02 13:00:00,,522142.54,
2026-07-02 14:00:00,,526646.35,
2026-07-02 15:00:00,,527972.99,
2026-07-02 16:00:00,,483715.27,
2026-07-02 17:00:00,,478793.22,
2026-07-02 18:00:00,,466865.46,
2026-07-02 19:00:00,,465210.03,
2026-07-02 20:00:00,,463402.56,
2026-07-02 21:00:00,,459332.29,
2026-07-02 22:00:00,,458881.22,
2026-07-02 23:00:00,,458641.69,
2026-07-03 00:00:00,,457146.84,
2026-07-03 01:00:00,,477924.89,
2026-07-03 02:00:00,,480921.56,
2026-07-03 03:00:00,,480026.75,
2026-07-03 04:00:00,,467132.04,
2026-07-03 05:00:00,,463641.68,
2026-07-03 06:00:00,,461089.32,
2026-07-03 07:00:00,,459421.97,
2026-07-03 08:00:00,,457321.21,
2026-07-03 09:00:00,,460299.43,
2026-07-03 10:00:00,,464514.69,
2026-07-03 11:00:00,,475310.68,
2026-07-03 12:00:00,,475407.88,
2026-07-03 13:00:00,,475473.08,
2026-07-03 14:00:00,,475677.87,
2026-07-03 15:00:00,,475795.55,
2026-07-03 16:00:00,,472158.12,
2026-07-03 17:00:00,,471558.22,
2026-07-03 18:00:00,,472929.85,
2026-07-03 19:00:00,,472675.82,
2026-07-03 20:00:00,,473981.71,
2026-07-03 21:00:00,,480120.32,
2026-07-03 22:00:00,,482708.12,
2026-07-03 23:00:00,,478862.15,
2026-07-04 00:00:00,,481000.30,
2026-07-04 01:00:00,,472878.28,
2026-07-04 02:00:00,,470352.08,
2026-07-04 03:00:00,,470928.02,
2026-07-04 04:00:00,,478980.66,
2026-07-04 05:00:00,,468435.11,
2026-07-04 06:00:00,,463652.76,
2026-07-04 07:00:00,,460671.57,
2026-07-04 08:00:00,,466030.06,
2026-07-04 09:00:00,,479824.08,
2026-07-04 10:00:00,,481605.28,
2026-07-04 11:00:00,,477597.16,
2026-07-04 12:00:00,,473525.31,
2026-07-04 13:00:00,,472000.96,
2026-07-04 14:00:00,,468058.38,
2026-07-04 15:00:00,,471130.50,
2026-07-04 16:00:00,,479283.15,
2026-07-04 17:00:00,,479218.03,
2026-07-04 18:00:00,,480543.69,
2026-07-04 19:00:00,,479553.51,
2026-07-04 20:00:00,,476777.51,
2026-07-04 21:00:00,,471027.36,
2026-07-04 22:00:00,,469918.40,
2026-07-04 23:00:00,,468190.56,
2026-07-05 00:00:00,,467280.02,
2026-07-05 01:00:00,,461458.03,
2026-07-05 02:00:00,,458306.36,
2026-07-05 03:00:00,,450548.08,
2026-07-05 04:00:00,,452453.18,
2026-07-05 05:00:00,,459653.34,
2026-07-05 06:00:00,,460531.75,
2026-07-05 07:00:00,,465442.63,
2026-07-05 08:00:00,,474773.60,
2026-07-05 09:00:00,,483971.20,
2026-07-05 10:00:00,,472819.27,
2026-07-05 11:00:00,,476017.04,
2026-07-05 12:00:00,,476871.02,
2026-07-05 13:00:00,,480228.82,
2026-07-05 14:00:00,,480552.10,
2026-07-05 15:00:00,,483817.87,
2026-07-05 16:00:00,,484216.60,
2026-07-05 17:00:00,,482942.37,
2026-07-05 18:00:00,,476651.14,
2026-07-05 19:00:00,,475860.68,
2026-07-05 20:00:00,,473803.42,
2026-07-05 21:00:00,,473407.71,
2026-07-05 22:00:00,,479159.78,
2026-07-05 23:00:00,,481673.45,
2026-07-06 00:00:00,,479335.85,
2026-07-06 01:00:00,,479493.09,
2026-07-06 02:00:00,,468994.84,
2026-07-06 03:00:00,,468297.31,
2026-07-06 04:00:00,,466807.11,
2026-07-06 05:00:00,,460710.38,
2026-07-06 06:00:00,,465736.18,
2026-07-06 07:00:00,,458512.46,
2026-07-06 08:00:00,,464137.76,
2026-07-06 09:00:00,,461498.90,
2026-07-06 10:00:00,,458970.95,
2026-07-06 11:00:00,,462569.91,
2026-07-06 12:00:00,,466181.20,
2026-07-06 13:00:00,,447107.55,
2026-07-06 14:00:00,,452391.77,
2026-07-06 15:00:00,,468601.04,
2026-07-06 16:00:00,,486321.46,
2026-07-06 17:00:00,,493111.37,
2026-07-06 18:00:00,,491789.50,
2026-07-06 19:00:00,,491401.00,
2026-07-06 20:00:00,,490148.67,
2026-07-06 21:00:00,,496419.17,
2026-07-06 22:00:00,,531257.68,
2026-07-06 23:00:00,,526846.84,
2026-07-07 00:00:00,,521293.89,
2026-07-07 01:00:00,,520253.38,
2026-07-07 02:00:00,,514268.61,
2026-07-07 03:00:00,,512899.91,
2026-07-07 04:00:00,,508394.84,
2026-07-07 05:00:00,,506008.69,
2026-07-07 06:00:00,,507285.43,
2026-07-07 07:00:00,,507999.77,
2026-07-07 08:00:00,,504379.49,
2026-07-07 09:00:00,,502226.64,
2026-07-07 10:00:00,,516234.58,
2026-07-07 11:00:00,,512726.88,
2026-07-07 12:00:00,,514529.75,
2026-07-07 13:00:00,,515386.02,
2026-07-07 14:00:00,,509932.10,
2026-07-07 15:00:00,,509757.62,
2026-07-07 16:00:00,,510963.89,
2026-07-07 17:00:00,,499104.59,
2026-07-07 18:00:00,,496987.68,
2026-07-07 19:00:00,,486010.83,
2026-07-07 20:00:00,,483273.93,
2026-07-07 21:00:00,,483535.77,
2026-07-07 22:00:00,,477962.95,
2026-07-07 23:00:00,,471527.66,
2026-07-08 00:00:00,,463156.71,
2026-07-08 01:00:00,,465232.57,
2026-07-08 02:00:00,,479974.54,
2026-07-08 03:00:00,,471015.74,
2026-07-08 04:00:00,,480456.21,
2026-07-08 05:00:00,,489697.99,
2026-07-08 06:00:00,,494143.69,
2026-07-08 07:00:00,,494045.92,
2026-07-08 08:00:00,,507356.56,
2026-07-08 09:00:00,,493151.84,
2026-07-08 10:00:00,,485227.84,
2026-07-08 11:00:00,,482477.41,
2026-07-08 12:00:00,,481494.28,
2026-07-08 13:00:00,,485004.37,
2026-07-08 14:00:00,,484474.56,
2026-07-08 15:00:00,,472762.47,
2026-07-08 16:00:00,,462679.83,
2026-07-08 17:00:00,,465126.39,
2026-07-08 18:00:00,,461409.13,
2026-07-08 19:00:00,,455599.41,
2026-07-08 20:00:00,,454663.71,
2026-07-08 21:00:00,,458268.93,
2026-07-08 22:00:00,,457215.24,
2026-07-08 23:00:00,,457762.91,
2026-07-09 00:00:00,,475902.26,
2026-07-09 01:00:00,,477507.80,
2026-07-09 02:00:00,,482551.54,
2026-07-09 03:00:00,,486795.44,
2026-07-09 04:00:00,,488051.06,
2026-07-09 05:00:00,,491889.95,
2026-07-09 06:00:00,,493539.02,
2026-07-09 07:00:00,,495422.13,
2026-07-09 08:00:00,,496279.95,
2026-07-09 09:00:00,,496752.29,
2026-07-09 10:00:00,,497127.86,
2026-07-09 11:00:00,,496469.54,
2026-07-09 12:00:00,,484543.68,
2026-07-09 13:00:00,,496392.94,
2026-07-09 14:00:00,,499864.07,
2026-07-09 15:00:00,,496610.83,
2026-07-09 16:00:00,,503196.66,
2026-07-09 17:00:00,,504574.04,
2026-07-09 18:00:00,,511834.60,
2026-07-09 19:00:00,,505003.01,
2026-07-09 20:00:00,,493230.25,
2026-07-09 21:00:00,,484915.18,
2026-07-09 22:00:00,,483299.08,
2026-07-09 23:00:00,,482231.36,
2026-07-10 00:00:00,,483824.46,
2026-07-10 01:00:00,,482129.53,
2026-07-10 02:00:00,,492163.96,
2026-07-10 03:00:00,,483411.02,
2026-07-10 04:00:00,,482322.33,
2026-07-10 05:00:00,,481558.45,
2026-07-10 06:00:00,,479388.11,
2026-07-10 07:00:00,,469371.61,
2026-07-10 08:00:00,,470132.11,
2026-07-10 09:00:00,,469708.18,
2026-07-10 10:00:00,,469408.70,
2026-07-10 11:00:00,,446982.76,
2026-07-10 12:00:00,,441968.88,
2026-07-10 13:00:00,,441318.59,
2026-07-10 14:00:00,,439939.36,
2026-07-10 15:00:00,,430370.12,
2026-07-10 16:00:00,,431584.99,
2026-07-10 17:00:00,,432329.32,
2026-07-10 18:00:00,,436026.55,
2026-07-10 19:00:00,,435429.78,
2026-07-10 20:00:00,,438410.88,
2026-07-10 21:00:00,,436884.30,
2026-07-10 22:00:00,,438207.95,
2026-07-10 23:00:00,,434488.01,
2026-07-11 00:00:00,,435790.68,
2026-07-11 01:00:00,,438502.99,
2026-07-11 02:00:00,,431151.74,
2026-07-11 03:00:00,,433310.00,
2026-07-11 04:00:00,,429720.32,
2026-07-11 05:00:00,,432863.01,
2026-07-11 06:00:00,,435105.94,
2026-07-11 07:00:00,,433589.73,
2026-07-11 08:00:00,,434533.63,
2026-07-11 09:00:00,,432471.61,
2026-07-11 10:00:00,,430170.28,
2026-07-11 11:00:00,,431777.37,
2026-07-11 12:00:00,,434674.29,
2026-07-11 13:00:00,,442523.04,
2026-07-11 14:00:00,,441781.92,
2026-07-11 15:00:00,,446972.23,
2026-07-11 16:00:00,,442693.79,
2026-07-11 17:00:00,,443855.17,
2026-07-11 18:00:00,,446131.91,
2026-07-11 19:00:00,,447617.17,
2026-07-11 20:00:00,,446231.98,
2026-07-11 21:00:00,,444864.17,
2026-07-11 22:00:00,,442938.29,
2026-07-11 23:00:00,,430816.70,
2026-07-12 00:00:00,,427819.23,
2026-07-12 01:00:00,,421269.12,
2026-07-12 02:00:00,,424008.89,
2026-07-12 03:00:00,,424216.23,
2026-07-12 04:00:00,,423127.71,
2026-07-12 05:00:00,,423940.34,
2026-07-12 06:00:00,,424267.69,
2026-07-12 07:00:00,,422277.89,
2026-07-12 08:00:00,,419226.01,
2026-07-12 09:00:00,,417389.19,
2026-07-12 10:00:00,,416611.60,
2026-07-12 11:00:00,,422007.98,
2026-07-12 12:00:00,,419010.43,
2026-07-12 13:00:00,,416266.27,
2026-07-12 14:00:00,,417540.67,
2026-07-12 15:00:00,,420523.83,
2026-07-12 16:00:00,,422558.93,
2026-07-12 17:00:00,,421683.75,
2026-07-12 18:00:00,,413302.75,
2026-07-12 19:00:00,,416289.03,
2026-07-12 20:00:00,,416231.75,
2026-07-12 21:00:00,,415684.45,
2026-07-12 22:00:00,,412981.06,
2026-07-12 23:00:00,,403567.96,
2026-07-13 00:00:00,,400980.22,
2026-07-13 01:00:00,,406580.65,
2026-07-13 02:00:00,,398104.87,
2026-07-13 03:00:00,,396651.59,
2026-07-13 04:00:00,,389059.02,
2026-07-13 05:00:00,,390232.49,
2026-07-13 06:00:00,,392305.87,
2026-07-13 07:00:00,,391925.42,
2026-07-13 08:00:00,,391357.94,
2026-07-13 09:00:00,,392268.05,
2026-07-13 10:00:00,,390595.21,
2026-07-13 11:00:00,,394217.77,
2026-07-13 12:00:00,,396719.19,
2026-07-13 13:00:00,,393297.83,
2026-07-13 14:00:00,,393328.18,
2026-07-13 15:00:00,,397527.20,
2026-07-13 16:00:00,,395519.28,
2026-07-13 17:00:00,,389901.84,
2026-07-13 18:00:00,,388059.84,
2026-07-13 19:00:00,,389828.48,
2026-07-13 20:00:00,,391015.20,
2026-07-13 21:00:00,,388186.81,
2026-07-13 22:00:00,,392122.82,
2026-07-13 23:00:00,,386569.08,
2026-07-14 00:00:00,,387816.23,
2026-07-14 01:00:00,,389597.51,
2026-07-14 02:00:00,,391444.19,
2026-07-14 03:00:00,,394569.31,
2026-07-14 04:00:00,,386103.33,
2026-07-14 05:00:00,,389263.74,
2026-07-14 06:00:00,,393075.44,
2026-07-14 07:00:00,,398763.03,
2026-07-14 08:00:00,,400665.47,
2026-07-14 09:00:00,,397049.82,
2026-07-14 10:00:00,,396816.78,
2026-07-14 11:00:00,,399481.30,
2026-07-14 12:00:00,,397855.06,
2026-07-14 13:00:00,,415561.24,
2026-07-14 14:00:00,,416062.79,
2026-07-14 15:00:00,,415986.48,
2026-07-14 16:00:00,,414083.99,
2026-07-14 17:00:00,,413014.71,
2026-07-14 18:00:00,,410385.87,
2026-07-14 19:00:00,,414973.34,
2026-07-14 20:00:00,,414215.26,
2026-07-14 21:00:00,,412509.23,
2026-07-14 22:00:00,,414014.55,
2026-07-14 23:00:00,,412829.66,
2026-07-15 00:00:00,,410838.14,
2026-07-15 01:00:00,,402987.21,
2026-07-15 02:00:00,,405476.02,
2026-07-15 03:00:00,,403950.20,
2026-07-15 04:00:00,,404884.25,
2026-07-15 05:00:00,,404018.97,
2026-07-15 06:00:00,,405761.32,
2026-07-15 07:00:00,,406808.12,
2026-07-15 08:00:00,,406094.92,
2026-07-15 09:00:00,,406573.44,
2026-07-15 10:00:00,,407311.11,
2026-07-15 11:00:00,,406582.76,
2026-07-15 12:00:00,,425538.76,
2026-07-15 13:00:00,,427496.40,
2026-07-15 14:00:00,,430719.82,
2026-07-15 15:00:00,,427742.34,
2026-07-15 16:00:00,,424761.44,
2026-07-15 17:00:00,,425759.14,
2026-07-15 18:00:00,,425204.88,
2026-07-15 19:00:00,,426116.77,
2026-07-15 20:00:00,,426766.38,
2026-07-15 21:00:00,,427769.95,
2026-07-15 22:00:00,,429213.01,
2026-07-15 23:00:00,,430482.96,
2026-07-16 00:00:00,,426476.61,
2026-07-16 01:00:00,,425087.80,
2026-07-16 02:00:00,,426135.93,
2026-07-16 03:00:00,,425640.43,
2026-07-16 04:00:00,,425660.45,
2026-07-16 05:00:00,,424675.23,
2026-07-16 06:00:00,,427520.09,
2026-07-16 07:00:00,,426795.53,
2026-07-16 08:00:00,,429543.07,
2026-07-16 09:00:00,,421812.63,
2026-07-16 10:00:00,,425708.49,
2026-07-16 11:00:00,,426235.12,
2026-07-16 12:00:00,,421025.22,
2026-07-16 13:00:00,,418487.48,
2026-07-16 14:00:00,,421297.56,
2026-07-16 15:00:00,,421169.75,
2026-07-16 16:00:00,,423109.10,
2026-07-16 17:00:00,,423254.61,
2026-07-16 18:00:00,,420065.14,
2026-07-16 19:00:00,,421070.97,
2026-07-16 20:00:00,,422320.83,
2026-07-16 21:00:00,,421439.79,
2026-07-16 22:00:00,,422288.23,
2026-07-16 23:00:00,,418769.25,
2026-07-17 00:00:00,,414664.92,
2026-07-17 01:00:00,,417039.64,
2026-07-17 02:00:00,,413360.50,
2026-07-17 03:00:00,,410282.18,
2026-07-17 04:00:00,,417508.97,
2026-07-17 05:00:00,,417515.67,
2026-07-17 06:00:00,,413880.91,
2026-07-17 07:00:00,,412145.80,
2026-07-17 08:00:00,,406710.51,
2026-07-17 09:00:00,,403853.30,
2026-07-17 10:00:00,,404516.80,
2026-07-17 11:00:00,,403339.53,
2026-07-17 12:00:00,,404528.79,
2026-07-17 13:00:00,,406107.78,
2026-07-17 14:00:00,,403430.55,
2026-07-17 15:00:00,,405043.83,
2026-07-17 16:00:00,,403950.61,
2026-07-17 17:00:00,,405019.32,
2026-07-17 18:00:00,,404978.51,
2026-07-17 19:00:00,,407765.21,
2026-07-17 20:00:00,,405730.71,
2026-07-17 21:00:00,,402598.11,
2026-07-17 22:00:00,,399269.61,
2026-07-17 23:00:00,,401168.48,
2026-07-18 00:00:00,,398090.20,
2026-07-18 01:00:00,,530636.52,
2026-07-18 02:00:00,,485812.31,
2026-07-18 03:00:00,,469577.39,
2026-07-18 04:00:00,,531131.97,
2026-07-18 05:00:00,,726489.58,
2026-07-18 06:00:00,,623916.68,
2026-07-18 07:00:00,,586871.07,
2026-07-18 08:00:00,,571857.07,
2026-07-18 09:00:00,,571369.99,
2026-07-18 10:00:00,,545196.71,
2026-07-18 11:00:00,,546335.76,
2026-07-18 12:00:00,,532831.88,
2026-07-18 13:00:00,,527022.51,
2026-07-18 14:00:00,,518044.50,
2026-07-18 15:00:00,,516902.61,
2026-07-18 16:00:00,,509491.24,
2026-07-18 17:00:00,,509389.10,
2026-07-18 18:00:00,,507847.63,
2026-07-18 19:00:00,,501310.65,
2026-07-18 20:00:00,,501630.77,
2026-07-18 21:00:00,,500612.08,
2026-07-18 22:00:00,,500134.43,
2026-07-18 23:00:00,,497957.03,
2026-07-19 00:00:00,,490687.38,
2026-07-19 01:00:00,,483765.81,
2026-07-19 02:00:00,,494914.92,
2026-07-19 03:00:00,,499475.73,
2026-07-19 04:00:00,,501793.21,
2026-07-19 05:00:00,,500287.75,
2026-07-19 06:00:00,,501251.89,
2026-07-19 07:00:00,,501887.89,
2026-07-19 08:00:00,,495594.51,
2026-07-19 09:00:00,,492268.07,
2026-07-19 10:00:00,,491252.31,
2026-07-19 11:00:00,,495158.55,
2026-07-19 12:00:00,,499366.68,
2026-07-19 13:00:00,,510032.11,
2026-07-19 14:00:00,,506700.01,
2026-07-19 15:00:00,,506712.25,
2026-07-19 16:00:00,,504528.01,
2026-07-19 17:00:00,,500946.15,
2026-07-19 18:00:00,,496973.78,
2026-07-19 19:00:00,,494570.79,
2026-07-19 20:00:00,,493604.92,
2026-07-19 21:00:00,,512369.99,
2026-07-19 22:00:00,,502126.02,
2026-07-19 23:00:00,,496604.15,
2026-07-20 00:00:00,,499307.59,
2026-07-20 01:00:00,,484755.84,
2026-07-20 02:00:00,,484479.79,
2026-07-20 03:00:00,,486615.63,
2026-07-20 04:00:00,,485222.32,
2026-07-20 05:00:00,,480399.15,
2026-07-20 06:00:00,,469227.37,
2026-07-20 07:00:00,,482782.19,
2026-07-20 08:00:00,,487038.91,
2026-07-20 09:00:00,,505948.04,
2026-07-20 10:00:00,,502016.92,
2026-07-20 11:00:00,,503846.96,
2026-07-20 12:00:00,,514529.85,
2026-07-20 13:00:00,,581026.84,
2026-07-20 14:00:00,,570039.14,
2026-07-20 15:00:00,,570338.09,
2026-07-20 16:00:00,,575114.39,
2026-07-20 17:00:00,,587469.57,
2026-07-20 18:00:00,,606146.83,
2026-07-20 19:00:00,,605621.16,
2026-07-20 20:00:00,,610688.43,
2026-07-20 21:00:00,,630641.59,
2026-07-20 22:00:00,,697308.77,
2026-07-20 23:00:00,,713714.13,
2026-07-21 00:00:00,,686351.65,
2026-07-21 01:00:00,,700599.38,
2026-07-21 02:00:00,,706911.94,
2026-07-21 03:00:00,,705528.76,
2026-07-21 04:00:00,,711802.33,
2026-07-21 05:00:00,,704441.20,
2026-07-21 06:00:00,,719249.31,
2026-07-21 07:00:00,,715448.04,
2026-07-21 08:00:00,,708501.01,
2026-07-21 09:00:00,,701882.99,
2026-07-21 10:00:00,,697507.72,
2026-07-21 11:00:00,,705145.30,
2026-07-21 12:00:00,,727493.18,
2026-07-21 13:00:00,,708597.38,
2026-07-21 14:00:00,,683410.47,
2026-07-21 15:00:00,,671947.12,
2026-07-21 16:00:00,,667525.42,
2026-07-21 17:00:00,,659897.20,
2026-07-21 18:00:00,,653898.52,
2026-07-21 19:00:00,,650992.04,
2026-07-21 20:00:00,,642777.76,
2026-07-21 21:00:00,,645072.41,
2026-07-21 22:00:00,,643861.87,
2026-07-21 23:00:00,,634371.46,
2026-07-22 00:00:00,,623767.72,
2026-07-22 01:00:00,,637309.21,
2026-07-22 02:00:00,,640714.98,
2026-07-22 03:00:00,,632309.79,
2026-07-22 04:00:00,,627619.98,
2026-07-22 05:00:00,,636468.57,
2026-07-22 06:00:00,,649878.88,
2026-07-22 07:00:00,,644709.32,
2026-07-22 08:00:00,,651500.25,
2026-07-22 09:00:00,,626284.15,
2026-07-22 10:00:00,,628051.36,
2026-07-22 11:00:00,,627940.16,
2026-07-22 12:00:00,,630600.79,
2026-07-22 13:00:00,,633273.65,
2026-07-22 14:00:00,,632971.40,
2026-07-22 15:00:00,,626091.20,
2026-07-22 16:00:00,,620095.91,
2026-07-22 17:00:00,,621866.28,
2026-07-22 18:00:00,,613534.95,
2026-07-22 19:00:00,,609230.56,
2026-07-22 20:00:00,,595339.37,
2026-07-22 21:00:00,,593234.32,
2026-07-22 22:00:00,,589809.88,
2026-07-22 23:00:00,,586530.98,
2026-07-23 00:00:00,,584295.58,
2026-07-23 01:00:00,,582436.45,
2026-07-23 02:00:00,,589579.87,
2026-07-23 03:00:00,,585465.75,
2026-07-23 04:00:00,,580037.68,
2026-07-23 05:00:00,,582510.46,
2026-07-23 06:00:00,,580827.97,
2026-07-23 07:00:00,,570836.68,
2026-07-23 08:00:00,,559829.32,
2026-07-23 09:00:00,,542186.77,
2026-07-23 10:00:00,,539029.52,
2026-07-23 11:00:00,,525373.07,
2026-07-23 12:00:00,,527478.78,
2026-07-23 13:00:00,,535193.13,
2026-07-23 14:00:00,,532126.15,
2026-07-23 15:00:00,,527053.46,
2026-07-23 16:00:00,,526625.85,
2026-07-23 17:00:00,,524694.34,
2026-07-23 18:00:00,,520777.75,
2026-07-23 19:00:00,,521101.35,
2026-07-23 20:00:00,,519756.79,
2026-07-23 21:00:00,,521534.03,
2026-07-23 22:00:00,,519272.83,
2026-07-23 23:00:00,,518134.62,
2026-07-24 00:00:00,,512580.13,
2026-07-24 01:00:00,,511616.80,
2026-07-24 02:00:00,,515180.03,
2026-07-24 03:00:00,,517288.23,
2026-07-24 04:00:00,,526206.75,
2026-07-24 05:00:00,,522021.50,
2026-07-24 06:00:00,,523979.51,
2026-07-24 07:00:00,,524893.45,
2026-07-24 08:00:00,,524171.23,
2026-07-24 09:00:00,,531430.41,
2026-07-24 10:00:00,,533342.48,
2026-07-24 11:00:00,,528260.71,
2026-07-24 12:00:00,,520192.96,
2026-07-24 13:00:00,,518589.79,
2026-07-24 14:00:00,,511898.12,
2026-07-24 15:00:00,,504275.78,
2026-07-24 16:00:00,,501571.57,
2026-07-24 17:00:00,,497646.50,
2026-07-24 18:00:00,,500332.28,
2026-07-24 19:00:00,,498068.23,
2026-07-24 20:00:00,,496432.78,
2026-07-24 21:00:00,,497835.01,
2026-07-24 22:00:00,,496198.86,
2026-07-24 23:00:00,,497438.04,
2026-07-25 00:00:00,,496116.59,
2026-07-25 01:00:00,,495961.88,
2026-07-25 02:00:00,,501106.74,
2026-07-25 03:00:00,,500906.40,
2026-07-25 04:00:00,,501912.42,
2026-07-25 05:00:00,,502498.34,
2026-07-25 06:00:00,,498508.31,
2026-07-25 07:00:00,,496112.65,
2026-07-25 08:00:00,,497285.82,
2026-07-25 09:00:00,,506265.10,
2026-07-25 10:00:00,,511053.06,
2026-07-25 11:00:00,,505632.48,
2026-07-25 12:00:00,,498739.26,
2026-07-25 13:00:00,,500256.38,
2026-07-25 14:00:00,,504335.98,
2026-07-25 15:00:00,,501932.03,
2026-07-25 16:00:00,,507908.24,
2026-07-25 17:00:00,,511011.57,
2026-07-25 18:00:00,,512558.96,
2026-07-25 19:00:00,,517288.76,
2026-07-25 20:00:00,,548238.12,
2026-07-25 21:00:00,,546617.16,
2026-07-25 22:00:00,,552273.56,
2026-07-25 23:00:00,,551796.65,
2026-07-26 00:00:00,,555918.58,
2026-07-26 01:00:00,,545441.83,
2026-07-26 02:00:00,,545972.42,
2026-07-26 03:00:00,,567033.79,
2026-07-26 04:00:00,,573958.21,
2026-07-26 05:00:00,,571090.67,
2026-07-26 06:00:00,,583533.60,
2026-07-26 07:00:00,,603495.27,
2026-07-26 08:00:00,,603658.38,
2026-07-26 09:00:00,,595044.12,
2026-07-26 10:00:00,,593007.81,
2026-07-26 11:00:00,,589195.08,
2026-07-26 12:00:00,,633988.96,
2026-07-26 13:00:00,,632133.48,
2026-07-26 14:00:00,,635180.96,
2026-07-26 15:00:00,,632535.27,
2026-07-26 16:00:00,,634163.02,
2026-07-26 17:00:00,,629034.05,
2026-07-26 18:00:00,,630542.75,
2026-07-26 19:00:00,,632186.89,
2026-07-26 20:00:00,,626988.35,
2026-07-26 21:00:00,,625402.78,
2026-07-26 22:00:00,,622675.61,
2026-07-26 23:00:00,,625662.88,
2026-07-27 00:00:00,,624421.20,
2026-07-27 01:00:00,,621374.18,
2026-07-27 02:00:00,,617605.40,
2026-07-27 03:00:00,,600285.74,
2026-07-27 04:00:00,,600633.10,
2026-07-27 05:00:00,,606363.18,
2026-07-27 06:00:00,,604604.18,
2026-07-27 07:00:00,,592985.02,
2026-07-27 08:00:00,,593592.71,
2026-07-27 09:00:00,,589818.12,
2026-07-27 10:00:00,,586329.73,
2026-07-27 11:00:00,,585934.85,
2026-07-27 12:00:00,,578225.59,
2026-07-27 13:00:00,,579421.14,
2026-07-27 14:00:00,,579914.90,
2026-07-27 15:00:00,,568870.71,
2026-07-27 16:00:00,,567841.87,
2026-07-27 17:00:00,,571465.26,
2026-07-27 18:00:00,,573728.76,
2026-07-27 19:00:00,,573596.23,
2026-07-27 20:00:00,,580055.20,
2026-07-27 21:00:00,,575288.85,
2026-07-27 22:00:00,,575446.68,
2026-07-27 23:00:00,,550403.22,
2026-07-28 00:00:00,,541754.00,
2026-07-28 01:00:00,,535955.93,
2026-07-28 02:00:00,,533190.45,
2026-07-28 03:00:00,,525173.62,
2026-07-28 04:00:00,,534279.10,
2026-07-28 05:00:00,,525334.35,
2026-07-28 06:00:00,,516433.83,
2026-07-28 07:00:00,,517531.96,
2026-07-28 08:00:00,,517736.96,
2026-07-28 09:00:00,,517968.59,
2026-07-28 10:00:00,,529427.64,
2026-07-28 11:00:00,,527214.59,
2026-07-28 12:00:00,,523034.32,
2026-07-28 13:00:00,,521242.22,
2026-07-28 14:00:00,,523100.86,
2026-07-28 15:00:00,,526375.03,
2026-07-28 16:00:00,,527378.96,
2026-07-28 17:00:00,,526673.71,
2026-07-28 18:00:00,,524973.41,
2026-07-28 19:00:00,,525158.22,
2026-07-28 20:00:00,,525281.32,
2026-07-28 21:00:00,,525774.45,
2026-07-28 22:00:00,,526058.73,
2026-07-28 23:00:00,,518889.82,
2026-07-29 00:00:00,,521733.54,
2026-07-29 01:00:00,,517351.18,
2026-07-29 02:00:00,,512640.05,
2026-07-29 03:00:00,,511595.74,
2026-07-29 04:00:00,,499025.38,
2026-07-29 05:00:00,,498957.56,
2026-07-29 06:00:00,,510839.55,
2026-07-29 07:00:00,,502235.05,
2026-07-29 08:00:00,,510552.42,
2026-07-29 09:00:00,,505468.44,
2026-07-29 10:00:00,,514391.85,
2026-07-29 11:00:00,,514257.35,
2026-07-29 12:00:00,,513149.67,
2026-07-29 13:00:00,,512451.85,
2026-07-29 14:00:00,,517401.15,
2026-07-29 15:00:00,,515100.11,
2026-07-29 16:00:00,,517751.80,
2026-07-29 17:00:00,,514785.89,
2026-07-29 18:00:00,,519042.08,
2026-07-29 19:00:00,,516742.31,
2026-07-29 20:00:00,,498821.46,
2026-07-29 21:00:00,,486365.38,
2026-07-29 22:00:00,,491147.30,
2026-07-29 23:00:00,,497690.87,
2026-07-30 00:00:00,,496742.30,
2026-07-30 01:00:00,,485200.93,
2026-07-30 02:00:00,,490741.04,
2026-07-30 03:00:00,,491737.20,
2026-07-30 04:00:00,,489125.83,
2026-07-30 05:00:00,,482193.91,
2026-07-30 06:00:00,,485775.97,
2026-07-30 07:00:00,,485253.36,
2026-07-30 08:00:00,,487814.82,
2026-07-30 09:00:00,,488824.76,
2026-07-30 10:00:00,,490257.82,
2026-07-30 11:00:00,,488558.49,
2026-07-30 12:00:00,,488590.03,
2026-07-30 13:00:00,,487664.65,
2026-07-30 14:00:00,,487706.12,
2026-07-30 15:00:00,,485578.77,
2026-07-30 16:00:00,,488153.57,
2026-07-30 17:00:00,,493301.80,
2026-07-30 18:00:00,,491506.52,
2026-07-30 19:00:00,,490531.96,
2026-07-30 20:00:00,,489214.97,
2026-07-30 21:00:00,,480505.51,
2026-07-30 22:00:00,,477378.73,
2026-07-30 23:00:00,,477911.79,
2026-07-31 00:00:00,,477467.84,
2026-07-31 01:00:00,,469879.31,
2026-07-31 02:00:00,,478414.42,
2026-07-31 03:00:00,,476132.70,
2026-07-31 04:00:00,,478866.33,
2026-07-31 05:00:00,,477021.83,
2026-07-31 06:00:00,,481009.08,
2026-07-31 07:00:00,,482097.54,
2026-07-31 08:00:00,,483502.48,
2026-07-31 09:00:00,,486633.12,
2026-07-31 10:00:00,,483497.62,
2026-07-31 11:00:00,,486278.73,
2026-07-31 12:00:00,,480701.12,
2026-07-31 13:00:00,,488420.39,
2026-07-31 14:00:00,,495776.48,
2026-07-31 15:00:00,,496662.30,
2026-07-31 16:00:00,,490312.63,
2026-07-31 17:00:00,,490742.77,
2026-07-31 18:00:00,,493180.54,
2026-07-31 19:00:00,,492647.26,
2026-07-31 20:00:00,,495202.49,
2026-07-31 21:00:00,,498549.39,
2026-07-31 22:00:00,,490527.50,
2026-07-31 23:00:00,,489746.78,
2026-08-01 00:00:00,,490187.74,
2026-08-01 01:00:00,,493561.78,
2026-08-01 02:00:00,,486817.50,
2026-08-01 03:00:00,,487181.69,
2026-08-01 04:00:00,,485033.91,
2026-08-01 05:00:00,,481632.67,
2026-08-01 06:00:00,,489418.03,
2026-08-01 07:00:00,,487946.13,
2026-08-01 08:00:00,,482036.64,
2026-08-01 09:00:00,,482628.70,
2026-08-01 10:00:00,,480047.61,
2026-08-01 11:00:00,,480045.30,
2026-08-01 12:00:00,,486547.32,
2026-08-01 13:00:00,,487185.47,
2026-08-01 14:00:00,,484518.28,
2026-08-01 15:00:00,,486465.88,
2026-08-01 16:00:00,,482034.53,
2026-08-01 17:00:00,,487128.53,
2026-08-01 18:00:00,,480064.35,
2026-08-01 19:00:00,,469208.85,
2026-08-01 20:00:00,,468527.58,
2026-08-01 21:00:00,,460271.30,
2026-08-01 22:00:00,,460934.43,
2026-08-01 23:00:00,,456305.71,
2026-08-02 00:00:00,,455243.93,
2026-08-02 01:00:00,,448495.52,
2026-08-02 02:00:00,,447161.59,
2026-08-02 03:00:00,,449840.27,
2026-08-02 04:00:00,,448105.98,
2026-08-02 05:00:00,,449779.54,
2026-08-02 06:00:00,,447594.98,
2026-08-02 07:00:00,,447719.77,
2026-08-02 08:00:00,,450152.24,
2026-08-02 09:00:00,,445532.54,
2026-08-02 10:00:00,,445476.18,
2026-08-02 11:00:00,,441404.38,
2026-08-02 12:00:00,,442323.48,
2026-08-02 13:00:00,,445008.43,
2026-08-02 14:00:00,,435852.92,
2026-08-02 15:00:00,,443637.61,
2026-08-02 16:00:00,,438596.82,
2026-08-02 17:00:00,,444990.09,
2026-08-02 18:00:00,,445912.66,
2026-08-02 19:00:00,,447658.22,
2026-08-02 20:00:00,,449425.83,
2026-08-02 21:00:00,,448123.92,
2026-08-02 22:00:00,,442641.11,
2026-08-02 23:00:00,,437383.55,
2026-08-03 00:00:00,,435328.58,
2026-08-03 01:00:00,,428984.06,
2026-08-03 02:00:00,,422608.11,
2026-08-03 03:00:00,,424449.59,
2026-08-03 04:00:00,,415847.11,
2026-08-03 05:00:00,,414820.68,
2026-08-03 06:00:00,,417139.81,
2026-08-03 07:00:00,,414438.34,
2026-08-03 08:00:00,,413290.18,
2026-08-03 09:00:00,,414808.05,
2026-08-03 10:00:00,,420537.08,
2026-08-03 11:00:00,,413322.20,
2026-08-03 12:00:00,,411475.42,
2026-08-03 13:00:00,,408102.34,
2026-08-03 14:00:00,,413913.20,
2026-08-03 15:00:00,,413220.18,
2026-08-03 16:00:00,,412216.91,
2026-08-03 17:00:00,,415148.02,
2026-08-03 18:00:00,,413721.54,
2026-08-03 19:00:00,,415053.44,
2026-08-03 20:00:00,,413856.31,
2026-08-03 21:00:00,,413760.55,
2026-08-03 22:00:00,,414513.05,
2026-08-03 23:00:00,,411545.80,
2026-08-04 00:00:00,,409488.54,
2026-08-04 01:00:00,,407889.12,
2026-08-04 02:00:00,,413368.12,
2026-08-04 03:00:00,,413224.29,
2026-08-04 04:00:00,,411670.41,
2026-08-04 05:00:00,,411048.25,
2026-08-04 06:00:00,,406360.64,
2026-08-04 07:00:00,,406015.83,
2026-08-04 08:00:00,,403774.25,
2026-08-04 09:00:00,,402894.48,
2026-08-04 10:00:00,,401494.81,
2026-08-04 11:00:00,,401934.24,
2026-08-04 12:00:00,,401985.01,
2026-08-04 13:00:00,,405087.57,
2026-08-04 14:00:00,,399246.67,
2026-08-04 15:00:00,,412614.69,
2026-08-04 16:00:00,,412984.50,
2026-08-04 17:00:00,,412004.87,
2026-08-04 18:00:00,,410197.41,
2026-08-04 19:00:00,,411020.83,
2026-08-04 20:00:00,,409581.18,
2026-08-04 21:00:00,,409254.20,
2026-08-04 22:00:00,,410792.00,
2026-08-04 23:00:00,,410462.57,
2026-08-05 00:00:00,,406831.90,
2026-08-05 01:00:00,,406828.62,
2026-08-05 02:00:00,,423414.94,
2026-08-05 03:00:00,,418832.79,
2026-08-05 04:00:00,,421088.94,
2026-08-05 05:00:00,,424312.16,
2026-08-05 06:00:00,,431576.97,
2026-08-05 07:00:00,,427772.88,
2026-08-05 08:00:00,,419206.69,
2026-08-05 09:00:00,,415333.52,
2026-08-05 10:00:00,,406396.26,
2026-08-05 11:00:00,,406106.66,
2026-08-05 12:00:00,,406413.49,
2026-08-05 13:00:00,,409323.08,
2026-08-05 14:00:00,,410853.34,
2026-08-05 15:00:00,,411092.87,
2026-08-05 16:00:00,,410523.81,
2026-08-05 17:00:00,,410974.79,
2026-08-05 18:00:00,,416417.53,
2026-08-05 19:00:00,,417592.77,
2026-08-05 20:00:00,,428565.97,
2026-08-05 21:00:00,,427607.78,
2026-08-05 22:00:00,,427109.49,
2026-08-05 23:00:00,,427039.87,
2026-08-06 00:00:00,,424146.91,
2026-08-06 01:00:00,,424500.02,
2026-08-06 02:00:00,,420111.74,
2026-08-06 03:00:00,,416736.93,
2026-08-06 04:00:00,,415603.37,
2026-08-06 05:00:00,,417971.04,
2026-08-06 06:00:00,,425365.10,
2026-08-06 07:00:00,,430388.03,
2026-08-06 08:00:00,,428356.96,
2026-08-06 09:00:00,,441787.19,
2026-08-06 10:00:00,,431561.33,
2026-08-06 11:00:00,,424248.78,
2026-08-06 12:00:00,,423203.12,
2026-08-06 13:00:00,,426525.97,
2026-08-06 14:00:00,,429497.97,
2026-08-06 15:00:00,,424908.19,
2026-08-06 16:00:00,,423273.39,
2026-08-06 17:00:00,,434685.36,
2026-08-06 18:00:00,,434857.38,
2026-08-06 19:00:00,,432891.86,
2026-08-06 20:00:00,,438041.53,
2026-08-06 21:00:00,,437900.54,
2026-08-06 22:00:00,,438000.14,
2026-08-06 23:00:00,,435730.14,
2026-08-07 00:00:00,,434875.44,
2026-08-07 01:00:00,,429965.16,
2026-08-07 02:00:00,,431066.76,
2026-08-07 03:00:00,,447465.58,
2026-08-07 04:00:00,,435041.81,
2026-08-07 05:00:00,,428830.75,
2026-08-07 06:00:00,,434382.79,
2026-08-07 07:00:00,,432613.04,
2026-08-07 08:00:00,,423179.67,
2026-08-07 09:00:00,,422645.57,
2026-08-07 10:00:00,,425644.20,
2026-08-07 11:00:00,,425603.69,
2026-08-07 12:00:00,,426174.90,
2026-08-07 13:00:00,,425263.28,
2026-08-07 14:00:00,,428365.22,
2026-08-07 15:00:00,,457420.43,
2026-08-07 16:00:00,,476748.00,
2026-08-07 17:00:00,,482288.84,
2026-08-07 18:00:00,,483858.79,
2026-08-07 19:00:00,,477252.00,
2026-08-07 20:00:00,,473566.38,
2026-08-07 21:00:00,,469015.47,
2026-08-07 22:00:00,,468649.56,
2026-08-07 23:00:00,,469421.20,
2026-08-08 00:00:00,,467176.34,
2026-08-08 01:00:00,,464852.50,
2026-08-08 02:00:00,,461641.94,
2026-08-08 03:00:00,,463589.73,
2026-08-08 04:00:00,,463344.62,
2026-08-08 05:00:00,,461122.66,
2026-08-08 06:00:00,,456713.57,
2026-08-08 07:00:00,,473543.48,
2026-08-08 08:00:00,,469963.13,
2026-08-08 09:00:00,,471300.00,
2026-08-08 10:00:00,,465317.51,
2026-08-08 11:00:00,,470496.18,
2026-08-08 12:00:00,,467600.81,
2026-08-08 13:00:00,,470031.54,
2026-08-08 14:00:00,,470615.59,
2026-08-08 15:00:00,,466793.59,
2026-08-08 16:00:00,,467372.13,
2026-08-08 17:00:00,,468213.73,
2026-08-08 18:00:00,,463609.89,
2026-08-08 19:00:00,,466051.02,
2026-08-08 20:00:00,,466453.53,
2026-08-08 21:00:00,,465714.90,
2026-08-08 22:00:00,,466780.70,
2026-08-08 23:00:00,,461868.69,
2026-08-09 00:00:00,,466067.60,
2026-08-09 01:00:00,,463446.06,
2026-08-09 02:00:00,,473120.44,
2026-08-09 03:00:00,,470861.22,
2026-08-09 04:00:00,,473054.36,
2026-08-09 05:00:00,,473747.11,
2026-08-09 06:00:00,,480451.44,
2026-08-09 07:00:00,,488592.29,
2026-08-09 08:00:00,,496273.44,
2026-08-09 09:00:00,,491465.27,
2026-08-09 10:00:00,,510231.30,
2026-08-09 11:00:00,,523064.86,
2026-08-09 12:00:00,,512356.63,
2026-08-09 13:00:00,,523262.83,
2026-08-09 14:00:00,,526333.47,
2026-08-09 15:00:00,,529849.45,
2026-08-09 16:00:00,,528396.23,
2026-08-09 17:00:00,,540550.06,
2026-08-09 18:00:00,,571362.40,
2026-08-09 19:00:00,,571948.91,
2026-08-09 20:00:00,,578465.50,
2026-08-09 21:00:00,,579828.50,
2026-08-09 22:00:00,,572393.23,
2026-08-09 23:00:00,,577366.59,
2026-08-10 00:00:00,,584527.31,
2026-08-10 01:00:00,,576937.48,
2026-08-10 02:00:00,,584629.60,
2026-08-10 03:00:00,,575645.47,
2026-08-10 04:00:00,,570180.21,
2026-08-10 05:00:00,,557195.14,
2026-08-10 06:00:00,,569257.63,
2026-08-10 07:00:00,,558988.24,
2026-08-10 08:00:00,,561312.23,
2026-08-10 09:00:00,,552851.21,
2026-08-10 10:00:00,,538248.80,
2026-08-10 11:00:00,,530481.01,
2026-08-10 12:00:00,,554972.17,
2026-08-10 13:00:00,,543420.07,
2026-08-10 14:00:00,,539525.29,
2026-08-10 15:00:00,,531458.42,
2026-08-10 16:00:00,,530666.70,
2026-08-10 17:00:00,,525654.00,
2026-08-10 18:00:00,,527443.82,
2026-08-10 19:00:00,,525911.16,
2026-08-10 20:00:00,,526388.02,
2026-08-10 21:00:00,,523951.76,
2026-08-10 22:00:00,,521435.97,
2026-08-10 23:00:00,,524004.75,
2026-08-11 00:00:00,,525557.48,
2026-08-11 01:00:00,,548051.42,
2026-08-11 02:00:00,,548972.66,
2026-08-11 03:00:00,,537488.28,
2026-08-11 04:00:00,,533954.29,
2026-08-11 05:00:00,,532792.97,
2026-08-11 06:00:00,,526934.02,
2026-08-11 07:00:00,,521985.37,
2026-08-11 08:00:00,,511220.35,
2026-08-11 09:00:00,,509586.35,
2026-08-11 10:00:00,,496081.42,
2026-08-11 11:00:00,,493038.78,
2026-08-11 12:00:00,,492080.53,
2026-08-11 13:00:00,,488185.30,
2026-08-11 14:00:00,,489298.58,
2026-08-11 15:00:00,,487334.59,
2026-08-11 16:00:00,,461094.58,
2026-08-11 17:00:00,,459962.53,
2026-08-11 18:00:00,,452967.11,
2026-08-11 19:00:00,,451160.30,
2026-08-11 20:00:00,,452651.24,
2026-08-11 21:00:00,,452645.76,
2026-08-11 22:00:00,,452134.70,
2026-08-11 23:00:00,,461358.28,
2026-08-12 00:00:00,,443836.92,
2026-08-12 01:00:00,,443781.20,
2026-08-12 02:00:00,,445331.04,
2026-08-12 03:00:00,,450476.58,
2026-08-12 04:00:00,,452388.76,
2026-08-12 05:00:00,,452622.09,
2026-08-12 06:00:00,,452284.99,
2026-08-12 07:00:00,,450555.77,
2026-08-12 08:00:00,,446289.64,
2026-08-12 09:00:00,,441142.57,
2026-08-12 10:00:00,,443386.99,
2026-08-12 11:00:00,,444589.15,
2026-08-12 12:00:00,,445856.02,
2026-08-12 13:00:00,,443356.13,
2026-08-12 14:00:00,,439634.99,
2026-08-12 15:00:00,,425105.58,
2026-08-12 16:00:00,,426522.14,
2026-08-12 17:00:00,,432128.43,
2026-08-12 18:00:00,,431252.96,
2026-08-12 19:00:00,,430204.01,
2026-08-12 20:00:00,,428838.11,
2026-08-12 21:00:00,,430075.13,
2026-08-12 22:00:00,,424502.23,
2026-08-12 23:00:00,,425602.65,
2026-08-13 00:00:00,,428112.55,
2026-08-13 01:00:00,,428546.06,
2026-08-13 02:00:00,,427676.22,
2026-08-13 03:00:00,,433091.23,
2026-08-13 04:00:00,,434669.06,
2026-08-13 05:00:00,,434390.66,
2026-08-13 06:00:00,,435103.12,
2026-08-13 07:00:00,,428166.37,
2026-08-13 08:00:00,,429471.44,
2026-08-13 09:00:00,,428522.25,
2026-08-13 10:00:00,,433572.68,
2026-08-13 11:00:00,,435256.64,
2026-08-13 12:00:00,,434626.58,
2026-08-13 13:00:00,,461367.69,
2026-08-13 14:00:00,,463194.37,
2026-08-13 15:00:00,,465955.77,
2026-08-13 16:00:00,,467468.49,
2026-08-13 17:00:00,,462177.39,
2026-08-13 18:00:00,,463224.82,
2026-08-13 19:00:00,,458427.46,
2026-08-13 20:00:00,,455194.38,
2026-08-13 21:00:00,,459524.44,
2026-08-13 22:00:00,,460428.29,
2026-08-13 23:00:00,,460251.18,
2026-08-14 00:00:00,,460878.44,
2026-08-14 01:00:00,,459913.58,
2026-08-14 02:00:00,,458666.41,
2026-08-14 03:00:00,,453291.09,
2026-08-14 04:00:00,,455773.52,
2026-08-14 05:00:00,,453901.67,
2026-08-14 06:00:00,,449685.81,
2026-08-14 07:00:00,,476401.25,
2026-08-14 08:00:00,,480725.51,
2026-08-14 09:00:00,,489998.90,
2026-08-14 10:00:00,,490599.54,
2026-08-14 11:00:00,,483065.88,
2026-08-14 12:00:00,,483653.71,
2026-08-14 13:00:00,,474184.46,
2026-08-14 14:00:00,,475256.87,
2026-08-14 15:00:00,,478928.57,
2026-08-14 16:00:00,,486813.77,
2026-08-14 17:00:00,,487946.31,
2026-08-14 18:00:00,,488802.00,
2026-08-14 19:00:00,,486856.98,
2026-08-14 20:00:00,,488339.68,
2026-08-14 21:00:00,,490902.22,
2026-08-14 22:00:00,,497113.37,
2026-08-14 23:00:00,,500081.21,
2026-08-15 00:00:00,,503583.12,
2026-08-15 01:00:00,,498254.98,
2026-08-15 02:00:00,,508330.77,
2026-08-15 03:00:00,,504754.67,
2026-08-15 04:00:00,,505080.27,
2026-08-15 05:00:00,,520763.24,
2026-08-15 06:00:00,,515931.16,
2026-08-15 07:00:00,,512754.07,
2026-08-15 08:00:00,,516251.15,
2026-08-15 09:00:00,,518821.89,
2026-08-15 10:00:00,,538766.94,
2026-08-15 11:00:00,,523606.83,
2026-08-15 12:00:00,,524234.54,
2026-08-15 13:00:00,,520565.21,
2026-08-15 14:00:00,,525191.42,
2026-08-15 15:00:00,,543021.75,
2026-08-15 16:00:00,,558030.06,
2026-08-15 17:00:00,,549516.76,
2026-08-15 18:00:00,,550305.07,
2026-08-15 19:00:00,,549749.74,
2026-08-15 20:00:00,,548345.71,
2026-08-15 21:00:00,,546538.63,
2026-08-15 22:00:00,,555022.13,
2026-08-15 23:00:00,,545876.62,
2026-08-16 00:00:00,,541454.72,
2026-08-16 01:00:00,,542175.86,
2026-08-16 02:00:00,,548890.11,
2026-08-16 03:00:00,,514047.84,
2026-08-16 04:00:00,,514015.81,
2026-08-16 05:00:00,,514352.70,
2026-08-16 06:00:00,,515176.21,
2026-08-16 07:00:00,,515739.37,
2026-08-16 08:00:00,,503784.41,
2026-08-16 09:00:00,,502084.60,
2026-08-16 10:00:00,,500813.78,
2026-08-16 11:00:00,,500920.54,
2026-08-16 12:00:00,,499957.63,
2026-08-16 13:00:00,,501423.19,
2026-08-16 14:00:00,,503965.22,
2026-08-16 15:00:00,,503114.41,
2026-08-16 16:00:00,,505569.21,
2026-08-16 17:00:00,,503225.27,
2026-08-16 18:00:00,,502722.34,
2026-08-16 19:00:00,,501905.02,
2026-08-16 20:00:00,,501513.68,
2026-08-16 21:00:00,,497619.58,
2026-08-16 22:00:00,,500986.86,
2026-08-16 23:00:00,,507601.87,
2026-08-17 00:00:00,,517797.05,
2026-08-17 01:00:00,,516592.67,
2026-08-17 02:00:00,,507803.06,
2026-08-17 03:00:00,,510987.57,
2026-08-17 04:00:00,,507337.26,
2026-08-17 05:00:00,,514991.98,
2026-08-17 06:00:00,,514581.13,
2026-08-17 07:00:00,,509851.27,
2026-08-17 08:00:00,,505947.38,
2026-08-17 09:00:00,,506294.86,
2026-08-17 10:00:00,,519045.63,
2026-08-17 11:00:00,,505911.76,
2026-08-17 12:00:00,,505220.91,
2026-08-17 13:00:00,,505376.75,
2026-08-17 14:00:00,,496014.18,
2026-08-17 15:00:00,,495889.42,
2026-08-17 16:00:00,,494741.79,
2026-08-17 17:00:00,,504698.23,
2026-08-17 18:00:00,,502579.95,
2026-08-17 19:00:00,,501060.79,
2026-08-17 20:00:00,,502990.67,
2026-08-17 21:00:00,,503485.94,
2026-08-17 22:00:00,,501423.23,
2026-08-17 23:00:00,,496671.05,
2026-08-18 00:00:00,,496598.61,
2026-08-18 01:00:00,,495573.33,
2026-08-18 02:00:00,,486427.88,
2026-08-18 03:00:00,,486613.50,
2026-08-18 04:00:00,,476578.77,
2026-08-18 05:00:00,,479104.08,
2026-08-18 06:00:00,,477871.53,
2026-08-18 07:00:00,,480306.87,
2026-08-18 08:00:00,,476767.43,
2026-08-18 09:00:00,,479387.89,
2026-08-18 10:00:00,,476293.05,
2026-08-18 11:00:00,,472356.06,
2026-08-18 12:00:00,,471985.76,
2026-08-18 13:00:00,,471169.90,
2026-08-18 14:00:00,,471985.93,
2026-08-18 15:00:00,,472952.98,
2026-08-18 16:00:00,,474013.60,
2026-08-18 17:00:00,,477597.62,
2026-08-18 18:00:00,,478654.88,
2026-08-18 19:00:00,,477450.95,
2026-08-18 20:00:00,,473980.37,
2026-08-18 21:00:00,,471822.39,
2026-08-18 22:00:00,,472481.46,
2026-08-18 23:00:00,,473569.58,
2026-08-19 00:00:00,,474894.39,
2026-08-19 01:00:00,,475487.86,
2026-08-19 02:00:00,,477722.38,
2026-08-19 03:00:00,,468264.34,
2026-08-19 04:00:00,,468157.98,
2026-08-19 05:00:00,,466073.10,
2026-08-19 06:00:00,,466661.28,
2026-08-19 07:00:00,,465430.80,
2026-08-19 08:00:00,,467388.38,
2026-08-19 09:00:00,,466873.85,
2026-08-19 10:00:00,,466678.00,
2026-08-19 11:00:00,,467463.43,
2026-08-19 12:00:00,,466022.19,
2026-08-19 13:00:00,,483282.47,
2026-08-19 14:00:00,,484180.76,
2026-08-19 15:00:00,,495640.80,
2026-08-19 16:00:00,,503106.35,
2026-08-19 17:00:00,,505622.74,
2026-08-19 18:00:00,,507200.97,
2026-08-19 19:00:00,,506274.63,
2026-08-19 20:00:00,,508990.77,
2026-08-19 21:00:00,,509943.95,
2026-08-19 22:00:00,,518680.41,
2026-08-19 23:00:00,,509912.73,
2026-08-20 00:00:00,,511352.62,
2026-08-20 01:00:00,,513247.07,
2026-08-20 02:00:00,,509562.72,
2026-08-20 03:00:00,,502038.73,
2026-08-20 04:00:00,,502873.95,
2026-08-20 05:00:00,,501909.14,
2026-08-20 06:00:00,,500883.35,
2026-08-20 07:00:00,,507249.21,
2026-08-20 08:00:00,,502907.99,
2026-08-20 09:00:00,,522721.33,
2026-08-20 10:00:00,,515545.48,
2026-08-20 11:00:00,,515546.98,
2026-08-20 12:00:00,,515342.23,
2026-08-20 13:00:00,,510744.15,
2026-08-20 14:00:00,,508854.52,
2026-08-20 15:00:00,,511359.33,
2026-08-20 16:00:00,,515440.48,
2026-08-20 17:00:00,,532633.95,
2026-08-20 18:00:00,,529390.74,
2026-08-20 19:00:00,,541060.59,
2026-08-20 20:00:00,,542583.37,
2026-08-20 21:00:00,,545880.68,
2026-08-20 22:00:00,,554227.22,
2026-08-20 23:00:00,,547351.30,
2026-08-21 00:00:00,,549272.91,
2026-08-21 01:00:00,,536983.00,
2026-08-21 02:00:00,,533504.24,
2026-08-21 03:00:00,,523373.72,
2026-08-21 04:00:00,,521088.26,
2026-08-21 05:00:00,,525191.20,
2026-08-21 06:00:00,,531724.68,
2026-08-21 07:00:00,,532949.01,
2026-08-21 08:00:00,,536442.73,
2026-08-21 09:00:00,,547973.80,
2026-08-21 10:00:00,,544577.23,
2026-08-21 11:00:00,,554803.63,
2026-08-21 12:00:00,,552099.40,
2026-08-21 13:00:00,,563499.87,
2026-08-21 14:00:00,,563794.62,
2026-08-21 15:00:00,,558534.42,
2026-08-21 16:00:00,,557055.78,
2026-08-21 17:00:00,,564563.70,
2026-08-21 18:00:00,,564630.25,
2026-08-21 19:00:00,,561467.05,
2026-08-21 20:00:00,,565184.83,
2026-08-21 21:00:00,,574774.18,
2026-08-21 22:00:00,,584929.15,
2026-08-21 23:00:00,,589268.94,
2026-08-22 00:00:00,,580254.61,
2026-08-22 01:00:00,,588500.79,
2026-08-22 02:00:00,,569860.91,
2026-08-22 03:00:00,,578523.27,
2026-08-22 04:00:00,,596534.67,
2026-08-22 05:00:00,,603353.69,
2026-08-22 06:00:00,,587509.57,
2026-08-22 07:00:00,,590807.34,
2026-08-22 08:00:00,,583342.98,
2026-08-22 09:00:00,,586775.99,
2026-08-22 10:00:00,,589141.45,
2026-08-22 11:00:00,,565229.61,
2026-08-22 12:00:00,,568838.93,
2026-08-22 13:00:00,,573583.13,
2026-08-22 14:00:00,,580706.73,
2026-08-22 15:00:00,,575378.09,
2026-08-22 16:00:00,,574072.99,
2026-08-22 17:00:00,,581823.56,
2026-08-22 18:00:00,,581516.40,
2026-08-22 19:00:00,,573287.55,
2026-08-22 20:00:00,,569873.81,
2026-08-22 21:00:00,,569422.57,
2026-08-22 22:00:00,,558748.30,
2026-08-22 23:00:00,,563030.82,
2026-08-23 00:00:00,,557448.88,
2026-08-23 01:00:00,,554766.97,
2026-08-23 02:00:00,,565230.52,
2026-08-23 03:00:00,,575405.85,
2026-08-23 04:00:00,,563681.68,
2026-08-23 05:00:00,,561433.13,
2026-08-23 06:00:00,,564790.34,
2026-08-23 07:00:00,,571050.68,
2026-08-23 08:00:00,,581163.88,
2026-08-23 09:00:00,,590536.33,
2026-08-23 10:00:00,,589866.13,
2026-08-23 11:00:00,,591555.20,
2026-08-23 12:00:00,,601092.21,
2026-08-23 13:00:00,,598590.34,
2026-08-23 14:00:00,,595265.71,
2026-08-23 15:00:00,,590371.08,
2026-08-23 16:00:00,,605673.37,
2026-08-23 17:00:00,,610187.34,
2026-08-23 18:00:00,,608956.59,
2026-08-23 19:00:00,,608682.20,
2026-08-23 20:00:00,,605226.14,
2026-08-23 21:00:00,,599730.20,
2026-08-23 22:00:00,,596203.06,
2026-08-23 23:00:00,,587600.23,
2026-08-24 00:00:00,,577359.72,
2026-08-24 01:00:00,,560595.06,
2026-08-24 02:00:00,,543228.50,
2026-08-24 03:00:00,,551134.36,
2026-08-24 04:00:00,,547212.12,
2026-08-24 05:00:00,,544455.88,
2026-08-24 06:00:00,,545791.73,
2026-08-24 07:00:00,,546498.21,
2026-08-24 08:00:00,,541538.31,
2026-08-24 09:00:00,,536161.29,
2026-08-24 10:00:00,,541144.43,
2026-08-24 11:00:00,,544444.43,
2026-08-24 12:00:00,,554997.81,
2026-08-24 13:00:00,,552380.32,
2026-08-24 14:00:00,,544627.66,
2026-08-24 15:00:00,,548394.20,
2026-08-24 16:00:00,,545153.14,
2026-08-24 17:00:00,,551413.93,
2026-08-24 18:00:00,,539747.31,
2026-08-24 19:00:00,,538746.48,
2026-08-24 20:00:00,,537824.70,
2026-08-24 21:00:00,,536307.02,
2026-08-24 22:00:00,,535726.45,
2026-08-24 23:00:00,,531572.19,
2026-08-25 00:00:00,,532386.11,
2026-08-25 01:00:00,,546004.11,
2026-08-25 02:00:00,,541746.95,
2026-08-25 03:00:00,,520736.38,
2026-08-25 04:00:00,,501722.00,
2026-08-25 05:00:00,,503619.10,
2026-08-25 06:00:00,,516751.29,
2026-08-25 07:00:00,,515252.00,
2026-08-25 08:00:00,,502736.05,
2026-08-25 09:00:00,,508775.60,
2026-08-25 10:00:00,,498947.77,
2026-08-25 11:00:00,,502804.64,
2026-08-25 12:00:00,,500735.02,
2026-08-25 13:00:00,,503886.49,
2026-08-25 14:00:00,,498466.35,
2026-08-25 15:00:00,,503896.57,
2026-08-25 16:00:00,,500525.38,
2026-08-25 17:00:00,,501970.90,
2026-08-25 18:00:00,,498214.98,
2026-08-25 19:00:00,,500695.35,
2026-08-25 20:00:00,,494689.14,
2026-08-25 21:00:00,,483631.44,
2026-08-25 22:00:00,,481622.97,
2026-08-25 23:00:00,,484496.13,
2026-08-26 00:00:00,,481976.91,
2026-08-26 01:00:00,,494399.65,
2026-08-26 02:00:00,,489626.22,
2026-08-26 03:00:00,,493995.07,
2026-08-26 04:00:00,,493304.75,
2026-08-26 05:00:00,,484582.89,
2026-08-26 06:00:00,,492668.63,
2026-08-26 07:00:00,,493828.11,
2026-08-26 08:00:00,,496788.29,
2026-08-26 09:00:00,,497202.88,
2026-08-26 10:00:00,,491683.54,
2026-08-26 11:00:00,,493873.05,
2026-08-26 12:00:00,,491240.79,
2026-08-26 13:00:00,,486545.94,
2026-08-26 14:00:00,,480942.73,
2026-08-26 15:00:00,,479392.08,
2026-08-26 16:00:00,,480615.37,
2026-08-26 17:00:00,,495782.75,
2026-08-26 18:00:00,,488729.38,
2026-08-26 19:00:00,,491363.63,
2026-08-26 20:00:00,,489293.94,
2026-08-26 21:00:00,,501308.76,
2026-08-26 22:00:00,,500944.07,
2026-08-26 23:00:00,,503367.89,
2026-08-27 00:00:00,,511156.91,
2026-08-27 01:00:00,,503268.15,
2026-08-27 02:00:00,,502469.02,
2026-08-27 03:00:00,,500281.75,
2026-08-27 04:00:00,,502852.37,
2026-08-27 05:00:00,,501276.08,
2026-08-27 06:00:00,,501177.18,
2026-08-27 07:00:00,,498211.50,
2026-08-27 08:00:00,,499203.71,
2026-08-27 09:00:00,,507106.15,
2026-08-27 10:00:00,,504135.18,
2026-08-27 11:00:00,,509655.32,
2026-08-27 12:00:00,,510546.65,
2026-08-27 13:00:00,,510580.97,
2026-08-27 14:00:00,,507927.62,
2026-08-27 15:00:00,,512676.37,
2026-08-27 16:00:00,,512064.80,
2026-08-27 17:00:00,,517474.21,
2026-08-27 18:00:00,,511442.59,
2026-08-27 19:00:00,,508102.52,
2026-08-27 20:00:00,,508091.64,
2026-08-27 21:00:00,,507952.16,
2026-08-27 22:00:00,,493469.99,
2026-08-27 23:00:00,,492582.11,
2026-08-28 00:00:00,,491077.14,
2026-08-28 01:00:00,,483549.19,
2026-08-28 02:00:00,,482068.18,
2026-08-28 03:00:00,,470211.52,
2026-08-28 04:00:00,,472516.85,
2026-08-28 05:00:00,,474058.98,
2026-08-28 06:00:00,,473865.90,
2026-08-28 07:00:00,,480046.65,
2026-08-28 08:00:00,,474945.50,
2026-08-28 09:00:00,,471187.06,
2026-08-28 10:00:00,,469766.85,
2026-08-28 11:00:00,,474158.40,
2026-08-28 12:00:00,,475598.20,
2026-08-28 13:00:00,,476057.62,
2026-08-28 14:00:00,,477300.95,
2026-08-28 15:00:00,,476667.80,
2026-08-28 16:00:00,,470791.20,
2026-08-28 17:00:00,,464966.06,
2026-08-28 18:00:00,,462441.27,
2026-08-28 19:00:00,,457744.43,
2026-08-28 20:00:00,,457856.94,
2026-08-28 21:00:00,,466299.72,
2026-08-28 22:00:00,,457422.35,
2026-08-28 23:00:00,,459623.25,
2026-08-29 00:00:00,,461978.19,
2026-08-29 01:00:00,,463194.13,
2026-08-29 02:00:00,,463468.98,
2026-08-29 03:00:00,,462255.15,
2026-08-29 04:00:00,,461615.13,
2026-08-29 05:00:00,,461937.04,
2026-08-29 06:00:00,,468384.49,
2026-08-29 07:00:00,,459432.26,
2026-08-29 08:00:00,,457853.95,
2026-08-29 09:00:00,,455145.83,
2026-08-29 10:00:00,,450583.39,
2026-08-29 11:00:00,,466381.11,
2026-08-29 12:00:00,,467656.01,
2026-08-29 13:00:00,,473274.35,
2026-08-29 14:00:00,,476722.45,
2026-08-29 15:00:00,,478030.92,
2026-08-29 16:00:00,,486156.38,
2026-08-29 17:00:00,,484083.81,
2026-08-29 18:00:00,,482417.14,
2026-08-29 19:00:00,,483528.51,
2026-08-29 20:00:00,,482397.42,
2026-08-29 21:00:00,,475489.10,
2026-08-29 22:00:00,,476677.48,
2026-08-29 23:00:00,,474680.39,
2026-08-30 00:00:00,,474689.70,
2026-08-30 01:00:00,,469409.24,
2026-08-30 02:00:00,,467352.41,
2026-08-30 03:00:00,,469459.87,
2026-08-30 04:00:00,,469596.94,
2026-08-30 05:00:00,,469007.68,
2026-08-30 06:00:00,,473762.38,
2026-08-30 07:00:00,,473763.82,
2026-08-30 08:00:00,,473804.91,
2026-08-30 09:00:00,,475165.75,
2026-08-30 10:00:00,,475683.75,
2026-08-30 11:00:00,,481456.11,
2026-08-30 12:00:00,,485651.91,
2026-08-30 13:00:00,,491888.77,
2026-08-30 14:00:00,,489092.94,
2026-08-30 15:00:00,,489205.32,
2026-08-30 16:00:00,,487761.15,
2026-08-30 17:00:00,,492770.87,
2026-08-30 18:00:00,,491183.98,
2026-08-30 19:00:00,,492392.64,
2026-08-30 20:00:00,,490833.84,
2026-08-30 21:00:00,,489171.28,
2026-08-30 22:00:00,,486941.73,
2026-08-30 23:00:00,,481222.20,
2026-08-31 00:00:00,,455774.58,
2026-08-31 01:00:00,,460093.10,
2026-08-31 02:00:00,,450031.34,
2026-08-31 03:00:00,,450745.15,
2026-08-31 04:00:00,,459044.42,
2026-08-31 05:00:00,,458842.06,
2026-08-31 06:00:00,,461505.87,
2026-08-31 07:00:00,,462472.09,
2026-08-31 08:00:00,,463737.40,
2026-08-31 09:00:00,,492359.96,
2026-08-31 10:00:00,,499879.53,
2026-08-31 11:00:00,,498569.56,
2026-08-31 12:00:00,,505798.04,
2026-08-31 13:00:00,,501040.43,
2026-08-31 14:00:00,,506579.10,
2026-08-31 15:00:00,,516631.18,
2026-08-31 16:00:00,,509777.75,
2026-08-31 17:00:00,,508225.71,
2026-08-31 18:00:00,,510126.16,
2026-08-31 19:00:00,,508675.63,
2026-08-31 20:00:00,,505074.20,
2026-08-31 21:00:00,,504490.62,
2026-08-31 22:00:00,,503137.87,
2026-08-31 23:00:00,,502323.59,
2026-09-01 00:00:00,,508630.61,
2026-09-01 01:00:00,,513589.77,
2026-09-01 02:00:00,,510499.46,
2026-09-01 03:00:00,,509419.08,
2026-09-01 04:00:00,,510411.28,
2026-09-01 05:00:00,,512921.52,
2026-09-01 06:00:00,,514291.47,
2026-09-01 07:00:00,,507229.71,
2026-09-01 08:00:00,,507058.50,
2026-09-01 09:00:00,,500396.77,
2026-09-01 10:00:00,,504090.77,
2026-09-01 11:00:00,,504190.68,
2026-09-01 12:00:00,,503375.87,
2026-09-01 13:00:00,,498841.78,
2026-09-01 14:00:00,,500300.37,
2026-09-01 15:00:00,,500897.58,
2026-09-01 16:00:00,,599325.80,
2026-09-01 17:00:00,,607800.25,
2026-09-01 18:00:00,,573722.79,
2026-09-01 19:00:00,,552875.65,
2026-09-01 20:00:00,,553102.64,
2026-09-01 21:00:00,,553626.85,
2026-09-01 22:00:00,,552435.11,
2026-09-01 23:00:00,,549513.25,
2026-09-02 00:00:00,,552623.11,
2026-09-02 01:00:00,,556855.68,
2026-09-02 02:00:00,,562458.58,
2026-09-02 03:00:00,,570741.69,
2026-09-02 04:00:00,,556152.93,
2026-09-02 05:00:00,,556453.65,
2026-09-02 06:00:00,,557275.92,
2026-09-02 07:00:00,,554594.45,
2026-09-02 08:00:00,,549843.70,
2026-09-02 09:00:00,,544305.85,
2026-09-02 10:00:00,,525907.94,
2026-09-02 11:00:00,,520144.94,
2026-09-02 12:00:00,,526318.69,
2026-09-02 13:00:00,,549396.58,
2026-09-02 14:00:00,,540280.39,
2026-09-02 15:00:00,,532205.55,
2026-09-02 16:00:00,,525641.97,
2026-09-02 17:00:00,,525015.42,
2026-09-02 18:00:00,,523873.90,
2026-09-02 19:00:00,,524156.67,
2026-09-02 20:00:00,,524265.02,
2026-09-02 21:00:00,,521960.33,
2026-09-02 22:00:00,,515666.56,
2026-09-02 23:00:00,,512466.32,
2026-09-03 00:00:00,,515743.25,
2026-09-03 01:00:00,,508995.64,
2026-09-03 02:00:00,,509819.64,
2026-09-03 03:00:00,,516940.70,
2026-09-03 04:00:00,,511514.63,
2026-09-03 05:00:00,,510033.73,
2026-09-03 06:00:00,,505784.48,
2026-09-03 07:00:00,,507558.50,
2026-09-03 08:00:00,,506614.03,
2026-09-03 09:00:00,,505286.85,
2026-09-03 10:00:00,,503491.24,
2026-09-03 11:00:00,,498862.24,
2026-09-03 12:00:00,,501372.15,
2026-09-03 13:00:00,,500868.56,
2026-09-03 14:00:00,,498270.61,
2026-09-03 15:00:00,,515070.49,
2026-09-03 16:00:00,,511623.88,
2026-09-03 17:00:00,,511763.01,
2026-09-03 18:00:00,,512524.14,
2026-09-03 19:00:00,,512380.45,
2026-09-03 20:00:00,,508460.59,
2026-09-03 21:00:00,,508310.71,
2026-09-03 22:00:00,,504099.77,
2026-09-03 23:00:00,,497547.59,
2026-09-04 00:00:00,,499087.41,
2026-09-04 01:00:00,,498113.35,
2026-09-04 02:00:00,,499800.88,
2026-09-04 03:00:00,,504618.80,
2026-09-04 04:00:00,,502431.90,
2026-09-04 05:00:00,,501631.08,
2026-09-04 06:00:00,,498508.81,
2026-09-04 07:00:00,,498406.68,
2026-09-04 08:00:00,,497421.48,
2026-09-04 09:00:00,,503124.80,
2026-09-04 10:00:00,,506240.45,
2026-09-04 11:00:00,,503998.06,
2026-09-04 12:00:00,,509534.12,
2026-09-04 13:00:00,,495439.54,
2026-09-04 14:00:00,,498623.94,
2026-09-04 15:00:00,,493632.57,
2026-09-04 16:00:00,,493399.53,
2026-09-04 17:00:00,,501282.18,
2026-09-04 18:00:00,,499154.13,
2026-09-04 19:00:00,,506231.26,
2026-09-04 20:00:00,,515747.74,
2026-09-04 21:00:00,,511447.87,
2026-09-04 22:00:00,,510895.08,
2026-09-04 23:00:00,,514907.71,
2026-09-05 00:00:00,,520090.68,
2026-09-05 01:00:00,,537812.49,
2026-09-05 02:00:00,,534323.53,
2026-09-05 03:00:00,,536341.47,
2026-09-05 04:00:00,,537655.02,
2026-09-05 05:00:00,,537385.39,
2026-09-05 06:00:00,,538671.62,
2026-09-05 07:00:00,,542824.97,
2026-09-05 08:00:00,,547044.47,
2026-09-05 09:00:00,,657683.99,
2026-09-05 10:00:00,,636723.26,
2026-09-05 11:00:00,,625809.16,
2026-09-05 12:00:00,,618839.48,
2026-09-05 13:00:00,,607037.33,
2026-09-05 14:00:00,,604984.46,
2026-09-05 15:00:00,,608352.23,
2026-09-05 16:00:00,,610120.33,
2026-09-05 17:00:00,,631718.98,
2026-09-05 18:00:00,,628335.80,
2026-09-05 19:00:00,,626542.73,
2026-09-05 20:00:00,,623275.94,
2026-09-05 21:00:00,,623312.77,
2026-09-05 22:00:00,,627766.09,
2026-09-05 23:00:00,,628157.66,
2026-09-06 00:00:00,,627535.68,
2026-09-06 01:00:00,,620791.54,
2026-09-06 02:00:00,,614672.80,
2026-09-06 03:00:00,,606838.92,
2026-09-06 04:00:00,,607843.10,
2026-09-06 05:00:00,,607263.25,
2026-09-06 06:00:00,,607824.42,
2026-09-06 07:00:00,,620743.30,
2026-09-06 08:00:00,,668798.54,
2026-09-06 09:00:00,,705003.47,
2026-09-06 10:00:00,,774452.03,
2026-09-06 11:00:00,,798964.85,
2026-09-06 12:00:00,,831372.47,
2026-09-06 13:00:00,,884533.84,
2026-09-06 14:00:00,,937643.27,
2026-09-06 15:00:00,,1041530.56,
2026-09-06 16:00:00,,1194511.45,
2026-09-06 17:00:00,,1260977.85,
2026-09-06 18:00:00,,1349083.99,
2026-09-06 19:00:00,,1389663.65,
2026-09-06 20:00:00,,1508719.47,
2026-09-06 21:00:00,,1322129.59,
2026-09-06 22:00:00,,1242004.68,
2026-09-06 23:00:00,,1351227.86,
2026-09-07 00:00:00,,1379454.74,
2026-09-07 01:00:00,,1308184.19,
2026-09-07 02:00:00,,1402793.18,
2026-09-07 03:00:00,,1472758.11,
2026-09-07 04:00:00,,1530976.45,
2026-09-07 05:00:00,,2115695.26,
2026-09-07 06:00:00,,2251036.74,
2026-09-07 07:00:00,,2362286.50,
2026-09-07 08:00:00,,2350076.34,
2026-09-07 09:00:00,,2478266.02,
2026-09-07 10:00:00,,2572671.91,
2026-09-07 11:00:00,,2571261.10,
2026-09-07 12:00:00,,2545304.76,
2026-09-07 13:00:00,,2658789.08,
2026-09-07 14:00:00,,2605047.08,
2026-09-07 15:00:00,,2389682.60,
2026-09-07 16:00:00,,2236442.84,
2026-09-07 17:00:00,,2225236.07,
2026-09-07 18:00:00,,2119235.91,
2026-09-07 19:00:00,,2035736.04,
2026-09-07 20:00:00,,2048125.69,
2026-09-07 21:00:00,,2008185.20,
2026-09-07 22:00:00,,1997757.18,
2026-09-07 23:00:00,,1708828.33,
2026-09-08 00:00:00,,1687512.09,
2026-09-08 01:00:00,,1703769.79,
2026-09-08 02:00:00,,1678609.13,
2026-09-08 03:00:00,,1627840.56,
2026-09-08 04:00:00,,1562473.94,
2026-09-08 05:00:00,,1601658.79,
2026-09-08 06:00:00,,1536995.07,
2026-09-08 07:00:00,,1576960.17,
2026-09-08 08:00:00,,1536922.84,
2026-09-08 09:00:00,,1639903.12,
2026-09-08 10:00:00,,1586961.76,
2026-09-08 11:00:00,,1560050.00,
2026-09-08 12:00:00,,1578406.46,
2026-09-08 13:00:00,,1518934.62,
2026-09-08 14:00:00,,1457559.85,
2026-09-08 15:00:00,,1546717.06,
2026-09-08 16:00:00,,1492412.73,
2026-09-08 17:00:00,,1577965.64,
2026-09-08 18:00:00,,1489207.53,
2026-09-08 19:00:00,,1447384.15,
2026-09-08 20:00:00,,1457476.39,
2026-09-08 21:00:00,,1471731.18,
2026-09-08 22:00:00,,1446363.38,
2026-09-08 23:00:00,,1463551.08,
2026-09-09 00:00:00,,1488265.67,
2026-09-09 01:00:00,,1423618.99,
2026-09-09 02:00:00,,1377402.00,
2026-09-09 03:00:00,,1366781.40,
2026-09-09 04:00:00,,1368455.69,
2026-09-09 05:00:00,,1447541.39,
2026-09-09 06:00:00,,1393940.58,
2026-09-09 07:00:00,,1392581.63,
2026-09-09 08:00:00,,1382339.00,
2026-09-09 09:00:00,,1414766.30,
2026-09-09 10:00:00,,1405101.44,
2026-09-09 11:00:00,,1409359.13,
2026-09-09 12:00:00,,1402436.45,
2026-09-09 13:00:00,,1392348.77,
2026-09-09 14:00:00,,1361348.49,
2026-09-09 15:00:00,,1354782.27,
2026-09-09 16:00:00,,1326075.52,
2026-09-09 17:00:00,,1333038.29,
2026-09-09 18:00:00,,1339308.34,
2026-09-09 19:00:00,,1331471.17,
2026-09-09 20:00:00,,1298661.21,
2026-09-09 21:00:00,,1318328.22,
2026-09-09 22:00:00,,1286941.10,
2026-09-09 23:00:00,,1299595.96,
2026-09-10 00:00:00,,1294589.89,
2026-09-10 01:00:00,,1295745.26,
2026-09-10 02:00:00,,1256566.72,
2026-09-10 03:00:00,,1272091.27,
2026-09-10 04:00:00,,1277697.20,
2026-09-10 05:00:00,,1261754.72,
2026-09-10 06:00:00,,1299285.76,
2026-09-10 07:00:00,,1272528.35,
2026-09-10 08:00:00,,1280424.82,
2026-09-10 09:00:00,,1275841.49,
2026-09-10 10:00:00,,1372946.34,
2026-09-10 11:00:00,,1383382.31,
2026-09-10 12:00:00,,1388787.98,
2026-09-10 13:00:00,,1388208.83,
2026-09-10 14:00:00,,1359106.32,
2026-09-10 15:00:00,,1348844.97,
2026-09-10 16:00:00,,1326001.90,
2026-09-10 17:00:00,,1320503.77,
2026-09-10 18:00:00,,1361841.97,
2026-09-10 19:00:00,,1343627.92,
2026-09-10 20:00:00,,1365564.06,
2026-09-10 21:00:00,,1344074.08,
2026-09-10 22:00:00,,1338754.56,
2026-09-10 23:00:00,,1338315.35,
2026-09-11 00:00:00,,1315739.59,
2026-09-11 01:00:00,,1357365.16,
2026-09-11 02:00:00,,1367073.57,
2026-09-11 03:00:00,,1374838.53,
2026-09-11 04:00:00,,1352619.74,
2026-09-11 05:00:00,,1306726.52,
2026-09-11 06:00:00,,1282208.61,
2026-09-11 07:00:00,,1272766.19,
2026-09-11 08:00:00,,1269152.28,
2026-09-11 09:00:00,,1273175.29,
2026-09-11 10:00:00,,1256583.66,
2026-09-11 11:00:00,,1258917.79,
2026-09-11 12:00:00,,1246914.78,
2026-09-11 13:00:00,,1260193.38,
2026-09-11 14:00:00,,1275974.57,
2026-09-11 15:00:00,,1254214.66,
2026-09-11 16:00:00,,1238096.01,
2026-09-11 17:00:00,,1256864.50,
2026-09-11 18:00:00,,1240987.61,
2026-09-11 19:00:00,,1251014.20,
2026-09-11 20:00:00,,1214374.17,
2026-09-11 21:00:00,,1222188.94,
2026-09-11 22:00:00,,1214085.78,
2026-09-11 23:00:00,,1217889.94,
2026-09-12 00:00:00,,1227598.12,
2026-09-12 01:00:00,,1278432.72,
2026-09-12 02:00:00,,1313976.37,
2026-09-12 03:00:00,,1353923.47,
2026-09-12 04:00:00,,1336553.22,
2026-09-12 05:00:00,,1328740.28,
2026-09-12 06:00:00,,1321422.05,
2026-09-12 07:00:00,,1323281.79,
2026-09-12 08:00:00,,1317795.84,
2026-09-12 09:00:00,,1321633.35,
2026-09-12 10:00:00,,1291561.38,
2026-09-12 11:00:00,,1296143.42,
2026-09-12 12:00:00,,1316758.55,
2026-09-12 13:00:00,,1310372.75,
2026-09-12 14:00:00,,1344805.10,
2026-09-12 15:00:00,,1372161.85,
2026-09-12 16:00:00,,1385916.27,
2026-09-12 17:00:00,,1434297.97,
2026-09-12 18:00:00,,1422089.95,
2026-09-12 19:00:00,,1396168.06,
2026-09-12 20:00:00,,1387442.14,
2026-09-12 21:00:00,,1401395.08,
2026-09-12 22:00:00,,1396356.57,
2026-09-12 23:00:00,,1396777.49,
2026-09-13 00:00:00,,1395875.00,
2026-09-13 01:00:00,,1389029.94,
2026-09-13 02:00:00,,1340319.07,
2026-09-13 03:00:00,,1331034.39,
2026-09-13 04:00:00,,1330798.90,
2026-09-13 05:00:00,,1358904.16,
2026-09-13 06:00:00,,1351502.84,
2026-09-13 07:00:00,,1334576.54,
2026-09-13 08:00:00,,1318658.72,
2026-09-13 09:00:00,,1257854.87,
2026-09-13 10:00:00,,1257517.85,
2026-09-13 11:00:00,,1241401.53,
2026-09-13 12:00:00,,1251150.71,
2026-09-13 13:00:00,,1233224.59,
2026-09-13 14:00:00,,1270208.32,
2026-09-13 15:00:00,,1258868.30,
2026-09-13 16:00:00,,1248626.72,
2026-09-13 17:00:00,,1250767.44,
2026-09-13 18:00:00,,1208651.30,
2026-09-13 19:00:00,,1211783.76,
2026-09-13 20:00:00,,1209478.83,
2026-09-13 21:00:00,,1214273.90,
2026-09-13 22:00:00,,1226791.48,
2026-09-13 23:00:00,,1215776.21,
2026-09-14 00:00:00,,1227896.81,
2026-09-14 01:00:00,,1221378.88,
2026-09-14 02:00:00,,1220178.25,
2026-09-14 03:00:00,,1219916.69,
2026-09-14 04:00:00,,1247317.46,
2026-09-14 05:00:00,,1311554.18,
2026-09-14 06:00:00,,1290305.37,
2026-09-14 07:00:00,,1300205.05,
2026-09-14 08:00:00,,1253602.92,
2026-09-14 09:00:00,,1260478.85,
2026-09-14 10:00:00,,1255926.07,
2026-09-14 11:00:00,,1253202.36,
2026-09-14 12:00:00,,1230077.83,
2026-09-14 13:00:00,,1205156.34,
2026-09-14 14:00:00,,1169564.29,
2026-09-14 15:00:00,,1190502.70,
2026-09-14 16:00:00,,1209573.97,
2026-09-14 17:00:00,,1214081.81,
2026-09-14 18:00:00,,1218958.10,
2026-09-14 19:00:00,,1231860.42,
2026-09-14 20:00:00,,1220941.26,
2026-09-14 21:00:00,,1217645.68,
2026-09-14 22:00:00,,1196499.99,
2026-09-14 23:00:00,,1196319.11,
2026-09-15 00:00:00,,1188566.88,
2026-09-15 01:00:00,,1179264.72,
2026-09-15 02:00:00,,1183185.26,
2026-09-15 03:00:00,,1174726.39,
2026-09-15 04:00:00,,1168154.57,
2026-09-15 05:00:00,,1163255.66,
2026-09-15 06:00:00,,1159591.03,
2026-09-15 07:00:00,,1143808.23,
2026-09-15 08:00:00,,1112062.48,
2026-09-15 09:00:00,,1112115.94,
2026-09-15 10:00:00,,1104303.44,
2026-09-15 11:00:00,,1095504.52,
2026-09-15 12:00:00,,1099029.17,
2026-09-15 13:00:00,,1093112.73,
2026-09-15 14:00:00,,1089583.93,
2026-09-15 15:00:00,,1079976.78,
2026-09-15 16:00:00,,1090422.59,
2026-09-15 17:00:00,,1077571.35,
2026-09-15 18:00:00,,1077769.28,
2026-09-15 19:00:00,,1075010.92,
2026-09-15 20:00:00,,1078147.12,
2026-09-15 21:00:00,,1052854.26,
2026-09-15 22:00:00,,1026262.58,
2026-09-15 23:00:00,,1048182.57,
2026-09-16 00:00:00,,1065387.99,
2026-09-16 01:00:00,,1075390.57,
2026-09-16 02:00:00,,1044231.36,
2026-09-16 03:00:00,,1057799.76,
2026-09-16 04:00:00,,1058956.42,
2026-09-16 05:00:00,,1032223.04,
2026-09-16 06:00:00,,1003373.20,
2026-09-16 07:00:00,,1009210.19,
2026-09-16 08:00:00,,1012307.06,
2026-09-16 09:00:00,,1025407.58,
2026-09-16 10:00:00,,1018552.94,
2026-09-16 11:00:00,,1012305.59,
2026-09-16 12:00:00,,1019637.23,
2026-09-16 13:00:00,,1016970.67,
2026-09-16 14:00:00,,1038814.03,
2026-09-16 15:00:00,,1016905.70,
2026-09-16 16:00:00,,1019412.96,
2026-09-16 17:00:00,,1027073.90,
2026-09-16 18:00:00,,1025762.91,
2026-09-16 19:00:00,,1009796.91,
2026-09-16 20:00:00,,1013094.87,
2026-09-16 21:00:00,,1015137.41,
2026-09-16 22:00:00,,1023807.58,
2026-09-16 23:00:00,,1019929.30,
2026-09-17 00:00:00,,1023204.31,
2026-09-17 01:00:00,,1016314.81,
2026-09-17 02:00:00,,1022899.24,
2026-09-17 03:00:00,,1023778.24,
2026-09-17 04:00:00,,1022970.36,
2026-09-17 05:00:00,,1046155.62,
2026-09-17 06:00:00,,1024357.41,
2026-09-17 07:00:00,,1057023.33,
2026-09-17 08:00:00,,1060039.40,
2026-09-17 09:00:00,,1065956.88,
2026-09-17 10:00:00,,1049836.37,
2026-09-17 11:00:00,,1023972.91,
2026-09-17 12:00:00,,1027816.19,
2026-09-17 13:00:00,,1025278.50,
2026-09-17 14:00:00,,1028651.50,
2026-09-17 15:00:00,,1016186.94,
2026-09-17 16:00:00,,1016221.78,
2026-09-17 17:00:00,,1018466.14,
2026-09-17 18:00:00,,1020199.01,
2026-09-17 19:00:00,,1022142.19,
2026-09-17 20:00:00,,1025065.01,
2026-09-17 21:00:00,,1030332.73,
2026-09-17 22:00:00,,1037459.33,
2026-09-17 23:00:00,,1036186.95,
2026-09-18 00:00:00,,1037636.68,
2026-09-18 01:00:00,,1039956.66,
2026-09-18 02:00:00,,1052576.71,
2026-09-18 03:00:00,,1044721.53,
2026-09-18 04:00:00,,1047152.88,
2026-09-18 05:00:00,,1043048.27,
2026-09-18 06:00:00,,1051965.22,
2026-09-18 07:00:00,,1048101.36,
2026-09-18 08:00:00,,1058325.00,
2026-09-18 09:00:00,,1051173.76,
2026-09-18 10:00:00,,1055392.30,
2026-09-18 11:00:00,,1044684.83,
2026-09-18 12:00:00,,1039328.82,
2026-09-18 13:00:00,,1046467.29,
2026-09-18 14:00:00,,1071553.87,
2026-09-18 15:00:00,,1078951.21,
2026-09-18 16:00:00,,1121797.62,
2026-09-18 17:00:00,,1125703.23,
2026-09-18 18:00:00,,1126968.64,
2026-09-18 19:00:00,,1164945.87,
2026-09-18 20:00:00,,1137919.77,
2026-09-18 21:00:00,,1136122.00,
2026-09-18 22:00:00,,1099451.97,
2026-09-18 23:00:00,,1100536.60,
2026-09-19 00:00:00,,1097169.02,
2026-09-19 01:00:00,,1094755.63,
2026-09-19 02:00:00,,1093212.69,
2026-09-19 03:00:00,,1113658.34,
2026-09-19 04:00:00,,1114724.05,
2026-09-19 05:00:00,,1114573.82,
2026-09-19 06:00:00,,1098575.27,
2026-09-19 07:00:00,,1111501.63,
2026-09-19 08:00:00,,1089777.46,
2026-09-19 09:00:00,,1108106.24,
2026-09-19 10:00:00,,1111285.46,
2026-09-19 11:00:00,,1118884.32,
2026-09-19 12:00:00,,1109817.05,
2026-09-19 13:00:00,,1105349.93,
2026-09-19 14:00:00,,1115196.78,
2026-09-19 15:00:00,,1131100.82,
2026-09-19 16:00:00,,1118821.28,
2026-09-19 17:00:00,,1113188.35,
2026-09-19 18:00:00,,1130740.11,
2026-09-19 19:00:00,,1142029.46,
2026-09-19 20:00:00,,1131035.54,
2026-09-19 21:00:00,,1114876.82,
2026-09-19 22:00:00,,1119375.86,
2026-09-19 23:00:00,,1126913.34,
2026-09-20 00:00:00,,1136637.83,
2026-09-20 01:00:00,,1094193.62,
2026-09-20 02:00:00,,1102865.71,
2026-09-20 03:00:00,,1085201.61,
2026-09-20 04:00:00,,1119367.28,
2026-09-20 05:00:00,,1127656.16,
2026-09-20 06:00:00,,1185553.06,
2026-09-20 07:00:00,,1145688.28,
2026-09-20 08:00:00,,1136781.14,
2026-09-20 09:00:00,,1135309.62,
