time,oi_A,oi_6,oi_3
2026-05-03 12:00:00,2175243.00,,729192.48
2026-05-03 13:00:00,2178529.05,,733285.63
2026-05-03 14:00:00,2183674.83,,735848.04
2026-05-03 15:00:00,2165538.45,,738934.29
2026-05-03 16:00:00,2160472.78,,738745.74
2026-05-03 17:00:00,2157069.96,,746285.58
2026-05-03 18:00:00,2150291.28,,746103.64
2026-05-03 19:00:00,2152261.25,,746120.20
2026-05-03 20:00:00,2155435.02,,746487.14
2026-05-03 21:00:00,2157509.78,,748730.56
2026-05-03 22:00:00,2143228.01,,749463.45
2026-05-03 23:00:00,2149861.93,,751643.07
2026-05-04 00:00:00,2134571.10,,744871.56
2026-05-04 01:00:00,2139029.30,,749212.38
2026-05-04 02:00:00,2171175.77,,753546.87
2026-05-04 03:00:00,2221302.92,,755325.19
2026-05-04 04:00:00,2202181.63,,748473.67
2026-05-04 05:00:00,2156554.19,,761325.97
2026-05-04 06:00:00,2159824.06,,766977.34
2026-05-04 07:00:00,2164982.16,,760730.62
2026-05-04 08:00:00,2179849.07,,764848.24
2026-05-04 09:00:00,2198786.87,,764256.37
2026-05-04 10:00:00,2213815.19,,765345.53
2026-05-04 11:00:00,2162145.94,,735369.48
2026-05-04 12:00:00,2189184.20,,745088.06
2026-05-04 13:00:00,2223999.13,,741491.04
2026-05-04 14:00:00,2212751.93,,738126.26
2026-05-04 15:00:00,2234699.39,,754516.60
2026-05-04 16:00:00,2213211.11,,735851.96
2026-05-04 17:00:00,2196287.46,,735475.91
2026-05-04 18:00:00,2245834.27,,752750.95
2026-05-04 19:00:00,2215971.11,,746828.54
2026-05-04 20:00:00,2199369.00,,746055.95
2026-05-04 21:00:00,2186581.67,,740159.14
2026-05-04 22:00:00,2208367.33,,746804.55
2026-05-04 23:00:00,2201345.57,,741720.84
2026-05-05 00:00:00,2198423.25,,740320.87
2026-05-05 01:00:00,2354713.48,,803242.91
2026-05-05 02:00:00,2414886.29,,793745.11
2026-05-05 03:00:00,2426627.03,,775639.08
2026-05-05 04:00:00,2429661.87,,774454.74
2026-05-05 05:00:00,2433730.01,,765216.84
2026-05-05 06:00:00,2438383.20,,774614.09
2026-05-05 07:00:00,2452587.93,,759623.80
2026-05-05 08:00:00,2441211.13,,760797.48
2026-05-05 09:00:00,2419685.70,,756507.69
2026-05-05 10:00:00,2413414.09,,747539.36
2026-05-05 11:00:00,2371880.71,,762327.01
2026-05-05 12:00:00,2364341.17,,759641.08
2026-05-05 13:00:00,2375096.10,,763187.03
2026-05-05 14:00:00,2361602.67,,763167.05
2026-05-05 15:00:00,2348110.45,,753836.88
2026-05-05 16:00:00,2344025.82,,758804.78
2026-05-05 17:00:00,2336948.39,,750543.23
2026-05-05 18:00:00,2332202.13,,756841.22
2026-05-05 19:00:00,2336800.09,,758869.01
2026-05-05 20:00:00,2344230.13,,756680.48
2026-05-05 21:00:00,2359961.99,,755010.28
2026-05-05 22:00:00,2346168.70,,757489.83
2026-05-05 23:00:00,2226292.22,,763603.42
2026-05-06 00:00:00,2221862.80,,758661.15
2026-05-06 01:00:00,2242157.37,,763981.68
2026-05-06 02:00:00,2263219.66,,749407.52
2026-05-06 03:00:00,2318898.95,,758599.99
2026-05-06 04:00:00,2315354.29,,765064.29
2026-05-06 05:00:00,2305509.30,,752976.06
2026-05-06 06:00:00,2306181.55,,759118.86
2026-05-06 07:00:00,2303084.67,,752687.82
2026-05-06 08:00:00,2310075.30,,756404.12
2026-05-06 09:00:00,2338134.25,,779893.38
2026-05-06 10:00:00,2355769.10,,796202.03
2026-05-06 11:00:00,2358603.02,,807900.45
2026-05-06 12:00:00,2201775.83,,818361.46
2026-05-06 13:00:00,2209719.48,,817310.93
2026-05-06 14:00:00,2182150.46,,783998.57
2026-05-06 15:00:00,2182125.68,,786076.94
2026-05-06 16:00:00,2221063.52,,788542.18
2026-05-06 17:00:00,2223263.22,,789884.60
2026-05-06 18:00:00,2222486.35,,792712.46
2026-05-06 19:00:00,2229273.94,,792561.28
2026-05-06 20:00:00,2218553.91,,794019.79
2026-05-06 21:00:00,2214590.18,,791095.32
2026-05-06 22:00:00,2241247.60,,800945.93
2026-05-06 23:00:00,2260874.11,,867340.35
2026-05-07 00:00:00,2318210.91,,881636.61
2026-05-07 01:00:00,2332919.87,,879983.59
2026-05-07 02:00:00,2361407.91,,859886.36
2026-05-07 03:00:00,2367020.52,,853458.15
2026-05-07 04:00:00,2342702.53,,890995.02
2026-05-07 05:00:00,2373749.25,,887301.41
2026-05-07 06:00:00,2381290.35,,889677.67
2026-05-07 07:00:00,2402789.86,,902724.86
2026-05-07 08:00:00,2411420.61,,900653.23
2026-05-07 09:00:00,2407813.87,,898562.38
2026-05-07 10:00:00,2413106.11,,894368.29
2026-05-07 11:00:00,2416997.05,,883340.41
2026-05-07 12:00:00,2423025.24,,890091.25
2026-05-07 13:00:00,2442744.61,,896420.92
2026-05-07 14:00:00,2387191.49,,876750.09
2026-05-07 15:00:00,2322012.30,,853476.30
2026-05-07 16:00:00,2304018.16,,832779.78
2026-05-07 17:00:00,2311594.59,,831120.01
2026-05-07 18:00:00,2320120.20,,828368.46
2026-05-07 19:00:00,2313915.20,,831837.64
2026-05-07 20:00:00,2311294.80,,835709.88
2026-05-07 21:00:00,2305727.48,,826677.43
2026-05-07 22:00:00,2312221.70,,821711.54
2026-05-07 23:00:00,2320023.47,,824901.17
2026-05-08 00:00:00,2334107.82,,825708.63
2026-05-08 01:00:00,2328887.93,,826947.29
2026-05-08 02:00:00,2309671.99,,823705.76
2026-05-08 03:00:00,2301657.26,,799127.61
2026-05-08 04:00:00,2305245.99,,794601.93
2026-05-08 05:00:00,2309841.88,,793216.73
2026-05-08 06:00:00,2314579.43,,790131.86
2026-05-08 07:00:00,2316920.62,,787353.46
2026-05-08 08:00:00,2321561.49,,789861.30
2026-05-08 09:00:00,2313734.06,,790438.83
2026-05-08 10:00:00,2295118.70,,794191.32
2026-05-08 11:00:00,2289944.09,,795011.79
2026-05-08 12:00:00,2291690.64,,794223.80
2026-05-08 13:00:00,2286627.39,,785052.30
2026-05-08 14:00:00,2273433.15,,787545.05
2026-05-08 15:00:00,2297008.44,,792301.01
2026-05-08 16:00:00,2293044.69,,797049.66
2026-05-08 17:00:00,2314468.13,,797420.49
2026-05-08 18:00:00,2325339.17,,813614.54
2026-05-08 19:00:00,2271157.38,,851457.77
2026-05-08 20:00:00,2288257.93,,850808.45
2026-05-08 21:00:00,2310988.90,,857266.23
2026-05-08 22:00:00,2328186.24,,856218.67
2026-05-08 23:00:00,2324987.60,,852601.22
2026-05-09 00:00:00,2320890.48,,836840.91
2026-05-09 01:00:00,2239497.22,,853995.05
2026-05-09 02:00:00,2237798.01,,865359.68
2026-05-09 03:00:00,2235433.07,,863793.02
2026-05-09 04:00:00,2225176.72,,885379.52
2026-05-09 05:00:00,2223482.56,,884486.08
2026-05-09 06:00:00,2234773.67,,883042.80
2026-05-09 07:00:00,2247231.01,,891409.01
2026-05-09 08:00:00,2242905.37,,892749.34
2026-05-09 09:00:00,2267506.07,,888659.50
2026-05-09 10:00:00,2287774.08,,899780.72
2026-05-09 11:00:00,2315494.89,,903304.08
2026-05-09 12:00:00,2328443.98,,900203.41
2026-05-09 13:00:00,2333748.73,,896077.24
2026-05-09 14:00:00,2314834.37,,891170.34
2026-05-09 15:00:00,2308588.86,,887163.46
2026-05-09 16:00:00,2322920.99,,885540.13
2026-05-09 17:00:00,2343766.73,,887208.72
2026-05-09 18:00:00,2350810.38,,887574.56
2026-05-09 19:00:00,2351780.50,,884069.13
2026-05-09 20:00:00,2366286.26,,880206.22
2026-05-09 21:00:00,2335478.20,,879950.12
2026-05-09 22:00:00,2329192.27,,875827.92
2026-05-09 23:00:00,2341973.43,,875666.54
2026-05-10 00:00:00,2321830.14,,874856.46
2026-05-10 01:00:00,2323498.65,,867803.18
2026-05-10 02:00:00,2313345.89,,854939.97
2026-05-10 03:00:00,2323118.06,,853837.01
2026-05-10 04:00:00,2317703.62,,862656.24
2026-05-10 05:00:00,2314868.47,,865619.38
2026-05-10 06:00:00,2390772.72,,863424.52
2026-05-10 07:00:00,2306483.64,,860464.51
2026-05-10 08:00:00,2299662.07,,848388.53
2026-05-10 09:00:00,2312003.15,,847111.62
2026-05-10 10:00:00,2293378.21,,846009.79
2026-05-10 11:00:00,2300418.27,,858194.25
2026-05-10 12:00:00,2286816.78,,845032.52
2026-05-10 13:00:00,2285293.95,,842248.99
2026-05-10 14:00:00,2299186.26,,847622.10
2026-05-10 15:00:00,2281824.71,,843001.02
2026-05-10 16:00:00,2304042.38,,848203.46
2026-05-10 17:00:00,2316065.80,,847803.24
2026-05-10 18:00:00,2336048.23,,848800.40
2026-05-10 19:00:00,2356413.66,,865382.32
2026-05-10 20:00:00,2344376.24,,864371.84
2026-05-10 21:00:00,2247285.69,,838047.26
2026-05-10 22:00:00,2254031.37,,843442.83
2026-05-10 23:00:00,2286384.28,,846506.93
2026-05-11 00:00:00,2280100.67,,840771.10
2026-05-11 01:00:00,2251810.29,,836403.90
2026-05-11 02:00:00,2263786.16,,837544.31
2026-05-11 03:00:00,2261866.66,,836623.71
2026-05-11 04:00:00,2249807.45,,835387.37
2026-05-11 05:00:00,2279584.38,,833953.40
2026-05-11 06:00:00,2290846.84,,841965.99
2026-05-11 07:00:00,2277794.45,,836379.84
2026-05-11 08:00:00,2267078.40,,842946.07
2026-05-11 09:00:00,2273027.33,,845002.19
2026-05-11 10:00:00,2298016.64,,853967.08
2026-05-11 11:00:00,2286497.77,,863536.34
2026-05-11 12:00:00,2294931.26,,862075.63
2026-05-11 13:00:00,2272750.42,,854086.74
2026-05-11 14:00:00,2280710.84,,849594.86
2026-05-11 15:00:00,2275242.23,,848535.31
2026-05-11 16:00:00,2271507.50,,859408.44
2026-05-11 17:00:00,2162422.79,,877532.42
2026-05-11 18:00:00,2185550.88,,875957.06
2026-05-11 19:00:00,2170994.12,,867219.51
2026-05-11 20:00:00,2182077.63,,865219.62
2026-05-11 21:00:00,2185322.01,,862285.16
2026-05-11 22:00:00,2184336.36,,852851.87
2026-05-11 23:00:00,2181752.75,,849866.10
2026-05-12 00:00:00,2169999.08,,844218.59
2026-05-12 01:00:00,2184922.49,,843273.10
2026-05-12 02:00:00,2144110.85,,834192.75
2026-05-12 03:00:00,2185287.67,,839100.83
2026-05-12 04:00:00,2174686.21,,833155.67
2026-05-12 05:00:00,2188391.55,,830607.86
2026-05-12 06:00:00,2198020.81,,830578.78
2026-05-12 07:00:00,2193447.81,,829450.76
2026-05-12 08:00:00,2179184.99,,834450.51
2026-05-12 09:00:00,2173588.00,,840321.00
2026-05-12 10:00:00,2157081.01,,838279.43
2026-05-12 11:00:00,2132577.49,,830957.81
2026-05-12 12:00:00,2154701.03,,833842.43
2026-05-12 13:00:00,2153806.38,,835657.71
2026-05-12 14:00:00,2147266.93,,828509.59
2026-05-12 15:00:00,2105690.17,,819093.22
2026-05-12 16:00:00,2091718.81,,816401.83
2026-05-12 17:00:00,2090751.16,,811180.71
2026-05-12 18:00:00,2118396.90,,816305.70
2026-05-12 19:00:00,2132023.78,,813108.65
2026-05-12 20:00:00,2139498.91,,813331.73
2026-05-12 21:00:00,2140992.28,,813803.23
2026-05-12 22:00:00,2127918.28,,812453.42
2026-05-12 23:00:00,2121989.79,,804378.25
2026-05-13 00:00:00,2113569.25,,802292.73
2026-05-13 01:00:00,2155230.64,,817105.62
2026-05-13 02:00:00,2173431.15,,817501.84
2026-05-13 03:00:00,2171974.70,,815891.24
2026-05-13 04:00:00,2178039.17,,815479.78
2026-05-13 05:00:00,2174801.11,,812098.89
2026-05-13 06:00:00,2125951.19,,807612.05
2026-05-13 07:00:00,2130670.73,,808734.82
2026-05-13 08:00:00,2140913.81,,807523.29
2026-05-13 09:00:00,2142531.94,,807014.40
2026-05-13 10:00:00,2162754.66,,810815.69
2026-05-13 11:00:00,2128468.71,,800335.21
2026-05-13 12:00:00,2100856.53,,793225.29
2026-05-13 13:00:00,2050448.97,,789658.78
2026-05-13 14:00:00,2046350.26,,778321.39
2026-05-13 15:00:00,2080032.74,,781493.76
2026-05-13 16:00:00,2008966.44,,774561.12
2026-05-13 17:00:00,2014611.04,,785446.42
2026-05-13 18:00:00,2031083.23,,787121.65
2026-05-13 19:00:00,2053011.59,,787955.03
2026-05-13 20:00:00,2043529.16,,783310.63
2026-05-13 21:00:00,2054669.80,,786883.26
2026-05-13 22:00:00,2004191.71,,785276.79
2026-05-13 23:00:00,2013063.19,,789466.91
2026-05-14 00:00:00,2013124.03,,790493.05
2026-05-14 01:00:00,1994105.15,,785085.22
2026-05-14 02:00:00,1983504.07,,785209.75
2026-05-14 03:00:00,1979131.00,,785262.27
2026-05-14 04:00:00,1937860.17,,769496.73
2026-05-14 05:00:00,1947707.95,,774678.58
2026-05-14 06:00:00,1952982.85,,777704.62
2026-05-14 07:00:00,1947581.01,,774791.16
2026-05-14 08:00:00,1936141.47,,733830.48
2026-05-14 09:00:00,1937765.51,,731794.08
2026-05-14 10:00:00,1936992.65,,729610.60
2026-05-14 11:00:00,1900971.45,,735202.97
2026-05-14 12:00:00,1880689.89,,737921.44
2026-05-14 13:00:00,1904516.39,,741996.44
2026-05-14 14:00:00,1907077.31,,736614.93
2026-05-14 15:00:00,1940760.72,,746130.15
2026-05-14 16:00:00,1968222.74,,764476.88
2026-05-14 17:00:00,1965223.52,,764892.49
2026-05-14 18:00:00,1970915.02,,765486.20
2026-05-14 19:00:00,1982830.51,,769277.07
2026-05-14 20:00:00,1977996.16,,764280.29
2026-05-14 21:00:00,1978864.43,,762999.58
2026-05-14 22:00:00,1973701.20,,760702.41
2026-05-14 23:00:00,1966663.74,,756695.80
2026-05-15 00:00:00,1952157.08,,748169.44
2026-05-15 01:00:00,1953184.76,,750194.58
2026-05-15 02:00:00,1932924.02,,743274.04
2026-05-15 03:00:00,1940421.06,,744200.80
2026-05-15 04:00:00,1943516.80,,741985.86
2026-05-15 05:00:00,1926953.19,,736992.03
2026-05-15 06:00:00,1901626.02,,731987.15
2026-05-15 07:00:00,1924696.12,,742270.78
2026-05-15 08:00:00,1929672.76,,744993.65
2026-05-15 09:00:00,1920882.55,,752100.51
2026-05-15 10:00:00,1922413.48,,753623.76
2026-05-15 11:00:00,1933962.61,,765418.19
2026-05-15 12:00:00,1924449.26,,765270.02
2026-05-15 13:00:00,1906048.87,,755560.71
2026-05-15 14:00:00,1842162.23,,727971.04
2026-05-15 15:00:00,1848717.91,,723962.40
2026-05-15 16:00:00,1844322.89,,707672.71
2026-05-15 17:00:00,1862831.08,,710483.54
2026-05-15 18:00:00,1862934.04,,710992.51
2026-05-15 19:00:00,1849817.15,,706971.76
2026-05-15 20:00:00,1839476.18,,698640.85
2026-05-15 21:00:00,1833352.21,,693363.12
2026-05-15 22:00:00,1830650.10,,692446.39
2026-05-15 23:00:00,1841005.07,,695602.98
2026-05-16 00:00:00,1842797.05,,691275.48
2026-05-16 01:00:00,1852029.11,,685817.13
2026-05-16 02:00:00,1855361.44,,689933.98
2026-05-16 03:00:00,1859041.86,,689087.07
2026-05-16 04:00:00,1853306.55,,687086.14
2026-05-16 05:00:00,1840201.61,,678277.63
2026-05-16 06:00:00,1833405.96,,674038.95
2026-05-16 07:00:00,1807369.51,,666999.22
2026-05-16 08:00:00,1663200.07,,691238.19
2026-05-16 09:00:00,1670034.37,,697140.28
2026-05-16 10:00:00,1654375.97,,689074.17
2026-05-16 11:00:00,1658763.73,,687673.57
2026-05-16 12:00:00,1671355.33,,690208.17
2026-05-16 13:00:00,1675709.52,,692021.28
2026-05-16 14:00:00,1679066.49,,685623.75
2026-05-16 15:00:00,1680048.76,,680794.38
2026-05-16 16:00:00,1682199.35,,682069.11
2026-05-16 17:00:00,1680259.44,,677393.99
2026-05-16 18:00:00,1689397.76,,675724.13
2026-05-16 19:00:00,1683955.15,,673013.77
2026-05-16 20:00:00,1682129.20,,672619.48
2026-05-16 21:00:00,1677262.31,,672648.73
2026-05-16 22:00:00,1680043.50,,673405.43
2026-05-16 23:00:00,1680787.62,,668463.15
2026-05-17 00:00:00,1679053.51,,665029.09
2026-05-17 01:00:00,1677812.95,,658523.43
2026-05-17 02:00:00,1675688.60,,657509.46
2026-05-17 03:00:00,1692409.82,,657820.19
2026-05-17 04:00:00,1715894.51,,659171.33
2026-05-17 05:00:00,1720438.14,,657677.59
2026-05-17 06:00:00,1728808.48,,652436.36
2026-05-17 07:00:00,1734979.63,,654410.03
2026-05-17 08:00:00,1735845.03,,655321.38
2026-05-17 09:00:00,1741838.92,,657550.24
2026-05-17 10:00:00,1745954.14,,659292.81
2026-05-17 11:00:00,1743511.77,,660174.53
2026-05-17 12:00:00,1736964.97,,656736.55
2026-05-17 13:00:00,1738674.54,,659018.21
2026-05-17 14:00:00,1737901.51,,661653.88
2026-05-17 15:00:00,1732917.87,,667087.55
2026-05-17 16:00:00,1731619.09,,671945.90
2026-05-17 17:00:00,1730724.18,,670120.61
2026-05-17 18:00:00,1718077.98,,670868.87
2026-05-17 19:00:00,1725011.14,,673052.51
2026-05-17 20:00:00,1730453.36,,675741.63
2026-05-17 21:00:00,1728311.58,,679093.57
2026-05-17 22:00:00,1731630.09,,679079.54
2026-05-17 23:00:00,1711240.25,,667588.23
2026-05-18 00:00:00,1636131.82,,655776.72
2026-05-18 01:00:00,1647073.87,,655803.70
2026-05-18 02:00:00,1657013.29,,656215.66
2026-05-18 03:00:00,1659452.55,,644995.90
2026-05-18 04:00:00,1653079.35,,638409.03
2026-05-18 05:00:00,1666742.72,,642272.21
2026-05-18 06:00:00,1655152.47,,636123.02
2026-05-18 07:00:00,1653256.49,,632095.16
2026-05-18 08:00:00,1638223.51,,632063.67
2026-05-18 09:00:00,1640327.64,,632439.34
2026-05-18 10:00:00,1631498.64,,631729.37
2026-05-18 11:00:00,1628477.92,,632450.63
2026-05-18 12:00:00,1634135.29,,631920.21
2026-05-18 13:00:00,1630371.90,,636193.81
2026-05-18 14:00:00,1614978.90,,619025.15
2026-05-18 15:00:00,1600161.08,,614869.24
2026-05-18 16:00:00,1597411.36,,622232.98
2026-05-18 17:00:00,1601619.94,,624759.93
2026-05-18 18:00:00,1603355.50,,630764.83
2026-05-18 19:00:00,1570397.80,,622238.04
2026-05-18 20:00:00,1593621.78,,628065.99
2026-05-18 21:00:00,1588764.48,,621761.41
2026-05-18 22:00:00,1600167.39,,626616.09
2026-05-18 23:00:00,1598482.35,,621072.79
2026-05-19 00:00:00,1596906.63,,621457.40
2026-05-19 01:00:00,1611614.80,,617937.92
2026-05-19 02:00:00,1607340.36,,617321.68
2026-05-19 03:00:00,1602213.12,,616462.48
2026-05-19 04:00:00,1605292.29,,621924.37
2026-05-19 05:00:00,1605933.97,,618762.14
2026-05-19 06:00:00,1604327.31,,623884.39
2026-05-19 07:00:00,1594852.07,,623896.00
2026-05-19 08:00:00,1594746.82,,627228.04
2026-05-19 09:00:00,1582919.19,,620009.10
2026-05-19 10:00:00,1579554.09,,617197.75
2026-05-19 11:00:00,1573875.48,,615063.18
2026-05-19 12:00:00,1566713.47,,606540.52
2026-05-19 13:00:00,1572213.04,,607464.93
2026-05-19 14:00:00,1576173.02,,614407.33
2026-05-19 15:00:00,1564988.93,,615130.54
2026-05-19 16:00:00,1565376.20,,615785.56
2026-05-19 17:00:00,1567173.85,,623273.64
2026-05-19 18:00:00,1571756.65,,621536.02
2026-05-19 19:00:00,1558673.75,,614924.23
2026-05-19 20:00:00,1558182.21,,610455.80
2026-05-19 21:00:00,1562615.63,,612921.65
2026-05-19 22:00:00,1559471.42,,612683.51
2026-05-19 23:00:00,1552455.20,,605624.15
2026-05-20 00:00:00,1557165.89,,609391.83
2026-05-20 01:00:00,1543655.61,,606700.49
2026-05-20 02:00:00,1541378.59,,607048.18
2026-05-20 03:00:00,1533657.67,,603665.23
2026-05-20 04:00:00,1536505.33,,605135.02
2026-05-20 05:00:00,1542358.73,,606232.97
2026-05-20 06:00:00,1555098.42,,608994.35
2026-05-20 07:00:00,1553238.74,,612432.48
2026-05-20 08:00:00,1552701.29,,616358.39
2026-05-20 09:00:00,1543634.62,,618525.96
2026-05-20 10:00:00,1538618.69,,616542.98
2026-05-20 11:00:00,1539345.05,,617194.84
2026-05-20 12:00:00,1535689.48,,608151.43
2026-05-20 13:00:00,1540863.97,,610506.20
2026-05-20 14:00:00,1522385.75,,606388.09
2026-05-20 15:00:00,1541596.02,,617162.15
2026-05-20 16:00:00,1547366.70,,621233.97
2026-05-20 17:00:00,1556465.03,,622754.72
2026-05-20 18:00:00,1555416.95,,621203.05
2026-05-20 19:00:00,1544977.73,,622316.51
2026-05-20 20:00:00,1554497.37,,620931.87
2026-05-20 21:00:00,1553011.30,,624396.32
2026-05-20 22:00:00,1544091.99,,620144.97
2026-05-20 23:00:00,1542533.47,,619008.62
2026-05-21 00:00:00,1540394.03,,614869.33
2026-05-21 01:00:00,1550226.16,,624268.99
2026-05-21 02:00:00,1545698.82,,632064.82
2026-05-21 03:00:00,1546355.69,,639192.21
2026-05-21 04:00:00,1543718.07,,634013.75
2026-05-21 05:00:00,1544937.81,,633780.37
2026-05-21 06:00:00,1531172.39,,623385.94
2026-05-21 07:00:00,1532090.50,,628066.08
2026-05-21 08:00:00,1537693.29,,631979.23
2026-05-21 09:00:00,1541468.67,,635558.46
2026-05-21 10:00:00,1530472.83,,629494.30
2026-05-21 11:00:00,1519351.46,,624229.19
2026-05-21 12:00:00,1495279.50,,629278.40
2026-05-21 13:00:00,1513246.53,,632733.75
2026-05-21 14:00:00,1517585.95,,635687.39
2026-05-21 15:00:00,1510156.06,,633872.82
2026-05-21 16:00:00,1510855.69,,630894.94
2026-05-21 17:00:00,1496893.38,,628060.70
2026-05-21 18:00:00,1518116.98,,635738.60
2026-05-21 19:00:00,1520847.28,,632780.48
2026-05-21 20:00:00,1530848.39,,634489.56
2026-05-21 21:00:00,1517679.16,,638205.45
2026-05-21 22:00:00,1523227.95,,640762.35
2026-05-21 23:00:00,1525082.70,,640490.90
2026-05-22 00:00:00,1524975.36,,637157.99
2026-05-22 01:00:00,1524783.18,,628760.88
2026-05-22 02:00:00,1533435.88,,631810.88
2026-05-22 03:00:00,1540462.40,,631253.86
2026-05-22 04:00:00,1548428.01,,627174.58
2026-05-22 05:00:00,1549691.23,,626948.42
2026-05-22 06:00:00,1554726.23,,628281.12
2026-05-22 07:00:00,1557172.73,,628298.42
2026-05-22 08:00:00,1563200.48,,638805.11
2026-05-22 09:00:00,1571862.36,,648615.35
2026-05-22 10:00:00,1557239.74,,649221.77
2026-05-22 11:00:00,1559082.43,,642175.93
2026-05-22 12:00:00,1544998.91,,640794.32
2026-05-22 13:00:00,1558341.57,,641682.23
2026-05-22 14:00:00,1556033.41,,640983.77
2026-05-22 15:00:00,1524868.42,,633951.28
2026-05-22 16:00:00,1532009.25,,638543.67
2026-05-22 17:00:00,1542674.64,,643402.94
2026-05-22 18:00:00,1545831.04,,636071.57
2026-05-22 19:00:00,1506766.31,,623304.70
2026-05-22 20:00:00,1479895.92,,616776.70
2026-05-22 21:00:00,1489985.41,,619223.13
2026-05-22 22:00:00,1490976.35,,614616.45
2026-05-22 23:00:00,1488039.10,,611504.06
2026-05-23 00:00:00,1474125.71,,612854.16
2026-05-23 01:00:00,1481092.04,,615510.68
2026-05-23 02:00:00,1489955.07,,617085.25
2026-05-23 03:00:00,1503559.29,,615617.96
2026-05-23 04:00:00,1507015.39,,616891.93
2026-05-23 05:00:00,1507233.57,,612724.97
2026-05-23 06:00:00,1508522.20,,610949.73
2026-05-23 07:00:00,1517442.01,,613537.08
2026-05-23 08:00:00,1466313.42,,587484.32
2026-05-23 09:00:00,1470828.31,,580186.87
2026-05-23 10:00:00,1466774.59,,605654.28
2026-05-23 11:00:00,1481844.86,,611303.74
2026-05-23 12:00:00,1485925.66,,637841.11
2026-05-23 13:00:00,1491752.07,,621411.23
2026-05-23 14:00:00,1497238.82,,633135.23
2026-05-23 15:00:00,1509460.92,,643958.97
2026-05-23 16:00:00,1522284.97,,645641.08
2026-05-23 17:00:00,1533284.05,,686568.54
2026-05-23 18:00:00,1529667.22,,686846.49
2026-05-23 19:00:00,1541367.21,,684362.21
2026-05-23 20:00:00,1533938.99,,681320.28
2026-05-23 21:00:00,1572227.46,,684069.30
2026-05-23 22:00:00,1565990.06,,675332.70
2026-05-23 23:00:00,1560191.36,,674852.46
2026-05-24 00:00:00,1557836.86,,672793.33
2026-05-24 01:00:00,1550461.28,,668537.11
2026-05-24 02:00:00,1548634.72,,666139.15
2026-05-24 03:00:00,1552995.93,,667519.08
2026-05-24 04:00:00,1545139.58,,664949.30
2026-05-24 05:00:00,1543459.84,,666359.91
2026-05-24 06:00:00,1534954.30,,667031.98
2026-05-24 07:00:00,1549248.17,,674560.60
2026-05-24 08:00:00,1546846.69,,675850.03
2026-05-24 09:00:00,1532396.10,,675854.19
2026-05-24 10:00:00,1529541.25,,675440.75
2026-05-24 11:00:00,1527636.64,,676360.76
2026-05-24 12:00:00,1525751.88,,688696.35
2026-05-24 13:00:00,1522040.22,,687766.95
2026-05-24 14:00:00,1519355.39,,692811.94
2026-05-24 15:00:00,1522104.53,,707541.00
2026-05-24 16:00:00,1523790.92,,703240.54
2026-05-24 17:00:00,1522526.55,,682497.43
2026-05-24 18:00:00,1522663.37,,681924.06
2026-05-24 19:00:00,1512065.02,,673758.31
2026-05-24 20:00:00,1506929.48,,655407.22
2026-05-24 21:00:00,1501019.16,,653056.95
2026-05-24 22:00:00,1480485.43,,633514.06
2026-05-24 23:00:00,1499175.20,,633887.16
2026-05-25 00:00:00,1504701.31,,634249.27
2026-05-25 01:00:00,1500527.68,,631134.14
2026-05-25 02:00:00,1486180.30,,622970.57
2026-05-25 03:00:00,1491779.14,,622658.03
2026-05-25 04:00:00,1487350.80,,619069.44
2026-05-25 05:00:00,1508953.83,,617072.34
2026-05-25 06:00:00,1512032.36,,618552.69
2026-05-25 07:00:00,1516508.92,,622477.06
2026-05-25 08:00:00,1517162.38,,619973.01
2026-05-25 09:00:00,1519260.54,,625950.48
2026-05-25 10:00:00,1516476.06,,622998.44
2026-05-25 11:00:00,1521581.72,,631213.03
2026-05-25 12:00:00,1500497.29,,630265.34
2026-05-25 13:00:00,1504916.43,,631328.19
2026-05-25 14:00:00,1509218.60,,631397.77
2026-05-25 15:00:00,1513466.13,,635390.73
2026-05-25 16:00:00,1515244.64,,634025.83
2026-05-25 17:00:00,1520999.01,,634585.46
2026-05-25 18:00:00,1509977.66,,635257.06
2026-05-25 19:00:00,1509915.09,,643083.10
2026-05-25 20:00:00,1501761.17,,637027.77
2026-05-25 21:00:00,1479479.06,,634808.97
2026-05-25 22:00:00,1486828.83,,631825.15
2026-05-25 23:00:00,1465458.63,,623615.02
2026-05-26 00:00:00,1473365.59,,625997.81
2026-05-26 01:00:00,1461432.99,,618028.85
2026-05-26 02:00:00,1462095.74,,613530.79
2026-05-26 03:00:00,1456828.23,,611165.94
2026-05-26 04:00:00,1460325.58,,615504.70
2026-05-26 05:00:00,1474357.36,,620190.00
2026-05-26 06:00:00,1483149.12,,623944.82
2026-05-26 07:00:00,1480401.88,,624122.85
2026-05-26 08:00:00,1464748.35,,618529.05
2026-05-26 09:00:00,1463854.38,,617877.51
2026-05-26 10:00:00,1469708.52,,617050.49
2026-05-26 11:00:00,1492597.04,,630178.43
2026-05-26 12:00:00,1485340.73,,624637.18
2026-05-26 13:00:00,1494553.53,,628143.66
2026-05-26 14:00:00,1503338.46,,632898.26
2026-05-26 15:00:00,1493780.21,,632564.70
2026-05-26 16:00:00,1482305.39,,627433.66
2026-05-26 17:00:00,1474902.70,,622434.07
2026-05-26 18:00:00,1446790.76,,615972.42
2026-05-26 19:00:00,1446217.08,,613753.04
2026-05-26 20:00:00,1459098.14,,615211.93
2026-05-26 21:00:00,1467126.26,,615866.64
2026-05-26 22:00:00,1457711.52,,612569.41
2026-05-26 23:00:00,1460565.93,,613507.01
2026-05-27 00:00:00,1460481.60,,615491.73
2026-05-27 01:00:00,1468838.95,,620784.58
2026-05-27 02:00:00,1462478.90,,616046.19
2026-05-27 03:00:00,1458509.80,,608763.97
2026-05-27 04:00:00,1447191.38,,603881.60
2026-05-27 05:00:00,1439326.34,,607844.24
2026-05-27 06:00:00,1469592.60,,609071.81
2026-05-27 07:00:00,1484387.95,,604739.91
2026-05-27 08:00:00,1484334.82,,609558.72
2026-05-27 09:00:00,1470328.27,,603375.48
2026-05-27 10:00:00,1459700.60,,600790.12
2026-05-27 11:00:00,1464370.08,,604169.37
2026-05-27 12:00:00,1459562.92,,604602.32
2026-05-27 13:00:00,1467921.10,,615366.40
2026-05-27 14:00:00,1462748.50,,611209.96
2026-05-27 15:00:00,1485435.38,,616798.46
2026-05-27 16:00:00,1513911.45,,624362.24
2026-05-27 17:00:00,1516994.33,,626728.66
2026-05-27 18:00:00,1518577.85,,619779.48
2026-05-27 19:00:00,1536185.51,,621975.68
2026-05-27 20:00:00,1534564.05,,626885.90
2026-05-27 21:00:00,1532499.46,,623015.92
2026-05-27 22:00:00,1490935.77,,597539.23
2026-05-27 23:00:00,1492864.13,,594181.28
2026-05-28 00:00:00,1491947.04,,596761.58
2026-05-28 01:00:00,1493296.23,,600739.65
2026-05-28 02:00:00,1474512.29,,594426.66
2026-05-28 03:00:00,1470368.26,,590090.91
2026-05-28 04:00:00,1454227.80,,587419.98
2026-05-28 05:00:00,1500144.02,,597123.88
2026-05-28 06:00:00,1449512.60,,589457.88
2026-05-28 07:00:00,1425085.12,,589899.97
2026-05-28 08:00:00,1423043.03,,589117.53
2026-05-28 09:00:00,1403114.09,,583916.82
2026-05-28 10:00:00,1411787.19,,583313.61
2026-05-28 11:00:00,1398234.82,,580366.70
2026-05-28 12:00:00,1398387.65,,580666.82
2026-05-28 13:00:00,1409650.80,,587242.24
2026-05-28 14:00:00,1394142.64,,586421.95
2026-05-28 15:00:00,1389071.87,,581821.48
2026-05-28 16:00:00,1395875.63,,590585.91
2026-05-28 17:00:00,1417098.40,,594577.38
2026-05-28 18:00:00,1429358.52,,603083.97
2026-05-28 19:00:00,1434303.06,,601249.96
2026-05-28 20:00:00,1410980.14,,599470.55
2026-05-28 21:00:00,1416284.33,,602541.65
2026-05-28 22:00:00,1412861.53,,601405.26
2026-05-28 23:00:00,1405428.70,,586628.62
2026-05-29 00:00:00,1408760.53,,589237.39
2026-05-29 01:00:00,1419410.63,,593921.37
2026-05-29 02:00:00,1413452.26,,596784.65
2026-05-29 03:00:00,1392640.18,,591937.21
2026-05-29 04:00:00,1394808.78,,596471.45
2026-05-29 05:00:00,1409563.64,,601290.23
2026-05-29 06:00:00,1413849.48,,597540.33
2026-05-29 07:00:00,1410934.19,,593776.98
2026-05-29 08:00:00,1411897.34,,594395.31
2026-05-29 09:00:00,1396922.52,,590088.06
2026-05-29 10:00:00,1400642.53,,593283.34
2026-05-29 11:00:00,1385089.04,,594257.78
2026-05-29 12:00:00,1376243.80,,584936.01
2026-05-29 13:00:00,1361786.65,,579579.38
2026-05-29 14:00:00,1369575.77,,581251.82
2026-05-29 15:00:00,1366457.16,,581286.93
2026-05-29 16:00:00,1413772.08,,612745.30
2026-05-29 17:00:00,1420008.18,,616572.67
2026-05-29 18:00:00,1409508.11,,615518.79
2026-05-29 19:00:00,1413572.83,,608387.14
2026-05-29 20:00:00,1422067.83,,600407.62
2026-05-29 21:00:00,1428803.69,,601785.41
2026-05-29 22:00:00,1413070.45,,595824.55
2026-05-29 23:00:00,1421472.09,,599899.91
2026-05-30 00:00:00,1424118.78,,603137.05
2026-05-30 01:00:00,1429735.46,,602374.89
2026-05-30 02:00:00,1436530.87,,599890.95
2026-05-30 03:00:00,1445337.49,,602660.54
2026-05-30 04:00:00,1457244.75,,606252.62
2026-05-30 05:00:00,1444044.43,,611675.74
2026-05-30 06:00:00,1437359.59,,601205.86
2026-05-30 07:00:00,1424016.19,,596159.55
2026-05-30 08:00:00,1435401.23,,604036.75
2026-05-30 09:00:00,1431874.87,,602681.77
2026-05-30 10:00:00,1435971.19,,600192.46
2026-05-30 11:00:00,1432912.31,,598203.95
2026-05-30 12:00:00,1429823.51,,593587.52
2026-05-30 13:00:00,1429915.25,,593115.55
2026-05-30 14:00:00,1420671.14,,591198.38
2026-05-30 15:00:00,1419190.48,,590912.49
2026-05-30 16:00:00,1417736.24,,590631.59
2026-05-30 17:00:00,1427847.42,,592057.03
2026-05-30 18:00:00,1425016.40,,592313.04
2026-05-30 19:00:00,1425240.32,,594043.63
2026-05-30 20:00:00,1422130.85,,595163.13
2026-05-30 21:00:00,1434679.19,,595436.88
2026-05-30 22:00:00,1446319.45,,592677.07
2026-05-30 23:00:00,1428777.06,,583650.89
2026-05-31 00:00:00,1426609.43,,587692.41
2026-05-31 01:00:00,1449995.37,,589396.85
2026-05-31 02:00:00,1448047.67,,593453.24
2026-05-31 03:00:00,1451807.66,,594183.12
2026-05-31 04:00:00,1451196.20,,592651.14
2026-05-31 05:00:00,1455231.09,,596481.25
2026-05-31 06:00:00,1446586.45,,592370.32
2026-05-31 07:00:00,1445921.01,,594061.08
2026-05-31 08:00:00,1431328.20,,590529.54
2026-05-31 09:00:00,1442123.30,,595490.90
2026-05-31 10:00:00,1432099.87,,587970.66
2026-05-31 11:00:00,1443586.90,,587918.00
2026-05-31 12:00:00,1437434.46,,585989.16
2026-05-31 13:00:00,1459356.63,,609818.79
2026-05-31 14:00:00,1443958.09,,599377.62
2026-05-31 15:00:00,1429359.26,,582923.97
2026-05-31 16:00:00,1442770.15,,583670.23
2026-05-31 17:00:00,1431590.70,,578175.47
2026-05-31 18:00:00,1446512.68,,584243.15
2026-05-31 19:00:00,1443645.47,,582472.30
2026-05-31 20:00:00,1441331.30,,584683.35
2026-05-31 21:00:00,1442637.26,,588028.39
2026-05-31 22:00:00,1454645.85,,587206.26
2026-05-31 23:00:00,1464459.08,,589881.97
2026-06-01 00:00:00,1470842.41,,599391.60
2026-06-01 01:00:00,1478564.37,,608965.98
2026-06-01 02:00:00,1462689.32,,599940.10
2026-06-01 03:00:00,1490990.19,,606342.43
2026-06-01 04:00:00,1496016.62,,605789.70
2026-06-01 05:00:00,1488444.68,,602494.27
2026-06-01 06:00:00,1478076.16,,595838.82
2026-06-01 07:00:00,1472113.68,,592958.55
2026-06-01 08:00:00,1465475.58,,579900.48
2026-06-01 09:00:00,1487568.98,,593891.08
2026-06-01 10:00:00,1499883.74,,595773.70
2026-06-01 11:00:00,1505105.53,,597688.84
2026-06-01 12:00:00,1504861.38,,594409.12
2026-06-01 13:00:00,1510963.60,,593710.66
2026-06-01 14:00:00,1494439.56,,583172.65
2026-06-01 15:00:00,1506046.29,,585996.09
2026-06-01 16:00:00,1511103.17,,588224.26
2026-06-01 17:00:00,1538699.95,,598520.98
2026-06-01 18:00:00,1555670.90,,606450.25
2026-06-01 19:00:00,1544393.19,,599435.28
2026-06-01 20:00:00,1546921.72,,600958.37
2026-06-01 21:00:00,1536470.57,,597567.65
2026-06-01 22:00:00,1520582.13,,586965.16
2026-06-01 23:00:00,1535420.94,,593971.82
2026-06-02 00:00:00,1545566.23,,599712.47
2026-06-02 01:00:00,1531289.08,,588844.44
2026-06-02 02:00:00,1518180.43,,583622.20
2026-06-02 03:00:00,1548706.69,,597943.15
2026-06-02 04:00:00,1563251.42,,605311.55
2026-06-02 05:00:00,1553476.35,,595578.16
2026-06-02 06:00:00,1548836.77,,593292.66
2026-06-02 07:00:00,1547143.24,,592112.08
2026-06-02 08:00:00,1569401.93,,595967.14
2026-06-02 09:00:00,1566682.33,,593739.15
2026-06-02 10:00:00,1551680.34,,589029.60
2026-06-02 11:00:00,1577280.79,,597231.36
2026-06-02 12:00:00,1571673.11,,595601.12
2026-06-02 13:00:00,1573953.81,,598414.09
2026-06-02 14:00:00,1570474.90,,603973.98
2026-06-02 15:00:00,1543533.71,,577955.09
2026-06-02 16:00:00,1512373.14,,574273.68
2026-06-02 17:00:00,1539193.70,,572639.16
2026-06-02 18:00:00,1549823.43,,573716.12
2026-06-02 19:00:00,1518955.12,,567151.79
2026-06-02 20:00:00,1514509.01,,566729.31
2026-06-02 21:00:00,1518572.85,,569128.53
2026-06-02 22:00:00,1517094.87,,570273.82
2026-06-02 23:00:00,1478465.39,,558823.47
2026-06-03 00:00:00,1491312.05,,557087.75
2026-06-03 01:00:00,1497156.45,,570737.62
2026-06-03 02:00:00,1496153.83,,576313.76
2026-06-03 03:00:00,1495744.15,,575370.13
2026-06-03 04:00:00,1461293.11,,561358.67
2026-06-03 05:00:00,1501840.35,,574786.12
2026-06-03 06:00:00,1535988.41,,585291.12
2026-06-03 07:00:00,1538725.37,,586968.46
2026-06-03 08:00:00,1542876.51,,589555.92
2026-06-03 09:00:00,1535342.51,,591005.54
2026-06-03 10:00:00,1520022.67,,585558.21
2026-06-03 11:00:00,1531037.85,,592378.77
2026-06-03 12:00:00,1537406.04,,591389.71
2026-06-03 13:00:00,1535028.14,,593231.01
2026-06-03 14:00:00,1538758.25,,595169.85
2026-06-03 15:00:00,1537079.04,,597465.72
2026-06-03 16:00:00,1520805.99,,593449.17
2026-06-03 17:00:00,1508403.02,,586923.61
2026-06-03 18:00:00,1510718.52,,588664.41
2026-06-03 19:00:00,1528283.24,,595423.10
2026-06-03 20:00:00,1534089.14,,593056.30
2026-06-03 21:00:00,1485045.56,,579097.89
2026-06-03 22:00:00,1547298.19,,606012.06
2026-06-03 23:00:00,1502894.67,,605388.21
2026-06-04 00:00:00,1498268.94,,595958.59
2026-06-04 01:00:00,1487450.82,,590866.34
2026-06-04 02:00:00,1422961.20,,565851.17
2026-06-04 03:00:00,1396824.39,,560709.13
2026-06-04 04:00:00,1452115.83,,574521.01
2026-06-04 05:00:00,1419373.46,,570115.42
2026-06-04 06:00:00,1398315.70,,561019.71
2026-06-04 07:00:00,1400873.18,,560298.16
2026-06-04 08:00:00,1372043.32,,543827.38
2026-06-04 09:00:00,1387744.56,,548822.50
2026-06-04 10:00:00,1362464.39,,538956.06
2026-06-04 11:00:00,1338479.84,,530445.02
2026-06-04 12:00:00,1347094.83,,536919.79
2026-06-04 13:00:00,1385647.57,,561148.55
2026-06-04 14:00:00,1390834.47,,564338.44
2026-06-04 15:00:00,1391568.69,,562971.23
2026-06-04 16:00:00,1402689.55,,568155.20
2026-06-04 17:00:00,1400137.63,,569531.88
2026-06-04 18:00:00,1403307.33,,569889.37
2026-06-04 19:00:00,1393326.00,,570241.22
2026-06-04 20:00:00,1388933.37,,568222.72
2026-06-04 21:00:00,1374754.35,,563471.06
2026-06-04 22:00:00,1345727.10,,551590.11
2026-06-04 23:00:00,1349497.81,,562825.48
2026-06-05 00:00:00,1367784.75,,571347.58
2026-06-05 01:00:00,1351331.93,,568720.21
2026-06-05 02:00:00,1355036.19,,571313.75
2026-06-05 03:00:00,1315410.31,,551966.74
2026-06-05 04:00:00,1311551.63,,549810.36
2026-06-05 05:00:00,1342081.81,,567766.78
2026-06-05 06:00:00,1304115.78,,549251.83
2026-06-05 07:00:00,1277760.94,,545450.51
2026-06-05 08:00:00,1315644.43,,554604.15
2026-06-05 09:00:00,1288695.25,,546527.02
2026-06-05 10:00:00,1326690.40,,561177.11
2026-06-05 11:00:00,1327071.87,,554747.48
2026-06-05 12:00:00,1330771.09,,556264.50
2026-06-05 13:00:00,1342870.06,,552722.23
2026-06-05 14:00:00,1328987.06,,548668.17
2026-06-05 15:00:00,1353860.92,,562722.23
2026-06-05 16:00:00,1347451.63,,555457.07
2026-06-05 17:00:00,1400712.56,,562305.91
2026-06-05 18:00:00,1382344.04,,556850.66
2026-06-05 19:00:00,1322966.16,,530952.57
2026-06-05 20:00:00,1342473.55,,538177.91
2026-06-05 21:00:00,1366346.99,,551376.15
2026-06-05 22:00:00,1376734.44,,548477.18
2026-06-05 23:00:00,1364797.52,,557185.76
2026-06-06 00:00:00,1351892.34,,557122.25
2026-06-06 01:00:00,1364359.76,,571041.42
2026-06-06 02:00:00,1353408.45,,568634.65
2026-06-06 03:00:00,1340127.90,,562725.23
2026-06-06 04:00:00,1319424.81,,554566.57
2026-06-06 05:00:00,1272150.80,,530604.03
2026-06-06 06:00:00,1316907.99,,551279.10
2026-06-06 07:00:00,1306303.34,,555121.03
2026-06-06 08:00:00,1326550.81,,578340.44
2026-06-06 09:00:00,1344386.90,,594380.63
2026-06-06 10:00:00,1326865.87,,585098.99
2026-06-06 11:00:00,1310639.99,,563661.57
2026-06-06 12:00:00,1326744.52,,562333.55
2026-06-06 13:00:00,1347592.72,,579868.84
2026-06-06 14:00:00,1347123.25,,580534.15
2026-06-06 15:00:00,1343505.40,,585932.35
2026-06-06 16:00:00,1337007.22,,575274.90
2026-06-06 17:00:00,1352866.56,,572243.96
2026-06-06 18:00:00,1337850.10,,552787.62
2026-06-06 19:00:00,1345560.06,,555985.95
2026-06-06 20:00:00,1346246.36,,554248.21
2026-06-06 21:00:00,1354628.05,,556299.13
2026-06-06 22:00:00,1357297.75,,569176.07
2026-06-06 23:00:00,1357204.90,,567823.44
2026-06-07 00:00:00,1369935.01,,576758.35
2026-06-07 01:00:00,1370787.02,,576945.76
2026-06-07 02:00:00,1411812.40,,608660.02
2026-06-07 03:00:00,1404182.83,,610808.32
2026-06-07 04:00:00,1390964.75,,603500.80
2026-06-07 05:00:00,1379689.87,,600244.85
2026-06-07 06:00:00,1381276.39,,595456.81
2026-06-07 07:00:00,1382388.57,,597032.52
2026-06-07 08:00:00,1382381.21,,598990.08
2026-06-07 09:00:00,1405700.41,,605979.40
2026-06-07 10:00:00,1386943.85,,588427.76
2026-06-07 11:00:00,1372264.21,,581856.49
2026-06-07 12:00:00,1377553.18,,580787.74
2026-06-07 13:00:00,1350241.89,,558839.51
2026-06-07 14:00:00,1349058.25,,558341.63
2026-06-07 15:00:00,1369357.45,,564483.06
2026-06-07 16:00:00,1355029.86,,560025.54
2026-06-07 17:00:00,1355836.24,,560348.95
2026-06-07 18:00:00,1355346.63,,560917.36
2026-06-07 19:00:00,1342359.14,,557458.91
2026-06-07 20:00:00,1324674.71,,546270.69
2026-06-07 21:00:00,1345669.39,,561315.12
2026-06-07 22:00:00,1348003.22,,560475.65
2026-06-07 23:00:00,1393938.55,,573724.81
2026-06-08 00:00:00,1392781.87,,571015.40
2026-06-08 01:00:00,1406513.51,,575753.09
2026-06-08 02:00:00,1396420.19,,560453.11
2026-06-08 03:00:00,1393165.46,,566137.12
2026-06-08 04:00:00,1403872.09,,566228.06
2026-06-08 05:00:00,1385781.87,,565981.81
2026-06-08 06:00:00,1381741.70,,577227.50
2026-06-08 07:00:00,1396243.10,,575345.14
2026-06-08 08:00:00,1400352.37,,574511.24
2026-06-08 09:00:00,1373482.22,,567300.81
2026-06-08 10:00:00,1402463.83,,573423.77
2026-06-08 11:00:00,1421545.60,,583171.98
2026-06-08 12:00:00,1405232.08,,583169.85
2026-06-08 13:00:00,1415720.30,,586666.72
2026-06-08 14:00:00,1408023.02,,578524.92
2026-06-08 15:00:00,1418476.10,,578606.82
2026-06-08 16:00:00,1423273.87,,575339.02
2026-06-08 17:00:00,1429316.55,,575097.71
2026-06-08 18:00:00,1440667.06,,583520.92
2026-06-08 19:00:00,1428514.10,,579800.20
2026-06-08 20:00:00,1424448.99,,574316.84
2026-06-08 21:00:00,1438347.28,,573844.03
2026-06-08 22:00:00,1433934.15,,568557.22
2026-06-08 23:00:00,1424095.50,,576953.22
2026-06-09 00:00:00,1402651.64,,570790.16
2026-06-09 01:00:00,1363074.55,,586074.90
2026-06-09 02:00:00,1369063.29,,598406.02
2026-06-09 03:00:00,1358019.35,,591936.28
2026-06-09 04:00:00,1366941.59,,594572.66
2026-06-09 05:00:00,1376517.20,,580021.10
2026-06-09 06:00:00,1377017.26,,578755.84
2026-06-09 07:00:00,1363065.95,,574862.29
2026-06-09 08:00:00,1369283.18,,576172.86
2026-06-09 09:00:00,1352595.48,,572244.09
2026-06-09 10:00:00,1351684.40,,565111.25
2026-06-09 11:00:00,1354654.34,,564754.69
2026-06-09 12:00:00,1347122.29,,572451.30
2026-06-09 13:00:00,1341043.80,,574325.41
2026-06-09 14:00:00,1331631.32,,583133.74
2026-06-09 15:00:00,1334486.79,,573691.32
2026-06-09 16:00:00,1317263.46,,572945.19
2026-06-09 17:00:00,1315649.88,,577031.58
2026-06-09 18:00:00,1328920.32,,577199.55
2026-06-09 19:00:00,1332082.78,,575705.83
2026-06-09 20:00:00,1332378.54,,574593.03
2026-06-09 21:00:00,1343385.56,,586546.37
2026-06-09 22:00:00,1324318.84,,576897.86
2026-06-09 23:00:00,1320212.11,,578468.10
2026-06-10 00:00:00,1319265.74,,579677.41
2026-06-10 01:00:00,1327137.83,,575693.78
2026-06-10 02:00:00,1321680.79,,575157.30
2026-06-10 03:00:00,1295343.93,,571420.18
2026-06-10 04:00:00,1306263.26,,572545.21
2026-06-10 05:00:00,1307657.81,,572889.45
2026-06-10 06:00:00,1314057.66,,576516.59
2026-06-10 07:00:00,1331489.12,,575729.20
2026-06-10 08:00:00,1338834.96,,575825.92
2026-06-10 09:00:00,1309400.87,,568964.58
2026-06-10 10:00:00,1320684.61,,579334.22
2026-06-10 11:00:00,1308685.40,,574064.84
2026-06-10 12:00:00,1288413.30,,566301.35
2026-06-10 13:00:00,1308294.46,,575655.90
2026-06-10 14:00:00,1324022.89,,579123.08
2026-06-10 15:00:00,1313938.86,,576473.23
2026-06-10 16:00:00,1325053.87,,580620.31
2026-06-10 17:00:00,1314739.92,,579673.74
2026-06-10 18:00:00,1304302.15,,573957.99
2026-06-10 19:00:00,1308369.56,,577459.85
2026-06-10 20:00:00,1288445.73,,570680.96
2026-06-10 21:00:00,1280554.75,,571271.47
2026-06-10 22:00:00,1249830.79,,559206.51
2026-06-10 23:00:00,1246583.72,,558117.75
2026-06-11 00:00:00,1259800.13,,565860.84
2026-06-11 01:00:00,1264192.58,,570268.67
2026-06-11 02:00:00,1286400.31,,576478.58
2026-06-11 03:00:00,1276617.54,,573666.54
2026-06-11 04:00:00,1297467.35,,588752.32
2026-06-11 05:00:00,1315984.50,,601741.51
2026-06-11 06:00:00,1289633.07,,594807.19
2026-06-11 07:00:00,1295074.23,,596512.03
2026-06-11 08:00:00,1301607.92,,592013.08
2026-06-11 09:00:00,1310193.07,,594657.75
2026-06-11 10:00:00,1297703.95,,590708.89
2026-06-11 11:00:00,1293302.84,,591373.68
2026-06-11 12:00:00,1294323.68,,591716.76
2026-06-11 13:00:00,1290125.43,,583138.70
2026-06-11 14:00:00,1297976.17,,585477.32
2026-06-11 15:00:00,1297297.21,,581562.58
2026-06-11 16:00:00,1313225.20,,586477.21
2026-06-11 17:00:00,1306775.27,,581600.53
2026-06-11 18:00:00,1335175.87,,603130.87
2026-06-11 19:00:00,1319970.56,,594457.22
2026-06-11 20:00:00,1318593.25,,590780.11
2026-06-11 21:00:00,1315866.71,,589470.64
2026-06-11 22:00:00,1317805.97,,591568.27
2026-06-11 23:00:00,1305640.84,,587041.04
2026-06-12 00:00:00,1310473.72,,587881.62
2026-06-12 01:00:00,1312125.71,,589187.54
2026-06-12 02:00:00,1298832.95,,585530.12
2026-06-12 03:00:00,1301737.57,,587782.79
2026-06-12 04:00:00,1305010.31,,589164.82
2026-06-12 05:00:00,1302441.04,,588700.98
2026-06-12 06:00:00,1295270.08,,580206.28
2026-06-12 07:00:00,1293713.36,,575095.06
2026-06-12 08:00:00,1302365.01,,577003.40
2026-06-12 09:00:00,1318389.48,,584643.46
2026-06-12 10:00:00,1321092.59,,583183.66
2026-06-12 11:00:00,1332431.09,,573047.79
2026-06-12 12:00:00,1345411.60,,568872.38
2026-06-12 13:00:00,1346250.35,,576891.86
2026-06-12 14:00:00,1322478.67,,566644.63
2026-06-12 15:00:00,1344792.62,,573835.57
2026-06-12 16:00:00,1320051.57,,560859.55
2026-06-12 17:00:00,1325850.00,,563690.44
2026-06-12 18:00:00,1315076.23,,558992.23
2026-06-12 19:00:00,1308643.64,,556309.59
2026-06-12 20:00:00,1310342.58,,556049.81
2026-06-12 21:00:00,1306062.49,,554836.89
2026-06-12 22:00:00,1301098.08,,554799.59
2026-06-12 23:00:00,1301784.21,,555758.26
2026-06-13 00:00:00,1302853.38,,557665.02
2026-06-13 01:00:00,1302064.26,,563915.20
2026-06-13 02:00:00,1314200.74,,567432.53
2026-06-13 03:00:00,1302163.82,,561328.52
2026-06-13 04:00:00,1291796.02,,556876.82
2026-06-13 05:00:00,1287874.56,,551387.22
2026-06-13 06:00:00,1287685.89,,547725.73
2026-06-13 07:00:00,1292164.31,,549592.17
2026-06-13 08:00:00,1300637.84,,561524.72
2026-06-13 09:00:00,1301641.87,,558185.89
2026-06-13 10:00:00,1304972.48,,564583.96
2026-06-13 11:00:00,1301641.23,,561443.57
2026-06-13 12:00:00,1305335.88,,560896.10
2026-06-13 13:00:00,1309403.36,,555750.64
2026-06-13 14:00:00,1304353.77,,554957.99
2026-06-13 15:00:00,1298437.18,,552107.72
2026-06-13 16:00:00,1304780.96,,567105.62
2026-06-13 17:00:00,1296584.23,,582717.34
2026-06-13 18:00:00,1295175.44,,582509.78
2026-06-13 19:00:00,1288320.27,,574291.57
2026-06-13 20:00:00,1292611.04,,569365.36
2026-06-13 21:00:00,1282770.71,,564866.22
2026-06-13 22:00:00,1291219.77,,567313.42
2026-06-13 23:00:00,1275868.64,,561789.72
2026-06-14 00:00:00,1273940.36,,557224.77
2026-06-14 01:00:00,1273892.95,,542770.98
2026-06-14 02:00:00,1275885.47,,539116.25
2026-06-14 03:00:00,1275074.71,,534796.51
2026-06-14 04:00:00,1278410.56,,536918.26
2026-06-14 05:00:00,1266856.65,,523144.74
2026-06-14 06:00:00,1260782.33,,544347.21
2026-06-14 07:00:00,1263869.09,,549036.48
2026-06-14 08:00:00,1257034.77,,558281.51
2026-06-14 09:00:00,1261158.30,,566505.37
2026-06-14 10:00:00,1265334.47,,572935.39
2026-06-14 11:00:00,1260047.13,,574987.57
2026-06-14 12:00:00,1261916.68,,586605.89
2026-06-14 13:00:00,1245708.42,,568429.04
2026-06-14 14:00:00,1246541.36,,574497.55
2026-06-14 15:00:00,1233114.63,,573163.11
2026-06-14 16:00:00,1238802.57,,574732.12
2026-06-14 17:00:00,1252230.02,,566157.35
2026-06-14 18:00:00,1248817.60,,565197.96
2026-06-14 19:00:00,1252947.86,,566966.03
2026-06-14 20:00:00,1261507.47,,547817.90
2026-06-14 21:00:00,1267583.00,,541752.19
2026-06-14 22:00:00,1311552.75,,526888.05
2026-06-14 23:00:00,1310117.06,,527523.82
2026-06-15 00:00:00,1315970.12,,532854.61
2026-06-15 01:00:00,1322666.98,,540902.01
2026-06-15 02:00:00,1314808.12,,547974.15
2026-06-15 03:00:00,1313155.73,,555042.33
2026-06-15 04:00:00,1316363.19,,557675.09
2026-06-15 05:00:00,1309528.73,,556519.52
2026-06-15 06:00:00,1313570.24,,551075.36
2026-06-15 07:00:00,1306616.46,,549589.91
2026-06-15 08:00:00,1305463.59,,544412.58
2026-06-15 09:00:00,1297391.65,,543766.86
2026-06-15 10:00:00,1300541.48,,540863.43
2026-06-15 11:00:00,1307078.60,,544010.15
2026-06-15 12:00:00,1311789.73,,552622.39
2026-06-15 13:00:00,1319689.02,,549980.38
2026-06-15 14:00:00,1330798.74,,557578.40
2026-06-15 15:00:00,1313468.19,,552256.84
2026-06-15 16:00:00,1320450.92,,549677.84
2026-06-15 17:00:00,1310376.84,,551057.33
2026-06-15 18:00:00,1304369.80,,540185.16
2026-06-15 19:00:00,1291285.84,,534289.68
2026-06-15 20:00:00,1283123.45,,519121.07
2026-06-15 21:00:00,1273804.66,,519108.03
2026-06-15 22:00:00,1276866.47,,519500.81
2026-06-15 23:00:00,1277031.90,,516784.29
2026-06-16 00:00:00,1288610.73,,528193.22
2026-06-16 01:00:00,1282674.48,,526002.12
2026-06-16 02:00:00,1290589.61,,526975.09
2026-06-16 03:00:00,1278985.99,,532580.31
2026-06-16 04:00:00,1301697.12,,543606.28
2026-06-16 05:00:00,1293684.36,,539628.97
2026-06-16 06:00:00,1308400.88,,544731.78
2026-06-16 07:00:00,1317574.88,,547255.95
2026-06-16 08:00:00,1319317.14,,553187.41
2026-06-16 09:00:00,1343269.20,,540749.81
2026-06-16 10:00:00,1330267.68,,548851.75
2026-06-16 11:00:00,1329436.15,,542363.36
2026-06-16 12:00:00,1330326.93,,539988.24
2026-06-16 13:00:00,1334054.18,,540578.39
2026-06-16 14:00:00,1303086.87,,520410.15
2026-06-16 15:00:00,1290962.54,,515698.05
2026-06-16 16:00:00,1302458.84,,524899.93
2026-06-16 17:00:00,1296871.94,,519600.41
2026-06-16 18:00:00,1309552.76,,522668.42
2026-06-16 19:00:00,1308765.56,,529386.82
2026-06-16 20:00:00,1298332.92,,524595.96
2026-06-16 21:00:00,1304126.53,,532554.31
2026-06-16 22:00:00,1287878.24,,529032.63
2026-06-16 23:00:00,1283963.86,,526588.38
2026-06-17 00:00:00,1279158.70,,523668.81
2026-06-17 01:00:00,1269838.61,,527879.07
2026-06-17 02:00:00,1276590.87,,535626.05
2026-06-17 03:00:00,1259953.27,,530760.99
2026-06-17 04:00:00,1241481.86,,525993.58
2026-06-17 05:00:00,1222312.05,,525162.27
2026-06-17 06:00:00,1219419.70,,522650.97
2026-06-17 07:00:00,1213843.07,,520657.12
2026-06-17 08:00:00,1214437.18,,518234.46
2026-06-17 09:00:00,1193861.60,,506022.07
2026-06-17 10:00:00,1197956.59,,505648.05
2026-06-17 11:00:00,1192534.82,,505712.83
2026-06-17 12:00:00,1187409.93,,513755.73
2026-06-17 13:00:00,1200864.62,,516999.28
2026-06-17 14:00:00,1196221.38,,506871.39
2026-06-17 15:00:00,1199196.88,,499570.88
2026-06-17 16:00:00,1232152.55,,510674.02
2026-06-17 17:00:00,1221649.85,,525090.58
2026-06-17 18:00:00,1222725.78,,529273.87
2026-06-17 19:00:00,1226792.84,,514544.31
2026-06-17 20:00:00,1182805.69,,496829.82
2026-06-17 21:00:00,1200294.41,,511049.35
2026-06-17 22:00:00,1192902.90,,501576.64
2026-06-17 23:00:00,1193929.54,,497619.01
2026-06-18 00:00:00,1208048.60,,501748.55
2026-06-18 01:00:00,1238501.25,,524879.10
2026-06-18 02:00:00,1235461.72,,524242.07
2026-06-18 03:00:00,1225706.47,,529205.39
2026-06-18 04:00:00,1214008.05,,553213.49
2026-06-18 05:00:00,1201336.52,,599385.57
2026-06-18 06:00:00,1213504.77,,613712.78
2026-06-18 07:00:00,1211588.78,,608885.33
2026-06-18 08:00:00,1226324.10,,602845.18
2026-06-18 09:00:00,1224907.64,,596001.61
2026-06-18 10:00:00,1219230.86,,591369.77
2026-06-18 11:00:00,1215860.80,,592179.77
2026-06-18 12:00:00,1201424.05,,584188.55
2026-06-18 13:00:00,1204124.96,,572448.90
2026-06-18 14:00:00,1181652.38,,553471.39
2026-06-18 15:00:00,1185594.72,,540289.04
2026-06-18 16:00:00,1114588.52,,496153.82
2026-06-18 17:00:00,1131356.73,,487868.51
2026-06-18 18:00:00,1124808.89,,470016.44
2026-06-18 19:00:00,1138160.27,,475083.63
2026-06-18 20:00:00,1154580.47,,476974.35
2026-06-18 21:00:00,1158329.99,,478185.81
2026-06-18 22:00:00,1151943.03,,470754.76
2026-06-18 23:00:00,1149451.30,,476969.32
2026-06-19 00:00:00,1160323.35,,481740.67
2026-06-19 01:00:00,1184569.91,,493249.59
2026-06-19 02:00:00,1188690.07,,495662.09
2026-06-19 03:00:00,1188065.20,,492821.45
2026-06-19 04:00:00,1172457.31,,487758.42
2026-06-19 05:00:00,1164464.23,,494523.99
2026-06-19 06:00:00,1175934.19,,506876.65
2026-06-19 07:00:00,1186736.78,,509025.73
2026-06-19 08:00:00,1201198.55,,505324.38
2026-06-19 09:00:00,1224610.62,,511066.74
2026-06-19 10:00:00,1209233.40,,513657.13
2026-06-19 11:00:00,1226345.66,,511319.98
2026-06-19 12:00:00,1210506.42,,500923.94
2026-06-19 13:00:00,1203225.90,,494807.05
2026-06-19 14:00:00,1212246.96,,501544.82
2026-06-19 15:00:00,1214429.09,,491837.59
2026-06-19 16:00:00,1211128.16,,487951.93
2026-06-19 17:00:00,1216432.91,,484382.99
2026-06-19 18:00:00,1219813.89,,478204.62
2026-06-19 19:00:00,1216700.57,,473481.71
2026-06-19 20:00:00,1218210.92,,474293.39
2026-06-19 21:00:00,1226716.06,,470195.58
2026-06-19 22:00:00,1212530.95,,464514.09
2026-06-19 23:00:00,1215040.38,,464114.68
2026-06-20 00:00:00,1222542.89,,465994.43
2026-06-20 01:00:00,1240049.11,,517053.46
2026-06-20 02:00:00,1251015.31,,520615.84
2026-06-20 03:00:00,1260709.94,,510986.92
2026-06-20 04:00:00,1252550.10,,500313.19
2026-06-20 05:00:00,1274552.97,,507635.39
2026-06-20 06:00:00,1411644.59,,564180.76
2026-06-20 07:00:00,1694011.93,,732899.50
2026-06-20 08:00:00,1795483.86,,755549.04
2026-06-20 09:00:00,1764298.88,,766882.40
2026-06-20 10:00:00,1701006.46,,742382.60
2026-06-20 11:00:00,1598927.86,,750889.85
2026-06-20 12:00:00,1547906.82,,686150.42
2026-06-20 13:00:00,1493118.30,,623267.51
2026-06-20 14:00:00,1481626.91,,622160.25
2026-06-20 15:00:00,1474212.49,,601024.40
2026-06-20 16:00:00,1479625.42,,607381.12
2026-06-20 17:00:00,1504888.78,,593564.04
2026-06-20 18:00:00,1512340.98,,597222.40
2026-06-20 19:00:00,1499609.38,,589335.09
2026-06-20 20:00:00,1482821.39,,581737.36
2026-06-20 21:00:00,1470990.20,,566623.40
2026-06-20 22:00:00,1502671.30,,560240.29
2026-06-20 23:00:00,1522990.85,,560905.96
2026-06-21 00:00:00,1515961.55,,562185.04
2026-06-21 01:00:00,1490339.44,,534728.63
2026-06-21 02:00:00,1506014.06,,525134.99
2026-06-21 03:00:00,1591761.25,,581525.75
2026-06-21 04:00:00,1501507.72,,515929.84
2026-06-21 05:00:00,1477285.66,,487744.97
2026-06-21 06:00:00,1452357.00,,478348.39
2026-06-21 07:00:00,1425292.70,,468777.63
2026-06-21 08:00:00,1401076.91,,462211.01
2026-06-21 09:00:00,1380971.34,,454869.09
2026-06-21 10:00:00,1370789.23,,451612.87
2026-06-21 11:00:00,1363938.69,,451477.25
2026-06-21 12:00:00,1357505.68,,450484.03
2026-06-21 13:00:00,1374867.82,,457724.76
2026-06-21 14:00:00,1377580.69,,451720.39
2026-06-21 15:00:00,1374579.96,,448663.85
2026-06-21 16:00:00,1383652.05,,444758.74
2026-06-21 17:00:00,1377162.56,,446547.23
2026-06-21 18:00:00,1378577.79,,449009.53
2026-06-21 19:00:00,1392163.61,,459615.08
2026-06-21 20:00:00,1385681.31,,459417.23
2026-06-21 21:00:00,1370512.95,,458820.80
2026-06-21 22:00:00,1385690.09,,441476.09
2026-06-21 23:00:00,1391576.68,,442516.20
2026-06-22 00:00:00,1371138.55,,434266.23
2026-06-22 01:00:00,1377372.74,,448897.05
2026-06-22 02:00:00,1371072.20,,456500.31
2026-06-22 03:00:00,1354597.27,,452649.49
2026-06-22 04:00:00,1368785.75,,445937.57
2026-06-22 05:00:00,1349569.77,,442388.76
2026-06-22 06:00:00,1373021.35,,443330.96
2026-06-22 07:00:00,1365839.47,,451775.76
2026-06-22 08:00:00,1370967.12,,448768.84
2026-06-22 09:00:00,1408582.03,,428826.19
2026-06-22 10:00:00,1408869.85,,420128.99
2026-06-22 11:00:00,1405157.13,,432217.11
2026-06-22 12:00:00,1404065.72,,439830.89
2026-06-22 13:00:00,1399631.34,,436839.78
2026-06-22 14:00:00,1414890.89,,478445.12
2026-06-22 15:00:00,1415864.79,,447811.12
2026-06-22 16:00:00,1405287.26,,446404.03
2026-06-22 17:00:00,1395834.00,,447457.29
2026-06-22 18:00:00,1382356.34,,413605.94
2026-06-22 19:00:00,1359704.14,,413522.21
2026-06-22 20:00:00,1364967.42,,407215.42
2026-06-22 21:00:00,1363395.71,,405880.38
2026-06-22 22:00:00,1361654.53,,410793.62
2026-06-22 23:00:00,1314752.17,,407625.73
2026-06-23 00:00:00,1319299.65,,405908.92
2026-06-23 01:00:00,1328651.24,,411882.35
2026-06-23 02:00:00,1329073.68,,417085.49
2026-06-23 03:00:00,1340302.83,,416347.50
2026-06-23 04:00:00,1331343.50,,412480.69
2026-06-23 05:00:00,1327185.22,,412127.52
2026-06-23 06:00:00,1328321.24,,412853.13
2026-06-23 07:00:00,1282275.88,,410766.52
2026-06-23 08:00:00,1278689.70,,409024.13
2026-06-23 09:00:00,1264452.29,,408371.65
2026-06-23 10:00:00,1264507.08,,402217.99
2026-06-23 11:00:00,1267965.93,,398511.29
2026-06-23 12:00:00,1271068.36,,398021.81
2026-06-23 13:00:00,1311929.42,,404678.02
2026-06-23 14:00:00,1298794.05,,408161.08
2026-06-23 15:00:00,1280591.83,,401286.46
2026-06-23 16:00:00,1282618.48,,400858.73
2026-06-23 17:00:00,1263606.41,,399169.78
2026-06-23 18:00:00,1251889.11,,394447.41
2026-06-23 19:00:00,1258981.87,,400933.40
2026-06-23 20:00:00,1255700.94,,399908.50
2026-06-23 21:00:00,1258592.29,,403213.66
2026-06-23 22:00:00,1259026.67,,404314.06
2026-06-23 23:00:00,1264089.94,,403904.71
2026-06-24 00:00:00,1256355.34,,403061.08
2026-06-24 01:00:00,1262552.45,,410406.81
2026-06-24 02:00:00,1244492.86,,413436.69
2026-06-24 03:00:00,1241061.56,,412456.11
2026-06-24 04:00:00,1237424.90,,405698.79
2026-06-24 05:00:00,1251478.36,,412691.23
2026-06-24 06:00:00,1246787.11,,404539.00
2026-06-24 07:00:00,1248284.04,,401587.59
2026-06-24 08:00:00,1409080.07,,465779.38
2026-06-24 09:00:00,1359346.76,,456960.02
2026-06-24 10:00:00,1326673.93,,422406.16
2026-06-24 11:00:00,1286179.90,,405432.56
2026-06-24 12:00:00,1285671.81,,408328.25
2026-06-24 13:00:00,1280156.74,,409817.91
2026-06-24 14:00:00,1241732.19,,392167.36
2026-06-24 15:00:00,1229941.47,,393161.27
2026-06-24 16:00:00,1193563.68,,381466.53
2026-06-24 17:00:00,1083588.74,,384290.99
2026-06-24 18:00:00,1053699.49,,371998.48
2026-06-24 19:00:00,1065952.72,,373195.20
2026-06-24 20:00:00,1076473.10,,366205.64
2026-06-24 21:00:00,1090165.98,,364551.26
2026-06-24 22:00:00,1094265.64,,360453.53
2026-06-24 23:00:00,1097894.17,,356595.39
2026-06-25 00:00:00,1095304.55,,356337.91
2026-06-25 01:00:00,1100339.85,,358985.74
2026-06-25 02:00:00,1101209.22,,357085.67
2026-06-25 03:00:00,1104742.46,,355997.19
2026-06-25 04:00:00,1098404.12,,352457.70
2026-06-25 05:00:00,1107596.30,,357443.94
2026-06-25 06:00:00,1101218.28,,358948.12
2026-06-25 07:00:00,1094862.47,,359686.30
2026-06-25 08:00:00,1096211.55,,353719.98
2026-06-25 09:00:00,1089166.28,,354450.88
2026-06-25 10:00:00,1263296.47,,372700.14
2026-06-25 11:00:00,1334847.03,,363565.90
2026-06-25 12:00:00,1342053.67,,355285.68
2026-06-25 13:00:00,1334233.56,,352124.83
2026-06-25 14:00:00,1232022.55,,323988.94
2026-06-25 15:00:00,1276217.43,,346540.96
2026-06-25 16:00:00,1284583.58,,342389.71
2026-06-25 17:00:00,1284392.72,,336450.81
2026-06-25 18:00:00,1309757.31,,340556.72
2026-06-25 19:00:00,1289760.43,,338216.09
2026-06-25 20:00:00,1281910.12,,336022.28
2026-06-25 21:00:00,1285500.17,,340903.88
2026-06-25 22:00:00,1305266.34,,346168.52
2026-06-25 23:00:00,1296099.30,,349870.60
2026-06-26 00:00:00,1300376.71,,351453.91
2026-06-26 01:00:00,1305217.85,,358797.47
2026-06-26 02:00:00,1293329.27,,359959.13
2026-06-26 03:00:00,1263878.24,,349712.38
2026-06-26 04:00:00,1294765.40,,362080.16
2026-06-26 05:00:00,1280077.33,,352582.64
2026-06-26 06:00:00,1279166.65,,353958.65
2026-06-26 07:00:00,1298074.50,,356282.67
2026-06-26 08:00:00,1298011.97,,360752.51
2026-06-26 09:00:00,1291116.93,,358010.53
2026-06-26 10:00:00,1279139.71,,354110.10
2026-06-26 11:00:00,1267895.54,,349264.82
2026-06-26 12:00:00,1259830.31,,352954.76
2026-06-26 13:00:00,1245345.84,,350183.52
2026-06-26 14:00:00,1263493.92,,359961.44
2026-06-26 15:00:00,1231024.00,,354464.28
2026-06-26 16:00:00,1265568.23,,360111.47
2026-06-26 17:00:00,1246590.37,,376608.83
2026-06-26 18:00:00,1220194.22,,373448.20
2026-06-26 19:00:00,1180854.66,,372103.05
2026-06-26 20:00:00,1140072.60,,369342.22
2026-06-26 21:00:00,1117475.22,,375292.68
2026-06-26 22:00:00,1105881.16,,375567.13
2026-06-26 23:00:00,1107208.47,,376437.54
2026-06-27 00:00:00,1098932.79,,374140.24
2026-06-27 01:00:00,1133402.28,,396978.55
2026-06-27 02:00:00,1116731.75,,406541.17
2026-06-27 03:00:00,1126234.48,,402392.56
2026-06-27 04:00:00,1116405.31,,403146.25
2026-06-27 05:00:00,1103722.49,,398276.53
2026-06-27 06:00:00,1102425.83,,401958.97
2026-06-27 07:00:00,1107627.19,,400413.35
2026-06-27 08:00:00,1100529.42,,391871.70
2026-06-27 09:00:00,1092639.38,,372338.67
2026-06-27 10:00:00,1096158.03,,371567.14
2026-06-27 11:00:00,1104215.50,,370242.84
2026-06-27 12:00:00,1108242.19,,374644.82
2026-06-27 13:00:00,1106529.43,,374824.08
2026-06-27 14:00:00,1111760.98,,378908.45
2026-06-27 15:00:00,1108544.88,,376270.04
2026-06-27 16:00:00,1107592.00,,377752.89
2026-06-27 17:00:00,1092004.66,,372203.50
2026-06-27 18:00:00,1064184.22,,361000.34
2026-06-27 19:00:00,1057216.29,,362598.67
2026-06-27 20:00:00,1052921.05,,362009.44
2026-06-27 21:00:00,1054693.61,,361881.05
2026-06-27 22:00:00,1047469.90,,352825.50
2026-06-27 23:00:00,1050266.15,,353548.30
2026-06-28 00:00:00,1045709.88,,351875.42
2026-06-28 01:00:00,1069229.18,,364452.46
2026-06-28 02:00:00,1069808.76,,367051.93
2026-06-28 03:00:00,1066299.94,,361666.34
2026-06-28 04:00:00,1070221.16,,361736.10
2026-06-28 05:00:00,1065541.27,,367016.56
2026-06-28 06:00:00,1060488.96,,359602.24
2026-06-28 07:00:00,1057730.17,,358604.05
2026-06-28 08:00:00,1058778.45,,357415.07
2026-06-28 09:00:00,1062923.41,,355860.70
2026-06-28 10:00:00,1061760.40,,353314.11
2026-06-28 11:00:00,1067925.91,,360308.79
2026-06-28 12:00:00,1079318.26,,370634.97
2026-06-28 13:00:00,1071257.44,,365550.82
2026-06-28 14:00:00,1063834.87,,363662.00
2026-06-28 15:00:00,1073009.26,,368409.32
2026-06-28 16:00:00,1165646.65,,459780.87
2026-06-28 17:00:00,1350935.18,,447661.41
2026-06-28 18:00:00,1365551.87,,432966.94
2026-06-28 19:00:00,1366205.90,,423480.67
2026-06-28 20:00:00,1359773.59,,420647.23
2026-06-28 21:00:00,1349292.10,,423006.07
2026-06-28 22:00:00,1334902.56,,407975.95
2026-06-28 23:00:00,1321053.29,,402878.12
2026-06-29 00:00:00,1329787.51,,406337.10
2026-06-29 01:00:00,1347492.18,,412921.30
2026-06-29 02:00:00,1346476.18,,415262.19
2026-06-29 03:00:00,1374945.97,,436448.17
2026-06-29 04:00:00,1426733.78,,453463.80
2026-06-29 05:00:00,1447902.11,,448821.98
2026-06-29 06:00:00,1467483.26,,446547.14
2026-06-29 07:00:00,1508610.93,,438515.06
2026-06-29 08:00:00,1663492.42,,515063.86
2026-06-29 09:00:00,1917645.57,,639583.24
2026-06-29 10:00:00,1890049.57,,633868.93
2026-06-29 11:00:00,1761287.60,,619651.90
2026-06-29 12:00:00,1718629.87,,586382.25
2026-06-29 13:00:00,1695736.26,,586778.94
2026-06-29 14:00:00,1705250.71,,582802.50
2026-06-29 15:00:00,1775010.84,,590650.21
2026-06-29 16:00:00,1813997.67,,576060.32
2026-06-29 17:00:00,1789763.37,,556907.33
2026-06-29 18:00:00,1843477.33,,563354.84
2026-06-29 19:00:00,1814934.47,,561707.36
2026-06-29 20:00:00,1675004.38,,576914.48
2026-06-29 21:00:00,1522073.00,,560194.42
2026-06-29 22:00:00,1504073.16,,530822.88
2026-06-29 23:00:00,1492597.87,,510550.07
2026-06-30 00:00:00,1491488.36,,514459.84
2026-06-30 01:00:00,1450300.08,,503411.05
2026-06-30 02:00:00,1428403.84,,503926.66
2026-06-30 03:00:00,1419583.42,,512820.87
2026-06-30 04:00:00,1396997.76,,493665.37
2026-06-30 05:00:00,1381837.04,,459535.34
2026-06-30 06:00:00,1413724.26,,462602.30
2026-06-30 07:00:00,1400784.45,,456180.34
2026-06-30 08:00:00,1372746.37,,444860.57
2026-06-30 09:00:00,1359536.31,,439541.83
2026-06-30 10:00:00,1379332.50,,442719.28
2026-06-30 11:00:00,1373336.65,,436036.33
2026-06-30 12:00:00,1331926.54,,435238.18
2026-06-30 13:00:00,1308881.44,,430623.08
2026-06-30 14:00:00,1326100.36,,431559.00
2026-06-30 15:00:00,1323053.23,,427620.73
2026-06-30 16:00:00,1338694.29,,431153.92
2026-06-30 17:00:00,1337993.50,,431906.60
2026-06-30 18:00:00,1327474.14,,426019.99
2026-06-30 19:00:00,1318854.68,,428050.17
2026-06-30 20:00:00,1307407.74,,429979.39
2026-06-30 21:00:00,1303708.75,,427151.10
2026-06-30 22:00:00,1307652.77,,421903.95
2026-06-30 23:00:00,1307467.58,,414692.58
2026-07-01 00:00:00,1314290.45,,410477.91
2026-07-01 01:00:00,1323590.30,,410878.01
2026-07-01 02:00:00,1319149.92,,411145.69
2026-07-01 03:00:00,1319802.63,,415004.41
2026-07-01 04:00:00,1341714.45,,420996.95
2026-07-01 05:00:00,1377297.61,,455649.77
2026-07-01 06:00:00,1401170.43,,440651.27
2026-07-01 07:00:00,1392708.78,,443698.64
2026-07-01 08:00:00,1407132.07,,443683.42
2026-07-01 09:00:00,1401323.28,,429993.70
2026-07-01 10:00:00,1410266.59,,430125.06
2026-07-01 11:00:00,1407749.08,,436488.95
2026-07-01 12:00:00,1417472.16,,435767.18
2026-07-01 13:00:00,1407396.20,,422330.15
2026-07-01 14:00:00,1432207.45,,429613.36
2026-07-01 15:00:00,1434872.78,,432902.88
2026-07-01 16:00:00,1442484.08,,436048.89
2026-07-01 17:00:00,1433589.47,,425537.01
2026-07-01 18:00:00,1429247.06,,422929.78
2026-07-01 19:00:00,1413865.07,,420146.18
2026-07-01 20:00:00,1397328.23,,417868.52
2026-07-01 21:00:00,1402728.22,,419512.00
2026-07-01 22:00:00,1414751.17,,421571.32
2026-07-01 23:00:00,1427868.74,,436008.88
2026-07-02 00:00:00,1399806.16,,434092.91
2026-07-02 01:00:00,1394519.45,,430356.67
2026-07-02 02:00:00,1403950.95,,435220.74
2026-07-02 03:00:00,1406301.42,,432337.01
2026-07-02 04:00:00,1400067.66,,433290.14
2026-07-02 05:00:00,1383327.00,,431233.44
2026-07-02 06:00:00,1339550.04,,423675.94
2026-07-02 07:00:00,1343848.82,,420699.87
2026-07-02 08:00:00,1337210.58,,426757.43
2026-07-02 09:00:00,1356761.14,,425669.42
2026-07-02 10:00:00,1365848.36,,433897.67
2026-07-02 11:00:00,1357550.34,,427527.47
2026-07-02 12:00:00,1341144.98,,423948.59
2026-07-02 13:00:00,1320431.61,,427746.47
2026-07-02 14:00:00,1319044.06,,425522.98
2026-07-02 15:00:00,1287948.53,,423712.55
2026-07-02 16:00:00,1273779.47,,419651.91
2026-07-02 17:00:00,1259354.43,,418912.67
2026-07-02 18:00:00,1266923.00,,423967.45
2026-07-02 19:00:00,1265869.32,,425001.18
2026-07-02 20:00:00,1259259.00,,425619.03
2026-07-02 21:00:00,1257951.88,,426686.39
2026-07-02 22:00:00,1257765.08,,425050.17
2026-07-02 23:00:00,1259404.78,,425312.75
2026-07-03 00:00:00,1267798.73,,425613.98
2026-07-03 01:00:00,1265033.78,,423593.62
2026-07-03 02:00:00,1263619.81,,429195.82
2026-07-03 03:00:00,1266938.28,,429122.29
2026-07-03 04:00:00,1254533.91,,428380.76
2026-07-03 05:00:00,1257314.38,,428898.27
2026-07-03 06:00:00,1270396.48,,429129.83
2026-07-03 07:00:00,1265949.02,,429287.03
2026-07-03 08:00:00,1264287.06,,433906.97
2026-07-03 09:00:00,1254213.37,,432002.41
2026-07-03 10:00:00,1247133.93,,436245.13
2026-07-03 11:00:00,1254851.55,,436430.85
2026-07-03 12:00:00,1233585.96,,432959.81
2026-07-03 13:00:00,1246108.47,,436250.69
2026-07-03 14:00:00,1246772.02,,438116.23
2026-07-03 15:00:00,1237547.77,,438828.83
2026-07-03 16:00:00,1246137.11,,445966.21
2026-07-03 17:00:00,1252666.78,,448423.37
2026-07-03 18:00:00,1247411.36,,447895.13
2026-07-03 19:00:00,1246117.26,,447303.11
2026-07-03 20:00:00,1247077.98,,447472.46
2026-07-03 21:00:00,1252812.79,,452117.40
2026-07-03 22:00:00,1258144.85,,453526.58
2026-07-03 23:00:00,1267136.12,,449024.24
2026-07-04 00:00:00,1262266.21,,448500.55
2026-07-04 01:00:00,1308094.78,,514838.64
2026-07-04 02:00:00,1296902.26,,498295.84
2026-07-04 03:00:00,1296808.19,,500561.08
2026-07-04 04:00:00,1300599.34,,501550.65
2026-07-04 05:00:00,1296996.54,,504519.88
2026-07-04 06:00:00,1269759.25,,501449.06
2026-07-04 07:00:00,1265478.11,,494664.55
2026-07-04 08:00:00,1260900.75,,498723.98
2026-07-04 09:00:00,1249796.06,,492534.96
2026-07-04 10:00:00,1236726.38,,486711.94
2026-07-04 11:00:00,1228256.68,,478948.14
2026-07-04 12:00:00,1233813.96,,483697.91
2026-07-04 13:00:00,1239087.91,,465903.94
2026-07-04 14:00:00,1236097.90,,444772.02
2026-07-04 15:00:00,1247167.12,,439922.96
2026-07-04 16:00:00,1264590.25,,442668.93
2026-07-04 17:00:00,1258584.21,,441432.96
2026-07-04 18:00:00,1270164.25,,441264.61
2026-07-04 19:00:00,1276190.20,,440805.94
2026-07-04 20:00:00,1270575.85,,437081.21
2026-07-04 21:00:00,1272186.25,,436508.99
2026-07-04 22:00:00,1271071.21,,433091.32
2026-07-04 23:00:00,1270043.89,,435920.93
2026-07-05 00:00:00,1270336.23,,433782.70
2026-07-05 01:00:00,1271893.31,,435269.86
2026-07-05 02:00:00,1252573.00,,431246.95
2026-07-05 03:00:00,1222330.62,,419162.39
2026-07-05 04:00:00,1221405.54,,415865.84
2026-07-05 05:00:00,1222321.32,,414807.64
2026-07-05 06:00:00,1215686.02,,412508.22
2026-07-05 07:00:00,1219361.56,,414828.86
2026-07-05 08:00:00,1223939.63,,416610.31
2026-07-05 09:00:00,1227499.39,,415498.60
2026-07-05 10:00:00,1213324.83,,415422.95
2026-07-05 11:00:00,1212146.06,,414652.50
2026-07-05 12:00:00,1205524.41,,413736.63
2026-07-05 13:00:00,1202074.42,,416188.89
2026-07-05 14:00:00,1206532.05,,416232.59
2026-07-05 15:00:00,1210144.95,,417474.49
2026-07-05 16:00:00,1216230.17,,426442.95
2026-07-05 17:00:00,1214443.63,,423934.68
2026-07-05 18:00:00,1211529.23,,421300.12
2026-07-05 19:00:00,1211182.24,,417440.87
2026-07-05 20:00:00,1203023.29,,412211.98
2026-07-05 21:00:00,1201878.87,,411793.42
2026-07-05 22:00:00,1207167.87,,416769.34
2026-07-05 23:00:00,1208119.61,,416232.86
2026-07-06 00:00:00,1203312.49,,412174.39
2026-07-06 01:00:00,1225445.74,,422211.70
2026-07-06 02:00:00,1209802.27,,417251.93
2026-07-06 03:00:00,1205273.56,,413540.72
2026-07-06 04:00:00,1203004.16,,411995.42
2026-07-06 05:00:00,1201768.12,,410166.87
2026-07-06 06:00:00,1195741.28,,405510.98
2026-07-06 07:00:00,1198873.55,,403913.35
2026-07-06 08:00:00,1201032.10,,405980.29
2026-07-06 09:00:00,1194423.68,,403621.30
2026-07-06 10:00:00,1192168.78,,402894.90
2026-07-06 11:00:00,1198932.13,,404901.31
2026-07-06 12:00:00,1187756.07,,399447.06
2026-07-06 13:00:00,1155972.28,,383104.72
2026-07-06 14:00:00,1169847.35,,388703.02
2026-07-06 15:00:00,1190750.05,,391281.49
2026-07-06 16:00:00,1204710.47,,416474.03
2026-07-06 17:00:00,1222971.13,,433492.78
2026-07-06 18:00:00,1273716.86,,441893.09
2026-07-06 19:00:00,1300709.28,,433284.89
2026-07-06 20:00:00,1247487.15,,419746.43
2026-07-06 21:00:00,1236170.85,,417413.20
2026-07-06 22:00:00,1249156.15,,463533.78
2026-07-06 23:00:00,1247380.75,,456952.37
2026-07-07 00:00:00,1285696.28,,470502.65
2026-07-07 01:00:00,1305374.74,,480003.96
2026-07-07 02:00:00,1255642.81,,465762.36
2026-07-07 03:00:00,1230438.70,,463537.93
2026-07-07 04:00:00,1217254.76,,463486.88
2026-07-07 05:00:00,1194693.36,,470257.36
2026-07-07 06:00:00,1194133.24,,461009.02
2026-07-07 07:00:00,1195516.69,,461601.85
2026-07-07 08:00:00,1181049.86,,449996.78
2026-07-07 09:00:00,1164499.96,,439536.71
2026-07-07 10:00:00,1170919.68,,438085.29
2026-07-07 11:00:00,1167276.73,,433334.20
2026-07-07 12:00:00,1175179.51,,435642.46
2026-07-07 13:00:00,1164366.56,,439157.81
2026-07-07 14:00:00,1157979.16,,416746.00
2026-07-07 15:00:00,1162888.91,,415648.80
2026-07-07 16:00:00,1174857.52,,418360.91
2026-07-07 17:00:00,1176171.41,,419089.69
2026-07-07 18:00:00,1170934.23,,409832.27
2026-07-07 19:00:00,1146262.40,,398188.70
2026-07-07 20:00:00,1130725.08,,391059.37
2026-07-07 21:00:00,1128165.31,,386530.07
2026-07-07 22:00:00,1114181.61,,379372.69
2026-07-07 23:00:00,1105314.79,,374925.43
2026-07-08 00:00:00,1101428.79,,372797.84
2026-07-08 01:00:00,1107961.18,,378519.14
2026-07-08 02:00:00,1068172.50,,364173.73
2026-07-08 03:00:00,1064261.14,,363201.63
2026-07-08 04:00:00,1063715.38,,362124.82
2026-07-08 05:00:00,1063272.26,,362474.15
2026-07-08 06:00:00,1065629.27,,361600.18
2026-07-08 07:00:00,1066532.84,,364664.80
2026-07-08 08:00:00,1065575.76,,365539.91
2026-07-08 09:00:00,1050131.60,,359962.43
2026-07-08 10:00:00,1051402.82,,358139.29
2026-07-08 11:00:00,1053147.34,,361254.47
2026-07-08 12:00:00,1067842.27,,363972.52
2026-07-08 13:00:00,1066328.97,,365583.40
2026-07-08 14:00:00,1071568.85,,366264.28
2026-07-08 15:00:00,1069294.67,,368456.83
2026-07-08 16:00:00,1068457.70,,367169.00
2026-07-08 17:00:00,1084125.94,,369699.47
2026-07-08 18:00:00,1080165.98,,368039.42
2026-07-08 19:00:00,1076469.51,,368007.62
2026-07-08 20:00:00,1072355.23,,366800.80
2026-07-08 21:00:00,1068006.75,,366254.05
2026-07-08 22:00:00,1073146.91,,367214.62
2026-07-08 23:00:00,1079854.09,,368892.73
2026-07-09 00:00:00,1084619.25,,369674.10
2026-07-09 01:00:00,1089338.49,,370877.94
2026-07-09 02:00:00,1085523.93,,373025.00
2026-07-09 03:00:00,1084618.08,,369662.19
2026-07-09 04:00:00,1085471.93,,371530.93
2026-07-09 05:00:00,1095331.32,,374159.02
2026-07-09 06:00:00,1110264.28,,379658.61
2026-07-09 07:00:00,1113007.58,,381816.27
2026-07-09 08:00:00,1104775.60,,381356.03
2026-07-09 09:00:00,1101411.83,,380554.28
2026-07-09 10:00:00,1102991.22,,378185.61
2026-07-09 11:00:00,1101203.41,,376210.65
2026-07-09 12:00:00,1103851.79,,386220.55
2026-07-09 13:00:00,1095562.24,,385180.22
2026-07-09 14:00:00,1097992.83,,387851.34
2026-07-09 15:00:00,1092820.04,,383086.19
2026-07-09 16:00:00,1088820.37,,380737.68
2026-07-09 17:00:00,1078494.96,,377719.57
2026-07-09 18:00:00,1091812.98,,384215.76
2026-07-09 19:00:00,1085480.81,,387123.21
2026-07-09 20:00:00,1082948.95,,386503.76
2026-07-09 21:00:00,1085400.50,,386823.84
2026-07-09 22:00:00,1083102.83,,384083.36
2026-07-09 23:00:00,1085731.38,,390336.26
2026-07-10 00:00:00,1084821.02,,392361.62
2026-07-10 01:00:00,1086110.59,,393829.79
2026-07-10 02:00:00,1087202.30,,395360.57
2026-07-10 03:00:00,1096938.94,,390742.03
2026-07-10 04:00:00,1095565.91,,389359.65
2026-07-10 05:00:00,1095673.77,,391022.64
2026-07-10 06:00:00,1093902.61,,391687.79
2026-07-10 07:00:00,1097498.27,,395374.60
2026-07-10 08:00:00,1099311.49,,400065.79
2026-07-10 09:00:00,1097495.34,,396801.50
2026-07-10 10:00:00,1092712.66,,395770.65
2026-07-10 11:00:00,1091192.77,,395003.59
2026-07-10 12:00:00,1089138.17,,394853.78
2026-07-10 13:00:00,1090810.36,,394129.18
2026-07-10 14:00:00,1117126.58,,390308.00
2026-07-10 15:00:00,1128589.33,,402070.63
2026-07-10 16:00:00,1167743.98,,456857.25
2026-07-10 17:00:00,1171730.54,,461238.04
2026-07-10 18:00:00,1171199.11,,462895.21
2026-07-10 19:00:00,1170451.30,,465588.40
2026-07-10 20:00:00,1161607.43,,459381.55
2026-07-10 21:00:00,1150317.15,,453761.05
2026-07-10 22:00:00,1154412.74,,455006.23
2026-07-10 23:00:00,1160058.70,,453900.46
2026-07-11 00:00:00,1165914.24,,449792.26
2026-07-11 01:00:00,1186852.21,,447417.35
2026-07-11 02:00:00,1177202.51,,440807.83
2026-07-11 03:00:00,1182231.22,,435456.16
2026-07-11 04:00:00,1180459.05,,430430.69
2026-07-11 05:00:00,1176837.93,,425128.96
2026-07-11 06:00:00,1170908.77,,422236.76
2026-07-11 07:00:00,1168828.57,,418335.38
2026-07-11 08:00:00,1165013.90,,417942.17
2026-07-11 09:00:00,1160596.85,,417595.97
2026-07-11 10:00:00,1162432.79,,416187.75
2026-07-11 11:00:00,1159735.65,,416185.44
2026-07-11 12:00:00,1159958.03,,416781.74
2026-07-11 13:00:00,1158069.12,,411266.22
2026-07-11 14:00:00,1156122.68,,407720.05
2026-07-11 15:00:00,1158303.18,,402107.12
2026-07-11 16:00:00,1149372.31,,393845.17
2026-07-11 17:00:00,1159899.94,,398147.51
2026-07-11 18:00:00,1155085.62,,392054.90
2026-07-11 19:00:00,1163208.70,,397097.52
2026-07-11 20:00:00,1157017.70,,394351.27
2026-07-11 21:00:00,1158196.63,,394484.50
2026-07-11 22:00:00,1161019.66,,396993.96
2026-07-11 23:00:00,1154845.43,,393628.95
2026-07-12 00:00:00,1130853.07,,411731.68
2026-07-12 01:00:00,1122886.08,,407245.92
2026-07-12 02:00:00,1140762.98,,416155.50
2026-07-12 03:00:00,1165975.22,,441949.27
2026-07-12 04:00:00,1193982.94,,426979.53
2026-07-12 05:00:00,1194249.98,,419936.34
2026-07-12 06:00:00,1196022.83,,411210.59
2026-07-12 07:00:00,1188214.73,,407369.25
2026-07-12 08:00:00,1206447.38,,403763.98
2026-07-12 09:00:00,1196632.00,,394913.42
2026-07-12 10:00:00,1199311.46,,400454.35
2026-07-12 11:00:00,1200785.48,,400134.74
2026-07-12 12:00:00,1195221.31,,398618.28
2026-07-12 13:00:00,1189134.10,,393678.55
2026-07-12 14:00:00,1180855.56,,387235.30
2026-07-12 15:00:00,1183398.63,,386680.18
2026-07-12 16:00:00,1182008.71,,381289.01
2026-07-12 17:00:00,1178642.21,,384013.11
2026-07-12 18:00:00,1146863.85,,380282.13
2026-07-12 19:00:00,1141365.07,,378686.28
2026-07-12 20:00:00,1146670.45,,377075.22
2026-07-12 21:00:00,1133097.01,,376278.23
2026-07-12 22:00:00,1121562.31,,372123.55
2026-07-12 23:00:00,1137028.17,,363823.04
2026-07-13 00:00:00,1134972.18,,362947.03
2026-07-13 01:00:00,1137017.32,,368890.43
2026-07-13 02:00:00,1121445.34,,365147.20
2026-07-13 03:00:00,1112712.92,,362237.64
2026-07-13 04:00:00,1081252.08,,359113.43
2026-07-13 05:00:00,1103995.01,,358737.60
2026-07-13 06:00:00,1107027.53,,361719.81
2026-07-13 07:00:00,1115974.40,,364557.17
2026-07-13 08:00:00,1118649.17,,366963.22
2026-07-13 09:00:00,1127561.03,,366384.21
2026-07-13 10:00:00,1122389.65,,366051.79
2026-07-13 11:00:00,1117814.04,,366396.47
2026-07-13 12:00:00,1112285.48,,362573.08
2026-07-13 13:00:00,1109014.90,,361053.32
2026-07-13 14:00:00,1116970.84,,362554.83
2026-07-13 15:00:00,1127599.35,,367393.28
2026-07-13 16:00:00,1124159.07,,363079.11
2026-07-13 17:00:00,1115106.15,,358899.66
2026-07-13 18:00:00,1102321.84,,349044.13
2026-07-13 19:00:00,1102373.43,,348750.11
2026-07-13 20:00:00,1090066.94,,345158.80
2026-07-13 21:00:00,1084268.81,,343675.56
2026-07-13 22:00:00,1084586.79,,341016.52
2026-07-13 23:00:00,1084150.85,,340261.03
2026-07-14 00:00:00,1094106.17,,341819.79
2026-07-14 01:00:00,1099880.78,,345498.81
2026-07-14 02:00:00,1090957.91,,344140.38
2026-07-14 03:00:00,1086887.00,,342655.04
2026-07-14 04:00:00,1086266.34,,344798.12
2026-07-14 05:00:00,1092029.12,,346705.66
2026-07-14 06:00:00,1102008.14,,349349.26
2026-07-14 07:00:00,1104019.45,,355755.19
2026-07-14 08:00:00,1106983.61,,356648.29
2026-07-14 09:00:00,1108983.02,,357874.27
2026-07-14 10:00:00,1107434.58,,359566.59
2026-07-14 11:00:00,1110163.51,,358844.82
2026-07-14 12:00:00,1100500.35,,352656.73
2026-07-14 13:00:00,1104449.50,,356703.78
2026-07-14 14:00:00,1103088.20,,362154.00
2026-07-14 15:00:00,1112552.91,,372189.85
2026-07-14 16:00:00,1111587.32,,368260.32
2026-07-14 17:00:00,1108590.57,,363517.53
2026-07-14 18:00:00,1108704.56,,364180.17
2026-07-14 19:00:00,1107171.07,,365061.82
2026-07-14 20:00:00,1103305.98,,362464.44
2026-07-14 21:00:00,1100180.53,,362962.87
2026-07-14 22:00:00,1102864.60,,368271.13
2026-07-14 23:00:00,1109074.32,,394255.07
2026-07-15 00:00:00,1112529.07,,403442.99
2026-07-15 01:00:00,1110842.53,,417181.65
2026-07-15 02:00:00,1112600.04,,424995.78
2026-07-15 03:00:00,1108522.57,,433742.83
2026-07-15 04:00:00,1112113.10,,431709.34
2026-07-15 05:00:00,1108868.54,,427176.30
2026-07-15 06:00:00,1112061.50,,437060.43
2026-07-15 07:00:00,1118700.16,,433252.02
2026-07-15 08:00:00,1109956.00,,431590.19
2026-07-15 09:00:00,1110577.15,,432630.87
2026-07-15 10:00:00,1115302.02,,431989.25
2026-07-15 11:00:00,1118757.70,,429148.22
2026-07-15 12:00:00,1130940.36,,427110.30
2026-07-15 13:00:00,1146691.00,,421589.80
2026-07-15 14:00:00,1134372.45,,399570.82
2026-07-15 15:00:00,1129792.61,,396332.81
2026-07-15 16:00:00,1126799.80,,395434.69
2026-07-15 17:00:00,1104822.07,,393487.76
2026-07-15 18:00:00,1118904.58,,396783.52
2026-07-15 19:00:00,1126488.02,,408748.94
2026-07-15 20:00:00,1122456.45,,410031.04
2026-07-15 21:00:00,1124906.87,,407193.11
2026-07-15 22:00:00,1126122.46,,401554.92
2026-07-15 23:00:00,1123372.10,,398764.36
2026-07-16 00:00:00,1119611.42,,395899.65
2026-07-16 01:00:00,1113354.30,,395141.52
2026-07-16 02:00:00,1109227.53,,382869.87
2026-07-16 03:00:00,1102888.23,,386275.03
2026-07-16 04:00:00,1101718.84,,380126.61
2026-07-16 05:00:00,1104053.29,,375613.82
2026-07-16 06:00:00,1101973.23,,362460.80
2026-07-16 07:00:00,1101118.61,,360557.52
2026-07-16 08:00:00,1095084.44,,348019.19
2026-07-16 09:00:00,1080740.57,,345210.15
2026-07-16 10:00:00,1081740.19,,360982.65
2026-07-16 11:00:00,1081291.13,,364575.81
2026-07-16 12:00:00,1079495.56,,374387.13
2026-07-16 13:00:00,1073409.02,,378455.46
2026-07-16 14:00:00,1075601.24,,371369.10
2026-07-16 15:00:00,1079481.84,,370713.61
2026-07-16 16:00:00,1075187.09,,368215.45
2026-07-16 17:00:00,1068339.02,,367785.23
2026-07-16 18:00:00,1058327.40,,371269.75
2026-07-16 19:00:00,1058046.07,,361045.84
2026-07-16 20:00:00,1055005.05,,360713.71
2026-07-16 21:00:00,1056068.56,,358736.31
2026-07-16 22:00:00,1059422.08,,358058.60
2026-07-16 23:00:00,1050381.50,,347408.32
2026-07-17 00:00:00,1048594.01,,345663.63
2026-07-17 01:00:00,1062809.04,,346853.28
2026-07-17 02:00:00,1052758.74,,343444.36
2026-07-17 03:00:00,1059593.11,,368594.87
2026-07-17 04:00:00,1066113.64,,371910.35
2026-07-17 05:00:00,1066217.27,,364385.40
2026-07-17 06:00:00,1058287.76,,360687.51
2026-07-17 07:00:00,1063978.44,,384596.90
2026-07-17 08:00:00,1057404.34,,387087.16
2026-07-17 09:00:00,1061523.01,,392497.04
2026-07-17 10:00:00,1076451.43,,419626.67
2026-07-17 11:00:00,1083851.72,,423680.39
2026-07-17 12:00:00,1094594.83,,432933.27
2026-07-17 13:00:00,1093520.87,,426887.10
2026-07-17 14:00:00,1096412.70,,397672.67
2026-07-17 15:00:00,1103802.94,,392313.60
2026-07-17 16:00:00,1101727.31,,386821.44
2026-07-17 17:00:00,1104866.99,,383942.83
2026-07-17 18:00:00,1096876.31,,363449.43
2026-07-17 19:00:00,1095875.26,,344517.76
2026-07-17 20:00:00,1083997.32,,339292.68
2026-07-17 21:00:00,1083358.83,,339925.97
2026-07-17 22:00:00,1081330.57,,339771.69
2026-07-17 23:00:00,1085024.07,,338623.45
2026-07-18 00:00:00,1085335.18,,337016.48
2026-07-18 01:00:00,1091370.94,,327879.82
2026-07-18 02:00:00,1096206.03,,332269.16
2026-07-18 03:00:00,1096161.14,,330204.00
2026-07-18 04:00:00,1105132.77,,335034.79
2026-07-18 05:00:00,1081558.67,,332820.34
2026-07-18 06:00:00,1084527.00,,364494.39
2026-07-18 07:00:00,1082492.67,,360821.91
2026-07-18 08:00:00,1069838.85,,345353.00
2026-07-18 09:00:00,1061230.49,,354300.06
2026-07-18 10:00:00,1059480.42,,368991.33
2026-07-18 11:00:00,1053057.65,,352179.36
2026-07-18 12:00:00,1039899.11,,353097.94
2026-07-18 13:00:00,1015954.53,,342851.24
2026-07-18 14:00:00,1004001.00,,339896.71
2026-07-18 15:00:00,1011367.82,,347411.81
2026-07-18 16:00:00,1021560.89,,350224.74
2026-07-18 17:00:00,1020785.20,,338129.82
2026-07-18 18:00:00,1021839.40,,340931.95
2026-07-18 19:00:00,1018103.32,,340287.50
2026-07-18 20:00:00,1019709.52,,340226.71
2026-07-18 21:00:00,1021928.75,,339433.32
2026-07-18 22:00:00,1026429.95,,348519.74
2026-07-18 23:00:00,1034474.33,,342593.76
2026-07-19 00:00:00,1033614.72,,344995.19
2026-07-19 01:00:00,1036075.62,,350359.19
2026-07-19 02:00:00,1037193.86,,349294.03
2026-07-19 03:00:00,1042474.54,,347592.05
2026-07-19 04:00:00,1039545.81,,344355.00
2026-07-19 05:00:00,1044837.68,,345494.15
2026-07-19 06:00:00,1051899.78,,346479.84
2026-07-19 07:00:00,1054154.77,,342624.26
2026-07-19 08:00:00,1060112.17,,344971.00
2026-07-19 09:00:00,1067887.98,,366744.55
2026-07-19 10:00:00,1069314.60,,371906.70
2026-07-19 11:00:00,1131504.78,,356707.15
2026-07-19 12:00:00,1108321.26,,384856.30
2026-07-19 13:00:00,1085502.63,,374638.74
2026-07-19 14:00:00,1085257.70,,371130.53
2026-07-19 15:00:00,1078426.69,,363214.01
2026-07-19 16:00:00,1068710.98,,363478.33
2026-07-19 17:00:00,1064818.58,,360635.03
2026-07-19 18:00:00,1032782.39,,368143.74
2026-07-19 19:00:00,1021364.71,,382054.00
2026-07-19 20:00:00,1025424.19,,387197.12
2026-07-19 21:00:00,1019696.75,,429966.49
2026-07-19 22:00:00,1008462.46,,426697.82
2026-07-19 23:00:00,1028451.76,,430154.13
2026-07-20 00:00:00,1020367.99,,423865.91
2026-07-20 01:00:00,1013848.04,,426174.31
2026-07-20 02:00:00,1005520.24,,423734.03
2026-07-20 03:00:00,999632.83,,411720.61
2026-07-20 04:00:00,998339.54,,403862.56
2026-07-20 05:00:00,997695.82,,404008.26
2026-07-20 06:00:00,990424.40,,403006.92
2026-07-20 07:00:00,996823.09,,403825.12
2026-07-20 08:00:00,1013161.08,,407357.99
2026-07-20 09:00:00,1008624.48,,424386.92
2026-07-20 10:00:00,1004355.13,,430369.67
2026-07-20 11:00:00,1006352.67,,434138.84
2026-07-20 12:00:00,1037503.48,,463771.30
2026-07-20 13:00:00,1048304.30,,460659.41
2026-07-20 14:00:00,1045142.28,,451483.07
2026-07-20 15:00:00,1044846.06,,439614.42
2026-07-20 16:00:00,1066469.03,,442351.63
2026-07-20 17:00:00,1070842.62,,438732.05
2026-07-20 18:00:00,1056389.66,,428843.03
2026-07-20 19:00:00,1051525.34,,416546.03
2026-07-20 20:00:00,1034481.72,,408677.28
2026-07-20 21:00:00,1053862.90,,410390.60
2026-07-20 22:00:00,1058413.43,,409902.10
2026-07-20 23:00:00,1076678.35,,406420.45
2026-07-21 00:00:00,1086046.52,,401913.24
2026-07-21 01:00:00,1091460.85,,401230.24
2026-07-21 02:00:00,1079072.68,,396470.75
2026-07-21 03:00:00,1078021.39,,395198.50
2026-07-21 04:00:00,1081378.08,,395198.49
2026-07-21 05:00:00,1079468.07,,392556.86
2026-07-21 06:00:00,1080110.41,,396805.87
2026-07-21 07:00:00,1067680.17,,394702.37
2026-07-21 08:00:00,1060913.86,,385275.06
2026-07-21 09:00:00,1048913.91,,373731.67
2026-07-21 10:00:00,1044573.16,,366736.19
2026-07-21 11:00:00,1048063.03,,366653.97
2026-07-21 12:00:00,1052228.91,,365972.72
2026-07-21 13:00:00,1062134.26,,368862.57
2026-07-21 14:00:00,1065125.30,,367468.80
2026-07-21 15:00:00,1060126.18,,361395.17
2026-07-21 16:00:00,1060284.33,,362634.66
2026-07-21 17:00:00,1056889.22,,358304.92
2026-07-21 18:00:00,1053959.12,,358974.06
2026-07-21 19:00:00,1052385.09,,361441.41
2026-07-21 20:00:00,1057132.48,,351615.35
2026-07-21 21:00:00,1057756.34,,351570.18
2026-07-21 22:00:00,1056985.22,,351680.55
2026-07-21 23:00:00,1052963.70,,349177.96
2026-07-22 00:00:00,1056583.75,,350406.93
2026-07-22 01:00:00,1055067.95,,353984.79
2026-07-22 02:00:00,1049978.02,,356028.01
2026-07-22 03:00:00,1051313.96,,359655.41
2026-07-22 04:00:00,1048957.68,,360193.07
2026-07-22 05:00:00,1054329.09,,359884.80
2026-07-22 06:00:00,1069474.59,,374862.63
2026-07-22 07:00:00,1072758.27,,398261.96
2026-07-22 08:00:00,1075387.87,,397334.40
2026-07-22 09:00:00,1078855.80,,398112.02
2026-07-22 10:00:00,1080036.85,,397760.64
2026-07-22 11:00:00,1085433.50,,384722.94
2026-07-22 12:00:00,1088755.04,,385210.90
2026-07-22 13:00:00,1078475.54,,373965.50
2026-07-22 14:00:00,1087213.68,,377817.85
2026-07-22 15:00:00,1081541.56,,375183.44
2026-07-22 16:00:00,1088493.65,,369829.05
2026-07-22 17:00:00,1097477.48,,366514.46
2026-07-22 18:00:00,1090762.06,,361867.10
2026-07-22 19:00:00,1085887.91,,361377.64
2026-07-22 20:00:00,1091027.28,,360990.51
2026-07-22 21:00:00,1095501.74,,360298.93
2026-07-22 22:00:00,1101769.96,,361263.19
2026-07-22 23:00:00,1105480.53,,358454.38
2026-07-23 00:00:00,1114847.44,,359196.65
2026-07-23 01:00:00,1106216.27,,356083.85
2026-07-23 02:00:00,1105594.62,,354675.70
2026-07-23 03:00:00,1105658.38,,352197.39
2026-07-23 04:00:00,1102046.03,,350168.75
2026-07-23 05:00:00,1105724.27,,351253.68
2026-07-23 06:00:00,1112332.67,,352830.87
2026-07-23 07:00:00,1116075.70,,352961.73
2026-07-23 08:00:00,1114476.85,,350716.65
2026-07-23 09:00:00,1122190.92,,352571.50
2026-07-23 10:00:00,1118071.31,,351755.78
2026-07-23 11:00:00,1116268.78,,352085.15
2026-07-23 12:00:00,1112661.29,,354146.78
2026-07-23 13:00:00,1108733.37,,347330.40
2026-07-23 14:00:00,1104997.63,,344776.58
2026-07-23 15:00:00,1105606.43,,346110.71
2026-07-23 16:00:00,1107307.72,,343139.68
2026-07-23 17:00:00,1098486.24,,341945.12
2026-07-23 18:00:00,1089748.43,,339210.07
2026-07-23 19:00:00,1090633.76,,339259.01
2026-07-23 20:00:00,1089305.02,,339098.87
2026-07-23 21:00:00,1094498.37,,338518.00
2026-07-23 22:00:00,1089220.72,,337254.71
2026-07-23 23:00:00,1085969.07,,338138.61
2026-07-24 00:00:00,1083132.91,,337056.28
2026-07-24 01:00:00,1105589.45,,339013.29
2026-07-24 02:00:00,1246590.81,,382389.80
2026-07-24 03:00:00,1203165.22,,372116.24
2026-07-24 04:00:00,1189894.11,,368110.99
2026-07-24 05:00:00,1186205.31,,362081.81
2026-07-24 06:00:00,1191075.22,,350192.48
2026-07-24 07:00:00,1190822.31,,345257.48
2026-07-24 08:00:00,1176399.01,,339222.86
2026-07-24 09:00:00,1182042.08,,342232.76
2026-07-24 10:00:00,1194313.54,,343839.59
2026-07-24 11:00:00,1191605.89,,352042.13
2026-07-24 12:00:00,1204358.58,,355039.50
2026-07-24 13:00:00,1199277.30,,349096.28
2026-07-24 14:00:00,1189032.86,,344059.08
2026-07-24 15:00:00,1164413.84,,339389.08
2026-07-24 16:00:00,1142771.19,,337839.43
2026-07-24 17:00:00,1126495.60,,334458.55
2026-07-24 18:00:00,1127279.42,,336283.82
2026-07-24 19:00:00,1122504.82,,334270.89
2026-07-24 20:00:00,1121498.26,,333724.25
2026-07-24 21:00:00,1121142.43,,332728.15
2026-07-24 22:00:00,1116639.36,,325151.57
2026-07-24 23:00:00,1116503.04,,324459.32
2026-07-25 00:00:00,1118020.72,,324374.26
2026-07-25 01:00:00,1121178.10,,324546.56
2026-07-25 02:00:00,1125391.06,,324343.89
2026-07-25 03:00:00,1110344.00,,335752.21
2026-07-25 04:00:00,1114205.81,,338170.87
2026-07-25 05:00:00,1110528.89,,331895.08
2026-07-25 06:00:00,1101103.42,,327220.62
2026-07-25 07:00:00,1096108.57,,325306.89
2026-07-25 08:00:00,1092202.28,,322293.92
2026-07-25 09:00:00,1098364.17,,325121.30
2026-07-25 10:00:00,1112210.46,,323135.46
2026-07-25 11:00:00,1106774.35,,322204.79
2026-07-25 12:00:00,1103556.11,,321651.67
2026-07-25 13:00:00,1108843.61,,322821.79
2026-07-25 14:00:00,1106314.69,,322017.08
2026-07-25 15:00:00,1101339.81,,322005.42
2026-07-25 16:00:00,1104456.50,,322786.86
2026-07-25 17:00:00,1102974.35,,340286.72
2026-07-25 18:00:00,1103729.04,,340575.56
2026-07-25 19:00:00,1102842.00,,340181.15
2026-07-25 20:00:00,1103506.16,,340560.06
2026-07-25 21:00:00,1100016.81,,340560.72
2026-07-25 22:00:00,1097945.53,,338795.29
2026-07-25 23:00:00,1096143.11,,337316.16
2026-07-26 00:00:00,1092788.24,,332721.67
2026-07-26 01:00:00,1085963.38,,331850.01
2026-07-26 02:00:00,1086968.93,,330319.04
2026-07-26 03:00:00,1091299.63,,330351.07
2026-07-26 04:00:00,1093184.31,,329825.35
2026-07-26 05:00:00,1094954.09,,327909.92
2026-07-26 06:00:00,1098485.70,,328286.55
2026-07-26 07:00:00,1100585.14,,330359.88
2026-07-26 08:00:00,1098828.07,,328035.41
2026-07-26 09:00:00,1097786.56,,332784.77
2026-07-26 10:00:00,1094724.72,,329710.25
2026-07-26 11:00:00,1092597.48,,329151.82
2026-07-26 12:00:00,1082143.34,,332111.14
2026-07-26 13:00:00,1080220.36,,331690.10
2026-07-26 14:00:00,1073767.25,,332815.92
2026-07-26 15:00:00,1072240.71,,329007.16
2026-07-26 16:00:00,1077991.51,,329553.12
2026-07-26 17:00:00,1077127.37,,326188.16
2026-07-26 18:00:00,1071816.17,,321905.95
2026-07-26 19:00:00,1067601.65,,320935.40
2026-07-26 20:00:00,1064525.78,,319675.28
2026-07-26 21:00:00,1063141.96,,318937.00
2026-07-26 22:00:00,1069380.81,,320194.60
2026-07-26 23:00:00,1077668.24,,322799.22
2026-07-27 00:00:00,1079354.51,,321699.78
2026-07-27 01:00:00,1082824.36,,320950.36
2026-07-27 02:00:00,1087049.23,,319261.36
2026-07-27 03:00:00,1091542.25,,316650.58
2026-07-27 04:00:00,1090230.12,,316605.99
2026-07-27 05:00:00,1085853.48,,315908.35
2026-07-27 06:00:00,1088514.11,,316446.34
2026-07-27 07:00:00,1077611.20,,316769.89
2026-07-27 08:00:00,1076997.79,,317315.03
2026-07-27 09:00:00,1056901.80,,313156.56
2026-07-27 10:00:00,1064704.73,,313274.42
2026-07-27 11:00:00,1064853.24,,313815.25
2026-07-27 12:00:00,1058736.12,,311320.53
2026-07-27 13:00:00,1054261.24,,313713.42
2026-07-27 14:00:00,1060527.26,,310957.04
2026-07-27 15:00:00,1028619.29,,298909.87
2026-07-27 16:00:00,1025129.39,,299198.82
2026-07-27 17:00:00,1032484.94,,302201.15
2026-07-27 18:00:00,1035138.84,,302233.08
2026-07-27 19:00:00,1029967.89,,302497.00
2026-07-27 20:00:00,1038072.85,,303324.51
2026-07-27 21:00:00,1039177.66,,302453.35
2026-07-27 22:00:00,1035757.57,,302035.22
2026-07-27 23:00:00,1011617.94,,293543.91
2026-07-28 00:00:00,1015607.43,,293383.61
2026-07-28 01:00:00,1015335.99,,293340.73
2026-07-28 02:00:00,1006998.81,,288556.48
2026-07-28 03:00:00,1013016.76,,290412.12
2026-07-28 04:00:00,1007362.82,,289844.46
2026-07-28 05:00:00,1015790.66,,286207.26
2026-07-28 06:00:00,1022074.24,,290307.05
2026-07-28 07:00:00,1026262.38,,292156.26
2026-07-28 08:00:00,1004532.00,,290053.38
2026-07-28 09:00:00,1000391.11,,289951.56
2026-07-28 10:00:00,1004662.51,,291282.83
2026-07-28 11:00:00,1006010.74,,291645.76
2026-07-28 12:00:00,1008564.77,,291448.74
2026-07-28 13:00:00,1017731.81,,293396.95
2026-07-28 14:00:00,999958.48,,294847.19
2026-07-28 15:00:00,1013699.37,,293331.07
2026-07-28 16:00:00,1028133.56,,306983.98
2026-07-28 17:00:00,1027044.63,,309253.25
2026-07-28 18:00:00,1019764.53,,297976.68
2026-07-28 19:00:00,1022037.28,,298223.30
2026-07-28 20:00:00,1027208.47,,300340.25
2026-07-28 21:00:00,1022984.55,,301684.63
2026-07-28 22:00:00,1027627.52,,303659.05
2026-07-28 23:00:00,1020000.06,,301962.17
2026-07-29 00:00:00,1029068.77,,305324.27
2026-07-29 01:00:00,1034998.03,,308469.50
2026-07-29 02:00:00,1021697.66,,301589.48
2026-07-29 03:00:00,1014951.38,,298870.65
2026-07-29 04:00:00,996028.35,,293010.53
2026-07-29 05:00:00,995573.86,,292595.08
2026-07-29 06:00:00,996831.01,,294994.36
2026-07-29 07:00:00,991118.91,,297291.02
2026-07-29 08:00:00,991851.30,,297996.70
2026-07-29 09:00:00,982718.95,,295206.23
2026-07-29 10:00:00,984253.42,,296147.51
2026-07-29 11:00:00,981224.25,,299281.89
2026-07-29 12:00:00,985351.55,,298972.75
2026-07-29 13:00:00,981734.55,,299125.36
2026-07-29 14:00:00,979529.33,,300256.76
2026-07-29 15:00:00,965536.03,,296896.54
2026-07-29 16:00:00,954388.71,,294959.87
2026-07-29 17:00:00,950598.83,,293328.44
2026-07-29 18:00:00,961571.92,,297738.09
2026-07-29 19:00:00,967614.42,,300844.98
2026-07-29 20:00:00,945156.71,,292558.71
2026-07-29 21:00:00,940071.31,,294692.63
2026-07-29 22:00:00,951430.76,,295689.70
2026-07-29 23:00:00,954047.03,,296879.50
2026-07-30 00:00:00,956228.44,,297504.38
2026-07-30 01:00:00,962407.41,,299957.08
2026-07-30 02:00:00,975647.93,,303770.24
2026-07-30 03:00:00,977094.69,,313304.54
2026-07-30 04:00:00,981284.45,,314062.91
2026-07-30 05:00:00,982488.15,,304432.30
2026-07-30 06:00:00,982553.16,,302493.22
2026-07-30 07:00:00,983523.61,,302466.27
2026-07-30 08:00:00,989506.02,,302682.89
2026-07-30 09:00:00,992166.53,,303386.96
2026-07-30 10:00:00,990355.19,,302091.96
2026-07-30 11:00:00,976627.11,,298992.10
2026-07-30 12:00:00,976253.92,,301456.32
2026-07-30 13:00:00,980043.50,,299121.15
2026-07-30 14:00:00,983299.95,,300274.58
2026-07-30 15:00:00,979668.12,,296895.12
2026-07-30 16:00:00,976209.08,,295243.83
2026-07-30 17:00:00,974839.88,,294429.95
2026-07-30 18:00:00,973472.45,,293825.26
2026-07-30 19:00:00,969766.71,,294690.48
2026-07-30 20:00:00,968067.37,,295806.45
2026-07-30 21:00:00,969747.01,,294531.58
2026-07-30 22:00:00,973908.14,,295179.85
2026-07-30 23:00:00,973032.08,,294904.86
2026-07-31 00:00:00,968593.79,,295107.91
2026-07-31 01:00:00,976291.44,,298474.07
2026-07-31 02:00:00,968893.12,,300282.23
2026-07-31 03:00:00,974752.60,,300909.70
2026-07-31 04:00:00,979004.25,,300962.93
2026-07-31 05:00:00,980821.01,,300821.83
2026-07-31 06:00:00,985894.28,,303115.49
2026-07-31 07:00:00,988279.42,,303606.72
2026-07-31 08:00:00,978784.55,,303865.99
2026-07-31 09:00:00,973480.32,,301899.21
2026-07-31 10:00:00,966111.64,,300844.83
2026-07-31 11:00:00,977008.18,,306354.30
2026-07-31 12:00:00,974386.05,,307232.42
2026-07-31 13:00:00,987164.43,,307801.55
2026-07-31 14:00:00,969995.67,,303274.94
2026-07-31 15:00:00,970714.08,,302971.52
2026-07-31 16:00:00,966375.28,,323185.58
2026-07-31 17:00:00,973231.98,,327506.32
2026-07-31 18:00:00,984008.40,,330437.11
2026-07-31 19:00:00,972660.40,,324614.68
2026-07-31 20:00:00,968527.97,,325223.34
2026-07-31 21:00:00,971227.60,,324889.51
2026-07-31 22:00:00,970312.20,,323719.61
2026-07-31 23:00:00,970233.52,,324429.79
2026-08-01 00:00:00,971901.99,,324978.02
2026-08-01 01:00:00,973552.73,,325320.60
2026-08-01 02:00:00,969455.21,,326157.78
2026-08-01 03:00:00,970964.20,,326744.53
2026-08-01 04:00:00,974000.03,,327197.24
2026-08-01 05:00:00,976708.18,,328013.45
2026-08-01 06:00:00,975594.08,,327911.56
2026-08-01 07:00:00,978074.80,,332897.01
2026-08-01 08:00:00,968014.26,,328985.12
2026-08-01 09:00:00,976096.95,,330987.08
2026-08-01 10:00:00,967544.28,,329815.02
2026-08-01 11:00:00,964199.92,,330485.71
2026-08-01 12:00:00,963222.10,,328939.95
2026-08-01 13:00:00,964629.32,,329536.08
2026-08-01 14:00:00,958039.81,,329252.56
2026-08-01 15:00:00,954490.82,,331084.44
2026-08-01 16:00:00,950281.86,,329576.31
2026-08-01 17:00:00,950471.24,,332324.50
2026-08-01 18:00:00,945937.87,,329041.82
2026-08-01 19:00:00,933286.99,,327565.56
2026-08-01 20:00:00,935502.70,,327529.76
2026-08-01 21:00:00,934695.63,,326581.60
2026-08-01 22:00:00,939990.10,,327706.07
2026-08-01 23:00:00,939787.99,,328031.02
2026-08-02 00:00:00,935414.89,,327243.83
2026-08-02 01:00:00,948974.52,,328533.33
2026-08-02 02:00:00,952846.02,,329378.55
2026-08-02 03:00:00,957425.65,,331795.89
2026-08-02 04:00:00,960052.82,,332589.87
2026-08-02 05:00:00,966939.78,,336901.17
2026-08-02 06:00:00,972265.04,,336059.45
2026-08-02 07:00:00,971304.85,,335546.51
2026-08-02 08:00:00,975712.87,,336340.22
2026-08-02 09:00:00,980454.67,,336345.45
2026-08-02 10:00:00,982139.52,,335533.07
2026-08-02 11:00:00,977545.63,,334351.72
2026-08-02 12:00:00,974088.62,,333374.02
2026-08-02 13:00:00,975319.29,,334452.25
2026-08-02 14:00:00,969857.56,,333660.28
2026-08-02 15:00:00,971674.02,,333000.62
2026-08-02 16:00:00,972516.67,,333141.19
2026-08-02 17:00:00,974350.09,,333343.19
2026-08-02 18:00:00,975958.32,,334059.00
2026-08-02 19:00:00,980880.93,,335062.62
2026-08-02 20:00:00,982971.97,,335728.39
2026-08-02 21:00:00,980199.68,,336072.81
2026-08-02 22:00:00,988080.77,,337325.10
2026-08-02 23:00:00,983464.85,,334990.02
2026-08-03 00:00:00,986963.47,,335745.47
2026-08-03 01:00:00,982228.66,,334301.70
2026-08-03 02:00:00,983566.55,,336012.80
2026-08-03 03:00:00,973877.15,,332591.96
2026-08-03 04:00:00,970148.86,,330957.94
2026-08-03 05:00:00,974226.33,,331343.06
2026-08-03 06:00:00,977191.30,,332394.13
2026-08-03 07:00:00,973525.24,,326561.86
2026-08-03 08:00:00,977279.02,,325495.42
2026-08-03 09:00:00,979670.59,,325259.25
2026-08-03 10:00:00,984028.98,,326292.76
2026-08-03 11:00:00,983479.92,,325759.06
2026-08-03 12:00:00,983064.52,,324663.36
2026-08-03 13:00:00,985404.05,,325847.21
2026-08-03 14:00:00,1007565.06,,335789.53
2026-08-03 15:00:00,1007415.06,,334877.91
2026-08-03 16:00:00,1021076.28,,335161.15
2026-08-03 17:00:00,1019908.86,,335012.60
2026-08-03 18:00:00,1024637.07,,335231.21
2026-08-03 19:00:00,1027119.27,,333907.63
2026-08-03 20:00:00,1027200.92,,332278.60
2026-08-03 21:00:00,1029163.11,,333019.58
2026-08-03 22:00:00,1033731.23,,334439.39
2026-08-03 23:00:00,1031423.37,,333946.44
2026-08-04 00:00:00,1033981.99,,330011.89
2026-08-04 01:00:00,1039358.96,,330150.62
2026-08-04 02:00:00,1049910.96,,336702.54
2026-08-04 03:00:00,1056215.72,,338085.32
2026-08-04 04:00:00,1051075.37,,339174.08
2026-08-04 05:00:00,1057227.77,,341418.49
2026-08-04 06:00:00,1051623.47,,340574.69
2026-08-04 07:00:00,1043623.76,,339105.85
2026-08-04 08:00:00,1051645.98,,343217.98
2026-08-04 09:00:00,1052803.08,,339800.90
2026-08-04 10:00:00,1050426.25,,338314.83
2026-08-04 11:00:00,1051530.77,,343546.48
2026-08-04 12:00:00,1046017.62,,344204.05
2026-08-04 13:00:00,1045181.15,,345234.00
2026-08-04 14:00:00,1031406.34,,343491.33
2026-08-04 15:00:00,1027064.72,,343819.59
2026-08-04 16:00:00,1027340.76,,343243.23
2026-08-04 17:00:00,1024462.04,,338364.84
2026-08-04 18:00:00,1029832.74,,357451.00
2026-08-04 19:00:00,1035353.60,,353695.67
2026-08-04 20:00:00,1028474.72,,352350.50
2026-08-04 21:00:00,1033239.88,,367503.64
2026-08-04 22:00:00,1036047.46,,373059.67
2026-08-04 23:00:00,1033030.72,,370105.16
2026-08-05 00:00:00,1025311.02,,362700.70
2026-08-05 01:00:00,1019675.11,,361384.67
2026-08-05 02:00:00,1033884.61,,367686.64
2026-08-05 03:00:00,1032466.76,,369007.07
2026-08-05 04:00:00,1030621.27,,365212.91
2026-08-05 05:00:00,1030864.33,,363849.21
2026-08-05 06:00:00,1043749.71,,366752.89
2026-08-05 07:00:00,1041767.98,,361702.77
2026-08-05 08:00:00,1042367.92,,359023.16
2026-08-05 09:00:00,1038691.02,,357287.11
2026-08-05 10:00:00,1038740.41,,357767.74
2026-08-05 11:00:00,1041546.88,,356550.98
2026-08-05 12:00:00,1038601.66,,355907.78
2026-08-05 13:00:00,1038330.76,,356436.21
2026-08-05 14:00:00,1038141.28,,354594.87
2026-08-05 15:00:00,1042834.69,,354826.89
2026-08-05 16:00:00,1041746.90,,349918.43
2026-08-05 17:00:00,1040834.11,,348605.88
2026-08-05 18:00:00,1043825.61,,350648.57
2026-08-05 19:00:00,1040495.21,,349631.31
2026-08-05 20:00:00,1038779.36,,348392.54
2026-08-05 21:00:00,1036228.12,,352219.72
2026-08-05 22:00:00,1033650.80,,348741.58
2026-08-05 23:00:00,1034187.55,,348084.64
2026-08-06 00:00:00,1031963.01,,348252.22
2026-08-06 01:00:00,1033789.73,,346807.03
2026-08-06 02:00:00,1030735.71,,344376.09
2026-08-06 03:00:00,1035689.40,,345699.41
2026-08-06 04:00:00,1049276.60,,349297.21
2026-08-06 05:00:00,1059159.44,,350738.65
2026-08-06 06:00:00,1063871.04,,352670.96
2026-08-06 07:00:00,1072960.73,,359427.63
2026-08-06 08:00:00,1063496.14,,354755.08
2026-08-06 09:00:00,1060455.38,,356850.83
2026-08-06 10:00:00,1051802.10,,351653.30
2026-08-06 11:00:00,1037658.43,,350059.12
2026-08-06 12:00:00,1035551.55,,345814.86
2026-08-06 13:00:00,1031455.48,,343868.28
2026-08-06 14:00:00,1041318.60,,342220.55
2026-08-06 15:00:00,1047383.12,,342132.15
2026-08-06 16:00:00,1041966.40,,340173.47
2026-08-06 17:00:00,1050993.37,,343240.32
2026-08-06 18:00:00,1046364.21,,337718.37
2026-08-06 19:00:00,1036773.87,,330984.03
2026-08-06 20:00:00,1033713.94,,328471.06
2026-08-06 21:00:00,1037850.04,,330500.90
2026-08-06 22:00:00,1042169.25,,332875.35
2026-08-06 23:00:00,1038937.61,,331467.89
2026-08-07 00:00:00,1042108.50,,333472.04
2026-08-07 01:00:00,1037611.88,,329062.29
2026-08-07 02:00:00,1044411.29,,331741.78
2026-08-07 03:00:00,1039883.03,,331634.66
2026-08-07 04:00:00,1033774.70,,321797.50
2026-08-07 05:00:00,1032376.53,,323737.54
2026-08-07 06:00:00,1046135.02,,327131.64
2026-08-07 07:00:00,1046023.23,,327877.75
2026-08-07 08:00:00,1048630.87,,329145.85
2026-08-07 09:00:00,1046628.03,,331139.79
2026-08-07 10:00:00,1047687.47,,330205.51
2026-08-07 11:00:00,1039650.80,,325270.65
2026-08-07 12:00:00,1040064.17,,323906.93
2026-08-07 13:00:00,1036177.94,,322324.73
2026-08-07 14:00:00,1039356.70,,323685.94
2026-08-07 15:00:00,1026243.23,,322241.34
2026-08-07 16:00:00,1030497.55,,322691.33
2026-08-07 17:00:00,1024666.65,,320461.99
2026-08-07 18:00:00,1022815.77,,320391.41
2026-08-07 19:00:00,1025241.65,,319763.12
2026-08-07 20:00:00,1025444.77,,319972.71
2026-08-07 21:00:00,1022231.18,,319018.88
2026-08-07 22:00:00,1019823.51,,317790.46
2026-08-07 23:00:00,1014915.30,,318644.97
2026-08-08 00:00:00,1012575.71,,316537.72
2026-08-08 01:00:00,1008764.54,,316952.16
2026-08-08 02:00:00,1008510.02,,316608.60
2026-08-08 03:00:00,1015783.86,,315457.54
2026-08-08 04:00:00,1022898.00,,316559.89
2026-08-08 05:00:00,1025922.03,,316582.64
2026-08-08 06:00:00,1025245.08,,316061.18
2026-08-08 07:00:00,1022726.92,,313415.66
2026-08-08 08:00:00,1019468.54,,316852.68
2026-08-08 09:00:00,1028237.63,,318297.02
2026-08-08 10:00:00,1027507.39,,316964.89
2026-08-08 11:00:00,1029653.68,,317981.15
2026-08-08 12:00:00,1028098.43,,319373.55
2026-08-08 13:00:00,1027647.79,,322126.65
2026-08-08 14:00:00,1026328.48,,321763.02
2026-08-08 15:00:00,1033554.30,,320315.41
2026-08-08 16:00:00,1032377.66,,320007.34
2026-08-08 17:00:00,1035957.21,,321603.13
2026-08-08 18:00:00,1027238.52,,320739.80
2026-08-08 19:00:00,1024457.67,,320176.98
2026-08-08 20:00:00,1028263.75,,318452.93
2026-08-08 21:00:00,1027857.97,,320106.73
2026-08-08 22:00:00,1030182.20,,321502.88
2026-08-08 23:00:00,1026961.63,,320571.88
2026-08-09 00:00:00,1028813.36,,320573.93
2026-08-09 01:00:00,1032754.50,,317725.02
2026-08-09 02:00:00,1036811.56,,319683.44
2026-08-09 03:00:00,1064895.91,,330245.17
2026-08-09 04:00:00,1080010.39,,337650.82
2026-08-09 05:00:00,1094005.91,,341132.49
