time,oi_A,oi_6,oi_3
2026-05-10 12:00:00,2972382.82,,642269.91
2026-05-10 13:00:00,2972446.19,,640745.89
2026-05-10 14:00:00,2985517.55,,640239.95
2026-05-10 15:00:00,2965475.29,,642651.70
2026-05-10 16:00:00,2975197.07,,650297.78
2026-05-10 17:00:00,3101458.27,,706758.99
2026-05-10 18:00:00,3007509.38,,683902.35
2026-05-10 19:00:00,2963244.26,,674807.03
2026-05-10 20:00:00,3003702.09,,678947.32
2026-05-10 21:00:00,2943315.38,,655410.51
2026-05-10 22:00:00,2904189.23,,648037.59
2026-05-10 23:00:00,2952375.86,,658649.90
2026-05-11 00:00:00,2938536.15,,654336.44
2026-05-11 01:00:00,2885773.85,,645963.10
2026-05-11 02:00:00,2874709.90,,638072.38
2026-05-11 03:00:00,2857771.63,,639978.27
2026-05-11 04:00:00,2862042.15,,637840.09
2026-05-11 05:00:00,2875283.69,,633721.46
2026-05-11 06:00:00,2889755.69,,637184.09
2026-05-11 07:00:00,3010620.36,,660638.50
2026-05-11 08:00:00,3163311.34,,678104.47
2026-05-11 09:00:00,3109060.24,,675903.15
2026-05-11 10:00:00,3234881.76,,722994.71
2026-05-11 11:00:00,3079283.98,,712141.41
2026-05-11 12:00:00,3065865.98,,693706.33
2026-05-11 13:00:00,3014127.06,,667427.90
2026-05-11 14:00:00,2966543.43,,656679.38
2026-05-11 15:00:00,2943111.58,,652228.68
2026-05-11 16:00:00,2923276.88,,645828.87
2026-05-11 17:00:00,2912467.87,,657702.52
2026-05-11 18:00:00,2907689.03,,656516.69
2026-05-11 19:00:00,2883549.81,,643608.46
2026-05-11 20:00:00,2876451.26,,644119.07
2026-05-11 21:00:00,2870841.65,,645288.56
2026-05-11 22:00:00,2867133.66,,642655.65
2026-05-11 23:00:00,2863757.19,,642406.08
2026-05-12 00:00:00,2854264.78,,639306.80
2026-05-12 01:00:00,2832730.47,,645737.88
2026-05-12 02:00:00,2746013.54,,624898.70
2026-05-12 03:00:00,2734536.80,,632588.98
2026-05-12 04:00:00,2717633.21,,629629.65
2026-05-12 05:00:00,2726634.11,,632738.66
2026-05-12 06:00:00,2717263.50,,629712.13
2026-05-12 07:00:00,2703295.96,,632247.20
2026-05-12 08:00:00,2713292.87,,633975.47
2026-05-12 09:00:00,2703321.23,,630856.44
2026-05-12 10:00:00,2698974.90,,636067.13
2026-05-12 11:00:00,2681289.65,,631215.66
2026-05-12 12:00:00,2660278.24,,620065.32
2026-05-12 13:00:00,2672406.78,,623527.38
2026-05-12 14:00:00,2630681.97,,618348.39
2026-05-12 15:00:00,2582958.07,,603662.20
2026-05-12 16:00:00,2563326.08,,597946.22
2026-05-12 17:00:00,2552617.59,,592269.79
2026-05-12 18:00:00,2584865.21,,598156.47
2026-05-12 19:00:00,2591100.85,,598676.05
2026-05-12 20:00:00,2591374.30,,600397.59
2026-05-12 21:00:00,2593105.18,,599656.24
2026-05-12 22:00:00,2583801.48,,598517.86
2026-05-12 23:00:00,2589740.13,,600732.43
2026-05-13 00:00:00,2568980.49,,600791.25
2026-05-13 01:00:00,2571106.54,,605200.86
2026-05-13 02:00:00,2590796.21,,615905.85
2026-05-13 03:00:00,2589022.80,,619317.66
2026-05-13 04:00:00,2591214.65,,620494.90
2026-05-13 05:00:00,2601602.93,,621113.54
2026-05-13 06:00:00,2585219.79,,622134.57
2026-05-13 07:00:00,2602658.29,,629027.42
2026-05-13 08:00:00,2598449.58,,628623.18
2026-05-13 09:00:00,2595803.26,,627888.44
2026-05-13 10:00:00,2595322.41,,630575.54
2026-05-13 11:00:00,2580695.37,,626903.36
2026-05-13 12:00:00,2552065.07,,618982.54
2026-05-13 13:00:00,2594902.04,,593563.29
2026-05-13 14:00:00,2538794.43,,586560.37
2026-05-13 15:00:00,2554145.20,,588403.86
2026-05-13 16:00:00,2516123.32,,580667.95
2026-05-13 17:00:00,2542701.94,,582169.87
2026-05-13 18:00:00,2543169.40,,580244.19
2026-05-13 19:00:00,2568994.03,,584526.06
2026-05-13 20:00:00,2537448.39,,578667.26
2026-05-13 21:00:00,2545666.81,,580366.37
2026-05-13 22:00:00,2513335.32,,571961.65
2026-05-13 23:00:00,2524306.78,,574374.96
2026-05-14 00:00:00,2517067.32,,574868.89
2026-05-14 01:00:00,2515234.06,,571327.98
2026-05-14 02:00:00,2511981.72,,568865.49
2026-05-14 03:00:00,2508182.53,,567359.52
2026-05-14 04:00:00,2466200.38,,553038.26
2026-05-14 05:00:00,2485508.29,,559928.01
2026-05-14 06:00:00,2500938.40,,565365.97
2026-05-14 07:00:00,2496136.74,,563853.41
2026-05-14 08:00:00,2491140.40,,558549.99
2026-05-14 09:00:00,2478694.16,,560216.81
2026-05-14 10:00:00,2479737.65,,559652.30
2026-05-14 11:00:00,2493410.26,,561531.58
2026-05-14 12:00:00,2474599.58,,558201.19
2026-05-14 13:00:00,2491996.94,,561985.30
2026-05-14 14:00:00,2495452.70,,572167.93
2026-05-14 15:00:00,2497141.50,,577109.33
2026-05-14 16:00:00,2498519.49,,588109.83
2026-05-14 17:00:00,2523592.21,,596233.10
2026-05-14 18:00:00,2539880.38,,598208.60
2026-05-14 19:00:00,2548195.07,,599655.98
2026-05-14 20:00:00,2528506.11,,595036.75
2026-05-14 21:00:00,2524763.65,,593013.61
2026-05-14 22:00:00,2529668.90,,594658.92
2026-05-14 23:00:00,2530051.28,,594934.99
2026-05-15 00:00:00,2519457.60,,591029.80
2026-05-15 01:00:00,2544617.11,,592786.38
2026-05-15 02:00:00,2527329.28,,589436.80
2026-05-15 03:00:00,2544998.82,,592285.74
2026-05-15 04:00:00,2511402.56,,586924.35
2026-05-15 05:00:00,2483537.50,,579930.58
2026-05-15 06:00:00,2450634.26,,579215.25
2026-05-15 07:00:00,2461079.11,,583639.53
2026-05-15 08:00:00,2456023.29,,584702.08
2026-05-15 09:00:00,2444018.31,,580676.63
2026-05-15 10:00:00,2436825.71,,577770.18
2026-05-15 11:00:00,2445442.65,,580312.69
2026-05-15 12:00:00,2432798.52,,577377.53
2026-05-15 13:00:00,2430113.16,,579514.78
2026-05-15 14:00:00,2325009.49,,569788.73
2026-05-15 15:00:00,2312320.46,,568232.78
2026-05-15 16:00:00,2314101.62,,566295.00
2026-05-15 17:00:00,2330301.49,,575452.42
2026-05-15 18:00:00,2371382.52,,572063.95
2026-05-15 19:00:00,2356103.63,,566576.87
2026-05-15 20:00:00,2347549.29,,562991.28
2026-05-15 21:00:00,2348179.62,,555828.89
2026-05-15 22:00:00,2336115.25,,555502.60
2026-05-15 23:00:00,2344917.96,,560882.25
2026-05-16 00:00:00,2343658.83,,563749.38
2026-05-16 01:00:00,2347194.03,,570026.91
2026-05-16 02:00:00,2363359.33,,578907.99
2026-05-16 03:00:00,2362033.24,,583423.78
2026-05-16 04:00:00,2349087.44,,582159.94
2026-05-16 05:00:00,2300223.12,,579755.50
2026-05-16 06:00:00,2292476.68,,576052.26
2026-05-16 07:00:00,2287818.80,,570837.54
2026-05-16 08:00:00,2224031.13,,560182.86
2026-05-16 09:00:00,2226437.34,,558503.98
2026-05-16 10:00:00,2211749.02,,549629.00
2026-05-16 11:00:00,2211887.71,,547897.09
2026-05-16 12:00:00,2222487.21,,549566.55
2026-05-16 13:00:00,2226418.87,,551046.88
2026-05-16 14:00:00,2229130.11,,551778.87
2026-05-16 15:00:00,2237442.21,,551471.49
2026-05-16 16:00:00,2245213.15,,553748.98
2026-05-16 17:00:00,2246893.30,,556771.49
2026-05-16 18:00:00,2258751.20,,555540.95
2026-05-16 19:00:00,2261533.67,,561436.29
2026-05-16 20:00:00,2249981.48,,563702.10
2026-05-16 21:00:00,2263346.10,,566401.68
2026-05-16 22:00:00,2264012.70,,575781.96
2026-05-16 23:00:00,2260178.43,,582497.53
2026-05-17 00:00:00,2262807.45,,594576.58
2026-05-17 01:00:00,2251945.56,,596938.29
2026-05-17 02:00:00,2228940.00,,593762.51
2026-05-17 03:00:00,2249679.21,,589682.05
2026-05-17 04:00:00,2272971.86,,598236.92
2026-05-17 05:00:00,2279609.32,,604491.60
2026-05-17 06:00:00,2286842.61,,608584.66
2026-05-17 07:00:00,2301698.84,,618071.76
2026-05-17 08:00:00,2317467.66,,624362.61
2026-05-17 09:00:00,2295410.87,,620871.83
2026-05-17 10:00:00,2290904.34,,620714.03
2026-05-17 11:00:00,2293067.08,,617270.87
2026-05-17 12:00:00,2289753.05,,616674.54
2026-05-17 13:00:00,2298329.74,,616705.02
2026-05-17 14:00:00,2288267.54,,616375.03
2026-05-17 15:00:00,2287262.89,,617170.53
2026-05-17 16:00:00,2303600.08,,623963.19
2026-05-17 17:00:00,2286795.85,,619847.80
2026-05-17 18:00:00,2278741.69,,616175.19
2026-05-17 19:00:00,2289105.46,,618600.98
2026-05-17 20:00:00,2305373.70,,621030.62
2026-05-17 21:00:00,2288848.39,,617700.25
2026-05-17 22:00:00,2296000.36,,620496.05
2026-05-17 23:00:00,2269741.51,,611689.08
2026-05-18 00:00:00,2193214.57,,615289.73
2026-05-18 01:00:00,2211752.74,,617646.90
2026-05-18 02:00:00,2212476.38,,618742.55
2026-05-18 03:00:00,2218901.86,,620531.57
2026-05-18 04:00:00,2214238.33,,618799.44
2026-05-18 05:00:00,2228010.60,,621594.48
2026-05-18 06:00:00,2216184.30,,618294.00
2026-05-18 07:00:00,2230354.45,,613208.23
2026-05-18 08:00:00,2198259.41,,606130.74
2026-05-18 09:00:00,2186953.53,,600341.37
2026-05-18 10:00:00,2175648.59,,593835.45
2026-05-18 11:00:00,2166431.78,,589251.21
2026-05-18 12:00:00,2163279.74,,593274.38
2026-05-18 13:00:00,2134031.05,,593898.14
2026-05-18 14:00:00,2115640.27,,589094.35
2026-05-18 15:00:00,2138138.58,,593799.90
2026-05-18 16:00:00,2203251.11,,606281.57
2026-05-18 17:00:00,2245210.82,,600455.87
2026-05-18 18:00:00,2223839.26,,590825.69
2026-05-18 19:00:00,2128751.24,,569726.09
2026-05-18 20:00:00,2180034.67,,579738.48
2026-05-18 21:00:00,2172576.59,,586096.95
2026-05-18 22:00:00,2193589.98,,587472.63
2026-05-18 23:00:00,2187495.58,,586381.48
2026-05-19 00:00:00,2180554.00,,587466.07
2026-05-19 01:00:00,2155240.69,,578238.16
2026-05-19 02:00:00,2146930.64,,569325.72
2026-05-19 03:00:00,2171052.10,,568067.42
2026-05-19 04:00:00,2207230.36,,572718.46
2026-05-19 05:00:00,2186910.14,,578460.36
2026-05-19 06:00:00,2173709.32,,573886.51
2026-05-19 07:00:00,2174856.71,,577869.08
2026-05-19 08:00:00,2175727.09,,581243.33
2026-05-19 09:00:00,2162188.23,,578545.57
2026-05-19 10:00:00,2144626.49,,576712.50
2026-05-19 11:00:00,2143707.13,,576590.14
2026-05-19 12:00:00,2128821.87,,575352.40
2026-05-19 13:00:00,2156805.12,,586163.16
2026-05-19 14:00:00,2153257.95,,590999.56
2026-05-19 15:00:00,2154486.66,,590922.11
2026-05-19 16:00:00,2163850.53,,591359.46
2026-05-19 17:00:00,2163572.69,,591083.46
2026-05-19 18:00:00,2163937.81,,588805.05
2026-05-19 19:00:00,2151496.99,,584526.92
2026-05-19 20:00:00,2174340.62,,582975.98
2026-05-19 21:00:00,2183909.65,,585136.88
2026-05-19 22:00:00,2170315.25,,580878.60
2026-05-19 23:00:00,2166769.21,,578956.66
2026-05-20 00:00:00,2177044.92,,583433.82
2026-05-20 01:00:00,2180043.18,,581524.50
2026-05-20 02:00:00,2194401.40,,588383.43
2026-05-20 03:00:00,2223561.80,,596615.58
2026-05-20 04:00:00,2216463.11,,601161.00
2026-05-20 05:00:00,2208803.95,,596078.31
2026-05-20 06:00:00,2190816.15,,593855.30
2026-05-20 07:00:00,2193818.00,,594122.27
2026-05-20 08:00:00,2187437.73,,594395.37
2026-05-20 09:00:00,2174526.84,,589963.30
2026-05-20 10:00:00,2186215.32,,594919.03
2026-05-20 11:00:00,2174705.32,,591943.81
2026-05-20 12:00:00,2168566.07,,591663.15
2026-05-20 13:00:00,2184993.87,,599603.31
2026-05-20 14:00:00,2180515.62,,595801.33
2026-05-20 15:00:00,2214140.32,,605987.69
2026-05-20 16:00:00,2228284.34,,611377.89
2026-05-20 17:00:00,2234029.92,,613466.88
2026-05-20 18:00:00,2235976.45,,611525.38
2026-05-20 19:00:00,2206691.64,,603176.09
2026-05-20 20:00:00,2219859.02,,603838.10
2026-05-20 21:00:00,2224161.53,,602000.82
2026-05-20 22:00:00,2198612.04,,589197.04
2026-05-20 23:00:00,2199454.84,,584839.95
2026-05-21 00:00:00,2215148.57,,587326.80
2026-05-21 01:00:00,2233634.25,,591976.23
2026-05-21 02:00:00,2231306.78,,591908.77
2026-05-21 03:00:00,2191626.30,,586130.72
2026-05-21 04:00:00,2195104.87,,586567.08
2026-05-21 05:00:00,2198541.31,,588030.42
2026-05-21 06:00:00,2178909.78,,584384.54
2026-05-21 07:00:00,2199816.10,,588376.89
2026-05-21 08:00:00,2204771.68,,591355.52
2026-05-21 09:00:00,2205499.92,,591434.13
2026-05-21 10:00:00,2200921.79,,590188.05
2026-05-21 11:00:00,2191667.60,,586819.80
2026-05-21 12:00:00,2188825.26,,585726.18
2026-05-21 13:00:00,2195993.56,,587102.96
2026-05-21 14:00:00,2205508.45,,586880.20
2026-05-21 15:00:00,2194172.06,,585359.37
2026-05-21 16:00:00,2192907.31,,586070.60
2026-05-21 17:00:00,2194646.44,,586323.58
2026-05-21 18:00:00,2233170.85,,593870.25
2026-05-21 19:00:00,2223942.53,,594082.72
2026-05-21 20:00:00,2222573.58,,591670.70
2026-05-21 21:00:00,2252307.08,,607100.49
2026-05-21 22:00:00,2241283.27,,604120.67
2026-05-21 23:00:00,2231592.82,,602667.36
2026-05-22 00:00:00,2226183.45,,597946.91
2026-05-22 01:00:00,2205777.67,,593641.93
2026-05-22 02:00:00,2220737.27,,593399.37
2026-05-22 03:00:00,2228920.32,,597678.04
2026-05-22 04:00:00,2224137.89,,598380.91
2026-05-22 05:00:00,2212981.70,,594357.27
2026-05-22 06:00:00,2214437.99,,593028.28
2026-05-22 07:00:00,2206331.56,,592479.99
2026-05-22 08:00:00,2233507.08,,596755.70
2026-05-22 09:00:00,2363097.23,,601742.53
2026-05-22 10:00:00,2376291.90,,601125.15
2026-05-22 11:00:00,2413207.70,,597224.00
2026-05-22 12:00:00,2358835.95,,589451.19
2026-05-22 13:00:00,2388685.36,,596501.11
2026-05-22 14:00:00,2354879.34,,590202.29
2026-05-22 15:00:00,2326524.02,,576342.24
2026-05-22 16:00:00,2321633.44,,585981.85
2026-05-22 17:00:00,2352202.72,,587218.57
2026-05-22 18:00:00,2315302.37,,584947.26
2026-05-22 19:00:00,2269954.25,,578057.62
2026-05-22 20:00:00,2223088.65,,567934.55
2026-05-22 21:00:00,2242983.11,,570976.89
2026-05-22 22:00:00,2243547.37,,571938.45
2026-05-22 23:00:00,2228836.51,,563791.69
2026-05-23 00:00:00,2178825.13,,551378.84
2026-05-23 01:00:00,2180489.88,,548307.34
2026-05-23 02:00:00,2195922.70,,553308.54
2026-05-23 03:00:00,2187293.46,,555094.58
2026-05-23 04:00:00,2198597.64,,563666.08
2026-05-23 05:00:00,2202192.13,,563962.31
2026-05-23 06:00:00,2195181.37,,563306.18
2026-05-23 07:00:00,2176348.88,,559055.13
2026-05-23 08:00:00,2113182.97,,545120.09
2026-05-23 09:00:00,2116786.51,,542833.13
2026-05-23 10:00:00,2107489.13,,533999.70
2026-05-23 11:00:00,2108967.88,,530921.96
2026-05-23 12:00:00,2103575.60,,527781.15
2026-05-23 13:00:00,2121132.86,,531968.89
2026-05-23 14:00:00,2126563.67,,537047.35
2026-05-23 15:00:00,2142322.70,,541227.86
2026-05-23 16:00:00,2145478.08,,542843.84
2026-05-23 17:00:00,2157400.68,,545362.94
2026-05-23 18:00:00,2165136.04,,546230.00
2026-05-23 19:00:00,2179494.98,,549079.27
2026-05-23 20:00:00,2186144.31,,551550.96
2026-05-23 21:00:00,2235725.57,,562494.19
2026-05-23 22:00:00,2208542.55,,560332.98
2026-05-23 23:00:00,2199862.04,,558303.69
2026-05-24 00:00:00,2207302.48,,559307.71
2026-05-24 01:00:00,2209121.85,,560111.07
2026-05-24 02:00:00,2226339.74,,564277.06
2026-05-24 03:00:00,2208173.42,,561604.28
2026-05-24 04:00:00,2198831.32,,556685.49
2026-05-24 05:00:00,2202755.78,,556266.16
2026-05-24 06:00:00,2191247.89,,554020.60
2026-05-24 07:00:00,2210772.69,,558808.20
2026-05-24 08:00:00,2194015.24,,556537.01
2026-05-24 09:00:00,2188992.26,,556316.92
2026-05-24 10:00:00,2188528.64,,557588.49
2026-05-24 11:00:00,2175661.14,,554260.53
2026-05-24 12:00:00,2173243.57,,551543.63
2026-05-24 13:00:00,2167348.21,,551701.84
2026-05-24 14:00:00,2152661.86,,552798.75
2026-05-24 15:00:00,2131003.18,,548837.41
2026-05-24 16:00:00,2139835.61,,548917.32
2026-05-24 17:00:00,2136677.56,,550942.73
2026-05-24 18:00:00,2132539.56,,550306.33
2026-05-24 19:00:00,2124806.86,,545828.00
2026-05-24 20:00:00,2118581.17,,544267.61
2026-05-24 21:00:00,2113794.48,,540577.17
2026-05-24 22:00:00,2076115.87,,533033.77
2026-05-24 23:00:00,2101124.34,,540994.61
2026-05-25 00:00:00,2101402.28,,542086.30
2026-05-25 01:00:00,2098327.21,,541623.29
2026-05-25 02:00:00,2090072.61,,538964.98
2026-05-25 03:00:00,2102910.05,,540968.28
2026-05-25 04:00:00,2102843.41,,542178.79
2026-05-25 05:00:00,2119527.46,,545870.21
2026-05-25 06:00:00,2121791.26,,547094.16
2026-05-25 07:00:00,2139824.75,,546686.42
2026-05-25 08:00:00,2153961.20,,547236.51
2026-05-25 09:00:00,2150589.46,,547758.28
2026-05-25 10:00:00,2142732.96,,545716.86
2026-05-25 11:00:00,2143056.62,,547476.87
2026-05-25 12:00:00,2126976.76,,545199.48
2026-05-25 13:00:00,2136932.75,,547397.69
2026-05-25 14:00:00,2130020.35,,546426.97
2026-05-25 15:00:00,2143320.65,,546866.09
2026-05-25 16:00:00,2140903.93,,549466.29
2026-05-25 17:00:00,2142506.97,,550445.22
2026-05-25 18:00:00,2131080.65,,548294.47
2026-05-25 19:00:00,2124459.48,,546953.37
2026-05-25 20:00:00,2122162.28,,544377.89
2026-05-25 21:00:00,2117320.25,,544181.90
2026-05-25 22:00:00,2116543.10,,544916.81
2026-05-25 23:00:00,2083291.67,,535815.58
2026-05-26 00:00:00,2092225.57,,532810.36
2026-05-26 01:00:00,2072623.69,,527103.72
2026-05-26 02:00:00,2069467.45,,527391.27
2026-05-26 03:00:00,2057927.24,,524897.18
2026-05-26 04:00:00,2061266.33,,525494.40
2026-05-26 05:00:00,2071972.24,,527656.44
2026-05-26 06:00:00,2151719.93,,532050.26
2026-05-26 07:00:00,2132922.80,,532573.97
2026-05-26 08:00:00,2097270.08,,527600.86
2026-05-26 09:00:00,2105258.88,,529655.44
2026-05-26 10:00:00,2170501.23,,540731.34
2026-05-26 11:00:00,2191368.42,,548914.43
2026-05-26 12:00:00,2268460.18,,557861.15
2026-05-26 13:00:00,2276143.88,,556076.36
2026-05-26 14:00:00,2380530.83,,565173.62
2026-05-26 15:00:00,2338468.22,,564135.48
2026-05-26 16:00:00,2361251.65,,562885.30
2026-05-26 17:00:00,2391933.57,,562401.65
2026-05-26 18:00:00,2365015.94,,554509.80
2026-05-26 19:00:00,2378819.19,,552864.48
2026-05-26 20:00:00,2385446.40,,558879.36
2026-05-26 21:00:00,2392711.21,,560863.74
2026-05-26 22:00:00,2357066.66,,561674.00
2026-05-26 23:00:00,2343875.36,,555302.46
2026-05-27 00:00:00,2317835.14,,554158.20
2026-05-27 01:00:00,2335715.02,,559898.34
2026-05-27 02:00:00,2288058.51,,550062.13
2026-05-27 03:00:00,2258287.37,,545995.77
2026-05-27 04:00:00,2233386.55,,543104.20
2026-05-27 05:00:00,2243101.27,,548363.26
2026-05-27 06:00:00,2252869.83,,551452.50
2026-05-27 07:00:00,2249927.85,,549570.89
2026-05-27 08:00:00,2255963.42,,551760.70
2026-05-27 09:00:00,2259185.15,,548781.97
2026-05-27 10:00:00,2246369.03,,546964.35
2026-05-27 11:00:00,2255546.50,,549288.80
2026-05-27 12:00:00,2248890.13,,546639.41
2026-05-27 13:00:00,2259166.85,,549084.12
2026-05-27 14:00:00,2239982.48,,547489.42
2026-05-27 15:00:00,2252660.58,,553195.69
2026-05-27 16:00:00,2265846.88,,555080.17
2026-05-27 17:00:00,2255164.18,,553150.49
2026-05-27 18:00:00,2215094.67,,544801.19
2026-05-27 19:00:00,2232490.27,,548429.12
2026-05-27 20:00:00,2230102.11,,546743.26
2026-05-27 21:00:00,2228554.36,,548476.21
2026-05-27 22:00:00,2150523.30,,534203.03
2026-05-27 23:00:00,2130251.29,,530194.42
2026-05-28 00:00:00,2104096.04,,526652.70
2026-05-28 01:00:00,2101101.12,,527531.28
2026-05-28 02:00:00,2077489.74,,521427.38
2026-05-28 03:00:00,2084778.87,,522042.30
2026-05-28 04:00:00,2033109.86,,510898.04
2026-05-28 05:00:00,2011920.13,,511302.83
2026-05-28 06:00:00,2011513.32,,505955.16
2026-05-28 07:00:00,2012949.92,,506392.17
2026-05-28 08:00:00,2016320.95,,506916.73
2026-05-28 09:00:00,2001478.55,,502253.92
2026-05-28 10:00:00,2006346.55,,500212.51
2026-05-28 11:00:00,1985359.32,,494274.23
2026-05-28 12:00:00,1984680.94,,493921.59
2026-05-28 13:00:00,1972558.52,,490368.30
2026-05-28 14:00:00,1949975.90,,478544.12
2026-05-28 15:00:00,1948514.62,,479221.50
2026-05-28 16:00:00,1985339.06,,477247.01
2026-05-28 17:00:00,2027025.07,,486573.06
2026-05-28 18:00:00,2052273.20,,493831.70
2026-05-28 19:00:00,2054250.29,,496538.32
2026-05-28 20:00:00,2067343.29,,498529.65
2026-05-28 21:00:00,2072483.19,,496823.06
2026-05-28 22:00:00,2080522.11,,494458.65
2026-05-28 23:00:00,2075862.26,,492522.97
2026-05-29 00:00:00,2082709.76,,494690.12
2026-05-29 01:00:00,2075962.53,,494626.96
2026-05-29 02:00:00,2057788.30,,489506.10
2026-05-29 03:00:00,2038643.62,,484932.76
2026-05-29 04:00:00,2040345.01,,486318.74
2026-05-29 05:00:00,2052286.50,,487914.91
2026-05-29 06:00:00,2058201.68,,491746.16
2026-05-29 07:00:00,2066558.11,,494344.22
2026-05-29 08:00:00,2054488.61,,488616.28
2026-05-29 09:00:00,2099774.95,,495985.15
2026-05-29 10:00:00,2123445.11,,514164.45
2026-05-29 11:00:00,2104035.47,,512712.18
2026-05-29 12:00:00,2040728.74,,497214.69
2026-05-29 13:00:00,2031836.28,,492357.27
2026-05-29 14:00:00,2047324.28,,496105.23
2026-05-29 15:00:00,2046764.40,,494888.49
2026-05-29 16:00:00,2104465.93,,509173.45
2026-05-29 17:00:00,2088726.15,,503991.48
2026-05-29 18:00:00,2069076.01,,499507.69
2026-05-29 19:00:00,2046563.73,,495832.05
2026-05-29 20:00:00,2050021.95,,500570.44
2026-05-29 21:00:00,2045795.22,,502027.55
2026-05-29 22:00:00,2026604.67,,497094.48
2026-05-29 23:00:00,2041075.00,,499770.26
2026-05-30 00:00:00,2053886.80,,502679.64
2026-05-30 01:00:00,2066297.76,,507420.43
2026-05-30 02:00:00,2065232.37,,505283.47
2026-05-30 03:00:00,2070344.95,,505838.85
2026-05-30 04:00:00,2073280.08,,504241.73
2026-05-30 05:00:00,2079191.65,,505519.14
2026-05-30 06:00:00,2157627.23,,517840.57
2026-05-30 07:00:00,2184510.33,,521177.20
2026-05-30 08:00:00,2148694.05,,523756.03
2026-05-30 09:00:00,2124980.06,,517464.10
2026-05-30 10:00:00,2117740.97,,514302.36
2026-05-30 11:00:00,2113745.99,,514233.03
2026-05-30 12:00:00,2116009.98,,514104.71
2026-05-30 13:00:00,2119500.05,,514592.16
2026-05-30 14:00:00,2106292.22,,510335.18
2026-05-30 15:00:00,2096524.65,,507673.13
2026-05-30 16:00:00,2099104.17,,507906.79
2026-05-30 17:00:00,2112217.79,,515337.43
2026-05-30 18:00:00,2108044.49,,514348.05
2026-05-30 19:00:00,2105191.42,,512564.50
2026-05-30 20:00:00,2099252.07,,510037.96
2026-05-30 21:00:00,2114659.52,,511754.55
2026-05-30 22:00:00,2110605.09,,508860.28
2026-05-30 23:00:00,2092865.27,,507247.07
2026-05-31 00:00:00,2094219.17,,507029.61
2026-05-31 01:00:00,2102668.48,,509752.80
2026-05-31 02:00:00,2099905.03,,510357.27
2026-05-31 03:00:00,2107515.08,,510389.54
2026-05-31 04:00:00,2102235.11,,509682.29
2026-05-31 05:00:00,2099857.73,,510324.15
2026-05-31 06:00:00,2102547.61,,510732.31
2026-05-31 07:00:00,2087727.88,,509240.81
2026-05-31 08:00:00,2071208.07,,504156.29
2026-05-31 09:00:00,2059621.06,,504139.29
2026-05-31 10:00:00,2054340.86,,500540.74
2026-05-31 11:00:00,2058978.36,,502099.75
2026-05-31 12:00:00,2083487.15,,501656.35
2026-05-31 13:00:00,2074228.80,,500782.51
2026-05-31 14:00:00,2065073.21,,496289.84
2026-05-31 15:00:00,2045568.65,,488457.52
2026-05-31 16:00:00,2051765.80,,489436.62
2026-05-31 17:00:00,2053032.52,,487078.46
2026-05-31 18:00:00,2180810.07,,489093.94
2026-05-31 19:00:00,2171992.86,,488077.64
2026-05-31 20:00:00,2164261.34,,487647.70
2026-05-31 21:00:00,2177849.58,,491335.00
2026-05-31 22:00:00,2185072.88,,494590.19
2026-05-31 23:00:00,2186728.94,,495601.26
2026-06-01 00:00:00,2184579.24,,494464.14
2026-06-01 01:00:00,2188608.69,,496515.93
2026-06-01 02:00:00,2154562.84,,489201.71
2026-06-01 03:00:00,2189885.37,,498505.08
2026-06-01 04:00:00,2189337.68,,498101.80
2026-06-01 05:00:00,2176012.21,,494514.04
2026-06-01 06:00:00,2148399.85,,486859.92
2026-06-01 07:00:00,2135048.70,,482921.71
2026-06-01 08:00:00,2115677.29,,474806.72
2026-06-01 09:00:00,2116452.39,,475345.03
2026-06-01 10:00:00,2115743.90,,475288.35
2026-06-01 11:00:00,2085210.30,,472319.85
2026-06-01 12:00:00,2075032.22,,471478.42
2026-06-01 13:00:00,2062933.53,,468672.31
2026-06-01 14:00:00,2042593.85,,464802.79
2026-06-01 15:00:00,2033359.89,,465264.62
2026-06-01 16:00:00,2040897.07,,473645.04
2026-06-01 17:00:00,2068519.57,,478204.17
2026-06-01 18:00:00,2091842.98,,485298.15
2026-06-01 19:00:00,2071121.63,,482136.24
2026-06-01 20:00:00,2093978.36,,488370.47
2026-06-01 21:00:00,2071122.73,,482499.68
2026-06-01 22:00:00,2051979.52,,477760.63
2026-06-01 23:00:00,2067233.47,,479424.94
2026-06-02 00:00:00,2067909.00,,480620.99
2026-06-02 01:00:00,2057490.82,,478732.67
2026-06-02 02:00:00,2025969.47,,471766.39
2026-06-02 03:00:00,2044284.35,,475696.28
2026-06-02 04:00:00,2161168.09,,493716.81
2026-06-02 05:00:00,2122302.49,,487321.78
2026-06-02 06:00:00,2086437.60,,480414.35
2026-06-02 07:00:00,2084552.28,,479481.14
2026-06-02 08:00:00,2068535.12,,481906.50
2026-06-02 09:00:00,2065220.44,,473498.05
2026-06-02 10:00:00,2043581.22,,473699.57
2026-06-02 11:00:00,2063851.36,,479250.23
2026-06-02 12:00:00,2053776.24,,477739.47
2026-06-02 13:00:00,2057219.71,,477383.59
2026-06-02 14:00:00,2061226.97,,476359.04
2026-06-02 15:00:00,1985779.20,,462597.84
2026-06-02 16:00:00,1971772.90,,463567.36
2026-06-02 17:00:00,1990475.39,,469434.01
2026-06-02 18:00:00,2001002.20,,471202.74
2026-06-02 19:00:00,1975849.64,,465308.03
2026-06-02 20:00:00,1954509.10,,463913.30
2026-06-02 21:00:00,1964875.61,,469691.14
2026-06-02 22:00:00,1954743.39,,469187.16
2026-06-02 23:00:00,1906997.80,,454356.25
2026-06-03 00:00:00,1892219.52,,456184.30
2026-06-03 01:00:00,1901826.37,,460955.13
2026-06-03 02:00:00,1899356.54,,463321.45
2026-06-03 03:00:00,1879997.69,,459116.11
2026-06-03 04:00:00,1841408.15,,448846.07
2026-06-03 05:00:00,1883393.07,,460031.56
2026-06-03 06:00:00,1913620.19,,469866.39
2026-06-03 07:00:00,1908104.94,,469438.84
2026-06-03 08:00:00,1908680.59,,468923.11
2026-06-03 09:00:00,1904380.85,,467878.58
2026-06-03 10:00:00,1892054.54,,463689.89
2026-06-03 11:00:00,1913227.56,,468966.26
2026-06-03 12:00:00,1906011.72,,469119.04
2026-06-03 13:00:00,1908252.18,,468748.67
2026-06-03 14:00:00,1929249.46,,477258.23
2026-06-03 15:00:00,1934346.93,,474190.26
2026-06-03 16:00:00,1911765.32,,468204.12
2026-06-03 17:00:00,1931046.01,,464761.93
2026-06-03 18:00:00,1939198.28,,465501.96
2026-06-03 19:00:00,1939548.43,,463275.94
2026-06-03 20:00:00,1930208.74,,460279.74
2026-06-03 21:00:00,1895428.87,,452548.91
2026-06-03 22:00:00,1976454.34,,469959.84
2026-06-03 23:00:00,1947410.68,,461216.33
2026-06-04 00:00:00,1924314.47,,454542.21
2026-06-04 01:00:00,1888630.59,,446914.05
2026-06-04 02:00:00,1802119.74,,432214.10
2026-06-04 03:00:00,1798548.07,,432546.39
2026-06-04 04:00:00,1835431.44,,439897.27
2026-06-04 05:00:00,1803782.79,,432582.35
2026-06-04 06:00:00,1792359.67,,428086.73
2026-06-04 07:00:00,1801179.57,,431318.12
2026-06-04 08:00:00,1763556.66,,423176.21
2026-06-04 09:00:00,1772825.86,,424773.88
2026-06-04 10:00:00,1741683.12,,418637.55
2026-06-04 11:00:00,1729501.10,,414861.80
2026-06-04 12:00:00,1734954.64,,420441.08
2026-06-04 13:00:00,1767450.36,,434884.52
2026-06-04 14:00:00,1764653.30,,434287.79
2026-06-04 15:00:00,1768879.16,,433090.32
2026-06-04 16:00:00,1789269.21,,441757.02
2026-06-04 17:00:00,1783648.82,,436736.17
2026-06-04 18:00:00,1800858.04,,438574.28
2026-06-04 19:00:00,1819027.84,,441172.33
2026-06-04 20:00:00,1816769.38,,443807.25
2026-06-04 21:00:00,1818835.05,,440792.80
2026-06-04 22:00:00,1784969.40,,431260.07
2026-06-04 23:00:00,1793493.00,,432477.05
2026-06-05 00:00:00,1804675.06,,434740.01
2026-06-05 01:00:00,1780907.87,,429832.05
2026-06-05 02:00:00,1783711.70,,430805.07
2026-06-05 03:00:00,1710985.18,,414515.32
2026-06-05 04:00:00,1728074.14,,414901.34
2026-06-05 05:00:00,1753978.29,,417706.32
2026-06-05 06:00:00,1693914.48,,405884.70
2026-06-05 07:00:00,1624196.40,,393388.62
2026-06-05 08:00:00,1653698.31,,400177.96
2026-06-05 09:00:00,1637184.51,,394810.91
2026-06-05 10:00:00,1689908.97,,405498.69
2026-06-05 11:00:00,1677604.16,,403140.49
2026-06-05 12:00:00,1672373.96,,401699.20
2026-06-05 13:00:00,1660670.08,,399712.56
2026-06-05 14:00:00,1632499.75,,423540.31
2026-06-05 15:00:00,1629489.84,,422641.40
2026-06-05 16:00:00,1623122.88,,407155.74
2026-06-05 17:00:00,1675769.05,,413758.46
2026-06-05 18:00:00,1641599.70,,404651.14
2026-06-05 19:00:00,1571553.99,,388448.31
2026-06-05 20:00:00,1596868.18,,390176.31
2026-06-05 21:00:00,1631046.73,,398520.59
2026-06-05 22:00:00,1651284.75,,402554.46
2026-06-05 23:00:00,1655279.24,,417061.04
2026-06-06 00:00:00,1664299.13,,423928.64
2026-06-06 01:00:00,1691070.74,,426613.60
2026-06-06 02:00:00,1672567.60,,418588.53
2026-06-06 03:00:00,1658345.71,,416472.13
2026-06-06 04:00:00,1653100.54,,412477.49
2026-06-06 05:00:00,1566239.76,,390999.24
2026-06-06 06:00:00,1615439.65,,399854.07
2026-06-06 07:00:00,1607343.46,,400090.34
2026-06-06 08:00:00,1618206.02,,400790.14
2026-06-06 09:00:00,1622218.26,,404481.60
2026-06-06 10:00:00,1609954.98,,403295.70
2026-06-06 11:00:00,1599799.59,,402034.46
2026-06-06 12:00:00,1602809.54,,399918.31
2026-06-06 13:00:00,1628054.25,,404655.17
2026-06-06 14:00:00,1620964.57,,403385.02
2026-06-06 15:00:00,1616183.02,,401838.46
2026-06-06 16:00:00,1601238.03,,401259.73
2026-06-06 17:00:00,1596471.66,,401017.90
2026-06-06 18:00:00,1582835.69,,397076.10
2026-06-06 19:00:00,1586099.39,,398202.76
2026-06-06 20:00:00,1582630.77,,395587.52
2026-06-06 21:00:00,1581128.76,,396403.20
2026-06-06 22:00:00,1591737.05,,398384.58
2026-06-06 23:00:00,1593996.79,,398529.29
2026-06-07 00:00:00,1600105.35,,399942.33
2026-06-07 01:00:00,1597830.30,,399885.53
2026-06-07 02:00:00,1617724.30,,408826.77
2026-06-07 03:00:00,1602163.17,,406387.28
2026-06-07 04:00:00,1608982.37,,408524.89
2026-06-07 05:00:00,1606554.41,,407894.43
2026-06-07 06:00:00,1601484.42,,410295.54
2026-06-07 07:00:00,1599783.19,,411762.03
2026-06-07 08:00:00,1607008.81,,411396.66
2026-06-07 09:00:00,1624644.47,,414955.32
2026-06-07 10:00:00,1614293.76,,417247.97
2026-06-07 11:00:00,1597561.85,,410867.68
2026-06-07 12:00:00,1604558.90,,414603.15
2026-06-07 13:00:00,1568072.36,,411821.13
2026-06-07 14:00:00,1585227.03,,414028.78
2026-06-07 15:00:00,1593179.90,,415250.14
2026-06-07 16:00:00,1593989.12,,414367.55
2026-06-07 17:00:00,1586820.52,,412140.28
2026-06-07 18:00:00,1587131.98,,412439.48
2026-06-07 19:00:00,1573487.51,,409595.44
2026-06-07 20:00:00,1540698.87,,406656.72
2026-06-07 21:00:00,1563135.25,,411709.74
2026-06-07 22:00:00,1581368.93,,410584.25
2026-06-07 23:00:00,1605045.53,,413324.74
2026-06-08 00:00:00,1614585.74,,414781.88
2026-06-08 01:00:00,1628629.19,,418881.22
2026-06-08 02:00:00,1620944.23,,417048.39
2026-06-08 03:00:00,1618538.33,,415816.73
2026-06-08 04:00:00,1616739.90,,415846.14
2026-06-08 05:00:00,1598251.38,,409978.24
2026-06-08 06:00:00,1593251.12,,408778.95
2026-06-08 07:00:00,1599544.34,,413181.33
2026-06-08 08:00:00,1604656.16,,415683.43
2026-06-08 09:00:00,1588641.81,,409471.52
2026-06-08 10:00:00,1604054.72,,413994.96
2026-06-08 11:00:00,1659977.99,,418087.95
2026-06-08 12:00:00,1661363.93,,418007.82
2026-06-08 13:00:00,1698986.31,,419075.17
2026-06-08 14:00:00,1690857.60,,416272.20
2026-06-08 15:00:00,1690438.01,,416040.69
2026-06-08 16:00:00,1668323.36,,422119.63
2026-06-08 17:00:00,1675086.36,,421419.24
2026-06-08 18:00:00,1681702.24,,422944.19
2026-06-08 19:00:00,1670935.17,,420157.57
2026-06-08 20:00:00,1669002.19,,419770.14
2026-06-08 21:00:00,1671440.41,,419296.56
2026-06-08 22:00:00,1664387.16,,416657.22
2026-06-08 23:00:00,1661174.36,,414184.22
2026-06-09 00:00:00,1647694.92,,410191.78
2026-06-09 01:00:00,1628656.44,,401380.19
2026-06-09 02:00:00,1672667.71,,400048.06
2026-06-09 03:00:00,1616538.09,,393684.77
2026-06-09 04:00:00,1616839.28,,395749.09
2026-06-09 05:00:00,1642482.93,,400767.43
2026-06-09 06:00:00,1645671.52,,401509.21
2026-06-09 07:00:00,1631019.76,,402769.30
2026-06-09 08:00:00,1630580.34,,403766.39
2026-06-09 09:00:00,1616169.72,,403215.89
2026-06-09 10:00:00,1596818.10,,399321.65
2026-06-09 11:00:00,1609292.51,,402601.26
2026-06-09 12:00:00,1609942.00,,403296.83
2026-06-09 13:00:00,1617219.17,,406726.75
2026-06-09 14:00:00,1617449.55,,406429.69
2026-06-09 15:00:00,1589701.91,,400517.17
2026-06-09 16:00:00,1570553.94,,395566.11
2026-06-09 17:00:00,1571561.18,,397009.96
2026-06-09 18:00:00,1577942.39,,402026.46
2026-06-09 19:00:00,1580222.12,,403001.72
2026-06-09 20:00:00,1581876.42,,403716.44
2026-06-09 21:00:00,1584513.08,,404693.41
2026-06-09 22:00:00,1565355.57,,400469.12
2026-06-09 23:00:00,1556826.29,,399430.11
2026-06-10 00:00:00,1560400.09,,399859.02
2026-06-10 01:00:00,1555226.84,,398055.47
2026-06-10 02:00:00,1547292.70,,397595.24
2026-06-10 03:00:00,1512506.85,,393187.33
2026-06-10 04:00:00,1511700.51,,390903.00
2026-06-10 05:00:00,1507638.04,,388420.87
2026-06-10 06:00:00,1503673.64,,388191.72
2026-06-10 07:00:00,1511741.74,,392065.08
2026-06-10 08:00:00,1516351.17,,394364.94
2026-06-10 09:00:00,1509667.36,,396299.30
2026-06-10 10:00:00,1505882.61,,395738.29
2026-06-10 11:00:00,1494214.74,,390149.83
2026-06-10 12:00:00,1470020.45,,384482.13
2026-06-10 13:00:00,1503642.39,,391551.84
2026-06-10 14:00:00,1518680.71,,397119.05
2026-06-10 15:00:00,1503765.54,,392563.63
2026-06-10 16:00:00,1516291.14,,395590.49
2026-06-10 17:00:00,1504926.85,,392321.64
2026-06-10 18:00:00,1493929.63,,389171.50
2026-06-10 19:00:00,1491909.04,,387250.19
2026-06-10 20:00:00,1476756.70,,381461.32
2026-06-10 21:00:00,1471207.67,,378988.82
2026-06-10 22:00:00,1441176.30,,370894.01
2026-06-10 23:00:00,1445338.18,,371726.04
2026-06-11 00:00:00,1462776.20,,374774.13
2026-06-11 01:00:00,1471042.47,,376992.44
2026-06-11 02:00:00,1482730.36,,380140.42
2026-06-11 03:00:00,1479920.24,,379086.71
2026-06-11 04:00:00,1502868.02,,383889.17
2026-06-11 05:00:00,1505687.33,,385062.62
2026-06-11 06:00:00,1492435.79,,381581.95
2026-06-11 07:00:00,1494913.69,,382594.65
2026-06-11 08:00:00,1497383.70,,381510.96
2026-06-11 09:00:00,1506432.10,,385040.87
2026-06-11 10:00:00,1493674.37,,382150.14
2026-06-11 11:00:00,1484568.78,,380638.98
2026-06-11 12:00:00,1487603.73,,381745.80
2026-06-11 13:00:00,1481388.73,,380437.21
2026-06-11 14:00:00,1486203.26,,380440.68
2026-06-11 15:00:00,1492629.91,,381299.96
2026-06-11 16:00:00,1503728.30,,382591.12
2026-06-11 17:00:00,1487059.66,,377938.96
2026-06-11 18:00:00,1528101.24,,389495.91
2026-06-11 19:00:00,1520863.40,,389116.58
2026-06-11 20:00:00,1520512.73,,388607.04
2026-06-11 21:00:00,1511242.57,,387285.08
2026-06-11 22:00:00,1509305.71,,388466.73
2026-06-11 23:00:00,1502447.40,,385640.97
2026-06-12 00:00:00,1496312.36,,384478.97
2026-06-12 01:00:00,1500591.39,,387270.21
2026-06-12 02:00:00,1494623.54,,387841.50
2026-06-12 03:00:00,1505585.74,,388474.84
2026-06-12 04:00:00,1505422.18,,388504.73
2026-06-12 05:00:00,1503464.03,,383457.12
2026-06-12 06:00:00,1505633.37,,381915.51
2026-06-12 07:00:00,1477998.68,,377827.69
2026-06-12 08:00:00,1485002.86,,379211.54
2026-06-12 09:00:00,1503465.15,,381473.54
2026-06-12 10:00:00,1510818.02,,383490.49
2026-06-12 11:00:00,1510063.36,,384605.07
2026-06-12 12:00:00,1504637.71,,382945.53
2026-06-12 13:00:00,1507119.75,,385073.05
2026-06-12 14:00:00,1480965.50,,378582.98
2026-06-12 15:00:00,1504292.04,,387283.38
2026-06-12 16:00:00,1485740.57,,382501.37
2026-06-12 17:00:00,1492657.12,,384011.33
2026-06-12 18:00:00,1483311.64,,383389.76
2026-06-12 19:00:00,1475100.23,,382074.19
2026-06-12 20:00:00,1470622.88,,380391.25
2026-06-12 21:00:00,1469678.33,,379155.38
2026-06-12 22:00:00,1467115.01,,377235.02
2026-06-12 23:00:00,1467732.89,,376509.14
2026-06-13 00:00:00,1472803.90,,378046.03
2026-06-13 01:00:00,1479573.40,,382369.37
2026-06-13 02:00:00,1499165.37,,385903.29
2026-06-13 03:00:00,1490490.84,,382719.60
2026-06-13 04:00:00,1489306.97,,382833.33
2026-06-13 05:00:00,1486428.27,,383476.83
2026-06-13 06:00:00,1490451.03,,382498.19
2026-06-13 07:00:00,1505287.60,,387002.45
2026-06-13 08:00:00,1524614.67,,388832.69
2026-06-13 09:00:00,1511647.24,,387724.75
2026-06-13 10:00:00,1504814.35,,387884.77
2026-06-13 11:00:00,1493276.10,,386599.59
2026-06-13 12:00:00,1499232.99,,390894.72
2026-06-13 13:00:00,1500216.90,,390152.78
2026-06-13 14:00:00,1501778.58,,392306.62
2026-06-13 15:00:00,1508827.85,,392062.78
2026-06-13 16:00:00,1497786.76,,389501.24
2026-06-13 17:00:00,1491985.79,,387217.36
2026-06-13 18:00:00,1494201.21,,386573.16
2026-06-13 19:00:00,1486127.85,,384987.65
2026-06-13 20:00:00,1490719.34,,385180.88
2026-06-13 21:00:00,1494003.14,,385364.96
2026-06-13 22:00:00,1497468.19,,386545.29
2026-06-13 23:00:00,1487175.65,,384966.41
2026-06-14 00:00:00,1485276.99,,383854.05
2026-06-14 01:00:00,1478487.24,,382643.51
2026-06-14 02:00:00,1485397.46,,383413.15
2026-06-14 03:00:00,1482862.25,,382325.23
2026-06-14 04:00:00,1484875.99,,382565.31
2026-06-14 05:00:00,1472934.99,,379130.40
2026-06-14 06:00:00,1473841.69,,379411.24
2026-06-14 07:00:00,1472137.17,,377971.43
2026-06-14 08:00:00,1468944.27,,375695.36
2026-06-14 09:00:00,1473414.40,,377218.40
2026-06-14 10:00:00,1472918.73,,377193.50
2026-06-14 11:00:00,1470249.28,,375618.56
2026-06-14 12:00:00,1484799.46,,377170.79
2026-06-14 13:00:00,1470521.37,,374454.09
2026-06-14 14:00:00,1467629.08,,374566.01
2026-06-14 15:00:00,1452207.81,,372337.93
2026-06-14 16:00:00,1455614.74,,370262.65
2026-06-14 17:00:00,1463869.07,,371147.49
2026-06-14 18:00:00,1457148.82,,370540.09
2026-06-14 19:00:00,1463976.35,,370857.63
2026-06-14 20:00:00,1466473.02,,371713.18
2026-06-14 21:00:00,1468725.98,,372349.89
2026-06-14 22:00:00,1512826.76,,381228.89
2026-06-14 23:00:00,1512446.50,,380999.96
2026-06-15 00:00:00,1521008.85,,384066.53
2026-06-15 01:00:00,1517609.59,,384189.44
2026-06-15 02:00:00,1523217.99,,382252.33
2026-06-15 03:00:00,1524101.66,,382386.95
2026-06-15 04:00:00,1535428.96,,383359.38
2026-06-15 05:00:00,1536665.17,,382617.21
2026-06-15 06:00:00,1531441.23,,386871.00
2026-06-15 07:00:00,1575771.25,,400475.92
2026-06-15 08:00:00,1597285.15,,395700.30
2026-06-15 09:00:00,1587470.98,,394886.90
2026-06-15 10:00:00,1614941.72,,395830.77
2026-06-15 11:00:00,1608035.77,,394647.40
2026-06-15 12:00:00,1609488.01,,397642.15
2026-06-15 13:00:00,1610514.72,,398872.92
2026-06-15 14:00:00,1619896.96,,400928.66
2026-06-15 15:00:00,1601726.23,,401401.97
2026-06-15 16:00:00,1605287.75,,403194.83
2026-06-15 17:00:00,1593306.52,,399403.57
2026-06-15 18:00:00,1589520.51,,398554.61
2026-06-15 19:00:00,1572923.09,,396163.52
2026-06-15 20:00:00,1562759.71,,391166.61
2026-06-15 21:00:00,1563768.81,,391325.25
2026-06-15 22:00:00,1566371.36,,389312.03
2026-06-15 23:00:00,1534258.45,,386217.82
2026-06-16 00:00:00,1537688.58,,387338.27
2026-06-16 01:00:00,1666890.67,,387517.34
2026-06-16 02:00:00,1546980.88,,386936.32
2026-06-16 03:00:00,1524000.68,,382406.92
2026-06-16 04:00:00,1536781.83,,385413.46
2026-06-16 05:00:00,1525634.05,,383471.77
2026-06-16 06:00:00,1532119.32,,388934.19
2026-06-16 07:00:00,1533835.40,,390255.56
2026-06-16 08:00:00,1533021.76,,391331.08
2026-06-16 09:00:00,1539535.32,,395084.61
2026-06-16 10:00:00,1525290.53,,390840.97
2026-06-16 11:00:00,1525578.16,,391514.23
2026-06-16 12:00:00,1518206.86,,394857.27
2026-06-16 13:00:00,1514325.45,,394494.00
2026-06-16 14:00:00,1478870.36,,385715.67
2026-06-16 15:00:00,1450232.28,,376677.94
2026-06-16 16:00:00,1468328.51,,379652.96
2026-06-16 17:00:00,1465873.16,,377228.87
2026-06-16 18:00:00,1477016.67,,377105.62
2026-06-16 19:00:00,1463827.90,,363135.22
2026-06-16 20:00:00,1467364.59,,353449.02
2026-06-16 21:00:00,1479327.76,,353041.41
2026-06-16 22:00:00,1470521.53,,349539.81
2026-06-16 23:00:00,1467056.36,,348491.69
2026-06-17 00:00:00,1460294.57,,346296.82
2026-06-17 01:00:00,1460050.95,,346365.44
2026-06-17 02:00:00,1475869.80,,352050.13
2026-06-17 03:00:00,1471010.41,,350167.05
2026-06-17 04:00:00,1452514.20,,345764.55
2026-06-17 05:00:00,1463191.46,,346610.53
2026-06-17 06:00:00,1453915.06,,344504.30
2026-06-17 07:00:00,1459384.50,,345696.26
2026-06-17 08:00:00,1453374.13,,343879.33
2026-06-17 09:00:00,1443808.13,,340633.95
2026-06-17 10:00:00,1450267.29,,341152.90
2026-06-17 11:00:00,1444496.22,,339933.70
2026-06-17 12:00:00,1443206.48,,339364.89
2026-06-17 13:00:00,1457271.54,,341200.72
2026-06-17 14:00:00,1448659.78,,340603.25
2026-06-17 15:00:00,1445117.44,,337794.95
2026-06-17 16:00:00,1476974.80,,345941.90
2026-06-17 17:00:00,1463066.35,,343730.88
2026-06-17 18:00:00,1488097.43,,346824.95
2026-06-17 19:00:00,1494666.58,,343337.72
2026-06-17 20:00:00,1466618.39,,337769.59
2026-06-17 21:00:00,1487849.48,,340337.70
2026-06-17 22:00:00,1466867.97,,335139.96
2026-06-17 23:00:00,1457681.30,,333065.45
2026-06-18 00:00:00,1459936.21,,335902.17
2026-06-18 01:00:00,1453511.99,,333824.78
2026-06-18 02:00:00,1461270.73,,334164.50
2026-06-18 03:00:00,1464053.69,,329054.29
2026-06-18 04:00:00,1447851.36,,324448.58
2026-06-18 05:00:00,1423089.60,,319798.17
2026-06-18 06:00:00,1436783.59,,323061.29
2026-06-18 07:00:00,1438079.60,,324663.40
2026-06-18 08:00:00,1443799.14,,326143.42
2026-06-18 09:00:00,1438892.70,,325374.67
2026-06-18 10:00:00,1436659.91,,326422.40
2026-06-18 11:00:00,1426608.54,,324716.97
2026-06-18 12:00:00,1417525.50,,321877.52
2026-06-18 13:00:00,1428112.06,,322805.08
2026-06-18 14:00:00,1423719.33,,320661.79
2026-06-18 15:00:00,1427343.66,,323730.25
2026-06-18 16:00:00,1363815.92,,312773.24
2026-06-18 17:00:00,1386931.68,,315982.71
2026-06-18 18:00:00,1385211.98,,311702.78
2026-06-18 19:00:00,1390534.21,,312321.84
2026-06-18 20:00:00,1418485.32,,313657.38
2026-06-18 21:00:00,1428119.22,,314836.88
2026-06-18 22:00:00,1417175.04,,313039.59
2026-06-18 23:00:00,1416421.98,,310392.55
2026-06-19 00:00:00,1422613.20,,310942.87
2026-06-19 01:00:00,1430795.04,,312026.52
2026-06-19 02:00:00,1441123.34,,314073.37
2026-06-19 03:00:00,1442962.07,,317855.61
2026-06-19 04:00:00,1434179.36,,316122.91
2026-06-19 05:00:00,1423830.03,,312725.57
2026-06-19 06:00:00,1436043.49,,315952.47
2026-06-19 07:00:00,1424666.35,,314262.68
2026-06-19 08:00:00,1384716.16,,313372.02
2026-06-19 09:00:00,1398304.70,,316322.30
2026-06-19 10:00:00,1385762.21,,316239.69
2026-06-19 11:00:00,1398319.68,,317151.15
2026-06-19 12:00:00,1405927.94,,313169.75
2026-06-19 13:00:00,1455319.43,,322647.76
2026-06-19 14:00:00,1458947.54,,319703.77
2026-06-19 15:00:00,1478176.66,,325775.39
2026-06-19 16:00:00,1467447.05,,321217.61
2026-06-19 17:00:00,1438266.79,,318069.05
2026-06-19 18:00:00,1441937.83,,321824.68
2026-06-19 19:00:00,1464982.62,,322909.92
2026-06-19 20:00:00,1459911.48,,321891.04
2026-06-19 21:00:00,1451531.25,,320559.50
2026-06-19 22:00:00,1445258.09,,319813.62
2026-06-19 23:00:00,1450859.95,,319972.58
2026-06-20 00:00:00,1457707.42,,320430.82
2026-06-20 01:00:00,1444645.73,,318014.58
2026-06-20 02:00:00,1433686.79,,316793.89
2026-06-20 03:00:00,1419029.36,,312994.68
2026-06-20 04:00:00,1419792.42,,311716.81
2026-06-20 05:00:00,1430402.97,,313621.60
2026-06-20 06:00:00,1436822.76,,314164.02
2026-06-20 07:00:00,1443404.41,,316204.97
2026-06-20 08:00:00,1432792.75,,313358.02
2026-06-20 09:00:00,1435765.77,,312219.72
2026-06-20 10:00:00,1436111.67,,310388.45
2026-06-20 11:00:00,1432580.73,,310171.78
2026-06-20 12:00:00,1431941.81,,309895.40
2026-06-20 13:00:00,1426252.80,,309686.19
2026-06-20 14:00:00,1417595.78,,310405.63
2026-06-20 15:00:00,1423840.66,,311390.44
2026-06-20 16:00:00,1420425.58,,311502.99
2026-06-20 17:00:00,1413662.69,,311175.94
2026-06-20 18:00:00,1400640.70,,308596.63
2026-06-20 19:00:00,1395817.84,,310172.48
2026-06-20 20:00:00,1396224.61,,309727.82
2026-06-20 21:00:00,1393818.54,,310098.66
2026-06-20 22:00:00,1392576.71,,309185.10
2026-06-20 23:00:00,1393045.50,,309079.34
2026-06-21 00:00:00,1394153.28,,309805.97
2026-06-21 01:00:00,1414124.74,,310879.50
2026-06-21 02:00:00,1410229.80,,309927.32
2026-06-21 03:00:00,1408982.54,,309033.52
2026-06-21 04:00:00,1410412.96,,308207.87
2026-06-21 05:00:00,1397349.65,,306278.69
2026-06-21 06:00:00,1396039.91,,306276.57
2026-06-21 07:00:00,1414603.34,,326418.89
2026-06-21 08:00:00,1399037.89,,325984.35
2026-06-21 09:00:00,1395903.03,,325810.35
2026-06-21 10:00:00,1405090.69,,326799.39
2026-06-21 11:00:00,1394423.74,,324567.26
2026-06-21 12:00:00,1391142.96,,324654.20
2026-06-21 13:00:00,1388422.53,,325908.79
2026-06-21 14:00:00,1393741.28,,325479.09
2026-06-21 15:00:00,1395339.78,,325016.34
2026-06-21 16:00:00,1392919.30,,325629.87
2026-06-21 17:00:00,1389733.12,,324298.88
2026-06-21 18:00:00,1392505.59,,324280.07
2026-06-21 19:00:00,1390995.26,,325367.04
2026-06-21 20:00:00,1385655.42,,324066.11
2026-06-21 21:00:00,1369635.04,,320401.18
2026-06-21 22:00:00,1372998.44,,318483.94
2026-06-21 23:00:00,1383347.02,,319085.09
2026-06-22 00:00:00,1369136.92,,317305.06
2026-06-22 01:00:00,1388174.98,,321995.45
2026-06-22 02:00:00,1394081.02,,323706.13
2026-06-22 03:00:00,1386325.84,,322331.56
2026-06-22 04:00:00,1379239.30,,321125.20
2026-06-22 05:00:00,1381776.08,,321648.03
2026-06-22 06:00:00,1385688.02,,322757.48
2026-06-22 07:00:00,1381562.15,,332837.49
2026-06-22 08:00:00,1387437.60,,334838.33
2026-06-22 09:00:00,1386111.04,,334629.28
2026-06-22 10:00:00,1391352.20,,334036.44
2026-06-22 11:00:00,1390961.44,,334883.35
2026-06-22 12:00:00,1406447.54,,336836.79
2026-06-22 13:00:00,1415777.31,,336874.09
2026-06-22 14:00:00,1420163.29,,337247.63
2026-06-22 15:00:00,1427960.01,,338033.89
2026-06-22 16:00:00,1423531.24,,334351.12
2026-06-22 17:00:00,1414534.83,,333879.50
2026-06-22 18:00:00,1410373.24,,330930.47
2026-06-22 19:00:00,1398964.50,,327807.28
2026-06-22 20:00:00,1399044.50,,327347.01
2026-06-22 21:00:00,1390396.00,,327163.01
2026-06-22 22:00:00,1386815.48,,326204.45
2026-06-22 23:00:00,1367267.80,,321109.00
2026-06-23 00:00:00,1372364.74,,320659.33
2026-06-23 01:00:00,1378622.46,,320633.90
2026-06-23 02:00:00,1375260.24,,319772.08
2026-06-23 03:00:00,1369214.75,,317900.97
2026-06-23 04:00:00,1372438.24,,317167.01
2026-06-23 05:00:00,1370155.49,,314160.29
2026-06-23 06:00:00,1369481.08,,314571.07
2026-06-23 07:00:00,1350164.34,,307023.80
2026-06-23 08:00:00,1343047.12,,306266.34
2026-06-23 09:00:00,1325922.83,,304507.03
2026-06-23 10:00:00,1329634.09,,306402.73
2026-06-23 11:00:00,1322040.60,,305067.06
2026-06-23 12:00:00,1336287.47,,307260.79
2026-06-23 13:00:00,1329595.40,,305823.09
2026-06-23 14:00:00,1359733.45,,308562.49
2026-06-23 15:00:00,1355345.90,,305786.98
2026-06-23 16:00:00,1354739.61,,296138.92
2026-06-23 17:00:00,1369019.93,,298173.99
2026-06-23 18:00:00,1367635.81,,295761.20
2026-06-23 19:00:00,1376991.41,,296961.61
2026-06-23 20:00:00,1375932.84,,294211.99
2026-06-23 21:00:00,1378690.91,,293557.39
2026-06-23 22:00:00,1379176.79,,294619.49
2026-06-23 23:00:00,1380021.19,,294383.07
2026-06-24 00:00:00,1373328.13,,293632.71
2026-06-24 01:00:00,1379579.05,,293955.22
2026-06-24 02:00:00,1373656.99,,293165.96
2026-06-24 03:00:00,1364143.08,,291134.64
2026-06-24 04:00:00,1368950.19,,290508.43
2026-06-24 05:00:00,1370818.05,,290491.98
2026-06-24 06:00:00,1379945.10,,291310.67
2026-06-24 07:00:00,1374840.98,,290661.73
2026-06-24 08:00:00,1372686.44,,289393.05
2026-06-24 09:00:00,1381754.49,,290229.26
2026-06-24 10:00:00,1374599.56,,289831.90
2026-06-24 11:00:00,1370810.63,,289441.39
2026-06-24 12:00:00,1382502.99,,292573.51
2026-06-24 13:00:00,1370960.43,,290387.70
2026-06-24 14:00:00,1336895.10,,284416.43
2026-06-24 15:00:00,1344902.84,,290176.50
2026-06-24 16:00:00,1313934.38,,284288.01
2026-06-24 17:00:00,1289621.44,,282146.10
2026-06-24 18:00:00,1286651.76,,283223.05
2026-06-24 19:00:00,1310582.91,,286142.96
2026-06-24 20:00:00,1312171.71,,287766.95
2026-06-24 21:00:00,1344782.79,,285561.30
2026-06-24 22:00:00,1345566.96,,286652.06
2026-06-24 23:00:00,1341560.79,,285069.63
2026-06-25 00:00:00,1343460.46,,283709.02
2026-06-25 01:00:00,1329277.58,,282184.15
2026-06-25 02:00:00,1330914.78,,281624.61
2026-06-25 03:00:00,1326936.14,,280670.57
2026-06-25 04:00:00,1328095.77,,279782.25
2026-06-25 05:00:00,1332997.57,,286397.34
2026-06-25 06:00:00,1336058.92,,286464.06
2026-06-25 07:00:00,1334234.74,,286603.26
2026-06-25 08:00:00,1339269.95,,286927.40
2026-06-25 09:00:00,1333708.49,,285811.61
2026-06-25 10:00:00,1337450.43,,285846.34
2026-06-25 11:00:00,1328937.67,,284507.27
2026-06-25 12:00:00,1329550.66,,284686.88
2026-06-25 13:00:00,1331640.49,,283187.01
2026-06-25 14:00:00,1237187.44,,270715.21
2026-06-25 15:00:00,1296323.26,,282401.07
2026-06-25 16:00:00,1310617.33,,284520.18
2026-06-25 17:00:00,1306129.32,,279388.40
2026-06-25 18:00:00,1319507.38,,281828.84
2026-06-25 19:00:00,1307053.92,,278032.77
2026-06-25 20:00:00,1303882.93,,277508.31
2026-06-25 21:00:00,1311460.74,,278032.25
2026-06-25 22:00:00,1341634.43,,280803.31
2026-06-25 23:00:00,1334008.98,,279327.81
2026-06-26 00:00:00,1334257.54,,276797.69
2026-06-26 01:00:00,1336536.73,,275961.53
2026-06-26 02:00:00,1331065.60,,279379.72
2026-06-26 03:00:00,1288054.88,,275975.36
2026-06-26 04:00:00,1324948.69,,280508.58
2026-06-26 05:00:00,1305461.99,,279225.32
2026-06-26 06:00:00,1315075.13,,280118.93
2026-06-26 07:00:00,1341016.14,,285050.28
2026-06-26 08:00:00,1362247.04,,285023.15
2026-06-26 09:00:00,1351967.20,,283133.29
2026-06-26 10:00:00,1327722.92,,279666.76
2026-06-26 11:00:00,1308701.70,,277101.66
2026-06-26 12:00:00,1309625.28,,278420.24
2026-06-26 13:00:00,1304950.98,,279621.53
2026-06-26 14:00:00,1348020.48,,286162.88
2026-06-26 15:00:00,1354215.03,,281683.52
2026-06-26 16:00:00,1398472.07,,284929.19
2026-06-26 17:00:00,1419447.40,,284530.45
2026-06-26 18:00:00,1411743.71,,283468.02
2026-06-26 19:00:00,1410426.65,,283222.87
2026-06-26 20:00:00,1392422.17,,280233.35
2026-06-26 21:00:00,1384509.08,,278819.39
2026-06-26 22:00:00,1377459.88,,276818.00
2026-06-26 23:00:00,1395924.89,,276360.54
2026-06-27 00:00:00,1396115.57,,275691.30
2026-06-27 01:00:00,1401656.36,,276830.56
2026-06-27 02:00:00,1390939.40,,273803.79
2026-06-27 03:00:00,1392148.29,,274760.58
2026-06-27 04:00:00,1385763.01,,271997.83
2026-06-27 05:00:00,1377138.38,,270849.52
2026-06-27 06:00:00,1372150.93,,271765.31
2026-06-27 07:00:00,1370892.20,,270322.30
2026-06-27 08:00:00,1376484.42,,270781.75
2026-06-27 09:00:00,1367099.54,,266732.56
2026-06-27 10:00:00,1369526.69,,265785.79
2026-06-27 11:00:00,1372912.93,,266136.53
2026-06-27 12:00:00,1367875.28,,263821.21
2026-06-27 13:00:00,1357798.74,,262612.01
2026-06-27 14:00:00,1356675.07,,262757.86
2026-06-27 15:00:00,1362366.22,,263552.14
2026-06-27 16:00:00,1365619.44,,263489.64
2026-06-27 17:00:00,1369671.23,,264235.77
2026-06-27 18:00:00,1356546.28,,260377.22
2026-06-27 19:00:00,1353150.30,,259670.53
2026-06-27 20:00:00,1342578.72,,256808.13
2026-06-27 21:00:00,1347851.00,,257915.94
2026-06-27 22:00:00,1338579.23,,256778.70
2026-06-27 23:00:00,1332994.22,,257608.08
2026-06-28 00:00:00,1338245.12,,257401.49
2026-06-28 01:00:00,1336039.87,,257638.76
2026-06-28 02:00:00,1337826.45,,258014.25
2026-06-28 03:00:00,1335324.14,,257078.55
2026-06-28 04:00:00,1360617.66,,258531.16
2026-06-28 05:00:00,1352998.85,,258782.43
2026-06-28 06:00:00,1347165.41,,258146.89
2026-06-28 07:00:00,1353998.68,,257913.79
2026-06-28 08:00:00,1356341.11,,258125.58
2026-06-28 09:00:00,1359244.42,,257429.56
2026-06-28 10:00:00,1355231.70,,257001.03
2026-06-28 11:00:00,1362073.17,,258775.23
2026-06-28 12:00:00,1371684.11,,257848.13
2026-06-28 13:00:00,1368689.36,,257564.89
2026-06-28 14:00:00,1364328.31,,255492.96
2026-06-28 15:00:00,1370482.21,,256970.49
2026-06-28 16:00:00,1367796.14,,255289.52
2026-06-28 17:00:00,1357065.69,,254637.77
2026-06-28 18:00:00,1527711.75,,300057.38
2026-06-28 19:00:00,1574662.48,,299153.47
2026-06-28 20:00:00,1564180.97,,293108.64
2026-06-28 21:00:00,1501593.88,,286942.49
2026-06-28 22:00:00,1509308.89,,291818.68
2026-06-28 23:00:00,1505558.16,,289009.28
2026-06-29 00:00:00,1508193.72,,290247.76
2026-06-29 01:00:00,1491317.44,,290231.17
2026-06-29 02:00:00,1494627.70,,289776.57
2026-06-29 03:00:00,1554406.09,,306519.16
2026-06-29 04:00:00,1551698.54,,300485.51
2026-06-29 05:00:00,1524381.76,,291153.36
2026-06-29 06:00:00,1536333.13,,289665.16
2026-06-29 07:00:00,1520958.61,,286479.54
2026-06-29 08:00:00,1521023.18,,282772.80
2026-06-29 09:00:00,1536591.28,,284569.60
2026-06-29 10:00:00,1553621.16,,285121.26
2026-06-29 11:00:00,1504976.88,,284769.38
2026-06-29 12:00:00,1597577.85,,292226.89
2026-06-29 13:00:00,1940041.12,,373486.36
2026-06-29 14:00:00,1942394.57,,375915.33
2026-06-29 15:00:00,1890202.93,,348936.75
2026-06-29 16:00:00,1889155.09,,343641.62
2026-06-29 17:00:00,1851629.02,,336739.71
2026-06-29 18:00:00,1791602.89,,319096.31
2026-06-29 19:00:00,1769878.24,,317578.70
2026-06-29 20:00:00,1751308.74,,311758.32
2026-06-29 21:00:00,1718973.41,,307015.49
2026-06-29 22:00:00,1731075.78,,309295.46
2026-06-29 23:00:00,1752519.47,,303935.06
2026-06-30 00:00:00,1758495.21,,300955.14
2026-06-30 01:00:00,1786089.79,,307588.24
2026-06-30 02:00:00,1806900.89,,310616.30
2026-06-30 03:00:00,1835933.16,,314355.02
2026-06-30 04:00:00,1849509.76,,348997.42
2026-06-30 05:00:00,1832112.35,,338445.18
2026-06-30 06:00:00,1831238.52,,326193.55
2026-06-30 07:00:00,1812233.60,,327821.37
2026-06-30 08:00:00,1777717.17,,321851.05
2026-06-30 09:00:00,1739795.85,,317447.27
2026-06-30 10:00:00,1730880.10,,319047.64
2026-06-30 11:00:00,1721554.08,,316354.73
2026-06-30 12:00:00,1685771.80,,311116.57
2026-06-30 13:00:00,1660206.95,,298544.23
2026-06-30 14:00:00,1622128.53,,297249.49
2026-06-30 15:00:00,1622073.60,,299555.70
2026-06-30 16:00:00,1652990.68,,299548.79
2026-06-30 17:00:00,1645712.42,,300948.79
2026-06-30 18:00:00,1648608.86,,296587.37
2026-06-30 19:00:00,1653593.27,,297185.87
2026-06-30 20:00:00,1609794.49,,296137.00
2026-06-30 21:00:00,1606849.71,,295696.15
2026-06-30 22:00:00,1620025.15,,295968.66
2026-06-30 23:00:00,1621160.58,,296436.19
2026-07-01 00:00:00,1618572.77,,295800.30
2026-07-01 01:00:00,1621271.74,,293244.67
2026-07-01 02:00:00,1588604.18,,289001.01
2026-07-01 03:00:00,1605707.49,,291221.76
2026-07-01 04:00:00,1627705.84,,291101.60
2026-07-01 05:00:00,1633311.22,,292108.31
2026-07-01 06:00:00,1616420.82,,291747.10
2026-07-01 07:00:00,1602427.54,,289657.62
2026-07-01 08:00:00,1611680.76,,288786.07
2026-07-01 09:00:00,1605194.71,,287904.47
2026-07-01 10:00:00,1604363.20,,286929.43
2026-07-01 11:00:00,1589962.35,,286961.44
2026-07-01 12:00:00,1597379.70,,287046.69
2026-07-01 13:00:00,1578201.46,,285331.79
2026-07-01 14:00:00,1584463.13,,290261.02
2026-07-01 15:00:00,1589019.25,,288213.92
2026-07-01 16:00:00,1599282.02,,285778.16
2026-07-01 17:00:00,1585989.94,,284509.68
2026-07-01 18:00:00,1584930.26,,283803.60
2026-07-01 19:00:00,1567729.51,,285557.82
2026-07-01 20:00:00,1568484.99,,285022.41
2026-07-01 21:00:00,1569160.95,,283569.52
2026-07-01 22:00:00,1588244.68,,288004.91
2026-07-01 23:00:00,1557662.38,,285194.45
2026-07-02 00:00:00,1554629.69,,287894.65
2026-07-02 01:00:00,1541109.38,,281957.15
2026-07-02 02:00:00,1554218.86,,284733.35
2026-07-02 03:00:00,1552535.01,,283570.02
2026-07-02 04:00:00,1565400.32,,288861.71
2026-07-02 05:00:00,1568307.27,,288570.39
2026-07-02 06:00:00,1606315.96,,290958.99
2026-07-02 07:00:00,1586820.96,,284942.15
2026-07-02 08:00:00,1612683.78,,293508.32
2026-07-02 09:00:00,1608463.54,,290634.96
2026-07-02 10:00:00,1621355.61,,291982.43
2026-07-02 11:00:00,1619915.13,,289209.54
2026-07-02 12:00:00,1618575.56,,289095.37
2026-07-02 13:00:00,1632072.54,,289843.53
2026-07-02 14:00:00,1615835.59,,290460.17
2026-07-02 15:00:00,1597048.73,,286925.21
2026-07-02 16:00:00,1604535.73,,288621.37
2026-07-02 17:00:00,1581312.89,,286383.68
2026-07-02 18:00:00,1573078.19,,285909.69
2026-07-02 19:00:00,1580526.63,,287009.75
2026-07-02 20:00:00,1587623.59,,285540.77
2026-07-02 21:00:00,1589843.52,,288524.65
2026-07-02 22:00:00,1581555.25,,289748.02
2026-07-02 23:00:00,1579334.48,,289198.52
2026-07-03 00:00:00,1593093.68,,289631.20
2026-07-03 01:00:00,1590469.41,,284633.19
2026-07-03 02:00:00,1615321.42,,284797.74
2026-07-03 03:00:00,1611477.13,,285396.30
2026-07-03 04:00:00,1612992.90,,284486.74
2026-07-03 05:00:00,1601035.99,,283451.50
2026-07-03 06:00:00,1615211.84,,284315.05
2026-07-03 07:00:00,1617096.92,,285240.81
2026-07-03 08:00:00,1627741.65,,285890.04
2026-07-03 09:00:00,1682722.95,,292071.66
2026-07-03 10:00:00,1753619.18,,299300.86
2026-07-03 11:00:00,1738739.01,,295631.02
2026-07-03 12:00:00,1747098.45,,294366.26
2026-07-03 13:00:00,1726642.68,,294005.56
2026-07-03 14:00:00,1724770.74,,296680.29
2026-07-03 15:00:00,1720303.52,,295605.74
2026-07-03 16:00:00,1699698.43,,293648.48
2026-07-03 17:00:00,1694051.53,,292399.02
2026-07-03 18:00:00,1708394.21,,296757.72
2026-07-03 19:00:00,1704615.13,,295314.06
2026-07-03 20:00:00,1710037.05,,296497.25
2026-07-03 21:00:00,1705999.29,,291782.41
2026-07-03 22:00:00,1703851.46,,294979.11
2026-07-03 23:00:00,1712462.10,,295741.74
2026-07-04 00:00:00,1709451.51,,296258.98
2026-07-04 01:00:00,1636389.49,,294253.72
2026-07-04 02:00:00,1633188.63,,290514.56
2026-07-04 03:00:00,1630054.47,,289596.50
2026-07-04 04:00:00,1626080.31,,289730.34
2026-07-04 05:00:00,1626464.92,,288026.15
2026-07-04 06:00:00,1619698.72,,284951.63
2026-07-04 07:00:00,1642343.72,,284371.08
2026-07-04 08:00:00,1623044.06,,283223.56
2026-07-04 09:00:00,1620287.66,,282767.87
2026-07-04 10:00:00,1619842.71,,282320.49
2026-07-04 11:00:00,1625936.99,,281222.94
2026-07-04 12:00:00,1622991.73,,282193.00
2026-07-04 13:00:00,1631773.85,,282074.48
2026-07-04 14:00:00,1628455.77,,279494.68
2026-07-04 15:00:00,1633283.26,,280458.37
2026-07-04 16:00:00,1646186.61,,278959.69
2026-07-04 17:00:00,1645378.65,,279403.11
2026-07-04 18:00:00,1662267.08,,288960.76
2026-07-04 19:00:00,1663234.32,,287245.71
2026-07-04 20:00:00,1668185.44,,278107.11
2026-07-04 21:00:00,1651873.61,,276425.95
2026-07-04 22:00:00,1650404.90,,276209.27
2026-07-04 23:00:00,1641881.22,,275476.30
2026-07-05 00:00:00,1646951.08,,275155.22
2026-07-05 01:00:00,1640908.28,,274677.48
2026-07-05 02:00:00,1621937.52,,273276.74
2026-07-05 03:00:00,1595765.59,,271816.74
2026-07-05 04:00:00,1600979.00,,272250.66
2026-07-05 05:00:00,1599880.77,,273334.11
2026-07-05 06:00:00,1597848.22,,272529.47
2026-07-05 07:00:00,1591354.73,,271806.22
2026-07-05 08:00:00,1587149.18,,271834.48
2026-07-05 09:00:00,1580899.63,,269939.21
2026-07-05 10:00:00,1568501.50,,267863.87
2026-07-05 11:00:00,1567739.11,,267697.24
2026-07-05 12:00:00,1567158.99,,267489.75
2026-07-05 13:00:00,1574451.42,,267874.56
2026-07-05 14:00:00,1575051.75,,267786.85
2026-07-05 15:00:00,1589027.37,,267857.80
2026-07-05 16:00:00,1587274.64,,268193.67
2026-07-05 17:00:00,1579278.13,,267189.14
2026-07-05 18:00:00,1572591.03,,267617.62
2026-07-05 19:00:00,1585349.66,,268328.54
2026-07-05 20:00:00,1577743.16,,269789.55
2026-07-05 21:00:00,1578374.68,,270721.38
2026-07-05 22:00:00,1583919.81,,270548.91
2026-07-05 23:00:00,1576151.53,,269440.89
2026-07-06 00:00:00,1563698.95,,268833.07
2026-07-06 01:00:00,1553096.36,,267167.63
2026-07-06 02:00:00,1531336.83,,263657.06
2026-07-06 03:00:00,1521188.14,,263834.85
2026-07-06 04:00:00,1518578.08,,263482.54
2026-07-06 05:00:00,1502604.01,,262113.26
2026-07-06 06:00:00,1492020.26,,261013.65
2026-07-06 07:00:00,1496087.37,,259702.67
2026-07-06 08:00:00,1518401.68,,260345.45
2026-07-06 09:00:00,1521262.98,,259510.48
2026-07-06 10:00:00,1527855.74,,259499.46
2026-07-06 11:00:00,1542865.17,,260291.25
2026-07-06 12:00:00,1534068.37,,259670.80
2026-07-06 13:00:00,1489633.67,,260454.77
2026-07-06 14:00:00,1540372.09,,268330.50
2026-07-06 15:00:00,1619778.22,,286351.26
2026-07-06 16:00:00,1610682.73,,281718.87
2026-07-06 17:00:00,1574227.70,,276368.81
2026-07-06 18:00:00,1566573.61,,275723.17
2026-07-06 19:00:00,1579870.96,,277574.67
2026-07-06 20:00:00,1568729.22,,275841.72
2026-07-06 21:00:00,1560195.93,,275301.14
2026-07-06 22:00:00,1559552.25,,273471.74
2026-07-06 23:00:00,1541406.10,,271801.35
2026-07-07 00:00:00,1536228.19,,268805.26
2026-07-07 01:00:00,1540593.81,,272292.97
2026-07-07 02:00:00,1528003.15,,268815.96
2026-07-07 03:00:00,1521857.05,,266612.46
2026-07-07 04:00:00,1514254.61,,265241.22
2026-07-07 05:00:00,1506830.93,,264606.42
2026-07-07 06:00:00,1502747.26,,264281.59
2026-07-07 07:00:00,1504300.18,,267037.52
2026-07-07 08:00:00,1488397.02,,266394.77
2026-07-07 09:00:00,1486792.66,,265684.69
2026-07-07 10:00:00,1493112.24,,266057.53
2026-07-07 11:00:00,1478330.15,,264859.66
2026-07-07 12:00:00,1484677.55,,265090.29
2026-07-07 13:00:00,1482404.96,,263646.29
2026-07-07 14:00:00,1463108.80,,261678.53
2026-07-07 15:00:00,1479405.95,,264750.05
2026-07-07 16:00:00,1483850.00,,262917.08
2026-07-07 17:00:00,1480465.07,,263489.30
2026-07-07 18:00:00,1479594.67,,263125.27
2026-07-07 19:00:00,1469265.93,,261125.64
2026-07-07 20:00:00,1460715.72,,259385.04
2026-07-07 21:00:00,1464017.60,,258867.99
2026-07-07 22:00:00,1471916.16,,258302.09
2026-07-07 23:00:00,1455369.01,,255250.76
2026-07-08 00:00:00,1461263.57,,254951.52
2026-07-08 01:00:00,1466004.63,,254733.34
2026-07-08 02:00:00,1452390.57,,250763.23
2026-07-08 03:00:00,1448693.57,,249913.40
2026-07-08 04:00:00,1437346.59,,248969.00
2026-07-08 05:00:00,1437842.04,,249025.00
2026-07-08 06:00:00,1438974.53,,248404.36
2026-07-08 07:00:00,1439015.81,,247421.16
2026-07-08 08:00:00,1443018.54,,247652.38
2026-07-08 09:00:00,1424986.11,,244569.87
2026-07-08 10:00:00,1422473.75,,243968.21
2026-07-08 11:00:00,1426595.36,,241099.72
2026-07-08 12:00:00,1430844.70,,240284.22
2026-07-08 13:00:00,1423090.70,,238410.48
2026-07-08 14:00:00,1432245.92,,237071.42
2026-07-08 15:00:00,1431032.25,,236431.29
2026-07-08 16:00:00,1420642.76,,234619.17
2026-07-08 17:00:00,1440421.88,,238245.42
2026-07-08 18:00:00,1430990.82,,235882.53
2026-07-08 19:00:00,1439760.93,,236230.86
2026-07-08 20:00:00,1444017.61,,237598.35
2026-07-08 21:00:00,1447597.35,,237846.41
2026-07-08 22:00:00,1439450.20,,237435.25
2026-07-08 23:00:00,1440950.96,,237521.63
2026-07-09 00:00:00,1442554.31,,237307.36
2026-07-09 01:00:00,1445634.69,,237389.31
2026-07-09 02:00:00,1433247.25,,235375.63
2026-07-09 03:00:00,1425034.30,,234237.12
2026-07-09 04:00:00,1432103.94,,235275.58
2026-07-09 05:00:00,1430971.31,,235911.33
2026-07-09 06:00:00,1474908.06,,242701.63
2026-07-09 07:00:00,1462826.41,,241858.83
2026-07-09 08:00:00,1454939.21,,241986.06
2026-07-09 09:00:00,1457598.64,,243315.75
2026-07-09 10:00:00,1454531.04,,244639.40
2026-07-09 11:00:00,1452108.88,,243801.67
2026-07-09 12:00:00,1452080.34,,243088.88
2026-07-09 13:00:00,1456422.52,,242933.55
2026-07-09 14:00:00,1457925.78,,243176.99
2026-07-09 15:00:00,1458615.95,,244083.47
2026-07-09 16:00:00,1461214.81,,244077.63
2026-07-09 17:00:00,1451674.61,,243729.66
2026-07-09 18:00:00,1449065.83,,244190.71
2026-07-09 19:00:00,1443811.29,,245456.38
2026-07-09 20:00:00,1446133.42,,245515.46
2026-07-09 21:00:00,1443293.65,,244758.26
2026-07-09 22:00:00,1445686.60,,245560.87
2026-07-09 23:00:00,1473185.90,,244244.07
2026-07-10 00:00:00,1445704.47,,244022.65
2026-07-10 01:00:00,1449088.49,,245161.13
2026-07-10 02:00:00,1477168.14,,250062.96
2026-07-10 03:00:00,1485293.36,,252133.53
2026-07-10 04:00:00,1484496.76,,252398.84
2026-07-10 05:00:00,1476816.88,,250713.17
2026-07-10 06:00:00,1495109.64,,251124.00
2026-07-10 07:00:00,1539829.30,,262957.73
2026-07-10 08:00:00,1549991.74,,269726.02
2026-07-10 09:00:00,1554960.01,,269585.26
2026-07-10 10:00:00,1530601.28,,266766.28
2026-07-10 11:00:00,1510615.21,,260611.32
2026-07-10 12:00:00,1512500.12,,262514.74
2026-07-10 13:00:00,1514185.66,,260830.47
2026-07-10 14:00:00,1524402.71,,260318.52
2026-07-10 15:00:00,1550049.05,,261649.98
2026-07-10 16:00:00,1625178.18,,292705.20
2026-07-10 17:00:00,1602287.13,,282145.28
2026-07-10 18:00:00,1605902.42,,282358.63
2026-07-10 19:00:00,1624047.09,,283977.53
2026-07-10 20:00:00,1597847.35,,279293.91
2026-07-10 21:00:00,1574195.45,,279136.87
2026-07-10 22:00:00,1582688.94,,278235.90
2026-07-10 23:00:00,1601330.49,,278842.93
2026-07-11 00:00:00,1602599.46,,276124.84
2026-07-11 01:00:00,1584364.64,,273987.46
2026-07-11 02:00:00,1563197.64,,266631.83
2026-07-11 03:00:00,1567729.32,,265973.40
2026-07-11 04:00:00,1563922.16,,266556.20
2026-07-11 05:00:00,1577122.72,,265631.94
2026-07-11 06:00:00,1572122.23,,265517.45
2026-07-11 07:00:00,1567120.52,,264416.01
2026-07-11 08:00:00,1574291.59,,264725.48
2026-07-11 09:00:00,1565330.58,,263045.03
2026-07-11 10:00:00,1584767.31,,264720.36
2026-07-11 11:00:00,1567415.28,,264807.15
2026-07-11 12:00:00,1573865.73,,265862.84
2026-07-11 13:00:00,1566674.17,,265364.74
2026-07-11 14:00:00,1552442.07,,262667.23
2026-07-11 15:00:00,1557213.49,,262204.58
2026-07-11 16:00:00,1543231.14,,261163.18
2026-07-11 17:00:00,1544603.84,,261956.35
2026-07-11 18:00:00,1525162.21,,264931.38
2026-07-11 19:00:00,1517387.83,,264255.48
2026-07-11 20:00:00,1518321.41,,263925.20
2026-07-11 21:00:00,1517271.53,,262302.47
2026-07-11 22:00:00,1517291.18,,260970.14
2026-07-11 23:00:00,1510590.60,,258511.78
2026-07-12 00:00:00,1520006.68,,253981.89
2026-07-12 01:00:00,1512653.04,,252236.48
2026-07-12 02:00:00,1542616.54,,255886.98
2026-07-12 03:00:00,1575404.31,,256616.13
2026-07-12 04:00:00,1557900.03,,259655.61
2026-07-12 05:00:00,1555416.08,,262742.78
2026-07-12 06:00:00,1546569.55,,261868.29
2026-07-12 07:00:00,1541257.80,,262153.28
2026-07-12 08:00:00,1542323.77,,260187.44
2026-07-12 09:00:00,1539674.49,,259996.72
2026-07-12 10:00:00,1555474.91,,261016.60
2026-07-12 11:00:00,1560336.79,,262289.40
2026-07-12 12:00:00,1585816.57,,268019.88
2026-07-12 13:00:00,1584613.00,,267519.97
2026-07-12 14:00:00,1561897.31,,268134.06
2026-07-12 15:00:00,1544078.44,,266559.04
2026-07-12 16:00:00,1540963.33,,263899.46
2026-07-12 17:00:00,1540384.68,,262601.07
2026-07-12 18:00:00,1534772.33,,260406.63
2026-07-12 19:00:00,1540942.83,,262279.93
2026-07-12 20:00:00,1541523.28,,261988.34
2026-07-12 21:00:00,1537165.23,,260312.54
2026-07-12 22:00:00,1535846.42,,258731.04
2026-07-12 23:00:00,1545033.09,,256731.49
2026-07-13 00:00:00,1537221.06,,255044.54
2026-07-13 01:00:00,1535340.87,,255512.45
2026-07-13 02:00:00,1525987.79,,253069.86
2026-07-13 03:00:00,1519730.63,,253498.69
2026-07-13 04:00:00,1516851.83,,251891.20
2026-07-13 05:00:00,1512264.23,,252247.77
2026-07-13 06:00:00,1516784.85,,254473.96
2026-07-13 07:00:00,1512168.35,,254132.30
2026-07-13 08:00:00,1509885.90,,252762.16
2026-07-13 09:00:00,1506900.71,,253022.71
2026-07-13 10:00:00,1501637.04,,252908.56
2026-07-13 11:00:00,1502333.62,,253707.51
2026-07-13 12:00:00,1508662.41,,253585.03
2026-07-13 13:00:00,1505061.09,,250569.41
2026-07-13 14:00:00,1518713.99,,251206.08
2026-07-13 15:00:00,1526434.99,,253795.36
2026-07-13 16:00:00,1517769.64,,251770.18
2026-07-13 17:00:00,1519629.36,,251466.22
2026-07-13 18:00:00,1504596.47,,248719.13
2026-07-13 19:00:00,1534248.52,,252336.15
2026-07-13 20:00:00,1604497.48,,263214.32
2026-07-13 21:00:00,1617171.02,,258057.37
2026-07-13 22:00:00,1755992.95,,278292.29
2026-07-13 23:00:00,1811164.61,,294057.09
2026-07-14 00:00:00,1785842.96,,292713.41
2026-07-14 01:00:00,1754373.35,,288906.88
2026-07-14 02:00:00,1758741.02,,289933.00
2026-07-14 03:00:00,1710258.69,,285172.52
2026-07-14 04:00:00,1918419.65,,319240.44
2026-07-14 05:00:00,1851107.85,,318132.88
2026-07-14 06:00:00,1835705.66,,317603.88
2026-07-14 07:00:00,2131232.86,,320958.47
2026-07-14 08:00:00,2259238.31,,310364.66
2026-07-14 09:00:00,2317114.88,,303772.20
2026-07-14 10:00:00,2341045.76,,323176.49
2026-07-14 11:00:00,2474721.83,,363674.41
2026-07-14 12:00:00,2488124.63,,389692.16
2026-07-14 13:00:00,2461071.75,,477250.34
2026-07-14 14:00:00,2417784.03,,488879.19
2026-07-14 15:00:00,2532219.83,,533641.53
2026-07-14 16:00:00,2430985.85,,516828.05
2026-07-14 17:00:00,2414410.21,,511340.20
2026-07-14 18:00:00,2368114.61,,504167.78
2026-07-14 19:00:00,2375259.52,,490224.73
2026-07-14 20:00:00,2345304.50,,490026.19
2026-07-14 21:00:00,2348177.52,,494648.05
2026-07-14 22:00:00,2370438.69,,503330.91
2026-07-14 23:00:00,2352874.04,,501460.51
2026-07-15 00:00:00,2330844.89,,501533.46
2026-07-15 01:00:00,2279620.70,,510832.82
2026-07-15 02:00:00,2227943.33,,512912.76
2026-07-15 03:00:00,2275265.52,,515978.90
2026-07-15 04:00:00,2559372.16,,557549.94
2026-07-15 05:00:00,2522123.93,,554237.49
2026-07-15 06:00:00,2448508.62,,549733.49
2026-07-15 07:00:00,2424803.76,,557215.25
2026-07-15 08:00:00,2407284.42,,540685.62
2026-07-15 09:00:00,2430849.39,,545146.70
2026-07-15 10:00:00,2367293.95,,539158.28
2026-07-15 11:00:00,2480803.43,,571790.20
2026-07-15 12:00:00,2423073.50,,563046.64
2026-07-15 13:00:00,2422825.70,,555753.50
2026-07-15 14:00:00,2382204.30,,538956.08
2026-07-15 15:00:00,2662733.48,,584532.97
2026-07-15 16:00:00,2649005.85,,577860.00
2026-07-15 17:00:00,2618942.76,,571687.11
2026-07-15 18:00:00,2635046.02,,573337.95
2026-07-15 19:00:00,2591603.86,,570707.33
2026-07-15 20:00:00,2576658.98,,569339.15
2026-07-15 21:00:00,2573982.44,,571107.08
2026-07-15 22:00:00,2559974.28,,569419.18
2026-07-15 23:00:00,2547389.82,,568310.17
2026-07-16 00:00:00,2604181.08,,586060.61
2026-07-16 01:00:00,2760317.17,,584249.59
2026-07-16 02:00:00,2846342.12,,590686.38
2026-07-16 03:00:00,2843233.13,,605441.98
2026-07-16 04:00:00,2842927.08,,602074.93
2026-07-16 05:00:00,2839990.22,,594908.27
2026-07-16 06:00:00,2770821.23,,570656.29
2026-07-16 07:00:00,2960285.18,,654517.12
2026-07-16 08:00:00,2986356.42,,677784.27
2026-07-16 09:00:00,2969566.77,,665129.73
2026-07-16 10:00:00,2929760.24,,641880.90
2026-07-16 11:00:00,2843689.18,,627028.15
2026-07-16 12:00:00,2799148.82,,628028.79
2026-07-16 13:00:00,2766323.21,,625084.00
2026-07-16 14:00:00,2754645.63,,622357.59
2026-07-16 15:00:00,2719578.77,,616726.13
2026-07-16 16:00:00,2704162.47,,611754.14
2026-07-16 17:00:00,2672367.64,,604738.04
2026-07-16 18:00:00,2673344.44,,606667.95
2026-07-16 19:00:00,2643593.38,,599620.32
2026-07-16 20:00:00,2649514.57,,599367.72
2026-07-16 21:00:00,2643770.98,,597106.94
2026-07-16 22:00:00,2634726.92,,588514.75
2026-07-16 23:00:00,2592069.02,,575009.99
2026-07-17 00:00:00,2595997.15,,566414.19
2026-07-17 01:00:00,2662001.43,,567129.80
2026-07-17 02:00:00,2664218.41,,565920.03
2026-07-17 03:00:00,2618913.94,,564531.93
2026-07-17 04:00:00,2558222.42,,549961.57
2026-07-17 05:00:00,2514793.78,,513863.33
2026-07-17 06:00:00,2492519.53,,509226.13
2026-07-17 07:00:00,2466929.20,,508748.17
2026-07-17 08:00:00,2424286.62,,494373.35
2026-07-17 09:00:00,2422912.46,,487586.30
2026-07-17 10:00:00,2439022.67,,484618.67
2026-07-17 11:00:00,2426446.24,,478873.41
2026-07-17 12:00:00,2436079.73,,478626.29
2026-07-17 13:00:00,2437935.73,,477592.56
2026-07-17 14:00:00,2446650.87,,477652.31
2026-07-17 15:00:00,2451757.53,,477070.57
2026-07-17 16:00:00,2407355.00,,461922.66
2026-07-17 17:00:00,2401742.54,,462500.72
2026-07-17 18:00:00,2405484.85,,461240.58
2026-07-17 19:00:00,2407493.04,,456599.77
2026-07-17 20:00:00,2383900.58,,449512.86
2026-07-17 21:00:00,2362934.68,,440690.15
2026-07-17 22:00:00,2356542.50,,439277.62
2026-07-17 23:00:00,2348635.65,,437039.75
2026-07-18 00:00:00,2350708.77,,434384.33
2026-07-18 01:00:00,2303523.69,,422226.62
2026-07-18 02:00:00,2293167.33,,416730.50
2026-07-18 03:00:00,2289058.16,,413039.81
2026-07-18 04:00:00,2283501.74,,397657.24
2026-07-18 05:00:00,2291169.69,,391578.23
2026-07-18 06:00:00,2290765.00,,388835.05
2026-07-18 07:00:00,2281321.94,,385306.70
2026-07-18 08:00:00,2275905.27,,384544.37
2026-07-18 09:00:00,2261642.77,,381344.35
2026-07-18 10:00:00,2241756.68,,372103.37
2026-07-18 11:00:00,2237224.86,,373300.87
2026-07-18 12:00:00,2229760.64,,368223.38
2026-07-18 13:00:00,2229671.39,,367505.80
2026-07-18 14:00:00,2222608.00,,364351.31
2026-07-18 15:00:00,2216482.64,,363181.07
2026-07-18 16:00:00,2202163.05,,359464.08
2026-07-18 17:00:00,2209526.00,,362100.83
2026-07-18 18:00:00,2189754.02,,359936.85
2026-07-18 19:00:00,2203884.42,,359222.66
2026-07-18 20:00:00,2208915.47,,357933.98
2026-07-18 21:00:00,2200406.64,,357414.18
2026-07-18 22:00:00,2202685.77,,356723.27
2026-07-18 23:00:00,2209094.73,,357089.29
2026-07-19 00:00:00,2210402.08,,354650.44
2026-07-19 01:00:00,2221903.95,,349993.52
2026-07-19 02:00:00,2216232.36,,349259.40
2026-07-19 03:00:00,2223363.85,,348643.62
2026-07-19 04:00:00,2203075.17,,345915.50
2026-07-19 05:00:00,2208898.76,,342167.03
2026-07-19 06:00:00,2366347.32,,415270.76
2026-07-19 07:00:00,2355488.93,,392542.34
2026-07-19 08:00:00,2321223.86,,373819.09
2026-07-19 09:00:00,2302781.64,,372921.17
2026-07-19 10:00:00,2322308.22,,374948.97
2026-07-19 11:00:00,2338985.68,,377118.72
2026-07-19 12:00:00,2362619.92,,389006.00
2026-07-19 13:00:00,2369080.11,,378768.04
2026-07-19 14:00:00,2410930.00,,381806.03
2026-07-19 15:00:00,2403649.61,,375294.65
2026-07-19 16:00:00,2471860.16,,384895.10
2026-07-19 17:00:00,2454474.25,,374318.85
2026-07-19 18:00:00,2427453.02,,373942.06
2026-07-19 19:00:00,2418637.69,,378831.42
2026-07-19 20:00:00,2434502.36,,379172.24
2026-07-19 21:00:00,2410407.47,,377477.87
2026-07-19 22:00:00,2381303.80,,373789.07
2026-07-19 23:00:00,2401240.23,,383934.56
2026-07-20 00:00:00,2382453.73,,374810.69
2026-07-20 01:00:00,2340108.28,,369865.77
2026-07-20 02:00:00,2380795.62,,375131.58
2026-07-20 03:00:00,2487652.34,,387593.96
2026-07-20 04:00:00,2484463.46,,389004.40
2026-07-20 05:00:00,2494615.24,,386829.35
2026-07-20 06:00:00,2464067.33,,380696.21
2026-07-20 07:00:00,2481861.79,,380847.68
2026-07-20 08:00:00,2502104.85,,383595.80
2026-07-20 09:00:00,2489697.09,,381679.10
2026-07-20 10:00:00,2490828.00,,380709.23
2026-07-20 11:00:00,2506850.85,,383168.77
2026-07-20 12:00:00,2501411.72,,380291.11
2026-07-20 13:00:00,2491473.92,,379285.07
2026-07-20 14:00:00,2488868.02,,376542.22
2026-07-20 15:00:00,2490745.50,,374966.89
2026-07-20 16:00:00,2525036.69,,378301.42
2026-07-20 17:00:00,2546188.35,,380656.53
2026-07-20 18:00:00,2537783.09,,386958.38
2026-07-20 19:00:00,2614159.70,,394137.15
2026-07-20 20:00:00,2620736.46,,397054.16
2026-07-20 21:00:00,2549384.27,,387128.06
2026-07-20 22:00:00,2539831.14,,386638.02
2026-07-20 23:00:00,2554904.86,,383549.26
2026-07-21 00:00:00,2547834.66,,382227.91
2026-07-21 01:00:00,2583584.46,,393931.92
2026-07-21 02:00:00,2558725.18,,389472.48
2026-07-21 03:00:00,2553429.33,,388832.00
2026-07-21 04:00:00,2558097.60,,387485.05
2026-07-21 05:00:00,2565246.84,,387981.16
2026-07-21 06:00:00,2557017.12,,387451.94
2026-07-21 07:00:00,2559947.20,,385261.98
2026-07-21 08:00:00,2574463.02,,385716.34
2026-07-21 09:00:00,2591826.48,,387537.00
2026-07-21 10:00:00,2585533.28,,384455.57
2026-07-21 11:00:00,2556674.24,,378825.73
2026-07-21 12:00:00,2530443.80,,378374.34
2026-07-21 13:00:00,2526266.81,,378734.41
2026-07-21 14:00:00,2631611.05,,392985.00
2026-07-21 15:00:00,2618484.19,,387526.42
2026-07-21 16:00:00,2639587.69,,387745.83
2026-07-21 17:00:00,2641078.09,,383632.65
2026-07-21 18:00:00,2613716.73,,381101.23
2026-07-21 19:00:00,2610383.74,,379632.98
2026-07-21 20:00:00,2617489.33,,378839.72
2026-07-21 21:00:00,2573726.47,,377669.32
2026-07-21 22:00:00,2576464.56,,375896.52
2026-07-21 23:00:00,2561727.18,,373451.71
2026-07-22 00:00:00,2539563.83,,371976.70
2026-07-22 01:00:00,2538149.84,,371262.51
2026-07-22 02:00:00,2524417.61,,369068.70
2026-07-22 03:00:00,2513901.51,,366045.32
2026-07-22 04:00:00,2514852.73,,363320.59
2026-07-22 05:00:00,2517022.91,,364191.52
2026-07-22 06:00:00,2471954.57,,361964.27
2026-07-22 07:00:00,2453199.07,,357652.33
2026-07-22 08:00:00,2447022.54,,355347.32
2026-07-22 09:00:00,2446607.67,,354369.97
2026-07-22 10:00:00,2592143.86,,363351.60
2026-07-22 11:00:00,2643866.66,,360005.27
2026-07-22 12:00:00,2600243.39,,347390.74
2026-07-22 13:00:00,2589712.50,,343183.47
2026-07-22 14:00:00,2665943.38,,341630.51
2026-07-22 15:00:00,2678295.17,,328257.72
2026-07-22 16:00:00,2736073.84,,325603.55
2026-07-22 17:00:00,2753707.31,,324034.58
2026-07-22 18:00:00,2734838.24,,320406.35
2026-07-22 19:00:00,2752275.06,,320693.05
2026-07-22 20:00:00,2712366.63,,317301.47
2026-07-22 21:00:00,2693853.70,,315751.69
2026-07-22 22:00:00,2688999.27,,314372.57
2026-07-22 23:00:00,2657545.57,,312758.73
2026-07-23 00:00:00,2626398.58,,308786.62
2026-07-23 01:00:00,2616564.61,,308602.92
2026-07-23 02:00:00,2592357.18,,303967.62
2026-07-23 03:00:00,2586542.05,,304805.65
2026-07-23 04:00:00,2583612.40,,304793.99
2026-07-23 05:00:00,2580959.44,,305804.85
2026-07-23 06:00:00,2586174.07,,305559.99
2026-07-23 07:00:00,2573378.48,,308942.75
2026-07-23 08:00:00,2542002.39,,310015.44
2026-07-23 09:00:00,2535538.33,,307383.74
2026-07-23 10:00:00,2539963.33,,307631.04
2026-07-23 11:00:00,2606426.67,,305099.91
2026-07-23 12:00:00,2618901.19,,306726.91
2026-07-23 13:00:00,2565087.30,,303216.62
2026-07-23 14:00:00,2591211.31,,306333.22
2026-07-23 15:00:00,2599958.47,,308570.48
2026-07-23 16:00:00,2612761.52,,310940.57
2026-07-23 17:00:00,2482963.26,,303729.12
2026-07-23 18:00:00,2455012.80,,300185.62
2026-07-23 19:00:00,2486889.47,,306123.14
2026-07-23 20:00:00,2496204.20,,309445.07
2026-07-23 21:00:00,2454874.41,,305657.47
2026-07-23 22:00:00,2457325.27,,306667.31
2026-07-23 23:00:00,2468591.21,,306895.89
2026-07-24 00:00:00,2492735.39,,310227.35
2026-07-24 01:00:00,2481775.23,,312641.62
2026-07-24 02:00:00,2479918.63,,311993.38
2026-07-24 03:00:00,2471763.55,,308926.74
2026-07-24 04:00:00,2507197.08,,308909.75
2026-07-24 05:00:00,2491353.09,,312009.46
2026-07-24 06:00:00,2470602.10,,312321.26
2026-07-24 07:00:00,2463274.17,,324145.00
2026-07-24 08:00:00,2459960.64,,322924.13
2026-07-24 09:00:00,2466512.06,,332395.73
2026-07-24 10:00:00,2676664.22,,365532.12
2026-07-24 11:00:00,2696459.05,,357582.58
2026-07-24 12:00:00,2750270.76,,358325.45
2026-07-24 13:00:00,2846009.88,,360460.21
2026-07-24 14:00:00,2879864.34,,349674.65
2026-07-24 15:00:00,2746787.09,,346743.05
2026-07-24 16:00:00,2738709.23,,347688.96
2026-07-24 17:00:00,2727264.62,,335809.07
2026-07-24 18:00:00,2673345.84,,331370.23
2026-07-24 19:00:00,2685305.40,,327623.19
2026-07-24 20:00:00,2771615.26,,334912.16
2026-07-24 21:00:00,2744154.52,,334367.25
2026-07-24 22:00:00,2675919.02,,328755.75
2026-07-24 23:00:00,2705700.59,,331236.20
2026-07-25 00:00:00,2690268.07,,328205.08
2026-07-25 01:00:00,2667671.31,,328718.22
2026-07-25 02:00:00,2638900.27,,326204.91
2026-07-25 03:00:00,2626882.39,,322815.13
2026-07-25 04:00:00,2620076.79,,320744.99
2026-07-25 05:00:00,2653568.73,,326903.84
2026-07-25 06:00:00,2649064.59,,329176.58
2026-07-25 07:00:00,2688195.81,,336247.17
2026-07-25 08:00:00,2682606.94,,339142.36
2026-07-25 09:00:00,2626233.78,,335163.46
2026-07-25 10:00:00,2830319.40,,352908.97
2026-07-25 11:00:00,2327285.67,,313581.93
2026-07-25 12:00:00,2186389.89,,299427.59
2026-07-25 13:00:00,2149689.54,,299763.74
2026-07-25 14:00:00,2186691.17,,301636.58
2026-07-25 15:00:00,2127892.52,,304637.47
2026-07-25 16:00:00,2203202.02,,327746.02
2026-07-25 17:00:00,2227557.23,,381880.93
2026-07-25 18:00:00,2248781.28,,357467.54
2026-07-25 19:00:00,2267004.92,,339796.04
2026-07-25 20:00:00,2234668.51,,319086.04
2026-07-25 21:00:00,2203051.37,,311877.74
2026-07-25 22:00:00,2218301.69,,309836.54
2026-07-25 23:00:00,2241456.06,,310705.64
2026-07-26 00:00:00,2254980.07,,311323.05
2026-07-26 01:00:00,2332891.86,,315609.90
2026-07-26 02:00:00,2383307.73,,311201.66
2026-07-26 03:00:00,2422143.38,,320489.03
2026-07-26 04:00:00,2363135.26,,312775.36
2026-07-26 05:00:00,2339729.32,,327367.27
2026-07-26 06:00:00,2299487.47,,309396.68
2026-07-26 07:00:00,2323457.23,,312089.58
2026-07-26 08:00:00,2331277.16,,316700.80
2026-07-26 09:00:00,2365048.11,,319303.03
2026-07-26 10:00:00,2302662.94,,312812.86
2026-07-26 11:00:00,2318902.09,,313942.08
2026-07-26 12:00:00,2319955.31,,313485.36
2026-07-26 13:00:00,2334181.50,,313242.19
2026-07-26 14:00:00,2352915.43,,314279.95
2026-07-26 15:00:00,2359907.27,,318399.50
2026-07-26 16:00:00,2368104.85,,310463.53
2026-07-26 17:00:00,2379972.84,,307567.03
2026-07-26 18:00:00,2413124.41,,311884.32
2026-07-26 19:00:00,2407046.65,,303626.74
2026-07-26 20:00:00,2418054.99,,302379.70
2026-07-26 21:00:00,2419994.10,,301752.07
2026-07-26 22:00:00,2403662.79,,304416.64
2026-07-26 23:00:00,2405341.84,,309684.58
2026-07-27 00:00:00,2411282.45,,313061.78
2026-07-27 01:00:00,2400961.53,,314166.84
2026-07-27 02:00:00,2387380.58,,316850.30
2026-07-27 03:00:00,2382367.42,,323082.27
2026-07-27 04:00:00,2366031.01,,327747.67
2026-07-27 05:00:00,2334823.67,,333971.60
2026-07-27 06:00:00,2307725.19,,340386.31
2026-07-27 07:00:00,2302703.95,,341270.96
2026-07-27 08:00:00,2292848.79,,342163.76
2026-07-27 09:00:00,2284801.31,,340797.32
2026-07-27 10:00:00,2291571.99,,345268.53
2026-07-27 11:00:00,2398717.86,,348697.64
2026-07-27 12:00:00,2458969.04,,347880.39
2026-07-27 13:00:00,2509050.30,,344170.99
2026-07-27 14:00:00,2553738.53,,347277.77
2026-07-27 15:00:00,2485863.08,,341983.27
2026-07-27 16:00:00,2555643.75,,342381.23
2026-07-27 17:00:00,2537786.69,,345814.95
2026-07-27 18:00:00,2538381.30,,344495.89
2026-07-27 19:00:00,2534906.76,,341440.80
2026-07-27 20:00:00,2539492.85,,342813.58
2026-07-27 21:00:00,2585063.15,,351904.56
2026-07-27 22:00:00,2563148.57,,346720.76
2026-07-27 23:00:00,2521967.18,,345590.12
2026-07-28 00:00:00,2537956.63,,347698.63
2026-07-28 01:00:00,2482878.53,,360109.10
2026-07-28 02:00:00,2477479.78,,368572.69
2026-07-28 03:00:00,2527708.06,,379624.56
2026-07-28 04:00:00,2518258.81,,378942.81
2026-07-28 05:00:00,2455817.80,,365586.33
2026-07-28 06:00:00,2388658.12,,345971.23
2026-07-28 07:00:00,2390282.67,,344511.15
2026-07-28 08:00:00,2417745.99,,344400.75
2026-07-28 09:00:00,2433554.21,,339206.29
2026-07-28 10:00:00,2484845.96,,344664.10
2026-07-28 11:00:00,2453712.24,,343192.40
2026-07-28 12:00:00,2446439.56,,336914.74
2026-07-28 13:00:00,2471474.57,,338110.73
2026-07-28 14:00:00,2497910.64,,342457.99
2026-07-28 15:00:00,2526692.24,,341099.56
2026-07-28 16:00:00,2556158.85,,346688.87
2026-07-28 17:00:00,2557793.94,,344307.77
2026-07-28 18:00:00,2623998.29,,351295.11
2026-07-28 19:00:00,2581378.15,,348358.72
2026-07-28 20:00:00,2582524.90,,346180.20
2026-07-28 21:00:00,2615666.08,,349387.46
2026-07-28 22:00:00,2574071.59,,345785.72
2026-07-28 23:00:00,2541908.36,,344481.31
2026-07-29 00:00:00,2542134.65,,349281.07
2026-07-29 01:00:00,2548848.55,,352211.55
2026-07-29 02:00:00,2566274.91,,351368.10
2026-07-29 03:00:00,2569273.05,,353578.37
2026-07-29 04:00:00,2574052.23,,360040.18
2026-07-29 05:00:00,2523324.16,,364863.69
2026-07-29 06:00:00,2582384.32,,368621.22
2026-07-29 07:00:00,2639010.37,,372747.57
2026-07-29 08:00:00,2620289.61,,375982.32
2026-07-29 09:00:00,2378595.63,,337907.63
2026-07-29 10:00:00,2465504.42,,347014.52
2026-07-29 11:00:00,2449480.47,,349565.71
2026-07-29 12:00:00,2418521.49,,349557.60
2026-07-29 13:00:00,2316316.39,,341500.08
2026-07-29 14:00:00,2378796.47,,347930.79
2026-07-29 15:00:00,2405849.95,,349562.28
2026-07-29 16:00:00,2401792.57,,348649.27
2026-07-29 17:00:00,2391537.54,,344368.96
2026-07-29 18:00:00,2417508.32,,347158.67
2026-07-29 19:00:00,2398851.16,,346024.82
2026-07-29 20:00:00,2365258.05,,337988.72
2026-07-29 21:00:00,2358640.14,,331216.52
2026-07-29 22:00:00,2368507.63,,328550.59
2026-07-29 23:00:00,2366075.36,,329148.39
2026-07-30 00:00:00,2351878.30,,333196.63
2026-07-30 01:00:00,2334709.71,,345435.48
2026-07-30 02:00:00,2353907.91,,360204.41
2026-07-30 03:00:00,2355200.62,,357097.40
2026-07-30 04:00:00,2451255.21,,349702.11
2026-07-30 05:00:00,2497779.99,,351405.64
2026-07-30 06:00:00,2508617.99,,352750.03
2026-07-30 07:00:00,2544599.41,,352575.64
2026-07-30 08:00:00,2582507.87,,351286.03
2026-07-30 09:00:00,2584862.31,,355831.44
2026-07-30 10:00:00,2582845.75,,360589.31
2026-07-30 11:00:00,2552612.25,,362725.29
2026-07-30 12:00:00,2576446.29,,384663.41
2026-07-30 13:00:00,2562945.31,,380245.48
2026-07-30 14:00:00,2579942.07,,391540.16
2026-07-30 15:00:00,2549343.00,,389628.58
2026-07-30 16:00:00,2540021.68,,382714.28
2026-07-30 17:00:00,2532461.53,,381502.43
2026-07-30 18:00:00,2534634.89,,382744.50
2026-07-30 19:00:00,2527626.39,,381288.86
2026-07-30 20:00:00,2497804.21,,379336.61
2026-07-30 21:00:00,2521089.14,,381369.32
2026-07-30 22:00:00,2525068.49,,377442.43
2026-07-30 23:00:00,2531494.63,,375152.69
2026-07-31 00:00:00,2528967.26,,372934.73
2026-07-31 01:00:00,2596178.97,,375567.29
2026-07-31 02:00:00,2579776.69,,362560.64
2026-07-31 03:00:00,2530038.13,,357644.92
2026-07-31 04:00:00,2683319.91,,358122.99
2026-07-31 05:00:00,2683771.59,,401493.79
2026-07-31 06:00:00,2658655.53,,414897.26
2026-07-31 07:00:00,2660778.50,,415524.98
2026-07-31 08:00:00,2657385.78,,418646.13
2026-07-31 09:00:00,2640536.94,,418162.29
2026-07-31 10:00:00,2611384.18,,416637.70
2026-07-31 11:00:00,2588832.51,,418258.54
2026-07-31 12:00:00,2568092.62,,415752.50
2026-07-31 13:00:00,2523988.77,,410854.62
2026-07-31 14:00:00,2530348.09,,410256.24
2026-07-31 15:00:00,2518105.69,,408250.58
2026-07-31 16:00:00,2498932.85,,403910.46
2026-07-31 17:00:00,2537882.82,,401548.71
2026-07-31 18:00:00,2574447.96,,401872.98
2026-07-31 19:00:00,2673940.09,,394966.43
2026-07-31 20:00:00,2660892.75,,392176.18
2026-07-31 21:00:00,2659104.05,,390815.73
2026-07-31 22:00:00,2665802.04,,393688.04
2026-07-31 23:00:00,2630984.41,,394027.77
2026-08-01 00:00:00,2619086.89,,389860.18
2026-08-01 01:00:00,2627183.80,,382852.67
2026-08-01 02:00:00,2665690.54,,388069.15
2026-08-01 03:00:00,2682817.93,,388756.68
2026-08-01 04:00:00,2675385.46,,390648.38
2026-08-01 05:00:00,2698102.29,,393876.53
2026-08-01 06:00:00,2727327.15,,398753.43
2026-08-01 07:00:00,2693318.96,,398423.49
2026-08-01 08:00:00,2676817.09,,403494.44
2026-08-01 09:00:00,2690488.66,,402383.45
2026-08-01 10:00:00,2710460.75,,403945.92
2026-08-01 11:00:00,2689847.37,,406628.04
2026-08-01 12:00:00,2667007.66,,399713.22
2026-08-01 13:00:00,2676715.02,,403370.98
2026-08-01 14:00:00,2681376.01,,402343.44
2026-08-01 15:00:00,2657880.60,,406382.35
2026-08-01 16:00:00,2635607.83,,401627.52
2026-08-01 17:00:00,2610542.43,,397506.96
2026-08-01 18:00:00,2596849.27,,395289.66
2026-08-01 19:00:00,2577486.26,,386702.64
2026-08-01 20:00:00,2580269.09,,384643.54
2026-08-01 21:00:00,2563199.55,,382440.64
2026-08-01 22:00:00,2568448.68,,382738.50
2026-08-01 23:00:00,2566134.03,,382420.06
2026-08-02 00:00:00,2572206.54,,385184.79
2026-08-02 01:00:00,2540349.33,,379421.15
2026-08-02 02:00:00,2533799.94,,380805.53
2026-08-02 03:00:00,2478451.66,,377126.85
2026-08-02 04:00:00,2487438.85,,372248.78
2026-08-02 05:00:00,2485347.84,,378888.00
2026-08-02 06:00:00,2498545.45,,376194.75
2026-08-02 07:00:00,2495024.14,,376922.40
2026-08-02 08:00:00,2584737.69,,382181.98
2026-08-02 09:00:00,2554641.54,,376212.02
2026-08-02 10:00:00,2563665.41,,377476.68
2026-08-02 11:00:00,2553721.38,,370368.44
2026-08-02 12:00:00,2540905.62,,369224.04
2026-08-02 13:00:00,2540257.84,,369863.71
2026-08-02 14:00:00,2529933.63,,359009.19
2026-08-02 15:00:00,2556598.31,,357818.38
2026-08-02 16:00:00,2557373.86,,348827.87
2026-08-02 17:00:00,2574028.01,,353538.24
2026-08-02 18:00:00,2561024.37,,350758.15
2026-08-02 19:00:00,2563351.50,,346851.85
2026-08-02 20:00:00,2553784.58,,344803.97
2026-08-02 21:00:00,2552838.03,,344815.54
2026-08-02 22:00:00,2599153.94,,347223.31
2026-08-02 23:00:00,2587183.23,,344578.55
2026-08-03 00:00:00,2583373.46,,345401.37
2026-08-03 01:00:00,2524269.79,,329105.42
2026-08-03 02:00:00,2531213.00,,331019.56
2026-08-03 03:00:00,2517131.45,,331453.00
2026-08-03 04:00:00,2465070.65,,331662.25
2026-08-03 05:00:00,2432554.28,,332547.17
2026-08-03 06:00:00,2432072.19,,332878.41
2026-08-03 07:00:00,2425581.38,,329953.78
2026-08-03 08:00:00,2424256.93,,328411.91
2026-08-03 09:00:00,2417760.65,,328697.20
2026-08-03 10:00:00,2387695.66,,332112.63
2026-08-03 11:00:00,2381157.08,,327432.21
2026-08-03 12:00:00,2381491.61,,327184.82
2026-08-03 13:00:00,2359436.54,,328073.72
2026-08-03 14:00:00,2338498.51,,332328.26
2026-08-03 15:00:00,2339310.34,,332493.19
2026-08-03 16:00:00,2328356.30,,333238.05
2026-08-03 17:00:00,2331221.08,,332199.20
2026-08-03 18:00:00,2332518.20,,331774.34
2026-08-03 19:00:00,2331730.51,,332468.31
2026-08-03 20:00:00,2327165.59,,336005.46
2026-08-03 21:00:00,2355926.20,,335136.57
2026-08-03 22:00:00,2379016.80,,331413.42
2026-08-03 23:00:00,2367969.86,,329314.32
2026-08-04 00:00:00,2349382.01,,323487.10
2026-08-04 01:00:00,2346304.72,,306739.17
2026-08-04 02:00:00,2341103.48,,313526.39
2026-08-04 03:00:00,2371685.98,,309701.08
2026-08-04 04:00:00,2373469.98,,302570.39
2026-08-04 05:00:00,2452111.81,,308430.80
2026-08-04 06:00:00,2442369.77,,302891.69
2026-08-04 07:00:00,2415763.31,,299568.20
2026-08-04 08:00:00,2420042.48,,298473.70
2026-08-04 09:00:00,2417205.77,,296759.69
2026-08-04 10:00:00,2420299.07,,296812.25
2026-08-04 11:00:00,2405227.96,,292233.07
2026-08-04 12:00:00,2381393.30,,291937.49
2026-08-04 13:00:00,2413072.65,,295492.28
2026-08-04 14:00:00,2438463.62,,295135.13
2026-08-04 15:00:00,2438016.97,,292666.40
2026-08-04 16:00:00,2493002.44,,295953.08
2026-08-04 17:00:00,2382619.78,,292999.75
2026-08-04 18:00:00,2357442.11,,286049.79
2026-08-04 19:00:00,2359937.27,,285013.72
2026-08-04 20:00:00,2376047.34,,286787.32
2026-08-04 21:00:00,2386562.14,,290250.69
2026-08-04 22:00:00,2382519.99,,291000.24
2026-08-04 23:00:00,2370692.44,,291913.80
2026-08-05 00:00:00,2357656.62,,293994.79
2026-08-05 01:00:00,2350054.82,,291620.60
2026-08-05 02:00:00,2357564.90,,294362.63
2026-08-05 03:00:00,2349743.92,,295430.22
2026-08-05 04:00:00,2349658.04,,294543.91
2026-08-05 05:00:00,2361415.44,,295029.58
2026-08-05 06:00:00,2354173.68,,290303.92
2026-08-05 07:00:00,2381143.72,,291759.15
2026-08-05 08:00:00,2386581.36,,293065.42
2026-08-05 09:00:00,2357107.80,,298217.94
2026-08-05 10:00:00,2346408.98,,295021.89
2026-08-05 11:00:00,2357779.19,,292364.63
2026-08-05 12:00:00,2360343.60,,293685.87
2026-08-05 13:00:00,2352599.16,,302557.07
2026-08-05 14:00:00,2345754.17,,306403.68
2026-08-05 15:00:00,2376546.91,,306485.97
2026-08-05 16:00:00,2343346.43,,309206.31
2026-08-05 17:00:00,2344497.84,,308636.64
2026-08-05 18:00:00,2333090.21,,308070.10
2026-08-05 19:00:00,2322845.11,,307102.32
2026-08-05 20:00:00,2312442.21,,306668.30
2026-08-05 21:00:00,2328958.64,,309643.88
2026-08-05 22:00:00,2329114.03,,309956.31
2026-08-05 23:00:00,2315177.27,,308993.79
2026-08-06 00:00:00,2321948.43,,310196.17
2026-08-06 01:00:00,2332404.86,,310464.76
2026-08-06 02:00:00,2318990.98,,307891.88
2026-08-06 03:00:00,2342191.18,,311469.11
2026-08-06 04:00:00,2333172.81,,310109.22
2026-08-06 05:00:00,2294457.60,,304518.49
2026-08-06 06:00:00,2291162.67,,307219.33
2026-08-06 07:00:00,2282468.35,,307764.11
2026-08-06 08:00:00,2266653.64,,303732.85
2026-08-06 09:00:00,2240636.57,,297195.16
2026-08-06 10:00:00,2225253.98,,296805.62
2026-08-06 11:00:00,2212353.79,,295259.65
2026-08-06 12:00:00,2210703.20,,291957.91
2026-08-06 13:00:00,2229795.77,,294124.01
2026-08-06 14:00:00,2236152.42,,297217.03
2026-08-06 15:00:00,2238714.30,,298001.27
2026-08-06 16:00:00,2215726.23,,296375.80
2026-08-06 17:00:00,2221159.31,,295939.13
2026-08-06 18:00:00,2211924.30,,293992.17
2026-08-06 19:00:00,2223316.24,,293763.21
2026-08-06 20:00:00,2245234.02,,292793.62
2026-08-06 21:00:00,2208697.45,,289807.60
2026-08-06 22:00:00,2211544.51,,289693.22
2026-08-06 23:00:00,2208750.91,,287846.24
2026-08-07 00:00:00,2213899.85,,287460.03
2026-08-07 01:00:00,2219124.93,,288079.91
2026-08-07 02:00:00,2243693.40,,291201.35
2026-08-07 03:00:00,2254456.07,,291667.36
2026-08-07 04:00:00,2260826.23,,292408.32
2026-08-07 05:00:00,2243676.86,,297370.79
2026-08-07 06:00:00,2222413.96,,293410.04
2026-08-07 07:00:00,2221556.23,,293619.86
2026-08-07 08:00:00,2269739.20,,299075.28
2026-08-07 09:00:00,2254076.16,,294926.68
2026-08-07 10:00:00,2265507.60,,295267.25
2026-08-07 11:00:00,2303408.06,,302717.16
2026-08-07 12:00:00,2294472.88,,298351.45
2026-08-07 13:00:00,2298843.33,,298612.97
2026-08-07 14:00:00,2339771.68,,304072.55
2026-08-07 15:00:00,2285336.12,,298958.97
2026-08-07 16:00:00,2296666.23,,300952.37
2026-08-07 17:00:00,2305501.47,,299368.04
2026-08-07 18:00:00,2273677.08,,296973.45
2026-08-07 19:00:00,2252632.94,,295688.07
2026-08-07 20:00:00,2269721.19,,295405.97
2026-08-07 21:00:00,2275139.27,,303129.31
2026-08-07 22:00:00,2274301.63,,303764.12
2026-08-07 23:00:00,2252805.67,,302871.85
2026-08-08 00:00:00,2255606.87,,296553.59
2026-08-08 01:00:00,2246215.24,,299970.90
2026-08-08 02:00:00,2255450.04,,300091.54
2026-08-08 03:00:00,2242499.18,,298433.22
2026-08-08 04:00:00,2232272.75,,294841.32
2026-08-08 05:00:00,2226045.54,,290410.07
2026-08-08 06:00:00,2211939.36,,288164.04
2026-08-08 07:00:00,2224919.09,,284528.62
2026-08-08 08:00:00,2219629.11,,282485.60
2026-08-08 09:00:00,2228772.93,,283155.96
2026-08-08 10:00:00,2235847.46,,285769.44
2026-08-08 11:00:00,2231112.05,,281440.74
2026-08-08 12:00:00,2225407.46,,279780.92
2026-08-08 13:00:00,2235059.19,,279509.18
2026-08-08 14:00:00,2247415.13,,281399.20
2026-08-08 15:00:00,2246865.40,,281340.80
2026-08-08 16:00:00,2249059.41,,280283.79
2026-08-08 17:00:00,2260869.45,,283088.93
2026-08-08 18:00:00,2270310.73,,282825.58
2026-08-08 19:00:00,2250062.60,,278265.35
2026-08-08 20:00:00,2252028.49,,278776.02
2026-08-08 21:00:00,2248073.56,,276106.16
2026-08-08 22:00:00,2246291.70,,276243.01
2026-08-08 23:00:00,2245041.13,,274688.72
2026-08-09 00:00:00,2240852.22,,275514.07
2026-08-09 01:00:00,2253920.65,,276121.08
2026-08-09 02:00:00,2194792.76,,277976.15
2026-08-09 03:00:00,2171421.32,,276620.32
2026-08-09 04:00:00,2167066.02,,276910.09
2026-08-09 05:00:00,2199042.70,,278728.92
2026-08-09 06:00:00,2191811.92,,277335.36
2026-08-09 07:00:00,2198519.14,,281042.26
2026-08-09 08:00:00,2166222.65,,277482.76
2026-08-09 09:00:00,2175841.36,,277950.26
2026-08-09 10:00:00,2151499.93,,277416.04
2026-08-09 11:00:00,2115941.12,,273368.29
2026-08-09 12:00:00,2109009.02,,275246.34
2026-08-09 13:00:00,2134600.43,,274843.67
2026-08-09 14:00:00,2125316.65,,272053.97
2026-08-09 15:00:00,2127470.97,,273100.27
2026-08-09 16:00:00,2107634.53,,273011.39
2026-08-09 17:00:00,2117197.92,,275200.23
2026-08-09 18:00:00,2102533.01,,270319.48
2026-08-09 19:00:00,2101193.73,,271427.66
2026-08-09 20:00:00,2089751.26,,270017.81
2026-08-09 21:00:00,2088199.05,,270554.57
2026-08-09 22:00:00,2081501.71,,271011.06
2026-08-09 23:00:00,2063877.71,,267872.65
2026-08-10 00:00:00,2045483.70,,270232.93
2026-08-10 01:00:00,2051334.22,,268750.75
2026-08-10 02:00:00,2058399.97,,276915.19
2026-08-10 03:00:00,2072664.34,,277591.03
2026-08-10 04:00:00,2084393.07,,283495.82
2026-08-10 05:00:00,2088431.11,,284778.75
2026-08-10 06:00:00,2090999.14,,285408.01
2026-08-10 07:00:00,2087813.19,,282780.61
2026-08-10 08:00:00,2112085.38,,283690.78
2026-08-10 09:00:00,2127949.73,,284851.96
2026-08-10 10:00:00,2121670.07,,285584.93
2026-08-10 11:00:00,2179896.92,,296427.26
2026-08-10 12:00:00,2198817.60,,301433.88
2026-08-10 13:00:00,2186152.34,,303564.06
2026-08-10 14:00:00,2188281.60,,310393.31
2026-08-10 15:00:00,2166626.32,,307199.14
2026-08-10 16:00:00,2185033.52,,311279.93
2026-08-10 17:00:00,2169966.99,,306265.70
2026-08-10 18:00:00,2144667.28,,304665.26
2026-08-10 19:00:00,2123614.57,,304959.94
2026-08-10 20:00:00,2122598.59,,303494.14
2026-08-10 21:00:00,2104605.38,,302096.62
2026-08-10 22:00:00,2090286.69,,301460.75
2026-08-10 23:00:00,2105538.93,,299251.12
2026-08-11 00:00:00,2097529.23,,297613.96
2026-08-11 01:00:00,2123649.90,,303553.03
2026-08-11 02:00:00,2143626.60,,299780.75
2026-08-11 03:00:00,2138252.77,,298534.27
2026-08-11 04:00:00,2118285.84,,300473.41
2026-08-11 05:00:00,2121268.09,,299949.60
2026-08-11 06:00:00,2070990.17,,300517.11
2026-08-11 07:00:00,2057649.62,,296585.81
2026-08-11 08:00:00,2026483.29,,294196.36
2026-08-11 09:00:00,2041310.04,,295204.30
2026-08-11 10:00:00,2029527.30,,291999.21
2026-08-11 11:00:00,1999407.94,,295301.33
2026-08-11 12:00:00,2005226.16,,296040.88
2026-08-11 13:00:00,1995908.80,,292806.14
2026-08-11 14:00:00,1987584.69,,289687.37
2026-08-11 15:00:00,1972883.92,,288400.01
2026-08-11 16:00:00,1953340.29,,283997.80
2026-08-11 17:00:00,1964129.58,,286318.94
2026-08-11 18:00:00,1950768.56,,284655.85
2026-08-11 19:00:00,1954265.68,,283231.46
2026-08-11 20:00:00,1941145.62,,281353.20
2026-08-11 21:00:00,1941975.30,,281740.98
2026-08-11 22:00:00,1951724.25,,285690.69
2026-08-11 23:00:00,1944305.12,,284495.10
2026-08-12 00:00:00,1956680.62,,285349.44
2026-08-12 01:00:00,1955251.92,,283020.57
2026-08-12 02:00:00,1967223.08,,284451.76
2026-08-12 03:00:00,1974313.42,,284369.66
2026-08-12 04:00:00,1967157.92,,283115.71
2026-08-12 05:00:00,1960126.48,,284222.72
2026-08-12 06:00:00,1960053.50,,281984.68
2026-08-12 07:00:00,1954290.14,,276148.98
2026-08-12 08:00:00,1947270.37,,275662.27
2026-08-12 09:00:00,1925385.66,,274570.42
2026-08-12 10:00:00,1926649.83,,273165.14
2026-08-12 11:00:00,1916598.78,,266440.27
2026-08-12 12:00:00,1922794.25,,266038.36
2026-08-12 13:00:00,1923877.92,,266792.87
2026-08-12 14:00:00,1917375.20,,264417.78
2026-08-12 15:00:00,1889360.56,,263361.99
2026-08-12 16:00:00,1878864.21,,261672.42
2026-08-12 17:00:00,1887549.88,,261999.90
2026-08-12 18:00:00,1888359.39,,262855.11
2026-08-12 19:00:00,1882339.94,,261737.15
2026-08-12 20:00:00,1877697.82,,260379.29
2026-08-12 21:00:00,1871635.86,,259821.08
2026-08-12 22:00:00,1867621.15,,257065.74
2026-08-12 23:00:00,1859320.53,,259021.31
2026-08-13 00:00:00,1860196.24,,257630.45
2026-08-13 01:00:00,1858176.62,,257417.41
2026-08-13 02:00:00,1852868.32,,255268.38
2026-08-13 03:00:00,1854312.13,,254715.02
2026-08-13 04:00:00,1864721.12,,255789.06
2026-08-13 05:00:00,1867025.32,,254659.45
2026-08-13 06:00:00,1871987.86,,253861.76
2026-08-13 07:00:00,1859070.86,,254946.02
2026-08-13 08:00:00,1858342.86,,254506.17
2026-08-13 09:00:00,1853790.67,,255710.48
2026-08-13 10:00:00,1852792.33,,251147.38
2026-08-13 11:00:00,1831832.17,,251068.09
2026-08-13 12:00:00,1822800.02,,251631.59
2026-08-13 13:00:00,1828376.72,,252907.34
2026-08-13 14:00:00,1816538.36,,252161.82
2026-08-13 15:00:00,1822249.64,,253696.82
2026-08-13 16:00:00,1815844.92,,251464.97
2026-08-13 17:00:00,1780477.30,,248914.82
2026-08-13 18:00:00,1790827.43,,247678.47
2026-08-13 19:00:00,1797543.53,,246358.20
2026-08-13 20:00:00,1799991.34,,246528.66
2026-08-13 21:00:00,1808650.57,,246755.41
2026-08-13 22:00:00,1828761.71,,248717.73
2026-08-13 23:00:00,1827668.65,,247665.83
2026-08-14 00:00:00,1826849.63,,247568.83
2026-08-14 01:00:00,1826068.38,,248780.11
2026-08-14 02:00:00,1823629.81,,250064.39
2026-08-14 03:00:00,1823296.17,,251684.96
2026-08-14 04:00:00,1815895.72,,252493.87
2026-08-14 05:00:00,1820283.46,,252727.81
2026-08-14 06:00:00,1836261.01,,255713.10
2026-08-14 07:00:00,1805782.84,,256021.15
2026-08-14 08:00:00,1809214.81,,253919.56
2026-08-14 09:00:00,1803104.78,,256414.68
2026-08-14 10:00:00,1786536.39,,252435.22
2026-08-14 11:00:00,1781081.79,,252739.42
2026-08-14 12:00:00,1787692.42,,253341.73
2026-08-14 13:00:00,1789736.84,,254065.74
2026-08-14 14:00:00,1776864.27,,253522.66
2026-08-14 15:00:00,1768456.78,,253542.36
2026-08-14 16:00:00,1777767.57,,253995.20
2026-08-14 17:00:00,1775517.90,,253137.70
2026-08-14 18:00:00,1778560.42,,252133.85
2026-08-14 19:00:00,1791972.07,,252141.47
2026-08-14 20:00:00,1789184.64,,251501.29
2026-08-14 21:00:00,1794295.54,,252403.85
2026-08-14 22:00:00,1792014.85,,250670.62
2026-08-14 23:00:00,1789854.44,,250691.56
2026-08-15 00:00:00,1786340.46,,249101.02
2026-08-15 01:00:00,1788420.64,,250608.19
2026-08-15 02:00:00,1790528.07,,250751.73
2026-08-15 03:00:00,1792937.30,,251963.82
2026-08-15 04:00:00,1790307.57,,252146.33
2026-08-15 05:00:00,1791536.06,,252301.31
2026-08-15 06:00:00,1788454.20,,257377.88
2026-08-15 07:00:00,1780191.72,,258921.92
2026-08-15 08:00:00,1775557.21,,258489.78
2026-08-15 09:00:00,1789117.39,,259674.83
2026-08-15 10:00:00,1781200.67,,261918.36
2026-08-15 11:00:00,1789857.44,,261239.49
2026-08-15 12:00:00,1808613.91,,263066.74
2026-08-15 13:00:00,1798888.15,,262199.84
2026-08-15 14:00:00,1790991.00,,262582.43
2026-08-15 15:00:00,1793964.05,,261607.82
2026-08-15 16:00:00,1825649.34,,264789.59
2026-08-15 17:00:00,1810084.81,,260514.60
2026-08-15 18:00:00,1818541.14,,259666.54
2026-08-15 19:00:00,1820994.44,,258072.03
2026-08-15 20:00:00,1828690.72,,259461.99
2026-08-15 21:00:00,1844334.30,,262146.75
2026-08-15 22:00:00,1850767.56,,263246.17
2026-08-15 23:00:00,1854075.04,,265324.18
2026-08-16 00:00:00,1828371.16,,258181.20
2026-08-16 01:00:00,1833782.20,,258562.32
2026-08-16 02:00:00,1833095.51,,255978.18
2026-08-16 03:00:00,1863649.34,,266314.90
2026-08-16 04:00:00,1854113.66,,265658.22
