time,oi_A,oi_6,oi_3
2026-05-24 12:00:00,4329820.30,,
2026-05-24 13:00:00,4373696.41,,
2026-05-24 14:00:00,4312236.34,,
2026-05-24 15:00:00,4407311.69,,
2026-05-24 16:00:00,4467325.14,,
2026-05-24 17:00:00,4431294.19,,
2026-05-24 18:00:00,4426790.59,,
2026-05-24 19:00:00,4432746.64,,
2026-05-24 20:00:00,4472159.45,,
2026-05-24 21:00:00,4443389.80,,
2026-05-24 22:00:00,4390026.07,,
2026-05-24 23:00:00,4395015.02,,
2026-05-25 00:00:00,4381975.53,,
2026-05-25 01:00:00,4454649.14,,
2026-05-25 02:00:00,4597389.43,,
2026-05-25 03:00:00,4552489.99,,
2026-05-25 04:00:00,4423746.76,,
2026-05-25 05:00:00,4542988.44,,
2026-05-25 06:00:00,4554829.34,,
2026-05-25 07:00:00,4622346.76,,
2026-05-25 08:00:00,4589148.72,,
2026-05-25 09:00:00,4504174.03,,
2026-05-25 10:00:00,4497207.37,,
2026-05-25 11:00:00,4507033.89,,
2026-05-25 12:00:00,4504250.08,,
2026-05-25 13:00:00,4563021.01,,
2026-05-25 14:00:00,4612952.85,,
2026-05-25 15:00:00,4486544.47,,
2026-05-25 16:00:00,4411494.62,,
2026-05-25 17:00:00,4381038.49,,
2026-05-25 18:00:00,4364192.85,,
2026-05-25 19:00:00,4350677.85,,
2026-05-25 20:00:00,4296911.42,,
2026-05-25 21:00:00,4238579.86,,
2026-05-25 22:00:00,4232490.26,,
2026-05-25 23:00:00,4182288.91,,
2026-05-26 00:00:00,4201311.74,,
2026-05-26 01:00:00,4151596.64,,
2026-05-26 02:00:00,4133654.70,,
2026-05-26 03:00:00,4174539.44,,
2026-05-26 04:00:00,4124234.51,,
2026-05-26 05:00:00,4189840.48,,
2026-05-26 06:00:00,4244026.64,,
2026-05-26 07:00:00,4254659.45,,
2026-05-26 08:00:00,4266845.30,,
2026-05-26 09:00:00,4194441.58,,
2026-05-26 10:00:00,4163772.63,,
2026-05-26 11:00:00,4241607.69,,
2026-05-26 12:00:00,4208384.42,,
2026-05-26 13:00:00,4194117.33,,
2026-05-26 14:00:00,4196366.52,,
2026-05-26 15:00:00,4149285.82,,
2026-05-26 16:00:00,4167026.77,,
2026-05-26 17:00:00,4152992.12,,
2026-05-26 18:00:00,4173937.23,,
2026-05-26 19:00:00,4227457.71,,
2026-05-26 20:00:00,4258051.19,,
2026-05-26 21:00:00,4180087.41,,
2026-05-26 22:00:00,4188645.30,,
2026-05-26 23:00:00,4204142.23,,
2026-05-27 00:00:00,4165218.00,,
2026-05-27 01:00:00,4241801.90,,
2026-05-27 02:00:00,4314406.24,,
2026-05-27 03:00:00,4341771.42,,
2026-05-27 04:00:00,4838662.18,,
2026-05-27 05:00:00,6392841.59,,
2026-05-27 06:00:00,6371258.76,,
2026-05-27 07:00:00,5700392.04,,
2026-05-27 08:00:00,5506841.47,,
2026-05-27 09:00:00,5493788.04,,
2026-05-27 10:00:00,5367064.16,,
2026-05-27 11:00:00,5341375.67,,
2026-05-27 12:00:00,5154339.08,,
2026-05-27 13:00:00,4991929.12,,
2026-05-27 14:00:00,4758018.50,,
2026-05-27 15:00:00,4606480.58,,
2026-05-27 16:00:00,4619767.24,,
2026-05-27 17:00:00,4544177.61,,
2026-05-27 18:00:00,4441662.33,,
2026-05-27 19:00:00,4313224.95,,
2026-05-27 20:00:00,4302053.47,,
2026-05-27 21:00:00,4314170.53,,
2026-05-27 22:00:00,4047540.30,,
2026-05-27 23:00:00,3973524.58,,
2026-05-28 00:00:00,3965549.49,,
2026-05-28 01:00:00,3942274.17,,
2026-05-28 02:00:00,3885875.36,,
2026-05-28 03:00:00,3934966.59,,
2026-05-28 04:00:00,3705181.86,,
2026-05-28 05:00:00,3734268.68,,
2026-05-28 06:00:00,3661378.08,,
2026-05-28 07:00:00,3734094.39,,
2026-05-28 08:00:00,3689592.18,,
2026-05-28 09:00:00,3682949.17,,
2026-05-28 10:00:00,3696840.93,,
2026-05-28 11:00:00,3617694.88,,
2026-05-28 12:00:00,3551459.61,,
2026-05-28 13:00:00,3586857.23,,
2026-05-28 14:00:00,3549958.44,,
2026-05-28 15:00:00,3595454.97,,
2026-05-28 16:00:00,3613867.06,,
2026-05-28 17:00:00,3666282.92,,
2026-05-28 18:00:00,3616220.66,,
2026-05-28 19:00:00,3576306.27,,
2026-05-28 20:00:00,3519319.10,,
2026-05-28 21:00:00,3506756.93,,
2026-05-28 22:00:00,3534949.90,,
2026-05-28 23:00:00,3501642.74,,
2026-05-29 00:00:00,3468800.94,,
2026-05-29 01:00:00,3506095.95,,
2026-05-29 02:00:00,3484757.90,,
2026-05-29 03:00:00,3445942.11,,
2026-05-29 04:00:00,3488317.10,,
2026-05-29 05:00:00,3533061.92,,
2026-05-29 06:00:00,3508984.54,,
2026-05-29 07:00:00,3541728.08,,
2026-05-29 08:00:00,3537420.36,,
2026-05-29 09:00:00,3534385.60,,
2026-05-29 10:00:00,3540161.45,,
2026-05-29 11:00:00,3528125.31,,
2026-05-29 12:00:00,3524862.38,,
2026-05-29 13:00:00,3437716.88,,
2026-05-29 14:00:00,3447837.14,,
2026-05-29 15:00:00,3462786.88,,
2026-05-29 16:00:00,3523432.35,,
2026-05-29 17:00:00,3490456.19,,
2026-05-29 18:00:00,3503879.14,,
2026-05-29 19:00:00,3487611.68,,
2026-05-29 20:00:00,3523081.92,,
2026-05-29 21:00:00,3556891.88,,
2026-05-29 22:00:00,3512282.30,,
2026-05-29 23:00:00,3507855.55,,
2026-05-30 00:00:00,3519259.18,,
2026-05-30 01:00:00,3512019.87,,
2026-05-30 02:00:00,3539198.95,,
2026-05-30 03:00:00,3669785.89,,
2026-05-30 04:00:00,3588385.83,,
2026-05-30 05:00:00,3530141.21,,
2026-05-30 06:00:00,3498187.95,,
2026-05-30 07:00:00,3542939.81,,
2026-05-30 08:00:00,3576059.37,,
2026-05-30 09:00:00,3561963.72,,
2026-05-30 10:00:00,3590231.82,,
2026-05-30 11:00:00,3615522.20,,
2026-05-30 12:00:00,3580429.22,,
2026-05-30 13:00:00,3554353.12,,
2026-05-30 14:00:00,3532877.33,,
2026-05-30 15:00:00,3515923.72,,
2026-05-30 16:00:00,3440939.48,,
2026-05-30 17:00:00,3419971.01,,
2026-05-30 18:00:00,3389416.10,,
2026-05-30 19:00:00,3406392.93,,
2026-05-30 20:00:00,3361995.63,,
2026-05-30 21:00:00,3380416.56,,
2026-05-30 22:00:00,3384861.82,,
2026-05-30 23:00:00,3359946.85,,
2026-05-31 00:00:00,3350353.23,,
2026-05-31 01:00:00,3455753.99,,
2026-05-31 02:00:00,3428434.83,,
2026-05-31 03:00:00,3385203.97,,
2026-05-31 04:00:00,3358115.00,,
2026-05-31 05:00:00,3393614.70,,
2026-05-31 06:00:00,3413527.34,,
2026-05-31 07:00:00,3406829.55,,
2026-05-31 08:00:00,3479716.15,,
2026-05-31 09:00:00,3493542.31,,
2026-05-31 10:00:00,3516127.83,,
2026-05-31 11:00:00,3507798.68,,
2026-05-31 12:00:00,3520835.18,,
2026-05-31 13:00:00,3557750.90,,
2026-05-31 14:00:00,3612640.46,,
2026-05-31 15:00:00,3498881.50,,
2026-05-31 16:00:00,3516709.59,,
2026-05-31 17:00:00,3498010.66,,
2026-05-31 18:00:00,3553260.21,,
2026-05-31 19:00:00,3541135.76,,
2026-05-31 20:00:00,3495604.42,,
2026-05-31 21:00:00,3521514.95,,
2026-05-31 22:00:00,3666518.12,,
2026-05-31 23:00:00,3665592.86,,
2026-06-01 00:00:00,3615642.50,,
2026-06-01 01:00:00,3722467.13,,
2026-06-01 02:00:00,3577638.92,,
2026-06-01 03:00:00,3639126.79,,
2026-06-01 04:00:00,3727595.88,,
2026-06-01 05:00:00,3755955.00,,
2026-06-01 06:00:00,3663167.93,,
2026-06-01 07:00:00,3564965.75,,
2026-06-01 08:00:00,3637450.05,,
2026-06-01 09:00:00,3706754.58,,
2026-06-01 10:00:00,3638101.65,,
2026-06-01 11:00:00,3542639.95,,
2026-06-01 12:00:00,3565568.81,,
2026-06-01 13:00:00,3525961.67,,
2026-06-01 14:00:00,3516949.39,,
2026-06-01 15:00:00,3534012.96,,
2026-06-01 16:00:00,3539093.88,,
2026-06-01 17:00:00,3644947.25,,
2026-06-01 18:00:00,3571516.08,,
2026-06-01 19:00:00,3501210.78,,
2026-06-01 20:00:00,3492841.93,,
2026-06-01 21:00:00,3442147.52,,
2026-06-01 22:00:00,3429694.07,,
2026-06-01 23:00:00,3419740.85,,
2026-06-02 00:00:00,3425826.83,,
2026-06-02 01:00:00,3446198.54,,
2026-06-02 02:00:00,3343492.20,,
2026-06-02 03:00:00,3134083.91,,
2026-06-02 04:00:00,3143072.42,,
2026-06-02 05:00:00,3068029.70,,
2026-06-02 06:00:00,3042695.72,,
2026-06-02 07:00:00,3011200.08,,
2026-06-02 08:00:00,2996396.65,,
2026-06-02 09:00:00,2966150.13,,
2026-06-02 10:00:00,2892571.36,,
2026-06-02 11:00:00,2966807.23,,
2026-06-02 12:00:00,2954654.04,,
2026-06-02 13:00:00,2963910.59,,
2026-06-02 14:00:00,2943436.99,,
2026-06-02 15:00:00,2778830.83,,
2026-06-02 16:00:00,2688025.18,,
2026-06-02 17:00:00,2708191.75,,
2026-06-02 18:00:00,2734463.61,,
2026-06-02 19:00:00,2708592.00,,
2026-06-02 20:00:00,2614271.60,,
2026-06-02 21:00:00,2623886.68,,
2026-06-02 22:00:00,2603948.31,,
2026-06-02 23:00:00,2525577.85,,
2026-06-03 00:00:00,2557814.16,,
2026-06-03 01:00:00,2600696.07,,
2026-06-03 02:00:00,2613853.59,,
2026-06-03 03:00:00,2604720.26,,
2026-06-03 04:00:00,2549846.15,,
2026-06-03 05:00:00,2638761.62,,
2026-06-03 06:00:00,2791459.05,,
2026-06-03 07:00:00,2779740.50,,
2026-06-03 08:00:00,2772808.22,,
2026-06-03 09:00:00,2775424.51,,
2026-06-03 10:00:00,2742794.18,,
2026-06-03 11:00:00,2761161.71,,
2026-06-03 12:00:00,2753148.66,,
2026-06-03 13:00:00,2748511.70,,
2026-06-03 14:00:00,2733169.78,,
2026-06-03 15:00:00,2718381.10,,
2026-06-03 16:00:00,2684216.30,,
2026-06-03 17:00:00,2667340.20,,
2026-06-03 18:00:00,2669957.32,,
2026-06-03 19:00:00,2665015.01,,
2026-06-03 20:00:00,2551836.17,,
2026-06-03 21:00:00,2462170.44,,
2026-06-03 22:00:00,2526850.05,,
2026-06-03 23:00:00,2480418.38,,
2026-06-04 00:00:00,2459800.14,,
2026-06-04 01:00:00,2421971.22,,
2026-06-04 02:00:00,2242677.96,,
2026-06-04 03:00:00,2062392.18,,
2026-06-04 04:00:00,2123325.75,,
2026-06-04 05:00:00,2084767.46,,
2026-06-04 06:00:00,2072990.67,,
2026-06-04 07:00:00,2083113.70,,
2026-06-04 08:00:00,2022838.76,,
2026-06-04 09:00:00,2047250.91,,
2026-06-04 10:00:00,2010650.54,,
2026-06-04 11:00:00,1994059.56,,
2026-06-04 12:00:00,1958108.96,,
2026-06-04 13:00:00,2041070.61,,
2026-06-04 14:00:00,2016561.30,,
2026-06-04 15:00:00,1994649.41,,
2026-06-04 16:00:00,2017971.99,,
2026-06-04 17:00:00,2015077.11,,
2026-06-04 18:00:00,1977511.50,,
2026-06-04 19:00:00,1974124.26,,
2026-06-04 20:00:00,1958230.48,,
2026-06-04 21:00:00,1942768.96,,
2026-06-04 22:00:00,1898259.53,,
2026-06-04 23:00:00,1913220.46,,
2026-06-05 00:00:00,1927505.70,,
2026-06-05 01:00:00,1905033.38,,
2026-06-05 02:00:00,1904914.16,,
2026-06-05 03:00:00,1859746.73,,
2026-06-05 04:00:00,1852271.82,,
2026-06-05 05:00:00,1872883.72,,
2026-06-05 06:00:00,1772308.95,,
2026-06-05 07:00:00,1680585.46,,
2026-06-05 08:00:00,1739105.71,,
2026-06-05 09:00:00,1704762.11,,
2026-06-05 10:00:00,1743026.72,,
2026-06-05 11:00:00,1701218.07,,
2026-06-05 12:00:00,1635705.09,,
2026-06-05 13:00:00,1617983.14,,
2026-06-05 14:00:00,1594417.65,,
2026-06-05 15:00:00,1613438.47,,
2026-06-05 16:00:00,1570759.52,,
2026-06-05 17:00:00,1665068.71,,
2026-06-05 18:00:00,1633838.78,,
2026-06-05 19:00:00,1585181.83,,
2026-06-05 20:00:00,1629309.32,,
2026-06-05 21:00:00,1674139.08,,
2026-06-05 22:00:00,1667748.17,,
2026-06-05 23:00:00,1650810.76,,
2026-06-06 00:00:00,1633735.44,,
2026-06-06 01:00:00,1639532.22,,
2026-06-06 02:00:00,1596939.94,,
2026-06-06 03:00:00,1575731.50,,
2026-06-06 04:00:00,1564575.92,,
2026-06-06 05:00:00,1437021.34,,
2026-06-06 06:00:00,1456385.10,,
2026-06-06 07:00:00,1432889.23,,
2026-06-06 08:00:00,1441981.35,,
2026-06-06 09:00:00,1449714.18,,
2026-06-06 10:00:00,1435199.79,,
2026-06-06 11:00:00,1406760.33,,
2026-06-06 12:00:00,1421027.25,,
2026-06-06 13:00:00,1424958.57,,
2026-06-06 14:00:00,1430051.20,,
2026-06-06 15:00:00,1430285.84,,
2026-06-06 16:00:00,1425684.65,,
2026-06-06 17:00:00,1435583.22,,
2026-06-06 18:00:00,1414642.62,,
2026-06-06 19:00:00,1429907.02,,
2026-06-06 20:00:00,1411230.35,,
2026-06-06 21:00:00,1406271.69,,
2026-06-06 22:00:00,1415723.30,,
2026-06-06 23:00:00,1409440.76,,
2026-06-07 00:00:00,1407313.78,,
2026-06-07 01:00:00,1411797.10,,
2026-06-07 02:00:00,1438832.88,,
2026-06-07 03:00:00,1414596.43,,
2026-06-07 04:00:00,1411056.44,,
2026-06-07 05:00:00,1410839.84,,
2026-06-07 06:00:00,1415117.36,,
2026-06-07 07:00:00,1419599.83,,
2026-06-07 08:00:00,1428904.37,,
2026-06-07 09:00:00,1425306.41,,
2026-06-07 10:00:00,1402424.56,,
2026-06-07 11:00:00,1409049.67,,
2026-06-07 12:00:00,1391863.91,,
2026-06-07 13:00:00,1376907.31,,
2026-06-07 14:00:00,1388753.58,,
2026-06-07 15:00:00,1396871.87,,
2026-06-07 16:00:00,1390504.22,,
2026-06-07 17:00:00,1388107.78,,
2026-06-07 18:00:00,1403131.68,,
2026-06-07 19:00:00,1377144.54,,
2026-06-07 20:00:00,1340908.85,,
2026-06-07 21:00:00,1370626.89,,
2026-06-07 22:00:00,1384003.57,,
2026-06-07 23:00:00,1397277.62,,
2026-06-08 00:00:00,1389591.64,,
2026-06-08 01:00:00,1387473.96,,
2026-06-08 02:00:00,1372106.65,,
2026-06-08 03:00:00,1367875.39,,
2026-06-08 04:00:00,1372371.51,,
2026-06-08 05:00:00,1359223.54,,
2026-06-08 06:00:00,1352439.97,,
2026-06-08 07:00:00,1360365.15,,
2026-06-08 08:00:00,1362968.52,,
2026-06-08 09:00:00,1350602.60,,
2026-06-08 10:00:00,1359417.69,,
2026-06-08 11:00:00,1366624.41,,
2026-06-08 12:00:00,1372898.26,,
2026-06-08 13:00:00,1373212.19,,
2026-06-08 14:00:00,1356845.18,,
2026-06-08 15:00:00,1373321.06,,
2026-06-08 16:00:00,1406405.40,,
2026-06-08 17:00:00,1423986.10,,
2026-06-08 18:00:00,1416214.91,,
2026-06-08 19:00:00,1407817.05,,
2026-06-08 20:00:00,1402045.70,,
2026-06-08 21:00:00,1417749.53,,
2026-06-08 22:00:00,1389518.85,,
2026-06-08 23:00:00,1372799.12,,
2026-06-09 00:00:00,1370048.52,,
2026-06-09 01:00:00,1353335.59,,
2026-06-09 02:00:00,1357003.04,,
2026-06-09 03:00:00,1336942.59,,
2026-06-09 04:00:00,1363633.08,,
2026-06-09 05:00:00,1407641.98,,
2026-06-09 06:00:00,1371283.66,,
2026-06-09 07:00:00,1366302.03,,
2026-06-09 08:00:00,1371780.96,,
2026-06-09 09:00:00,1378634.48,,
2026-06-09 10:00:00,1374812.96,,
2026-06-09 11:00:00,1377182.41,,
2026-06-09 12:00:00,1394562.49,,
2026-06-09 13:00:00,1401086.15,,
2026-06-09 14:00:00,1401046.47,,
2026-06-09 15:00:00,1395180.43,,
2026-06-09 16:00:00,1385551.79,,
2026-06-09 17:00:00,1373657.35,,
2026-06-09 18:00:00,1388521.83,,
2026-06-09 19:00:00,1396789.03,,
2026-06-09 20:00:00,1409354.73,,
2026-06-09 21:00:00,1409595.00,,
2026-06-09 22:00:00,1386678.04,,
2026-06-09 23:00:00,1385298.42,,
2026-06-10 00:00:00,1387328.06,,
2026-06-10 01:00:00,1393297.75,,
2026-06-10 02:00:00,1393630.32,,
2026-06-10 03:00:00,1373814.54,,
2026-06-10 04:00:00,1385116.17,,
2026-06-10 05:00:00,1386493.74,,
2026-06-10 06:00:00,1426918.73,,
2026-06-10 07:00:00,1447747.79,,
2026-06-10 08:00:00,1417374.99,,
2026-06-10 09:00:00,1377417.03,,
2026-06-10 10:00:00,1377202.51,,
2026-06-10 11:00:00,1374665.49,,
2026-06-10 12:00:00,1354883.51,,
2026-06-10 13:00:00,1381327.29,,
2026-06-10 14:00:00,1414191.27,,
2026-06-10 15:00:00,1398165.11,,
2026-06-10 16:00:00,1394460.53,,
2026-06-10 17:00:00,1393146.08,,
2026-06-10 18:00:00,1353340.60,,
2026-06-10 19:00:00,1353408.30,,
2026-06-10 20:00:00,1344705.55,,
2026-06-10 21:00:00,1317653.92,,
2026-06-10 22:00:00,1306694.88,,
2026-06-10 23:00:00,1318759.18,,
2026-06-11 00:00:00,1332140.49,,
2026-06-11 01:00:00,1337468.33,,
2026-06-11 02:00:00,1346639.05,,
2026-06-11 03:00:00,1333252.72,,
2026-06-11 04:00:00,1342271.24,,
2026-06-11 05:00:00,1355621.08,,
2026-06-11 06:00:00,1336952.56,,
2026-06-11 07:00:00,1342438.33,,
2026-06-11 08:00:00,1344113.08,,
2026-06-11 09:00:00,1341628.18,,
2026-06-11 10:00:00,1347916.44,,
2026-06-11 11:00:00,1345970.57,,
2026-06-11 12:00:00,1353974.61,,
2026-06-11 13:00:00,1351188.88,,
2026-06-11 14:00:00,1361498.05,,
2026-06-11 15:00:00,1391963.89,,
2026-06-11 16:00:00,1445398.16,,
2026-06-11 17:00:00,1444903.53,,
2026-06-11 18:00:00,1457615.93,,
2026-06-11 19:00:00,1440548.19,,
2026-06-11 20:00:00,1420886.87,,
2026-06-11 21:00:00,1428195.61,,
2026-06-11 22:00:00,1410490.36,,
2026-06-11 23:00:00,1396727.10,,
2026-06-12 00:00:00,1411855.30,,
2026-06-12 01:00:00,1408987.65,,
2026-06-12 02:00:00,1401684.10,,
2026-06-12 03:00:00,1387171.52,,
2026-06-12 04:00:00,1388535.31,,
2026-06-12 05:00:00,1430840.04,,
2026-06-12 06:00:00,1428861.74,,
2026-06-12 07:00:00,1437188.63,,
2026-06-12 08:00:00,1443249.76,,
2026-06-12 09:00:00,1463073.50,,
2026-06-12 10:00:00,1471418.43,,
2026-06-12 11:00:00,1468168.21,,
2026-06-12 12:00:00,1455134.61,,
2026-06-12 13:00:00,1468181.58,,
2026-06-12 14:00:00,1439587.96,,
2026-06-12 15:00:00,1466525.65,,
2026-06-12 16:00:00,1457115.54,,
2026-06-12 17:00:00,1458300.06,,
2026-06-12 18:00:00,1442910.24,,
2026-06-12 19:00:00,1476677.75,,
2026-06-12 20:00:00,1482758.58,,
2026-06-12 21:00:00,1471624.89,,
2026-06-12 22:00:00,1465535.80,,
2026-06-12 23:00:00,1466709.27,,
2026-06-13 00:00:00,1476536.06,,
2026-06-13 01:00:00,1459284.80,,
2026-06-13 02:00:00,1473754.52,,
2026-06-13 03:00:00,1471575.17,,
2026-06-13 04:00:00,1467320.05,,
2026-06-13 05:00:00,1487512.93,,
2026-06-13 06:00:00,1488973.04,,
2026-06-13 07:00:00,1507785.71,,
2026-06-13 08:00:00,1478830.37,,
2026-06-13 09:00:00,1477249.25,,
2026-06-13 10:00:00,1455028.04,,
2026-06-13 11:00:00,1471984.33,,
2026-06-13 12:00:00,1454193.18,,
2026-06-13 13:00:00,1464786.68,,
2026-06-13 14:00:00,1437659.30,,
2026-06-13 15:00:00,1427759.50,,
2026-06-13 16:00:00,1431007.47,,
2026-06-13 17:00:00,1429813.41,,
2026-06-13 18:00:00,1429110.59,,
2026-06-13 19:00:00,1425602.74,,
2026-06-13 20:00:00,1431769.46,,
2026-06-13 21:00:00,1454096.97,,
2026-06-13 22:00:00,1457651.63,,
2026-06-13 23:00:00,1448573.18,,
2026-06-14 00:00:00,1447924.53,,
2026-06-14 01:00:00,1451205.36,,
2026-06-14 02:00:00,1447955.63,,
2026-06-14 03:00:00,1419157.08,,
2026-06-14 04:00:00,1412500.63,,
2026-06-14 05:00:00,1401180.12,,
2026-06-14 06:00:00,1414179.51,,
2026-06-14 07:00:00,1409935.84,,
2026-06-14 08:00:00,1399362.09,,
2026-06-14 09:00:00,1393705.78,,
2026-06-14 10:00:00,1401303.19,,
2026-06-14 11:00:00,1402039.59,,
2026-06-14 12:00:00,1412344.57,,
2026-06-14 13:00:00,1405350.81,,
2026-06-14 14:00:00,1404762.28,,
2026-06-14 15:00:00,1388541.97,,
2026-06-14 16:00:00,1725453.87,,
2026-06-14 17:00:00,1711459.47,,
2026-06-14 18:00:00,1695313.11,,
2026-06-14 19:00:00,1648643.34,,
2026-06-14 20:00:00,1703977.06,,
2026-06-14 21:00:00,1669586.79,,
2026-06-14 22:00:00,1723161.16,,
2026-06-14 23:00:00,1717296.12,,
2026-06-15 00:00:00,1719353.52,,
2026-06-15 01:00:00,1720952.71,,
2026-06-15 02:00:00,1711355.52,,
2026-06-15 03:00:00,1701857.70,,
2026-06-15 04:00:00,1721601.35,,
2026-06-15 05:00:00,1752229.24,,
2026-06-15 06:00:00,1742690.57,,
2026-06-15 07:00:00,1723128.64,,
2026-06-15 08:00:00,1682378.34,,
2026-06-15 09:00:00,1672308.04,,
2026-06-15 10:00:00,1667475.72,,
2026-06-15 11:00:00,1651354.72,,
2026-06-15 12:00:00,1678829.69,,
2026-06-15 13:00:00,1687640.42,,
2026-06-15 14:00:00,1687982.43,,
2026-06-15 15:00:00,1662425.63,,
2026-06-15 16:00:00,1682487.25,,
2026-06-15 17:00:00,1720884.00,,
2026-06-15 18:00:00,1694838.34,,
2026-06-15 19:00:00,1678430.33,,
2026-06-15 20:00:00,1645732.30,,
2026-06-15 21:00:00,1649159.54,,
2026-06-15 22:00:00,1644341.36,,
2026-06-15 23:00:00,1638514.03,,
2026-06-16 00:00:00,1635590.52,,
2026-06-16 01:00:00,1639989.65,,
2026-06-16 02:00:00,1635924.59,,
2026-06-16 03:00:00,1576316.55,,
2026-06-16 04:00:00,1596233.61,,
2026-06-16 05:00:00,1581955.13,,
2026-06-16 06:00:00,1589703.63,,
2026-06-16 07:00:00,1599484.40,,
2026-06-16 08:00:00,1584391.20,,
2026-06-16 09:00:00,1605515.71,,
2026-06-16 10:00:00,1584382.34,,
2026-06-16 11:00:00,1595869.61,,
2026-06-16 12:00:00,1595520.56,,
2026-06-16 13:00:00,1610120.87,,
2026-06-16 14:00:00,1571139.85,,
2026-06-16 15:00:00,1560930.91,,
2026-06-16 16:00:00,1562626.20,,
2026-06-16 17:00:00,1555716.77,,
2026-06-16 18:00:00,1570593.31,,
2026-06-16 19:00:00,1564064.82,,
2026-06-16 20:00:00,1553239.58,,
2026-06-16 21:00:00,1580652.21,,
2026-06-16 22:00:00,1578392.53,,
2026-06-16 23:00:00,1583977.48,,
2026-06-17 00:00:00,1585334.32,,
2026-06-17 01:00:00,1592196.14,,
2026-06-17 02:00:00,1616688.79,,
2026-06-17 03:00:00,1611451.48,,
2026-06-17 04:00:00,1600439.08,,
2026-06-17 05:00:00,1603644.74,,
2026-06-17 06:00:00,1579035.38,,
2026-06-17 07:00:00,1567396.22,,
2026-06-17 08:00:00,1561401.63,,
2026-06-17 09:00:00,1553850.34,,
2026-06-17 10:00:00,1543213.10,,
2026-06-17 11:00:00,1540449.91,,
2026-06-17 12:00:00,1532240.39,,
2026-06-17 13:00:00,1536164.08,,
2026-06-17 14:00:00,1509104.74,,
2026-06-17 15:00:00,1498779.29,,
2026-06-17 16:00:00,1520619.12,,
2026-06-17 17:00:00,1504820.83,,
2026-06-17 18:00:00,1518301.67,,
2026-06-17 19:00:00,1498350.87,,
2026-06-17 20:00:00,1463480.80,,
2026-06-17 21:00:00,1473788.27,,
2026-06-17 22:00:00,1457042.71,,
2026-06-17 23:00:00,1458655.08,,
2026-06-18 00:00:00,1465299.15,,
2026-06-18 01:00:00,1456317.77,,
2026-06-18 02:00:00,1456209.72,,
2026-06-18 03:00:00,1453914.63,,
2026-06-18 04:00:00,1436369.27,,
2026-06-18 05:00:00,1429521.26,,
2026-06-18 06:00:00,1446188.98,,
2026-06-18 07:00:00,1438935.26,,
2026-06-18 08:00:00,1437883.72,,
2026-06-18 09:00:00,1432146.50,,
2026-06-18 10:00:00,1429022.00,,
2026-06-18 11:00:00,1446369.70,,
2026-06-18 12:00:00,1441384.50,,
2026-06-18 13:00:00,1453225.34,,
2026-06-18 14:00:00,1426152.64,,
2026-06-18 15:00:00,1426999.74,,
2026-06-18 16:00:00,1376486.14,,
2026-06-18 17:00:00,1394995.08,,
2026-06-18 18:00:00,1381930.39,,
2026-06-18 19:00:00,1387290.08,,
2026-06-18 20:00:00,1408706.54,,
2026-06-18 21:00:00,1401547.27,,
2026-06-18 22:00:00,1398414.37,,
2026-06-18 23:00:00,1391740.41,,
2026-06-19 00:00:00,1396869.54,,
2026-06-19 01:00:00,1403763.14,,
2026-06-19 02:00:00,1407123.68,,
2026-06-19 03:00:00,1400731.49,,
2026-06-19 04:00:00,1397461.99,,
2026-06-19 05:00:00,1384834.85,,
2026-06-19 06:00:00,1397582.16,,
2026-06-19 07:00:00,1396652.96,,
2026-06-19 08:00:00,1388095.77,,
2026-06-19 09:00:00,1402691.88,,
2026-06-19 10:00:00,1406601.83,,
2026-06-19 11:00:00,1407316.60,,
2026-06-19 12:00:00,1396964.92,,
2026-06-19 13:00:00,1422884.46,,
2026-06-19 14:00:00,1432924.50,,
2026-06-19 15:00:00,1422635.26,,
2026-06-19 16:00:00,1423365.71,,
2026-06-19 17:00:00,1425575.23,,
2026-06-19 18:00:00,1427039.53,,
2026-06-19 19:00:00,1428576.23,,
2026-06-19 20:00:00,1417767.95,,
2026-06-19 21:00:00,1424668.59,,
2026-06-19 22:00:00,1409961.47,,
2026-06-19 23:00:00,1410674.39,,
2026-06-20 00:00:00,1402953.36,,
2026-06-20 01:00:00,1406166.55,,
2026-06-20 02:00:00,1450172.12,,
2026-06-20 03:00:00,1548237.08,,
2026-06-20 04:00:00,1545883.28,,
2026-06-20 05:00:00,1550989.46,,
2026-06-20 06:00:00,1498120.81,,
2026-06-20 07:00:00,1499996.48,,
2026-06-20 08:00:00,1496167.37,,
2026-06-20 09:00:00,1536068.39,,
2026-06-20 10:00:00,1497758.85,,
2026-06-20 11:00:00,1522366.44,,
2026-06-20 12:00:00,1540647.97,,
2026-06-20 13:00:00,1510939.67,,
2026-06-20 14:00:00,1522885.64,,
2026-06-20 15:00:00,1516697.44,,
2026-06-20 16:00:00,1511199.23,,
2026-06-20 17:00:00,1506807.25,,
2026-06-20 18:00:00,1458872.27,,
2026-06-20 19:00:00,1476629.16,,
2026-06-20 20:00:00,1489379.88,,
2026-06-20 21:00:00,1449707.80,,
2026-06-20 22:00:00,1472114.79,,
2026-06-20 23:00:00,1474083.93,,
2026-06-21 00:00:00,1450011.93,,
2026-06-21 01:00:00,1478997.14,,
2026-06-21 02:00:00,1451429.83,,
2026-06-21 03:00:00,1454064.45,,
2026-06-21 04:00:00,1469560.08,,
2026-06-21 05:00:00,1462434.86,,
2026-06-21 06:00:00,1456739.55,,
2026-06-21 07:00:00,1474951.41,,
2026-06-21 08:00:00,1477328.95,,
2026-06-21 09:00:00,1472419.43,,
2026-06-21 10:00:00,1480202.54,,
2026-06-21 11:00:00,1463876.42,,
2026-06-21 12:00:00,1462714.65,,
2026-06-21 13:00:00,1472342.10,,
2026-06-21 14:00:00,1467294.21,,
2026-06-21 15:00:00,1468801.65,,
2026-06-21 16:00:00,1471979.79,,
2026-06-21 17:00:00,1462688.87,,
2026-06-21 18:00:00,1463311.30,,
2026-06-21 19:00:00,1466468.68,,
2026-06-21 20:00:00,1464732.05,,
2026-06-21 21:00:00,1437686.76,,
2026-06-21 22:00:00,1431216.83,,
2026-06-21 23:00:00,1428934.44,,
2026-06-22 00:00:00,1404714.85,,
2026-06-22 01:00:00,1424359.18,,
2026-06-22 02:00:00,1440033.16,,
2026-06-22 03:00:00,1439137.23,,
2026-06-22 04:00:00,1430481.38,,
2026-06-22 05:00:00,1426878.73,,
2026-06-22 06:00:00,1423779.82,,
2026-06-22 07:00:00,1419068.51,,
2026-06-22 08:00:00,1428234.11,,
2026-06-22 09:00:00,1433853.63,,
2026-06-22 10:00:00,1430392.76,,
2026-06-22 11:00:00,1426755.85,,
2026-06-22 12:00:00,1434078.29,,
2026-06-22 13:00:00,1435107.21,,
2026-06-22 14:00:00,1415873.89,,
2026-06-22 15:00:00,1403842.75,,
2026-06-22 16:00:00,1397853.02,,
2026-06-22 17:00:00,1407716.59,,
2026-06-22 18:00:00,1400103.33,,
2026-06-22 19:00:00,1387871.88,,
2026-06-22 20:00:00,1382330.93,,
2026-06-22 21:00:00,1377620.15,,
2026-06-22 22:00:00,1377310.55,,
2026-06-22 23:00:00,1357457.89,,
2026-06-23 00:00:00,1368014.39,,
2026-06-23 01:00:00,1395432.13,,
2026-06-23 02:00:00,1410760.37,,
2026-06-23 03:00:00,1406511.54,,
2026-06-23 04:00:00,1409012.24,,
2026-06-23 05:00:00,1399779.24,,
2026-06-23 06:00:00,1391865.64,,
2026-06-23 07:00:00,1351509.14,,
2026-06-23 08:00:00,1346786.55,,
2026-06-23 09:00:00,1312886.96,,
2026-06-23 10:00:00,1319404.47,,
2026-06-23 11:00:00,1303049.51,,
2026-06-23 12:00:00,1308673.48,,
2026-06-23 13:00:00,1302894.34,,
2026-06-23 14:00:00,1309764.37,,
2026-06-23 15:00:00,1301623.97,,
2026-06-23 16:00:00,1287559.35,,
2026-06-23 17:00:00,1289644.90,,
2026-06-23 18:00:00,1281121.03,,
2026-06-23 19:00:00,1275185.67,,
2026-06-23 20:00:00,1286500.15,,
2026-06-23 21:00:00,1283532.44,,
2026-06-23 22:00:00,1286753.93,,
2026-06-23 23:00:00,1279776.59,,
2026-06-24 00:00:00,1277033.05,,
2026-06-24 01:00:00,1276077.45,,
2026-06-24 02:00:00,1275217.95,,
2026-06-24 03:00:00,1280508.73,,
2026-06-24 04:00:00,1274844.83,,
2026-06-24 05:00:00,1282775.50,,
2026-06-24 06:00:00,1295771.07,,
2026-06-24 07:00:00,1297034.81,,
2026-06-24 08:00:00,1287914.72,,
2026-06-24 09:00:00,1287674.25,,
2026-06-24 10:00:00,1321431.65,,
2026-06-24 11:00:00,1311886.04,,
2026-06-24 12:00:00,1321838.59,,
2026-06-24 13:00:00,1306580.71,,
2026-06-24 14:00:00,1262733.08,,
2026-06-24 15:00:00,1281604.46,,
2026-06-24 16:00:00,1256719.30,,
2026-06-24 17:00:00,1203125.09,,
2026-06-24 18:00:00,1189550.61,,
2026-06-24 19:00:00,1221896.92,,
2026-06-24 20:00:00,1232763.13,,
2026-06-24 21:00:00,1260846.39,,
2026-06-24 22:00:00,1260648.58,,
2026-06-24 23:00:00,1257563.86,,
2026-06-25 00:00:00,1263239.00,,
2026-06-25 01:00:00,1250056.40,,
2026-06-25 02:00:00,1259473.78,,
2026-06-25 03:00:00,1260894.02,,
2026-06-25 04:00:00,1253813.57,,
2026-06-25 05:00:00,1260828.82,,
2026-06-25 06:00:00,1262910.80,,
2026-06-25 07:00:00,1266928.85,,
2026-06-25 08:00:00,1268311.11,,
2026-06-25 09:00:00,1268277.84,,
2026-06-25 10:00:00,1464259.92,,
2026-06-25 11:00:00,1519328.78,,
2026-06-25 12:00:00,1526720.14,,
2026-06-25 13:00:00,1487213.22,,
2026-06-25 14:00:00,1374678.44,,
2026-06-25 15:00:00,1416491.64,,
2026-06-25 16:00:00,1415512.16,,
2026-06-25 17:00:00,1406886.61,,
2026-06-25 18:00:00,1417030.92,,
2026-06-25 19:00:00,1411145.81,,
2026-06-25 20:00:00,1390682.90,,
2026-06-25 21:00:00,1390641.12,,
2026-06-25 22:00:00,1428201.69,,
2026-06-25 23:00:00,1412751.60,,
2026-06-26 00:00:00,1441464.19,,
2026-06-26 01:00:00,1428805.10,,
2026-06-26 02:00:00,1423938.19,,
2026-06-26 03:00:00,1380293.07,,
2026-06-26 04:00:00,1408521.11,,
2026-06-26 05:00:00,1384851.14,,
2026-06-26 06:00:00,1380432.45,,
2026-06-26 07:00:00,1396457.33,,
2026-06-26 08:00:00,1398057.02,,
2026-06-26 09:00:00,1375600.01,,
2026-06-26 10:00:00,1357444.22,,
2026-06-26 11:00:00,1359254.58,,
2026-06-26 12:00:00,1347334.56,,
2026-06-26 13:00:00,1329010.28,,
2026-06-26 14:00:00,1342040.95,,
2026-06-26 15:00:00,1302621.35,,
2026-06-26 16:00:00,1314402.88,,
2026-06-26 17:00:00,1310376.68,,
2026-06-26 18:00:00,1296839.11,,
2026-06-26 19:00:00,1260773.69,,
2026-06-26 20:00:00,1230600.10,,
2026-06-26 21:00:00,1206441.62,,
2026-06-26 22:00:00,1198184.45,,
2026-06-26 23:00:00,1197442.85,,
2026-06-27 00:00:00,1199745.42,,
2026-06-27 01:00:00,1201554.06,,
2026-06-27 02:00:00,1196673.70,,
2026-06-27 03:00:00,1208594.16,,
2026-06-27 04:00:00,1206462.15,,
2026-06-27 05:00:00,1208512.03,,
2026-06-27 06:00:00,1207234.66,,
2026-06-27 07:00:00,1206986.83,,
2026-06-27 08:00:00,1197537.79,,
2026-06-27 09:00:00,1188935.80,,
2026-06-27 10:00:00,1186505.38,,
2026-06-27 11:00:00,1188164.72,,
2026-06-27 12:00:00,1189622.82,,
2026-06-27 13:00:00,1178430.87,,
2026-06-27 14:00:00,1182388.56,,
2026-06-27 15:00:00,1182877.47,,
2026-06-27 16:00:00,1196557.33,,
2026-06-27 17:00:00,1226028.98,,
2026-06-27 18:00:00,1209058.97,,
2026-06-27 19:00:00,1206968.37,,
2026-06-27 20:00:00,1197329.89,,
2026-06-27 21:00:00,1201507.81,,
2026-06-27 22:00:00,1194388.98,,
2026-06-27 23:00:00,1189003.00,,
2026-06-28 00:00:00,1195063.14,,
2026-06-28 01:00:00,1199283.34,,
2026-06-28 02:00:00,1198089.73,,
2026-06-28 03:00:00,1188401.76,,
2026-06-28 04:00:00,1200967.58,,
2026-06-28 05:00:00,1203819.43,,
2026-06-28 06:00:00,1197338.46,,
2026-06-28 07:00:00,1204681.74,,
2026-06-28 08:00:00,1207713.10,,
2026-06-28 09:00:00,1219035.40,,
2026-06-28 10:00:00,1199172.22,,
2026-06-28 11:00:00,1187035.63,,
2026-06-28 12:00:00,1206135.08,,
2026-06-28 13:00:00,1205803.55,,
2026-06-28 14:00:00,1194071.84,,
2026-06-28 15:00:00,1221693.30,,
2026-06-28 16:00:00,1225390.98,,
2026-06-28 17:00:00,1217211.27,,
2026-06-28 18:00:00,1254860.27,,
2026-06-28 19:00:00,1223810.34,,
2026-06-28 20:00:00,1223319.85,,
2026-06-28 21:00:00,1216043.52,,
2026-06-28 22:00:00,1203131.46,,
2026-06-28 23:00:00,1184435.61,,
2026-06-29 00:00:00,1187821.68,,
2026-06-29 01:00:00,1191744.93,,
2026-06-29 02:00:00,1187458.48,,
2026-06-29 03:00:00,1200441.30,,
2026-06-29 04:00:00,1210275.53,,
2026-06-29 05:00:00,1208832.00,,
2026-06-29 06:00:00,1213790.87,,
2026-06-29 07:00:00,1222043.26,,
2026-06-29 08:00:00,1223643.01,,
2026-06-29 09:00:00,1222705.82,,
2026-06-29 10:00:00,1233131.52,,
2026-06-29 11:00:00,1224822.43,,
2026-06-29 12:00:00,1220553.66,,
2026-06-29 13:00:00,1223459.67,,
2026-06-29 14:00:00,1208967.31,,
2026-06-29 15:00:00,1210577.41,,
2026-06-29 16:00:00,1213644.88,,
2026-06-29 17:00:00,1209510.33,,
2026-06-29 18:00:00,1229201.36,,
2026-06-29 19:00:00,1224118.40,,
2026-06-29 20:00:00,1223176.99,,
2026-06-29 21:00:00,1216485.63,,
2026-06-29 22:00:00,1229347.28,,
2026-06-29 23:00:00,1220640.76,,
2026-06-30 00:00:00,1222816.00,,
2026-06-30 01:00:00,1212433.31,,
2026-06-30 02:00:00,1205692.55,,
2026-06-30 03:00:00,1201473.10,,
2026-06-30 04:00:00,1196169.14,,
2026-06-30 05:00:00,1197713.96,,
2026-06-30 06:00:00,1194485.07,,
2026-06-30 07:00:00,1212449.70,,
2026-06-30 08:00:00,1232124.55,,
2026-06-30 09:00:00,1231216.32,,
2026-06-30 10:00:00,1234102.64,,
2026-06-30 11:00:00,1226897.21,,
2026-06-30 12:00:00,1224180.48,,
2026-06-30 13:00:00,1186435.10,,
2026-06-30 14:00:00,1218848.80,,
2026-06-30 15:00:00,1200931.08,,
2026-06-30 16:00:00,1206679.29,,
2026-06-30 17:00:00,1207361.57,,
2026-06-30 18:00:00,1202605.43,,
2026-06-30 19:00:00,1205522.15,,
2026-06-30 20:00:00,1203519.65,,
2026-06-30 21:00:00,1194407.29,,
2026-06-30 22:00:00,1189862.81,,
2026-06-30 23:00:00,1182497.29,,
2026-07-01 00:00:00,1190788.01,,
2026-07-01 01:00:00,1183368.69,,
2026-07-01 02:00:00,1179713.08,,
2026-07-01 03:00:00,1187189.11,,
2026-07-01 04:00:00,1211277.59,,
2026-07-01 05:00:00,1224933.51,,
2026-07-01 06:00:00,1218553.59,,
2026-07-01 07:00:00,1200813.71,,
2026-07-01 08:00:00,1203084.26,,
2026-07-01 09:00:00,1215205.08,,
2026-07-01 10:00:00,1221910.42,,
2026-07-01 11:00:00,1224576.86,,
2026-07-01 12:00:00,1233864.63,,
2026-07-01 13:00:00,1250182.81,,
2026-07-01 14:00:00,1284732.21,,
2026-07-01 15:00:00,1266396.00,,
2026-07-01 16:00:00,1334968.88,,
2026-07-01 17:00:00,1327805.08,,
2026-07-01 18:00:00,1332855.25,,
2026-07-01 19:00:00,1344013.72,,
2026-07-01 20:00:00,1354153.30,,
2026-07-01 21:00:00,1372250.15,,
2026-07-01 22:00:00,1383290.42,,
2026-07-01 23:00:00,1387424.45,,
2026-07-02 00:00:00,1378039.37,,
2026-07-02 01:00:00,1376735.98,,
2026-07-02 02:00:00,1369005.95,,
2026-07-02 03:00:00,1370406.47,,
2026-07-02 04:00:00,1374474.10,,
2026-07-02 05:00:00,1362436.77,,
2026-07-02 06:00:00,1349185.19,,
2026-07-02 07:00:00,1327182.42,,
2026-07-02 08:00:00,1327926.28,,
2026-07-02 09:00:00,1338795.16,,
2026-07-02 10:00:00,1356132.57,,
2026-07-02 11:00:00,1346259.15,,
2026-07-02 12:00:00,1367740.34,,
2026-07-02 13:00:00,1359797.74,,
2026-07-02 14:00:00,1363491.91,,
2026-07-02 15:00:00,1345741.52,,
2026-07-02 16:00:00,1365423.13,,
2026-07-02 17:00:00,1336162.33,,
2026-07-02 18:00:00,1327981.38,,
2026-07-02 19:00:00,1326939.98,,
2026-07-02 20:00:00,1315715.41,,
2026-07-02 21:00:00,1315873.32,,
2026-07-02 22:00:00,1311953.93,,
2026-07-02 23:00:00,1315680.06,,
2026-07-03 00:00:00,1307334.89,,
2026-07-03 01:00:00,1307854.09,,
2026-07-03 02:00:00,1310873.71,,
2026-07-03 03:00:00,1308764.83,,
2026-07-03 04:00:00,1302894.69,,
2026-07-03 05:00:00,1299557.94,,
2026-07-03 06:00:00,1321241.13,,
2026-07-03 07:00:00,1308213.47,,
2026-07-03 08:00:00,1307540.19,,
2026-07-03 09:00:00,1310484.56,,
2026-07-03 10:00:00,1305669.22,,
2026-07-03 11:00:00,1307095.03,,
2026-07-03 12:00:00,1316074.62,,
2026-07-03 13:00:00,1310767.58,,
2026-07-03 14:00:00,1307139.12,,
2026-07-03 15:00:00,1307749.53,,
2026-07-03 16:00:00,1302611.12,,
2026-07-03 17:00:00,1292574.34,,
2026-07-03 18:00:00,1295961.42,,
2026-07-03 19:00:00,1293122.98,,
2026-07-03 20:00:00,1301329.81,,
2026-07-03 21:00:00,1305365.91,,
2026-07-03 22:00:00,1295850.34,,
2026-07-03 23:00:00,1292924.54,,
2026-07-04 00:00:00,1294426.74,,
2026-07-04 01:00:00,1291921.87,,
2026-07-04 02:00:00,1281857.84,,
2026-07-04 03:00:00,1282397.09,,
2026-07-04 04:00:00,1286060.92,,
2026-07-04 05:00:00,1285712.89,,
2026-07-04 06:00:00,1283031.68,,
2026-07-04 07:00:00,1282568.46,,
2026-07-04 08:00:00,1287136.71,,
2026-07-04 09:00:00,1312784.01,,
2026-07-04 10:00:00,1307716.41,,
2026-07-04 11:00:00,1311608.56,,
2026-07-04 12:00:00,1315493.65,,
2026-07-04 13:00:00,1308230.75,,
2026-07-04 14:00:00,1312155.91,,
2026-07-04 15:00:00,1304413.89,,
2026-07-04 16:00:00,1316031.95,,
2026-07-04 17:00:00,1315727.32,,
2026-07-04 18:00:00,1322887.71,,
2026-07-04 19:00:00,1315970.61,,
2026-07-04 20:00:00,1324370.92,,
2026-07-04 21:00:00,1324719.79,,
2026-07-04 22:00:00,1323025.47,,
2026-07-04 23:00:00,1322663.39,,
2026-07-05 00:00:00,1308919.26,,
2026-07-05 01:00:00,1307251.93,,
2026-07-05 02:00:00,1302087.46,,
2026-07-05 03:00:00,1294096.49,,
2026-07-05 04:00:00,1303387.54,,
2026-07-05 05:00:00,1304833.29,,
2026-07-05 06:00:00,1309890.39,,
2026-07-05 07:00:00,1313395.62,,
2026-07-05 08:00:00,1311747.90,,
2026-07-05 09:00:00,1323375.83,,
2026-07-05 10:00:00,1292809.77,,
2026-07-05 11:00:00,1297807.73,,
2026-07-05 12:00:00,1300959.79,,
2026-07-05 13:00:00,1311087.19,,
2026-07-05 14:00:00,1311132.49,,
2026-07-05 15:00:00,1320239.12,,
2026-07-05 16:00:00,1317835.05,,
2026-07-05 17:00:00,1315743.53,,
2026-07-05 18:00:00,1329426.74,,
2026-07-05 19:00:00,1330721.76,,
2026-07-05 20:00:00,1332493.05,,
2026-07-05 21:00:00,1333152.86,,
2026-07-05 22:00:00,1342235.32,,
2026-07-05 23:00:00,1351100.60,,
2026-07-06 00:00:00,1346006.42,,
2026-07-06 01:00:00,1354175.48,,
2026-07-06 02:00:00,1347994.68,,
2026-07-06 03:00:00,1353940.43,,
2026-07-06 04:00:00,1366434.83,,
2026-07-06 05:00:00,1357332.96,,
2026-07-06 06:00:00,1360362.48,,
2026-07-06 07:00:00,1361636.21,,
2026-07-06 08:00:00,1369786.40,,
2026-07-06 09:00:00,1366061.45,,
2026-07-06 10:00:00,1376873.04,,
2026-07-06 11:00:00,1385427.50,,
2026-07-06 12:00:00,1389727.67,,
2026-07-06 13:00:00,1378189.44,,
2026-07-06 14:00:00,1394994.55,,
2026-07-06 15:00:00,1394283.54,,
2026-07-06 16:00:00,1418511.81,,
2026-07-06 17:00:00,1436388.85,,
2026-07-06 18:00:00,1439663.13,,
2026-07-06 19:00:00,1440166.93,,
2026-07-06 20:00:00,1429658.11,,
2026-07-06 21:00:00,1426567.28,,
2026-07-06 22:00:00,1446383.97,,
2026-07-06 23:00:00,1434524.03,,
2026-07-07 00:00:00,1443003.21,,
2026-07-07 01:00:00,1433521.56,,
2026-07-07 02:00:00,1419824.71,,
2026-07-07 03:00:00,1421727.15,,
2026-07-07 04:00:00,1421211.26,,
2026-07-07 05:00:00,1420335.39,,
2026-07-07 06:00:00,1417748.51,,
2026-07-07 07:00:00,1390217.61,,
2026-07-07 08:00:00,1374047.40,,
2026-07-07 09:00:00,1375782.80,,
2026-07-07 10:00:00,1381095.74,,
2026-07-07 11:00:00,1376074.49,,
2026-07-07 12:00:00,1369886.07,,
2026-07-07 13:00:00,1373428.17,,
2026-07-07 14:00:00,1376362.30,,
2026-07-07 15:00:00,1368248.98,,
2026-07-07 16:00:00,1375677.43,,
2026-07-07 17:00:00,1385029.46,,
2026-07-07 18:00:00,1383133.90,,
2026-07-07 19:00:00,1366271.48,,
2026-07-07 20:00:00,1364082.80,,
2026-07-07 21:00:00,1364516.40,,
2026-07-07 22:00:00,1366205.25,,
2026-07-07 23:00:00,1368916.22,,
2026-07-08 00:00:00,1367985.41,,
2026-07-08 01:00:00,1370498.63,,
2026-07-08 02:00:00,1356827.50,,
2026-07-08 03:00:00,1361541.83,,
2026-07-08 04:00:00,1338662.95,,
2026-07-08 05:00:00,1339460.48,,
2026-07-08 06:00:00,1338478.83,,
2026-07-08 07:00:00,1357806.17,,
2026-07-08 08:00:00,1354362.47,,
2026-07-08 09:00:00,1324459.69,,
2026-07-08 10:00:00,1315914.23,,
2026-07-08 11:00:00,1320622.71,,
2026-07-08 12:00:00,1325445.98,,
2026-07-08 13:00:00,1309580.37,,
2026-07-08 14:00:00,1314004.94,,
2026-07-08 15:00:00,1304914.37,,
2026-07-08 16:00:00,1299091.42,,
2026-07-08 17:00:00,1290445.79,,
2026-07-08 18:00:00,1294711.74,,
2026-07-08 19:00:00,1313540.92,,
2026-07-08 20:00:00,1296456.37,,
2026-07-08 21:00:00,1286190.84,,
2026-07-08 22:00:00,1296190.79,,
2026-07-08 23:00:00,1297463.85,,
2026-07-09 00:00:00,1294643.91,,
2026-07-09 01:00:00,1293766.24,,
2026-07-09 02:00:00,1298246.90,,
2026-07-09 03:00:00,1287595.42,,
2026-07-09 04:00:00,1279976.94,,
2026-07-09 05:00:00,1296939.09,,
2026-07-09 06:00:00,1328494.21,,
2026-07-09 07:00:00,1327793.38,,
2026-07-09 08:00:00,1316718.01,,
2026-07-09 09:00:00,1319362.09,,
2026-07-09 10:00:00,1318527.21,,
2026-07-09 11:00:00,1315963.26,,
2026-07-09 12:00:00,1309513.84,,
2026-07-09 13:00:00,1303130.17,,
2026-07-09 14:00:00,1309685.28,,
2026-07-09 15:00:00,1296972.71,,
2026-07-09 16:00:00,1288613.91,,
2026-07-09 17:00:00,1284193.27,,
2026-07-09 18:00:00,1294816.01,,
2026-07-09 19:00:00,1296104.58,,
2026-07-09 20:00:00,1294420.99,,
2026-07-09 21:00:00,1292574.99,,
2026-07-09 22:00:00,1290792.66,,
2026-07-09 23:00:00,1287371.50,,
2026-07-10 00:00:00,1288327.75,,
2026-07-10 01:00:00,1286902.90,,
2026-07-10 02:00:00,1290913.54,,
2026-07-10 03:00:00,1291762.30,,
2026-07-10 04:00:00,1289129.20,,
2026-07-10 05:00:00,1294863.39,,
2026-07-10 06:00:00,1294278.71,,
2026-07-10 07:00:00,1295696.25,,
2026-07-10 08:00:00,1295441.33,,
2026-07-10 09:00:00,1305719.97,,
2026-07-10 10:00:00,1307727.22,,
2026-07-10 11:00:00,1302710.35,,
2026-07-10 12:00:00,1303368.80,,
2026-07-10 13:00:00,1306600.49,,
2026-07-10 14:00:00,1341142.40,,
2026-07-10 15:00:00,1359211.99,,
2026-07-10 16:00:00,1377613.41,,
2026-07-10 17:00:00,1378990.39,,
2026-07-10 18:00:00,1373800.82,,
2026-07-10 19:00:00,1376997.74,,
2026-07-10 20:00:00,1378467.45,,
2026-07-10 21:00:00,1377507.37,,
2026-07-10 22:00:00,1382552.30,,
2026-07-10 23:00:00,1389973.88,,
2026-07-11 00:00:00,1386877.65,,
2026-07-11 01:00:00,1377743.01,,
2026-07-11 02:00:00,1373716.74,,
2026-07-11 03:00:00,1373611.20,,
2026-07-11 04:00:00,1366288.81,,
2026-07-11 05:00:00,1355602.92,,
2026-07-11 06:00:00,1356335.74,,
2026-07-11 07:00:00,1351646.99,,
2026-07-11 08:00:00,1355233.44,,
2026-07-11 09:00:00,1344948.08,,
2026-07-11 10:00:00,1342848.81,,
2026-07-11 11:00:00,1338108.96,,
2026-07-11 12:00:00,1344700.10,,
2026-07-11 13:00:00,1344486.59,,
2026-07-11 14:00:00,1342048.26,,
2026-07-11 15:00:00,1349143.59,,
2026-07-11 16:00:00,1341771.22,,
2026-07-11 17:00:00,1339350.49,,
2026-07-11 18:00:00,1344451.06,,
2026-07-11 19:00:00,1346832.12,,
2026-07-11 20:00:00,1344122.45,,
2026-07-11 21:00:00,1343477.46,,
2026-07-11 22:00:00,1340300.35,,
2026-07-11 23:00:00,1341429.55,,
2026-07-12 00:00:00,1313986.37,,
2026-07-12 01:00:00,1286136.49,,
2026-07-12 02:00:00,1290907.14,,
2026-07-12 03:00:00,1294072.47,,
2026-07-12 04:00:00,1293894.75,,
2026-07-12 05:00:00,1286108.39,,
2026-07-12 06:00:00,1283949.99,,
2026-07-12 07:00:00,1279643.82,,
2026-07-12 08:00:00,1277144.64,,
2026-07-12 09:00:00,1276415.55,,
2026-07-12 10:00:00,1278135.37,,
2026-07-12 11:00:00,1274112.10,,
2026-07-12 12:00:00,1268201.83,,
2026-07-12 13:00:00,1259097.74,,
2026-07-12 14:00:00,1254059.43,,
2026-07-12 15:00:00,1258054.98,,
2026-07-12 16:00:00,1257461.26,,
2026-07-12 17:00:00,1252245.51,,
2026-07-12 18:00:00,1245509.83,,
2026-07-12 19:00:00,1240467.88,,
2026-07-12 20:00:00,1234508.75,,
2026-07-12 21:00:00,1231037.63,,
2026-07-12 22:00:00,1226752.99,,
2026-07-12 23:00:00,1222004.54,,
2026-07-13 00:00:00,1214721.76,,
2026-07-13 01:00:00,1225229.99,,
2026-07-13 02:00:00,1216025.26,,
2026-07-13 03:00:00,1219156.49,,
2026-07-13 04:00:00,1187336.83,,
2026-07-13 05:00:00,1192759.17,,
2026-07-13 06:00:00,1192533.42,,
2026-07-13 07:00:00,1191037.71,,
2026-07-13 08:00:00,1197544.66,,
2026-07-13 09:00:00,1203940.07,,
2026-07-13 10:00:00,1205774.52,,
2026-07-13 11:00:00,1208734.28,,
2026-07-13 12:00:00,1218901.23,,
2026-07-13 13:00:00,1221727.73,,
2026-07-13 14:00:00,1236277.80,,
2026-07-13 15:00:00,1237018.83,,
2026-07-13 16:00:00,1212979.46,,
2026-07-13 17:00:00,1207679.80,,
2026-07-13 18:00:00,1192751.92,,
2026-07-13 19:00:00,1201523.88,,
2026-07-13 20:00:00,1217025.61,,
2026-07-13 21:00:00,1213236.05,,
2026-07-13 22:00:00,1204972.41,,
2026-07-13 23:00:00,1214268.60,,
2026-07-14 00:00:00,1224589.37,,
2026-07-14 01:00:00,1224804.48,,
2026-07-14 02:00:00,1216965.73,,
2026-07-14 03:00:00,1207073.05,,
2026-07-14 04:00:00,1206262.33,,
2026-07-14 05:00:00,1203853.17,,
2026-07-14 06:00:00,1198623.60,,
2026-07-14 07:00:00,1203253.72,,
2026-07-14 08:00:00,1202288.54,,
2026-07-14 09:00:00,1208099.30,,
2026-07-14 10:00:00,1210591.07,,
2026-07-14 11:00:00,1211299.06,,
2026-07-14 12:00:00,1210184.69,,
2026-07-14 13:00:00,1236347.34,,
2026-07-14 14:00:00,1261478.33,,
2026-07-14 15:00:00,1298608.40,,
2026-07-14 16:00:00,1294976.16,,
2026-07-14 17:00:00,1304981.21,,
2026-07-14 18:00:00,1302423.70,,
2026-07-14 19:00:00,1296551.34,,
2026-07-14 20:00:00,1294332.21,,
2026-07-14 21:00:00,1286145.79,,
2026-07-14 22:00:00,1287145.93,,
2026-07-14 23:00:00,1286319.62,,
2026-07-15 00:00:00,1291681.66,,
2026-07-15 01:00:00,1295974.56,,
2026-07-15 02:00:00,1289523.03,,
2026-07-15 03:00:00,1293037.75,,
2026-07-15 04:00:00,1289489.48,,
2026-07-15 05:00:00,1281145.79,,
2026-07-15 06:00:00,1285823.75,,
2026-07-15 07:00:00,1281861.53,,
2026-07-15 08:00:00,1274430.35,,
2026-07-15 09:00:00,1259675.31,,
2026-07-15 10:00:00,1261799.04,,
2026-07-15 11:00:00,1260834.37,,
2026-07-15 12:00:00,1262141.89,,
2026-07-15 13:00:00,1278191.71,,
2026-07-15 14:00:00,1269712.88,,
2026-07-15 15:00:00,1260714.75,,
2026-07-15 16:00:00,1262930.69,,
2026-07-15 17:00:00,1241522.44,,
2026-07-15 18:00:00,1241420.66,,
2026-07-15 19:00:00,1232022.39,,
2026-07-15 20:00:00,1242369.03,,
2026-07-15 21:00:00,1248480.91,,
2026-07-15 22:00:00,1251692.30,,
2026-07-15 23:00:00,1257356.80,,
2026-07-16 00:00:00,1256494.69,,
2026-07-16 01:00:00,1263616.53,,
2026-07-16 02:00:00,1260971.66,,
2026-07-16 03:00:00,1252102.10,,
2026-07-16 04:00:00,1250624.09,,
2026-07-16 05:00:00,1250142.85,,
2026-07-16 06:00:00,1255975.06,,
2026-07-16 07:00:00,1255001.18,,
2026-07-16 08:00:00,1251371.16,,
2026-07-16 09:00:00,1247802.07,,
2026-07-16 10:00:00,1241022.99,,
2026-07-16 11:00:00,1243767.72,,
2026-07-16 12:00:00,1243288.13,,
2026-07-16 13:00:00,1245711.68,,
2026-07-16 14:00:00,1268629.97,,
2026-07-16 15:00:00,1271403.40,,
2026-07-16 16:00:00,1269076.75,,
2026-07-16 17:00:00,1265808.94,,
2026-07-16 18:00:00,1255446.79,,
2026-07-16 19:00:00,1269040.36,,
2026-07-16 20:00:00,1267577.16,,
2026-07-16 21:00:00,1268482.81,,
2026-07-16 22:00:00,1265380.46,,
2026-07-16 23:00:00,1252918.01,,
2026-07-17 00:00:00,1247692.76,,
2026-07-17 01:00:00,1258928.83,,
2026-07-17 02:00:00,1237854.29,,
2026-07-17 03:00:00,1231182.67,,
2026-07-17 04:00:00,1226263.55,,
2026-07-17 05:00:00,1226614.07,,
2026-07-17 06:00:00,1213189.15,,
2026-07-17 07:00:00,1213373.54,,
2026-07-17 08:00:00,1194841.46,,
2026-07-17 09:00:00,1198056.63,,
2026-07-17 10:00:00,1206046.04,,
2026-07-17 11:00:00,1206641.65,,
2026-07-17 12:00:00,1210949.08,,
2026-07-17 13:00:00,1209292.17,,
2026-07-17 14:00:00,1195509.79,,
2026-07-17 15:00:00,1201526.74,,
2026-07-17 16:00:00,1211741.80,,
2026-07-17 17:00:00,1222833.81,,
2026-07-17 18:00:00,1228718.49,,
2026-07-17 19:00:00,1230827.54,,
2026-07-17 20:00:00,1221679.23,,
2026-07-17 21:00:00,1218570.49,,
2026-07-17 22:00:00,1214251.02,,
2026-07-17 23:00:00,1213304.65,,
2026-07-18 00:00:00,1216747.55,,
2026-07-18 01:00:00,1217936.71,,
2026-07-18 02:00:00,1217008.89,,
2026-07-18 03:00:00,1215773.81,,
2026-07-18 04:00:00,1213326.92,,
2026-07-18 05:00:00,1206691.63,,
2026-07-18 06:00:00,1198061.55,,
2026-07-18 07:00:00,1194927.33,,
2026-07-18 08:00:00,1187980.62,,
2026-07-18 09:00:00,1185738.57,,
2026-07-18 10:00:00,1184648.57,,
2026-07-18 11:00:00,1184764.23,,
2026-07-18 12:00:00,1183590.92,,
2026-07-18 13:00:00,1186691.81,,
2026-07-18 14:00:00,1184909.95,,
2026-07-18 15:00:00,1182921.07,,
2026-07-18 16:00:00,1198249.30,,
2026-07-18 17:00:00,1208789.32,,
2026-07-18 18:00:00,1222404.28,,
2026-07-18 19:00:00,1223541.77,,
2026-07-18 20:00:00,1233507.73,,
2026-07-18 21:00:00,1237623.30,,
2026-07-18 22:00:00,1253612.52,,
2026-07-18 23:00:00,1260251.77,,
2026-07-19 00:00:00,1261899.45,,
2026-07-19 01:00:00,1260617.76,,
2026-07-19 02:00:00,1252612.95,,
2026-07-19 03:00:00,1274677.37,,
2026-07-19 04:00:00,1265068.12,,
2026-07-19 05:00:00,1253400.90,,
2026-07-19 06:00:00,1255964.33,,
2026-07-19 07:00:00,1245066.16,,
2026-07-19 08:00:00,1241585.04,,
2026-07-19 09:00:00,1234830.10,,
2026-07-19 10:00:00,1226674.30,,
2026-07-19 11:00:00,1228039.21,,
2026-07-19 12:00:00,1221238.79,,
2026-07-19 13:00:00,1217995.90,,
2026-07-19 14:00:00,1218143.02,,
2026-07-19 15:00:00,1226483.76,,
2026-07-19 16:00:00,1228326.52,,
2026-07-19 17:00:00,1222340.29,,
2026-07-19 18:00:00,1216348.28,,
2026-07-19 19:00:00,1214716.85,,
2026-07-19 20:00:00,1214986.55,,
2026-07-19 21:00:00,1222937.01,,
2026-07-19 22:00:00,1220520.18,,
2026-07-19 23:00:00,1219610.08,,
2026-07-20 00:00:00,1221248.42,,
2026-07-20 01:00:00,1223143.46,,
2026-07-20 02:00:00,1222081.34,,
2026-07-20 03:00:00,1222411.34,,
2026-07-20 04:00:00,1225440.61,,
2026-07-20 05:00:00,1218300.41,,
2026-07-20 06:00:00,1210930.38,,
2026-07-20 07:00:00,1235597.16,,
2026-07-20 08:00:00,1332580.69,,
2026-07-20 09:00:00,1352896.15,,
2026-07-20 10:00:00,1310133.27,,
2026-07-20 11:00:00,1298698.97,,
2026-07-20 12:00:00,1303766.93,,
2026-07-20 13:00:00,1300320.72,,
2026-07-20 14:00:00,1279834.20,,
2026-07-20 15:00:00,1277906.29,,
2026-07-20 16:00:00,1329866.10,,
2026-07-20 17:00:00,1336481.63,,
2026-07-20 18:00:00,1313095.32,,
2026-07-20 19:00:00,1306663.03,,
2026-07-20 20:00:00,1299658.58,,
2026-07-20 21:00:00,1292368.82,,
2026-07-20 22:00:00,1294746.10,,
2026-07-20 23:00:00,1288365.27,,
2026-07-21 00:00:00,1293064.66,,
2026-07-21 01:00:00,1306273.69,,
2026-07-21 02:00:00,1304534.54,,
2026-07-21 03:00:00,1307732.00,,
2026-07-21 04:00:00,1312427.18,,
2026-07-21 05:00:00,1300115.47,,
2026-07-21 06:00:00,1308569.56,,
2026-07-21 07:00:00,1304431.35,,
2026-07-21 08:00:00,1298845.99,,
2026-07-21 09:00:00,1295670.29,,
2026-07-21 10:00:00,1294922.37,,
2026-07-21 11:00:00,1278741.68,,
2026-07-21 12:00:00,1270893.69,,
2026-07-21 13:00:00,1278782.03,,
2026-07-21 14:00:00,1284560.18,,
2026-07-21 15:00:00,1298325.44,,
2026-07-21 16:00:00,1296813.97,,
2026-07-21 17:00:00,1284957.02,,
2026-07-21 18:00:00,1279726.68,,
2026-07-21 19:00:00,1282459.90,,
2026-07-21 20:00:00,1267796.27,,
2026-07-21 21:00:00,1252213.24,,
2026-07-21 22:00:00,1250578.20,,
2026-07-21 23:00:00,1250436.09,,
2026-07-22 00:00:00,1259411.09,,
2026-07-22 01:00:00,1265433.39,,
2026-07-22 02:00:00,1263728.50,,
2026-07-22 03:00:00,1255886.13,,
2026-07-22 04:00:00,1250127.30,,
2026-07-22 05:00:00,1264113.70,,
2026-07-22 06:00:00,1253054.22,,
2026-07-22 07:00:00,1251896.94,,
2026-07-22 08:00:00,1253764.54,,
2026-07-22 09:00:00,1263777.00,,
2026-07-22 10:00:00,1268735.44,,
2026-07-22 11:00:00,1278039.20,,
2026-07-22 12:00:00,1283537.09,,
2026-07-22 13:00:00,1278075.00,,
2026-07-22 14:00:00,1296943.43,,
2026-07-22 15:00:00,1292146.54,,
2026-07-22 16:00:00,1296408.99,,
2026-07-22 17:00:00,1292497.25,,
2026-07-22 18:00:00,1292136.62,,
2026-07-22 19:00:00,1294494.07,,
2026-07-22 20:00:00,1290256.01,,
2026-07-22 21:00:00,1295585.02,,
2026-07-22 22:00:00,1298286.27,,
2026-07-22 23:00:00,1300698.86,,
2026-07-23 00:00:00,1298353.93,,
2026-07-23 01:00:00,1298605.85,,
2026-07-23 02:00:00,1295706.75,,
2026-07-23 03:00:00,1294159.49,,
2026-07-23 04:00:00,1297550.12,,
2026-07-23 05:00:00,1294769.68,,
2026-07-23 06:00:00,1302675.50,,
2026-07-23 07:00:00,1305502.18,,
2026-07-23 08:00:00,1306750.31,,
2026-07-23 09:00:00,1309205.76,,
2026-07-23 10:00:00,1303432.88,,
2026-07-23 11:00:00,1313073.65,,
2026-07-23 12:00:00,1313176.09,,
2026-07-23 13:00:00,1289083.75,,
2026-07-23 14:00:00,1291760.36,,
2026-07-23 15:00:00,1303679.84,,
2026-07-23 16:00:00,1311929.92,,
2026-07-23 17:00:00,1300732.25,,
2026-07-23 18:00:00,1292741.53,,
2026-07-23 19:00:00,1303885.33,,
2026-07-23 20:00:00,1294566.97,,
2026-07-23 21:00:00,1300379.68,,
2026-07-23 22:00:00,1292285.62,,
2026-07-23 23:00:00,1288790.13,,
2026-07-24 00:00:00,1282959.65,,
2026-07-24 01:00:00,1278130.95,,
2026-07-24 02:00:00,1277325.82,,
2026-07-24 03:00:00,1267486.12,,
2026-07-24 04:00:00,1272897.15,,
2026-07-24 05:00:00,1278775.49,,
2026-07-24 06:00:00,1273463.24,,
2026-07-24 07:00:00,1276440.93,,
2026-07-24 08:00:00,1282564.59,,
2026-07-24 09:00:00,1278123.74,,
2026-07-24 10:00:00,1281810.77,,
2026-07-24 11:00:00,1278599.38,,
2026-07-24 12:00:00,1279987.23,,
2026-07-24 13:00:00,1272067.40,,
2026-07-24 14:00:00,1256305.19,,
2026-07-24 15:00:00,1254924.76,,
2026-07-24 16:00:00,1250621.02,,
2026-07-24 17:00:00,1251648.53,,
2026-07-24 18:00:00,1257101.04,,
2026-07-24 19:00:00,1236564.51,,
2026-07-24 20:00:00,1223552.33,,
2026-07-24 21:00:00,1223952.05,,
2026-07-24 22:00:00,1221464.81,,
2026-07-24 23:00:00,1228929.99,,
2026-07-25 00:00:00,1230380.89,,
2026-07-25 01:00:00,1222146.21,,
2026-07-25 02:00:00,1220026.65,,
2026-07-25 03:00:00,1204006.15,,
2026-07-25 04:00:00,1198747.67,,
2026-07-25 05:00:00,1202266.77,,
2026-07-25 06:00:00,1197543.67,,
2026-07-25 07:00:00,1190025.42,,
2026-07-25 08:00:00,1190536.92,,
2026-07-25 09:00:00,1190156.22,,
2026-07-25 10:00:00,1197077.38,,
2026-07-25 11:00:00,1193345.76,,
2026-07-25 12:00:00,1189582.15,,
2026-07-25 13:00:00,1187914.51,,
2026-07-25 14:00:00,1186754.54,,
2026-07-25 15:00:00,1188345.67,,
2026-07-25 16:00:00,1195336.90,,
2026-07-25 17:00:00,1194725.59,,
2026-07-25 18:00:00,1200383.49,,
2026-07-25 19:00:00,1198695.09,,
2026-07-25 20:00:00,1205005.37,,
2026-07-25 21:00:00,1199848.35,,
2026-07-25 22:00:00,1202118.00,,
2026-07-25 23:00:00,1202195.00,,
2026-07-26 00:00:00,1191615.39,,
2026-07-26 01:00:00,1190852.78,,
2026-07-26 02:00:00,1196609.37,,
2026-07-26 03:00:00,1199139.76,,
2026-07-26 04:00:00,1195289.00,,
2026-07-26 05:00:00,1203240.15,,
2026-07-26 06:00:00,1206603.38,,
2026-07-26 07:00:00,1206100.48,,
2026-07-26 08:00:00,1210114.33,,
2026-07-26 09:00:00,1211462.85,,
2026-07-26 10:00:00,1209598.72,,
2026-07-26 11:00:00,1211255.86,,
2026-07-26 12:00:00,1198627.49,,
2026-07-26 13:00:00,1187300.11,,
2026-07-26 14:00:00,1179376.17,,
2026-07-26 15:00:00,1194861.28,,
2026-07-26 16:00:00,1209075.27,,
2026-07-26 17:00:00,1186217.42,,
2026-07-26 18:00:00,1181525.42,,
2026-07-26 19:00:00,1176007.13,,
2026-07-26 20:00:00,1159887.46,,
2026-07-26 21:00:00,1152404.30,,
2026-07-26 22:00:00,1152978.19,,
2026-07-26 23:00:00,1160437.28,,
2026-07-27 00:00:00,1156679.20,,
2026-07-27 01:00:00,1174011.20,,
2026-07-27 02:00:00,1172780.18,,
2026-07-27 03:00:00,1176376.72,,
2026-07-27 04:00:00,1180659.97,,
2026-07-27 05:00:00,1182356.40,,
2026-07-27 06:00:00,1187744.18,,
2026-07-27 07:00:00,1183942.24,,
2026-07-27 08:00:00,1183632.61,,
2026-07-27 09:00:00,1180047.11,,
2026-07-27 10:00:00,1185676.41,,
2026-07-27 11:00:00,1186506.82,,
2026-07-27 12:00:00,1184184.53,,
2026-07-27 13:00:00,1190826.90,,
2026-07-27 14:00:00,1192465.93,,
2026-07-27 15:00:00,1142879.62,,
2026-07-27 16:00:00,1142857.70,,
2026-07-27 17:00:00,1168163.97,,
2026-07-27 18:00:00,1172675.11,,
2026-07-27 19:00:00,1166748.68,,
2026-07-27 20:00:00,1176728.97,,
2026-07-27 21:00:00,1187304.16,,
2026-07-27 22:00:00,1188562.17,,
2026-07-27 23:00:00,1174071.49,,
2026-07-28 00:00:00,1184085.41,,
2026-07-28 01:00:00,1180397.41,,
2026-07-28 02:00:00,1178524.42,,
2026-07-28 03:00:00,1192344.10,,
2026-07-28 04:00:00,1191575.71,,
2026-07-28 05:00:00,1190467.79,,
2026-07-28 06:00:00,1193009.19,,
2026-07-28 07:00:00,1199772.05,,
2026-07-28 08:00:00,1193692.77,,
2026-07-28 09:00:00,1196347.84,,
2026-07-28 10:00:00,1201724.85,,
2026-07-28 11:00:00,1204122.93,,
2026-07-28 12:00:00,1204500.13,,
2026-07-28 13:00:00,1209474.71,,
2026-07-28 14:00:00,1190433.37,,
2026-07-28 15:00:00,1201069.27,,
2026-07-28 16:00:00,1211861.21,,
2026-07-28 17:00:00,1205029.64,,
2026-07-28 18:00:00,1192928.08,,
2026-07-28 19:00:00,1193478.45,,
2026-07-28 20:00:00,1190095.88,,
2026-07-28 21:00:00,1186461.07,,
2026-07-28 22:00:00,1187649.36,,
2026-07-28 23:00:00,1178607.13,,
2026-07-29 00:00:00,1179894.23,,
2026-07-29 01:00:00,1173432.85,,
2026-07-29 02:00:00,1156175.82,,
2026-07-29 03:00:00,1153503.45,,
2026-07-29 04:00:00,1140139.02,,
2026-07-29 05:00:00,1136177.42,,
2026-07-29 06:00:00,1137602.74,,
2026-07-29 07:00:00,1144003.61,,
2026-07-29 08:00:00,1148066.55,,
2026-07-29 09:00:00,1143583.32,,
2026-07-29 10:00:00,1145961.76,,
2026-07-29 11:00:00,1142386.94,,
2026-07-29 12:00:00,1135988.37,,
2026-07-29 13:00:00,1126225.29,,
2026-07-29 14:00:00,1133117.56,,
2026-07-29 15:00:00,1130575.30,,
2026-07-29 16:00:00,1128488.54,,
2026-07-29 17:00:00,1127847.02,,
2026-07-29 18:00:00,1137297.47,,
2026-07-29 19:00:00,1139427.59,,
2026-07-29 20:00:00,1117691.87,,
2026-07-29 21:00:00,1116655.62,,
2026-07-29 22:00:00,1122592.85,,
2026-07-29 23:00:00,1128171.52,,
2026-07-30 00:00:00,1130001.62,,
2026-07-30 01:00:00,1132299.90,,
2026-07-30 02:00:00,1141249.61,,
2026-07-30 03:00:00,1143385.44,,
2026-07-30 04:00:00,1153669.90,,
2026-07-30 05:00:00,1151842.87,,
2026-07-30 06:00:00,1166544.35,,
2026-07-30 07:00:00,1170772.94,,
2026-07-30 08:00:00,1172181.40,,
2026-07-30 09:00:00,1167159.71,,
2026-07-30 10:00:00,1172390.92,,
2026-07-30 11:00:00,1193039.26,,
2026-07-30 12:00:00,1202841.48,,
2026-07-30 13:00:00,1202933.23,,
2026-07-30 14:00:00,1211333.39,,
2026-07-30 15:00:00,1212945.47,,
2026-07-30 16:00:00,1202947.48,,
2026-07-30 17:00:00,1200915.68,,
2026-07-30 18:00:00,1204314.54,,
2026-07-30 19:00:00,1198913.01,,
2026-07-30 20:00:00,1202646.47,,
2026-07-30 21:00:00,1216926.60,,
2026-07-30 22:00:00,1222855.36,,
2026-07-30 23:00:00,1213649.34,,
2026-07-31 00:00:00,1212136.13,,
2026-07-31 01:00:00,1216329.01,,
2026-07-31 02:00:00,1212526.33,,
2026-07-31 03:00:00,1208903.84,,
2026-07-31 04:00:00,1212035.04,,
2026-07-31 05:00:00,1201761.23,,
2026-07-31 06:00:00,1202860.83,,
2026-07-31 07:00:00,1211637.92,,
2026-07-31 08:00:00,1207318.02,,
2026-07-31 09:00:00,1200124.66,,
2026-07-31 10:00:00,1188676.04,,
2026-07-31 11:00:00,1185966.51,,
2026-07-31 12:00:00,1178762.27,,
2026-07-31 13:00:00,1193013.69,,
2026-07-31 14:00:00,1189604.80,,
2026-07-31 15:00:00,1209260.04,,
2026-07-31 16:00:00,1203462.61,,
2026-07-31 17:00:00,1202987.15,,
2026-07-31 18:00:00,1226215.51,,
2026-07-31 19:00:00,1229806.90,,
2026-07-31 20:00:00,1231371.11,,
2026-07-31 21:00:00,1263046.39,,
2026-07-31 22:00:00,1222893.00,,
2026-07-31 23:00:00,1202429.69,,
2026-08-01 00:00:00,1201922.26,,
2026-08-01 01:00:00,1202748.04,,
2026-08-01 02:00:00,1197393.31,,
2026-08-01 03:00:00,1184772.34,,
2026-08-01 04:00:00,1179054.38,,
2026-08-01 05:00:00,1184729.30,,
2026-08-01 06:00:00,1198739.40,,
2026-08-01 07:00:00,1192936.28,,
2026-08-01 08:00:00,1181774.59,,
2026-08-01 09:00:00,1190620.86,,
2026-08-01 10:00:00,1187650.24,,
2026-08-01 11:00:00,1199671.70,,
2026-08-01 12:00:00,1195185.33,,
2026-08-01 13:00:00,1200554.64,,
2026-08-01 14:00:00,1198357.07,,
2026-08-01 15:00:00,1197353.66,,
2026-08-01 16:00:00,1194248.45,,
2026-08-01 17:00:00,1218977.96,,
2026-08-01 18:00:00,1202036.98,,
2026-08-01 19:00:00,1183353.93,,
2026-08-01 20:00:00,1175935.32,,
2026-08-01 21:00:00,1176747.68,,
2026-08-01 22:00:00,1186234.08,,
2026-08-01 23:00:00,1182105.87,,
2026-08-02 00:00:00,1183248.45,,
2026-08-02 01:00:00,1189169.04,,
2026-08-02 02:00:00,1192766.49,,
2026-08-02 03:00:00,1197470.54,,
2026-08-02 04:00:00,1199737.60,,
2026-08-02 05:00:00,1200841.15,,
2026-08-02 06:00:00,1191435.36,,
2026-08-02 07:00:00,1186047.62,,
2026-08-02 08:00:00,1184294.21,,
2026-08-02 09:00:00,1185938.50,,
2026-08-02 10:00:00,1185920.66,,
2026-08-02 11:00:00,1179765.34,,
2026-08-02 12:00:00,1177577.87,,
2026-08-02 13:00:00,1169939.63,,
2026-08-02 14:00:00,1157142.48,,
2026-08-02 15:00:00,1177880.82,,
2026-08-02 16:00:00,1177659.81,,
2026-08-02 17:00:00,1178510.32,,
2026-08-02 18:00:00,1178871.77,,
2026-08-02 19:00:00,1183861.05,,
2026-08-02 20:00:00,1179491.81,,
2026-08-02 21:00:00,1180049.53,,
2026-08-02 22:00:00,1187834.03,,
2026-08-02 23:00:00,1176883.78,,
2026-08-03 00:00:00,1174916.29,,
2026-08-03 01:00:00,1169851.52,,
2026-08-03 02:00:00,1166544.36,,
2026-08-03 03:00:00,1170608.36,,
2026-08-03 04:00:00,1161732.12,,
2026-08-03 05:00:00,1162455.15,,
2026-08-03 06:00:00,1161042.94,,
2026-08-03 07:00:00,1153053.15,,
2026-08-03 08:00:00,1146794.71,,
2026-08-03 09:00:00,1142559.32,,
2026-08-03 10:00:00,1145289.88,,
2026-08-03 11:00:00,1147159.83,,
2026-08-03 12:00:00,1150346.28,,
2026-08-03 13:00:00,1166067.79,,
2026-08-03 14:00:00,1160780.44,,
2026-08-03 15:00:00,1164212.66,,
2026-08-03 16:00:00,1162995.15,,
2026-08-03 17:00:00,1166531.19,,
2026-08-03 18:00:00,1167911.43,,
2026-08-03 19:00:00,1167012.31,,
2026-08-03 20:00:00,1163503.84,,
2026-08-03 21:00:00,1158444.30,,
2026-08-03 22:00:00,1165080.93,,
2026-08-03 23:00:00,1157857.79,,
2026-08-04 00:00:00,1155009.73,,
2026-08-04 01:00:00,1147350.67,,
2026-08-04 02:00:00,1160594.34,,
2026-08-04 03:00:00,1158965.63,,
2026-08-04 04:00:00,1154652.50,,
2026-08-04 05:00:00,1158996.91,,
2026-08-04 06:00:00,1157469.86,,
2026-08-04 07:00:00,1155496.34,,
2026-08-04 08:00:00,1159862.20,,
2026-08-04 09:00:00,1164083.47,,
2026-08-04 10:00:00,1165305.12,,
2026-08-04 11:00:00,1169250.63,,
2026-08-04 12:00:00,1171732.19,,
2026-08-04 13:00:00,1170847.64,,
2026-08-04 14:00:00,1166166.58,,
2026-08-04 15:00:00,1167554.01,,
2026-08-04 16:00:00,1163488.42,,
2026-08-04 17:00:00,1163639.97,,
2026-08-04 18:00:00,1160405.10,,
2026-08-04 19:00:00,1159374.24,,
2026-08-04 20:00:00,1166029.60,,
2026-08-04 21:00:00,1168316.24,,
2026-08-04 22:00:00,1164631.23,,
2026-08-04 23:00:00,1164982.59,,
2026-08-05 00:00:00,1161453.30,,
2026-08-05 01:00:00,1150422.86,,
2026-08-05 02:00:00,1167419.36,,
2026-08-05 03:00:00,1175617.35,,
2026-08-05 04:00:00,1189437.48,,
2026-08-05 05:00:00,1194402.89,,
2026-08-05 06:00:00,1203928.95,,
2026-08-05 07:00:00,1190262.18,,
2026-08-05 08:00:00,1184105.82,,
2026-08-05 09:00:00,1180934.93,,
2026-08-05 10:00:00,1193044.33,,
2026-08-05 11:00:00,1182816.29,,
2026-08-05 12:00:00,1187153.39,,
2026-08-05 13:00:00,1184501.48,,
2026-08-05 14:00:00,1173261.09,,
2026-08-05 15:00:00,1184874.65,,
2026-08-05 16:00:00,1191451.20,,
2026-08-05 17:00:00,1195157.47,,
2026-08-05 18:00:00,1211181.02,,
2026-08-05 19:00:00,1199042.36,,
2026-08-05 20:00:00,1201897.52,,
2026-08-05 21:00:00,1200518.59,,
2026-08-05 22:00:00,1184158.20,,
2026-08-05 23:00:00,1181654.56,,
2026-08-06 00:00:00,1180630.25,,
2026-08-06 01:00:00,1205917.36,,
2026-08-06 02:00:00,1199025.47,,
2026-08-06 03:00:00,1200922.28,,
2026-08-06 04:00:00,1204357.15,,
2026-08-06 05:00:00,1232998.63,,
2026-08-06 06:00:00,1242853.27,,
2026-08-06 07:00:00,1237806.23,,
2026-08-06 08:00:00,1226399.21,,
2026-08-06 09:00:00,1238175.44,,
2026-08-06 10:00:00,1232261.15,,
2026-08-06 11:00:00,1229727.96,,
2026-08-06 12:00:00,1232363.09,,
2026-08-06 13:00:00,1234543.77,,
2026-08-06 14:00:00,1231574.66,,
2026-08-06 15:00:00,1243914.21,,
2026-08-06 16:00:00,1227272.53,,
2026-08-06 17:00:00,1250997.96,,
2026-08-06 18:00:00,1233131.06,,
2026-08-06 19:00:00,1223164.13,,
2026-08-06 20:00:00,1222888.73,,
2026-08-06 21:00:00,1224212.73,,
2026-08-06 22:00:00,1223099.60,,
2026-08-06 23:00:00,1216127.77,,
2026-08-07 00:00:00,1213077.22,,
2026-08-07 01:00:00,1227530.31,,
2026-08-07 02:00:00,1237682.49,,
2026-08-07 03:00:00,1229764.06,,
2026-08-07 04:00:00,1228913.03,,
2026-08-07 05:00:00,1227284.79,,
2026-08-07 06:00:00,1301737.79,,
2026-08-07 07:00:00,1278716.96,,
2026-08-07 08:00:00,1301689.52,,
2026-08-07 09:00:00,1320967.98,,
2026-08-07 10:00:00,1274610.41,,
2026-08-07 11:00:00,1275459.66,,
2026-08-07 12:00:00,1279035.91,,
2026-08-07 13:00:00,1279389.35,,
2026-08-07 14:00:00,1274168.91,,
2026-08-07 15:00:00,1263551.03,,
2026-08-07 16:00:00,1263951.58,,
2026-08-07 17:00:00,1258236.98,,
2026-08-07 18:00:00,1261645.90,,
2026-08-07 19:00:00,1260268.48,,
2026-08-07 20:00:00,1260784.29,,
2026-08-07 21:00:00,1261081.91,,
2026-08-07 22:00:00,1253557.69,,
2026-08-07 23:00:00,1252271.56,,
2026-08-08 00:00:00,1251108.39,,
2026-08-08 01:00:00,1248333.93,,
2026-08-08 02:00:00,1244508.96,,
2026-08-08 03:00:00,1255839.41,,
2026-08-08 04:00:00,1248562.22,,
2026-08-08 05:00:00,1253209.18,,
2026-08-08 06:00:00,1248720.57,,
2026-08-08 07:00:00,1257538.79,,
2026-08-08 08:00:00,1259621.57,,
2026-08-08 09:00:00,1264867.93,,
2026-08-08 10:00:00,1268987.67,,
2026-08-08 11:00:00,1287949.76,,
2026-08-08 12:00:00,1288699.11,,
2026-08-08 13:00:00,1304037.08,,
2026-08-08 14:00:00,1315244.05,,
2026-08-08 15:00:00,1295374.35,,
2026-08-08 16:00:00,1308127.94,,
2026-08-08 17:00:00,1342776.14,,
2026-08-08 18:00:00,1346154.95,,
2026-08-08 19:00:00,1356127.53,,
2026-08-08 20:00:00,1420741.90,,
2026-08-08 21:00:00,1428521.57,,
2026-08-08 22:00:00,1437829.53,,
2026-08-08 23:00:00,1413589.82,,
2026-08-09 00:00:00,1433501.23,,
2026-08-09 01:00:00,1393749.89,,
2026-08-09 02:00:00,1459516.58,,
2026-08-09 03:00:00,1446469.94,,
2026-08-09 04:00:00,1436078.42,,
2026-08-09 05:00:00,1430106.12,,
2026-08-09 06:00:00,1401519.34,,
2026-08-09 07:00:00,1386034.63,,
2026-08-09 08:00:00,1321515.04,,
2026-08-09 09:00:00,1300826.07,,
2026-08-09 10:00:00,1306580.57,,
2026-08-09 11:00:00,1300686.32,,
2026-08-09 12:00:00,1289532.49,,
2026-08-09 13:00:00,1288591.75,,
2026-08-09 14:00:00,1285108.39,,
2026-08-09 15:00:00,1286063.78,,
2026-08-09 16:00:00,1278690.78,,
2026-08-09 17:00:00,1283799.53,,
2026-08-09 18:00:00,1288881.96,,
2026-08-09 19:00:00,1265631.02,,
2026-08-09 20:00:00,1273018.15,,
2026-08-09 21:00:00,1283537.25,,
2026-08-09 22:00:00,1282231.70,,
2026-08-09 23:00:00,1286953.53,,
2026-08-10 00:00:00,1282897.50,,
2026-08-10 01:00:00,1280546.06,,
2026-08-10 02:00:00,1287675.95,,
2026-08-10 03:00:00,1288747.63,,
2026-08-10 04:00:00,1284927.83,,
2026-08-10 05:00:00,1274847.21,,
2026-08-10 06:00:00,1274559.84,,
2026-08-10 07:00:00,1271157.45,,
2026-08-10 08:00:00,1265615.64,,
2026-08-10 09:00:00,1275807.09,,
2026-08-10 10:00:00,1254484.77,,
2026-08-10 11:00:00,1285502.86,,
2026-08-10 12:00:00,1299630.78,,
2026-08-10 13:00:00,1303184.47,,
2026-08-10 14:00:00,1297971.06,,
2026-08-10 15:00:00,1298720.35,,
2026-08-10 16:00:00,1288146.28,,
2026-08-10 17:00:00,1287144.22,,
2026-08-10 18:00:00,1289520.40,,
2026-08-10 19:00:00,1286131.90,,
2026-08-10 20:00:00,1286374.85,,
2026-08-10 21:00:00,1285749.56,,
2026-08-10 22:00:00,1271543.11,,
2026-08-10 23:00:00,1272088.77,,
2026-08-11 00:00:00,1277391.70,,
2026-08-11 01:00:00,1275214.57,,
2026-08-11 02:00:00,1284817.95,,
2026-08-11 03:00:00,1283180.59,,
2026-08-11 04:00:00,1285709.24,,
2026-08-11 05:00:00,1280473.50,,
2026-08-11 06:00:00,1279284.53,,
2026-08-11 07:00:00,1280664.74,,
2026-08-11 08:00:00,1278739.23,,
2026-08-11 09:00:00,1279326.71,,
2026-08-11 10:00:00,1280640.72,,
2026-08-11 11:00:00,1281161.99,,
2026-08-11 12:00:00,1281358.22,,
2026-08-11 13:00:00,1281403.44,,
2026-08-11 14:00:00,1273350.38,,
2026-08-11 15:00:00,1267967.66,,
2026-08-11 16:00:00,1238472.36,,
2026-08-11 17:00:00,1248509.70,,
2026-08-11 18:00:00,1247084.50,,
2026-08-11 19:00:00,1245708.08,,
2026-08-11 20:00:00,1263459.15,,
2026-08-11 21:00:00,1257018.96,,
2026-08-11 22:00:00,1259468.61,,
2026-08-11 23:00:00,1257885.67,,
2026-08-12 00:00:00,1256604.69,,
2026-08-12 01:00:00,1255965.39,,
2026-08-12 02:00:00,1253940.34,,
2026-08-12 03:00:00,1253474.92,,
2026-08-12 04:00:00,1263331.71,,
2026-08-12 05:00:00,1260151.97,,
2026-08-12 06:00:00,1255121.24,,
2026-08-12 07:00:00,1257992.52,,
2026-08-12 08:00:00,1257243.53,,
2026-08-12 09:00:00,1245992.42,,
2026-08-12 10:00:00,1253516.97,,
2026-08-12 11:00:00,1258421.72,,
2026-08-12 12:00:00,1262112.62,,
2026-08-12 13:00:00,1260736.85,,
2026-08-12 14:00:00,1258331.72,,
2026-08-12 15:00:00,1241246.16,,
2026-08-12 16:00:00,1245247.02,,
2026-08-12 17:00:00,1247508.97,,
2026-08-12 18:00:00,1243251.00,,
2026-08-12 19:00:00,1240252.05,,
2026-08-12 20:00:00,1239726.78,,
2026-08-12 21:00:00,1242566.31,,
2026-08-12 22:00:00,1217038.84,,
2026-08-12 23:00:00,1224282.09,,
2026-08-13 00:00:00,1225742.83,,
2026-08-13 01:00:00,1228803.33,,
2026-08-13 02:00:00,1228623.85,,
2026-08-13 03:00:00,1237845.02,,
2026-08-13 04:00:00,1238600.53,,
2026-08-13 05:00:00,1240135.41,,
2026-08-13 06:00:00,1240089.89,,
2026-08-13 07:00:00,1240122.65,,
2026-08-13 08:00:00,1241747.85,,
2026-08-13 09:00:00,1243510.63,,
2026-08-13 10:00:00,1252214.56,,
2026-08-13 11:00:00,1249260.65,,
2026-08-13 12:00:00,1254320.49,,
2026-08-13 13:00:00,1252477.97,,
2026-08-13 14:00:00,1252085.62,,
2026-08-13 15:00:00,1257725.45,,
2026-08-13 16:00:00,1243551.97,,
2026-08-13 17:00:00,1228593.50,,
2026-08-13 18:00:00,1233541.61,,
2026-08-13 19:00:00,1238213.86,,
2026-08-13 20:00:00,1253357.01,,
2026-08-13 21:00:00,1250935.91,,
2026-08-13 22:00:00,1266257.17,,
2026-08-13 23:00:00,1266123.50,,
2026-08-14 00:00:00,1266652.36,,
2026-08-14 01:00:00,1268127.09,,
2026-08-14 02:00:00,1263814.94,,
2026-08-14 03:00:00,1250794.89,,
2026-08-14 04:00:00,1260055.08,,
2026-08-14 05:00:00,1257296.21,,
2026-08-14 06:00:00,1257465.12,,
2026-08-14 07:00:00,1251563.13,,
2026-08-14 08:00:00,1241180.89,,
2026-08-14 09:00:00,1251982.21,,
2026-08-14 10:00:00,1244927.57,,
2026-08-14 11:00:00,1276827.20,,
2026-08-14 12:00:00,1316285.03,,
2026-08-14 13:00:00,1306054.91,,
2026-08-14 14:00:00,1282472.85,,
2026-08-14 15:00:00,1272616.21,,
2026-08-14 16:00:00,1296054.27,,
2026-08-14 17:00:00,1375922.11,,
2026-08-14 18:00:00,1335794.42,,
2026-08-14 19:00:00,1338363.01,,
2026-08-14 20:00:00,1324294.89,,
2026-08-14 21:00:00,1350343.80,,
2026-08-14 22:00:00,1352148.61,,
2026-08-14 23:00:00,1379232.58,,
2026-08-15 00:00:00,1343377.01,,
2026-08-15 01:00:00,1306688.67,,
2026-08-15 02:00:00,1295100.37,,
2026-08-15 03:00:00,1303035.92,,
2026-08-15 04:00:00,1288851.06,,
2026-08-15 05:00:00,1292196.55,,
2026-08-15 06:00:00,1306821.56,,
2026-08-15 07:00:00,1303384.13,,
2026-08-15 08:00:00,1297123.26,,
2026-08-15 09:00:00,1283799.63,,
2026-08-15 10:00:00,1294948.13,,
2026-08-15 11:00:00,1297781.47,,
2026-08-15 12:00:00,1310581.05,,
2026-08-15 13:00:00,1316795.41,,
2026-08-15 14:00:00,1323757.99,,
2026-08-15 15:00:00,1331139.10,,
2026-08-15 16:00:00,1346574.72,,
2026-08-15 17:00:00,1330773.71,,
2026-08-15 18:00:00,1299277.75,,
2026-08-15 19:00:00,1316382.86,,
2026-08-15 20:00:00,1320469.14,,
2026-08-15 21:00:00,1312532.88,,
2026-08-15 22:00:00,1306443.77,,
2026-08-15 23:00:00,1314302.51,,
2026-08-16 00:00:00,1319389.11,,
2026-08-16 01:00:00,1312569.09,,
2026-08-16 02:00:00,1295240.14,,
2026-08-16 03:00:00,1301996.95,,
2026-08-16 04:00:00,1383186.81,,
2026-08-16 05:00:00,1368126.50,,
2026-08-16 06:00:00,1325904.76,,
2026-08-16 07:00:00,1335788.44,,
2026-08-16 08:00:00,1451174.34,,
2026-08-16 09:00:00,1869168.76,,
2026-08-16 10:00:00,1867599.52,,
2026-08-16 11:00:00,1728804.65,,
2026-08-16 12:00:00,1666727.45,,
2026-08-16 13:00:00,1726169.13,,
2026-08-16 14:00:00,1763422.94,,
2026-08-16 15:00:00,1722191.03,,
2026-08-16 16:00:00,1705381.53,,
2026-08-16 17:00:00,1680822.76,,
2026-08-16 18:00:00,1619867.76,,
2026-08-16 19:00:00,1618785.46,,
2026-08-16 20:00:00,1591216.94,,
2026-08-16 21:00:00,1560625.67,,
2026-08-16 22:00:00,1563760.33,,
2026-08-16 23:00:00,1549331.46,,
2026-08-17 00:00:00,1551368.36,,
2026-08-17 01:00:00,1520273.44,,
2026-08-17 02:00:00,1537843.82,,
2026-08-17 03:00:00,1539165.03,,
2026-08-17 04:00:00,1542855.87,,
2026-08-17 05:00:00,1513591.65,,
2026-08-17 06:00:00,1520992.29,,
2026-08-17 07:00:00,1520736.54,,
2026-08-17 08:00:00,1528539.10,,
2026-08-17 09:00:00,1512676.57,,
2026-08-17 10:00:00,1503149.84,,
2026-08-17 11:00:00,1527420.53,,
2026-08-17 12:00:00,1541290.94,,
2026-08-17 13:00:00,1528809.61,,
2026-08-17 14:00:00,1514796.18,,
2026-08-17 15:00:00,1467630.37,,
2026-08-17 16:00:00,1464280.76,,
2026-08-17 17:00:00,1474610.52,,
2026-08-17 18:00:00,1461042.19,,
2026-08-17 19:00:00,1456867.13,,
2026-08-17 20:00:00,1447769.43,,
2026-08-17 21:00:00,1453188.68,,
2026-08-17 22:00:00,1444378.91,,
2026-08-17 23:00:00,1437804.20,,
2026-08-18 00:00:00,1433270.51,,
2026-08-18 01:00:00,1419430.68,,
2026-08-18 02:00:00,1408946.53,,
2026-08-18 03:00:00,1387349.19,,
2026-08-18 04:00:00,1399872.58,,
2026-08-18 05:00:00,1407014.98,,
2026-08-18 06:00:00,1400015.77,,
2026-08-18 07:00:00,1416455.71,,
2026-08-18 08:00:00,1407661.47,,
2026-08-18 09:00:00,1405989.04,,
2026-08-18 10:00:00,1401741.78,,
2026-08-18 11:00:00,1371345.45,,
2026-08-18 12:00:00,1370362.46,,
2026-08-18 13:00:00,1382958.80,,
2026-08-18 14:00:00,1387938.66,,
2026-08-18 15:00:00,1370721.66,,
2026-08-18 16:00:00,1370235.03,,
2026-08-18 17:00:00,1366655.02,,
2026-08-18 18:00:00,1375914.41,,
2026-08-18 19:00:00,1374276.07,,
2026-08-18 20:00:00,1376424.71,,
2026-08-18 21:00:00,1368634.33,,
2026-08-18 22:00:00,1369250.07,,
2026-08-18 23:00:00,1371362.78,,
2026-08-19 00:00:00,1371487.70,,
2026-08-19 01:00:00,1375228.70,,
2026-08-19 02:00:00,1380456.06,,
2026-08-19 03:00:00,1370182.35,,
2026-08-19 04:00:00,1377784.32,,
2026-08-19 05:00:00,1375789.79,,
2026-08-19 06:00:00,1389886.72,,
2026-08-19 07:00:00,1404987.87,,
2026-08-19 08:00:00,1389924.65,,
2026-08-19 09:00:00,1406132.58,,
2026-08-19 10:00:00,1404380.92,,
2026-08-19 11:00:00,1414112.71,,
2026-08-19 12:00:00,1420619.39,,
2026-08-19 13:00:00,1421556.23,,
2026-08-19 14:00:00,1410104.76,,
2026-08-19 15:00:00,1401997.29,,
2026-08-19 16:00:00,1386130.34,,
2026-08-19 17:00:00,1381100.08,,
2026-08-19 18:00:00,1374299.11,,
2026-08-19 19:00:00,1364793.07,,
2026-08-19 20:00:00,1361868.42,,
2026-08-19 21:00:00,1357379.87,,
2026-08-19 22:00:00,1347126.78,,
2026-08-19 23:00:00,1324967.60,,
2026-08-20 00:00:00,1328481.43,,
2026-08-20 01:00:00,1326459.90,,
2026-08-20 02:00:00,1322138.04,,
2026-08-20 03:00:00,1322004.64,,
2026-08-20 04:00:00,1318569.59,,
2026-08-20 05:00:00,1328150.26,,
2026-08-20 06:00:00,1319979.69,,
2026-08-20 07:00:00,1330944.93,,
2026-08-20 08:00:00,1336163.52,,
2026-08-20 09:00:00,1350597.11,,
2026-08-20 10:00:00,1347093.17,,
2026-08-20 11:00:00,1349708.97,,
2026-08-20 12:00:00,1352137.75,,
2026-08-20 13:00:00,1346196.25,,
2026-08-20 14:00:00,1352788.51,,
2026-08-20 15:00:00,1351981.87,,
2026-08-20 16:00:00,1389180.13,,
2026-08-20 17:00:00,1388482.52,,
2026-08-20 18:00:00,1384142.72,,
2026-08-20 19:00:00,1369127.10,,
2026-08-20 20:00:00,1370468.50,,
2026-08-20 21:00:00,1386625.22,,
2026-08-20 22:00:00,1389272.66,,
2026-08-20 23:00:00,1388086.27,,
2026-08-21 00:00:00,1377528.37,,
2026-08-21 01:00:00,1364677.57,,
2026-08-21 02:00:00,1367613.88,,
2026-08-21 03:00:00,1368301.58,,
2026-08-21 04:00:00,1367546.29,,
2026-08-21 05:00:00,1361016.28,,
2026-08-21 06:00:00,1368517.04,,
2026-08-21 07:00:00,1369651.48,,
2026-08-21 08:00:00,1382910.84,,
2026-08-21 09:00:00,1433047.24,,
2026-08-21 10:00:00,1421846.25,,
2026-08-21 11:00:00,1440574.32,,
2026-08-21 12:00:00,1444296.50,,
2026-08-21 13:00:00,1492715.70,,
2026-08-21 14:00:00,1495630.69,,
2026-08-21 15:00:00,1500210.25,,
2026-08-21 16:00:00,1496100.90,,
2026-08-21 17:00:00,1497605.04,,
2026-08-21 18:00:00,1544977.88,,
2026-08-21 19:00:00,1526977.74,,
2026-08-21 20:00:00,1509762.12,,
2026-08-21 21:00:00,1532523.67,,
2026-08-21 22:00:00,1556199.37,,
2026-08-21 23:00:00,1539031.53,,
2026-08-22 00:00:00,1534209.40,,
2026-08-22 01:00:00,1571698.52,,
2026-08-22 02:00:00,1556208.59,,
2026-08-22 03:00:00,1599759.01,,
2026-08-22 04:00:00,1593262.18,,
2026-08-22 05:00:00,1602914.88,,
2026-08-22 06:00:00,1487381.34,,
2026-08-22 07:00:00,1496277.43,,
2026-08-22 08:00:00,1497067.20,,
2026-08-22 09:00:00,1481629.76,,
2026-08-22 10:00:00,1482102.08,,
2026-08-22 11:00:00,1457442.57,,
2026-08-22 12:00:00,1468893.21,,
2026-08-22 13:00:00,1470212.86,,
2026-08-22 14:00:00,1478101.69,,
2026-08-22 15:00:00,1460248.09,,
2026-08-22 16:00:00,1446300.59,,
2026-08-22 17:00:00,1455143.48,,
2026-08-22 18:00:00,1462845.87,,
2026-08-22 19:00:00,1448817.02,,
2026-08-22 20:00:00,1442766.12,,
2026-08-22 21:00:00,1457899.14,,
2026-08-22 22:00:00,1404900.39,,
2026-08-22 23:00:00,1417608.01,,
2026-08-23 00:00:00,1418843.61,,
2026-08-23 01:00:00,1436147.12,,
2026-08-23 02:00:00,1408796.85,,
2026-08-23 03:00:00,1406957.97,,
2026-08-23 04:00:00,1388837.26,,
2026-08-23 05:00:00,1376490.70,,
2026-08-23 06:00:00,1381853.43,,
2026-08-23 07:00:00,1392843.53,,
2026-08-23 08:00:00,1404188.07,,
2026-08-23 09:00:00,1408566.28,,
2026-08-23 10:00:00,1400217.45,,
2026-08-23 11:00:00,1411255.14,,
2026-08-23 12:00:00,1422343.72,,
2026-08-23 13:00:00,1419526.84,,
2026-08-23 14:00:00,1446636.99,,
2026-08-23 15:00:00,1430679.19,,
2026-08-23 16:00:00,1446515.30,,
2026-08-23 17:00:00,1445896.31,,
2026-08-23 18:00:00,1446436.72,,
2026-08-23 19:00:00,1453650.78,,
2026-08-23 20:00:00,1445856.94,,
2026-08-23 21:00:00,1433178.12,,
2026-08-23 22:00:00,1443236.48,,
2026-08-23 23:00:00,1432710.62,,
2026-08-24 00:00:00,1422853.13,,
2026-08-24 01:00:00,1405287.63,,
2026-08-24 02:00:00,1381775.82,,
2026-08-24 03:00:00,1388936.48,,
2026-08-24 04:00:00,1366631.36,,
2026-08-24 05:00:00,1378009.21,,
2026-08-24 06:00:00,1375375.15,,
2026-08-24 07:00:00,1368920.37,,
2026-08-24 08:00:00,1359063.42,,
2026-08-24 09:00:00,1353890.58,,
2026-08-24 10:00:00,1374986.81,,
2026-08-24 11:00:00,1364836.98,,
2026-08-24 12:00:00,1385640.79,,
2026-08-24 13:00:00,1397124.79,,
2026-08-24 14:00:00,1369964.75,,
2026-08-24 15:00:00,1401285.71,,
2026-08-24 16:00:00,1401814.38,,
2026-08-24 17:00:00,1405051.96,,
2026-08-24 18:00:00,1366446.29,,
2026-08-24 19:00:00,1360290.28,,
2026-08-24 20:00:00,1358323.64,,
2026-08-24 21:00:00,1361860.50,,
2026-08-24 22:00:00,1355736.04,,
2026-08-24 23:00:00,1347597.27,,
2026-08-25 00:00:00,1353113.81,,
2026-08-25 01:00:00,1359988.67,,
2026-08-25 02:00:00,1351468.42,,
2026-08-25 03:00:00,1359259.36,,
2026-08-25 04:00:00,1356391.61,,
2026-08-25 05:00:00,1361350.17,,
2026-08-25 06:00:00,1362927.18,,
2026-08-25 07:00:00,1355090.97,,
2026-08-25 08:00:00,1338393.56,,
2026-08-25 09:00:00,1332855.51,,
2026-08-25 10:00:00,1322041.99,,
2026-08-25 11:00:00,1327299.27,,
2026-08-25 12:00:00,1327459.06,,
2026-08-25 13:00:00,1328142.19,,
2026-08-25 14:00:00,1307320.78,,
2026-08-25 15:00:00,1313993.36,,
2026-08-25 16:00:00,1311342.12,,
2026-08-25 17:00:00,1309545.37,,
2026-08-25 18:00:00,1310300.00,,
2026-08-25 19:00:00,1310371.01,,
2026-08-25 20:00:00,1296833.79,,
2026-08-25 21:00:00,1272506.54,,
2026-08-25 22:00:00,1266539.69,,
2026-08-25 23:00:00,1275330.46,,
2026-08-26 00:00:00,1270078.63,,
2026-08-26 01:00:00,1281163.51,,
2026-08-26 02:00:00,1291254.26,,
2026-08-26 03:00:00,1297413.15,,
2026-08-26 04:00:00,1291119.08,,
2026-08-26 05:00:00,1283524.25,,
2026-08-26 06:00:00,1290752.24,,
2026-08-26 07:00:00,1284389.68,,
2026-08-26 08:00:00,1286485.12,,
2026-08-26 09:00:00,1296387.47,,
2026-08-26 10:00:00,1281102.29,,
2026-08-26 11:00:00,1297016.99,,
2026-08-26 12:00:00,1297792.61,,
2026-08-26 13:00:00,1317306.31,,
2026-08-26 14:00:00,1316611.62,,
2026-08-26 15:00:00,1311232.49,,
2026-08-26 16:00:00,1316485.00,,
2026-08-26 17:00:00,1309391.17,,
2026-08-26 18:00:00,1313268.42,,
2026-08-26 19:00:00,1318519.80,,
2026-08-26 20:00:00,1319242.80,,
2026-08-26 21:00:00,1319470.03,,
2026-08-26 22:00:00,1335503.49,,
2026-08-26 23:00:00,1340690.87,,
2026-08-27 00:00:00,1345997.06,,
2026-08-27 01:00:00,1336068.61,,
2026-08-27 02:00:00,1334979.09,,
2026-08-27 03:00:00,1333068.68,,
2026-08-27 04:00:00,1338279.30,,
2026-08-27 05:00:00,1336462.67,,
2026-08-27 06:00:00,1330645.19,,
2026-08-27 07:00:00,1353224.13,,
2026-08-27 08:00:00,1355687.62,,
2026-08-27 09:00:00,1378130.98,,
2026-08-27 10:00:00,1382627.59,,
2026-08-27 11:00:00,1363336.71,,
2026-08-27 12:00:00,1354411.34,,
2026-08-27 13:00:00,1360584.40,,
2026-08-27 14:00:00,1367961.13,,
2026-08-27 15:00:00,1373406.14,,
2026-08-27 16:00:00,1371252.38,,
2026-08-27 17:00:00,1377505.82,,
2026-08-27 18:00:00,1376361.46,,
2026-08-27 19:00:00,1363607.27,,
2026-08-27 20:00:00,1359469.30,,
2026-08-27 21:00:00,1360369.65,,
2026-08-27 22:00:00,1362838.44,,
2026-08-27 23:00:00,1366353.39,,
2026-08-28 00:00:00,1363022.71,,
2026-08-28 01:00:00,1370696.18,,
2026-08-28 02:00:00,1361277.90,,
2026-08-28 03:00:00,1334488.91,,
2026-08-28 04:00:00,1333772.39,,
2026-08-28 05:00:00,1336030.64,,
2026-08-28 06:00:00,1329579.24,,
2026-08-28 07:00:00,1329854.67,,
2026-08-28 08:00:00,1324919.00,,
2026-08-28 09:00:00,1321526.33,,
2026-08-28 10:00:00,1319500.33,,
2026-08-28 11:00:00,1326710.99,,
2026-08-28 12:00:00,1320488.26,,
2026-08-28 13:00:00,1317203.66,,
2026-08-28 14:00:00,1303824.67,,
2026-08-28 15:00:00,1314349.38,,
2026-08-28 16:00:00,1296526.87,,
2026-08-28 17:00:00,1276086.38,,
2026-08-28 18:00:00,1271751.11,,
2026-08-28 19:00:00,1268257.73,,
2026-08-28 20:00:00,1264299.61,,
2026-08-28 21:00:00,1270021.30,,
2026-08-28 22:00:00,1262412.83,,
2026-08-28 23:00:00,1267207.48,,
2026-08-29 00:00:00,1266525.27,,
2026-08-29 01:00:00,1273049.49,,
2026-08-29 02:00:00,1274433.21,,
2026-08-29 03:00:00,1278148.84,,
2026-08-29 04:00:00,1271047.30,,
2026-08-29 05:00:00,1277547.15,,
2026-08-29 06:00:00,1282104.82,,
2026-08-29 07:00:00,1271364.01,,
2026-08-29 08:00:00,1270470.16,,
2026-08-29 09:00:00,1270998.98,,
2026-08-29 10:00:00,1274361.97,,
2026-08-29 11:00:00,1271983.74,,
2026-08-29 12:00:00,1285012.82,,
2026-08-29 13:00:00,1313313.23,,
2026-08-29 14:00:00,1318377.52,,
2026-08-29 15:00:00,1327619.69,,
2026-08-29 16:00:00,1336788.73,,
2026-08-29 17:00:00,1329706.95,,
2026-08-29 18:00:00,1322585.07,,
2026-08-29 19:00:00,1323834.96,,
2026-08-29 20:00:00,1320004.96,,
2026-08-29 21:00:00,1313342.25,,
2026-08-29 22:00:00,1313691.11,,
2026-08-29 23:00:00,1315411.33,,
2026-08-30 00:00:00,1319590.23,,
2026-08-30 01:00:00,1319167.11,,
2026-08-30 02:00:00,1307857.19,,
2026-08-30 03:00:00,1312742.70,,
2026-08-30 04:00:00,1317007.31,,
2026-08-30 05:00:00,1313075.14,,
2026-08-30 06:00:00,1320508.27,,
2026-08-30 07:00:00,1320339.53,,
2026-08-30 08:00:00,1313767.80,,
2026-08-30 09:00:00,1310562.43,,
2026-08-30 10:00:00,1312834.70,,
2026-08-30 11:00:00,1319307.10,,
2026-08-30 12:00:00,1315447.05,,
2026-08-30 13:00:00,1321901.31,,
2026-08-30 14:00:00,1315916.04,,
2026-08-30 15:00:00,1312496.14,,
2026-08-30 16:00:00,1307227.34,,
2026-08-30 17:00:00,1313158.60,,
2026-08-30 18:00:00,1309506.47,,
2026-08-30 19:00:00,1311821.50,,
2026-08-30 20:00:00,1305219.67,,
2026-08-30 21:00:00,1293928.46,,
2026-08-30 22:00:00,1286446.19,,
2026-08-30 23:00:00,1280982.88,,
2026-08-31 00:00:00,1248960.19,,
2026-08-31 01:00:00,1264282.80,,
2026-08-31 02:00:00,1260012.27,,
2026-08-31 03:00:00,1265666.12,,
2026-08-31 04:00:00,1271354.38,,
2026-08-31 05:00:00,1274388.81,,
2026-08-31 06:00:00,1279571.17,,
2026-08-31 07:00:00,1282062.49,,
2026-08-31 08:00:00,1282641.77,,
2026-08-31 09:00:00,1286086.30,,
2026-08-31 10:00:00,1283594.18,,
2026-08-31 11:00:00,1286810.30,,
2026-08-31 12:00:00,1284639.75,,
2026-08-31 13:00:00,1269456.60,,
2026-08-31 14:00:00,1269960.83,,
2026-08-31 15:00:00,1280952.14,,
2026-08-31 16:00:00,1271983.30,,
2026-08-31 17:00:00,1272469.61,,
2026-08-31 18:00:00,1275848.40,,
2026-08-31 19:00:00,1278521.51,,
2026-08-31 20:00:00,1274932.17,,
2026-08-31 21:00:00,1280084.64,,
2026-08-31 22:00:00,1287210.84,,
2026-08-31 23:00:00,1283398.99,,
2026-09-01 00:00:00,1284285.85,,
2026-09-01 01:00:00,1291623.65,,
2026-09-01 02:00:00,1290396.15,,
2026-09-01 03:00:00,1289802.95,,
2026-09-01 04:00:00,1296493.08,,
2026-09-01 05:00:00,1313003.27,,
2026-09-01 06:00:00,1315753.93,,
2026-09-01 07:00:00,1305455.21,,
2026-09-01 08:00:00,1303596.40,,
2026-09-01 09:00:00,1278723.52,,
2026-09-01 10:00:00,1282601.79,,
2026-09-01 11:00:00,1282959.35,,
2026-09-01 12:00:00,1287939.36,,
2026-09-01 13:00:00,1283379.16,,
2026-09-01 14:00:00,1286137.42,,
2026-09-01 15:00:00,1302544.96,,
2026-09-01 16:00:00,1294668.12,,
2026-09-01 17:00:00,1280375.51,,
2026-09-01 18:00:00,1272362.28,,
2026-09-01 19:00:00,1263691.17,,
2026-09-01 20:00:00,1269585.75,,
2026-09-01 21:00:00,1269440.80,,
2026-09-01 22:00:00,1268920.16,,
2026-09-01 23:00:00,1270994.70,,
2026-09-02 00:00:00,1277663.32,,
2026-09-02 01:00:00,1270807.15,,
2026-09-02 02:00:00,1256458.65,,
2026-09-02 03:00:00,1275727.14,,
2026-09-02 04:00:00,1287567.26,,
2026-09-02 05:00:00,1293649.80,,
2026-09-02 06:00:00,1318889.96,,
2026-09-02 07:00:00,1326025.57,,
2026-09-02 08:00:00,1325928.18,,
2026-09-02 09:00:00,1313845.18,,
2026-09-02 10:00:00,1302180.88,,
2026-09-02 11:00:00,1291569.90,,
2026-09-02 12:00:00,1301519.86,,
2026-09-02 13:00:00,1299365.38,,
2026-09-02 14:00:00,1312305.47,,
2026-09-02 15:00:00,1302298.23,,
2026-09-02 16:00:00,1303477.23,,
2026-09-02 17:00:00,1300277.32,,
2026-09-02 18:00:00,1297808.25,,
2026-09-02 19:00:00,1301686.02,,
2026-09-02 20:00:00,1301892.61,,
2026-09-02 21:00:00,1302429.19,,
2026-09-02 22:00:00,1309992.69,,
2026-09-02 23:00:00,1306294.52,,
2026-09-03 00:00:00,1305456.60,,
2026-09-03 01:00:00,1299977.71,,
2026-09-03 02:00:00,1306210.59,,
2026-09-03 03:00:00,1318046.71,,
2026-09-03 04:00:00,1314450.23,,
2026-09-03 05:00:00,1338657.52,,
2026-09-03 06:00:00,1319664.61,,
2026-09-03 07:00:00,1306451.68,,
2026-09-03 08:00:00,1312140.77,,
2026-09-03 09:00:00,1310058.62,,
2026-09-03 10:00:00,1311487.84,,
2026-09-03 11:00:00,1312104.65,,
2026-09-03 12:00:00,1312571.47,,
2026-09-03 13:00:00,1304418.70,,
2026-09-03 14:00:00,1299567.93,,
2026-09-03 15:00:00,1324260.22,,
2026-09-03 16:00:00,1342401.96,,
2026-09-03 17:00:00,1312841.60,,
2026-09-03 18:00:00,1322672.39,,
2026-09-03 19:00:00,1342058.50,,
2026-09-03 20:00:00,1346279.11,,
2026-09-03 21:00:00,1341850.14,,
2026-09-03 22:00:00,1341000.17,,
2026-09-03 23:00:00,1331869.58,,
2026-09-04 00:00:00,1334532.39,,
2026-09-04 01:00:00,1323462.96,,
2026-09-04 02:00:00,1320205.51,,
2026-09-04 03:00:00,1324615.24,,
2026-09-04 04:00:00,1317704.24,,
2026-09-04 05:00:00,1315557.32,,
2026-09-04 06:00:00,1308427.43,,
2026-09-04 07:00:00,1308049.98,,
2026-09-04 08:00:00,1297991.41,,
2026-09-04 09:00:00,1306822.83,,
2026-09-04 10:00:00,1307023.71,,
2026-09-04 11:00:00,1308766.48,,
2026-09-04 12:00:00,1313828.30,,
2026-09-04 13:00:00,1281466.58,,
2026-09-04 14:00:00,1300551.51,,
2026-09-04 15:00:00,1297808.84,,
2026-09-04 16:00:00,1327330.77,,
2026-09-04 17:00:00,1332085.18,,
2026-09-04 18:00:00,1324627.49,,
2026-09-04 19:00:00,1329742.73,,
2026-09-04 20:00:00,1331546.26,,
2026-09-04 21:00:00,1323664.18,,
2026-09-04 22:00:00,1316541.36,,
2026-09-04 23:00:00,1312455.15,,
2026-09-05 00:00:00,1322116.26,,
2026-09-05 01:00:00,1325670.50,,
2026-09-05 02:00:00,1323925.03,,
2026-09-05 03:00:00,1344707.65,,
2026-09-05 04:00:00,1342702.53,,
2026-09-05 05:00:00,1340307.74,,
2026-09-05 06:00:00,1341941.86,,
2026-09-05 07:00:00,1356786.86,,
2026-09-05 08:00:00,1369628.40,,
2026-09-05 09:00:00,1376987.89,,
2026-09-05 10:00:00,1374648.58,,
2026-09-05 11:00:00,1380753.21,,
2026-09-05 12:00:00,1374582.24,,
2026-09-05 13:00:00,1379741.49,,
2026-09-05 14:00:00,1374973.77,,
2026-09-05 15:00:00,1370967.54,,
2026-09-05 16:00:00,1363877.27,,
2026-09-05 17:00:00,1362284.12,,
2026-09-05 18:00:00,1364391.61,,
2026-09-05 19:00:00,1379003.24,,
2026-09-05 20:00:00,1377345.99,,
2026-09-05 21:00:00,1374923.09,,
2026-09-05 22:00:00,1380020.66,,
2026-09-05 23:00:00,1382787.72,,
2026-09-06 00:00:00,1381434.60,,
2026-09-06 01:00:00,1428357.97,,
2026-09-06 02:00:00,1452629.86,,
2026-09-06 03:00:00,1462210.99,,
2026-09-06 04:00:00,1464445.76,,
2026-09-06 05:00:00,1454790.13,,
2026-09-06 06:00:00,1452617.13,,
2026-09-06 07:00:00,1439433.00,,
2026-09-06 08:00:00,1425037.61,,
2026-09-06 09:00:00,1417170.03,,
2026-09-06 10:00:00,1421975.76,,
2026-09-06 11:00:00,1429791.91,,
2026-09-06 12:00:00,1483597.06,,
2026-09-06 13:00:00,1448613.32,,
2026-09-06 14:00:00,1454793.10,,
2026-09-06 15:00:00,1435997.69,,
2026-09-06 16:00:00,1444825.43,,
2026-09-06 17:00:00,1441381.02,,
2026-09-06 18:00:00,1445736.82,,
2026-09-06 19:00:00,1442084.59,,
2026-09-06 20:00:00,1452769.55,,
2026-09-06 21:00:00,1460640.96,,
2026-09-06 22:00:00,1481046.45,,
2026-09-06 23:00:00,1475758.51,,
2026-09-07 00:00:00,1489034.66,,
2026-09-07 01:00:00,1498575.89,,
2026-09-07 02:00:00,1477602.43,,
2026-09-07 03:00:00,1468726.94,,
2026-09-07 04:00:00,1455453.63,,
2026-09-07 05:00:00,1470792.67,,
2026-09-07 06:00:00,1464910.67,,
2026-09-07 07:00:00,1463044.49,,
2026-09-07 08:00:00,1452208.45,,
2026-09-07 09:00:00,1460023.69,,
2026-09-07 10:00:00,1455327.32,,
2026-09-07 11:00:00,1463067.55,,
2026-09-07 12:00:00,1464940.72,,
2026-09-07 13:00:00,1474455.89,,
2026-09-07 14:00:00,1473596.66,,
2026-09-07 15:00:00,1462598.92,,
2026-09-07 16:00:00,1439639.01,,
2026-09-07 17:00:00,1448587.10,,
2026-09-07 18:00:00,1447937.72,,
2026-09-07 19:00:00,1444646.02,,
2026-09-07 20:00:00,1448034.56,,
2026-09-07 21:00:00,1457621.31,,
2026-09-07 22:00:00,1462359.40,,
2026-09-07 23:00:00,1445850.85,,
2026-09-08 00:00:00,1458289.54,,
2026-09-08 01:00:00,1467385.63,,
2026-09-08 02:00:00,1477009.13,,
2026-09-08 03:00:00,1461708.57,,
2026-09-08 04:00:00,1471718.09,,
2026-09-08 05:00:00,1477414.86,,
2026-09-08 06:00:00,1477844.43,,
2026-09-08 07:00:00,1459770.62,,
2026-09-08 08:00:00,1460313.64,,
2026-09-08 09:00:00,1466788.96,,
2026-09-08 10:00:00,1482083.60,,
2026-09-08 11:00:00,1491317.42,,
2026-09-08 12:00:00,1489628.37,,
2026-09-08 13:00:00,1483110.16,,
2026-09-08 14:00:00,1442293.37,,
2026-09-08 15:00:00,1478396.11,,
2026-09-08 16:00:00,1500427.17,,
2026-09-08 17:00:00,1493659.47,,
2026-09-08 18:00:00,1474836.84,,
2026-09-08 19:00:00,1473455.51,,
2026-09-08 20:00:00,1463561.54,,
2026-09-08 21:00:00,1463084.33,,
2026-09-08 22:00:00,1459967.19,,
2026-09-08 23:00:00,1454197.44,,
2026-09-09 00:00:00,1457627.84,,
2026-09-09 01:00:00,1455712.39,,
2026-09-09 02:00:00,1441150.75,,
2026-09-09 03:00:00,1435454.80,,
2026-09-09 04:00:00,1426484.16,,
2026-09-09 05:00:00,1441989.63,,
2026-09-09 06:00:00,1436945.84,,
2026-09-09 07:00:00,1440897.83,,
2026-09-09 08:00:00,1453098.18,,
2026-09-09 09:00:00,1455716.10,,
2026-09-09 10:00:00,1442739.92,,
2026-09-09 11:00:00,1442684.19,,
2026-09-09 12:00:00,1448123.02,,
2026-09-09 13:00:00,1456907.26,,
2026-09-09 14:00:00,1440625.97,,
2026-09-09 15:00:00,1432781.99,,
2026-09-09 16:00:00,1426828.91,,
2026-09-09 17:00:00,1472275.23,,
2026-09-09 18:00:00,1478391.12,,
2026-09-09 19:00:00,1462201.64,,
2026-09-09 20:00:00,1427689.79,,
2026-09-09 21:00:00,1419248.95,,
2026-09-09 22:00:00,1430376.04,,
2026-09-09 23:00:00,1377302.88,,
2026-09-10 00:00:00,1399286.04,,
2026-09-10 01:00:00,1379188.58,,
2026-09-10 02:00:00,1370635.15,,
2026-09-10 03:00:00,1389248.66,,
2026-09-10 04:00:00,1384130.24,,
2026-09-10 05:00:00,1380447.53,,
2026-09-10 06:00:00,1380444.14,,
2026-09-10 07:00:00,1375661.77,,
2026-09-10 08:00:00,1361129.86,,
2026-09-10 09:00:00,1367034.93,,
2026-09-10 10:00:00,1358202.61,,
2026-09-10 11:00:00,1355679.96,,
2026-09-10 12:00:00,1355323.42,,
2026-09-10 13:00:00,1335409.51,,
2026-09-10 14:00:00,1345193.60,,
2026-09-10 15:00:00,1345003.67,,
2026-09-10 16:00:00,1353210.32,,
2026-09-10 17:00:00,1323680.41,,
2026-09-10 18:00:00,1329554.71,,
2026-09-10 19:00:00,1327075.78,,
2026-09-10 20:00:00,1317036.36,,
2026-09-10 21:00:00,1317299.47,,
2026-09-10 22:00:00,1313442.24,,
2026-09-10 23:00:00,1307105.67,,
2026-09-11 00:00:00,1298724.15,,
2026-09-11 01:00:00,1301893.50,,
2026-09-11 02:00:00,1300521.96,,
2026-09-11 03:00:00,1292056.12,,
2026-09-11 04:00:00,1301495.92,,
2026-09-11 05:00:00,1311339.62,,
2026-09-11 06:00:00,1306856.43,,
2026-09-11 07:00:00,1304869.73,,
2026-09-11 08:00:00,1301085.31,,
2026-09-11 09:00:00,1301048.02,,
2026-09-11 10:00:00,1286628.35,,
2026-09-11 11:00:00,1288212.40,,
2026-09-11 12:00:00,1277793.50,,
2026-09-11 13:00:00,1303454.47,,
2026-09-11 14:00:00,1340861.45,,
2026-09-11 15:00:00,1335755.19,,
2026-09-11 16:00:00,1319856.21,,
2026-09-11 17:00:00,1325524.87,,
2026-09-11 18:00:00,1307304.81,,
2026-09-11 19:00:00,1290849.46,,
2026-09-11 20:00:00,1298098.67,,
2026-09-11 21:00:00,1296390.12,,
2026-09-11 22:00:00,1288909.59,,
2026-09-11 23:00:00,1294312.90,,
2026-09-12 00:00:00,1302128.56,,
2026-09-12 01:00:00,1308337.69,,
2026-09-12 02:00:00,1316818.61,,
2026-09-12 03:00:00,1325513.08,,
2026-09-12 04:00:00,1348174.05,,
2026-09-12 05:00:00,1345184.95,,
2026-09-12 06:00:00,1344815.64,,
2026-09-12 07:00:00,1347055.32,,
2026-09-12 08:00:00,1343761.07,,
2026-09-12 09:00:00,1341630.45,,
2026-09-12 10:00:00,1338309.98,,
2026-09-12 11:00:00,1342729.66,,
2026-09-12 12:00:00,1337125.34,,
2026-09-12 13:00:00,1340404.03,,
2026-09-12 14:00:00,1348640.74,,
2026-09-12 15:00:00,1349013.25,,
2026-09-12 16:00:00,1355008.92,,
2026-09-12 17:00:00,1351631.71,,
2026-09-12 18:00:00,1358576.50,,
2026-09-12 19:00:00,1358165.91,,
2026-09-12 20:00:00,1349659.04,,
2026-09-12 21:00:00,1350889.99,,
2026-09-12 22:00:00,1345976.60,,
2026-09-12 23:00:00,1344578.08,,
2026-09-13 00:00:00,1358404.10,,
2026-09-13 01:00:00,1367865.99,,
2026-09-13 02:00:00,1388866.53,,
2026-09-13 03:00:00,1383262.01,,
2026-09-13 04:00:00,1444086.94,,
2026-09-13 05:00:00,1462275.01,,
2026-09-13 06:00:00,1459451.63,,
2026-09-13 07:00:00,1448777.22,,
2026-09-13 08:00:00,1442492.14,,
2026-09-13 09:00:00,1434045.78,,
2026-09-13 10:00:00,1434173.54,,
2026-09-13 11:00:00,1427646.91,,
2026-09-13 12:00:00,1434091.91,,
2026-09-13 13:00:00,1445413.56,,
2026-09-13 14:00:00,1449751.13,,
2026-09-13 15:00:00,1550075.72,,
2026-09-13 16:00:00,1480992.17,,
2026-09-13 17:00:00,1495540.81,,
2026-09-13 18:00:00,1492123.22,,
2026-09-13 19:00:00,1497718.98,,
2026-09-13 20:00:00,1516919.48,,
2026-09-13 21:00:00,1503648.19,,
2026-09-13 22:00:00,1502601.47,,
2026-09-13 23:00:00,1470537.07,,
2026-09-14 00:00:00,1464274.37,,
2026-09-14 01:00:00,1473168.37,,
2026-09-14 02:00:00,1485625.99,,
2026-09-14 03:00:00,1518428.95,,
2026-09-14 04:00:00,1575169.96,,
2026-09-14 05:00:00,1568717.52,,
2026-09-14 06:00:00,1551166.10,,
2026-09-14 07:00:00,1531477.72,,
2026-09-14 08:00:00,1546156.06,,
2026-09-14 09:00:00,1546733.83,,
2026-09-14 10:00:00,1570204.64,,
2026-09-14 11:00:00,1553303.60,,
2026-09-14 12:00:00,1592230.87,,
2026-09-14 13:00:00,1901363.90,,
2026-09-14 14:00:00,2074888.88,,
2026-09-14 15:00:00,1968551.51,,
2026-09-14 16:00:00,2004737.44,,
2026-09-14 17:00:00,1964873.49,,
2026-09-14 18:00:00,1956560.38,,
2026-09-14 19:00:00,1967578.20,,
2026-09-14 20:00:00,1923797.35,,
2026-09-14 21:00:00,1917673.36,,
2026-09-14 22:00:00,1858491.90,,
2026-09-14 23:00:00,1846714.30,,
2026-09-15 00:00:00,1866147.53,,
2026-09-15 01:00:00,1867815.29,,
2026-09-15 02:00:00,1927428.86,,
2026-09-15 03:00:00,1904334.23,,
2026-09-15 04:00:00,1883034.21,,
2026-09-15 05:00:00,1867393.37,,
2026-09-15 06:00:00,1853437.69,,
2026-09-15 07:00:00,1866049.20,,
2026-09-15 08:00:00,1809851.07,,
2026-09-15 09:00:00,1792622.45,,
2026-09-15 10:00:00,1789901.95,,
2026-09-15 11:00:00,1764834.39,,
2026-09-15 12:00:00,1751832.20,,
2026-09-15 13:00:00,1768688.10,,
2026-09-15 14:00:00,1750250.90,,
2026-09-15 15:00:00,1605947.03,,
2026-09-15 16:00:00,1457123.92,,
2026-09-15 17:00:00,1465231.96,,
2026-09-15 18:00:00,1441657.22,,
2026-09-15 19:00:00,1397730.61,,
2026-09-15 20:00:00,1400042.00,,
2026-09-15 21:00:00,1409804.09,,
2026-09-15 22:00:00,1396361.27,,
2026-09-15 23:00:00,1426453.65,,
2026-09-16 00:00:00,1440551.05,,
2026-09-16 01:00:00,1429320.97,,
2026-09-16 02:00:00,1378403.22,,
2026-09-16 03:00:00,1382116.05,,
2026-09-16 04:00:00,1365239.15,,
2026-09-16 05:00:00,1364275.58,,
2026-09-16 06:00:00,1371340.05,,
2026-09-16 07:00:00,1383204.77,,
2026-09-16 08:00:00,1369026.23,,
2026-09-16 09:00:00,1355052.95,,
2026-09-16 10:00:00,1359201.30,,
2026-09-16 11:00:00,1362176.93,,
2026-09-16 12:00:00,1358683.35,,
2026-09-16 13:00:00,1332176.92,,
2026-09-16 14:00:00,1335174.32,,
2026-09-16 15:00:00,1316811.59,,
2026-09-16 16:00:00,1297011.06,,
2026-09-16 17:00:00,1295518.45,,
2026-09-16 18:00:00,1280534.25,,
2026-09-16 19:00:00,1276305.38,,
2026-09-16 20:00:00,1279111.88,,
2026-09-16 21:00:00,1296730.91,,
2026-09-16 22:00:00,1286864.02,,
2026-09-16 23:00:00,1286841.04,,
2026-09-17 00:00:00,1297047.72,,
2026-09-17 01:00:00,1288202.41,,
2026-09-17 02:00:00,1301285.67,,
2026-09-17 03:00:00,1314917.94,,
2026-09-17 04:00:00,1304798.39,,
2026-09-17 05:00:00,1293877.40,,
2026-09-17 06:00:00,1283452.15,,
2026-09-17 07:00:00,1279249.72,,
2026-09-17 08:00:00,1280033.08,,
2026-09-17 09:00:00,1274113.15,,
2026-09-17 10:00:00,1260578.06,,
2026-09-17 11:00:00,1261762.12,,
2026-09-17 12:00:00,1260096.39,,
2026-09-17 13:00:00,1263288.22,,
2026-09-17 14:00:00,1268589.40,,
2026-09-17 15:00:00,1280892.48,,
2026-09-17 16:00:00,1282493.27,,
2026-09-17 17:00:00,1297927.07,,
2026-09-17 18:00:00,1304801.08,,
2026-09-17 19:00:00,1281870.87,,
2026-09-17 20:00:00,1277088.31,,
2026-09-17 21:00:00,1280372.55,,
2026-09-17 22:00:00,1270468.38,,
2026-09-17 23:00:00,1265896.16,,
2026-09-18 00:00:00,1272794.62,,
2026-09-18 01:00:00,1279245.93,,
2026-09-18 02:00:00,1278036.21,,
2026-09-18 03:00:00,1270256.15,,
2026-09-18 04:00:00,1273773.18,,
2026-09-18 05:00:00,1277318.99,,
2026-09-18 06:00:00,1280001.41,,
2026-09-18 07:00:00,1279316.25,,
2026-09-18 08:00:00,1283002.69,,
2026-09-18 09:00:00,1267390.06,,
2026-09-18 10:00:00,1261291.25,,
2026-09-18 11:00:00,1256274.57,,
2026-09-18 12:00:00,1245866.66,,
2026-09-18 13:00:00,1245749.85,,
2026-09-18 14:00:00,1243911.82,,
2026-09-18 15:00:00,1294696.22,,
2026-09-18 16:00:00,1354603.38,,
2026-09-18 17:00:00,1341826.30,,
2026-09-18 18:00:00,1345318.27,,
2026-09-18 19:00:00,1350660.84,,
2026-09-18 20:00:00,1350521.13,,
2026-09-18 21:00:00,1355043.72,,
2026-09-18 22:00:00,1353067.56,,
2026-09-18 23:00:00,1353204.11,,
2026-09-19 00:00:00,1348070.03,,
2026-09-19 01:00:00,1349954.40,,
2026-09-19 02:00:00,1349047.89,,
2026-09-19 03:00:00,1369733.90,,
2026-09-19 04:00:00,1362684.59,,
2026-09-19 05:00:00,1407361.00,,
2026-09-19 06:00:00,1381798.01,,
2026-09-19 07:00:00,1407510.00,,
2026-09-19 08:00:00,1438836.88,,
2026-09-19 09:00:00,1530050.53,,
2026-09-19 10:00:00,1493650.66,,
2026-09-19 11:00:00,1497952.33,,
2026-09-19 12:00:00,1519494.94,,
2026-09-19 13:00:00,1537251.18,,
2026-09-19 14:00:00,1583550.60,,
2026-09-19 15:00:00,1578474.56,,
2026-09-19 16:00:00,1533297.63,,
2026-09-19 17:00:00,1547292.09,,
2026-09-19 18:00:00,1557208.16,,
2026-09-19 19:00:00,1583729.36,,
2026-09-19 20:00:00,1608755.29,,
2026-09-19 21:00:00,1642992.24,,
2026-09-19 22:00:00,1608319.79,,
2026-09-19 23:00:00,1656166.68,,
2026-09-20 00:00:00,1622749.07,,
2026-09-20 01:00:00,1662180.02,,
2026-09-20 02:00:00,1603332.14,,
2026-09-20 03:00:00,1572670.49,,
2026-09-20 04:00:00,1613062.08,,
2026-09-20 05:00:00,1578371.42,,
2026-09-20 06:00:00,1561951.45,,
2026-09-20 07:00:00,1561146.11,,
2026-09-20 08:00:00,1538931.27,,
2026-09-20 09:00:00,1518121.22,,
2026-09-20 10:00:00,1531874.58,,
2026-09-20 11:00:00,1499666.12,,
2026-09-20 12:00:00,1518717.20,,
2026-09-20 13:00:00,1522022.00,,
2026-09-20 14:00:00,1514940.17,,
2026-09-20 15:00:00,1511355.41,,
2026-09-20 16:00:00,1539040.35,,
2026-09-20 17:00:00,1572289.00,,
2026-09-20 18:00:00,1536789.17,,
2026-09-20 19:00:00,1512944.85,,
2026-09-20 20:00:00,1513243.13,,
2026-09-20 21:00:00,1517009.83,,
2026-09-20 22:00:00,1515407.12,,
2026-09-20 23:00:00,1513733.47,,
2026-09-21 00:00:00,1509005.58,,
2026-09-21 01:00:00,1527202.97,,
2026-09-21 02:00:00,1507196.45,,
2026-09-21 03:00:00,1504673.24,,
2026-09-21 04:00:00,1526271.03,,
2026-09-21 05:00:00,1518819.38,,
2026-09-21 06:00:00,1524140.97,,
2026-09-21 07:00:00,1530644.44,,
2026-09-21 08:00:00,1533751.25,,
2026-09-21 09:00:00,1552824.53,,
2026-09-21 10:00:00,1568330.31,,
2026-09-21 11:00:00,1571386.88,,
2026-09-21 12:00:00,1560501.79,,
2026-09-21 13:00:00,1575128.04,,
2026-09-21 14:00:00,1581912.77,,
2026-09-21 15:00:00,1580809.61,,
2026-09-21 16:00:00,1593912.27,,
2026-09-21 17:00:00,1585764.98,,
2026-09-21 18:00:00,1546503.26,,
2026-09-21 19:00:00,1548493.80,,
2026-09-21 20:00:00,1548887.11,,
2026-09-21 21:00:00,1567108.25,,
2026-09-21 22:00:00,1561082.67,,
2026-09-21 23:00:00,1571330.82,,
2026-09-22 00:00:00,1573640.25,,
2026-09-22 01:00:00,1580848.66,,
2026-09-22 02:00:00,1558486.28,,
2026-09-22 03:00:00,1564644.73,,
2026-09-22 04:00:00,1564460.98,,
2026-09-22 05:00:00,1561623.96,,
2026-09-22 06:00:00,1563156.36,,
2026-09-22 07:00:00,1554120.39,,
2026-09-22 08:00:00,1561577.66,,
2026-09-22 09:00:00,1581206.82,,
2026-09-22 10:00:00,1569224.91,,
2026-09-22 11:00:00,1534974.48,,
2026-09-22 12:00:00,1530903.92,,
2026-09-22 13:00:00,1545973.95,,
2026-09-22 14:00:00,1561614.97,,
2026-09-22 15:00:00,1540169.20,,
2026-09-22 16:00:00,1558159.63,,
2026-09-22 17:00:00,1605928.53,,
2026-09-22 18:00:00,1618190.37,,
2026-09-22 19:00:00,1604531.04,,
2026-09-22 20:00:00,1611269.87,,
2026-09-22 21:00:00,1615389.92,,
2026-09-22 22:00:00,1622665.09,,
2026-09-22 23:00:00,1644138.85,,
2026-09-23 00:00:00,1649274.27,,
2026-09-23 01:00:00,1632716.66,,
2026-09-23 02:00:00,1631471.89,,
2026-09-23 03:00:00,1641798.63,,
2026-09-23 04:00:00,1711697.42,,
2026-09-23 05:00:00,1709805.50,,
2026-09-23 06:00:00,1694292.00,,
2026-09-23 07:00:00,1717630.84,,
2026-09-23 08:00:00,1703125.58,,
2026-09-23 09:00:00,1697871.66,,
2026-09-23 10:00:00,1708432.60,,
2026-09-23 11:00:00,1709743.91,,
2026-09-23 12:00:00,1678614.71,,
2026-09-23 13:00:00,1677970.99,,
2026-09-23 14:00:00,1646120.67,,
2026-09-23 15:00:00,1565334.09,,
2026-09-23 16:00:00,1509172.46,,
2026-09-23 17:00:00,1509969.91,,
2026-09-23 18:00:00,1540019.16,,
2026-09-23 19:00:00,1545847.34,,
2026-09-23 20:00:00,1562371.52,,
2026-09-23 21:00:00,1553864.13,,
2026-09-23 22:00:00,1579300.43,,
2026-09-23 23:00:00,1580740.59,,
2026-09-24 00:00:00,1583920.68,,
2026-09-24 01:00:00,1610989.23,,
2026-09-24 02:00:00,1610676.94,,
2026-09-24 03:00:00,1643885.87,,
2026-09-24 04:00:00,1626207.02,,
2026-09-24 05:00:00,1662534.37,,
2026-09-24 06:00:00,1661351.57,,
2026-09-24 07:00:00,1649477.06,,
2026-09-24 08:00:00,1652088.62,,
2026-09-24 09:00:00,1626534.56,,
2026-09-24 10:00:00,1584882.90,,
2026-09-24 11:00:00,1590892.29,,
2026-09-24 12:00:00,1589114.21,,
2026-09-24 13:00:00,1593682.74,,
2026-09-24 14:00:00,1643667.45,,
2026-09-24 15:00:00,1684704.77,,
2026-09-24 16:00:00,1716754.06,,
2026-09-24 17:00:00,1764699.46,,
2026-09-24 18:00:00,1796366.28,,
2026-09-24 19:00:00,1775329.72,,
2026-09-24 20:00:00,1762725.10,,
2026-09-24 21:00:00,1731597.88,,
2026-09-24 22:00:00,1728626.73,,
2026-09-24 23:00:00,1720930.05,,
2026-09-25 00:00:00,1722231.62,,
2026-09-25 01:00:00,1721726.48,,
2026-09-25 02:00:00,1759477.46,,
2026-09-25 03:00:00,1717044.31,,
2026-09-25 04:00:00,1730299.28,,
2026-09-25 05:00:00,1898843.76,,
2026-09-25 06:00:00,1861820.29,,
2026-09-25 07:00:00,1879827.79,,
2026-09-25 08:00:00,1883079.66,,
2026-09-25 09:00:00,1879768.90,,
2026-09-25 10:00:00,2134612.72,,
2026-09-25 11:00:00,2205238.70,,
2026-09-25 12:00:00,2280797.29,,
2026-09-25 13:00:00,2207859.95,,
2026-09-25 14:00:00,2093662.29,,
2026-09-25 15:00:00,2123821.25,,
2026-09-25 16:00:00,2106088.06,,
2026-09-25 17:00:00,2068717.11,,
2026-09-25 18:00:00,2096621.23,,
2026-09-25 19:00:00,2279967.30,,
2026-09-25 20:00:00,2239088.37,,
2026-09-25 21:00:00,2196092.38,,
2026-09-25 22:00:00,1929676.14,,
2026-09-25 23:00:00,1990650.08,,
2026-09-26 00:00:00,2006568.44,,
2026-09-26 01:00:00,1975261.26,,
2026-09-26 02:00:00,1969027.72,,
2026-09-26 03:00:00,1955834.68,,
2026-09-26 04:00:00,1929010.09,,
2026-09-26 05:00:00,1953312.94,,
2026-09-26 06:00:00,1930272.50,,
2026-09-26 07:00:00,1929627.17,,
2026-09-26 08:00:00,1936316.99,,
2026-09-26 09:00:00,1965102.10,,
2026-09-26 10:00:00,1933318.09,,
2026-09-26 11:00:00,1972206.07,,
2026-09-26 12:00:00,1972911.59,,
2026-09-26 13:00:00,1957237.28,,
2026-09-26 14:00:00,1947259.42,,
2026-09-26 15:00:00,1953367.08,,
2026-09-26 16:00:00,2011471.05,,
2026-09-26 17:00:00,2015237.66,,
2026-09-26 18:00:00,1999935.91,,
2026-09-26 19:00:00,2025053.54,,
2026-09-26 20:00:00,2027849.84,,
2026-09-26 21:00:00,1984179.13,,
2026-09-26 22:00:00,1987172.46,,
2026-09-26 23:00:00,1997843.06,,
2026-09-27 00:00:00,2000822.50,,
2026-09-27 01:00:00,1973137.71,,
2026-09-27 02:00:00,1994077.98,,
2026-09-27 03:00:00,1987217.99,,
2026-09-27 04:00:00,1986448.56,,
2026-09-27 05:00:00,1967441.37,,
2026-09-27 06:00:00,1965845.42,,
2026-09-27 07:00:00,1943780.73,,
2026-09-27 08:00:00,1970568.47,,
2026-09-27 09:00:00,1956392.78,,
2026-09-27 10:00:00,1941815.05,,
2026-09-27 11:00:00,1938538.54,,
2026-09-27 12:00:00,1932851.95,,
2026-09-27 13:00:00,1930516.19,,
2026-09-27 14:00:00,1924389.04,,
2026-09-27 15:00:00,1906289.42,,
2026-09-27 16:00:00,1918674.81,,
2026-09-27 17:00:00,1908632.14,,
2026-09-27 18:00:00,1918061.11,,
2026-09-27 19:00:00,1954180.69,,
2026-09-27 20:00:00,1951892.03,,
2026-09-27 21:00:00,1937431.31,,
2026-09-27 22:00:00,1958434.50,,
2026-09-27 23:00:00,1938220.31,,
2026-09-28 00:00:00,1949643.83,,
2026-09-28 01:00:00,1933457.60,,
2026-09-28 02:00:00,1913119.93,,
2026-09-28 03:00:00,1854943.46,,
2026-09-28 04:00:00,1837630.01,,
2026-09-28 05:00:00,1856093.35,,
2026-09-28 06:00:00,1838364.21,,
2026-09-28 07:00:00,1829399.72,,
2026-09-28 08:00:00,1783539.79,,
2026-09-28 09:00:00,1791492.18,,
2026-09-28 10:00:00,1762572.76,,
2026-09-28 11:00:00,1793222.17,,
2026-09-28 12:00:00,1794019.89,,
2026-09-28 13:00:00,1823771.11,,
2026-09-28 14:00:00,1810329.32,,
2026-09-28 15:00:00,1770381.07,,
2026-09-28 16:00:00,1771736.55,,
2026-09-28 17:00:00,1808675.49,,
2026-09-28 18:00:00,1825554.44,,
2026-09-28 19:00:00,1829965.98,,
2026-09-28 20:00:00,1795574.60,,
2026-09-28 21:00:00,1813588.40,,
2026-09-28 22:00:00,1804526.17,,
2026-09-28 23:00:00,1806129.48,,
2026-09-29 00:00:00,1829695.93,,
2026-09-29 01:00:00,1808208.19,,
2026-09-29 02:00:00,1762727.93,,
2026-09-29 03:00:00,1729507.79,,
2026-09-29 04:00:00,1750333.43,,
2026-09-29 05:00:00,1755892.42,,
2026-09-29 06:00:00,1764079.08,,
2026-09-29 07:00:00,1782492.48,,
2026-09-29 08:00:00,1800568.01,,
2026-09-29 09:00:00,1807811.62,,
2026-09-29 10:00:00,1812351.09,,
2026-09-29 11:00:00,1818897.84,,
2026-09-29 12:00:00,1842226.21,,
2026-09-29 13:00:00,1834850.83,,
2026-09-29 14:00:00,1841462.89,,
2026-09-29 15:00:00,1854782.21,,
2026-09-29 16:00:00,1810812.13,,
2026-09-29 17:00:00,1793450.35,,
2026-09-29 18:00:00,1788183.21,,
2026-09-29 19:00:00,1805947.59,,
2026-09-29 20:00:00,1792375.54,,
2026-09-29 21:00:00,1801090.26,,
2026-09-29 22:00:00,1809237.40,,
2026-09-29 23:00:00,1803538.25,,
2026-09-30 00:00:00,1801135.02,,
2026-09-30 01:00:00,1800991.64,,
2026-09-30 02:00:00,1832278.30,,
2026-09-30 03:00:00,1839750.94,,
2026-09-30 04:00:00,1861057.04,,
2026-09-30 05:00:00,1857915.51,,
2026-09-30 06:00:00,1892111.91,,
2026-09-30 07:00:00,1879608.41,,
2026-09-30 08:00:00,1933547.83,,
2026-09-30 09:00:00,1912495.26,,
2026-09-30 10:00:00,1896961.16,,
2026-09-30 11:00:00,1902798.92,,
2026-09-30 12:00:00,1913373.41,,
2026-09-30 13:00:00,1969513.61,,
2026-09-30 14:00:00,1961158.36,,
2026-09-30 15:00:00,1942099.99,,
2026-09-30 16:00:00,1941017.86,,
2026-09-30 17:00:00,1959497.00,,
2026-09-30 18:00:00,1921623.43,,
2026-09-30 19:00:00,1881483.49,,
2026-09-30 20:00:00,1884872.03,,
2026-09-30 21:00:00,1875548.70,,
2026-09-30 22:00:00,1876518.37,,
2026-09-30 23:00:00,1894764.44,,
2026-10-01 00:00:00,1917380.93,,
2026-10-01 01:00:00,1914450.17,,
2026-10-01 02:00:00,1911641.09,,
2026-10-01 03:00:00,1938207.45,,
2026-10-01 04:00:00,1954763.50,,
2026-10-01 05:00:00,1935791.34,,
2026-10-01 06:00:00,1954213.36,,
2026-10-01 07:00:00,1960112.78,,
2026-10-01 08:00:00,1937278.79,,
2026-10-01 09:00:00,1932893.03,,
2026-10-01 10:00:00,1918534.23,,
2026-10-01 11:00:00,1926653.62,,
2026-10-01 12:00:00,1924511.74,,
2026-10-01 13:00:00,1905792.21,,
2026-10-01 14:00:00,1903430.75,,
2026-10-01 15:00:00,1918383.02,,
2026-10-01 16:00:00,1982219.61,,
2026-10-01 17:00:00,1979321.87,,
2026-10-01 18:00:00,2009814.93,,
2026-10-01 19:00:00,2003791.61,,
2026-10-01 20:00:00,1983418.34,,
2026-10-01 21:00:00,1977542.57,,
2026-10-01 22:00:00,1974094.01,,
2026-10-01 23:00:00,1982459.46,,
2026-10-02 00:00:00,2007527.34,,
2026-10-02 01:00:00,2005480.56,,
2026-10-02 02:00:00,2005299.36,,
2026-10-02 03:00:00,1995772.91,,
2026-10-02 04:00:00,1985219.80,,
2026-10-02 05:00:00,2014153.74,,
2026-10-02 06:00:00,1987674.38,,
2026-10-02 07:00:00,1985193.79,,
2026-10-02 08:00:00,2131423.69,,
2026-10-02 09:00:00,2115413.33,,
2026-10-02 10:00:00,2174062.45,,
2026-10-02 11:00:00,2233147.17,,
2026-10-02 12:00:00,2242248.69,,
2026-10-02 13:00:00,2246967.42,,
2026-10-02 14:00:00,2267177.58,,
2026-10-02 15:00:00,2169557.81,,
2026-10-02 16:00:00,2095492.41,,
2026-10-02 17:00:00,2098820.96,,
2026-10-02 18:00:00,2104523.66,,
2026-10-02 19:00:00,1908451.76,,
2026-10-02 20:00:00,1899185.97,,
2026-10-02 21:00:00,1938292.45,,
2026-10-02 22:00:00,1978410.94,,
2026-10-02 23:00:00,1988119.54,,
2026-10-03 00:00:00,2047871.01,,
2026-10-03 01:00:00,2030859.04,,
2026-10-03 02:00:00,2003071.41,,
2026-10-03 03:00:00,2057165.22,,
2026-10-03 04:00:00,2097792.79,,
2026-10-03 05:00:00,2151828.37,,
2026-10-03 06:00:00,2151369.14,,
2026-10-03 07:00:00,2137117.21,,
2026-10-03 08:00:00,2103083.62,,
2026-10-03 09:00:00,2049700.12,,
2026-10-03 10:00:00,2045329.87,,
2026-10-03 11:00:00,2040243.04,,
2026-10-03 12:00:00,2045509.82,,
2026-10-03 13:00:00,2025283.04,,
2026-10-03 14:00:00,2030495.92,,
2026-10-03 15:00:00,2018570.56,,
2026-10-03 16:00:00,2005008.29,,
2026-10-03 17:00:00,2005620.80,,
2026-10-03 18:00:00,2017439.12,,
2026-10-03 19:00:00,2008139.20,,
2026-10-03 20:00:00,2007534.28,,
2026-10-03 21:00:00,2010288.88,,
2026-10-03 22:00:00,2011982.39,,
2026-10-03 23:00:00,2014870.34,,
2026-10-04 00:00:00,2017684.91,,
2026-10-04 01:00:00,2028789.96,,
2026-10-04 02:00:00,2032472.61,,
2026-10-04 03:00:00,2058392.82,,
2026-10-04 04:00:00,2102127.68,,
2026-10-04 05:00:00,2151942.80,,
2026-10-04 06:00:00,2142453.81,,
2026-10-04 07:00:00,2207982.27,,
2026-10-04 08:00:00,2163479.73,,
2026-10-04 09:00:00,2192044.56,,
2026-10-04 10:00:00,2193668.17,,
