time,oi_A,oi_6,oi_3
2026-05-24 12:00:00,1476211.37,,
2026-05-24 13:00:00,1482880.57,,
2026-05-24 14:00:00,1459020.45,,
2026-05-24 15:00:00,1473597.83,,
2026-05-24 16:00:00,1470239.38,,
2026-05-24 17:00:00,1462107.93,,
2026-05-24 18:00:00,1464349.62,,
2026-05-24 19:00:00,1459045.67,,
2026-05-24 20:00:00,1461808.55,,
2026-05-24 21:00:00,1441928.73,,
2026-05-24 22:00:00,1439147.17,,
2026-05-24 23:00:00,1442964.96,,
2026-05-25 00:00:00,1441818.12,,
2026-05-25 01:00:00,1446763.77,,
2026-05-25 02:00:00,1440082.22,,
2026-05-25 03:00:00,1440050.83,,
2026-05-25 04:00:00,1441956.53,,
2026-05-25 05:00:00,1450490.44,,
2026-05-25 06:00:00,1444373.31,,
2026-05-25 07:00:00,1449167.07,,
2026-05-25 08:00:00,1454798.71,,
2026-05-25 09:00:00,1458172.79,,
2026-05-25 10:00:00,1447775.36,,
2026-05-25 11:00:00,1438704.77,,
2026-05-25 12:00:00,1472925.75,,
2026-05-25 13:00:00,1456649.91,,
2026-05-25 14:00:00,1458323.27,,
2026-05-25 15:00:00,1468478.21,,
2026-05-25 16:00:00,1520970.53,,
2026-05-25 17:00:00,1545347.59,,
2026-05-25 18:00:00,1565814.38,,
2026-05-25 19:00:00,1544627.82,,
2026-05-25 20:00:00,1570694.45,,
2026-05-25 21:00:00,1545386.05,,
2026-05-25 22:00:00,1541300.30,,
2026-05-25 23:00:00,1518889.61,,
2026-05-26 00:00:00,1518307.95,,
2026-05-26 01:00:00,1488918.88,,
2026-05-26 02:00:00,1470588.70,,
2026-05-26 03:00:00,1513682.75,,
2026-05-26 04:00:00,1539272.56,,
2026-05-26 05:00:00,1540868.75,,
2026-05-26 06:00:00,1569282.89,,
2026-05-26 07:00:00,1573275.78,,
2026-05-26 08:00:00,1561452.65,,
2026-05-26 09:00:00,1558102.03,,
2026-05-26 10:00:00,1554752.09,,
2026-05-26 11:00:00,1576042.70,,
2026-05-26 12:00:00,1607866.95,,
2026-05-26 13:00:00,1601928.05,,
2026-05-26 14:00:00,1603122.64,,
2026-05-26 15:00:00,1603183.43,,
2026-05-26 16:00:00,1589848.22,,
2026-05-26 17:00:00,1570399.23,,
2026-05-26 18:00:00,1534217.86,,
2026-05-26 19:00:00,1501408.71,,
2026-05-26 20:00:00,1503927.50,,
2026-05-26 21:00:00,1494693.13,,
2026-05-26 22:00:00,1477872.06,,
2026-05-26 23:00:00,1470543.60,,
2026-05-27 00:00:00,1450829.94,,
2026-05-27 01:00:00,1454876.44,,
2026-05-27 02:00:00,1432481.80,,
2026-05-27 03:00:00,1298950.76,,
2026-05-27 04:00:00,1385650.30,,
2026-05-27 05:00:00,1417927.78,,
2026-05-27 06:00:00,1406353.80,,
2026-05-27 07:00:00,1392990.49,,
2026-05-27 08:00:00,1410755.06,,
2026-05-27 09:00:00,1407767.41,,
2026-05-27 10:00:00,1421806.00,,
2026-05-27 11:00:00,1408646.32,,
2026-05-27 12:00:00,1388393.59,,
2026-05-27 13:00:00,1370534.40,,
2026-05-27 14:00:00,1371012.06,,
2026-05-27 15:00:00,1360352.41,,
2026-05-27 16:00:00,1353864.68,,
2026-05-27 17:00:00,1325711.51,,
2026-05-27 18:00:00,1334189.61,,
2026-05-27 19:00:00,1334526.84,,
2026-05-27 20:00:00,1325910.91,,
2026-05-27 21:00:00,1330083.86,,
2026-05-27 22:00:00,1312148.39,,
2026-05-27 23:00:00,1287311.62,,
2026-05-28 00:00:00,1292497.40,,
2026-05-28 01:00:00,1274716.07,,
2026-05-28 02:00:00,1225601.52,,
2026-05-28 03:00:00,1208350.80,,
2026-05-28 04:00:00,1184322.10,,
2026-05-28 05:00:00,1166383.13,,
2026-05-28 06:00:00,1190176.58,,
2026-05-28 07:00:00,1182582.42,,
2026-05-28 08:00:00,1174415.48,,
2026-05-28 09:00:00,1179628.87,,
2026-05-28 10:00:00,1185753.80,,
2026-05-28 11:00:00,1177768.26,,
2026-05-28 12:00:00,1165421.77,,
2026-05-28 13:00:00,1170258.46,,
2026-05-28 14:00:00,1213109.94,,
2026-05-28 15:00:00,1193381.54,,
2026-05-28 16:00:00,1197510.29,,
2026-05-28 17:00:00,1202716.20,,
2026-05-28 18:00:00,1203526.80,,
2026-05-28 19:00:00,1218686.58,,
2026-05-28 20:00:00,1234445.92,,
2026-05-28 21:00:00,1237363.73,,
2026-05-28 22:00:00,1237890.62,,
2026-05-28 23:00:00,1226816.67,,
2026-05-29 00:00:00,1139968.41,,
2026-05-29 01:00:00,1148422.23,,
2026-05-29 02:00:00,1140441.61,,
2026-05-29 03:00:00,1150682.30,,
2026-05-29 04:00:00,1158457.28,,
2026-05-29 05:00:00,1178999.79,,
2026-05-29 06:00:00,1186743.74,,
2026-05-29 07:00:00,1187700.35,,
2026-05-29 08:00:00,1200581.42,,
2026-05-29 09:00:00,1259135.95,,
2026-05-29 10:00:00,1236272.67,,
2026-05-29 11:00:00,1251599.14,,
2026-05-29 12:00:00,1243872.38,,
2026-05-29 13:00:00,1217860.10,,
2026-05-29 14:00:00,1219066.02,,
2026-05-29 15:00:00,1225221.51,,
2026-05-29 16:00:00,1206010.34,,
2026-05-29 17:00:00,1200649.12,,
2026-05-29 18:00:00,1329993.39,,
2026-05-29 19:00:00,1464766.54,,
2026-05-29 20:00:00,1348528.69,,
2026-05-29 21:00:00,1337276.24,,
2026-05-29 22:00:00,1322626.98,,
2026-05-29 23:00:00,1349665.46,,
2026-05-30 00:00:00,1352439.48,,
2026-05-30 01:00:00,1260935.95,,
2026-05-30 02:00:00,1224958.54,,
2026-05-30 03:00:00,1205175.70,,
2026-05-30 04:00:00,1197251.69,,
2026-05-30 05:00:00,1200333.07,,
2026-05-30 06:00:00,1213038.59,,
2026-05-30 07:00:00,1204491.85,,
2026-05-30 08:00:00,1199065.86,,
2026-05-30 09:00:00,1192462.79,,
2026-05-30 10:00:00,1207867.68,,
2026-05-30 11:00:00,1226585.75,,
2026-05-30 12:00:00,1237513.72,,
2026-05-30 13:00:00,1232149.51,,
2026-05-30 14:00:00,1233416.08,,
2026-05-30 15:00:00,1240924.05,,
2026-05-30 16:00:00,1231897.67,,
2026-05-30 17:00:00,1094942.85,,
2026-05-30 18:00:00,1143518.98,,
2026-05-30 19:00:00,1128999.28,,
2026-05-30 20:00:00,1125354.70,,
2026-05-30 21:00:00,1121192.33,,
2026-05-30 22:00:00,1142049.11,,
2026-05-30 23:00:00,1204973.60,,
2026-05-31 00:00:00,1227458.99,,
2026-05-31 01:00:00,1240387.46,,
2026-05-31 02:00:00,1232858.89,,
2026-05-31 03:00:00,1235448.34,,
2026-05-31 04:00:00,1225281.65,,
2026-05-31 05:00:00,1225868.62,,
2026-05-31 06:00:00,1191074.31,,
2026-05-31 07:00:00,1192097.58,,
2026-05-31 08:00:00,1202047.89,,
2026-05-31 09:00:00,1188738.39,,
2026-05-31 10:00:00,1189726.23,,
2026-05-31 11:00:00,1195319.98,,
2026-05-31 12:00:00,1201147.56,,
2026-05-31 13:00:00,1259134.17,,
2026-05-31 14:00:00,1312462.87,,
2026-05-31 15:00:00,1331695.33,,
2026-05-31 16:00:00,1361925.70,,
2026-05-31 17:00:00,1440656.36,,
2026-05-31 18:00:00,1419489.67,,
2026-05-31 19:00:00,1445627.44,,
2026-05-31 20:00:00,1415246.90,,
2026-05-31 21:00:00,1418554.92,,
2026-05-31 22:00:00,1537117.77,,
2026-05-31 23:00:00,1515134.97,,
2026-06-01 00:00:00,1506004.06,,
2026-06-01 01:00:00,1503189.09,,
2026-06-01 02:00:00,1513961.67,,
2026-06-01 03:00:00,1517579.57,,
2026-06-01 04:00:00,1441445.45,,
2026-06-01 05:00:00,1436130.41,,
2026-06-01 06:00:00,1437250.97,,
2026-06-01 07:00:00,1420969.91,,
2026-06-01 08:00:00,1441215.72,,
2026-06-01 09:00:00,1442283.11,,
2026-06-01 10:00:00,1442939.82,,
2026-06-01 11:00:00,1397000.44,,
2026-06-01 12:00:00,1388570.26,,
2026-06-01 13:00:00,1328594.71,,
2026-06-01 14:00:00,1484026.17,,
2026-06-01 15:00:00,1453395.74,,
2026-06-01 16:00:00,1432159.75,,
2026-06-01 17:00:00,1420577.40,,
2026-06-01 18:00:00,1403019.93,,
2026-06-01 19:00:00,1358717.95,,
2026-06-01 20:00:00,1386253.29,,
2026-06-01 21:00:00,1393423.83,,
2026-06-01 22:00:00,1396854.10,,
2026-06-01 23:00:00,1405921.34,,
2026-06-02 00:00:00,1405325.08,,
2026-06-02 01:00:00,1389777.67,,
2026-06-02 02:00:00,1373012.85,,
2026-06-02 03:00:00,1375973.08,,
2026-06-02 04:00:00,1382892.60,,
2026-06-02 05:00:00,1406496.48,,
2026-06-02 06:00:00,1336020.60,,
2026-06-02 07:00:00,1344504.19,,
2026-06-02 08:00:00,1346061.91,,
2026-06-02 09:00:00,1360616.12,,
2026-06-02 10:00:00,1352639.71,,
2026-06-02 11:00:00,1396251.83,,
2026-06-02 12:00:00,1419772.59,,
2026-06-02 13:00:00,1400475.34,,
2026-06-02 14:00:00,1396983.41,,
2026-06-02 15:00:00,1393163.55,,
2026-06-02 16:00:00,1424657.96,,
2026-06-02 17:00:00,1423217.90,,
2026-06-02 18:00:00,1423363.54,,
2026-06-02 19:00:00,1412683.71,,
2026-06-02 20:00:00,1372903.93,,
2026-06-02 21:00:00,1364720.73,,
2026-06-02 22:00:00,1372470.82,,
2026-06-02 23:00:00,1339801.76,,
2026-06-03 00:00:00,1325814.92,,
2026-06-03 01:00:00,1311280.97,,
2026-06-03 02:00:00,1320336.29,,
2026-06-03 03:00:00,1323647.15,,
2026-06-03 04:00:00,1307095.21,,
2026-06-03 05:00:00,1339918.07,,
2026-06-03 06:00:00,1345703.61,,
2026-06-03 07:00:00,1375536.24,,
2026-06-03 08:00:00,1357914.02,,
2026-06-03 09:00:00,1361121.40,,
2026-06-03 10:00:00,1330498.60,,
2026-06-03 11:00:00,1346350.35,,
2026-06-03 12:00:00,1346841.09,,
2026-06-03 13:00:00,1371744.81,,
2026-06-03 14:00:00,1404517.36,,
2026-06-03 15:00:00,1471612.21,,
2026-06-03 16:00:00,1555760.22,,
2026-06-03 17:00:00,1516834.86,,
2026-06-03 18:00:00,1542426.94,,
2026-06-03 19:00:00,1530421.00,,
2026-06-03 20:00:00,1547551.21,,
2026-06-03 21:00:00,1505457.62,,
2026-06-03 22:00:00,1567952.71,,
2026-06-03 23:00:00,1555688.53,,
2026-06-04 00:00:00,1550627.77,,
2026-06-04 01:00:00,1605934.85,,
2026-06-04 02:00:00,1626498.60,,
2026-06-04 03:00:00,1611626.89,,
2026-06-04 04:00:00,1592425.24,,
2026-06-04 05:00:00,1690194.01,,
2026-06-04 06:00:00,1676567.67,,
2026-06-04 07:00:00,1662954.78,,
2026-06-04 08:00:00,1599411.90,,
2026-06-04 09:00:00,1724156.73,,
2026-06-04 10:00:00,1683174.75,,
2026-06-04 11:00:00,1789369.19,,
2026-06-04 12:00:00,1787160.10,,
2026-06-04 13:00:00,1797416.08,,
2026-06-04 14:00:00,1796637.28,,
2026-06-04 15:00:00,1770978.53,,
2026-06-04 16:00:00,1786840.75,,
2026-06-04 17:00:00,1721808.57,,
2026-06-04 18:00:00,1783486.56,,
2026-06-04 19:00:00,1773136.99,,
2026-06-04 20:00:00,1758159.84,,
2026-06-04 21:00:00,1795717.16,,
2026-06-04 22:00:00,1794438.07,,
2026-06-04 23:00:00,1789682.84,,
2026-06-05 00:00:00,1776917.72,,
2026-06-05 01:00:00,1782821.06,,
2026-06-05 02:00:00,1767942.22,,
2026-06-05 03:00:00,1728806.92,,
2026-06-05 04:00:00,1717159.75,,
2026-06-05 05:00:00,1725760.08,,
2026-06-05 06:00:00,1694731.95,,
2026-06-05 07:00:00,1801808.66,,
2026-06-05 08:00:00,1742663.88,,
2026-06-05 09:00:00,1766414.48,,
2026-06-05 10:00:00,1784771.31,,
2026-06-05 11:00:00,1798438.69,,
2026-06-05 12:00:00,1792726.88,,
2026-06-05 13:00:00,1778202.83,,
2026-06-05 14:00:00,1732849.25,,
2026-06-05 15:00:00,1778632.76,,
2026-06-05 16:00:00,1697904.81,,
2026-06-05 17:00:00,1695378.17,,
2026-06-05 18:00:00,1697659.39,,
2026-06-05 19:00:00,1663834.27,,
2026-06-05 20:00:00,1644537.92,,
2026-06-05 21:00:00,1673288.30,,
2026-06-05 22:00:00,1635534.99,,
2026-06-05 23:00:00,1581406.59,,
2026-06-06 00:00:00,1537455.07,,
2026-06-06 01:00:00,1523116.61,,
2026-06-06 02:00:00,1496037.29,,
2026-06-06 03:00:00,1480630.30,,
2026-06-06 04:00:00,1469812.54,,
2026-06-06 05:00:00,1326904.23,,
2026-06-06 06:00:00,1362454.81,,
2026-06-06 07:00:00,1299315.48,,
2026-06-06 08:00:00,1307485.45,,
2026-06-06 09:00:00,1299360.55,,
2026-06-06 10:00:00,1307597.96,,
2026-06-06 11:00:00,1282718.97,,
2026-06-06 12:00:00,1219553.29,,
2026-06-06 13:00:00,1226498.92,,
2026-06-06 14:00:00,1232319.62,,
2026-06-06 15:00:00,1269822.67,,
2026-06-06 16:00:00,1235376.41,,
2026-06-06 17:00:00,1194774.01,,
2026-06-06 18:00:00,1112988.26,,
2026-06-06 19:00:00,1093720.32,,
2026-06-06 20:00:00,1056464.41,,
2026-06-06 21:00:00,1064498.30,,
2026-06-06 22:00:00,1028929.47,,
2026-06-06 23:00:00,1019210.17,,
2026-06-07 00:00:00,1023243.01,,
2026-06-07 01:00:00,1014355.50,,
2026-06-07 02:00:00,1039173.64,,
2026-06-07 03:00:00,1044412.02,,
2026-06-07 04:00:00,1043444.53,,
2026-06-07 05:00:00,1029724.81,,
2026-06-07 06:00:00,1033460.09,,
2026-06-07 07:00:00,1044507.04,,
2026-06-07 08:00:00,1050263.89,,
2026-06-07 09:00:00,1060033.31,,
2026-06-07 10:00:00,1072315.48,,
2026-06-07 11:00:00,1066740.64,,
2026-06-07 12:00:00,1096652.81,,
2026-06-07 13:00:00,1089686.59,,
2026-06-07 14:00:00,1116349.76,,
2026-06-07 15:00:00,1132092.09,,
2026-06-07 16:00:00,1148963.69,,
2026-06-07 17:00:00,1153198.72,,
2026-06-07 18:00:00,1131698.41,,
2026-06-07 19:00:00,1130694.76,,
2026-06-07 20:00:00,1112146.78,,
2026-06-07 21:00:00,1122658.99,,
2026-06-07 22:00:00,1088845.29,,
2026-06-07 23:00:00,1080740.01,,
2026-06-08 00:00:00,1069620.57,,
2026-06-08 01:00:00,1068670.32,,
2026-06-08 02:00:00,1062284.67,,
2026-06-08 03:00:00,1038863.34,,
2026-06-08 04:00:00,1031772.31,,
2026-06-08 05:00:00,1011918.97,,
2026-06-08 06:00:00,1002771.65,,
2026-06-08 07:00:00,970550.20,,
2026-06-08 08:00:00,970683.18,,
2026-06-08 09:00:00,980955.26,,
2026-06-08 10:00:00,1027217.96,,
2026-06-08 11:00:00,1019779.06,,
2026-06-08 12:00:00,1024057.85,,
2026-06-08 13:00:00,1018455.98,,
2026-06-08 14:00:00,1027194.75,,
2026-06-08 15:00:00,1098421.86,,
2026-06-08 16:00:00,1091737.49,,
2026-06-08 17:00:00,1077514.62,,
2026-06-08 18:00:00,1075386.12,,
2026-06-08 19:00:00,1062454.97,,
2026-06-08 20:00:00,1053985.86,,
2026-06-08 21:00:00,1056028.34,,
2026-06-08 22:00:00,1112326.46,,
2026-06-08 23:00:00,1182075.66,,
2026-06-09 00:00:00,1210982.61,,
2026-06-09 01:00:00,1196683.90,,
2026-06-09 02:00:00,1185730.81,,
2026-06-09 03:00:00,1202143.22,,
2026-06-09 04:00:00,1211458.28,,
2026-06-09 05:00:00,1226313.47,,
2026-06-09 06:00:00,1324496.67,,
2026-06-09 07:00:00,1317394.51,,
2026-06-09 08:00:00,1383340.58,,
2026-06-09 09:00:00,1361227.41,,
2026-06-09 10:00:00,1358820.08,,
2026-06-09 11:00:00,1351100.32,,
2026-06-09 12:00:00,1370349.45,,
2026-06-09 13:00:00,1351236.77,,
2026-06-09 14:00:00,1282661.48,,
2026-06-09 15:00:00,1194000.57,,
2026-06-09 16:00:00,1183772.45,,
2026-06-09 17:00:00,1151890.58,,
2026-06-09 18:00:00,1157925.03,,
2026-06-09 19:00:00,1159499.36,,
2026-06-09 20:00:00,1151454.04,,
2026-06-09 21:00:00,1097112.32,,
2026-06-09 22:00:00,1061325.13,,
2026-06-09 23:00:00,1068249.75,,
2026-06-10 00:00:00,1075304.09,,
2026-06-10 01:00:00,1069091.67,,
2026-06-10 02:00:00,1067199.85,,
2026-06-10 03:00:00,1008429.46,,
2026-06-10 04:00:00,1003562.58,,
2026-06-10 05:00:00,990670.84,,
2026-06-10 06:00:00,999575.36,,
2026-06-10 07:00:00,1027155.23,,
2026-06-10 08:00:00,1090867.39,,
2026-06-10 09:00:00,1077798.12,,
2026-06-10 10:00:00,1104633.97,,
2026-06-10 11:00:00,1085964.12,,
2026-06-10 12:00:00,1025674.70,,
2026-06-10 13:00:00,1020033.08,,
2026-06-10 14:00:00,1013594.52,,
2026-06-10 15:00:00,934356.65,,
2026-06-10 16:00:00,961063.48,,
2026-06-10 17:00:00,922297.26,,
2026-06-10 18:00:00,900612.38,,
2026-06-10 19:00:00,899978.37,,
2026-06-10 20:00:00,871987.59,,
2026-06-10 21:00:00,866251.74,,
2026-06-10 22:00:00,871760.64,,
2026-06-10 23:00:00,860601.76,,
2026-06-11 00:00:00,872182.76,,
2026-06-11 01:00:00,876745.39,,
2026-06-11 02:00:00,884772.66,,
2026-06-11 03:00:00,897332.32,,
2026-06-11 04:00:00,913101.35,,
2026-06-11 05:00:00,907776.59,,
2026-06-11 06:00:00,864370.62,,
2026-06-11 07:00:00,820681.16,,
2026-06-11 08:00:00,820356.64,,
2026-06-11 09:00:00,853486.40,,
2026-06-11 10:00:00,878873.51,,
2026-06-11 11:00:00,879495.05,,
2026-06-11 12:00:00,863270.57,,
2026-06-11 13:00:00,870372.17,,
2026-06-11 14:00:00,856433.26,,
2026-06-11 15:00:00,924926.86,,
2026-06-11 16:00:00,938774.93,,
2026-06-11 17:00:00,930798.30,,
2026-06-11 18:00:00,957313.77,,
2026-06-11 19:00:00,942883.12,,
2026-06-11 20:00:00,935017.06,,
2026-06-11 21:00:00,942288.68,,
2026-06-11 22:00:00,967521.23,,
2026-06-11 23:00:00,980384.89,,
2026-06-12 00:00:00,1003444.76,,
2026-06-12 01:00:00,993460.80,,
2026-06-12 02:00:00,1029961.52,,
2026-06-12 03:00:00,1009520.97,,
2026-06-12 04:00:00,1017717.69,,
2026-06-12 05:00:00,1004228.56,,
2026-06-12 06:00:00,989334.70,,
2026-06-12 07:00:00,1077944.96,,
2026-06-12 08:00:00,1078502.59,,
2026-06-12 09:00:00,1102619.25,,
2026-06-12 10:00:00,1087814.68,,
2026-06-12 11:00:00,1098846.89,,
2026-06-12 12:00:00,1093556.32,,
2026-06-12 13:00:00,1088811.13,,
2026-06-12 14:00:00,1073238.09,,
2026-06-12 15:00:00,1070670.64,,
2026-06-12 16:00:00,1062559.17,,
2026-06-12 17:00:00,1068286.40,,
2026-06-12 18:00:00,1093673.70,,
2026-06-12 19:00:00,1085100.74,,
2026-06-12 20:00:00,1088993.73,,
2026-06-12 21:00:00,1055971.70,,
2026-06-12 22:00:00,1052916.64,,
2026-06-12 23:00:00,1049733.87,,
2026-06-13 00:00:00,1048423.40,,
2026-06-13 01:00:00,1046561.04,,
2026-06-13 02:00:00,1049342.53,,
2026-06-13 03:00:00,1043896.22,,
2026-06-13 04:00:00,1034574.51,,
2026-06-13 05:00:00,1034077.77,,
2026-06-13 06:00:00,1024415.47,,
2026-06-13 07:00:00,1022748.30,,
2026-06-13 08:00:00,1028778.63,,
2026-06-13 09:00:00,1026497.71,,
2026-06-13 10:00:00,1025896.95,,
2026-06-13 11:00:00,1027751.18,,
2026-06-13 12:00:00,1028250.12,,
2026-06-13 13:00:00,1024119.92,,
2026-06-13 14:00:00,1013890.01,,
2026-06-13 15:00:00,1020432.91,,
2026-06-13 16:00:00,1022936.89,,
2026-06-13 17:00:00,1021804.61,,
2026-06-13 18:00:00,1023247.34,,
2026-06-13 19:00:00,1042338.75,,
2026-06-13 20:00:00,988841.74,,
2026-06-13 21:00:00,961294.47,,
2026-06-13 22:00:00,960686.35,,
2026-06-13 23:00:00,953101.19,,
2026-06-14 00:00:00,953936.44,,
2026-06-14 01:00:00,958168.75,,
2026-06-14 02:00:00,957075.61,,
2026-06-14 03:00:00,953548.66,,
2026-06-14 04:00:00,962123.00,,
2026-06-14 05:00:00,958088.27,,
2026-06-14 06:00:00,967163.90,,
2026-06-14 07:00:00,975393.22,,
2026-06-14 08:00:00,983562.66,,
2026-06-14 09:00:00,980738.90,,
2026-06-14 10:00:00,1021641.72,,
2026-06-14 11:00:00,989353.79,,
2026-06-14 12:00:00,976376.28,,
2026-06-14 13:00:00,961917.97,,
2026-06-14 14:00:00,958692.53,,
2026-06-14 15:00:00,970006.26,,
2026-06-14 16:00:00,999765.60,,
2026-06-14 17:00:00,1012994.10,,
2026-06-14 18:00:00,1012519.25,,
2026-06-14 19:00:00,1011003.60,,
2026-06-14 20:00:00,974206.51,,
2026-06-14 21:00:00,981735.64,,
2026-06-14 22:00:00,1024072.28,,
2026-06-14 23:00:00,1025995.88,,
2026-06-15 00:00:00,1020508.79,,
2026-06-15 01:00:00,1019513.83,,
2026-06-15 02:00:00,1026749.75,,
2026-06-15 03:00:00,1007097.92,,
2026-06-15 04:00:00,1005369.06,,
2026-06-15 05:00:00,1014975.14,,
2026-06-15 06:00:00,1011818.77,,
2026-06-15 07:00:00,1020272.99,,
2026-06-15 08:00:00,993836.02,,
2026-06-15 09:00:00,985387.08,,
2026-06-15 10:00:00,978453.33,,
2026-06-15 11:00:00,978573.52,,
2026-06-15 12:00:00,973736.70,,
2026-06-15 13:00:00,966294.14,,
2026-06-15 14:00:00,954449.08,,
2026-06-15 15:00:00,949361.50,,
2026-06-15 16:00:00,938269.81,,
2026-06-15 17:00:00,926601.34,,
2026-06-15 18:00:00,914584.20,,
2026-06-15 19:00:00,901998.39,,
2026-06-15 20:00:00,908976.02,,
2026-06-15 21:00:00,903649.67,,
2026-06-15 22:00:00,895237.38,,
2026-06-15 23:00:00,894705.05,,
2026-06-16 00:00:00,892423.56,,
2026-06-16 01:00:00,900954.35,,
2026-06-16 02:00:00,901658.77,,
2026-06-16 03:00:00,877297.62,,
2026-06-16 04:00:00,888846.35,,
2026-06-16 05:00:00,879507.89,,
2026-06-16 06:00:00,899981.09,,
2026-06-16 07:00:00,923304.89,,
2026-06-16 08:00:00,939722.67,,
2026-06-16 09:00:00,950183.65,,
2026-06-16 10:00:00,925181.82,,
2026-06-16 11:00:00,924294.43,,
2026-06-16 12:00:00,918812.23,,
2026-06-16 13:00:00,919706.84,,
2026-06-16 14:00:00,883379.28,,
2026-06-16 15:00:00,845203.03,,
2026-06-16 16:00:00,839272.00,,
2026-06-16 17:00:00,850712.48,,
2026-06-16 18:00:00,873730.45,,
2026-06-16 19:00:00,873541.80,,
2026-06-16 20:00:00,870918.50,,
2026-06-16 21:00:00,873354.37,,
2026-06-16 22:00:00,870363.63,,
2026-06-16 23:00:00,868522.37,,
2026-06-17 00:00:00,878491.88,,
2026-06-17 01:00:00,877270.29,,
2026-06-17 02:00:00,884623.42,,
2026-06-17 03:00:00,879922.14,,
2026-06-17 04:00:00,871580.85,,
2026-06-17 05:00:00,875386.29,,
2026-06-17 06:00:00,867530.85,,
2026-06-17 07:00:00,869447.90,,
2026-06-17 08:00:00,870463.14,,
2026-06-17 09:00:00,856882.99,,
2026-06-17 10:00:00,879926.76,,
2026-06-17 11:00:00,905506.28,,
2026-06-17 12:00:00,903704.44,,
2026-06-17 13:00:00,905292.67,,
2026-06-17 14:00:00,884789.72,,
2026-06-17 15:00:00,886585.57,,
2026-06-17 16:00:00,897873.14,,
2026-06-17 17:00:00,876054.21,,
2026-06-17 18:00:00,884638.52,,
2026-06-17 19:00:00,871718.42,,
2026-06-17 20:00:00,851943.14,,
2026-06-17 21:00:00,855027.67,,
2026-06-17 22:00:00,814432.23,,
2026-06-17 23:00:00,826815.60,,
2026-06-18 00:00:00,824957.79,,
2026-06-18 01:00:00,827476.79,,
2026-06-18 02:00:00,829177.51,,
2026-06-18 03:00:00,843068.70,,
2026-06-18 04:00:00,836152.27,,
2026-06-18 05:00:00,820657.75,,
2026-06-18 06:00:00,834767.53,,
2026-06-18 07:00:00,852629.43,,
2026-06-18 08:00:00,862722.44,,
2026-06-18 09:00:00,863139.83,,
2026-06-18 10:00:00,858631.87,,
2026-06-18 11:00:00,863061.19,,
2026-06-18 12:00:00,853356.25,,
2026-06-18 13:00:00,866442.76,,
2026-06-18 14:00:00,785526.10,,
2026-06-18 15:00:00,789221.52,,
2026-06-18 16:00:00,730220.80,,
2026-06-18 17:00:00,728027.28,,
2026-06-18 18:00:00,749018.79,,
2026-06-18 19:00:00,765098.39,,
2026-06-18 20:00:00,773577.23,,
2026-06-18 21:00:00,769097.24,,
2026-06-18 22:00:00,777347.54,,
2026-06-18 23:00:00,775463.75,,
2026-06-19 00:00:00,774727.20,,
2026-06-19 01:00:00,772110.25,,
2026-06-19 02:00:00,779338.22,,
2026-06-19 03:00:00,780640.59,,
2026-06-19 04:00:00,768760.97,,
2026-06-19 05:00:00,760199.37,,
2026-06-19 06:00:00,773457.37,,
2026-06-19 07:00:00,776822.14,,
2026-06-19 08:00:00,791157.53,,
2026-06-19 09:00:00,822238.93,,
2026-06-19 10:00:00,832302.90,,
2026-06-19 11:00:00,837229.61,,
2026-06-19 12:00:00,825393.03,,
2026-06-19 13:00:00,931248.06,,
2026-06-19 14:00:00,908519.79,,
2026-06-19 15:00:00,892798.91,,
2026-06-19 16:00:00,873703.32,,
2026-06-19 17:00:00,927031.25,,
2026-06-19 18:00:00,933400.36,,
2026-06-19 19:00:00,922450.45,,
2026-06-19 20:00:00,919784.52,,
2026-06-19 21:00:00,920861.30,,
2026-06-19 22:00:00,922044.24,,
2026-06-19 23:00:00,924144.28,,
2026-06-20 00:00:00,939304.24,,
2026-06-20 01:00:00,923614.27,,
2026-06-20 02:00:00,923672.65,,
2026-06-20 03:00:00,910857.03,,
2026-06-20 04:00:00,913299.76,,
2026-06-20 05:00:00,909046.12,,
2026-06-20 06:00:00,904012.45,,
2026-06-20 07:00:00,899117.77,,
2026-06-20 08:00:00,898380.14,,
2026-06-20 09:00:00,897398.29,,
2026-06-20 10:00:00,888098.05,,
2026-06-20 11:00:00,884880.46,,
2026-06-20 12:00:00,881617.93,,
2026-06-20 13:00:00,875223.07,,
2026-06-20 14:00:00,876011.60,,
2026-06-20 15:00:00,891532.75,,
2026-06-20 16:00:00,892621.17,,
2026-06-20 17:00:00,882428.32,,
2026-06-20 18:00:00,879539.28,,
2026-06-20 19:00:00,877916.41,,
2026-06-20 20:00:00,829196.16,,
2026-06-20 21:00:00,837433.77,,
2026-06-20 22:00:00,839759.45,,
2026-06-20 23:00:00,830414.68,,
2026-06-21 00:00:00,829700.58,,
2026-06-21 01:00:00,830487.99,,
2026-06-21 02:00:00,836129.60,,
2026-06-21 03:00:00,834885.94,,
2026-06-21 04:00:00,838400.77,,
2026-06-21 05:00:00,835683.49,,
2026-06-21 06:00:00,837580.82,,
2026-06-21 07:00:00,837992.81,,
2026-06-21 08:00:00,843573.85,,
2026-06-21 09:00:00,844738.13,,
2026-06-21 10:00:00,856630.89,,
2026-06-21 11:00:00,861789.45,,
2026-06-21 12:00:00,849713.29,,
2026-06-21 13:00:00,849369.65,,
2026-06-21 14:00:00,855887.98,,
2026-06-21 15:00:00,861718.71,,
2026-06-21 16:00:00,854834.96,,
2026-06-21 17:00:00,859367.40,,
2026-06-21 18:00:00,863512.11,,
2026-06-21 19:00:00,879395.12,,
2026-06-21 20:00:00,870131.02,,
2026-06-21 21:00:00,851000.02,,
2026-06-21 22:00:00,843767.96,,
2026-06-21 23:00:00,841559.19,,
2026-06-22 00:00:00,843377.42,,
2026-06-22 01:00:00,849065.46,,
2026-06-22 02:00:00,849790.33,,
2026-06-22 03:00:00,853319.11,,
2026-06-22 04:00:00,848674.13,,
2026-06-22 05:00:00,853346.96,,
2026-06-22 06:00:00,854538.57,,
2026-06-22 07:00:00,870126.19,,
2026-06-22 08:00:00,888136.52,,
2026-06-22 09:00:00,889987.71,,
2026-06-22 10:00:00,871484.87,,
2026-06-22 11:00:00,866370.15,,
2026-06-22 12:00:00,872711.59,,
2026-06-22 13:00:00,878664.08,,
2026-06-22 14:00:00,877835.05,,
2026-06-22 15:00:00,875893.72,,
2026-06-22 16:00:00,870882.64,,
2026-06-22 17:00:00,870207.21,,
2026-06-22 18:00:00,856521.41,,
2026-06-22 19:00:00,867324.05,,
2026-06-22 20:00:00,869239.06,,
2026-06-22 21:00:00,867806.07,,
2026-06-22 22:00:00,859378.07,,
2026-06-22 23:00:00,858804.46,,
2026-06-23 00:00:00,858982.47,,
2026-06-23 01:00:00,854474.17,,
2026-06-23 02:00:00,849236.08,,
2026-06-23 03:00:00,846849.02,,
2026-06-23 04:00:00,861100.19,,
2026-06-23 05:00:00,861531.46,,
2026-06-23 06:00:00,867033.52,,
2026-06-23 07:00:00,830976.14,,
2026-06-23 08:00:00,838036.92,,
2026-06-23 09:00:00,865951.84,,
2026-06-23 10:00:00,892772.83,,
2026-06-23 11:00:00,972573.57,,
2026-06-23 12:00:00,980812.94,,
2026-06-23 13:00:00,986070.08,,
2026-06-23 14:00:00,1004370.58,,
2026-06-23 15:00:00,1023917.56,,
2026-06-23 16:00:00,1040698.23,,
2026-06-23 17:00:00,1009166.58,,
2026-06-23 18:00:00,1003911.37,,
2026-06-23 19:00:00,1019738.46,,
2026-06-23 20:00:00,1034324.40,,
2026-06-23 21:00:00,994552.15,,
2026-06-23 22:00:00,979568.72,,
2026-06-23 23:00:00,966041.81,,
2026-06-24 00:00:00,968245.94,,
2026-06-24 01:00:00,970314.22,,
2026-06-24 02:00:00,946136.77,,
2026-06-24 03:00:00,945998.07,,
2026-06-24 04:00:00,948818.56,,
2026-06-24 05:00:00,951824.76,,
2026-06-24 06:00:00,961188.84,,
2026-06-24 07:00:00,958788.30,,
2026-06-24 08:00:00,991686.06,,
2026-06-24 09:00:00,1020980.96,,
2026-06-24 10:00:00,1011399.55,,
2026-06-24 11:00:00,1005609.98,,
2026-06-24 12:00:00,967435.59,,
2026-06-24 13:00:00,930629.22,,
2026-06-24 14:00:00,913831.61,,
2026-06-24 15:00:00,898588.31,,
2026-06-24 16:00:00,874161.74,,
2026-06-24 17:00:00,843113.38,,
2026-06-24 18:00:00,791807.23,,
2026-06-24 19:00:00,788614.39,,
2026-06-24 20:00:00,793132.37,,
2026-06-24 21:00:00,802036.70,,
2026-06-24 22:00:00,802117.68,,
2026-06-24 23:00:00,801241.44,,
2026-06-25 00:00:00,799523.79,,
2026-06-25 01:00:00,792377.85,,
2026-06-25 02:00:00,790788.04,,
2026-06-25 03:00:00,788100.78,,
2026-06-25 04:00:00,779586.84,,
2026-06-25 05:00:00,782369.28,,
2026-06-25 06:00:00,795905.27,,
2026-06-25 07:00:00,781069.66,,
2026-06-25 08:00:00,772524.03,,
2026-06-25 09:00:00,782269.68,,
2026-06-25 10:00:00,789522.07,,
2026-06-25 11:00:00,800085.04,,
2026-06-25 12:00:00,804410.80,,
2026-06-25 13:00:00,855154.12,,
2026-06-25 14:00:00,791566.45,,
2026-06-25 15:00:00,791443.70,,
2026-06-25 16:00:00,804931.41,,
2026-06-25 17:00:00,877881.49,,
2026-06-25 18:00:00,876951.41,,
2026-06-25 19:00:00,905608.57,,
2026-06-25 20:00:00,918786.19,,
2026-06-25 21:00:00,923991.77,,
2026-06-25 22:00:00,927233.06,,
2026-06-25 23:00:00,919122.67,,
2026-06-26 00:00:00,930073.89,,
2026-06-26 01:00:00,989576.04,,
2026-06-26 02:00:00,988327.29,,
2026-06-26 03:00:00,986799.84,,
2026-06-26 04:00:00,999187.95,,
2026-06-26 05:00:00,1042400.50,,
2026-06-26 06:00:00,1157557.60,,
2026-06-26 07:00:00,1298228.28,,
2026-06-26 08:00:00,1477376.11,,
2026-06-26 09:00:00,1598148.69,,
2026-06-26 10:00:00,1687281.98,,
2026-06-26 11:00:00,1757834.22,,
2026-06-26 12:00:00,2043321.64,,
2026-06-26 13:00:00,2231087.69,,
2026-06-26 14:00:00,2083198.55,,
2026-06-26 15:00:00,2089040.76,,
2026-06-26 16:00:00,2151181.11,,
2026-06-26 17:00:00,2226072.20,,
2026-06-26 18:00:00,2331187.07,,
2026-06-26 19:00:00,2338877.36,,
2026-06-26 20:00:00,2213809.55,,
2026-06-26 21:00:00,2208062.80,,
2026-06-26 22:00:00,2301985.19,,
2026-06-26 23:00:00,2334554.56,,
2026-06-27 00:00:00,2231801.18,,
2026-06-27 01:00:00,2218641.97,,
2026-06-27 02:00:00,2278861.66,,
2026-06-27 03:00:00,2119381.81,,
2026-06-27 04:00:00,2194820.53,,
2026-06-27 05:00:00,2318631.73,,
2026-06-27 06:00:00,2253602.40,,
2026-06-27 07:00:00,2274645.94,,
2026-06-27 08:00:00,2021505.93,,
2026-06-27 09:00:00,1983276.71,,
2026-06-27 10:00:00,1897208.26,,
2026-06-27 11:00:00,1881577.24,,
2026-06-27 12:00:00,1867643.60,,
2026-06-27 13:00:00,1814390.92,,
2026-06-27 14:00:00,1765373.79,,
2026-06-27 15:00:00,1791174.31,,
2026-06-27 16:00:00,1841041.32,,
2026-06-27 17:00:00,1721135.07,,
2026-06-27 18:00:00,1706615.19,,
2026-06-27 19:00:00,1717103.33,,
2026-06-27 20:00:00,1721265.41,,
2026-06-27 21:00:00,1695136.87,,
2026-06-27 22:00:00,1730311.31,,
2026-06-27 23:00:00,1714991.81,,
2026-06-28 00:00:00,1750464.13,,
2026-06-28 01:00:00,1715966.19,,
2026-06-28 02:00:00,1725788.57,,
2026-06-28 03:00:00,1715049.99,,
2026-06-28 04:00:00,1722474.09,,
2026-06-28 05:00:00,1705785.74,,
2026-06-28 06:00:00,1731749.69,,
2026-06-28 07:00:00,1536968.62,,
2026-06-28 08:00:00,1544405.81,,
2026-06-28 09:00:00,1521295.67,,
2026-06-28 10:00:00,1471122.26,,
2026-06-28 11:00:00,1456740.47,,
2026-06-28 12:00:00,1461283.79,,
2026-06-28 13:00:00,1426144.38,,
2026-06-28 14:00:00,1443216.43,,
2026-06-28 15:00:00,1453459.31,,
2026-06-28 16:00:00,1428354.92,,
2026-06-28 17:00:00,1371473.19,,
2026-06-28 18:00:00,1379936.03,,
2026-06-28 19:00:00,1368949.87,,
2026-06-28 20:00:00,1357754.91,,
2026-06-28 21:00:00,1352959.82,,
2026-06-28 22:00:00,1327582.04,,
2026-06-28 23:00:00,1308960.31,,
2026-06-29 00:00:00,1355379.80,,
2026-06-29 01:00:00,1347730.99,,
2026-06-29 02:00:00,1363388.69,,
2026-06-29 03:00:00,1359813.86,,
2026-06-29 04:00:00,1360742.10,,
2026-06-29 05:00:00,1357882.84,,
2026-06-29 06:00:00,1357879.03,,
2026-06-29 07:00:00,1258238.71,,
2026-06-29 08:00:00,1293937.06,,
2026-06-29 09:00:00,1261490.36,,
2026-06-29 10:00:00,1225733.94,,
2026-06-29 11:00:00,1222432.13,,
2026-06-29 12:00:00,1226391.14,,
2026-06-29 13:00:00,1229140.95,,
2026-06-29 14:00:00,1218828.48,,
2026-06-29 15:00:00,1194632.27,,
2026-06-29 16:00:00,1199638.30,,
2026-06-29 17:00:00,1177781.19,,
2026-06-29 18:00:00,1178341.54,,
2026-06-29 19:00:00,1189114.99,,
2026-06-29 20:00:00,1188801.31,,
2026-06-29 21:00:00,1192230.16,,
2026-06-29 22:00:00,1199953.16,,
2026-06-29 23:00:00,1200622.99,,
2026-06-30 00:00:00,1200645.21,,
2026-06-30 01:00:00,1188002.69,,
2026-06-30 02:00:00,1181029.74,,
2026-06-30 03:00:00,1183059.43,,
2026-06-30 04:00:00,1183867.54,,
2026-06-30 05:00:00,1222767.43,,
2026-06-30 06:00:00,1194143.18,,
2026-06-30 07:00:00,1183292.64,,
2026-06-30 08:00:00,1227757.82,,
2026-06-30 09:00:00,1220678.08,,
2026-06-30 10:00:00,1231035.99,,
2026-06-30 11:00:00,1225584.64,,
2026-06-30 12:00:00,1202129.24,,
2026-06-30 13:00:00,1187875.00,,
2026-06-30 14:00:00,1204992.77,,
2026-06-30 15:00:00,1355892.38,,
2026-06-30 16:00:00,1362053.69,,
2026-06-30 17:00:00,1377383.45,,
2026-06-30 18:00:00,1426361.68,,
2026-06-30 19:00:00,1380592.99,,
2026-06-30 20:00:00,1425206.42,,
2026-06-30 21:00:00,1311320.58,,
2026-06-30 22:00:00,1354372.77,,
2026-06-30 23:00:00,1315610.11,,
2026-07-01 00:00:00,1337554.61,,
2026-07-01 01:00:00,1329819.68,,
2026-07-01 02:00:00,1308538.74,,
2026-07-01 03:00:00,1307595.23,,
2026-07-01 04:00:00,1277361.14,,
2026-07-01 05:00:00,1255216.87,,
2026-07-01 06:00:00,1222034.86,,
2026-07-01 07:00:00,1213724.78,,
2026-07-01 08:00:00,1279028.21,,
2026-07-01 09:00:00,1350142.15,,
2026-07-01 10:00:00,1408072.20,,
2026-07-01 11:00:00,1439447.07,,
2026-07-01 12:00:00,1479202.87,,
2026-07-01 13:00:00,1440314.82,,
2026-07-01 14:00:00,1387178.59,,
2026-07-01 15:00:00,1293084.71,,
2026-07-01 16:00:00,1269762.66,,
2026-07-01 17:00:00,1239038.07,,
2026-07-01 18:00:00,1251580.25,,
2026-07-01 19:00:00,1243525.72,,
2026-07-01 20:00:00,1218527.27,,
2026-07-01 21:00:00,1219777.18,,
2026-07-01 22:00:00,1219586.14,,
2026-07-01 23:00:00,1205517.95,,
2026-07-02 00:00:00,1198834.06,,
2026-07-02 01:00:00,1203603.98,,
2026-07-02 02:00:00,1217605.18,,
2026-07-02 03:00:00,1185730.45,,
2026-07-02 04:00:00,1179224.72,,
2026-07-02 05:00:00,1194643.48,,
2026-07-02 06:00:00,1188735.24,,
2026-07-02 07:00:00,1179170.80,,
2026-07-02 08:00:00,1171622.86,,
2026-07-02 09:00:00,1176306.62,,
2026-07-02 10:00:00,1204079.14,,
2026-07-02 11:00:00,1149513.11,,
2026-07-02 12:00:00,1149231.46,,
2026-07-02 13:00:00,1126573.99,,
2026-07-02 14:00:00,1120861.31,,
2026-07-02 15:00:00,1133954.12,,
2026-07-02 16:00:00,1120820.87,,
2026-07-02 17:00:00,1125192.75,,
2026-07-02 18:00:00,1119967.28,,
2026-07-02 19:00:00,1110010.00,,
2026-07-02 20:00:00,1108632.08,,
2026-07-02 21:00:00,1134011.13,,
2026-07-02 22:00:00,1114317.61,,
2026-07-02 23:00:00,1103370.40,,
2026-07-03 00:00:00,1105153.29,,
2026-07-03 01:00:00,1105535.93,,
2026-07-03 02:00:00,1114442.89,,
2026-07-03 03:00:00,1121062.30,,
2026-07-03 04:00:00,1124707.65,,
2026-07-03 05:00:00,1124888.04,,
2026-07-03 06:00:00,1126369.17,,
2026-07-03 07:00:00,1133333.06,,
2026-07-03 08:00:00,1129551.88,,
2026-07-03 09:00:00,1131509.09,,
2026-07-03 10:00:00,1138484.48,,
2026-07-03 11:00:00,1130735.28,,
2026-07-03 12:00:00,1141592.47,,
2026-07-03 13:00:00,1145455.80,,
2026-07-03 14:00:00,1148280.12,,
2026-07-03 15:00:00,1138143.15,,
2026-07-03 16:00:00,1129405.39,,
2026-07-03 17:00:00,1132769.07,,
2026-07-03 18:00:00,1128812.18,,
2026-07-03 19:00:00,1133698.22,,
2026-07-03 20:00:00,1140139.12,,
2026-07-03 21:00:00,1146167.79,,
2026-07-03 22:00:00,1149605.34,,
2026-07-03 23:00:00,1139690.34,,
2026-07-04 00:00:00,1144452.74,,
2026-07-04 01:00:00,1139711.23,,
2026-07-04 02:00:00,1150241.15,,
2026-07-04 03:00:00,1153263.31,,
2026-07-04 04:00:00,1154583.81,,
2026-07-04 05:00:00,1175680.86,,
2026-07-04 06:00:00,1181285.55,,
2026-07-04 07:00:00,1212572.51,,
2026-07-04 08:00:00,1200500.15,,
2026-07-04 09:00:00,1193719.63,,
2026-07-04 10:00:00,1197338.95,,
2026-07-04 11:00:00,1218731.04,,
2026-07-04 12:00:00,1209524.09,,
2026-07-04 13:00:00,1215444.60,,
2026-07-04 14:00:00,1209362.71,,
2026-07-04 15:00:00,1165753.20,,
2026-07-04 16:00:00,1179156.00,,
2026-07-04 17:00:00,1229616.87,,
2026-07-04 18:00:00,1231322.49,,
2026-07-04 19:00:00,1223168.11,,
2026-07-04 20:00:00,1239557.29,,
2026-07-04 21:00:00,1240841.40,,
2026-07-04 22:00:00,1236285.45,,
2026-07-04 23:00:00,1216536.87,,
2026-07-05 00:00:00,1211280.25,,
2026-07-05 01:00:00,1206855.32,,
2026-07-05 02:00:00,1195336.09,,
2026-07-05 03:00:00,1192240.29,,
2026-07-05 04:00:00,1197462.58,,
2026-07-05 05:00:00,1207226.65,,
2026-07-05 06:00:00,1208940.95,,
2026-07-05 07:00:00,1214781.75,,
2026-07-05 08:00:00,1219053.71,,
2026-07-05 09:00:00,1223150.21,,
2026-07-05 10:00:00,1217969.08,,
2026-07-05 11:00:00,1217231.11,,
2026-07-05 12:00:00,1224971.38,,
2026-07-05 13:00:00,1238439.87,,
2026-07-05 14:00:00,1243280.79,,
2026-07-05 15:00:00,1247382.41,,
2026-07-05 16:00:00,1240675.82,,
2026-07-05 17:00:00,1246916.61,,
2026-07-05 18:00:00,1244427.84,,
2026-07-05 19:00:00,1241509.65,,
2026-07-05 20:00:00,1243630.30,,
2026-07-05 21:00:00,1252033.76,,
2026-07-05 22:00:00,1248148.46,,
2026-07-05 23:00:00,1239768.90,,
2026-07-06 00:00:00,1238622.34,,
2026-07-06 01:00:00,1227484.35,,
2026-07-06 02:00:00,1224878.27,,
2026-07-06 03:00:00,1228134.14,,
2026-07-06 04:00:00,1226811.31,,
2026-07-06 05:00:00,1235010.92,,
2026-07-06 06:00:00,1227106.31,,
2026-07-06 07:00:00,1241888.74,,
2026-07-06 08:00:00,1254770.23,,
2026-07-06 09:00:00,1257547.17,,
2026-07-06 10:00:00,1266221.70,,
2026-07-06 11:00:00,1243643.03,,
2026-07-06 12:00:00,1242168.37,,
2026-07-06 13:00:00,1233115.57,,
2026-07-06 14:00:00,1247638.16,,
2026-07-06 15:00:00,1259129.52,,
2026-07-06 16:00:00,1368131.50,,
2026-07-06 17:00:00,1333841.71,,
2026-07-06 18:00:00,1339947.73,,
2026-07-06 19:00:00,1333804.66,,
2026-07-06 20:00:00,1340115.97,,
2026-07-06 21:00:00,1337906.05,,
2026-07-06 22:00:00,1328810.34,,
2026-07-06 23:00:00,1322821.01,,
2026-07-07 00:00:00,1316302.90,,
2026-07-07 01:00:00,1324233.96,,
2026-07-07 02:00:00,1309923.87,,
2026-07-07 03:00:00,1313413.01,,
2026-07-07 04:00:00,1304283.09,,
2026-07-07 05:00:00,1316661.52,,
2026-07-07 06:00:00,1876540.55,,
2026-07-07 07:00:00,1894763.00,,
2026-07-07 08:00:00,2145668.12,,
2026-07-07 09:00:00,2011715.97,,
2026-07-07 10:00:00,1540037.46,,
2026-07-07 11:00:00,1518245.97,,
2026-07-07 12:00:00,1454928.23,,
2026-07-07 13:00:00,1467674.30,,
2026-07-07 14:00:00,1483967.74,,
2026-07-07 15:00:00,1426953.11,,
2026-07-07 16:00:00,1355769.39,,
2026-07-07 17:00:00,1364816.66,,
2026-07-07 18:00:00,1341308.59,,
2026-07-07 19:00:00,1305764.67,,
2026-07-07 20:00:00,1298476.57,,
2026-07-07 21:00:00,1307592.36,,
2026-07-07 22:00:00,1294091.80,,
2026-07-07 23:00:00,1288287.63,,
2026-07-08 00:00:00,1293329.72,,
2026-07-08 01:00:00,1275005.27,,
2026-07-08 02:00:00,1220625.10,,
2026-07-08 03:00:00,1221011.59,,
2026-07-08 04:00:00,1221499.61,,
2026-07-08 05:00:00,1219929.28,,
2026-07-08 06:00:00,1236877.15,,
2026-07-08 07:00:00,1205873.82,,
2026-07-08 08:00:00,1195094.07,,
2026-07-08 09:00:00,1173809.71,,
2026-07-08 10:00:00,1151197.97,,
2026-07-08 11:00:00,1166766.59,,
2026-07-08 12:00:00,1175929.96,,
2026-07-08 13:00:00,1164119.01,,
2026-07-08 14:00:00,1140603.06,,
2026-07-08 15:00:00,1118227.19,,
2026-07-08 16:00:00,1070565.77,,
2026-07-08 17:00:00,1072726.94,,
2026-07-08 18:00:00,1072546.32,,
2026-07-08 19:00:00,1090206.41,,
2026-07-08 20:00:00,1092854.03,,
2026-07-08 21:00:00,1094101.47,,
2026-07-08 22:00:00,1089352.95,,
2026-07-08 23:00:00,1096931.10,,
2026-07-09 00:00:00,1101242.77,,
2026-07-09 01:00:00,1103345.12,,
2026-07-09 02:00:00,1093322.11,,
2026-07-09 03:00:00,1098340.80,,
2026-07-09 04:00:00,1115105.97,,
2026-07-09 05:00:00,1113110.96,,
2026-07-09 06:00:00,1129183.89,,
2026-07-09 07:00:00,1128482.38,,
2026-07-09 08:00:00,1125978.81,,
2026-07-09 09:00:00,1113945.60,,
2026-07-09 10:00:00,1095976.24,,
2026-07-09 11:00:00,1088344.32,,
2026-07-09 12:00:00,1084798.86,,
2026-07-09 13:00:00,1082855.95,,
2026-07-09 14:00:00,1094963.14,,
2026-07-09 15:00:00,1104405.83,,
2026-07-09 16:00:00,1113965.61,,
2026-07-09 17:00:00,1114510.14,,
2026-07-09 18:00:00,1110910.81,,
2026-07-09 19:00:00,1102304.54,,
2026-07-09 20:00:00,1098677.79,,
2026-07-09 21:00:00,1108777.97,,
2026-07-09 22:00:00,1102994.19,,
2026-07-09 23:00:00,1095168.90,,
2026-07-10 00:00:00,1080855.02,,
2026-07-10 01:00:00,1090542.18,,
2026-07-10 02:00:00,1104218.27,,
2026-07-10 03:00:00,1103268.45,,
2026-07-10 04:00:00,1090110.00,,
2026-07-10 05:00:00,1099096.37,,
2026-07-10 06:00:00,1089272.21,,
2026-07-10 07:00:00,1087351.77,,
2026-07-10 08:00:00,1060631.13,,
2026-07-10 09:00:00,1086724.07,,
2026-07-10 10:00:00,1079157.74,,
2026-07-10 11:00:00,1056601.70,,
2026-07-10 12:00:00,1061894.40,,
2026-07-10 13:00:00,1065359.49,,
2026-07-10 14:00:00,1077126.73,,
2026-07-10 15:00:00,1060910.22,,
2026-07-10 16:00:00,1062301.83,,
2026-07-10 17:00:00,1079206.20,,
2026-07-10 18:00:00,1076356.61,,
2026-07-10 19:00:00,1060556.62,,
2026-07-10 20:00:00,1071322.32,,
2026-07-10 21:00:00,1076142.71,,
2026-07-10 22:00:00,1083597.13,,
2026-07-10 23:00:00,1083389.08,,
2026-07-11 00:00:00,1078491.31,,
2026-07-11 01:00:00,1082132.79,,
2026-07-11 02:00:00,1081743.95,,
2026-07-11 03:00:00,1060943.38,,
2026-07-11 04:00:00,1111450.33,,
2026-07-11 05:00:00,1115051.96,,
2026-07-11 06:00:00,1103747.09,,
2026-07-11 07:00:00,1117359.72,,
2026-07-11 08:00:00,1126264.98,,
2026-07-11 09:00:00,1103713.31,,
2026-07-11 10:00:00,1118802.59,,
2026-07-11 11:00:00,1127643.07,,
2026-07-11 12:00:00,1160872.18,,
2026-07-11 13:00:00,1134541.63,,
2026-07-11 14:00:00,1129943.54,,
2026-07-11 15:00:00,1117991.95,,
2026-07-11 16:00:00,1130154.85,,
2026-07-11 17:00:00,1128604.77,,
2026-07-11 18:00:00,1117017.08,,
2026-07-11 19:00:00,1121335.22,,
2026-07-11 20:00:00,1129186.46,,
2026-07-11 21:00:00,1137239.17,,
2026-07-11 22:00:00,1149967.81,,
2026-07-11 23:00:00,1144350.99,,
2026-07-12 00:00:00,1119094.59,,
2026-07-12 01:00:00,1115206.33,,
2026-07-12 02:00:00,1133508.17,,
2026-07-12 03:00:00,1141335.65,,
2026-07-12 04:00:00,1147174.37,,
2026-07-12 05:00:00,1144160.73,,
2026-07-12 06:00:00,1145752.37,,
2026-07-12 07:00:00,1206518.01,,
2026-07-12 08:00:00,1186565.31,,
2026-07-12 09:00:00,1179017.59,,
2026-07-12 10:00:00,1179138.81,,
2026-07-12 11:00:00,1181587.83,,
2026-07-12 12:00:00,1178661.49,,
2026-07-12 13:00:00,1169608.44,,
2026-07-12 14:00:00,1167167.45,,
2026-07-12 15:00:00,1194392.23,,
2026-07-12 16:00:00,1191192.04,,
2026-07-12 17:00:00,1188689.62,,
2026-07-12 18:00:00,1197399.16,,
2026-07-12 19:00:00,1200946.08,,
2026-07-12 20:00:00,1200501.46,,
2026-07-12 21:00:00,1196907.34,,
2026-07-12 22:00:00,1176286.00,,
2026-07-12 23:00:00,1168963.08,,
2026-07-13 00:00:00,1171705.66,,
2026-07-13 01:00:00,1172585.62,,
2026-07-13 02:00:00,1168155.53,,
2026-07-13 03:00:00,1163182.07,,
2026-07-13 04:00:00,1146991.34,,
2026-07-13 05:00:00,1147252.29,,
2026-07-13 06:00:00,1142291.85,,
2026-07-13 07:00:00,1140560.70,,
2026-07-13 08:00:00,1138554.19,,
2026-07-13 09:00:00,1144130.21,,
2026-07-13 10:00:00,1142122.97,,
2026-07-13 11:00:00,1153387.09,,
2026-07-13 12:00:00,1157078.15,,
2026-07-13 13:00:00,1150459.32,,
2026-07-13 14:00:00,1157900.36,,
2026-07-13 15:00:00,1154095.36,,
2026-07-13 16:00:00,1151136.67,,
2026-07-13 17:00:00,1163969.70,,
2026-07-13 18:00:00,1141579.50,,
2026-07-13 19:00:00,1132812.45,,
2026-07-13 20:00:00,1128841.50,,
2026-07-13 21:00:00,1152418.52,,
2026-07-13 22:00:00,1176338.21,,
2026-07-13 23:00:00,1184993.60,,
2026-07-14 00:00:00,1205566.81,,
2026-07-14 01:00:00,1242651.79,,
2026-07-14 02:00:00,1288548.41,,
2026-07-14 03:00:00,1254890.37,,
2026-07-14 04:00:00,1246043.99,,
2026-07-14 05:00:00,1244873.46,,
2026-07-14 06:00:00,1252314.09,,
2026-07-14 07:00:00,1246876.18,,
2026-07-14 08:00:00,1236010.62,,
2026-07-14 09:00:00,1222479.10,,
2026-07-14 10:00:00,1227117.00,,
2026-07-14 11:00:00,1236588.43,,
2026-07-14 12:00:00,1232118.59,,
2026-07-14 13:00:00,1212588.32,,
2026-07-14 14:00:00,1194250.55,,
2026-07-14 15:00:00,1180712.09,,
2026-07-14 16:00:00,1191568.20,,
2026-07-14 17:00:00,1177475.29,,
2026-07-14 18:00:00,1175399.83,,
2026-07-14 19:00:00,1168316.70,,
2026-07-14 20:00:00,1165901.58,,
2026-07-14 21:00:00,1179919.65,,
2026-07-14 22:00:00,1169109.87,,
2026-07-14 23:00:00,1170851.25,,
2026-07-15 00:00:00,1167726.91,,
2026-07-15 01:00:00,1174501.92,,
2026-07-15 02:00:00,1166968.25,,
2026-07-15 03:00:00,1161286.40,,
2026-07-15 04:00:00,1161217.39,,
2026-07-15 05:00:00,1152739.33,,
2026-07-15 06:00:00,1154802.83,,
2026-07-15 07:00:00,1158291.83,,
2026-07-15 08:00:00,1156920.19,,
2026-07-15 09:00:00,1155501.45,,
2026-07-15 10:00:00,1174989.21,,
2026-07-15 11:00:00,1170158.37,,
2026-07-15 12:00:00,1180196.68,,
2026-07-15 13:00:00,1195531.82,,
2026-07-15 14:00:00,1191329.43,,
2026-07-15 15:00:00,1193676.57,,
2026-07-15 16:00:00,1178963.78,,
2026-07-15 17:00:00,1174883.22,,
2026-07-15 18:00:00,1176999.33,,
2026-07-15 19:00:00,1173724.65,,
2026-07-15 20:00:00,1173823.62,,
2026-07-15 21:00:00,1178032.19,,
2026-07-15 22:00:00,1176627.67,,
2026-07-15 23:00:00,1183642.66,,
2026-07-16 00:00:00,1180972.86,,
2026-07-16 01:00:00,1186004.77,,
2026-07-16 02:00:00,1192142.95,,
2026-07-16 03:00:00,1199032.86,,
2026-07-16 04:00:00,1190906.75,,
2026-07-16 05:00:00,1184002.05,,
2026-07-16 06:00:00,1186760.04,,
2026-07-16 07:00:00,1184531.52,,
2026-07-16 08:00:00,1220745.72,,
2026-07-16 09:00:00,1209153.29,,
2026-07-16 10:00:00,1214469.63,,
2026-07-16 11:00:00,1208922.32,,
2026-07-16 12:00:00,1196826.53,,
2026-07-16 13:00:00,1181132.00,,
2026-07-16 14:00:00,1191566.38,,
2026-07-16 15:00:00,1222189.61,,
2026-07-16 16:00:00,1220983.38,,
2026-07-16 17:00:00,1216955.72,,
2026-07-16 18:00:00,1212591.01,,
2026-07-16 19:00:00,1226949.28,,
2026-07-16 20:00:00,1231062.60,,
2026-07-16 21:00:00,1231082.35,,
2026-07-16 22:00:00,1235797.05,,
2026-07-16 23:00:00,1227506.73,,
2026-07-17 00:00:00,1269751.73,,
2026-07-17 01:00:00,1268310.20,,
2026-07-17 02:00:00,1251516.80,,
2026-07-17 03:00:00,1243642.30,,
2026-07-17 04:00:00,1238483.52,,
2026-07-17 05:00:00,1234195.72,,
2026-07-17 06:00:00,1154726.90,,
2026-07-17 07:00:00,1199294.69,,
2026-07-17 08:00:00,1207223.80,,
2026-07-17 09:00:00,1201260.25,,
2026-07-17 10:00:00,1208827.63,,
2026-07-17 11:00:00,1218490.62,,
2026-07-17 12:00:00,1200178.12,,
2026-07-17 13:00:00,1197574.73,,
2026-07-17 14:00:00,1186064.08,,
2026-07-17 15:00:00,1205506.80,,
2026-07-17 16:00:00,1199323.97,,
2026-07-17 17:00:00,1175339.00,,
2026-07-17 18:00:00,1183767.89,,
2026-07-17 19:00:00,1189974.83,,
2026-07-17 20:00:00,1176412.99,,
2026-07-17 21:00:00,1162583.13,,
2026-07-17 22:00:00,1162601.68,,
2026-07-17 23:00:00,1163844.30,,
2026-07-18 00:00:00,1152498.22,,
2026-07-18 01:00:00,1152954.85,,
2026-07-18 02:00:00,1163450.00,,
2026-07-18 03:00:00,1153962.05,,
2026-07-18 04:00:00,1158182.98,,
2026-07-18 05:00:00,1146325.00,,
2026-07-18 06:00:00,1146872.29,,
2026-07-18 07:00:00,1151527.10,,
2026-07-18 08:00:00,1142976.59,,
2026-07-18 09:00:00,1148227.98,,
2026-07-18 10:00:00,1148478.80,,
2026-07-18 11:00:00,1150835.48,,
2026-07-18 12:00:00,1158288.86,,
2026-07-18 13:00:00,1155712.83,,
2026-07-18 14:00:00,1175214.89,,
2026-07-18 15:00:00,1177785.26,,
2026-07-18 16:00:00,1179293.44,,
2026-07-18 17:00:00,1179792.54,,
2026-07-18 18:00:00,1190243.53,,
2026-07-18 19:00:00,1196567.73,,
2026-07-18 20:00:00,1192863.00,,
2026-07-18 21:00:00,1187646.28,,
2026-07-18 22:00:00,1200475.50,,
2026-07-18 23:00:00,1186465.01,,
2026-07-19 00:00:00,1184187.58,,
2026-07-19 01:00:00,1184531.66,,
2026-07-19 02:00:00,1186221.59,,
2026-07-19 03:00:00,1199497.90,,
2026-07-19 04:00:00,1188475.77,,
2026-07-19 05:00:00,1180281.93,,
2026-07-19 06:00:00,1176332.62,,
2026-07-19 07:00:00,1177218.88,,
2026-07-19 08:00:00,1198965.19,,
2026-07-19 09:00:00,1192070.99,,
2026-07-19 10:00:00,1192926.42,,
2026-07-19 11:00:00,1206203.41,,
2026-07-19 12:00:00,1199350.35,,
2026-07-19 13:00:00,1207921.16,,
2026-07-19 14:00:00,1202858.18,,
2026-07-19 15:00:00,1208221.02,,
2026-07-19 16:00:00,1205461.42,,
2026-07-19 17:00:00,1351118.86,,
2026-07-19 18:00:00,1306425.85,,
2026-07-19 19:00:00,1325676.45,,
2026-07-19 20:00:00,1325363.23,,
2026-07-19 21:00:00,1337608.24,,
2026-07-19 22:00:00,1329373.46,,
2026-07-19 23:00:00,1312247.44,,
2026-07-20 00:00:00,1307374.95,,
2026-07-20 01:00:00,1299068.61,,
2026-07-20 02:00:00,1359340.43,,
2026-07-20 03:00:00,1328730.60,,
2026-07-20 04:00:00,1403479.63,,
2026-07-20 05:00:00,1481351.93,,
2026-07-20 06:00:00,1362021.87,,
2026-07-20 07:00:00,1312911.58,,
2026-07-20 08:00:00,1353918.36,,
2026-07-20 09:00:00,1347767.31,,
2026-07-20 10:00:00,1321822.13,,
2026-07-20 11:00:00,1327638.11,,
2026-07-20 12:00:00,1323364.12,,
2026-07-20 13:00:00,1311462.36,,
2026-07-20 14:00:00,1295752.61,,
2026-07-20 15:00:00,1305392.63,,
2026-07-20 16:00:00,1304150.14,,
2026-07-20 17:00:00,1293755.23,,
2026-07-20 18:00:00,1288402.11,,
2026-07-20 19:00:00,1290686.34,,
2026-07-20 20:00:00,1288348.26,,
2026-07-20 21:00:00,1309572.17,,
2026-07-20 22:00:00,1304850.03,,
2026-07-20 23:00:00,1290828.94,,
2026-07-21 00:00:00,1292501.68,,
2026-07-21 01:00:00,1277985.48,,
2026-07-21 02:00:00,1260461.57,,
2026-07-21 03:00:00,1255291.12,,
2026-07-21 04:00:00,1259993.00,,
2026-07-21 05:00:00,1276873.80,,
2026-07-21 06:00:00,1280498.07,,
2026-07-21 07:00:00,1272700.80,,
2026-07-21 08:00:00,1267150.26,,
2026-07-21 09:00:00,1263511.18,,
2026-07-21 10:00:00,1242434.95,,
2026-07-21 11:00:00,1244897.53,,
2026-07-21 12:00:00,1247810.56,,
2026-07-21 13:00:00,1257476.40,,
2026-07-21 14:00:00,1249182.10,,
2026-07-21 15:00:00,1254021.88,,
2026-07-21 16:00:00,1281100.65,,
2026-07-21 17:00:00,1284576.23,,
2026-07-21 18:00:00,1312231.49,,
2026-07-21 19:00:00,1313319.78,,
2026-07-21 20:00:00,1310897.75,,
2026-07-21 21:00:00,1314240.51,,
2026-07-21 22:00:00,1330835.62,,
2026-07-21 23:00:00,1331915.16,,
2026-07-22 00:00:00,1394011.60,,
2026-07-22 01:00:00,1395412.20,,
2026-07-22 02:00:00,1308420.44,,
2026-07-22 03:00:00,1311954.36,,
2026-07-22 04:00:00,1314330.00,,
2026-07-22 05:00:00,1343209.70,,
2026-07-22 06:00:00,1312269.73,,
2026-07-22 07:00:00,1307340.24,,
2026-07-22 08:00:00,1289406.59,,
2026-07-22 09:00:00,1273250.86,,
2026-07-22 10:00:00,1269889.76,,
2026-07-22 11:00:00,1274262.93,,
2026-07-22 12:00:00,1268721.78,,
2026-07-22 13:00:00,1272792.47,,
2026-07-22 14:00:00,1276347.80,,
2026-07-22 15:00:00,1277582.16,,
2026-07-22 16:00:00,1291352.09,,
2026-07-22 17:00:00,1302613.42,,
2026-07-22 18:00:00,1295571.24,,
2026-07-22 19:00:00,1296608.42,,
2026-07-22 20:00:00,1282670.56,,
2026-07-22 21:00:00,1301312.32,,
2026-07-22 22:00:00,1296310.09,,
2026-07-22 23:00:00,1288397.84,,
2026-07-23 00:00:00,1282936.00,,
2026-07-23 01:00:00,1296152.94,,
2026-07-23 02:00:00,1280688.06,,
2026-07-23 03:00:00,1272323.21,,
2026-07-23 04:00:00,1314880.05,,
2026-07-23 05:00:00,1324364.61,,
2026-07-23 06:00:00,1323807.42,,
2026-07-23 07:00:00,1336177.08,,
2026-07-23 08:00:00,1347368.68,,
2026-07-23 09:00:00,1350443.95,,
2026-07-23 10:00:00,1341422.05,,
2026-07-23 11:00:00,1349875.47,,
2026-07-23 12:00:00,1366879.05,,
2026-07-23 13:00:00,1373659.62,,
2026-07-23 14:00:00,1356631.42,,
2026-07-23 15:00:00,1373809.66,,
2026-07-23 16:00:00,1294711.23,,
2026-07-23 17:00:00,1283604.53,,
2026-07-23 18:00:00,1275239.15,,
2026-07-23 19:00:00,1293610.79,,
2026-07-23 20:00:00,1298552.85,,
2026-07-23 21:00:00,1302590.20,,
2026-07-23 22:00:00,1292467.81,,
2026-07-23 23:00:00,1287058.67,,
2026-07-24 00:00:00,1286884.49,,
2026-07-24 01:00:00,1278478.84,,
2026-07-24 02:00:00,1287332.46,,
2026-07-24 03:00:00,1281171.35,,
2026-07-24 04:00:00,1283542.07,,
2026-07-24 05:00:00,1303989.77,,
2026-07-24 06:00:00,1295979.75,,
2026-07-24 07:00:00,1291804.13,,
2026-07-24 08:00:00,1303171.40,,
2026-07-24 09:00:00,1301610.03,,
2026-07-24 10:00:00,1295183.59,,
2026-07-24 11:00:00,1282373.92,,
2026-07-24 12:00:00,1276526.68,,
2026-07-24 13:00:00,1282242.99,,
2026-07-24 14:00:00,1272924.26,,
2026-07-24 15:00:00,1280552.85,,
2026-07-24 16:00:00,1298583.52,,
2026-07-24 17:00:00,1287916.99,,
2026-07-24 18:00:00,1293578.30,,
2026-07-24 19:00:00,1287610.50,,
2026-07-24 20:00:00,1284058.97,,
2026-07-24 21:00:00,1291638.45,,
2026-07-24 22:00:00,1279159.07,,
2026-07-24 23:00:00,1291135.99,,
2026-07-25 00:00:00,1293047.70,,
2026-07-25 01:00:00,1314278.39,,
2026-07-25 02:00:00,1309300.96,,
2026-07-25 03:00:00,1301784.47,,
2026-07-25 04:00:00,1308683.16,,
2026-07-25 05:00:00,1314100.90,,
2026-07-25 06:00:00,1311546.22,,
2026-07-25 07:00:00,1317031.12,,
2026-07-25 08:00:00,1302338.85,,
2026-07-25 09:00:00,1323791.60,,
2026-07-25 10:00:00,1320376.50,,
2026-07-25 11:00:00,1334437.73,,
2026-07-25 12:00:00,1334486.34,,
2026-07-25 13:00:00,1333447.93,,
2026-07-25 14:00:00,1338461.20,,
2026-07-25 15:00:00,1352288.33,,
2026-07-25 16:00:00,1358507.70,,
2026-07-25 17:00:00,1353856.97,,
2026-07-25 18:00:00,1352644.28,,
2026-07-25 19:00:00,1357257.53,,
2026-07-25 20:00:00,1352888.72,,
2026-07-25 21:00:00,1359755.92,,
2026-07-25 22:00:00,1350826.90,,
2026-07-25 23:00:00,1358541.23,,
2026-07-26 00:00:00,1353048.76,,
2026-07-26 01:00:00,1353441.78,,
2026-07-26 02:00:00,1359291.03,,
2026-07-26 03:00:00,1357247.74,,
2026-07-26 04:00:00,1351197.37,,
2026-07-26 05:00:00,1354377.02,,
2026-07-26 06:00:00,1348508.87,,
2026-07-26 07:00:00,1340607.92,,
2026-07-26 08:00:00,1345980.14,,
2026-07-26 09:00:00,1336526.56,,
2026-07-26 10:00:00,1321865.32,,
2026-07-26 11:00:00,1318648.24,,
2026-07-26 12:00:00,1315147.10,,
2026-07-26 13:00:00,1318379.92,,
2026-07-26 14:00:00,1310321.95,,
2026-07-26 15:00:00,1314888.14,,
2026-07-26 16:00:00,1313231.30,,
2026-07-26 17:00:00,1283913.84,,
2026-07-26 18:00:00,1283897.16,,
2026-07-26 19:00:00,1283849.28,,
2026-07-26 20:00:00,1281501.44,,
2026-07-26 21:00:00,1286291.79,,
2026-07-26 22:00:00,1288934.45,,
2026-07-26 23:00:00,1298205.76,,
2026-07-27 00:00:00,1287635.07,,
2026-07-27 01:00:00,1289917.79,,
2026-07-27 02:00:00,1296483.02,,
2026-07-27 03:00:00,1301947.81,,
2026-07-27 04:00:00,1307185.36,,
2026-07-27 05:00:00,1302475.56,,
2026-07-27 06:00:00,1303825.84,,
2026-07-27 07:00:00,1298066.78,,
2026-07-27 08:00:00,1293368.06,,
2026-07-27 09:00:00,1283846.49,,
2026-07-27 10:00:00,1276028.07,,
2026-07-27 11:00:00,1286192.88,,
2026-07-27 12:00:00,1283748.80,,
2026-07-27 13:00:00,1280070.81,,
2026-07-27 14:00:00,1259446.79,,
2026-07-27 15:00:00,1226435.66,,
2026-07-27 16:00:00,1223167.70,,
2026-07-27 17:00:00,1220481.29,,
2026-07-27 18:00:00,1227223.15,,
2026-07-27 19:00:00,1235399.11,,
2026-07-27 20:00:00,1235246.13,,
2026-07-27 21:00:00,1229741.44,,
2026-07-27 22:00:00,1218508.96,,
2026-07-27 23:00:00,1193553.10,,
2026-07-28 00:00:00,1205250.73,,
2026-07-28 01:00:00,1194963.56,,
2026-07-28 02:00:00,1179916.66,,
2026-07-28 03:00:00,1194671.62,,
2026-07-28 04:00:00,1192210.00,,
2026-07-28 05:00:00,1187656.85,,
2026-07-28 06:00:00,1183002.91,,
2026-07-28 07:00:00,1178959.69,,
2026-07-28 08:00:00,1172849.61,,
2026-07-28 09:00:00,1166281.71,,
2026-07-28 10:00:00,1167258.05,,
2026-07-28 11:00:00,1176132.81,,
2026-07-28 12:00:00,1174238.61,,
2026-07-28 13:00:00,1186025.29,,
2026-07-28 14:00:00,1167648.35,,
2026-07-28 15:00:00,1168992.89,,
2026-07-28 16:00:00,1185674.22,,
2026-07-28 17:00:00,1209463.55,,
2026-07-28 18:00:00,1190358.44,,
2026-07-28 19:00:00,1173324.70,,
2026-07-28 20:00:00,1179250.56,,
2026-07-28 21:00:00,1179612.66,,
2026-07-28 22:00:00,1161038.23,,
2026-07-28 23:00:00,1145890.70,,
2026-07-29 00:00:00,1142330.92,,
2026-07-29 01:00:00,1151691.30,,
2026-07-29 02:00:00,1138181.84,,
2026-07-29 03:00:00,1138874.30,,
2026-07-29 04:00:00,1125458.41,,
2026-07-29 05:00:00,1122979.88,,
2026-07-29 06:00:00,1118265.68,,
2026-07-29 07:00:00,1117076.52,,
2026-07-29 08:00:00,1122824.56,,
2026-07-29 09:00:00,1107068.97,,
2026-07-29 10:00:00,1107346.96,,
2026-07-29 11:00:00,1100267.81,,
2026-07-29 12:00:00,1102538.36,,
2026-07-29 13:00:00,1089433.12,,
2026-07-29 14:00:00,1089418.99,,
2026-07-29 15:00:00,1094099.60,,
2026-07-29 16:00:00,1109492.36,,
2026-07-29 17:00:00,1095090.00,,
2026-07-29 18:00:00,1097766.54,,
2026-07-29 19:00:00,1107672.25,,
2026-07-29 20:00:00,1085686.79,,
2026-07-29 21:00:00,1070589.75,,
2026-07-29 22:00:00,1070495.87,,
2026-07-29 23:00:00,1084698.49,,
2026-07-30 00:00:00,1086447.63,,
2026-07-30 01:00:00,1088552.62,,
2026-07-30 02:00:00,1098805.43,,
2026-07-30 03:00:00,1092560.25,,
2026-07-30 04:00:00,1096738.48,,
2026-07-30 05:00:00,1091673.48,,
2026-07-30 06:00:00,1090595.41,,
2026-07-30 07:00:00,1089324.25,,
2026-07-30 08:00:00,1096713.54,,
2026-07-30 09:00:00,1097078.85,,
2026-07-30 10:00:00,1127564.31,,
2026-07-30 11:00:00,1130438.13,,
2026-07-30 12:00:00,1127266.73,,
2026-07-30 13:00:00,1132156.02,,
2026-07-30 14:00:00,1140272.74,,
2026-07-30 15:00:00,1123491.65,,
2026-07-30 16:00:00,1117413.08,,
2026-07-30 17:00:00,1109876.46,,
2026-07-30 18:00:00,1123742.71,,
2026-07-30 19:00:00,1125604.63,,
2026-07-30 20:00:00,1108711.36,,
2026-07-30 21:00:00,1121441.55,,
2026-07-30 22:00:00,1111503.13,,
2026-07-30 23:00:00,1121884.86,,
2026-07-31 00:00:00,1147197.22,,
2026-07-31 01:00:00,1141332.58,,
2026-07-31 02:00:00,1102721.05,,
2026-07-31 03:00:00,1074416.68,,
2026-07-31 04:00:00,1093795.32,,
2026-07-31 05:00:00,1135382.97,,
2026-07-31 06:00:00,1160484.93,,
2026-07-31 07:00:00,1266091.65,,
2026-07-31 08:00:00,1238432.77,,
2026-07-31 09:00:00,1260496.26,,
2026-07-31 10:00:00,1337262.13,,
2026-07-31 11:00:00,1313666.12,,
2026-07-31 12:00:00,1328175.26,,
2026-07-31 13:00:00,1344363.26,,
2026-07-31 14:00:00,1359089.83,,
2026-07-31 15:00:00,1314943.67,,
2026-07-31 16:00:00,1291794.17,,
2026-07-31 17:00:00,1322074.26,,
2026-07-31 18:00:00,1296122.62,,
2026-07-31 19:00:00,1315686.26,,
2026-07-31 20:00:00,1396987.46,,
2026-07-31 21:00:00,1423438.66,,
2026-07-31 22:00:00,1472104.79,,
2026-07-31 23:00:00,1462405.63,,
2026-08-01 00:00:00,1435359.39,,
2026-08-01 01:00:00,1414997.07,,
2026-08-01 02:00:00,1438253.86,,
2026-08-01 03:00:00,1557681.70,,
2026-08-01 04:00:00,1664907.57,,
2026-08-01 05:00:00,1797565.58,,
2026-08-01 06:00:00,1817126.02,,
2026-08-01 07:00:00,1790660.43,,
2026-08-01 08:00:00,1935307.77,,
2026-08-01 09:00:00,2010574.24,,
2026-08-01 10:00:00,1923783.73,,
2026-08-01 11:00:00,1825652.85,,
2026-08-01 12:00:00,1831950.54,,
2026-08-01 13:00:00,1867886.23,,
2026-08-01 14:00:00,1779597.48,,
2026-08-01 15:00:00,1709495.66,,
2026-08-01 16:00:00,1643699.81,,
2026-08-01 17:00:00,1640750.56,,
2026-08-01 18:00:00,1636049.20,,
2026-08-01 19:00:00,1572819.55,,
2026-08-01 20:00:00,1775255.16,,
2026-08-01 21:00:00,1755063.69,,
2026-08-01 22:00:00,1723949.88,,
2026-08-01 23:00:00,1670025.70,,
2026-08-02 00:00:00,1661703.69,,
2026-08-02 01:00:00,1668255.76,,
2026-08-02 02:00:00,1670481.37,,
2026-08-02 03:00:00,1684963.42,,
2026-08-02 04:00:00,1727608.07,,
2026-08-02 05:00:00,1738440.35,,
2026-08-02 06:00:00,1714394.49,,
2026-08-02 07:00:00,1705671.26,,
2026-08-02 08:00:00,1693867.90,,
2026-08-02 09:00:00,1724240.84,,
2026-08-02 10:00:00,1748510.38,,
2026-08-02 11:00:00,1745415.45,,
2026-08-02 12:00:00,1812702.90,,
2026-08-02 13:00:00,1821537.66,,
2026-08-02 14:00:00,1879911.06,,
2026-08-02 15:00:00,1900576.70,,
2026-08-02 16:00:00,2032119.11,,
2026-08-02 17:00:00,2077503.89,,
2026-08-02 18:00:00,2125324.54,,
2026-08-02 19:00:00,2220537.65,,
2026-08-02 20:00:00,1808341.05,,
2026-08-02 21:00:00,1736116.56,,
2026-08-02 22:00:00,1671951.88,,
2026-08-02 23:00:00,1636240.22,,
2026-08-03 00:00:00,1630783.17,,
2026-08-03 01:00:00,1656352.74,,
2026-08-03 02:00:00,1630225.28,,
2026-08-03 03:00:00,1654564.52,,
2026-08-03 04:00:00,1680732.91,,
2026-08-03 05:00:00,1669129.26,,
2026-08-03 06:00:00,2433006.88,,
2026-08-03 07:00:00,4446368.31,,
2026-08-03 08:00:00,4248363.59,,
2026-08-03 09:00:00,3307312.89,,
2026-08-03 10:00:00,3312863.96,,
2026-08-03 11:00:00,3169796.22,,
2026-08-03 12:00:00,2945743.31,,
2026-08-03 13:00:00,2851068.74,,
2026-08-03 14:00:00,2805978.82,,
2026-08-03 15:00:00,2648442.17,,
2026-08-03 16:00:00,2581851.48,,
2026-08-03 17:00:00,2487086.19,,
2026-08-03 18:00:00,2489095.51,,
2026-08-03 19:00:00,2481309.03,,
2026-08-03 20:00:00,2506713.41,,
2026-08-03 21:00:00,2631711.84,,
2026-08-03 22:00:00,2606180.48,,
2026-08-03 23:00:00,2559007.04,,
2026-08-04 00:00:00,2539578.08,,
2026-08-04 01:00:00,2565202.50,,
2026-08-04 02:00:00,2551387.96,,
2026-08-04 03:00:00,2567189.50,,
2026-08-04 04:00:00,2527962.14,,
2026-08-04 05:00:00,2518497.79,,
2026-08-04 06:00:00,2567087.68,,
2026-08-04 07:00:00,2698395.66,,
2026-08-04 08:00:00,2830435.15,,
2026-08-04 09:00:00,2770374.88,,
2026-08-04 10:00:00,2703136.43,,
2026-08-04 11:00:00,2624497.88,,
2026-08-04 12:00:00,2615736.28,,
2026-08-04 13:00:00,2651445.02,,
2026-08-04 14:00:00,2634706.72,,
2026-08-04 15:00:00,2556617.32,,
2026-08-04 16:00:00,2601644.15,,
2026-08-04 17:00:00,2617374.58,,
2026-08-04 18:00:00,2606786.37,,
2026-08-04 19:00:00,2597157.22,,
2026-08-04 20:00:00,2614540.04,,
2026-08-04 21:00:00,2609833.65,,
2026-08-04 22:00:00,2562930.61,,
2026-08-04 23:00:00,2436313.98,,
2026-08-05 00:00:00,2451686.12,,
2026-08-05 01:00:00,2714305.89,,
2026-08-05 02:00:00,2675029.35,,
2026-08-05 03:00:00,2472466.89,,
2026-08-05 04:00:00,2430500.47,,
2026-08-05 05:00:00,2434211.96,,
2026-08-05 06:00:00,2431209.63,,
2026-08-05 07:00:00,2370730.35,,
2026-08-05 08:00:00,2399991.56,,
2026-08-05 09:00:00,2376141.40,,
2026-08-05 10:00:00,2324748.85,,
2026-08-05 11:00:00,2328738.30,,
2026-08-05 12:00:00,2344800.48,,
2026-08-05 13:00:00,2334038.62,,
2026-08-05 14:00:00,2323069.90,,
2026-08-05 15:00:00,2333960.09,,
2026-08-05 16:00:00,2300105.70,,
2026-08-05 17:00:00,2325341.30,,
2026-08-05 18:00:00,2313171.31,,
2026-08-05 19:00:00,2258731.78,,
2026-08-05 20:00:00,2287902.94,,
2026-08-05 21:00:00,2299877.54,,
2026-08-05 22:00:00,2260306.42,,
2026-08-05 23:00:00,2230097.43,,
2026-08-06 00:00:00,2227089.00,,
2026-08-06 01:00:00,2249266.69,,
2026-08-06 02:00:00,2192509.02,,
2026-08-06 03:00:00,2222705.09,,
2026-08-06 04:00:00,2212913.77,,
2026-08-06 05:00:00,2147317.26,,
2026-08-06 06:00:00,2081788.79,,
2026-08-06 07:00:00,2118263.74,,
2026-08-06 08:00:00,2091164.21,,
2026-08-06 09:00:00,2080436.47,,
2026-08-06 10:00:00,2083759.59,,
2026-08-06 11:00:00,2056533.37,,
2026-08-06 12:00:00,2055101.71,,
2026-08-06 13:00:00,2059652.06,,
2026-08-06 14:00:00,2058280.82,,
2026-08-06 15:00:00,2100222.13,,
2026-08-06 16:00:00,2065530.23,,
2026-08-06 17:00:00,2072738.55,,
2026-08-06 18:00:00,2021051.16,,
2026-08-06 19:00:00,2024685.75,,
2026-08-06 20:00:00,2048063.23,,
2026-08-06 21:00:00,2057912.67,,
2026-08-06 22:00:00,2060143.05,,
2026-08-06 23:00:00,2085085.95,,
2026-08-07 00:00:00,2093799.83,,
2026-08-07 01:00:00,2115411.73,,
2026-08-07 02:00:00,2142297.34,,
2026-08-07 03:00:00,2133415.01,,
2026-08-07 04:00:00,2096222.13,,
2026-08-07 05:00:00,2124012.96,,
2026-08-07 06:00:00,2168644.54,,
2026-08-07 07:00:00,2184675.76,,
2026-08-07 08:00:00,2243410.82,,
2026-08-07 09:00:00,2239941.60,,
2026-08-07 10:00:00,2182806.03,,
2026-08-07 11:00:00,2234445.29,,
2026-08-07 12:00:00,2267810.60,,
2026-08-07 13:00:00,2271383.84,,
2026-08-07 14:00:00,2368712.88,,
2026-08-07 15:00:00,2317492.95,,
2026-08-07 16:00:00,2302987.88,,
2026-08-07 17:00:00,2377104.79,,
2026-08-07 18:00:00,2421144.43,,
2026-08-07 19:00:00,2370177.98,,
2026-08-07 20:00:00,2348922.34,,
2026-08-07 21:00:00,2450814.42,,
2026-08-07 22:00:00,2426109.67,,
2026-08-07 23:00:00,2452065.01,,
2026-08-08 00:00:00,2390850.93,,
2026-08-08 01:00:00,2521188.28,,
2026-08-08 02:00:00,2563156.99,,
2026-08-08 03:00:00,2561743.45,,
2026-08-08 04:00:00,2543020.25,,
2026-08-08 05:00:00,2422241.82,,
2026-08-08 06:00:00,2479831.42,,
2026-08-08 07:00:00,2130609.62,,
2026-08-08 08:00:00,2130287.78,,
2026-08-08 09:00:00,2155316.12,,
2026-08-08 10:00:00,2174770.87,,
2026-08-08 11:00:00,2253769.22,,
2026-08-08 12:00:00,2185900.72,,
2026-08-08 13:00:00,2181225.85,,
2026-08-08 14:00:00,2164643.78,,
2026-08-08 15:00:00,2153769.30,,
2026-08-08 16:00:00,2209093.80,,
2026-08-08 17:00:00,2200682.09,,
2026-08-08 18:00:00,2198710.43,,
2026-08-08 19:00:00,2197171.98,,
2026-08-08 20:00:00,2172590.39,,
2026-08-08 21:00:00,2179273.52,,
2026-08-08 22:00:00,2210769.26,,
2026-08-08 23:00:00,2222880.66,,
2026-08-09 00:00:00,2263913.34,,
2026-08-09 01:00:00,2249260.39,,
2026-08-09 02:00:00,2165260.68,,
2026-08-09 03:00:00,2171741.84,,
2026-08-09 04:00:00,2159612.78,,
2026-08-09 05:00:00,2163150.28,,
2026-08-09 06:00:00,2161106.90,,
2026-08-09 07:00:00,2082081.66,,
2026-08-09 08:00:00,2111698.83,,
2026-08-09 09:00:00,2219040.62,,
2026-08-09 10:00:00,2234168.55,,
2026-08-09 11:00:00,2201323.01,,
2026-08-09 12:00:00,2218582.30,,
2026-08-09 13:00:00,2222143.36,,
2026-08-09 14:00:00,2190574.45,,
2026-08-09 15:00:00,2190120.55,,
2026-08-09 16:00:00,2192856.58,,
2026-08-09 17:00:00,2227833.40,,
2026-08-09 18:00:00,2209520.45,,
2026-08-09 19:00:00,2186942.33,,
2026-08-09 20:00:00,2205412.20,,
2026-08-09 21:00:00,2220665.37,,
2026-08-09 22:00:00,2220102.62,,
2026-08-09 23:00:00,2261778.56,,
2026-08-10 00:00:00,2231397.66,,
2026-08-10 01:00:00,2235585.71,,
2026-08-10 02:00:00,2263177.65,,
2026-08-10 03:00:00,2330495.73,,
2026-08-10 04:00:00,2305774.04,,
2026-08-10 05:00:00,2187628.72,,
2026-08-10 06:00:00,2171226.39,,
2026-08-10 07:00:00,2198368.41,,
2026-08-10 08:00:00,2166565.85,,
2026-08-10 09:00:00,2214558.07,,
2026-08-10 10:00:00,2191382.83,,
2026-08-10 11:00:00,2204188.43,,
2026-08-10 12:00:00,2205104.98,,
2026-08-10 13:00:00,2191185.62,,
2026-08-10 14:00:00,2174083.56,,
2026-08-10 15:00:00,2139006.53,,
2026-08-10 16:00:00,2125703.70,,
2026-08-10 17:00:00,2129011.99,,
2026-08-10 18:00:00,2133195.71,,
2026-08-10 19:00:00,2115994.70,,
2026-08-10 20:00:00,2129292.62,,
2026-08-10 21:00:00,2163553.12,,
2026-08-10 22:00:00,2149547.84,,
2026-08-10 23:00:00,2149718.85,,
2026-08-11 00:00:00,2162438.14,,
2026-08-11 01:00:00,2173613.40,,
2026-08-11 02:00:00,2148751.25,,
2026-08-11 03:00:00,2188700.50,,
2026-08-11 04:00:00,2194327.90,,
2026-08-11 05:00:00,2194352.46,,
2026-08-11 06:00:00,2190751.29,,
2026-08-11 07:00:00,2178197.45,,
2026-08-11 08:00:00,2197476.88,,
2026-08-11 09:00:00,2201863.58,,
2026-08-11 10:00:00,2196256.45,,
2026-08-11 11:00:00,2229395.04,,
2026-08-11 12:00:00,2158251.59,,
2026-08-11 13:00:00,2161516.38,,
2026-08-11 14:00:00,2159428.94,,
2026-08-11 15:00:00,2180061.49,,
2026-08-11 16:00:00,2134200.26,,
2026-08-11 17:00:00,2152510.02,,
2026-08-11 18:00:00,2164802.77,,
2026-08-11 19:00:00,2230313.75,,
2026-08-11 20:00:00,2217807.66,,
2026-08-11 21:00:00,2200556.73,,
2026-08-11 22:00:00,2207767.25,,
2026-08-11 23:00:00,2201121.80,,
2026-08-12 00:00:00,2172646.88,,
2026-08-12 01:00:00,2192173.47,,
2026-08-12 02:00:00,2185514.98,,
2026-08-12 03:00:00,2201383.68,,
2026-08-12 04:00:00,2178583.39,,
2026-08-12 05:00:00,2181663.86,,
2026-08-12 06:00:00,2172388.24,,
2026-08-12 07:00:00,2176247.18,,
2026-08-12 08:00:00,2179778.25,,
2026-08-12 09:00:00,2186975.01,,
2026-08-12 10:00:00,2197675.46,,
2026-08-12 11:00:00,2213407.38,,
2026-08-12 12:00:00,2200124.61,,
2026-08-12 13:00:00,2180142.65,,
2026-08-12 14:00:00,2173923.75,,
2026-08-12 15:00:00,2159546.66,,
2026-08-12 16:00:00,2132336.00,,
2026-08-12 17:00:00,2139211.49,,
2026-08-12 18:00:00,2243318.88,,
2026-08-12 19:00:00,2245115.62,,
2026-08-12 20:00:00,2246181.74,,
2026-08-12 21:00:00,2242492.78,,
2026-08-12 22:00:00,2212348.24,,
2026-08-12 23:00:00,2239567.56,,
2026-08-13 00:00:00,2243131.72,,
2026-08-13 01:00:00,2229033.39,,
2026-08-13 02:00:00,2218402.62,,
2026-08-13 03:00:00,2254138.78,,
2026-08-13 04:00:00,2226279.56,,
2026-08-13 05:00:00,2246952.67,,
2026-08-13 06:00:00,2246799.11,,
2026-08-13 07:00:00,2248846.01,,
2026-08-13 08:00:00,2262459.71,,
2026-08-13 09:00:00,2248617.59,,
2026-08-13 10:00:00,2249680.48,,
2026-08-13 11:00:00,2253940.91,,
2026-08-13 12:00:00,2263721.23,,
2026-08-13 13:00:00,2260268.14,,
2026-08-13 14:00:00,2271765.41,,
2026-08-13 15:00:00,2254670.51,,
2026-08-13 16:00:00,2221364.57,,
2026-08-13 17:00:00,2236979.70,,
2026-08-13 18:00:00,2233278.11,,
2026-08-13 19:00:00,2234255.03,,
2026-08-13 20:00:00,2210022.17,,
2026-08-13 21:00:00,2236443.99,,
2026-08-13 22:00:00,2236071.92,,
2026-08-13 23:00:00,2231880.63,,
2026-08-14 00:00:00,2224958.19,,
2026-08-14 01:00:00,2251967.45,,
2026-08-14 02:00:00,2240281.05,,
2026-08-14 03:00:00,2232806.53,,
2026-08-14 04:00:00,2232690.36,,
2026-08-14 05:00:00,2213118.65,,
2026-08-14 06:00:00,2230705.94,,
2026-08-14 07:00:00,2219904.28,,
2026-08-14 08:00:00,2233157.46,,
2026-08-14 09:00:00,2260548.09,,
2026-08-14 10:00:00,2265408.54,,
2026-08-14 11:00:00,2290147.84,,
2026-08-14 12:00:00,2271514.90,,
2026-08-14 13:00:00,2307684.97,,
2026-08-14 14:00:00,2331876.65,,
2026-08-14 15:00:00,2337856.57,,
2026-08-14 16:00:00,2310742.09,,
2026-08-14 17:00:00,2352264.19,,
2026-08-14 18:00:00,2299243.93,,
2026-08-14 19:00:00,2357666.55,,
2026-08-14 20:00:00,2307672.57,,
2026-08-14 21:00:00,2313784.09,,
2026-08-14 22:00:00,2306128.25,,
2026-08-14 23:00:00,2296905.50,,
2026-08-15 00:00:00,2265344.42,,
2026-08-15 01:00:00,2293558.95,,
2026-08-15 02:00:00,2287192.64,,
2026-08-15 03:00:00,2287288.46,,
2026-08-15 04:00:00,2265755.59,,
2026-08-15 05:00:00,2265457.57,,
2026-08-15 06:00:00,2282453.49,,
2026-08-15 07:00:00,2280936.57,,
2026-08-15 08:00:00,2273930.20,,
2026-08-15 09:00:00,2254202.43,,
2026-08-15 10:00:00,2248952.36,,
2026-08-15 11:00:00,2260044.04,,
2026-08-15 12:00:00,2304925.20,,
2026-08-15 13:00:00,2289577.23,,
2026-08-15 14:00:00,2255257.47,,
2026-08-15 15:00:00,2230265.42,,
2026-08-15 16:00:00,2224770.69,,
2026-08-15 17:00:00,2204534.20,,
2026-08-15 18:00:00,2194421.19,,
2026-08-15 19:00:00,2197746.73,,
2026-08-15 20:00:00,2210492.85,,
2026-08-15 21:00:00,2199405.47,,
2026-08-15 22:00:00,2211586.81,,
2026-08-15 23:00:00,2205977.91,,
2026-08-16 00:00:00,2204270.18,,
2026-08-16 01:00:00,2231743.02,,
2026-08-16 02:00:00,2251568.29,,
2026-08-16 03:00:00,2229746.56,,
2026-08-16 04:00:00,2246183.32,,
2026-08-16 05:00:00,2235874.56,,
2026-08-16 06:00:00,2229305.27,,
2026-08-16 07:00:00,2225843.95,,
2026-08-16 08:00:00,2232455.13,,
2026-08-16 09:00:00,2237350.53,,
2026-08-16 10:00:00,2218233.64,,
2026-08-16 11:00:00,2237386.81,,
2026-08-16 12:00:00,2227574.18,,
2026-08-16 13:00:00,2239999.74,,
2026-08-16 14:00:00,2242642.93,,
2026-08-16 15:00:00,2229926.92,,
2026-08-16 16:00:00,2237306.02,,
2026-08-16 17:00:00,2241890.46,,
2026-08-16 18:00:00,2229438.31,,
2026-08-16 19:00:00,2235033.83,,
2026-08-16 20:00:00,2238559.73,,
2026-08-16 21:00:00,2228537.57,,
2026-08-16 22:00:00,2207864.71,,
2026-08-16 23:00:00,2215511.56,,
2026-08-17 00:00:00,2207285.68,,
2026-08-17 01:00:00,2234852.47,,
2026-08-17 02:00:00,2249430.52,,
2026-08-17 03:00:00,2285314.13,,
2026-08-17 04:00:00,2286911.46,,
2026-08-17 05:00:00,2290821.68,,
2026-08-17 06:00:00,2297978.69,,
2026-08-17 07:00:00,2304105.17,,
2026-08-17 08:00:00,2303564.90,,
2026-08-17 09:00:00,2256640.80,,
2026-08-17 10:00:00,2252809.15,,
2026-08-17 11:00:00,2246392.63,,
2026-08-17 12:00:00,2244896.98,,
2026-08-17 13:00:00,2234723.24,,
2026-08-17 14:00:00,2223451.80,,
2026-08-17 15:00:00,2203666.83,,
2026-08-17 16:00:00,2178689.64,,
2026-08-17 17:00:00,2199057.66,,
2026-08-17 18:00:00,2203361.48,,
2026-08-17 19:00:00,2183183.67,,
2026-08-17 20:00:00,2203959.21,,
2026-08-17 21:00:00,2203378.72,,
2026-08-17 22:00:00,2192541.71,,
2026-08-17 23:00:00,2197913.50,,
2026-08-18 00:00:00,2182368.86,,
2026-08-18 01:00:00,2193615.44,,
2026-08-18 02:00:00,2179177.10,,
2026-08-18 03:00:00,2181289.10,,
2026-08-18 04:00:00,2192302.20,,
2026-08-18 05:00:00,2191622.03,,
2026-08-18 06:00:00,2178135.21,,
2026-08-18 07:00:00,2179565.10,,
2026-08-18 08:00:00,2157818.26,,
2026-08-18 09:00:00,2158934.09,,
2026-08-18 10:00:00,2155440.04,,
2026-08-18 11:00:00,2165565.14,,
2026-08-18 12:00:00,2170274.57,,
2026-08-18 13:00:00,2167383.40,,
2026-08-18 14:00:00,2165301.10,,
2026-08-18 15:00:00,2166088.55,,
2026-08-18 16:00:00,2177806.57,,
2026-08-18 17:00:00,2169253.97,,
2026-08-18 18:00:00,2163535.81,,
2026-08-18 19:00:00,2145853.55,,
2026-08-18 20:00:00,2135423.57,,
2026-08-18 21:00:00,2117598.56,,
2026-08-18 22:00:00,2114241.45,,
2026-08-18 23:00:00,2094509.20,,
2026-08-19 00:00:00,2111489.98,,
2026-08-19 01:00:00,2116571.17,,
2026-08-19 02:00:00,2124969.43,,
2026-08-19 03:00:00,2119587.41,,
2026-08-19 04:00:00,2115674.86,,
2026-08-19 05:00:00,2108161.11,,
2026-08-19 06:00:00,2102149.86,,
2026-08-19 07:00:00,2117532.38,,
2026-08-19 08:00:00,2112507.21,,
2026-08-19 09:00:00,2108387.71,,
2026-08-19 10:00:00,2116975.62,,
2026-08-19 11:00:00,2098166.57,,
2026-08-19 12:00:00,2097628.38,,
2026-08-19 13:00:00,2095479.15,,
2026-08-19 14:00:00,2093714.61,,
2026-08-19 15:00:00,2118382.29,,
2026-08-19 16:00:00,2133630.85,,
2026-08-19 17:00:00,2135917.36,,
2026-08-19 18:00:00,2134833.54,,
2026-08-19 19:00:00,2128137.29,,
2026-08-19 20:00:00,2173484.95,,
2026-08-19 21:00:00,2190891.96,,
2026-08-19 22:00:00,2210466.33,,
2026-08-19 23:00:00,2195341.81,,
2026-08-20 00:00:00,2188706.87,,
2026-08-20 01:00:00,2194713.45,,
2026-08-20 02:00:00,2195646.92,,
2026-08-20 03:00:00,2218760.07,,
2026-08-20 04:00:00,2210615.18,,
2026-08-20 05:00:00,2209157.20,,
2026-08-20 06:00:00,2203038.19,,
2026-08-20 07:00:00,2206851.44,,
2026-08-20 08:00:00,2207496.98,,
2026-08-20 09:00:00,2213455.69,,
2026-08-20 10:00:00,2211100.62,,
2026-08-20 11:00:00,2191511.27,,
2026-08-20 12:00:00,2200856.66,,
2026-08-20 13:00:00,2182446.30,,
2026-08-20 14:00:00,2170423.59,,
2026-08-20 15:00:00,2158613.14,,
2026-08-20 16:00:00,2156104.18,,
2026-08-20 17:00:00,2173308.21,,
2026-08-20 18:00:00,2134784.25,,
2026-08-20 19:00:00,2139410.63,,
2026-08-20 20:00:00,2119605.88,,
2026-08-20 21:00:00,2043377.69,,
2026-08-20 22:00:00,2049149.09,,
2026-08-20 23:00:00,2026499.33,,
2026-08-21 00:00:00,2016277.17,,
2026-08-21 01:00:00,2032018.14,,
2026-08-21 02:00:00,2032077.71,,
2026-08-21 03:00:00,2037183.27,,
2026-08-21 04:00:00,2022662.45,,
2026-08-21 05:00:00,2054067.06,,
2026-08-21 06:00:00,2070464.62,,
2026-08-21 07:00:00,2079063.61,,
2026-08-21 08:00:00,2091448.35,,
2026-08-21 09:00:00,2188154.75,,
2026-08-21 10:00:00,2224955.54,,
2026-08-21 11:00:00,2208039.39,,
2026-08-21 12:00:00,2206486.39,,
2026-08-21 13:00:00,2174311.98,,
2026-08-21 14:00:00,2164418.58,,
2026-08-21 15:00:00,2151631.29,,
2026-08-21 16:00:00,2154412.52,,
2026-08-21 17:00:00,2156394.61,,
2026-08-21 18:00:00,2122006.61,,
2026-08-21 19:00:00,2103507.83,,
2026-08-21 20:00:00,2072905.97,,
2026-08-21 21:00:00,2092630.43,,
2026-08-21 22:00:00,2090087.36,,
2026-08-21 23:00:00,2071431.16,,
2026-08-22 00:00:00,2064860.02,,
2026-08-22 01:00:00,2058434.15,,
2026-08-22 02:00:00,2074575.91,,
2026-08-22 03:00:00,2116950.02,,
2026-08-22 04:00:00,2144574.24,,
2026-08-22 05:00:00,2085244.34,,
2026-08-22 06:00:00,1998692.71,,
2026-08-22 07:00:00,2020799.85,,
2026-08-22 08:00:00,2022708.42,,
2026-08-22 09:00:00,2015103.78,,
2026-08-22 10:00:00,1994383.40,,
2026-08-22 11:00:00,1987924.95,,
2026-08-22 12:00:00,2005493.60,,
2026-08-22 13:00:00,1990526.88,,
2026-08-22 14:00:00,1993285.69,,
2026-08-22 15:00:00,1969720.58,,
2026-08-22 16:00:00,1951506.36,,
2026-08-22 17:00:00,1932359.04,,
2026-08-22 18:00:00,1943003.86,,
2026-08-22 19:00:00,1921528.82,,
2026-08-22 20:00:00,1932855.36,,
2026-08-22 21:00:00,1916086.95,,
2026-08-22 22:00:00,1886518.17,,
2026-08-22 23:00:00,1883387.80,,
2026-08-23 00:00:00,1876171.18,,
2026-08-23 01:00:00,1896092.54,,
2026-08-23 02:00:00,1899384.66,,
2026-08-23 03:00:00,1865362.58,,
2026-08-23 04:00:00,1847451.68,,
2026-08-23 05:00:00,1829795.68,,
2026-08-23 06:00:00,1817233.06,,
2026-08-23 07:00:00,1815361.04,,
2026-08-23 08:00:00,1838951.83,,
2026-08-23 09:00:00,1838252.32,,
2026-08-23 10:00:00,1838097.24,,
2026-08-23 11:00:00,1851698.74,,
2026-08-23 12:00:00,1867695.66,,
2026-08-23 13:00:00,1857915.82,,
2026-08-23 14:00:00,1870369.13,,
2026-08-23 15:00:00,1853853.20,,
2026-08-23 16:00:00,1914503.44,,
2026-08-23 17:00:00,1925755.52,,
2026-08-23 18:00:00,1952958.98,,
2026-08-23 19:00:00,1921883.94,,
2026-08-23 20:00:00,1902155.47,,
2026-08-23 21:00:00,1887739.66,,
2026-08-23 22:00:00,1892921.73,,
2026-08-23 23:00:00,1887349.89,,
2026-08-24 00:00:00,1825982.21,,
2026-08-24 01:00:00,1802121.49,,
2026-08-24 02:00:00,1788738.96,,
2026-08-24 03:00:00,1798265.55,,
2026-08-24 04:00:00,1780080.74,,
2026-08-24 05:00:00,1797274.02,,
2026-08-24 06:00:00,1821247.42,,
2026-08-24 07:00:00,1832382.78,,
2026-08-24 08:00:00,1793794.01,,
2026-08-24 09:00:00,1807155.25,,
2026-08-24 10:00:00,1824534.24,,
2026-08-24 11:00:00,1831147.51,,
2026-08-24 12:00:00,1849289.31,,
2026-08-24 13:00:00,1904910.10,,
2026-08-24 14:00:00,1875577.98,,
2026-08-24 15:00:00,1856927.82,,
2026-08-24 16:00:00,1839894.96,,
2026-08-24 17:00:00,1819136.48,,
2026-08-24 18:00:00,1810005.51,,
2026-08-24 19:00:00,1802675.36,,
2026-08-24 20:00:00,1795913.83,,
2026-08-24 21:00:00,1791743.50,,
2026-08-24 22:00:00,1807145.02,,
2026-08-24 23:00:00,1794423.60,,
2026-08-25 00:00:00,1796261.14,,
2026-08-25 01:00:00,1815398.11,,
2026-08-25 02:00:00,1800421.49,,
2026-08-25 03:00:00,1809583.49,,
2026-08-25 04:00:00,1806885.30,,
2026-08-25 05:00:00,1813450.85,,
2026-08-25 06:00:00,1814248.87,,
2026-08-25 07:00:00,1804943.21,,
2026-08-25 08:00:00,1808957.29,,
2026-08-25 09:00:00,1813953.44,,
2026-08-25 10:00:00,1818309.80,,
2026-08-25 11:00:00,1824340.06,,
2026-08-25 12:00:00,1807037.32,,
2026-08-25 13:00:00,1801080.31,,
2026-08-25 14:00:00,1775803.19,,
2026-08-25 15:00:00,1769307.00,,
2026-08-25 16:00:00,1774531.80,,
2026-08-25 17:00:00,1746853.56,,
2026-08-25 18:00:00,1750471.57,,
2026-08-25 19:00:00,1756700.21,,
2026-08-25 20:00:00,1750220.24,,
2026-08-25 21:00:00,1723946.96,,
2026-08-25 22:00:00,1717853.96,,
2026-08-25 23:00:00,1721426.87,,
2026-08-26 00:00:00,1717937.47,,
2026-08-26 01:00:00,1752960.59,,
2026-08-26 02:00:00,1763448.73,,
2026-08-26 03:00:00,1763763.65,,
2026-08-26 04:00:00,1767819.90,,
2026-08-26 05:00:00,1738244.86,,
2026-08-26 06:00:00,1752462.60,,
2026-08-26 07:00:00,1745217.27,,
2026-08-26 08:00:00,1754297.18,,
2026-08-26 09:00:00,1753295.61,,
2026-08-26 10:00:00,1769460.49,,
2026-08-26 11:00:00,1765444.00,,
2026-08-26 12:00:00,1763745.99,,
2026-08-26 13:00:00,1759109.01,,
2026-08-26 14:00:00,1730984.77,,
2026-08-26 15:00:00,1723397.52,,
2026-08-26 16:00:00,1759474.48,,
2026-08-26 17:00:00,1739250.00,,
2026-08-26 18:00:00,1736150.32,,
2026-08-26 19:00:00,1734914.41,,
2026-08-26 20:00:00,1748726.10,,
2026-08-26 21:00:00,1732315.49,,
2026-08-26 22:00:00,1730563.44,,
2026-08-26 23:00:00,1734117.77,,
2026-08-27 00:00:00,1732644.11,,
2026-08-27 01:00:00,1717700.44,,
2026-08-27 02:00:00,1720841.51,,
2026-08-27 03:00:00,1720657.54,,
2026-08-27 04:00:00,1745047.50,,
2026-08-27 05:00:00,1742024.61,,
2026-08-27 06:00:00,1743066.94,,
2026-08-27 07:00:00,1741822.07,,
2026-08-27 08:00:00,1763285.68,,
2026-08-27 09:00:00,1767753.38,,
2026-08-27 10:00:00,1753831.07,,
2026-08-27 11:00:00,1749297.55,,
2026-08-27 12:00:00,1750312.07,,
2026-08-27 13:00:00,1752748.05,,
2026-08-27 14:00:00,1746343.08,,
2026-08-27 15:00:00,1739605.12,,
2026-08-27 16:00:00,1736516.29,,
2026-08-27 17:00:00,1733383.85,,
2026-08-27 18:00:00,1725309.38,,
2026-08-27 19:00:00,1676527.37,,
2026-08-27 20:00:00,1690307.00,,
2026-08-27 21:00:00,1700841.74,,
2026-08-27 22:00:00,1694539.32,,
2026-08-27 23:00:00,1689063.79,,
2026-08-28 00:00:00,1704137.31,,
2026-08-28 01:00:00,1715428.34,,
2026-08-28 02:00:00,1711361.78,,
2026-08-28 03:00:00,1690975.11,,
2026-08-28 04:00:00,1705783.63,,
2026-08-28 05:00:00,1695676.65,,
2026-08-28 06:00:00,1684935.03,,
2026-08-28 07:00:00,1685576.85,,
2026-08-28 08:00:00,1693233.12,,
2026-08-28 09:00:00,1685033.84,,
2026-08-28 10:00:00,1682778.61,,
2026-08-28 11:00:00,1691082.62,,
2026-08-28 12:00:00,1691558.27,,
2026-08-28 13:00:00,1705435.33,,
2026-08-28 14:00:00,1741292.19,,
2026-08-28 15:00:00,1734424.24,,
2026-08-28 16:00:00,1716076.15,,
2026-08-28 17:00:00,1695763.54,,
2026-08-28 18:00:00,1717036.79,,
2026-08-28 19:00:00,1684807.93,,
2026-08-28 20:00:00,1697430.36,,
2026-08-28 21:00:00,1701983.22,,
2026-08-28 22:00:00,1692246.85,,
2026-08-28 23:00:00,1689278.53,,
2026-08-29 00:00:00,1678512.59,,
2026-08-29 01:00:00,1684142.68,,
2026-08-29 02:00:00,1676382.02,,
2026-08-29 03:00:00,1693978.76,,
2026-08-29 04:00:00,1656582.79,,
2026-08-29 05:00:00,1663096.45,,
2026-08-29 06:00:00,1665736.05,,
2026-08-29 07:00:00,1686363.88,,
2026-08-29 08:00:00,1673627.95,,
2026-08-29 09:00:00,1678415.84,,
2026-08-29 10:00:00,1671793.87,,
2026-08-29 11:00:00,1675352.92,,
2026-08-29 12:00:00,1710133.62,,
2026-08-29 13:00:00,1727471.02,,
2026-08-29 14:00:00,1734318.99,,
2026-08-29 15:00:00,1713722.89,,
2026-08-29 16:00:00,1711292.46,,
2026-08-29 17:00:00,1707059.92,,
2026-08-29 18:00:00,1706173.68,,
2026-08-29 19:00:00,1705203.58,,
2026-08-29 20:00:00,1710890.31,,
2026-08-29 21:00:00,1698533.27,,
2026-08-29 22:00:00,1709414.76,,
2026-08-29 23:00:00,1706019.64,,
2026-08-30 00:00:00,1696695.31,,
2026-08-30 01:00:00,1684102.39,,
2026-08-30 02:00:00,1682960.86,,
2026-08-30 03:00:00,1675986.44,,
2026-08-30 04:00:00,1686869.65,,
2026-08-30 05:00:00,1686705.82,,
2026-08-30 06:00:00,1694649.61,,
2026-08-30 07:00:00,1701371.64,,
2026-08-30 08:00:00,1693204.68,,
2026-08-30 09:00:00,1683668.63,,
2026-08-30 10:00:00,1679713.80,,
2026-08-30 11:00:00,1689337.26,,
2026-08-30 12:00:00,1673430.18,,
2026-08-30 13:00:00,1677884.25,,
2026-08-30 14:00:00,1677711.96,,
2026-08-30 15:00:00,1669603.38,,
2026-08-30 16:00:00,1652453.89,,
2026-08-30 17:00:00,1656025.19,,
2026-08-30 18:00:00,1649234.87,,
2026-08-30 19:00:00,1625637.40,,
2026-08-30 20:00:00,1634127.73,,
2026-08-30 21:00:00,1605228.60,,
2026-08-30 22:00:00,1602522.64,,
2026-08-30 23:00:00,1597795.24,,
2026-08-31 00:00:00,1579191.77,,
2026-08-31 01:00:00,1610308.65,,
2026-08-31 02:00:00,1593603.45,,
2026-08-31 03:00:00,1589495.04,,
2026-08-31 04:00:00,1585798.23,,
2026-08-31 05:00:00,1585608.36,,
2026-08-31 06:00:00,1613382.30,,
2026-08-31 07:00:00,1622356.44,,
2026-08-31 08:00:00,1617099.64,,
2026-08-31 09:00:00,1619915.30,,
2026-08-31 10:00:00,1615686.13,,
2026-08-31 11:00:00,1598494.05,,
2026-08-31 12:00:00,1609983.59,,
2026-08-31 13:00:00,1601846.72,,
2026-08-31 14:00:00,1602775.44,,
2026-08-31 15:00:00,1591182.58,,
2026-08-31 16:00:00,1596690.23,,
2026-08-31 17:00:00,1607327.30,,
2026-08-31 18:00:00,1611368.55,,
2026-08-31 19:00:00,1611748.15,,
2026-08-31 20:00:00,1612407.50,,
2026-08-31 21:00:00,1621844.28,,
2026-08-31 22:00:00,1630147.97,,
2026-08-31 23:00:00,1636835.10,,
2026-09-01 00:00:00,1645481.59,,
2026-09-01 01:00:00,1648348.30,,
2026-09-01 02:00:00,1624280.28,,
2026-09-01 03:00:00,1615703.47,,
2026-09-01 04:00:00,1615471.68,,
2026-09-01 05:00:00,1606426.05,,
2026-09-01 06:00:00,1610509.62,,
2026-09-01 07:00:00,1598520.99,,
2026-09-01 08:00:00,1589078.93,,
2026-09-01 09:00:00,1595736.32,,
2026-09-01 10:00:00,1612999.87,,
2026-09-01 11:00:00,1584743.56,,
2026-09-01 12:00:00,1605736.93,,
2026-09-01 13:00:00,1596773.90,,
2026-09-01 14:00:00,1609654.97,,
2026-09-01 15:00:00,1622326.79,,
2026-09-01 16:00:00,1649867.48,,
2026-09-01 17:00:00,1728193.71,,
2026-09-01 18:00:00,1734717.80,,
2026-09-01 19:00:00,1734091.43,,
2026-09-01 20:00:00,1732665.10,,
2026-09-01 21:00:00,1722344.36,,
2026-09-01 22:00:00,1719922.07,,
2026-09-01 23:00:00,1723998.95,,
2026-09-02 00:00:00,1735990.68,,
2026-09-02 01:00:00,1733135.04,,
2026-09-02 02:00:00,1707673.03,,
2026-09-02 03:00:00,1711686.06,,
2026-09-02 04:00:00,1717498.54,,
2026-09-02 05:00:00,1823299.28,,
2026-09-02 06:00:00,2097015.49,,
2026-09-02 07:00:00,1929506.66,,
2026-09-02 08:00:00,1867717.28,,
2026-09-02 09:00:00,1624771.04,,
2026-09-02 10:00:00,1632651.22,,
2026-09-02 11:00:00,1607254.37,,
2026-09-02 12:00:00,1587962.19,,
2026-09-02 13:00:00,1560279.15,,
2026-09-02 14:00:00,1580576.92,,
2026-09-02 15:00:00,1559934.01,,
2026-09-02 16:00:00,1544394.80,,
2026-09-02 17:00:00,1545902.24,,
2026-09-02 18:00:00,1527678.00,,
2026-09-02 19:00:00,1540304.69,,
2026-09-02 20:00:00,1526103.41,,
2026-09-02 21:00:00,1517912.17,,
2026-09-02 22:00:00,1508672.36,,
2026-09-02 23:00:00,1506288.31,,
2026-09-03 00:00:00,1506780.15,,
2026-09-03 01:00:00,1502755.90,,
2026-09-03 02:00:00,1539495.47,,
2026-09-03 03:00:00,1564718.41,,
2026-09-03 04:00:00,1554698.26,,
2026-09-03 05:00:00,1547624.84,,
2026-09-03 06:00:00,1558575.06,,
2026-09-03 07:00:00,1547237.78,,
2026-09-03 08:00:00,1554676.74,,
2026-09-03 09:00:00,1590367.32,,
2026-09-03 10:00:00,1567731.38,,
2026-09-03 11:00:00,1577013.69,,
2026-09-03 12:00:00,1556710.73,,
2026-09-03 13:00:00,1532266.43,,
2026-09-03 14:00:00,1514066.53,,
2026-09-03 15:00:00,1546093.13,,
2026-09-03 16:00:00,1610157.28,,
2026-09-03 17:00:00,1573234.11,,
2026-09-03 18:00:00,1564453.90,,
2026-09-03 19:00:00,1574288.35,,
2026-09-03 20:00:00,1594448.98,,
2026-09-03 21:00:00,1577438.85,,
2026-09-03 22:00:00,1564704.76,,
2026-09-03 23:00:00,1577213.96,,
2026-09-04 00:00:00,1565088.65,,
2026-09-04 01:00:00,1556384.23,,
2026-09-04 02:00:00,1587433.27,,
2026-09-04 03:00:00,1581001.18,,
2026-09-04 04:00:00,1579258.97,,
2026-09-04 05:00:00,1550992.36,,
2026-09-04 06:00:00,1533056.14,,
2026-09-04 07:00:00,1542359.81,,
2026-09-04 08:00:00,1530241.19,,
2026-09-04 09:00:00,1553353.47,,
2026-09-04 10:00:00,1541034.94,,
2026-09-04 11:00:00,1551757.91,,
2026-09-04 12:00:00,1554422.61,,
2026-09-04 13:00:00,1557809.93,,
2026-09-04 14:00:00,1548890.93,,
2026-09-04 15:00:00,1571258.88,,
2026-09-04 16:00:00,1593416.74,,
2026-09-04 17:00:00,1612175.88,,
2026-09-04 18:00:00,1638086.77,,
2026-09-04 19:00:00,1574171.94,,
2026-09-04 20:00:00,1565299.68,,
2026-09-04 21:00:00,1562596.33,,
2026-09-04 22:00:00,1563055.80,,
2026-09-04 23:00:00,1574717.27,,
2026-09-05 00:00:00,1572508.76,,
2026-09-05 01:00:00,1566200.46,,
2026-09-05 02:00:00,1573046.07,,
2026-09-05 03:00:00,1576227.86,,
2026-09-05 04:00:00,1584574.30,,
2026-09-05 05:00:00,1576673.82,,
2026-09-05 06:00:00,1564723.14,,
2026-09-05 07:00:00,1564442.57,,
2026-09-05 08:00:00,1577754.47,,
2026-09-05 09:00:00,1587788.55,,
2026-09-05 10:00:00,1588913.29,,
2026-09-05 11:00:00,1593207.46,,
2026-09-05 12:00:00,1599511.42,,
2026-09-05 13:00:00,1606046.48,,
2026-09-05 14:00:00,1605635.13,,
2026-09-05 15:00:00,1598434.53,,
2026-09-05 16:00:00,1592866.32,,
2026-09-05 17:00:00,1576916.33,,
2026-09-05 18:00:00,1570654.28,,
2026-09-05 19:00:00,1573573.01,,
2026-09-05 20:00:00,1567677.85,,
2026-09-05 21:00:00,1568219.04,,
2026-09-05 22:00:00,1566578.21,,
2026-09-05 23:00:00,1572284.70,,
2026-09-06 00:00:00,1586581.17,,
2026-09-06 01:00:00,1599243.93,,
2026-09-06 02:00:00,1599743.92,,
2026-09-06 03:00:00,1593493.94,,
2026-09-06 04:00:00,1596502.59,,
2026-09-06 05:00:00,1580193.88,,
2026-09-06 06:00:00,1575795.50,,
2026-09-06 07:00:00,1572012.26,,
2026-09-06 08:00:00,1575075.02,,
2026-09-06 09:00:00,1575319.46,,
2026-09-06 10:00:00,1604265.31,,
2026-09-06 11:00:00,1563513.59,,
2026-09-06 12:00:00,1583110.49,,
2026-09-06 13:00:00,1576667.58,,
2026-09-06 14:00:00,1573743.86,,
2026-09-06 15:00:00,1550009.00,,
2026-09-06 16:00:00,1561210.73,,
2026-09-06 17:00:00,1569980.16,,
2026-09-06 18:00:00,1558132.42,,
2026-09-06 19:00:00,1569775.76,,
2026-09-06 20:00:00,1573770.26,,
2026-09-06 21:00:00,1580305.00,,
2026-09-06 22:00:00,1582030.87,,
2026-09-06 23:00:00,1578170.74,,
2026-09-07 00:00:00,1589420.75,,
2026-09-07 01:00:00,1562036.17,,
2026-09-07 02:00:00,1555145.45,,
2026-09-07 03:00:00,1550867.43,,
2026-09-07 04:00:00,1536669.89,,
2026-09-07 05:00:00,1544932.17,,
2026-09-07 06:00:00,1538097.53,,
2026-09-07 07:00:00,1541490.05,,
2026-09-07 08:00:00,1532117.12,,
2026-09-07 09:00:00,1553964.11,,
2026-09-07 10:00:00,1537345.35,,
2026-09-07 11:00:00,1552050.34,,
2026-09-07 12:00:00,1567582.72,,
2026-09-07 13:00:00,1573702.85,,
2026-09-07 14:00:00,1576722.04,,
2026-09-07 15:00:00,1570871.55,,
2026-09-07 16:00:00,1530659.76,,
2026-09-07 17:00:00,1548556.23,,
2026-09-07 18:00:00,1551627.15,,
2026-09-07 19:00:00,1548725.80,,
2026-09-07 20:00:00,1560203.79,,
2026-09-07 21:00:00,1557875.85,,
2026-09-07 22:00:00,1546516.73,,
2026-09-07 23:00:00,1539562.46,,
2026-09-08 00:00:00,1543232.74,,
2026-09-08 01:00:00,1543315.17,,
2026-09-08 02:00:00,1554443.21,,
2026-09-08 03:00:00,1531687.20,,
2026-09-08 04:00:00,1545971.25,,
2026-09-08 05:00:00,1549502.44,,
2026-09-08 06:00:00,1555577.87,,
2026-09-08 07:00:00,1545604.39,,
2026-09-08 08:00:00,1542481.84,,
2026-09-08 09:00:00,1562085.09,,
2026-09-08 10:00:00,1577710.54,,
2026-09-08 11:00:00,1547605.59,,
2026-09-08 12:00:00,1545850.18,,
2026-09-08 13:00:00,1548658.24,,
2026-09-08 14:00:00,1521168.87,,
2026-09-08 15:00:00,1536627.79,,
2026-09-08 16:00:00,1538637.56,,
2026-09-08 17:00:00,1530923.85,,
2026-09-08 18:00:00,1514703.77,,
2026-09-08 19:00:00,1497108.88,,
2026-09-08 20:00:00,1511544.05,,
2026-09-08 21:00:00,1494709.71,,
2026-09-08 22:00:00,1483346.19,,
2026-09-08 23:00:00,1492113.27,,
2026-09-09 00:00:00,1508211.20,,
2026-09-09 01:00:00,1513853.38,,
2026-09-09 02:00:00,1509512.02,,
2026-09-09 03:00:00,1509571.86,,
2026-09-09 04:00:00,1512093.36,,
2026-09-09 05:00:00,1513246.04,,
2026-09-09 06:00:00,1515928.29,,
2026-09-09 07:00:00,1519571.53,,
2026-09-09 08:00:00,1523240.74,,
2026-09-09 09:00:00,1521091.13,,
2026-09-09 10:00:00,1513261.09,,
2026-09-09 11:00:00,1520792.42,,
2026-09-09 12:00:00,1521390.97,,
2026-09-09 13:00:00,1520320.97,,
2026-09-09 14:00:00,1526729.58,,
2026-09-09 15:00:00,1502995.72,,
2026-09-09 16:00:00,1489628.62,,
2026-09-09 17:00:00,1496884.47,,
2026-09-09 18:00:00,1493141.93,,
2026-09-09 19:00:00,1493837.57,,
2026-09-09 20:00:00,1475563.04,,
2026-09-09 21:00:00,1477489.96,,
2026-09-09 22:00:00,1466125.91,,
2026-09-09 23:00:00,1417512.11,,
2026-09-10 00:00:00,1430970.50,,
2026-09-10 01:00:00,1416206.14,,
2026-09-10 02:00:00,1413675.35,,
2026-09-10 03:00:00,1423468.22,,
2026-09-10 04:00:00,1420465.53,,
2026-09-10 05:00:00,1414694.88,,
2026-09-10 06:00:00,1407618.28,,
2026-09-10 07:00:00,1409904.68,,
2026-09-10 08:00:00,1396635.46,,
2026-09-10 09:00:00,1392646.19,,
2026-09-10 10:00:00,1380352.42,,
2026-09-10 11:00:00,1398142.62,,
2026-09-10 12:00:00,1400800.24,,
2026-09-10 13:00:00,1381333.41,,
2026-09-10 14:00:00,1393492.10,,
2026-09-10 15:00:00,1399731.18,,
2026-09-10 16:00:00,1372666.78,,
2026-09-10 17:00:00,1356207.38,,
2026-09-10 18:00:00,1358747.38,,
2026-09-10 19:00:00,1352790.31,,
2026-09-10 20:00:00,1353168.07,,
2026-09-10 21:00:00,1348400.50,,
2026-09-10 22:00:00,1351949.94,,
2026-09-10 23:00:00,1336573.35,,
2026-09-11 00:00:00,1326262.94,,
2026-09-11 01:00:00,1330173.72,,
2026-09-11 02:00:00,1318898.99,,
2026-09-11 03:00:00,1322392.26,,
2026-09-11 04:00:00,1329787.58,,
2026-09-11 05:00:00,1345949.68,,
2026-09-11 06:00:00,1339977.89,,
2026-09-11 07:00:00,1327792.15,,
2026-09-11 08:00:00,1326361.76,,
2026-09-11 09:00:00,1322442.82,,
2026-09-11 10:00:00,1303996.82,,
2026-09-11 11:00:00,1304005.02,,
2026-09-11 12:00:00,1301940.35,,
2026-09-11 13:00:00,1328031.39,,
2026-09-11 14:00:00,1339696.42,,
2026-09-11 15:00:00,1330620.59,,
2026-09-11 16:00:00,1343549.33,,
2026-09-11 17:00:00,1342427.54,,
2026-09-11 18:00:00,1346375.36,,
2026-09-11 19:00:00,1327266.74,,
2026-09-11 20:00:00,1339384.53,,
2026-09-11 21:00:00,1337185.66,,
2026-09-11 22:00:00,1339635.42,,
2026-09-11 23:00:00,1340797.56,,
2026-09-12 00:00:00,1363079.06,,
2026-09-12 01:00:00,1363542.03,,
2026-09-12 02:00:00,1368662.13,,
2026-09-12 03:00:00,1367509.19,,
2026-09-12 04:00:00,1377200.35,,
2026-09-12 05:00:00,1382314.73,,
2026-09-12 06:00:00,1364239.55,,
2026-09-12 07:00:00,1363658.87,,
2026-09-12 08:00:00,1374332.35,,
2026-09-12 09:00:00,1379466.79,,
2026-09-12 10:00:00,1393617.23,,
2026-09-12 11:00:00,1394641.71,,
2026-09-12 12:00:00,1397620.36,,
2026-09-12 13:00:00,1392711.63,,
2026-09-12 14:00:00,1391203.29,,
2026-09-12 15:00:00,1396769.28,,
2026-09-12 16:00:00,1401165.83,,
2026-09-12 17:00:00,1423378.03,,
2026-09-12 18:00:00,1430430.70,,
2026-09-12 19:00:00,1427349.32,,
2026-09-12 20:00:00,1422717.29,,
2026-09-12 21:00:00,1422383.89,,
2026-09-12 22:00:00,1411270.80,,
2026-09-12 23:00:00,1408196.97,,
2026-09-13 00:00:00,1430287.08,,
2026-09-13 01:00:00,1451374.43,,
2026-09-13 02:00:00,1475950.72,,
2026-09-13 03:00:00,1485834.03,,
2026-09-13 04:00:00,1487217.67,,
2026-09-13 05:00:00,1496205.39,,
2026-09-13 06:00:00,1492657.99,,
2026-09-13 07:00:00,1486864.54,,
2026-09-13 08:00:00,1478720.12,,
2026-09-13 09:00:00,1447905.10,,
2026-09-13 10:00:00,1441586.96,,
2026-09-13 11:00:00,1441930.01,,
2026-09-13 12:00:00,1439861.26,,
2026-09-13 13:00:00,1451859.16,,
2026-09-13 14:00:00,1463071.41,,
2026-09-13 15:00:00,1451400.85,,
2026-09-13 16:00:00,1442623.22,,
2026-09-13 17:00:00,1427774.28,,
2026-09-13 18:00:00,1430410.31,,
2026-09-13 19:00:00,1427900.85,,
2026-09-13 20:00:00,1416291.87,,
2026-09-13 21:00:00,1421163.66,,
2026-09-13 22:00:00,1409903.26,,
2026-09-13 23:00:00,1351170.08,,
2026-09-14 00:00:00,1354119.99,,
2026-09-14 01:00:00,1340991.69,,
2026-09-14 02:00:00,1357686.43,,
2026-09-14 03:00:00,1373579.04,,
2026-09-14 04:00:00,1370257.36,,
2026-09-14 05:00:00,1370117.00,,
2026-09-14 06:00:00,1378732.53,,
2026-09-14 07:00:00,1382046.53,,
2026-09-14 08:00:00,1376644.15,,
2026-09-14 09:00:00,1376102.39,,
2026-09-14 10:00:00,1370677.62,,
2026-09-14 11:00:00,1368052.92,,
2026-09-14 12:00:00,1355029.55,,
2026-09-14 13:00:00,1341809.89,,
2026-09-14 14:00:00,1347693.67,,
2026-09-14 15:00:00,1348029.17,,
2026-09-14 16:00:00,1353350.33,,
2026-09-14 17:00:00,1362346.96,,
2026-09-14 18:00:00,1356641.56,,
2026-09-14 19:00:00,1366152.14,,
2026-09-14 20:00:00,1354372.38,,
2026-09-14 21:00:00,1352020.67,,
2026-09-14 22:00:00,1338334.66,,
2026-09-14 23:00:00,1336493.00,,
2026-09-15 00:00:00,1334370.50,,
2026-09-15 01:00:00,1342090.25,,
2026-09-15 02:00:00,1342651.33,,
2026-09-15 03:00:00,1347815.91,,
2026-09-15 04:00:00,1351948.91,,
2026-09-15 05:00:00,1350152.51,,
2026-09-15 06:00:00,1346732.69,,
2026-09-15 07:00:00,1349365.26,,
2026-09-15 08:00:00,1344571.31,,
2026-09-15 09:00:00,1342929.08,,
2026-09-15 10:00:00,1347110.36,,
2026-09-15 11:00:00,1338783.47,,
2026-09-15 12:00:00,1338218.07,,
2026-09-15 13:00:00,1345281.91,,
2026-09-15 14:00:00,1330179.55,,
2026-09-15 15:00:00,1319554.61,,
2026-09-15 16:00:00,1305503.07,,
2026-09-15 17:00:00,1321262.10,,
2026-09-15 18:00:00,1309396.23,,
2026-09-15 19:00:00,1299588.52,,
2026-09-15 20:00:00,1298645.56,,
2026-09-15 21:00:00,1304265.88,,
2026-09-15 22:00:00,1287761.45,,
2026-09-15 23:00:00,1300058.53,,
2026-09-16 00:00:00,1303760.65,,
2026-09-16 01:00:00,1359756.09,,
2026-09-16 02:00:00,1260989.45,,
2026-09-16 03:00:00,1292533.38,,
2026-09-16 04:00:00,1290256.74,,
2026-09-16 05:00:00,1278436.68,,
2026-09-16 06:00:00,1275316.80,,
2026-09-16 07:00:00,1276004.85,,
2026-09-16 08:00:00,1269593.15,,
2026-09-16 09:00:00,1274986.92,,
2026-09-16 10:00:00,1283934.81,,
2026-09-16 11:00:00,1278594.88,,
2026-09-16 12:00:00,1276088.05,,
2026-09-16 13:00:00,1260120.42,,
2026-09-16 14:00:00,1242001.09,,
2026-09-16 15:00:00,1227913.51,,
2026-09-16 16:00:00,1227005.03,,
2026-09-16 17:00:00,1225324.25,,
2026-09-16 18:00:00,1207130.83,,
2026-09-16 19:00:00,1232510.24,,
2026-09-16 20:00:00,1229479.04,,
2026-09-16 21:00:00,1245657.34,,
2026-09-16 22:00:00,1252647.19,,
2026-09-16 23:00:00,1235459.02,,
2026-09-17 00:00:00,1254477.18,,
2026-09-17 01:00:00,1243061.50,,
2026-09-17 02:00:00,1259558.38,,
2026-09-17 03:00:00,1259069.72,,
2026-09-17 04:00:00,1261919.56,,
2026-09-17 05:00:00,1266911.85,,
2026-09-17 06:00:00,1285314.70,,
2026-09-17 07:00:00,1281581.32,,
2026-09-17 08:00:00,1292012.75,,
2026-09-17 09:00:00,1298906.90,,
2026-09-17 10:00:00,1322330.89,,
2026-09-17 11:00:00,1345507.16,,
2026-09-17 12:00:00,1356634.53,,
2026-09-17 13:00:00,1350910.08,,
2026-09-17 14:00:00,1331246.00,,
2026-09-17 15:00:00,1344303.54,,
2026-09-17 16:00:00,1360289.67,,
2026-09-17 17:00:00,1357995.11,,
2026-09-17 18:00:00,1352450.89,,
2026-09-17 19:00:00,1342286.86,,
2026-09-17 20:00:00,1341783.01,,
2026-09-17 21:00:00,1349800.58,,
2026-09-17 22:00:00,1346554.43,,
2026-09-17 23:00:00,1349207.26,,
2026-09-18 00:00:00,1354541.26,,
2026-09-18 01:00:00,1369902.94,,
2026-09-18 02:00:00,1383811.70,,
2026-09-18 03:00:00,1384368.26,,
2026-09-18 04:00:00,1391796.42,,
2026-09-18 05:00:00,1379465.12,,
2026-09-18 06:00:00,1364678.01,,
2026-09-18 07:00:00,1364338.86,,
2026-09-18 08:00:00,1366648.83,,
2026-09-18 09:00:00,1348221.05,,
2026-09-18 10:00:00,1344328.42,,
2026-09-18 11:00:00,1327000.13,,
2026-09-18 12:00:00,1325934.41,,
2026-09-18 13:00:00,1324599.28,,
2026-09-18 14:00:00,1348553.49,,
2026-09-18 15:00:00,1359608.95,,
2026-09-18 16:00:00,1360697.34,,
2026-09-18 17:00:00,1353051.97,,
2026-09-18 18:00:00,1364631.29,,
2026-09-18 19:00:00,1355412.21,,
2026-09-18 20:00:00,1351866.67,,
2026-09-18 21:00:00,1358706.94,,
2026-09-18 22:00:00,1349569.99,,
2026-09-18 23:00:00,1355703.02,,
2026-09-19 00:00:00,1354487.04,,
2026-09-19 01:00:00,1356178.09,,
2026-09-19 02:00:00,1353103.42,,
2026-09-19 03:00:00,1379663.95,,
2026-09-19 04:00:00,1379803.12,,
2026-09-19 05:00:00,1381998.53,,
2026-09-19 06:00:00,1410471.65,,
2026-09-19 07:00:00,1401575.66,,
2026-09-19 08:00:00,1370718.29,,
2026-09-19 09:00:00,1390800.45,,
2026-09-19 10:00:00,1403413.33,,
2026-09-19 11:00:00,1400729.11,,
2026-09-19 12:00:00,1407066.45,,
2026-09-19 13:00:00,1393780.15,,
2026-09-19 14:00:00,1399220.22,,
2026-09-19 15:00:00,1408562.87,,
2026-09-19 16:00:00,1387388.66,,
2026-09-19 17:00:00,1401098.42,,
2026-09-19 18:00:00,1402564.91,,
2026-09-19 19:00:00,1400449.68,,
2026-09-19 20:00:00,1410571.10,,
2026-09-19 21:00:00,1396660.19,,
2026-09-19 22:00:00,1393534.94,,
2026-09-19 23:00:00,1405599.84,,
2026-09-20 00:00:00,1426476.14,,
2026-09-20 01:00:00,1423359.66,,
2026-09-20 02:00:00,1401403.24,,
2026-09-20 03:00:00,1389871.67,,
2026-09-20 04:00:00,1391422.41,,
2026-09-20 05:00:00,1386195.83,,
2026-09-20 06:00:00,1380116.32,,
2026-09-20 07:00:00,1373033.84,,
2026-09-20 08:00:00,1364087.58,,
2026-09-20 09:00:00,1370178.28,,
2026-09-20 10:00:00,1401454.22,,
2026-09-20 11:00:00,1407296.88,,
2026-09-20 12:00:00,1415936.71,,
2026-09-20 13:00:00,1411219.65,,
2026-09-20 14:00:00,1425333.84,,
2026-09-20 15:00:00,1425517.24,,
2026-09-20 16:00:00,1430883.85,,
2026-09-20 17:00:00,1456570.04,,
2026-09-20 18:00:00,1451993.42,,
2026-09-20 19:00:00,1454813.90,,
2026-09-20 20:00:00,1455945.82,,
2026-09-20 21:00:00,1455430.95,,
2026-09-20 22:00:00,1453141.48,,
2026-09-20 23:00:00,1456053.37,,
2026-09-21 00:00:00,1454252.16,,
2026-09-21 01:00:00,1476866.86,,
2026-09-21 02:00:00,1432349.44,,
2026-09-21 03:00:00,1453394.29,,
2026-09-21 04:00:00,1452754.35,,
2026-09-21 05:00:00,1452985.64,,
2026-09-21 06:00:00,1455123.48,,
2026-09-21 07:00:00,1458556.28,,
2026-09-21 08:00:00,1456752.01,,
2026-09-21 09:00:00,1477622.89,,
2026-09-21 10:00:00,1465206.33,,
2026-09-21 11:00:00,1469392.36,,
2026-09-21 12:00:00,1470552.18,,
2026-09-21 13:00:00,1478786.80,,
2026-09-21 14:00:00,1470416.67,,
2026-09-21 15:00:00,1483538.75,,
2026-09-21 16:00:00,1467258.33,,
2026-09-21 17:00:00,1508415.00,,
2026-09-21 18:00:00,1470262.61,,
2026-09-21 19:00:00,1444729.95,,
2026-09-21 20:00:00,1444941.52,,
2026-09-21 21:00:00,1449267.13,,
2026-09-21 22:00:00,1440489.87,,
2026-09-21 23:00:00,1455596.46,,
2026-09-22 00:00:00,1463675.07,,
2026-09-22 01:00:00,1454504.57,,
2026-09-22 02:00:00,1469513.54,,
2026-09-22 03:00:00,1460250.89,,
2026-09-22 04:00:00,1480258.51,,
2026-09-22 05:00:00,1473972.16,,
2026-09-22 06:00:00,1493387.60,,
2026-09-22 07:00:00,1490333.63,,
2026-09-22 08:00:00,1484551.66,,
2026-09-22 09:00:00,1472730.58,,
2026-09-22 10:00:00,1466037.57,,
2026-09-22 11:00:00,1451940.29,,
2026-09-22 12:00:00,1435261.38,,
2026-09-22 13:00:00,1445386.38,,
2026-09-22 14:00:00,1449103.95,,
2026-09-22 15:00:00,1445920.35,,
2026-09-22 16:00:00,1446019.11,,
2026-09-22 17:00:00,1460118.06,,
2026-09-22 18:00:00,1473639.32,,
2026-09-22 19:00:00,1510186.86,,
2026-09-22 20:00:00,1513213.40,,
2026-09-22 21:00:00,1533080.15,,
2026-09-22 22:00:00,1527170.20,,
2026-09-22 23:00:00,1560322.01,,
2026-09-23 00:00:00,1566640.70,,
2026-09-23 01:00:00,1539265.11,,
2026-09-23 02:00:00,1542165.20,,
2026-09-23 03:00:00,1586822.96,,
2026-09-23 04:00:00,1583323.03,,
2026-09-23 05:00:00,1588431.55,,
2026-09-23 06:00:00,1591416.09,,
2026-09-23 07:00:00,1602538.99,,
2026-09-23 08:00:00,1578615.44,,
2026-09-23 09:00:00,1575061.89,,
2026-09-23 10:00:00,1586234.50,,
2026-09-23 11:00:00,1595125.07,,
2026-09-23 12:00:00,1581046.13,,
2026-09-23 13:00:00,1585755.46,,
2026-09-23 14:00:00,1598742.45,,
2026-09-23 15:00:00,1501173.67,,
2026-09-23 16:00:00,1482309.73,,
2026-09-23 17:00:00,1474250.63,,
2026-09-23 18:00:00,1458292.64,,
2026-09-23 19:00:00,1449978.69,,
2026-09-23 20:00:00,1430119.41,,
2026-09-23 21:00:00,1431696.83,,
2026-09-23 22:00:00,1437754.97,,
2026-09-23 23:00:00,1442117.51,,
2026-09-24 00:00:00,1451903.72,,
2026-09-24 01:00:00,1461353.49,,
2026-09-24 02:00:00,1480185.79,,
2026-09-24 03:00:00,1534716.93,,
2026-09-24 04:00:00,1551501.59,,
2026-09-24 05:00:00,1562395.75,,
2026-09-24 06:00:00,1574190.90,,
2026-09-24 07:00:00,1573628.31,,
2026-09-24 08:00:00,1575993.51,,
2026-09-24 09:00:00,1588691.90,,
2026-09-24 10:00:00,1553469.44,,
2026-09-24 11:00:00,1537289.04,,
2026-09-24 12:00:00,1545872.04,,
2026-09-24 13:00:00,1544802.71,,
2026-09-24 14:00:00,1560020.54,,
2026-09-24 15:00:00,1555732.40,,
2026-09-24 16:00:00,1560860.06,,
2026-09-24 17:00:00,1570851.36,,
2026-09-24 18:00:00,1563892.76,,
2026-09-24 19:00:00,1560213.43,,
2026-09-24 20:00:00,1570744.18,,
2026-09-24 21:00:00,1568886.22,,
2026-09-24 22:00:00,1576499.68,,
2026-09-24 23:00:00,1560723.40,,
2026-09-25 00:00:00,1564221.60,,
2026-09-25 01:00:00,1574058.53,,
2026-09-25 02:00:00,1588181.25,,
2026-09-25 03:00:00,1595329.04,,
2026-09-25 04:00:00,1617396.15,,
2026-09-25 05:00:00,1615941.74,,
2026-09-25 06:00:00,1612373.89,,
2026-09-25 07:00:00,1603338.01,,
2026-09-25 08:00:00,1601208.16,,
2026-09-25 09:00:00,1595396.89,,
2026-09-25 10:00:00,1588642.78,,
2026-09-25 11:00:00,1587879.60,,
2026-09-25 12:00:00,1582805.98,,
2026-09-25 13:00:00,1584924.30,,
2026-09-25 14:00:00,1565855.09,,
2026-09-25 15:00:00,1583661.57,,
2026-09-25 16:00:00,1574193.75,,
2026-09-25 17:00:00,1598016.83,,
2026-09-25 18:00:00,1594088.86,,
2026-09-25 19:00:00,1592223.56,,
2026-09-25 20:00:00,1589280.01,,
2026-09-25 21:00:00,1585752.09,,
2026-09-25 22:00:00,1577698.75,,
2026-09-25 23:00:00,1589923.38,,
2026-09-26 00:00:00,1597030.19,,
2026-09-26 01:00:00,1580422.78,,
2026-09-26 02:00:00,1589630.64,,
2026-09-26 03:00:00,1578960.87,,
2026-09-26 04:00:00,1575531.68,,
2026-09-26 05:00:00,1595715.60,,
2026-09-26 06:00:00,1597053.28,,
2026-09-26 07:00:00,1614768.04,,
2026-09-26 08:00:00,1619249.79,,
2026-09-26 09:00:00,1618224.40,,
2026-09-26 10:00:00,1612814.44,,
2026-09-26 11:00:00,1643356.27,,
2026-09-26 12:00:00,1643623.12,,
2026-09-26 13:00:00,1651661.31,,
2026-09-26 14:00:00,1651098.90,,
2026-09-26 15:00:00,1663189.94,,
2026-09-26 16:00:00,1664505.07,,
2026-09-26 17:00:00,1662860.64,,
2026-09-26 18:00:00,1654759.29,,
2026-09-26 19:00:00,1640704.97,,
2026-09-26 20:00:00,1620847.22,,
2026-09-26 21:00:00,1589000.88,,
2026-09-26 22:00:00,1607939.55,,
2026-09-26 23:00:00,1618043.24,,
2026-09-27 00:00:00,1623638.32,,
2026-09-27 01:00:00,1607774.53,,
2026-09-27 02:00:00,1614224.78,,
2026-09-27 03:00:00,1602838.57,,
2026-09-27 04:00:00,1611197.46,,
2026-09-27 05:00:00,1612737.65,,
2026-09-27 06:00:00,1636766.24,,
2026-09-27 07:00:00,1625848.22,,
2026-09-27 08:00:00,1620169.43,,
2026-09-27 09:00:00,1614390.29,,
2026-09-27 10:00:00,1614346.78,,
2026-09-27 11:00:00,1611892.12,,
2026-09-27 12:00:00,1610160.27,,
2026-09-27 13:00:00,1619624.75,,
2026-09-27 14:00:00,1596699.62,,
2026-09-27 15:00:00,1583426.84,,
2026-09-27 16:00:00,1585445.79,,
2026-09-27 17:00:00,1590990.81,,
2026-09-27 18:00:00,1603156.82,,
2026-09-27 19:00:00,1595350.60,,
2026-09-27 20:00:00,1586882.71,,
2026-09-27 21:00:00,1573497.03,,
2026-09-27 22:00:00,1579196.30,,
2026-09-27 23:00:00,1568523.47,,
2026-09-28 00:00:00,1570119.10,,
2026-09-28 01:00:00,1574515.54,,
2026-09-28 02:00:00,1574389.90,,
2026-09-28 03:00:00,1556744.65,,
2026-09-28 04:00:00,1550769.39,,
2026-09-28 05:00:00,1564571.39,,
2026-09-28 06:00:00,1560501.93,,
2026-09-28 07:00:00,1539775.83,,
2026-09-28 08:00:00,1506494.06,,
2026-09-28 09:00:00,1510885.74,,
2026-09-28 10:00:00,1492793.42,,
2026-09-28 11:00:00,1498251.61,,
2026-09-28 12:00:00,1501191.98,,
2026-09-28 13:00:00,1507881.94,,
2026-09-28 14:00:00,1499661.06,,
2026-09-28 15:00:00,1465593.48,,
2026-09-28 16:00:00,1469919.91,,
2026-09-28 17:00:00,1476780.53,,
2026-09-28 18:00:00,1478427.57,,
2026-09-28 19:00:00,1476386.54,,
2026-09-28 20:00:00,1455209.41,,
2026-09-28 21:00:00,1481401.92,,
2026-09-28 22:00:00,1463894.98,,
2026-09-28 23:00:00,1469170.80,,
2026-09-29 00:00:00,1487417.59,,
2026-09-29 01:00:00,1478170.03,,
2026-09-29 02:00:00,1451110.53,,
2026-09-29 03:00:00,1437199.49,,
2026-09-29 04:00:00,1460911.32,,
2026-09-29 05:00:00,1464366.46,,
2026-09-29 06:00:00,1462739.16,,
2026-09-29 07:00:00,1471825.86,,
2026-09-29 08:00:00,1478806.41,,
2026-09-29 09:00:00,1472424.89,,
2026-09-29 10:00:00,1476758.77,,
2026-09-29 11:00:00,1479854.62,,
2026-09-29 12:00:00,1478449.51,,
2026-09-29 13:00:00,1476965.39,,
2026-09-29 14:00:00,1487672.83,,
2026-09-29 15:00:00,1490951.08,,
2026-09-29 16:00:00,1458732.20,,
2026-09-29 17:00:00,1446942.41,,
2026-09-29 18:00:00,1463559.46,,
2026-09-29 19:00:00,1469652.40,,
2026-09-29 20:00:00,1464260.64,,
2026-09-29 21:00:00,1466227.01,,
2026-09-29 22:00:00,1464841.15,,
2026-09-29 23:00:00,1448303.59,,
2026-09-30 00:00:00,1453291.65,,
2026-09-30 01:00:00,1491180.92,,
2026-09-30 02:00:00,1491094.31,,
2026-09-30 03:00:00,1475626.57,,
2026-09-30 04:00:00,1479703.68,,
2026-09-30 05:00:00,1468231.46,,
2026-09-30 06:00:00,1476647.76,,
2026-09-30 07:00:00,1475846.60,,
2026-09-30 08:00:00,1537369.70,,
2026-09-30 09:00:00,1555721.91,,
2026-09-30 10:00:00,1532704.98,,
2026-09-30 11:00:00,1523851.66,,
2026-09-30 12:00:00,1518757.65,,
2026-09-30 13:00:00,1544584.84,,
2026-09-30 14:00:00,1517843.32,,
2026-09-30 15:00:00,1502429.66,,
2026-09-30 16:00:00,1519704.98,,
2026-09-30 17:00:00,1524710.44,,
2026-09-30 18:00:00,1515266.06,,
2026-09-30 19:00:00,1503362.60,,
2026-09-30 20:00:00,1502081.70,,
2026-09-30 21:00:00,1504598.08,,
2026-09-30 22:00:00,1502466.44,,
2026-09-30 23:00:00,1513199.32,,
2026-10-01 00:00:00,1513648.01,,
2026-10-01 01:00:00,1499420.25,,
2026-10-01 02:00:00,1496107.88,,
2026-10-01 03:00:00,1514233.53,,
2026-10-01 04:00:00,1533158.50,,
2026-10-01 05:00:00,1510743.00,,
2026-10-01 06:00:00,1512264.71,,
2026-10-01 07:00:00,1537287.64,,
2026-10-01 08:00:00,1519568.72,,
2026-10-01 09:00:00,1525459.52,,
2026-10-01 10:00:00,1516663.40,,
2026-10-01 11:00:00,1534492.93,,
2026-10-01 12:00:00,1510238.78,,
2026-10-01 13:00:00,1496400.22,,
2026-10-01 14:00:00,1491699.29,,
2026-10-01 15:00:00,1482316.62,,
2026-10-01 16:00:00,1488139.83,,
2026-10-01 17:00:00,1483301.80,,
2026-10-01 18:00:00,1507366.71,,
2026-10-01 19:00:00,1494621.02,,
2026-10-01 20:00:00,1489675.40,,
2026-10-01 21:00:00,1494292.82,,
2026-10-01 22:00:00,1483807.57,,
2026-10-01 23:00:00,1486698.26,,
2026-10-02 00:00:00,1496778.97,,
2026-10-02 01:00:00,1510211.38,,
2026-10-02 02:00:00,1516024.20,,
2026-10-02 03:00:00,1518717.87,,
2026-10-02 04:00:00,1510755.84,,
2026-10-02 05:00:00,1524899.24,,
2026-10-02 06:00:00,1516868.23,,
2026-10-02 07:00:00,1519043.71,,
2026-10-02 08:00:00,1527607.71,,
2026-10-02 09:00:00,1522988.76,,
2026-10-02 10:00:00,1524288.32,,
2026-10-02 11:00:00,1519464.25,,
2026-10-02 12:00:00,1517277.14,,
2026-10-02 13:00:00,1533430.33,,
2026-10-02 14:00:00,1536453.46,,
2026-10-02 15:00:00,1514478.47,,
2026-10-02 16:00:00,1510784.99,,
2026-10-02 17:00:00,1501496.93,,
2026-10-02 18:00:00,1493822.55,,
2026-10-02 19:00:00,1447079.55,,
2026-10-02 20:00:00,1447133.03,,
2026-10-02 21:00:00,1432995.72,,
2026-10-02 22:00:00,1457869.54,,
2026-10-02 23:00:00,1461032.03,,
2026-10-03 00:00:00,1468510.99,,
2026-10-03 01:00:00,1467566.57,,
2026-10-03 02:00:00,1470510.81,,
2026-10-03 03:00:00,1473459.65,,
2026-10-03 04:00:00,1480634.47,,
2026-10-03 05:00:00,1482261.32,,
2026-10-03 06:00:00,1481832.84,,
2026-10-03 07:00:00,1478374.21,,
2026-10-03 08:00:00,1473101.67,,
2026-10-03 09:00:00,1468724.99,,
2026-10-03 10:00:00,1471728.22,,
2026-10-03 11:00:00,1470525.94,,
2026-10-03 12:00:00,1486699.30,,
2026-10-03 13:00:00,1486242.82,,
2026-10-03 14:00:00,1501446.90,,
2026-10-03 15:00:00,1501771.27,,
2026-10-03 16:00:00,1497442.37,,
2026-10-03 17:00:00,1517506.80,,
2026-10-03 18:00:00,1518208.79,,
2026-10-03 19:00:00,1527348.16,,
2026-10-03 20:00:00,1517774.52,,
2026-10-03 21:00:00,1529938.23,,
2026-10-03 22:00:00,1531222.13,,
2026-10-03 23:00:00,1524123.35,,
2026-10-04 00:00:00,1527108.77,,
2026-10-04 01:00:00,1516602.37,,
2026-10-04 02:00:00,1556020.85,,
2026-10-04 03:00:00,1558680.63,,
2026-10-04 04:00:00,1560642.87,,
2026-10-04 05:00:00,1571191.60,,
2026-10-04 06:00:00,1588310.61,,
2026-10-04 07:00:00,1615365.51,,
2026-10-04 08:00:00,1560848.10,,
2026-10-04 09:00:00,1569369.58,,
2026-10-04 10:00:00,1568646.61,,
