time,oi_A,oi_6,oi_3
2026-05-17 12:00:00,,1707841.22,
2026-05-17 13:00:00,,1773272.86,
2026-05-17 14:00:00,,1713602.82,
2026-05-17 15:00:00,,1710367.20,
2026-05-17 16:00:00,,1733374.03,
2026-05-17 17:00:00,,1683220.57,
2026-05-17 18:00:00,,1689490.86,
2026-05-17 19:00:00,,1699812.34,
2026-05-17 20:00:00,,1687737.81,
2026-05-17 21:00:00,,1683649.85,
2026-05-17 22:00:00,,1685240.60,
2026-05-17 23:00:00,,1656923.58,
2026-05-18 00:00:00,,1579383.13,
2026-05-18 01:00:00,,1583252.49,
2026-05-18 02:00:00,,1571315.38,
2026-05-18 03:00:00,,1575516.92,
2026-05-18 04:00:00,,1562165.07,
2026-05-18 05:00:00,,1577512.76,
2026-05-18 06:00:00,,1545834.26,
2026-05-18 07:00:00,,1528981.62,
2026-05-18 08:00:00,,1511158.78,
2026-05-18 09:00:00,,1519507.57,
2026-05-18 10:00:00,,1512620.62,
2026-05-18 11:00:00,,1506770.57,
2026-05-18 12:00:00,,1522377.26,
2026-05-18 13:00:00,,1535727.45,
2026-05-18 14:00:00,,1534624.91,
2026-05-18 15:00:00,,1532886.43,
2026-05-18 16:00:00,,1518136.35,
2026-05-18 17:00:00,,1518389.70,
2026-05-18 18:00:00,,1514447.76,
2026-05-18 19:00:00,,1479783.19,
2026-05-18 20:00:00,,1509057.83,
2026-05-18 21:00:00,,1513484.97,
2026-05-18 22:00:00,,1529151.40,
2026-05-18 23:00:00,,1493899.38,
2026-05-19 00:00:00,,1481670.21,
2026-05-19 01:00:00,,1490002.17,
2026-05-19 02:00:00,,1473319.62,
2026-05-19 03:00:00,,1467121.05,
2026-05-19 04:00:00,,1456728.71,
2026-05-19 05:00:00,,1468418.19,
2026-05-19 06:00:00,,1460668.16,
2026-05-19 07:00:00,,1460418.35,
2026-05-19 08:00:00,,1804860.89,
2026-05-19 09:00:00,,2076401.82,
2026-05-19 10:00:00,,2093284.07,
2026-05-19 11:00:00,,2041115.71,
2026-05-19 12:00:00,,2017169.51,
2026-05-19 13:00:00,,2032415.67,
2026-05-19 14:00:00,,2087724.02,
2026-05-19 15:00:00,,2097706.54,
2026-05-19 16:00:00,,2087663.88,
2026-05-19 17:00:00,,2215423.40,
2026-05-19 18:00:00,,2266114.67,
2026-05-19 19:00:00,,2355450.19,
2026-05-19 20:00:00,,2362672.18,
2026-05-19 21:00:00,,2346399.92,
2026-05-19 22:00:00,,2607224.25,
2026-05-19 23:00:00,,2551218.52,
2026-05-20 00:00:00,,2961168.12,
2026-05-20 01:00:00,,3155752.32,
2026-05-20 02:00:00,,3272437.38,
2026-05-20 03:00:00,,3272389.32,
2026-05-20 04:00:00,,3217811.86,
2026-05-20 05:00:00,,3156524.31,
2026-05-20 06:00:00,,3215789.45,
2026-05-20 07:00:00,,2919142.36,
2026-05-20 08:00:00,,2786820.59,
2026-05-20 09:00:00,,2882345.56,
2026-05-20 10:00:00,,2918476.79,
2026-05-20 11:00:00,,2870743.18,
2026-05-20 12:00:00,,2860688.65,
2026-05-20 13:00:00,,2878114.51,
2026-05-20 14:00:00,,3137986.38,
2026-05-20 15:00:00,,3192880.44,
2026-05-20 16:00:00,,3146885.18,
2026-05-20 17:00:00,,3200454.71,
2026-05-20 18:00:00,,3468487.44,
2026-05-20 19:00:00,,3528051.09,
2026-05-20 20:00:00,,3963605.20,
2026-05-20 21:00:00,,4205477.23,
2026-05-20 22:00:00,,3871763.33,
2026-05-20 23:00:00,,3840194.62,
2026-05-21 00:00:00,,4048432.14,
2026-05-21 01:00:00,,4515793.37,
2026-05-21 02:00:00,,4026837.88,
2026-05-21 03:00:00,,3990627.43,
2026-05-21 04:00:00,,4003661.53,
2026-05-21 05:00:00,,3924301.79,
2026-05-21 06:00:00,,3607089.54,
2026-05-21 07:00:00,,3481204.23,
2026-05-21 08:00:00,,3236645.76,
2026-05-21 09:00:00,,3122143.51,
2026-05-21 10:00:00,,2853585.98,
2026-05-21 11:00:00,,3577540.26,
2026-05-21 12:00:00,,3637443.86,
2026-05-21 13:00:00,,3772704.42,
2026-05-21 14:00:00,,3592988.33,
2026-05-21 15:00:00,,3573683.89,
2026-05-21 16:00:00,,3466796.76,
2026-05-21 17:00:00,,3519013.06,
2026-05-21 18:00:00,,3480868.87,
2026-05-21 19:00:00,,3451641.15,
2026-05-21 20:00:00,,3414177.61,
2026-05-21 21:00:00,,3451733.41,
2026-05-21 22:00:00,,3621915.49,
2026-05-21 23:00:00,,3585867.70,
2026-05-22 00:00:00,,3529080.71,
2026-05-22 01:00:00,,3470759.49,
2026-05-22 02:00:00,,3327608.49,
2026-05-22 03:00:00,,3458337.03,
2026-05-22 04:00:00,,3282413.75,
2026-05-22 05:00:00,,3236644.62,
2026-05-22 06:00:00,,3259376.46,
2026-05-22 07:00:00,,3143180.05,
2026-05-22 08:00:00,,3031500.64,
2026-05-22 09:00:00,,2914580.19,
2026-05-22 10:00:00,,2895625.61,
2026-05-22 11:00:00,,2864308.93,
2026-05-22 12:00:00,,2902400.61,
2026-05-22 13:00:00,,2997626.52,
2026-05-22 14:00:00,,3090221.86,
2026-05-22 15:00:00,,3065986.70,
2026-05-22 16:00:00,,2803826.76,
2026-05-22 17:00:00,,2821326.26,
2026-05-22 18:00:00,,2825498.55,
2026-05-22 19:00:00,,2590472.83,
2026-05-22 20:00:00,,2521613.65,
2026-05-22 21:00:00,,2667583.11,
2026-05-22 22:00:00,,2679459.48,
2026-05-22 23:00:00,,2683887.79,
2026-05-23 00:00:00,,2588958.24,
2026-05-23 01:00:00,,2657160.67,
2026-05-23 02:00:00,,2656553.12,
2026-05-23 03:00:00,,2646743.40,
2026-05-23 04:00:00,,2635417.77,
2026-05-23 05:00:00,,2552493.63,
2026-05-23 06:00:00,,2516483.01,
2026-05-23 07:00:00,,2497332.40,
2026-05-23 08:00:00,,2421473.37,
2026-05-23 09:00:00,,2449702.82,
2026-05-23 10:00:00,,2513608.06,
2026-05-23 11:00:00,,2631473.28,
2026-05-23 12:00:00,,2694465.82,
2026-05-23 13:00:00,,2652522.72,
2026-05-23 14:00:00,,2673648.17,
2026-05-23 15:00:00,,2665882.71,
2026-05-23 16:00:00,,2634699.43,
2026-05-23 17:00:00,,2662925.93,
2026-05-23 18:00:00,,2727732.74,
2026-05-23 19:00:00,,2809924.65,
2026-05-23 20:00:00,,2843856.79,
2026-05-23 21:00:00,,3348336.01,
2026-05-23 22:00:00,,3022198.44,
2026-05-23 23:00:00,,3045119.43,
2026-05-24 00:00:00,,3224168.22,
2026-05-24 01:00:00,,3136055.26,
2026-05-24 02:00:00,,3235366.76,
2026-05-24 03:00:00,,3257668.66,
2026-05-24 04:00:00,,3409947.69,
2026-05-24 05:00:00,,3555139.72,
2026-05-24 06:00:00,,3432153.27,
2026-05-24 07:00:00,,3455106.96,
2026-05-24 08:00:00,,3508858.03,
2026-05-24 09:00:00,,3536643.91,
2026-05-24 10:00:00,,3927781.94,
2026-05-24 11:00:00,,4313392.37,
2026-05-24 12:00:00,,4386988.55,
2026-05-24 13:00:00,,4307221.89,
2026-05-24 14:00:00,,4803235.44,
2026-05-24 15:00:00,,4470670.34,
2026-05-24 16:00:00,,5819727.50,
2026-05-24 17:00:00,,6420084.18,
2026-05-24 18:00:00,,6796645.03,
2026-05-24 19:00:00,,7434637.91,
2026-05-24 20:00:00,,7312310.25,
2026-05-24 21:00:00,,6572181.88,
2026-05-24 22:00:00,,6426806.36,
2026-05-24 23:00:00,,6537908.89,
2026-05-25 00:00:00,,6590154.51,
2026-05-25 01:00:00,,6692415.16,
2026-05-25 02:00:00,,6796616.48,
2026-05-25 03:00:00,,6716647.18,
2026-05-25 04:00:00,,7139272.33,
2026-05-25 05:00:00,,7093498.11,
2026-05-25 06:00:00,,7461630.03,
2026-05-25 07:00:00,,7276739.19,
2026-05-25 08:00:00,,7308462.27,
2026-05-25 09:00:00,,7942192.30,
2026-05-25 10:00:00,,7761644.17,
2026-05-25 11:00:00,,7907146.01,
2026-05-25 12:00:00,,7725752.94,
2026-05-25 13:00:00,,7571656.72,
2026-05-25 14:00:00,,7986365.97,
2026-05-25 15:00:00,,7677525.06,
2026-05-25 16:00:00,,7659493.28,
2026-05-25 17:00:00,,8045019.60,
2026-05-25 18:00:00,,8829750.84,
2026-05-25 19:00:00,,7965800.13,
2026-05-25 20:00:00,,8082506.94,
2026-05-25 21:00:00,,7412627.54,
2026-05-25 22:00:00,,7289524.84,
2026-05-25 23:00:00,,7453600.91,
2026-05-26 00:00:00,,7375927.32,
2026-05-26 01:00:00,,6781963.50,
2026-05-26 02:00:00,,7035297.69,
2026-05-26 03:00:00,,5786318.36,
2026-05-26 04:00:00,,5623139.98,
2026-05-26 05:00:00,,5700313.30,
2026-05-26 06:00:00,,5340547.83,
2026-05-26 07:00:00,,5210103.34,
2026-05-26 08:00:00,,5075836.64,
2026-05-26 09:00:00,,5152954.86,
2026-05-26 10:00:00,,5310065.72,
2026-05-26 11:00:00,,5872630.51,
2026-05-26 12:00:00,,5725579.24,
2026-05-26 13:00:00,,5683212.76,
2026-05-26 14:00:00,,5682334.47,
2026-05-26 15:00:00,,5875610.10,
2026-05-26 16:00:00,,5949256.48,
2026-05-26 17:00:00,,5741982.54,
2026-05-26 18:00:00,,5369701.37,
2026-05-26 19:00:00,,5035336.26,
2026-05-26 20:00:00,,4666922.92,
2026-05-26 21:00:00,,4705133.93,
2026-05-26 22:00:00,,4536515.77,
2026-05-26 23:00:00,,4525625.11,
2026-05-27 00:00:00,,4573391.00,
2026-05-27 01:00:00,,4580473.07,
2026-05-27 02:00:00,,4417559.05,
2026-05-27 03:00:00,,4354398.06,
2026-05-27 04:00:00,,4262196.13,
2026-05-27 05:00:00,,4228219.93,
2026-05-27 06:00:00,,4234551.75,
2026-05-27 07:00:00,,4175976.30,
2026-05-27 08:00:00,,4077274.35,
2026-05-27 09:00:00,,4089990.81,
2026-05-27 10:00:00,,3991850.15,
2026-05-27 11:00:00,,3837203.48,
2026-05-27 12:00:00,,3823361.81,
2026-05-27 13:00:00,,3851419.72,
2026-05-27 14:00:00,,4060375.88,
2026-05-27 15:00:00,,4046067.01,
2026-05-27 16:00:00,,4000447.57,
2026-05-27 17:00:00,,3934099.21,
2026-05-27 18:00:00,,3853013.76,
2026-05-27 19:00:00,,3948455.91,
2026-05-27 20:00:00,,3955761.22,
2026-05-27 21:00:00,,3901899.63,
2026-05-27 22:00:00,,3769533.00,
2026-05-27 23:00:00,,3728267.20,
2026-05-28 00:00:00,,3706934.22,
2026-05-28 01:00:00,,3700285.77,
2026-05-28 02:00:00,,3692441.95,
2026-05-28 03:00:00,,3668910.53,
2026-05-28 04:00:00,,3469081.66,
2026-05-28 05:00:00,,3151556.69,
2026-05-28 06:00:00,,3067711.98,
2026-05-28 07:00:00,,2983341.55,
2026-05-28 08:00:00,,3009965.84,
2026-05-28 09:00:00,,3006882.05,
2026-05-28 10:00:00,,3045060.78,
2026-05-28 11:00:00,,2991998.98,
2026-05-28 12:00:00,,3045365.58,
2026-05-28 13:00:00,,2904160.54,
2026-05-28 14:00:00,,2861545.61,
2026-05-28 15:00:00,,2860780.69,
2026-05-28 16:00:00,,2833678.02,
2026-05-28 17:00:00,,2885996.60,
2026-05-28 18:00:00,,2949639.06,
2026-05-28 19:00:00,,2969230.04,
2026-05-28 20:00:00,,2908542.46,
2026-05-28 21:00:00,,2863208.21,
2026-05-28 22:00:00,,2859115.19,
2026-05-28 23:00:00,,2829652.74,
2026-05-29 00:00:00,,2858830.24,
2026-05-29 01:00:00,,2859245.79,
2026-05-29 02:00:00,,2942433.70,
2026-05-29 03:00:00,,2886200.82,
2026-05-29 04:00:00,,2857786.81,
2026-05-29 05:00:00,,2796043.94,
2026-05-29 06:00:00,,2963604.11,
2026-05-29 07:00:00,,2925608.26,
2026-05-29 08:00:00,,2926082.29,
2026-05-29 09:00:00,,3021198.88,
2026-05-29 10:00:00,,3210807.32,
2026-05-29 11:00:00,,3451531.04,
2026-05-29 12:00:00,,3448586.32,
2026-05-29 13:00:00,,3331868.16,
2026-05-29 14:00:00,,3205825.26,
2026-05-29 15:00:00,,3248976.28,
2026-05-29 16:00:00,,3296063.45,
2026-05-29 17:00:00,,3108066.13,
2026-05-29 18:00:00,,3151311.91,
2026-05-29 19:00:00,,3023994.62,
2026-05-29 20:00:00,,3085864.44,
2026-05-29 21:00:00,,3131538.21,
2026-05-29 22:00:00,,2963957.67,
2026-05-29 23:00:00,,2860642.37,
2026-05-30 00:00:00,,2667294.82,
2026-05-30 01:00:00,,2681771.44,
2026-05-30 02:00:00,,2704116.82,
2026-05-30 03:00:00,,2719663.78,
2026-05-30 04:00:00,,2641154.61,
2026-05-30 05:00:00,,2683482.74,
2026-05-30 06:00:00,,2692592.04,
2026-05-30 07:00:00,,2653729.81,
2026-05-30 08:00:00,,2700740.68,
2026-05-30 09:00:00,,2674926.66,
2026-05-30 10:00:00,,2680622.89,
2026-05-30 11:00:00,,2812522.97,
2026-05-30 12:00:00,,2683535.15,
2026-05-30 13:00:00,,2669440.85,
2026-05-30 14:00:00,,2679209.97,
2026-05-30 15:00:00,,2643389.48,
2026-05-30 16:00:00,,2664827.94,
2026-05-30 17:00:00,,2626493.38,
2026-05-30 18:00:00,,2571685.73,
2026-05-30 19:00:00,,2515714.87,
2026-05-30 20:00:00,,2475704.95,
2026-05-30 21:00:00,,2458530.86,
2026-05-30 22:00:00,,2409052.14,
2026-05-30 23:00:00,,2352587.12,
2026-05-31 00:00:00,,2344200.19,
2026-05-31 01:00:00,,2312382.49,
2026-05-31 02:00:00,,2326487.03,
2026-05-31 03:00:00,,2322434.34,
2026-05-31 04:00:00,,2321026.87,
2026-05-31 05:00:00,,2304899.52,
2026-05-31 06:00:00,,2245517.35,
2026-05-31 07:00:00,,2202646.19,
2026-05-31 08:00:00,,2178839.44,
2026-05-31 09:00:00,,2207113.14,
2026-05-31 10:00:00,,2199125.01,
2026-05-31 11:00:00,,2276844.84,
2026-05-31 12:00:00,,2253410.61,
2026-05-31 13:00:00,,2216773.09,
2026-05-31 14:00:00,,2288464.87,
2026-05-31 15:00:00,,2270961.99,
2026-05-31 16:00:00,,2287294.57,
2026-05-31 17:00:00,,2263932.56,
2026-05-31 18:00:00,,2177625.30,
2026-05-31 19:00:00,,2154996.33,
2026-05-31 20:00:00,,2141774.87,
2026-05-31 21:00:00,,2192064.67,
2026-05-31 22:00:00,,2188972.96,
2026-05-31 23:00:00,,2173224.15,
2026-06-01 00:00:00,,2141206.70,
2026-06-01 01:00:00,,2160761.73,
2026-06-01 02:00:00,,2135232.96,
2026-06-01 03:00:00,,2198482.13,
2026-06-01 04:00:00,,2194989.92,
2026-06-01 05:00:00,,2258230.31,
2026-06-01 06:00:00,,2218442.28,
2026-06-01 07:00:00,,2208723.68,
2026-06-01 08:00:00,,2215541.81,
2026-06-01 09:00:00,,2285882.43,
2026-06-01 10:00:00,,2335045.13,
2026-06-01 11:00:00,,2367348.52,
2026-06-01 12:00:00,,2329008.03,
2026-06-01 13:00:00,,2381193.94,
2026-06-01 14:00:00,,2350719.02,
2026-06-01 15:00:00,,2466425.78,
2026-06-01 16:00:00,,2539783.49,
2026-06-01 17:00:00,,2512123.27,
2026-06-01 18:00:00,,2479060.61,
2026-06-01 19:00:00,,2491796.23,
2026-06-01 20:00:00,,2439372.21,
2026-06-01 21:00:00,,2443735.71,
2026-06-01 22:00:00,,2374090.47,
2026-06-01 23:00:00,,2527475.67,
2026-06-02 00:00:00,,2521784.50,
2026-06-02 01:00:00,,2446281.71,
2026-06-02 02:00:00,,2392117.68,
2026-06-02 03:00:00,,2433401.71,
2026-06-02 04:00:00,,2473187.89,
2026-06-02 05:00:00,,2390553.46,
2026-06-02 06:00:00,,2378024.70,
2026-06-02 07:00:00,,2424907.23,
2026-06-02 08:00:00,,2762801.63,
2026-06-02 09:00:00,,2588777.12,
2026-06-02 10:00:00,,2421743.73,
2026-06-02 11:00:00,,2432864.41,
2026-06-02 12:00:00,,2402706.77,
2026-06-02 13:00:00,,2305518.27,
2026-06-02 14:00:00,,2389538.70,
2026-06-02 15:00:00,,2326671.68,
2026-06-02 16:00:00,,2270568.01,
2026-06-02 17:00:00,,2257634.88,
2026-06-02 18:00:00,,2267816.27,
2026-06-02 19:00:00,,2196935.71,
2026-06-02 20:00:00,,2125923.27,
2026-06-02 21:00:00,,2157818.65,
2026-06-02 22:00:00,,2115893.82,
2026-06-02 23:00:00,,2038086.99,
2026-06-03 00:00:00,,1946861.19,
2026-06-03 01:00:00,,1963284.76,
2026-06-03 02:00:00,,1971377.20,
2026-06-03 03:00:00,,1964966.98,
2026-06-03 04:00:00,,1928678.33,
2026-06-03 05:00:00,,2046339.34,
2026-06-03 06:00:00,,2019382.39,
2026-06-03 07:00:00,,2002493.48,
2026-06-03 08:00:00,,1956202.00,
2026-06-03 09:00:00,,1982256.51,
2026-06-03 10:00:00,,1962331.64,
2026-06-03 11:00:00,,1970515.85,
2026-06-03 12:00:00,,1941141.68,
2026-06-03 13:00:00,,1929640.22,
2026-06-03 14:00:00,,1893815.92,
2026-06-03 15:00:00,,1851623.16,
2026-06-03 16:00:00,,1807151.70,
2026-06-03 17:00:00,,1861608.36,
2026-06-03 18:00:00,,1859398.44,
2026-06-03 19:00:00,,1861075.10,
2026-06-03 20:00:00,,1801509.27,
2026-06-03 21:00:00,,1739469.33,
2026-06-03 22:00:00,,1757234.77,
2026-06-03 23:00:00,,1719413.98,
2026-06-04 00:00:00,,1676635.26,
2026-06-04 01:00:00,,1641951.48,
2026-06-04 02:00:00,,1527345.91,
2026-06-04 03:00:00,,1531622.52,
2026-06-04 04:00:00,,1569723.44,
2026-06-04 05:00:00,,1465066.06,
2026-06-04 06:00:00,,1499491.92,
2026-06-04 07:00:00,,1485865.80,
2026-06-04 08:00:00,,1461574.38,
2026-06-04 09:00:00,,1457197.00,
2026-06-04 10:00:00,,1428418.07,
2026-06-04 11:00:00,,1463549.33,
2026-06-04 12:00:00,,1419517.07,
2026-06-04 13:00:00,,1436994.49,
2026-06-04 14:00:00,,1439289.03,
2026-06-04 15:00:00,,1450822.39,
2026-06-04 16:00:00,,1475733.73,
2026-06-04 17:00:00,,1519820.74,
2026-06-04 18:00:00,,1544230.71,
2026-06-04 19:00:00,,1502106.68,
2026-06-04 20:00:00,,1480351.63,
2026-06-04 21:00:00,,1434867.83,
2026-06-04 22:00:00,,1346422.43,
2026-06-04 23:00:00,,1369455.81,
2026-06-05 00:00:00,,1331613.77,
2026-06-05 01:00:00,,1316137.10,
2026-06-05 02:00:00,,1314140.26,
2026-06-05 03:00:00,,1270661.09,
2026-06-05 04:00:00,,1319112.25,
2026-06-05 05:00:00,,1374225.33,
2026-06-05 06:00:00,,1328615.85,
2026-06-05 07:00:00,,1289105.87,
2026-06-05 08:00:00,,1250595.27,
2026-06-05 09:00:00,,1242886.36,
2026-06-05 10:00:00,,1300714.21,
2026-06-05 11:00:00,,1254425.47,
2026-06-05 12:00:00,,1230083.26,
2026-06-05 13:00:00,,1234468.73,
2026-06-05 14:00:00,,1220642.55,
2026-06-05 15:00:00,,1167746.14,
2026-06-05 16:00:00,,1147122.98,
2026-06-05 17:00:00,,1160721.82,
2026-06-05 18:00:00,,1133165.18,
2026-06-05 19:00:00,,1084454.66,
2026-06-05 20:00:00,,1077831.38,
2026-06-05 21:00:00,,1120728.89,
2026-06-05 22:00:00,,1093095.55,
2026-06-05 23:00:00,,1091080.89,
2026-06-06 00:00:00,,1063693.09,
2026-06-06 01:00:00,,1099568.04,
2026-06-06 02:00:00,,1109792.45,
2026-06-06 03:00:00,,1135998.90,
2026-06-06 04:00:00,,1058099.39,
2026-06-06 05:00:00,,975861.75,
2026-06-06 06:00:00,,1070691.10,
2026-06-06 07:00:00,,1066447.07,
2026-06-06 08:00:00,,1048611.01,
2026-06-06 09:00:00,,1058544.20,
2026-06-06 10:00:00,,1015671.48,
2026-06-06 11:00:00,,1032121.06,
2026-06-06 12:00:00,,1025973.44,
2026-06-06 13:00:00,,1033181.47,
2026-06-06 14:00:00,,1021576.18,
2026-06-06 15:00:00,,1017807.04,
2026-06-06 16:00:00,,994452.25,
2026-06-06 17:00:00,,1020438.66,
2026-06-06 18:00:00,,1000836.61,
2026-06-06 19:00:00,,1025316.61,
2026-06-06 20:00:00,,1007418.23,
2026-06-06 21:00:00,,1000114.24,
2026-06-06 22:00:00,,1012604.25,
2026-06-06 23:00:00,,1012181.99,
2026-06-07 00:00:00,,1032882.32,
2026-06-07 01:00:00,,1036710.72,
2026-06-07 02:00:00,,1097478.28,
2026-06-07 03:00:00,,1070624.08,
2026-06-07 04:00:00,,1081231.22,
2026-06-07 05:00:00,,1088675.78,
2026-06-07 06:00:00,,1103462.06,
2026-06-07 07:00:00,,1101022.46,
2026-06-07 08:00:00,,1109524.26,
2026-06-07 09:00:00,,1184881.70,
2026-06-07 10:00:00,,1183188.86,
2026-06-07 11:00:00,,1178887.83,
2026-06-07 12:00:00,,1167297.23,
2026-06-07 13:00:00,,1171865.52,
2026-06-07 14:00:00,,1194984.35,
2026-06-07 15:00:00,,1196593.75,
2026-06-07 16:00:00,,1182832.78,
2026-06-07 17:00:00,,1181503.59,
2026-06-07 18:00:00,,1169613.41,
2026-06-07 19:00:00,,1159252.35,
2026-06-07 20:00:00,,1123910.61,
2026-06-07 21:00:00,,1132722.41,
2026-06-07 22:00:00,,1118977.57,
2026-06-07 23:00:00,,1163428.90,
2026-06-08 00:00:00,,1145886.54,
2026-06-08 01:00:00,,1159054.59,
2026-06-08 02:00:00,,1136949.22,
2026-06-08 03:00:00,,1139776.14,
2026-06-08 04:00:00,,1172136.33,
2026-06-08 05:00:00,,1160595.99,
2026-06-08 06:00:00,,1214069.60,
2026-06-08 07:00:00,,1289192.14,
2026-06-08 08:00:00,,1354529.61,
2026-06-08 09:00:00,,1328166.75,
2026-06-08 10:00:00,,1342213.41,
2026-06-08 11:00:00,,1297307.72,
2026-06-08 12:00:00,,1296184.50,
2026-06-08 13:00:00,,1314263.47,
2026-06-08 14:00:00,,1306294.50,
2026-06-08 15:00:00,,1315290.14,
2026-06-08 16:00:00,,1302824.75,
2026-06-08 17:00:00,,1282642.22,
2026-06-08 18:00:00,,1297111.42,
2026-06-08 19:00:00,,1274620.59,
2026-06-08 20:00:00,,1262583.10,
2026-06-08 21:00:00,,1279857.91,
2026-06-08 22:00:00,,1269475.93,
2026-06-08 23:00:00,,1263499.82,
2026-06-09 00:00:00,,1212083.45,
2026-06-09 01:00:00,,1164235.83,
2026-06-09 02:00:00,,1177374.63,
2026-06-09 03:00:00,,1141765.79,
2026-06-09 04:00:00,,1173960.60,
2026-06-09 05:00:00,,1228185.17,
2026-06-09 06:00:00,,1246473.56,
2026-06-09 07:00:00,,1243599.48,
2026-06-09 08:00:00,,1258790.31,
2026-06-09 09:00:00,,1252164.99,
2026-06-09 10:00:00,,1247153.49,
2026-06-09 11:00:00,,1256744.65,
2026-06-09 12:00:00,,1253336.22,
2026-06-09 13:00:00,,1287081.64,
2026-06-09 14:00:00,,1266821.81,
2026-06-09 15:00:00,,1204082.33,
2026-06-09 16:00:00,,1178527.43,
2026-06-09 17:00:00,,1188901.86,
2026-06-09 18:00:00,,1197795.60,
2026-06-09 19:00:00,,1197378.63,
2026-06-09 20:00:00,,1200233.54,
2026-06-09 21:00:00,,1223450.04,
2026-06-09 22:00:00,,1191108.43,
2026-06-09 23:00:00,,1177065.96,
2026-06-10 00:00:00,,1186323.84,
2026-06-10 01:00:00,,1163721.90,
2026-06-10 02:00:00,,1172794.82,
2026-06-10 03:00:00,,1159959.18,
2026-06-10 04:00:00,,1153970.40,
2026-06-10 05:00:00,,1130890.36,
2026-06-10 06:00:00,,1131404.66,
2026-06-10 07:00:00,,1100077.94,
2026-06-10 08:00:00,,1088885.26,
2026-06-10 09:00:00,,1114110.15,
2026-06-10 10:00:00,,1097157.47,
2026-06-10 11:00:00,,1104016.48,
2026-06-10 12:00:00,,1065235.03,
2026-06-10 13:00:00,,1093106.38,
2026-06-10 14:00:00,,1090536.96,
2026-06-10 15:00:00,,1095951.24,
2026-06-10 16:00:00,,1103282.03,
2026-06-10 17:00:00,,1066436.01,
2026-06-10 18:00:00,,1062824.05,
2026-06-10 19:00:00,,1049671.70,
2026-06-10 20:00:00,,1010584.64,
2026-06-10 21:00:00,,1000234.53,
2026-06-10 22:00:00,,1005615.30,
2026-06-10 23:00:00,,1022592.92,
2026-06-11 00:00:00,,1031106.05,
2026-06-11 01:00:00,,1047448.48,
2026-06-11 02:00:00,,1062854.45,
2026-06-11 03:00:00,,1049204.57,
2026-06-11 04:00:00,,1069726.22,
2026-06-11 05:00:00,,1070300.07,
2026-06-11 06:00:00,,1048414.42,
2026-06-11 07:00:00,,1050772.72,
2026-06-11 08:00:00,,1056030.66,
2026-06-11 09:00:00,,1058722.68,
2026-06-11 10:00:00,,1054715.92,
2026-06-11 11:00:00,,1070911.65,
2026-06-11 12:00:00,,1050705.61,
2026-06-11 13:00:00,,1031776.05,
2026-06-11 14:00:00,,1058544.20,
2026-06-11 15:00:00,,1050963.46,
2026-06-11 16:00:00,,1059480.62,
2026-06-11 17:00:00,,1041193.49,
2026-06-11 18:00:00,,1073089.82,
2026-06-11 19:00:00,,1052089.96,
2026-06-11 20:00:00,,1046118.05,
2026-06-11 21:00:00,,1046072.72,
2026-06-11 22:00:00,,1045364.42,
2026-06-11 23:00:00,,1063009.37,
2026-06-12 00:00:00,,1062898.90,
2026-06-12 01:00:00,,1069803.50,
2026-06-12 02:00:00,,1054195.59,
2026-06-12 03:00:00,,1045793.80,
2026-06-12 04:00:00,,1043661.67,
2026-06-12 05:00:00,,1037142.08,
2026-06-12 06:00:00,,1064478.57,
2026-06-12 07:00:00,,1060223.96,
2026-06-12 08:00:00,,1081752.71,
2026-06-12 09:00:00,,1099994.22,
2026-06-12 10:00:00,,1096227.70,
2026-06-12 11:00:00,,1075340.36,
2026-06-12 12:00:00,,1050576.58,
2026-06-12 13:00:00,,1057897.00,
2026-06-12 14:00:00,,1050377.11,
2026-06-12 15:00:00,,1056284.81,
2026-06-12 16:00:00,,1045473.69,
2026-06-12 17:00:00,,1044123.71,
2026-06-12 18:00:00,,1038027.00,
2026-06-12 19:00:00,,1028753.67,
2026-06-12 20:00:00,,1020733.81,
2026-06-12 21:00:00,,1019308.46,
2026-06-12 22:00:00,,1020642.17,
2026-06-12 23:00:00,,1004820.23,
2026-06-13 00:00:00,,1019926.23,
2026-06-13 01:00:00,,1063713.96,
2026-06-13 02:00:00,,1058512.36,
2026-06-13 03:00:00,,1039110.18,
2026-06-13 04:00:00,,1059088.92,
2026-06-13 05:00:00,,1029400.47,
2026-06-13 06:00:00,,1031425.67,
2026-06-13 07:00:00,,1066550.02,
2026-06-13 08:00:00,,1025479.01,
2026-06-13 09:00:00,,1028467.51,
2026-06-13 10:00:00,,1041618.31,
2026-06-13 11:00:00,,1018092.72,
2026-06-13 12:00:00,,1058258.04,
2026-06-13 13:00:00,,1160916.31,
2026-06-13 14:00:00,,1287884.75,
2026-06-13 15:00:00,,1215366.41,
2026-06-13 16:00:00,,1341386.46,
2026-06-13 17:00:00,,1237847.07,
2026-06-13 18:00:00,,1193071.24,
2026-06-13 19:00:00,,1142821.97,
2026-06-13 20:00:00,,1134839.69,
2026-06-13 21:00:00,,1136539.32,
2026-06-13 22:00:00,,1219849.33,
2026-06-13 23:00:00,,1235539.97,
2026-06-14 00:00:00,,1264893.77,
2026-06-14 01:00:00,,1262288.20,
2026-06-14 02:00:00,,1220863.88,
2026-06-14 03:00:00,,1215118.73,
2026-06-14 04:00:00,,1227602.27,
2026-06-14 05:00:00,,1265902.08,
2026-06-14 06:00:00,,1277285.94,
2026-06-14 07:00:00,,1208892.49,
2026-06-14 08:00:00,,1231640.14,
2026-06-14 09:00:00,,1209016.00,
2026-06-14 10:00:00,,1192347.40,
2026-06-14 11:00:00,,1352567.71,
2026-06-14 12:00:00,,1432787.47,
2026-06-14 13:00:00,,1337232.74,
2026-06-14 14:00:00,,1320169.26,
2026-06-14 15:00:00,,1248804.02,
2026-06-14 16:00:00,,1247953.07,
2026-06-14 17:00:00,,1245454.95,
2026-06-14 18:00:00,,1207302.43,
2026-06-14 19:00:00,,1030725.48,
2026-06-14 20:00:00,,1049223.68,
2026-06-14 21:00:00,,1036042.63,
2026-06-14 22:00:00,,1215282.76,
2026-06-14 23:00:00,,1203864.98,
2026-06-15 00:00:00,,1219315.70,
2026-06-15 01:00:00,,1219952.69,
2026-06-15 02:00:00,,1248144.44,
2026-06-15 03:00:00,,1226588.89,
2026-06-15 04:00:00,,1209988.23,
2026-06-15 05:00:00,,1281180.51,
2026-06-15 06:00:00,,1362036.73,
2026-06-15 07:00:00,,1353186.65,
2026-06-15 08:00:00,,1411521.15,
2026-06-15 09:00:00,,1458674.39,
2026-06-15 10:00:00,,1554829.04,
2026-06-15 11:00:00,,1789341.57,
2026-06-15 12:00:00,,1619536.47,
2026-06-15 13:00:00,,1482173.92,
2026-06-15 14:00:00,,1487842.27,
2026-06-15 15:00:00,,1486818.94,
2026-06-15 16:00:00,,1489632.56,
2026-06-15 17:00:00,,1435437.56,
2026-06-15 18:00:00,,1426386.76,
2026-06-15 19:00:00,,1407543.04,
2026-06-15 20:00:00,,1304277.45,
2026-06-15 21:00:00,,1322062.85,
2026-06-15 22:00:00,,1332210.12,
2026-06-15 23:00:00,,1251927.66,
2026-06-16 00:00:00,,1287348.48,
2026-06-16 01:00:00,,1289655.86,
2026-06-16 02:00:00,,1271109.31,
2026-06-16 03:00:00,,1238191.53,
2026-06-16 04:00:00,,1276935.89,
2026-06-16 05:00:00,,1267539.32,
2026-06-16 06:00:00,,1320843.54,
2026-06-16 07:00:00,,1305854.29,
2026-06-16 08:00:00,,1166986.26,
2026-06-16 09:00:00,,1192516.43,
2026-06-16 10:00:00,,1159931.13,
2026-06-16 11:00:00,,1324823.80,
2026-06-16 12:00:00,,1298511.58,
2026-06-16 13:00:00,,1260594.50,
2026-06-16 14:00:00,,1269816.20,
2026-06-16 15:00:00,,1174450.47,
2026-06-16 16:00:00,,1179720.80,
2026-06-16 17:00:00,,1172908.62,
2026-06-16 18:00:00,,1217236.61,
2026-06-16 19:00:00,,1220555.14,
2026-06-16 20:00:00,,1234359.50,
2026-06-16 21:00:00,,1240491.79,
2026-06-16 22:00:00,,1244506.38,
2026-06-16 23:00:00,,1269225.13,
2026-06-17 00:00:00,,1259800.63,
2026-06-17 01:00:00,,1263715.99,
2026-06-17 02:00:00,,1267769.29,
2026-06-17 03:00:00,,1270020.96,
2026-06-17 04:00:00,,1266025.50,
2026-06-17 05:00:00,,1253823.02,
2026-06-17 06:00:00,,1233916.15,
2026-06-17 07:00:00,,1290810.14,
2026-06-17 08:00:00,,1262642.23,
2026-06-17 09:00:00,,1194498.15,
2026-06-17 10:00:00,,1197779.38,
2026-06-17 11:00:00,,1177387.90,
2026-06-17 12:00:00,,1182424.31,
2026-06-17 13:00:00,,1193275.52,
2026-06-17 14:00:00,,1186026.61,
2026-06-17 15:00:00,,1159230.83,
2026-06-17 16:00:00,,1186030.91,
2026-06-17 17:00:00,,1154974.39,
2026-06-17 18:00:00,,1143650.95,
2026-06-17 19:00:00,,1146473.40,
2026-06-17 20:00:00,,1107964.77,
2026-06-17 21:00:00,,1147855.50,
2026-06-17 22:00:00,,1092161.38,
2026-06-17 23:00:00,,1076966.43,
2026-06-18 00:00:00,,1093939.71,
2026-06-18 01:00:00,,1107990.44,
2026-06-18 02:00:00,,1108709.04,
2026-06-18 03:00:00,,1109437.43,
2026-06-18 04:00:00,,1100921.68,
2026-06-18 05:00:00,,1082430.06,
2026-06-18 06:00:00,,1080607.15,
2026-06-18 07:00:00,,1071901.59,
2026-06-18 08:00:00,,1091354.88,
2026-06-18 09:00:00,,1091230.97,
2026-06-18 10:00:00,,1099742.29,
2026-06-18 11:00:00,,1082793.40,
2026-06-18 12:00:00,,1068419.44,
2026-06-18 13:00:00,,1071615.30,
2026-06-18 14:00:00,,1056151.02,
2026-06-18 15:00:00,,1106931.67,
2026-06-18 16:00:00,,1007844.12,
2026-06-18 17:00:00,,1037226.50,
2026-06-18 18:00:00,,1040616.99,
2026-06-18 19:00:00,,1056646.09,
2026-06-18 20:00:00,,1084476.16,
2026-06-18 21:00:00,,1097420.39,
2026-06-18 22:00:00,,1096827.18,
2026-06-18 23:00:00,,1083251.67,
2026-06-19 00:00:00,,1078423.67,
2026-06-19 01:00:00,,1088255.61,
2026-06-19 02:00:00,,1101038.82,
2026-06-19 03:00:00,,1089038.74,
2026-06-19 04:00:00,,1081184.39,
2026-06-19 05:00:00,,1051237.75,
2026-06-19 06:00:00,,1059624.36,
2026-06-19 07:00:00,,1052147.68,
2026-06-19 08:00:00,,1034621.97,
2026-06-19 09:00:00,,1010060.09,
2026-06-19 10:00:00,,989091.46,
2026-06-19 11:00:00,,975558.29,
2026-06-19 12:00:00,,963856.76,
2026-06-19 13:00:00,,980916.29,
2026-06-19 14:00:00,,979716.95,
2026-06-19 15:00:00,,983533.11,
2026-06-19 16:00:00,,986622.14,
2026-06-19 17:00:00,,969325.92,
2026-06-19 18:00:00,,989559.22,
2026-06-19 19:00:00,,990006.83,
2026-06-19 20:00:00,,983614.52,
2026-06-19 21:00:00,,990388.71,
2026-06-19 22:00:00,,977658.20,
2026-06-19 23:00:00,,979453.32,
2026-06-20 00:00:00,,993712.36,
2026-06-20 01:00:00,,988474.04,
2026-06-20 02:00:00,,982610.17,
2026-06-20 03:00:00,,972275.62,
2026-06-20 04:00:00,,978452.40,
2026-06-20 05:00:00,,984431.92,
2026-06-20 06:00:00,,1007014.72,
2026-06-20 07:00:00,,1014132.88,
2026-06-20 08:00:00,,1010615.75,
2026-06-20 09:00:00,,1011937.45,
2026-06-20 10:00:00,,1014572.30,
2026-06-20 11:00:00,,1003138.59,
2026-06-20 12:00:00,,1000619.99,
2026-06-20 13:00:00,,998778.27,
2026-06-20 14:00:00,,984240.40,
2026-06-20 15:00:00,,984268.50,
2026-06-20 16:00:00,,1011756.55,
2026-06-20 17:00:00,,1017246.50,
2026-06-20 18:00:00,,996183.56,
2026-06-20 19:00:00,,999209.35,
2026-06-20 20:00:00,,995299.34,
2026-06-20 21:00:00,,998975.86,
2026-06-20 22:00:00,,995473.64,
2026-06-20 23:00:00,,1000125.32,
2026-06-21 00:00:00,,1000278.46,
2026-06-21 01:00:00,,998805.39,
2026-06-21 02:00:00,,997374.76,
2026-06-21 03:00:00,,996157.79,
2026-06-21 04:00:00,,997438.22,
2026-06-21 05:00:00,,999757.63,
2026-06-21 06:00:00,,994686.68,
2026-06-21 07:00:00,,997332.38,
2026-06-21 08:00:00,,988972.45,
2026-06-21 09:00:00,,999202.95,
2026-06-21 10:00:00,,1005587.73,
2026-06-21 11:00:00,,1002563.15,
2026-06-21 12:00:00,,997989.01,
2026-06-21 13:00:00,,1001177.64,
2026-06-21 14:00:00,,996985.49,
2026-06-21 15:00:00,,996387.18,
2026-06-21 16:00:00,,998728.88,
2026-06-21 17:00:00,,1006589.14,
2026-06-21 18:00:00,,995051.71,
2026-06-21 19:00:00,,1008681.73,
2026-06-21 20:00:00,,1009987.01,
2026-06-21 21:00:00,,996171.94,
2026-06-21 22:00:00,,971440.72,
2026-06-21 23:00:00,,968566.86,
2026-06-22 00:00:00,,948249.41,
2026-06-22 01:00:00,,976099.66,
2026-06-22 02:00:00,,988840.72,
2026-06-22 03:00:00,,980302.14,
2026-06-22 04:00:00,,975353.91,
2026-06-22 05:00:00,,979941.92,
2026-06-22 06:00:00,,998863.16,
2026-06-22 07:00:00,,1014826.20,
2026-06-22 08:00:00,,997386.53,
2026-06-22 09:00:00,,995797.25,
2026-06-22 10:00:00,,993637.00,
2026-06-22 11:00:00,,1002659.40,
2026-06-22 12:00:00,,1040626.87,
2026-06-22 13:00:00,,1003104.23,
2026-06-22 14:00:00,,1012280.69,
2026-06-22 15:00:00,,991855.72,
2026-06-22 16:00:00,,982366.13,
2026-06-22 17:00:00,,984214.24,
2026-06-22 18:00:00,,972429.49,
2026-06-22 19:00:00,,951468.06,
2026-06-22 20:00:00,,950310.43,
2026-06-22 21:00:00,,958453.40,
2026-06-22 22:00:00,,942902.90,
2026-06-22 23:00:00,,922433.61,
2026-06-23 00:00:00,,922552.31,
2026-06-23 01:00:00,,923950.96,
2026-06-23 02:00:00,,923690.74,
2026-06-23 03:00:00,,926146.85,
2026-06-23 04:00:00,,933360.76,
2026-06-23 05:00:00,,940591.04,
2026-06-23 06:00:00,,936472.78,
2026-06-23 07:00:00,,896129.64,
2026-06-23 08:00:00,,886684.84,
2026-06-23 09:00:00,,851860.15,
2026-06-23 10:00:00,,846511.08,
2026-06-23 11:00:00,,851430.16,
2026-06-23 12:00:00,,861458.63,
2026-06-23 13:00:00,,856739.76,
2026-06-23 14:00:00,,899647.93,
2026-06-23 15:00:00,,890625.86,
2026-06-23 16:00:00,,886179.04,
2026-06-23 17:00:00,,902717.15,
2026-06-23 18:00:00,,889785.32,
2026-06-23 19:00:00,,895764.01,
2026-06-23 20:00:00,,893393.24,
2026-06-23 21:00:00,,895608.61,
2026-06-23 22:00:00,,897905.60,
2026-06-23 23:00:00,,904595.87,
2026-06-24 00:00:00,,909716.27,
2026-06-24 01:00:00,,906600.52,
2026-06-24 02:00:00,,899801.88,
2026-06-24 03:00:00,,893383.46,
2026-06-24 04:00:00,,895152.25,
2026-06-24 05:00:00,,888575.73,
2026-06-24 06:00:00,,895043.10,
2026-06-24 07:00:00,,895513.50,
2026-06-24 08:00:00,,881775.27,
2026-06-24 09:00:00,,886937.30,
2026-06-24 10:00:00,,880480.64,
2026-06-24 11:00:00,,867950.70,
2026-06-24 12:00:00,,851632.29,
2026-06-24 13:00:00,,843348.65,
2026-06-24 14:00:00,,813158.83,
2026-06-24 15:00:00,,799120.56,
2026-06-24 16:00:00,,780915.38,
2026-06-24 17:00:00,,759384.10,
2026-06-24 18:00:00,,730985.12,
2026-06-24 19:00:00,,739235.22,
2026-06-24 20:00:00,,749993.75,
2026-06-24 21:00:00,,762969.23,
2026-06-24 22:00:00,,767040.61,
2026-06-24 23:00:00,,772037.50,
2026-06-25 00:00:00,,773945.52,
2026-06-25 01:00:00,,773032.36,
2026-06-25 02:00:00,,783070.30,
2026-06-25 03:00:00,,777076.65,
2026-06-25 04:00:00,,772104.53,
2026-06-25 05:00:00,,778690.93,
2026-06-25 06:00:00,,777270.93,
2026-06-25 07:00:00,,775930.05,
2026-06-25 08:00:00,,776611.73,
2026-06-25 09:00:00,,769180.72,
2026-06-25 10:00:00,,780835.37,
2026-06-25 11:00:00,,762640.45,
2026-06-25 12:00:00,,752691.41,
2026-06-25 13:00:00,,744871.35,
2026-06-25 14:00:00,,683441.19,
2026-06-25 15:00:00,,709947.58,
2026-06-25 16:00:00,,694640.90,
2026-06-25 17:00:00,,691424.62,
2026-06-25 18:00:00,,699767.54,
2026-06-25 19:00:00,,686515.79,
2026-06-25 20:00:00,,678550.61,
2026-06-25 21:00:00,,682509.11,
2026-06-25 22:00:00,,705590.02,
2026-06-25 23:00:00,,699343.13,
2026-06-26 00:00:00,,694639.83,
2026-06-26 01:00:00,,705004.52,
2026-06-26 02:00:00,,701724.21,
2026-06-26 03:00:00,,649523.12,
2026-06-26 04:00:00,,662397.41,
2026-06-26 05:00:00,,667575.83,
2026-06-26 06:00:00,,673367.49,
2026-06-26 07:00:00,,678536.78,
2026-06-26 08:00:00,,694428.29,
2026-06-26 09:00:00,,707526.59,
2026-06-26 10:00:00,,684183.65,
2026-06-26 11:00:00,,677560.60,
2026-06-26 12:00:00,,659595.68,
2026-06-26 13:00:00,,646947.81,
2026-06-26 14:00:00,,670654.82,
2026-06-26 15:00:00,,667792.75,
2026-06-26 16:00:00,,674519.06,
2026-06-26 17:00:00,,670564.20,
2026-06-26 18:00:00,,671518.49,
2026-06-26 19:00:00,,665214.50,
2026-06-26 20:00:00,,658170.13,
2026-06-26 21:00:00,,666028.82,
2026-06-26 22:00:00,,662060.74,
2026-06-26 23:00:00,,657851.78,
2026-06-27 00:00:00,,655591.56,
2026-06-27 01:00:00,,647278.74,
2026-06-27 02:00:00,,644336.02,
2026-06-27 03:00:00,,640253.01,
2026-06-27 04:00:00,,635233.17,
2026-06-27 05:00:00,,638030.87,
2026-06-27 06:00:00,,639419.57,
2026-06-27 07:00:00,,630899.88,
2026-06-27 08:00:00,,637874.78,
2026-06-27 09:00:00,,638562.14,
2026-06-27 10:00:00,,631952.27,
2026-06-27 11:00:00,,627115.26,
2026-06-27 12:00:00,,616440.77,
2026-06-27 13:00:00,,616207.92,
2026-06-27 14:00:00,,615645.16,
2026-06-27 15:00:00,,626492.86,
2026-06-27 16:00:00,,625867.83,
2026-06-27 17:00:00,,629004.36,
2026-06-27 18:00:00,,617632.07,
2026-06-27 19:00:00,,625012.71,
2026-06-27 20:00:00,,615497.63,
2026-06-27 21:00:00,,617560.61,
2026-06-27 22:00:00,,620873.54,
2026-06-27 23:00:00,,618338.08,
2026-06-28 00:00:00,,618121.60,
2026-06-28 01:00:00,,615651.35,
2026-06-28 02:00:00,,614420.11,
2026-06-28 03:00:00,,612256.93,
2026-06-28 04:00:00,,620038.13,
2026-06-28 05:00:00,,617862.60,
2026-06-28 06:00:00,,620831.27,
2026-06-28 07:00:00,,615085.13,
2026-06-28 08:00:00,,611426.81,
2026-06-28 09:00:00,,626005.41,
2026-06-28 10:00:00,,625360.58,
2026-06-28 11:00:00,,626380.00,
2026-06-28 12:00:00,,634924.26,
2026-06-28 13:00:00,,633332.11,
2026-06-28 14:00:00,,625786.17,
2026-06-28 15:00:00,,637050.45,
2026-06-28 16:00:00,,630993.75,
2026-06-28 17:00:00,,625402.58,
2026-06-28 18:00:00,,626487.78,
2026-06-28 19:00:00,,625504.33,
2026-06-28 20:00:00,,615970.81,
2026-06-28 21:00:00,,614309.99,
2026-06-28 22:00:00,,609261.36,
2026-06-28 23:00:00,,598959.19,
2026-06-29 00:00:00,,607558.10,
2026-06-29 01:00:00,,607361.71,
2026-06-29 02:00:00,,607790.10,
2026-06-29 03:00:00,,610408.90,
2026-06-29 04:00:00,,619130.57,
2026-06-29 05:00:00,,614082.35,
2026-06-29 06:00:00,,617748.68,
2026-06-29 07:00:00,,623081.14,
2026-06-29 08:00:00,,620572.13,
2026-06-29 09:00:00,,615560.50,
2026-06-29 10:00:00,,624200.58,
2026-06-29 11:00:00,,627293.35,
2026-06-29 12:00:00,,624893.62,
2026-06-29 13:00:00,,628996.02,
2026-06-29 14:00:00,,594267.49,
2026-06-29 15:00:00,,596521.00,
2026-06-29 16:00:00,,613002.77,
2026-06-29 17:00:00,,615577.92,
2026-06-29 18:00:00,,617198.71,
2026-06-29 19:00:00,,616505.54,
2026-06-29 20:00:00,,615834.51,
2026-06-29 21:00:00,,612320.17,
2026-06-29 22:00:00,,621958.05,
2026-06-29 23:00:00,,620496.33,
2026-06-30 00:00:00,,624872.32,
2026-06-30 01:00:00,,611110.20,
2026-06-30 02:00:00,,606174.74,
2026-06-30 03:00:00,,606185.61,
2026-06-30 04:00:00,,604757.61,
2026-06-30 05:00:00,,609355.54,
2026-06-30 06:00:00,,630335.15,
2026-06-30 07:00:00,,638891.79,
2026-06-30 08:00:00,,641980.01,
2026-06-30 09:00:00,,617798.27,
2026-06-30 10:00:00,,613136.32,
2026-06-30 11:00:00,,615993.48,
2026-06-30 12:00:00,,598241.24,
2026-06-30 13:00:00,,592187.12,
2026-06-30 14:00:00,,609507.20,
2026-06-30 15:00:00,,609829.71,
2026-06-30 16:00:00,,619761.06,
2026-06-30 17:00:00,,616027.75,
2026-06-30 18:00:00,,615483.61,
2026-06-30 19:00:00,,626079.42,
2026-06-30 20:00:00,,623245.62,
2026-06-30 21:00:00,,627295.40,
2026-06-30 22:00:00,,625486.62,
2026-06-30 23:00:00,,626594.06,
2026-07-01 00:00:00,,624092.81,
2026-07-01 01:00:00,,622142.75,
2026-07-01 02:00:00,,614499.99,
2026-07-01 03:00:00,,617298.46,
2026-07-01 04:00:00,,626481.17,
2026-07-01 05:00:00,,632915.88,
2026-07-01 06:00:00,,630656.89,
2026-07-01 07:00:00,,620285.19,
2026-07-01 08:00:00,,625213.56,
2026-07-01 09:00:00,,633864.52,
2026-07-01 10:00:00,,638764.71,
2026-07-01 11:00:00,,640875.31,
2026-07-01 12:00:00,,645690.66,
2026-07-01 13:00:00,,637824.35,
2026-07-01 14:00:00,,648267.31,
2026-07-01 15:00:00,,716284.18,
2026-07-01 16:00:00,,758159.01,
2026-07-01 17:00:00,,782125.98,
2026-07-01 18:00:00,,776288.22,
2026-07-01 19:00:00,,768422.75,
2026-07-01 20:00:00,,780649.76,
2026-07-01 21:00:00,,770710.55,
2026-07-01 22:00:00,,781395.50,
2026-07-01 23:00:00,,772873.62,
2026-07-02 00:00:00,,760332.66,
2026-07-02 01:00:00,,727016.15,
2026-07-02 02:00:00,,730235.65,
2026-07-02 03:00:00,,731676.56,
2026-07-02 04:00:00,,759508.05,
2026-07-02 05:00:00,,766591.63,
2026-07-02 06:00:00,,755721.95,
2026-07-02 07:00:00,,759631.33,
2026-07-02 08:00:00,,772660.17,
2026-07-02 09:00:00,,756464.95,
2026-07-02 10:00:00,,757180.69,
2026-07-02 11:00:00,,752563.51,
2026-07-02 12:00:00,,759145.17,
2026-07-02 13:00:00,,736186.89,
2026-07-02 14:00:00,,769076.45,
2026-07-02 15:00:00,,753976.57,
2026-07-02 16:00:00,,744031.62,
2026-07-02 17:00:00,,754153.93,
2026-07-02 18:00:00,,745325.69,
2026-07-02 19:00:00,,750022.62,
2026-07-02 20:00:00,,745187.61,
2026-07-02 21:00:00,,741645.37,
2026-07-02 22:00:00,,734933.81,
2026-07-02 23:00:00,,732126.49,
2026-07-03 00:00:00,,732301.28,
2026-07-03 01:00:00,,734130.96,
2026-07-03 02:00:00,,741645.67,
2026-07-03 03:00:00,,741109.37,
2026-07-03 04:00:00,,742191.10,
2026-07-03 05:00:00,,740931.27,
2026-07-03 06:00:00,,741124.27,
2026-07-03 07:00:00,,744186.69,
2026-07-03 08:00:00,,759468.81,
2026-07-03 09:00:00,,756903.73,
2026-07-03 10:00:00,,762062.67,
2026-07-03 11:00:00,,758633.28,
2026-07-03 12:00:00,,688811.38,
2026-07-03 13:00:00,,678841.18,
2026-07-03 14:00:00,,678651.60,
2026-07-03 15:00:00,,679444.01,
2026-07-03 16:00:00,,682294.78,
2026-07-03 17:00:00,,728116.70,
2026-07-03 18:00:00,,782657.67,
2026-07-03 19:00:00,,813798.46,
2026-07-03 20:00:00,,807324.39,
2026-07-03 21:00:00,,793372.82,
2026-07-03 22:00:00,,770837.09,
2026-07-03 23:00:00,,759363.65,
2026-07-04 00:00:00,,750129.79,
2026-07-04 01:00:00,,746226.31,
2026-07-04 02:00:00,,753060.90,
2026-07-04 03:00:00,,752832.85,
2026-07-04 04:00:00,,767159.78,
2026-07-04 05:00:00,,754690.83,
2026-07-04 06:00:00,,839723.94,
2026-07-04 07:00:00,,802477.12,
2026-07-04 08:00:00,,757095.73,
2026-07-04 09:00:00,,764117.62,
2026-07-04 10:00:00,,766187.07,
2026-07-04 11:00:00,,773635.09,
2026-07-04 12:00:00,,784283.39,
2026-07-04 13:00:00,,792152.24,
2026-07-04 14:00:00,,790592.47,
2026-07-04 15:00:00,,796311.32,
2026-07-04 16:00:00,,813626.92,
2026-07-04 17:00:00,,803758.49,
2026-07-04 18:00:00,,809549.02,
2026-07-04 19:00:00,,795322.35,
2026-07-04 20:00:00,,793283.41,
2026-07-04 21:00:00,,787115.30,
2026-07-04 22:00:00,,784080.51,
2026-07-04 23:00:00,,785602.78,
2026-07-05 00:00:00,,772987.00,
2026-07-05 01:00:00,,778345.49,
2026-07-05 02:00:00,,773352.33,
2026-07-05 03:00:00,,762133.44,
2026-07-05 04:00:00,,763995.92,
2026-07-05 05:00:00,,770628.79,
2026-07-05 06:00:00,,765351.33,
2026-07-05 07:00:00,,763831.18,
2026-07-05 08:00:00,,774063.83,
2026-07-05 09:00:00,,765788.14,
2026-07-05 10:00:00,,758722.46,
2026-07-05 11:00:00,,756633.46,
2026-07-05 12:00:00,,757905.41,
2026-07-05 13:00:00,,753819.81,
2026-07-05 14:00:00,,755858.57,
2026-07-05 15:00:00,,753830.64,
2026-07-05 16:00:00,,757163.88,
2026-07-05 17:00:00,,758464.88,
2026-07-05 18:00:00,,759291.32,
2026-07-05 19:00:00,,757167.53,
2026-07-05 20:00:00,,757961.25,
2026-07-05 21:00:00,,762432.20,
2026-07-05 22:00:00,,766175.87,
2026-07-05 23:00:00,,771283.56,
2026-07-06 00:00:00,,772429.93,
2026-07-06 01:00:00,,770872.34,
2026-07-06 02:00:00,,763087.15,
2026-07-06 03:00:00,,755321.80,
2026-07-06 04:00:00,,753605.00,
2026-07-06 05:00:00,,769191.96,
2026-07-06 06:00:00,,759526.45,
2026-07-06 07:00:00,,762123.98,
2026-07-06 08:00:00,,763378.75,
2026-07-06 09:00:00,,762846.45,
2026-07-06 10:00:00,,763994.48,
2026-07-06 11:00:00,,766048.45,
2026-07-06 12:00:00,,730749.08,
2026-07-06 13:00:00,,676572.65,
2026-07-06 14:00:00,,691847.71,
2026-07-06 15:00:00,,693021.17,
2026-07-06 16:00:00,,722895.03,
2026-07-06 17:00:00,,748605.46,
2026-07-06 18:00:00,,750104.75,
2026-07-06 19:00:00,,744559.13,
2026-07-06 20:00:00,,743167.55,
2026-07-06 21:00:00,,739053.32,
2026-07-06 22:00:00,,745047.29,
2026-07-06 23:00:00,,737745.50,
2026-07-07 00:00:00,,735645.96,
2026-07-07 01:00:00,,730805.81,
2026-07-07 02:00:00,,727299.50,
2026-07-07 03:00:00,,714361.57,
2026-07-07 04:00:00,,711724.36,
2026-07-07 05:00:00,,715465.57,
2026-07-07 06:00:00,,716475.90,
2026-07-07 07:00:00,,717995.82,
2026-07-07 08:00:00,,718350.33,
2026-07-07 09:00:00,,712619.56,
2026-07-07 10:00:00,,721670.30,
2026-07-07 11:00:00,,733382.59,
2026-07-07 12:00:00,,727140.47,
2026-07-07 13:00:00,,730077.49,
2026-07-07 14:00:00,,715516.73,
2026-07-07 15:00:00,,711867.00,
2026-07-07 16:00:00,,714234.90,
2026-07-07 17:00:00,,715280.59,
2026-07-07 18:00:00,,696248.44,
2026-07-07 19:00:00,,682593.79,
2026-07-07 20:00:00,,700583.57,
2026-07-07 21:00:00,,712188.08,
2026-07-07 22:00:00,,724847.27,
2026-07-07 23:00:00,,737902.38,
2026-07-08 00:00:00,,733313.90,
2026-07-08 01:00:00,,736191.88,
2026-07-08 02:00:00,,691395.62,
2026-07-08 03:00:00,,654348.63,
2026-07-08 04:00:00,,650200.44,
2026-07-08 05:00:00,,652879.68,
2026-07-08 06:00:00,,650969.77,
2026-07-08 07:00:00,,651313.54,
2026-07-08 08:00:00,,651660.00,
2026-07-08 09:00:00,,635575.32,
2026-07-08 10:00:00,,630000.65,
2026-07-08 11:00:00,,655283.95,
2026-07-08 12:00:00,,646173.57,
2026-07-08 13:00:00,,632212.98,
2026-07-08 14:00:00,,635713.90,
2026-07-08 15:00:00,,640539.80,
2026-07-08 16:00:00,,632613.34,
2026-07-08 17:00:00,,638704.82,
2026-07-08 18:00:00,,643070.74,
2026-07-08 19:00:00,,633440.22,
2026-07-08 20:00:00,,627429.29,
2026-07-08 21:00:00,,625916.74,
2026-07-08 22:00:00,,633066.31,
2026-07-08 23:00:00,,634356.51,
2026-07-09 00:00:00,,634376.82,
2026-07-09 01:00:00,,628182.74,
2026-07-09 02:00:00,,648002.21,
2026-07-09 03:00:00,,641691.42,
2026-07-09 04:00:00,,651303.47,
2026-07-09 05:00:00,,656132.80,
2026-07-09 06:00:00,,656515.74,
2026-07-09 07:00:00,,658570.21,
2026-07-09 08:00:00,,666204.48,
2026-07-09 09:00:00,,650441.49,
2026-07-09 10:00:00,,652632.12,
2026-07-09 11:00:00,,651956.90,
2026-07-09 12:00:00,,648254.58,
2026-07-09 13:00:00,,651158.49,
2026-07-09 14:00:00,,654875.79,
2026-07-09 15:00:00,,653418.77,
2026-07-09 16:00:00,,648288.38,
2026-07-09 17:00:00,,651483.16,
2026-07-09 18:00:00,,652224.76,
2026-07-09 19:00:00,,650989.12,
2026-07-09 20:00:00,,649507.42,
2026-07-09 21:00:00,,670396.55,
2026-07-09 22:00:00,,668060.89,
2026-07-09 23:00:00,,668382.52,
2026-07-10 00:00:00,,667581.55,
2026-07-10 01:00:00,,666115.70,
2026-07-10 02:00:00,,668577.34,
2026-07-10 03:00:00,,666779.65,
2026-07-10 04:00:00,,664398.62,
2026-07-10 05:00:00,,665298.56,
2026-07-10 06:00:00,,663495.40,
2026-07-10 07:00:00,,665413.92,
2026-07-10 08:00:00,,665277.64,
2026-07-10 09:00:00,,667742.01,
2026-07-10 10:00:00,,670911.79,
2026-07-10 11:00:00,,669219.59,
2026-07-10 12:00:00,,668974.42,
2026-07-10 13:00:00,,669697.29,
2026-07-10 14:00:00,,672959.90,
2026-07-10 15:00:00,,661291.43,
2026-07-10 16:00:00,,665927.01,
2026-07-10 17:00:00,,668486.62,
2026-07-10 18:00:00,,667669.73,
2026-07-10 19:00:00,,668876.02,
2026-07-10 20:00:00,,671106.55,
2026-07-10 21:00:00,,670762.60,
2026-07-10 22:00:00,,677017.56,
2026-07-10 23:00:00,,670206.80,
2026-07-11 00:00:00,,666776.13,
2026-07-11 01:00:00,,670401.60,
2026-07-11 02:00:00,,671221.72,
2026-07-11 03:00:00,,662161.85,
2026-07-11 04:00:00,,660247.73,
2026-07-11 05:00:00,,659498.40,
2026-07-11 06:00:00,,655439.60,
2026-07-11 07:00:00,,663462.84,
2026-07-11 08:00:00,,663765.99,
2026-07-11 09:00:00,,662824.03,
2026-07-11 10:00:00,,665436.16,
2026-07-11 11:00:00,,661850.35,
2026-07-11 12:00:00,,666400.10,
2026-07-11 13:00:00,,667636.57,
2026-07-11 14:00:00,,666648.08,
2026-07-11 15:00:00,,667484.61,
2026-07-11 16:00:00,,662682.47,
2026-07-11 17:00:00,,665404.69,
2026-07-11 18:00:00,,667179.64,
2026-07-11 19:00:00,,669673.04,
2026-07-11 20:00:00,,668695.58,
2026-07-11 21:00:00,,675588.34,
2026-07-11 22:00:00,,678504.76,
2026-07-11 23:00:00,,666988.08,
2026-07-12 00:00:00,,649726.16,
2026-07-12 01:00:00,,627028.93,
2026-07-12 02:00:00,,636911.06,
2026-07-12 03:00:00,,638165.72,
2026-07-12 04:00:00,,642505.04,
2026-07-12 05:00:00,,640718.91,
2026-07-12 06:00:00,,640337.75,
2026-07-12 07:00:00,,636254.72,
2026-07-12 08:00:00,,636252.86,
2026-07-12 09:00:00,,639214.01,
2026-07-12 10:00:00,,641235.50,
2026-07-12 11:00:00,,639120.76,
2026-07-12 12:00:00,,635306.40,
2026-07-12 13:00:00,,632859.73,
2026-07-12 14:00:00,,630817.34,
2026-07-12 15:00:00,,635206.27,
2026-07-12 16:00:00,,645552.76,
2026-07-12 17:00:00,,645140.55,
2026-07-12 18:00:00,,640069.45,
2026-07-12 19:00:00,,654034.25,
2026-07-12 20:00:00,,819039.91,
2026-07-12 21:00:00,,811217.90,
2026-07-12 22:00:00,,682941.40,
2026-07-12 23:00:00,,691028.91,
2026-07-13 00:00:00,,682587.48,
2026-07-13 01:00:00,,678855.48,
2026-07-13 02:00:00,,660569.95,
2026-07-13 03:00:00,,660586.44,
2026-07-13 04:00:00,,630988.41,
2026-07-13 05:00:00,,633498.77,
2026-07-13 06:00:00,,634327.75,
2026-07-13 07:00:00,,632879.99,
2026-07-13 08:00:00,,635439.59,
2026-07-13 09:00:00,,632424.76,
2026-07-13 10:00:00,,641161.73,
2026-07-13 11:00:00,,639129.24,
2026-07-13 12:00:00,,635896.74,
2026-07-13 13:00:00,,631840.50,
2026-07-13 14:00:00,,651568.28,
2026-07-13 15:00:00,,653164.93,
2026-07-13 16:00:00,,646265.08,
2026-07-13 17:00:00,,639316.77,
2026-07-13 18:00:00,,627450.40,
2026-07-13 19:00:00,,613271.80,
2026-07-13 20:00:00,,616037.21,
2026-07-13 21:00:00,,610039.22,
2026-07-13 22:00:00,,590970.16,
2026-07-13 23:00:00,,603970.26,
2026-07-14 00:00:00,,616815.85,
2026-07-14 01:00:00,,625469.81,
2026-07-14 02:00:00,,643676.17,
2026-07-14 03:00:00,,642798.56,
2026-07-14 04:00:00,,650522.96,
2026-07-14 05:00:00,,641895.07,
2026-07-14 06:00:00,,654531.15,
2026-07-14 07:00:00,,651278.51,
2026-07-14 08:00:00,,630011.05,
2026-07-14 09:00:00,,633650.27,
2026-07-14 10:00:00,,631416.76,
2026-07-14 11:00:00,,631321.63,
2026-07-14 12:00:00,,626463.31,
2026-07-14 13:00:00,,664470.65,
2026-07-14 14:00:00,,671430.68,
2026-07-14 15:00:00,,680880.37,
2026-07-14 16:00:00,,679875.61,
2026-07-14 17:00:00,,674000.38,
2026-07-14 18:00:00,,659157.63,
2026-07-14 19:00:00,,655050.93,
2026-07-14 20:00:00,,668849.18,
2026-07-14 21:00:00,,671801.79,
2026-07-14 22:00:00,,671467.81,
2026-07-14 23:00:00,,673858.24,
2026-07-15 00:00:00,,673420.62,
2026-07-15 01:00:00,,658654.96,
2026-07-15 02:00:00,,656687.15,
2026-07-15 03:00:00,,652947.64,
2026-07-15 04:00:00,,663245.53,
2026-07-15 05:00:00,,662294.62,
2026-07-15 06:00:00,,665627.37,
2026-07-15 07:00:00,,665514.96,
2026-07-15 08:00:00,,669529.38,
2026-07-15 09:00:00,,668990.78,
2026-07-15 10:00:00,,669984.96,
2026-07-15 11:00:00,,683450.29,
2026-07-15 12:00:00,,688457.85,
2026-07-15 13:00:00,,681499.09,
2026-07-15 14:00:00,,667126.35,
2026-07-15 15:00:00,,674039.21,
2026-07-15 16:00:00,,682217.09,
2026-07-15 17:00:00,,675385.73,
2026-07-15 18:00:00,,670104.18,
2026-07-15 19:00:00,,705844.53,
2026-07-15 20:00:00,,707890.47,
2026-07-15 21:00:00,,708050.86,
2026-07-15 22:00:00,,711100.79,
2026-07-15 23:00:00,,712370.50,
2026-07-16 00:00:00,,708529.18,
2026-07-16 01:00:00,,709472.84,
2026-07-16 02:00:00,,709704.62,
2026-07-16 03:00:00,,709482.48,
2026-07-16 04:00:00,,705683.74,
2026-07-16 05:00:00,,703459.78,
2026-07-16 06:00:00,,703904.88,
2026-07-16 07:00:00,,699148.29,
2026-07-16 08:00:00,,706815.23,
2026-07-16 09:00:00,,675513.17,
2026-07-16 10:00:00,,676810.02,
2026-07-16 11:00:00,,677831.30,
2026-07-16 12:00:00,,674674.80,
2026-07-16 13:00:00,,671004.03,
2026-07-16 14:00:00,,674774.62,
2026-07-16 15:00:00,,675711.56,
2026-07-16 16:00:00,,678543.61,
2026-07-16 17:00:00,,674771.57,
2026-07-16 18:00:00,,672435.04,
2026-07-16 19:00:00,,672576.63,
2026-07-16 20:00:00,,670504.02,
2026-07-16 21:00:00,,671568.13,
2026-07-16 22:00:00,,676125.23,
2026-07-16 23:00:00,,666543.29,
2026-07-17 00:00:00,,658022.07,
2026-07-17 01:00:00,,659240.30,
2026-07-17 02:00:00,,654431.41,
2026-07-17 03:00:00,,657940.97,
2026-07-17 04:00:00,,660963.29,
2026-07-17 05:00:00,,659053.00,
2026-07-17 06:00:00,,643590.68,
2026-07-17 07:00:00,,649133.68,
2026-07-17 08:00:00,,641420.06,
2026-07-17 09:00:00,,655624.19,
2026-07-17 10:00:00,,676006.29,
2026-07-17 11:00:00,,670663.22,
2026-07-17 12:00:00,,671014.72,
2026-07-17 13:00:00,,665681.09,
2026-07-17 14:00:00,,668323.58,
2026-07-17 15:00:00,,664014.03,
2026-07-17 16:00:00,,664983.03,
2026-07-17 17:00:00,,662608.91,
2026-07-17 18:00:00,,665217.09,
2026-07-17 19:00:00,,707937.82,
2026-07-17 20:00:00,,729013.42,
2026-07-17 21:00:00,,674685.20,
2026-07-17 22:00:00,,673669.58,
2026-07-17 23:00:00,,681953.52,
2026-07-18 00:00:00,,683404.79,
2026-07-18 01:00:00,,682593.30,
2026-07-18 02:00:00,,679954.02,
2026-07-18 03:00:00,,684318.86,
2026-07-18 04:00:00,,680382.65,
2026-07-18 05:00:00,,692404.08,
2026-07-18 06:00:00,,680922.03,
2026-07-18 07:00:00,,682339.91,
2026-07-18 08:00:00,,674536.37,
2026-07-18 09:00:00,,671411.99,
2026-07-18 10:00:00,,668107.73,
2026-07-18 11:00:00,,726529.49,
2026-07-18 12:00:00,,682741.02,
2026-07-18 13:00:00,,681866.72,
2026-07-18 14:00:00,,669694.88,
2026-07-18 15:00:00,,674707.31,
2026-07-18 16:00:00,,676909.83,
2026-07-18 17:00:00,,678181.20,
2026-07-18 18:00:00,,715436.19,
2026-07-18 19:00:00,,717587.14,
2026-07-18 20:00:00,,716443.72,
2026-07-18 21:00:00,,717091.09,
2026-07-18 22:00:00,,715571.72,
2026-07-18 23:00:00,,721895.45,
2026-07-19 00:00:00,,720983.70,
2026-07-19 01:00:00,,711905.13,
2026-07-19 02:00:00,,712518.89,
2026-07-19 03:00:00,,715744.92,
2026-07-19 04:00:00,,712682.46,
2026-07-19 05:00:00,,714749.99,
2026-07-19 06:00:00,,714523.28,
2026-07-19 07:00:00,,715764.04,
2026-07-19 08:00:00,,717232.92,
2026-07-19 09:00:00,,718531.11,
2026-07-19 10:00:00,,714972.70,
2026-07-19 11:00:00,,717067.62,
2026-07-19 12:00:00,,712844.06,
2026-07-19 13:00:00,,709723.31,
2026-07-19 14:00:00,,730756.31,
2026-07-19 15:00:00,,731746.78,
2026-07-19 16:00:00,,737461.93,
2026-07-19 17:00:00,,741266.91,
2026-07-19 18:00:00,,756744.78,
2026-07-19 19:00:00,,705244.74,
2026-07-19 20:00:00,,699169.87,
2026-07-19 21:00:00,,706209.85,
2026-07-19 22:00:00,,691367.76,
2026-07-19 23:00:00,,696375.27,
2026-07-20 00:00:00,,698446.34,
2026-07-20 01:00:00,,699293.06,
2026-07-20 02:00:00,,694209.21,
2026-07-20 03:00:00,,701022.02,
2026-07-20 04:00:00,,696035.17,
2026-07-20 05:00:00,,684104.42,
2026-07-20 06:00:00,,678357.97,
2026-07-20 07:00:00,,688502.83,
2026-07-20 08:00:00,,697282.75,
2026-07-20 09:00:00,,698920.85,
2026-07-20 10:00:00,,721407.24,
2026-07-20 11:00:00,,736574.54,
2026-07-20 12:00:00,,723306.65,
2026-07-20 13:00:00,,731784.93,
2026-07-20 14:00:00,,716160.80,
2026-07-20 15:00:00,,715160.39,
2026-07-20 16:00:00,,727166.25,
2026-07-20 17:00:00,,726013.16,
2026-07-20 18:00:00,,727822.47,
2026-07-20 19:00:00,,717357.36,
2026-07-20 20:00:00,,723508.42,
2026-07-20 21:00:00,,735596.97,
2026-07-20 22:00:00,,734268.11,
2026-07-20 23:00:00,,739069.56,
2026-07-21 00:00:00,,738947.58,
2026-07-21 01:00:00,,738262.09,
2026-07-21 02:00:00,,735918.75,
2026-07-21 03:00:00,,737047.31,
2026-07-21 04:00:00,,739964.41,
2026-07-21 05:00:00,,732296.31,
2026-07-21 06:00:00,,732056.33,
2026-07-21 07:00:00,,731631.50,
2026-07-21 08:00:00,,731653.79,
2026-07-21 09:00:00,,728912.87,
2026-07-21 10:00:00,,722598.03,
2026-07-21 11:00:00,,719798.81,
2026-07-21 12:00:00,,720197.48,
2026-07-21 13:00:00,,804770.19,
2026-07-21 14:00:00,,798176.89,
2026-07-21 15:00:00,,793272.73,
2026-07-21 16:00:00,,798939.98,
2026-07-21 17:00:00,,798333.49,
2026-07-21 18:00:00,,822550.36,
2026-07-21 19:00:00,,822161.69,
2026-07-21 20:00:00,,859931.96,
2026-07-21 21:00:00,,850159.54,
2026-07-21 22:00:00,,815220.47,
2026-07-21 23:00:00,,832076.55,
2026-07-22 00:00:00,,839461.03,
2026-07-22 01:00:00,,882669.04,
2026-07-22 02:00:00,,873239.59,
2026-07-22 03:00:00,,865266.27,
2026-07-22 04:00:00,,886392.20,
2026-07-22 05:00:00,,873580.82,
2026-07-22 06:00:00,,851805.22,
2026-07-22 07:00:00,,833248.79,
2026-07-22 08:00:00,,834870.96,
2026-07-22 09:00:00,,835156.79,
2026-07-22 10:00:00,,839627.84,
2026-07-22 11:00:00,,844169.09,
2026-07-22 12:00:00,,855858.40,
2026-07-22 13:00:00,,871559.29,
2026-07-22 14:00:00,,888063.14,
2026-07-22 15:00:00,,883427.81,
2026-07-22 16:00:00,,869704.64,
2026-07-22 17:00:00,,807442.14,
2026-07-22 18:00:00,,805040.76,
2026-07-22 19:00:00,,803652.56,
2026-07-22 20:00:00,,803112.75,
2026-07-22 21:00:00,,803481.34,
2026-07-22 22:00:00,,801142.15,
2026-07-22 23:00:00,,798723.67,
2026-07-23 00:00:00,,797931.74,
2026-07-23 01:00:00,,798176.23,
2026-07-23 02:00:00,,793435.54,
2026-07-23 03:00:00,,791101.71,
2026-07-23 04:00:00,,783149.53,
2026-07-23 05:00:00,,780943.05,
2026-07-23 06:00:00,,792728.76,
2026-07-23 07:00:00,,795299.55,
2026-07-23 08:00:00,,787829.27,
2026-07-23 09:00:00,,812472.79,
2026-07-23 10:00:00,,809562.58,
2026-07-23 11:00:00,,811789.79,
2026-07-23 12:00:00,,819752.34,
2026-07-23 13:00:00,,846324.61,
2026-07-23 14:00:00,,829268.74,
2026-07-23 15:00:00,,837302.17,
2026-07-23 16:00:00,,760148.95,
2026-07-23 17:00:00,,765085.88,
2026-07-23 18:00:00,,752382.78,
2026-07-23 19:00:00,,748818.51,
2026-07-23 20:00:00,,748393.92,
2026-07-23 21:00:00,,749531.95,
2026-07-23 22:00:00,,746699.41,
2026-07-23 23:00:00,,740066.46,
2026-07-24 00:00:00,,740037.68,
2026-07-24 01:00:00,,744479.29,
2026-07-24 02:00:00,,748539.12,
2026-07-24 03:00:00,,744959.44,
2026-07-24 04:00:00,,737644.24,
2026-07-24 05:00:00,,740050.06,
2026-07-24 06:00:00,,739930.63,
2026-07-24 07:00:00,,734962.02,
2026-07-24 08:00:00,,720919.56,
2026-07-24 09:00:00,,710943.21,
2026-07-24 10:00:00,,707158.53,
2026-07-24 11:00:00,,699073.36,
2026-07-24 12:00:00,,701127.75,
2026-07-24 13:00:00,,698804.97,
2026-07-24 14:00:00,,682476.46,
2026-07-24 15:00:00,,709836.26,
2026-07-24 16:00:00,,727154.23,
2026-07-24 17:00:00,,725746.57,
2026-07-24 18:00:00,,724393.79,
2026-07-24 19:00:00,,722443.45,
2026-07-24 20:00:00,,720287.79,
2026-07-24 21:00:00,,711495.52,
2026-07-24 22:00:00,,698206.69,
2026-07-24 23:00:00,,713967.54,
2026-07-25 00:00:00,,701248.90,
2026-07-25 01:00:00,,712568.46,
2026-07-25 02:00:00,,707414.20,
2026-07-25 03:00:00,,712429.40,
2026-07-25 04:00:00,,728481.37,
2026-07-25 05:00:00,,725050.76,
2026-07-25 06:00:00,,723337.05,
2026-07-25 07:00:00,,723041.86,
2026-07-25 08:00:00,,732116.77,
2026-07-25 09:00:00,,748898.93,
2026-07-25 10:00:00,,764600.17,
2026-07-25 11:00:00,,759243.52,
2026-07-25 12:00:00,,772894.24,
2026-07-25 13:00:00,,759808.12,
2026-07-25 14:00:00,,764717.88,
2026-07-25 15:00:00,,767530.49,
2026-07-25 16:00:00,,757640.33,
2026-07-25 17:00:00,,749146.41,
2026-07-25 18:00:00,,749488.12,
2026-07-25 19:00:00,,746291.42,
2026-07-25 20:00:00,,738171.93,
2026-07-25 21:00:00,,739933.62,
2026-07-25 22:00:00,,747096.59,
2026-07-25 23:00:00,,752577.67,
2026-07-26 00:00:00,,742507.83,
2026-07-26 01:00:00,,743003.26,
2026-07-26 02:00:00,,741720.32,
2026-07-26 03:00:00,,736690.09,
2026-07-26 04:00:00,,737528.31,
2026-07-26 05:00:00,,733062.75,
2026-07-26 06:00:00,,737535.86,
2026-07-26 07:00:00,,737842.82,
2026-07-26 08:00:00,,738778.14,
2026-07-26 09:00:00,,735507.19,
2026-07-26 10:00:00,,708637.54,
2026-07-26 11:00:00,,755064.58,
2026-07-26 12:00:00,,767619.94,
2026-07-26 13:00:00,,775707.28,
2026-07-26 14:00:00,,767453.82,
2026-07-26 15:00:00,,736664.51,
2026-07-26 16:00:00,,734153.45,
2026-07-26 17:00:00,,734556.05,
2026-07-26 18:00:00,,789922.40,
2026-07-26 19:00:00,,807927.92,
2026-07-26 20:00:00,,822178.01,
2026-07-26 21:00:00,,839937.93,
2026-07-26 22:00:00,,909460.49,
2026-07-26 23:00:00,,888965.33,
2026-07-27 00:00:00,,860908.35,
2026-07-27 01:00:00,,916049.66,
2026-07-27 02:00:00,,981319.30,
2026-07-27 03:00:00,,1110156.97,
2026-07-27 04:00:00,,963714.79,
2026-07-27 05:00:00,,1026460.34,
2026-07-27 06:00:00,,1279768.36,
2026-07-27 07:00:00,,1111852.03,
2026-07-27 08:00:00,,1087329.93,
2026-07-27 09:00:00,,1434199.73,
2026-07-27 10:00:00,,1538896.58,
2026-07-27 11:00:00,,2127289.18,
2026-07-27 12:00:00,,1992586.84,
2026-07-27 13:00:00,,1956687.94,
2026-07-27 14:00:00,,1895461.48,
2026-07-27 15:00:00,,2009556.97,
2026-07-27 16:00:00,,1736450.89,
2026-07-27 17:00:00,,1715861.46,
2026-07-27 18:00:00,,1640817.17,
2026-07-27 19:00:00,,1754974.64,
2026-07-27 20:00:00,,1730604.76,
2026-07-27 21:00:00,,1775579.65,
2026-07-27 22:00:00,,1783840.86,
2026-07-27 23:00:00,,1696302.61,
2026-07-28 00:00:00,,1462776.35,
2026-07-28 01:00:00,,1475739.45,
2026-07-28 02:00:00,,1404585.80,
2026-07-28 03:00:00,,1381758.58,
2026-07-28 04:00:00,,1367853.79,
2026-07-28 05:00:00,,1384966.88,
2026-07-28 06:00:00,,1400406.94,
2026-07-28 07:00:00,,1420898.41,
2026-07-28 08:00:00,,1392315.41,
2026-07-28 09:00:00,,1350939.93,
2026-07-28 10:00:00,,1362372.59,
2026-07-28 11:00:00,,1362325.62,
2026-07-28 12:00:00,,1410578.95,
2026-07-28 13:00:00,,1418537.09,
2026-07-28 14:00:00,,1381798.20,
2026-07-28 15:00:00,,1338076.02,
2026-07-28 16:00:00,,1304774.17,
2026-07-28 17:00:00,,1251916.49,
2026-07-28 18:00:00,,1235390.31,
2026-07-28 19:00:00,,1240717.79,
2026-07-28 20:00:00,,1234668.62,
2026-07-28 21:00:00,,1243939.09,
2026-07-28 22:00:00,,1207933.31,
2026-07-28 23:00:00,,1200939.15,
2026-07-29 00:00:00,,1210975.55,
2026-07-29 01:00:00,,1214728.19,
2026-07-29 02:00:00,,1206323.39,
2026-07-29 03:00:00,,1194075.11,
2026-07-29 04:00:00,,1190950.23,
2026-07-29 05:00:00,,1190649.66,
2026-07-29 06:00:00,,1221517.55,
2026-07-29 07:00:00,,1161049.40,
2026-07-29 08:00:00,,1167295.32,
2026-07-29 09:00:00,,1187001.18,
2026-07-29 10:00:00,,1170549.36,
2026-07-29 11:00:00,,1178227.16,
2026-07-29 12:00:00,,1178919.88,
2026-07-29 13:00:00,,1170518.98,
2026-07-29 14:00:00,,1177510.49,
2026-07-29 15:00:00,,1184167.22,
2026-07-29 16:00:00,,1159195.82,
2026-07-29 17:00:00,,1171771.04,
2026-07-29 18:00:00,,1165770.15,
2026-07-29 19:00:00,,1165334.68,
2026-07-29 20:00:00,,1141236.38,
2026-07-29 21:00:00,,1162241.48,
2026-07-29 22:00:00,,1175032.56,
2026-07-29 23:00:00,,1139631.62,
2026-07-30 00:00:00,,1140451.98,
2026-07-30 01:00:00,,1138697.60,
2026-07-30 02:00:00,,1146183.75,
2026-07-30 03:00:00,,1121748.38,
2026-07-30 04:00:00,,1079679.65,
2026-07-30 05:00:00,,1147946.21,
2026-07-30 06:00:00,,1152223.92,
2026-07-30 07:00:00,,1151123.79,
2026-07-30 08:00:00,,1135208.87,
2026-07-30 09:00:00,,1155791.22,
2026-07-30 10:00:00,,1124918.62,
2026-07-30 11:00:00,,1132954.11,
2026-07-30 12:00:00,,1114904.36,
2026-07-30 13:00:00,,1109749.02,
2026-07-30 14:00:00,,1109163.28,
2026-07-30 15:00:00,,1096046.39,
2026-07-30 16:00:00,,1082979.38,
2026-07-30 17:00:00,,1057926.59,
2026-07-30 18:00:00,,1062009.87,
2026-07-30 19:00:00,,1055804.69,
2026-07-30 20:00:00,,1064384.78,
2026-07-30 21:00:00,,1060922.01,
2026-07-30 22:00:00,,1068682.81,
2026-07-30 23:00:00,,1099764.34,
2026-07-31 00:00:00,,1090314.73,
2026-07-31 01:00:00,,1084836.53,
2026-07-31 02:00:00,,1078826.12,
2026-07-31 03:00:00,,1034805.67,
2026-07-31 04:00:00,,973480.73,
2026-07-31 05:00:00,,954714.94,
2026-07-31 06:00:00,,951616.29,
2026-07-31 07:00:00,,958534.79,
2026-07-31 08:00:00,,951776.86,
2026-07-31 09:00:00,,981263.44,
2026-07-31 10:00:00,,980088.59,
2026-07-31 11:00:00,,934847.44,
2026-07-31 12:00:00,,920157.04,
2026-07-31 13:00:00,,905809.49,
2026-07-31 14:00:00,,876775.71,
2026-07-31 15:00:00,,862007.36,
2026-07-31 16:00:00,,822844.46,
2026-07-31 17:00:00,,836116.32,
2026-07-31 18:00:00,,832333.45,
2026-07-31 19:00:00,,825575.30,
2026-07-31 20:00:00,,810351.53,
2026-07-31 21:00:00,,812149.80,
2026-07-31 22:00:00,,806314.10,
2026-07-31 23:00:00,,819755.96,
2026-08-01 00:00:00,,823866.60,
2026-08-01 01:00:00,,850254.80,
2026-08-01 02:00:00,,845303.15,
2026-08-01 03:00:00,,845372.50,
2026-08-01 04:00:00,,847609.65,
2026-08-01 05:00:00,,852564.85,
2026-08-01 06:00:00,,846024.57,
2026-08-01 07:00:00,,853389.28,
2026-08-01 08:00:00,,846080.55,
2026-08-01 09:00:00,,853957.46,
2026-08-01 10:00:00,,826801.80,
2026-08-01 11:00:00,,828291.25,
2026-08-01 12:00:00,,827086.35,
2026-08-01 13:00:00,,827716.53,
2026-08-01 14:00:00,,835367.64,
2026-08-01 15:00:00,,844257.21,
2026-08-01 16:00:00,,831594.15,
2026-08-01 17:00:00,,805258.58,
2026-08-01 18:00:00,,796846.11,
2026-08-01 19:00:00,,792570.90,
2026-08-01 20:00:00,,787260.87,
2026-08-01 21:00:00,,783260.57,
2026-08-01 22:00:00,,799950.78,
2026-08-01 23:00:00,,805363.01,
2026-08-02 00:00:00,,804436.33,
2026-08-02 01:00:00,,817642.67,
2026-08-02 02:00:00,,841810.85,
2026-08-02 03:00:00,,832823.49,
2026-08-02 04:00:00,,832608.04,
2026-08-02 05:00:00,,819383.55,
2026-08-02 06:00:00,,825068.12,
2026-08-02 07:00:00,,817054.91,
2026-08-02 08:00:00,,803169.53,
2026-08-02 09:00:00,,796070.37,
2026-08-02 10:00:00,,843626.79,
2026-08-02 11:00:00,,906618.28,
2026-08-02 12:00:00,,961707.12,
2026-08-02 13:00:00,,916165.96,
2026-08-02 14:00:00,,1135155.51,
2026-08-02 15:00:00,,1109181.59,
2026-08-02 16:00:00,,1111202.40,
2026-08-02 17:00:00,,1016439.64,
2026-08-02 18:00:00,,992867.95,
2026-08-02 19:00:00,,982631.44,
2026-08-02 20:00:00,,1125435.92,
2026-08-02 21:00:00,,1069811.48,
2026-08-02 22:00:00,,1050819.40,
2026-08-02 23:00:00,,1051998.11,
2026-08-03 00:00:00,,1050443.30,
2026-08-03 01:00:00,,1066871.01,
2026-08-03 02:00:00,,1110087.81,
2026-08-03 03:00:00,,1120126.17,
2026-08-03 04:00:00,,1116846.92,
2026-08-03 05:00:00,,1111782.69,
2026-08-03 06:00:00,,1127986.78,
2026-08-03 07:00:00,,1181600.05,
2026-08-03 08:00:00,,1265863.05,
2026-08-03 09:00:00,,1257122.22,
2026-08-03 10:00:00,,1251550.54,
2026-08-03 11:00:00,,1265842.77,
2026-08-03 12:00:00,,1262800.89,
2026-08-03 13:00:00,,1258672.77,
2026-08-03 14:00:00,,1231910.32,
2026-08-03 15:00:00,,1252996.36,
2026-08-03 16:00:00,,1230707.33,
2026-08-03 17:00:00,,1183295.41,
2026-08-03 18:00:00,,1171941.87,
2026-08-03 19:00:00,,1219927.29,
2026-08-03 20:00:00,,1209659.14,
2026-08-03 21:00:00,,1186549.38,
2026-08-03 22:00:00,,1202546.70,
2026-08-03 23:00:00,,1209037.85,
2026-08-04 00:00:00,,1219295.25,
2026-08-04 01:00:00,,1251092.41,
2026-08-04 02:00:00,,1278931.28,
2026-08-04 03:00:00,,1273205.52,
2026-08-04 04:00:00,,1236716.99,
2026-08-04 05:00:00,,1271173.80,
2026-08-04 06:00:00,,1132390.30,
2026-08-04 07:00:00,,1116476.93,
2026-08-04 08:00:00,,1178358.41,
2026-08-04 09:00:00,,1168239.76,
2026-08-04 10:00:00,,1140991.52,
2026-08-04 11:00:00,,1115548.43,
2026-08-04 12:00:00,,1134932.51,
2026-08-04 13:00:00,,1152982.52,
2026-08-04 14:00:00,,1198940.84,
2026-08-04 15:00:00,,1151438.05,
2026-08-04 16:00:00,,1082048.15,
2026-08-04 17:00:00,,1090439.66,
2026-08-04 18:00:00,,1043840.77,
2026-08-04 19:00:00,,1047357.79,
2026-08-04 20:00:00,,1042217.07,
2026-08-04 21:00:00,,1056081.76,
2026-08-04 22:00:00,,1036269.94,
2026-08-04 23:00:00,,1074495.74,
2026-08-05 00:00:00,,1089315.20,
2026-08-05 01:00:00,,1111323.80,
2026-08-05 02:00:00,,1093229.87,
2026-08-05 03:00:00,,1050627.01,
2026-08-05 04:00:00,,1047303.22,
2026-08-05 05:00:00,,1038718.31,
2026-08-05 06:00:00,,1031952.72,
2026-08-05 07:00:00,,1022908.76,
2026-08-05 08:00:00,,961092.15,
2026-08-05 09:00:00,,967000.93,
2026-08-05 10:00:00,,984842.11,
2026-08-05 11:00:00,,978335.95,
2026-08-05 12:00:00,,964278.28,
2026-08-05 13:00:00,,977371.40,
2026-08-05 14:00:00,,988675.10,
2026-08-05 15:00:00,,982275.47,
2026-08-05 16:00:00,,995081.69,
2026-08-05 17:00:00,,994473.09,
2026-08-05 18:00:00,,999904.82,
2026-08-05 19:00:00,,989481.27,
2026-08-05 20:00:00,,1010422.17,
2026-08-05 21:00:00,,1016762.36,
2026-08-05 22:00:00,,1029052.23,
2026-08-05 23:00:00,,1035635.55,
2026-08-06 00:00:00,,1067701.16,
2026-08-06 01:00:00,,1073883.60,
2026-08-06 02:00:00,,1069540.45,
2026-08-06 03:00:00,,1074967.82,
2026-08-06 04:00:00,,1087028.06,
2026-08-06 05:00:00,,1073987.56,
2026-08-06 06:00:00,,1060159.54,
2026-08-06 07:00:00,,1062693.29,
2026-08-06 08:00:00,,1058223.76,
2026-08-06 09:00:00,,1062018.66,
2026-08-06 10:00:00,,1057557.61,
2026-08-06 11:00:00,,1041095.45,
2026-08-06 12:00:00,,1043209.22,
2026-08-06 13:00:00,,1038969.36,
2026-08-06 14:00:00,,1266898.14,
2026-08-06 15:00:00,,1182792.12,
2026-08-06 16:00:00,,1101799.51,
2026-08-06 17:00:00,,1107736.19,
2026-08-06 18:00:00,,1095551.20,
2026-08-06 19:00:00,,1027942.77,
2026-08-06 20:00:00,,1013312.74,
2026-08-06 21:00:00,,1012659.37,
2026-08-06 22:00:00,,1022295.93,
2026-08-06 23:00:00,,1009625.85,
2026-08-07 00:00:00,,1004932.21,
2026-08-07 01:00:00,,1008700.86,
2026-08-07 02:00:00,,1009917.51,
2026-08-07 03:00:00,,992670.08,
2026-08-07 04:00:00,,970230.73,
2026-08-07 05:00:00,,970289.41,
2026-08-07 06:00:00,,966256.57,
2026-08-07 07:00:00,,942738.45,
2026-08-07 08:00:00,,942194.48,
2026-08-07 09:00:00,,989005.30,
2026-08-07 10:00:00,,963741.39,
2026-08-07 11:00:00,,970536.84,
2026-08-07 12:00:00,,994649.85,
2026-08-07 13:00:00,,1001721.52,
2026-08-07 14:00:00,,1013420.36,
2026-08-07 15:00:00,,1033477.91,
2026-08-07 16:00:00,,1138775.01,
2026-08-07 17:00:00,,1145768.30,
2026-08-07 18:00:00,,1157363.43,
2026-08-07 19:00:00,,1316921.84,
2026-08-07 20:00:00,,1234934.83,
2026-08-07 21:00:00,,1154409.16,
2026-08-07 22:00:00,,1059919.62,
2026-08-07 23:00:00,,1015254.49,
2026-08-08 00:00:00,,952171.28,
2026-08-08 01:00:00,,927095.12,
2026-08-08 02:00:00,,903293.17,
2026-08-08 03:00:00,,916380.87,
2026-08-08 04:00:00,,939110.84,
2026-08-08 05:00:00,,927132.33,
2026-08-08 06:00:00,,941374.16,
2026-08-08 07:00:00,,901693.57,
2026-08-08 08:00:00,,883703.34,
2026-08-08 09:00:00,,924045.48,
2026-08-08 10:00:00,,913401.56,
2026-08-08 11:00:00,,892605.65,
2026-08-08 12:00:00,,893167.20,
2026-08-08 13:00:00,,887915.26,
2026-08-08 14:00:00,,904677.87,
2026-08-08 15:00:00,,900177.93,
2026-08-08 16:00:00,,927327.83,
2026-08-08 17:00:00,,924736.60,
2026-08-08 18:00:00,,930591.77,
2026-08-08 19:00:00,,938943.40,
2026-08-08 20:00:00,,969086.74,
2026-08-08 21:00:00,,934873.42,
2026-08-08 22:00:00,,926554.61,
2026-08-08 23:00:00,,890994.78,
2026-08-09 00:00:00,,886199.15,
2026-08-09 01:00:00,,886114.57,
2026-08-09 02:00:00,,873894.33,
2026-08-09 03:00:00,,865455.64,
2026-08-09 04:00:00,,857461.09,
2026-08-09 05:00:00,,862209.61,
2026-08-09 06:00:00,,858374.18,
2026-08-09 07:00:00,,863274.51,
2026-08-09 08:00:00,,867440.84,
2026-08-09 09:00:00,,887011.73,
2026-08-09 10:00:00,,915652.08,
2026-08-09 11:00:00,,920969.88,
2026-08-09 12:00:00,,922514.02,
2026-08-09 13:00:00,,925219.32,
2026-08-09 14:00:00,,917101.06,
2026-08-09 15:00:00,,933249.79,
2026-08-09 16:00:00,,932583.14,
2026-08-09 17:00:00,,972465.79,
2026-08-09 18:00:00,,999173.99,
2026-08-09 19:00:00,,1046832.19,
2026-08-09 20:00:00,,966867.13,
2026-08-09 21:00:00,,978720.48,
2026-08-09 22:00:00,,1008468.08,
2026-08-09 23:00:00,,1054656.98,
2026-08-10 00:00:00,,1032234.48,
2026-08-10 01:00:00,,1067980.64,
2026-08-10 02:00:00,,1084754.30,
2026-08-10 03:00:00,,1249787.50,
2026-08-10 04:00:00,,1296758.44,
2026-08-10 05:00:00,,1497692.64,
2026-08-10 06:00:00,,1352687.69,
2026-08-10 07:00:00,,1314852.56,
2026-08-10 08:00:00,,1327600.98,
2026-08-10 09:00:00,,1406671.02,
2026-08-10 10:00:00,,1779285.39,
2026-08-10 11:00:00,,1706439.41,
2026-08-10 12:00:00,,1656726.06,
2026-08-10 13:00:00,,1835319.49,
2026-08-10 14:00:00,,1784461.38,
2026-08-10 15:00:00,,1627819.88,
2026-08-10 16:00:00,,1339149.71,
2026-08-10 17:00:00,,1264325.30,
2026-08-10 18:00:00,,1210023.00,
2026-08-10 19:00:00,,1176441.20,
2026-08-10 20:00:00,,1215072.97,
2026-08-10 21:00:00,,1212608.99,
2026-08-10 22:00:00,,1282097.12,
2026-08-10 23:00:00,,1310203.68,
2026-08-11 00:00:00,,1308988.89,
2026-08-11 01:00:00,,1252924.52,
2026-08-11 02:00:00,,1240253.60,
2026-08-11 03:00:00,,1205606.82,
2026-08-11 04:00:00,,1230375.58,
2026-08-11 05:00:00,,1214675.49,
2026-08-11 06:00:00,,1241575.39,
2026-08-11 07:00:00,,1212914.16,
2026-08-11 08:00:00,,1221579.95,
2026-08-11 09:00:00,,1198833.32,
2026-08-11 10:00:00,,1218591.78,
2026-08-11 11:00:00,,1337356.40,
2026-08-11 12:00:00,,1218704.56,
2026-08-11 13:00:00,,1190419.37,
2026-08-11 14:00:00,,1169029.43,
2026-08-11 15:00:00,,1110873.95,
2026-08-11 16:00:00,,1088743.12,
2026-08-11 17:00:00,,1115670.93,
2026-08-11 18:00:00,,1097521.98,
2026-08-11 19:00:00,,1084310.18,
2026-08-11 20:00:00,,1067726.62,
2026-08-11 21:00:00,,1067023.59,
2026-08-11 22:00:00,,1053547.74,
2026-08-11 23:00:00,,1029813.20,
2026-08-12 00:00:00,,1026795.67,
2026-08-12 01:00:00,,1024011.54,
2026-08-12 02:00:00,,1057394.37,
2026-08-12 03:00:00,,1084144.59,
2026-08-12 04:00:00,,1077028.43,
2026-08-12 05:00:00,,1067418.59,
2026-08-12 06:00:00,,1081124.89,
2026-08-12 07:00:00,,1063401.31,
2026-08-12 08:00:00,,1056877.31,
2026-08-12 09:00:00,,1087173.34,
2026-08-12 10:00:00,,1116524.03,
2026-08-12 11:00:00,,1161178.63,
2026-08-12 12:00:00,,1201297.65,
2026-08-12 13:00:00,,1239207.05,
2026-08-12 14:00:00,,1392299.32,
2026-08-12 15:00:00,,1469373.56,
2026-08-12 16:00:00,,1526703.20,
2026-08-12 17:00:00,,1475753.99,
2026-08-12 18:00:00,,1328131.01,
2026-08-12 19:00:00,,1306075.91,
2026-08-12 20:00:00,,1308084.73,
2026-08-12 21:00:00,,1308028.28,
2026-08-12 22:00:00,,1279361.91,
2026-08-12 23:00:00,,1375593.06,
2026-08-13 00:00:00,,1372273.64,
2026-08-13 01:00:00,,1304393.82,
2026-08-13 02:00:00,,1247820.82,
2026-08-13 03:00:00,,1251872.11,
2026-08-13 04:00:00,,1225757.53,
2026-08-13 05:00:00,,1206923.08,
2026-08-13 06:00:00,,1220115.90,
2026-08-13 07:00:00,,1221221.71,
2026-08-13 08:00:00,,1193390.78,
2026-08-13 09:00:00,,1194298.07,
2026-08-13 10:00:00,,1152105.85,
2026-08-13 11:00:00,,1179094.46,
2026-08-13 12:00:00,,1136207.67,
2026-08-13 13:00:00,,1165027.28,
2026-08-13 14:00:00,,1230456.86,
2026-08-13 15:00:00,,1165171.98,
2026-08-13 16:00:00,,1129697.47,
2026-08-13 17:00:00,,1046226.59,
2026-08-13 18:00:00,,1085132.86,
2026-08-13 19:00:00,,1087001.16,
2026-08-13 20:00:00,,1069814.07,
2026-08-13 21:00:00,,1069554.77,
2026-08-13 22:00:00,,1092953.17,
2026-08-13 23:00:00,,1103295.74,
2026-08-14 00:00:00,,1125418.69,
2026-08-14 01:00:00,,1126064.97,
2026-08-14 02:00:00,,1112776.37,
2026-08-14 03:00:00,,1103482.36,
2026-08-14 04:00:00,,1120216.74,
2026-08-14 05:00:00,,1133771.02,
2026-08-14 06:00:00,,1113789.22,
2026-08-14 07:00:00,,1103569.35,
2026-08-14 08:00:00,,1135790.99,
2026-08-14 09:00:00,,1130784.39,
2026-08-14 10:00:00,,1112883.23,
2026-08-14 11:00:00,,1119933.71,
2026-08-14 12:00:00,,1108590.79,
2026-08-14 13:00:00,,1108676.11,
2026-08-14 14:00:00,,1112729.78,
2026-08-14 15:00:00,,1114065.22,
2026-08-14 16:00:00,,1110747.12,
2026-08-14 17:00:00,,1101088.39,
2026-08-14 18:00:00,,1131442.94,
2026-08-14 19:00:00,,1144317.75,
2026-08-14 20:00:00,,1175856.61,
2026-08-14 21:00:00,,1216321.68,
2026-08-14 22:00:00,,1304099.06,
2026-08-14 23:00:00,,1305525.94,
2026-08-15 00:00:00,,1215019.01,
2026-08-15 01:00:00,,1205502.60,
2026-08-15 02:00:00,,1203910.06,
2026-08-15 03:00:00,,1140853.89,
2026-08-15 04:00:00,,1148687.81,
2026-08-15 05:00:00,,1207836.70,
2026-08-15 06:00:00,,1263818.54,
2026-08-15 07:00:00,,1469371.66,
2026-08-15 08:00:00,,1628970.33,
2026-08-15 09:00:00,,1522180.40,
2026-08-15 10:00:00,,1293804.34,
2026-08-15 11:00:00,,1387064.41,
2026-08-15 12:00:00,,1369100.75,
2026-08-15 13:00:00,,1483054.61,
2026-08-15 14:00:00,,1389057.05,
2026-08-15 15:00:00,,1479944.94,
2026-08-15 16:00:00,,1526765.23,
2026-08-15 17:00:00,,1510190.36,
2026-08-15 18:00:00,,1548846.29,
2026-08-15 19:00:00,,1683993.45,
2026-08-15 20:00:00,,1652866.14,
2026-08-15 21:00:00,,1414321.56,
2026-08-15 22:00:00,,1360541.19,
2026-08-15 23:00:00,,1362113.24,
2026-08-16 00:00:00,,1382074.36,
2026-08-16 01:00:00,,1389565.59,
2026-08-16 02:00:00,,1401044.82,
2026-08-16 03:00:00,,1304587.93,
2026-08-16 04:00:00,,1307864.16,
2026-08-16 05:00:00,,1297047.76,
2026-08-16 06:00:00,,1293225.39,
2026-08-16 07:00:00,,1292278.37,
2026-08-16 08:00:00,,1353517.57,
2026-08-16 09:00:00,,1431570.50,
2026-08-16 10:00:00,,1478699.80,
2026-08-16 11:00:00,,1427378.86,
2026-08-16 12:00:00,,1445343.97,
2026-08-16 13:00:00,,1400474.06,
2026-08-16 14:00:00,,1422157.67,
2026-08-16 15:00:00,,1405397.62,
2026-08-16 16:00:00,,1390155.88,
2026-08-16 17:00:00,,1350627.08,
2026-08-16 18:00:00,,1354560.63,
2026-08-16 19:00:00,,1340349.88,
2026-08-16 20:00:00,,1309444.55,
2026-08-16 21:00:00,,1309620.56,
2026-08-16 22:00:00,,1365236.94,
2026-08-16 23:00:00,,1342247.66,
2026-08-17 00:00:00,,1357121.13,
2026-08-17 01:00:00,,1385597.04,
2026-08-17 02:00:00,,1423655.18,
2026-08-17 03:00:00,,1471854.46,
2026-08-17 04:00:00,,1477460.14,
2026-08-17 05:00:00,,1494024.60,
2026-08-17 06:00:00,,1418907.81,
2026-08-17 07:00:00,,1442013.63,
2026-08-17 08:00:00,,1437035.87,
2026-08-17 09:00:00,,1426766.14,
2026-08-17 10:00:00,,1331231.63,
2026-08-17 11:00:00,,1399983.35,
2026-08-17 12:00:00,,1368606.20,
2026-08-17 13:00:00,,1390985.69,
2026-08-17 14:00:00,,1369085.78,
2026-08-17 15:00:00,,1360349.60,
2026-08-17 16:00:00,,1428913.42,
2026-08-17 17:00:00,,1394450.30,
2026-08-17 18:00:00,,1376789.05,
2026-08-17 19:00:00,,1585569.26,
2026-08-17 20:00:00,,1588081.34,
2026-08-17 21:00:00,,1617706.96,
2026-08-17 22:00:00,,1528713.95,
2026-08-17 23:00:00,,1534129.55,
2026-08-18 00:00:00,,1588010.84,
2026-08-18 01:00:00,,1589304.91,
2026-08-18 02:00:00,,1567078.88,
2026-08-18 03:00:00,,1595746.54,
2026-08-18 04:00:00,,1598583.42,
2026-08-18 05:00:00,,1551511.35,
2026-08-18 06:00:00,,1543448.82,
2026-08-18 07:00:00,,1537996.00,
2026-08-18 08:00:00,,1577950.66,
2026-08-18 09:00:00,,1577438.27,
2026-08-18 10:00:00,,1590209.32,
2026-08-18 11:00:00,,1573195.72,
2026-08-18 12:00:00,,1510694.82,
2026-08-18 13:00:00,,1487114.57,
2026-08-18 14:00:00,,1488519.10,
2026-08-18 15:00:00,,1499520.79,
2026-08-18 16:00:00,,1492062.20,
2026-08-18 17:00:00,,1451210.30,
2026-08-18 18:00:00,,1443622.93,
2026-08-18 19:00:00,,1421646.08,
2026-08-18 20:00:00,,1416899.85,
2026-08-18 21:00:00,,1421290.72,
2026-08-18 22:00:00,,1408706.86,
2026-08-18 23:00:00,,1405744.03,
2026-08-19 00:00:00,,1403983.67,
2026-08-19 01:00:00,,1391804.00,
2026-08-19 02:00:00,,1382213.45,
2026-08-19 03:00:00,,1380478.01,
2026-08-19 04:00:00,,1391639.09,
2026-08-19 05:00:00,,1351847.49,
2026-08-19 06:00:00,,1353879.67,
2026-08-19 07:00:00,,1337079.51,
2026-08-19 08:00:00,,1331562.55,
2026-08-19 09:00:00,,1294099.50,
2026-08-19 10:00:00,,1264493.42,
2026-08-19 11:00:00,,1329212.51,
2026-08-19 12:00:00,,1308357.89,
2026-08-19 13:00:00,,1330474.08,
2026-08-19 14:00:00,,1348241.88,
2026-08-19 15:00:00,,1354597.55,
2026-08-19 16:00:00,,1444947.12,
2026-08-19 17:00:00,,1407717.79,
2026-08-19 18:00:00,,1437559.47,
2026-08-19 19:00:00,,1410476.23,
2026-08-19 20:00:00,,1509552.54,
2026-08-19 21:00:00,,1538884.24,
2026-08-19 22:00:00,,1522673.60,
2026-08-19 23:00:00,,1508921.05,
2026-08-20 00:00:00,,1494802.13,
2026-08-20 01:00:00,,1485534.02,
2026-08-20 02:00:00,,1477910.93,
2026-08-20 03:00:00,,1473273.05,
2026-08-20 04:00:00,,1531319.49,
2026-08-20 05:00:00,,1521138.93,
2026-08-20 06:00:00,,1501885.91,
2026-08-20 07:00:00,,1464500.87,
2026-08-20 08:00:00,,1528491.49,
2026-08-20 09:00:00,,1517667.49,
2026-08-20 10:00:00,,1553000.04,
2026-08-20 11:00:00,,1545085.66,
2026-08-20 12:00:00,,1531391.95,
2026-08-20 13:00:00,,1506532.40,
2026-08-20 14:00:00,,1508514.93,
2026-08-20 15:00:00,,1487966.83,
2026-08-20 16:00:00,,1502155.09,
2026-08-20 17:00:00,,1504965.20,
2026-08-20 18:00:00,,1486764.39,
2026-08-20 19:00:00,,1459806.01,
2026-08-20 20:00:00,,1463003.94,
2026-08-20 21:00:00,,1466121.75,
2026-08-20 22:00:00,,1511580.54,
2026-08-20 23:00:00,,1484264.85,
2026-08-21 00:00:00,,1574462.05,
2026-08-21 01:00:00,,1734001.83,
2026-08-21 02:00:00,,1608747.12,
2026-08-21 03:00:00,,1611710.12,
2026-08-21 04:00:00,,1647558.29,
2026-08-21 05:00:00,,1652934.31,
2026-08-21 06:00:00,,1686417.39,
2026-08-21 07:00:00,,1688482.98,
2026-08-21 08:00:00,,1721330.61,
2026-08-21 09:00:00,,1899501.04,
2026-08-21 10:00:00,,1825034.66,
2026-08-21 11:00:00,,1870718.70,
2026-08-21 12:00:00,,2041377.65,
2026-08-21 13:00:00,,2021477.18,
2026-08-21 14:00:00,,2005851.78,
2026-08-21 15:00:00,,2016381.30,
2026-08-21 16:00:00,,1988273.70,
2026-08-21 17:00:00,,1974914.01,
2026-08-21 18:00:00,,1966446.21,
2026-08-21 19:00:00,,1965629.89,
2026-08-21 20:00:00,,2008738.85,
2026-08-21 21:00:00,,2006598.76,
2026-08-21 22:00:00,,2004251.67,
2026-08-21 23:00:00,,1999638.61,
2026-08-22 00:00:00,,2000879.60,
2026-08-22 01:00:00,,2034750.88,
2026-08-22 02:00:00,,2175528.93,
2026-08-22 03:00:00,,2193474.05,
2026-08-22 04:00:00,,2173879.35,
2026-08-22 05:00:00,,2197916.90,
2026-08-22 06:00:00,,1755294.94,
2026-08-22 07:00:00,,1810774.86,
2026-08-22 08:00:00,,1917958.97,
2026-08-22 09:00:00,,2023016.33,
2026-08-22 10:00:00,,1971056.66,
2026-08-22 11:00:00,,1885261.79,
2026-08-22 12:00:00,,1957424.82,
2026-08-22 13:00:00,,1867381.08,
2026-08-22 14:00:00,,1854337.90,
2026-08-22 15:00:00,,1810044.03,
2026-08-22 16:00:00,,1480377.52,
2026-08-22 17:00:00,,1436406.07,
2026-08-22 18:00:00,,1447148.17,
2026-08-22 19:00:00,,1410143.10,
2026-08-22 20:00:00,,1406883.38,
2026-08-22 21:00:00,,1402310.87,
2026-08-22 22:00:00,,1356186.71,
2026-08-22 23:00:00,,1378837.73,
2026-08-23 00:00:00,,1398825.86,
2026-08-23 01:00:00,,1411878.70,
2026-08-23 02:00:00,,1391416.89,
2026-08-23 03:00:00,,1390219.19,
2026-08-23 04:00:00,,1365141.16,
2026-08-23 05:00:00,,1363144.85,
2026-08-23 06:00:00,,1351254.97,
2026-08-23 07:00:00,,1365247.31,
2026-08-23 08:00:00,,1386190.01,
2026-08-23 09:00:00,,1377831.42,
2026-08-23 10:00:00,,1370453.56,
2026-08-23 11:00:00,,1398365.49,
2026-08-23 12:00:00,,1411336.18,
2026-08-23 13:00:00,,1376277.58,
2026-08-23 14:00:00,,1391066.21,
2026-08-23 15:00:00,,1385047.20,
2026-08-23 16:00:00,,1431100.47,
2026-08-23 17:00:00,,1414098.13,
2026-08-23 18:00:00,,1419876.49,
2026-08-23 19:00:00,,1386897.36,
2026-08-23 20:00:00,,1359484.90,
2026-08-23 21:00:00,,1358905.78,
2026-08-23 22:00:00,,1337636.44,
2026-08-23 23:00:00,,1330292.09,
2026-08-24 00:00:00,,1331979.67,
2026-08-24 01:00:00,,1318573.44,
2026-08-24 02:00:00,,1285683.61,
2026-08-24 03:00:00,,1286798.39,
2026-08-24 04:00:00,,1289584.16,
2026-08-24 05:00:00,,1304893.87,
2026-08-24 06:00:00,,1302309.62,
2026-08-24 07:00:00,,1310646.62,
2026-08-24 08:00:00,,1321203.90,
2026-08-24 09:00:00,,1308601.01,
2026-08-24 10:00:00,,1304317.61,
2026-08-24 11:00:00,,1315630.23,
2026-08-24 12:00:00,,1324350.14,
2026-08-24 13:00:00,,1355204.04,
2026-08-24 14:00:00,,1344325.38,
2026-08-24 15:00:00,,1363316.62,
2026-08-24 16:00:00,,1358422.60,
2026-08-24 17:00:00,,1372082.37,
2026-08-24 18:00:00,,1391671.16,
2026-08-24 19:00:00,,1389729.66,
2026-08-24 20:00:00,,1393593.28,
2026-08-24 21:00:00,,1379928.78,
2026-08-24 22:00:00,,1391290.51,
2026-08-24 23:00:00,,1405997.37,
2026-08-25 00:00:00,,1423420.96,
2026-08-25 01:00:00,,1399823.18,
2026-08-25 02:00:00,,1382932.92,
2026-08-25 03:00:00,,1368280.44,
2026-08-25 04:00:00,,1350673.37,
2026-08-25 05:00:00,,1381834.29,
2026-08-25 06:00:00,,1360193.37,
2026-08-25 07:00:00,,1350539.08,
2026-08-25 08:00:00,,1337084.09,
2026-08-25 09:00:00,,1341016.72,
2026-08-25 10:00:00,,1317610.44,
2026-08-25 11:00:00,,1323738.58,
2026-08-25 12:00:00,,1330142.54,
2026-08-25 13:00:00,,1348987.94,
2026-08-25 14:00:00,,1307836.34,
2026-08-25 15:00:00,,1311783.05,
2026-08-25 16:00:00,,1313520.73,
2026-08-25 17:00:00,,1312845.41,
2026-08-25 18:00:00,,1312542.44,
2026-08-25 19:00:00,,1327311.64,
2026-08-25 20:00:00,,1308745.76,
2026-08-25 21:00:00,,1294108.47,
2026-08-25 22:00:00,,1317492.65,
2026-08-25 23:00:00,,1340401.11,
2026-08-26 00:00:00,,1290188.24,
2026-08-26 01:00:00,,1287850.09,
2026-08-26 02:00:00,,1277028.19,
2026-08-26 03:00:00,,1281525.18,
2026-08-26 04:00:00,,1308564.88,
2026-08-26 05:00:00,,1287712.63,
2026-08-26 06:00:00,,1307534.18,
2026-08-26 07:00:00,,1302492.72,
2026-08-26 08:00:00,,1388592.20,
2026-08-26 09:00:00,,1335077.90,
2026-08-26 10:00:00,,1352353.96,
2026-08-26 11:00:00,,1357803.16,
2026-08-26 12:00:00,,1356352.48,
2026-08-26 13:00:00,,1411038.77,
2026-08-26 14:00:00,,1404867.15,
2026-08-26 15:00:00,,1353431.76,
2026-08-26 16:00:00,,1333572.09,
2026-08-26 17:00:00,,1295750.30,
2026-08-26 18:00:00,,1271884.74,
2026-08-26 19:00:00,,1272938.30,
2026-08-26 20:00:00,,1262334.38,
2026-08-26 21:00:00,,1291218.27,
2026-08-26 22:00:00,,1266351.24,
2026-08-26 23:00:00,,1267222.67,
2026-08-27 00:00:00,,1266878.55,
2026-08-27 01:00:00,,1257680.46,
2026-08-27 02:00:00,,1260194.95,
2026-08-27 03:00:00,,1252872.31,
2026-08-27 04:00:00,,1272831.53,
2026-08-27 05:00:00,,1279873.11,
2026-08-27 06:00:00,,1295799.28,
2026-08-27 07:00:00,,1284029.54,
2026-08-27 08:00:00,,1283124.26,
2026-08-27 09:00:00,,1300376.02,
2026-08-27 10:00:00,,1310964.95,
2026-08-27 11:00:00,,1303612.88,
2026-08-27 12:00:00,,1318594.87,
2026-08-27 13:00:00,,1333680.69,
2026-08-27 14:00:00,,1340626.64,
2026-08-27 15:00:00,,1365111.76,
2026-08-27 16:00:00,,1356039.32,
2026-08-27 17:00:00,,1327453.88,
2026-08-27 18:00:00,,1324241.69,
2026-08-27 19:00:00,,1335049.39,
2026-08-27 20:00:00,,1325585.97,
2026-08-27 21:00:00,,1325383.84,
2026-08-27 22:00:00,,1300883.69,
2026-08-27 23:00:00,,1309312.07,
2026-08-28 00:00:00,,1300226.55,
2026-08-28 01:00:00,,1303583.50,
2026-08-28 02:00:00,,1296027.11,
2026-08-28 03:00:00,,1287687.40,
2026-08-28 04:00:00,,1321316.80,
2026-08-28 05:00:00,,1384525.50,
2026-08-28 06:00:00,,1393285.40,
2026-08-28 07:00:00,,1394777.86,
2026-08-28 08:00:00,,1397212.33,
2026-08-28 09:00:00,,1405832.03,
2026-08-28 10:00:00,,1358001.60,
2026-08-28 11:00:00,,1405506.95,
2026-08-28 12:00:00,,1406422.99,
2026-08-28 13:00:00,,1421889.49,
2026-08-28 14:00:00,,1745534.54,
2026-08-28 15:00:00,,1976701.47,
2026-08-28 16:00:00,,1930817.59,
2026-08-28 17:00:00,,1640145.61,
2026-08-28 18:00:00,,1746616.44,
2026-08-28 19:00:00,,1708305.18,
2026-08-28 20:00:00,,1744786.89,
2026-08-28 21:00:00,,1648371.31,
2026-08-28 22:00:00,,1776399.24,
2026-08-28 23:00:00,,1915929.38,
2026-08-29 00:00:00,,1974878.83,
2026-08-29 01:00:00,,2057626.96,
2026-08-29 02:00:00,,2097410.79,
2026-08-29 03:00:00,,2014712.12,
2026-08-29 04:00:00,,2124590.82,
2026-08-29 05:00:00,,2107162.02,
2026-08-29 06:00:00,,2010322.49,
2026-08-29 07:00:00,,1994670.21,
2026-08-29 08:00:00,,2120453.74,
2026-08-29 09:00:00,,2215490.69,
2026-08-29 10:00:00,,2152572.48,
2026-08-29 11:00:00,,2115491.80,
2026-08-29 12:00:00,,2456350.30,
2026-08-29 13:00:00,,2491979.62,
2026-08-29 14:00:00,,2865662.28,
2026-08-29 15:00:00,,2830145.17,
2026-08-29 16:00:00,,2682287.91,
2026-08-29 17:00:00,,2667217.20,
2026-08-29 18:00:00,,3071803.56,
2026-08-29 19:00:00,,3156319.71,
2026-08-29 20:00:00,,3112358.85,
2026-08-29 21:00:00,,2860417.17,
2026-08-29 22:00:00,,2811505.05,
2026-08-29 23:00:00,,2839507.64,
2026-08-30 00:00:00,,2958914.80,
2026-08-30 01:00:00,,2740572.48,
2026-08-30 02:00:00,,2539029.83,
2026-08-30 03:00:00,,2451357.39,
2026-08-30 04:00:00,,2567967.71,
2026-08-30 05:00:00,,2494493.10,
2026-08-30 06:00:00,,2509045.30,
2026-08-30 07:00:00,,2549623.08,
2026-08-30 08:00:00,,2677050.83,
2026-08-30 09:00:00,,2991994.09,
2026-08-30 10:00:00,,2919600.70,
2026-08-30 11:00:00,,2893982.11,
2026-08-30 12:00:00,,2974754.21,
2026-08-30 13:00:00,,2947913.14,
2026-08-30 14:00:00,,2818547.85,
2026-08-30 15:00:00,,2809865.02,
2026-08-30 16:00:00,,2728475.85,
2026-08-30 17:00:00,,2718120.86,
2026-08-30 18:00:00,,2800669.97,
2026-08-30 19:00:00,,2396380.94,
2026-08-30 20:00:00,,2345262.21,
2026-08-30 21:00:00,,2291597.65,
2026-08-30 22:00:00,,2180810.18,
2026-08-30 23:00:00,,2189294.17,
2026-08-31 00:00:00,,2184545.81,
2026-08-31 01:00:00,,2218937.61,
2026-08-31 02:00:00,,2241261.64,
2026-08-31 03:00:00,,2309637.97,
2026-08-31 04:00:00,,2332345.75,
2026-08-31 05:00:00,,2328404.99,
2026-08-31 06:00:00,,2278267.91,
2026-08-31 07:00:00,,2417257.43,
2026-08-31 08:00:00,,2396751.84,
2026-08-31 09:00:00,,2328145.61,
2026-08-31 10:00:00,,2113320.04,
2026-08-31 11:00:00,,2113716.19,
2026-08-31 12:00:00,,2253542.12,
2026-08-31 13:00:00,,2265103.70,
2026-08-31 14:00:00,,2135176.83,
2026-08-31 15:00:00,,2175758.65,
2026-08-31 16:00:00,,2189452.63,
2026-08-31 17:00:00,,2146190.24,
2026-08-31 18:00:00,,2146921.44,
2026-08-31 19:00:00,,2120484.37,
2026-08-31 20:00:00,,2057049.49,
2026-08-31 21:00:00,,2064778.56,
2026-08-31 22:00:00,,2062233.21,
2026-08-31 23:00:00,,2135138.98,
2026-09-01 00:00:00,,2091571.95,
2026-09-01 01:00:00,,2095076.90,
2026-09-01 02:00:00,,2085477.63,
2026-09-01 03:00:00,,2109648.04,
2026-09-01 04:00:00,,2135842.18,
2026-09-01 05:00:00,,2128230.80,
2026-09-01 06:00:00,,2123022.35,
2026-09-01 07:00:00,,2109795.11,
2026-09-01 08:00:00,,2125578.30,
2026-09-01 09:00:00,,2105985.81,
2026-09-01 10:00:00,,2023654.23,
2026-09-01 11:00:00,,2030831.01,
2026-09-01 12:00:00,,2018732.74,
2026-09-01 13:00:00,,1967424.59,
2026-09-01 14:00:00,,1978136.27,
2026-09-01 15:00:00,,1984248.60,
2026-09-01 16:00:00,,1979497.62,
2026-09-01 17:00:00,,1966493.63,
2026-09-01 18:00:00,,1915484.17,
2026-09-01 19:00:00,,1875398.51,
2026-09-01 20:00:00,,1920620.13,
2026-09-01 21:00:00,,1922937.93,
2026-09-01 22:00:00,,1910346.71,
2026-09-01 23:00:00,,1914292.30,
2026-09-02 00:00:00,,1929050.97,
2026-09-02 01:00:00,,1998984.14,
2026-09-02 02:00:00,,1916693.77,
2026-09-02 03:00:00,,1900524.86,
2026-09-02 04:00:00,,1862629.41,
2026-09-02 05:00:00,,1862340.99,
2026-09-02 06:00:00,,1854035.01,
2026-09-02 07:00:00,,1826367.20,
2026-09-02 08:00:00,,1804137.19,
2026-09-02 09:00:00,,1804377.64,
2026-09-02 10:00:00,,1825251.15,
2026-09-02 11:00:00,,1833726.91,
2026-09-02 12:00:00,,1839962.14,
2026-09-02 13:00:00,,1852167.09,
2026-09-02 14:00:00,,1847924.48,
2026-09-02 15:00:00,,1867073.26,
2026-09-02 16:00:00,,1884144.36,
2026-09-02 17:00:00,,1865288.98,
2026-09-02 18:00:00,,1846281.72,
2026-09-02 19:00:00,,1843107.83,
2026-09-02 20:00:00,,1864558.23,
2026-09-02 21:00:00,,1876071.31,
2026-09-02 22:00:00,,1869372.77,
2026-09-02 23:00:00,,1823817.78,
2026-09-03 00:00:00,,1841954.67,
2026-09-03 01:00:00,,1824926.07,
2026-09-03 02:00:00,,1847056.76,
2026-09-03 03:00:00,,1847709.59,
2026-09-03 04:00:00,,1849316.68,
2026-09-03 05:00:00,,1859381.61,
2026-09-03 06:00:00,,1869548.38,
2026-09-03 07:00:00,,1886470.40,
2026-09-03 08:00:00,,1866552.37,
2026-09-03 09:00:00,,1866442.06,
2026-09-03 10:00:00,,1966162.87,
2026-09-03 11:00:00,,1997761.35,
2026-09-03 12:00:00,,2047426.60,
2026-09-03 13:00:00,,2092195.46,
2026-09-03 14:00:00,,2062318.21,
2026-09-03 15:00:00,,2062814.69,
2026-09-03 16:00:00,,2070111.49,
2026-09-03 17:00:00,,2056319.94,
2026-09-03 18:00:00,,2084189.59,
2026-09-03 19:00:00,,2056532.36,
2026-09-03 20:00:00,,2049951.56,
2026-09-03 21:00:00,,2049962.93,
2026-09-03 22:00:00,,2033826.66,
2026-09-03 23:00:00,,2004806.43,
2026-09-04 00:00:00,,1958062.20,
2026-09-04 01:00:00,,1958336.69,
2026-09-04 02:00:00,,1909302.56,
2026-09-04 03:00:00,,1912684.14,
2026-09-04 04:00:00,,1873242.20,
2026-09-04 05:00:00,,1895589.63,
2026-09-04 06:00:00,,1906175.95,
2026-09-04 07:00:00,,1916207.51,
2026-09-04 08:00:00,,2003848.49,
2026-09-04 09:00:00,,1985070.49,
2026-09-04 10:00:00,,1977544.55,
2026-09-04 11:00:00,,1878887.31,
2026-09-04 12:00:00,,1942136.75,
2026-09-04 13:00:00,,1931555.91,
2026-09-04 14:00:00,,1914605.24,
2026-09-04 15:00:00,,1881305.59,
2026-09-04 16:00:00,,1946464.43,
2026-09-04 17:00:00,,1986920.17,
2026-09-04 18:00:00,,1963786.17,
2026-09-04 19:00:00,,1947072.69,
2026-09-04 20:00:00,,1946972.13,
2026-09-04 21:00:00,,1942161.50,
2026-09-04 22:00:00,,1905597.83,
2026-09-04 23:00:00,,1913692.80,
2026-09-05 00:00:00,,1955486.37,
2026-09-05 01:00:00,,1955911.62,
2026-09-05 02:00:00,,2000678.45,
2026-09-05 03:00:00,,2075425.29,
2026-09-05 04:00:00,,2170550.72,
2026-09-05 05:00:00,,2195287.74,
2026-09-05 06:00:00,,2592489.37,
2026-09-05 07:00:00,,2473670.61,
2026-09-05 08:00:00,,2504513.08,
2026-09-05 09:00:00,,2432815.72,
2026-09-05 10:00:00,,2387388.80,
2026-09-05 11:00:00,,2400726.27,
2026-09-05 12:00:00,,2411221.33,
2026-09-05 13:00:00,,2351859.30,
2026-09-05 14:00:00,,2234837.33,
2026-09-05 15:00:00,,2250374.48,
2026-09-05 16:00:00,,2273265.64,
2026-09-05 17:00:00,,2239040.55,
2026-09-05 18:00:00,,2206462.92,
2026-09-05 19:00:00,,2192129.07,
2026-09-05 20:00:00,,2184007.66,
2026-09-05 21:00:00,,2176640.07,
2026-09-05 22:00:00,,2129132.31,
2026-09-05 23:00:00,,2132068.76,
2026-09-06 00:00:00,,2154550.04,
2026-09-06 01:00:00,,2260647.00,
2026-09-06 02:00:00,,2587627.07,
2026-09-06 03:00:00,,2643922.87,
2026-09-06 04:00:00,,2656052.08,
2026-09-06 05:00:00,,2699808.48,
2026-09-06 06:00:00,,2721431.31,
2026-09-06 07:00:00,,2723198.77,
2026-09-06 08:00:00,,2659677.31,
2026-09-06 09:00:00,,2561012.37,
2026-09-06 10:00:00,,2587947.04,
2026-09-06 11:00:00,,2607532.88,
2026-09-06 12:00:00,,2731941.43,
2026-09-06 13:00:00,,2694371.20,
2026-09-06 14:00:00,,2706366.95,
2026-09-06 15:00:00,,2673265.03,
2026-09-06 16:00:00,,2910027.42,
2026-09-06 17:00:00,,2819812.04,
2026-09-06 18:00:00,,2786726.74,
2026-09-06 19:00:00,,2756258.34,
2026-09-06 20:00:00,,2784195.95,
2026-09-06 21:00:00,,2792845.40,
2026-09-06 22:00:00,,2809094.46,
2026-09-06 23:00:00,,2803853.96,
2026-09-07 00:00:00,,2847915.12,
2026-09-07 01:00:00,,2958464.19,
2026-09-07 02:00:00,,2841114.33,
2026-09-07 03:00:00,,2776615.05,
2026-09-07 04:00:00,,2755856.37,
2026-09-07 05:00:00,,2770841.02,
2026-09-07 06:00:00,,2793210.97,
2026-09-07 07:00:00,,2779917.20,
2026-09-07 08:00:00,,2788834.52,
2026-09-07 09:00:00,,2776671.04,
2026-09-07 10:00:00,,2777666.35,
2026-09-07 11:00:00,,2788519.78,
2026-09-07 12:00:00,,2793408.82,
2026-09-07 13:00:00,,2830041.95,
2026-09-07 14:00:00,,2914507.83,
2026-09-07 15:00:00,,2915176.65,
2026-09-07 16:00:00,,2859744.75,
2026-09-07 17:00:00,,2923086.07,
2026-09-07 18:00:00,,2919169.02,
2026-09-07 19:00:00,,2904267.97,
2026-09-07 20:00:00,,2925989.64,
2026-09-07 21:00:00,,2923948.08,
2026-09-07 22:00:00,,2923899.74,
2026-09-07 23:00:00,,2945887.64,
2026-09-08 00:00:00,,2899194.76,
2026-09-08 01:00:00,,2937756.27,
2026-09-08 02:00:00,,2932639.36,
2026-09-08 03:00:00,,2850612.51,
2026-09-08 04:00:00,,2853931.01,
2026-09-08 05:00:00,,2827299.17,
2026-09-08 06:00:00,,2761864.77,
2026-09-08 07:00:00,,2743637.92,
2026-09-08 08:00:00,,2724734.10,
2026-09-08 09:00:00,,2737853.53,
2026-09-08 10:00:00,,2771300.00,
2026-09-08 11:00:00,,2734431.01,
2026-09-08 12:00:00,,2731764.93,
2026-09-08 13:00:00,,2673049.37,
2026-09-08 14:00:00,,2612608.11,
2026-09-08 15:00:00,,2647357.49,
2026-09-08 16:00:00,,2695132.16,
2026-09-08 17:00:00,,2683632.88,
2026-09-08 18:00:00,,2687710.34,
2026-09-08 19:00:00,,2635541.55,
2026-09-08 20:00:00,,2610007.95,
2026-09-08 21:00:00,,2601656.37,
2026-09-08 22:00:00,,2635568.94,
2026-09-08 23:00:00,,2660282.56,
2026-09-09 00:00:00,,2645379.62,
2026-09-09 01:00:00,,2656347.31,
2026-09-09 02:00:00,,2649885.43,
2026-09-09 03:00:00,,2641316.65,
2026-09-09 04:00:00,,2642013.50,
2026-09-09 05:00:00,,2644828.54,
2026-09-09 06:00:00,,2656648.29,
2026-09-09 07:00:00,,2668998.49,
2026-09-09 08:00:00,,2645873.59,
2026-09-09 09:00:00,,2693605.44,
2026-09-09 10:00:00,,2637945.87,
2026-09-09 11:00:00,,2638305.02,
2026-09-09 12:00:00,,2634961.05,
2026-09-09 13:00:00,,2640128.64,
2026-09-09 14:00:00,,2602410.25,
2026-09-09 15:00:00,,2619289.63,
2026-09-09 16:00:00,,2509084.48,
2026-09-09 17:00:00,,2534392.47,
2026-09-09 18:00:00,,2511249.29,
2026-09-09 19:00:00,,2485679.43,
2026-09-09 20:00:00,,2455659.35,
2026-09-09 21:00:00,,2483421.63,
2026-09-09 22:00:00,,2428939.97,
2026-09-09 23:00:00,,1960223.43,
2026-09-10 00:00:00,,1962977.44,
2026-09-10 01:00:00,,1909890.94,
2026-09-10 02:00:00,,1874233.87,
2026-09-10 03:00:00,,1900504.29,
2026-09-10 04:00:00,,1880771.44,
2026-09-10 05:00:00,,1919679.74,
2026-09-10 06:00:00,,1871362.31,
2026-09-10 07:00:00,,1842936.75,
2026-09-10 08:00:00,,1808058.28,
2026-09-10 09:00:00,,1817989.47,
2026-09-10 10:00:00,,1845000.90,
2026-09-10 11:00:00,,1800465.71,
2026-09-10 12:00:00,,1800362.94,
2026-09-10 13:00:00,,1799912.94,
2026-09-10 14:00:00,,1821273.13,
2026-09-10 15:00:00,,1803410.69,
2026-09-10 16:00:00,,1747731.90,
2026-09-10 17:00:00,,1748492.54,
2026-09-10 18:00:00,,1735491.15,
2026-09-10 19:00:00,,1728536.75,
2026-09-10 20:00:00,,1708157.78,
2026-09-10 21:00:00,,1695645.00,
2026-09-10 22:00:00,,1687566.49,
2026-09-10 23:00:00,,1650162.67,
2026-09-11 00:00:00,,1634446.97,
2026-09-11 01:00:00,,1669623.89,
2026-09-11 02:00:00,,1664762.61,
2026-09-11 03:00:00,,1646900.15,
2026-09-11 04:00:00,,1644236.00,
2026-09-11 05:00:00,,1643233.98,
2026-09-11 06:00:00,,1590085.51,
2026-09-11 07:00:00,,1583141.63,
2026-09-11 08:00:00,,1545927.78,
2026-09-11 09:00:00,,1549203.64,
2026-09-11 10:00:00,,1535252.98,
2026-09-11 11:00:00,,1503792.88,
2026-09-11 12:00:00,,1521710.07,
2026-09-11 13:00:00,,1535975.61,
2026-09-11 14:00:00,,1547090.58,
2026-09-11 15:00:00,,1554403.52,
2026-09-11 16:00:00,,1549155.43,
2026-09-11 17:00:00,,1554784.88,
2026-09-11 18:00:00,,1532178.94,
2026-09-11 19:00:00,,1510001.07,
2026-09-11 20:00:00,,1527825.35,
2026-09-11 21:00:00,,1540400.47,
2026-09-11 22:00:00,,1525969.44,
2026-09-11 23:00:00,,1517888.32,
2026-09-12 00:00:00,,1522000.89,
2026-09-12 01:00:00,,1511877.49,
2026-09-12 02:00:00,,1528570.00,
2026-09-12 03:00:00,,1521407.19,
2026-09-12 04:00:00,,1519684.25,
2026-09-12 05:00:00,,1508989.31,
2026-09-12 06:00:00,,1508502.93,
2026-09-12 07:00:00,,1494676.34,
2026-09-12 08:00:00,,1497831.25,
2026-09-12 09:00:00,,1488534.89,
2026-09-12 10:00:00,,1473169.52,
2026-09-12 11:00:00,,1472145.64,
2026-09-12 12:00:00,,1471508.31,
2026-09-12 13:00:00,,1481820.49,
2026-09-12 14:00:00,,1490862.52,
2026-09-12 15:00:00,,1497958.53,
2026-09-12 16:00:00,,1495702.21,
2026-09-12 17:00:00,,1498820.41,
2026-09-12 18:00:00,,1488289.02,
2026-09-12 19:00:00,,1488455.54,
2026-09-12 20:00:00,,1474502.08,
2026-09-12 21:00:00,,1479283.87,
2026-09-12 22:00:00,,1472443.90,
2026-09-12 23:00:00,,1470196.63,
2026-09-13 00:00:00,,1478648.95,
2026-09-13 01:00:00,,1488999.30,
2026-09-13 02:00:00,,1481555.40,
2026-09-13 03:00:00,,1468424.72,
2026-09-13 04:00:00,,1455905.48,
2026-09-13 05:00:00,,1460866.08,
2026-09-13 06:00:00,,1457822.35,
2026-09-13 07:00:00,,1445145.56,
2026-09-13 08:00:00,,1429064.89,
2026-09-13 09:00:00,,1408432.69,
2026-09-13 10:00:00,,1417180.11,
2026-09-13 11:00:00,,1410372.45,
2026-09-13 12:00:00,,1406802.09,
2026-09-13 13:00:00,,1397855.34,
2026-09-13 14:00:00,,1388879.88,
2026-09-13 15:00:00,,1394307.82,
2026-09-13 16:00:00,,1375131.12,
2026-09-13 17:00:00,,1388868.06,
2026-09-13 18:00:00,,1397375.21,
2026-09-13 19:00:00,,1407805.01,
2026-09-13 20:00:00,,1378152.76,
2026-09-13 21:00:00,,1392250.96,
2026-09-13 22:00:00,,1380102.25,
2026-09-13 23:00:00,,1322190.18,
2026-09-14 00:00:00,,1328917.27,
2026-09-14 01:00:00,,1325548.12,
2026-09-14 02:00:00,,1325739.87,
2026-09-14 03:00:00,,1352054.21,
2026-09-14 04:00:00,,1350185.81,
2026-09-14 05:00:00,,1342928.44,
2026-09-14 06:00:00,,1337023.76,
2026-09-14 07:00:00,,1333056.82,
2026-09-14 08:00:00,,1324646.80,
2026-09-14 09:00:00,,1316938.48,
2026-09-14 10:00:00,,1313603.05,
2026-09-14 11:00:00,,1313306.30,
2026-09-14 12:00:00,,1301748.34,
2026-09-14 13:00:00,,1298473.31,
2026-09-14 14:00:00,,1306717.58,
2026-09-14 15:00:00,,1270693.59,
2026-09-14 16:00:00,,1277901.06,
2026-09-14 17:00:00,,1289725.60,
2026-09-14 18:00:00,,1311080.45,
2026-09-14 19:00:00,,1302903.83,
2026-09-14 20:00:00,,1285017.66,
2026-09-14 21:00:00,,1298821.75,
2026-09-14 22:00:00,,1284559.41,
2026-09-14 23:00:00,,1291973.72,
2026-09-15 00:00:00,,1287115.66,
2026-09-15 01:00:00,,1278745.74,
2026-09-15 02:00:00,,1290824.37,
2026-09-15 03:00:00,,1269132.05,
2026-09-15 04:00:00,,1260459.90,
2026-09-15 05:00:00,,1244064.74,
2026-09-15 06:00:00,,1231146.76,
2026-09-15 07:00:00,,1221297.34,
2026-09-15 08:00:00,,1214898.99,
2026-09-15 09:00:00,,1243332.50,
2026-09-15 10:00:00,,1238729.94,
2026-09-15 11:00:00,,1227825.81,
2026-09-15 12:00:00,,1232718.74,
2026-09-15 13:00:00,,1236688.65,
2026-09-15 14:00:00,,1232666.53,
2026-09-15 15:00:00,,1204886.46,
2026-09-15 16:00:00,,1212912.60,
2026-09-15 17:00:00,,1218067.25,
2026-09-15 18:00:00,,1212444.69,
2026-09-15 19:00:00,,1175182.45,
2026-09-15 20:00:00,,1178355.89,
2026-09-15 21:00:00,,1167153.50,
2026-09-15 22:00:00,,1161379.34,
2026-09-15 23:00:00,,1185648.45,
2026-09-16 00:00:00,,1183848.80,
2026-09-16 01:00:00,,1190019.86,
2026-09-16 02:00:00,,1166652.97,
2026-09-16 03:00:00,,1167227.60,
2026-09-16 04:00:00,,1229739.25,
2026-09-16 05:00:00,,1174903.80,
2026-09-16 06:00:00,,1176061.11,
2026-09-16 07:00:00,,1179263.91,
2026-09-16 08:00:00,,1174077.42,
2026-09-16 09:00:00,,1164981.17,
2026-09-16 10:00:00,,1147309.01,
2026-09-16 11:00:00,,1146556.39,
2026-09-16 12:00:00,,1146967.98,
2026-09-16 13:00:00,,1131053.92,
2026-09-16 14:00:00,,1138535.46,
2026-09-16 15:00:00,,1120255.45,
2026-09-16 16:00:00,,1110698.74,
2026-09-16 17:00:00,,1111813.73,
2026-09-16 18:00:00,,1063313.34,
2026-09-16 19:00:00,,1056647.61,
2026-09-16 20:00:00,,1053597.77,
2026-09-16 21:00:00,,1067474.96,
2026-09-16 22:00:00,,1069527.74,
2026-09-16 23:00:00,,1066717.34,
2026-09-17 00:00:00,,1084136.48,
2026-09-17 01:00:00,,1083680.44,
2026-09-17 02:00:00,,1090955.61,
2026-09-17 03:00:00,,1090547.34,
2026-09-17 04:00:00,,1091298.88,
2026-09-17 05:00:00,,1099886.75,
2026-09-17 06:00:00,,1091975.05,
2026-09-17 07:00:00,,1097420.39,
2026-09-17 08:00:00,,1106775.80,
2026-09-17 09:00:00,,1107523.17,
2026-09-17 10:00:00,,1106305.19,
2026-09-17 11:00:00,,1107575.20,
2026-09-17 12:00:00,,1104838.16,
2026-09-17 13:00:00,,1106400.87,
2026-09-17 14:00:00,,1085495.08,
2026-09-17 15:00:00,,1087523.56,
2026-09-17 16:00:00,,1082313.51,
2026-09-17 17:00:00,,1078699.13,
2026-09-17 18:00:00,,1077877.17,
2026-09-17 19:00:00,,1071418.76,
2026-09-17 20:00:00,,1061773.80,
2026-09-17 21:00:00,,1058819.23,
2026-09-17 22:00:00,,1056807.67,
2026-09-17 23:00:00,,1060970.84,
2026-09-18 00:00:00,,1074583.02,
2026-09-18 01:00:00,,1087455.00,
2026-09-18 02:00:00,,1106598.24,
2026-09-18 03:00:00,,1110943.49,
2026-09-18 04:00:00,,1126967.65,
2026-09-18 05:00:00,,1122244.86,
2026-09-18 06:00:00,,1121414.20,
2026-09-18 07:00:00,,1128576.29,
2026-09-18 08:00:00,,1129703.94,
2026-09-18 09:00:00,,1184470.82,
2026-09-18 10:00:00,,1197689.32,
2026-09-18 11:00:00,,1184241.64,
2026-09-18 12:00:00,,1149608.05,
2026-09-18 13:00:00,,1140967.25,
2026-09-18 14:00:00,,1152020.26,
2026-09-18 15:00:00,,1178064.76,
2026-09-18 16:00:00,,1205675.52,
2026-09-18 17:00:00,,1211917.04,
2026-09-18 18:00:00,,1213108.56,
2026-09-18 19:00:00,,1141836.11,
2026-09-18 20:00:00,,1199201.24,
2026-09-18 21:00:00,,1188431.59,
2026-09-18 22:00:00,,1205921.85,
2026-09-18 23:00:00,,1213450.82,
2026-09-19 00:00:00,,1173575.41,
2026-09-19 01:00:00,,1191185.81,
2026-09-19 02:00:00,,1190796.17,
2026-09-19 03:00:00,,1203318.31,
2026-09-19 04:00:00,,1219772.98,
2026-09-19 05:00:00,,1190317.00,
2026-09-19 06:00:00,,1194566.65,
2026-09-19 07:00:00,,1299364.74,
2026-09-19 08:00:00,,1348808.20,
2026-09-19 09:00:00,,1368597.84,
2026-09-19 10:00:00,,1505218.65,
2026-09-19 11:00:00,,1492581.43,
2026-09-19 12:00:00,,1486342.05,
2026-09-19 13:00:00,,1531693.14,
2026-09-19 14:00:00,,1510877.14,
2026-09-19 15:00:00,,1519223.44,
2026-09-19 16:00:00,,1526335.37,
2026-09-19 17:00:00,,1534286.04,
2026-09-19 18:00:00,,1580714.36,
2026-09-19 19:00:00,,1593672.38,
2026-09-19 20:00:00,,1565664.67,
2026-09-19 21:00:00,,1681927.38,
2026-09-19 22:00:00,,1555122.99,
2026-09-19 23:00:00,,1595596.18,
2026-09-20 00:00:00,,1563658.82,
2026-09-20 01:00:00,,1608140.19,
2026-09-20 02:00:00,,1594536.36,
2026-09-20 03:00:00,,1509105.93,
2026-09-20 04:00:00,,1483474.93,
2026-09-20 05:00:00,,1499908.83,
2026-09-20 06:00:00,,1424159.43,
2026-09-20 07:00:00,,1424961.35,
2026-09-20 08:00:00,,1327662.23,
2026-09-20 09:00:00,,1314494.23,
2026-09-20 10:00:00,,1318572.55,
2026-09-20 11:00:00,,1326329.31,
2026-09-20 12:00:00,,1337596.16,
2026-09-20 13:00:00,,1356466.48,
2026-09-20 14:00:00,,1363884.77,
2026-09-20 15:00:00,,1361323.09,
2026-09-20 16:00:00,,1363635.94,
2026-09-20 17:00:00,,1381598.79,
2026-09-20 18:00:00,,2053567.45,
2026-09-20 19:00:00,,2204705.03,
2026-09-20 20:00:00,,2258460.22,
2026-09-20 21:00:00,,2658575.16,
2026-09-20 22:00:00,,2715252.31,
2026-09-20 23:00:00,,2775462.97,
2026-09-21 00:00:00,,2687977.43,
2026-09-21 01:00:00,,2764050.84,
2026-09-21 02:00:00,,2686190.67,
2026-09-21 03:00:00,,2795131.21,
2026-09-21 04:00:00,,2893020.17,
2026-09-21 05:00:00,,2929942.18,
2026-09-21 06:00:00,,3303792.92,
2026-09-21 07:00:00,,3341937.32,
2026-09-21 08:00:00,,3206660.30,
2026-09-21 09:00:00,,3292301.31,
2026-09-21 10:00:00,,3554959.06,
2026-09-21 11:00:00,,3428895.69,
2026-09-21 12:00:00,,3128730.68,
2026-09-21 13:00:00,,3282405.51,
2026-09-21 14:00:00,,3250941.16,
2026-09-21 15:00:00,,3499099.53,
2026-09-21 16:00:00,,3436534.82,
2026-09-21 17:00:00,,3422288.88,
2026-09-21 18:00:00,,3228148.43,
2026-09-21 19:00:00,,3391234.84,
2026-09-21 20:00:00,,3474345.52,
2026-09-21 21:00:00,,3548822.11,
2026-09-21 22:00:00,,3543745.61,
2026-09-21 23:00:00,,3821536.32,
2026-09-22 00:00:00,,3779680.13,
2026-09-22 01:00:00,,3812606.31,
2026-09-22 02:00:00,,3961519.02,
2026-09-22 03:00:00,,3937428.98,
2026-09-22 04:00:00,,3781602.89,
2026-09-22 05:00:00,,3914967.38,
2026-09-22 06:00:00,,3849247.24,
2026-09-22 07:00:00,,4168101.44,
2026-09-22 08:00:00,,4092637.85,
2026-09-22 09:00:00,,4238351.52,
2026-09-22 10:00:00,,4591006.08,
2026-09-22 11:00:00,,4639235.81,
2026-09-22 12:00:00,,4457040.93,
2026-09-22 13:00:00,,4717378.28,
2026-09-22 14:00:00,,4898412.30,
2026-09-22 15:00:00,,4928627.45,
2026-09-22 16:00:00,,4853718.87,
2026-09-22 17:00:00,,4583907.69,
2026-09-22 18:00:00,,4594719.46,
2026-09-22 19:00:00,,4539809.66,
2026-09-22 20:00:00,,4412743.56,
2026-09-22 21:00:00,,4288195.77,
2026-09-22 22:00:00,,4311811.42,
2026-09-22 23:00:00,,4253207.81,
2026-09-23 00:00:00,,4580713.49,
2026-09-23 01:00:00,,4948387.98,
2026-09-23 02:00:00,,5194966.04,
2026-09-23 03:00:00,,6150883.33,
2026-09-23 04:00:00,,5655094.63,
2026-09-23 05:00:00,,5615317.70,
2026-09-23 06:00:00,,6380501.81,
2026-09-23 07:00:00,,6234349.23,
2026-09-23 08:00:00,,6485694.67,
2026-09-23 09:00:00,,5474522.42,
2026-09-23 10:00:00,,5195835.96,
2026-09-23 11:00:00,,5242791.18,
2026-09-23 12:00:00,,5240713.35,
2026-09-23 13:00:00,,5097231.81,
2026-09-23 14:00:00,,4837947.25,
2026-09-23 15:00:00,,4814086.32,
2026-09-23 16:00:00,,5472527.59,
2026-09-23 17:00:00,,5692027.00,
2026-09-23 18:00:00,,5721073.86,
2026-09-23 19:00:00,,6004632.85,
2026-09-23 20:00:00,,5973477.78,
2026-09-23 21:00:00,,5847486.91,
2026-09-23 22:00:00,,6068345.74,
2026-09-23 23:00:00,,7996642.28,
2026-09-24 00:00:00,,9221893.51,
2026-09-24 01:00:00,,9880330.91,
2026-09-24 02:00:00,,9430792.89,
2026-09-24 03:00:00,,9893190.39,
2026-09-24 04:00:00,,10035400.05,
2026-09-24 05:00:00,,10351270.37,
2026-09-24 06:00:00,,10271830.77,
2026-09-24 07:00:00,,9775403.60,
2026-09-24 08:00:00,,9698819.52,
2026-09-24 09:00:00,,10940204.88,
2026-09-24 10:00:00,,11209184.32,
2026-09-24 11:00:00,,10674693.73,
2026-09-24 12:00:00,,10313194.26,
2026-09-24 13:00:00,,9687760.22,
2026-09-24 14:00:00,,9726048.95,
2026-09-24 15:00:00,,10194823.83,
2026-09-24 16:00:00,,10295151.61,
2026-09-24 17:00:00,,10946485.46,
2026-09-24 18:00:00,,10517182.76,
2026-09-24 19:00:00,,10161540.50,
2026-09-24 20:00:00,,9760579.72,
2026-09-24 21:00:00,,9788606.74,
2026-09-24 22:00:00,,9580496.14,
2026-09-24 23:00:00,,9257527.00,
2026-09-25 00:00:00,,9298007.36,
2026-09-25 01:00:00,,9146897.38,
2026-09-25 02:00:00,,9277644.27,
2026-09-25 03:00:00,,9189758.60,
2026-09-25 04:00:00,,9598378.51,
2026-09-25 05:00:00,,9582386.88,
2026-09-25 06:00:00,,9617471.07,
2026-09-25 07:00:00,,9144386.56,
2026-09-25 08:00:00,,9732240.47,
2026-09-25 09:00:00,,10837366.66,
2026-09-25 10:00:00,,10377072.63,
2026-09-25 11:00:00,,11261457.72,
2026-09-25 12:00:00,,11958104.91,
2026-09-25 13:00:00,,11566853.75,
2026-09-25 14:00:00,,11468292.65,
2026-09-25 15:00:00,,11903249.03,
2026-09-25 16:00:00,,11116750.00,
2026-09-25 17:00:00,,11481592.57,
2026-09-25 18:00:00,,11475175.33,
2026-09-25 19:00:00,,11583427.80,
2026-09-25 20:00:00,,10410619.92,
2026-09-25 21:00:00,,10080673.98,
2026-09-25 22:00:00,,10157054.24,
2026-09-25 23:00:00,,10129574.98,
2026-09-26 00:00:00,,10067585.09,
2026-09-26 01:00:00,,9991839.93,
2026-09-26 02:00:00,,10136305.69,
2026-09-26 03:00:00,,10217283.34,
2026-09-26 04:00:00,,10202279.33,
2026-09-26 05:00:00,,10020962.30,
2026-09-26 06:00:00,,9936810.47,
2026-09-26 07:00:00,,9535573.69,
2026-09-26 08:00:00,,9619661.05,
2026-09-26 09:00:00,,9511261.93,
2026-09-26 10:00:00,,9489186.54,
2026-09-26 11:00:00,,9603191.47,
2026-09-26 12:00:00,,9663845.29,
2026-09-26 13:00:00,,9615526.31,
2026-09-26 14:00:00,,9711732.58,
2026-09-26 15:00:00,,9691124.12,
2026-09-26 16:00:00,,9707167.07,
2026-09-26 17:00:00,,9639632.50,
2026-09-26 18:00:00,,9667492.62,
2026-09-26 19:00:00,,9491632.80,
2026-09-26 20:00:00,,9422714.07,
2026-09-26 21:00:00,,9223233.21,
2026-09-26 22:00:00,,9119747.73,
2026-09-26 23:00:00,,8908591.06,
2026-09-27 00:00:00,,9375657.99,
2026-09-27 01:00:00,,9068557.16,
2026-09-27 02:00:00,,9031026.52,
2026-09-27 03:00:00,,9164215.52,
2026-09-27 04:00:00,,9099314.36,
2026-09-27 05:00:00,,8723072.33,
2026-09-27 06:00:00,,8896535.27,
2026-09-27 07:00:00,,8962788.45,
2026-09-27 08:00:00,,10617332.29,
2026-09-27 09:00:00,,10724900.91,
