time,oi_A,oi_6,oi_3
2026-05-10 12:00:00,1643279.16,,
2026-05-10 13:00:00,1667152.72,,
2026-05-10 14:00:00,1664369.13,,
2026-05-10 15:00:00,1641232.86,,
2026-05-10 16:00:00,1638054.43,,
2026-05-10 17:00:00,1632889.68,,
2026-05-10 18:00:00,1628974.33,,
2026-05-10 19:00:00,1647406.02,,
2026-05-10 20:00:00,1655955.01,,
2026-05-10 21:00:00,1590195.93,,
2026-05-10 22:00:00,1610611.53,,
2026-05-10 23:00:00,1703511.74,,
2026-05-11 00:00:00,1679493.20,,
2026-05-11 01:00:00,1656855.28,,
2026-05-11 02:00:00,1640813.86,,
2026-05-11 03:00:00,1607913.12,,
2026-05-11 04:00:00,1593855.59,,
2026-05-11 05:00:00,1591135.64,,
2026-05-11 06:00:00,1609243.81,,
2026-05-11 07:00:00,1604161.79,,
2026-05-11 08:00:00,1602829.84,,
2026-05-11 09:00:00,1608758.69,,
2026-05-11 10:00:00,1603481.74,,
2026-05-11 11:00:00,1613352.99,,
2026-05-11 12:00:00,1594232.62,,
2026-05-11 13:00:00,1628408.26,,
2026-05-11 14:00:00,1725710.66,,
2026-05-11 15:00:00,1717306.79,,
2026-05-11 16:00:00,1711339.40,,
2026-05-11 17:00:00,1703498.20,,
2026-05-11 18:00:00,1645024.13,,
2026-05-11 19:00:00,1642358.13,,
2026-05-11 20:00:00,1640658.87,,
2026-05-11 21:00:00,1655952.99,,
2026-05-11 22:00:00,1660683.92,,
2026-05-11 23:00:00,1648676.47,,
2026-05-12 00:00:00,1660125.57,,
2026-05-12 01:00:00,1643560.17,,
2026-05-12 02:00:00,1599014.02,,
2026-05-12 03:00:00,1624183.41,,
2026-05-12 04:00:00,1619204.46,,
2026-05-12 05:00:00,1622236.19,,
2026-05-12 06:00:00,1629465.42,,
2026-05-12 07:00:00,1632552.82,,
2026-05-12 08:00:00,1632348.28,,
2026-05-12 09:00:00,1639432.31,,
2026-05-12 10:00:00,1639102.07,,
2026-05-12 11:00:00,1626560.50,,
2026-05-12 12:00:00,1629472.01,,
2026-05-12 13:00:00,1664121.06,,
2026-05-12 14:00:00,1658007.96,,
2026-05-12 15:00:00,1654907.63,,
2026-05-12 16:00:00,1654600.39,,
2026-05-12 17:00:00,1681118.21,,
2026-05-12 18:00:00,1689909.42,,
2026-05-12 19:00:00,1687396.93,,
2026-05-12 20:00:00,1692317.49,,
2026-05-12 21:00:00,1694538.50,,
2026-05-12 22:00:00,1690571.69,,
2026-05-12 23:00:00,1685337.10,,
2026-05-13 00:00:00,1677475.20,,
2026-05-13 01:00:00,1679415.67,,
2026-05-13 02:00:00,1680488.81,,
2026-05-13 03:00:00,1673526.84,,
2026-05-13 04:00:00,1679174.91,,
2026-05-13 05:00:00,1683435.44,,
2026-05-13 06:00:00,1672833.07,,
2026-05-13 07:00:00,1680962.97,,
2026-05-13 08:00:00,1681945.14,,
2026-05-13 09:00:00,1685269.54,,
2026-05-13 10:00:00,1694891.40,,
2026-05-13 11:00:00,1686220.70,,
2026-05-13 12:00:00,1668517.98,,
2026-05-13 13:00:00,1658552.54,,
2026-05-13 14:00:00,1623619.65,,
2026-05-13 15:00:00,1621562.29,,
2026-05-13 16:00:00,1584526.75,,
2026-05-13 17:00:00,1594248.22,,
2026-05-13 18:00:00,1588164.36,,
2026-05-13 19:00:00,1592382.50,,
2026-05-13 20:00:00,1577288.31,,
2026-05-13 21:00:00,1578118.20,,
2026-05-13 22:00:00,1557509.57,,
2026-05-13 23:00:00,1569267.76,,
2026-05-14 00:00:00,1568457.61,,
2026-05-14 01:00:00,1586500.88,,
2026-05-14 02:00:00,1588853.70,,
2026-05-14 03:00:00,1648840.19,,
2026-05-14 04:00:00,1696716.31,,
2026-05-14 05:00:00,1702813.54,,
2026-05-14 06:00:00,1707696.01,,
2026-05-14 07:00:00,1724331.31,,
2026-05-14 08:00:00,1689865.93,,
2026-05-14 09:00:00,1720418.16,,
2026-05-14 10:00:00,1727641.87,,
2026-05-14 11:00:00,1716532.45,,
2026-05-14 12:00:00,1704240.92,,
2026-05-14 13:00:00,1691909.71,,
2026-05-14 14:00:00,1705744.20,,
2026-05-14 15:00:00,1798199.39,,
2026-05-14 16:00:00,1834327.92,,
2026-05-14 17:00:00,1806949.43,,
2026-05-14 18:00:00,1801604.20,,
2026-05-14 19:00:00,1774922.77,,
2026-05-14 20:00:00,1744293.96,,
2026-05-14 21:00:00,1733323.11,,
2026-05-14 22:00:00,1712663.70,,
2026-05-14 23:00:00,1702930.78,,
2026-05-15 00:00:00,1688986.96,,
2026-05-15 01:00:00,1696070.42,,
2026-05-15 02:00:00,1686322.79,,
2026-05-15 03:00:00,1694893.50,,
2026-05-15 04:00:00,1647584.98,,
2026-05-15 05:00:00,1625313.21,,
2026-05-15 06:00:00,1595948.23,,
2026-05-15 07:00:00,1610416.16,,
2026-05-15 08:00:00,1617657.11,,
2026-05-15 09:00:00,1615605.74,,
2026-05-15 10:00:00,1618156.12,,
2026-05-15 11:00:00,1622688.68,,
2026-05-15 12:00:00,1564877.77,,
2026-05-15 13:00:00,1563708.48,,
2026-05-15 14:00:00,1467440.49,,
2026-05-15 15:00:00,1447492.57,,
2026-05-15 16:00:00,1458248.52,,
2026-05-15 17:00:00,1468671.16,,
2026-05-15 18:00:00,1490266.73,,
2026-05-15 19:00:00,1483916.36,,
2026-05-15 20:00:00,1475130.91,,
2026-05-15 21:00:00,1475858.62,,
2026-05-15 22:00:00,1479711.41,,
2026-05-15 23:00:00,1478361.41,,
2026-05-16 00:00:00,1483710.79,,
2026-05-16 01:00:00,1475118.40,,
2026-05-16 02:00:00,1475749.90,,
2026-05-16 03:00:00,1472968.44,,
2026-05-16 04:00:00,1470689.70,,
2026-05-16 05:00:00,1436043.61,,
2026-05-16 06:00:00,1427083.94,,
2026-05-16 07:00:00,1400764.65,,
2026-05-16 08:00:00,1370796.38,,
2026-05-16 09:00:00,1380684.48,,
2026-05-16 10:00:00,1373797.29,,
2026-05-16 11:00:00,1371071.52,,
2026-05-16 12:00:00,1379041.06,,
2026-05-16 13:00:00,1375304.31,,
2026-05-16 14:00:00,1371506.79,,
2026-05-16 15:00:00,1374100.57,,
2026-05-16 16:00:00,1378016.40,,
2026-05-16 17:00:00,1375581.80,,
2026-05-16 18:00:00,1377691.85,,
2026-05-16 19:00:00,1377419.31,,
2026-05-16 20:00:00,1380375.53,,
2026-05-16 21:00:00,1377852.91,,
2026-05-16 22:00:00,1376388.02,,
2026-05-16 23:00:00,1370580.13,,
2026-05-17 00:00:00,1378409.61,,
2026-05-17 01:00:00,1369311.26,,
2026-05-17 02:00:00,1359355.12,,
2026-05-17 03:00:00,1364916.14,,
2026-05-17 04:00:00,1380762.33,,
2026-05-17 05:00:00,1383805.31,,
2026-05-17 06:00:00,1379525.12,,
2026-05-17 07:00:00,1378569.40,,
2026-05-17 08:00:00,1394904.49,,
2026-05-17 09:00:00,1397290.41,,
2026-05-17 10:00:00,1407318.69,,
2026-05-17 11:00:00,1402131.08,,
2026-05-17 12:00:00,1395937.54,,
2026-05-17 13:00:00,1399579.56,,
2026-05-17 14:00:00,1401865.02,,
2026-05-17 15:00:00,1405345.46,,
2026-05-17 16:00:00,1423536.48,,
2026-05-17 17:00:00,1445243.79,,
2026-05-17 18:00:00,1450874.63,,
2026-05-17 19:00:00,1449057.89,,
2026-05-17 20:00:00,1440484.26,,
2026-05-17 21:00:00,1420739.15,,
2026-05-17 22:00:00,1421247.62,,
2026-05-17 23:00:00,1412610.42,,
2026-05-18 00:00:00,1366955.24,,
2026-05-18 01:00:00,1371989.18,,
2026-05-18 02:00:00,1381287.70,,
2026-05-18 03:00:00,1393158.80,,
2026-05-18 04:00:00,1395430.10,,
2026-05-18 05:00:00,1403260.69,,
2026-05-18 06:00:00,1403886.24,,
2026-05-18 07:00:00,1524009.76,,
2026-05-18 08:00:00,1653688.67,,
2026-05-18 09:00:00,1701015.19,,
2026-05-18 10:00:00,1602911.64,,
2026-05-18 11:00:00,1531889.37,,
2026-05-18 12:00:00,1435900.49,,
2026-05-18 13:00:00,1427056.70,,
2026-05-18 14:00:00,1408389.94,,
2026-05-18 15:00:00,1382591.01,,
2026-05-18 16:00:00,1379244.59,,
2026-05-18 17:00:00,1386048.50,,
2026-05-18 18:00:00,1384113.84,,
2026-05-18 19:00:00,1370119.97,,
2026-05-18 20:00:00,1405798.04,,
2026-05-18 21:00:00,1392646.87,,
2026-05-18 22:00:00,1402184.69,,
2026-05-18 23:00:00,1396150.51,,
2026-05-19 00:00:00,1394184.40,,
2026-05-19 01:00:00,1393365.44,,
2026-05-19 02:00:00,1392879.67,,
2026-05-19 03:00:00,1384474.29,,
2026-05-19 04:00:00,1389325.79,,
2026-05-19 05:00:00,1393493.86,,
2026-05-19 06:00:00,1394643.56,,
2026-05-19 07:00:00,1396807.40,,
2026-05-19 08:00:00,1401148.25,,
2026-05-19 09:00:00,1392143.35,,
2026-05-19 10:00:00,1392983.26,,
2026-05-19 11:00:00,1387983.36,,
2026-05-19 12:00:00,1377205.56,,
2026-05-19 13:00:00,1391623.88,,
2026-05-19 14:00:00,1393214.22,,
2026-05-19 15:00:00,1386023.45,,
2026-05-19 16:00:00,1388765.31,,
2026-05-19 17:00:00,1404898.17,,
2026-05-19 18:00:00,1395435.10,,
2026-05-19 19:00:00,1381028.75,,
2026-05-19 20:00:00,1378941.18,,
2026-05-19 21:00:00,1415481.05,,
2026-05-19 22:00:00,1425885.29,,
2026-05-19 23:00:00,1427091.81,,
2026-05-20 00:00:00,1430705.47,,
2026-05-20 01:00:00,1401615.16,,
2026-05-20 02:00:00,1391372.89,,
2026-05-20 03:00:00,1392851.53,,
2026-05-20 04:00:00,1384096.48,,
2026-05-20 05:00:00,1388164.43,,
2026-05-20 06:00:00,1401560.97,,
2026-05-20 07:00:00,1406918.01,,
2026-05-20 08:00:00,1405994.09,,
2026-05-20 09:00:00,1397900.07,,
2026-05-20 10:00:00,1390560.97,,
2026-05-20 11:00:00,1380978.48,,
2026-05-20 12:00:00,1375104.40,,
2026-05-20 13:00:00,1392343.06,,
2026-05-20 14:00:00,1389570.89,,
2026-05-20 15:00:00,1391662.37,,
2026-05-20 16:00:00,1405350.31,,
2026-05-20 17:00:00,1449693.83,,
2026-05-20 18:00:00,1467081.91,,
2026-05-20 19:00:00,1496630.80,,
2026-05-20 20:00:00,1507701.78,,
2026-05-20 21:00:00,1502287.90,,
2026-05-20 22:00:00,1498515.53,,
2026-05-20 23:00:00,1493947.95,,
2026-05-21 00:00:00,1487165.74,,
2026-05-21 01:00:00,1521510.17,,
2026-05-21 02:00:00,1522242.27,,
2026-05-21 03:00:00,1519850.73,,
2026-05-21 04:00:00,1524623.62,,
2026-05-21 05:00:00,1513214.76,,
2026-05-21 06:00:00,1497753.80,,
2026-05-21 07:00:00,1521341.61,,
2026-05-21 08:00:00,1523646.20,,
2026-05-21 09:00:00,1536000.60,,
2026-05-21 10:00:00,1527270.45,,
2026-05-21 11:00:00,1532638.43,,
2026-05-21 12:00:00,1533297.23,,
2026-05-21 13:00:00,1524275.92,,
2026-05-21 14:00:00,1548992.89,,
2026-05-21 15:00:00,1533005.47,,
2026-05-21 16:00:00,1526189.51,,
2026-05-21 17:00:00,1514267.79,,
2026-05-21 18:00:00,1514559.22,,
2026-05-21 19:00:00,1505216.66,,
2026-05-21 20:00:00,1511118.99,,
2026-05-21 21:00:00,1545990.56,,
2026-05-21 22:00:00,1551966.87,,
2026-05-21 23:00:00,1562667.46,,
2026-05-22 00:00:00,1559575.56,,
2026-05-22 01:00:00,1557181.32,,
2026-05-22 02:00:00,1575160.75,,
2026-05-22 03:00:00,1555810.51,,
2026-05-22 04:00:00,1554055.46,,
2026-05-22 05:00:00,1541958.17,,
2026-05-22 06:00:00,1544182.75,,
2026-05-22 07:00:00,1538223.41,,
2026-05-22 08:00:00,1563385.81,,
2026-05-22 09:00:00,1578782.09,,
2026-05-22 10:00:00,1564393.41,,
2026-05-22 11:00:00,1581868.21,,
2026-05-22 12:00:00,1576593.55,,
2026-05-22 13:00:00,1568316.42,,
2026-05-22 14:00:00,1561960.82,,
2026-05-22 15:00:00,1534881.04,,
2026-05-22 16:00:00,1535413.05,,
2026-05-22 17:00:00,1531527.33,,
2026-05-22 18:00:00,1524724.92,,
2026-05-22 19:00:00,1509752.20,,
2026-05-22 20:00:00,1481692.01,,
2026-05-22 21:00:00,1494612.54,,
2026-05-22 22:00:00,1487446.84,,
2026-05-22 23:00:00,1480265.93,,
2026-05-23 00:00:00,1457087.53,,
2026-05-23 01:00:00,1467456.38,,
2026-05-23 02:00:00,1480544.25,,
2026-05-23 03:00:00,1478588.79,,
2026-05-23 04:00:00,1483632.57,,
2026-05-23 05:00:00,1462708.91,,
2026-05-23 06:00:00,1467083.12,,
2026-05-23 07:00:00,1461319.12,,
2026-05-23 08:00:00,1409633.94,,
2026-05-23 09:00:00,1397120.49,,
2026-05-23 10:00:00,1384194.98,,
2026-05-23 11:00:00,1395527.62,,
2026-05-23 12:00:00,1378741.17,,
2026-05-23 13:00:00,1383461.46,,
2026-05-23 14:00:00,1414225.84,,
2026-05-23 15:00:00,1439541.70,,
2026-05-23 16:00:00,1434469.76,,
2026-05-23 17:00:00,1443705.29,,
2026-05-23 18:00:00,1468870.26,,
2026-05-23 19:00:00,1453594.17,,
2026-05-23 20:00:00,1453177.70,,
2026-05-23 21:00:00,1482215.27,,
2026-05-23 22:00:00,1473078.23,,
2026-05-23 23:00:00,1467867.13,,
2026-05-24 00:00:00,1471317.58,,
2026-05-24 01:00:00,1487745.50,,
2026-05-24 02:00:00,1484526.47,,
2026-05-24 03:00:00,1470068.76,,
2026-05-24 04:00:00,1456312.93,,
2026-05-24 05:00:00,1453104.73,,
2026-05-24 06:00:00,1440360.40,,
2026-05-24 07:00:00,1456882.45,,
2026-05-24 08:00:00,1442978.59,,
2026-05-24 09:00:00,1441699.67,,
2026-05-24 10:00:00,1434853.53,,
2026-05-24 11:00:00,1425890.34,,
2026-05-24 12:00:00,1413604.23,,
2026-05-24 13:00:00,1414728.34,,
2026-05-24 14:00:00,1392458.43,,
2026-05-24 15:00:00,1411129.45,,
2026-05-24 16:00:00,1414754.31,,
2026-05-24 17:00:00,1414325.40,,
2026-05-24 18:00:00,1409283.70,,
2026-05-24 19:00:00,1404336.15,,
2026-05-24 20:00:00,1403159.47,,
2026-05-24 21:00:00,1394524.90,,
2026-05-24 22:00:00,1368444.42,,
2026-05-24 23:00:00,1380595.30,,
2026-05-25 00:00:00,1385974.75,,
2026-05-25 01:00:00,1384871.88,,
2026-05-25 02:00:00,1388784.08,,
2026-05-25 03:00:00,1412311.60,,
2026-05-25 04:00:00,1407970.40,,
2026-05-25 05:00:00,1439386.83,,
2026-05-25 06:00:00,1433208.81,,
2026-05-25 07:00:00,1481496.35,,
2026-05-25 08:00:00,1462890.30,,
2026-05-25 09:00:00,1466810.57,,
2026-05-25 10:00:00,1452924.44,,
2026-05-25 11:00:00,1446452.22,,
2026-05-25 12:00:00,1428201.11,,
2026-05-25 13:00:00,1436371.87,,
2026-05-25 14:00:00,1435838.92,,
2026-05-25 15:00:00,1457121.96,,
2026-05-25 16:00:00,1448283.73,,
2026-05-25 17:00:00,1457861.06,,
2026-05-25 18:00:00,1446020.35,,
2026-05-25 19:00:00,1444575.48,,
2026-05-25 20:00:00,1452630.80,,
2026-05-25 21:00:00,1428604.02,,
2026-05-25 22:00:00,1422763.30,,
2026-05-25 23:00:00,1404456.69,,
2026-05-26 00:00:00,1399895.89,,
2026-05-26 01:00:00,1392762.84,,
2026-05-26 02:00:00,1392796.19,,
2026-05-26 03:00:00,1392922.81,,
2026-05-26 04:00:00,1399215.06,,
2026-05-26 05:00:00,1409630.20,,
2026-05-26 06:00:00,1427558.33,,
2026-05-26 07:00:00,1422938.84,,
2026-05-26 08:00:00,1424662.15,,
2026-05-26 09:00:00,1438366.58,,
2026-05-26 10:00:00,1421864.22,,
2026-05-26 11:00:00,1471618.50,,
2026-05-26 12:00:00,1456360.43,,
2026-05-26 13:00:00,1464795.60,,
2026-05-26 14:00:00,1473411.61,,
2026-05-26 15:00:00,1458278.81,,
2026-05-26 16:00:00,1435252.74,,
2026-05-26 17:00:00,1429821.75,,
2026-05-26 18:00:00,1393987.14,,
2026-05-26 19:00:00,1391417.21,,
2026-05-26 20:00:00,1397037.40,,
2026-05-26 21:00:00,1394086.85,,
2026-05-26 22:00:00,1378061.26,,
2026-05-26 23:00:00,1376953.40,,
2026-05-27 00:00:00,1380013.61,,
2026-05-27 01:00:00,1388078.57,,
2026-05-27 02:00:00,1366219.30,,
2026-05-27 03:00:00,1358019.32,,
2026-05-27 04:00:00,1355464.71,,
2026-05-27 05:00:00,1376644.95,,
2026-05-27 06:00:00,1363829.17,,
2026-05-27 07:00:00,1367038.48,,
2026-05-27 08:00:00,1362693.65,,
2026-05-27 09:00:00,1347628.01,,
2026-05-27 10:00:00,1338008.96,,
2026-05-27 11:00:00,1345743.92,,
2026-05-27 12:00:00,1359717.41,,
2026-05-27 13:00:00,1373699.45,,
2026-05-27 14:00:00,1366881.85,,
2026-05-27 15:00:00,1374616.07,,
2026-05-27 16:00:00,1389908.72,,
2026-05-27 17:00:00,1383569.56,,
2026-05-27 18:00:00,1367255.42,,
2026-05-27 19:00:00,1368270.57,,
2026-05-27 20:00:00,1361324.76,,
2026-05-27 21:00:00,1365675.37,,
2026-05-27 22:00:00,1333605.32,,
2026-05-27 23:00:00,1341846.76,,
2026-05-28 00:00:00,1343422.08,,
2026-05-28 01:00:00,1332279.33,,
2026-05-28 02:00:00,1319652.83,,
2026-05-28 03:00:00,1325811.80,,
2026-05-28 04:00:00,1284913.83,,
2026-05-28 05:00:00,1294637.41,,
2026-05-28 06:00:00,1285279.33,,
2026-05-28 07:00:00,1283980.41,,
2026-05-28 08:00:00,1289453.88,,
2026-05-28 09:00:00,1271006.17,,
2026-05-28 10:00:00,1280861.46,,
2026-05-28 11:00:00,1258501.16,,
2026-05-28 12:00:00,1255722.41,,
2026-05-28 13:00:00,1260443.48,,
2026-05-28 14:00:00,1267150.96,,
2026-05-28 15:00:00,1274999.78,,
2026-05-28 16:00:00,1281742.22,,
2026-05-28 17:00:00,1320197.63,,
2026-05-28 18:00:00,1316730.38,,
2026-05-28 19:00:00,1319213.01,,
2026-05-28 20:00:00,1303960.56,,
2026-05-28 21:00:00,1310202.11,,
2026-05-28 22:00:00,1309433.96,,
2026-05-28 23:00:00,1305562.66,,
2026-05-29 00:00:00,1306000.07,,
2026-05-29 01:00:00,1312929.77,,
2026-05-29 02:00:00,1306562.94,,
2026-05-29 03:00:00,1282529.05,,
2026-05-29 04:00:00,1278090.08,,
2026-05-29 05:00:00,1290299.74,,
2026-05-29 06:00:00,1287957.03,,
2026-05-29 07:00:00,1293682.63,,
2026-05-29 08:00:00,1292979.44,,
2026-05-29 09:00:00,1298677.28,,
2026-05-29 10:00:00,1294678.87,,
2026-05-29 11:00:00,1317714.36,,
2026-05-29 12:00:00,1288055.92,,
2026-05-29 13:00:00,1267129.73,,
2026-05-29 14:00:00,1269419.75,,
2026-05-29 15:00:00,1274420.12,,
2026-05-29 16:00:00,1298289.06,,
2026-05-29 17:00:00,1287854.75,,
2026-05-29 18:00:00,1312731.40,,
2026-05-29 19:00:00,1345590.34,,
2026-05-29 20:00:00,1376614.98,,
2026-05-29 21:00:00,1893297.30,,
2026-05-29 22:00:00,1588821.58,,
2026-05-29 23:00:00,1575709.66,,
2026-05-30 00:00:00,1554601.73,,
2026-05-30 01:00:00,1543028.67,,
2026-05-30 02:00:00,1512116.18,,
2026-05-30 03:00:00,1479585.68,,
2026-05-30 04:00:00,1477548.02,,
2026-05-30 05:00:00,1468692.77,,
2026-05-30 06:00:00,1454519.74,,
2026-05-30 07:00:00,1488748.42,,
2026-05-30 08:00:00,1510137.91,,
2026-05-30 09:00:00,1514787.11,,
2026-05-30 10:00:00,1503022.07,,
2026-05-30 11:00:00,1499395.66,,
2026-05-30 12:00:00,1470170.57,,
2026-05-30 13:00:00,1457199.90,,
2026-05-30 14:00:00,1447786.12,,
2026-05-30 15:00:00,1458564.98,,
2026-05-30 16:00:00,1457791.22,,
2026-05-30 17:00:00,1462028.92,,
2026-05-30 18:00:00,1450276.40,,
2026-05-30 19:00:00,1459152.86,,
2026-05-30 20:00:00,1455673.36,,
2026-05-30 21:00:00,1456764.12,,
2026-05-30 22:00:00,1465739.15,,
2026-05-30 23:00:00,1435636.04,,
2026-05-31 00:00:00,1439007.92,,
2026-05-31 01:00:00,1448103.29,,
2026-05-31 02:00:00,1459716.80,,
2026-05-31 03:00:00,1450934.75,,
2026-05-31 04:00:00,1447761.89,,
2026-05-31 05:00:00,1443111.62,,
2026-05-31 06:00:00,1422683.91,,
2026-05-31 07:00:00,1431412.44,,
2026-05-31 08:00:00,1419088.09,,
2026-05-31 09:00:00,1423994.95,,
2026-05-31 10:00:00,1416741.78,,
2026-05-31 11:00:00,1422188.50,,
2026-05-31 12:00:00,1415469.73,,
2026-05-31 13:00:00,1427477.57,,
2026-05-31 14:00:00,1421533.20,,
2026-05-31 15:00:00,1407943.20,,
2026-05-31 16:00:00,1419294.49,,
2026-05-31 17:00:00,1396756.80,,
2026-05-31 18:00:00,1398544.12,,
2026-05-31 19:00:00,1397885.14,,
2026-05-31 20:00:00,1395071.00,,
2026-05-31 21:00:00,1404535.23,,
2026-05-31 22:00:00,1432568.67,,
2026-05-31 23:00:00,1437282.12,,
2026-06-01 00:00:00,1438976.57,,
2026-06-01 01:00:00,1452274.00,,
2026-06-01 02:00:00,1433871.40,,
2026-06-01 03:00:00,1464274.09,,
2026-06-01 04:00:00,1466655.87,,
2026-06-01 05:00:00,1454846.11,,
2026-06-01 06:00:00,1447985.31,,
2026-06-01 07:00:00,1438690.65,,
2026-06-01 08:00:00,1425017.58,,
2026-06-01 09:00:00,1416807.84,,
2026-06-01 10:00:00,1407110.20,,
2026-06-01 11:00:00,1407592.32,,
2026-06-01 12:00:00,1397153.38,,
2026-06-01 13:00:00,1398821.97,,
2026-06-01 14:00:00,1395849.16,,
2026-06-01 15:00:00,1390853.03,,
2026-06-01 16:00:00,1397904.82,,
2026-06-01 17:00:00,1408637.13,,
2026-06-01 18:00:00,1421925.35,,
2026-06-01 19:00:00,1403509.78,,
2026-06-01 20:00:00,1410911.28,,
2026-06-01 21:00:00,1413127.28,,
2026-06-01 22:00:00,1397857.46,,
2026-06-01 23:00:00,1405436.56,,
2026-06-02 00:00:00,1400752.48,,
2026-06-02 01:00:00,1399374.99,,
2026-06-02 02:00:00,1377682.56,,
2026-06-02 03:00:00,1392312.18,,
2026-06-02 04:00:00,1394546.18,,
2026-06-02 05:00:00,1385254.09,,
2026-06-02 06:00:00,1376567.14,,
2026-06-02 07:00:00,1382979.84,,
2026-06-02 08:00:00,1377010.02,,
2026-06-02 09:00:00,1372210.83,,
2026-06-02 10:00:00,1367123.98,,
2026-06-02 11:00:00,1391436.95,,
2026-06-02 12:00:00,1385290.24,,
2026-06-02 13:00:00,1386693.30,,
2026-06-02 14:00:00,1388368.31,,
2026-06-02 15:00:00,1339427.86,,
2026-06-02 16:00:00,1333313.61,,
2026-06-02 17:00:00,1341363.38,,
2026-06-02 18:00:00,1341983.43,,
2026-06-02 19:00:00,1325626.22,,
2026-06-02 20:00:00,1325364.64,,
2026-06-02 21:00:00,1330238.39,,
2026-06-02 22:00:00,1323748.62,,
2026-06-02 23:00:00,1295098.11,,
2026-06-03 00:00:00,1306940.64,,
2026-06-03 01:00:00,1316500.76,,
2026-06-03 02:00:00,1315572.15,,
2026-06-03 03:00:00,1320081.30,,
2026-06-03 04:00:00,1305562.22,,
2026-06-03 05:00:00,1329427.70,,
2026-06-03 06:00:00,1369640.20,,
2026-06-03 07:00:00,1364847.15,,
2026-06-03 08:00:00,1371388.77,,
2026-06-03 09:00:00,1371856.33,,
2026-06-03 10:00:00,1372026.20,,
2026-06-03 11:00:00,1378636.96,,
2026-06-03 12:00:00,1374853.09,,
2026-06-03 13:00:00,1394510.52,,
2026-06-03 14:00:00,1397853.57,,
2026-06-03 15:00:00,1395600.54,,
2026-06-03 16:00:00,1382606.37,,
2026-06-03 17:00:00,1391143.39,,
2026-06-03 18:00:00,1389145.87,,
2026-06-03 19:00:00,1402777.71,,
2026-06-03 20:00:00,1378834.87,,
2026-06-03 21:00:00,1349164.32,,
2026-06-03 22:00:00,1393197.51,,
2026-06-03 23:00:00,1375160.09,,
2026-06-04 00:00:00,1362465.57,,
2026-06-04 01:00:00,1350077.65,,
2026-06-04 02:00:00,1305523.56,,
2026-06-04 03:00:00,1292891.86,,
2026-06-04 04:00:00,1334950.51,,
2026-06-04 05:00:00,1323515.21,,
2026-06-04 06:00:00,1318054.48,,
2026-06-04 07:00:00,1319444.03,,
2026-06-04 08:00:00,1284493.71,,
2026-06-04 09:00:00,1284894.32,,
2026-06-04 10:00:00,1265737.04,,
2026-06-04 11:00:00,1246636.72,,
2026-06-04 12:00:00,1251569.36,,
2026-06-04 13:00:00,1287697.20,,
2026-06-04 14:00:00,1299087.82,,
2026-06-04 15:00:00,1288772.18,,
2026-06-04 16:00:00,1295258.94,,
2026-06-04 17:00:00,1283589.62,,
2026-06-04 18:00:00,1274843.60,,
2026-06-04 19:00:00,1285572.66,,
2026-06-04 20:00:00,1273305.18,,
2026-06-04 21:00:00,1261849.17,,
2026-06-04 22:00:00,1233505.22,,
2026-06-04 23:00:00,1239405.81,,
2026-06-05 00:00:00,1241888.37,,
2026-06-05 01:00:00,1227518.74,,
2026-06-05 02:00:00,1229618.00,,
2026-06-05 03:00:00,1190510.22,,
2026-06-05 04:00:00,1180727.79,,
2026-06-05 05:00:00,1203331.53,,
2026-06-05 06:00:00,1179306.01,,
2026-06-05 07:00:00,1147891.24,,
2026-06-05 08:00:00,1170767.44,,
2026-06-05 09:00:00,1152995.01,,
2026-06-05 10:00:00,1179618.15,,
2026-06-05 11:00:00,1152105.22,,
2026-06-05 12:00:00,1139189.77,,
2026-06-05 13:00:00,1135679.49,,
2026-06-05 14:00:00,1113562.88,,
2026-06-05 15:00:00,1121038.03,,
2026-06-05 16:00:00,1101387.41,,
2026-06-05 17:00:00,1124979.51,,
2026-06-05 18:00:00,1104642.96,,
2026-06-05 19:00:00,1066563.59,,
2026-06-05 20:00:00,1069523.20,,
2026-06-05 21:00:00,1094052.54,,
2026-06-05 22:00:00,1097933.36,,
2026-06-05 23:00:00,1084329.31,,
2026-06-06 00:00:00,1070176.84,,
2026-06-06 01:00:00,1071767.14,,
2026-06-06 02:00:00,1057990.53,,
2026-06-06 03:00:00,1044491.55,,
2026-06-06 04:00:00,1034173.04,,
2026-06-06 05:00:00,991527.14,,
2026-06-06 06:00:00,1026864.14,,
2026-06-06 07:00:00,1030479.02,,
2026-06-06 08:00:00,1039134.31,,
2026-06-06 09:00:00,1052811.44,,
2026-06-06 10:00:00,1036870.52,,
2026-06-06 11:00:00,1000997.91,,
2026-06-06 12:00:00,1042623.81,,
2026-06-06 13:00:00,1050485.65,,
2026-06-06 14:00:00,1044015.33,,
2026-06-06 15:00:00,1045303.56,,
2026-06-06 16:00:00,1034530.98,,
2026-06-06 17:00:00,1056202.53,,
2026-06-06 18:00:00,1050706.65,,
2026-06-06 19:00:00,1069908.13,,
2026-06-06 20:00:00,1058713.17,,
2026-06-06 21:00:00,1076198.08,,
2026-06-06 22:00:00,1091283.70,,
2026-06-06 23:00:00,1086832.09,,
2026-06-07 00:00:00,1082022.72,,
2026-06-07 01:00:00,1088594.33,,
2026-06-07 02:00:00,1114545.11,,
2026-06-07 03:00:00,1101903.99,,
2026-06-07 04:00:00,1093122.35,,
2026-06-07 05:00:00,1091768.02,,
2026-06-07 06:00:00,1097965.46,,
2026-06-07 07:00:00,1095800.34,,
2026-06-07 08:00:00,1093357.43,,
2026-06-07 09:00:00,1109844.48,,
2026-06-07 10:00:00,1096371.12,,
2026-06-07 11:00:00,1078746.49,,
2026-06-07 12:00:00,1082277.32,,
2026-06-07 13:00:00,1067510.84,,
2026-06-07 14:00:00,1065218.69,,
2026-06-07 15:00:00,1071496.66,,
2026-06-07 16:00:00,1061676.83,,
2026-06-07 17:00:00,1069517.57,,
2026-06-07 18:00:00,1058325.93,,
2026-06-07 19:00:00,1048092.86,,
2026-06-07 20:00:00,1027021.51,,
2026-06-07 21:00:00,1044237.31,,
2026-06-07 22:00:00,1041347.04,,
2026-06-07 23:00:00,1074260.49,,
2026-06-08 00:00:00,1077322.00,,
2026-06-08 01:00:00,1083657.34,,
2026-06-08 02:00:00,1072333.10,,
2026-06-08 03:00:00,1064807.60,,
2026-06-08 04:00:00,1074642.62,,
2026-06-08 05:00:00,1061913.27,,
2026-06-08 06:00:00,1059172.24,,
2026-06-08 07:00:00,1065745.36,,
2026-06-08 08:00:00,1071548.54,,
2026-06-08 09:00:00,1066439.18,,
2026-06-08 10:00:00,1091072.00,,
2026-06-08 11:00:00,1100877.81,,
2026-06-08 12:00:00,1096989.22,,
2026-06-08 13:00:00,1106249.98,,
2026-06-08 14:00:00,1104787.10,,
2026-06-08 15:00:00,1111271.36,,
2026-06-08 16:00:00,1112347.59,,
2026-06-08 17:00:00,1116874.28,,
2026-06-08 18:00:00,1109998.46,,
2026-06-08 19:00:00,1097227.50,,
2026-06-08 20:00:00,1091483.86,,
2026-06-08 21:00:00,1104664.64,,
2026-06-08 22:00:00,1103587.13,,
2026-06-08 23:00:00,1093878.77,,
2026-06-09 00:00:00,1093705.68,,
2026-06-09 01:00:00,1077684.94,,
2026-06-09 02:00:00,1089117.90,,
2026-06-09 03:00:00,1091316.68,,
2026-06-09 04:00:00,1105668.73,,
2026-06-09 05:00:00,1120972.08,,
2026-06-09 06:00:00,1117511.57,,
2026-06-09 07:00:00,1118523.36,,
2026-06-09 08:00:00,1123449.39,,
2026-06-09 09:00:00,1119047.26,,
2026-06-09 10:00:00,1113208.23,,
2026-06-09 11:00:00,1127805.46,,
2026-06-09 12:00:00,1131622.62,,
2026-06-09 13:00:00,1124167.37,,
2026-06-09 14:00:00,1116686.60,,
2026-06-09 15:00:00,1111491.19,,
2026-06-09 16:00:00,1105203.76,,
2026-06-09 17:00:00,1108843.23,,
2026-06-09 18:00:00,1120530.53,,
2026-06-09 19:00:00,1133403.89,,
2026-06-09 20:00:00,1136968.83,,
2026-06-09 21:00:00,1139305.53,,
2026-06-09 22:00:00,1124582.60,,
2026-06-09 23:00:00,1116601.08,,
2026-06-10 00:00:00,1115586.46,,
2026-06-10 01:00:00,1124157.18,,
2026-06-10 02:00:00,1133934.60,,
2026-06-10 03:00:00,1137302.73,,
2026-06-10 04:00:00,1151633.73,,
2026-06-10 05:00:00,1139688.75,,
2026-06-10 06:00:00,1205369.47,,
2026-06-10 07:00:00,1243545.54,,
2026-06-10 08:00:00,1235703.29,,
2026-06-10 09:00:00,1224440.19,,
2026-06-10 10:00:00,1237560.19,,
2026-06-10 11:00:00,1239756.10,,
2026-06-10 12:00:00,1218283.55,,
2026-06-10 13:00:00,1241239.66,,
2026-06-10 14:00:00,1261575.40,,
2026-06-10 15:00:00,1270075.65,,
2026-06-10 16:00:00,1181019.37,,
2026-06-10 17:00:00,1162899.55,,
2026-06-10 18:00:00,1158813.68,,
2026-06-10 19:00:00,1160580.02,,
2026-06-10 20:00:00,1146580.64,,
2026-06-10 21:00:00,1126970.30,,
2026-06-10 22:00:00,1106661.00,,
2026-06-10 23:00:00,1104561.29,,
2026-06-11 00:00:00,1124104.21,,
2026-06-11 01:00:00,1113913.48,,
2026-06-11 02:00:00,1122255.25,,
2026-06-11 03:00:00,1110848.98,,
2026-06-11 04:00:00,1128713.74,,
2026-06-11 05:00:00,1130436.36,,
2026-06-11 06:00:00,1116230.32,,
2026-06-11 07:00:00,1115608.43,,
2026-06-11 08:00:00,1117454.22,,
2026-06-11 09:00:00,1122183.51,,
2026-06-11 10:00:00,1119708.13,,
2026-06-11 11:00:00,1127084.25,,
2026-06-11 12:00:00,1114184.73,,
2026-06-11 13:00:00,1117249.02,,
2026-06-11 14:00:00,1122143.16,,
2026-06-11 15:00:00,1127646.75,,
2026-06-11 16:00:00,1134680.32,,
2026-06-11 17:00:00,1123612.37,,
2026-06-11 18:00:00,1149824.52,,
2026-06-11 19:00:00,1132028.50,,
2026-06-11 20:00:00,1138282.44,,
2026-06-11 21:00:00,1138514.35,,
2026-06-11 22:00:00,1138226.79,,
2026-06-11 23:00:00,1131270.84,,
2026-06-12 00:00:00,1135784.27,,
2026-06-12 01:00:00,1136320.92,,
2026-06-12 02:00:00,1126067.26,,
2026-06-12 03:00:00,1127152.18,,
2026-06-12 04:00:00,1120135.33,,
2026-06-12 05:00:00,1114211.72,,
2026-06-12 06:00:00,1107922.04,,
2026-06-12 07:00:00,1108506.23,,
2026-06-12 08:00:00,1109112.24,,
2026-06-12 09:00:00,1111739.42,,
2026-06-12 10:00:00,1120967.58,,
2026-06-12 11:00:00,1120195.52,,
2026-06-12 12:00:00,1109284.77,,
2026-06-12 13:00:00,1108062.25,,
2026-06-12 14:00:00,1096253.98,,
2026-06-12 15:00:00,1109649.43,,
2026-06-12 16:00:00,1095182.62,,
2026-06-12 17:00:00,1095038.70,,
2026-06-12 18:00:00,1083902.55,,
2026-06-12 19:00:00,1076713.30,,
2026-06-12 20:00:00,1074042.19,,
2026-06-12 21:00:00,1062799.73,,
2026-06-12 22:00:00,1050181.32,,
2026-06-12 23:00:00,1046899.35,,
2026-06-13 00:00:00,1047523.70,,
2026-06-13 01:00:00,1050792.28,,
2026-06-13 02:00:00,1052790.52,,
2026-06-13 03:00:00,1041801.72,,
2026-06-13 04:00:00,1025442.24,,
2026-06-13 05:00:00,1020269.08,,
2026-06-13 06:00:00,1023302.19,,
2026-06-13 07:00:00,1042793.57,,
2026-06-13 08:00:00,1040016.89,,
2026-06-13 09:00:00,1036754.91,,
2026-06-13 10:00:00,1036840.99,,
2026-06-13 11:00:00,1034186.37,,
2026-06-13 12:00:00,1037789.32,,
2026-06-13 13:00:00,1034787.93,,
2026-06-13 14:00:00,1033916.91,,
2026-06-13 15:00:00,1032995.36,,
2026-06-13 16:00:00,1047403.81,,
2026-06-13 17:00:00,1040527.24,,
2026-06-13 18:00:00,1037420.66,,
2026-06-13 19:00:00,1036644.07,,
2026-06-13 20:00:00,1038515.36,,
2026-06-13 21:00:00,1038855.16,,
2026-06-13 22:00:00,1044296.49,,
2026-06-13 23:00:00,1034247.26,,
2026-06-14 00:00:00,1042062.71,,
2026-06-14 01:00:00,1048032.12,,
2026-06-14 02:00:00,1047644.27,,
2026-06-14 03:00:00,1042715.98,,
2026-06-14 04:00:00,1042214.06,,
2026-06-14 05:00:00,1037125.06,,
2026-06-14 06:00:00,1039783.42,,
2026-06-14 07:00:00,1038891.26,,
2026-06-14 08:00:00,1030056.02,,
2026-06-14 09:00:00,1034534.09,,
2026-06-14 10:00:00,1023051.27,,
2026-06-14 11:00:00,1019627.73,,
2026-06-14 12:00:00,1049272.55,,
2026-06-14 13:00:00,1125881.25,,
2026-06-14 14:00:00,1077925.67,,
2026-06-14 15:00:00,1067450.06,,
2026-06-14 16:00:00,1056455.98,,
2026-06-14 17:00:00,1057717.83,,
2026-06-14 18:00:00,1045140.67,,
2026-06-14 19:00:00,1035462.87,,
2026-06-14 20:00:00,1073099.91,,
2026-06-14 21:00:00,1075978.27,,
2026-06-14 22:00:00,1095190.91,,
2026-06-14 23:00:00,1093360.63,,
2026-06-15 00:00:00,1093819.44,,
2026-06-15 01:00:00,1086900.36,,
2026-06-15 02:00:00,1086188.64,,
2026-06-15 03:00:00,1079115.01,,
2026-06-15 04:00:00,1081881.99,,
2026-06-15 05:00:00,1071108.00,,
2026-06-15 06:00:00,1081071.97,,
2026-06-15 07:00:00,1064378.38,,
2026-06-15 08:00:00,1063754.72,,
2026-06-15 09:00:00,1061368.83,,
2026-06-15 10:00:00,1056732.05,,
2026-06-15 11:00:00,1067018.88,,
2026-06-15 12:00:00,1087596.50,,
2026-06-15 13:00:00,1094423.35,,
2026-06-15 14:00:00,1105621.18,,
2026-06-15 15:00:00,1106591.20,,
2026-06-15 16:00:00,1113743.28,,
2026-06-15 17:00:00,1121774.71,,
2026-06-15 18:00:00,1124193.21,,
2026-06-15 19:00:00,1120789.50,,
2026-06-15 20:00:00,1113351.40,,
2026-06-15 21:00:00,1112506.31,,
2026-06-15 22:00:00,1126031.05,,
2026-06-15 23:00:00,1100859.10,,
2026-06-16 00:00:00,1108899.15,,
2026-06-16 01:00:00,1105313.39,,
2026-06-16 02:00:00,1102321.27,,
2026-06-16 03:00:00,1092172.69,,
2026-06-16 04:00:00,1109529.47,,
2026-06-16 05:00:00,1111426.33,,
2026-06-16 06:00:00,1127238.66,,
2026-06-16 07:00:00,1130811.95,,
2026-06-16 08:00:00,1143352.59,,
2026-06-16 09:00:00,1157266.19,,
2026-06-16 10:00:00,1141273.87,,
2026-06-16 11:00:00,1145318.69,,
2026-06-16 12:00:00,1148363.75,,
2026-06-16 13:00:00,1151944.59,,
2026-06-16 14:00:00,1146821.34,,
2026-06-16 15:00:00,1125875.87,,
2026-06-16 16:00:00,1132544.06,,
2026-06-16 17:00:00,1117534.88,,
2026-06-16 18:00:00,1126043.08,,
2026-06-16 19:00:00,1129300.53,,
2026-06-16 20:00:00,1129830.26,,
2026-06-16 21:00:00,1141433.25,,
2026-06-16 22:00:00,1137930.25,,
2026-06-16 23:00:00,1136415.61,,
2026-06-17 00:00:00,1166644.05,,
2026-06-17 01:00:00,1129169.37,,
2026-06-17 02:00:00,1149008.78,,
2026-06-17 03:00:00,1147136.47,,
2026-06-17 04:00:00,1129805.24,,
2026-06-17 05:00:00,1113212.44,,
2026-06-17 06:00:00,1111247.92,,
2026-06-17 07:00:00,1102375.15,,
2026-06-17 08:00:00,1093348.11,,
2026-06-17 09:00:00,1081877.24,,
2026-06-17 10:00:00,1092956.54,,
2026-06-17 11:00:00,1085095.77,,
2026-06-17 12:00:00,1070545.89,,
2026-06-17 13:00:00,1076971.61,,
2026-06-17 14:00:00,1092197.11,,
2026-06-17 15:00:00,1086568.21,,
2026-06-17 16:00:00,1107477.39,,
2026-06-17 17:00:00,1103576.33,,
2026-06-17 18:00:00,1101525.11,,
2026-06-17 19:00:00,1094536.72,,
2026-06-17 20:00:00,1072859.45,,
2026-06-17 21:00:00,1084239.05,,
2026-06-17 22:00:00,1062059.66,,
2026-06-17 23:00:00,1058214.19,,
2026-06-18 00:00:00,1067343.54,,
2026-06-18 01:00:00,1067024.01,,
2026-06-18 02:00:00,1062212.96,,
2026-06-18 03:00:00,1069593.70,,
2026-06-18 04:00:00,1057570.66,,
2026-06-18 05:00:00,1046460.02,,
2026-06-18 06:00:00,1042674.84,,
2026-06-18 07:00:00,1039708.21,,
2026-06-18 08:00:00,1025016.25,,
2026-06-18 09:00:00,1024202.80,,
2026-06-18 10:00:00,1021294.55,,
2026-06-18 11:00:00,1022766.93,,
2026-06-18 12:00:00,1012592.93,,
2026-06-18 13:00:00,1021935.13,,
2026-06-18 14:00:00,1005188.35,,
2026-06-18 15:00:00,1010433.15,,
2026-06-18 16:00:00,972381.91,,
2026-06-18 17:00:00,996033.98,,
2026-06-18 18:00:00,997315.04,,
2026-06-18 19:00:00,999418.43,,
2026-06-18 20:00:00,1006331.41,,
2026-06-18 21:00:00,1003046.63,,
2026-06-18 22:00:00,995057.98,,
2026-06-18 23:00:00,989075.31,,
2026-06-19 00:00:00,993356.06,,
2026-06-19 01:00:00,994056.12,,
2026-06-19 02:00:00,996739.84,,
2026-06-19 03:00:00,993641.74,,
2026-06-19 04:00:00,977992.89,,
2026-06-19 05:00:00,974077.69,,
2026-06-19 06:00:00,985005.00,,
2026-06-19 07:00:00,1006499.67,,
2026-06-19 08:00:00,992333.82,,
2026-06-19 09:00:00,1006919.29,,
2026-06-19 10:00:00,1012088.12,,
2026-06-19 11:00:00,1015132.60,,
2026-06-19 12:00:00,1002037.87,,
2026-06-19 13:00:00,1012045.80,,
2026-06-19 14:00:00,1004110.12,,
2026-06-19 15:00:00,1004029.51,,
2026-06-19 16:00:00,1007374.68,,
2026-06-19 17:00:00,995618.18,,
2026-06-19 18:00:00,996654.81,,
2026-06-19 19:00:00,985978.37,,
2026-06-19 20:00:00,980062.62,,
2026-06-19 21:00:00,981791.11,,
2026-06-19 22:00:00,970206.78,,
2026-06-19 23:00:00,977639.37,,
2026-06-20 00:00:00,979094.03,,
2026-06-20 01:00:00,992679.27,,
2026-06-20 02:00:00,1060354.55,,
2026-06-20 03:00:00,1050220.69,,
2026-06-20 04:00:00,1053064.68,,
2026-06-20 05:00:00,1060898.47,,
2026-06-20 06:00:00,1069197.74,,
2026-06-20 07:00:00,1065163.57,,
2026-06-20 08:00:00,1040120.43,,
2026-06-20 09:00:00,1023791.30,,
2026-06-20 10:00:00,1022854.80,,
2026-06-20 11:00:00,1012754.36,,
2026-06-20 12:00:00,1010603.43,,
2026-06-20 13:00:00,1000375.13,,
2026-06-20 14:00:00,986151.86,,
2026-06-20 15:00:00,1003642.89,,
2026-06-20 16:00:00,1004885.79,,
2026-06-20 17:00:00,1004159.57,,
2026-06-20 18:00:00,1000771.15,,
2026-06-20 19:00:00,1000434.03,,
2026-06-20 20:00:00,998451.26,,
2026-06-20 21:00:00,996560.47,,
2026-06-20 22:00:00,1003162.90,,
2026-06-20 23:00:00,1004440.03,,
2026-06-21 00:00:00,1002468.15,,
2026-06-21 01:00:00,1008603.47,,
2026-06-21 02:00:00,1021147.90,,
2026-06-21 03:00:00,1017747.11,,
2026-06-21 04:00:00,1018801.64,,
2026-06-21 05:00:00,1026366.68,,
2026-06-21 06:00:00,1034820.50,,
2026-06-21 07:00:00,1030803.54,,
2026-06-21 08:00:00,1032689.67,,
2026-06-21 09:00:00,1032604.59,,
2026-06-21 10:00:00,1045955.09,,
2026-06-21 11:00:00,1040757.40,,
2026-06-21 12:00:00,1035602.69,,
2026-06-21 13:00:00,1044947.79,,
2026-06-21 14:00:00,1050513.17,,
2026-06-21 15:00:00,1050365.23,,
2026-06-21 16:00:00,1048040.64,,
2026-06-21 17:00:00,1056953.69,,
2026-06-21 18:00:00,1055742.18,,
2026-06-21 19:00:00,1062187.86,,
2026-06-21 20:00:00,1053309.44,,
2026-06-21 21:00:00,1042225.55,,
2026-06-21 22:00:00,1034680.32,,
2026-06-21 23:00:00,1045400.40,,
2026-06-22 00:00:00,1043469.31,,
2026-06-22 01:00:00,1062832.09,,
2026-06-22 02:00:00,1064726.99,,
2026-06-22 03:00:00,1059191.25,,
2026-06-22 04:00:00,1060449.66,,
2026-06-22 05:00:00,1070607.94,,
2026-06-22 06:00:00,1082763.31,,
2026-06-22 07:00:00,1073887.01,,
2026-06-22 08:00:00,1074646.31,,
2026-06-22 09:00:00,1071274.39,,
2026-06-22 10:00:00,1070952.03,,
2026-06-22 11:00:00,1069955.12,,
2026-06-22 12:00:00,1084046.95,,
2026-06-22 13:00:00,1089070.09,,
2026-06-22 14:00:00,1093412.86,,
2026-06-22 15:00:00,1083013.52,,
2026-06-22 16:00:00,1080897.02,,
2026-06-22 17:00:00,1079478.31,,
2026-06-22 18:00:00,1071129.42,,
2026-06-22 19:00:00,1055734.40,,
2026-06-22 20:00:00,1047312.11,,
2026-06-22 21:00:00,1041823.18,,
2026-06-22 22:00:00,1027193.70,,
2026-06-22 23:00:00,999192.81,,
2026-06-23 00:00:00,994899.93,,
2026-06-23 01:00:00,994414.65,,
2026-06-23 02:00:00,994389.18,,
2026-06-23 03:00:00,991651.91,,
2026-06-23 04:00:00,1021105.45,,
2026-06-23 05:00:00,1020262.94,,
2026-06-23 06:00:00,999404.31,,
2026-06-23 07:00:00,972814.20,,
2026-06-23 08:00:00,962531.23,,
2026-06-23 09:00:00,932409.58,,
2026-06-23 10:00:00,928445.73,,
2026-06-23 11:00:00,924174.35,,
2026-06-23 12:00:00,933129.87,,
2026-06-23 13:00:00,931282.85,,
2026-06-23 14:00:00,949294.18,,
2026-06-23 15:00:00,938310.35,,
2026-06-23 16:00:00,943163.09,,
2026-06-23 17:00:00,954889.65,,
2026-06-23 18:00:00,954559.93,,
2026-06-23 19:00:00,962275.81,,
2026-06-23 20:00:00,965283.50,,
2026-06-23 21:00:00,968615.37,,
2026-06-23 22:00:00,956243.58,,
2026-06-23 23:00:00,952199.25,,
2026-06-24 00:00:00,953990.99,,
2026-06-24 01:00:00,959384.26,,
2026-06-24 02:00:00,968793.01,,
2026-06-24 03:00:00,965905.28,,
2026-06-24 04:00:00,959726.46,,
2026-06-24 05:00:00,1003248.52,,
2026-06-24 06:00:00,1052437.44,,
2026-06-24 07:00:00,1087066.71,,
2026-06-24 08:00:00,1101354.45,,
2026-06-24 09:00:00,1102955.17,,
2026-06-24 10:00:00,1103710.23,,
2026-06-24 11:00:00,1091595.98,,
2026-06-24 12:00:00,1117637.88,,
2026-06-24 13:00:00,1098235.30,,
2026-06-24 14:00:00,1079448.79,,
2026-06-24 15:00:00,1078938.29,,
2026-06-24 16:00:00,1064384.44,,
2026-06-24 17:00:00,1028017.18,,
2026-06-24 18:00:00,1013403.87,,
2026-06-24 19:00:00,1033153.46,,
2026-06-24 20:00:00,1041086.90,,
2026-06-24 21:00:00,1066666.85,,
2026-06-24 22:00:00,1075939.80,,
2026-06-24 23:00:00,1074270.10,,
2026-06-25 00:00:00,1068740.57,,
2026-06-25 01:00:00,1105614.12,,
2026-06-25 02:00:00,1132152.67,,
2026-06-25 03:00:00,1134163.56,,
2026-06-25 04:00:00,1181889.35,,
2026-06-25 05:00:00,1203546.71,,
2026-06-25 06:00:00,1246882.81,,
2026-06-25 07:00:00,1241918.87,,
2026-06-25 08:00:00,1251489.29,,
2026-06-25 09:00:00,1247479.18,,
2026-06-25 10:00:00,1260154.57,,
2026-06-25 11:00:00,1239331.79,,
2026-06-25 12:00:00,1236177.69,,
2026-06-25 13:00:00,1228971.07,,
2026-06-25 14:00:00,1100454.83,,
2026-06-25 15:00:00,1165161.74,,
2026-06-25 16:00:00,1177240.24,,
2026-06-25 17:00:00,1179036.94,,
2026-06-25 18:00:00,1197577.12,,
2026-06-25 19:00:00,1173784.74,,
2026-06-25 20:00:00,1169844.18,,
2026-06-25 21:00:00,1169037.49,,
2026-06-25 22:00:00,1199740.79,,
2026-06-25 23:00:00,1188398.02,,
2026-06-26 00:00:00,1198717.82,,
2026-06-26 01:00:00,1178565.61,,
2026-06-26 02:00:00,1178271.24,,
2026-06-26 03:00:00,1154410.68,,
2026-06-26 04:00:00,1180905.88,,
2026-06-26 05:00:00,1152931.62,,
2026-06-26 06:00:00,1152967.33,,
2026-06-26 07:00:00,1173047.13,,
2026-06-26 08:00:00,1163777.41,,
2026-06-26 09:00:00,1149189.12,,
2026-06-26 10:00:00,1132317.12,,
2026-06-26 11:00:00,1120112.71,,
2026-06-26 12:00:00,1124953.30,,
2026-06-26 13:00:00,1135658.25,,
2026-06-26 14:00:00,1171791.70,,
2026-06-26 15:00:00,1173799.10,,
2026-06-26 16:00:00,1195612.01,,
2026-06-26 17:00:00,1194841.45,,
2026-06-26 18:00:00,1204628.63,,
2026-06-26 19:00:00,1199792.56,,
2026-06-26 20:00:00,1192536.40,,
2026-06-26 21:00:00,1195048.74,,
2026-06-26 22:00:00,1186881.10,,
2026-06-26 23:00:00,1192730.81,,
2026-06-27 00:00:00,1185983.17,,
2026-06-27 01:00:00,1194863.34,,
2026-06-27 02:00:00,1178713.14,,
2026-06-27 03:00:00,1196235.34,,
2026-06-27 04:00:00,1197373.90,,
2026-06-27 05:00:00,1194632.45,,
2026-06-27 06:00:00,1197243.37,,
2026-06-27 07:00:00,1198097.74,,
2026-06-27 08:00:00,1195485.29,,
2026-06-27 09:00:00,1184400.71,,
2026-06-27 10:00:00,1180210.88,,
2026-06-27 11:00:00,1172679.59,,
2026-06-27 12:00:00,1167001.01,,
2026-06-27 13:00:00,1163224.17,,
2026-06-27 14:00:00,1159050.32,,
2026-06-27 15:00:00,1162953.44,,
2026-06-27 16:00:00,1168448.83,,
2026-06-27 17:00:00,1165811.86,,
2026-06-27 18:00:00,1157633.37,,
2026-06-27 19:00:00,1162793.74,,
2026-06-27 20:00:00,1153906.31,,
2026-06-27 21:00:00,1155176.13,,
2026-06-27 22:00:00,1148187.94,,
2026-06-27 23:00:00,1146916.96,,
2026-06-28 00:00:00,1152997.52,,
2026-06-28 01:00:00,1148834.12,,
2026-06-28 02:00:00,1157919.02,,
2026-06-28 03:00:00,1150073.32,,
2026-06-28 04:00:00,1148243.64,,
2026-06-28 05:00:00,1155636.77,,
2026-06-28 06:00:00,1142005.13,,
2026-06-28 07:00:00,1140522.27,,
2026-06-28 08:00:00,1146574.95,,
2026-06-28 09:00:00,1145520.89,,
2026-06-28 10:00:00,1130977.26,,
2026-06-28 11:00:00,1126422.55,,
2026-06-28 12:00:00,1146549.45,,
2026-06-28 13:00:00,1136186.84,,
2026-06-28 14:00:00,1132474.64,,
2026-06-28 15:00:00,1145351.65,,
2026-06-28 16:00:00,1142442.66,,
2026-06-28 17:00:00,1138918.95,,
2026-06-28 18:00:00,1141854.03,,
2026-06-28 19:00:00,1135169.66,,
2026-06-28 20:00:00,1128915.64,,
2026-06-28 21:00:00,1131614.92,,
2026-06-28 22:00:00,1113309.47,,
2026-06-28 23:00:00,1109579.57,,
2026-06-29 00:00:00,1121026.73,,
2026-06-29 01:00:00,1125226.90,,
2026-06-29 02:00:00,1126057.14,,
2026-06-29 03:00:00,1142745.15,,
2026-06-29 04:00:00,1146133.76,,
2026-06-29 05:00:00,1130605.76,,
2026-06-29 06:00:00,1135303.52,,
2026-06-29 07:00:00,1138647.52,,
2026-06-29 08:00:00,1137162.38,,
2026-06-29 09:00:00,1135649.94,,
2026-06-29 10:00:00,1162203.00,,
2026-06-29 11:00:00,1196708.66,,
2026-06-29 12:00:00,1217179.78,,
2026-06-29 13:00:00,1238481.71,,
2026-06-29 14:00:00,1210417.84,,
2026-06-29 15:00:00,1208601.06,,
2026-06-29 16:00:00,1211827.93,,
2026-06-29 17:00:00,1214330.02,,
2026-06-29 18:00:00,1213161.08,,
2026-06-29 19:00:00,1207447.35,,
2026-06-29 20:00:00,1204363.68,,
2026-06-29 21:00:00,1206952.91,,
2026-06-29 22:00:00,1201944.94,,
2026-06-29 23:00:00,1207872.29,,
2026-06-30 00:00:00,1212752.64,,
2026-06-30 01:00:00,1210355.46,,
2026-06-30 02:00:00,1200520.67,,
2026-06-30 03:00:00,1202202.34,,
2026-06-30 04:00:00,1213912.10,,
2026-06-30 05:00:00,1218079.68,,
2026-06-30 06:00:00,1204867.63,,
2026-06-30 07:00:00,1201888.56,,
2026-06-30 08:00:00,1187931.65,,
2026-06-30 09:00:00,1185604.33,,
2026-06-30 10:00:00,1213320.87,,
2026-06-30 11:00:00,1207543.52,,
2026-06-30 12:00:00,1196763.26,,
2026-06-30 13:00:00,1176550.17,,
2026-06-30 14:00:00,1187472.79,,
2026-06-30 15:00:00,1209373.10,,
2026-06-30 16:00:00,1210987.69,,
2026-06-30 17:00:00,1220611.44,,
2026-06-30 18:00:00,1211136.84,,
2026-06-30 19:00:00,1215143.02,,
2026-06-30 20:00:00,1212484.01,,
2026-06-30 21:00:00,1208079.43,,
2026-06-30 22:00:00,1203611.34,,
2026-06-30 23:00:00,1203915.20,,
2026-07-01 00:00:00,1209973.09,,
2026-07-01 01:00:00,1199913.29,,
2026-07-01 02:00:00,1205948.50,,
2026-07-01 03:00:00,1209834.39,,
2026-07-01 04:00:00,1207815.89,,
2026-07-01 05:00:00,1209570.59,,
2026-07-01 06:00:00,1205915.42,,
2026-07-01 07:00:00,1188774.41,,
2026-07-01 08:00:00,1196215.57,,
2026-07-01 09:00:00,1195646.78,,
2026-07-01 10:00:00,1183436.53,,
2026-07-01 11:00:00,1172621.13,,
2026-07-01 12:00:00,1177078.04,,
2026-07-01 13:00:00,1181741.00,,
2026-07-01 14:00:00,1207775.50,,
2026-07-01 15:00:00,1216016.12,,
2026-07-01 16:00:00,1235163.38,,
2026-07-01 17:00:00,1231406.01,,
2026-07-01 18:00:00,1232362.25,,
2026-07-01 19:00:00,1229920.98,,
2026-07-01 20:00:00,1226137.36,,
2026-07-01 21:00:00,1229986.75,,
2026-07-01 22:00:00,1246406.11,,
2026-07-01 23:00:00,1248199.34,,
2026-07-02 00:00:00,1243636.64,,
2026-07-02 01:00:00,1239843.65,,
2026-07-02 02:00:00,1251789.42,,
2026-07-02 03:00:00,1249476.71,,
2026-07-02 04:00:00,1253512.64,,
2026-07-02 05:00:00,1258849.01,,
2026-07-02 06:00:00,1250410.28,,
2026-07-02 07:00:00,1253068.91,,
2026-07-02 08:00:00,1260858.76,,
2026-07-02 09:00:00,1266656.03,,
2026-07-02 10:00:00,1309696.38,,
2026-07-02 11:00:00,1326221.11,,
2026-07-02 12:00:00,1318025.17,,
2026-07-02 13:00:00,1313756.51,,
2026-07-02 14:00:00,1324915.19,,
2026-07-02 15:00:00,1314998.05,,
2026-07-02 16:00:00,1311624.30,,
2026-07-02 17:00:00,1313407.01,,
2026-07-02 18:00:00,1316376.08,,
2026-07-02 19:00:00,1342325.60,,
2026-07-02 20:00:00,1344955.26,,
2026-07-02 21:00:00,1334689.13,,
2026-07-02 22:00:00,1334827.36,,
2026-07-02 23:00:00,1332170.38,,
2026-07-03 00:00:00,1335336.71,,
2026-07-03 01:00:00,1331601.93,,
2026-07-03 02:00:00,1318483.92,,
2026-07-03 03:00:00,1365277.64,,
2026-07-03 04:00:00,1396304.38,,
2026-07-03 05:00:00,1443083.10,,
2026-07-03 06:00:00,1420180.14,,
2026-07-03 07:00:00,1408589.53,,
2026-07-03 08:00:00,1393881.48,,
2026-07-03 09:00:00,1393013.56,,
2026-07-03 10:00:00,1390147.50,,
2026-07-03 11:00:00,1409071.91,,
2026-07-03 12:00:00,1414293.21,,
2026-07-03 13:00:00,1404438.63,,
2026-07-03 14:00:00,1405770.01,,
2026-07-03 15:00:00,1406662.17,,
2026-07-03 16:00:00,1411423.26,,
2026-07-03 17:00:00,1420492.61,,
2026-07-03 18:00:00,1415681.21,,
2026-07-03 19:00:00,1418428.21,,
2026-07-03 20:00:00,1413587.35,,
2026-07-03 21:00:00,1414884.42,,
2026-07-03 22:00:00,1399955.72,,
2026-07-03 23:00:00,1396722.82,,
2026-07-04 00:00:00,1387301.57,,
2026-07-04 01:00:00,1388101.05,,
2026-07-04 02:00:00,1382797.92,,
2026-07-04 03:00:00,1383166.53,,
2026-07-04 04:00:00,1356629.11,,
2026-07-04 05:00:00,1357022.19,,
2026-07-04 06:00:00,1360563.76,,
2026-07-04 07:00:00,1344834.86,,
2026-07-04 08:00:00,1351623.65,,
2026-07-04 09:00:00,1361811.96,,
2026-07-04 10:00:00,1369749.75,,
2026-07-04 11:00:00,1369935.50,,
2026-07-04 12:00:00,1374549.42,,
2026-07-04 13:00:00,1373269.07,,
2026-07-04 14:00:00,1368424.72,,
2026-07-04 15:00:00,1372321.99,,
2026-07-04 16:00:00,1379006.86,,
2026-07-04 17:00:00,1398263.47,,
2026-07-04 18:00:00,1409994.08,,
2026-07-04 19:00:00,1422084.08,,
2026-07-04 20:00:00,1420622.16,,
2026-07-04 21:00:00,1414628.42,,
2026-07-04 22:00:00,1406717.77,,
2026-07-04 23:00:00,1406682.62,,
2026-07-05 00:00:00,1401515.71,,
2026-07-05 01:00:00,1391741.84,,
2026-07-05 02:00:00,1378295.09,,
2026-07-05 03:00:00,1351505.00,,
2026-07-05 04:00:00,1348675.55,,
2026-07-05 05:00:00,1344247.86,,
2026-07-05 06:00:00,1341060.68,,
2026-07-05 07:00:00,1333483.61,,
2026-07-05 08:00:00,1347733.36,,
2026-07-05 09:00:00,1335505.29,,
2026-07-05 10:00:00,1325763.83,,
2026-07-05 11:00:00,1347678.26,,
2026-07-05 12:00:00,1347928.35,,
2026-07-05 13:00:00,1352652.24,,
2026-07-05 14:00:00,1389338.86,,
2026-07-05 15:00:00,1396684.10,,
2026-07-05 16:00:00,1403500.36,,
2026-07-05 17:00:00,1404751.16,,
2026-07-05 18:00:00,1396639.52,,
2026-07-05 19:00:00,1394860.06,,
2026-07-05 20:00:00,1397443.62,,
2026-07-05 21:00:00,1390644.67,,
2026-07-05 22:00:00,1386421.93,,
2026-07-05 23:00:00,1374471.12,,
2026-07-06 00:00:00,1354177.93,,
2026-07-06 01:00:00,1350154.00,,
2026-07-06 02:00:00,1333963.30,,
2026-07-06 03:00:00,1325874.40,,
2026-07-06 04:00:00,1320267.31,,
2026-07-06 05:00:00,1319903.74,,
2026-07-06 06:00:00,1311047.98,,
2026-07-06 07:00:00,1306213.16,,
2026-07-06 08:00:00,1306381.01,,
2026-07-06 09:00:00,1296899.70,,
2026-07-06 10:00:00,1261538.55,,
2026-07-06 11:00:00,1260526.71,,
2026-07-06 12:00:00,1263037.31,,
2026-07-06 13:00:00,1228480.21,,
2026-07-06 14:00:00,1240131.01,,
2026-07-06 15:00:00,1251157.63,,
2026-07-06 16:00:00,1266995.55,,
2026-07-06 17:00:00,1267685.73,,
2026-07-06 18:00:00,1265098.05,,
2026-07-06 19:00:00,1258072.64,,
2026-07-06 20:00:00,1258193.30,,
2026-07-06 21:00:00,1257100.03,,
2026-07-06 22:00:00,1269592.98,,
2026-07-06 23:00:00,1265622.68,,
2026-07-07 00:00:00,1264334.84,,
2026-07-07 01:00:00,1262339.97,,
2026-07-07 02:00:00,1257266.17,,
2026-07-07 03:00:00,1244571.15,,
2026-07-07 04:00:00,1230440.70,,
2026-07-07 05:00:00,1222616.14,,
2026-07-07 06:00:00,1225392.18,,
2026-07-07 07:00:00,1226887.55,,
2026-07-07 08:00:00,1219503.60,,
2026-07-07 09:00:00,1220633.67,,
2026-07-07 10:00:00,1216050.27,,
2026-07-07 11:00:00,1223518.44,,
2026-07-07 12:00:00,1220132.61,,
2026-07-07 13:00:00,1217219.91,,
2026-07-07 14:00:00,1211858.90,,
2026-07-07 15:00:00,1204342.47,,
2026-07-07 16:00:00,1208869.96,,
2026-07-07 17:00:00,1208355.57,,
2026-07-07 18:00:00,1200784.03,,
2026-07-07 19:00:00,1181286.45,,
2026-07-07 20:00:00,1178517.49,,
2026-07-07 21:00:00,1176031.46,,
2026-07-07 22:00:00,1159692.66,,
2026-07-07 23:00:00,1158202.69,,
2026-07-08 00:00:00,1158633.70,,
2026-07-08 01:00:00,1177021.85,,
2026-07-08 02:00:00,1144518.91,,
2026-07-08 03:00:00,1149016.06,,
2026-07-08 04:00:00,1139218.53,,
2026-07-08 05:00:00,1139729.02,,
2026-07-08 06:00:00,1135308.45,,
2026-07-08 07:00:00,1126181.23,,
2026-07-08 08:00:00,1126819.49,,
2026-07-08 09:00:00,1111055.68,,
2026-07-08 10:00:00,1114915.35,,
2026-07-08 11:00:00,1118891.38,,
2026-07-08 12:00:00,1140501.14,,
2026-07-08 13:00:00,1129424.35,,
2026-07-08 14:00:00,1157411.54,,
2026-07-08 15:00:00,1150274.58,,
2026-07-08 16:00:00,1127723.40,,
2026-07-08 17:00:00,1143723.25,,
2026-07-08 18:00:00,1140551.77,,
2026-07-08 19:00:00,1140820.44,,
2026-07-08 20:00:00,1141962.56,,
2026-07-08 21:00:00,1140893.97,,
2026-07-08 22:00:00,1142941.23,,
2026-07-08 23:00:00,1142643.04,,
2026-07-09 00:00:00,1158108.08,,
2026-07-09 01:00:00,1157153.68,,
2026-07-09 02:00:00,1163893.88,,
2026-07-09 03:00:00,1162360.89,,
2026-07-09 04:00:00,1159832.11,,
2026-07-09 05:00:00,1170406.99,,
2026-07-09 06:00:00,1175044.81,,
2026-07-09 07:00:00,1179832.30,,
2026-07-09 08:00:00,1170967.77,,
2026-07-09 09:00:00,1166806.16,,
2026-07-09 10:00:00,1180103.41,,
2026-07-09 11:00:00,1176297.52,,
2026-07-09 12:00:00,1179183.99,,
2026-07-09 13:00:00,1182867.69,,
2026-07-09 14:00:00,1190984.68,,
2026-07-09 15:00:00,1204226.13,,
2026-07-09 16:00:00,1223868.14,,
2026-07-09 17:00:00,1230085.85,,
2026-07-09 18:00:00,1240461.22,,
2026-07-09 19:00:00,1239251.65,,
2026-07-09 20:00:00,1242860.97,,
2026-07-09 21:00:00,1242252.27,,
2026-07-09 22:00:00,1234927.67,,
2026-07-09 23:00:00,1236015.14,,
2026-07-10 00:00:00,1235835.89,,
2026-07-10 01:00:00,1230619.10,,
2026-07-10 02:00:00,1239698.06,,
2026-07-10 03:00:00,1236399.30,,
2026-07-10 04:00:00,1234431.55,,
2026-07-10 05:00:00,1236231.44,,
2026-07-10 06:00:00,1230530.02,,
2026-07-10 07:00:00,1226799.77,,
2026-07-10 08:00:00,1230926.88,,
2026-07-10 09:00:00,1259750.94,,
2026-07-10 10:00:00,1255512.29,,
2026-07-10 11:00:00,1257963.59,,
2026-07-10 12:00:00,1253464.54,,
2026-07-10 13:00:00,1248408.72,,
2026-07-10 14:00:00,1256819.27,,
2026-07-10 15:00:00,1245228.25,,
2026-07-10 16:00:00,1267948.13,,
2026-07-10 17:00:00,1271021.28,,
2026-07-10 18:00:00,1270988.68,,
2026-07-10 19:00:00,1272267.17,,
2026-07-10 20:00:00,1269981.75,,
2026-07-10 21:00:00,1260166.86,,
2026-07-10 22:00:00,1264678.02,,
2026-07-10 23:00:00,1268034.52,,
2026-07-11 00:00:00,1265706.58,,
2026-07-11 01:00:00,1271203.23,,
2026-07-11 02:00:00,1265514.74,,
2026-07-11 03:00:00,1264000.80,,
2026-07-11 04:00:00,1254844.88,,
2026-07-11 05:00:00,1252508.02,,
2026-07-11 06:00:00,1257165.83,,
2026-07-11 07:00:00,1258095.61,,
2026-07-11 08:00:00,1257264.83,,
2026-07-11 09:00:00,1256790.87,,
2026-07-11 10:00:00,1251591.36,,
2026-07-11 11:00:00,1262915.19,,
2026-07-11 12:00:00,1278238.81,,
2026-07-11 13:00:00,1261226.20,,
2026-07-11 14:00:00,1260805.83,,
2026-07-11 15:00:00,1275494.34,,
2026-07-11 16:00:00,1275263.99,,
2026-07-11 17:00:00,1279345.55,,
2026-07-11 18:00:00,1271634.09,,
2026-07-11 19:00:00,1275010.67,,
2026-07-11 20:00:00,1276995.32,,
2026-07-11 21:00:00,1272308.13,,
2026-07-11 22:00:00,1268158.37,,
2026-07-11 23:00:00,1259746.57,,
2026-07-12 00:00:00,1250675.60,,
2026-07-12 01:00:00,1236135.49,,
2026-07-12 02:00:00,1249136.97,,
2026-07-12 03:00:00,1249913.47,,
2026-07-12 04:00:00,1252724.03,,
2026-07-12 05:00:00,1249808.09,,
2026-07-12 06:00:00,1253528.27,,
2026-07-12 07:00:00,1244340.11,,
2026-07-12 08:00:00,1244121.81,,
2026-07-12 09:00:00,1249673.04,,
2026-07-12 10:00:00,1259555.42,,
2026-07-12 11:00:00,1260752.69,,
2026-07-12 12:00:00,1267920.24,,
2026-07-12 13:00:00,1264638.21,,
2026-07-12 14:00:00,1262015.96,,
2026-07-12 15:00:00,1268747.81,,
2026-07-12 16:00:00,1273781.81,,
2026-07-12 17:00:00,1277051.88,,
2026-07-12 18:00:00,1270880.13,,
2026-07-12 19:00:00,1285610.59,,
2026-07-12 20:00:00,1283530.39,,
2026-07-12 21:00:00,1278192.42,,
2026-07-12 22:00:00,1268448.85,,
2026-07-12 23:00:00,1264198.72,,
2026-07-13 00:00:00,1274332.75,,
2026-07-13 01:00:00,1287395.27,,
2026-07-13 02:00:00,1265895.29,,
2026-07-13 03:00:00,1259581.96,,
2026-07-13 04:00:00,1257018.01,,
2026-07-13 05:00:00,1261082.47,,
2026-07-13 06:00:00,1273706.81,,
2026-07-13 07:00:00,1276922.84,,
2026-07-13 08:00:00,1273412.53,,
2026-07-13 09:00:00,1278147.81,,
2026-07-13 10:00:00,1279210.93,,
2026-07-13 11:00:00,1283613.38,,
2026-07-13 12:00:00,1284582.41,,
2026-07-13 13:00:00,1278198.61,,
2026-07-13 14:00:00,1272188.21,,
2026-07-13 15:00:00,1290833.93,,
2026-07-13 16:00:00,1277728.40,,
2026-07-13 17:00:00,1274998.64,,
2026-07-13 18:00:00,1264541.29,,
2026-07-13 19:00:00,1272081.49,,
2026-07-13 20:00:00,1278859.22,,
2026-07-13 21:00:00,1276573.66,,
2026-07-13 22:00:00,1267524.81,,
2026-07-13 23:00:00,1276702.41,,
2026-07-14 00:00:00,1287925.93,,
2026-07-14 01:00:00,1302488.23,,
2026-07-14 02:00:00,1299070.20,,
2026-07-14 03:00:00,1287573.06,,
2026-07-14 04:00:00,1283284.65,,
2026-07-14 05:00:00,1327905.37,,
2026-07-14 06:00:00,1333108.51,,
2026-07-14 07:00:00,1330464.96,,
2026-07-14 08:00:00,1320599.43,,
2026-07-14 09:00:00,1322139.43,,
2026-07-14 10:00:00,1316581.75,,
2026-07-14 11:00:00,1305384.55,,
2026-07-14 12:00:00,1303928.91,,
2026-07-14 13:00:00,1324817.11,,
2026-07-14 14:00:00,1321258.85,,
2026-07-14 15:00:00,1338327.57,,
2026-07-14 16:00:00,1366014.33,,
2026-07-14 17:00:00,1367645.85,,
2026-07-14 18:00:00,1409061.69,,
2026-07-14 19:00:00,1415659.85,,
2026-07-14 20:00:00,1406812.74,,
2026-07-14 21:00:00,1432146.92,,
2026-07-14 22:00:00,1443492.33,,
2026-07-14 23:00:00,1439383.89,,
2026-07-15 00:00:00,1502091.55,,
2026-07-15 01:00:00,1497188.11,,
2026-07-15 02:00:00,1468848.22,,
2026-07-15 03:00:00,1450261.94,,
2026-07-15 04:00:00,1428181.52,,
2026-07-15 05:00:00,1407407.76,,
2026-07-15 06:00:00,1409545.24,,
2026-07-15 07:00:00,1391732.10,,
2026-07-15 08:00:00,1386682.98,,
2026-07-15 09:00:00,1368684.71,,
2026-07-15 10:00:00,1343138.97,,
2026-07-15 11:00:00,1341217.20,,
2026-07-15 12:00:00,1328190.65,,
2026-07-15 13:00:00,1324663.56,,
2026-07-15 14:00:00,1345803.15,,
2026-07-15 15:00:00,1326492.59,,
2026-07-15 16:00:00,1331214.93,,
2026-07-15 17:00:00,1306259.10,,
2026-07-15 18:00:00,1312421.81,,
2026-07-15 19:00:00,1316223.36,,
2026-07-15 20:00:00,1316842.05,,
2026-07-15 21:00:00,1327844.58,,
2026-07-15 22:00:00,1325183.45,,
2026-07-15 23:00:00,1323025.89,,
2026-07-16 00:00:00,1320679.32,,
2026-07-16 01:00:00,1292442.66,,
2026-07-16 02:00:00,1290971.38,,
2026-07-16 03:00:00,1297531.61,,
2026-07-16 04:00:00,1293623.41,,
2026-07-16 05:00:00,1290470.97,,
2026-07-16 06:00:00,1296686.56,,
2026-07-16 07:00:00,1286774.54,,
2026-07-16 08:00:00,1268552.60,,
2026-07-16 09:00:00,1237814.75,,
2026-07-16 10:00:00,1244682.87,,
2026-07-16 11:00:00,1245545.65,,
2026-07-16 12:00:00,1251753.93,,
2026-07-16 13:00:00,1249653.24,,
2026-07-16 14:00:00,1257692.76,,
2026-07-16 15:00:00,1263994.83,,
2026-07-16 16:00:00,1269886.92,,
2026-07-16 17:00:00,1262628.30,,
2026-07-16 18:00:00,1229784.12,,
2026-07-16 19:00:00,1233300.93,,
2026-07-16 20:00:00,1231089.38,,
2026-07-16 21:00:00,1223393.39,,
2026-07-16 22:00:00,1223075.38,,
2026-07-16 23:00:00,1209244.08,,
2026-07-17 00:00:00,1202014.20,,
2026-07-17 01:00:00,1217855.06,,
2026-07-17 02:00:00,1184991.11,,
2026-07-17 03:00:00,1162854.49,,
2026-07-17 04:00:00,1165868.14,,
2026-07-17 05:00:00,1174844.38,,
2026-07-17 06:00:00,1158252.73,,
2026-07-17 07:00:00,1169348.07,,
2026-07-17 08:00:00,1158213.42,,
2026-07-17 09:00:00,1175311.42,,
2026-07-17 10:00:00,1185312.98,,
2026-07-17 11:00:00,1195216.30,,
2026-07-17 12:00:00,1201060.48,,
2026-07-17 13:00:00,1194350.56,,
2026-07-17 14:00:00,1197289.01,,
2026-07-17 15:00:00,1195356.07,,
2026-07-17 16:00:00,1200607.99,,
2026-07-17 17:00:00,1195795.43,,
2026-07-17 18:00:00,1189425.65,,
2026-07-17 19:00:00,1188873.91,,
2026-07-17 20:00:00,1177948.09,,
2026-07-17 21:00:00,1175260.01,,
2026-07-17 22:00:00,1175380.91,,
2026-07-17 23:00:00,1174153.96,,
2026-07-18 00:00:00,1173642.04,,
2026-07-18 01:00:00,1168271.19,,
2026-07-18 02:00:00,1166502.17,,
2026-07-18 03:00:00,1169414.91,,
2026-07-18 04:00:00,1167668.92,,
2026-07-18 05:00:00,1166821.45,,
2026-07-18 06:00:00,1164066.98,,
2026-07-18 07:00:00,1161724.13,,
2026-07-18 08:00:00,1163241.01,,
2026-07-18 09:00:00,1157571.10,,
2026-07-18 10:00:00,1161950.69,,
2026-07-18 11:00:00,1156371.90,,
2026-07-18 12:00:00,1149200.48,,
2026-07-18 13:00:00,1149944.76,,
2026-07-18 14:00:00,1143333.67,,
2026-07-18 15:00:00,1150992.00,,
2026-07-18 16:00:00,1144788.35,,
2026-07-18 17:00:00,1151536.80,,
2026-07-18 18:00:00,1156839.23,,
2026-07-18 19:00:00,1168157.93,,
2026-07-18 20:00:00,1170276.48,,
2026-07-18 21:00:00,1174415.16,,
2026-07-18 22:00:00,1184163.97,,
2026-07-18 23:00:00,1187174.32,,
2026-07-19 00:00:00,1175485.23,,
2026-07-19 01:00:00,1177470.11,,
2026-07-19 02:00:00,1182544.66,,
2026-07-19 03:00:00,1202026.50,,
2026-07-19 04:00:00,1195026.30,,
2026-07-19 05:00:00,1188766.81,,
2026-07-19 06:00:00,1215203.13,,
2026-07-19 07:00:00,1246640.00,,
2026-07-19 08:00:00,1253657.14,,
2026-07-19 09:00:00,1251677.02,,
2026-07-19 10:00:00,1258412.20,,
2026-07-19 11:00:00,1298823.93,,
2026-07-19 12:00:00,1316053.76,,
2026-07-19 13:00:00,1331016.47,,
2026-07-19 14:00:00,1331239.23,,
2026-07-19 15:00:00,1338271.03,,
2026-07-19 16:00:00,1339268.96,,
2026-07-19 17:00:00,1337209.24,,
2026-07-19 18:00:00,1340120.68,,
2026-07-19 19:00:00,1326617.46,,
2026-07-19 20:00:00,1332526.66,,
2026-07-19 21:00:00,1328538.00,,
2026-07-19 22:00:00,1317875.54,,
2026-07-19 23:00:00,1320655.80,,
2026-07-20 00:00:00,1297103.79,,
2026-07-20 01:00:00,1294029.95,,
2026-07-20 02:00:00,1290073.44,,
2026-07-20 03:00:00,1309493.31,,
2026-07-20 04:00:00,1305213.41,,
2026-07-20 05:00:00,1301182.67,,
2026-07-20 06:00:00,1301236.94,,
2026-07-20 07:00:00,1311558.25,,
2026-07-20 08:00:00,1335333.54,,
2026-07-20 09:00:00,1299610.87,,
2026-07-20 10:00:00,1289277.87,,
2026-07-20 11:00:00,1272062.19,,
2026-07-20 12:00:00,1257865.07,,
2026-07-20 13:00:00,1251658.59,,
2026-07-20 14:00:00,1262498.48,,
2026-07-20 15:00:00,1260863.70,,
2026-07-20 16:00:00,1276548.09,,
2026-07-20 17:00:00,1272183.32,,
2026-07-20 18:00:00,1267948.96,,
2026-07-20 19:00:00,1261839.57,,
2026-07-20 20:00:00,1255327.67,,
2026-07-20 21:00:00,1257705.93,,
2026-07-20 22:00:00,1247119.45,,
2026-07-20 23:00:00,1237303.22,,
2026-07-21 00:00:00,1243996.09,,
2026-07-21 01:00:00,1250182.21,,
2026-07-21 02:00:00,1236714.86,,
2026-07-21 03:00:00,1221080.81,,
2026-07-21 04:00:00,1219761.88,,
2026-07-21 05:00:00,1221569.81,,
2026-07-21 06:00:00,1237026.62,,
2026-07-21 07:00:00,1244453.32,,
2026-07-21 08:00:00,1239386.18,,
2026-07-21 09:00:00,1224463.88,,
2026-07-21 10:00:00,1215756.94,,
2026-07-21 11:00:00,1192132.20,,
2026-07-21 12:00:00,1183342.93,,
2026-07-21 13:00:00,1183566.95,,
2026-07-21 14:00:00,1181128.33,,
2026-07-21 15:00:00,1167741.54,,
2026-07-21 16:00:00,1164610.63,,
2026-07-21 17:00:00,1160232.81,,
2026-07-21 18:00:00,1153020.86,,
2026-07-21 19:00:00,1153254.85,,
2026-07-21 20:00:00,1151821.86,,
2026-07-21 21:00:00,1148895.95,,
2026-07-21 22:00:00,1154108.60,,
2026-07-21 23:00:00,1150991.37,,
2026-07-22 00:00:00,1152421.35,,
2026-07-22 01:00:00,1166666.73,,
2026-07-22 02:00:00,1176379.09,,
2026-07-22 03:00:00,1160259.76,,
2026-07-22 04:00:00,1135836.13,,
2026-07-22 05:00:00,1147378.36,,
2026-07-22 06:00:00,1142246.01,,
2026-07-22 07:00:00,1139805.60,,
2026-07-22 08:00:00,1136602.41,,
2026-07-22 09:00:00,1140200.79,,
2026-07-22 10:00:00,1136613.18,,
2026-07-22 11:00:00,1141228.65,,
2026-07-22 12:00:00,1137887.52,,
2026-07-22 13:00:00,1131122.49,,
2026-07-22 14:00:00,1141790.45,,
2026-07-22 15:00:00,1140595.04,,
2026-07-22 16:00:00,1178261.63,,
2026-07-22 17:00:00,1154721.53,,
2026-07-22 18:00:00,1149697.12,,
2026-07-22 19:00:00,1140767.70,,
2026-07-22 20:00:00,1140732.93,,
2026-07-22 21:00:00,1139346.12,,
2026-07-22 22:00:00,1137526.96,,
2026-07-22 23:00:00,1134277.14,,
2026-07-23 00:00:00,1131829.92,,
2026-07-23 01:00:00,1128108.25,,
2026-07-23 02:00:00,1116875.86,,
2026-07-23 03:00:00,1115698.65,,
2026-07-23 04:00:00,1108693.46,,
2026-07-23 05:00:00,1115507.30,,
2026-07-23 06:00:00,1118516.61,,
2026-07-23 07:00:00,1119804.76,,
2026-07-23 08:00:00,1130718.39,,
2026-07-23 09:00:00,1127416.76,,
2026-07-23 10:00:00,1131427.61,,
2026-07-23 11:00:00,1168644.72,,
2026-07-23 12:00:00,1153920.13,,
2026-07-23 13:00:00,1159739.30,,
2026-07-23 14:00:00,1151796.08,,
2026-07-23 15:00:00,1167286.03,,
2026-07-23 16:00:00,1171372.76,,
2026-07-23 17:00:00,1191843.99,,
2026-07-23 18:00:00,1203242.98,,
2026-07-23 19:00:00,1182115.87,,
2026-07-23 20:00:00,1183414.25,,
2026-07-23 21:00:00,1191842.45,,
2026-07-23 22:00:00,1177168.46,,
2026-07-23 23:00:00,1173919.63,,
2026-07-24 00:00:00,1185301.55,,
2026-07-24 01:00:00,1164297.91,,
2026-07-24 02:00:00,1174342.03,,
2026-07-24 03:00:00,1168291.08,,
2026-07-24 04:00:00,1170824.51,,
2026-07-24 05:00:00,1171697.35,,
2026-07-24 06:00:00,1170187.68,,
2026-07-24 07:00:00,1175457.02,,
2026-07-24 08:00:00,1183993.63,,
2026-07-24 09:00:00,1191502.78,,
2026-07-24 10:00:00,1208999.85,,
2026-07-24 11:00:00,1207120.90,,
2026-07-24 12:00:00,1210452.41,,
2026-07-24 13:00:00,1207836.01,,
2026-07-24 14:00:00,1204542.96,,
2026-07-24 15:00:00,1192237.34,,
2026-07-24 16:00:00,1152336.25,,
2026-07-24 17:00:00,1135011.76,,
2026-07-24 18:00:00,1137553.64,,
2026-07-24 19:00:00,1137159.83,,
2026-07-24 20:00:00,1125971.69,,
2026-07-24 21:00:00,1123773.05,,
2026-07-24 22:00:00,1116566.79,,
2026-07-24 23:00:00,1111224.10,,
2026-07-25 00:00:00,1118553.25,,
2026-07-25 01:00:00,1125477.87,,
2026-07-25 02:00:00,1120530.84,,
2026-07-25 03:00:00,1126220.01,,
2026-07-25 04:00:00,1134355.85,,
2026-07-25 05:00:00,1137928.36,,
2026-07-25 06:00:00,1125472.74,,
2026-07-25 07:00:00,1126826.92,,
2026-07-25 08:00:00,1127803.73,,
2026-07-25 09:00:00,1114375.80,,
2026-07-25 10:00:00,1115447.75,,
2026-07-25 11:00:00,1113897.26,,
2026-07-25 12:00:00,1115301.90,,
2026-07-25 13:00:00,1122624.32,,
2026-07-25 14:00:00,1134580.94,,
2026-07-25 15:00:00,1131954.90,,
2026-07-25 16:00:00,1135679.69,,
2026-07-25 17:00:00,1126827.95,,
2026-07-25 18:00:00,1123547.84,,
2026-07-25 19:00:00,1117969.56,,
2026-07-25 20:00:00,1113330.94,,
2026-07-25 21:00:00,1114791.25,,
2026-07-25 22:00:00,1116787.32,,
2026-07-25 23:00:00,1115245.01,,
2026-07-26 00:00:00,1100848.90,,
2026-07-26 01:00:00,1111518.78,,
2026-07-26 02:00:00,1107602.59,,
2026-07-26 03:00:00,1096468.18,,
2026-07-26 04:00:00,1090120.91,,
2026-07-26 05:00:00,1110427.35,,
2026-07-26 06:00:00,1113498.42,,
2026-07-26 07:00:00,1109591.21,,
2026-07-26 08:00:00,1119981.18,,
2026-07-26 09:00:00,1129557.80,,
2026-07-26 10:00:00,1132018.91,,
2026-07-26 11:00:00,1132221.37,,
2026-07-26 12:00:00,1127628.86,,
2026-07-26 13:00:00,1117988.64,,
2026-07-26 14:00:00,1116824.31,,
2026-07-26 15:00:00,1117347.36,,
2026-07-26 16:00:00,1119979.87,,
2026-07-26 17:00:00,1119885.84,,
2026-07-26 18:00:00,1106287.94,,
2026-07-26 19:00:00,1100870.77,,
2026-07-26 20:00:00,1097115.40,,
2026-07-26 21:00:00,1096086.40,,
2026-07-26 22:00:00,1090525.14,,
2026-07-26 23:00:00,1107491.36,,
2026-07-27 00:00:00,1097217.58,,
2026-07-27 01:00:00,1094263.45,,
2026-07-27 02:00:00,1096293.09,,
2026-07-27 03:00:00,1092264.79,,
2026-07-27 04:00:00,1084131.17,,
2026-07-27 05:00:00,1080176.69,,
2026-07-27 06:00:00,1088461.86,,
2026-07-27 07:00:00,1077445.33,,
2026-07-27 08:00:00,1080484.85,,
2026-07-27 09:00:00,1091244.03,,
2026-07-27 10:00:00,1084168.05,,
2026-07-27 11:00:00,1090024.07,,
2026-07-27 12:00:00,1094137.83,,
2026-07-27 13:00:00,1351210.99,,
2026-07-27 14:00:00,1248327.79,,
2026-07-27 15:00:00,1196809.11,,
2026-07-27 16:00:00,1160646.37,,
2026-07-27 17:00:00,1141916.76,,
2026-07-27 18:00:00,1151557.36,,
2026-07-27 19:00:00,1135084.91,,
2026-07-27 20:00:00,1149483.51,,
2026-07-27 21:00:00,1151002.92,,
2026-07-27 22:00:00,1150253.51,,
2026-07-27 23:00:00,1111081.68,,
2026-07-28 00:00:00,1111666.13,,
2026-07-28 01:00:00,1103419.34,,
2026-07-28 02:00:00,1070650.37,,
2026-07-28 03:00:00,1064512.56,,
2026-07-28 04:00:00,1070047.03,,
2026-07-28 05:00:00,1065985.73,,
2026-07-28 06:00:00,1062051.08,,
2026-07-28 07:00:00,1062131.17,,
2026-07-28 08:00:00,1062355.72,,
2026-07-28 09:00:00,1066710.57,,
2026-07-28 10:00:00,1068443.65,,
2026-07-28 11:00:00,1075542.41,,
2026-07-28 12:00:00,1069031.83,,
2026-07-28 13:00:00,1073898.78,,
2026-07-28 14:00:00,1064578.26,,
2026-07-28 15:00:00,1086976.75,,
2026-07-28 16:00:00,1098538.47,,
2026-07-28 17:00:00,1107674.28,,
2026-07-28 18:00:00,1100916.84,,
2026-07-28 19:00:00,1096376.64,,
2026-07-28 20:00:00,1096720.47,,
2026-07-28 21:00:00,1095973.05,,
2026-07-28 22:00:00,1098368.23,,
2026-07-28 23:00:00,1087893.00,,
2026-07-29 00:00:00,1098756.42,,
2026-07-29 01:00:00,1109095.81,,
2026-07-29 02:00:00,1088408.30,,
2026-07-29 03:00:00,1065083.90,,
2026-07-29 04:00:00,1047636.34,,
2026-07-29 05:00:00,1050495.39,,
2026-07-29 06:00:00,1057214.99,,
2026-07-29 07:00:00,1058164.89,,
2026-07-29 08:00:00,1062136.15,,
2026-07-29 09:00:00,1058442.16,,
2026-07-29 10:00:00,1064458.57,,
2026-07-29 11:00:00,1065214.43,,
2026-07-29 12:00:00,1065793.53,,
2026-07-29 13:00:00,1064990.74,,
2026-07-29 14:00:00,1077685.60,,
2026-07-29 15:00:00,1072958.00,,
2026-07-29 16:00:00,1069109.93,,
2026-07-29 17:00:00,1079980.88,,
2026-07-29 18:00:00,1091645.07,,
2026-07-29 19:00:00,1099059.01,,
2026-07-29 20:00:00,1079348.39,,
2026-07-29 21:00:00,1070951.41,,
2026-07-29 22:00:00,1088539.07,,
2026-07-29 23:00:00,1097321.37,,
2026-07-30 00:00:00,1099195.35,,
2026-07-30 01:00:00,1094533.99,,
2026-07-30 02:00:00,1116701.23,,
2026-07-30 03:00:00,1113289.40,,
2026-07-30 04:00:00,1122174.40,,
2026-07-30 05:00:00,1118585.64,,
2026-07-30 06:00:00,1116254.52,,
2026-07-30 07:00:00,1111009.88,,
2026-07-30 08:00:00,1108901.75,,
2026-07-30 09:00:00,1117441.78,,
2026-07-30 10:00:00,1110793.95,,
2026-07-30 11:00:00,1103106.13,,
2026-07-30 12:00:00,1115274.68,,
2026-07-30 13:00:00,1108547.68,,
2026-07-30 14:00:00,1123240.35,,
2026-07-30 15:00:00,1124648.55,,
2026-07-30 16:00:00,1114470.22,,
2026-07-30 17:00:00,1110712.40,,
2026-07-30 18:00:00,1109386.01,,
2026-07-30 19:00:00,1104039.27,,
2026-07-30 20:00:00,1099770.31,,
2026-07-30 21:00:00,1106209.60,,
2026-07-30 22:00:00,1112850.41,,
2026-07-30 23:00:00,1072695.16,,
2026-07-31 00:00:00,1070747.20,,
2026-07-31 01:00:00,1071331.89,,
2026-07-31 02:00:00,1073060.45,,
2026-07-31 03:00:00,1071749.62,,
2026-07-31 04:00:00,1075764.74,,
2026-07-31 05:00:00,1071088.31,,
2026-07-31 06:00:00,1074644.42,,
2026-07-31 07:00:00,1080397.43,,
2026-07-31 08:00:00,1087279.96,,
2026-07-31 09:00:00,1082401.84,,
2026-07-31 10:00:00,1074739.79,,
2026-07-31 11:00:00,1092715.49,,
2026-07-31 12:00:00,1084873.19,,
2026-07-31 13:00:00,1101639.49,,
2026-07-31 14:00:00,1087565.76,,
2026-07-31 15:00:00,1075511.17,,
2026-07-31 16:00:00,1079653.98,,
2026-07-31 17:00:00,1121663.23,,
2026-07-31 18:00:00,1120592.02,,
2026-07-31 19:00:00,1104994.45,,
2026-07-31 20:00:00,1103959.90,,
2026-07-31 21:00:00,1106767.73,,
2026-07-31 22:00:00,1100481.54,,
2026-07-31 23:00:00,1099191.20,,
2026-08-01 00:00:00,1103176.00,,
2026-08-01 01:00:00,1095449.27,,
2026-08-01 02:00:00,1109293.47,,
2026-08-01 03:00:00,1120038.33,,
2026-08-01 04:00:00,1109764.81,,
2026-08-01 05:00:00,1110305.81,,
2026-08-01 06:00:00,1106694.07,,
2026-08-01 07:00:00,1103363.53,,
2026-08-01 08:00:00,1083259.80,,
2026-08-01 09:00:00,1081758.87,,
2026-08-01 10:00:00,1082146.43,,
2026-08-01 11:00:00,1068520.88,,
2026-08-01 12:00:00,1071246.81,,
2026-08-01 13:00:00,1077450.78,,
2026-08-01 14:00:00,1074121.68,,
2026-08-01 15:00:00,1074498.80,,
2026-08-01 16:00:00,1069804.04,,
2026-08-01 17:00:00,1063845.14,,
2026-08-01 18:00:00,1053330.27,,
2026-08-01 19:00:00,1042449.54,,
2026-08-01 20:00:00,1047866.13,,
2026-08-01 21:00:00,1042609.81,,
2026-08-01 22:00:00,1041578.50,,
2026-08-01 23:00:00,1034450.35,,
2026-08-02 00:00:00,1031357.98,,
2026-08-02 01:00:00,1032730.63,,
2026-08-02 02:00:00,1027994.46,,
2026-08-02 03:00:00,1028292.95,,
2026-08-02 04:00:00,1027719.14,,
2026-08-02 05:00:00,1029268.71,,
2026-08-02 06:00:00,1023779.87,,
2026-08-02 07:00:00,1013429.94,,
2026-08-02 08:00:00,1017062.81,,
2026-08-02 09:00:00,1014030.85,,
2026-08-02 10:00:00,1018959.95,,
2026-08-02 11:00:00,1025171.62,,
2026-08-02 12:00:00,1026737.10,,
2026-08-02 13:00:00,1029859.99,,
2026-08-02 14:00:00,1024611.79,,
2026-08-02 15:00:00,1023258.55,,
2026-08-02 16:00:00,1025289.14,,
2026-08-02 17:00:00,1021923.80,,
2026-08-02 18:00:00,1025394.45,,
2026-08-02 19:00:00,1028025.64,,
2026-08-02 20:00:00,1030689.98,,
2026-08-02 21:00:00,1033506.18,,
2026-08-02 22:00:00,1035703.17,,
2026-08-02 23:00:00,1034325.80,,
2026-08-03 00:00:00,1035385.39,,
2026-08-03 01:00:00,1027690.65,,
2026-08-03 02:00:00,1029908.95,,
2026-08-03 03:00:00,1027407.67,,
2026-08-03 04:00:00,1015733.75,,
2026-08-03 05:00:00,1021487.02,,
2026-08-03 06:00:00,1028878.78,,
2026-08-03 07:00:00,1022648.01,,
2026-08-03 08:00:00,1018659.04,,
2026-08-03 09:00:00,1013501.43,,
2026-08-03 10:00:00,1017353.59,,
2026-08-03 11:00:00,1016274.90,,
2026-08-03 12:00:00,1021044.66,,
2026-08-03 13:00:00,1022834.08,,
2026-08-03 14:00:00,1061792.21,,
2026-08-03 15:00:00,1061589.89,,
2026-08-03 16:00:00,1061603.60,,
2026-08-03 17:00:00,1060525.16,,
2026-08-03 18:00:00,1063737.93,,
2026-08-03 19:00:00,1060039.66,,
2026-08-03 20:00:00,1068031.31,,
2026-08-03 21:00:00,1076629.90,,
2026-08-03 22:00:00,1084090.19,,
2026-08-03 23:00:00,1080558.68,,
2026-08-04 00:00:00,1082018.65,,
2026-08-04 01:00:00,1070896.41,,
2026-08-04 02:00:00,1084885.97,,
2026-08-04 03:00:00,1096818.30,,
2026-08-04 04:00:00,1090854.17,,
2026-08-04 05:00:00,1097964.00,,
2026-08-04 06:00:00,1095925.84,,
2026-08-04 07:00:00,1088592.20,,
2026-08-04 08:00:00,1081017.69,,
2026-08-04 09:00:00,1075352.04,,
2026-08-04 10:00:00,1072442.64,,
2026-08-04 11:00:00,1078099.89,,
2026-08-04 12:00:00,1073242.89,,
2026-08-04 13:00:00,1074287.72,,
2026-08-04 14:00:00,1081645.47,,
2026-08-04 15:00:00,1077543.29,,
2026-08-04 16:00:00,1077671.60,,
2026-08-04 17:00:00,1074935.11,,
2026-08-04 18:00:00,1082933.59,,
2026-08-04 19:00:00,1088204.64,,
2026-08-04 20:00:00,1096883.43,,
2026-08-04 21:00:00,1085628.51,,
2026-08-04 22:00:00,1088273.50,,
2026-08-04 23:00:00,1087488.01,,
2026-08-05 00:00:00,1080977.62,,
2026-08-05 01:00:00,1084978.36,,
2026-08-05 02:00:00,1099817.66,,
2026-08-05 03:00:00,1104417.96,,
2026-08-05 04:00:00,1107223.41,,
2026-08-05 05:00:00,1118454.96,,
2026-08-05 06:00:00,1137950.82,,
2026-08-05 07:00:00,1161754.01,,
2026-08-05 08:00:00,1164646.96,,
2026-08-05 09:00:00,1160276.45,,
2026-08-05 10:00:00,1154702.23,,
2026-08-05 11:00:00,1154443.48,,
2026-08-05 12:00:00,1145985.41,,
2026-08-05 13:00:00,1141492.72,,
2026-08-05 14:00:00,1137930.33,,
2026-08-05 15:00:00,1145291.56,,
2026-08-05 16:00:00,1144383.24,,
2026-08-05 17:00:00,1144731.55,,
2026-08-05 18:00:00,1143925.36,,
2026-08-05 19:00:00,1145237.50,,
2026-08-05 20:00:00,1138734.02,,
2026-08-05 21:00:00,1135190.97,,
2026-08-05 22:00:00,1129748.24,,
2026-08-05 23:00:00,1128944.73,,
2026-08-06 00:00:00,1126366.57,,
2026-08-06 01:00:00,1125379.10,,
2026-08-06 02:00:00,1122530.90,,
2026-08-06 03:00:00,1126926.14,,
2026-08-06 04:00:00,1127702.79,,
2026-08-06 05:00:00,1139509.92,,
2026-08-06 06:00:00,1139229.83,,
2026-08-06 07:00:00,1155773.62,,
2026-08-06 08:00:00,1157142.36,,
2026-08-06 09:00:00,1162286.15,,
2026-08-06 10:00:00,1153711.39,,
2026-08-06 11:00:00,1154758.65,,
2026-08-06 12:00:00,1159337.26,,
2026-08-06 13:00:00,1151945.00,,
2026-08-06 14:00:00,1159809.73,,
2026-08-06 15:00:00,1171438.13,,
2026-08-06 16:00:00,1170084.10,,
2026-08-06 17:00:00,1174978.70,,
2026-08-06 18:00:00,1165114.16,,
2026-08-06 19:00:00,1164714.75,,
2026-08-06 20:00:00,1161260.63,,
2026-08-06 21:00:00,1160302.80,,
2026-08-06 22:00:00,1162650.91,,
2026-08-06 23:00:00,1153478.07,,
2026-08-07 00:00:00,1155186.66,,
2026-08-07 01:00:00,1159905.70,,
2026-08-07 02:00:00,1159008.56,,
2026-08-07 03:00:00,1155775.14,,
2026-08-07 04:00:00,1159397.58,,
2026-08-07 05:00:00,1157674.54,,
2026-08-07 06:00:00,1159377.30,,
2026-08-07 07:00:00,1155567.11,,
2026-08-07 08:00:00,1157097.91,,
2026-08-07 09:00:00,1154209.55,,
2026-08-07 10:00:00,1149966.15,,
2026-08-07 11:00:00,1145131.06,,
2026-08-07 12:00:00,1145946.29,,
2026-08-07 13:00:00,1135752.77,,
2026-08-07 14:00:00,1140607.61,,
2026-08-07 15:00:00,1126336.42,,
2026-08-07 16:00:00,1129145.60,,
2026-08-07 17:00:00,1126768.91,,
2026-08-07 18:00:00,1119760.31,,
2026-08-07 19:00:00,1132613.97,,
2026-08-07 20:00:00,1131621.60,,
2026-08-07 21:00:00,1126186.14,,
2026-08-07 22:00:00,1120654.42,,
2026-08-07 23:00:00,1113314.06,,
2026-08-08 00:00:00,1102832.63,,
2026-08-08 01:00:00,1097709.66,,
2026-08-08 02:00:00,1093502.13,,
2026-08-08 03:00:00,1104346.48,,
2026-08-08 04:00:00,1122716.10,,
2026-08-08 05:00:00,1128228.17,,
2026-08-08 06:00:00,1130027.08,,
2026-08-08 07:00:00,1136166.30,,
2026-08-08 08:00:00,1137585.09,,
2026-08-08 09:00:00,1136934.64,,
2026-08-08 10:00:00,1140979.01,,
2026-08-08 11:00:00,1146861.25,,
2026-08-08 12:00:00,1139451.68,,
2026-08-08 13:00:00,1147978.60,,
2026-08-08 14:00:00,1148161.44,,
2026-08-08 15:00:00,1153118.79,,
2026-08-08 16:00:00,1150395.06,,
2026-08-08 17:00:00,1169855.95,,
2026-08-08 18:00:00,1168381.31,,
2026-08-08 19:00:00,1167581.75,,
2026-08-08 20:00:00,1166210.53,,
2026-08-08 21:00:00,1159573.03,,
2026-08-08 22:00:00,1154340.72,,
2026-08-08 23:00:00,1157623.04,,
2026-08-09 00:00:00,1155410.48,,
2026-08-09 01:00:00,1152753.77,,
2026-08-09 02:00:00,1141652.30,,
2026-08-09 03:00:00,1125202.95,,
2026-08-09 04:00:00,1134718.67,,
2026-08-09 05:00:00,1143217.82,,
2026-08-09 06:00:00,1148088.47,,
2026-08-09 07:00:00,1172934.62,,
2026-08-09 08:00:00,1149131.89,,
2026-08-09 09:00:00,1142617.46,,
2026-08-09 10:00:00,1146864.86,,
2026-08-09 11:00:00,1144987.12,,
2026-08-09 12:00:00,1137927.11,,
2026-08-09 13:00:00,1142208.70,,
2026-08-09 14:00:00,1152820.76,,
2026-08-09 15:00:00,1170205.56,,
2026-08-09 16:00:00,1184677.82,,
2026-08-09 17:00:00,1192281.25,,
2026-08-09 18:00:00,1196006.78,,
2026-08-09 19:00:00,1186448.47,,
2026-08-09 20:00:00,1178551.09,,
2026-08-09 21:00:00,1167761.07,,
2026-08-09 22:00:00,1172024.05,,
2026-08-09 23:00:00,1152605.34,,
2026-08-10 00:00:00,1131573.77,,
2026-08-10 01:00:00,1131893.47,,
2026-08-10 02:00:00,1135725.06,,
2026-08-10 03:00:00,1123060.11,,
2026-08-10 04:00:00,1118420.04,,
2026-08-10 05:00:00,1108855.64,,
2026-08-10 06:00:00,1113303.68,,
2026-08-10 07:00:00,1115424.08,,
2026-08-10 08:00:00,1120705.05,,
2026-08-10 09:00:00,1125823.61,,
2026-08-10 10:00:00,1139347.31,,
2026-08-10 11:00:00,1135365.22,,
2026-08-10 12:00:00,1142740.20,,
2026-08-10 13:00:00,1153524.92,,
2026-08-10 14:00:00,1152704.87,,
2026-08-10 15:00:00,1148985.19,,
2026-08-10 16:00:00,1146952.94,,
2026-08-10 17:00:00,1143045.34,,
2026-08-10 18:00:00,1159304.16,,
2026-08-10 19:00:00,1162565.63,,
2026-08-10 20:00:00,1159832.35,,
2026-08-10 21:00:00,1157811.17,,
2026-08-10 22:00:00,1150176.01,,
2026-08-10 23:00:00,1145465.68,,
2026-08-11 00:00:00,1151398.67,,
2026-08-11 01:00:00,1156714.66,,
2026-08-11 02:00:00,1165563.26,,
2026-08-11 03:00:00,1168239.49,,
2026-08-11 04:00:00,1148174.93,,
2026-08-11 05:00:00,1140354.31,,
2026-08-11 06:00:00,1145220.21,,
2026-08-11 07:00:00,1147306.66,,
2026-08-11 08:00:00,1139134.00,,
2026-08-11 09:00:00,1172128.97,,
2026-08-11 10:00:00,1228376.46,,
2026-08-11 11:00:00,1221374.14,,
2026-08-11 12:00:00,1230951.54,,
2026-08-11 13:00:00,1215996.95,,
2026-08-11 14:00:00,1218211.79,,
2026-08-11 15:00:00,1145962.50,,
2026-08-11 16:00:00,1068989.48,,
2026-08-11 17:00:00,1074471.25,,
2026-08-11 18:00:00,1063749.80,,
2026-08-11 19:00:00,1067327.32,,
2026-08-11 20:00:00,1085345.24,,
2026-08-11 21:00:00,1078524.40,,
2026-08-11 22:00:00,1087643.43,,
2026-08-11 23:00:00,1091220.79,,
2026-08-12 00:00:00,1090126.87,,
2026-08-12 01:00:00,1098549.78,,
2026-08-12 02:00:00,1127870.97,,
2026-08-12 03:00:00,1134406.82,,
2026-08-12 04:00:00,1115237.59,,
2026-08-12 05:00:00,1120112.19,,
2026-08-12 06:00:00,1123809.86,,
2026-08-12 07:00:00,1097169.03,,
2026-08-12 08:00:00,1088472.52,,
2026-08-12 09:00:00,1084464.67,,
2026-08-12 10:00:00,1090322.60,,
2026-08-12 11:00:00,1098212.49,,
2026-08-12 12:00:00,1115749.42,,
2026-08-12 13:00:00,1111530.09,,
2026-08-12 14:00:00,1119549.62,,
2026-08-12 15:00:00,1105342.67,,
2026-08-12 16:00:00,1104951.21,,
2026-08-12 17:00:00,1108733.85,,
2026-08-12 18:00:00,1112566.24,,
2026-08-12 19:00:00,1112868.99,,
2026-08-12 20:00:00,1112651.58,,
2026-08-12 21:00:00,1105637.63,,
2026-08-12 22:00:00,1072181.81,,
2026-08-12 23:00:00,1084994.91,,
2026-08-13 00:00:00,1087248.95,,
2026-08-13 01:00:00,1097360.28,,
2026-08-13 02:00:00,1098688.87,,
2026-08-13 03:00:00,1101628.70,,
2026-08-13 04:00:00,1104171.47,,
2026-08-13 05:00:00,1108829.57,,
2026-08-13 06:00:00,1110743.92,,
2026-08-13 07:00:00,1104381.58,,
2026-08-13 08:00:00,1105646.63,,
2026-08-13 09:00:00,1103665.53,,
2026-08-13 10:00:00,1100446.52,,
2026-08-13 11:00:00,1098052.47,,
2026-08-13 12:00:00,1098458.44,,
2026-08-13 13:00:00,1104883.31,,
2026-08-13 14:00:00,1112791.07,,
2026-08-13 15:00:00,1116844.80,,
2026-08-13 16:00:00,1100045.75,,
2026-08-13 17:00:00,1084286.22,,
2026-08-13 18:00:00,1089237.65,,
2026-08-13 19:00:00,1106792.61,,
2026-08-13 20:00:00,1097084.84,,
2026-08-13 21:00:00,1089339.87,,
2026-08-13 22:00:00,1090768.78,,
2026-08-13 23:00:00,1081989.72,,
2026-08-14 00:00:00,1083165.25,,
2026-08-14 01:00:00,1081344.18,,
2026-08-14 02:00:00,1077791.14,,
2026-08-14 03:00:00,1071863.50,,
2026-08-14 04:00:00,1066809.31,,
2026-08-14 05:00:00,1058984.32,,
2026-08-14 06:00:00,1060337.18,,
2026-08-14 07:00:00,1060805.40,,
2026-08-14 08:00:00,1052188.06,,
2026-08-14 09:00:00,1051061.03,,
2026-08-14 10:00:00,1033719.46,,
2026-08-14 11:00:00,1031579.59,,
2026-08-14 12:00:00,1036080.13,,
2026-08-14 13:00:00,1035259.63,,
2026-08-14 14:00:00,1037705.18,,
2026-08-14 15:00:00,1032184.66,,
2026-08-14 16:00:00,1031969.40,,
2026-08-14 17:00:00,1043933.44,,
2026-08-14 18:00:00,1042395.31,,
2026-08-14 19:00:00,1031790.35,,
2026-08-14 20:00:00,1028806.83,,
2026-08-14 21:00:00,1033480.84,,
2026-08-14 22:00:00,1030159.95,,
2026-08-14 23:00:00,1029809.37,,
2026-08-15 00:00:00,1031707.20,,
2026-08-15 01:00:00,1042919.05,,
2026-08-15 02:00:00,1039826.35,,
2026-08-15 03:00:00,1048495.13,,
2026-08-15 04:00:00,1038377.50,,
2026-08-15 05:00:00,1041362.44,,
2026-08-15 06:00:00,1043978.24,,
2026-08-15 07:00:00,1047774.58,,
2026-08-15 08:00:00,1041078.53,,
2026-08-15 09:00:00,1043915.88,,
2026-08-15 10:00:00,1074746.05,,
2026-08-15 11:00:00,1087326.62,,
2026-08-15 12:00:00,1089411.78,,
2026-08-15 13:00:00,1082530.68,,
2026-08-15 14:00:00,1081716.72,,
2026-08-15 15:00:00,1081809.45,,
2026-08-15 16:00:00,1090620.57,,
2026-08-15 17:00:00,1087134.39,,
2026-08-15 18:00:00,1086774.44,,
2026-08-15 19:00:00,1081584.19,,
2026-08-15 20:00:00,1078701.14,,
2026-08-15 21:00:00,1077341.65,,
2026-08-15 22:00:00,1080501.15,,
2026-08-15 23:00:00,1075324.51,,
2026-08-16 00:00:00,1077626.59,,
2026-08-16 01:00:00,1079517.89,,
2026-08-16 02:00:00,1081993.87,,
2026-08-16 03:00:00,1079967.66,,
2026-08-16 04:00:00,1081688.99,,
2026-08-16 05:00:00,1076299.93,,
2026-08-16 06:00:00,1064391.86,,
2026-08-16 07:00:00,1055970.99,,
2026-08-16 08:00:00,1066150.04,,
2026-08-16 09:00:00,1063225.38,,
2026-08-16 10:00:00,1059451.52,,
2026-08-16 11:00:00,1064935.68,,
2026-08-16 12:00:00,1067779.00,,
2026-08-16 13:00:00,1072799.09,,
2026-08-16 14:00:00,1077268.25,,
2026-08-16 15:00:00,1081539.42,,
2026-08-16 16:00:00,1078103.33,,
2026-08-16 17:00:00,1087910.87,,
2026-08-16 18:00:00,1108002.84,,
2026-08-16 19:00:00,1129997.71,,
2026-08-16 20:00:00,1125411.21,,
2026-08-16 21:00:00,1106975.18,,
2026-08-16 22:00:00,1082547.79,,
2026-08-16 23:00:00,1076028.90,,
2026-08-17 00:00:00,1060485.94,,
2026-08-17 01:00:00,1087623.27,,
2026-08-17 02:00:00,1115646.90,,
2026-08-17 03:00:00,1159891.55,,
2026-08-17 04:00:00,1158558.86,,
2026-08-17 05:00:00,1142755.37,,
2026-08-17 06:00:00,1118498.33,,
2026-08-17 07:00:00,1120580.17,,
2026-08-17 08:00:00,1110547.92,,
2026-08-17 09:00:00,1105443.67,,
2026-08-17 10:00:00,1102348.00,,
2026-08-17 11:00:00,1100692.83,,
2026-08-17 12:00:00,1098050.92,,
2026-08-17 13:00:00,1095906.80,,
2026-08-17 14:00:00,1093101.26,,
2026-08-17 15:00:00,1089308.40,,
2026-08-17 16:00:00,1105205.19,,
2026-08-17 17:00:00,1104845.73,,
2026-08-17 18:00:00,1099784.68,,
2026-08-17 19:00:00,1084712.29,,
2026-08-17 20:00:00,1086535.06,,
2026-08-17 21:00:00,1083321.08,,
2026-08-17 22:00:00,1088721.71,,
2026-08-17 23:00:00,1064276.73,,
2026-08-18 00:00:00,1060013.93,,
2026-08-18 01:00:00,1072712.32,,
2026-08-18 02:00:00,1059888.54,,
2026-08-18 03:00:00,1041494.57,,
2026-08-18 04:00:00,1039101.05,,
2026-08-18 05:00:00,1052173.70,,
2026-08-18 06:00:00,1052986.83,,
2026-08-18 07:00:00,1068923.39,,
2026-08-18 08:00:00,1067149.42,,
2026-08-18 09:00:00,1074822.82,,
2026-08-18 10:00:00,1077114.11,,
2026-08-18 11:00:00,1092257.73,,
2026-08-18 12:00:00,1088766.45,,
2026-08-18 13:00:00,1093771.01,,
2026-08-18 14:00:00,1090377.23,,
2026-08-18 15:00:00,1092630.05,,
2026-08-18 16:00:00,1090346.73,,
2026-08-18 17:00:00,1081041.04,,
2026-08-18 18:00:00,1084744.55,,
2026-08-18 19:00:00,1085727.98,,
2026-08-18 20:00:00,1081827.66,,
2026-08-18 21:00:00,1078343.26,,
2026-08-18 22:00:00,1079419.91,,
2026-08-18 23:00:00,1083628.68,,
2026-08-19 00:00:00,1087149.89,,
2026-08-19 01:00:00,1080304.98,,
2026-08-19 02:00:00,1091741.31,,
2026-08-19 03:00:00,1089826.29,,
2026-08-19 04:00:00,1101066.23,,
2026-08-19 05:00:00,1090823.27,,
2026-08-19 06:00:00,1091283.39,,
2026-08-19 07:00:00,1095378.69,,
2026-08-19 08:00:00,1099177.83,,
2026-08-19 09:00:00,1102281.26,,
2026-08-19 10:00:00,1099228.28,,
2026-08-19 11:00:00,1101334.45,,
2026-08-19 12:00:00,1111054.49,,
2026-08-19 13:00:00,1121594.92,,
2026-08-19 14:00:00,1130771.18,,
2026-08-19 15:00:00,1178884.82,,
2026-08-19 16:00:00,1196089.64,,
2026-08-19 17:00:00,1208664.71,,
2026-08-19 18:00:00,1208010.31,,
2026-08-19 19:00:00,1203886.96,,
2026-08-19 20:00:00,1208681.38,,
2026-08-19 21:00:00,1213051.51,,
2026-08-19 22:00:00,1208592.41,,
2026-08-19 23:00:00,1197607.33,,
2026-08-20 00:00:00,1199628.83,,
2026-08-20 01:00:00,1196454.63,,
2026-08-20 02:00:00,1190219.45,,
2026-08-20 03:00:00,1183851.03,,
2026-08-20 04:00:00,1174127.61,,
2026-08-20 05:00:00,1174256.09,,
2026-08-20 06:00:00,1162437.12,,
2026-08-20 07:00:00,1174338.86,,
2026-08-20 08:00:00,1174838.23,,
2026-08-20 09:00:00,1185980.93,,
2026-08-20 10:00:00,1177186.01,,
2026-08-20 11:00:00,1181680.93,,
2026-08-20 12:00:00,1183325.89,,
2026-08-20 13:00:00,1174110.45,,
2026-08-20 14:00:00,1174864.09,,
2026-08-20 15:00:00,1179489.55,,
2026-08-20 16:00:00,1235217.99,,
2026-08-20 17:00:00,1258582.58,,
2026-08-20 18:00:00,1250842.56,,
2026-08-20 19:00:00,1241124.23,,
2026-08-20 20:00:00,1229983.93,,
2026-08-20 21:00:00,1235915.04,,
2026-08-20 22:00:00,1232194.95,,
2026-08-20 23:00:00,1234430.00,,
2026-08-21 00:00:00,1237917.61,,
2026-08-21 01:00:00,1222194.79,,
2026-08-21 02:00:00,1225101.70,,
2026-08-21 03:00:00,1225861.21,,
2026-08-21 04:00:00,1223826.96,,
2026-08-21 05:00:00,1229295.34,,
2026-08-21 06:00:00,1236712.08,,
2026-08-21 07:00:00,1242296.34,,
2026-08-21 08:00:00,1249968.69,,
2026-08-21 09:00:00,1307511.78,,
2026-08-21 10:00:00,1304601.63,,
2026-08-21 11:00:00,1317382.83,,
2026-08-21 12:00:00,1364015.74,,
2026-08-21 13:00:00,1380014.14,,
2026-08-21 14:00:00,1380110.26,,
2026-08-21 15:00:00,1379619.92,,
2026-08-21 16:00:00,1367906.05,,
2026-08-21 17:00:00,1373003.16,,
2026-08-21 18:00:00,1378317.37,,
2026-08-21 19:00:00,1378154.44,,
2026-08-21 20:00:00,1357826.84,,
2026-08-21 21:00:00,1378618.42,,
2026-08-21 22:00:00,1382380.23,,
2026-08-21 23:00:00,1387599.41,,
2026-08-22 00:00:00,1390609.34,,
2026-08-22 01:00:00,1420362.57,,
2026-08-22 02:00:00,1416293.22,,
2026-08-22 03:00:00,1429993.48,,
2026-08-22 04:00:00,1431206.36,,
2026-08-22 05:00:00,1452291.81,,
2026-08-22 06:00:00,1326968.66,,
2026-08-22 07:00:00,1381004.65,,
2026-08-22 08:00:00,1408903.87,,
2026-08-22 09:00:00,1409446.84,,
2026-08-22 10:00:00,1402918.41,,
2026-08-22 11:00:00,1386222.49,,
2026-08-22 12:00:00,1392973.00,,
2026-08-22 13:00:00,1408483.39,,
2026-08-22 14:00:00,1404642.65,,
2026-08-22 15:00:00,1397410.08,,
2026-08-22 16:00:00,1389819.48,,
2026-08-22 17:00:00,1400053.64,,
2026-08-22 18:00:00,1402962.50,,
2026-08-22 19:00:00,1391299.56,,
2026-08-22 20:00:00,1389704.86,,
2026-08-22 21:00:00,1381003.37,,
2026-08-22 22:00:00,1361077.38,,
2026-08-22 23:00:00,1376611.72,,
2026-08-23 00:00:00,1374401.41,,
2026-08-23 01:00:00,1379559.19,,
2026-08-23 02:00:00,1356278.06,,
2026-08-23 03:00:00,1336165.00,,
2026-08-23 04:00:00,1301748.15,,
2026-08-23 05:00:00,1292165.50,,
2026-08-23 06:00:00,1300147.80,,
2026-08-23 07:00:00,1309779.84,,
2026-08-23 08:00:00,1335127.29,,
2026-08-23 09:00:00,1347110.14,,
2026-08-23 10:00:00,1354457.78,,
2026-08-23 11:00:00,1374855.08,,
2026-08-23 12:00:00,1392341.32,,
2026-08-23 13:00:00,1397056.30,,
2026-08-23 14:00:00,1409380.52,,
2026-08-23 15:00:00,1406947.06,,
2026-08-23 16:00:00,1437546.13,,
2026-08-23 17:00:00,1442704.14,,
2026-08-23 18:00:00,1432958.00,,
2026-08-23 19:00:00,1439917.39,,
2026-08-23 20:00:00,1433204.58,,
2026-08-23 21:00:00,1425797.81,,
2026-08-23 22:00:00,1435961.51,,
2026-08-23 23:00:00,1424165.15,,
2026-08-24 00:00:00,1412936.47,,
2026-08-24 01:00:00,1397276.10,,
2026-08-24 02:00:00,1359792.81,,
2026-08-24 03:00:00,1365888.91,,
2026-08-24 04:00:00,1361242.78,,
2026-08-24 05:00:00,1373706.88,,
2026-08-24 06:00:00,1367447.67,,
2026-08-24 07:00:00,1350410.32,,
2026-08-24 08:00:00,1338289.77,,
2026-08-24 09:00:00,1337071.26,,
2026-08-24 10:00:00,1353310.08,,
2026-08-24 11:00:00,1363774.19,,
2026-08-24 12:00:00,1386148.63,,
2026-08-24 13:00:00,1393962.49,,
2026-08-24 14:00:00,1366526.60,,
2026-08-24 15:00:00,1384631.72,,
2026-08-24 16:00:00,1384498.50,,
2026-08-24 17:00:00,1380927.70,,
2026-08-24 18:00:00,1372784.70,,
2026-08-24 19:00:00,1366882.47,,
2026-08-24 20:00:00,1359835.07,,
2026-08-24 21:00:00,1365071.41,,
2026-08-24 22:00:00,1362938.88,,
2026-08-24 23:00:00,1348562.76,,
2026-08-25 00:00:00,1349922.88,,
2026-08-25 01:00:00,1367865.07,,
2026-08-25 02:00:00,1357519.32,,
2026-08-25 03:00:00,1377144.88,,
2026-08-25 04:00:00,1369802.33,,
2026-08-25 05:00:00,1376792.69,,
2026-08-25 06:00:00,1381411.69,,
2026-08-25 07:00:00,1368844.24,,
2026-08-25 08:00:00,1360093.11,,
2026-08-25 09:00:00,1358428.00,,
2026-08-25 10:00:00,1363985.10,,
2026-08-25 11:00:00,1388394.06,,
2026-08-25 12:00:00,1385812.89,,
2026-08-25 13:00:00,1380424.50,,
2026-08-25 14:00:00,1349523.72,,
2026-08-25 15:00:00,1358714.68,,
2026-08-25 16:00:00,1359083.96,,
2026-08-25 17:00:00,1353333.58,,
2026-08-25 18:00:00,1353905.74,,
2026-08-25 19:00:00,1353220.47,,
2026-08-25 20:00:00,1341610.42,,
2026-08-25 21:00:00,1319475.19,,
2026-08-25 22:00:00,1323348.91,,
2026-08-25 23:00:00,1330153.27,,
2026-08-26 00:00:00,1326747.37,,
2026-08-26 01:00:00,1332097.77,,
2026-08-26 02:00:00,1329907.11,,
2026-08-26 03:00:00,1340651.65,,
2026-08-26 04:00:00,1331547.63,,
2026-08-26 05:00:00,1327074.14,,
2026-08-26 06:00:00,1334807.58,,
2026-08-26 07:00:00,1328280.68,,
2026-08-26 08:00:00,1324612.47,,
2026-08-26 09:00:00,1353362.98,,
2026-08-26 10:00:00,1331042.31,,
2026-08-26 11:00:00,1344238.29,,
2026-08-26 12:00:00,1349606.93,,
2026-08-26 13:00:00,1341777.93,,
2026-08-26 14:00:00,1339458.89,,
2026-08-26 15:00:00,1311143.61,,
2026-08-26 16:00:00,1319623.86,,
2026-08-26 17:00:00,1320397.34,,
2026-08-26 18:00:00,1327411.77,,
2026-08-26 19:00:00,1337771.21,,
2026-08-26 20:00:00,1333401.29,,
2026-08-26 21:00:00,1324147.56,,
2026-08-26 22:00:00,1340689.84,,
2026-08-26 23:00:00,1350441.47,,
2026-08-27 00:00:00,1364201.65,,
2026-08-27 01:00:00,1352645.68,,
2026-08-27 02:00:00,1355086.26,,
2026-08-27 03:00:00,1360426.62,,
2026-08-27 04:00:00,1367099.09,,
2026-08-27 05:00:00,1371794.36,,
2026-08-27 06:00:00,1364960.82,,
2026-08-27 07:00:00,1375403.86,,
2026-08-27 08:00:00,1362186.08,,
2026-08-27 09:00:00,1400465.52,,
2026-08-27 10:00:00,1391140.74,,
2026-08-27 11:00:00,1381157.24,,
2026-08-27 12:00:00,1383031.27,,
2026-08-27 13:00:00,1373051.42,,
2026-08-27 14:00:00,1378333.74,,
2026-08-27 15:00:00,1383615.36,,
2026-08-27 16:00:00,1391117.77,,
2026-08-27 17:00:00,1395233.43,,
2026-08-27 18:00:00,1391823.33,,
2026-08-27 19:00:00,1381115.14,,
2026-08-27 20:00:00,1374471.70,,
2026-08-27 21:00:00,1378894.24,,
2026-08-27 22:00:00,1381332.66,,
2026-08-27 23:00:00,1381327.38,,
2026-08-28 00:00:00,1391000.57,,
2026-08-28 01:00:00,1401509.62,,
2026-08-28 02:00:00,1385624.75,,
2026-08-28 03:00:00,1359758.60,,
2026-08-28 04:00:00,1349119.12,,
2026-08-28 05:00:00,1345099.46,,
2026-08-28 06:00:00,1337024.95,,
2026-08-28 07:00:00,1338745.69,,
2026-08-28 08:00:00,1344950.84,,
2026-08-28 09:00:00,1333615.70,,
2026-08-28 10:00:00,1325343.26,,
2026-08-28 11:00:00,1341941.31,,
2026-08-28 12:00:00,1337787.80,,
2026-08-28 13:00:00,1338133.66,,
2026-08-28 14:00:00,1335716.60,,
2026-08-28 15:00:00,1348996.57,,
2026-08-28 16:00:00,1323965.43,,
2026-08-28 17:00:00,1296458.22,,
2026-08-28 18:00:00,1296180.97,,
2026-08-28 19:00:00,1280021.55,,
2026-08-28 20:00:00,1277682.70,,
2026-08-28 21:00:00,1289448.86,,
2026-08-28 22:00:00,1281394.80,,
2026-08-28 23:00:00,1293622.47,,
2026-08-29 00:00:00,1297989.19,,
2026-08-29 01:00:00,1306211.25,,
2026-08-29 02:00:00,1314771.43,,
2026-08-29 03:00:00,1337869.90,,
2026-08-29 04:00:00,1349017.91,,
2026-08-29 05:00:00,1356546.68,,
2026-08-29 06:00:00,1356838.02,,
2026-08-29 07:00:00,1346815.46,,
2026-08-29 08:00:00,1333649.57,,
2026-08-29 09:00:00,1321980.82,,
2026-08-29 10:00:00,1320655.99,,
2026-08-29 11:00:00,1305107.68,,
2026-08-29 12:00:00,1303514.70,,
2026-08-29 13:00:00,1302501.02,,
2026-08-29 14:00:00,1307386.28,,
2026-08-29 15:00:00,1332921.34,,
2026-08-29 16:00:00,1342234.89,,
2026-08-29 17:00:00,1337533.22,,
2026-08-29 18:00:00,1319792.99,,
2026-08-29 19:00:00,1320723.78,,
2026-08-29 20:00:00,1321272.82,,
2026-08-29 21:00:00,1318650.36,,
2026-08-29 22:00:00,1314412.82,,
2026-08-29 23:00:00,1319546.64,,
2026-08-30 00:00:00,1314028.81,,
2026-08-30 01:00:00,1321382.73,,
2026-08-30 02:00:00,1327880.26,,
2026-08-30 03:00:00,1322937.68,,
2026-08-30 04:00:00,1334072.78,,
2026-08-30 05:00:00,1327508.26,,
2026-08-30 06:00:00,1328868.40,,
2026-08-30 07:00:00,1326728.05,,
2026-08-30 08:00:00,1351887.92,,
2026-08-30 09:00:00,1362667.50,,
2026-08-30 10:00:00,1384540.65,,
2026-08-30 11:00:00,1399136.92,,
2026-08-30 12:00:00,1384571.13,,
2026-08-30 13:00:00,1366266.57,,
2026-08-30 14:00:00,1361107.11,,
2026-08-30 15:00:00,1363292.97,,
2026-08-30 16:00:00,1353645.05,,
2026-08-30 17:00:00,1357446.27,,
2026-08-30 18:00:00,1349437.20,,
2026-08-30 19:00:00,1344256.90,,
2026-08-30 20:00:00,1338434.74,,
2026-08-30 21:00:00,1347027.13,,
2026-08-30 22:00:00,1337309.72,,
2026-08-30 23:00:00,1315663.94,,
2026-08-31 00:00:00,1249803.20,,
2026-08-31 01:00:00,1286870.84,,
2026-08-31 02:00:00,1305301.00,,
2026-08-31 03:00:00,1314489.33,,
2026-08-31 04:00:00,1327140.50,,
2026-08-31 05:00:00,1343187.53,,
2026-08-31 06:00:00,1330688.17,,
2026-08-31 07:00:00,1328586.59,,
2026-08-31 08:00:00,1330659.49,,
2026-08-31 09:00:00,1328330.98,,
2026-08-31 10:00:00,1339497.48,,
2026-08-31 11:00:00,1345747.38,,
2026-08-31 12:00:00,1344507.13,,
2026-08-31 13:00:00,1313751.60,,
2026-08-31 14:00:00,1304958.89,,
2026-08-31 15:00:00,1311968.68,,
2026-08-31 16:00:00,1302133.56,,
2026-08-31 17:00:00,1302456.78,,
2026-08-31 18:00:00,1298583.06,,
2026-08-31 19:00:00,1298825.66,,
2026-08-31 20:00:00,1291597.72,,
2026-08-31 21:00:00,1292215.88,,
2026-08-31 22:00:00,1293267.75,,
2026-08-31 23:00:00,1290069.01,,
2026-09-01 00:00:00,1293682.22,,
2026-09-01 01:00:00,1308128.12,,
2026-09-01 02:00:00,1310128.89,,
2026-09-01 03:00:00,1302703.54,,
2026-09-01 04:00:00,1293394.41,,
2026-09-01 05:00:00,1288045.46,,
2026-09-01 06:00:00,1284973.54,,
2026-09-01 07:00:00,1267880.67,,
2026-09-01 08:00:00,1264516.88,,
2026-09-01 09:00:00,1236680.40,,
2026-09-01 10:00:00,1239328.14,,
2026-09-01 11:00:00,1239403.15,,
2026-09-01 12:00:00,1235893.30,,
2026-09-01 13:00:00,1217786.76,,
2026-09-01 14:00:00,1223463.51,,
2026-09-01 15:00:00,1227981.12,,
2026-09-01 16:00:00,1233462.08,,
2026-09-01 17:00:00,1218618.25,,
2026-09-01 18:00:00,1210716.01,,
2026-09-01 19:00:00,1197978.07,,
2026-09-01 20:00:00,1206325.58,,
2026-09-01 21:00:00,1206011.12,,
2026-09-01 22:00:00,1203866.97,,
2026-09-01 23:00:00,1201597.81,,
2026-09-02 00:00:00,1208420.69,,
2026-09-02 01:00:00,1203442.15,,
2026-09-02 02:00:00,1194900.94,,
2026-09-02 03:00:00,1214721.42,,
2026-09-02 04:00:00,1218965.77,,
2026-09-02 05:00:00,1219132.72,,
2026-09-02 06:00:00,1234996.89,,
2026-09-02 07:00:00,1240261.29,,
2026-09-02 08:00:00,1234296.17,,
2026-09-02 09:00:00,1219333.18,,
2026-09-02 10:00:00,1209872.84,,
2026-09-02 11:00:00,1215549.37,,
2026-09-02 12:00:00,1213603.44,,
2026-09-02 13:00:00,1202911.18,,
2026-09-02 14:00:00,1208146.20,,
2026-09-02 15:00:00,1186250.99,,
2026-09-02 16:00:00,1183010.19,,
2026-09-02 17:00:00,1176524.26,,
2026-09-02 18:00:00,1172928.97,,
2026-09-02 19:00:00,1173633.59,,
2026-09-02 20:00:00,1164108.66,,
2026-09-02 21:00:00,1158892.36,,
2026-09-02 22:00:00,1150609.11,,
2026-09-02 23:00:00,1144041.84,,
2026-09-03 00:00:00,1154388.45,,
2026-09-03 01:00:00,1145512.36,,
2026-09-03 02:00:00,1156668.42,,
2026-09-03 03:00:00,1156328.33,,
2026-09-03 04:00:00,1152987.33,,
2026-09-03 05:00:00,1161221.03,,
2026-09-03 06:00:00,1159293.40,,
2026-09-03 07:00:00,1160127.55,,
2026-09-03 08:00:00,1158011.19,,
2026-09-03 09:00:00,1162621.25,,
2026-09-03 10:00:00,1161599.79,,
2026-09-03 11:00:00,1159732.64,,
2026-09-03 12:00:00,1163504.78,,
2026-09-03 13:00:00,1169472.86,,
2026-09-03 14:00:00,1170015.89,,
2026-09-03 15:00:00,1190609.03,,
2026-09-03 16:00:00,1208504.57,,
2026-09-03 17:00:00,1197447.00,,
2026-09-03 18:00:00,1200869.68,,
2026-09-03 19:00:00,1208067.78,,
2026-09-03 20:00:00,1199510.36,,
2026-09-03 21:00:00,1196447.99,,
2026-09-03 22:00:00,1201096.69,,
2026-09-03 23:00:00,1198026.33,,
2026-09-04 00:00:00,1201900.43,,
2026-09-04 01:00:00,1205236.01,,
2026-09-04 02:00:00,1196006.71,,
2026-09-04 03:00:00,1177256.14,,
2026-09-04 04:00:00,1187923.56,,
2026-09-04 05:00:00,1184932.88,,
2026-09-04 06:00:00,1182846.26,,
2026-09-04 07:00:00,1177942.21,,
2026-09-04 08:00:00,1179764.51,,
2026-09-04 09:00:00,1189061.69,,
2026-09-04 10:00:00,1185201.47,,
2026-09-04 11:00:00,1186273.37,,
2026-09-04 12:00:00,1196235.22,,
2026-09-04 13:00:00,1165055.75,,
2026-09-04 14:00:00,1175519.61,,
2026-09-04 15:00:00,1174052.44,,
2026-09-04 16:00:00,1180091.27,,
2026-09-04 17:00:00,1198974.02,,
2026-09-04 18:00:00,1187920.27,,
2026-09-04 19:00:00,1176575.10,,
2026-09-04 20:00:00,1174903.31,,
2026-09-04 21:00:00,1178637.96,,
2026-09-04 22:00:00,1176880.24,,
2026-09-04 23:00:00,1177902.08,,
2026-09-05 00:00:00,1192679.19,,
2026-09-05 01:00:00,1182573.54,,
2026-09-05 02:00:00,1183057.94,,
2026-09-05 03:00:00,1192927.45,,
2026-09-05 04:00:00,1189517.88,,
2026-09-05 05:00:00,1191620.15,,
2026-09-05 06:00:00,1189960.07,,
2026-09-05 07:00:00,1191429.93,,
2026-09-05 08:00:00,1200510.75,,
2026-09-05 09:00:00,1201167.73,,
2026-09-05 10:00:00,1210251.24,,
2026-09-05 11:00:00,1208621.58,,
2026-09-05 12:00:00,1208087.38,,
2026-09-05 13:00:00,1210575.34,,
2026-09-05 14:00:00,1207519.53,,
2026-09-05 15:00:00,1207292.68,,
2026-09-05 16:00:00,1203116.31,,
2026-09-05 17:00:00,1199849.00,,
2026-09-05 18:00:00,1198753.24,,
2026-09-05 19:00:00,1197985.36,,
2026-09-05 20:00:00,1202503.66,,
2026-09-05 21:00:00,1204024.77,,
2026-09-05 22:00:00,1214317.93,,
2026-09-05 23:00:00,1210358.35,,
2026-09-06 00:00:00,1217456.27,,
2026-09-06 01:00:00,1212266.74,,
2026-09-06 02:00:00,1220035.95,,
2026-09-06 03:00:00,1219205.42,,
2026-09-06 04:00:00,1220517.18,,
2026-09-06 05:00:00,1215891.32,,
2026-09-06 06:00:00,1218407.51,,
2026-09-06 07:00:00,1217924.48,,
2026-09-06 08:00:00,1207472.94,,
2026-09-06 09:00:00,1211888.07,,
2026-09-06 10:00:00,1228560.83,,
2026-09-06 11:00:00,1221197.43,,
2026-09-06 12:00:00,1229818.69,,
2026-09-06 13:00:00,1228876.62,,
2026-09-06 14:00:00,1232894.03,,
2026-09-06 15:00:00,1217572.83,,
2026-09-06 16:00:00,1238322.70,,
2026-09-06 17:00:00,1228083.13,,
2026-09-06 18:00:00,1221981.36,,
2026-09-06 19:00:00,1218142.12,,
2026-09-06 20:00:00,1217589.55,,
2026-09-06 21:00:00,1219230.92,,
2026-09-06 22:00:00,1223260.74,,
2026-09-06 23:00:00,1220352.13,,
2026-09-07 00:00:00,1227565.45,,
2026-09-07 01:00:00,1222406.50,,
2026-09-07 02:00:00,1214547.62,,
2026-09-07 03:00:00,1219795.23,,
2026-09-07 04:00:00,1226111.16,,
2026-09-07 05:00:00,1227408.52,,
2026-09-07 06:00:00,1216830.30,,
2026-09-07 07:00:00,1218601.25,,
2026-09-07 08:00:00,1217173.72,,
2026-09-07 09:00:00,1220304.60,,
2026-09-07 10:00:00,1218173.00,,
2026-09-07 11:00:00,1219654.04,,
2026-09-07 12:00:00,1221211.85,,
2026-09-07 13:00:00,1231107.08,,
2026-09-07 14:00:00,1227610.64,,
2026-09-07 15:00:00,1211696.09,,
2026-09-07 16:00:00,1190901.07,,
2026-09-07 17:00:00,1211779.45,,
2026-09-07 18:00:00,1209001.69,,
2026-09-07 19:00:00,1206162.07,,
2026-09-07 20:00:00,1212875.12,,
2026-09-07 21:00:00,1210750.02,,
2026-09-07 22:00:00,1208927.71,,
2026-09-07 23:00:00,1195308.31,,
2026-09-08 00:00:00,1200724.55,,
2026-09-08 01:00:00,1208862.97,,
2026-09-08 02:00:00,1219061.77,,
2026-09-08 03:00:00,1211138.68,,
2026-09-08 04:00:00,1220324.99,,
2026-09-08 05:00:00,1217462.35,,
2026-09-08 06:00:00,1227671.15,,
2026-09-08 07:00:00,1229824.32,,
2026-09-08 08:00:00,1245304.47,,
2026-09-08 09:00:00,1246852.51,,
2026-09-08 10:00:00,1257870.02,,
2026-09-08 11:00:00,1272049.46,,
2026-09-08 12:00:00,1270007.04,,
2026-09-08 13:00:00,1235575.48,,
2026-09-08 14:00:00,1212192.62,,
2026-09-08 15:00:00,1221676.99,,
2026-09-08 16:00:00,1225800.30,,
2026-09-08 17:00:00,1218510.82,,
2026-09-08 18:00:00,1211147.60,,
2026-09-08 19:00:00,1186480.44,,
2026-09-08 20:00:00,1185187.97,,
2026-09-08 21:00:00,1180193.40,,
2026-09-08 22:00:00,1176644.76,,
2026-09-08 23:00:00,1182895.42,,
2026-09-09 00:00:00,1183778.35,,
2026-09-09 01:00:00,1174403.92,,
2026-09-09 02:00:00,1171192.56,,
2026-09-09 03:00:00,1162057.63,,
2026-09-09 04:00:00,1154520.43,,
2026-09-09 05:00:00,1165340.35,,
2026-09-09 06:00:00,1152333.90,,
2026-09-09 07:00:00,1151478.47,,
2026-09-09 08:00:00,1151007.09,,
2026-09-09 09:00:00,1163906.07,,
2026-09-09 10:00:00,1161615.90,,
2026-09-09 11:00:00,1157806.97,,
2026-09-09 12:00:00,1153194.47,,
2026-09-09 13:00:00,1149048.10,,
2026-09-09 14:00:00,1143902.51,,
2026-09-09 15:00:00,1136732.59,,
2026-09-09 16:00:00,1131961.93,,
2026-09-09 17:00:00,1126300.46,,
2026-09-09 18:00:00,1123014.18,,
2026-09-09 19:00:00,1117842.68,,
2026-09-09 20:00:00,1095940.58,,
2026-09-09 21:00:00,1105675.74,,
2026-09-09 22:00:00,1084895.64,,
2026-09-09 23:00:00,1072282.77,,
2026-09-10 00:00:00,1081729.87,,
2026-09-10 01:00:00,1169510.24,,
2026-09-10 02:00:00,1234114.13,,
2026-09-10 03:00:00,1326215.43,,
2026-09-10 04:00:00,1777941.14,,
2026-09-10 05:00:00,1612749.42,,
2026-09-10 06:00:00,1625636.57,,
2026-09-10 07:00:00,1575631.21,,
2026-09-10 08:00:00,1550143.27,,
2026-09-10 09:00:00,1568524.70,,
2026-09-10 10:00:00,2050644.47,,
2026-09-10 11:00:00,1688555.31,,
2026-09-10 12:00:00,1633332.66,,
2026-09-10 13:00:00,1502078.04,,
2026-09-10 14:00:00,1599149.90,,
2026-09-10 15:00:00,1574969.01,,
2026-09-10 16:00:00,1544264.35,,
2026-09-10 17:00:00,1520502.37,,
2026-09-10 18:00:00,1544502.85,,
2026-09-10 19:00:00,1566189.26,,
2026-09-10 20:00:00,1564008.04,,
2026-09-10 21:00:00,1592777.09,,
2026-09-10 22:00:00,1649896.27,,
2026-09-10 23:00:00,1659126.53,,
2026-09-11 00:00:00,1804977.99,,
2026-09-11 01:00:00,1622895.92,,
2026-09-11 02:00:00,1613345.41,,
2026-09-11 03:00:00,1585227.95,,
2026-09-11 04:00:00,1566654.65,,
2026-09-11 05:00:00,1554486.88,,
2026-09-11 06:00:00,1583861.10,,
2026-09-11 07:00:00,1569445.61,,
2026-09-11 08:00:00,1564927.08,,
2026-09-11 09:00:00,1564432.63,,
2026-09-11 10:00:00,1514465.50,,
2026-09-11 11:00:00,1495106.43,,
2026-09-11 12:00:00,1467483.56,,
2026-09-11 13:00:00,1491577.53,,
2026-09-11 14:00:00,1500919.83,,
2026-09-11 15:00:00,1502855.39,,
2026-09-11 16:00:00,1493755.81,,
2026-09-11 17:00:00,1476628.29,,
2026-09-11 18:00:00,1494312.21,,
2026-09-11 19:00:00,1489021.22,,
2026-09-11 20:00:00,1497231.78,,
2026-09-11 21:00:00,1492836.43,,
2026-09-11 22:00:00,1509813.37,,
2026-09-11 23:00:00,1485309.32,,
2026-09-12 00:00:00,1494540.07,,
2026-09-12 01:00:00,1434682.47,,
2026-09-12 02:00:00,1454740.84,,
2026-09-12 03:00:00,1429525.27,,
2026-09-12 04:00:00,1399163.84,,
2026-09-12 05:00:00,1401154.30,,
2026-09-12 06:00:00,1381478.56,,
2026-09-12 07:00:00,1377668.07,,
2026-09-12 08:00:00,1376953.88,,
2026-09-12 09:00:00,1393559.20,,
2026-09-12 10:00:00,1403933.75,,
2026-09-12 11:00:00,1403396.88,,
2026-09-12 12:00:00,1387161.50,,
2026-09-12 13:00:00,1407378.52,,
2026-09-12 14:00:00,1415439.07,,
2026-09-12 15:00:00,1425472.19,,
2026-09-12 16:00:00,1396271.74,,
2026-09-12 17:00:00,1387928.53,,
2026-09-12 18:00:00,1385318.53,,
2026-09-12 19:00:00,1384607.58,,
2026-09-12 20:00:00,1386165.86,,
2026-09-12 21:00:00,1384647.84,,
2026-09-12 22:00:00,1387305.76,,
2026-09-12 23:00:00,1388847.31,,
2026-09-13 00:00:00,1396178.04,,
2026-09-13 01:00:00,1422367.30,,
2026-09-13 02:00:00,1377888.01,,
2026-09-13 03:00:00,1367045.47,,
2026-09-13 04:00:00,1363889.07,,
2026-09-13 05:00:00,1407926.85,,
2026-09-13 06:00:00,1399969.59,,
2026-09-13 07:00:00,1432646.73,,
2026-09-13 08:00:00,1450940.77,,
2026-09-13 09:00:00,1441754.75,,
2026-09-13 10:00:00,1416354.25,,
2026-09-13 11:00:00,1383254.10,,
2026-09-13 12:00:00,1377771.74,,
2026-09-13 13:00:00,1357373.25,,
2026-09-13 14:00:00,1382453.59,,
2026-09-13 15:00:00,1371139.57,,
2026-09-13 16:00:00,1368462.85,,
2026-09-13 17:00:00,1366312.14,,
2026-09-13 18:00:00,1378545.17,,
2026-09-13 19:00:00,1375177.76,,
2026-09-13 20:00:00,1370438.96,,
2026-09-13 21:00:00,1377232.73,,
2026-09-13 22:00:00,1372553.87,,
2026-09-13 23:00:00,1344764.35,,
2026-09-14 00:00:00,1333501.60,,
2026-09-14 01:00:00,1342389.68,,
2026-09-14 02:00:00,1355088.15,,
2026-09-14 03:00:00,1379474.87,,
2026-09-14 04:00:00,1395725.15,,
2026-09-14 05:00:00,1407608.63,,
2026-09-14 06:00:00,1416501.22,,
2026-09-14 07:00:00,1427917.85,,
2026-09-14 08:00:00,1424332.58,,
2026-09-14 09:00:00,1417846.04,,
2026-09-14 10:00:00,1426133.02,,
2026-09-14 11:00:00,1416904.66,,
2026-09-14 12:00:00,1462866.11,,
2026-09-14 13:00:00,1452094.90,,
2026-09-14 14:00:00,1463126.61,,
2026-09-14 15:00:00,1474240.09,,
2026-09-14 16:00:00,1482910.85,,
2026-09-14 17:00:00,1473972.58,,
2026-09-14 18:00:00,1473675.10,,
2026-09-14 19:00:00,1471831.02,,
2026-09-14 20:00:00,1469938.13,,
2026-09-14 21:00:00,1480867.02,,
2026-09-14 22:00:00,1468723.79,,
2026-09-14 23:00:00,1451174.50,,
2026-09-15 00:00:00,1454973.68,,
2026-09-15 01:00:00,1450374.34,,
2026-09-15 02:00:00,1450780.72,,
2026-09-15 03:00:00,1449134.79,,
2026-09-15 04:00:00,1427247.86,,
2026-09-15 05:00:00,1427109.63,,
2026-09-15 06:00:00,1425164.52,,
2026-09-15 07:00:00,1411641.50,,
2026-09-15 08:00:00,1396418.27,,
2026-09-15 09:00:00,1402379.36,,
2026-09-15 10:00:00,1404033.55,,
2026-09-15 11:00:00,1389152.50,,
2026-09-15 12:00:00,1388029.11,,
2026-09-15 13:00:00,1397480.66,,
2026-09-15 14:00:00,1396604.44,,
2026-09-15 15:00:00,1380138.70,,
2026-09-15 16:00:00,1407809.91,,
2026-09-15 17:00:00,1411875.76,,
2026-09-15 18:00:00,1416238.91,,
2026-09-15 19:00:00,1400343.43,,
2026-09-15 20:00:00,1401095.84,,
2026-09-15 21:00:00,1396473.38,,
2026-09-15 22:00:00,1379589.21,,
2026-09-15 23:00:00,1401290.88,,
2026-09-16 00:00:00,1401580.86,,
2026-09-16 01:00:00,1398699.44,,
2026-09-16 02:00:00,1385709.08,,
2026-09-16 03:00:00,1396005.74,,
2026-09-16 04:00:00,1404107.62,,
2026-09-16 05:00:00,1414029.51,,
2026-09-16 06:00:00,1410551.91,,
2026-09-16 07:00:00,1413333.79,,
2026-09-16 08:00:00,1405582.10,,
2026-09-16 09:00:00,1403289.08,,
2026-09-16 10:00:00,1409431.48,,
2026-09-16 11:00:00,1414511.44,,
2026-09-16 12:00:00,1432315.17,,
2026-09-16 13:00:00,1425564.45,,
2026-09-16 14:00:00,1421036.58,,
2026-09-16 15:00:00,1408521.71,,
2026-09-16 16:00:00,1409135.91,,
2026-09-16 17:00:00,1410862.30,,
2026-09-16 18:00:00,1406360.90,,
2026-09-16 19:00:00,1416933.05,,
2026-09-16 20:00:00,1417057.19,,
2026-09-16 21:00:00,1437025.93,,
2026-09-16 22:00:00,1445166.82,,
2026-09-16 23:00:00,1447282.50,,
2026-09-17 00:00:00,1468754.78,,
2026-09-17 01:00:00,1455809.72,,
2026-09-17 02:00:00,1457696.54,,
2026-09-17 03:00:00,1464845.84,,
2026-09-17 04:00:00,1489306.79,,
2026-09-17 05:00:00,1480215.38,,
2026-09-17 06:00:00,1472323.12,,
2026-09-17 07:00:00,1468221.26,,
2026-09-17 08:00:00,1469613.42,,
2026-09-17 09:00:00,1478753.99,,
2026-09-17 10:00:00,1470524.05,,
2026-09-17 11:00:00,1468006.36,,
2026-09-17 12:00:00,1469824.34,,
2026-09-17 13:00:00,1466140.93,,
2026-09-17 14:00:00,1458695.72,,
2026-09-17 15:00:00,1461632.70,,
2026-09-17 16:00:00,1470294.71,,
2026-09-17 17:00:00,1480096.86,,
2026-09-17 18:00:00,1466989.01,,
2026-09-17 19:00:00,1463256.39,,
2026-09-17 20:00:00,1453268.60,,
2026-09-17 21:00:00,1450419.46,,
2026-09-17 22:00:00,1449417.82,,
2026-09-17 23:00:00,1448999.29,,
2026-09-18 00:00:00,1453982.43,,
2026-09-18 01:00:00,1454143.73,,
2026-09-18 02:00:00,1483052.73,,
2026-09-18 03:00:00,1496409.84,,
2026-09-18 04:00:00,1516741.13,,
2026-09-18 05:00:00,1523607.14,,
2026-09-18 06:00:00,1515309.14,,
2026-09-18 07:00:00,1519583.01,,
2026-09-18 08:00:00,1507706.29,,
2026-09-18 09:00:00,1525736.20,,
2026-09-18 10:00:00,1520094.46,,
2026-09-18 11:00:00,1513306.44,,
2026-09-18 12:00:00,1513070.00,,
2026-09-18 13:00:00,1514977.08,,
2026-09-18 14:00:00,1507043.69,,
2026-09-18 15:00:00,1512754.10,,
2026-09-18 16:00:00,1522493.53,,
2026-09-18 17:00:00,1521153.93,,
2026-09-18 18:00:00,1520372.58,,
2026-09-18 19:00:00,1525180.86,,
2026-09-18 20:00:00,1510955.53,,
2026-09-18 21:00:00,1508832.16,,
2026-09-18 22:00:00,1507857.13,,
2026-09-18 23:00:00,1516386.75,,
2026-09-19 00:00:00,1518734.86,,
2026-09-19 01:00:00,1516429.75,,
2026-09-19 02:00:00,1508761.35,,
2026-09-19 03:00:00,1515621.17,,
2026-09-19 04:00:00,1507947.98,,
2026-09-19 05:00:00,1496348.48,,
2026-09-19 06:00:00,1482219.89,,
2026-09-19 07:00:00,1498741.81,,
2026-09-19 08:00:00,1480564.21,,
2026-09-19 09:00:00,1493350.33,,
2026-09-19 10:00:00,1503047.59,,
2026-09-19 11:00:00,1498658.34,,
2026-09-19 12:00:00,1505399.34,,
2026-09-19 13:00:00,1480478.73,,
2026-09-19 14:00:00,1476619.23,,
2026-09-19 15:00:00,1471388.07,,
2026-09-19 16:00:00,1466229.50,,
2026-09-19 17:00:00,1471067.13,,
2026-09-19 18:00:00,1463896.62,,
2026-09-19 19:00:00,1461304.48,,
2026-09-19 20:00:00,1462525.08,,
2026-09-19 21:00:00,1455599.38,,
2026-09-19 22:00:00,1444826.65,,
2026-09-19 23:00:00,1453645.80,,
2026-09-20 00:00:00,1461932.75,,
2026-09-20 01:00:00,1465373.43,,
2026-09-20 02:00:00,1464429.35,,
2026-09-20 03:00:00,1444819.55,,
2026-09-20 04:00:00,1486926.38,,
2026-09-20 05:00:00,1484640.17,,
2026-09-20 06:00:00,1479532.81,,
2026-09-20 07:00:00,1478706.30,,
2026-09-20 08:00:00,1425761.98,,
2026-09-20 09:00:00,1427814.41,,
