time,oi_A,oi_6,oi_3
2026-05-10 12:00:00,5358349.08,,
2026-05-10 13:00:00,5357195.41,,
2026-05-10 14:00:00,5389931.87,,
2026-05-10 15:00:00,5527542.33,,
2026-05-10 16:00:00,5645993.60,,
2026-05-10 17:00:00,5620716.74,,
2026-05-10 18:00:00,5668574.90,,
2026-05-10 19:00:00,5635554.75,,
2026-05-10 20:00:00,5686935.10,,
2026-05-10 21:00:00,5443471.95,,
2026-05-10 22:00:00,5484848.35,,
2026-05-10 23:00:00,5557628.70,,
2026-05-11 00:00:00,5508983.48,,
2026-05-11 01:00:00,5356756.27,,
2026-05-11 02:00:00,5380875.59,,
2026-05-11 03:00:00,5370313.69,,
2026-05-11 04:00:00,5339921.10,,
2026-05-11 05:00:00,5474232.68,,
2026-05-11 06:00:00,5279523.90,,
2026-05-11 07:00:00,5245303.80,,
2026-05-11 08:00:00,5136512.90,,
2026-05-11 09:00:00,5081256.30,,
2026-05-11 10:00:00,5048341.99,,
2026-05-11 11:00:00,5061747.28,,
2026-05-11 12:00:00,5047086.22,,
2026-05-11 13:00:00,4837508.77,,
2026-05-11 14:00:00,4791943.33,,
2026-05-11 15:00:00,4774261.42,,
2026-05-11 16:00:00,4821204.28,,
2026-05-11 17:00:00,4848265.65,,
2026-05-11 18:00:00,4850002.29,,
2026-05-11 19:00:00,4826778.38,,
2026-05-11 20:00:00,4842543.42,,
2026-05-11 21:00:00,4866550.39,,
2026-05-11 22:00:00,4826711.63,,
2026-05-11 23:00:00,4826663.95,,
2026-05-12 00:00:00,4796773.29,,
2026-05-12 01:00:00,4808976.54,,
2026-05-12 02:00:00,4603215.30,,
2026-05-12 03:00:00,4545949.96,,
2026-05-12 04:00:00,4539403.03,,
2026-05-12 05:00:00,4588910.11,,
2026-05-12 06:00:00,4597863.66,,
2026-05-12 07:00:00,4614108.66,,
2026-05-12 08:00:00,4581359.48,,
2026-05-12 09:00:00,4621493.78,,
2026-05-12 10:00:00,4610470.35,,
2026-05-12 11:00:00,4573151.89,,
2026-05-12 12:00:00,4547701.81,,
2026-05-12 13:00:00,4592278.87,,
2026-05-12 14:00:00,4500189.63,,
2026-05-12 15:00:00,4307145.48,,
2026-05-12 16:00:00,4265279.99,,
2026-05-12 17:00:00,4263985.29,,
2026-05-12 18:00:00,4297000.21,,
2026-05-12 19:00:00,4384998.75,,
2026-05-12 20:00:00,4396130.43,,
2026-05-12 21:00:00,4382007.00,,
2026-05-12 22:00:00,4386886.46,,
2026-05-12 23:00:00,4390281.45,,
2026-05-13 00:00:00,4324867.59,,
2026-05-13 01:00:00,4280611.66,,
2026-05-13 02:00:00,4347521.34,,
2026-05-13 03:00:00,4407687.04,,
2026-05-13 04:00:00,4387051.04,,
2026-05-13 05:00:00,4320094.79,,
2026-05-13 06:00:00,4273500.50,,
2026-05-13 07:00:00,4300965.82,,
2026-05-13 08:00:00,4313495.55,,
2026-05-13 09:00:00,4310304.90,,
2026-05-13 10:00:00,4339306.31,,
2026-05-13 11:00:00,4287611.52,,
2026-05-13 12:00:00,4250828.96,,
2026-05-13 13:00:00,4130201.21,,
2026-05-13 14:00:00,4044730.38,,
2026-05-13 15:00:00,4049311.81,,
2026-05-13 16:00:00,3890463.74,,
2026-05-13 17:00:00,3954849.29,,
2026-05-13 18:00:00,3953009.38,,
2026-05-13 19:00:00,3956459.34,,
2026-05-13 20:00:00,3923927.51,,
2026-05-13 21:00:00,3936697.48,,
2026-05-13 22:00:00,3921678.24,,
2026-05-13 23:00:00,3916263.97,,
2026-05-14 00:00:00,3913148.70,,
2026-05-14 01:00:00,3925133.79,,
2026-05-14 02:00:00,3920307.45,,
2026-05-14 03:00:00,3905016.49,,
2026-05-14 04:00:00,3798569.09,,
2026-05-14 05:00:00,3871208.63,,
2026-05-14 06:00:00,3895307.95,,
2026-05-14 07:00:00,3858900.45,,
2026-05-14 08:00:00,3899495.60,,
2026-05-14 09:00:00,3868236.68,,
2026-05-14 10:00:00,3829969.15,,
2026-05-14 11:00:00,3864168.91,,
2026-05-14 12:00:00,3829738.93,,
2026-05-14 13:00:00,3852141.06,,
2026-05-14 14:00:00,3905053.50,,
2026-05-14 15:00:00,4015812.01,,
2026-05-14 16:00:00,4093404.16,,
2026-05-14 17:00:00,4015209.50,,
2026-05-14 18:00:00,4017687.98,,
2026-05-14 19:00:00,4116898.80,,
2026-05-14 20:00:00,4100580.84,,
2026-05-14 21:00:00,4070985.41,,
2026-05-14 22:00:00,4056572.89,,
2026-05-14 23:00:00,4061748.55,,
2026-05-15 00:00:00,4067015.18,,
2026-05-15 01:00:00,4100070.67,,
2026-05-15 02:00:00,4090003.56,,
2026-05-15 03:00:00,4006151.98,,
2026-05-15 04:00:00,3962586.55,,
2026-05-15 05:00:00,3918962.73,,
2026-05-15 06:00:00,3809555.72,,
2026-05-15 07:00:00,3815864.77,,
2026-05-15 08:00:00,3843779.85,,
2026-05-15 09:00:00,3847266.40,,
2026-05-15 10:00:00,3815704.62,,
2026-05-15 11:00:00,3829897.94,,
2026-05-15 12:00:00,3821636.72,,
2026-05-15 13:00:00,3794653.04,,
2026-05-15 14:00:00,3464265.59,,
2026-05-15 15:00:00,3493046.13,,
2026-05-15 16:00:00,3501196.63,,
2026-05-15 17:00:00,3505614.76,,
2026-05-15 18:00:00,3496645.34,,
2026-05-15 19:00:00,3505811.26,,
2026-05-15 20:00:00,3476962.74,,
2026-05-15 21:00:00,3471761.70,,
2026-05-15 22:00:00,3464783.24,,
2026-05-15 23:00:00,3476693.00,,
2026-05-16 00:00:00,3467024.08,,
2026-05-16 01:00:00,3525792.02,,
2026-05-16 02:00:00,3558392.30,,
2026-05-16 03:00:00,3558964.20,,
2026-05-16 04:00:00,3542242.47,,
2026-05-16 05:00:00,3514096.58,,
2026-05-16 06:00:00,3490849.59,,
2026-05-16 07:00:00,3422863.60,,
2026-05-16 08:00:00,3334338.51,,
2026-05-16 09:00:00,3325222.87,,
2026-05-16 10:00:00,3280049.60,,
2026-05-16 11:00:00,3290742.90,,
2026-05-16 12:00:00,3318904.14,,
2026-05-16 13:00:00,3324088.99,,
2026-05-16 14:00:00,3337088.02,,
2026-05-16 15:00:00,3396915.37,,
2026-05-16 16:00:00,3391364.36,,
2026-05-16 17:00:00,3385666.34,,
2026-05-16 18:00:00,3399920.38,,
2026-05-16 19:00:00,3401485.13,,
2026-05-16 20:00:00,3407184.70,,
2026-05-16 21:00:00,3394312.73,,
2026-05-16 22:00:00,3411665.49,,
2026-05-16 23:00:00,3389556.97,,
2026-05-17 00:00:00,3371854.04,,
2026-05-17 01:00:00,3342516.87,,
2026-05-17 02:00:00,3316234.32,,
2026-05-17 03:00:00,3343692.80,,
2026-05-17 04:00:00,3376128.32,,
2026-05-17 05:00:00,3368300.60,,
2026-05-17 06:00:00,3388355.25,,
2026-05-17 07:00:00,3388023.21,,
2026-05-17 08:00:00,3394224.12,,
2026-05-17 09:00:00,3388477.06,,
2026-05-17 10:00:00,3391911.57,,
2026-05-17 11:00:00,3387491.22,,
2026-05-17 12:00:00,3348379.95,,
2026-05-17 13:00:00,3361769.64,,
2026-05-17 14:00:00,3344505.10,,
2026-05-17 15:00:00,3344161.49,,
2026-05-17 16:00:00,3359318.11,,
2026-05-17 17:00:00,3344249.78,,
2026-05-17 18:00:00,3341598.13,,
2026-05-17 19:00:00,3351945.30,,
2026-05-17 20:00:00,3362849.95,,
2026-05-17 21:00:00,3356998.73,,
2026-05-17 22:00:00,3383962.00,,
2026-05-17 23:00:00,3354422.30,,
2026-05-18 00:00:00,3190625.09,,
2026-05-18 01:00:00,3240164.26,,
2026-05-18 02:00:00,3253739.62,,
2026-05-18 03:00:00,3264578.42,,
2026-05-18 04:00:00,3241533.61,,
2026-05-18 05:00:00,3268130.24,,
2026-05-18 06:00:00,3229015.98,,
2026-05-18 07:00:00,3240858.27,,
2026-05-18 08:00:00,3235380.07,,
2026-05-18 09:00:00,3258629.00,,
2026-05-18 10:00:00,3229425.99,,
2026-05-18 11:00:00,3253245.59,,
2026-05-18 12:00:00,3325108.23,,
2026-05-18 13:00:00,3437868.46,,
2026-05-18 14:00:00,3478374.07,,
2026-05-18 15:00:00,3367567.50,,
2026-05-18 16:00:00,3359002.93,,
2026-05-18 17:00:00,3357527.94,,
2026-05-18 18:00:00,3392003.70,,
2026-05-18 19:00:00,3268190.86,,
2026-05-18 20:00:00,3320127.32,,
2026-05-18 21:00:00,3301476.38,,
2026-05-18 22:00:00,3398142.35,,
2026-05-18 23:00:00,3383386.14,,
2026-05-19 00:00:00,3389410.42,,
2026-05-19 01:00:00,3421548.44,,
2026-05-19 02:00:00,3388291.23,,
2026-05-19 03:00:00,3373964.17,,
2026-05-19 04:00:00,3379922.32,,
2026-05-19 05:00:00,3415548.10,,
2026-05-19 06:00:00,3509959.11,,
2026-05-19 07:00:00,3518804.18,,
2026-05-19 08:00:00,3556292.91,,
2026-05-19 09:00:00,3546796.82,,
2026-05-19 10:00:00,3605179.81,,
2026-05-19 11:00:00,3523719.35,,
2026-05-19 12:00:00,3490656.94,,
2026-05-19 13:00:00,3526915.70,,
2026-05-19 14:00:00,3517489.61,,
2026-05-19 15:00:00,3432328.17,,
2026-05-19 16:00:00,3460386.53,,
2026-05-19 17:00:00,3497895.71,,
2026-05-19 18:00:00,3539956.77,,
2026-05-19 19:00:00,3514240.53,,
2026-05-19 20:00:00,3491556.55,,
2026-05-19 21:00:00,3532819.33,,
2026-05-19 22:00:00,3740393.61,,
2026-05-19 23:00:00,3678446.07,,
2026-05-20 00:00:00,3718035.83,,
2026-05-20 01:00:00,3836313.82,,
2026-05-20 02:00:00,3781375.20,,
2026-05-20 03:00:00,3683751.00,,
2026-05-20 04:00:00,3650737.69,,
2026-05-20 05:00:00,3658851.07,,
2026-05-20 06:00:00,3711483.60,,
2026-05-20 07:00:00,3689425.89,,
2026-05-20 08:00:00,3699434.74,,
2026-05-20 09:00:00,3718101.40,,
2026-05-20 10:00:00,3656181.41,,
2026-05-20 11:00:00,3668212.48,,
2026-05-20 12:00:00,3756695.86,,
2026-05-20 13:00:00,3800316.86,,
2026-05-20 14:00:00,3738843.05,,
2026-05-20 15:00:00,3742776.72,,
2026-05-20 16:00:00,3736289.23,,
2026-05-20 17:00:00,3709541.91,,
2026-05-20 18:00:00,3746648.27,,
2026-05-20 19:00:00,3789333.11,,
2026-05-20 20:00:00,4014901.26,,
2026-05-20 21:00:00,4102634.16,,
2026-05-20 22:00:00,4073565.66,,
2026-05-20 23:00:00,4029778.93,,
2026-05-21 00:00:00,4001026.61,,
2026-05-21 01:00:00,3968691.18,,
2026-05-21 02:00:00,3887164.97,,
2026-05-21 03:00:00,3868079.06,,
2026-05-21 04:00:00,3864122.18,,
2026-05-21 05:00:00,3892920.34,,
2026-05-21 06:00:00,3823591.99,,
2026-05-21 07:00:00,3792280.90,,
2026-05-21 08:00:00,3777525.65,,
2026-05-21 09:00:00,3788249.83,,
2026-05-21 10:00:00,3719258.16,,
2026-05-21 11:00:00,3640084.58,,
2026-05-21 12:00:00,3631887.03,,
2026-05-21 13:00:00,3685902.49,,
2026-05-21 14:00:00,3670527.41,,
2026-05-21 15:00:00,3652743.38,,
2026-05-21 16:00:00,3682136.06,,
2026-05-21 17:00:00,3682122.01,,
2026-05-21 18:00:00,3750180.30,,
2026-05-21 19:00:00,3743536.69,,
2026-05-21 20:00:00,3758349.37,,
2026-05-21 21:00:00,3770623.41,,
2026-05-21 22:00:00,3739491.04,,
2026-05-21 23:00:00,3724261.76,,
2026-05-22 00:00:00,3722495.36,,
2026-05-22 01:00:00,3679457.69,,
2026-05-22 02:00:00,3680204.22,,
2026-05-22 03:00:00,3783471.00,,
2026-05-22 04:00:00,3762217.90,,
2026-05-22 05:00:00,3794633.03,,
2026-05-22 06:00:00,3771868.32,,
2026-05-22 07:00:00,3779437.82,,
2026-05-22 08:00:00,3766949.32,,
2026-05-22 09:00:00,3744177.77,,
2026-05-22 10:00:00,3756818.09,,
2026-05-22 11:00:00,3737026.00,,
2026-05-22 12:00:00,3736660.85,,
2026-05-22 13:00:00,3833414.22,,
2026-05-22 14:00:00,3894117.12,,
2026-05-22 15:00:00,4008057.81,,
2026-05-22 16:00:00,3881275.49,,
2026-05-22 17:00:00,3884242.44,,
2026-05-22 18:00:00,3855154.86,,
2026-05-22 19:00:00,3670691.68,,
2026-05-22 20:00:00,3552918.15,,
2026-05-22 21:00:00,3592940.82,,
2026-05-22 22:00:00,3632961.78,,
2026-05-22 23:00:00,3610538.60,,
2026-05-23 00:00:00,3605148.03,,
2026-05-23 01:00:00,3626141.61,,
2026-05-23 02:00:00,3643984.49,,
2026-05-23 03:00:00,3639592.77,,
2026-05-23 04:00:00,3624078.63,,
2026-05-23 05:00:00,3599741.76,,
2026-05-23 06:00:00,3621676.37,,
2026-05-23 07:00:00,3582498.54,,
2026-05-23 08:00:00,3413194.39,,
2026-05-23 09:00:00,3444799.73,,
2026-05-23 10:00:00,3438836.73,,
2026-05-23 11:00:00,3425494.95,,
2026-05-23 12:00:00,3400382.19,,
2026-05-23 13:00:00,3421771.56,,
2026-05-23 14:00:00,3520944.21,,
2026-05-23 15:00:00,3569941.99,,
2026-05-23 16:00:00,3619793.05,,
2026-05-23 17:00:00,3610654.40,,
2026-05-23 18:00:00,3577261.85,,
2026-05-23 19:00:00,3669112.55,,
2026-05-23 20:00:00,3625867.70,,
2026-05-23 21:00:00,3668233.45,,
2026-05-23 22:00:00,3576850.71,,
2026-05-23 23:00:00,3574513.77,,
2026-05-24 00:00:00,3624439.02,,
2026-05-24 01:00:00,3556824.67,,
2026-05-24 02:00:00,3587467.73,,
2026-05-24 03:00:00,3570555.83,,
2026-05-24 04:00:00,3565981.01,,
2026-05-24 05:00:00,3605609.37,,
2026-05-24 06:00:00,3558612.23,,
2026-05-24 07:00:00,3623122.86,,
2026-05-24 08:00:00,3576797.40,,
2026-05-24 09:00:00,3590762.27,,
2026-05-24 10:00:00,3635915.32,,
2026-05-24 11:00:00,3616684.42,,
2026-05-24 12:00:00,3615815.52,,
2026-05-24 13:00:00,3593362.55,,
2026-05-24 14:00:00,3537523.21,,
2026-05-24 15:00:00,3523317.35,,
2026-05-24 16:00:00,3520223.08,,
2026-05-24 17:00:00,3503435.73,,
2026-05-24 18:00:00,3499131.28,,
2026-05-24 19:00:00,3485464.57,,
2026-05-24 20:00:00,3470150.47,,
2026-05-24 21:00:00,3442361.10,,
2026-05-24 22:00:00,3373832.17,,
2026-05-24 23:00:00,3422712.78,,
2026-05-25 00:00:00,3412590.72,,
2026-05-25 01:00:00,3411288.81,,
2026-05-25 02:00:00,3390296.20,,
2026-05-25 03:00:00,3404848.97,,
2026-05-25 04:00:00,3399674.54,,
2026-05-25 05:00:00,3425370.33,,
2026-05-25 06:00:00,3461105.93,,
2026-05-25 07:00:00,3469273.93,,
2026-05-25 08:00:00,3478894.23,,
2026-05-25 09:00:00,3472363.94,,
2026-05-25 10:00:00,3449461.08,,
2026-05-25 11:00:00,3489733.44,,
2026-05-25 12:00:00,3449081.61,,
2026-05-25 13:00:00,3491229.52,,
2026-05-25 14:00:00,3521272.44,,
2026-05-25 15:00:00,4104141.78,,
2026-05-25 16:00:00,4084563.43,,
2026-05-25 17:00:00,4285560.35,,
2026-05-25 18:00:00,4297571.07,,
2026-05-25 19:00:00,4313430.12,,
2026-05-25 20:00:00,4201222.37,,
2026-05-25 21:00:00,4170316.07,,
2026-05-25 22:00:00,4172259.36,,
2026-05-25 23:00:00,4056782.69,,
2026-05-26 00:00:00,4118535.67,,
2026-05-26 01:00:00,3982915.48,,
2026-05-26 02:00:00,3977526.35,,
2026-05-26 03:00:00,3969431.40,,
2026-05-26 04:00:00,3981742.07,,
2026-05-26 05:00:00,4090310.22,,
2026-05-26 06:00:00,4386076.31,,
2026-05-26 07:00:00,5126203.32,,
2026-05-26 08:00:00,5309751.81,,
2026-05-26 09:00:00,5452794.98,,
2026-05-26 10:00:00,5752428.07,,
2026-05-26 11:00:00,5977194.03,,
2026-05-26 12:00:00,6161228.72,,
2026-05-26 13:00:00,6475473.14,,
2026-05-26 14:00:00,6428663.17,,
2026-05-26 15:00:00,6390327.09,,
2026-05-26 16:00:00,5776785.73,,
2026-05-26 17:00:00,5782145.53,,
2026-05-26 18:00:00,5787505.82,,
2026-05-26 19:00:00,5509135.22,,
2026-05-26 20:00:00,5833425.10,,
2026-05-26 21:00:00,5773420.95,,
2026-05-26 22:00:00,5917943.35,,
2026-05-26 23:00:00,6254852.92,,
2026-05-27 00:00:00,6350753.84,,
2026-05-27 01:00:00,6237057.65,,
2026-05-27 02:00:00,6188146.91,,
2026-05-27 03:00:00,6058074.25,,
2026-05-27 04:00:00,6061144.72,,
2026-05-27 05:00:00,5390931.87,,
2026-05-27 06:00:00,5454590.52,,
2026-05-27 07:00:00,5351054.17,,
2026-05-27 08:00:00,4940024.49,,
2026-05-27 09:00:00,4912635.33,,
2026-05-27 10:00:00,4895284.83,,
2026-05-27 11:00:00,4918130.14,,
2026-05-27 12:00:00,4862057.11,,
2026-05-27 13:00:00,4982735.13,,
2026-05-27 14:00:00,4889051.17,,
2026-05-27 15:00:00,4939165.88,,
2026-05-27 16:00:00,4979163.53,,
2026-05-27 17:00:00,4982920.37,,
2026-05-27 18:00:00,4824808.57,,
2026-05-27 19:00:00,4888106.62,,
2026-05-27 20:00:00,4848927.51,,
2026-05-27 21:00:00,4810522.89,,
2026-05-27 22:00:00,4663806.69,,
2026-05-27 23:00:00,4704054.73,,
2026-05-28 00:00:00,4749868.61,,
2026-05-28 01:00:00,4692074.38,,
2026-05-28 02:00:00,4661867.56,,
2026-05-28 03:00:00,4551399.94,,
2026-05-28 04:00:00,4205223.68,,
2026-05-28 05:00:00,4153104.58,,
2026-05-28 06:00:00,4029989.88,,
2026-05-28 07:00:00,4071902.38,,
2026-05-28 08:00:00,4020035.23,,
2026-05-28 09:00:00,3915609.18,,
2026-05-28 10:00:00,3946932.12,,
2026-05-28 11:00:00,3867340.21,,
2026-05-28 12:00:00,3923551.80,,
2026-05-28 13:00:00,3894167.50,,
2026-05-28 14:00:00,3831901.77,,
2026-05-28 15:00:00,3861042.88,,
2026-05-28 16:00:00,3887368.04,,
2026-05-28 17:00:00,3924351.59,,
2026-05-28 18:00:00,4153892.35,,
2026-05-28 19:00:00,4181874.75,,
2026-05-28 20:00:00,4087331.56,,
2026-05-28 21:00:00,4003305.65,,
2026-05-28 22:00:00,4021499.06,,
2026-05-28 23:00:00,3982367.69,,
2026-05-29 00:00:00,3971215.11,,
2026-05-29 01:00:00,3995042.09,,
2026-05-29 02:00:00,4159600.10,,
2026-05-29 03:00:00,4014379.48,,
2026-05-29 04:00:00,3976589.00,,
2026-05-29 05:00:00,3930780.57,,
2026-05-29 06:00:00,3896852.78,,
2026-05-29 07:00:00,3924989.78,,
2026-05-29 08:00:00,4013562.09,,
2026-05-29 09:00:00,3966865.98,,
2026-05-29 10:00:00,11033185.87,,
2026-05-29 11:00:00,9161521.14,,
2026-05-29 12:00:00,8641701.33,,
2026-05-29 13:00:00,8623692.73,,
2026-05-29 14:00:00,8615934.73,,
2026-05-29 15:00:00,8811555.94,,
2026-05-29 16:00:00,8723666.93,,
2026-05-29 17:00:00,8643344.22,,
2026-05-29 18:00:00,8338820.32,,
2026-05-29 19:00:00,8048181.77,,
2026-05-29 20:00:00,7830721.61,,
2026-05-29 21:00:00,7818839.82,,
2026-05-29 22:00:00,7464438.48,,
2026-05-29 23:00:00,7368062.05,,
2026-05-30 00:00:00,7174361.53,,
2026-05-30 01:00:00,7207474.70,,
2026-05-30 02:00:00,6890335.23,,
2026-05-30 03:00:00,6870042.97,,
2026-05-30 04:00:00,6758737.60,,
2026-05-30 05:00:00,6717737.34,,
2026-05-30 06:00:00,6589826.35,,
2026-05-30 07:00:00,6697678.75,,
2026-05-30 08:00:00,6814451.33,,
2026-05-30 09:00:00,6682316.38,,
2026-05-30 10:00:00,6669990.58,,
2026-05-30 11:00:00,6551863.98,,
2026-05-30 12:00:00,6488017.28,,
2026-05-30 13:00:00,6229459.04,,
2026-05-30 14:00:00,6105418.96,,
2026-05-30 15:00:00,5911235.72,,
2026-05-30 16:00:00,6094927.58,,
2026-05-30 17:00:00,5887556.86,,
2026-05-30 18:00:00,5782170.90,,
2026-05-30 19:00:00,5799497.70,,
2026-05-30 20:00:00,5878419.06,,
2026-05-30 21:00:00,5861730.53,,
2026-05-30 22:00:00,6084652.49,,
2026-05-30 23:00:00,6724739.13,,
2026-05-31 00:00:00,6439513.96,,
2026-05-31 01:00:00,6187658.20,,
2026-05-31 02:00:00,6089547.61,,
2026-05-31 03:00:00,6038854.29,,
2026-05-31 04:00:00,6186968.42,,
2026-05-31 05:00:00,6068898.35,,
2026-05-31 06:00:00,5767587.32,,
2026-05-31 07:00:00,5709574.04,,
2026-05-31 08:00:00,5740989.79,,
2026-05-31 09:00:00,5499107.04,,
2026-05-31 10:00:00,5441247.92,,
2026-05-31 11:00:00,5343026.22,,
2026-05-31 12:00:00,5332541.44,,
2026-05-31 13:00:00,5311039.30,,
2026-05-31 14:00:00,5202914.30,,
2026-05-31 15:00:00,5173994.68,,
2026-05-31 16:00:00,5134135.86,,
2026-05-31 17:00:00,5087991.91,,
2026-05-31 18:00:00,5049361.16,,
2026-05-31 19:00:00,5001079.77,,
2026-05-31 20:00:00,5037988.30,,
2026-05-31 21:00:00,5116938.15,,
2026-05-31 22:00:00,5134478.52,,
2026-05-31 23:00:00,5262494.29,,
2026-06-01 00:00:00,5171326.02,,
2026-06-01 01:00:00,5132044.74,,
2026-06-01 02:00:00,4997054.12,,
2026-06-01 03:00:00,5124639.74,,
2026-06-01 04:00:00,5130147.26,,
2026-06-01 05:00:00,5022538.02,,
2026-06-01 06:00:00,5077612.72,,
2026-06-01 07:00:00,4935426.40,,
2026-06-01 08:00:00,4864982.38,,
2026-06-01 09:00:00,4760551.82,,
2026-06-01 10:00:00,4767264.73,,
2026-06-01 11:00:00,4752359.48,,
2026-06-01 12:00:00,4681469.03,,
2026-06-01 13:00:00,4627496.95,,
2026-06-01 14:00:00,4579352.20,,
2026-06-01 15:00:00,4444191.45,,
2026-06-01 16:00:00,4386932.40,,
2026-06-01 17:00:00,4525788.97,,
2026-06-01 18:00:00,4551770.69,,
2026-06-01 19:00:00,4526974.56,,
2026-06-01 20:00:00,4603518.58,,
2026-06-01 21:00:00,4513282.04,,
2026-06-01 22:00:00,4464182.16,,
2026-06-01 23:00:00,4514518.87,,
2026-06-02 00:00:00,4514934.61,,
2026-06-02 01:00:00,4468411.19,,
2026-06-02 02:00:00,4371052.80,,
2026-06-02 03:00:00,4470109.41,,
2026-06-02 04:00:00,4778248.58,,
2026-06-02 05:00:00,4730947.78,,
2026-06-02 06:00:00,4625805.13,,
2026-06-02 07:00:00,4656298.59,,
2026-06-02 08:00:00,4643563.13,,
2026-06-02 09:00:00,4706970.80,,
2026-06-02 10:00:00,4575235.91,,
2026-06-02 11:00:00,4775816.42,,
2026-06-02 12:00:00,4995303.46,,
2026-06-02 13:00:00,5119572.42,,
2026-06-02 14:00:00,4951379.60,,
2026-06-02 15:00:00,4794246.55,,
2026-06-02 16:00:00,4725157.77,,
2026-06-02 17:00:00,4694429.86,,
2026-06-02 18:00:00,4966788.11,,
2026-06-02 19:00:00,4766283.39,,
2026-06-02 20:00:00,4566405.57,,
2026-06-02 21:00:00,4602120.15,,
2026-06-02 22:00:00,4672352.49,,
2026-06-02 23:00:00,4584926.88,,
2026-06-03 00:00:00,4568299.55,,
2026-06-03 01:00:00,4703691.14,,
2026-06-03 02:00:00,4694447.59,,
2026-06-03 03:00:00,4615405.70,,
2026-06-03 04:00:00,4510666.14,,
2026-06-03 05:00:00,4767321.39,,
2026-06-03 06:00:00,4886824.78,,
2026-06-03 07:00:00,5058030.07,,
2026-06-03 08:00:00,5071605.07,,
2026-06-03 09:00:00,5153748.74,,
2026-06-03 10:00:00,5028874.99,,
2026-06-03 11:00:00,5289207.61,,
2026-06-03 12:00:00,5111966.69,,
2026-06-03 13:00:00,5227701.85,,
2026-06-03 14:00:00,5304921.65,,
2026-06-03 15:00:00,5348579.26,,
2026-06-03 16:00:00,5150060.08,,
2026-06-03 17:00:00,5138897.13,,
2026-06-03 18:00:00,4988338.04,,
2026-06-03 19:00:00,4970573.66,,
2026-06-03 20:00:00,4939527.52,,
2026-06-03 21:00:00,4841264.88,,
2026-06-03 22:00:00,5171831.97,,
2026-06-03 23:00:00,5122490.56,,
2026-06-04 00:00:00,5083376.76,,
2026-06-04 01:00:00,5033290.24,,
2026-06-04 02:00:00,4803122.54,,
2026-06-04 03:00:00,4528761.43,,
2026-06-04 04:00:00,4562484.80,,
2026-06-04 05:00:00,4349246.35,,
2026-06-04 06:00:00,4289833.62,,
2026-06-04 07:00:00,4430573.84,,
2026-06-04 08:00:00,4308043.65,,
2026-06-04 09:00:00,4324547.80,,
2026-06-04 10:00:00,4009503.34,,
2026-06-04 11:00:00,3953762.89,,
2026-06-04 12:00:00,3826807.05,,
2026-06-04 13:00:00,3895629.61,,
2026-06-04 14:00:00,3888979.92,,
2026-06-04 15:00:00,3905956.08,,
2026-06-04 16:00:00,4084857.15,,
2026-06-04 17:00:00,4194775.17,,
2026-06-04 18:00:00,4092215.61,,
2026-06-04 19:00:00,4086613.15,,
2026-06-04 20:00:00,3980526.04,,
2026-06-04 21:00:00,4060049.89,,
2026-06-04 22:00:00,3963790.11,,
2026-06-04 23:00:00,3931098.23,,
2026-06-05 00:00:00,4003252.43,,
2026-06-05 01:00:00,3949641.96,,
2026-06-05 02:00:00,3850682.20,,
2026-06-05 03:00:00,3684779.18,,
2026-06-05 04:00:00,3654947.62,,
2026-06-05 05:00:00,3706661.95,,
2026-06-05 06:00:00,3567469.93,,
2026-06-05 07:00:00,3571568.79,,
2026-06-05 08:00:00,3583548.57,,
2026-06-05 09:00:00,3534122.66,,
2026-06-05 10:00:00,3674094.69,,
2026-06-05 11:00:00,3584519.10,,
2026-06-05 12:00:00,3483329.10,,
2026-06-05 13:00:00,3493428.54,,
2026-06-05 14:00:00,3406844.02,,
2026-06-05 15:00:00,3455935.10,,
2026-06-05 16:00:00,3344895.28,,
2026-06-05 17:00:00,3464483.95,,
2026-06-05 18:00:00,3350244.03,,
2026-06-05 19:00:00,3180785.55,,
2026-06-05 20:00:00,3190596.57,,
2026-06-05 21:00:00,3228030.36,,
2026-06-05 22:00:00,3239287.60,,
2026-06-05 23:00:00,3221386.66,,
2026-06-06 00:00:00,3177494.84,,
2026-06-06 01:00:00,3301141.80,,
2026-06-06 02:00:00,3279786.60,,
2026-06-06 03:00:00,3211485.44,,
2026-06-06 04:00:00,3102782.38,,
2026-06-06 05:00:00,3004972.93,,
2026-06-06 06:00:00,3085521.33,,
2026-06-06 07:00:00,3039406.52,,
2026-06-06 08:00:00,3095178.47,,
2026-06-06 09:00:00,3151563.61,,
2026-06-06 10:00:00,3145326.21,,
2026-06-06 11:00:00,3123521.65,,
2026-06-06 12:00:00,3128565.17,,
2026-06-06 13:00:00,3142073.48,,
2026-06-06 14:00:00,3195283.52,,
2026-06-06 15:00:00,3235732.56,,
2026-06-06 16:00:00,3192534.07,,
2026-06-06 17:00:00,3177475.96,,
2026-06-06 18:00:00,3140765.27,,
2026-06-06 19:00:00,3141882.52,,
2026-06-06 20:00:00,3092239.28,,
2026-06-06 21:00:00,3104864.38,,
2026-06-06 22:00:00,3125289.30,,
2026-06-06 23:00:00,3102810.50,,
2026-06-07 00:00:00,3144059.93,,
2026-06-07 01:00:00,3217259.29,,
2026-06-07 02:00:00,3259854.16,,
2026-06-07 03:00:00,3175705.56,,
2026-06-07 04:00:00,3177971.06,,
2026-06-07 05:00:00,3193624.89,,
2026-06-07 06:00:00,3199481.51,,
2026-06-07 07:00:00,3180384.37,,
2026-06-07 08:00:00,3213403.49,,
2026-06-07 09:00:00,3297873.28,,
2026-06-07 10:00:00,3269573.54,,
2026-06-07 11:00:00,3253349.98,,
2026-06-07 12:00:00,3270327.71,,
2026-06-07 13:00:00,3234202.15,,
2026-06-07 14:00:00,3245859.19,,
2026-06-07 15:00:00,3342488.47,,
2026-06-07 16:00:00,3364821.56,,
2026-06-07 17:00:00,3373710.81,,
2026-06-07 18:00:00,3314846.40,,
2026-06-07 19:00:00,3270508.21,,
2026-06-07 20:00:00,3212844.51,,
2026-06-07 21:00:00,3277924.36,,
2026-06-07 22:00:00,3289688.15,,
2026-06-07 23:00:00,3353546.08,,
2026-06-08 00:00:00,3361586.26,,
2026-06-08 01:00:00,3398541.97,,
2026-06-08 02:00:00,3328697.95,,
2026-06-08 03:00:00,3353032.63,,
2026-06-08 04:00:00,3352218.96,,
2026-06-08 05:00:00,3345855.64,,
2026-06-08 06:00:00,3332906.22,,
2026-06-08 07:00:00,3336759.77,,
2026-06-08 08:00:00,3365869.01,,
2026-06-08 09:00:00,3413249.56,,
2026-06-08 10:00:00,3670383.34,,
2026-06-08 11:00:00,3687483.15,,
2026-06-08 12:00:00,3587302.24,,
2026-06-08 13:00:00,3568120.26,,
2026-06-08 14:00:00,3501302.61,,
2026-06-08 15:00:00,3512270.25,,
2026-06-08 16:00:00,3476817.49,,
2026-06-08 17:00:00,3487111.85,,
2026-06-08 18:00:00,3504866.02,,
2026-06-08 19:00:00,3587425.27,,
2026-06-08 20:00:00,3591279.37,,
2026-06-08 21:00:00,3761441.73,,
2026-06-08 22:00:00,3718053.97,,
2026-06-08 23:00:00,3746879.14,,
2026-06-09 00:00:00,3737160.61,,
2026-06-09 01:00:00,3545304.43,,
2026-06-09 02:00:00,3691097.71,,
2026-06-09 03:00:00,3512179.53,,
2026-06-09 04:00:00,3613675.62,,
2026-06-09 05:00:00,3900957.61,,
2026-06-09 06:00:00,4005176.54,,
2026-06-09 07:00:00,4326356.05,,
2026-06-09 08:00:00,4573997.49,,
2026-06-09 09:00:00,4373960.75,,
2026-06-09 10:00:00,4458865.12,,
2026-06-09 11:00:00,5082113.67,,
2026-06-09 12:00:00,5057123.91,,
2026-06-09 13:00:00,4937359.26,,
2026-06-09 14:00:00,4922359.06,,
2026-06-09 15:00:00,4594700.58,,
2026-06-09 16:00:00,4420810.97,,
2026-06-09 17:00:00,4236909.99,,
2026-06-09 18:00:00,4265253.68,,
2026-06-09 19:00:00,4243572.72,,
2026-06-09 20:00:00,4260169.60,,
2026-06-09 21:00:00,4337260.93,,
2026-06-09 22:00:00,4187877.49,,
2026-06-09 23:00:00,4055418.73,,
2026-06-10 00:00:00,4073174.17,,
2026-06-10 01:00:00,4017889.00,,
2026-06-10 02:00:00,4150528.69,,
2026-06-10 03:00:00,4144149.10,,
2026-06-10 04:00:00,3954053.12,,
2026-06-10 05:00:00,3769497.37,,
2026-06-10 06:00:00,3798381.15,,
2026-06-10 07:00:00,3969255.32,,
2026-06-10 08:00:00,4304376.91,,
2026-06-10 09:00:00,4211281.89,,
2026-06-10 10:00:00,4045973.66,,
2026-06-10 11:00:00,4256877.37,,
2026-06-10 12:00:00,3993193.92,,
2026-06-10 13:00:00,4152622.42,,
2026-06-10 14:00:00,4072340.24,,
2026-06-10 15:00:00,4276181.33,,
2026-06-10 16:00:00,4143143.77,,
2026-06-10 17:00:00,4129085.53,,
2026-06-10 18:00:00,4344436.93,,
2026-06-10 19:00:00,4395198.08,,
2026-06-10 20:00:00,4277686.25,,
2026-06-10 21:00:00,4143881.39,,
2026-06-10 22:00:00,3947828.42,,
2026-06-10 23:00:00,3772600.49,,
2026-06-11 00:00:00,3778561.80,,
2026-06-11 01:00:00,3965319.93,,
2026-06-11 02:00:00,4125116.14,,
2026-06-11 03:00:00,3965280.55,,
2026-06-11 04:00:00,3991319.68,,
2026-06-11 05:00:00,3869291.22,,
2026-06-11 06:00:00,3835652.00,,
2026-06-11 07:00:00,3795205.89,,
2026-06-11 08:00:00,3849024.49,,
2026-06-11 09:00:00,4003944.63,,
2026-06-11 10:00:00,3880696.52,,
2026-06-11 11:00:00,3953289.84,,
2026-06-11 12:00:00,3824985.43,,
2026-06-11 13:00:00,3809480.96,,
2026-06-11 14:00:00,3785682.80,,
2026-06-11 15:00:00,3683580.64,,
2026-06-11 16:00:00,3692127.21,,
2026-06-11 17:00:00,3648286.43,,
2026-06-11 18:00:00,3753424.39,,
2026-06-11 19:00:00,3817933.21,,
2026-06-11 20:00:00,3698222.49,,
2026-06-11 21:00:00,3693115.53,,
2026-06-11 22:00:00,3817196.46,,
2026-06-11 23:00:00,3813532.61,,
2026-06-12 00:00:00,3918560.63,,
2026-06-12 01:00:00,3947034.28,,
2026-06-12 02:00:00,3906285.05,,
2026-06-12 03:00:00,3872713.88,,
2026-06-12 04:00:00,3869623.08,,
2026-06-12 05:00:00,3874914.23,,
2026-06-12 06:00:00,3846537.91,,
2026-06-12 07:00:00,3707373.24,,
2026-06-12 08:00:00,3788762.95,,
2026-06-12 09:00:00,3664899.11,,
2026-06-12 10:00:00,3668098.36,,
2026-06-12 11:00:00,3572017.11,,
2026-06-12 12:00:00,3600082.73,,
2026-06-12 13:00:00,3770732.89,,
2026-06-12 14:00:00,3777464.52,,
2026-06-12 15:00:00,3727574.47,,
2026-06-12 16:00:00,3606642.10,,
2026-06-12 17:00:00,3715375.95,,
2026-06-12 18:00:00,3662985.26,,
2026-06-12 19:00:00,3635073.85,,
2026-06-12 20:00:00,3577328.69,,
2026-06-12 21:00:00,3588737.43,,
2026-06-12 22:00:00,3582092.18,,
2026-06-12 23:00:00,3682680.11,,
2026-06-13 00:00:00,3725751.51,,
2026-06-13 01:00:00,3828046.00,,
2026-06-13 02:00:00,3791461.13,,
2026-06-13 03:00:00,3806892.90,,
2026-06-13 04:00:00,3683110.20,,
2026-06-13 05:00:00,3587691.87,,
2026-06-13 06:00:00,3508016.59,,
2026-06-13 07:00:00,3518122.64,,
2026-06-13 08:00:00,3661360.55,,
2026-06-13 09:00:00,3582793.02,,
2026-06-13 10:00:00,3651512.01,,
2026-06-13 11:00:00,3799279.88,,
2026-06-13 12:00:00,4159559.34,,
2026-06-13 13:00:00,4395043.33,,
2026-06-13 14:00:00,4499885.87,,
2026-06-13 15:00:00,4423624.71,,
2026-06-13 16:00:00,4382637.82,,
2026-06-13 17:00:00,4141931.62,,
2026-06-13 18:00:00,4092892.40,,
2026-06-13 19:00:00,4142255.75,,
2026-06-13 20:00:00,4134375.56,,
2026-06-13 21:00:00,4140771.32,,
2026-06-13 22:00:00,4101437.98,,
2026-06-13 23:00:00,4037435.29,,
2026-06-14 00:00:00,3962028.96,,
2026-06-14 01:00:00,3920707.45,,
2026-06-14 02:00:00,3919543.98,,
2026-06-14 03:00:00,3973427.82,,
2026-06-14 04:00:00,3992651.85,,
2026-06-14 05:00:00,3880484.53,,
2026-06-14 06:00:00,3940503.57,,
2026-06-14 07:00:00,3891021.93,,
2026-06-14 08:00:00,3800858.65,,
2026-06-14 09:00:00,3827240.28,,
2026-06-14 10:00:00,3806540.47,,
2026-06-14 11:00:00,3833597.14,,
2026-06-14 12:00:00,3816580.99,,
2026-06-14 13:00:00,3627445.65,,
2026-06-14 14:00:00,3559721.32,,
2026-06-14 15:00:00,3452211.07,,
2026-06-14 16:00:00,3463305.34,,
2026-06-14 17:00:00,3473919.28,,
2026-06-14 18:00:00,3441977.66,,
2026-06-14 19:00:00,3479706.17,,
2026-06-14 20:00:00,3459654.39,,
2026-06-14 21:00:00,3468542.52,,
2026-06-14 22:00:00,3566145.75,,
2026-06-14 23:00:00,3557752.96,,
2026-06-15 00:00:00,3582988.16,,
2026-06-15 01:00:00,3599195.01,,
2026-06-15 02:00:00,3827992.38,,
2026-06-15 03:00:00,3836313.37,,
2026-06-15 04:00:00,3826071.36,,
2026-06-15 05:00:00,3950765.63,,
2026-06-15 06:00:00,3937112.59,,
2026-06-15 07:00:00,3939053.84,,
2026-06-15 08:00:00,4149653.43,,
2026-06-15 09:00:00,4154465.64,,
2026-06-15 10:00:00,4135890.02,,
2026-06-15 11:00:00,4115690.89,,
2026-06-15 12:00:00,4120702.47,,
2026-06-15 13:00:00,4128391.11,,
2026-06-15 14:00:00,3951971.28,,
2026-06-15 15:00:00,4051500.70,,
2026-06-15 16:00:00,3989720.75,,
2026-06-15 17:00:00,4046596.51,,
2026-06-15 18:00:00,3987767.96,,
2026-06-15 19:00:00,3953127.41,,
2026-06-15 20:00:00,3849748.56,,
2026-06-15 21:00:00,3884249.52,,
2026-06-15 22:00:00,3893264.26,,
2026-06-15 23:00:00,3833640.81,,
2026-06-16 00:00:00,3830587.91,,
2026-06-16 01:00:00,3824405.84,,
2026-06-16 02:00:00,3773860.16,,
2026-06-16 03:00:00,3738527.28,,
2026-06-16 04:00:00,3808338.70,,
2026-06-16 05:00:00,3786733.09,,
2026-06-16 06:00:00,3869180.36,,
2026-06-16 07:00:00,3912034.45,,
2026-06-16 08:00:00,3898562.30,,
2026-06-16 09:00:00,3980744.92,,
2026-06-16 10:00:00,3937939.33,,
2026-06-16 11:00:00,4105884.78,,
2026-06-16 12:00:00,3988672.71,,
2026-06-16 13:00:00,4011667.63,,
2026-06-16 14:00:00,3974183.19,,
2026-06-16 15:00:00,3927020.91,,
2026-06-16 16:00:00,4023997.67,,
2026-06-16 17:00:00,3952742.54,,
2026-06-16 18:00:00,3980635.28,,
2026-06-16 19:00:00,3884623.61,,
2026-06-16 20:00:00,3764341.90,,
2026-06-16 21:00:00,3787901.55,,
2026-06-16 22:00:00,3747048.42,,
2026-06-16 23:00:00,3652219.61,,
2026-06-17 00:00:00,3615137.16,,
2026-06-17 01:00:00,3640687.61,,
2026-06-17 02:00:00,3810410.64,,
2026-06-17 03:00:00,3753494.72,,
2026-06-17 04:00:00,3731714.23,,
2026-06-17 05:00:00,3792219.14,,
2026-06-17 06:00:00,3738826.51,,
2026-06-17 07:00:00,3708726.23,,
2026-06-17 08:00:00,3706049.47,,
2026-06-17 09:00:00,3619639.84,,
2026-06-17 10:00:00,3679074.67,,
2026-06-17 11:00:00,3644215.98,,
2026-06-17 12:00:00,3624898.98,,
2026-06-17 13:00:00,3652266.72,,
2026-06-17 14:00:00,3652661.38,,
2026-06-17 15:00:00,3586808.13,,
2026-06-17 16:00:00,3642728.54,,
2026-06-17 17:00:00,3615455.40,,
2026-06-17 18:00:00,3589279.62,,
2026-06-17 19:00:00,3599346.27,,
2026-06-17 20:00:00,3455598.93,,
2026-06-17 21:00:00,3460485.19,,
2026-06-17 22:00:00,3452562.65,,
2026-06-17 23:00:00,3454583.33,,
2026-06-18 00:00:00,3470363.95,,
2026-06-18 01:00:00,3482367.08,,
2026-06-18 02:00:00,3464348.74,,
2026-06-18 03:00:00,3470038.02,,
2026-06-18 04:00:00,3441821.94,,
2026-06-18 05:00:00,3413391.39,,
2026-06-18 06:00:00,3384622.97,,
2026-06-18 07:00:00,3383119.85,,
2026-06-18 08:00:00,3419255.90,,
2026-06-18 09:00:00,3438279.13,,
2026-06-18 10:00:00,3471638.66,,
2026-06-18 11:00:00,3474291.74,,
2026-06-18 12:00:00,3467240.45,,
2026-06-18 13:00:00,3421557.63,,
2026-06-18 14:00:00,3370451.18,,
2026-06-18 15:00:00,3448866.21,,
2026-06-18 16:00:00,3280269.14,,
2026-06-18 17:00:00,3343481.31,,
2026-06-18 18:00:00,3371140.50,,
2026-06-18 19:00:00,3359996.52,,
2026-06-18 20:00:00,3386666.93,,
2026-06-18 21:00:00,3376881.10,,
2026-06-18 22:00:00,3404414.65,,
2026-06-18 23:00:00,3398887.22,,
2026-06-19 00:00:00,3425853.52,,
2026-06-19 01:00:00,3498427.69,,
2026-06-19 02:00:00,3508105.92,,
2026-06-19 03:00:00,3550881.37,,
2026-06-19 04:00:00,3502232.09,,
2026-06-19 05:00:00,3387811.48,,
2026-06-19 06:00:00,3484272.98,,
2026-06-19 07:00:00,3629851.31,,
2026-06-19 08:00:00,3576180.40,,
2026-06-19 09:00:00,3853751.74,,
2026-06-19 10:00:00,3771595.37,,
2026-06-19 11:00:00,3685021.58,,
2026-06-19 12:00:00,3738897.50,,
2026-06-19 13:00:00,3767979.83,,
2026-06-19 14:00:00,3750877.33,,
2026-06-19 15:00:00,3785651.99,,
2026-06-19 16:00:00,3861279.51,,
2026-06-19 17:00:00,3645018.72,,
2026-06-19 18:00:00,3709989.66,,
2026-06-19 19:00:00,3652427.16,,
2026-06-19 20:00:00,3614243.98,,
2026-06-19 21:00:00,3633978.09,,
2026-06-19 22:00:00,3689007.79,,
2026-06-19 23:00:00,3750969.19,,
2026-06-20 00:00:00,3777462.98,,
2026-06-20 01:00:00,3713379.12,,
2026-06-20 02:00:00,3749185.48,,
2026-06-20 03:00:00,3708992.65,,
2026-06-20 04:00:00,3724992.03,,
2026-06-20 05:00:00,3756020.59,,
2026-06-20 06:00:00,3729564.81,,
2026-06-20 07:00:00,3730832.68,,
2026-06-20 08:00:00,3656140.46,,
2026-06-20 09:00:00,3708553.41,,
2026-06-20 10:00:00,3711681.77,,
2026-06-20 11:00:00,3629841.21,,
2026-06-20 12:00:00,3572691.67,,
2026-06-20 13:00:00,3577133.06,,
2026-06-20 14:00:00,3575596.33,,
2026-06-20 15:00:00,3781509.13,,
2026-06-20 16:00:00,3761138.57,,
2026-06-20 17:00:00,3760206.98,,
2026-06-20 18:00:00,3695954.08,,
2026-06-20 19:00:00,3648430.68,,
2026-06-20 20:00:00,3637205.14,,
2026-06-20 21:00:00,3646112.55,,
2026-06-20 22:00:00,3615031.77,,
2026-06-20 23:00:00,3710578.13,,
2026-06-21 00:00:00,3775137.22,,
2026-06-21 01:00:00,3727360.25,,
2026-06-21 02:00:00,3928991.87,,
2026-06-21 03:00:00,3948103.93,,
2026-06-21 04:00:00,3944817.00,,
2026-06-21 05:00:00,4085537.68,,
2026-06-21 06:00:00,4235481.08,,
2026-06-21 07:00:00,4338203.30,,
2026-06-21 08:00:00,4730098.59,,
2026-06-21 09:00:00,4451244.92,,
2026-06-21 10:00:00,4561668.36,,
2026-06-21 11:00:00,4637796.93,,
2026-06-21 12:00:00,4721171.15,,
2026-06-21 13:00:00,4668019.01,,
2026-06-21 14:00:00,4611321.60,,
2026-06-21 15:00:00,4627169.58,,
2026-06-21 16:00:00,4442825.00,,
2026-06-21 17:00:00,4495874.98,,
2026-06-21 18:00:00,4603092.66,,
2026-06-21 19:00:00,4522653.18,,
2026-06-21 20:00:00,4651050.29,,
2026-06-21 21:00:00,4559311.72,,
2026-06-21 22:00:00,4540114.78,,
2026-06-21 23:00:00,4492885.58,,
2026-06-22 00:00:00,4360619.75,,
2026-06-22 01:00:00,4438584.19,,
2026-06-22 02:00:00,4524977.46,,
2026-06-22 03:00:00,4692121.43,,
2026-06-22 04:00:00,4871908.16,,
2026-06-22 05:00:00,4817543.65,,
2026-06-22 06:00:00,4748493.86,,
2026-06-22 07:00:00,4794616.15,,
2026-06-22 08:00:00,4810303.78,,
2026-06-22 09:00:00,4839185.82,,
2026-06-22 10:00:00,4769395.08,,
2026-06-22 11:00:00,4534732.82,,
2026-06-22 12:00:00,4489885.74,,
2026-06-22 13:00:00,4371968.86,,
2026-06-22 14:00:00,4334364.96,,
2026-06-22 15:00:00,4201320.29,,
2026-06-22 16:00:00,4121055.16,,
2026-06-22 17:00:00,4187097.17,,
2026-06-22 18:00:00,4194257.30,,
2026-06-22 19:00:00,4117825.45,,
2026-06-22 20:00:00,4078664.01,,
2026-06-22 21:00:00,4079018.81,,
2026-06-22 22:00:00,4034651.65,,
2026-06-22 23:00:00,3904428.36,,
2026-06-23 00:00:00,3908560.10,,
2026-06-23 01:00:00,3920291.11,,
2026-06-23 02:00:00,3863339.49,,
2026-06-23 03:00:00,3847415.25,,
2026-06-23 04:00:00,3840098.13,,
2026-06-23 05:00:00,3819151.09,,
2026-06-23 06:00:00,3801871.98,,
2026-06-23 07:00:00,3690648.20,,
2026-06-23 08:00:00,3645311.36,,
2026-06-23 09:00:00,3594971.54,,
2026-06-23 10:00:00,3639730.09,,
2026-06-23 11:00:00,3573903.54,,
2026-06-23 12:00:00,3609871.61,,
2026-06-23 13:00:00,3617069.02,,
2026-06-23 14:00:00,3643181.51,,
2026-06-23 15:00:00,3596596.70,,
2026-06-23 16:00:00,3594967.06,,
2026-06-23 17:00:00,3588354.27,,
2026-06-23 18:00:00,3741699.73,,
2026-06-23 19:00:00,3757281.95,,
2026-06-23 20:00:00,3759611.68,,
2026-06-23 21:00:00,3740736.55,,
2026-06-23 22:00:00,3778787.61,,
2026-06-23 23:00:00,3759460.58,,
2026-06-24 00:00:00,3825396.90,,
2026-06-24 01:00:00,3838090.00,,
2026-06-24 02:00:00,3728554.15,,
2026-06-24 03:00:00,3651203.01,,
2026-06-24 04:00:00,3657749.40,,
2026-06-24 05:00:00,3665342.73,,
2026-06-24 06:00:00,3686288.33,,
2026-06-24 07:00:00,3654482.08,,
2026-06-24 08:00:00,3638510.27,,
2026-06-24 09:00:00,3655307.28,,
2026-06-24 10:00:00,3790893.52,,
2026-06-24 11:00:00,3718566.56,,
2026-06-24 12:00:00,3674605.30,,
2026-06-24 13:00:00,3629176.41,,
2026-06-24 14:00:00,3614819.58,,
2026-06-24 15:00:00,3611426.03,,
2026-06-24 16:00:00,3430324.19,,
2026-06-24 17:00:00,3343390.56,,
2026-06-24 18:00:00,3335334.02,,
2026-06-24 19:00:00,3440303.44,,
2026-06-24 20:00:00,3488662.72,,
2026-06-24 21:00:00,3521449.96,,
2026-06-24 22:00:00,3550487.19,,
2026-06-24 23:00:00,3566017.68,,
2026-06-25 00:00:00,3544492.89,,
2026-06-25 01:00:00,3559585.11,,
2026-06-25 02:00:00,3520534.97,,
2026-06-25 03:00:00,3485696.64,,
2026-06-25 04:00:00,3420745.77,,
2026-06-25 05:00:00,3415407.56,,
2026-06-25 06:00:00,3475250.44,,
2026-06-25 07:00:00,3435408.38,,
2026-06-25 08:00:00,3517120.28,,
2026-06-25 09:00:00,3541180.30,,
2026-06-25 10:00:00,3532184.99,,
2026-06-25 11:00:00,3555443.89,,
2026-06-25 12:00:00,3630198.44,,
2026-06-25 13:00:00,3517393.14,,
2026-06-25 14:00:00,3275795.57,,
2026-06-25 15:00:00,3472167.93,,
2026-06-25 16:00:00,3491625.86,,
2026-06-25 17:00:00,3396940.97,,
2026-06-25 18:00:00,3428515.29,,
2026-06-25 19:00:00,3480508.69,,
2026-06-25 20:00:00,3447810.23,,
2026-06-25 21:00:00,3483143.94,,
2026-06-25 22:00:00,3563157.30,,
2026-06-25 23:00:00,3452718.36,,
2026-06-26 00:00:00,3430016.06,,
2026-06-26 01:00:00,3452799.87,,
2026-06-26 02:00:00,3411998.00,,
2026-06-26 03:00:00,3303761.36,,
2026-06-26 04:00:00,3369769.66,,
2026-06-26 05:00:00,3330825.84,,
2026-06-26 06:00:00,3355616.19,,
2026-06-26 07:00:00,3437019.62,,
2026-06-26 08:00:00,3448903.41,,
2026-06-26 09:00:00,3410331.11,,
2026-06-26 10:00:00,3371089.35,,
2026-06-26 11:00:00,3379258.06,,
2026-06-26 12:00:00,3399645.00,,
2026-06-26 13:00:00,3461295.03,,
2026-06-26 14:00:00,3511694.78,,
2026-06-26 15:00:00,3575091.31,,
2026-06-26 16:00:00,3602874.98,,
2026-06-26 17:00:00,3570688.74,,
2026-06-26 18:00:00,3607964.61,,
2026-06-26 19:00:00,3667705.91,,
2026-06-26 20:00:00,3647188.12,,
2026-06-26 21:00:00,3664378.15,,
2026-06-26 22:00:00,3815137.22,,
2026-06-26 23:00:00,3767253.95,,
2026-06-27 00:00:00,3772546.79,,
2026-06-27 01:00:00,3802722.00,,
2026-06-27 02:00:00,3793130.17,,
2026-06-27 03:00:00,3794892.40,,
2026-06-27 04:00:00,3764377.13,,
2026-06-27 05:00:00,3667377.81,,
2026-06-27 06:00:00,3662433.51,,
2026-06-27 07:00:00,3595801.07,,
2026-06-27 08:00:00,3620139.56,,
2026-06-27 09:00:00,3568754.68,,
2026-06-27 10:00:00,3551743.46,,
2026-06-27 11:00:00,3604586.49,,
2026-06-27 12:00:00,3566444.33,,
2026-06-27 13:00:00,3550955.99,,
2026-06-27 14:00:00,3547466.08,,
2026-06-27 15:00:00,3513622.45,,
2026-06-27 16:00:00,3532796.23,,
2026-06-27 17:00:00,3617707.10,,
2026-06-27 18:00:00,3500328.06,,
2026-06-27 19:00:00,3500143.08,,
2026-06-27 20:00:00,3465955.70,,
2026-06-27 21:00:00,3482235.62,,
2026-06-27 22:00:00,3488567.36,,
2026-06-27 23:00:00,3498266.25,,
2026-06-28 00:00:00,3552313.70,,
2026-06-28 01:00:00,3587212.80,,
2026-06-28 02:00:00,3648879.29,,
2026-06-28 03:00:00,3578284.16,,
2026-06-28 04:00:00,3639806.16,,
2026-06-28 05:00:00,3639402.82,,
2026-06-28 06:00:00,3592199.60,,
2026-06-28 07:00:00,3527903.18,,
2026-06-28 08:00:00,3520671.72,,
2026-06-28 09:00:00,3541497.54,,
2026-06-28 10:00:00,3506061.51,,
2026-06-28 11:00:00,3467465.73,,
2026-06-28 12:00:00,3520920.88,,
2026-06-28 13:00:00,3515897.56,,
2026-06-28 14:00:00,3478214.12,,
2026-06-28 15:00:00,3519181.76,,
2026-06-28 16:00:00,3493939.70,,
2026-06-28 17:00:00,3498157.82,,
2026-06-28 18:00:00,3374388.81,,
2026-06-28 19:00:00,3388371.15,,
2026-06-28 20:00:00,3396739.94,,
2026-06-28 21:00:00,3412327.66,,
2026-06-28 22:00:00,3395002.29,,
2026-06-28 23:00:00,3326965.44,,
2026-06-29 00:00:00,3416953.08,,
2026-06-29 01:00:00,3486947.01,,
2026-06-29 02:00:00,3492938.70,,
2026-06-29 03:00:00,3487810.16,,
2026-06-29 04:00:00,3529380.54,,
2026-06-29 05:00:00,3457240.16,,
2026-06-29 06:00:00,3475603.63,,
2026-06-29 07:00:00,3440632.90,,
2026-06-29 08:00:00,3425154.52,,
2026-06-29 09:00:00,3411063.17,,
2026-06-29 10:00:00,3428266.31,,
2026-06-29 11:00:00,3446701.31,,
2026-06-29 12:00:00,3562241.99,,
2026-06-29 13:00:00,3519127.30,,
2026-06-29 14:00:00,3506566.26,,
2026-06-29 15:00:00,3498970.63,,
2026-06-29 16:00:00,3458566.41,,
2026-06-29 17:00:00,3464139.36,,
2026-06-29 18:00:00,3492214.40,,
2026-06-29 19:00:00,3491462.88,,
2026-06-29 20:00:00,3499637.05,,
2026-06-29 21:00:00,3452723.41,,
2026-06-29 22:00:00,3440846.32,,
2026-06-29 23:00:00,3431229.78,,
2026-06-30 00:00:00,3462191.37,,
2026-06-30 01:00:00,3405755.38,,
2026-06-30 02:00:00,3429015.99,,
2026-06-30 03:00:00,3397098.42,,
2026-06-30 04:00:00,3436077.71,,
2026-06-30 05:00:00,3419249.37,,
2026-06-30 06:00:00,3410328.74,,
2026-06-30 07:00:00,3378614.93,,
2026-06-30 08:00:00,3344006.96,,
2026-06-30 09:00:00,3327706.58,,
2026-06-30 10:00:00,3428438.54,,
2026-06-30 11:00:00,3422081.62,,
2026-06-30 12:00:00,3391487.54,,
2026-06-30 13:00:00,3324431.96,,
2026-06-30 14:00:00,3254084.77,,
2026-06-30 15:00:00,3262145.16,,
2026-06-30 16:00:00,3275812.88,,
2026-06-30 17:00:00,3269944.79,,
2026-06-30 18:00:00,3275293.39,,
2026-06-30 19:00:00,3300745.90,,
2026-06-30 20:00:00,3265278.75,,
2026-06-30 21:00:00,3258498.63,,
2026-06-30 22:00:00,3295679.55,,
2026-06-30 23:00:00,3287319.95,,
2026-07-01 00:00:00,3271497.15,,
2026-07-01 01:00:00,3270472.97,,
2026-07-01 02:00:00,3249230.77,,
2026-07-01 03:00:00,3266512.84,,
2026-07-01 04:00:00,3225840.89,,
2026-07-01 05:00:00,3245328.21,,
2026-07-01 06:00:00,3227511.49,,
2026-07-01 07:00:00,3170990.92,,
2026-07-01 08:00:00,3177947.03,,
2026-07-01 09:00:00,3159553.89,,
2026-07-01 10:00:00,3176521.06,,
2026-07-01 11:00:00,3148089.46,,
2026-07-01 12:00:00,3128766.33,,
2026-07-01 13:00:00,3114687.91,,
2026-07-01 14:00:00,3167726.27,,
2026-07-01 15:00:00,3201262.26,,
2026-07-01 16:00:00,3218522.22,,
2026-07-01 17:00:00,3165786.07,,
2026-07-01 18:00:00,3179745.86,,
2026-07-01 19:00:00,3089601.52,,
2026-07-01 20:00:00,3049969.01,,
2026-07-01 21:00:00,3090341.10,,
2026-07-01 22:00:00,3103279.52,,
2026-07-01 23:00:00,3057649.53,,
2026-07-02 00:00:00,3007707.85,,
2026-07-02 01:00:00,2997819.80,,
2026-07-02 02:00:00,3064369.08,,
2026-07-02 03:00:00,3096529.04,,
2026-07-02 04:00:00,3122434.12,,
2026-07-02 05:00:00,3139631.29,,
2026-07-02 06:00:00,3111298.21,,
2026-07-02 07:00:00,3090830.41,,
2026-07-02 08:00:00,3128403.40,,
2026-07-02 09:00:00,3150552.40,,
2026-07-02 10:00:00,3200621.40,,
2026-07-02 11:00:00,3276049.27,,
2026-07-02 12:00:00,3249683.55,,
2026-07-02 13:00:00,3226606.30,,
2026-07-02 14:00:00,3287571.87,,
2026-07-02 15:00:00,3248829.51,,
2026-07-02 16:00:00,3248916.53,,
2026-07-02 17:00:00,3236618.40,,
2026-07-02 18:00:00,3254200.51,,
2026-07-02 19:00:00,3290773.76,,
2026-07-02 20:00:00,3271314.03,,
2026-07-02 21:00:00,3332004.57,,
2026-07-02 22:00:00,3279262.43,,
2026-07-02 23:00:00,3263623.70,,
2026-07-03 00:00:00,3273303.72,,
2026-07-03 01:00:00,3288289.21,,
2026-07-03 02:00:00,3349110.57,,
2026-07-03 03:00:00,3345453.66,,
2026-07-03 04:00:00,3352789.04,,
2026-07-03 05:00:00,3328377.38,,
2026-07-03 06:00:00,3365282.08,,
2026-07-03 07:00:00,3503815.02,,
2026-07-03 08:00:00,3911216.14,,
2026-07-03 09:00:00,3811799.72,,
2026-07-03 10:00:00,3738100.89,,
2026-07-03 11:00:00,3727605.06,,
2026-07-03 12:00:00,3735338.69,,
2026-07-03 13:00:00,3673834.89,,
2026-07-03 14:00:00,3406570.66,,
2026-07-03 15:00:00,3399080.77,,
2026-07-03 16:00:00,3398682.53,,
2026-07-03 17:00:00,3385991.06,,
2026-07-03 18:00:00,3387157.26,,
2026-07-03 19:00:00,3362399.76,,
2026-07-03 20:00:00,3360828.97,,
2026-07-03 21:00:00,3375836.56,,
2026-07-03 22:00:00,3371988.14,,
2026-07-03 23:00:00,3359860.26,,
2026-07-04 00:00:00,3319164.27,,
2026-07-04 01:00:00,3291733.93,,
2026-07-04 02:00:00,3265395.76,,
2026-07-04 03:00:00,3249025.99,,
2026-07-04 04:00:00,3253608.48,,
2026-07-04 05:00:00,3253678.94,,
2026-07-04 06:00:00,3241426.29,,
2026-07-04 07:00:00,3251765.52,,
2026-07-04 08:00:00,3272832.80,,
2026-07-04 09:00:00,3379729.06,,
2026-07-04 10:00:00,3337532.50,,
2026-07-04 11:00:00,3291917.77,,
2026-07-04 12:00:00,3278011.01,,
2026-07-04 13:00:00,3287573.17,,
2026-07-04 14:00:00,3246959.28,,
2026-07-04 15:00:00,3303212.06,,
2026-07-04 16:00:00,3338883.17,,
2026-07-04 17:00:00,3347414.62,,
2026-07-04 18:00:00,3341440.07,,
2026-07-04 19:00:00,3341932.28,,
2026-07-04 20:00:00,3305135.69,,
2026-07-04 21:00:00,3311549.67,,
2026-07-04 22:00:00,3313584.10,,
2026-07-04 23:00:00,3281233.80,,
2026-07-05 00:00:00,3247694.43,,
2026-07-05 01:00:00,3243038.48,,
2026-07-05 02:00:00,3165574.99,,
2026-07-05 03:00:00,3079403.97,,
2026-07-05 04:00:00,3081776.18,,
2026-07-05 05:00:00,3113598.88,,
2026-07-05 06:00:00,3095462.58,,
2026-07-05 07:00:00,3126401.86,,
2026-07-05 08:00:00,3173399.81,,
2026-07-05 09:00:00,3147442.86,,
2026-07-05 10:00:00,3203072.58,,
2026-07-05 11:00:00,3237589.86,,
2026-07-05 12:00:00,3263343.37,,
2026-07-05 13:00:00,3221642.86,,
2026-07-05 14:00:00,3219867.44,,
2026-07-05 15:00:00,3220390.71,,
2026-07-05 16:00:00,3193750.76,,
2026-07-05 17:00:00,3244027.61,,
2026-07-05 18:00:00,3228495.25,,
2026-07-05 19:00:00,3206497.56,,
2026-07-05 20:00:00,3162885.83,,
2026-07-05 21:00:00,3133392.39,,
2026-07-05 22:00:00,3145663.94,,
2026-07-05 23:00:00,3151673.23,,
2026-07-06 00:00:00,3131230.23,,
2026-07-06 01:00:00,3112152.24,,
2026-07-06 02:00:00,3112780.12,,
2026-07-06 03:00:00,3092580.57,,
2026-07-06 04:00:00,3110603.53,,
2026-07-06 05:00:00,3106781.47,,
2026-07-06 06:00:00,3069301.92,,
2026-07-06 07:00:00,3081285.27,,
2026-07-06 08:00:00,3082474.24,,
2026-07-06 09:00:00,3061084.42,,
2026-07-06 10:00:00,3070862.29,,
2026-07-06 11:00:00,3101168.56,,
2026-07-06 12:00:00,3066123.87,,
2026-07-06 13:00:00,2983201.34,,
2026-07-06 14:00:00,3033681.06,,
2026-07-06 15:00:00,3064905.68,,
2026-07-06 16:00:00,3091937.64,,
2026-07-06 17:00:00,3127241.45,,
2026-07-06 18:00:00,3094981.49,,
2026-07-06 19:00:00,3122818.34,,
2026-07-06 20:00:00,3155681.22,,
2026-07-06 21:00:00,3131516.73,,
2026-07-06 22:00:00,3160766.11,,
2026-07-06 23:00:00,3136926.46,,
2026-07-07 00:00:00,3125292.48,,
2026-07-07 01:00:00,3118347.94,,
2026-07-07 02:00:00,3081593.94,,
2026-07-07 03:00:00,3052339.20,,
2026-07-07 04:00:00,3042297.83,,
2026-07-07 05:00:00,3044718.32,,
2026-07-07 06:00:00,3066427.76,,
2026-07-07 07:00:00,3075906.49,,
2026-07-07 08:00:00,3056302.22,,
2026-07-07 09:00:00,3046735.31,,
2026-07-07 10:00:00,3082694.09,,
2026-07-07 11:00:00,3102018.99,,
2026-07-07 12:00:00,3075748.02,,
2026-07-07 13:00:00,3068482.85,,
2026-07-07 14:00:00,3023402.55,,
2026-07-07 15:00:00,3039273.43,,
2026-07-07 16:00:00,3035145.28,,
2026-07-07 17:00:00,3026558.70,,
2026-07-07 18:00:00,3013431.10,,
2026-07-07 19:00:00,2961452.22,,
2026-07-07 20:00:00,3029010.26,,
2026-07-07 21:00:00,3045481.32,,
2026-07-07 22:00:00,3044073.01,,
2026-07-07 23:00:00,3050838.30,,
2026-07-08 00:00:00,3076387.77,,
2026-07-08 01:00:00,3101539.35,,
2026-07-08 02:00:00,3118950.21,,
2026-07-08 03:00:00,3102184.03,,
2026-07-08 04:00:00,3151146.58,,
2026-07-08 05:00:00,3126894.20,,
2026-07-08 06:00:00,3138178.90,,
2026-07-08 07:00:00,3184922.29,,
2026-07-08 08:00:00,3155800.45,,
2026-07-08 09:00:00,3239234.13,,
2026-07-08 10:00:00,3309558.24,,
2026-07-08 11:00:00,3304460.83,,
2026-07-08 12:00:00,3343886.84,,
2026-07-08 13:00:00,3252025.92,,
2026-07-08 14:00:00,3196103.25,,
2026-07-08 15:00:00,3170219.01,,
2026-07-08 16:00:00,3151675.95,,
2026-07-08 17:00:00,3135053.06,,
2026-07-08 18:00:00,3138239.23,,
2026-07-08 19:00:00,3127405.67,,
2026-07-08 20:00:00,3122879.15,,
2026-07-08 21:00:00,3065950.67,,
2026-07-08 22:00:00,3056177.80,,
2026-07-08 23:00:00,3067712.92,,
2026-07-09 00:00:00,3052909.99,,
2026-07-09 01:00:00,3012029.37,,
2026-07-09 02:00:00,3051850.93,,
2026-07-09 03:00:00,3121235.72,,
2026-07-09 04:00:00,3104801.64,,
2026-07-09 05:00:00,3115094.17,,
2026-07-09 06:00:00,3108306.40,,
2026-07-09 07:00:00,3231025.20,,
2026-07-09 08:00:00,3191189.87,,
2026-07-09 09:00:00,3219749.80,,
2026-07-09 10:00:00,3210458.66,,
2026-07-09 11:00:00,3209365.80,,
2026-07-09 12:00:00,3259434.61,,
2026-07-09 13:00:00,3227099.47,,
2026-07-09 14:00:00,3247513.99,,
2026-07-09 15:00:00,3253144.51,,
2026-07-09 16:00:00,3201518.10,,
2026-07-09 17:00:00,3193614.70,,
2026-07-09 18:00:00,3228268.93,,
2026-07-09 19:00:00,3244012.86,,
2026-07-09 20:00:00,3226647.08,,
2026-07-09 21:00:00,3227379.95,,
2026-07-09 22:00:00,3266391.80,,
2026-07-09 23:00:00,3227722.16,,
2026-07-10 00:00:00,3232779.65,,
2026-07-10 01:00:00,3213808.28,,
2026-07-10 02:00:00,3244160.10,,
2026-07-10 03:00:00,3221619.45,,
2026-07-10 04:00:00,3206237.02,,
2026-07-10 05:00:00,3196874.77,,
2026-07-10 06:00:00,3199549.64,,
2026-07-10 07:00:00,3170718.65,,
2026-07-10 08:00:00,3195839.58,,
2026-07-10 09:00:00,3208304.96,,
2026-07-10 10:00:00,3245569.47,,
2026-07-10 11:00:00,3246488.22,,
2026-07-10 12:00:00,3191794.00,,
2026-07-10 13:00:00,3202247.74,,
2026-07-10 14:00:00,3223840.92,,
2026-07-10 15:00:00,3185685.51,,
2026-07-10 16:00:00,3192753.44,,
2026-07-10 17:00:00,3208451.85,,
2026-07-10 18:00:00,3168875.85,,
2026-07-10 19:00:00,3163060.60,,
2026-07-10 20:00:00,3168970.32,,
2026-07-10 21:00:00,3188485.23,,
2026-07-10 22:00:00,3234515.47,,
2026-07-10 23:00:00,3239662.82,,
2026-07-11 00:00:00,3233847.66,,
2026-07-11 01:00:00,3254706.64,,
2026-07-11 02:00:00,3210277.20,,
2026-07-11 03:00:00,3242504.86,,
2026-07-11 04:00:00,3205767.70,,
2026-07-11 05:00:00,3170571.89,,
2026-07-11 06:00:00,3160097.52,,
2026-07-11 07:00:00,3130938.69,,
2026-07-11 08:00:00,3138480.73,,
2026-07-11 09:00:00,3147370.67,,
2026-07-11 10:00:00,3159830.05,,
2026-07-11 11:00:00,3155650.97,,
2026-07-11 12:00:00,3174300.36,,
2026-07-11 13:00:00,3204705.12,,
2026-07-11 14:00:00,3195376.97,,
2026-07-11 15:00:00,3199171.29,,
2026-07-11 16:00:00,3182970.53,,
2026-07-11 17:00:00,3180667.86,,
2026-07-11 18:00:00,3184035.59,,
2026-07-11 19:00:00,3168303.55,,
2026-07-11 20:00:00,3156893.04,,
2026-07-11 21:00:00,3162560.82,,
2026-07-11 22:00:00,3163407.82,,
2026-07-11 23:00:00,3141012.83,,
2026-07-12 00:00:00,3078725.36,,
2026-07-12 01:00:00,3037084.16,,
2026-07-12 02:00:00,3053301.20,,
2026-07-12 03:00:00,3062086.76,,
2026-07-12 04:00:00,3076492.58,,
2026-07-12 05:00:00,3051641.27,,
2026-07-12 06:00:00,3061199.18,,
2026-07-12 07:00:00,3047571.55,,
2026-07-12 08:00:00,3044065.61,,
2026-07-12 09:00:00,3040205.96,,
2026-07-12 10:00:00,3047051.52,,
2026-07-12 11:00:00,3058284.19,,
2026-07-12 12:00:00,3091856.92,,
2026-07-12 13:00:00,3092750.82,,
2026-07-12 14:00:00,3091869.85,,
2026-07-12 15:00:00,3116665.28,,
2026-07-12 16:00:00,3111161.25,,
2026-07-12 17:00:00,3105798.59,,
2026-07-12 18:00:00,3090977.88,,
2026-07-12 19:00:00,3098283.64,,
2026-07-12 20:00:00,3140147.13,,
2026-07-12 21:00:00,3118241.48,,
2026-07-12 22:00:00,3084664.51,,
2026-07-12 23:00:00,3064568.56,,
2026-07-13 00:00:00,3054083.71,,
2026-07-13 01:00:00,3064216.33,,
2026-07-13 02:00:00,3012619.38,,
2026-07-13 03:00:00,3019206.49,,
2026-07-13 04:00:00,2969683.75,,
2026-07-13 05:00:00,3007613.32,,
2026-07-13 06:00:00,3014959.77,,
2026-07-13 07:00:00,3007423.61,,
2026-07-13 08:00:00,3006214.66,,
2026-07-13 09:00:00,3045738.22,,
2026-07-13 10:00:00,3066359.92,,
2026-07-13 11:00:00,3058556.51,,
2026-07-13 12:00:00,3063050.85,,
2026-07-13 13:00:00,3062713.20,,
2026-07-13 14:00:00,3112268.87,,
2026-07-13 15:00:00,3147716.94,,
2026-07-13 16:00:00,3139994.91,,
2026-07-13 17:00:00,3084877.84,,
2026-07-13 18:00:00,3039480.92,,
2026-07-13 19:00:00,3044954.13,,
2026-07-13 20:00:00,3051366.05,,
2026-07-13 21:00:00,3082247.51,,
2026-07-13 22:00:00,3056726.70,,
2026-07-13 23:00:00,3038331.28,,
2026-07-14 00:00:00,3069123.19,,
2026-07-14 01:00:00,3124216.75,,
2026-07-14 02:00:00,3077690.63,,
2026-07-14 03:00:00,3087245.41,,
2026-07-14 04:00:00,3069177.11,,
2026-07-14 05:00:00,3101119.22,,
2026-07-14 06:00:00,3127947.87,,
2026-07-14 07:00:00,3138345.44,,
2026-07-14 08:00:00,3092688.62,,
2026-07-14 09:00:00,3065083.13,,
2026-07-14 10:00:00,3038270.85,,
2026-07-14 11:00:00,3034495.24,,
2026-07-14 12:00:00,3023147.61,,
2026-07-14 13:00:00,3077416.30,,
2026-07-14 14:00:00,3061762.15,,
2026-07-14 15:00:00,3095082.36,,
2026-07-14 16:00:00,3124337.30,,
2026-07-14 17:00:00,3106491.92,,
2026-07-14 18:00:00,3079559.63,,
2026-07-14 19:00:00,3067777.69,,
2026-07-14 20:00:00,3065104.74,,
2026-07-14 21:00:00,3076978.56,,
2026-07-14 22:00:00,3162846.13,,
2026-07-14 23:00:00,3117262.34,,
2026-07-15 00:00:00,3101463.49,,
2026-07-15 01:00:00,3065367.48,,
2026-07-15 02:00:00,3031020.91,,
2026-07-15 03:00:00,3026727.81,,
2026-07-15 04:00:00,3049969.74,,
2026-07-15 05:00:00,3029520.49,,
2026-07-15 06:00:00,3033935.69,,
2026-07-15 07:00:00,3030517.10,,
2026-07-15 08:00:00,2995601.82,,
2026-07-15 09:00:00,3003221.97,,
2026-07-15 10:00:00,3008049.70,,
2026-07-15 11:00:00,3015637.50,,
2026-07-15 12:00:00,3001625.97,,
2026-07-15 13:00:00,3067547.50,,
2026-07-15 14:00:00,3028153.34,,
2026-07-15 15:00:00,3024739.66,,
2026-07-15 16:00:00,3031530.69,,
2026-07-15 17:00:00,3025902.09,,
2026-07-15 18:00:00,3031620.94,,
2026-07-15 19:00:00,3008649.66,,
2026-07-15 20:00:00,3003618.39,,
2026-07-15 21:00:00,3017492.46,,
2026-07-15 22:00:00,3021384.10,,
2026-07-15 23:00:00,3043460.53,,
2026-07-16 00:00:00,3042898.33,,
2026-07-16 01:00:00,3032490.69,,
2026-07-16 02:00:00,3051645.04,,
2026-07-16 03:00:00,3055054.31,,
2026-07-16 04:00:00,3044793.82,,
2026-07-16 05:00:00,3017337.87,,
2026-07-16 06:00:00,3043391.39,,
2026-07-16 07:00:00,3030672.11,,
2026-07-16 08:00:00,3009094.07,,
2026-07-16 09:00:00,3002601.90,,
2026-07-16 10:00:00,3001276.28,,
2026-07-16 11:00:00,3007689.98,,
2026-07-16 12:00:00,3016452.13,,
2026-07-16 13:00:00,3001393.78,,
2026-07-16 14:00:00,3047312.87,,
2026-07-16 15:00:00,3032907.57,,
2026-07-16 16:00:00,3037673.70,,
2026-07-16 17:00:00,3014860.68,,
2026-07-16 18:00:00,2996177.64,,
2026-07-16 19:00:00,2997925.79,,
2026-07-16 20:00:00,2999574.95,,
2026-07-16 21:00:00,2991684.76,,
2026-07-16 22:00:00,2992652.24,,
2026-07-16 23:00:00,2962408.90,,
2026-07-17 00:00:00,2973111.70,,
2026-07-17 01:00:00,3020984.11,,
2026-07-17 02:00:00,2977791.78,,
2026-07-17 03:00:00,2971833.86,,
2026-07-17 04:00:00,2987906.40,,
2026-07-17 05:00:00,3022254.52,,
2026-07-17 06:00:00,2982397.29,,
2026-07-17 07:00:00,3015617.93,,
2026-07-17 08:00:00,3026670.44,,
2026-07-17 09:00:00,3051940.29,,
2026-07-17 10:00:00,3102460.09,,
2026-07-17 11:00:00,3121356.27,,
2026-07-17 12:00:00,3108433.85,,
2026-07-17 13:00:00,3080435.12,,
2026-07-17 14:00:00,3059684.66,,
2026-07-17 15:00:00,3064736.77,,
2026-07-17 16:00:00,3094741.90,,
2026-07-17 17:00:00,3071823.33,,
2026-07-17 18:00:00,3089107.21,,
2026-07-17 19:00:00,3106148.83,,
2026-07-17 20:00:00,3066164.63,,
2026-07-17 21:00:00,3041392.43,,
2026-07-17 22:00:00,3019130.68,,
2026-07-17 23:00:00,3031423.09,,
2026-07-18 00:00:00,3035125.18,,
2026-07-18 01:00:00,3002794.42,,
2026-07-18 02:00:00,3016731.18,,
2026-07-18 03:00:00,3025032.84,,
2026-07-18 04:00:00,3007384.72,,
2026-07-18 05:00:00,3005836.63,,
2026-07-18 06:00:00,2975164.10,,
2026-07-18 07:00:00,2978027.35,,
2026-07-18 08:00:00,2980194.49,,
2026-07-18 09:00:00,2979012.73,,
2026-07-18 10:00:00,2989378.65,,
2026-07-18 11:00:00,3001049.82,,
2026-07-18 12:00:00,3015496.09,,
2026-07-18 13:00:00,3023180.82,,
2026-07-18 14:00:00,3016335.93,,
2026-07-18 15:00:00,3019022.83,,
2026-07-18 16:00:00,3037449.00,,
2026-07-18 17:00:00,3041453.84,,
2026-07-18 18:00:00,3037786.45,,
2026-07-18 19:00:00,3028393.42,,
2026-07-18 20:00:00,3018166.02,,
2026-07-18 21:00:00,3017571.93,,
2026-07-18 22:00:00,3053749.19,,
2026-07-18 23:00:00,3037813.92,,
2026-07-19 00:00:00,3024077.72,,
2026-07-19 01:00:00,3014490.72,,
2026-07-19 02:00:00,3005406.09,,
2026-07-19 03:00:00,3008679.68,,
2026-07-19 04:00:00,2992574.81,,
2026-07-19 05:00:00,2986043.73,,
2026-07-19 06:00:00,2993376.47,,
2026-07-19 07:00:00,3006617.98,,
2026-07-19 08:00:00,2969625.37,,
2026-07-19 09:00:00,2979702.67,,
2026-07-19 10:00:00,2968889.87,,
2026-07-19 11:00:00,2976964.68,,
2026-07-19 12:00:00,2973832.62,,
2026-07-19 13:00:00,2987199.98,,
2026-07-19 14:00:00,2961024.35,,
2026-07-19 15:00:00,2992722.74,,
2026-07-19 16:00:00,2988722.31,,
2026-07-19 17:00:00,3001635.91,,
2026-07-19 18:00:00,2990525.36,,
2026-07-19 19:00:00,2982135.59,,
2026-07-19 20:00:00,2996822.29,,
2026-07-19 21:00:00,3005210.60,,
2026-07-19 22:00:00,2980302.27,,
2026-07-19 23:00:00,2996395.96,,
2026-07-20 00:00:00,2980636.96,,
2026-07-20 01:00:00,2985203.32,,
2026-07-20 02:00:00,2989160.52,,
2026-07-20 03:00:00,3018114.51,,
2026-07-20 04:00:00,2986305.52,,
2026-07-20 05:00:00,2935448.63,,
2026-07-20 06:00:00,2896742.78,,
2026-07-20 07:00:00,2908403.64,,
2026-07-20 08:00:00,2951050.63,,
2026-07-20 09:00:00,2927655.75,,
2026-07-20 10:00:00,2967336.65,,
2026-07-20 11:00:00,2974599.10,,
2026-07-20 12:00:00,2979370.40,,
2026-07-20 13:00:00,2953014.05,,
2026-07-20 14:00:00,2914369.80,,
2026-07-20 15:00:00,2925198.62,,
2026-07-20 16:00:00,2968079.99,,
2026-07-20 17:00:00,3164023.09,,
2026-07-20 18:00:00,3171507.37,,
2026-07-20 19:00:00,3149310.34,,
2026-07-20 20:00:00,3124976.97,,
2026-07-20 21:00:00,3131795.31,,
2026-07-20 22:00:00,3084809.46,,
2026-07-20 23:00:00,3065834.95,,
2026-07-21 00:00:00,3080229.68,,
2026-07-21 01:00:00,3130674.86,,
2026-07-21 02:00:00,3090828.60,,
2026-07-21 03:00:00,3094860.02,,
2026-07-21 04:00:00,3168426.77,,
2026-07-21 05:00:00,3141801.39,,
2026-07-21 06:00:00,3189642.08,,
2026-07-21 07:00:00,3293264.93,,
2026-07-21 08:00:00,3313868.98,,
2026-07-21 09:00:00,3275487.79,,
2026-07-21 10:00:00,3295602.65,,
2026-07-21 11:00:00,3270097.35,,
2026-07-21 12:00:00,3261253.76,,
2026-07-21 13:00:00,3247122.25,,
2026-07-21 14:00:00,3246004.68,,
2026-07-21 15:00:00,3226850.50,,
2026-07-21 16:00:00,3244813.40,,
2026-07-21 17:00:00,3237268.02,,
2026-07-21 18:00:00,3220437.06,,
2026-07-21 19:00:00,3231618.69,,
2026-07-21 20:00:00,3216201.30,,
2026-07-21 21:00:00,3214483.70,,
2026-07-21 22:00:00,3220493.43,,
2026-07-21 23:00:00,3209011.64,,
2026-07-22 00:00:00,3209521.51,,
2026-07-22 01:00:00,3176331.33,,
2026-07-22 02:00:00,3149932.13,,
2026-07-22 03:00:00,3148312.85,,
2026-07-22 04:00:00,3124344.82,,
2026-07-22 05:00:00,3121928.65,,
2026-07-22 06:00:00,3079731.58,,
2026-07-22 07:00:00,3064532.61,,
2026-07-22 08:00:00,3092261.25,,
2026-07-22 09:00:00,3085016.03,,
2026-07-22 10:00:00,3103272.32,,
2026-07-22 11:00:00,3155580.55,,
2026-07-22 12:00:00,3174082.84,,
2026-07-22 13:00:00,3158695.81,,
2026-07-22 14:00:00,3204695.05,,
2026-07-22 15:00:00,3190872.60,,
2026-07-22 16:00:00,3158631.85,,
2026-07-22 17:00:00,3187756.86,,
2026-07-22 18:00:00,3166788.49,,
2026-07-22 19:00:00,3141414.45,,
2026-07-22 20:00:00,3132201.57,,
2026-07-22 21:00:00,3129712.55,,
2026-07-22 22:00:00,3119080.73,,
2026-07-22 23:00:00,3134754.34,,
2026-07-23 00:00:00,3118570.56,,
2026-07-23 01:00:00,3126734.72,,
2026-07-23 02:00:00,3115214.87,,
2026-07-23 03:00:00,3110281.39,,
2026-07-23 04:00:00,3119762.92,,
2026-07-23 05:00:00,3172077.31,,
2026-07-23 06:00:00,3140360.97,,
2026-07-23 07:00:00,3141150.28,,
2026-07-23 08:00:00,3133501.93,,
2026-07-23 09:00:00,3146504.55,,
2026-07-23 10:00:00,3114911.76,,
2026-07-23 11:00:00,3116904.25,,
2026-07-23 12:00:00,3118202.19,,
2026-07-23 13:00:00,3108783.53,,
2026-07-23 14:00:00,3088101.23,,
2026-07-23 15:00:00,3104600.34,,
2026-07-23 16:00:00,3090258.37,,
2026-07-23 17:00:00,3066013.48,,
2026-07-23 18:00:00,3035486.84,,
2026-07-23 19:00:00,3044908.56,,
2026-07-23 20:00:00,3059012.43,,
2026-07-23 21:00:00,3100300.80,,
2026-07-23 22:00:00,3096619.93,,
2026-07-23 23:00:00,3085938.71,,
2026-07-24 00:00:00,3074439.18,,
2026-07-24 01:00:00,3089496.60,,
2026-07-24 02:00:00,3110724.00,,
2026-07-24 03:00:00,3113349.92,,
2026-07-24 04:00:00,3141925.71,,
2026-07-24 05:00:00,3156827.15,,
2026-07-24 06:00:00,3149492.95,,
2026-07-24 07:00:00,3145664.70,,
2026-07-24 08:00:00,3103946.51,,
2026-07-24 09:00:00,3079067.07,,
2026-07-24 10:00:00,3094456.16,,
2026-07-24 11:00:00,3088863.67,,
2026-07-24 12:00:00,3092884.45,,
2026-07-24 13:00:00,3079578.60,,
2026-07-24 14:00:00,3079144.85,,
2026-07-24 15:00:00,3072232.75,,
2026-07-24 16:00:00,3081422.79,,
2026-07-24 17:00:00,3049931.58,,
2026-07-24 18:00:00,3079461.39,,
2026-07-24 19:00:00,3066605.83,,
2026-07-24 20:00:00,3058966.17,,
2026-07-24 21:00:00,3057991.56,,
2026-07-24 22:00:00,3036586.66,,
2026-07-24 23:00:00,3072895.75,,
2026-07-25 00:00:00,3080941.03,,
2026-07-25 01:00:00,3105198.53,,
2026-07-25 02:00:00,3120478.87,,
2026-07-25 03:00:00,3114959.35,,
2026-07-25 04:00:00,3111045.67,,
2026-07-25 05:00:00,3115618.22,,
2026-07-25 06:00:00,3101004.94,,
2026-07-25 07:00:00,3100188.02,,
2026-07-25 08:00:00,3108160.92,,
2026-07-25 09:00:00,3080288.08,,
2026-07-25 10:00:00,3084561.26,,
2026-07-25 11:00:00,3105301.00,,
2026-07-25 12:00:00,3103607.44,,
2026-07-25 13:00:00,3117091.19,,
2026-07-25 14:00:00,3111760.79,,
2026-07-25 15:00:00,3104153.20,,
2026-07-25 16:00:00,3116619.09,,
2026-07-25 17:00:00,3133175.11,,
2026-07-25 18:00:00,3134977.24,,
2026-07-25 19:00:00,3127694.40,,
2026-07-25 20:00:00,3123923.15,,
2026-07-25 21:00:00,3123082.21,,
2026-07-25 22:00:00,3135324.19,,
2026-07-25 23:00:00,3136324.32,,
2026-07-26 00:00:00,3124080.24,,
2026-07-26 01:00:00,3110470.20,,
2026-07-26 02:00:00,3107221.42,,
2026-07-26 03:00:00,3129930.27,,
2026-07-26 04:00:00,3134412.75,,
2026-07-26 05:00:00,3138108.81,,
2026-07-26 06:00:00,3169500.12,,
2026-07-26 07:00:00,3184409.22,,
2026-07-26 08:00:00,3196777.19,,
2026-07-26 09:00:00,3270106.01,,
2026-07-26 10:00:00,3233204.60,,
2026-07-26 11:00:00,3221623.89,,
2026-07-26 12:00:00,3172817.22,,
2026-07-26 13:00:00,3144746.27,,
2026-07-26 14:00:00,3118544.33,,
2026-07-26 15:00:00,3106285.54,,
2026-07-26 16:00:00,3118572.11,,
2026-07-26 17:00:00,3128270.33,,
2026-07-26 18:00:00,3106461.59,,
2026-07-26 19:00:00,3090843.78,,
2026-07-26 20:00:00,3081531.08,,
2026-07-26 21:00:00,3068473.02,,
2026-07-26 22:00:00,3078351.53,,
2026-07-26 23:00:00,3098911.68,,
2026-07-27 00:00:00,3100779.59,,
2026-07-27 01:00:00,3067953.73,,
2026-07-27 02:00:00,3079003.52,,
2026-07-27 03:00:00,3079531.54,,
2026-07-27 04:00:00,3060488.46,,
2026-07-27 05:00:00,3040898.43,,
2026-07-27 06:00:00,3050261.04,,
2026-07-27 07:00:00,3036323.67,,
2026-07-27 08:00:00,3026749.61,,
2026-07-27 09:00:00,3021013.78,,
2026-07-27 10:00:00,3046270.77,,
2026-07-27 11:00:00,3099022.18,,
2026-07-27 12:00:00,3084661.40,,
2026-07-27 13:00:00,3091493.43,,
2026-07-27 14:00:00,3090912.90,,
2026-07-27 15:00:00,2953497.30,,
2026-07-27 16:00:00,2949652.89,,
2026-07-27 17:00:00,2976170.56,,
2026-07-27 18:00:00,2983538.78,,
2026-07-27 19:00:00,2974397.78,,
2026-07-27 20:00:00,2973176.37,,
2026-07-27 21:00:00,2980084.22,,
2026-07-27 22:00:00,2963592.94,,
2026-07-27 23:00:00,2770840.20,,
2026-07-28 00:00:00,2773580.85,,
2026-07-28 01:00:00,2802057.06,,
2026-07-28 02:00:00,2762443.32,,
2026-07-28 03:00:00,2798463.88,,
2026-07-28 04:00:00,2820741.96,,
2026-07-28 05:00:00,2812695.98,,
2026-07-28 06:00:00,2815893.86,,
2026-07-28 07:00:00,2786678.00,,
2026-07-28 08:00:00,2777719.09,,
2026-07-28 09:00:00,2790748.49,,
2026-07-28 10:00:00,2801750.54,,
2026-07-28 11:00:00,2796409.45,,
2026-07-28 12:00:00,2791474.90,,
2026-07-28 13:00:00,2800754.23,,
2026-07-28 14:00:00,2765608.61,,
2026-07-28 15:00:00,2782595.17,,
2026-07-28 16:00:00,2830243.99,,
2026-07-28 17:00:00,2806323.77,,
2026-07-28 18:00:00,2774894.04,,
2026-07-28 19:00:00,2771429.62,,
2026-07-28 20:00:00,2787179.79,,
2026-07-28 21:00:00,2783570.13,,
2026-07-28 22:00:00,2788019.63,,
2026-07-28 23:00:00,2740233.55,,
2026-07-29 00:00:00,2762015.21,,
2026-07-29 01:00:00,2759412.02,,
2026-07-29 02:00:00,2707410.40,,
2026-07-29 03:00:00,2728651.73,,
2026-07-29 04:00:00,2668940.28,,
2026-07-29 05:00:00,2700257.28,,
2026-07-29 06:00:00,2697315.91,,
2026-07-29 07:00:00,2707581.91,,
2026-07-29 08:00:00,2726863.47,,
2026-07-29 09:00:00,2697372.11,,
2026-07-29 10:00:00,2728600.93,,
2026-07-29 11:00:00,2711702.93,,
2026-07-29 12:00:00,2698526.89,,
2026-07-29 13:00:00,2667114.94,,
2026-07-29 14:00:00,2690031.15,,
2026-07-29 15:00:00,2662495.92,,
2026-07-29 16:00:00,2688900.77,,
2026-07-29 17:00:00,2705501.73,,
2026-07-29 18:00:00,2752189.64,,
2026-07-29 19:00:00,2741323.11,,
2026-07-29 20:00:00,2664859.85,,
2026-07-29 21:00:00,2650688.55,,
2026-07-29 22:00:00,2700884.93,,
2026-07-29 23:00:00,2710236.60,,
2026-07-30 00:00:00,2727640.46,,
2026-07-30 01:00:00,2726759.02,,
2026-07-30 02:00:00,2782469.50,,
2026-07-30 03:00:00,2780366.18,,
2026-07-30 04:00:00,2784271.84,,
2026-07-30 05:00:00,2769963.27,,
2026-07-30 06:00:00,2780299.26,,
2026-07-30 07:00:00,2769872.25,,
2026-07-30 08:00:00,2763253.54,,
2026-07-30 09:00:00,2783474.47,,
2026-07-30 10:00:00,2781903.45,,
2026-07-30 11:00:00,2766730.81,,
2026-07-30 12:00:00,2778337.58,,
2026-07-30 13:00:00,2801509.39,,
2026-07-30 14:00:00,2833535.29,,
2026-07-30 15:00:00,2831447.25,,
2026-07-30 16:00:00,2784677.70,,
2026-07-30 17:00:00,2827848.75,,
2026-07-30 18:00:00,2912554.73,,
2026-07-30 19:00:00,2955565.68,,
2026-07-30 20:00:00,2998525.66,,
2026-07-30 21:00:00,2939081.37,,
2026-07-30 22:00:00,2929170.44,,
2026-07-30 23:00:00,2897697.97,,
2026-07-31 00:00:00,3013036.30,,
2026-07-31 01:00:00,3152792.16,,
2026-07-31 02:00:00,3116842.34,,
2026-07-31 03:00:00,3108113.92,,
2026-07-31 04:00:00,3111118.42,,
2026-07-31 05:00:00,3057154.17,,
2026-07-31 06:00:00,3056304.00,,
2026-07-31 07:00:00,3038833.28,,
2026-07-31 08:00:00,3065796.98,,
2026-07-31 09:00:00,2991629.68,,
2026-07-31 10:00:00,3003574.96,,
2026-07-31 11:00:00,3012248.82,,
2026-07-31 12:00:00,2980725.74,,
2026-07-31 13:00:00,2978371.10,,
2026-07-31 14:00:00,2956926.60,,
2026-07-31 15:00:00,2974576.41,,
2026-07-31 16:00:00,2909962.56,,
2026-07-31 17:00:00,2920127.48,,
2026-07-31 18:00:00,2917066.32,,
2026-07-31 19:00:00,2899484.78,,
2026-07-31 20:00:00,2904238.35,,
2026-07-31 21:00:00,2892585.98,,
2026-07-31 22:00:00,2883127.37,,
2026-07-31 23:00:00,2884917.01,,
2026-08-01 00:00:00,2883236.57,,
2026-08-01 01:00:00,2889404.65,,
2026-08-01 02:00:00,2898706.49,,
2026-08-01 03:00:00,2898913.87,,
2026-08-01 04:00:00,2903415.27,,
2026-08-01 05:00:00,2902902.20,,
2026-08-01 06:00:00,2895642.46,,
2026-08-01 07:00:00,2902284.71,,
2026-08-01 08:00:00,2874452.31,,
2026-08-01 09:00:00,2893487.49,,
2026-08-01 10:00:00,2884255.98,,
2026-08-01 11:00:00,2889556.99,,
2026-08-01 12:00:00,2890413.62,,
2026-08-01 13:00:00,2922126.52,,
2026-08-01 14:00:00,2937886.57,,
2026-08-01 15:00:00,2932364.37,,
2026-08-01 16:00:00,2898189.42,,
2026-08-01 17:00:00,2891832.61,,
2026-08-01 18:00:00,2834221.34,,
2026-08-01 19:00:00,2798168.69,,
2026-08-01 20:00:00,2798127.55,,
2026-08-01 21:00:00,2793019.28,,
2026-08-01 22:00:00,2810574.63,,
2026-08-01 23:00:00,2795793.86,,
2026-08-02 00:00:00,2820081.13,,
2026-08-02 01:00:00,2852417.19,,
2026-08-02 02:00:00,2888350.44,,
2026-08-02 03:00:00,2903734.30,,
2026-08-02 04:00:00,2892561.25,,
2026-08-02 05:00:00,2878129.63,,
2026-08-02 06:00:00,2883175.01,,
2026-08-02 07:00:00,2868016.00,,
2026-08-02 08:00:00,2874184.58,,
2026-08-02 09:00:00,2852855.75,,
2026-08-02 10:00:00,2862850.66,,
2026-08-02 11:00:00,2847618.31,,
2026-08-02 12:00:00,2834940.80,,
2026-08-02 13:00:00,2834695.82,,
2026-08-02 14:00:00,2820678.34,,
2026-08-02 15:00:00,2837443.51,,
2026-08-02 16:00:00,2836246.05,,
2026-08-02 17:00:00,2827988.56,,
2026-08-02 18:00:00,2830334.18,,
2026-08-02 19:00:00,2845415.51,,
2026-08-02 20:00:00,2836607.36,,
2026-08-02 21:00:00,2838544.71,,
2026-08-02 22:00:00,2858956.83,,
2026-08-02 23:00:00,2836679.39,,
2026-08-03 00:00:00,2836332.63,,
2026-08-03 01:00:00,2799698.72,,
2026-08-03 02:00:00,2798044.90,,
2026-08-03 03:00:00,2781907.61,,
2026-08-03 04:00:00,2774314.65,,
2026-08-03 05:00:00,2795043.92,,
2026-08-03 06:00:00,2802563.37,,
2026-08-03 07:00:00,2773619.37,,
2026-08-03 08:00:00,2769617.79,,
2026-08-03 09:00:00,2768239.19,,
2026-08-03 10:00:00,2775250.56,,
2026-08-03 11:00:00,2760062.04,,
2026-08-03 12:00:00,2764031.88,,
2026-08-03 13:00:00,2770376.14,,
2026-08-03 14:00:00,2822893.50,,
2026-08-03 15:00:00,2830438.42,,
2026-08-03 16:00:00,2815916.88,,
2026-08-03 17:00:00,2874775.50,,
2026-08-03 18:00:00,2850767.12,,
2026-08-03 19:00:00,2845469.64,,
2026-08-03 20:00:00,2829993.92,,
2026-08-03 21:00:00,2814365.88,,
2026-08-03 22:00:00,2814120.63,,
2026-08-03 23:00:00,2798024.72,,
2026-08-04 00:00:00,2785987.75,,
2026-08-04 01:00:00,2759748.64,,
2026-08-04 02:00:00,2798344.99,,
2026-08-04 03:00:00,2762892.69,,
2026-08-04 04:00:00,2774725.84,,
2026-08-04 05:00:00,2792225.61,,
2026-08-04 06:00:00,2793893.19,,
2026-08-04 07:00:00,2768727.19,,
2026-08-04 08:00:00,2763896.30,,
2026-08-04 09:00:00,2753215.10,,
2026-08-04 10:00:00,2736983.94,,
2026-08-04 11:00:00,2753238.92,,
2026-08-04 12:00:00,2772535.33,,
2026-08-04 13:00:00,2761352.59,,
2026-08-04 14:00:00,2724081.01,,
2026-08-04 15:00:00,2724985.65,,
2026-08-04 16:00:00,2706430.18,,
2026-08-04 17:00:00,2710370.88,,
2026-08-04 18:00:00,2709391.31,,
2026-08-04 19:00:00,2719265.44,,
2026-08-04 20:00:00,2709644.37,,
2026-08-04 21:00:00,2726567.86,,
2026-08-04 22:00:00,2731019.82,,
2026-08-04 23:00:00,2792453.61,,
2026-08-05 00:00:00,2774291.36,,
2026-08-05 01:00:00,2750169.66,,
2026-08-05 02:00:00,2761000.01,,
2026-08-05 03:00:00,2767062.09,,
2026-08-05 04:00:00,2742722.37,,
2026-08-05 05:00:00,2787559.97,,
2026-08-05 06:00:00,2819435.93,,
2026-08-05 07:00:00,2850020.15,,
2026-08-05 08:00:00,2833762.66,,
2026-08-05 09:00:00,2823666.67,,
2026-08-05 10:00:00,2807693.46,,
2026-08-05 11:00:00,2788911.46,,
2026-08-05 12:00:00,2782160.85,,
2026-08-05 13:00:00,2793436.27,,
2026-08-05 14:00:00,2791797.17,,
2026-08-05 15:00:00,2806654.47,,
2026-08-05 16:00:00,2786749.99,,
2026-08-05 17:00:00,2786233.61,,
2026-08-05 18:00:00,2806717.73,,
2026-08-05 19:00:00,2797728.32,,
2026-08-05 20:00:00,2789320.31,,
2026-08-05 21:00:00,2796822.34,,
2026-08-05 22:00:00,2781698.15,,
2026-08-05 23:00:00,2775918.03,,
2026-08-06 00:00:00,2775445.00,,
2026-08-06 01:00:00,2761167.94,,
2026-08-06 02:00:00,2746031.42,,
2026-08-06 03:00:00,2709763.09,,
2026-08-06 04:00:00,2730737.16,,
2026-08-06 05:00:00,2751604.92,,
2026-08-06 06:00:00,2737772.07,,
2026-08-06 07:00:00,2790086.98,,
2026-08-06 08:00:00,2799482.82,,
2026-08-06 09:00:00,2814804.24,,
2026-08-06 10:00:00,2808010.81,,
2026-08-06 11:00:00,2795879.86,,
2026-08-06 12:00:00,2816677.90,,
2026-08-06 13:00:00,2811422.47,,
2026-08-06 14:00:00,2833973.80,,
2026-08-06 15:00:00,2826511.28,,
2026-08-06 16:00:00,2787391.05,,
2026-08-06 17:00:00,2845393.11,,
2026-08-06 18:00:00,2821147.97,,
2026-08-06 19:00:00,2812068.71,,
2026-08-06 20:00:00,2817069.22,,
2026-08-06 21:00:00,2818071.13,,
2026-08-06 22:00:00,2878659.09,,
2026-08-06 23:00:00,2840008.12,,
2026-08-07 00:00:00,2824961.30,,
2026-08-07 01:00:00,2848269.69,,
2026-08-07 02:00:00,2815343.62,,
2026-08-07 03:00:00,2798264.16,,
2026-08-07 04:00:00,2773731.72,,
2026-08-07 05:00:00,2781323.70,,
2026-08-07 06:00:00,2802473.61,,
2026-08-07 07:00:00,2810631.37,,
2026-08-07 08:00:00,2798846.36,,
2026-08-07 09:00:00,2809327.29,,
2026-08-07 10:00:00,2824590.04,,
2026-08-07 11:00:00,2824075.36,,
2026-08-07 12:00:00,2798970.33,,
2026-08-07 13:00:00,2793983.99,,
2026-08-07 14:00:00,2744861.44,,
2026-08-07 15:00:00,2712742.75,,
2026-08-07 16:00:00,2741518.68,,
2026-08-07 17:00:00,2747555.16,,
2026-08-07 18:00:00,2727182.22,,
2026-08-07 19:00:00,2728148.92,,
2026-08-07 20:00:00,2732775.59,,
2026-08-07 21:00:00,2716794.85,,
2026-08-07 22:00:00,2701916.97,,
2026-08-07 23:00:00,2711224.80,,
2026-08-08 00:00:00,2721168.02,,
2026-08-08 01:00:00,2736848.71,,
2026-08-08 02:00:00,2743313.42,,
2026-08-08 03:00:00,2758148.81,,
2026-08-08 04:00:00,2758307.97,,
2026-08-08 05:00:00,2731930.92,,
2026-08-08 06:00:00,2747772.04,,
2026-08-08 07:00:00,2734802.62,,
2026-08-08 08:00:00,2740845.47,,
2026-08-08 09:00:00,2737456.92,,
2026-08-08 10:00:00,2733447.44,,
2026-08-08 11:00:00,2737718.76,,
2026-08-08 12:00:00,2735098.65,,
2026-08-08 13:00:00,2746665.60,,
2026-08-08 14:00:00,2744254.82,,
2026-08-08 15:00:00,2739423.71,,
2026-08-08 16:00:00,2736550.42,,
2026-08-08 17:00:00,2736831.48,,
2026-08-08 18:00:00,2718162.83,,
2026-08-08 19:00:00,2722616.33,,
2026-08-08 20:00:00,2711567.23,,
2026-08-08 21:00:00,2718362.71,,
2026-08-08 22:00:00,2730170.58,,
2026-08-08 23:00:00,2723404.62,,
2026-08-09 00:00:00,2729022.71,,
2026-08-09 01:00:00,2727003.93,,
2026-08-09 02:00:00,2694857.87,,
2026-08-09 03:00:00,2694599.69,,
2026-08-09 04:00:00,2713358.47,,
2026-08-09 05:00:00,2759544.38,,
2026-08-09 06:00:00,2752083.71,,
2026-08-09 07:00:00,2882260.35,,
2026-08-09 08:00:00,2883360.18,,
2026-08-09 09:00:00,2864612.30,,
2026-08-09 10:00:00,2949333.48,,
2026-08-09 11:00:00,2901764.52,,
2026-08-09 12:00:00,2896803.79,,
2026-08-09 13:00:00,2862840.75,,
2026-08-09 14:00:00,2965324.35,,
2026-08-09 15:00:00,2997606.62,,
2026-08-09 16:00:00,3075410.35,,
2026-08-09 17:00:00,3065017.00,,
2026-08-09 18:00:00,3050785.36,,
2026-08-09 19:00:00,3005595.34,,
2026-08-09 20:00:00,3035936.25,,
2026-08-09 21:00:00,2999064.01,,
2026-08-09 22:00:00,2975108.90,,
2026-08-09 23:00:00,2940116.93,,
2026-08-10 00:00:00,2929960.76,,
2026-08-10 01:00:00,2954488.85,,
2026-08-10 02:00:00,2960064.22,,
2026-08-10 03:00:00,2990927.96,,
2026-08-10 04:00:00,2933805.14,,
2026-08-10 05:00:00,2948600.20,,
2026-08-10 06:00:00,2998232.09,,
2026-08-10 07:00:00,2953147.03,,
2026-08-10 08:00:00,2973315.92,,
2026-08-10 09:00:00,2946637.03,,
2026-08-10 10:00:00,2949698.84,,
2026-08-10 11:00:00,2946598.18,,
2026-08-10 12:00:00,2982257.32,,
2026-08-10 13:00:00,2970422.85,,
2026-08-10 14:00:00,2881322.24,,
2026-08-10 15:00:00,2857050.53,,
2026-08-10 16:00:00,2850450.53,,
2026-08-10 17:00:00,2806765.38,,
2026-08-10 18:00:00,2822974.44,,
2026-08-10 19:00:00,2802152.78,,
2026-08-10 20:00:00,2788122.30,,
2026-08-10 21:00:00,2779766.71,,
2026-08-10 22:00:00,2757148.65,,
2026-08-10 23:00:00,2761390.36,,
2026-08-11 00:00:00,2792077.16,,
2026-08-11 01:00:00,2805830.06,,
2026-08-11 02:00:00,2791309.07,,
2026-08-11 03:00:00,2783359.37,,
2026-08-11 04:00:00,2817061.29,,
2026-08-11 05:00:00,2827184.93,,
2026-08-11 06:00:00,2835199.88,,
2026-08-11 07:00:00,2830351.05,,
2026-08-11 08:00:00,2814110.92,,
2026-08-11 09:00:00,2853024.95,,
2026-08-11 10:00:00,2845042.59,,
2026-08-11 11:00:00,2855185.47,,
2026-08-11 12:00:00,2810547.66,,
2026-08-11 13:00:00,2832143.64,,
2026-08-11 14:00:00,2832225.21,,
2026-08-11 15:00:00,2793224.09,,
2026-08-11 16:00:00,2757754.39,,
2026-08-11 17:00:00,2777351.12,,
2026-08-11 18:00:00,2767564.93,,
2026-08-11 19:00:00,2769402.38,,
2026-08-11 20:00:00,2778547.80,,
2026-08-11 21:00:00,2763012.98,,
2026-08-11 22:00:00,2797500.04,,
2026-08-11 23:00:00,2798900.71,,
2026-08-12 00:00:00,2768832.78,,
2026-08-12 01:00:00,2763854.41,,
2026-08-12 02:00:00,2805621.57,,
2026-08-12 03:00:00,2814488.47,,
2026-08-12 04:00:00,2801471.65,,
2026-08-12 05:00:00,2816796.27,,
2026-08-12 06:00:00,2789594.40,,
2026-08-12 07:00:00,2788092.18,,
2026-08-12 08:00:00,2791784.96,,
2026-08-12 09:00:00,2804383.67,,
2026-08-12 10:00:00,2851072.83,,
2026-08-12 11:00:00,2819138.11,,
2026-08-12 12:00:00,2836632.85,,
2026-08-12 13:00:00,2804286.21,,
2026-08-12 14:00:00,2802647.83,,
2026-08-12 15:00:00,2772386.15,,
2026-08-12 16:00:00,2774432.83,,
2026-08-12 17:00:00,2763946.70,,
2026-08-12 18:00:00,2743539.19,,
2026-08-12 19:00:00,2728903.19,,
2026-08-12 20:00:00,2713888.03,,
2026-08-12 21:00:00,2720807.18,,
2026-08-12 22:00:00,2601208.32,,
2026-08-12 23:00:00,2631757.19,,
2026-08-13 00:00:00,2619905.84,,
2026-08-13 01:00:00,2619363.81,,
2026-08-13 02:00:00,2620182.70,,
2026-08-13 03:00:00,2612304.09,,
2026-08-13 04:00:00,2625764.51,,
2026-08-13 05:00:00,2622117.98,,
2026-08-13 06:00:00,2616905.97,,
2026-08-13 07:00:00,2608439.68,,
2026-08-13 08:00:00,2589885.43,,
2026-08-13 09:00:00,2586851.94,,
2026-08-13 10:00:00,2612317.37,,
2026-08-13 11:00:00,2608819.37,,
2026-08-13 12:00:00,2573392.84,,
2026-08-13 13:00:00,2585688.50,,
2026-08-13 14:00:00,2576460.14,,
2026-08-13 15:00:00,2595611.23,,
2026-08-13 16:00:00,2535003.36,,
2026-08-13 17:00:00,2486750.64,,
2026-08-13 18:00:00,2495702.34,,
2026-08-13 19:00:00,2518819.00,,
2026-08-13 20:00:00,2507794.49,,
2026-08-13 21:00:00,2512912.04,,
2026-08-13 22:00:00,2621205.83,,
2026-08-13 23:00:00,2560949.96,,
2026-08-14 00:00:00,2529780.74,,
2026-08-14 01:00:00,2516966.45,,
2026-08-14 02:00:00,2500049.54,,
2026-08-14 03:00:00,2487198.45,,
2026-08-14 04:00:00,2435711.06,,
2026-08-14 05:00:00,2433711.85,,
2026-08-14 06:00:00,2436373.82,,
2026-08-14 07:00:00,2423524.33,,
2026-08-14 08:00:00,2395434.78,,
2026-08-14 09:00:00,2393739.87,,
2026-08-14 10:00:00,2362811.61,,
2026-08-14 11:00:00,2379878.67,,
2026-08-14 12:00:00,2391500.34,,
2026-08-14 13:00:00,2393993.82,,
2026-08-14 14:00:00,2441839.69,,
2026-08-14 15:00:00,2436096.57,,
2026-08-14 16:00:00,2452940.12,,
2026-08-14 17:00:00,2457065.63,,
2026-08-14 18:00:00,2482733.02,,
2026-08-14 19:00:00,2442399.47,,
2026-08-14 20:00:00,2420672.53,,
2026-08-14 21:00:00,2420128.16,,
2026-08-14 22:00:00,2424758.03,,
2026-08-14 23:00:00,2425794.99,,
2026-08-15 00:00:00,2425172.02,,
2026-08-15 01:00:00,2408866.65,,
2026-08-15 02:00:00,2418221.01,,
2026-08-15 03:00:00,2432788.84,,
2026-08-15 04:00:00,2474913.24,,
2026-08-15 05:00:00,2498699.01,,
2026-08-15 06:00:00,2580066.68,,
2026-08-15 07:00:00,2620492.02,,
2026-08-15 08:00:00,2585199.75,,
2026-08-15 09:00:00,2638496.21,,
2026-08-15 10:00:00,2615330.01,,
2026-08-15 11:00:00,2615419.99,,
2026-08-15 12:00:00,2588313.99,,
2026-08-15 13:00:00,2565968.82,,
2026-08-15 14:00:00,2557288.66,,
2026-08-15 15:00:00,2560127.77,,
2026-08-15 16:00:00,2568239.59,,
2026-08-15 17:00:00,2546515.87,,
2026-08-15 18:00:00,2531911.67,,
2026-08-15 19:00:00,2534812.08,,
2026-08-15 20:00:00,2538371.55,,
2026-08-15 21:00:00,2532333.55,,
2026-08-15 22:00:00,2544600.05,,
2026-08-15 23:00:00,2560653.72,,
2026-08-16 00:00:00,2539791.46,,
2026-08-16 01:00:00,2529497.06,,
2026-08-16 02:00:00,2501560.80,,
2026-08-16 03:00:00,2514863.25,,
2026-08-16 04:00:00,2490120.94,,
2026-08-16 05:00:00,2492935.22,,
2026-08-16 06:00:00,2486995.44,,
2026-08-16 07:00:00,2477815.37,,
2026-08-16 08:00:00,2490969.08,,
2026-08-16 09:00:00,2497201.89,,
2026-08-16 10:00:00,2484264.37,,
2026-08-16 11:00:00,2493393.28,,
2026-08-16 12:00:00,2490961.12,,
2026-08-16 13:00:00,2510712.52,,
2026-08-16 14:00:00,2511036.77,,
2026-08-16 15:00:00,2519314.48,,
2026-08-16 16:00:00,2546031.05,,
2026-08-16 17:00:00,2545098.57,,
2026-08-16 18:00:00,2532532.31,,
2026-08-16 19:00:00,2501855.41,,
2026-08-16 20:00:00,2507005.67,,
2026-08-16 21:00:00,2493071.40,,
2026-08-16 22:00:00,2452535.82,,
2026-08-16 23:00:00,2469068.98,,
2026-08-17 00:00:00,2469808.63,,
2026-08-17 01:00:00,2481840.25,,
2026-08-17 02:00:00,2485763.22,,
2026-08-17 03:00:00,2513742.36,,
2026-08-17 04:00:00,2500426.72,,
2026-08-17 05:00:00,2497029.14,,
2026-08-17 06:00:00,2494560.03,,
2026-08-17 07:00:00,2508166.98,,
2026-08-17 08:00:00,2494647.97,,
2026-08-17 09:00:00,2466973.57,,
2026-08-17 10:00:00,2484047.34,,
2026-08-17 11:00:00,2481316.99,,
2026-08-17 12:00:00,2479632.57,,
2026-08-17 13:00:00,2491530.92,,
2026-08-17 14:00:00,2512178.95,,
2026-08-17 15:00:00,2506821.19,,
2026-08-17 16:00:00,2514616.59,,
2026-08-17 17:00:00,2475505.43,,
2026-08-17 18:00:00,2473967.61,,
2026-08-17 19:00:00,2459952.13,,
2026-08-17 20:00:00,2442637.63,,
2026-08-17 21:00:00,2475354.19,,
2026-08-17 22:00:00,2459703.69,,
2026-08-17 23:00:00,2444513.32,,
2026-08-18 00:00:00,2451165.23,,
2026-08-18 01:00:00,2469391.64,,
2026-08-18 02:00:00,2445522.29,,
2026-08-18 03:00:00,2414756.85,,
2026-08-18 04:00:00,2482993.90,,
2026-08-18 05:00:00,2552073.41,,
2026-08-18 06:00:00,2572707.32,,
2026-08-18 07:00:00,2562963.33,,
2026-08-18 08:00:00,2547330.61,,
2026-08-18 09:00:00,2516054.75,,
2026-08-18 10:00:00,2512541.00,,
2026-08-18 11:00:00,2497237.55,,
2026-08-18 12:00:00,2503560.54,,
2026-08-18 13:00:00,2478756.29,,
2026-08-18 14:00:00,2471512.09,,
2026-08-18 15:00:00,2506605.22,,
2026-08-18 16:00:00,2528047.96,,
2026-08-18 17:00:00,2509369.94,,
2026-08-18 18:00:00,2479618.08,,
2026-08-18 19:00:00,2510665.82,,
2026-08-18 20:00:00,2486080.57,,
2026-08-18 21:00:00,2476157.10,,
2026-08-18 22:00:00,2507050.71,,
2026-08-18 23:00:00,2546106.45,,
2026-08-19 00:00:00,2550430.91,,
2026-08-19 01:00:00,2532584.18,,
2026-08-19 02:00:00,2566192.07,,
2026-08-19 03:00:00,2536970.90,,
2026-08-19 04:00:00,2540427.57,,
2026-08-19 05:00:00,2515869.34,,
2026-08-19 06:00:00,2507433.79,,
2026-08-19 07:00:00,2523461.25,,
2026-08-19 08:00:00,2523993.70,,
2026-08-19 09:00:00,2443996.95,,
2026-08-19 10:00:00,2422739.83,,
2026-08-19 11:00:00,2434661.90,,
2026-08-19 12:00:00,2434819.74,,
2026-08-19 13:00:00,2433626.79,,
2026-08-19 14:00:00,2432639.71,,
2026-08-19 15:00:00,2481725.15,,
2026-08-19 16:00:00,2452516.17,,
2026-08-19 17:00:00,2490960.40,,
2026-08-19 18:00:00,2482799.86,,
2026-08-19 19:00:00,2520664.99,,
2026-08-19 20:00:00,2487688.28,,
2026-08-19 21:00:00,2532388.42,,
2026-08-19 22:00:00,2578513.46,,
2026-08-19 23:00:00,2557340.78,,
2026-08-20 00:00:00,2567665.31,,
2026-08-20 01:00:00,2544676.58,,
2026-08-20 02:00:00,2562039.95,,
2026-08-20 03:00:00,2540831.57,,
2026-08-20 04:00:00,2532496.34,,
2026-08-20 05:00:00,2564896.97,,
2026-08-20 06:00:00,2543451.02,,
2026-08-20 07:00:00,2561636.78,,
2026-08-20 08:00:00,2546712.87,,
2026-08-20 09:00:00,2592681.12,,
2026-08-20 10:00:00,2571235.28,,
2026-08-20 11:00:00,2591131.99,,
2026-08-20 12:00:00,2601425.44,,
2026-08-20 13:00:00,2579743.54,,
2026-08-20 14:00:00,2590152.42,,
2026-08-20 15:00:00,2583806.26,,
2026-08-20 16:00:00,2616748.21,,
2026-08-20 17:00:00,2624958.86,,
2026-08-20 18:00:00,2682710.81,,
2026-08-20 19:00:00,2682635.10,,
2026-08-20 20:00:00,2667766.70,,
2026-08-20 21:00:00,2669793.08,,
2026-08-20 22:00:00,2711425.96,,
2026-08-20 23:00:00,2694731.21,,
2026-08-21 00:00:00,2734743.23,,
2026-08-21 01:00:00,2734909.06,,
2026-08-21 02:00:00,2787201.18,,
2026-08-21 03:00:00,2763523.53,,
2026-08-21 04:00:00,2737046.62,,
2026-08-21 05:00:00,2735966.19,,
2026-08-21 06:00:00,2746738.65,,
2026-08-21 07:00:00,2738426.96,,
2026-08-21 08:00:00,2779677.67,,
2026-08-21 09:00:00,2838558.98,,
2026-08-21 10:00:00,2759906.08,,
2026-08-21 11:00:00,3175253.97,,
2026-08-21 12:00:00,3118987.58,,
2026-08-21 13:00:00,3185428.85,,
2026-08-21 14:00:00,3175359.00,,
2026-08-21 15:00:00,3178209.98,,
2026-08-21 16:00:00,3139047.93,,
2026-08-21 17:00:00,3118932.44,,
2026-08-21 18:00:00,3090869.85,,
2026-08-21 19:00:00,3063325.08,,
2026-08-21 20:00:00,3030650.33,,
2026-08-21 21:00:00,3081853.28,,
2026-08-21 22:00:00,3096226.79,,
2026-08-21 23:00:00,3071335.84,,
2026-08-22 00:00:00,3067050.75,,
2026-08-22 01:00:00,3143417.77,,
2026-08-22 02:00:00,3142341.29,,
2026-08-22 03:00:00,3190591.80,,
2026-08-22 04:00:00,3246800.17,,
2026-08-22 05:00:00,3295380.61,,
2026-08-22 06:00:00,3143562.57,,
2026-08-22 07:00:00,3250872.61,,
2026-08-22 08:00:00,3177601.67,,
2026-08-22 09:00:00,3157260.78,,
2026-08-22 10:00:00,3125165.77,,
2026-08-22 11:00:00,3194336.76,,
2026-08-22 12:00:00,3225479.55,,
2026-08-22 13:00:00,3225161.34,,
2026-08-22 14:00:00,3229914.67,,
2026-08-22 15:00:00,3229096.31,,
2026-08-22 16:00:00,3192823.34,,
2026-08-22 17:00:00,3225436.84,,
2026-08-22 18:00:00,3221583.25,,
2026-08-22 19:00:00,3172717.41,,
2026-08-22 20:00:00,3144603.01,,
2026-08-22 21:00:00,3133874.09,,
2026-08-22 22:00:00,3087234.25,,
2026-08-22 23:00:00,3125351.11,,
2026-08-23 00:00:00,3117140.69,,
2026-08-23 01:00:00,3176754.51,,
2026-08-23 02:00:00,3126393.31,,
2026-08-23 03:00:00,3080256.50,,
2026-08-23 04:00:00,3000826.76,,
2026-08-23 05:00:00,2988060.43,,
2026-08-23 06:00:00,2982466.11,,
2026-08-23 07:00:00,3009718.22,,
2026-08-23 08:00:00,3035950.08,,
2026-08-23 09:00:00,3075846.69,,
2026-08-23 10:00:00,3108989.03,,
2026-08-23 11:00:00,3136624.07,,
2026-08-23 12:00:00,3165255.72,,
2026-08-23 13:00:00,3186106.04,,
2026-08-23 14:00:00,3243543.67,,
2026-08-23 15:00:00,3203375.04,,
2026-08-23 16:00:00,3264056.37,,
2026-08-23 17:00:00,3252275.83,,
2026-08-23 18:00:00,3186447.07,,
2026-08-23 19:00:00,3165002.07,,
2026-08-23 20:00:00,3142317.17,,
2026-08-23 21:00:00,3148479.18,,
2026-08-23 22:00:00,3154790.45,,
2026-08-23 23:00:00,3125676.44,,
2026-08-24 00:00:00,3110239.28,,
2026-08-24 01:00:00,3046318.82,,
2026-08-24 02:00:00,2995864.51,,
2026-08-24 03:00:00,3021585.80,,
2026-08-24 04:00:00,2991487.39,,
2026-08-24 05:00:00,3027573.24,,
2026-08-24 06:00:00,3039203.87,,
2026-08-24 07:00:00,3030121.51,,
2026-08-24 08:00:00,3016248.72,,
2026-08-24 09:00:00,3027183.29,,
2026-08-24 10:00:00,3089328.96,,
2026-08-24 11:00:00,3149072.41,,
2026-08-24 12:00:00,3192191.83,,
2026-08-24 13:00:00,3237811.01,,
2026-08-24 14:00:00,3208051.17,,
2026-08-24 15:00:00,3359780.96,,
2026-08-24 16:00:00,3378156.13,,
2026-08-24 17:00:00,3438160.99,,
2026-08-24 18:00:00,3441812.73,,
2026-08-24 19:00:00,3438889.31,,
2026-08-24 20:00:00,3420144.45,,
2026-08-24 21:00:00,3375676.84,,
2026-08-24 22:00:00,3360075.29,,
2026-08-24 23:00:00,3333216.33,,
2026-08-25 00:00:00,3346544.21,,
2026-08-25 01:00:00,3370567.95,,
2026-08-25 02:00:00,3348545.87,,
2026-08-25 03:00:00,3367697.21,,
2026-08-25 04:00:00,3391706.46,,
2026-08-25 05:00:00,3357506.14,,
2026-08-25 06:00:00,3344092.04,,
2026-08-25 07:00:00,3279700.51,,
2026-08-25 08:00:00,3219680.97,,
2026-08-25 09:00:00,3231444.41,,
2026-08-25 10:00:00,3198889.30,,
2026-08-25 11:00:00,3226454.23,,
2026-08-25 12:00:00,3204663.66,,
2026-08-25 13:00:00,3219329.06,,
2026-08-25 14:00:00,3170441.38,,
2026-08-25 15:00:00,3196541.35,,
2026-08-25 16:00:00,3197761.72,,
2026-08-25 17:00:00,3181220.17,,
2026-08-25 18:00:00,3190944.70,,
2026-08-25 19:00:00,3215503.52,,
2026-08-25 20:00:00,3175064.34,,
2026-08-25 21:00:00,3094581.64,,
2026-08-25 22:00:00,3083706.18,,
2026-08-25 23:00:00,3140306.71,,
2026-08-26 00:00:00,3093128.04,,
2026-08-26 01:00:00,3126386.50,,
2026-08-26 02:00:00,3134571.16,,
2026-08-26 03:00:00,3168934.76,,
2026-08-26 04:00:00,3141896.62,,
2026-08-26 05:00:00,3118940.00,,
2026-08-26 06:00:00,3146415.17,,
2026-08-26 07:00:00,3170875.60,,
2026-08-26 08:00:00,3150996.74,,
2026-08-26 09:00:00,3169287.22,,
2026-08-26 10:00:00,3125163.81,,
2026-08-26 11:00:00,3149058.88,,
2026-08-26 12:00:00,3121665.50,,
2026-08-26 13:00:00,3111718.57,,
2026-08-26 14:00:00,3059412.83,,
2026-08-26 15:00:00,3021544.34,,
2026-08-26 16:00:00,3035093.19,,
2026-08-26 17:00:00,3026850.18,,
2026-08-26 18:00:00,3059631.10,,
2026-08-26 19:00:00,3065153.73,,
2026-08-26 20:00:00,3032036.11,,
2026-08-26 21:00:00,3037949.90,,
2026-08-26 22:00:00,3056839.52,,
2026-08-26 23:00:00,3089251.68,,
2026-08-27 00:00:00,3139505.81,,
2026-08-27 01:00:00,3081193.93,,
2026-08-27 02:00:00,3072642.88,,
2026-08-27 03:00:00,3046298.71,,
2026-08-27 04:00:00,3089456.58,,
2026-08-27 05:00:00,3080658.65,,
2026-08-27 06:00:00,3063759.13,,
2026-08-27 07:00:00,3070980.67,,
2026-08-27 08:00:00,3101551.90,,
2026-08-27 09:00:00,3231890.24,,
2026-08-27 10:00:00,3235187.67,,
2026-08-27 11:00:00,3213646.89,,
2026-08-27 12:00:00,3199298.52,,
2026-08-27 13:00:00,3226324.18,,
2026-08-27 14:00:00,3210047.83,,
2026-08-27 15:00:00,3216023.82,,
2026-08-27 16:00:00,3213690.74,,
2026-08-27 17:00:00,3222830.30,,
2026-08-27 18:00:00,3202571.43,,
2026-08-27 19:00:00,3149804.36,,
2026-08-27 20:00:00,3145731.64,,
2026-08-27 21:00:00,3156155.19,,
2026-08-27 22:00:00,3152751.16,,
2026-08-27 23:00:00,3163577.54,,
2026-08-28 00:00:00,3173148.01,,
2026-08-28 01:00:00,3165744.35,,
2026-08-28 02:00:00,3137402.24,,
2026-08-28 03:00:00,3043562.30,,
2026-08-28 04:00:00,3054860.96,,
2026-08-28 05:00:00,3042171.28,,
2026-08-28 06:00:00,3039093.93,,
2026-08-28 07:00:00,3029740.88,,
2026-08-28 08:00:00,3017342.42,,
2026-08-28 09:00:00,3019080.21,,
2026-08-28 10:00:00,3020729.60,,
2026-08-28 11:00:00,3035016.82,,
2026-08-28 12:00:00,3011482.19,,
2026-08-28 13:00:00,2990181.42,,
2026-08-28 14:00:00,2968656.69,,
2026-08-28 15:00:00,2982975.76,,
2026-08-28 16:00:00,2911212.62,,
2026-08-28 17:00:00,2870503.39,,
2026-08-28 18:00:00,2882570.85,,
2026-08-28 19:00:00,2844809.53,,
2026-08-28 20:00:00,2871947.62,,
2026-08-28 21:00:00,2877888.53,,
2026-08-28 22:00:00,2885392.90,,
2026-08-28 23:00:00,2903408.90,,
2026-08-29 00:00:00,2894939.07,,
2026-08-29 01:00:00,2904800.35,,
2026-08-29 02:00:00,2923449.84,,
2026-08-29 03:00:00,2937451.77,,
2026-08-29 04:00:00,2915472.60,,
2026-08-29 05:00:00,2925196.26,,
2026-08-29 06:00:00,2939392.96,,
2026-08-29 07:00:00,2864324.21,,
2026-08-29 08:00:00,2868843.93,,
2026-08-29 09:00:00,2864367.40,,
2026-08-29 10:00:00,2869131.62,,
2026-08-29 11:00:00,2862138.02,,
2026-08-29 12:00:00,2853848.21,,
2026-08-29 13:00:00,2872766.26,,
2026-08-29 14:00:00,2871312.14,,
2026-08-29 15:00:00,2905891.33,,
2026-08-29 16:00:00,2898806.46,,
2026-08-29 17:00:00,2897077.24,,
2026-08-29 18:00:00,2884351.68,,
2026-08-29 19:00:00,2877356.33,,
2026-08-29 20:00:00,2878681.93,,
2026-08-29 21:00:00,2871137.45,,
2026-08-29 22:00:00,2868717.14,,
2026-08-29 23:00:00,2863860.62,,
2026-08-30 00:00:00,2869884.84,,
2026-08-30 01:00:00,2874813.22,,
2026-08-30 02:00:00,2838810.18,,
2026-08-30 03:00:00,2857275.47,,
2026-08-30 04:00:00,2872152.04,,
2026-08-30 05:00:00,2872884.67,,
2026-08-30 06:00:00,2886497.06,,
2026-08-30 07:00:00,2922306.22,,
2026-08-30 08:00:00,2906264.59,,
2026-08-30 09:00:00,2892766.10,,
2026-08-30 10:00:00,2909274.68,,
2026-08-30 11:00:00,2907025.54,,
2026-08-30 12:00:00,2924709.84,,
2026-08-30 13:00:00,2922213.90,,
2026-08-30 14:00:00,2945374.82,,
2026-08-30 15:00:00,2946337.72,,
2026-08-30 16:00:00,2942110.58,,
2026-08-30 17:00:00,3022335.11,,
2026-08-30 18:00:00,3007579.15,,
2026-08-30 19:00:00,3009305.73,,
2026-08-30 20:00:00,2986266.06,,
2026-08-30 21:00:00,2930694.62,,
2026-08-30 22:00:00,2917219.57,,
2026-08-30 23:00:00,2894700.13,,
2026-08-31 00:00:00,2762561.27,,
2026-08-31 01:00:00,2806951.52,,
2026-08-31 02:00:00,2787965.92,,
2026-08-31 03:00:00,2805814.61,,
2026-08-31 04:00:00,2841060.14,,
2026-08-31 05:00:00,2832923.49,,
2026-08-31 06:00:00,2846482.10,,
2026-08-31 07:00:00,2864720.77,,
2026-08-31 08:00:00,2883387.00,,
2026-08-31 09:00:00,2872308.84,,
2026-08-31 10:00:00,2868131.51,,
2026-08-31 11:00:00,2872599.98,,
2026-08-31 12:00:00,2855672.70,,
2026-08-31 13:00:00,2843466.28,,
2026-08-31 14:00:00,2833162.57,,
2026-08-31 15:00:00,2870711.82,,
2026-08-31 16:00:00,2851739.87,,
2026-08-31 17:00:00,2878542.03,,
2026-08-31 18:00:00,2914568.54,,
2026-08-31 19:00:00,2950174.31,,
2026-08-31 20:00:00,2905536.90,,
2026-08-31 21:00:00,2934441.37,,
2026-08-31 22:00:00,2947895.58,,
2026-08-31 23:00:00,2947578.78,,
2026-09-01 00:00:00,2938012.62,,
2026-09-01 01:00:00,2976233.64,,
2026-09-01 02:00:00,2969339.22,,
2026-09-01 03:00:00,3003065.10,,
2026-09-01 04:00:00,2995916.69,,
2026-09-01 05:00:00,2985609.15,,
2026-09-01 06:00:00,2994799.24,,
2026-09-01 07:00:00,2980905.72,,
2026-09-01 08:00:00,2991027.36,,
2026-09-01 09:00:00,2935719.35,,
2026-09-01 10:00:00,2942642.95,,
2026-09-01 11:00:00,2962090.74,,
2026-09-01 12:00:00,2991903.47,,
2026-09-01 13:00:00,2992331.97,,
2026-09-01 14:00:00,2998134.61,,
2026-09-01 15:00:00,2999410.29,,
2026-09-01 16:00:00,3001592.77,,
2026-09-01 17:00:00,2937331.90,,
2026-09-01 18:00:00,2932434.56,,
2026-09-01 19:00:00,2916377.88,,
2026-09-01 20:00:00,2956946.63,,
2026-09-01 21:00:00,2963983.60,,
2026-09-01 22:00:00,2954128.01,,
2026-09-01 23:00:00,2941310.31,,
2026-09-02 00:00:00,2958321.32,,
2026-09-02 01:00:00,2920419.58,,
2026-09-02 02:00:00,2895565.17,,
2026-09-02 03:00:00,2928957.68,,
2026-09-02 04:00:00,2950988.06,,
2026-09-02 05:00:00,2985859.85,,
2026-09-02 06:00:00,2978523.90,,
2026-09-02 07:00:00,2967393.33,,
2026-09-02 08:00:00,2945333.67,,
2026-09-02 09:00:00,2919212.02,,
2026-09-02 10:00:00,2912611.40,,
2026-09-02 11:00:00,2897902.89,,
2026-09-02 12:00:00,2911425.75,,
2026-09-02 13:00:00,2887259.76,,
2026-09-02 14:00:00,2930402.56,,
2026-09-02 15:00:00,2900789.41,,
2026-09-02 16:00:00,2923466.56,,
2026-09-02 17:00:00,2915918.91,,
2026-09-02 18:00:00,2923666.97,,
2026-09-02 19:00:00,2927671.69,,
2026-09-02 20:00:00,2927500.91,,
2026-09-02 21:00:00,2947236.63,,
2026-09-02 22:00:00,2949519.28,,
2026-09-02 23:00:00,2949187.71,,
2026-09-03 00:00:00,3009007.21,,
2026-09-03 01:00:00,3011975.60,,
2026-09-03 02:00:00,3055693.80,,
2026-09-03 03:00:00,3098962.13,,
2026-09-03 04:00:00,3106171.89,,
2026-09-03 05:00:00,3091827.80,,
2026-09-03 06:00:00,3061784.20,,
2026-09-03 07:00:00,3035474.62,,
2026-09-03 08:00:00,3044032.05,,
2026-09-03 09:00:00,3049427.00,,
2026-09-03 10:00:00,3017898.82,,
2026-09-03 11:00:00,3027149.68,,
2026-09-03 12:00:00,3016920.52,,
2026-09-03 13:00:00,3035748.15,,
2026-09-03 14:00:00,3008223.58,,
2026-09-03 15:00:00,3072852.63,,
2026-09-03 16:00:00,3108779.49,,
2026-09-03 17:00:00,3101986.44,,
2026-09-03 18:00:00,3104581.07,,
2026-09-03 19:00:00,3159246.77,,
2026-09-03 20:00:00,3151360.85,,
2026-09-03 21:00:00,3138737.84,,
2026-09-03 22:00:00,3160839.52,,
2026-09-03 23:00:00,3104561.20,,
2026-09-04 00:00:00,3114752.21,,
2026-09-04 01:00:00,3120977.21,,
2026-09-04 02:00:00,3097246.51,,
2026-09-04 03:00:00,3093951.56,,
2026-09-04 04:00:00,3092401.65,,
2026-09-04 05:00:00,3078595.23,,
2026-09-04 06:00:00,3069742.49,,
2026-09-04 07:00:00,3083615.17,,
2026-09-04 08:00:00,3083207.80,,
2026-09-04 09:00:00,3121240.35,,
2026-09-04 10:00:00,3170147.51,,
2026-09-04 11:00:00,3160928.10,,
2026-09-04 12:00:00,3175858.96,,
2026-09-04 13:00:00,3007462.06,,
2026-09-04 14:00:00,3030165.09,,
2026-09-04 15:00:00,2974458.09,,
2026-09-04 16:00:00,3014500.51,,
2026-09-04 17:00:00,3052327.25,,
2026-09-04 18:00:00,3034662.61,,
2026-09-04 19:00:00,3040665.79,,
2026-09-04 20:00:00,3050466.11,,
2026-09-04 21:00:00,3035459.14,,
2026-09-04 22:00:00,3017032.08,,
2026-09-04 23:00:00,3029137.20,,
2026-09-05 00:00:00,3032958.45,,
2026-09-05 01:00:00,3024616.81,,
2026-09-05 02:00:00,3039055.79,,
2026-09-05 03:00:00,3066757.21,,
2026-09-05 04:00:00,3085670.48,,
2026-09-05 05:00:00,3065260.89,,
2026-09-05 06:00:00,3120276.46,,
2026-09-05 07:00:00,3162999.17,,
2026-09-05 08:00:00,3158536.83,,
2026-09-05 09:00:00,3167764.55,,
2026-09-05 10:00:00,3185912.74,,
2026-09-05 11:00:00,3192646.93,,
2026-09-05 12:00:00,3202346.32,,
2026-09-05 13:00:00,3216683.05,,
2026-09-05 14:00:00,3206840.75,,
2026-09-05 15:00:00,3228082.65,,
2026-09-05 16:00:00,3223485.44,,
2026-09-05 17:00:00,3249506.15,,
2026-09-05 18:00:00,3248300.81,,
2026-09-05 19:00:00,3245123.39,,
2026-09-05 20:00:00,3236212.76,,
2026-09-05 21:00:00,3244676.07,,
2026-09-05 22:00:00,3264883.39,,
2026-09-05 23:00:00,3265125.05,,
2026-09-06 00:00:00,3245493.92,,
2026-09-06 01:00:00,3273259.64,,
2026-09-06 02:00:00,3349130.81,,
2026-09-06 03:00:00,3439024.89,,
2026-09-06 04:00:00,3455705.98,,
2026-09-06 05:00:00,3383683.54,,
2026-09-06 06:00:00,3395570.76,,
2026-09-06 07:00:00,3398268.27,,
2026-09-06 08:00:00,3384788.33,,
2026-09-06 09:00:00,3345982.85,,
2026-09-06 10:00:00,3381698.76,,
2026-09-06 11:00:00,3394887.55,,
2026-09-06 12:00:00,3390344.93,,
2026-09-06 13:00:00,3543252.31,,
2026-09-06 14:00:00,3424446.28,,
2026-09-06 15:00:00,3363183.80,,
2026-09-06 16:00:00,3373397.95,,
2026-09-06 17:00:00,3370316.82,,
2026-09-06 18:00:00,3477054.23,,
2026-09-06 19:00:00,3603291.96,,
2026-09-06 20:00:00,3556322.97,,
2026-09-06 21:00:00,3491474.04,,
2026-09-06 22:00:00,3535949.30,,
2026-09-06 23:00:00,3557686.13,,
2026-09-07 00:00:00,3574261.49,,
2026-09-07 01:00:00,3585480.73,,
2026-09-07 02:00:00,3475733.56,,
2026-09-07 03:00:00,3488415.00,,
2026-09-07 04:00:00,3426798.70,,
2026-09-07 05:00:00,3434662.06,,
2026-09-07 06:00:00,3504036.82,,
2026-09-07 07:00:00,3557358.06,,
2026-09-07 08:00:00,3605689.58,,
2026-09-07 09:00:00,3633615.39,,
2026-09-07 10:00:00,3592661.23,,
2026-09-07 11:00:00,3581911.56,,
2026-09-07 12:00:00,3571026.81,,
2026-09-07 13:00:00,3661853.45,,
2026-09-07 14:00:00,3622472.80,,
2026-09-07 15:00:00,3653873.34,,
2026-09-07 16:00:00,3506226.55,,
2026-09-07 17:00:00,3571272.37,,
2026-09-07 18:00:00,3570838.70,,
2026-09-07 19:00:00,3552036.43,,
2026-09-07 20:00:00,3589995.75,,
2026-09-07 21:00:00,3567059.23,,
2026-09-07 22:00:00,3572238.42,,
2026-09-07 23:00:00,3514407.93,,
2026-09-08 00:00:00,3558636.51,,
2026-09-08 01:00:00,3546343.24,,
2026-09-08 02:00:00,3580365.75,,
2026-09-08 03:00:00,3501013.36,,
2026-09-08 04:00:00,3500409.77,,
2026-09-08 05:00:00,3474737.07,,
2026-09-08 06:00:00,3491217.45,,
2026-09-08 07:00:00,3422277.83,,
2026-09-08 08:00:00,3438355.97,,
2026-09-08 09:00:00,3462587.48,,
2026-09-08 10:00:00,3499865.42,,
2026-09-08 11:00:00,3494628.25,,
2026-09-08 12:00:00,3410489.22,,
2026-09-08 13:00:00,3401418.40,,
2026-09-08 14:00:00,3318247.09,,
2026-09-08 15:00:00,3369709.52,,
2026-09-08 16:00:00,3435063.68,,
2026-09-08 17:00:00,3414857.29,,
2026-09-08 18:00:00,3368644.93,,
2026-09-08 19:00:00,3308706.07,,
2026-09-08 20:00:00,3278762.45,,
2026-09-08 21:00:00,3262601.26,,
2026-09-08 22:00:00,3258095.41,,
2026-09-08 23:00:00,3283523.73,,
2026-09-09 00:00:00,3301230.31,,
2026-09-09 01:00:00,3293161.59,,
2026-09-09 02:00:00,3279219.39,,
2026-09-09 03:00:00,3246655.80,,
2026-09-09 04:00:00,3198464.96,,
2026-09-09 05:00:00,3238343.78,,
2026-09-09 06:00:00,3215028.25,,
2026-09-09 07:00:00,3228283.87,,
2026-09-09 08:00:00,3230145.41,,
2026-09-09 09:00:00,3438343.97,,
2026-09-09 10:00:00,3357715.39,,
2026-09-09 11:00:00,3493771.74,,
2026-09-09 12:00:00,3469598.52,,
2026-09-09 13:00:00,3475130.24,,
2026-09-09 14:00:00,3392809.91,,
2026-09-09 15:00:00,3295308.45,,
2026-09-09 16:00:00,3151304.79,,
2026-09-09 17:00:00,3228882.15,,
2026-09-09 18:00:00,3301050.36,,
2026-09-09 19:00:00,3327528.51,,
2026-09-09 20:00:00,3271082.57,,
2026-09-09 21:00:00,3293122.81,,
2026-09-09 22:00:00,3210096.73,,
2026-09-09 23:00:00,2964064.98,,
2026-09-10 00:00:00,3025485.64,,
2026-09-10 01:00:00,2999468.89,,
2026-09-10 02:00:00,2977395.23,,
2026-09-10 03:00:00,3013615.94,,
2026-09-10 04:00:00,3009744.14,,
2026-09-10 05:00:00,2995630.72,,
2026-09-10 06:00:00,3011857.53,,
2026-09-10 07:00:00,3000453.47,,
2026-09-10 08:00:00,2985128.61,,
2026-09-10 09:00:00,2996728.06,,
2026-09-10 10:00:00,2949908.22,,
2026-09-10 11:00:00,2936364.42,,
2026-09-10 12:00:00,2921818.34,,
2026-09-10 13:00:00,2831643.57,,
2026-09-10 14:00:00,2863790.60,,
2026-09-10 15:00:00,2852243.11,,
2026-09-10 16:00:00,2866015.96,,
2026-09-10 17:00:00,2832368.25,,
2026-09-10 18:00:00,2852694.52,,
2026-09-10 19:00:00,2846764.51,,
2026-09-10 20:00:00,2849782.90,,
2026-09-10 21:00:00,2890545.94,,
2026-09-10 22:00:00,2866097.78,,
2026-09-10 23:00:00,2894811.15,,
2026-09-11 00:00:00,2885325.58,,
2026-09-11 01:00:00,2918417.05,,
2026-09-11 02:00:00,2907986.66,,
2026-09-11 03:00:00,2883446.82,,
2026-09-11 04:00:00,2935287.96,,
2026-09-11 05:00:00,2998012.64,,
2026-09-11 06:00:00,2967360.27,,
2026-09-11 07:00:00,2965010.35,,
2026-09-11 08:00:00,2957764.61,,
2026-09-11 09:00:00,2980278.95,,
2026-09-11 10:00:00,2945309.32,,
2026-09-11 11:00:00,2900329.77,,
2026-09-11 12:00:00,2852753.38,,
2026-09-11 13:00:00,2955539.06,,
2026-09-11 14:00:00,3072438.41,,
2026-09-11 15:00:00,3054872.28,,
2026-09-11 16:00:00,2982606.09,,
2026-09-11 17:00:00,3003288.92,,
2026-09-11 18:00:00,2946122.50,,
2026-09-11 19:00:00,2845033.94,,
2026-09-11 20:00:00,2863636.66,,
2026-09-11 21:00:00,2872362.48,,
2026-09-11 22:00:00,2827866.55,,
2026-09-11 23:00:00,2826547.40,,
2026-09-12 00:00:00,2857638.81,,
2026-09-12 01:00:00,2858546.59,,
2026-09-12 02:00:00,2884762.93,,
2026-09-12 03:00:00,2899315.58,,
2026-09-12 04:00:00,2911354.51,,
2026-09-12 05:00:00,2926185.82,,
2026-09-12 06:00:00,2920787.21,,
2026-09-12 07:00:00,2913129.07,,
2026-09-12 08:00:00,2902083.54,,
2026-09-12 09:00:00,2898896.86,,
2026-09-12 10:00:00,2916845.31,,
2026-09-12 11:00:00,2933422.40,,
2026-09-12 12:00:00,2913756.83,,
2026-09-12 13:00:00,2912578.80,,
2026-09-12 14:00:00,2915745.33,,
2026-09-12 15:00:00,2926378.65,,
2026-09-12 16:00:00,2942179.81,,
2026-09-12 17:00:00,2940744.50,,
2026-09-12 18:00:00,2938739.95,,
2026-09-12 19:00:00,2925032.78,,
2026-09-12 20:00:00,2911969.17,,
2026-09-12 21:00:00,2902727.17,,
2026-09-12 22:00:00,2895991.65,,
2026-09-12 23:00:00,2883972.22,,
2026-09-13 00:00:00,2912352.54,,
2026-09-13 01:00:00,2929341.75,,
2026-09-13 02:00:00,2975770.71,,
2026-09-13 03:00:00,2990619.19,,
2026-09-13 04:00:00,2994813.17,,
2026-09-13 05:00:00,3006017.92,,
2026-09-13 06:00:00,3011812.80,,
2026-09-13 07:00:00,3005087.71,,
2026-09-13 08:00:00,2989185.79,,
2026-09-13 09:00:00,2922864.91,,
2026-09-13 10:00:00,2936186.00,,
2026-09-13 11:00:00,2905357.79,,
2026-09-13 12:00:00,2926681.81,,
2026-09-13 13:00:00,2933148.36,,
2026-09-13 14:00:00,2966600.87,,
2026-09-13 15:00:00,2953571.10,,
2026-09-13 16:00:00,2932246.22,,
2026-09-13 17:00:00,2939073.90,,
2026-09-13 18:00:00,2956549.69,,
2026-09-13 19:00:00,2961851.25,,
2026-09-13 20:00:00,2935121.45,,
2026-09-13 21:00:00,2974681.18,,
2026-09-13 22:00:00,2968141.42,,
2026-09-13 23:00:00,2859470.15,,
2026-09-14 00:00:00,2843192.60,,
2026-09-14 01:00:00,2856097.82,,
2026-09-14 02:00:00,2938349.20,,
2026-09-14 03:00:00,2979904.27,,
2026-09-14 04:00:00,3004944.77,,
2026-09-14 05:00:00,3003318.24,,
2026-09-14 06:00:00,2997482.55,,
2026-09-14 07:00:00,3003564.38,,
2026-09-14 08:00:00,2995142.58,,
2026-09-14 09:00:00,2984005.22,,
2026-09-14 10:00:00,3009499.90,,
2026-09-14 11:00:00,3004553.13,,
2026-09-14 12:00:00,3019525.07,,
2026-09-14 13:00:00,3020747.30,,
2026-09-14 14:00:00,3022608.69,,
2026-09-14 15:00:00,3015873.29,,
2026-09-14 16:00:00,3061760.19,,
2026-09-14 17:00:00,3058308.66,,
2026-09-14 18:00:00,3044517.19,,
2026-09-14 19:00:00,3065988.41,,
2026-09-14 20:00:00,3034671.09,,
2026-09-14 21:00:00,3194937.43,,
2026-09-14 22:00:00,3149023.63,,
2026-09-14 23:00:00,3137016.92,,
2026-09-15 00:00:00,3125556.56,,
2026-09-15 01:00:00,3127069.40,,
2026-09-15 02:00:00,3121742.46,,
2026-09-15 03:00:00,3124901.67,,
2026-09-15 04:00:00,3055475.41,,
2026-09-15 05:00:00,3060092.72,,
2026-09-15 06:00:00,3070147.92,,
2026-09-15 07:00:00,3012439.78,,
2026-09-15 08:00:00,3001116.79,,
2026-09-15 09:00:00,3048439.45,,
2026-09-15 10:00:00,3055077.92,,
2026-09-15 11:00:00,3039662.68,,
2026-09-15 12:00:00,3020032.43,,
2026-09-15 13:00:00,3062723.33,,
2026-09-15 14:00:00,3037889.17,,
2026-09-15 15:00:00,2942777.11,,
2026-09-15 16:00:00,2914122.36,,
2026-09-15 17:00:00,2930800.14,,
2026-09-15 18:00:00,2946841.00,,
2026-09-15 19:00:00,2845868.60,,
2026-09-15 20:00:00,2870535.58,,
2026-09-15 21:00:00,2875515.98,,
2026-09-15 22:00:00,2814735.53,,
2026-09-15 23:00:00,2846732.21,,
2026-09-16 00:00:00,2874214.51,,
2026-09-16 01:00:00,2877455.73,,
2026-09-16 02:00:00,2836785.62,,
2026-09-16 03:00:00,2878703.89,,
2026-09-16 04:00:00,2867706.65,,
2026-09-16 05:00:00,2880636.45,,
2026-09-16 06:00:00,2882655.91,,
2026-09-16 07:00:00,2899391.81,,
2026-09-16 08:00:00,2881915.56,,
2026-09-16 09:00:00,2851191.43,,
2026-09-16 10:00:00,2867633.57,,
2026-09-16 11:00:00,2859518.29,,
2026-09-16 12:00:00,2849834.07,,
2026-09-16 13:00:00,2806400.47,,
2026-09-16 14:00:00,2743371.28,,
2026-09-16 15:00:00,2697706.08,,
2026-09-16 16:00:00,2699025.64,,
2026-09-16 17:00:00,2723562.01,,
2026-09-16 18:00:00,2692367.75,,
2026-09-16 19:00:00,2708224.30,,
2026-09-16 20:00:00,2695916.06,,
2026-09-16 21:00:00,2742698.92,,
2026-09-16 22:00:00,2738489.49,,
2026-09-16 23:00:00,2711349.29,,
2026-09-17 00:00:00,2737950.05,,
2026-09-17 01:00:00,3313527.97,,
2026-09-17 02:00:00,3282559.82,,
2026-09-17 03:00:00,3154966.38,,
2026-09-17 04:00:00,3096368.76,,
2026-09-17 05:00:00,3096934.16,,
2026-09-17 06:00:00,3056931.67,,
2026-09-17 07:00:00,3015371.20,,
2026-09-17 08:00:00,3008852.34,,
2026-09-17 09:00:00,3042644.41,,
2026-09-17 10:00:00,2959214.33,,
2026-09-17 11:00:00,2964813.83,,
2026-09-17 12:00:00,2939896.93,,
2026-09-17 13:00:00,2937541.32,,
2026-09-17 14:00:00,2947865.01,,
2026-09-17 15:00:00,2873410.55,,
2026-09-17 16:00:00,2873188.38,,
2026-09-17 17:00:00,2872006.74,,
2026-09-17 18:00:00,2876397.04,,
2026-09-17 19:00:00,2869766.00,,
2026-09-17 20:00:00,2869868.71,,
2026-09-17 21:00:00,2862704.63,,
2026-09-17 22:00:00,2841397.06,,
2026-09-17 23:00:00,2853264.32,,
2026-09-18 00:00:00,2840900.13,,
2026-09-18 01:00:00,2895320.31,,
2026-09-18 02:00:00,2872050.78,,
2026-09-18 03:00:00,2912795.74,,
2026-09-18 04:00:00,2900446.88,,
2026-09-18 05:00:00,2898497.38,,
2026-09-18 06:00:00,2889294.83,,
2026-09-18 07:00:00,2930990.50,,
2026-09-18 08:00:00,3072489.26,,
2026-09-18 09:00:00,3114253.99,,
2026-09-18 10:00:00,3126522.34,,
2026-09-18 11:00:00,3001273.60,,
2026-09-18 12:00:00,2984850.54,,
2026-09-18 13:00:00,2996931.80,,
2026-09-18 14:00:00,3034446.05,,
2026-09-18 15:00:00,3162248.47,,
2026-09-18 16:00:00,3120238.40,,
2026-09-18 17:00:00,3078590.40,,
2026-09-18 18:00:00,3118060.92,,
2026-09-18 19:00:00,3129011.67,,
2026-09-18 20:00:00,3143813.42,,
2026-09-18 21:00:00,3144534.50,,
2026-09-18 22:00:00,3111077.59,,
2026-09-18 23:00:00,3134468.34,,
2026-09-19 00:00:00,3157933.00,,
2026-09-19 01:00:00,3108014.55,,
2026-09-19 02:00:00,3091793.65,,
2026-09-19 03:00:00,3132732.40,,
2026-09-19 04:00:00,3114335.34,,
2026-09-19 05:00:00,3049703.95,,
2026-09-19 06:00:00,3046735.89,,
2026-09-19 07:00:00,3054300.01,,
2026-09-19 08:00:00,3024848.94,,
2026-09-19 09:00:00,3076992.01,,
2026-09-19 10:00:00,3032241.32,,
2026-09-19 11:00:00,3009559.71,,
2026-09-19 12:00:00,3042130.80,,
2026-09-19 13:00:00,3001905.49,,
2026-09-19 14:00:00,3003762.07,,
2026-09-19 15:00:00,3001244.64,,
2026-09-19 16:00:00,3005798.58,,
2026-09-19 17:00:00,3033758.71,,
2026-09-19 18:00:00,3010389.48,,
2026-09-19 19:00:00,2990672.66,,
2026-09-19 20:00:00,3004708.77,,
2026-09-19 21:00:00,3017199.72,,
2026-09-19 22:00:00,3000128.23,,
2026-09-19 23:00:00,3007363.03,,
2026-09-20 00:00:00,3041294.26,,
2026-09-20 01:00:00,3045237.67,,
2026-09-20 02:00:00,3037854.79,,
2026-09-20 03:00:00,2969589.61,,
2026-09-20 04:00:00,3032831.02,,
2026-09-20 05:00:00,3020803.81,,
2026-09-20 06:00:00,3003978.01,,
2026-09-20 07:00:00,2960388.79,,
2026-09-20 08:00:00,2954831.31,,
2026-09-20 09:00:00,2973205.63,,
