time,oi_A,oi_6,oi_3
2026-05-17 12:00:00,12730505.85,,5409112.95
2026-05-17 13:00:00,13054344.78,,5722186.11
2026-05-17 14:00:00,12749739.74,,5736415.39
2026-05-17 15:00:00,12606690.95,,5553305.07
2026-05-17 16:00:00,12715096.38,,5235568.20
2026-05-17 17:00:00,13100055.28,,5318487.72
2026-05-17 18:00:00,12447375.55,,4993830.47
2026-05-17 19:00:00,13413875.29,,5545675.11
2026-05-17 20:00:00,13355508.31,,5315530.25
2026-05-17 21:00:00,13528411.55,,5056572.28
2026-05-17 22:00:00,13415334.54,,4986816.71
2026-05-17 23:00:00,13773361.34,,5144038.74
2026-05-18 00:00:00,12713556.02,,4595307.17
2026-05-18 01:00:00,13115705.13,,4680189.49
2026-05-18 02:00:00,13087082.43,,4654780.56
2026-05-18 03:00:00,12392773.61,,4428059.26
2026-05-18 04:00:00,12420586.42,,4601759.17
2026-05-18 05:00:00,12326003.84,,4477520.68
2026-05-18 06:00:00,11696145.07,,4392618.36
2026-05-18 07:00:00,11557525.45,,4123582.62
2026-05-18 08:00:00,11742537.02,,4236470.42
2026-05-18 09:00:00,11643537.54,,4174665.35
2026-05-18 10:00:00,12086838.74,,4055835.34
2026-05-18 11:00:00,12118577.84,,3820940.39
2026-05-18 12:00:00,12424760.78,,3850803.70
2026-05-18 13:00:00,12317262.33,,3644716.64
2026-05-18 14:00:00,11890746.44,,3632158.32
2026-05-18 15:00:00,11792128.49,,3673897.22
2026-05-18 16:00:00,11238065.00,,3704512.15
2026-05-18 17:00:00,11092931.91,,3765128.52
2026-05-18 18:00:00,11133049.71,,3832441.26
2026-05-18 19:00:00,11063337.32,,3727626.44
2026-05-18 20:00:00,10993614.74,,3758491.21
2026-05-18 21:00:00,11024647.39,,3827554.14
2026-05-18 22:00:00,10773054.09,,3736914.94
2026-05-18 23:00:00,10693570.19,,3661421.87
2026-05-19 00:00:00,10733260.27,,3786412.09
2026-05-19 01:00:00,10571471.25,,3840982.47
2026-05-19 02:00:00,10493740.13,,3765795.52
2026-05-19 03:00:00,10442329.72,,3769128.50
2026-05-19 04:00:00,10552927.84,,3797469.28
2026-05-19 05:00:00,10936120.61,,3764630.80
2026-05-19 06:00:00,10325802.73,,3655279.96
2026-05-19 07:00:00,10431044.86,,3633396.13
2026-05-19 08:00:00,10162555.56,,3654824.05
2026-05-19 09:00:00,10010651.76,,3662389.98
2026-05-19 10:00:00,9455459.45,,3250690.48
2026-05-19 11:00:00,9903737.68,,3362392.51
2026-05-19 12:00:00,9540082.75,,3446121.08
2026-05-19 13:00:00,9428631.24,,3406698.29
2026-05-19 14:00:00,9354905.65,,3312101.08
2026-05-19 15:00:00,9182559.05,,3202670.33
2026-05-19 16:00:00,8927563.83,,3124959.75
2026-05-19 17:00:00,8881382.76,,3100100.00
2026-05-19 18:00:00,8786933.38,,3033359.93
2026-05-19 19:00:00,8740746.78,,2996235.53
2026-05-19 20:00:00,8649771.56,,2978496.24
2026-05-19 21:00:00,8716979.56,,2960304.51
2026-05-19 22:00:00,8733712.24,,2941588.65
2026-05-19 23:00:00,8507859.56,,2914638.81
2026-05-20 00:00:00,8514425.82,,2953021.95
2026-05-20 01:00:00,8581247.66,,2964588.14
2026-05-20 02:00:00,8702611.87,,2930044.92
2026-05-20 03:00:00,8574449.52,,2887439.40
2026-05-20 04:00:00,8442744.82,,2847614.69
2026-05-20 05:00:00,8616108.04,,2869934.28
2026-05-20 06:00:00,8698640.12,,2711766.66
2026-05-20 07:00:00,8538742.33,,2632888.59
2026-05-20 08:00:00,8358660.20,,2678283.04
2026-05-20 09:00:00,8429998.31,,2839845.60
2026-05-20 10:00:00,8424240.04,,2838534.49
2026-05-20 11:00:00,8493848.77,,2753456.06
2026-05-20 12:00:00,8286851.58,,2772601.30
2026-05-20 13:00:00,8304795.77,,2817600.80
2026-05-20 14:00:00,8617958.34,,2827474.61
2026-05-20 15:00:00,8424482.68,,2668126.47
2026-05-20 16:00:00,7941196.80,,2684373.34
2026-05-20 17:00:00,7868571.18,,2742820.92
2026-05-20 18:00:00,7868823.43,,2753970.52
2026-05-20 19:00:00,7793345.64,,2698112.98
2026-05-20 20:00:00,7800350.16,,2679657.68
2026-05-20 21:00:00,7789248.29,,2627336.73
2026-05-20 22:00:00,7612231.23,,2399191.41
2026-05-20 23:00:00,7525091.81,,2397345.37
2026-05-21 00:00:00,7558559.54,,2454165.11
2026-05-21 01:00:00,7488683.73,,2517184.95
2026-05-21 02:00:00,7717822.40,,2558575.94
2026-05-21 03:00:00,7768274.75,,2551493.43
2026-05-21 04:00:00,7856509.80,,2507985.22
2026-05-21 05:00:00,7543101.67,,2497600.00
2026-05-21 06:00:00,7654632.78,,2690021.07
2026-05-21 07:00:00,7682209.67,,2647470.69
2026-05-21 08:00:00,7451706.43,,2637971.30
2026-05-21 09:00:00,7460986.05,,2677327.21
2026-05-21 10:00:00,7230834.05,,2727448.08
2026-05-21 11:00:00,7462432.57,,2804468.67
2026-05-21 12:00:00,7843745.79,,2582773.94
2026-05-21 13:00:00,8017729.70,,2498090.66
2026-05-21 14:00:00,7638790.60,,2339446.89
2026-05-21 15:00:00,7491471.19,,2410277.66
2026-05-21 16:00:00,7297105.77,,2535061.83
2026-05-21 17:00:00,7322178.67,,2641004.88
2026-05-21 18:00:00,7349741.72,,2682230.57
2026-05-21 19:00:00,7221278.18,,2698508.46
2026-05-21 20:00:00,7342189.04,,2678695.03
2026-05-21 21:00:00,7410647.06,,2727965.60
2026-05-21 22:00:00,7390880.84,,2688060.67
2026-05-21 23:00:00,7321116.93,,2759599.06
2026-05-22 00:00:00,7402670.85,,2876036.63
2026-05-22 01:00:00,7246959.25,,2830424.38
2026-05-22 02:00:00,7618933.46,,2895792.12
2026-05-22 03:00:00,7645407.14,,2871915.07
2026-05-22 04:00:00,7514033.13,,2825669.57
2026-05-22 05:00:00,7307926.43,,2689753.80
2026-05-22 06:00:00,7390219.88,,2693321.14
2026-05-22 07:00:00,7619646.77,,2734646.59
2026-05-22 08:00:00,7353156.59,,2487015.08
2026-05-22 09:00:00,7812724.04,,2654228.10
2026-05-22 10:00:00,7814179.41,,2834868.10
2026-05-22 11:00:00,7770495.66,,2818697.43
2026-05-22 12:00:00,8290581.78,,3181642.90
2026-05-22 13:00:00,8592873.52,,3317773.39
2026-05-22 14:00:00,8842905.79,,3327802.26
2026-05-22 15:00:00,8410139.05,,3154495.41
2026-05-22 16:00:00,8870480.55,,3137573.49
2026-05-22 17:00:00,8453404.65,,3361947.49
2026-05-22 18:00:00,8700105.48,,3462828.29
2026-05-22 19:00:00,8453591.49,,3338384.08
2026-05-22 20:00:00,7906370.25,,3268545.88
2026-05-22 21:00:00,7671585.50,,3064302.08
2026-05-22 22:00:00,7668752.03,,3035893.30
2026-05-22 23:00:00,7653669.10,,3082211.73
2026-05-23 00:00:00,8348349.78,,3580270.04
2026-05-23 01:00:00,8507523.53,,3641932.69
2026-05-23 02:00:00,8543495.32,,3623965.11
2026-05-23 03:00:00,8236273.03,,3669192.40
2026-05-23 04:00:00,8368942.33,,3864917.09
2026-05-23 05:00:00,8592357.38,,4181263.29
2026-05-23 06:00:00,9177439.97,,4887669.15
2026-05-23 07:00:00,8736341.14,,4902833.29
2026-05-23 08:00:00,8551607.24,,4897406.16
2026-05-23 09:00:00,8466786.90,,4878909.64
2026-05-23 10:00:00,8888593.48,,5420988.27
2026-05-23 11:00:00,8571151.27,,5287550.81
2026-05-23 12:00:00,8376819.18,,5461438.23
2026-05-23 13:00:00,8586904.26,,5937273.22
2026-05-23 14:00:00,8695635.13,,6217725.38
2026-05-23 15:00:00,9160911.98,,6710188.78
2026-05-23 16:00:00,9469143.98,,6948617.83
2026-05-23 17:00:00,9794905.31,,7260522.89
2026-05-23 18:00:00,10675375.25,,8013650.76
2026-05-23 19:00:00,10272579.16,,7735748.67
2026-05-23 20:00:00,10198636.14,,7528172.97
2026-05-23 21:00:00,9733690.84,,7181330.56
2026-05-23 22:00:00,9776515.37,,7257446.52
2026-05-23 23:00:00,9732850.12,,7146213.53
2026-05-24 00:00:00,9774220.15,,7192335.15
2026-05-24 01:00:00,9962965.34,,7355581.04
2026-05-24 02:00:00,10068482.68,,7399252.57
2026-05-24 03:00:00,10187997.85,,7586820.48
2026-05-24 04:00:00,10061505.17,,7516692.80
2026-05-24 05:00:00,9806345.88,,7158168.00
2026-05-24 06:00:00,9978023.29,,7304945.26
2026-05-24 07:00:00,10266242.06,,7535842.69
2026-05-24 08:00:00,10833731.48,,7965116.01
2026-05-24 09:00:00,10662386.83,,8025506.27
2026-05-24 10:00:00,11171326.67,,8391787.81
2026-05-24 11:00:00,11703205.09,,9078334.58
2026-05-24 12:00:00,11878824.63,,9350134.69
2026-05-24 13:00:00,12479664.51,,9866124.11
2026-05-24 14:00:00,13021104.73,,10204334.86
2026-05-24 15:00:00,13143638.35,,10300352.82
2026-05-24 16:00:00,13778373.05,,10859867.59
2026-05-24 17:00:00,14298353.53,,11105046.48
2026-05-24 18:00:00,15263281.00,,11776438.42
2026-05-24 19:00:00,15407621.93,,11934893.72
2026-05-24 20:00:00,15620524.40,,11917873.77
2026-05-24 21:00:00,16060669.63,,11803122.82
2026-05-24 22:00:00,14235909.66,,10375795.73
2026-05-24 23:00:00,13926547.95,,10121643.45
2026-05-25 00:00:00,14115956.14,,10501012.87
2026-05-25 01:00:00,14145081.96,,10453131.29
2026-05-25 02:00:00,13797579.55,,10114715.08
2026-05-25 03:00:00,13607572.21,,10123708.91
2026-05-25 04:00:00,14608670.94,,11112512.08
2026-05-25 05:00:00,14700527.94,,11220813.46
2026-05-25 06:00:00,15275555.51,,11924288.53
2026-05-25 07:00:00,15365931.43,,12502854.00
2026-05-25 08:00:00,16539611.62,,13361169.72
2026-05-25 09:00:00,15841874.65,,12846417.62
2026-05-25 10:00:00,16454423.35,,13384164.07
2026-05-25 11:00:00,16234945.97,,13049628.33
2026-05-25 12:00:00,17096864.19,,13690144.40
2026-05-25 13:00:00,17347775.58,,14237797.59
2026-05-25 14:00:00,17982583.11,,13968818.35
2026-05-25 15:00:00,19450857.88,,14727746.50
2026-05-25 16:00:00,19028367.54,,14099295.65
2026-05-25 17:00:00,18886381.73,,13902645.41
2026-05-25 18:00:00,17945995.67,,12538680.48
2026-05-25 19:00:00,17451238.89,,12099440.49
2026-05-25 20:00:00,17277322.52,,11979423.84
2026-05-25 21:00:00,17220240.22,,11776079.04
2026-05-25 22:00:00,17558273.59,,11810517.73
2026-05-25 23:00:00,17394225.07,,11860221.80
2026-05-26 00:00:00,17595362.13,,12063887.45
2026-05-26 01:00:00,17730289.65,,12180708.23
2026-05-26 02:00:00,17905787.36,,12253103.39
2026-05-26 03:00:00,18911020.30,,13302916.76
2026-05-26 04:00:00,18883742.90,,13091124.49
2026-05-26 05:00:00,19674886.10,,13791799.87
2026-05-26 06:00:00,19150975.08,,13438064.19
2026-05-26 07:00:00,19591959.29,,12430376.32
2026-05-26 08:00:00,19535307.89,,12370385.23
2026-05-26 09:00:00,21127841.26,,13640639.97
2026-05-26 10:00:00,21949729.06,,14387003.91
2026-05-26 11:00:00,19461032.23,,12989524.65
2026-05-26 12:00:00,19770032.77,,12954673.82
2026-05-26 13:00:00,20323823.16,,13493774.93
2026-05-26 14:00:00,20186857.71,,13262278.66
2026-05-26 15:00:00,20499791.90,,13559294.04
2026-05-26 16:00:00,21066318.25,,13828800.60
2026-05-26 17:00:00,21334994.91,,13354314.75
2026-05-26 18:00:00,20870715.40,,13162112.75
2026-05-26 19:00:00,21120174.88,,13173928.93
2026-05-26 20:00:00,21552907.12,,13378058.07
2026-05-26 21:00:00,21687709.25,,13378946.35
2026-05-26 22:00:00,21269362.48,,13064897.08
2026-05-26 23:00:00,21271847.60,,12934681.39
2026-05-27 00:00:00,21474048.55,,13099455.21
2026-05-27 01:00:00,21619297.78,,13264724.62
2026-05-27 02:00:00,22404851.40,,13631437.26
2026-05-27 03:00:00,21266766.00,,13047726.12
2026-05-27 04:00:00,22021880.29,,13208079.14
2026-05-27 05:00:00,22470531.58,,13333365.06
2026-05-27 06:00:00,23560163.61,,14239207.11
2026-05-27 07:00:00,23447994.81,,14159138.77
2026-05-27 08:00:00,23773870.91,,14425294.02
2026-05-27 09:00:00,24411677.21,,14612727.01
2026-05-27 10:00:00,24860284.19,,14693985.90
2026-05-27 11:00:00,24221074.24,,13115497.98
2026-05-27 12:00:00,24786342.02,,13198126.47
2026-05-27 13:00:00,24964434.13,,13173355.14
2026-05-27 14:00:00,25700312.43,,13828164.69
2026-05-27 15:00:00,25510776.96,,13664512.15
2026-05-27 16:00:00,25134902.50,,13371977.32
2026-05-27 17:00:00,25033906.68,,13124562.76
2026-05-27 18:00:00,25178189.12,,12958147.80
2026-05-27 19:00:00,25799637.06,,13096563.07
2026-05-27 20:00:00,25926702.94,,13123737.87
2026-05-27 21:00:00,25527703.91,,12945320.70
2026-05-27 22:00:00,25478800.37,,12935525.68
2026-05-27 23:00:00,25477423.03,,12988474.46
2026-05-28 00:00:00,25248942.20,,12918109.12
2026-05-28 01:00:00,25454861.53,,12941496.36
2026-05-28 02:00:00,25834148.91,,13099682.54
2026-05-28 03:00:00,25234342.95,,12726113.16
2026-05-28 04:00:00,25698409.85,,13054823.78
2026-05-28 05:00:00,26073467.71,,13244363.86
2026-05-28 06:00:00,25798203.33,,13238112.59
2026-05-28 07:00:00,25770853.68,,13080698.30
2026-05-28 08:00:00,25877117.44,,13072269.56
2026-05-28 09:00:00,25856087.99,,12960592.86
2026-05-28 10:00:00,25460952.95,,12777694.28
2026-05-28 11:00:00,24979803.39,,12492759.34
2026-05-28 12:00:00,23218991.41,,11557081.97
2026-05-28 13:00:00,24259021.70,,12657404.67
2026-05-28 14:00:00,23580659.10,,12135866.37
2026-05-28 15:00:00,22899276.76,,11655630.80
2026-05-28 16:00:00,22597336.07,,11544716.83
2026-05-28 17:00:00,21734154.61,,11114601.81
2026-05-28 18:00:00,23081330.05,,11376041.60
2026-05-28 19:00:00,22381733.44,,10524246.49
2026-05-28 20:00:00,21827244.67,,10311555.11
2026-05-28 21:00:00,21075297.16,,10061034.87
2026-05-28 22:00:00,20023644.57,,9469656.23
2026-05-28 23:00:00,19772787.49,,9439427.13
2026-05-29 00:00:00,19361568.41,,9502400.95
2026-05-29 01:00:00,19439932.88,,9539716.72
2026-05-29 02:00:00,19899977.70,,9723260.94
2026-05-29 03:00:00,19503379.09,,9504659.36
2026-05-29 04:00:00,19839930.91,,9809273.60
2026-05-29 05:00:00,20175521.95,,9999078.50
2026-05-29 06:00:00,20012866.23,,9843876.45
2026-05-29 07:00:00,20527631.75,,10127386.22
2026-05-29 08:00:00,21361196.87,,10593060.08
2026-05-29 09:00:00,20941112.69,,10452059.12
2026-05-29 10:00:00,21256839.08,,10664206.90
2026-05-29 11:00:00,21679570.34,,10859350.82
2026-05-29 12:00:00,22067121.91,,11146841.47
2026-05-29 13:00:00,21850869.38,,11195769.31
2026-05-29 14:00:00,21823814.39,,11208500.35
2026-05-29 15:00:00,21392532.17,,10957517.33
2026-05-29 16:00:00,20542121.67,,10373036.09
2026-05-29 17:00:00,19760999.13,,10054725.61
2026-05-29 18:00:00,18814859.73,,9560180.22
2026-05-29 19:00:00,18233341.39,,9205235.83
2026-05-29 20:00:00,18398546.49,,9139535.63
2026-05-29 21:00:00,17710256.00,,8847739.94
2026-05-29 22:00:00,19086712.53,,9339028.89
2026-05-29 23:00:00,18108747.04,,8946146.60
2026-05-30 00:00:00,17736564.33,,8812347.09
2026-05-30 01:00:00,17930973.32,,8923933.82
2026-05-30 02:00:00,17666592.67,,8865351.70
2026-05-30 03:00:00,17407575.21,,8733597.47
2026-05-30 04:00:00,18402506.22,,9112237.81
2026-05-30 05:00:00,20115642.74,,10189466.45
2026-05-30 06:00:00,19117704.42,,9695009.06
2026-05-30 07:00:00,19124570.06,,9600266.42
2026-05-30 08:00:00,19136110.73,,9602643.69
2026-05-30 09:00:00,18986829.98,,9507634.08
2026-05-30 10:00:00,18959745.54,,9550057.66
2026-05-30 11:00:00,19094193.43,,9639025.97
2026-05-30 12:00:00,19304016.64,,9727477.69
2026-05-30 13:00:00,19361328.29,,9724831.30
2026-05-30 14:00:00,20674077.52,,10485468.07
2026-05-30 15:00:00,19034492.10,,9177894.59
2026-05-30 16:00:00,19131424.93,,8730953.06
2026-05-30 17:00:00,17936542.00,,8179998.99
2026-05-30 18:00:00,17262619.67,,7835931.18
2026-05-30 19:00:00,17144513.75,,7825753.84
2026-05-30 20:00:00,16834754.36,,7738838.88
2026-05-30 21:00:00,16457716.28,,7556215.39
2026-05-30 22:00:00,16502145.70,,7541158.08
2026-05-30 23:00:00,16121277.79,,7400639.05
2026-05-31 00:00:00,16181605.21,,7410389.36
2026-05-31 01:00:00,15997590.56,,7488758.86
2026-05-31 02:00:00,13844804.90,,7826252.40
2026-05-31 03:00:00,13199977.19,,8001005.06
2026-05-31 04:00:00,13384069.99,,8025062.85
2026-05-31 05:00:00,13507742.04,,8099955.65
2026-05-31 06:00:00,13471149.11,,8392458.46
2026-05-31 07:00:00,13263792.18,,8413690.45
2026-05-31 08:00:00,13774219.60,,8382258.92
2026-05-31 09:00:00,13674235.74,,8342090.19
2026-05-31 10:00:00,13536854.17,,8193001.63
2026-05-31 11:00:00,13216250.31,,8085165.66
2026-05-31 12:00:00,13415915.34,,8017335.26
2026-05-31 13:00:00,12903347.77,,7761399.38
2026-05-31 14:00:00,12955253.39,,7820328.00
2026-05-31 15:00:00,12654013.06,,7701669.23
2026-05-31 16:00:00,14622503.29,,8734191.58
2026-05-31 17:00:00,13996816.20,,8412020.76
2026-05-31 18:00:00,14733197.56,,8827442.68
2026-05-31 19:00:00,15545209.13,,9320939.46
2026-05-31 20:00:00,16051605.91,,9500963.33
2026-05-31 21:00:00,15947667.20,,9594861.73
2026-05-31 22:00:00,15726606.52,,9441675.34
2026-05-31 23:00:00,15587226.85,,9375696.66
2026-06-01 00:00:00,15486499.99,,9380813.12
2026-06-01 01:00:00,14297885.62,,8085037.65
2026-06-01 02:00:00,13271922.65,,7194126.51
2026-06-01 03:00:00,13273756.52,,7269999.74
2026-06-01 04:00:00,13173925.92,,7321257.61
2026-06-01 05:00:00,12796019.53,,7168368.48
2026-06-01 06:00:00,12595470.28,,7067256.67
2026-06-01 07:00:00,12702419.77,,7369392.44
2026-06-01 08:00:00,13085339.69,,7460755.83
2026-06-01 09:00:00,13064477.30,,7184644.35
2026-06-01 10:00:00,13180306.36,,7222700.03
2026-06-01 11:00:00,13338096.89,,7313034.27
2026-06-01 12:00:00,13121465.13,,7375369.98
2026-06-01 13:00:00,13161901.70,,7253229.60
2026-06-01 14:00:00,13158274.70,,7221806.75
2026-06-01 15:00:00,13089031.93,,7146773.40
2026-06-01 16:00:00,13230502.01,,7177425.03
2026-06-01 17:00:00,13613225.83,,7373112.08
2026-06-01 18:00:00,13871388.35,,7390340.08
2026-06-01 19:00:00,14137197.61,,7448293.07
2026-06-01 20:00:00,14373996.92,,7596208.62
2026-06-01 21:00:00,14396348.44,,7571608.80
2026-06-01 22:00:00,14608928.55,,7771108.12
2026-06-01 23:00:00,15272774.89,,8316603.93
2026-06-02 00:00:00,14881539.52,,7936566.82
2026-06-02 01:00:00,15046678.31,,7969211.25
2026-06-02 02:00:00,14947932.45,,8073851.73
2026-06-02 03:00:00,14873325.35,,7851975.01
2026-06-02 04:00:00,14836955.65,,7730371.39
2026-06-02 05:00:00,14294670.16,,7274949.57
2026-06-02 06:00:00,14731611.56,,7376022.66
2026-06-02 07:00:00,15263388.00,,7673585.47
2026-06-02 08:00:00,15569947.02,,7742316.00
2026-06-02 09:00:00,16193381.21,,8020138.78
2026-06-02 10:00:00,16129037.93,,8140249.85
2026-06-02 11:00:00,17076687.54,,8514530.08
2026-06-02 12:00:00,15788719.09,,8237816.14
2026-06-02 13:00:00,16470062.57,,8487492.90
2026-06-02 14:00:00,17076061.42,,8817685.50
2026-06-02 15:00:00,17266159.32,,8986558.10
2026-06-02 16:00:00,14469036.06,,6592282.95
2026-06-02 17:00:00,11849986.54,,5849567.33
2026-06-02 18:00:00,10397831.20,,5265049.12
2026-06-02 19:00:00,10594328.59,,5343283.01
2026-06-02 20:00:00,9787033.70,,4858379.37
2026-06-02 21:00:00,10217237.14,,4876964.63
2026-06-02 22:00:00,10032670.57,,4690656.84
2026-06-02 23:00:00,9615562.28,,4443849.46
2026-06-03 00:00:00,9900848.77,,4490450.73
2026-06-03 01:00:00,9709580.85,,4458184.85
2026-06-03 02:00:00,9637708.92,,4499019.04
2026-06-03 03:00:00,9661757.87,,4604802.91
2026-06-03 04:00:00,9700097.61,,4566407.37
2026-06-03 05:00:00,9601821.40,,4365616.66
2026-06-03 06:00:00,9576122.16,,4292227.88
2026-06-03 07:00:00,9147753.91,,4260471.65
2026-06-03 08:00:00,9011307.61,,4296643.34
2026-06-03 09:00:00,8955591.22,,4401937.34
2026-06-03 10:00:00,8746480.24,,4283808.75
2026-06-03 11:00:00,9118428.16,,4319333.17
2026-06-03 12:00:00,8999728.21,,4286582.40
2026-06-03 13:00:00,8611647.25,,4160820.18
2026-06-03 14:00:00,8540412.60,,4053450.40
2026-06-03 15:00:00,8955004.73,,4116762.76
2026-06-03 16:00:00,8751843.38,,3973115.62
2026-06-03 17:00:00,8479712.37,,3767815.36
2026-06-03 18:00:00,8429606.15,,3758237.47
2026-06-03 19:00:00,8488248.65,,3685709.17
2026-06-03 20:00:00,8143088.26,,3525967.87
2026-06-03 21:00:00,7926065.89,,3435852.68
2026-06-03 22:00:00,8287899.60,,3577288.95
2026-06-03 23:00:00,8013790.72,,3514550.01
2026-06-04 00:00:00,8165669.42,,3552435.89
2026-06-04 01:00:00,7941929.07,,3586239.96
2026-06-04 02:00:00,7761298.73,,3412139.18
2026-06-04 03:00:00,7587341.08,,3197743.36
2026-06-04 04:00:00,7683780.83,,3302696.80
2026-06-04 05:00:00,7832542.69,,3321329.28
2026-06-04 06:00:00,8346623.63,,3513557.74
2026-06-04 07:00:00,8134293.66,,3513148.86
2026-06-04 08:00:00,8324174.23,,3557165.36
2026-06-04 09:00:00,8038693.70,,3341028.11
2026-06-04 10:00:00,7711475.25,,3184776.90
2026-06-04 11:00:00,7759648.59,,3203780.12
2026-06-04 12:00:00,7778227.31,,3233420.65
2026-06-04 13:00:00,7703314.53,,3212560.31
2026-06-04 14:00:00,7654163.98,,3281298.74
2026-06-04 15:00:00,7509750.01,,3131874.43
2026-06-04 16:00:00,8193480.54,,3293277.61
2026-06-04 17:00:00,7914023.23,,3133985.70
2026-06-04 18:00:00,8238924.29,,3231301.56
2026-06-04 19:00:00,8039195.59,,3087152.06
2026-06-04 20:00:00,7936154.82,,3003178.26
2026-06-04 21:00:00,7789755.70,,2973681.66
2026-06-04 22:00:00,7750239.62,,2949091.58
2026-06-04 23:00:00,7712606.35,,2978982.18
2026-06-05 00:00:00,7878825.79,,3047681.39
2026-06-05 01:00:00,7866163.82,,3089931.01
2026-06-05 02:00:00,8057117.03,,3061908.34
2026-06-05 03:00:00,7862645.15,,3047843.34
2026-06-05 04:00:00,7636744.22,,2934927.87
2026-06-05 05:00:00,7886382.18,,3052221.98
2026-06-05 06:00:00,7754517.62,,2968804.22
2026-06-05 07:00:00,7783945.41,,3049310.21
2026-06-05 08:00:00,7771575.68,,3161657.93
2026-06-05 09:00:00,8040318.30,,3317084.93
2026-06-05 10:00:00,8048534.03,,3251782.72
2026-06-05 11:00:00,7924538.90,,3183219.75
2026-06-05 12:00:00,7878769.00,,3194849.10
2026-06-05 13:00:00,7800123.80,,3111592.51
2026-06-05 14:00:00,7622779.25,,3103951.85
2026-06-05 15:00:00,7649679.52,,3135004.89
2026-06-05 16:00:00,7233636.00,,2940532.11
2026-06-05 17:00:00,6978339.15,,2841892.28
2026-06-05 18:00:00,6849216.01,,2805081.32
2026-06-05 19:00:00,6681137.29,,2776717.80
2026-06-05 20:00:00,6585622.97,,2717769.47
2026-06-05 21:00:00,6771391.53,,2780867.77
2026-06-05 22:00:00,7042670.96,,2908120.37
2026-06-05 23:00:00,7004638.32,,2882470.97
2026-06-06 00:00:00,7030039.25,,2890561.43
2026-06-06 01:00:00,7131736.20,,2918772.50
2026-06-06 02:00:00,7146394.36,,3059526.38
2026-06-06 03:00:00,7236029.52,,3105412.40
2026-06-06 04:00:00,7309667.17,,3179081.91
2026-06-06 05:00:00,7052899.72,,2993325.18
2026-06-06 06:00:00,7087852.68,,3000467.00
2026-06-06 07:00:00,7054343.47,,2988533.39
2026-06-06 08:00:00,7342803.23,,3228058.62
2026-06-06 09:00:00,7257079.12,,3197975.12
2026-06-06 10:00:00,7351858.71,,3302167.52
2026-06-06 11:00:00,7318251.14,,3262309.09
2026-06-06 12:00:00,7225536.23,,3248578.42
2026-06-06 13:00:00,7139435.62,,3169066.59
2026-06-06 14:00:00,7353422.51,,3263916.60
2026-06-06 15:00:00,7276256.44,,3277115.30
2026-06-06 16:00:00,7477134.17,,3412739.26
2026-06-06 17:00:00,7713138.51,,3522597.13
2026-06-06 18:00:00,7523817.41,,3524516.32
2026-06-06 19:00:00,7418095.89,,3488943.81
2026-06-06 20:00:00,7459886.15,,3533953.87
2026-06-06 21:00:00,7640407.58,,3627489.29
2026-06-06 22:00:00,7623794.31,,3637033.82
2026-06-06 23:00:00,7412866.98,,3514273.07
2026-06-07 00:00:00,7462409.06,,3543399.72
2026-06-07 01:00:00,7270999.71,,3450935.48
2026-06-07 02:00:00,7578930.93,,3613975.42
2026-06-07 03:00:00,7528078.71,,3573071.59
2026-06-07 04:00:00,7879145.59,,3681822.12
2026-06-07 05:00:00,7832015.93,,3644310.52
2026-06-07 06:00:00,7624687.79,,3542542.13
2026-06-07 07:00:00,7575837.85,,3473248.91
2026-06-07 08:00:00,7913597.52,,3674340.12
2026-06-07 09:00:00,7906511.02,,3648129.36
2026-06-07 10:00:00,7830099.53,,3583685.55
2026-06-07 11:00:00,8297062.24,,3830756.32
2026-06-07 12:00:00,8709234.87,,3980415.60
2026-06-07 13:00:00,8830927.69,,4158684.55
2026-06-07 14:00:00,8749283.02,,4176682.62
2026-06-07 15:00:00,9106925.67,,4433711.10
2026-06-07 16:00:00,8620290.33,,4280004.72
2026-06-07 17:00:00,8472975.60,,4112542.44
2026-06-07 18:00:00,8133479.30,,3890997.28
2026-06-07 19:00:00,7868915.34,,3780161.61
2026-06-07 20:00:00,7698073.43,,3645939.91
2026-06-07 21:00:00,7906681.54,,3732145.44
2026-06-07 22:00:00,8037761.46,,3781813.21
2026-06-07 23:00:00,8357007.17,,3873032.83
2026-06-08 00:00:00,8194616.01,,3813843.60
2026-06-08 01:00:00,8145109.31,,3801339.38
2026-06-08 02:00:00,8424126.89,,4033869.52
2026-06-08 03:00:00,8467784.52,,4020775.93
2026-06-08 04:00:00,8549756.36,,4054563.53
2026-06-08 05:00:00,7958231.31,,3810222.04
2026-06-08 06:00:00,7175610.45,,3510145.15
2026-06-08 07:00:00,7398788.34,,3653553.48
2026-06-08 08:00:00,7463793.83,,3699196.99
2026-06-08 09:00:00,7575048.31,,3768965.34
2026-06-08 10:00:00,7527944.19,,3690906.95
2026-06-08 11:00:00,7852318.46,,3849807.60
2026-06-08 12:00:00,7911193.91,,3875156.57
2026-06-08 13:00:00,7873465.14,,3775157.37
2026-06-08 14:00:00,8097236.92,,3946653.18
2026-06-08 15:00:00,8025329.58,,3907867.39
2026-06-08 16:00:00,7837559.42,,3746458.10
2026-06-08 17:00:00,7909108.28,,3816060.37
2026-06-08 18:00:00,7945924.67,,3835550.99
2026-06-08 19:00:00,8055500.62,,3910194.34
2026-06-08 20:00:00,8273408.19,,3999856.88
2026-06-08 21:00:00,8306612.40,,4030587.53
2026-06-08 22:00:00,8110955.35,,3918023.59
2026-06-08 23:00:00,8018988.51,,3838731.85
2026-06-09 00:00:00,8022727.75,,3815514.92
2026-06-09 01:00:00,8223766.36,,3965098.10
2026-06-09 02:00:00,7741942.56,,3680797.36
2026-06-09 03:00:00,7585586.76,,3562169.82
2026-06-09 04:00:00,7756123.87,,3652670.25
2026-06-09 05:00:00,7880577.77,,3728613.92
2026-06-09 06:00:00,7873696.26,,3671515.85
2026-06-09 07:00:00,7838888.28,,3637750.77
2026-06-09 08:00:00,7942779.14,,3698330.02
2026-06-09 09:00:00,7983941.24,,3720577.81
2026-06-09 10:00:00,7908025.43,,3667655.31
2026-06-09 11:00:00,7826234.53,,3661946.20
2026-06-09 12:00:00,7937802.11,,3712211.04
2026-06-09 13:00:00,7946541.71,,3753368.74
2026-06-09 14:00:00,7983733.96,,3776949.32
2026-06-09 15:00:00,8132736.42,,3899316.95
2026-06-09 16:00:00,8084440.16,,3802665.42
2026-06-09 17:00:00,8193655.00,,3869227.45
2026-06-09 18:00:00,8288147.49,,3904777.54
2026-06-09 19:00:00,8452660.15,,3986723.68
2026-06-09 20:00:00,8450306.70,,4024482.36
2026-06-09 21:00:00,8529321.18,,4137871.90
2026-06-09 22:00:00,8688603.58,,4158325.86
2026-06-09 23:00:00,8485853.62,,4118603.09
2026-06-10 00:00:00,8725238.82,,4214440.91
2026-06-10 01:00:00,9026887.45,,4472931.67
2026-06-10 02:00:00,9310945.30,,4646853.82
2026-06-10 03:00:00,8392222.53,,4091297.38
2026-06-10 04:00:00,8625047.79,,4143356.01
2026-06-10 05:00:00,8151542.61,,3884905.62
2026-06-10 06:00:00,8547781.05,,4154663.01
2026-06-10 07:00:00,9052085.43,,4371916.30
2026-06-10 08:00:00,9455588.66,,4656877.28
2026-06-10 09:00:00,9603594.38,,4715806.03
2026-06-10 10:00:00,8553270.13,,3879216.98
2026-06-10 11:00:00,8837222.28,,3932128.35
2026-06-10 12:00:00,8742711.89,,3901675.25
2026-06-10 13:00:00,8361851.36,,3705661.69
2026-06-10 14:00:00,8715659.03,,3878013.25
2026-06-10 15:00:00,8352659.39,,3687235.48
2026-06-10 16:00:00,8488300.91,,3738091.50
2026-06-10 17:00:00,8443702.67,,3737147.96
2026-06-10 18:00:00,8525964.42,,3786438.75
2026-06-10 19:00:00,8190102.36,,3603336.15
2026-06-10 20:00:00,8275042.27,,3638214.54
2026-06-10 21:00:00,8263976.57,,3564763.97
2026-06-10 22:00:00,8178349.04,,3512833.68
2026-06-10 23:00:00,8246669.12,,3550289.81
2026-06-11 00:00:00,8157451.95,,3533672.09
2026-06-11 01:00:00,8288801.91,,3666153.82
2026-06-11 02:00:00,8139738.37,,3563839.53
2026-06-11 03:00:00,8136889.18,,3507182.04
2026-06-11 04:00:00,8106357.01,,3459612.50
2026-06-11 05:00:00,7700479.00,,3256701.16
2026-06-11 06:00:00,7661164.77,,3242540.00
2026-06-11 07:00:00,7031443.00,,3003605.12
2026-06-11 08:00:00,7162668.42,,3098882.04
2026-06-11 09:00:00,7231813.65,,3156579.02
2026-06-11 10:00:00,7064652.80,,3175864.77
2026-06-11 11:00:00,6964724.99,,3165619.75
2026-06-11 12:00:00,6686345.70,,3074988.99
2026-06-11 13:00:00,6693587.51,,3090671.01
2026-06-11 14:00:00,6700817.90,,3157184.39
2026-06-11 15:00:00,6888999.42,,3320070.83
2026-06-11 16:00:00,7066242.29,,3436200.55
2026-06-11 17:00:00,7334268.74,,3620059.96
2026-06-11 18:00:00,7343442.76,,3671450.41
2026-06-11 19:00:00,7524706.54,,3853792.40
2026-06-11 20:00:00,8092964.71,,4210290.97
2026-06-11 21:00:00,8022324.17,,4118874.17
2026-06-11 22:00:00,8006125.23,,4045381.41
2026-06-11 23:00:00,8604187.95,,4404268.26
2026-06-12 00:00:00,8255189.10,,4233360.03
2026-06-12 01:00:00,8267204.88,,4328092.38
2026-06-12 02:00:00,7252184.13,,3438668.90
2026-06-12 03:00:00,7460520.21,,3606839.90
2026-06-12 04:00:00,7476578.15,,3599371.98
2026-06-12 05:00:00,7375889.66,,3546929.48
2026-06-12 06:00:00,7567321.59,,3621976.51
2026-06-12 07:00:00,8119518.28,,3963686.42
2026-06-12 08:00:00,8009308.60,,3751442.24
2026-06-12 09:00:00,8140750.18,,3798667.26
2026-06-12 10:00:00,8574583.80,,3785923.22
2026-06-12 11:00:00,8681916.40,,3680543.63
2026-06-12 12:00:00,7707079.75,,3080532.99
2026-06-12 13:00:00,8007999.95,,3184585.57
2026-06-12 14:00:00,7923324.98,,3134366.93
2026-06-12 15:00:00,8049875.21,,3091676.81
2026-06-12 16:00:00,8035804.12,,3048005.54
2026-06-12 17:00:00,8285058.00,,3148592.67
2026-06-12 18:00:00,8003409.12,,2979435.01
2026-06-12 19:00:00,7979553.22,,2972883.72
2026-06-12 20:00:00,7986875.62,,3003029.42
2026-06-12 21:00:00,8018986.23,,3014075.73
2026-06-12 22:00:00,7818544.34,,2926050.80
2026-06-12 23:00:00,7851043.74,,2935363.97
2026-06-13 00:00:00,7909492.83,,2950439.62
2026-06-13 01:00:00,7875427.97,,2930627.19
2026-06-13 02:00:00,7488937.24,,2811841.28
2026-06-13 03:00:00,7693711.41,,2868432.08
2026-06-13 04:00:00,7571041.04,,2877862.86
2026-06-13 05:00:00,7414537.30,,2799579.93
2026-06-13 06:00:00,7252875.90,,2744341.60
2026-06-13 07:00:00,7317016.27,,2796327.41
2026-06-13 08:00:00,7381520.04,,2835875.69
2026-06-13 09:00:00,7448791.37,,2782712.11
2026-06-13 10:00:00,7979707.32,,2920623.99
2026-06-13 11:00:00,7877002.50,,2837624.35
2026-06-13 12:00:00,7898673.97,,2821174.44
2026-06-13 13:00:00,7836220.11,,2797321.60
2026-06-13 14:00:00,7920838.34,,2800659.69
2026-06-13 15:00:00,7974467.82,,2788338.62
2026-06-13 16:00:00,7904977.98,,2741319.72
2026-06-13 17:00:00,7856615.55,,2752928.18
2026-06-13 18:00:00,7832573.91,,2755116.63
2026-06-13 19:00:00,7776126.24,,2712437.84
2026-06-13 20:00:00,7891473.57,,2746294.95
2026-06-13 21:00:00,7905488.09,,2749906.68
2026-06-13 22:00:00,7948652.02,,2756639.70
2026-06-13 23:00:00,7986271.41,,2772197.51
2026-06-14 00:00:00,7960842.11,,2765676.87
2026-06-14 01:00:00,8042317.74,,2779118.09
2026-06-14 02:00:00,7863460.36,,2675529.12
2026-06-14 03:00:00,7804936.93,,2646673.72
2026-06-14 04:00:00,7744265.09,,2637519.43
2026-06-14 05:00:00,7652834.74,,2624778.47
2026-06-14 06:00:00,7766930.69,,2635777.42
2026-06-14 07:00:00,7768953.66,,2665221.65
2026-06-14 08:00:00,7671078.45,,2633519.40
2026-06-14 09:00:00,7662156.42,,2625121.80
2026-06-14 10:00:00,7670556.81,,2627464.04
2026-06-14 11:00:00,7514914.73,,2559768.43
2026-06-14 12:00:00,7456660.34,,2528585.30
2026-06-14 13:00:00,7600625.39,,2612735.81
2026-06-14 14:00:00,7576990.40,,2585191.40
2026-06-14 15:00:00,7596452.70,,2561609.52
2026-06-14 16:00:00,7756899.42,,2598230.49
2026-06-14 17:00:00,7571513.08,,2528621.72
2026-06-14 18:00:00,7608366.28,,2538517.47
2026-06-14 19:00:00,7770554.59,,2584114.20
2026-06-14 20:00:00,7659763.89,,2542839.36
2026-06-14 21:00:00,7603500.12,,2537421.44
2026-06-14 22:00:00,7613264.74,,2534480.56
2026-06-14 23:00:00,7541038.77,,2498148.04
2026-06-15 00:00:00,7481002.28,,2494711.12
2026-06-15 01:00:00,7520744.22,,2520767.41
2026-06-15 02:00:00,7485736.47,,2512599.19
2026-06-15 03:00:00,7413117.99,,2471684.38
2026-06-15 04:00:00,7477569.05,,2498240.32
2026-06-15 05:00:00,7484318.78,,2485141.12
2026-06-15 06:00:00,7501436.26,,2482069.75
2026-06-15 07:00:00,7525522.33,,2494630.87
2026-06-15 08:00:00,7483853.97,,2495197.92
2026-06-15 09:00:00,7438759.04,,2486809.74
2026-06-15 10:00:00,7400855.95,,2498112.11
2026-06-15 11:00:00,7351020.49,,2471297.67
2026-06-15 12:00:00,7193679.91,,2393526.97
2026-06-15 13:00:00,7191061.49,,2380617.74
2026-06-15 14:00:00,7236315.60,,2395619.44
2026-06-15 15:00:00,7291194.03,,2419707.06
2026-06-15 16:00:00,7409049.42,,2445846.86
2026-06-15 17:00:00,7299806.36,,2415984.73
2026-06-15 18:00:00,7324248.49,,2432818.47
2026-06-15 19:00:00,7273927.04,,2405581.87
2026-06-15 20:00:00,7263445.24,,2396885.70
2026-06-15 21:00:00,7217005.87,,2364155.84
2026-06-15 22:00:00,7197222.82,,2340513.71
2026-06-15 23:00:00,7002978.18,,2235288.77
2026-06-16 00:00:00,7109217.53,,2264901.56
2026-06-16 01:00:00,7155304.26,,2287385.52
2026-06-16 02:00:00,7138698.28,,2293291.23
2026-06-16 03:00:00,7155969.93,,2277472.30
2026-06-16 04:00:00,7244983.73,,2304251.20
2026-06-16 05:00:00,7141057.03,,2271602.40
2026-06-16 06:00:00,7128558.72,,2254187.96
2026-06-16 07:00:00,7269919.73,,2285307.99
2026-06-16 08:00:00,7221125.09,,2274812.58
2026-06-16 09:00:00,7525441.60,,2297300.63
2026-06-16 10:00:00,7322964.28,,2226622.61
2026-06-16 11:00:00,7378336.92,,2248146.40
2026-06-16 12:00:00,7288606.01,,2212143.26
2026-06-16 13:00:00,7195937.12,,2178091.87
2026-06-16 14:00:00,7300708.85,,2206820.93
2026-06-16 15:00:00,7355322.49,,2261779.66
2026-06-16 16:00:00,7295552.81,,2248707.64
2026-06-16 17:00:00,7221476.78,,2236124.44
2026-06-16 18:00:00,7389396.15,,2281396.83
2026-06-16 19:00:00,7552676.27,,2307482.38
2026-06-16 20:00:00,7612014.30,,2352341.77
2026-06-16 21:00:00,7820449.37,,2414899.99
2026-06-16 22:00:00,7592874.36,,2316936.12
2026-06-16 23:00:00,7398699.81,,2256013.13
2026-06-17 00:00:00,7374294.48,,2249975.38
2026-06-17 01:00:00,7401065.30,,2246877.64
2026-06-17 02:00:00,7314966.03,,2199371.58
2026-06-17 03:00:00,7271406.94,,2202434.50
2026-06-17 04:00:00,7139085.58,,2217633.71
2026-06-17 05:00:00,7279145.33,,2213750.21
2026-06-17 06:00:00,7237776.48,,2171857.10
2026-06-17 07:00:00,7267591.89,,2164828.00
2026-06-17 08:00:00,7234055.95,,2140123.69
2026-06-17 09:00:00,7175900.66,,2120406.23
2026-06-17 10:00:00,7072728.22,,2086164.58
2026-06-17 11:00:00,7047700.78,,2070478.60
2026-06-17 12:00:00,6972823.48,,2054519.81
2026-06-17 13:00:00,6917031.05,,2036027.98
2026-06-17 14:00:00,6987004.92,,2072912.08
2026-06-17 15:00:00,7086834.64,,2085354.04
2026-06-17 16:00:00,7139078.45,,2091841.34
2026-06-17 17:00:00,7098553.03,,2074209.78
2026-06-17 18:00:00,7315098.09,,2143529.53
2026-06-17 19:00:00,7224684.56,,2131159.10
2026-06-17 20:00:00,7276967.11,,2149867.58
2026-06-17 21:00:00,7323201.43,,2163243.00
2026-06-17 22:00:00,7234987.55,,2135686.53
2026-06-17 23:00:00,7357521.37,,2171877.95
2026-06-18 00:00:00,7238646.42,,2160866.74
2026-06-18 01:00:00,7373141.05,,2217450.82
2026-06-18 02:00:00,7242866.56,,2203733.93
2026-06-18 03:00:00,7202236.61,,2176074.97
2026-06-18 04:00:00,7104536.31,,2096051.63
2026-06-18 05:00:00,7042526.20,,2084318.23
2026-06-18 06:00:00,7015663.46,,2070908.93
2026-06-18 07:00:00,7018261.75,,2073925.62
2026-06-18 08:00:00,7007789.31,,2079859.51
2026-06-18 09:00:00,7070862.31,,2139912.47
2026-06-18 10:00:00,6985833.62,,2119027.29
2026-06-18 11:00:00,7130655.72,,2159063.19
2026-06-18 12:00:00,7013907.70,,2088732.66
2026-06-18 13:00:00,7024482.78,,2099264.06
2026-06-18 14:00:00,6891543.25,,2073734.83
2026-06-18 15:00:00,6796096.13,,2051389.80
2026-06-18 16:00:00,6727223.93,,2027837.85
2026-06-18 17:00:00,6876306.83,,2054941.98
2026-06-18 18:00:00,6788060.20,,2025006.61
2026-06-18 19:00:00,6838857.84,,2035306.98
2026-06-18 20:00:00,6858714.22,,2040060.69
2026-06-18 21:00:00,6917588.93,,2043514.68
2026-06-18 22:00:00,6834879.82,,2016610.48
2026-06-18 23:00:00,6910124.20,,2025838.15
2026-06-19 00:00:00,6932387.27,,2027976.65
2026-06-19 01:00:00,6923529.51,,2035701.46
2026-06-19 02:00:00,7027931.29,,2068200.50
2026-06-19 03:00:00,7042700.78,,2057338.37
2026-06-19 04:00:00,7053240.11,,2080553.87
2026-06-19 05:00:00,6974173.36,,2061993.36
2026-06-19 06:00:00,6944763.09,,2076311.08
2026-06-19 07:00:00,6979449.35,,2078505.33
2026-06-19 08:00:00,6917133.03,,2068779.29
2026-06-19 09:00:00,6991315.62,,2079117.08
2026-06-19 10:00:00,6940856.82,,2071923.84
2026-06-19 11:00:00,6880313.81,,2049959.01
2026-06-19 12:00:00,7085236.88,,2124584.88
2026-06-19 13:00:00,7165330.20,,2158235.98
2026-06-19 14:00:00,5069013.88,,1778240.55
2026-06-19 15:00:00,4873722.71,,1921158.68
2026-06-19 16:00:00,5095605.35,,2103724.90
2026-06-19 17:00:00,4926458.18,,2016774.76
2026-06-19 18:00:00,4909876.78,,1944663.73
2026-06-19 19:00:00,4818590.72,,1881014.90
2026-06-19 20:00:00,4876122.74,,1840455.42
2026-06-19 21:00:00,4864922.97,,1851158.90
2026-06-19 22:00:00,4868229.77,,1874161.49
2026-06-19 23:00:00,4628803.09,,1766750.07
2026-06-20 00:00:00,4639291.71,,1805238.41
2026-06-20 01:00:00,4846361.05,,2043116.83
2026-06-20 02:00:00,4884055.72,,2067941.22
2026-06-20 03:00:00,4785163.71,,2017809.51
2026-06-20 04:00:00,4876001.67,,2033489.68
2026-06-20 05:00:00,4809784.96,,1973154.96
2026-06-20 06:00:00,4853091.63,,2015875.19
2026-06-20 07:00:00,4771775.07,,1983800.96
2026-06-20 08:00:00,4900214.38,,2007612.75
2026-06-20 09:00:00,4859202.14,,2012413.45
2026-06-20 10:00:00,4888201.81,,2010492.96
2026-06-20 11:00:00,5055849.04,,1915112.48
2026-06-20 12:00:00,5296146.02,,1939057.54
2026-06-20 13:00:00,5351342.12,,1951975.07
2026-06-20 14:00:00,5200903.39,,1903216.99
2026-06-20 15:00:00,5480654.44,,2162762.62
2026-06-20 16:00:00,5315298.97,,2114840.34
2026-06-20 17:00:00,5368528.41,,2112222.98
2026-06-20 18:00:00,5509833.51,,2097857.71
2026-06-20 19:00:00,5548846.00,,2071491.10
2026-06-20 20:00:00,5628571.04,,2108125.77
2026-06-20 21:00:00,5624942.14,,2063013.95
2026-06-20 22:00:00,5630557.39,,2035281.71
2026-06-20 23:00:00,5627193.29,,2042671.33
2026-06-21 00:00:00,5730943.27,,2081700.01
2026-06-21 01:00:00,5730878.75,,2130365.19
2026-06-21 02:00:00,5857801.27,,2198477.38
2026-06-21 03:00:00,6248087.64,,2442493.99
2026-06-21 04:00:00,6237047.02,,2537448.22
2026-06-21 05:00:00,6242076.91,,2600087.95
2026-06-21 06:00:00,6621546.46,,2712499.38
2026-06-21 07:00:00,6460345.57,,2536954.70
2026-06-21 08:00:00,6784980.93,,2666864.89
2026-06-21 09:00:00,6644043.96,,2597752.54
2026-06-21 10:00:00,6791646.22,,2747334.13
2026-06-21 11:00:00,6941511.84,,2952110.70
2026-06-21 12:00:00,7302425.81,,2997829.73
2026-06-21 13:00:00,7635947.10,,3197232.97
2026-06-21 14:00:00,7830074.97,,3656914.78
2026-06-21 15:00:00,7444118.81,,3253542.13
2026-06-21 16:00:00,8279539.51,,3677852.93
2026-06-21 17:00:00,8661067.86,,4002083.37
2026-06-21 18:00:00,8905660.54,,3735730.23
2026-06-21 19:00:00,9673341.23,,4055458.08
2026-06-21 20:00:00,9831332.47,,4027752.10
2026-06-21 21:00:00,9743646.36,,4042099.87
2026-06-21 22:00:00,9735683.56,,4083866.86
2026-06-21 23:00:00,9569816.09,,4178820.40
2026-06-22 00:00:00,9701927.31,,4273750.86
2026-06-22 01:00:00,10593723.86,,4610527.53
2026-06-22 02:00:00,10519670.18,,4597231.89
2026-06-22 03:00:00,10538169.68,,4622790.22
2026-06-22 04:00:00,11277744.69,,5030396.71
2026-06-22 05:00:00,11915195.66,,5364778.48
2026-06-22 06:00:00,13213590.77,,5961928.35
2026-06-22 07:00:00,14154270.70,,6337377.42
2026-06-22 08:00:00,14359348.97,,6769286.50
2026-06-22 09:00:00,12347035.07,,6016981.31
2026-06-22 10:00:00,12452316.98,,6220204.14
2026-06-22 11:00:00,10781674.31,,5260040.37
2026-06-22 12:00:00,10611666.44,,4420382.05
2026-06-22 13:00:00,10782071.18,,4311385.00
2026-06-22 14:00:00,10541375.19,,4156746.79
2026-06-22 15:00:00,10533040.78,,4374282.27
2026-06-22 16:00:00,10419387.67,,4097634.83
2026-06-22 17:00:00,10382025.35,,3994149.22
2026-06-22 18:00:00,10471190.88,,3923965.02
2026-06-22 19:00:00,10540885.23,,3902409.24
2026-06-22 20:00:00,10164812.25,,3617742.75
2026-06-22 21:00:00,10429645.22,,3650436.48
2026-06-22 22:00:00,10128510.47,,3543666.08
2026-06-22 23:00:00,10467483.89,,3676997.95
2026-06-23 00:00:00,10320985.48,,3703785.09
2026-06-23 01:00:00,9853740.26,,3478742.91
2026-06-23 02:00:00,9137846.81,,3538837.82
2026-06-23 03:00:00,9262831.23,,3393634.88
2026-06-23 04:00:00,8469395.21,,3042306.92
2026-06-23 05:00:00,8733278.16,,3104708.75
2026-06-23 06:00:00,9062169.03,,3147941.75
2026-06-23 07:00:00,8531108.06,,2748149.94
2026-06-23 08:00:00,9038247.34,,2804506.23
2026-06-23 09:00:00,9162433.30,,2862773.70
2026-06-23 10:00:00,9069185.43,,2749075.56
2026-06-23 11:00:00,8396426.67,,2563338.35
2026-06-23 12:00:00,8052893.32,,2741693.25
2026-06-23 13:00:00,7910950.56,,2852316.19
2026-06-23 14:00:00,7590195.90,,2909422.92
2026-06-23 15:00:00,7813503.63,,2877160.14
2026-06-23 16:00:00,7832069.00,,3108857.79
2026-06-23 17:00:00,8262903.10,,3206903.36
2026-06-23 18:00:00,7857461.10,,3137760.11
2026-06-23 19:00:00,7884749.69,,3140968.32
2026-06-23 20:00:00,7784486.66,,3076352.38
2026-06-23 21:00:00,7844955.90,,3136539.75
2026-06-23 22:00:00,7898537.48,,3177172.62
2026-06-23 23:00:00,7856797.72,,3201685.96
2026-06-24 00:00:00,8306601.81,,3355170.84
2026-06-24 01:00:00,7919264.09,,3222966.50
2026-06-24 02:00:00,7299994.38,,2536151.80
2026-06-24 03:00:00,7402056.14,,2584836.38
2026-06-24 04:00:00,7270497.34,,2637356.10
2026-06-24 05:00:00,7448021.78,,2914509.78
2026-06-24 06:00:00,7344394.66,,3020588.17
2026-06-24 07:00:00,7174227.02,,3265285.64
2026-06-24 08:00:00,7131996.61,,3622601.09
2026-06-24 09:00:00,7246419.73,,3489357.90
2026-06-24 10:00:00,7583700.79,,3340583.73
2026-06-24 11:00:00,7565932.95,,3129506.62
2026-06-24 12:00:00,7504118.23,,2930275.76
2026-06-24 13:00:00,7307878.54,,2924150.24
2026-06-24 14:00:00,6730494.18,,2552160.16
2026-06-24 15:00:00,6803017.53,,2946914.48
2026-06-24 16:00:00,6825310.70,,2976292.52
2026-06-24 17:00:00,6788815.99,,2997787.42
2026-06-24 18:00:00,6988033.17,,2884923.33
2026-06-24 19:00:00,7183275.38,,2790228.67
2026-06-24 20:00:00,7351499.09,,2822451.33
2026-06-24 21:00:00,7149447.25,,2848903.19
2026-06-24 22:00:00,7348395.70,,2949354.69
2026-06-24 23:00:00,7364400.61,,3018479.85
2026-06-25 00:00:00,7476918.01,,3073707.69
2026-06-25 01:00:00,7233748.25,,2925683.95
2026-06-25 02:00:00,7137660.50,,2715623.06
2026-06-25 03:00:00,7344769.13,,2966116.80
2026-06-25 04:00:00,7150479.53,,2794101.10
2026-06-25 05:00:00,7439671.52,,2893017.22
2026-06-25 06:00:00,7443030.35,,2888605.15
2026-06-25 07:00:00,7310239.81,,2785123.71
2026-06-25 08:00:00,7030154.00,,2616610.63
2026-06-25 09:00:00,6789929.00,,2507449.17
2026-06-25 10:00:00,6847956.59,,2582479.40
2026-06-25 11:00:00,6615359.21,,2514561.22
2026-06-25 12:00:00,6176252.82,,2502597.24
2026-06-25 13:00:00,6221175.94,,2542055.30
2026-06-25 14:00:00,5971265.48,,2478156.88
2026-06-25 15:00:00,6239857.85,,2470868.96
2026-06-25 16:00:00,6403499.98,,2544216.89
2026-06-25 17:00:00,6365082.30,,2391284.89
2026-06-25 18:00:00,6354622.33,,2370919.40
2026-06-25 19:00:00,6409882.08,,2325085.94
2026-06-25 20:00:00,6518522.36,,2377411.41
2026-06-25 21:00:00,6637785.10,,2447528.32
2026-06-25 22:00:00,6405798.66,,2303536.16
2026-06-25 23:00:00,6578046.69,,2416174.36
2026-06-26 00:00:00,6533009.29,,2406490.08
2026-06-26 01:00:00,6663294.27,,2525983.76
2026-06-26 02:00:00,6354585.53,,2438509.89
2026-06-26 03:00:00,6477571.80,,2426050.46
2026-06-26 04:00:00,6755163.76,,2455920.81
2026-06-26 05:00:00,6715312.32,,2366826.15
2026-06-26 06:00:00,6731774.71,,2418051.29
2026-06-26 07:00:00,6761965.72,,2428215.01
2026-06-26 08:00:00,6865820.83,,2554417.47
2026-06-26 09:00:00,7206437.31,,2669184.88
2026-06-26 10:00:00,9186686.30,,3929541.59
2026-06-26 11:00:00,8078715.19,,3084929.65
2026-06-26 12:00:00,8124849.00,,3093629.11
2026-06-26 13:00:00,7589095.92,,2675091.00
2026-06-26 14:00:00,7758937.54,,2617480.87
2026-06-26 15:00:00,7557394.65,,2471657.94
2026-06-26 16:00:00,7758111.50,,2575473.97
2026-06-26 17:00:00,7614021.43,,2595558.43
2026-06-26 18:00:00,7732994.06,,2587363.11
2026-06-26 19:00:00,7920735.90,,2693474.18
2026-06-26 20:00:00,7776918.13,,2633855.18
2026-06-26 21:00:00,7918727.54,,2641361.42
2026-06-26 22:00:00,7698954.95,,2473938.20
2026-06-26 23:00:00,7865090.11,,2572884.40
2026-06-27 00:00:00,7801377.48,,2522005.20
2026-06-27 01:00:00,7795066.67,,2590860.41
2026-06-27 02:00:00,7801544.16,,2524731.90
2026-06-27 03:00:00,7817494.93,,2559312.83
2026-06-27 04:00:00,7665581.71,,2570143.94
2026-06-27 05:00:00,7736299.58,,2708697.46
2026-06-27 06:00:00,7750283.56,,2686374.42
2026-06-27 07:00:00,7581138.85,,2770399.78
2026-06-27 08:00:00,7574946.35,,2735558.66
2026-06-27 09:00:00,7660867.87,,2789303.40
2026-06-27 10:00:00,7968554.14,,3076785.46
2026-06-27 11:00:00,7833455.82,,3034364.63
2026-06-27 12:00:00,7931281.58,,2984910.82
2026-06-27 13:00:00,7862108.88,,2993152.32
2026-06-27 14:00:00,7783367.26,,2885073.35
2026-06-27 15:00:00,7310415.75,,2587927.68
2026-06-27 16:00:00,7165501.84,,2521658.96
2026-06-27 17:00:00,6131443.19,,2481539.81
2026-06-27 18:00:00,6369743.40,,2624149.76
2026-06-27 19:00:00,6437196.81,,2626598.62
2026-06-27 20:00:00,6610189.33,,2671529.35
2026-06-27 21:00:00,6681303.00,,2651227.06
2026-06-27 22:00:00,6809280.23,,2664486.99
2026-06-27 23:00:00,6825774.25,,2686997.45
2026-06-28 00:00:00,6566826.96,,2769535.12
2026-06-28 01:00:00,7057418.25,,2974626.15
2026-06-28 02:00:00,7018254.38,,3066679.36
2026-06-28 03:00:00,7223198.23,,3135726.94
2026-06-28 04:00:00,7256776.04,,3206877.07
2026-06-28 05:00:00,7238903.91,,3310065.74
2026-06-28 06:00:00,7272919.81,,3307986.64
2026-06-28 07:00:00,7330391.70,,3340363.48
2026-06-28 08:00:00,7463429.61,,3375788.18
2026-06-28 09:00:00,7364749.62,,3257336.53
2026-06-28 10:00:00,7446491.45,,3286541.66
2026-06-28 11:00:00,7506290.44,,3253187.99
2026-06-28 12:00:00,7465467.92,,3222268.05
2026-06-28 13:00:00,7513616.25,,3249152.81
2026-06-28 14:00:00,7482636.91,,3218138.55
2026-06-28 15:00:00,7103317.22,,2943573.03
2026-06-28 16:00:00,7283341.85,,3038089.96
2026-06-28 17:00:00,7117747.17,,2910066.20
2026-06-28 18:00:00,7253523.60,,3011063.07
2026-06-28 19:00:00,7172153.01,,2976977.55
2026-06-28 20:00:00,7054515.78,,2895976.93
2026-06-28 21:00:00,7106861.40,,2891135.68
2026-06-28 22:00:00,7131749.87,,2891199.60
2026-06-28 23:00:00,7164162.46,,2887336.04
2026-06-29 00:00:00,7183282.66,,2954494.18
2026-06-29 01:00:00,7129570.63,,2939028.13
2026-06-29 02:00:00,7141182.22,,2954139.25
2026-06-29 03:00:00,7315396.66,,2971150.13
2026-06-29 04:00:00,7573926.46,,3054182.14
2026-06-29 05:00:00,7569963.62,,3123110.43
2026-06-29 06:00:00,7872426.30,,3219657.86
2026-06-29 07:00:00,7989857.22,,3298269.77
2026-06-29 08:00:00,8325767.79,,3436988.83
2026-06-29 09:00:00,8433573.42,,3533798.16
2026-06-29 10:00:00,8957973.62,,3827231.34
2026-06-29 11:00:00,9084298.00,,4288371.18
2026-06-29 12:00:00,9709429.95,,4758504.00
2026-06-29 13:00:00,9677517.64,,4637577.03
2026-06-29 14:00:00,9626534.68,,4440127.69
2026-06-29 15:00:00,9867521.77,,4590249.50
2026-06-29 16:00:00,9994767.41,,4665265.28
2026-06-29 17:00:00,10363349.24,,4648363.13
2026-06-29 18:00:00,10580332.64,,4781700.88
2026-06-29 19:00:00,10910802.76,,5019420.62
2026-06-29 20:00:00,11273777.49,,5293208.69
2026-06-29 21:00:00,11513058.39,,5383284.71
2026-06-29 22:00:00,11713400.17,,5337632.05
2026-06-29 23:00:00,11739421.79,,5325582.65
2026-06-30 00:00:00,12000033.99,,5551359.00
2026-06-30 01:00:00,12316614.03,,5602305.04
2026-06-30 02:00:00,12516077.38,,5540166.52
2026-06-30 03:00:00,10303325.13,,4484442.48
2026-06-30 04:00:00,10928084.12,,4551428.63
2026-06-30 05:00:00,10959772.85,,4599783.87
2026-06-30 06:00:00,11433579.39,,4750455.57
2026-06-30 07:00:00,11818235.42,,4907415.07
2026-06-30 08:00:00,10561061.45,,4299827.16
2026-06-30 09:00:00,8724341.00,,3567529.13
2026-06-30 10:00:00,9610112.45,,3646103.71
2026-06-30 11:00:00,11250577.52,,4499995.21
2026-06-30 12:00:00,11691332.10,,4648293.00
2026-06-30 13:00:00,11906913.28,,4793969.39
2026-06-30 14:00:00,12266397.00,,4758812.33
2026-06-30 15:00:00,12585700.74,,4935143.43
2026-06-30 16:00:00,10702814.38,,4193192.54
2026-06-30 17:00:00,9347405.05,,3619817.38
2026-06-30 18:00:00,9110204.53,,3363744.02
2026-06-30 19:00:00,8879165.02,,3371533.91
2026-06-30 20:00:00,9145204.62,,3414961.06
2026-06-30 21:00:00,9123357.62,,3335914.23
2026-06-30 22:00:00,9226554.70,,3305808.26
2026-06-30 23:00:00,9107616.28,,3210505.66
2026-07-01 00:00:00,8897059.50,,3187774.60
2026-07-01 01:00:00,8619434.64,,3230601.51
2026-07-01 02:00:00,8235477.46,,3121783.84
2026-07-01 03:00:00,8174421.87,,3193017.38
2026-07-01 04:00:00,7772174.86,,3180805.40
2026-07-01 05:00:00,7784014.43,,3195383.19
2026-07-01 06:00:00,7618859.82,,3216023.36
2026-07-01 07:00:00,7651450.33,,3131108.14
2026-07-01 08:00:00,7278325.12,,3011747.84
2026-07-01 09:00:00,7340437.46,,2952467.73
2026-07-01 10:00:00,7496199.89,,3001856.05
2026-07-01 11:00:00,7363481.18,,2966026.95
2026-07-01 12:00:00,7617610.79,,3095410.30
2026-07-01 13:00:00,7684428.21,,3122728.59
2026-07-01 14:00:00,7652034.05,,3168810.60
2026-07-01 15:00:00,7495401.51,,3012525.89
2026-07-01 16:00:00,7731154.28,,3161086.86
2026-07-01 17:00:00,7661800.46,,3141673.67
2026-07-01 18:00:00,7632254.26,,3072501.12
2026-07-01 19:00:00,7780287.05,,3063514.61
2026-07-01 20:00:00,7678705.08,,2920972.53
2026-07-01 21:00:00,7302512.21,,2774279.08
2026-07-01 22:00:00,7386439.65,,2791145.11
2026-07-01 23:00:00,7254655.98,,2722615.27
2026-07-02 00:00:00,7536848.64,,2813414.96
2026-07-02 01:00:00,7589387.96,,2822532.30
2026-07-02 02:00:00,7950977.16,,3136080.03
2026-07-02 03:00:00,8036322.95,,3279180.96
2026-07-02 04:00:00,7973630.25,,3205472.82
2026-07-02 05:00:00,8243472.23,,3284139.70
2026-07-02 06:00:00,8243732.71,,3237725.74
2026-07-02 07:00:00,7487179.91,,2952384.12
2026-07-02 08:00:00,7589974.55,,2996513.15
2026-07-02 09:00:00,7575162.77,,3022724.81
2026-07-02 10:00:00,7509150.44,,2989358.43
2026-07-02 11:00:00,7556921.06,,2962140.72
2026-07-02 12:00:00,7598520.34,,3007275.39
2026-07-02 13:00:00,7739550.41,,3043508.07
2026-07-02 14:00:00,7686937.56,,3025400.04
2026-07-02 15:00:00,7732595.41,,3019252.69
2026-07-02 16:00:00,7729560.71,,2946201.33
2026-07-02 17:00:00,7587859.03,,2879009.08
2026-07-02 18:00:00,7610888.35,,2892137.30
2026-07-02 19:00:00,7680556.67,,2897436.89
2026-07-02 20:00:00,7659710.36,,2908894.04
2026-07-02 21:00:00,7551582.55,,2846233.17
2026-07-02 22:00:00,7805435.17,,2967021.73
2026-07-02 23:00:00,7707316.29,,2962895.49
2026-07-03 00:00:00,7547647.05,,2893337.10
2026-07-03 01:00:00,7288244.51,,2790865.04
2026-07-03 02:00:00,7214237.74,,2816992.18
2026-07-03 03:00:00,7413399.18,,2893062.14
2026-07-03 04:00:00,7459625.10,,2913423.86
2026-07-03 05:00:00,7439091.74,,2921455.49
2026-07-03 06:00:00,7555198.29,,2981585.26
2026-07-03 07:00:00,7666281.14,,2948022.92
2026-07-03 08:00:00,7822886.71,,3032301.95
2026-07-03 09:00:00,8135276.91,,3212102.57
2026-07-03 10:00:00,7823848.84,,3068815.97
2026-07-03 11:00:00,7898641.00,,3149304.69
2026-07-03 12:00:00,7917144.24,,3090339.17
2026-07-03 13:00:00,7916351.46,,3115744.56
2026-07-03 14:00:00,7954930.34,,3084412.80
2026-07-03 15:00:00,7706461.15,,2899260.31
2026-07-03 16:00:00,7615803.50,,2848255.56
2026-07-03 17:00:00,7716508.59,,2861530.54
2026-07-03 18:00:00,7863562.11,,2913404.81
2026-07-03 19:00:00,7936034.90,,2917299.00
2026-07-03 20:00:00,8061578.72,,2961595.13
2026-07-03 21:00:00,8092856.49,,2963327.51
2026-07-03 22:00:00,8091115.94,,2940569.08
2026-07-03 23:00:00,8503832.04,,3241181.57
2026-07-04 00:00:00,8493737.00,,3255471.00
2026-07-04 01:00:00,8082702.36,,3153592.81
2026-07-04 02:00:00,7744903.12,,3105855.68
2026-07-04 03:00:00,7823241.87,,3141860.33
2026-07-04 04:00:00,7867823.43,,3097449.10
2026-07-04 05:00:00,7730958.24,,2991143.38
2026-07-04 06:00:00,8001598.20,,3054538.48
2026-07-04 07:00:00,7898907.37,,2957408.46
2026-07-04 08:00:00,7845199.63,,2924042.82
2026-07-04 09:00:00,7975690.75,,2996548.87
2026-07-04 10:00:00,7884310.88,,2958767.74
2026-07-04 11:00:00,7900485.43,,2967336.68
2026-07-04 12:00:00,7929677.16,,2951826.72
2026-07-04 13:00:00,7909786.47,,3048870.68
2026-07-04 14:00:00,7848408.11,,3033196.04
2026-07-04 15:00:00,7843676.14,,2997314.45
2026-07-04 16:00:00,7809631.65,,2984694.63
2026-07-04 17:00:00,7871563.34,,2990995.78
2026-07-04 18:00:00,7814799.85,,2970436.52
2026-07-04 19:00:00,7869442.72,,2983521.91
2026-07-04 20:00:00,7797060.61,,2963374.63
2026-07-04 21:00:00,7851418.42,,2978632.12
2026-07-04 22:00:00,7784641.50,,2960537.71
2026-07-04 23:00:00,7131359.41,,2660256.24
2026-07-05 00:00:00,7059000.79,,2685057.82
2026-07-05 01:00:00,7720122.78,,2964579.53
2026-07-05 02:00:00,7749225.50,,2947830.49
2026-07-05 03:00:00,7785856.00,,3035648.56
2026-07-05 04:00:00,7750173.19,,3102215.64
2026-07-05 05:00:00,7777105.03,,3112422.67
2026-07-05 06:00:00,7773868.97,,3112984.57
2026-07-05 07:00:00,7486092.50,,2977358.53
2026-07-05 08:00:00,7531968.40,,2989149.12
2026-07-05 09:00:00,7277608.57,,2858406.26
2026-07-05 10:00:00,7377463.38,,2847977.40
2026-07-05 11:00:00,7543752.51,,2890445.44
2026-07-05 12:00:00,7549995.83,,2874849.43
2026-07-05 13:00:00,7563570.02,,2878579.40
2026-07-05 14:00:00,7327024.92,,2797061.85
2026-07-05 15:00:00,7495601.39,,2836710.05
2026-07-05 16:00:00,7738267.17,,2960715.17
2026-07-05 17:00:00,7942125.48,,3219210.56
2026-07-05 18:00:00,8204905.44,,3340093.39
2026-07-05 19:00:00,8058183.64,,3190891.97
2026-07-05 20:00:00,8225995.66,,3227572.15
2026-07-05 21:00:00,8202002.24,,3209005.80
2026-07-05 22:00:00,8086200.98,,3114314.51
2026-07-05 23:00:00,8228043.40,,3210798.99
2026-07-06 00:00:00,8380866.87,,3238808.78
2026-07-06 01:00:00,8544629.24,,3239886.72
2026-07-06 02:00:00,8787909.25,,3408950.92
2026-07-06 03:00:00,8912942.61,,3612952.54
2026-07-06 04:00:00,8750209.07,,3551131.19
2026-07-06 05:00:00,8768255.80,,3581125.47
2026-07-06 06:00:00,8841734.05,,3481516.94
2026-07-06 07:00:00,9050266.29,,3714090.53
2026-07-06 08:00:00,8763105.36,,3495851.77
2026-07-06 09:00:00,8880468.96,,3466949.58
2026-07-06 10:00:00,8587425.16,,3260539.77
2026-07-06 11:00:00,8563214.35,,3271512.82
2026-07-06 12:00:00,8279925.12,,3072674.26
2026-07-06 13:00:00,7877080.39,,2837048.60
2026-07-06 14:00:00,7714133.93,,2774654.21
2026-07-06 15:00:00,7575105.87,,2744106.43
2026-07-06 16:00:00,7609767.04,,2722633.46
2026-07-06 17:00:00,7419614.87,,2665642.88
2026-07-06 18:00:00,7418281.58,,2666356.28
2026-07-06 19:00:00,7432489.19,,2687948.01
2026-07-06 20:00:00,7554312.20,,2692198.29
2026-07-06 21:00:00,7520579.82,,2670212.30
2026-07-06 22:00:00,7632420.87,,2630385.35
2026-07-06 23:00:00,7820132.09,,2687563.07
2026-07-07 00:00:00,7844195.84,,2665017.27
2026-07-07 01:00:00,7844994.16,,2659085.36
2026-07-07 02:00:00,7525025.14,,2531978.68
2026-07-07 03:00:00,7445782.17,,2497480.47
2026-07-07 04:00:00,7376981.91,,2431963.21
2026-07-07 05:00:00,7347621.19,,2450480.17
2026-07-07 06:00:00,7602773.45,,2462441.60
2026-07-07 07:00:00,7372420.78,,2416786.13
2026-07-07 08:00:00,7484878.37,,2443117.01
2026-07-07 09:00:00,7462619.99,,2425823.23
2026-07-07 10:00:00,7566730.19,,2481869.57
2026-07-07 11:00:00,7430265.46,,2429023.66
2026-07-07 12:00:00,7386620.14,,2407969.26
2026-07-07 13:00:00,7344183.16,,2364934.57
2026-07-07 14:00:00,7394761.86,,2396671.73
2026-07-07 15:00:00,7475375.94,,2425727.30
2026-07-07 16:00:00,7337345.00,,2368870.45
2026-07-07 17:00:00,7170345.28,,2296177.09
2026-07-07 18:00:00,7201939.03,,2280696.23
2026-07-07 19:00:00,7062690.46,,2235499.58
2026-07-07 20:00:00,7058677.12,,2236135.08
2026-07-07 21:00:00,7128450.01,,2258225.96
2026-07-07 22:00:00,7017468.07,,2219928.27
2026-07-07 23:00:00,7055412.27,,2244799.44
2026-07-08 00:00:00,7060043.96,,2254043.85
2026-07-08 01:00:00,7141703.78,,2276482.78
2026-07-08 02:00:00,6979404.78,,2238171.79
2026-07-08 03:00:00,6672856.03,,2144315.76
2026-07-08 04:00:00,6495773.74,,2068137.90
2026-07-08 05:00:00,6649637.86,,2116176.74
2026-07-08 06:00:00,6598541.80,,2107266.05
2026-07-08 07:00:00,6129125.95,,1962122.25
2026-07-08 08:00:00,6190169.36,,1999651.09
2026-07-08 09:00:00,6147915.19,,1974677.88
2026-07-08 10:00:00,6072396.47,,1987645.64
2026-07-08 11:00:00,5909649.46,,1900404.02
2026-07-08 12:00:00,6005348.83,,1948943.04
2026-07-08 13:00:00,6099819.76,,1987027.82
2026-07-08 14:00:00,5996836.35,,1920132.86
2026-07-08 15:00:00,5841543.40,,1874824.77
2026-07-08 16:00:00,5771401.54,,1859424.27
2026-07-08 17:00:00,5835111.74,,1884156.95
2026-07-08 18:00:00,5791604.49,,1907077.35
2026-07-08 19:00:00,5873628.23,,1956916.42
2026-07-08 20:00:00,5890864.36,,1958770.76
2026-07-08 21:00:00,5843454.25,,1947624.19
2026-07-08 22:00:00,5761356.40,,1915643.03
2026-07-08 23:00:00,5722844.33,,1899337.79
2026-07-09 00:00:00,5875536.90,,1988049.63
2026-07-09 01:00:00,5724030.65,,1980056.66
2026-07-09 02:00:00,5814862.72,,2065984.05
2026-07-09 03:00:00,5725288.52,,2017735.48
2026-07-09 04:00:00,5745989.75,,2030539.94
2026-07-09 05:00:00,5779604.37,,2013988.71
2026-07-09 06:00:00,5794693.53,,2036691.63
2026-07-09 07:00:00,5784624.05,,2059280.50
2026-07-09 08:00:00,5760273.04,,2069254.60
2026-07-09 09:00:00,5607725.14,,2002968.17
2026-07-09 10:00:00,5543751.92,,1973519.09
2026-07-09 11:00:00,5431908.59,,1949123.29
2026-07-09 12:00:00,5525602.65,,1992484.90
2026-07-09 13:00:00,5446457.18,,1960569.18
2026-07-09 14:00:00,5550548.53,,2040408.96
2026-07-09 15:00:00,5507060.74,,2045463.37
2026-07-09 16:00:00,5678979.72,,2092764.06
2026-07-09 17:00:00,5874337.52,,2233513.99
2026-07-09 18:00:00,5981920.96,,2325005.76
2026-07-09 19:00:00,6039769.87,,2365194.16
2026-07-09 20:00:00,6024497.84,,2381595.75
2026-07-09 21:00:00,6014764.96,,2366293.97
2026-07-09 22:00:00,6093452.12,,2405529.31
2026-07-09 23:00:00,5940245.64,,2374531.18
2026-07-10 00:00:00,6165311.51,,2574308.32
2026-07-10 01:00:00,6245270.57,,2787358.68
2026-07-10 02:00:00,6172737.10,,2625071.63
2026-07-10 03:00:00,6023241.32,,2492672.56
2026-07-10 04:00:00,5754066.38,,2358338.26
2026-07-10 05:00:00,5786791.97,,2378486.50
2026-07-10 06:00:00,5376986.69,,2216338.11
2026-07-10 07:00:00,5352461.71,,2229752.09
2026-07-10 08:00:00,5264078.90,,2225163.85
2026-07-10 09:00:00,5345140.25,,2357745.64
2026-07-10 10:00:00,5441613.83,,2408292.75
2026-07-10 11:00:00,5570056.89,,2458715.36
2026-07-10 12:00:00,5626959.97,,2518633.53
2026-07-10 13:00:00,5453681.07,,2414690.53
2026-07-10 14:00:00,5430091.01,,2400313.61
2026-07-10 15:00:00,5512877.43,,2442212.42
2026-07-10 16:00:00,5654867.10,,2463833.48
2026-07-10 17:00:00,5804468.86,,2464528.98
2026-07-10 18:00:00,5847097.11,,2486500.54
2026-07-10 19:00:00,5690261.89,,2387363.87
2026-07-10 20:00:00,5713547.80,,2374021.91
2026-07-10 21:00:00,5715990.97,,2371018.49
2026-07-10 22:00:00,5619419.19,,2326045.65
2026-07-10 23:00:00,5588362.06,,2281359.21
2026-07-11 00:00:00,5559428.62,,2262906.94
2026-07-11 01:00:00,5641376.13,,2296485.87
2026-07-11 02:00:00,5678987.56,,2308101.08
2026-07-11 03:00:00,5709684.66,,2329894.34
2026-07-11 04:00:00,5747737.99,,2354461.86
2026-07-11 05:00:00,5539224.01,,2246610.71
2026-07-11 06:00:00,5667370.67,,2298382.50
2026-07-11 07:00:00,5523103.89,,2245270.54
2026-07-11 08:00:00,5669511.26,,2268686.11
2026-07-11 09:00:00,5735170.35,,2273282.53
2026-07-11 10:00:00,5698514.20,,2272776.75
2026-07-11 11:00:00,5673579.40,,2272826.21
2026-07-11 12:00:00,5620784.76,,2228614.17
2026-07-11 13:00:00,5610750.22,,2214618.80
2026-07-11 14:00:00,5536813.34,,2198874.61
2026-07-11 15:00:00,5546521.12,,2197070.37
2026-07-11 16:00:00,5505294.46,,2188388.77
2026-07-11 17:00:00,5258874.92,,2078792.63
2026-07-11 18:00:00,5342351.41,,2100195.12
2026-07-11 19:00:00,5272244.37,,2076850.40
2026-07-11 20:00:00,5259620.85,,2084722.63
2026-07-11 21:00:00,5338161.83,,2104295.22
2026-07-11 22:00:00,5289329.21,,2057389.84
2026-07-11 23:00:00,5216350.40,,2031839.96
2026-07-12 00:00:00,5174928.91,,2029621.06
2026-07-12 01:00:00,4874489.19,,1993856.06
2026-07-12 02:00:00,5108531.35,,2104945.09
2026-07-12 03:00:00,5041601.21,,2071229.56
2026-07-12 04:00:00,5146117.05,,2087791.64
2026-07-12 05:00:00,5402289.85,,2101012.57
2026-07-12 06:00:00,5370475.93,,2091806.67
2026-07-12 07:00:00,5395547.92,,2064020.68
2026-07-12 08:00:00,5291453.86,,2056254.57
2026-07-12 09:00:00,5403107.42,,2071533.87
2026-07-12 10:00:00,5403573.18,,2050285.07
2026-07-12 11:00:00,5336132.78,,2001491.60
2026-07-12 12:00:00,5407855.15,,2019909.72
2026-07-12 13:00:00,5391222.53,,1994347.59
2026-07-12 14:00:00,5408259.99,,2025216.84
2026-07-12 15:00:00,5371512.88,,1997953.21
2026-07-12 16:00:00,5355524.54,,1964562.96
2026-07-12 17:00:00,5526166.99,,2031980.97
2026-07-12 18:00:00,5679087.88,,2148398.48
2026-07-12 19:00:00,5649205.35,,2163263.81
2026-07-12 20:00:00,5627546.61,,2145639.46
2026-07-12 21:00:00,5577646.92,,2138671.30
2026-07-12 22:00:00,5454589.36,,2055614.48
2026-07-12 23:00:00,5327143.77,,1948114.19
2026-07-13 00:00:00,5358777.66,,1948075.41
2026-07-13 01:00:00,5382726.25,,1961406.35
2026-07-13 02:00:00,5226939.86,,1867355.37
2026-07-13 03:00:00,5237954.92,,1843814.56
2026-07-13 04:00:00,5261598.19,,1836602.88
2026-07-13 05:00:00,5369989.29,,1908976.15
2026-07-13 06:00:00,5331352.11,,1890426.87
2026-07-13 07:00:00,5291650.63,,1877884.72
2026-07-13 08:00:00,5213873.49,,1838619.09
2026-07-13 09:00:00,5225437.93,,1815720.66
2026-07-13 10:00:00,5214973.08,,1822725.54
2026-07-13 11:00:00,5228957.63,,1856767.73
2026-07-13 12:00:00,5367127.12,,1888461.13
2026-07-13 13:00:00,5617360.27,,1937305.72
2026-07-13 14:00:00,5651807.20,,1969769.83
2026-07-13 15:00:00,5508002.10,,1909027.40
2026-07-13 16:00:00,5525553.82,,1913438.50
2026-07-13 17:00:00,5489472.09,,1929162.90
2026-07-13 18:00:00,5458762.05,,1922549.60
2026-07-13 19:00:00,5455540.73,,1926128.12
2026-07-13 20:00:00,5345830.49,,1864829.72
2026-07-13 21:00:00,5354579.60,,1839943.36
2026-07-13 22:00:00,5282517.97,,1811442.43
2026-07-13 23:00:00,5237746.79,,1785896.11
2026-07-14 00:00:00,5328576.37,,1817570.95
2026-07-14 01:00:00,5471412.18,,1817536.34
2026-07-14 02:00:00,5619902.68,,1847433.41
2026-07-14 03:00:00,5500741.50,,1825479.08
2026-07-14 04:00:00,5592998.08,,1886033.76
2026-07-14 05:00:00,5505474.18,,1873248.19
2026-07-14 06:00:00,5613389.70,,1930499.02
2026-07-14 07:00:00,5522205.18,,1916514.33
2026-07-14 08:00:00,5676219.69,,1964944.04
2026-07-14 09:00:00,5610732.90,,1927717.65
2026-07-14 10:00:00,5420618.13,,1892261.36
2026-07-14 11:00:00,5444365.54,,1894101.92
2026-07-14 12:00:00,5511349.23,,1912238.03
2026-07-14 13:00:00,5578555.91,,1927808.16
2026-07-14 14:00:00,5592005.53,,1926934.33
2026-07-14 15:00:00,5989916.42,,2140737.86
2026-07-14 16:00:00,5625431.42,,2055111.97
2026-07-14 17:00:00,5735285.24,,2106185.91
2026-07-14 18:00:00,5600662.71,,2061211.98
2026-07-14 19:00:00,5533439.87,,1984996.90
2026-07-14 20:00:00,5458896.87,,1950219.65
2026-07-14 21:00:00,5450074.33,,1943786.64
2026-07-14 22:00:00,5344593.61,,1882960.98
2026-07-14 23:00:00,5387361.07,,1876379.67
2026-07-15 00:00:00,5409255.52,,1883527.26
2026-07-15 01:00:00,5170157.13,,1893364.27
2026-07-15 02:00:00,5210197.28,,1936968.91
2026-07-15 03:00:00,5128808.67,,1915546.18
2026-07-15 04:00:00,5111804.32,,1901943.25
2026-07-15 05:00:00,5184913.28,,1916938.98
2026-07-15 06:00:00,5284662.08,,1951989.59
2026-07-15 07:00:00,5429554.35,,2026066.54
2026-07-15 08:00:00,5617848.13,,2086607.20
2026-07-15 09:00:00,5819129.90,,2157191.84
2026-07-15 10:00:00,5965328.97,,2262115.87
2026-07-15 11:00:00,6443092.57,,2600396.38
2026-07-15 12:00:00,6643218.88,,3077548.22
2026-07-15 13:00:00,6346710.73,,2988206.18
2026-07-15 14:00:00,6487187.70,,3060065.19
2026-07-15 15:00:00,6517152.56,,3022981.83
2026-07-15 16:00:00,6621936.97,,3092514.10
2026-07-15 17:00:00,6367144.05,,2904405.00
2026-07-15 18:00:00,6512572.23,,2914966.74
2026-07-15 19:00:00,6467670.76,,2909116.19
2026-07-15 20:00:00,6418353.73,,2872853.69
2026-07-15 21:00:00,6466764.85,,2884322.94
2026-07-15 22:00:00,6445485.97,,2919695.09
2026-07-15 23:00:00,6416740.33,,2867453.15
2026-07-16 00:00:00,6264875.12,,2729549.72
2026-07-16 01:00:00,5997291.94,,2490444.80
2026-07-16 02:00:00,5598609.06,,2331842.61
2026-07-16 03:00:00,5912259.43,,2467263.88
2026-07-16 04:00:00,6179015.84,,2604053.42
2026-07-16 05:00:00,6227493.73,,2533436.46
2026-07-16 06:00:00,5986311.59,,2409029.22
2026-07-16 07:00:00,5798818.80,,2390882.94
2026-07-16 08:00:00,5788387.94,,2382335.80
2026-07-16 09:00:00,5419150.99,,2234973.59
2026-07-16 10:00:00,6047023.90,,2368328.99
2026-07-16 11:00:00,6006721.78,,2342719.01
2026-07-16 12:00:00,6114737.71,,2354360.06
2026-07-16 13:00:00,6067546.79,,2320041.24
2026-07-16 14:00:00,5972457.90,,2273418.99
2026-07-16 15:00:00,5970493.15,,2269418.95
2026-07-16 16:00:00,5944980.05,,2243027.68
2026-07-16 17:00:00,5935628.29,,2206050.93
2026-07-16 18:00:00,5863933.15,,2155711.29
2026-07-16 19:00:00,5902525.24,,2162196.97
2026-07-16 20:00:00,5896571.07,,2155961.78
2026-07-16 21:00:00,5877836.52,,2146779.87
2026-07-16 22:00:00,5845296.56,,2129536.11
2026-07-16 23:00:00,5856325.95,,2127186.60
2026-07-17 00:00:00,5835269.91,,2102253.62
2026-07-17 01:00:00,5802823.88,,2241874.81
2026-07-17 02:00:00,5817681.86,,2270625.93
2026-07-17 03:00:00,5900829.34,,2360917.19
2026-07-17 04:00:00,5980996.95,,2342281.16
2026-07-17 05:00:00,5752067.33,,2256120.14
2026-07-17 06:00:00,5819809.03,,2291277.90
2026-07-17 07:00:00,5804022.52,,2258495.15
2026-07-17 08:00:00,5739252.88,,2274317.60
2026-07-17 09:00:00,5801011.19,,2289650.26
2026-07-17 10:00:00,5946625.70,,2293609.68
2026-07-17 11:00:00,6382104.62,,2530438.03
2026-07-17 12:00:00,6268325.94,,2590047.31
2026-07-17 13:00:00,6395374.83,,2680969.09
2026-07-17 14:00:00,6420908.50,,2633842.34
2026-07-17 15:00:00,6639409.35,,2795199.20
2026-07-17 16:00:00,6607459.27,,2852139.39
2026-07-17 17:00:00,6422551.92,,2740426.83
2026-07-17 18:00:00,6399736.52,,2812852.99
2026-07-17 19:00:00,6522814.39,,2851279.20
2026-07-17 20:00:00,6470015.39,,2859081.91
2026-07-17 21:00:00,6558137.97,,2899512.68
2026-07-17 22:00:00,6569845.76,,2899344.27
2026-07-17 23:00:00,6664440.01,,2946181.68
2026-07-18 00:00:00,6434283.58,,2791313.18
2026-07-18 01:00:00,6560564.63,,2780595.58
2026-07-18 02:00:00,6485585.56,,2770303.14
2026-07-18 03:00:00,6490651.80,,2755812.28
2026-07-18 04:00:00,6632163.61,,2843391.85
2026-07-18 05:00:00,6620427.72,,2831220.37
2026-07-18 06:00:00,6407331.95,,2704301.68
2026-07-18 07:00:00,6298862.22,,2566946.36
2026-07-18 08:00:00,6261243.95,,2548451.52
2026-07-18 09:00:00,6186264.82,,2554274.72
2026-07-18 10:00:00,6198695.77,,2562212.17
2026-07-18 11:00:00,6483934.11,,2723217.26
2026-07-18 12:00:00,6469616.53,,2774080.14
2026-07-18 13:00:00,6539913.16,,2831900.02
2026-07-18 14:00:00,6607498.44,,2853118.16
2026-07-18 15:00:00,6542500.18,,2835086.90
2026-07-18 16:00:00,6505989.40,,2785638.29
2026-07-18 17:00:00,6578026.83,,2729626.13
2026-07-18 18:00:00,6583811.09,,2733703.75
2026-07-18 19:00:00,6481505.31,,2693009.18
2026-07-18 20:00:00,6494142.26,,2695206.44
2026-07-18 21:00:00,6420381.81,,2639609.20
2026-07-18 22:00:00,6490752.58,,2673571.10
2026-07-18 23:00:00,6457492.96,,2639088.33
2026-07-19 00:00:00,6460216.22,,2628232.49
2026-07-19 01:00:00,6502173.22,,2628496.73
2026-07-19 02:00:00,6505859.12,,2598863.01
2026-07-19 03:00:00,6478574.81,,2594659.10
2026-07-19 04:00:00,6401993.30,,2505966.58
2026-07-19 05:00:00,6346701.78,,2490931.38
2026-07-19 06:00:00,6322304.90,,2481649.72
2026-07-19 07:00:00,6233871.77,,2459361.47
2026-07-19 08:00:00,6262324.38,,2448394.82
2026-07-19 09:00:00,6160263.04,,2416166.48
2026-07-19 10:00:00,6165711.11,,2396427.50
2026-07-19 11:00:00,6133262.94,,2354804.23
2026-07-19 12:00:00,6195232.67,,2379467.48
2026-07-19 13:00:00,6129986.20,,2346521.66
2026-07-19 14:00:00,6155548.24,,2356723.40
2026-07-19 15:00:00,6125895.11,,2361893.32
2026-07-19 16:00:00,6149923.40,,2365735.18
2026-07-19 17:00:00,6162586.34,,2389773.96
2026-07-19 18:00:00,6290957.00,,2433097.06
2026-07-19 19:00:00,6419971.51,,2485851.81
2026-07-19 20:00:00,6391156.21,,2468276.10
2026-07-19 21:00:00,6322908.37,,2444250.05
2026-07-19 22:00:00,6073682.54,,2282771.07
2026-07-19 23:00:00,6119300.06,,2336574.05
2026-07-20 00:00:00,6138401.06,,2334069.69
2026-07-20 01:00:00,6190411.24,,2320561.13
2026-07-20 02:00:00,5940184.15,,2203982.13
2026-07-20 03:00:00,6076877.03,,2244465.23
2026-07-20 04:00:00,6148735.63,,2290618.49
2026-07-20 05:00:00,6149227.55,,2285761.19
2026-07-20 06:00:00,5988069.85,,2224504.59
2026-07-20 07:00:00,6134558.97,,2287558.03
2026-07-20 08:00:00,6308141.38,,2377370.52
2026-07-20 09:00:00,6355072.00,,2467740.41
2026-07-20 10:00:00,6480510.40,,2584926.75
2026-07-20 11:00:00,6618550.89,,2751761.05
2026-07-20 12:00:00,6583333.49,,2725921.47
2026-07-20 13:00:00,6895991.78,,2829620.82
2026-07-20 14:00:00,7020203.96,,3016371.50
2026-07-20 15:00:00,6843738.76,,3031986.34
2026-07-20 16:00:00,6928626.49,,3087291.62
2026-07-20 17:00:00,6870352.30,,3091476.18
2026-07-20 18:00:00,7223383.79,,3239596.56
2026-07-20 19:00:00,7271553.41,,3328837.48
2026-07-20 20:00:00,7261244.95,,3347531.09
2026-07-20 21:00:00,7066078.75,,3162566.29
2026-07-20 22:00:00,6916663.41,,3025167.14
2026-07-20 23:00:00,6715897.03,,2928601.51
2026-07-21 00:00:00,6511885.22,,2802573.64
2026-07-21 01:00:00,6758412.95,,2926625.23
2026-07-21 02:00:00,7220739.59,,3249695.29
2026-07-21 03:00:00,6994362.44,,3203873.24
2026-07-21 04:00:00,6742111.80,,3091855.75
2026-07-21 05:00:00,6651962.80,,2997448.41
2026-07-21 06:00:00,6912923.28,,3142292.50
2026-07-21 07:00:00,7142407.77,,3272854.16
2026-07-21 08:00:00,7350239.97,,3558479.86
2026-07-21 09:00:00,6764701.89,,3371922.98
2026-07-21 10:00:00,6906481.89,,3364215.42
2026-07-21 11:00:00,7006468.23,,3492852.11
2026-07-21 12:00:00,7244278.59,,3818467.87
2026-07-21 13:00:00,7158892.87,,3711585.79
2026-07-21 14:00:00,7318785.03,,3845020.40
2026-07-21 15:00:00,7089264.42,,3628284.07
2026-07-21 16:00:00,7080260.73,,3571493.96
2026-07-21 17:00:00,7089150.02,,3565370.61
2026-07-21 18:00:00,7113713.92,,3439207.89
2026-07-21 19:00:00,7132329.73,,3442710.26
2026-07-21 20:00:00,7008094.65,,3386049.72
2026-07-21 21:00:00,6904003.30,,3339872.96
2026-07-21 22:00:00,6938624.28,,3359144.20
2026-07-21 23:00:00,6891254.41,,3348762.04
2026-07-22 00:00:00,6788016.01,,3327107.55
2026-07-22 01:00:00,6887031.96,,3370170.56
2026-07-22 02:00:00,6952569.80,,3354623.09
2026-07-22 03:00:00,7210248.69,,3547403.98
2026-07-22 04:00:00,7136592.51,,3511095.20
2026-07-22 05:00:00,7374522.83,,3597599.94
2026-07-22 06:00:00,7354997.30,,3579552.81
2026-07-22 07:00:00,7405121.07,,3803603.97
2026-07-22 08:00:00,7476060.27,,4042503.35
2026-07-22 09:00:00,8081212.38,,4236197.27
2026-07-22 10:00:00,8269524.63,,4609603.42
2026-07-22 11:00:00,8829063.33,,5103325.56
2026-07-22 12:00:00,8841053.70,,5328169.39
2026-07-22 13:00:00,8692303.32,,5043885.99
2026-07-22 14:00:00,8625350.90,,5169813.07
2026-07-22 15:00:00,8493691.01,,4801569.63
2026-07-22 16:00:00,8145079.16,,4347032.51
2026-07-22 17:00:00,8150208.45,,4254771.88
2026-07-22 18:00:00,8218535.93,,4225228.62
2026-07-22 19:00:00,7857868.00,,3999486.51
2026-07-22 20:00:00,7872328.67,,3987487.48
2026-07-22 21:00:00,7913331.46,,3953871.90
2026-07-22 22:00:00,7928747.17,,3920512.73
2026-07-22 23:00:00,7915466.90,,3908942.78
2026-07-23 00:00:00,8098392.59,,3994690.69
2026-07-23 01:00:00,8169138.75,,4020142.04
2026-07-23 02:00:00,8112553.55,,3985320.50
2026-07-23 03:00:00,7979713.16,,3867647.80
2026-07-23 04:00:00,8153282.90,,3961381.33
2026-07-23 05:00:00,8097781.03,,3855831.35
2026-07-23 06:00:00,8149665.20,,3929158.40
2026-07-23 07:00:00,8548729.79,,3961415.10
2026-07-23 08:00:00,8776277.96,,4064005.14
2026-07-23 09:00:00,9527270.57,,4670536.45
2026-07-23 10:00:00,9161632.65,,4676368.36
2026-07-23 11:00:00,9850839.85,,5333288.15
2026-07-23 12:00:00,9429243.89,,4856401.57
2026-07-23 13:00:00,9201521.05,,4553006.50
2026-07-23 14:00:00,9037026.16,,4467691.05
2026-07-23 15:00:00,8943972.61,,4352994.35
2026-07-23 16:00:00,8636458.88,,4165305.82
2026-07-23 17:00:00,8752426.52,,4169642.03
2026-07-23 18:00:00,9097918.55,,4267135.79
2026-07-23 19:00:00,9272338.39,,4379442.68
2026-07-23 20:00:00,9171714.15,,4428928.77
2026-07-23 21:00:00,9694680.53,,4769272.84
2026-07-23 22:00:00,9544180.76,,4704718.88
2026-07-23 23:00:00,9378816.15,,4659075.12
2026-07-24 00:00:00,9415555.21,,4824087.92
2026-07-24 01:00:00,9009912.12,,4584294.85
2026-07-24 02:00:00,9133661.35,,4615343.70
2026-07-24 03:00:00,8975967.08,,4632184.09
2026-07-24 04:00:00,8830600.46,,4483417.54
2026-07-24 05:00:00,8928452.35,,4473461.82
2026-07-24 06:00:00,8756856.98,,4323119.64
2026-07-24 07:00:00,8273107.98,,3993762.39
2026-07-24 08:00:00,7893434.58,,3870486.08
2026-07-24 09:00:00,7861415.45,,3921358.06
2026-07-24 10:00:00,7964542.20,,3956782.38
2026-07-24 11:00:00,7931095.92,,3806075.60
2026-07-24 12:00:00,8149015.43,,4044702.89
2026-07-24 13:00:00,8394637.93,,4128122.24
2026-07-24 14:00:00,8326791.18,,3997044.80
2026-07-24 15:00:00,8582303.01,,4061984.68
2026-07-24 16:00:00,8432985.09,,4054954.18
2026-07-24 17:00:00,8587781.95,,4162286.33
2026-07-24 18:00:00,8363492.63,,4075090.95
2026-07-24 19:00:00,8288053.94,,4025056.11
2026-07-24 20:00:00,8273888.89,,3978559.57
2026-07-24 21:00:00,8301929.75,,3967102.85
2026-07-24 22:00:00,8103743.07,,3819893.23
2026-07-24 23:00:00,8305641.24,,3900321.31
2026-07-25 00:00:00,8435270.19,,3992301.82
2026-07-25 01:00:00,8506273.14,,3985572.58
2026-07-25 02:00:00,8509786.55,,4061053.12
2026-07-25 03:00:00,8672128.95,,4149218.56
2026-07-25 04:00:00,8488561.54,,4110942.70
2026-07-25 05:00:00,8269908.91,,4019177.26
2026-07-25 06:00:00,8486709.84,,4005037.02
2026-07-25 07:00:00,8634468.65,,4078339.86
2026-07-25 08:00:00,8893241.07,,4186773.20
2026-07-25 09:00:00,8736946.62,,4149223.33
2026-07-25 10:00:00,8731893.54,,4209250.58
2026-07-25 11:00:00,8573701.80,,4089610.35
2026-07-25 12:00:00,8688594.65,,4145742.32
2026-07-25 13:00:00,8687962.86,,4128923.21
2026-07-25 14:00:00,8548683.53,,4083623.54
2026-07-25 15:00:00,9006340.51,,4460788.80
2026-07-25 16:00:00,8553370.74,,4187236.62
2026-07-25 17:00:00,8416992.68,,4146069.71
2026-07-25 18:00:00,8348150.05,,4105030.09
2026-07-25 19:00:00,8383213.81,,4087486.19
2026-07-25 20:00:00,8295319.10,,4058742.38
2026-07-25 21:00:00,8348601.91,,4040937.72
2026-07-25 22:00:00,8301616.93,,3964554.50
2026-07-25 23:00:00,8291533.55,,3962189.79
2026-07-26 00:00:00,8201850.27,,3937571.79
2026-07-26 01:00:00,8234029.30,,3952489.36
2026-07-26 02:00:00,8415574.11,,4113748.91
2026-07-26 03:00:00,8332929.11,,4097745.21
2026-07-26 04:00:00,8433912.43,,4147541.02
2026-07-26 05:00:00,8499509.59,,4173827.83
2026-07-26 06:00:00,8638744.86,,4244884.56
2026-07-26 07:00:00,8795212.71,,4320991.87
2026-07-26 08:00:00,8626769.90,,4156989.14
2026-07-26 09:00:00,8673493.72,,4199919.58
2026-07-26 10:00:00,8830378.38,,4268221.96
2026-07-26 11:00:00,8800126.52,,4222493.44
2026-07-26 12:00:00,8694470.32,,4163885.28
2026-07-26 13:00:00,8652850.64,,4116813.93
2026-07-26 14:00:00,8740828.92,,4143023.07
2026-07-26 15:00:00,8837563.74,,4201744.78
2026-07-26 16:00:00,9033478.87,,4339171.68
2026-07-26 17:00:00,8931789.64,,4291014.67
2026-07-26 18:00:00,9151064.68,,4400034.34
2026-07-26 19:00:00,9487978.17,,4606403.82
2026-07-26 20:00:00,10138927.80,,5262025.01
2026-07-26 21:00:00,10670439.04,,5427770.14
2026-07-26 22:00:00,11025656.53,,5421200.58
2026-07-26 23:00:00,11476415.39,,5723170.16
2026-07-27 00:00:00,11168945.52,,5658130.88
2026-07-27 01:00:00,11142763.32,,5509997.23
2026-07-27 02:00:00,10811134.34,,5330594.54
2026-07-27 03:00:00,11154385.18,,5621479.56
2026-07-27 04:00:00,11433801.75,,5905110.34
2026-07-27 05:00:00,11088045.12,,5517679.07
2026-07-27 06:00:00,10994767.29,,5517338.60
2026-07-27 07:00:00,10736426.75,,5422998.97
2026-07-27 08:00:00,10639159.64,,5357651.63
2026-07-27 09:00:00,10088520.70,,5026224.42
2026-07-27 10:00:00,9712720.01,,4795645.60
2026-07-27 11:00:00,9819227.16,,4851421.55
2026-07-27 12:00:00,9610691.87,,4725888.92
2026-07-27 13:00:00,9400687.76,,4542009.14
2026-07-27 14:00:00,9383158.26,,4494722.88
2026-07-27 15:00:00,9098821.44,,4265835.34
2026-07-27 16:00:00,8941311.80,,4142694.12
2026-07-27 17:00:00,8390892.32,,3847554.90
2026-07-27 18:00:00,8254714.43,,3829907.08
2026-07-27 19:00:00,8206778.19,,3789122.12
2026-07-27 20:00:00,8140129.01,,3697325.18
2026-07-27 21:00:00,7858256.68,,3641563.07
2026-07-27 22:00:00,7894142.79,,3637804.30
2026-07-27 23:00:00,7976533.50,,3599505.50
2026-07-28 00:00:00,7858247.03,,3493691.27
2026-07-28 01:00:00,7908653.63,,3503039.48
2026-07-28 02:00:00,7845978.42,,3508307.20
2026-07-28 03:00:00,7654312.90,,3411958.52
2026-07-28 04:00:00,7702254.64,,3452260.81
2026-07-28 05:00:00,7498967.39,,3329348.02
2026-07-28 06:00:00,7564258.31,,3331452.82
2026-07-28 07:00:00,7841876.82,,3468381.33
2026-07-28 08:00:00,7226905.94,,3117644.45
2026-07-28 09:00:00,7314709.63,,3272853.17
2026-07-28 10:00:00,7301514.32,,3299237.56
2026-07-28 11:00:00,7351104.34,,3332812.19
2026-07-28 12:00:00,7728386.20,,3510798.07
2026-07-28 13:00:00,7669833.70,,3505972.64
2026-07-28 14:00:00,7921337.55,,3595670.04
2026-07-28 15:00:00,8114747.18,,3646051.22
2026-07-28 16:00:00,8156442.66,,3672836.40
2026-07-28 17:00:00,8368132.75,,3803596.84
2026-07-28 18:00:00,8170183.74,,3729231.53
2026-07-28 19:00:00,8170057.53,,3725323.32
2026-07-28 20:00:00,8116398.69,,3674511.25
2026-07-28 21:00:00,8068629.99,,3590379.76
2026-07-28 22:00:00,8215381.49,,3599337.96
2026-07-28 23:00:00,8262942.86,,3609910.33
2026-07-29 00:00:00,8210650.19,,3511275.08
2026-07-29 01:00:00,8362924.16,,3634771.45
2026-07-29 02:00:00,8637555.05,,3767161.26
2026-07-29 03:00:00,9136708.72,,3920538.64
2026-07-29 04:00:00,9166135.30,,3983255.64
2026-07-29 05:00:00,9596995.60,,4209886.00
2026-07-29 06:00:00,8940793.29,,3871994.90
2026-07-29 07:00:00,9095217.35,,4063607.04
2026-07-29 08:00:00,8750849.84,,3710811.75
2026-07-29 09:00:00,9085434.77,,3818213.82
2026-07-29 10:00:00,9174116.87,,3852638.00
2026-07-29 11:00:00,9707164.50,,4412117.99
2026-07-29 12:00:00,11359159.00,,4421217.42
2026-07-29 13:00:00,9490678.66,,3887990.63
2026-07-29 14:00:00,9049236.94,,3638031.97
2026-07-29 15:00:00,9268428.28,,3687921.73
2026-07-29 16:00:00,9233458.04,,3806869.07
2026-07-29 17:00:00,9450377.47,,3762195.13
2026-07-29 18:00:00,9654397.94,,3935676.10
2026-07-29 19:00:00,8223294.12,,2896450.12
2026-07-29 20:00:00,8070583.64,,2836815.17
2026-07-29 21:00:00,8032300.70,,2722348.40
2026-07-29 22:00:00,8070935.71,,2693847.98
2026-07-29 23:00:00,7967306.41,,2694786.64
2026-07-30 00:00:00,7962232.06,,2741266.16
2026-07-30 01:00:00,8261793.89,,3160864.18
2026-07-30 02:00:00,8298514.72,,3292142.16
2026-07-30 03:00:00,8478544.31,,3392658.34
2026-07-30 04:00:00,8522890.89,,3476031.46
2026-07-30 05:00:00,8514666.12,,3395436.35
2026-07-30 06:00:00,8791026.02,,3471267.28
2026-07-30 07:00:00,8838519.23,,3533222.00
2026-07-30 08:00:00,8858921.58,,3609633.30
2026-07-30 09:00:00,8986136.06,,3607788.29
2026-07-30 10:00:00,9230771.79,,3687314.62
2026-07-30 11:00:00,9334541.65,,3795328.22
2026-07-30 12:00:00,9283095.86,,3963729.21
2026-07-30 13:00:00,9544014.16,,3950432.94
2026-07-30 14:00:00,9747073.87,,4378032.60
2026-07-30 15:00:00,9409099.61,,4261994.37
2026-07-30 16:00:00,9564011.66,,4382708.15
2026-07-30 17:00:00,9598840.44,,4413388.85
2026-07-30 18:00:00,9637641.36,,4448172.49
2026-07-30 19:00:00,9720446.80,,4473487.80
2026-07-30 20:00:00,9877581.62,,4532863.39
2026-07-30 21:00:00,9765358.78,,4452507.40
2026-07-30 22:00:00,9960869.54,,4476496.91
2026-07-30 23:00:00,9962912.11,,4520484.12
2026-07-31 00:00:00,10132402.82,,4602369.95
2026-07-31 01:00:00,10415512.00,,4776022.41
2026-07-31 02:00:00,10437297.31,,4819382.33
2026-07-31 03:00:00,10647056.84,,5001332.86
2026-07-31 04:00:00,10542566.78,,4430307.90
2026-07-31 05:00:00,11143514.20,,5080142.55
2026-07-31 06:00:00,10904079.91,,4773596.81
2026-07-31 07:00:00,11279180.12,,4942053.90
2026-07-31 08:00:00,11194036.94,,4904487.58
2026-07-31 09:00:00,11240660.23,,4979070.69
2026-07-31 10:00:00,11221865.43,,4955212.35
2026-07-31 11:00:00,11617875.63,,5070040.93
2026-07-31 12:00:00,11632253.36,,5315967.79
2026-07-31 13:00:00,11659888.33,,5246663.77
2026-07-31 14:00:00,11367917.54,,5138813.56
2026-07-31 15:00:00,11259037.88,,5024953.33
2026-07-31 16:00:00,11038848.57,,4960106.65
2026-07-31 17:00:00,10943584.00,,4869678.00
2026-07-31 18:00:00,10679634.72,,4769363.18
2026-07-31 19:00:00,10784848.41,,4814580.30
2026-07-31 20:00:00,10782742.08,,4789722.63
2026-07-31 21:00:00,10763353.42,,4747732.68
2026-07-31 22:00:00,10916081.06,,4763795.40
2026-07-31 23:00:00,10927328.36,,4776317.27
2026-08-01 00:00:00,10817235.10,,4640524.31
2026-08-01 01:00:00,10916872.53,,4646452.10
2026-08-01 02:00:00,10916365.09,,4711048.29
2026-08-01 03:00:00,10821451.39,,4651302.24
2026-08-01 04:00:00,10973816.26,,4710913.37
2026-08-01 05:00:00,10895652.10,,4695779.21
2026-08-01 06:00:00,10767736.47,,4632087.58
2026-08-01 07:00:00,10881770.84,,4651760.38
2026-08-01 08:00:00,10927573.46,,4689533.50
2026-08-01 09:00:00,10987225.01,,4749548.59
2026-08-01 10:00:00,10945400.40,,4722887.51
2026-08-01 11:00:00,11061120.09,,4790566.77
2026-08-01 12:00:00,11040645.08,,4837096.46
2026-08-01 13:00:00,11058414.90,,4839091.13
2026-08-01 14:00:00,11049339.05,,4855151.07
2026-08-01 15:00:00,10899400.89,,4746549.06
2026-08-01 16:00:00,10956970.88,,4698305.48
2026-08-01 17:00:00,11062409.24,,4738023.04
2026-08-01 18:00:00,11264565.33,,4837389.75
2026-08-01 19:00:00,11228120.72,,4794640.93
2026-08-01 20:00:00,11315963.16,,4809997.82
2026-08-01 21:00:00,11345543.65,,4843344.38
2026-08-01 22:00:00,11442766.36,,4899701.20
2026-08-01 23:00:00,11364953.03,,4879845.20
2026-08-02 00:00:00,11269597.32,,4865189.37
2026-08-02 01:00:00,11371319.36,,5028852.39
2026-08-02 02:00:00,11299533.91,,5054463.32
2026-08-02 03:00:00,11112691.65,,4972390.86
2026-08-02 04:00:00,11887181.31,,5065354.18
2026-08-02 05:00:00,12053663.52,,5317794.80
2026-08-02 06:00:00,12286799.63,,5535210.15
2026-08-02 07:00:00,12281603.46,,5567173.87
2026-08-02 08:00:00,12670836.82,,5782860.90
2026-08-02 09:00:00,11619204.94,,4736941.30
2026-08-02 10:00:00,10807358.13,,4190790.04
2026-08-02 11:00:00,9608671.75,,3889767.67
2026-08-02 12:00:00,9235637.50,,3723604.55
2026-08-02 13:00:00,9399360.83,,3700851.76
2026-08-02 14:00:00,9505395.16,,3904348.16
2026-08-02 15:00:00,10540841.93,,4558304.35
2026-08-02 16:00:00,10761039.47,,4877308.64
2026-08-02 17:00:00,11261673.79,,5126969.45
2026-08-02 18:00:00,11180615.22,,5163044.58
2026-08-02 19:00:00,11247662.18,,5252441.88
2026-08-02 20:00:00,11389010.96,,5278812.50
2026-08-02 21:00:00,11082950.28,,5137351.00
2026-08-02 22:00:00,11182686.52,,5202957.77
2026-08-02 23:00:00,11140354.79,,5316591.89
2026-08-03 00:00:00,11044275.95,,5256270.22
2026-08-03 01:00:00,11226319.64,,5294144.25
2026-08-03 02:00:00,11775838.34,,5943296.52
2026-08-03 03:00:00,11858971.56,,5932315.04
2026-08-03 04:00:00,11886669.26,,6126894.93
2026-08-03 05:00:00,11600333.94,,6005419.62
2026-08-03 06:00:00,11832980.94,,6261873.42
2026-08-03 07:00:00,12057240.60,,6293561.90
2026-08-03 08:00:00,12485686.16,,6790733.95
2026-08-03 09:00:00,12779097.43,,6940362.84
2026-08-03 10:00:00,13252134.36,,7344695.81
2026-08-03 11:00:00,13580814.82,,7497716.65
2026-08-03 12:00:00,14036979.29,,7549540.18
2026-08-03 13:00:00,14903102.69,,7825809.39
2026-08-03 14:00:00,15469302.13,,8211418.62
2026-08-03 15:00:00,15982685.39,,8684170.25
2026-08-03 16:00:00,16348072.31,,8929709.30
2026-08-03 17:00:00,17927074.87,,9147350.10
2026-08-03 18:00:00,18460354.74,,9443877.87
2026-08-03 19:00:00,18724207.39,,9482456.40
2026-08-03 20:00:00,18131987.51,,9079560.25
2026-08-03 21:00:00,17760288.69,,8818304.93
2026-08-03 22:00:00,17570779.92,,8641940.98
2026-08-03 23:00:00,17616522.91,,8483813.83
2026-08-04 00:00:00,17611277.52,,8430447.00
2026-08-04 01:00:00,17865922.33,,8477872.94
2026-08-04 02:00:00,18023464.25,,8562883.27
2026-08-04 03:00:00,18150738.15,,8569826.68
2026-08-04 04:00:00,18400000.89,,8715935.06
2026-08-04 05:00:00,18590967.56,,8656461.79
2026-08-04 06:00:00,18991904.12,,8850100.10
2026-08-04 07:00:00,19202002.94,,8870672.73
2026-08-04 08:00:00,19307408.96,,9053407.94
2026-08-04 09:00:00,19283836.98,,8837296.83
2026-08-04 10:00:00,19922984.20,,9129607.68
2026-08-04 11:00:00,19745932.20,,9097376.67
2026-08-04 12:00:00,20052714.97,,9164529.11
2026-08-04 13:00:00,20163457.59,,9084413.52
2026-08-04 14:00:00,20077687.99,,8971619.44
2026-08-04 15:00:00,20254287.48,,9016628.43
2026-08-04 16:00:00,19620780.96,,8099976.81
2026-08-04 17:00:00,15585215.94,,6335616.56
2026-08-04 18:00:00,13761201.32,,5743893.96
2026-08-04 19:00:00,12576919.43,,5115774.89
2026-08-04 20:00:00,12022367.27,,5055818.82
2026-08-04 21:00:00,11547962.41,,5005961.65
2026-08-04 22:00:00,11042553.56,,4964100.95
2026-08-04 23:00:00,11089086.91,,4969151.97
2026-08-05 00:00:00,10578561.60,,4753506.65
2026-08-05 01:00:00,10197546.59,,4671095.22
2026-08-05 02:00:00,10437372.41,,4964772.18
2026-08-05 03:00:00,11245658.47,,5334803.99
2026-08-05 04:00:00,11593756.64,,5736815.50
2026-08-05 05:00:00,12307337.01,,6421402.01
2026-08-05 06:00:00,10458809.22,,5377620.94
2026-08-05 07:00:00,9832347.99,,5082439.95
2026-08-05 08:00:00,9862769.27,,5314022.69
2026-08-05 09:00:00,11447687.42,,5892957.58
2026-08-05 10:00:00,11841421.45,,6361838.92
2026-08-05 11:00:00,12181356.12,,7242309.95
2026-08-05 12:00:00,10323524.80,,5317161.83
2026-08-05 13:00:00,8478808.79,,4239095.31
2026-08-05 14:00:00,8328361.93,,4476536.26
2026-08-05 15:00:00,7826380.36,,4500718.62
2026-08-05 16:00:00,8188293.34,,4703085.02
2026-08-05 17:00:00,8025283.30,,4847026.52
2026-08-05 18:00:00,8569578.58,,4867203.56
2026-08-05 19:00:00,8167464.62,,5105780.92
2026-08-05 20:00:00,7776722.51,,4827800.43
2026-08-05 21:00:00,8720738.48,,5012103.05
2026-08-05 22:00:00,7926941.59,,4585099.75
2026-08-05 23:00:00,7871134.10,,4713377.73
2026-08-06 00:00:00,7740954.32,,4993897.32
2026-08-06 01:00:00,8052583.45,,5620492.28
2026-08-06 02:00:00,8507611.56,,6050784.43
2026-08-06 03:00:00,8414013.13,,6055074.28
2026-08-06 04:00:00,7930750.15,,5637926.00
2026-08-06 05:00:00,7672261.39,,5888820.98
2026-08-06 06:00:00,7749169.44,,6150369.71
2026-08-06 07:00:00,8301095.19,,6317289.29
2026-08-06 08:00:00,8518638.55,,6561325.56
2026-08-06 09:00:00,8250824.81,,6128517.46
2026-08-06 10:00:00,8558020.32,,6866969.47
2026-08-06 11:00:00,8698684.10,,6869410.80
2026-08-06 12:00:00,8997806.28,,7186699.97
2026-08-06 13:00:00,8750279.18,,7098694.08
2026-08-06 14:00:00,9095894.72,,7439427.32
2026-08-06 15:00:00,9270628.73,,7481486.87
2026-08-06 16:00:00,9276327.57,,7391646.61
2026-08-06 17:00:00,9650671.11,,7230945.17
2026-08-06 18:00:00,9349797.42,,7091396.68
2026-08-06 19:00:00,9356793.70,,7025058.14
2026-08-06 20:00:00,9403429.50,,7013402.23
2026-08-06 21:00:00,9375909.65,,6888157.58
2026-08-06 22:00:00,9495142.77,,6496138.89
2026-08-06 23:00:00,9523012.37,,6535335.74
2026-08-07 00:00:00,9683270.30,,6684975.38
2026-08-07 01:00:00,9254560.04,,6028992.11
2026-08-07 02:00:00,9392225.91,,6060496.03
2026-08-07 03:00:00,8895169.83,,5589492.97
2026-08-07 04:00:00,8933053.55,,5717616.96
2026-08-07 05:00:00,8863139.75,,5749572.61
2026-08-07 06:00:00,8825699.65,,5398005.88
2026-08-07 07:00:00,8471180.15,,5028662.79
2026-08-07 08:00:00,8285432.35,,4765674.98
2026-08-07 09:00:00,8052144.75,,4625555.14
2026-08-07 10:00:00,7959911.89,,4519977.26
2026-08-07 11:00:00,7657601.76,,4220966.59
2026-08-07 12:00:00,7859420.61,,4428887.09
2026-08-07 13:00:00,7350890.83,,4241020.17
2026-08-07 14:00:00,7363955.96,,4257519.55
2026-08-07 15:00:00,7363363.55,,4307369.60
2026-08-07 16:00:00,7983172.55,,4119476.54
2026-08-07 17:00:00,8395503.98,,4481212.68
2026-08-07 18:00:00,8287943.42,,4480175.64
2026-08-07 19:00:00,7938355.52,,4408314.77
2026-08-07 20:00:00,8073800.95,,4465129.44
2026-08-07 21:00:00,7740840.33,,4246077.72
2026-08-07 22:00:00,7774383.07,,4204016.18
2026-08-07 23:00:00,7646310.25,,4135194.94
2026-08-08 00:00:00,7661961.99,,4111277.50
2026-08-08 01:00:00,7792106.45,,4267952.52
2026-08-08 02:00:00,7894540.48,,4297056.18
2026-08-08 03:00:00,7529573.02,,4196324.77
2026-08-08 04:00:00,7859976.67,,4362311.52
2026-08-08 05:00:00,8198842.59,,4740676.80
2026-08-08 06:00:00,7932160.43,,4774852.61
2026-08-08 07:00:00,7721392.49,,4441680.89
2026-08-08 08:00:00,7544260.19,,4341675.70
2026-08-08 09:00:00,7459743.98,,4310362.80
2026-08-08 10:00:00,7558993.52,,4318671.56
2026-08-08 11:00:00,7395703.63,,4224705.02
2026-08-08 12:00:00,7495057.11,,4252229.91
2026-08-08 13:00:00,7495326.39,,4212275.36
2026-08-08 14:00:00,7391164.13,,4162078.08
2026-08-08 15:00:00,7445470.97,,4179094.62
2026-08-08 16:00:00,7278007.35,,4200892.88
2026-08-08 17:00:00,7002765.26,,4046429.15
2026-08-08 18:00:00,6891327.31,,4007824.83
2026-08-08 19:00:00,6942529.61,,4053729.65
2026-08-08 20:00:00,6925158.48,,4099241.03
2026-08-08 21:00:00,6957828.09,,4138418.35
2026-08-08 22:00:00,6992967.61,,4143717.64
2026-08-08 23:00:00,6912074.48,,4054317.04
2026-08-09 00:00:00,6885344.29,,4072957.61
2026-08-09 01:00:00,6878952.79,,4003738.38
2026-08-09 02:00:00,6795537.92,,3944390.02
2026-08-09 03:00:00,6734622.33,,3930766.42
2026-08-09 04:00:00,7030562.12,,4012557.63
2026-08-09 05:00:00,6964819.36,,4016872.38
2026-08-09 06:00:00,7032946.01,,3997197.54
2026-08-09 07:00:00,7107830.78,,4075104.89
2026-08-09 08:00:00,6943825.76,,3948887.60
2026-08-09 09:00:00,6824071.44,,3882082.74
2026-08-09 10:00:00,6762834.71,,3762251.42
2026-08-09 11:00:00,6643276.51,,3629818.02
2026-08-09 12:00:00,6627736.43,,3634924.15
2026-08-09 13:00:00,6630420.43,,3605579.19
2026-08-09 14:00:00,6550440.09,,3512454.49
2026-08-09 15:00:00,6634714.71,,3543360.82
2026-08-09 16:00:00,6659240.64,,3550700.24
2026-08-09 17:00:00,6539529.19,,3479723.89
2026-08-09 18:00:00,6579345.99,,3480088.71
2026-08-09 19:00:00,6512661.71,,3427689.58
2026-08-09 20:00:00,6531635.55,,3501520.31
2026-08-09 21:00:00,6592571.61,,3556867.25
2026-08-09 22:00:00,6564626.74,,3558031.46
2026-08-09 23:00:00,6535012.10,,3553310.15
2026-08-10 00:00:00,6626108.39,,3606189.73
2026-08-10 01:00:00,6610544.10,,3583688.72
2026-08-10 02:00:00,6681939.60,,3654316.31
2026-08-10 03:00:00,6613301.24,,3634629.85
2026-08-10 04:00:00,6469862.50,,3509363.34
2026-08-10 05:00:00,6437187.92,,3487465.27
2026-08-10 06:00:00,6036277.14,,3302893.16
2026-08-10 07:00:00,6469826.99,,3568866.67
2026-08-10 08:00:00,6504179.04,,3615153.90
2026-08-10 09:00:00,6529933.87,,3702680.75
2026-08-10 10:00:00,6533921.50,,3706621.52
2026-08-10 11:00:00,6612311.16,,3745824.79
2026-08-10 12:00:00,6508944.91,,3751398.72
2026-08-10 13:00:00,6547921.73,,3765834.24
2026-08-10 14:00:00,6494017.20,,3777661.52
2026-08-10 15:00:00,6488430.91,,3794153.88
2026-08-10 16:00:00,6445959.62,,3836632.29
2026-08-10 17:00:00,6689792.96,,4029765.35
2026-08-10 18:00:00,6808333.50,,4095742.07
2026-08-10 19:00:00,7016347.88,,4169650.62
2026-08-10 20:00:00,7044570.82,,4187400.66
2026-08-10 21:00:00,6837142.27,,4063780.61
2026-08-10 22:00:00,6760544.09,,3944980.37
2026-08-10 23:00:00,6715400.90,,3926610.50
2026-08-11 00:00:00,6694872.83,,3864880.18
2026-08-11 01:00:00,6764343.98,,3986268.46
2026-08-11 02:00:00,6698321.35,,3898986.88
2026-08-11 03:00:00,6711441.92,,3912953.28
2026-08-11 04:00:00,6952895.00,,4068714.37
2026-08-11 05:00:00,7242510.65,,4294727.85
2026-08-11 06:00:00,7340348.48,,4483700.22
2026-08-11 07:00:00,7490409.30,,4673010.00
2026-08-11 08:00:00,7468984.26,,4639247.54
2026-08-11 09:00:00,7636029.86,,4680764.26
2026-08-11 10:00:00,7484414.79,,4662288.59
2026-08-11 11:00:00,7038036.07,,4079264.60
2026-08-11 12:00:00,6910240.52,,4045732.32
2026-08-11 13:00:00,7095455.35,,4125976.70
2026-08-11 14:00:00,6930528.06,,4128535.33
2026-08-11 15:00:00,6852808.71,,4089700.76
2026-08-11 16:00:00,6885502.16,,4049974.82
2026-08-11 17:00:00,6842227.72,,4019765.96
2026-08-11 18:00:00,6847468.71,,4011689.16
2026-08-11 19:00:00,6777271.94,,3957535.92
2026-08-11 20:00:00,6724109.02,,3883535.52
2026-08-11 21:00:00,6700184.96,,3815328.38
2026-08-11 22:00:00,6595166.89,,3697717.76
2026-08-11 23:00:00,6480775.13,,3581854.44
2026-08-12 00:00:00,6589515.43,,3595778.29
2026-08-12 01:00:00,6603494.24,,3586981.30
2026-08-12 02:00:00,6724786.06,,3627310.02
2026-08-12 03:00:00,6541918.48,,3477356.87
2026-08-12 04:00:00,6457491.18,,3516842.14
2026-08-12 05:00:00,6368870.91,,3499784.27
2026-08-12 06:00:00,6379042.23,,3503084.10
2026-08-12 07:00:00,6347472.08,,3498460.96
2026-08-12 08:00:00,6358131.61,,3499647.19
2026-08-12 09:00:00,6383950.30,,3480030.29
2026-08-12 10:00:00,6324056.15,,3457107.95
2026-08-12 11:00:00,6318341.60,,3451422.94
2026-08-12 12:00:00,6238662.80,,3375025.29
2026-08-12 13:00:00,6150922.11,,3273942.52
2026-08-12 14:00:00,6151203.27,,3280366.37
2026-08-12 15:00:00,6168100.04,,3262536.95
2026-08-12 16:00:00,6260324.41,,3309418.25
2026-08-12 17:00:00,6158844.64,,3250169.78
2026-08-12 18:00:00,6090018.87,,3187519.17
2026-08-12 19:00:00,6095613.91,,3162112.79
2026-08-12 20:00:00,6087427.03,,3158812.31
2026-08-12 21:00:00,6110642.89,,3162997.68
2026-08-12 22:00:00,6102634.02,,3150788.99
2026-08-12 23:00:00,6165048.30,,3179439.00
2026-08-13 00:00:00,6074956.49,,3121928.28
2026-08-13 01:00:00,6011187.76,,3047997.36
2026-08-13 02:00:00,5959491.07,,3014745.89
2026-08-13 03:00:00,6006830.34,,2997070.53
2026-08-13 04:00:00,5892293.70,,2895321.90
2026-08-13 05:00:00,5848516.25,,2881117.05
2026-08-13 06:00:00,5873714.43,,2870327.40
2026-08-13 07:00:00,5866121.53,,2867967.23
2026-08-13 08:00:00,5894326.36,,2903948.75
2026-08-13 09:00:00,5827116.95,,2828774.23
2026-08-13 10:00:00,6033285.62,,2959368.50
2026-08-13 11:00:00,5933771.16,,2909726.35
2026-08-13 12:00:00,5877758.05,,2854031.61
2026-08-13 13:00:00,5874100.99,,2851602.24
2026-08-13 14:00:00,5829523.20,,2803815.77
2026-08-13 15:00:00,5815010.84,,2818104.07
2026-08-13 16:00:00,5934517.45,,2940661.98
2026-08-13 17:00:00,5837507.73,,2896958.88
2026-08-13 18:00:00,5693957.78,,2838870.92
2026-08-13 19:00:00,5719819.09,,2842091.08
2026-08-13 20:00:00,5733972.36,,2849278.06
2026-08-13 21:00:00,6048900.64,,2899224.33
2026-08-13 22:00:00,6273533.82,,3072510.10
2026-08-13 23:00:00,6130388.43,,3050242.27
2026-08-14 00:00:00,5976314.31,,2944308.58
2026-08-14 01:00:00,5831839.01,,2862033.91
2026-08-14 02:00:00,5696757.81,,2795038.18
2026-08-14 03:00:00,5728704.29,,2830818.20
2026-08-14 04:00:00,5712126.95,,2832565.56
2026-08-14 05:00:00,5715842.01,,2819925.16
2026-08-14 06:00:00,5684646.19,,2808372.99
2026-08-14 07:00:00,5662430.61,,2775099.46
2026-08-14 08:00:00,5746204.24,,2874309.72
2026-08-14 09:00:00,5960984.46,,3065766.98
2026-08-14 10:00:00,5772202.43,,2991460.90
2026-08-14 11:00:00,5686153.73,,2924815.58
2026-08-14 12:00:00,5603327.85,,2853203.44
2026-08-14 13:00:00,5742246.55,,2912240.52
2026-08-14 14:00:00,5653251.09,,2865906.31
2026-08-14 15:00:00,5694032.58,,2880886.50
2026-08-14 16:00:00,5669975.77,,2852544.90
2026-08-14 17:00:00,5615647.57,,2805305.62
2026-08-14 18:00:00,5375687.33,,2741425.13
2026-08-14 19:00:00,5329865.38,,2727461.45
2026-08-14 20:00:00,5438131.69,,2772230.08
2026-08-14 21:00:00,5393104.49,,2749540.25
2026-08-14 22:00:00,5324667.69,,2734960.54
2026-08-14 23:00:00,5353618.03,,2758264.77
2026-08-15 00:00:00,5489642.52,,2843347.44
2026-08-15 01:00:00,5426229.01,,2890229.18
2026-08-15 02:00:00,5411322.09,,2889467.32
2026-08-15 03:00:00,5374867.35,,2846485.60
2026-08-15 04:00:00,5398470.35,,2847191.80
2026-08-15 05:00:00,5437538.25,,2884785.44
2026-08-15 06:00:00,5389653.73,,2824159.08
2026-08-15 07:00:00,5402009.02,,2838712.76
2026-08-15 08:00:00,5367419.88,,2830281.31
2026-08-15 09:00:00,5423560.97,,2845939.84
2026-08-15 10:00:00,5425734.10,,2862385.51
2026-08-15 11:00:00,5386417.65,,2843437.94
2026-08-15 12:00:00,5357141.36,,2837203.98
2026-08-15 13:00:00,5351169.31,,2831764.73
2026-08-15 14:00:00,5386532.44,,2848535.21
2026-08-15 15:00:00,5414502.04,,2859651.08
2026-08-15 16:00:00,5405575.51,,2828997.19
2026-08-15 17:00:00,5413574.55,,2801887.33
2026-08-15 18:00:00,5392606.48,,2797046.84
2026-08-15 19:00:00,5337685.40,,2759056.08
2026-08-15 20:00:00,5332482.99,,2760022.10
2026-08-15 21:00:00,5325065.85,,2729867.36
2026-08-15 22:00:00,5232083.04,,2660004.89
2026-08-15 23:00:00,5291035.61,,2710791.52
2026-08-16 00:00:00,5233662.38,,2674497.50
2026-08-16 01:00:00,5258998.95,,2712884.82
2026-08-16 02:00:00,5199300.60,,2675825.21
2026-08-16 03:00:00,5242673.35,,2706605.32
2026-08-16 04:00:00,5158491.73,,2694195.76
2026-08-16 05:00:00,5218060.41,,2722892.70
2026-08-16 06:00:00,5252601.81,,2747322.60
2026-08-16 07:00:00,5182272.33,,2723957.95
2026-08-16 08:00:00,5243691.37,,2743155.93
2026-08-16 09:00:00,5175951.61,,2720487.97
2026-08-16 10:00:00,5236041.51,,2715497.14
2026-08-16 11:00:00,5276486.42,,2698568.36
2026-08-16 12:00:00,5294029.82,,2701562.02
2026-08-16 13:00:00,5377248.28,,2763278.66
2026-08-16 14:00:00,5313299.08,,2669667.00
2026-08-16 15:00:00,5316899.51,,2658943.65
2026-08-16 16:00:00,5227753.87,,2597586.41
2026-08-16 17:00:00,5246294.94,,2572948.69
2026-08-16 18:00:00,5202272.70,,2536119.77
2026-08-16 19:00:00,5201787.25,,2545775.23
2026-08-16 20:00:00,5169403.37,,2556802.40
2026-08-16 21:00:00,5201081.06,,2566427.09
2026-08-16 22:00:00,5265469.84,,2610983.19
2026-08-16 23:00:00,5223202.14,,2589356.69
2026-08-17 00:00:00,5236682.26,,2596809.79
2026-08-17 01:00:00,5138277.32,,2563449.20
2026-08-17 02:00:00,5109797.48,,2571617.41
2026-08-17 03:00:00,5321735.35,,2669535.68
2026-08-17 04:00:00,5298464.26,,2658253.09
2026-08-17 05:00:00,5321263.25,,2653037.07
2026-08-17 06:00:00,5214396.67,,2608723.50
2026-08-17 07:00:00,5147615.89,,2597744.29
2026-08-17 08:00:00,5141926.23,,2633613.28
2026-08-17 09:00:00,5122206.95,,2609696.95
2026-08-17 10:00:00,5219679.68,,2673435.47
2026-08-17 11:00:00,5134193.08,,2609006.62
2026-08-17 12:00:00,5126916.56,,2607347.77
2026-08-17 13:00:00,5084488.54,,2600045.78
2026-08-17 14:00:00,5086341.15,,2617364.11
2026-08-17 15:00:00,5116426.90,,2626571.01
2026-08-17 16:00:00,5132961.31,,2633267.31
2026-08-17 17:00:00,5024420.58,,2572233.39
2026-08-17 18:00:00,5022715.50,,2571893.08
2026-08-17 19:00:00,4954438.12,,2547667.74
2026-08-17 20:00:00,5095092.71,,2616015.26
2026-08-17 21:00:00,5130457.33,,2651971.69
2026-08-17 22:00:00,5056230.59,,2612638.26
2026-08-17 23:00:00,4962644.82,,2565226.99
2026-08-18 00:00:00,4972318.82,,2568534.32
2026-08-18 01:00:00,4934689.30,,2558126.65
2026-08-18 02:00:00,4913613.00,,2544626.38
2026-08-18 03:00:00,4902969.61,,2615249.47
2026-08-18 04:00:00,4973895.08,,2644486.83
2026-08-18 05:00:00,4967432.96,,2626627.64
2026-08-18 06:00:00,4932148.57,,2607097.45
2026-08-18 07:00:00,4969162.23,,2565495.00
2026-08-18 08:00:00,4926628.03,,2551252.50
2026-08-18 09:00:00,4916919.76,,2533314.85
2026-08-18 10:00:00,4909952.93,,2525330.29
2026-08-18 11:00:00,5075404.32,,2585600.43
2026-08-18 12:00:00,5187432.39,,2666619.00
2026-08-18 13:00:00,5223399.27,,2857484.50
2026-08-18 14:00:00,5326908.73,,2955291.40
2026-08-18 15:00:00,5332724.28,,3049930.99
2026-08-18 16:00:00,5009840.14,,2767451.82
2026-08-18 17:00:00,5036286.92,,2775072.26
2026-08-18 18:00:00,5211863.91,,2933714.94
2026-08-18 19:00:00,5192347.96,,2920608.25
2026-08-18 20:00:00,5088800.79,,2772246.12
2026-08-18 21:00:00,4977554.82,,2665239.10
2026-08-18 22:00:00,4985217.98,,2625708.48
2026-08-18 23:00:00,4895125.59,,2546998.61
2026-08-19 00:00:00,4966149.12,,2569359.67
2026-08-19 01:00:00,5028986.54,,2674658.15
2026-08-19 02:00:00,5123355.76,,2805271.62
2026-08-19 03:00:00,4929688.11,,2695862.67
2026-08-19 04:00:00,4944730.71,,2711773.58
2026-08-19 05:00:00,4900446.27,,2653935.96
2026-08-19 06:00:00,4918844.82,,2619366.99
2026-08-19 07:00:00,4889442.88,,2600964.18
2026-08-19 08:00:00,4943560.77,,2630227.90
2026-08-19 09:00:00,4909995.55,,2607129.41
2026-08-19 10:00:00,4857334.74,,2575144.53
2026-08-19 11:00:00,4803907.21,,2552340.41
2026-08-19 12:00:00,4752576.11,,2537355.84
2026-08-19 13:00:00,4812148.23,,2563324.48
2026-08-19 14:00:00,4831449.03,,2520438.12
2026-08-19 15:00:00,4810437.40,,2519732.88
2026-08-19 16:00:00,4829064.48,,2493365.59
2026-08-19 17:00:00,4941733.83,,2551957.90
2026-08-19 18:00:00,4762136.64,,2467457.23
2026-08-19 19:00:00,4763308.11,,2419846.61
2026-08-19 20:00:00,4849590.45,,2450354.61
2026-08-19 21:00:00,4787793.67,,2400433.00
2026-08-19 22:00:00,4760609.49,,2313860.46
2026-08-19 23:00:00,4950762.44,,2411796.58
2026-08-20 00:00:00,4938664.74,,2394320.50
2026-08-20 01:00:00,4939695.26,,2383586.88
2026-08-20 02:00:00,4850152.55,,2381234.43
2026-08-20 03:00:00,4850593.68,,2387974.20
2026-08-20 04:00:00,4869276.84,,2418318.95
2026-08-20 05:00:00,4888292.75,,2434726.90
2026-08-20 06:00:00,4857866.65,,2407180.52
2026-08-20 07:00:00,4760591.35,,2327451.46
2026-08-20 08:00:00,4741179.33,,2283865.80
2026-08-20 09:00:00,4671653.59,,2285745.71
2026-08-20 10:00:00,4649294.98,,2263305.64
2026-08-20 11:00:00,4639343.15,,2264370.60
2026-08-20 12:00:00,4589973.04,,2227507.88
2026-08-20 13:00:00,4545314.63,,2198071.14
2026-08-20 14:00:00,4513093.12,,2210008.01
2026-08-20 15:00:00,4596797.77,,2273685.61
2026-08-20 16:00:00,4621135.64,,2249364.22
2026-08-20 17:00:00,4654276.04,,2343570.84
2026-08-20 18:00:00,4622509.95,,2283537.84
2026-08-20 19:00:00,4600876.69,,2277335.16
2026-08-20 20:00:00,4547779.86,,2264003.28
2026-08-20 21:00:00,4515311.08,,2225831.48
2026-08-20 22:00:00,4436619.01,,2137959.88
2026-08-20 23:00:00,4461446.32,,2172417.84
2026-08-21 00:00:00,4474200.70,,2154324.38
2026-08-21 01:00:00,4452664.13,,2162984.39
2026-08-21 02:00:00,4441432.01,,2149501.94
2026-08-21 03:00:00,4556440.19,,2196833.27
2026-08-21 04:00:00,4587157.99,,2222478.30
2026-08-21 05:00:00,4579723.15,,2187937.53
2026-08-21 06:00:00,4545004.70,,2180710.41
2026-08-21 07:00:00,4567661.20,,2216811.34
2026-08-21 08:00:00,4537604.61,,2160673.65
2026-08-21 09:00:00,4546292.17,,2134694.52
2026-08-21 10:00:00,4528164.22,,2084249.07
2026-08-21 11:00:00,4639146.21,,2109114.55
2026-08-21 12:00:00,4621185.76,,2118820.54
2026-08-21 13:00:00,4591501.63,,2116670.82
2026-08-21 14:00:00,4486939.90,,2036143.35
2026-08-21 15:00:00,4482741.20,,2029853.32
2026-08-21 16:00:00,4609173.61,,2116720.74
2026-08-21 17:00:00,4507968.35,,2053388.06
2026-08-21 18:00:00,4485681.91,,2023761.77
2026-08-21 19:00:00,4537511.76,,2023768.53
2026-08-21 20:00:00,4504959.49,,2009038.79
2026-08-21 21:00:00,4554246.74,,2018860.28
2026-08-21 22:00:00,4597076.10,,1983069.91
2026-08-21 23:00:00,4481645.57,,1929115.83
2026-08-22 00:00:00,4462498.92,,1908533.00
2026-08-22 01:00:00,4577021.30,,1966918.80
2026-08-22 02:00:00,4559096.32,,1942992.52
2026-08-22 03:00:00,4502072.44,,1902014.74
2026-08-22 04:00:00,4503442.44,,1879750.79
2026-08-22 05:00:00,4597064.70,,1905934.08
2026-08-22 06:00:00,4475051.96,,1927928.92
2026-08-22 07:00:00,4573815.14,,1998999.52
2026-08-22 08:00:00,4483863.98,,1941028.13
2026-08-22 09:00:00,4474958.20,,1954252.60
2026-08-22 10:00:00,4483140.26,,1970764.49
2026-08-22 11:00:00,4388203.71,,1927174.67
2026-08-22 12:00:00,4454542.55,,1965361.98
2026-08-22 13:00:00,4430988.91,,1954912.87
2026-08-22 14:00:00,4558354.10,,2043335.94
2026-08-22 15:00:00,4420736.26,,1936194.80
2026-08-22 16:00:00,4486506.35,,1981199.20
2026-08-22 17:00:00,4546540.46,,2059185.94
2026-08-22 18:00:00,4491247.35,,2036110.87
2026-08-22 19:00:00,4389662.01,,1982501.25
2026-08-22 20:00:00,4388010.87,,1972802.51
2026-08-22 21:00:00,4349604.69,,1921042.26
2026-08-22 22:00:00,4358763.89,,1909803.14
2026-08-22 23:00:00,4386870.17,,1916338.56
2026-08-23 00:00:00,4384608.66,,1916618.59
2026-08-23 01:00:00,4431485.42,,1952316.08
2026-08-23 02:00:00,4360848.00,,1916214.58
2026-08-23 03:00:00,4460032.19,,2005757.80
2026-08-23 04:00:00,4413423.94,,2045787.26
