time,oi_A,oi_6,oi_3
2026-05-10 12:00:00,6397091.41,,
2026-05-10 13:00:00,6445577.22,,
2026-05-10 14:00:00,6510765.07,,
2026-05-10 15:00:00,6475467.15,,
2026-05-10 16:00:00,6498507.95,,
2026-05-10 17:00:00,6504319.16,,
2026-05-10 18:00:00,6394977.72,,
2026-05-10 19:00:00,6425503.31,,
2026-05-10 20:00:00,6437243.97,,
2026-05-10 21:00:00,6372232.42,,
2026-05-10 22:00:00,6518324.36,,
2026-05-10 23:00:00,6550429.04,,
2026-05-11 00:00:00,6327873.71,,
2026-05-11 01:00:00,6298847.23,,
2026-05-11 02:00:00,6433020.05,,
2026-05-11 03:00:00,6324710.71,,
2026-05-11 04:00:00,6271773.49,,
2026-05-11 05:00:00,6235486.70,,
2026-05-11 06:00:00,6202368.34,,
2026-05-11 07:00:00,6193979.06,,
2026-05-11 08:00:00,6168618.25,,
2026-05-11 09:00:00,6296171.75,,
2026-05-11 10:00:00,6206486.48,,
2026-05-11 11:00:00,6208322.10,,
2026-05-11 12:00:00,6278613.06,,
2026-05-11 13:00:00,6221611.37,,
2026-05-11 14:00:00,6306878.73,,
2026-05-11 15:00:00,6327421.55,,
2026-05-11 16:00:00,6323488.80,,
2026-05-11 17:00:00,6388640.57,,
2026-05-11 18:00:00,6391965.91,,
2026-05-11 19:00:00,6426532.84,,
2026-05-11 20:00:00,6378170.76,,
2026-05-11 21:00:00,6414771.62,,
2026-05-11 22:00:00,6467764.89,,
2026-05-11 23:00:00,6430109.84,,
2026-05-12 00:00:00,6352546.55,,
2026-05-12 01:00:00,6613799.61,,
2026-05-12 02:00:00,6758930.88,,
2026-05-12 03:00:00,7706392.04,,
2026-05-12 04:00:00,7356882.35,,
2026-05-12 05:00:00,7481134.53,,
2026-05-12 06:00:00,6947819.86,,
2026-05-12 07:00:00,6702478.02,,
2026-05-12 08:00:00,7028452.85,,
2026-05-12 09:00:00,6825170.30,,
2026-05-12 10:00:00,6917012.78,,
2026-05-12 11:00:00,7180503.55,,
2026-05-12 12:00:00,7314765.49,,
2026-05-12 13:00:00,7483365.42,,
2026-05-12 14:00:00,7758409.01,,
2026-05-12 15:00:00,7274230.93,,
2026-05-12 16:00:00,7288307.49,,
2026-05-12 17:00:00,7162542.73,,
2026-05-12 18:00:00,7179289.68,,
2026-05-12 19:00:00,7192342.15,,
2026-05-12 20:00:00,7078019.56,,
2026-05-12 21:00:00,6996339.04,,
2026-05-12 22:00:00,6723594.72,,
2026-05-12 23:00:00,6582690.35,,
2026-05-13 00:00:00,6604481.35,,
2026-05-13 01:00:00,6903040.68,,
2026-05-13 02:00:00,6685636.17,,
2026-05-13 03:00:00,6752980.42,,
2026-05-13 04:00:00,6678511.69,,
2026-05-13 05:00:00,6477043.38,,
2026-05-13 06:00:00,6552969.30,,
2026-05-13 07:00:00,6050626.41,,
2026-05-13 08:00:00,5963126.12,,
2026-05-13 09:00:00,6051945.10,,
2026-05-13 10:00:00,6304914.57,,
2026-05-13 11:00:00,6208038.64,,
2026-05-13 12:00:00,6628161.30,,
2026-05-13 13:00:00,6436586.43,,
2026-05-13 14:00:00,6624851.78,,
2026-05-13 15:00:00,6688696.96,,
2026-05-13 16:00:00,6108278.61,,
2026-05-13 17:00:00,5912188.76,,
2026-05-13 18:00:00,5767301.32,,
2026-05-13 19:00:00,5853954.23,,
2026-05-13 20:00:00,5780148.03,,
2026-05-13 21:00:00,5744766.63,,
2026-05-13 22:00:00,5814880.81,,
2026-05-13 23:00:00,5907793.07,,
2026-05-14 00:00:00,5954010.37,,
2026-05-14 01:00:00,6088588.74,,
2026-05-14 02:00:00,6125484.04,,
2026-05-14 03:00:00,5945174.38,,
2026-05-14 04:00:00,5404742.11,,
2026-05-14 05:00:00,5065490.42,,
2026-05-14 06:00:00,5097082.08,,
2026-05-14 07:00:00,5134955.16,,
2026-05-14 08:00:00,5099224.56,,
2026-05-14 09:00:00,5203027.69,,
2026-05-14 10:00:00,5432161.65,,
2026-05-14 11:00:00,5291082.48,,
2026-05-14 12:00:00,5243298.27,,
2026-05-14 13:00:00,5272822.70,,
2026-05-14 14:00:00,5178604.04,,
2026-05-14 15:00:00,5138664.26,,
2026-05-14 16:00:00,5436118.44,,
2026-05-14 17:00:00,5669197.21,,
2026-05-14 18:00:00,5699167.79,,
2026-05-14 19:00:00,5789047.28,,
2026-05-14 20:00:00,5675728.67,,
2026-05-14 21:00:00,5710154.93,,
2026-05-14 22:00:00,5782634.81,,
2026-05-14 23:00:00,5645520.15,,
2026-05-15 00:00:00,5756871.90,,
2026-05-15 01:00:00,5664380.46,,
2026-05-15 02:00:00,5606169.19,,
2026-05-15 03:00:00,5550956.26,,
2026-05-15 04:00:00,5426890.91,,
2026-05-15 05:00:00,5411547.75,,
2026-05-15 06:00:00,5265304.81,,
2026-05-15 07:00:00,5301427.09,,
2026-05-15 08:00:00,5303563.43,,
2026-05-15 09:00:00,5326001.62,,
2026-05-15 10:00:00,5379017.41,,
2026-05-15 11:00:00,5471972.85,,
2026-05-15 12:00:00,5492208.06,,
2026-05-15 13:00:00,5359821.95,,
2026-05-15 14:00:00,4899550.50,,
2026-05-15 15:00:00,4677687.96,,
2026-05-15 16:00:00,4700779.59,,
2026-05-15 17:00:00,4861641.37,,
2026-05-15 18:00:00,4878252.20,,
2026-05-15 19:00:00,4881395.57,,
2026-05-15 20:00:00,4954647.53,,
2026-05-15 21:00:00,4875384.33,,
2026-05-15 22:00:00,4843178.55,,
2026-05-15 23:00:00,4839520.36,,
2026-05-16 00:00:00,4853537.55,,
2026-05-16 01:00:00,4806799.08,,
2026-05-16 02:00:00,4776599.56,,
2026-05-16 03:00:00,4773511.56,,
2026-05-16 04:00:00,4698354.06,,
2026-05-16 05:00:00,4702969.60,,
2026-05-16 06:00:00,4625333.68,,
2026-05-16 07:00:00,4576808.71,,
2026-05-16 08:00:00,4815513.13,,
2026-05-16 09:00:00,4703377.98,,
2026-05-16 10:00:00,4571646.50,,
2026-05-16 11:00:00,4664107.77,,
2026-05-16 12:00:00,4675162.10,,
2026-05-16 13:00:00,4751964.80,,
2026-05-16 14:00:00,4731800.36,,
2026-05-16 15:00:00,4722273.43,,
2026-05-16 16:00:00,4886671.63,,
2026-05-16 17:00:00,4995344.91,,
2026-05-16 18:00:00,5047383.54,,
2026-05-16 19:00:00,5041136.81,,
2026-05-16 20:00:00,5028258.39,,
2026-05-16 21:00:00,5003328.92,,
2026-05-16 22:00:00,4914071.18,,
2026-05-16 23:00:00,4907782.03,,
2026-05-17 00:00:00,4915551.20,,
2026-05-17 01:00:00,4929428.93,,
2026-05-17 02:00:00,4817808.91,,
2026-05-17 03:00:00,4746654.80,,
2026-05-17 04:00:00,4801002.46,,
2026-05-17 05:00:00,4786087.68,,
2026-05-17 06:00:00,4777664.80,,
2026-05-17 07:00:00,4694171.06,,
2026-05-17 08:00:00,4735450.30,,
2026-05-17 09:00:00,4726115.78,,
2026-05-17 10:00:00,4736678.45,,
2026-05-17 11:00:00,4747088.99,,
2026-05-17 12:00:00,4737675.39,,
2026-05-17 13:00:00,4712064.14,,
2026-05-17 14:00:00,4733172.11,,
2026-05-17 15:00:00,4905813.62,,
2026-05-17 16:00:00,4831213.84,,
2026-05-17 17:00:00,4754593.78,,
2026-05-17 18:00:00,4708636.95,,
2026-05-17 19:00:00,4671735.40,,
2026-05-17 20:00:00,4671669.83,,
2026-05-17 21:00:00,4614834.59,,
2026-05-17 22:00:00,4616511.49,,
2026-05-17 23:00:00,4587850.38,,
2026-05-18 00:00:00,4508470.76,,
2026-05-18 01:00:00,4409335.74,,
2026-05-18 02:00:00,4623145.91,,
2026-05-18 03:00:00,4467663.37,,
2026-05-18 04:00:00,4443938.30,,
2026-05-18 05:00:00,4493373.26,,
2026-05-18 06:00:00,4574396.80,,
2026-05-18 07:00:00,4505297.72,,
2026-05-18 08:00:00,4457679.16,,
2026-05-18 09:00:00,4570254.00,,
2026-05-18 10:00:00,4564287.64,,
2026-05-18 11:00:00,4639865.87,,
2026-05-18 12:00:00,4593338.04,,
2026-05-18 13:00:00,4585747.17,,
2026-05-18 14:00:00,4655135.19,,
2026-05-18 15:00:00,4676509.33,,
2026-05-18 16:00:00,4658311.26,,
2026-05-18 17:00:00,4563268.10,,
2026-05-18 18:00:00,4561590.58,,
2026-05-18 19:00:00,4424251.59,,
2026-05-18 20:00:00,4481301.05,,
2026-05-18 21:00:00,4427526.24,,
2026-05-18 22:00:00,4495121.45,,
2026-05-18 23:00:00,4482614.77,,
2026-05-19 00:00:00,4423924.98,,
2026-05-19 01:00:00,4484920.56,,
2026-05-19 02:00:00,4502283.34,,
2026-05-19 03:00:00,4425483.03,,
2026-05-19 04:00:00,4347992.63,,
2026-05-19 05:00:00,4391711.86,,
2026-05-19 06:00:00,4366424.50,,
2026-05-19 07:00:00,4347639.82,,
2026-05-19 08:00:00,4333893.91,,
2026-05-19 09:00:00,4249521.96,,
2026-05-19 10:00:00,4294898.37,,
2026-05-19 11:00:00,4252718.31,,
2026-05-19 12:00:00,4218975.78,,
2026-05-19 13:00:00,4234084.78,,
2026-05-19 14:00:00,4182489.76,,
2026-05-19 15:00:00,3928403.46,,
2026-05-19 16:00:00,3927896.15,,
2026-05-19 17:00:00,4020629.45,,
2026-05-19 18:00:00,3958975.57,,
2026-05-19 19:00:00,3937326.67,,
2026-05-19 20:00:00,3972448.47,,
2026-05-19 21:00:00,4015020.48,,
2026-05-19 22:00:00,4086156.62,,
2026-05-19 23:00:00,4114006.52,,
2026-05-20 00:00:00,4094265.09,,
2026-05-20 01:00:00,4096565.68,,
2026-05-20 02:00:00,4091039.78,,
2026-05-20 03:00:00,4042495.30,,
2026-05-20 04:00:00,4083246.49,,
2026-05-20 05:00:00,4080888.30,,
2026-05-20 06:00:00,4049003.06,,
2026-05-20 07:00:00,4083489.14,,
2026-05-20 08:00:00,4192508.88,,
2026-05-20 09:00:00,4173569.91,,
2026-05-20 10:00:00,3957049.22,,
2026-05-20 11:00:00,3990392.63,,
2026-05-20 12:00:00,3961177.61,,
2026-05-20 13:00:00,3980825.24,,
2026-05-20 14:00:00,3960532.94,,
2026-05-20 15:00:00,4006893.98,,
2026-05-20 16:00:00,4015652.21,,
2026-05-20 17:00:00,3966559.18,,
2026-05-20 18:00:00,3964412.85,,
2026-05-20 19:00:00,3955491.13,,
2026-05-20 20:00:00,4001731.14,,
2026-05-20 21:00:00,3971931.31,,
2026-05-20 22:00:00,4067787.11,,
2026-05-20 23:00:00,4026877.56,,
2026-05-21 00:00:00,4042050.80,,
2026-05-21 01:00:00,4082386.25,,
2026-05-21 02:00:00,4055410.60,,
2026-05-21 03:00:00,4060420.78,,
2026-05-21 04:00:00,4079270.27,,
2026-05-21 05:00:00,4080741.24,,
2026-05-21 06:00:00,4043646.64,,
2026-05-21 07:00:00,4045932.91,,
2026-05-21 08:00:00,4055526.23,,
2026-05-21 09:00:00,4075938.57,,
2026-05-21 10:00:00,4038650.19,,
2026-05-21 11:00:00,3922725.61,,
2026-05-21 12:00:00,3889461.37,,
2026-05-21 13:00:00,4029729.07,,
2026-05-21 14:00:00,4025289.92,,
2026-05-21 15:00:00,4105047.84,,
2026-05-21 16:00:00,4109561.74,,
2026-05-21 17:00:00,4099430.24,,
2026-05-21 18:00:00,4050098.82,,
2026-05-21 19:00:00,4138220.35,,
2026-05-21 20:00:00,4123093.27,,
2026-05-21 21:00:00,4053245.59,,
2026-05-21 22:00:00,4059472.01,,
2026-05-21 23:00:00,4079434.58,,
2026-05-22 00:00:00,4034912.53,,
2026-05-22 01:00:00,4110095.14,,
2026-05-22 02:00:00,4031131.81,,
2026-05-22 03:00:00,4089709.72,,
2026-05-22 04:00:00,4025446.37,,
2026-05-22 05:00:00,4127401.75,,
2026-05-22 06:00:00,4110049.29,,
2026-05-22 07:00:00,4071309.86,,
2026-05-22 08:00:00,4065980.51,,
2026-05-22 09:00:00,4063923.53,,
2026-05-22 10:00:00,4042017.74,,
2026-05-22 11:00:00,4028527.73,,
2026-05-22 12:00:00,4054087.57,,
2026-05-22 13:00:00,4029979.76,,
2026-05-22 14:00:00,4028674.85,,
2026-05-22 15:00:00,3981571.42,,
2026-05-22 16:00:00,3959775.25,,
2026-05-22 17:00:00,3970684.61,,
2026-05-22 18:00:00,4212803.10,,
2026-05-22 19:00:00,4260762.17,,
2026-05-22 20:00:00,4110602.41,,
2026-05-22 21:00:00,4098162.46,,
2026-05-22 22:00:00,4067796.53,,
2026-05-22 23:00:00,3951693.94,,
2026-05-23 00:00:00,3929893.02,,
2026-05-23 01:00:00,3958862.39,,
2026-05-23 02:00:00,4056387.91,,
2026-05-23 03:00:00,4095137.07,,
2026-05-23 04:00:00,4173256.49,,
2026-05-23 05:00:00,4159009.40,,
2026-05-23 06:00:00,4130197.32,,
2026-05-23 07:00:00,4171170.08,,
2026-05-23 08:00:00,4156361.54,,
2026-05-23 09:00:00,4269637.31,,
2026-05-23 10:00:00,4267627.10,,
2026-05-23 11:00:00,4302928.38,,
2026-05-23 12:00:00,4454533.08,,
2026-05-23 13:00:00,4448767.88,,
2026-05-23 14:00:00,4335306.18,,
2026-05-23 15:00:00,4381704.09,,
2026-05-23 16:00:00,4623410.71,,
2026-05-23 17:00:00,4689160.97,,
2026-05-23 18:00:00,4663496.99,,
2026-05-23 19:00:00,4681307.65,,
2026-05-23 20:00:00,4632311.03,,
2026-05-23 21:00:00,4667615.37,,
2026-05-23 22:00:00,4665460.38,,
2026-05-23 23:00:00,4603653.71,,
2026-05-24 00:00:00,4558005.56,,
2026-05-24 01:00:00,4570132.05,,
2026-05-24 02:00:00,4554266.07,,
2026-05-24 03:00:00,4350526.06,,
2026-05-24 04:00:00,4293284.57,,
2026-05-24 05:00:00,4308874.71,,
2026-05-24 06:00:00,4210896.28,,
2026-05-24 07:00:00,4222996.82,,
2026-05-24 08:00:00,4310550.26,,
2026-05-24 09:00:00,4384661.11,,
2026-05-24 10:00:00,4349243.81,,
2026-05-24 11:00:00,4324898.26,,
2026-05-24 12:00:00,4307963.44,,
2026-05-24 13:00:00,4265524.39,,
2026-05-24 14:00:00,4395870.72,,
2026-05-24 15:00:00,4287435.07,,
2026-05-24 16:00:00,4343983.68,,
2026-05-24 17:00:00,4294971.57,,
2026-05-24 18:00:00,4228315.13,,
2026-05-24 19:00:00,4198116.94,,
2026-05-24 20:00:00,4160567.63,,
2026-05-24 21:00:00,4161691.02,,
2026-05-24 22:00:00,4130311.22,,
2026-05-24 23:00:00,4168022.98,,
2026-05-25 00:00:00,4158614.48,,
2026-05-25 01:00:00,4204073.73,,
2026-05-25 02:00:00,4175047.33,,
2026-05-25 03:00:00,4185234.43,,
2026-05-25 04:00:00,4204048.47,,
2026-05-25 05:00:00,4235063.74,,
2026-05-25 06:00:00,4176715.71,,
2026-05-25 07:00:00,4160165.03,,
2026-05-25 08:00:00,4139376.42,,
2026-05-25 09:00:00,4093959.94,,
2026-05-25 10:00:00,4078157.67,,
2026-05-25 11:00:00,4064911.01,,
2026-05-25 12:00:00,3990169.59,,
2026-05-25 13:00:00,4054917.34,,
2026-05-25 14:00:00,4051505.26,,
2026-05-25 15:00:00,4022876.78,,
2026-05-25 16:00:00,3969499.67,,
2026-05-25 17:00:00,4008884.85,,
2026-05-25 18:00:00,3990303.61,,
2026-05-25 19:00:00,3990813.77,,
2026-05-25 20:00:00,3992686.04,,
2026-05-25 21:00:00,3959715.57,,
2026-05-25 22:00:00,3973789.04,,
2026-05-25 23:00:00,3951712.08,,
2026-05-26 00:00:00,3965742.77,,
2026-05-26 01:00:00,3862036.74,,
2026-05-26 02:00:00,3809348.27,,
2026-05-26 03:00:00,3816906.13,,
2026-05-26 04:00:00,3813988.04,,
2026-05-26 05:00:00,3844816.26,,
2026-05-26 06:00:00,3872625.94,,
2026-05-26 07:00:00,3888396.79,,
2026-05-26 08:00:00,3854145.06,,
2026-05-26 09:00:00,3871588.73,,
2026-05-26 10:00:00,3823783.41,,
2026-05-26 11:00:00,3909818.34,,
2026-05-26 12:00:00,3874100.92,,
2026-05-26 13:00:00,3857020.04,,
2026-05-26 14:00:00,3868988.42,,
2026-05-26 15:00:00,3853135.75,,
2026-05-26 16:00:00,3815816.04,,
2026-05-26 17:00:00,3800111.78,,
2026-05-26 18:00:00,3744878.69,,
2026-05-26 19:00:00,3782795.25,,
2026-05-26 20:00:00,3821746.03,,
2026-05-26 21:00:00,3810070.42,,
2026-05-26 22:00:00,3769580.69,,
2026-05-26 23:00:00,3770552.18,,
2026-05-27 00:00:00,3791188.36,,
2026-05-27 01:00:00,3819306.81,,
2026-05-27 02:00:00,3799352.34,,
2026-05-27 03:00:00,3837572.05,,
2026-05-27 04:00:00,3919582.14,,
2026-05-27 05:00:00,3813631.35,,
2026-05-27 06:00:00,3806202.44,,
2026-05-27 07:00:00,3776856.61,,
2026-05-27 08:00:00,3763649.61,,
2026-05-27 09:00:00,3751950.25,,
2026-05-27 10:00:00,3689328.31,,
2026-05-27 11:00:00,3728172.68,,
2026-05-27 12:00:00,3696650.07,,
2026-05-27 13:00:00,3664343.56,,
2026-05-27 14:00:00,3636426.57,,
2026-05-27 15:00:00,3653555.21,,
2026-05-27 16:00:00,3675336.97,,
2026-05-27 17:00:00,3633640.08,,
2026-05-27 18:00:00,3600547.74,,
2026-05-27 19:00:00,3648396.68,,
2026-05-27 20:00:00,3654391.30,,
2026-05-27 21:00:00,3670208.18,,
2026-05-27 22:00:00,3305494.91,,
2026-05-27 23:00:00,3293244.99,,
2026-05-28 00:00:00,3220311.03,,
2026-05-28 01:00:00,3313646.06,,
2026-05-28 02:00:00,3279343.69,,
2026-05-28 03:00:00,2854807.80,,
2026-05-28 04:00:00,2588643.02,,
2026-05-28 05:00:00,2798068.44,,
2026-05-28 06:00:00,2896600.16,,
2026-05-28 07:00:00,2952847.64,,
2026-05-28 08:00:00,2910393.10,,
2026-05-28 09:00:00,2933156.09,,
2026-05-28 10:00:00,3041828.23,,
2026-05-28 11:00:00,3046332.21,,
2026-05-28 12:00:00,2986400.00,,
2026-05-28 13:00:00,3005162.91,,
2026-05-28 14:00:00,3014841.06,,
2026-05-28 15:00:00,2982999.34,,
2026-05-28 16:00:00,3005107.27,,
2026-05-28 17:00:00,2991931.44,,
2026-05-28 18:00:00,2978097.91,,
2026-05-28 19:00:00,2959055.83,,
2026-05-28 20:00:00,2955981.10,,
2026-05-28 21:00:00,2893786.77,,
2026-05-28 22:00:00,2887697.80,,
2026-05-28 23:00:00,2869203.05,,
2026-05-29 00:00:00,2843323.21,,
2026-05-29 01:00:00,2795889.79,,
2026-05-29 02:00:00,2787964.62,,
2026-05-29 03:00:00,2768297.72,,
2026-05-29 04:00:00,2877672.30,,
2026-05-29 05:00:00,2840520.04,,
2026-05-29 06:00:00,2783271.72,,
2026-05-29 07:00:00,2776148.51,,
2026-05-29 08:00:00,2780709.79,,
2026-05-29 09:00:00,2730672.68,,
2026-05-29 10:00:00,2755096.62,,
2026-05-29 11:00:00,2764616.85,,
2026-05-29 12:00:00,2748625.18,,
2026-05-29 13:00:00,2751260.91,,
2026-05-29 14:00:00,2728106.56,,
2026-05-29 15:00:00,2704398.04,,
2026-05-29 16:00:00,2704674.42,,
2026-05-29 17:00:00,2680790.75,,
2026-05-29 18:00:00,2683173.44,,
2026-05-29 19:00:00,2696337.64,,
2026-05-29 20:00:00,2694882.56,,
2026-05-29 21:00:00,2687623.91,,
2026-05-29 22:00:00,2697338.82,,
2026-05-29 23:00:00,2818555.69,,
2026-05-30 00:00:00,2794685.71,,
2026-05-30 01:00:00,2794250.63,,
2026-05-30 02:00:00,2807901.61,,
2026-05-30 03:00:00,2824265.56,,
2026-05-30 04:00:00,2775551.64,,
2026-05-30 05:00:00,2779275.68,,
2026-05-30 06:00:00,2791703.04,,
2026-05-30 07:00:00,2784758.43,,
2026-05-30 08:00:00,2778427.25,,
2026-05-30 09:00:00,2767506.67,,
2026-05-30 10:00:00,2704986.28,,
2026-05-30 11:00:00,2676657.62,,
2026-05-30 12:00:00,2691005.02,,
2026-05-30 13:00:00,2653580.00,,
2026-05-30 14:00:00,2662510.85,,
2026-05-30 15:00:00,2674944.99,,
2026-05-30 16:00:00,2690112.77,,
2026-05-30 17:00:00,2761743.29,,
2026-05-30 18:00:00,2769009.56,,
2026-05-30 19:00:00,2799029.38,,
2026-05-30 20:00:00,2742017.09,,
2026-05-30 21:00:00,2734323.05,,
2026-05-30 22:00:00,2697939.51,,
2026-05-30 23:00:00,2682985.59,,
2026-05-31 00:00:00,2695964.44,,
2026-05-31 01:00:00,2730491.90,,
2026-05-31 02:00:00,2731264.59,,
2026-05-31 03:00:00,2706637.52,,
2026-05-31 04:00:00,2715079.66,,
2026-05-31 05:00:00,2699535.88,,
2026-05-31 06:00:00,2681274.31,,
2026-05-31 07:00:00,2676092.40,,
2026-05-31 08:00:00,2705976.72,,
2026-05-31 09:00:00,2683659.20,,
2026-05-31 10:00:00,2675517.20,,
2026-05-31 11:00:00,2730349.03,,
2026-05-31 12:00:00,2756716.46,,
2026-05-31 13:00:00,2737259.65,,
2026-05-31 14:00:00,2733168.87,,
2026-05-31 15:00:00,2699777.55,,
2026-05-31 16:00:00,2687117.81,,
2026-05-31 17:00:00,2638807.72,,
2026-05-31 18:00:00,2651357.56,,
2026-05-31 19:00:00,2651439.29,,
2026-05-31 20:00:00,2657206.60,,
2026-05-31 21:00:00,2642802.83,,
2026-05-31 22:00:00,2653890.38,,
2026-05-31 23:00:00,2685175.86,,
2026-06-01 00:00:00,2700288.58,,
2026-06-01 01:00:00,2763865.56,,
2026-06-01 02:00:00,2816695.42,,
2026-06-01 03:00:00,3000477.64,,
2026-06-01 04:00:00,2985911.11,,
2026-06-01 05:00:00,2832893.52,,
2026-06-01 06:00:00,2771956.75,,
2026-06-01 07:00:00,2768541.62,,
2026-06-01 08:00:00,2775714.45,,
2026-06-01 09:00:00,2922046.12,,
2026-06-01 10:00:00,2881560.46,,
2026-06-01 11:00:00,2844217.29,,
2026-06-01 12:00:00,2853936.45,,
2026-06-01 13:00:00,3057669.16,,
2026-06-01 14:00:00,2993470.76,,
2026-06-01 15:00:00,3111142.58,,
2026-06-01 16:00:00,3128145.26,,
2026-06-01 17:00:00,3023995.25,,
2026-06-01 18:00:00,3063457.98,,
2026-06-01 19:00:00,3194991.31,,
2026-06-01 20:00:00,3164451.67,,
2026-06-01 21:00:00,3262588.57,,
2026-06-01 22:00:00,3330418.19,,
2026-06-01 23:00:00,3232853.12,,
2026-06-02 00:00:00,3248987.67,,
2026-06-02 01:00:00,3203522.71,,
2026-06-02 02:00:00,3107281.68,,
2026-06-02 03:00:00,3040566.78,,
2026-06-02 04:00:00,2975977.31,,
2026-06-02 05:00:00,2991552.42,,
2026-06-02 06:00:00,3065899.90,,
2026-06-02 07:00:00,3089306.84,,
2026-06-02 08:00:00,3117088.11,,
2026-06-02 09:00:00,3115835.11,,
2026-06-02 10:00:00,3041792.63,,
2026-06-02 11:00:00,2988303.94,,
2026-06-02 12:00:00,2940178.38,,
2026-06-02 13:00:00,2965882.98,,
2026-06-02 14:00:00,3051564.61,,
2026-06-02 15:00:00,3042443.46,,
2026-06-02 16:00:00,2833067.87,,
2026-06-02 17:00:00,2974929.05,,
2026-06-02 18:00:00,2976406.25,,
2026-06-02 19:00:00,2971566.09,,
2026-06-02 20:00:00,2920311.67,,
2026-06-02 21:00:00,2899815.99,,
2026-06-02 22:00:00,2910707.24,,
2026-06-02 23:00:00,2814029.76,,
2026-06-03 00:00:00,2751570.67,,
2026-06-03 01:00:00,2800261.42,,
2026-06-03 02:00:00,2826102.06,,
2026-06-03 03:00:00,2867392.87,,
2026-06-03 04:00:00,2802802.31,,
2026-06-03 05:00:00,2813993.87,,
2026-06-03 06:00:00,2871639.65,,
2026-06-03 07:00:00,2831211.22,,
2026-06-03 08:00:00,2850010.48,,
2026-06-03 09:00:00,2846380.06,,
2026-06-03 10:00:00,2859763.04,,
2026-06-03 11:00:00,2881135.92,,
2026-06-03 12:00:00,2855858.59,,
2026-06-03 13:00:00,2862682.68,,
2026-06-03 14:00:00,2845008.46,,
2026-06-03 15:00:00,2818567.97,,
2026-06-03 16:00:00,2762988.78,,
2026-06-03 17:00:00,2801437.47,,
2026-06-03 18:00:00,2844100.23,,
2026-06-03 19:00:00,2810033.40,,
2026-06-03 20:00:00,2783139.65,,
2026-06-03 21:00:00,2726947.91,,
2026-06-03 22:00:00,2778916.03,,
2026-06-03 23:00:00,2729330.14,,
2026-06-04 00:00:00,2702976.84,,
2026-06-04 01:00:00,2694628.93,,
2026-06-04 02:00:00,2574524.93,,
2026-06-04 03:00:00,2486498.83,,
2026-06-04 04:00:00,2560569.02,,
2026-06-04 05:00:00,2531782.60,,
2026-06-04 06:00:00,2501214.15,,
2026-06-04 07:00:00,2515525.24,,
2026-06-04 08:00:00,2486383.04,,
2026-06-04 09:00:00,2519541.47,,
2026-06-04 10:00:00,2474395.38,,
2026-06-04 11:00:00,2482295.21,,
2026-06-04 12:00:00,2494575.33,,
2026-06-04 13:00:00,2533436.80,,
2026-06-04 14:00:00,2542245.92,,
2026-06-04 15:00:00,2507285.94,,
2026-06-04 16:00:00,2516665.18,,
2026-06-04 17:00:00,2512003.21,,
2026-06-04 18:00:00,2484113.36,,
2026-06-04 19:00:00,2501798.37,,
2026-06-04 20:00:00,2483119.66,,
2026-06-04 21:00:00,2460270.35,,
2026-06-04 22:00:00,2414841.93,,
2026-06-04 23:00:00,2435542.63,,
2026-06-05 00:00:00,2438693.72,,
2026-06-05 01:00:00,2411191.94,,
2026-06-05 02:00:00,2428433.28,,
2026-06-05 03:00:00,2372292.64,,
2026-06-05 04:00:00,2392077.84,,
2026-06-05 05:00:00,2429915.91,,
2026-06-05 06:00:00,2364185.34,,
2026-06-05 07:00:00,2286924.05,,
2026-06-05 08:00:00,2312203.96,,
2026-06-05 09:00:00,2283691.17,,
2026-06-05 10:00:00,2318718.48,,
2026-06-05 11:00:00,2321866.85,,
2026-06-05 12:00:00,2314838.75,,
2026-06-05 13:00:00,2342061.07,,
2026-06-05 14:00:00,2339960.97,,
2026-06-05 15:00:00,2393134.73,,
2026-06-05 16:00:00,2377346.33,,
2026-06-05 17:00:00,2409913.54,,
2026-06-05 18:00:00,2375886.59,,
2026-06-05 19:00:00,2336095.98,,
2026-06-05 20:00:00,2408824.59,,
2026-06-05 21:00:00,2397088.27,,
2026-06-05 22:00:00,2409528.40,,
2026-06-05 23:00:00,2360158.95,,
2026-06-06 00:00:00,2320846.89,,
2026-06-06 01:00:00,2341987.23,,
2026-06-06 02:00:00,2345160.52,,
2026-06-06 03:00:00,2313894.56,,
2026-06-06 04:00:00,2300085.27,,
2026-06-06 05:00:00,2185246.17,,
2026-06-06 06:00:00,2279268.60,,
2026-06-06 07:00:00,2235485.70,,
2026-06-06 08:00:00,2238711.06,,
2026-06-06 09:00:00,2236225.05,,
2026-06-06 10:00:00,2211442.19,,
2026-06-06 11:00:00,2192970.31,,
2026-06-06 12:00:00,2223776.31,,
2026-06-06 13:00:00,2261470.00,,
2026-06-06 14:00:00,2293289.72,,
2026-06-06 15:00:00,2310735.15,,
2026-06-06 16:00:00,2325612.68,,
2026-06-06 17:00:00,2332317.37,,
2026-06-06 18:00:00,2310618.32,,
2026-06-06 19:00:00,2332814.36,,
2026-06-06 20:00:00,2311302.19,,
2026-06-06 21:00:00,2288300.14,,
2026-06-06 22:00:00,2293234.21,,
2026-06-06 23:00:00,2319527.13,,
2026-06-07 00:00:00,2344753.45,,
2026-06-07 01:00:00,2332520.28,,
2026-06-07 02:00:00,2373922.81,,
2026-06-07 03:00:00,2301353.29,,
2026-06-07 04:00:00,2350604.87,,
2026-06-07 05:00:00,2327325.10,,
2026-06-07 06:00:00,2374971.89,,
2026-06-07 07:00:00,2367420.24,,
2026-06-07 08:00:00,2469841.46,,
2026-06-07 09:00:00,2532077.17,,
2026-06-07 10:00:00,2534516.28,,
2026-06-07 11:00:00,2599472.56,,
2026-06-07 12:00:00,2704076.83,,
2026-06-07 13:00:00,2608237.73,,
2026-06-07 14:00:00,2592050.94,,
2026-06-07 15:00:00,2752602.78,,
2026-06-07 16:00:00,2729256.99,,
2026-06-07 17:00:00,2670597.72,,
2026-06-07 18:00:00,2667029.20,,
2026-06-07 19:00:00,2632428.23,,
2026-06-07 20:00:00,2623679.17,,
2026-06-07 21:00:00,2690527.40,,
2026-06-07 22:00:00,2741953.50,,
2026-06-07 23:00:00,2805933.63,,
2026-06-08 00:00:00,2776553.62,,
2026-06-08 01:00:00,2723313.10,,
2026-06-08 02:00:00,2710661.42,,
2026-06-08 03:00:00,2736575.59,,
2026-06-08 04:00:00,2711997.85,,
2026-06-08 05:00:00,2682683.41,,
2026-06-08 06:00:00,2680090.80,,
2026-06-08 07:00:00,2717964.32,,
2026-06-08 08:00:00,2782478.61,,
2026-06-08 09:00:00,3024304.32,,
2026-06-08 10:00:00,3242788.19,,
2026-06-08 11:00:00,3176006.53,,
2026-06-08 12:00:00,3060545.17,,
2026-06-08 13:00:00,3077026.04,,
2026-06-08 14:00:00,3176146.44,,
2026-06-08 15:00:00,3363757.25,,
2026-06-08 16:00:00,3044999.07,,
2026-06-08 17:00:00,2983150.03,,
2026-06-08 18:00:00,2987145.98,,
2026-06-08 19:00:00,2923331.98,,
2026-06-08 20:00:00,2961098.86,,
2026-06-08 21:00:00,2968666.18,,
2026-06-08 22:00:00,2951080.83,,
2026-06-08 23:00:00,2913573.66,,
2026-06-09 00:00:00,2905221.17,,
2026-06-09 01:00:00,2839263.67,,
2026-06-09 02:00:00,2878109.69,,
2026-06-09 03:00:00,2717858.37,,
2026-06-09 04:00:00,2789359.87,,
2026-06-09 05:00:00,2855254.20,,
2026-06-09 06:00:00,3018076.60,,
2026-06-09 07:00:00,2995535.51,,
2026-06-09 08:00:00,2894037.65,,
2026-06-09 09:00:00,3002492.85,,
2026-06-09 10:00:00,3081775.81,,
2026-06-09 11:00:00,3252546.80,,
2026-06-09 12:00:00,3160009.04,,
2026-06-09 13:00:00,3128836.98,,
2026-06-09 14:00:00,3121039.14,,
2026-06-09 15:00:00,3037051.81,,
2026-06-09 16:00:00,3061096.42,,
2026-06-09 17:00:00,3029536.22,,
2026-06-09 18:00:00,3053395.46,,
2026-06-09 19:00:00,3018422.71,,
2026-06-09 20:00:00,3010863.43,,
2026-06-09 21:00:00,3010014.86,,
2026-06-09 22:00:00,2987078.53,,
2026-06-09 23:00:00,2991730.05,,
2026-06-10 00:00:00,3020758.57,,
2026-06-10 01:00:00,2976415.87,,
2026-06-10 02:00:00,3001689.10,,
2026-06-10 03:00:00,2937319.20,,
2026-06-10 04:00:00,2962331.29,,
2026-06-10 05:00:00,2927164.63,,
2026-06-10 06:00:00,2961719.83,,
2026-06-10 07:00:00,2955864.36,,
2026-06-10 08:00:00,2964643.11,,
2026-06-10 09:00:00,2956248.86,,
2026-06-10 10:00:00,2864693.76,,
2026-06-10 11:00:00,2807800.28,,
2026-06-10 12:00:00,2792211.82,,
2026-06-10 13:00:00,2850420.26,,
2026-06-10 14:00:00,2935160.09,,
2026-06-10 15:00:00,2972581.13,,
2026-06-10 16:00:00,2949439.76,,
2026-06-10 17:00:00,2821177.06,,
2026-06-10 18:00:00,2857618.38,,
2026-06-10 19:00:00,2839363.01,,
2026-06-10 20:00:00,2850203.22,,
2026-06-10 21:00:00,2793373.38,,
2026-06-10 22:00:00,2725907.46,,
2026-06-10 23:00:00,2759955.39,,
2026-06-11 00:00:00,2780872.91,,
2026-06-11 01:00:00,2923976.70,,
2026-06-11 02:00:00,3199442.55,,
2026-06-11 03:00:00,3067907.84,,
2026-06-11 04:00:00,3073915.62,,
2026-06-11 05:00:00,3048614.99,,
2026-06-11 06:00:00,3126743.32,,
2026-06-11 07:00:00,3064681.52,,
2026-06-11 08:00:00,3059962.62,,
2026-06-11 09:00:00,3047334.47,,
2026-06-11 10:00:00,3045595.87,,
2026-06-11 11:00:00,3061669.44,,
2026-06-11 12:00:00,3042722.55,,
2026-06-11 13:00:00,3027477.18,,
2026-06-11 14:00:00,2948259.53,,
2026-06-11 15:00:00,2928114.07,,
2026-06-11 16:00:00,2932846.45,,
2026-06-11 17:00:00,2931981.38,,
2026-06-11 18:00:00,2958867.65,,
2026-06-11 19:00:00,2946535.87,,
2026-06-11 20:00:00,2953172.68,,
2026-06-11 21:00:00,2940275.22,,
2026-06-11 22:00:00,2959168.31,,
2026-06-11 23:00:00,2955086.85,,
2026-06-12 00:00:00,2977148.35,,
2026-06-12 01:00:00,2940854.96,,
2026-06-12 02:00:00,2933397.52,,
2026-06-12 03:00:00,2947327.84,,
2026-06-12 04:00:00,2903319.87,,
2026-06-12 05:00:00,2878085.50,,
2026-06-12 06:00:00,2872998.40,,
2026-06-12 07:00:00,2847347.62,,
2026-06-12 08:00:00,2877201.73,,
2026-06-12 09:00:00,2904244.87,,
2026-06-12 10:00:00,2908210.53,,
2026-06-12 11:00:00,2854219.28,,
2026-06-12 12:00:00,2866284.95,,
2026-06-12 13:00:00,2873370.40,,
2026-06-12 14:00:00,2831077.62,,
2026-06-12 15:00:00,2859684.36,,
2026-06-12 16:00:00,2819632.59,,
2026-06-12 17:00:00,2836444.51,,
2026-06-12 18:00:00,2831298.88,,
2026-06-12 19:00:00,2817592.86,,
2026-06-12 20:00:00,2820856.87,,
2026-06-12 21:00:00,2818301.93,,
2026-06-12 22:00:00,2793525.16,,
2026-06-12 23:00:00,2805123.87,,
2026-06-13 00:00:00,2835794.60,,
2026-06-13 01:00:00,2845891.39,,
2026-06-13 02:00:00,2890311.68,,
2026-06-13 03:00:00,2908086.97,,
2026-06-13 04:00:00,2856206.86,,
2026-06-13 05:00:00,2886190.79,,
2026-06-13 06:00:00,2934366.71,,
2026-06-13 07:00:00,2969149.27,,
2026-06-13 08:00:00,2992912.24,,
2026-06-13 09:00:00,2991479.00,,
2026-06-13 10:00:00,2976582.16,,
2026-06-13 11:00:00,3071670.13,,
2026-06-13 12:00:00,3154419.52,,
2026-06-13 13:00:00,3420964.98,,
2026-06-13 14:00:00,3966409.63,,
2026-06-13 15:00:00,3993468.05,,
2026-06-13 16:00:00,4023369.91,,
2026-06-13 17:00:00,4129069.90,,
2026-06-13 18:00:00,4159056.10,,
2026-06-13 19:00:00,4070978.23,,
2026-06-13 20:00:00,4127899.60,,
2026-06-13 21:00:00,3811250.15,,
2026-06-13 22:00:00,3784143.43,,
2026-06-13 23:00:00,3627736.70,,
2026-06-14 00:00:00,3688927.77,,
2026-06-14 01:00:00,3791021.13,,
2026-06-14 02:00:00,3855682.31,,
2026-06-14 03:00:00,3934860.97,,
2026-06-14 04:00:00,3872346.56,,
2026-06-14 05:00:00,4076220.32,,
2026-06-14 06:00:00,4022900.74,,
2026-06-14 07:00:00,4203532.09,,
2026-06-14 08:00:00,4243070.31,,
2026-06-14 09:00:00,4495411.33,,
2026-06-14 10:00:00,4166111.96,,
2026-06-14 11:00:00,4364433.22,,
2026-06-14 12:00:00,4405433.57,,
2026-06-14 13:00:00,4345809.55,,
2026-06-14 14:00:00,4276896.01,,
2026-06-14 15:00:00,4168300.95,,
2026-06-14 16:00:00,4116672.39,,
2026-06-14 17:00:00,4098107.69,,
2026-06-14 18:00:00,3986037.86,,
2026-06-14 19:00:00,3699785.78,,
2026-06-14 20:00:00,3572756.75,,
2026-06-14 21:00:00,3435803.43,,
2026-06-14 22:00:00,3493120.65,,
2026-06-14 23:00:00,3389508.24,,
2026-06-15 00:00:00,3362478.78,,
2026-06-15 01:00:00,3511684.03,,
2026-06-15 02:00:00,3738136.10,,
2026-06-15 03:00:00,3868258.42,,
2026-06-15 04:00:00,3877300.47,,
2026-06-15 05:00:00,3788828.22,,
2026-06-15 06:00:00,3713646.82,,
2026-06-15 07:00:00,3751141.78,,
2026-06-15 08:00:00,3712940.47,,
2026-06-15 09:00:00,3816284.90,,
2026-06-15 10:00:00,3898445.67,,
2026-06-15 11:00:00,3840938.59,,
2026-06-15 12:00:00,3837699.94,,
2026-06-15 13:00:00,3864443.46,,
2026-06-15 14:00:00,3944308.40,,
2026-06-15 15:00:00,3879959.16,,
2026-06-15 16:00:00,3810303.42,,
2026-06-15 17:00:00,3836679.71,,
2026-06-15 18:00:00,3823960.48,,
2026-06-15 19:00:00,3757146.30,,
2026-06-15 20:00:00,3685192.33,,
2026-06-15 21:00:00,3815213.60,,
2026-06-15 22:00:00,3761250.33,,
2026-06-15 23:00:00,3852905.40,,
2026-06-16 00:00:00,3887360.18,,
2026-06-16 01:00:00,4049089.78,,
2026-06-16 02:00:00,3985551.75,,
2026-06-16 03:00:00,3981617.49,,
2026-06-16 04:00:00,4122931.61,,
2026-06-16 05:00:00,4087409.27,,
2026-06-16 06:00:00,3842465.32,,
2026-06-16 07:00:00,3870235.30,,
2026-06-16 08:00:00,3846930.58,,
2026-06-16 09:00:00,3825986.19,,
2026-06-16 10:00:00,3806770.17,,
2026-06-16 11:00:00,3753977.84,,
2026-06-16 12:00:00,3695381.16,,
2026-06-16 13:00:00,3754598.61,,
2026-06-16 14:00:00,3768029.66,,
2026-06-16 15:00:00,3835651.44,,
2026-06-16 16:00:00,4002359.95,,
2026-06-16 17:00:00,4127767.08,,
2026-06-16 18:00:00,4175474.86,,
2026-06-16 19:00:00,4108883.69,,
2026-06-16 20:00:00,4123646.25,,
2026-06-16 21:00:00,4390926.00,,
2026-06-16 22:00:00,4487271.06,,
2026-06-16 23:00:00,4471491.53,,
2026-06-17 00:00:00,4458537.18,,
2026-06-17 01:00:00,4615492.71,,
2026-06-17 02:00:00,4647593.26,,
2026-06-17 03:00:00,4806287.54,,
2026-06-17 04:00:00,4758587.46,,
2026-06-17 05:00:00,4805397.03,,
2026-06-17 06:00:00,4873185.17,,
2026-06-17 07:00:00,4860273.19,,
2026-06-17 08:00:00,4781819.71,,
2026-06-17 09:00:00,4714372.01,,
2026-06-17 10:00:00,4941755.40,,
2026-06-17 11:00:00,4925959.10,,
2026-06-17 12:00:00,4863104.02,,
2026-06-17 13:00:00,5031104.71,,
2026-06-17 14:00:00,4949786.10,,
2026-06-17 15:00:00,4709728.08,,
2026-06-17 16:00:00,4816094.27,,
2026-06-17 17:00:00,4179047.62,,
2026-06-17 18:00:00,4077058.30,,
2026-06-17 19:00:00,3644923.28,,
2026-06-17 20:00:00,3778245.31,,
2026-06-17 21:00:00,3692920.32,,
2026-06-17 22:00:00,3762711.49,,
2026-06-17 23:00:00,3631560.86,,
2026-06-18 00:00:00,3684495.60,,
2026-06-18 01:00:00,3770991.59,,
2026-06-18 02:00:00,3779414.87,,
2026-06-18 03:00:00,3701193.96,,
2026-06-18 04:00:00,3718844.27,,
2026-06-18 05:00:00,3453129.96,,
2026-06-18 06:00:00,3477488.02,,
2026-06-18 07:00:00,3513212.73,,
2026-06-18 08:00:00,3440913.81,,
2026-06-18 09:00:00,3542558.15,,
2026-06-18 10:00:00,3567845.48,,
2026-06-18 11:00:00,3515290.22,,
2026-06-18 12:00:00,3478997.17,,
2026-06-18 13:00:00,3462533.63,,
2026-06-18 14:00:00,3456072.14,,
2026-06-18 15:00:00,3376852.00,,
2026-06-18 16:00:00,3343797.43,,
2026-06-18 17:00:00,3495607.35,,
2026-06-18 18:00:00,3445645.12,,
2026-06-18 19:00:00,3382494.32,,
2026-06-18 20:00:00,3376490.68,,
2026-06-18 21:00:00,3310708.63,,
2026-06-18 22:00:00,3329727.20,,
2026-06-18 23:00:00,3370677.34,,
2026-06-19 00:00:00,3363914.70,,
2026-06-19 01:00:00,3485082.32,,
2026-06-19 02:00:00,3529315.82,,
2026-06-19 03:00:00,3514980.61,,
2026-06-19 04:00:00,3446365.86,,
2026-06-19 05:00:00,3438220.13,,
2026-06-19 06:00:00,3513023.61,,
2026-06-19 07:00:00,3575923.83,,
2026-06-19 08:00:00,3709847.88,,
2026-06-19 09:00:00,3554377.66,,
2026-06-19 10:00:00,3486828.65,,
2026-06-19 11:00:00,3484693.03,,
2026-06-19 12:00:00,3497840.12,,
2026-06-19 13:00:00,3615510.11,,
2026-06-19 14:00:00,3650617.57,,
2026-06-19 15:00:00,3600559.75,,
2026-06-19 16:00:00,3560558.42,,
2026-06-19 17:00:00,3535402.78,,
2026-06-19 18:00:00,3645060.65,,
2026-06-19 19:00:00,3607540.83,,
2026-06-19 20:00:00,3559237.30,,
2026-06-19 21:00:00,3515275.00,,
2026-06-19 22:00:00,3518335.85,,
2026-06-19 23:00:00,3524208.79,,
2026-06-20 00:00:00,3548610.11,,
2026-06-20 01:00:00,3518785.44,,
2026-06-20 02:00:00,3556906.07,,
2026-06-20 03:00:00,3440012.20,,
2026-06-20 04:00:00,3243900.39,,
2026-06-20 05:00:00,3140294.54,,
2026-06-20 06:00:00,3202005.99,,
2026-06-20 07:00:00,3149281.14,,
2026-06-20 08:00:00,3046259.48,,
2026-06-20 09:00:00,3028342.41,,
2026-06-20 10:00:00,3003200.24,,
2026-06-20 11:00:00,2980862.29,,
2026-06-20 12:00:00,2928142.91,,
2026-06-20 13:00:00,2914477.54,,
2026-06-20 14:00:00,2966238.68,,
2026-06-20 15:00:00,2978684.33,,
2026-06-20 16:00:00,3085738.04,,
2026-06-20 17:00:00,3068903.67,,
2026-06-20 18:00:00,3051049.01,,
2026-06-20 19:00:00,2953093.68,,
2026-06-20 20:00:00,2907799.22,,
2026-06-20 21:00:00,2861853.12,,
2026-06-20 22:00:00,2876670.45,,
2026-06-20 23:00:00,2880136.82,,
2026-06-21 00:00:00,2870527.78,,
2026-06-21 01:00:00,2863693.22,,
2026-06-21 02:00:00,2867782.41,,
2026-06-21 03:00:00,2796076.12,,
2026-06-21 04:00:00,2810786.60,,
2026-06-21 05:00:00,2863786.88,,
2026-06-21 06:00:00,2823154.28,,
2026-06-21 07:00:00,2820220.02,,
2026-06-21 08:00:00,2757636.39,,
2026-06-21 09:00:00,2756694.08,,
2026-06-21 10:00:00,2764612.66,,
2026-06-21 11:00:00,2690157.34,,
2026-06-21 12:00:00,2679427.17,,
2026-06-21 13:00:00,2670619.52,,
2026-06-21 14:00:00,2692425.64,,
2026-06-21 15:00:00,2661666.86,,
2026-06-21 16:00:00,2644103.45,,
2026-06-21 17:00:00,2623849.02,,
2026-06-21 18:00:00,2736637.41,,
2026-06-21 19:00:00,2673573.66,,
2026-06-21 20:00:00,2652135.34,,
2026-06-21 21:00:00,2622294.63,,
2026-06-21 22:00:00,2617622.09,,
2026-06-21 23:00:00,2603620.44,,
2026-06-22 00:00:00,2594607.89,,
2026-06-22 01:00:00,2611431.83,,
2026-06-22 02:00:00,2575033.38,,
2026-06-22 03:00:00,2609146.22,,
2026-06-22 04:00:00,2527397.79,,
2026-06-22 05:00:00,2596041.12,,
2026-06-22 06:00:00,2593462.29,,
2026-06-22 07:00:00,2613200.09,,
2026-06-22 08:00:00,2641505.73,,
2026-06-22 09:00:00,2577361.99,,
2026-06-22 10:00:00,2537808.55,,
2026-06-22 11:00:00,2557661.68,,
2026-06-22 12:00:00,2620178.64,,
2026-06-22 13:00:00,2642679.39,,
2026-06-22 14:00:00,2741681.02,,
2026-06-22 15:00:00,2646418.22,,
2026-06-22 16:00:00,2663495.65,,
2026-06-22 17:00:00,2704861.87,,
2026-06-22 18:00:00,2695113.80,,
2026-06-22 19:00:00,2705670.19,,
2026-06-22 20:00:00,2745618.53,,
2026-06-22 21:00:00,2691382.71,,
2026-06-22 22:00:00,2689471.61,,
2026-06-22 23:00:00,2689032.14,,
2026-06-23 00:00:00,2706185.49,,
2026-06-23 01:00:00,2724955.08,,
2026-06-23 02:00:00,2683195.45,,
2026-06-23 03:00:00,2662405.08,,
2026-06-23 04:00:00,2687479.05,,
2026-06-23 05:00:00,2716671.04,,
2026-06-23 06:00:00,2653991.60,,
2026-06-23 07:00:00,2738826.77,,
2026-06-23 08:00:00,2737803.41,,
2026-06-23 09:00:00,2650849.07,,
2026-06-23 10:00:00,2619344.16,,
2026-06-23 11:00:00,2632373.67,,
2026-06-23 12:00:00,2587909.23,,
2026-06-23 13:00:00,2568370.36,,
2026-06-23 14:00:00,2694465.53,,
2026-06-23 15:00:00,2613611.12,,
2026-06-23 16:00:00,2588770.02,,
2026-06-23 17:00:00,2595924.42,,
2026-06-23 18:00:00,2580815.30,,
2026-06-23 19:00:00,2586209.71,,
2026-06-23 20:00:00,2592905.24,,
2026-06-23 21:00:00,2608577.80,,
2026-06-23 22:00:00,2570524.92,,
2026-06-23 23:00:00,2575484.56,,
2026-06-24 00:00:00,2586772.88,,
2026-06-24 01:00:00,2612252.41,,
2026-06-24 02:00:00,2604877.87,,
2026-06-24 03:00:00,2569423.58,,
2026-06-24 04:00:00,2575850.82,,
2026-06-24 05:00:00,2555845.03,,
2026-06-24 06:00:00,2518476.46,,
2026-06-24 07:00:00,2526840.49,,
2026-06-24 08:00:00,2502422.25,,
2026-06-24 09:00:00,2530186.47,,
2026-06-24 10:00:00,2653069.87,,
2026-06-24 11:00:00,2572946.18,,
2026-06-24 12:00:00,2591242.11,,
2026-06-24 13:00:00,2578419.53,,
2026-06-24 14:00:00,2538101.28,,
2026-06-24 15:00:00,2564254.25,,
2026-06-24 16:00:00,2322720.70,,
2026-06-24 17:00:00,2280993.52,,
2026-06-24 18:00:00,2108385.43,,
2026-06-24 19:00:00,2059980.00,,
2026-06-24 20:00:00,2049696.73,,
2026-06-24 21:00:00,2050561.41,,
2026-06-24 22:00:00,2068202.06,,
2026-06-24 23:00:00,2123677.51,,
2026-06-25 00:00:00,2160025.34,,
2026-06-25 01:00:00,2192179.22,,
2026-06-25 02:00:00,2175144.26,,
2026-06-25 03:00:00,2073666.74,,
2026-06-25 04:00:00,2045632.91,,
2026-06-25 05:00:00,2071408.53,,
2026-06-25 06:00:00,2062652.42,,
2026-06-25 07:00:00,2040903.26,,
2026-06-25 08:00:00,2101125.82,,
2026-06-25 09:00:00,2153084.99,,
2026-06-25 10:00:00,2145708.46,,
2026-06-25 11:00:00,2094805.47,,
2026-06-25 12:00:00,2032857.33,,
2026-06-25 13:00:00,2037815.89,,
2026-06-25 14:00:00,1846631.24,,
2026-06-25 15:00:00,1916709.30,,
2026-06-25 16:00:00,1905675.83,,
2026-06-25 17:00:00,1909292.95,,
2026-06-25 18:00:00,1928839.73,,
2026-06-25 19:00:00,1900472.08,,
2026-06-25 20:00:00,1896805.65,,
2026-06-25 21:00:00,1907494.91,,
2026-06-25 22:00:00,1921227.54,,
2026-06-25 23:00:00,1916690.96,,
2026-06-26 00:00:00,1912183.14,,
2026-06-26 01:00:00,1984611.31,,
2026-06-26 02:00:00,1997815.99,,
2026-06-26 03:00:00,2005903.29,,
2026-06-26 04:00:00,2049059.19,,
2026-06-26 05:00:00,2014652.73,,
2026-06-26 06:00:00,2022132.21,,
2026-06-26 07:00:00,2032406.23,,
2026-06-26 08:00:00,2090301.90,,
2026-06-26 09:00:00,2038557.36,,
2026-06-26 10:00:00,2058103.11,,
2026-06-26 11:00:00,2034218.32,,
2026-06-26 12:00:00,2007153.64,,
2026-06-26 13:00:00,2008429.95,,
2026-06-26 14:00:00,2057899.85,,
2026-06-26 15:00:00,2030855.75,,
2026-06-26 16:00:00,2055711.62,,
2026-06-26 17:00:00,2038063.28,,
2026-06-26 18:00:00,2029279.88,,
2026-06-26 19:00:00,2041036.67,,
2026-06-26 20:00:00,2077295.64,,
2026-06-26 21:00:00,2047122.64,,
2026-06-26 22:00:00,2023230.09,,
2026-06-26 23:00:00,2009820.38,,
2026-06-27 00:00:00,1983762.67,,
2026-06-27 01:00:00,1987656.73,,
2026-06-27 02:00:00,2006378.14,,
2026-06-27 03:00:00,2007359.02,,
2026-06-27 04:00:00,1980703.30,,
2026-06-27 05:00:00,1977439.58,,
2026-06-27 06:00:00,1967379.45,,
2026-06-27 07:00:00,1960554.93,,
2026-06-27 08:00:00,1941995.26,,
2026-06-27 09:00:00,1999567.52,,
2026-06-27 10:00:00,2050569.85,,
2026-06-27 11:00:00,2061752.87,,
2026-06-27 12:00:00,2057497.24,,
2026-06-27 13:00:00,2019032.31,,
2026-06-27 14:00:00,2012365.23,,
2026-06-27 15:00:00,2005042.34,,
2026-06-27 16:00:00,1986715.04,,
2026-06-27 17:00:00,2014855.83,,
2026-06-27 18:00:00,1975758.24,,
2026-06-27 19:00:00,2023190.64,,
2026-06-27 20:00:00,2008121.03,,
2026-06-27 21:00:00,2033107.91,,
2026-06-27 22:00:00,2004224.52,,
2026-06-27 23:00:00,2007555.52,,
2026-06-28 00:00:00,2002841.19,,
2026-06-28 01:00:00,1997885.06,,
2026-06-28 02:00:00,2046103.02,,
2026-06-28 03:00:00,2018934.84,,
2026-06-28 04:00:00,2045555.96,,
2026-06-28 05:00:00,2040833.81,,
2026-06-28 06:00:00,2013150.06,,
2026-06-28 07:00:00,2038464.38,,
2026-06-28 08:00:00,2032147.79,,
2026-06-28 09:00:00,2032358.31,,
2026-06-28 10:00:00,2037246.76,,
2026-06-28 11:00:00,2044645.72,,
2026-06-28 12:00:00,2221954.67,,
2026-06-28 13:00:00,2161033.77,,
2026-06-28 14:00:00,2107966.54,,
2026-06-28 15:00:00,2056938.53,,
2026-06-28 16:00:00,2063267.88,,
2026-06-28 17:00:00,2042291.73,,
2026-06-28 18:00:00,2047370.56,,
2026-06-28 19:00:00,2032496.18,,
2026-06-28 20:00:00,2008808.48,,
2026-06-28 21:00:00,2005617.41,,
2026-06-28 22:00:00,1995329.68,,
2026-06-28 23:00:00,1986921.54,,
2026-06-29 00:00:00,2005151.07,,
2026-06-29 01:00:00,2027181.22,,
2026-06-29 02:00:00,2011694.00,,
2026-06-29 03:00:00,1992874.86,,
2026-06-29 04:00:00,2008893.85,,
2026-06-29 05:00:00,1995341.61,,
2026-06-29 06:00:00,1997637.37,,
2026-06-29 07:00:00,1987285.59,,
2026-06-29 08:00:00,1994324.09,,
2026-06-29 09:00:00,1973020.53,,
2026-06-29 10:00:00,1965870.29,,
2026-06-29 11:00:00,1961581.83,,
2026-06-29 12:00:00,1958982.70,,
2026-06-29 13:00:00,1961127.81,,
2026-06-29 14:00:00,1962447.80,,
2026-06-29 15:00:00,1938702.07,,
2026-06-29 16:00:00,1942153.92,,
2026-06-29 17:00:00,1941939.23,,
2026-06-29 18:00:00,1974777.85,,
2026-06-29 19:00:00,1979339.78,,
2026-06-29 20:00:00,1959116.37,,
2026-06-29 21:00:00,1955921.13,,
2026-06-29 22:00:00,1962128.17,,
2026-06-29 23:00:00,1948677.11,,
2026-06-30 00:00:00,1944172.30,,
2026-06-30 01:00:00,1924483.46,,
2026-06-30 02:00:00,1938883.32,,
2026-06-30 03:00:00,1926261.36,,
2026-06-30 04:00:00,1935770.18,,
2026-06-30 05:00:00,1929230.74,,
2026-06-30 06:00:00,1931966.22,,
2026-06-30 07:00:00,1946794.15,,
2026-06-30 08:00:00,1905791.60,,
2026-06-30 09:00:00,1912132.04,,
2026-06-30 10:00:00,1946631.14,,
2026-06-30 11:00:00,2044261.17,,
2026-06-30 12:00:00,2544708.97,,
2026-06-30 13:00:00,2420312.17,,
2026-06-30 14:00:00,2626622.78,,
2026-06-30 15:00:00,2557689.40,,
2026-06-30 16:00:00,2582119.73,,
2026-06-30 17:00:00,2363232.35,,
2026-06-30 18:00:00,2334733.41,,
2026-06-30 19:00:00,2295360.07,,
2026-06-30 20:00:00,2246288.66,,
2026-06-30 21:00:00,2292916.24,,
2026-06-30 22:00:00,2316260.75,,
2026-06-30 23:00:00,2274163.33,,
2026-07-01 00:00:00,2256565.65,,
2026-07-01 01:00:00,2224966.57,,
2026-07-01 02:00:00,2163572.49,,
2026-07-01 03:00:00,2191357.13,,
2026-07-01 04:00:00,2208356.74,,
2026-07-01 05:00:00,2631895.06,,
2026-07-01 06:00:00,2456154.18,,
2026-07-01 07:00:00,2385975.39,,
2026-07-01 08:00:00,2414952.06,,
2026-07-01 09:00:00,2366320.84,,
2026-07-01 10:00:00,2275304.72,,
2026-07-01 11:00:00,2223146.04,,
2026-07-01 12:00:00,2179936.68,,
2026-07-01 13:00:00,2245286.52,,
2026-07-01 14:00:00,2263482.79,,
2026-07-01 15:00:00,2254754.96,,
2026-07-01 16:00:00,2250235.11,,
2026-07-01 17:00:00,2244950.64,,
2026-07-01 18:00:00,2203876.60,,
2026-07-01 19:00:00,2224044.48,,
2026-07-01 20:00:00,2178948.79,,
2026-07-01 21:00:00,2187951.34,,
2026-07-01 22:00:00,2189223.43,,
2026-07-01 23:00:00,2199338.77,,
2026-07-02 00:00:00,2207310.90,,
2026-07-02 01:00:00,2177530.13,,
2026-07-02 02:00:00,2226817.91,,
2026-07-02 03:00:00,2232375.94,,
2026-07-02 04:00:00,2246194.07,,
2026-07-02 05:00:00,2282121.41,,
2026-07-02 06:00:00,2255982.79,,
2026-07-02 07:00:00,2215937.82,,
2026-07-02 08:00:00,2179378.98,,
2026-07-02 09:00:00,2338118.33,,
2026-07-02 10:00:00,2336147.19,,
2026-07-02 11:00:00,2163125.67,,
2026-07-02 12:00:00,2177390.87,,
2026-07-02 13:00:00,2200486.44,,
2026-07-02 14:00:00,2221122.99,,
2026-07-02 15:00:00,2221262.25,,
2026-07-02 16:00:00,2229860.68,,
2026-07-02 17:00:00,2212653.93,,
2026-07-02 18:00:00,2169434.50,,
2026-07-02 19:00:00,2194315.48,,
2026-07-02 20:00:00,2187652.70,,
2026-07-02 21:00:00,2187755.14,,
2026-07-02 22:00:00,2188787.82,,
2026-07-02 23:00:00,2184972.87,,
2026-07-03 00:00:00,2200370.78,,
2026-07-03 01:00:00,2207603.68,,
2026-07-03 02:00:00,2220591.05,,
2026-07-03 03:00:00,2239636.18,,
2026-07-03 04:00:00,2274171.23,,
2026-07-03 05:00:00,2233340.93,,
2026-07-03 06:00:00,2238547.00,,
2026-07-03 07:00:00,2206918.78,,
2026-07-03 08:00:00,2218583.48,,
2026-07-03 09:00:00,2247159.06,,
2026-07-03 10:00:00,2209361.25,,
2026-07-03 11:00:00,2199619.50,,
2026-07-03 12:00:00,2170664.97,,
2026-07-03 13:00:00,2201529.49,,
2026-07-03 14:00:00,2213938.54,,
2026-07-03 15:00:00,2174873.43,,
2026-07-03 16:00:00,2156705.48,,
2026-07-03 17:00:00,2155222.67,,
2026-07-03 18:00:00,2143278.17,,
2026-07-03 19:00:00,2142598.25,,
2026-07-03 20:00:00,2187105.55,,
2026-07-03 21:00:00,2192482.30,,
2026-07-03 22:00:00,2173519.33,,
2026-07-03 23:00:00,2166629.99,,
2026-07-04 00:00:00,2207023.57,,
2026-07-04 01:00:00,2173583.97,,
2026-07-04 02:00:00,2186346.75,,
2026-07-04 03:00:00,2177047.35,,
2026-07-04 04:00:00,2166701.09,,
2026-07-04 05:00:00,2175483.20,,
2026-07-04 06:00:00,2256277.71,,
2026-07-04 07:00:00,2225594.93,,
2026-07-04 08:00:00,2254153.38,,
2026-07-04 09:00:00,2265799.25,,
2026-07-04 10:00:00,2248090.52,,
2026-07-04 11:00:00,2293131.26,,
2026-07-04 12:00:00,2241620.06,,
2026-07-04 13:00:00,2235116.68,,
2026-07-04 14:00:00,2207813.91,,
2026-07-04 15:00:00,2221473.18,,
2026-07-04 16:00:00,2235443.82,,
2026-07-04 17:00:00,2255015.91,,
2026-07-04 18:00:00,2249637.49,,
2026-07-04 19:00:00,2208665.37,,
2026-07-04 20:00:00,2211573.85,,
2026-07-04 21:00:00,2192758.53,,
2026-07-04 22:00:00,2186575.59,,
2026-07-04 23:00:00,2185829.51,,
2026-07-05 00:00:00,2202366.80,,
2026-07-05 01:00:00,2161766.09,,
2026-07-05 02:00:00,2176212.81,,
2026-07-05 03:00:00,2159508.52,,
2026-07-05 04:00:00,2170109.99,,
2026-07-05 05:00:00,2189236.20,,
2026-07-05 06:00:00,2169565.97,,
2026-07-05 07:00:00,2188638.94,,
2026-07-05 08:00:00,2175221.39,,
2026-07-05 09:00:00,2154682.66,,
2026-07-05 10:00:00,2145724.66,,
2026-07-05 11:00:00,2149375.22,,
2026-07-05 12:00:00,2176984.61,,
2026-07-05 13:00:00,2139952.92,,
2026-07-05 14:00:00,2150457.09,,
2026-07-05 15:00:00,2156045.11,,
2026-07-05 16:00:00,2173061.83,,
2026-07-05 17:00:00,2176344.96,,
2026-07-05 18:00:00,2172165.01,,
2026-07-05 19:00:00,2192186.83,,
2026-07-05 20:00:00,2198522.07,,
2026-07-05 21:00:00,2209827.62,,
2026-07-05 22:00:00,2240937.70,,
2026-07-05 23:00:00,2260539.40,,
2026-07-06 00:00:00,2239247.63,,
2026-07-06 01:00:00,2249340.85,,
2026-07-06 02:00:00,2279684.65,,
2026-07-06 03:00:00,2189962.80,,
2026-07-06 04:00:00,2174303.83,,
2026-07-06 05:00:00,2164363.53,,
2026-07-06 06:00:00,2163963.75,,
2026-07-06 07:00:00,2158031.76,,
2026-07-06 08:00:00,2157621.98,,
2026-07-06 09:00:00,2157009.61,,
2026-07-06 10:00:00,2156277.38,,
2026-07-06 11:00:00,2162586.66,,
2026-07-06 12:00:00,2224642.93,,
2026-07-06 13:00:00,2197649.77,,
2026-07-06 14:00:00,2236625.96,,
2026-07-06 15:00:00,2218989.41,,
2026-07-06 16:00:00,2244587.10,,
2026-07-06 17:00:00,2232309.05,,
2026-07-06 18:00:00,2214514.54,,
2026-07-06 19:00:00,2191533.77,,
2026-07-06 20:00:00,2176789.14,,
2026-07-06 21:00:00,2177262.18,,
2026-07-06 22:00:00,2170858.06,,
2026-07-06 23:00:00,2174442.94,,
2026-07-07 00:00:00,2188977.66,,
2026-07-07 01:00:00,2173120.47,,
2026-07-07 02:00:00,2177547.70,,
2026-07-07 03:00:00,2158944.85,,
2026-07-07 04:00:00,2130631.68,,
2026-07-07 05:00:00,2123060.73,,
2026-07-07 06:00:00,2101532.84,,
2026-07-07 07:00:00,2091265.96,,
2026-07-07 08:00:00,2089977.35,,
2026-07-07 09:00:00,2087671.43,,
2026-07-07 10:00:00,2083501.37,,
2026-07-07 11:00:00,2089192.83,,
2026-07-07 12:00:00,2090575.42,,
2026-07-07 13:00:00,2111363.96,,
2026-07-07 14:00:00,2076129.47,,
2026-07-07 15:00:00,2109988.74,,
2026-07-07 16:00:00,2092606.09,,
2026-07-07 17:00:00,2115311.18,,
2026-07-07 18:00:00,2095951.80,,
2026-07-07 19:00:00,2035471.81,,
2026-07-07 20:00:00,2038271.60,,
2026-07-07 21:00:00,2004510.92,,
2026-07-07 22:00:00,2003220.18,,
2026-07-07 23:00:00,1999431.71,,
2026-07-08 00:00:00,2003192.38,,
2026-07-08 01:00:00,2023441.31,,
2026-07-08 02:00:00,2006172.47,,
2026-07-08 03:00:00,1985823.27,,
2026-07-08 04:00:00,1998878.11,,
2026-07-08 05:00:00,2048362.59,,
2026-07-08 06:00:00,2159361.52,,
2026-07-08 07:00:00,2189120.21,,
2026-07-08 08:00:00,2233122.05,,
2026-07-08 09:00:00,2181421.92,,
2026-07-08 10:00:00,2206046.39,,
2026-07-08 11:00:00,2173413.93,,
2026-07-08 12:00:00,2291652.72,,
2026-07-08 13:00:00,2265558.16,,
2026-07-08 14:00:00,2248017.79,,
2026-07-08 15:00:00,2212758.59,,
2026-07-08 16:00:00,2159457.60,,
2026-07-08 17:00:00,2187364.71,,
2026-07-08 18:00:00,2202349.18,,
2026-07-08 19:00:00,2194248.95,,
2026-07-08 20:00:00,2158090.42,,
2026-07-08 21:00:00,2139383.10,,
2026-07-08 22:00:00,2156078.65,,
2026-07-08 23:00:00,2158667.35,,
2026-07-09 00:00:00,2171807.68,,
2026-07-09 01:00:00,2256478.50,,
2026-07-09 02:00:00,2289917.61,,
2026-07-09 03:00:00,2309756.00,,
2026-07-09 04:00:00,2304755.45,,
2026-07-09 05:00:00,2256235.01,,
2026-07-09 06:00:00,2246082.78,,
2026-07-09 07:00:00,2243920.63,,
2026-07-09 08:00:00,2216134.62,,
2026-07-09 09:00:00,2226579.89,,
2026-07-09 10:00:00,2237187.63,,
2026-07-09 11:00:00,2219183.30,,
2026-07-09 12:00:00,2226445.77,,
2026-07-09 13:00:00,2200512.36,,
2026-07-09 14:00:00,2153150.51,,
2026-07-09 15:00:00,2125221.38,,
2026-07-09 16:00:00,2148927.21,,
2026-07-09 17:00:00,2131619.97,,
2026-07-09 18:00:00,2158644.68,,
2026-07-09 19:00:00,2157335.35,,
2026-07-09 20:00:00,2139626.43,,
2026-07-09 21:00:00,2063791.11,,
2026-07-09 22:00:00,2071341.33,,
2026-07-09 23:00:00,2075495.73,,
2026-07-10 00:00:00,2074140.69,,
2026-07-10 01:00:00,2057226.10,,
2026-07-10 02:00:00,2100896.89,,
2026-07-10 03:00:00,2104601.15,,
2026-07-10 04:00:00,2117353.08,,
2026-07-10 05:00:00,2112521.05,,
2026-07-10 06:00:00,2113320.05,,
2026-07-10 07:00:00,2100358.13,,
2026-07-10 08:00:00,2091147.70,,
2026-07-10 09:00:00,2105378.11,,
2026-07-10 10:00:00,2110129.87,,
2026-07-10 11:00:00,2098287.76,,
2026-07-10 12:00:00,2085174.77,,
2026-07-10 13:00:00,2094348.44,,
2026-07-10 14:00:00,2092326.61,,
2026-07-10 15:00:00,2062458.18,,
2026-07-10 16:00:00,2071572.61,,
2026-07-10 17:00:00,2081918.91,,
2026-07-10 18:00:00,2055016.30,,
2026-07-10 19:00:00,2040221.93,,
2026-07-10 20:00:00,2014878.20,,
2026-07-10 21:00:00,2031947.88,,
2026-07-10 22:00:00,2032230.63,,
2026-07-10 23:00:00,2039948.72,,
2026-07-11 00:00:00,2033632.78,,
2026-07-11 01:00:00,2049888.67,,
2026-07-11 02:00:00,2063901.07,,
2026-07-11 03:00:00,2074357.80,,
2026-07-11 04:00:00,2068830.24,,
2026-07-11 05:00:00,2067380.92,,
2026-07-11 06:00:00,2086178.81,,
2026-07-11 07:00:00,2044942.01,,
2026-07-11 08:00:00,2014277.92,,
2026-07-11 09:00:00,1999541.92,,
2026-07-11 10:00:00,2024124.04,,
2026-07-11 11:00:00,2014001.46,,
2026-07-11 12:00:00,2020063.69,,
2026-07-11 13:00:00,2010398.85,,
2026-07-11 14:00:00,2028564.18,,
2026-07-11 15:00:00,2024082.83,,
2026-07-11 16:00:00,2010553.49,,
2026-07-11 17:00:00,2011981.62,,
2026-07-11 18:00:00,2039525.98,,
2026-07-11 19:00:00,2037243.80,,
2026-07-11 20:00:00,2030742.48,,
2026-07-11 21:00:00,2037083.56,,
2026-07-11 22:00:00,2031517.17,,
2026-07-11 23:00:00,2034833.48,,
2026-07-12 00:00:00,1967588.74,,
2026-07-12 01:00:00,1935924.99,,
2026-07-12 02:00:00,1986071.49,,
2026-07-12 03:00:00,1961705.89,,
2026-07-12 04:00:00,1964615.26,,
2026-07-12 05:00:00,1943157.00,,
2026-07-12 06:00:00,1971739.06,,
2026-07-12 07:00:00,1978897.48,,
2026-07-12 08:00:00,1992824.56,,
2026-07-12 09:00:00,1979850.48,,
2026-07-12 10:00:00,1973071.00,,
2026-07-12 11:00:00,1936518.28,,
2026-07-12 12:00:00,1962912.52,,
2026-07-12 13:00:00,1954460.96,,
2026-07-12 14:00:00,1948439.67,,
2026-07-12 15:00:00,1962343.44,,
2026-07-12 16:00:00,1960339.22,,
2026-07-12 17:00:00,1923214.86,,
2026-07-12 18:00:00,1947531.61,,
2026-07-12 19:00:00,1957559.04,,
2026-07-12 20:00:00,1963549.73,,
2026-07-12 21:00:00,1908652.16,,
2026-07-12 22:00:00,1902414.36,,
2026-07-12 23:00:00,1889904.72,,
2026-07-13 00:00:00,1763783.29,,
2026-07-13 01:00:00,1750261.78,,
2026-07-13 02:00:00,1645735.36,,
2026-07-13 03:00:00,1692603.44,,
2026-07-13 04:00:00,2018091.77,,
2026-07-13 05:00:00,2038988.15,,
2026-07-13 06:00:00,2026172.03,,
2026-07-13 07:00:00,2007335.83,,
2026-07-13 08:00:00,1949515.17,,
2026-07-13 09:00:00,1834460.96,,
2026-07-13 10:00:00,1847255.69,,
2026-07-13 11:00:00,1809995.41,,
2026-07-13 12:00:00,1774037.89,,
2026-07-13 13:00:00,1676673.79,,
2026-07-13 14:00:00,1670088.30,,
2026-07-13 15:00:00,1681934.60,,
2026-07-13 16:00:00,1641731.69,,
2026-07-13 17:00:00,1787558.01,,
2026-07-13 18:00:00,2022620.66,,
2026-07-13 19:00:00,2046637.18,,
2026-07-13 20:00:00,2119467.55,,
2026-07-13 21:00:00,2115444.05,,
2026-07-13 22:00:00,2150791.84,,
2026-07-13 23:00:00,2085877.44,,
2026-07-14 00:00:00,1975833.08,,
2026-07-14 01:00:00,1933822.75,,
2026-07-14 02:00:00,1984296.76,,
2026-07-14 03:00:00,2802200.93,,
2026-07-14 04:00:00,2310553.96,,
2026-07-14 05:00:00,2262861.83,,
2026-07-14 06:00:00,2257655.70,,
2026-07-14 07:00:00,2346409.02,,
2026-07-14 08:00:00,2224253.29,,
2026-07-14 09:00:00,2141392.76,,
2026-07-14 10:00:00,2130316.42,,
2026-07-14 11:00:00,2146382.47,,
2026-07-14 12:00:00,2202859.35,,
2026-07-14 13:00:00,1930391.95,,
2026-07-14 14:00:00,1894446.55,,
2026-07-14 15:00:00,2031861.44,,
2026-07-14 16:00:00,2037915.05,,
2026-07-14 17:00:00,1905440.80,,
2026-07-14 18:00:00,1898529.86,,
2026-07-14 19:00:00,1903932.15,,
2026-07-14 20:00:00,1876563.75,,
2026-07-14 21:00:00,1850338.39,,
2026-07-14 22:00:00,1864560.66,,
2026-07-14 23:00:00,1872110.44,,
2026-07-15 00:00:00,1847679.31,,
2026-07-15 01:00:00,1863241.08,,
2026-07-15 02:00:00,1864447.07,,
2026-07-15 03:00:00,1834057.86,,
2026-07-15 04:00:00,1829885.97,,
2026-07-15 05:00:00,1835207.42,,
2026-07-15 06:00:00,1821988.00,,
2026-07-15 07:00:00,1797789.42,,
2026-07-15 08:00:00,1806748.26,,
2026-07-15 09:00:00,1824801.05,,
2026-07-15 10:00:00,1842783.03,,
2026-07-15 11:00:00,1821538.14,,
2026-07-15 12:00:00,1784126.30,,
2026-07-15 13:00:00,1807741.72,,
2026-07-15 14:00:00,1797024.69,,
2026-07-15 15:00:00,1803612.84,,
2026-07-15 16:00:00,1797345.54,,
2026-07-15 17:00:00,1770857.95,,
2026-07-15 18:00:00,1815380.35,,
2026-07-15 19:00:00,1830537.48,,
2026-07-15 20:00:00,1816818.36,,
2026-07-15 21:00:00,1844368.05,,
2026-07-15 22:00:00,1826599.32,,
2026-07-15 23:00:00,1813708.07,,
2026-07-16 00:00:00,1831594.35,,
2026-07-16 01:00:00,1868232.64,,
2026-07-16 02:00:00,1818068.43,,
2026-07-16 03:00:00,1820782.55,,
2026-07-16 04:00:00,1862701.01,,
2026-07-16 05:00:00,1880565.16,,
2026-07-16 06:00:00,1885619.17,,
2026-07-16 07:00:00,1948590.84,,
2026-07-16 08:00:00,1933463.16,,
2026-07-16 09:00:00,1888347.51,,
2026-07-16 10:00:00,1826819.67,,
2026-07-16 11:00:00,1824794.33,,
2026-07-16 12:00:00,1972136.91,,
2026-07-16 13:00:00,1928727.31,,
2026-07-16 14:00:00,1817344.31,,
2026-07-16 15:00:00,1822451.50,,
2026-07-16 16:00:00,1824547.49,,
2026-07-16 17:00:00,1830131.68,,
2026-07-16 18:00:00,1803217.24,,
2026-07-16 19:00:00,1815167.20,,
2026-07-16 20:00:00,1825975.88,,
2026-07-16 21:00:00,1827155.91,,
2026-07-16 22:00:00,1817503.57,,
2026-07-16 23:00:00,1797758.25,,
2026-07-17 00:00:00,1800736.55,,
2026-07-17 01:00:00,1792173.81,,
2026-07-17 02:00:00,1805819.12,,
2026-07-17 03:00:00,1768453.50,,
2026-07-17 04:00:00,1765234.82,,
2026-07-17 05:00:00,1777711.28,,
2026-07-17 06:00:00,1802122.18,,
2026-07-17 07:00:00,1765744.48,,
2026-07-17 08:00:00,1780665.09,,
2026-07-17 09:00:00,1807710.87,,
2026-07-17 10:00:00,1808217.15,,
2026-07-17 11:00:00,1817465.14,,
2026-07-17 12:00:00,1790037.57,,
2026-07-17 13:00:00,1781701.78,,
2026-07-17 14:00:00,1810344.99,,
2026-07-17 15:00:00,1817948.14,,
2026-07-17 16:00:00,1821259.86,,
2026-07-17 17:00:00,1782613.77,,
2026-07-17 18:00:00,1790027.75,,
2026-07-17 19:00:00,1801051.09,,
2026-07-17 20:00:00,1801171.52,,
2026-07-17 21:00:00,1831210.13,,
2026-07-17 22:00:00,1816194.39,,
2026-07-17 23:00:00,1822268.22,,
2026-07-18 00:00:00,1838260.29,,
2026-07-18 01:00:00,1872311.98,,
2026-07-18 02:00:00,1863523.75,,
2026-07-18 03:00:00,1877593.83,,
2026-07-18 04:00:00,1860758.24,,
2026-07-18 05:00:00,1912769.68,,
2026-07-18 06:00:00,1923623.86,,
2026-07-18 07:00:00,1838652.20,,
2026-07-18 08:00:00,1842061.66,,
2026-07-18 09:00:00,1868304.20,,
2026-07-18 10:00:00,1867264.32,,
2026-07-18 11:00:00,1894316.96,,
2026-07-18 12:00:00,1913140.62,,
2026-07-18 13:00:00,1938875.83,,
2026-07-18 14:00:00,1956822.26,,
2026-07-18 15:00:00,1944534.57,,
2026-07-18 16:00:00,1987892.46,,
2026-07-18 17:00:00,1992390.12,,
2026-07-18 18:00:00,1984916.08,,
2026-07-18 19:00:00,1993089.10,,
2026-07-18 20:00:00,2100445.60,,
2026-07-18 21:00:00,2079644.93,,
2026-07-18 22:00:00,2095499.96,,
2026-07-18 23:00:00,2098698.01,,
2026-07-19 00:00:00,2122806.96,,
2026-07-19 01:00:00,2025397.82,,
2026-07-19 02:00:00,2070700.36,,
2026-07-19 03:00:00,2055488.78,,
2026-07-19 04:00:00,2053748.82,,
2026-07-19 05:00:00,2020770.33,,
2026-07-19 06:00:00,1978465.25,,
2026-07-19 07:00:00,1979023.24,,
2026-07-19 08:00:00,1999451.69,,
2026-07-19 09:00:00,2032662.18,,
2026-07-19 10:00:00,1962464.50,,
2026-07-19 11:00:00,1965847.03,,
2026-07-19 12:00:00,1960387.57,,
2026-07-19 13:00:00,1965066.47,,
2026-07-19 14:00:00,1954981.22,,
2026-07-19 15:00:00,1942948.40,,
2026-07-19 16:00:00,1958673.47,,
2026-07-19 17:00:00,1953861.34,,
2026-07-19 18:00:00,1938797.54,,
2026-07-19 19:00:00,1940120.02,,
2026-07-19 20:00:00,1935480.44,,
2026-07-19 21:00:00,1950452.43,,
2026-07-19 22:00:00,1935864.70,,
2026-07-19 23:00:00,1931088.85,,
2026-07-20 00:00:00,1948404.38,,
2026-07-20 01:00:00,1949856.58,,
2026-07-20 02:00:00,1972146.30,,
2026-07-20 03:00:00,2057290.65,,
2026-07-20 04:00:00,2116991.76,,
2026-07-20 05:00:00,2095982.80,,
2026-07-20 06:00:00,2073979.69,,
2026-07-20 07:00:00,2096762.95,,
2026-07-20 08:00:00,2237641.25,,
2026-07-20 09:00:00,2238122.09,,
2026-07-20 10:00:00,2232922.00,,
2026-07-20 11:00:00,2207383.96,,
2026-07-20 12:00:00,2150141.53,,
2026-07-20 13:00:00,2135033.50,,
2026-07-20 14:00:00,2140462.79,,
2026-07-20 15:00:00,2135758.22,,
2026-07-20 16:00:00,2172619.11,,
2026-07-20 17:00:00,2172287.20,,
2026-07-20 18:00:00,2184018.84,,
2026-07-20 19:00:00,2173279.92,,
2026-07-20 20:00:00,2190143.35,,
2026-07-20 21:00:00,2184607.30,,
2026-07-20 22:00:00,2144578.64,,
2026-07-20 23:00:00,2189246.80,,
2026-07-21 00:00:00,2186449.19,,
2026-07-21 01:00:00,2170386.92,,
2026-07-21 02:00:00,2157158.43,,
2026-07-21 03:00:00,2168796.04,,
2026-07-21 04:00:00,2233179.14,,
2026-07-21 05:00:00,2199587.48,,
2026-07-21 06:00:00,2205024.87,,
2026-07-21 07:00:00,2225390.60,,
2026-07-21 08:00:00,2258798.45,,
2026-07-21 09:00:00,2243963.77,,
2026-07-21 10:00:00,2255989.28,,
2026-07-21 11:00:00,2230483.90,,
2026-07-21 12:00:00,2276802.99,,
2026-07-21 13:00:00,2264386.15,,
2026-07-21 14:00:00,2270659.05,,
2026-07-21 15:00:00,2291816.04,,
2026-07-21 16:00:00,2336585.96,,
2026-07-21 17:00:00,2329527.41,,
2026-07-21 18:00:00,2426725.54,,
2026-07-21 19:00:00,2408114.62,,
2026-07-21 20:00:00,2411507.00,,
2026-07-21 21:00:00,2424567.90,,
2026-07-21 22:00:00,2377084.70,,
2026-07-21 23:00:00,2420478.62,,
2026-07-22 00:00:00,2446922.03,,
2026-07-22 01:00:00,2426420.85,,
2026-07-22 02:00:00,2440782.86,,
2026-07-22 03:00:00,2424885.17,,
2026-07-22 04:00:00,2499895.91,,
2026-07-22 05:00:00,2613957.29,,
2026-07-22 06:00:00,2622818.89,,
2026-07-22 07:00:00,2441466.30,,
2026-07-22 08:00:00,2425031.63,,
2026-07-22 09:00:00,2423919.25,,
2026-07-22 10:00:00,2433685.07,,
2026-07-22 11:00:00,2419406.25,,
2026-07-22 12:00:00,2416587.98,,
2026-07-22 13:00:00,2426281.66,,
2026-07-22 14:00:00,2384534.12,,
2026-07-22 15:00:00,2368822.21,,
2026-07-22 16:00:00,2314099.93,,
2026-07-22 17:00:00,2338423.85,,
2026-07-22 18:00:00,2299289.13,,
2026-07-22 19:00:00,2297723.65,,
2026-07-22 20:00:00,2308977.22,,
2026-07-22 21:00:00,2341440.66,,
2026-07-22 22:00:00,2340379.96,,
2026-07-22 23:00:00,2344534.00,,
2026-07-23 00:00:00,2341581.92,,
2026-07-23 01:00:00,2336070.87,,
2026-07-23 02:00:00,2362781.67,,
2026-07-23 03:00:00,2404958.83,,
2026-07-23 04:00:00,2422152.50,,
2026-07-23 05:00:00,2424897.87,,
2026-07-23 06:00:00,2382246.79,,
2026-07-23 07:00:00,2364926.91,,
2026-07-23 08:00:00,2357534.71,,
2026-07-23 09:00:00,2423006.15,,
2026-07-23 10:00:00,2388100.14,,
2026-07-23 11:00:00,2393314.32,,
2026-07-23 12:00:00,2414877.50,,
2026-07-23 13:00:00,2407631.64,,
2026-07-23 14:00:00,2445207.18,,
2026-07-23 15:00:00,2453721.07,,
2026-07-23 16:00:00,2457943.81,,
2026-07-23 17:00:00,2418719.57,,
2026-07-23 18:00:00,2393636.62,,
2026-07-23 19:00:00,2406031.09,,
2026-07-23 20:00:00,2398251.85,,
2026-07-23 21:00:00,2421094.62,,
2026-07-23 22:00:00,2378139.77,,
2026-07-23 23:00:00,2401281.63,,
2026-07-24 00:00:00,2477733.94,,
2026-07-24 01:00:00,2453357.18,,
2026-07-24 02:00:00,2448834.32,,
2026-07-24 03:00:00,2513878.40,,
2026-07-24 04:00:00,2424861.12,,
2026-07-24 05:00:00,2456601.16,,
2026-07-24 06:00:00,2442602.87,,
2026-07-24 07:00:00,2454757.48,,
2026-07-24 08:00:00,2460914.64,,
2026-07-24 09:00:00,2469894.11,,
2026-07-24 10:00:00,2448288.23,,
2026-07-24 11:00:00,2455193.22,,
2026-07-24 12:00:00,2449225.34,,
2026-07-24 13:00:00,2427278.56,,
2026-07-24 14:00:00,2448308.76,,
2026-07-24 15:00:00,2524344.65,,
2026-07-24 16:00:00,2473655.86,,
2026-07-24 17:00:00,2472306.31,,
2026-07-24 18:00:00,2481475.56,,
2026-07-24 19:00:00,2483730.91,,
2026-07-24 20:00:00,2474745.26,,
2026-07-24 21:00:00,2447741.09,,
2026-07-24 22:00:00,2440640.41,,
2026-07-24 23:00:00,2441776.35,,
2026-07-25 00:00:00,2465956.45,,
2026-07-25 01:00:00,2450649.53,,
2026-07-25 02:00:00,2491765.50,,
2026-07-25 03:00:00,2493908.04,,
2026-07-25 04:00:00,2498549.07,,
2026-07-25 05:00:00,2472207.50,,
2026-07-25 06:00:00,2468784.40,,
2026-07-25 07:00:00,2458894.27,,
2026-07-25 08:00:00,2459500.37,,
2026-07-25 09:00:00,2463243.49,,
2026-07-25 10:00:00,2444352.13,,
2026-07-25 11:00:00,2464259.78,,
2026-07-25 12:00:00,2490536.38,,
2026-07-25 13:00:00,2491048.12,,
2026-07-25 14:00:00,2456746.05,,
2026-07-25 15:00:00,2447248.59,,
2026-07-25 16:00:00,2443148.84,,
2026-07-25 17:00:00,2459663.58,,
2026-07-25 18:00:00,2461578.02,,
2026-07-25 19:00:00,2422017.49,,
2026-07-25 20:00:00,2405820.17,,
2026-07-25 21:00:00,2440802.13,,
2026-07-25 22:00:00,2450001.06,,
2026-07-25 23:00:00,2450913.89,,
2026-07-26 00:00:00,2459966.70,,
2026-07-26 01:00:00,2449528.82,,
2026-07-26 02:00:00,2456639.06,,
2026-07-26 03:00:00,2440580.89,,
2026-07-26 04:00:00,2425556.54,,
2026-07-26 05:00:00,2408398.07,,
2026-07-26 06:00:00,2308852.18,,
2026-07-26 07:00:00,2332341.13,,
2026-07-26 08:00:00,2351022.40,,
2026-07-26 09:00:00,2361455.21,,
2026-07-26 10:00:00,2360022.24,,
2026-07-26 11:00:00,2374592.42,,
2026-07-26 12:00:00,2419408.96,,
2026-07-26 13:00:00,2390209.44,,
2026-07-26 14:00:00,2395225.56,,
2026-07-26 15:00:00,2397156.42,,
2026-07-26 16:00:00,2394833.15,,
2026-07-26 17:00:00,2408939.71,,
2026-07-26 18:00:00,2428284.41,,
2026-07-26 19:00:00,2408890.86,,
2026-07-26 20:00:00,2448354.70,,
2026-07-26 21:00:00,2441011.80,,
2026-07-26 22:00:00,2443160.23,,
2026-07-26 23:00:00,2437548.27,,
2026-07-27 00:00:00,2449661.81,,
2026-07-27 01:00:00,2420528.82,,
2026-07-27 02:00:00,2405862.30,,
2026-07-27 03:00:00,2403215.92,,
2026-07-27 04:00:00,2403974.64,,
2026-07-27 05:00:00,2407001.88,,
2026-07-27 06:00:00,2404345.01,,
2026-07-27 07:00:00,2403680.23,,
2026-07-27 08:00:00,2397281.93,,
2026-07-27 09:00:00,2404779.64,,
2026-07-27 10:00:00,2415180.21,,
2026-07-27 11:00:00,2418116.61,,
2026-07-27 12:00:00,2435442.95,,
2026-07-27 13:00:00,2405821.61,,
2026-07-27 14:00:00,2410053.12,,
2026-07-27 15:00:00,2347289.18,,
2026-07-27 16:00:00,2384440.82,,
2026-07-27 17:00:00,2348618.27,,
2026-07-27 18:00:00,2341483.69,,
2026-07-27 19:00:00,2278541.01,,
2026-07-27 20:00:00,2239975.72,,
2026-07-27 21:00:00,2202735.46,,
2026-07-27 22:00:00,2187662.19,,
2026-07-27 23:00:00,2106655.54,,
2026-07-28 00:00:00,2075766.20,,
2026-07-28 01:00:00,2088653.97,,
2026-07-28 02:00:00,2098937.41,,
2026-07-28 03:00:00,2116100.30,,
2026-07-28 04:00:00,2122755.92,,
2026-07-28 05:00:00,2140053.15,,
2026-07-28 06:00:00,2140239.38,,
2026-07-28 07:00:00,2133904.38,,
2026-07-28 08:00:00,2128304.95,,
2026-07-28 09:00:00,2131773.29,,
2026-07-28 10:00:00,2130082.14,,
2026-07-28 11:00:00,2139946.79,,
2026-07-28 12:00:00,2115994.58,,
2026-07-28 13:00:00,2129305.71,,
2026-07-28 14:00:00,2197814.42,,
2026-07-28 15:00:00,2233204.45,,
2026-07-28 16:00:00,2236226.58,,
2026-07-28 17:00:00,2235790.07,,
2026-07-28 18:00:00,2215631.18,,
2026-07-28 19:00:00,2213196.26,,
2026-07-28 20:00:00,2219469.03,,
2026-07-28 21:00:00,2217201.80,,
2026-07-28 22:00:00,2217565.00,,
2026-07-28 23:00:00,2208767.28,,
2026-07-29 00:00:00,2193685.42,,
2026-07-29 01:00:00,2191967.54,,
2026-07-29 02:00:00,2181955.57,,
2026-07-29 03:00:00,2156058.58,,
2026-07-29 04:00:00,2132813.53,,
2026-07-29 05:00:00,2141105.56,,
2026-07-29 06:00:00,2095840.64,,
2026-07-29 07:00:00,2107775.47,,
2026-07-29 08:00:00,2098813.58,,
2026-07-29 09:00:00,2077254.36,,
2026-07-29 10:00:00,2102004.68,,
2026-07-29 11:00:00,2107690.41,,
2026-07-29 12:00:00,2107648.99,,
2026-07-29 13:00:00,2136729.84,,
2026-07-29 14:00:00,2134452.22,,
2026-07-29 15:00:00,2148451.13,,
2026-07-29 16:00:00,2127954.91,,
2026-07-29 17:00:00,2116662.09,,
2026-07-29 18:00:00,2126284.64,,
2026-07-29 19:00:00,2145261.68,,
2026-07-29 20:00:00,2123651.78,,
2026-07-29 21:00:00,2132582.60,,
2026-07-29 22:00:00,2123792.53,,
2026-07-29 23:00:00,2107570.28,,
2026-07-30 00:00:00,2098708.10,,
2026-07-30 01:00:00,2107677.07,,
2026-07-30 02:00:00,2139189.37,,
2026-07-30 03:00:00,2141263.93,,
2026-07-30 04:00:00,2161974.82,,
2026-07-30 05:00:00,2252447.09,,
2026-07-30 06:00:00,2264929.79,,
2026-07-30 07:00:00,2282694.28,,
2026-07-30 08:00:00,2295287.78,,
2026-07-30 09:00:00,2291259.50,,
2026-07-30 10:00:00,2219941.05,,
2026-07-30 11:00:00,2225779.31,,
2026-07-30 12:00:00,2220933.80,,
2026-07-30 13:00:00,2210437.62,,
2026-07-30 14:00:00,2208703.69,,
2026-07-30 15:00:00,2177090.04,,
2026-07-30 16:00:00,2185140.47,,
2026-07-30 17:00:00,2187689.70,,
2026-07-30 18:00:00,2196005.31,,
2026-07-30 19:00:00,2196558.82,,
2026-07-30 20:00:00,2195725.44,,
2026-07-30 21:00:00,2209755.07,,
2026-07-30 22:00:00,2255605.38,,
2026-07-30 23:00:00,2306689.01,,
2026-07-31 00:00:00,2277459.69,,
2026-07-31 01:00:00,2307496.91,,
2026-07-31 02:00:00,2315459.45,,
2026-07-31 03:00:00,2320360.55,,
2026-07-31 04:00:00,2301392.47,,
2026-07-31 05:00:00,2288289.94,,
2026-07-31 06:00:00,2286505.55,,
2026-07-31 07:00:00,2269401.51,,
2026-07-31 08:00:00,2278960.66,,
2026-07-31 09:00:00,2277382.85,,
2026-07-31 10:00:00,2271069.93,,
2026-07-31 11:00:00,2279955.87,,
2026-07-31 12:00:00,2313268.44,,
2026-07-31 13:00:00,2344390.91,,
2026-07-31 14:00:00,2330649.70,,
2026-07-31 15:00:00,2350423.64,,
2026-07-31 16:00:00,2354406.91,,
2026-07-31 17:00:00,2396448.59,,
2026-07-31 18:00:00,2414416.74,,
2026-07-31 19:00:00,2427412.90,,
2026-07-31 20:00:00,2421648.90,,
2026-07-31 21:00:00,2414211.87,,
2026-07-31 22:00:00,2407274.74,,
2026-07-31 23:00:00,2394197.02,,
2026-08-01 00:00:00,2396941.74,,
2026-08-01 01:00:00,2426305.05,,
2026-08-01 02:00:00,2427959.15,,
2026-08-01 03:00:00,2391671.24,,
2026-08-01 04:00:00,2467383.32,,
2026-08-01 05:00:00,2472944.30,,
2026-08-01 06:00:00,2467221.43,,
2026-08-01 07:00:00,2462885.46,,
2026-08-01 08:00:00,2512156.69,,
2026-08-01 09:00:00,2538051.17,,
2026-08-01 10:00:00,2587892.69,,
2026-08-01 11:00:00,2589095.14,,
2026-08-01 12:00:00,2953466.89,,
2026-08-01 13:00:00,2586155.96,,
2026-08-01 14:00:00,2584176.54,,
2026-08-01 15:00:00,2545063.39,,
2026-08-01 16:00:00,2573776.91,,
2026-08-01 17:00:00,2568782.82,,
2026-08-01 18:00:00,2590102.88,,
2026-08-01 19:00:00,2533354.83,,
2026-08-01 20:00:00,2525448.54,,
2026-08-01 21:00:00,2303730.14,,
2026-08-01 22:00:00,2302695.36,,
2026-08-01 23:00:00,2303368.17,,
2026-08-02 00:00:00,2321501.96,,
2026-08-02 01:00:00,2334741.05,,
2026-08-02 02:00:00,2348837.23,,
2026-08-02 03:00:00,2378246.62,,
2026-08-02 04:00:00,2366554.66,,
2026-08-02 05:00:00,2357642.23,,
2026-08-02 06:00:00,2348723.30,,
2026-08-02 07:00:00,2353585.11,,
2026-08-02 08:00:00,2311873.16,,
2026-08-02 09:00:00,2306108.34,,
2026-08-02 10:00:00,2302740.74,,
2026-08-02 11:00:00,2298131.72,,
2026-08-02 12:00:00,2273337.80,,
2026-08-02 13:00:00,2365466.57,,
2026-08-02 14:00:00,2361681.75,,
2026-08-02 15:00:00,2351910.95,,
2026-08-02 16:00:00,2338345.27,,
2026-08-02 17:00:00,2330581.90,,
2026-08-02 18:00:00,2334150.05,,
2026-08-02 19:00:00,2294515.95,,
2026-08-02 20:00:00,2272173.97,,
2026-08-02 21:00:00,2277449.46,,
2026-08-02 22:00:00,2335200.93,,
2026-08-02 23:00:00,2314366.84,,
2026-08-03 00:00:00,2315756.93,,
2026-08-03 01:00:00,2251481.41,,
2026-08-03 02:00:00,2257447.28,,
2026-08-03 03:00:00,2245294.63,,
2026-08-03 04:00:00,2263012.38,,
2026-08-03 05:00:00,2269195.68,,
2026-08-03 06:00:00,2258394.66,,
2026-08-03 07:00:00,2256971.20,,
2026-08-03 08:00:00,2222288.06,,
2026-08-03 09:00:00,2130551.41,,
2026-08-03 10:00:00,2087877.17,,
2026-08-03 11:00:00,2069716.17,,
2026-08-03 12:00:00,2048672.30,,
2026-08-03 13:00:00,2064971.99,,
2026-08-03 14:00:00,2074906.93,,
2026-08-03 15:00:00,2079225.50,,
2026-08-03 16:00:00,2047256.05,,
2026-08-03 17:00:00,2049224.67,,
2026-08-03 18:00:00,2036584.48,,
2026-08-03 19:00:00,2065727.96,,
2026-08-03 20:00:00,2036317.26,,
2026-08-03 21:00:00,2033790.92,,
2026-08-03 22:00:00,2049326.66,,
2026-08-03 23:00:00,2043794.26,,
2026-08-04 00:00:00,2051811.84,,
2026-08-04 01:00:00,2050110.67,,
2026-08-04 02:00:00,2067458.80,,
2026-08-04 03:00:00,2084634.82,,
2026-08-04 04:00:00,2118858.90,,
2026-08-04 05:00:00,2133177.70,,
2026-08-04 06:00:00,2146607.26,,
2026-08-04 07:00:00,2145952.27,,
2026-08-04 08:00:00,2110104.59,,
2026-08-04 09:00:00,2225849.11,,
2026-08-04 10:00:00,2238574.50,,
2026-08-04 11:00:00,2216784.08,,
2026-08-04 12:00:00,2183533.00,,
2026-08-04 13:00:00,2158959.44,,
2026-08-04 14:00:00,2133725.97,,
2026-08-04 15:00:00,2127008.32,,
2026-08-04 16:00:00,2105304.77,,
2026-08-04 17:00:00,2095361.49,,
2026-08-04 18:00:00,2086529.67,,
2026-08-04 19:00:00,2092319.38,,
2026-08-04 20:00:00,2106561.17,,
2026-08-04 21:00:00,2102384.24,,
2026-08-04 22:00:00,2108698.64,,
2026-08-04 23:00:00,2146171.41,,
2026-08-05 00:00:00,2141776.43,,
2026-08-05 01:00:00,2164169.58,,
2026-08-05 02:00:00,2194919.32,,
2026-08-05 03:00:00,2179043.75,,
2026-08-05 04:00:00,2186827.98,,
2026-08-05 05:00:00,2134407.89,,
2026-08-05 06:00:00,2145545.64,,
2026-08-05 07:00:00,2132261.70,,
2026-08-05 08:00:00,2139786.76,,
2026-08-05 09:00:00,2108632.65,,
2026-08-05 10:00:00,2113646.71,,
2026-08-05 11:00:00,2102762.82,,
2026-08-05 12:00:00,2144751.00,,
2026-08-05 13:00:00,2116868.62,,
2026-08-05 14:00:00,2102077.58,,
2026-08-05 15:00:00,2106157.70,,
2026-08-05 16:00:00,2094248.60,,
2026-08-05 17:00:00,2044574.98,,
2026-08-05 18:00:00,2028421.34,,
2026-08-05 19:00:00,2015645.52,,
2026-08-05 20:00:00,1999844.10,,
2026-08-05 21:00:00,1989902.38,,
2026-08-05 22:00:00,1982885.21,,
2026-08-05 23:00:00,2037379.08,,
2026-08-06 00:00:00,2029946.11,,
2026-08-06 01:00:00,2043635.36,,
2026-08-06 02:00:00,2035732.47,,
2026-08-06 03:00:00,1945753.42,,
2026-08-06 04:00:00,1968896.31,,
2026-08-06 05:00:00,1977935.74,,
2026-08-06 06:00:00,1966467.89,,
2026-08-06 07:00:00,1938975.34,,
2026-08-06 08:00:00,1937983.17,,
2026-08-06 09:00:00,1929989.00,,
2026-08-06 10:00:00,1907366.70,,
2026-08-06 11:00:00,1897448.94,,
2026-08-06 12:00:00,1871927.61,,
2026-08-06 13:00:00,1834044.48,,
2026-08-06 14:00:00,1791085.13,,
2026-08-06 15:00:00,1838097.57,,
2026-08-06 16:00:00,1907920.90,,
2026-08-06 17:00:00,1889284.45,,
2026-08-06 18:00:00,1869423.55,,
2026-08-06 19:00:00,1865714.17,,
2026-08-06 20:00:00,1882703.87,,
2026-08-06 21:00:00,1911441.27,,
2026-08-06 22:00:00,1906160.68,,
2026-08-06 23:00:00,1901415.96,,
2026-08-07 00:00:00,1909896.71,,
2026-08-07 01:00:00,1906565.48,,
2026-08-07 02:00:00,1926244.56,,
2026-08-07 03:00:00,1922993.72,,
2026-08-07 04:00:00,1900926.56,,
2026-08-07 05:00:00,1931314.26,,
2026-08-07 06:00:00,1946211.92,,
2026-08-07 07:00:00,1924588.19,,
2026-08-07 08:00:00,1907726.95,,
2026-08-07 09:00:00,1895852.98,,
2026-08-07 10:00:00,1903827.83,,
2026-08-07 11:00:00,1898963.95,,
2026-08-07 12:00:00,1907375.57,,
2026-08-07 13:00:00,1880322.28,,
2026-08-07 14:00:00,1907065.94,,
2026-08-07 15:00:00,2089706.07,,
2026-08-07 16:00:00,2074718.78,,
2026-08-07 17:00:00,1996000.47,,
2026-08-07 18:00:00,1978318.90,,
2026-08-07 19:00:00,1963705.48,,
2026-08-07 20:00:00,1972701.20,,
2026-08-07 21:00:00,1971465.89,,
2026-08-07 22:00:00,1872186.36,,
2026-08-07 23:00:00,1766662.08,,
2026-08-08 00:00:00,1736197.30,,
2026-08-08 01:00:00,1837508.83,,
2026-08-08 02:00:00,1847734.70,,
2026-08-08 03:00:00,2052169.80,,
2026-08-08 04:00:00,1948384.06,,
2026-08-08 05:00:00,1936043.53,,
2026-08-08 06:00:00,2040534.78,,
2026-08-08 07:00:00,2050293.97,,
2026-08-08 08:00:00,2066106.80,,
2026-08-08 09:00:00,2148022.74,,
2026-08-08 10:00:00,2142184.94,,
2026-08-08 11:00:00,2103290.00,,
2026-08-08 12:00:00,2067050.47,,
2026-08-08 13:00:00,2043374.59,,
2026-08-08 14:00:00,1973289.64,,
2026-08-08 15:00:00,1969662.21,,
2026-08-08 16:00:00,1929681.20,,
2026-08-08 17:00:00,1948867.90,,
2026-08-08 18:00:00,1970979.29,,
2026-08-08 19:00:00,1892928.44,,
2026-08-08 20:00:00,1915881.16,,
2026-08-08 21:00:00,1893318.87,,
2026-08-08 22:00:00,1881368.98,,
2026-08-08 23:00:00,1873665.64,,
2026-08-09 00:00:00,1913812.65,,
2026-08-09 01:00:00,1972251.88,,
2026-08-09 02:00:00,1966140.13,,
2026-08-09 03:00:00,1951576.97,,
2026-08-09 04:00:00,1955420.19,,
2026-08-09 05:00:00,1924446.06,,
2026-08-09 06:00:00,1966915.06,,
2026-08-09 07:00:00,1963645.37,,
2026-08-09 08:00:00,2036139.60,,
2026-08-09 09:00:00,2011235.75,,
2026-08-09 10:00:00,1979562.34,,
2026-08-09 11:00:00,1985059.79,,
2026-08-09 12:00:00,1951154.03,,
2026-08-09 13:00:00,1955267.70,,
2026-08-09 14:00:00,1958636.88,,
2026-08-09 15:00:00,1972759.88,,
2026-08-09 16:00:00,1988186.09,,
2026-08-09 17:00:00,1990098.80,,
2026-08-09 18:00:00,1978496.77,,
2026-08-09 19:00:00,1946177.15,,
2026-08-09 20:00:00,1933334.39,,
2026-08-09 21:00:00,1972132.52,,
2026-08-09 22:00:00,1991468.87,,
2026-08-09 23:00:00,2023449.14,,
2026-08-10 00:00:00,1974247.38,,
2026-08-10 01:00:00,1992915.87,,
2026-08-10 02:00:00,2004938.22,,
2026-08-10 03:00:00,2017982.23,,
2026-08-10 04:00:00,1966430.43,,
2026-08-10 05:00:00,1961216.42,,
2026-08-10 06:00:00,1976262.50,,
2026-08-10 07:00:00,1983144.05,,
2026-08-10 08:00:00,2001402.98,,
2026-08-10 09:00:00,2001935.87,,
2026-08-10 10:00:00,1983382.80,,
2026-08-10 11:00:00,1982519.13,,
2026-08-10 12:00:00,1998408.91,,
2026-08-10 13:00:00,1977572.94,,
2026-08-10 14:00:00,1992154.59,,
2026-08-10 15:00:00,2058516.56,,
2026-08-10 16:00:00,2014745.51,,
2026-08-10 17:00:00,1992327.84,,
2026-08-10 18:00:00,1984029.18,,
2026-08-10 19:00:00,1976160.37,,
2026-08-10 20:00:00,1977227.82,,
2026-08-10 21:00:00,1997877.48,,
2026-08-10 22:00:00,1989960.78,,
2026-08-10 23:00:00,1962749.43,,
2026-08-11 00:00:00,1960920.09,,
2026-08-11 01:00:00,1954476.04,,
2026-08-11 02:00:00,1996141.44,,
2026-08-11 03:00:00,2044284.23,,
2026-08-11 04:00:00,2101801.60,,
2026-08-11 05:00:00,2276581.78,,
2026-08-11 06:00:00,2142276.65,,
2026-08-11 07:00:00,2150945.60,,
2026-08-11 08:00:00,2050699.60,,
2026-08-11 09:00:00,2029524.81,,
2026-08-11 10:00:00,2019977.91,,
2026-08-11 11:00:00,2021699.77,,
2026-08-11 12:00:00,2166850.53,,
2026-08-11 13:00:00,2112650.24,,
2026-08-11 14:00:00,2074701.48,,
2026-08-11 15:00:00,2041473.56,,
2026-08-11 16:00:00,2034405.94,,
2026-08-11 17:00:00,2057462.52,,
2026-08-11 18:00:00,2045320.51,,
2026-08-11 19:00:00,2024337.37,,
2026-08-11 20:00:00,2063611.49,,
2026-08-11 21:00:00,2056452.54,,
2026-08-11 22:00:00,2031705.79,,
2026-08-11 23:00:00,2003081.90,,
2026-08-12 00:00:00,2000661.41,,
2026-08-12 01:00:00,1995629.53,,
2026-08-12 02:00:00,1987141.52,,
2026-08-12 03:00:00,2009538.90,,
2026-08-12 04:00:00,2011427.52,,
2026-08-12 05:00:00,2014580.51,,
2026-08-12 06:00:00,2007289.25,,
2026-08-12 07:00:00,2011605.89,,
2026-08-12 08:00:00,2016436.19,,
2026-08-12 09:00:00,2020832.94,,
2026-08-12 10:00:00,2046241.58,,
2026-08-12 11:00:00,2050490.95,,
2026-08-12 12:00:00,2052234.80,,
2026-08-12 13:00:00,2057180.16,,
2026-08-12 14:00:00,2046917.30,,
2026-08-12 15:00:00,2086278.50,,
2026-08-12 16:00:00,2077763.26,,
2026-08-12 17:00:00,2096066.38,,
2026-08-12 18:00:00,2105781.26,,
2026-08-12 19:00:00,2086351.09,,
2026-08-12 20:00:00,2187256.75,,
2026-08-12 21:00:00,2186584.35,,
2026-08-12 22:00:00,2128358.12,,
2026-08-12 23:00:00,2173664.25,,
2026-08-13 00:00:00,2194224.78,,
2026-08-13 01:00:00,2162479.98,,
2026-08-13 02:00:00,2140247.03,,
2026-08-13 03:00:00,2163402.66,,
2026-08-13 04:00:00,2125984.25,,
2026-08-13 05:00:00,2039497.49,,
2026-08-13 06:00:00,2029728.91,,
2026-08-13 07:00:00,1967916.74,,
2026-08-13 08:00:00,1968233.28,,
2026-08-13 09:00:00,1959764.61,,
2026-08-13 10:00:00,1967255.79,,
2026-08-13 11:00:00,1983269.76,,
2026-08-13 12:00:00,2010275.78,,
2026-08-13 13:00:00,2015987.01,,
2026-08-13 14:00:00,2023931.90,,
2026-08-13 15:00:00,1992321.21,,
2026-08-13 16:00:00,1966422.44,,
2026-08-13 17:00:00,1980737.26,,
2026-08-13 18:00:00,1991455.44,,
2026-08-13 19:00:00,1979254.67,,
2026-08-13 20:00:00,1988017.76,,
2026-08-13 21:00:00,1999163.34,,
2026-08-13 22:00:00,1992190.85,,
2026-08-13 23:00:00,1993990.92,,
2026-08-14 00:00:00,1993792.30,,
2026-08-14 01:00:00,1987842.93,,
2026-08-14 02:00:00,2009971.19,,
2026-08-14 03:00:00,2018230.99,,
2026-08-14 04:00:00,1999832.52,,
2026-08-14 05:00:00,1999555.33,,
2026-08-14 06:00:00,2010282.08,,
2026-08-14 07:00:00,2014491.36,,
2026-08-14 08:00:00,2016616.95,,
2026-08-14 09:00:00,2014023.82,,
2026-08-14 10:00:00,2002770.39,,
2026-08-14 11:00:00,2106781.47,,
2026-08-14 12:00:00,2175169.66,,
2026-08-14 13:00:00,2150954.07,,
2026-08-14 14:00:00,2214434.78,,
2026-08-14 15:00:00,2168195.32,,
2026-08-14 16:00:00,2172542.37,,
2026-08-14 17:00:00,2152336.84,,
2026-08-14 18:00:00,2154490.86,,
2026-08-14 19:00:00,2174324.21,,
2026-08-14 20:00:00,2168977.96,,
2026-08-14 21:00:00,2167953.03,,
2026-08-14 22:00:00,2187900.26,,
2026-08-14 23:00:00,2242860.33,,
2026-08-15 00:00:00,2246847.98,,
2026-08-15 01:00:00,2247550.37,,
2026-08-15 02:00:00,2285578.17,,
2026-08-15 03:00:00,2264588.64,,
2026-08-15 04:00:00,2202561.11,,
2026-08-15 05:00:00,2215717.20,,
2026-08-15 06:00:00,2241413.89,,
2026-08-15 07:00:00,2256215.19,,
2026-08-15 08:00:00,2254192.27,,
2026-08-15 09:00:00,2383041.23,,
2026-08-15 10:00:00,2409000.25,,
2026-08-15 11:00:00,2365049.04,,
2026-08-15 12:00:00,2338388.49,,
2026-08-15 13:00:00,2304706.48,,
2026-08-15 14:00:00,2252685.69,,
2026-08-15 15:00:00,2303285.46,,
2026-08-15 16:00:00,2305960.32,,
2026-08-15 17:00:00,2310704.54,,
2026-08-15 18:00:00,2316250.07,,
2026-08-15 19:00:00,2300191.10,,
2026-08-15 20:00:00,2328497.07,,
2026-08-15 21:00:00,2326280.12,,
2026-08-15 22:00:00,2287565.33,,
2026-08-15 23:00:00,2280826.10,,
2026-08-16 00:00:00,2309879.75,,
2026-08-16 01:00:00,2342628.85,,
2026-08-16 02:00:00,2295911.80,,
2026-08-16 03:00:00,2291974.25,,
2026-08-16 04:00:00,2256133.81,,
2026-08-16 05:00:00,2289665.19,,
2026-08-16 06:00:00,2262380.07,,
2026-08-16 07:00:00,2265927.03,,
2026-08-16 08:00:00,2281424.83,,
2026-08-16 09:00:00,2276113.93,,
2026-08-16 10:00:00,2293579.83,,
2026-08-16 11:00:00,2274340.80,,
2026-08-16 12:00:00,2264821.75,,
2026-08-16 13:00:00,2275785.76,,
2026-08-16 14:00:00,2312171.67,,
2026-08-16 15:00:00,2253553.83,,
2026-08-16 16:00:00,2282252.19,,
2026-08-16 17:00:00,2278663.57,,
2026-08-16 18:00:00,2277006.49,,
2026-08-16 19:00:00,2251874.27,,
2026-08-16 20:00:00,2278186.59,,
2026-08-16 21:00:00,2285820.52,,
2026-08-16 22:00:00,2249538.00,,
2026-08-16 23:00:00,2286732.30,,
2026-08-17 00:00:00,2271983.02,,
2026-08-17 01:00:00,2274383.60,,
2026-08-17 02:00:00,2232555.06,,
2026-08-17 03:00:00,2249022.46,,
2026-08-17 04:00:00,2238959.65,,
2026-08-17 05:00:00,2280725.90,,
2026-08-17 06:00:00,2259772.31,,
2026-08-17 07:00:00,2236150.03,,
2026-08-17 08:00:00,2239255.32,,
2026-08-17 09:00:00,2192192.22,,
2026-08-17 10:00:00,2198245.25,,
2026-08-17 11:00:00,2211254.08,,
2026-08-17 12:00:00,2193336.72,,
2026-08-17 13:00:00,2208511.60,,
2026-08-17 14:00:00,2199450.90,,
2026-08-17 15:00:00,2215556.30,,
2026-08-17 16:00:00,2216004.49,,
2026-08-17 17:00:00,2208702.57,,
2026-08-17 18:00:00,2190136.48,,
2026-08-17 19:00:00,2188863.14,,
2026-08-17 20:00:00,2196352.35,,
2026-08-17 21:00:00,2202121.98,,
2026-08-17 22:00:00,2184461.01,,
2026-08-17 23:00:00,2184216.96,,
2026-08-18 00:00:00,2179495.31,,
2026-08-18 01:00:00,2187948.31,,
2026-08-18 02:00:00,2200167.18,,
2026-08-18 03:00:00,2203326.33,,
2026-08-18 04:00:00,2181478.71,,
2026-08-18 05:00:00,2176289.64,,
2026-08-18 06:00:00,2095298.16,,
2026-08-18 07:00:00,2103646.93,,
2026-08-18 08:00:00,2096387.70,,
2026-08-18 09:00:00,2127987.09,,
2026-08-18 10:00:00,2137988.81,,
2026-08-18 11:00:00,2157742.08,,
2026-08-18 12:00:00,2115604.88,,
2026-08-18 13:00:00,2094048.39,,
2026-08-18 14:00:00,2052831.96,,
2026-08-18 15:00:00,2075054.06,,
2026-08-18 16:00:00,2046726.58,,
2026-08-18 17:00:00,2066161.20,,
2026-08-18 18:00:00,2024992.49,,
2026-08-18 19:00:00,2041514.26,,
2026-08-18 20:00:00,2027106.37,,
2026-08-18 21:00:00,2036525.69,,
2026-08-18 22:00:00,2030962.24,,
2026-08-18 23:00:00,2033104.42,,
2026-08-19 00:00:00,2048361.26,,
2026-08-19 01:00:00,2091329.23,,
2026-08-19 02:00:00,2083377.58,,
2026-08-19 03:00:00,1984838.76,,
2026-08-19 04:00:00,2045128.16,,
2026-08-19 05:00:00,2018996.16,,
2026-08-19 06:00:00,2001891.06,,
2026-08-19 07:00:00,1993382.59,,
2026-08-19 08:00:00,1987172.38,,
2026-08-19 09:00:00,1971585.45,,
2026-08-19 10:00:00,2012778.97,,
2026-08-19 11:00:00,1983803.89,,
2026-08-19 12:00:00,1966210.77,,
2026-08-19 13:00:00,1969473.47,,
2026-08-19 14:00:00,1953075.14,,
2026-08-19 15:00:00,1981401.58,,
2026-08-19 16:00:00,2045125.56,,
2026-08-19 17:00:00,2034343.69,,
2026-08-19 18:00:00,2009956.87,,
2026-08-19 19:00:00,2051049.79,,
2026-08-19 20:00:00,2070236.87,,
2026-08-19 21:00:00,2080235.52,,
2026-08-19 22:00:00,2059644.98,,
2026-08-19 23:00:00,2020327.17,,
2026-08-20 00:00:00,2030935.43,,
2026-08-20 01:00:00,2039902.61,,
2026-08-20 02:00:00,2031165.07,,
2026-08-20 03:00:00,2033502.88,,
2026-08-20 04:00:00,2057207.51,,
2026-08-20 05:00:00,2041168.62,,
2026-08-20 06:00:00,2029329.71,,
2026-08-20 07:00:00,2039389.81,,
2026-08-20 08:00:00,2011453.68,,
2026-08-20 09:00:00,2036170.11,,
2026-08-20 10:00:00,2038742.81,,
2026-08-20 11:00:00,2015757.50,,
2026-08-20 12:00:00,2019919.52,,
2026-08-20 13:00:00,2021345.13,,
2026-08-20 14:00:00,1989415.91,,
2026-08-20 15:00:00,2000709.89,,
2026-08-20 16:00:00,2013068.56,,
2026-08-20 17:00:00,2027645.94,,
2026-08-20 18:00:00,2090809.31,,
2026-08-20 19:00:00,2126328.48,,
2026-08-20 20:00:00,2204018.69,,
2026-08-20 21:00:00,2389831.16,,
2026-08-20 22:00:00,2461331.45,,
2026-08-20 23:00:00,2445376.87,,
2026-08-21 00:00:00,2343239.74,,
2026-08-21 01:00:00,2383142.05,,
2026-08-21 02:00:00,2330599.28,,
2026-08-21 03:00:00,2308333.61,,
2026-08-21 04:00:00,2255830.45,,
2026-08-21 05:00:00,2313304.28,,
2026-08-21 06:00:00,2297069.26,,
2026-08-21 07:00:00,2265884.19,,
2026-08-21 08:00:00,2179275.46,,
2026-08-21 09:00:00,2177755.36,,
2026-08-21 10:00:00,2193357.56,,
2026-08-21 11:00:00,2195387.71,,
2026-08-21 12:00:00,2210042.96,,
2026-08-21 13:00:00,2207955.21,,
2026-08-21 14:00:00,2231196.74,,
2026-08-21 15:00:00,2225910.92,,
2026-08-21 16:00:00,2221985.37,,
2026-08-21 17:00:00,2225972.81,,
2026-08-21 18:00:00,2230050.81,,
2026-08-21 19:00:00,2222695.07,,
2026-08-21 20:00:00,2207773.01,,
2026-08-21 21:00:00,2236650.63,,
2026-08-21 22:00:00,2257039.14,,
2026-08-21 23:00:00,2230924.85,,
2026-08-22 00:00:00,2241767.97,,
2026-08-22 01:00:00,2293433.54,,
2026-08-22 02:00:00,2292952.58,,
2026-08-22 03:00:00,2294052.49,,
2026-08-22 04:00:00,2325521.65,,
2026-08-22 05:00:00,2331543.58,,
2026-08-22 06:00:00,2225360.06,,
2026-08-22 07:00:00,2274937.57,,
2026-08-22 08:00:00,2316624.14,,
2026-08-22 09:00:00,2260177.72,,
2026-08-22 10:00:00,2189916.17,,
2026-08-22 11:00:00,2161529.38,,
2026-08-22 12:00:00,2173012.57,,
2026-08-22 13:00:00,2159780.93,,
2026-08-22 14:00:00,2161380.83,,
2026-08-22 15:00:00,2113531.57,,
2026-08-22 16:00:00,2116406.48,,
2026-08-22 17:00:00,2152130.91,,
2026-08-22 18:00:00,2162785.06,,
2026-08-22 19:00:00,2136149.91,,
2026-08-22 20:00:00,2136117.97,,
2026-08-22 21:00:00,2116886.81,,
2026-08-22 22:00:00,2084821.01,,
2026-08-22 23:00:00,2055602.53,,
2026-08-23 00:00:00,2078794.65,,
2026-08-23 01:00:00,2102047.70,,
2026-08-23 02:00:00,2077899.85,,
2026-08-23 03:00:00,2063273.16,,
2026-08-23 04:00:00,2048432.59,,
2026-08-23 05:00:00,2051174.34,,
2026-08-23 06:00:00,2062094.74,,
2026-08-23 07:00:00,2066599.92,,
2026-08-23 08:00:00,2077115.04,,
2026-08-23 09:00:00,2063047.61,,
2026-08-23 10:00:00,2086163.84,,
2026-08-23 11:00:00,2077859.55,,
2026-08-23 12:00:00,2063849.66,,
2026-08-23 13:00:00,2042011.41,,
2026-08-23 14:00:00,2044544.79,,
2026-08-23 15:00:00,2023939.03,,
2026-08-23 16:00:00,2063655.90,,
2026-08-23 17:00:00,2096338.65,,
2026-08-23 18:00:00,2078994.24,,
2026-08-23 19:00:00,2079778.57,,
2026-08-23 20:00:00,2066542.92,,
2026-08-23 21:00:00,2071148.27,,
2026-08-23 22:00:00,2065965.06,,
2026-08-23 23:00:00,2063144.34,,
2026-08-24 00:00:00,2012457.01,,
2026-08-24 01:00:00,2005043.35,,
2026-08-24 02:00:00,1975314.54,,
2026-08-24 03:00:00,1985129.43,,
2026-08-24 04:00:00,1960241.71,,
2026-08-24 05:00:00,1973305.60,,
2026-08-24 06:00:00,1985717.97,,
2026-08-24 07:00:00,1981963.20,,
2026-08-24 08:00:00,1955380.80,,
2026-08-24 09:00:00,1989897.20,,
2026-08-24 10:00:00,1980541.57,,
2026-08-24 11:00:00,1985758.72,,
2026-08-24 12:00:00,2052325.37,,
2026-08-24 13:00:00,2047616.41,,
2026-08-24 14:00:00,2060182.71,,
2026-08-24 15:00:00,2003158.37,,
2026-08-24 16:00:00,1988097.14,,
2026-08-24 17:00:00,1900240.15,,
2026-08-24 18:00:00,1889316.21,,
2026-08-24 19:00:00,1904370.48,,
2026-08-24 20:00:00,1911226.97,,
2026-08-24 21:00:00,1921013.79,,
2026-08-24 22:00:00,1933607.12,,
2026-08-24 23:00:00,1936816.89,,
2026-08-25 00:00:00,1973533.42,,
2026-08-25 01:00:00,1981106.33,,
2026-08-25 02:00:00,1987684.17,,
2026-08-25 03:00:00,1995748.85,,
2026-08-25 04:00:00,1999025.00,,
2026-08-25 05:00:00,1990002.42,,
2026-08-25 06:00:00,1971480.60,,
2026-08-25 07:00:00,1981409.84,,
2026-08-25 08:00:00,1984422.50,,
2026-08-25 09:00:00,2020053.29,,
2026-08-25 10:00:00,1977490.96,,
2026-08-25 11:00:00,1975501.57,,
2026-08-25 12:00:00,1967521.69,,
2026-08-25 13:00:00,1987289.32,,
2026-08-25 14:00:00,1976593.94,,
2026-08-25 15:00:00,1990178.05,,
2026-08-25 16:00:00,2005351.15,,
2026-08-25 17:00:00,1999099.36,,
2026-08-25 18:00:00,1977725.61,,
2026-08-25 19:00:00,1956759.19,,
2026-08-25 20:00:00,1936166.32,,
2026-08-25 21:00:00,1924034.96,,
2026-08-25 22:00:00,1942401.48,,
2026-08-25 23:00:00,1949259.74,,
2026-08-26 00:00:00,1939755.21,,
2026-08-26 01:00:00,1963822.43,,
2026-08-26 02:00:00,1956193.47,,
2026-08-26 03:00:00,1962856.79,,
2026-08-26 04:00:00,1965634.68,,
2026-08-26 05:00:00,1957138.87,,
2026-08-26 06:00:00,1983047.32,,
2026-08-26 07:00:00,1971252.13,,
2026-08-26 08:00:00,1965738.14,,
2026-08-26 09:00:00,1986718.83,,
2026-08-26 10:00:00,1971596.68,,
2026-08-26 11:00:00,1971923.28,,
2026-08-26 12:00:00,1972842.22,,
2026-08-26 13:00:00,1982315.03,,
2026-08-26 14:00:00,1969859.37,,
2026-08-26 15:00:00,1969565.48,,
2026-08-26 16:00:00,1984262.48,,
2026-08-26 17:00:00,1997361.73,,
2026-08-26 18:00:00,1995301.32,,
2026-08-26 19:00:00,2010664.08,,
2026-08-26 20:00:00,2023099.63,,
2026-08-26 21:00:00,2006318.28,,
2026-08-26 22:00:00,2017625.19,,
2026-08-26 23:00:00,2038470.33,,
2026-08-27 00:00:00,2034669.15,,
2026-08-27 01:00:00,2006817.59,,
2026-08-27 02:00:00,2022401.05,,
2026-08-27 03:00:00,1995886.18,,
2026-08-27 04:00:00,1997294.13,,
2026-08-27 05:00:00,2008167.97,,
2026-08-27 06:00:00,1999567.79,,
2026-08-27 07:00:00,2004237.40,,
2026-08-27 08:00:00,1996258.70,,
2026-08-27 09:00:00,2012126.78,,
2026-08-27 10:00:00,1985621.65,,
2026-08-27 11:00:00,1952477.16,,
2026-08-27 12:00:00,1967432.13,,
2026-08-27 13:00:00,1975171.68,,
2026-08-27 14:00:00,1981042.35,,
2026-08-27 15:00:00,1993285.07,,
2026-08-27 16:00:00,2013236.94,,
2026-08-27 17:00:00,1998833.92,,
2026-08-27 18:00:00,1986890.96,,
2026-08-27 19:00:00,1974350.56,,
2026-08-27 20:00:00,1976175.07,,
2026-08-27 21:00:00,1980100.33,,
2026-08-27 22:00:00,1964984.53,,
2026-08-27 23:00:00,1993753.29,,
2026-08-28 00:00:00,2016357.56,,
2026-08-28 01:00:00,1996257.94,,
2026-08-28 02:00:00,2011049.90,,
2026-08-28 03:00:00,2000217.97,,
2026-08-28 04:00:00,2047229.32,,
2026-08-28 05:00:00,2038887.99,,
2026-08-28 06:00:00,2014843.01,,
2026-08-28 07:00:00,2045291.12,,
2026-08-28 08:00:00,2017024.55,,
2026-08-28 09:00:00,2022229.76,,
2026-08-28 10:00:00,2019430.61,,
2026-08-28 11:00:00,2086726.95,,
2026-08-28 12:00:00,2060124.82,,
2026-08-28 13:00:00,2064189.56,,
2026-08-28 14:00:00,2028201.72,,
2026-08-28 15:00:00,2034888.28,,
2026-08-28 16:00:00,1970878.30,,
2026-08-28 17:00:00,1948726.12,,
2026-08-28 18:00:00,1974260.56,,
2026-08-28 19:00:00,1972557.36,,
2026-08-28 20:00:00,1970728.95,,
2026-08-28 21:00:00,1981771.31,,
2026-08-28 22:00:00,1971967.62,,
2026-08-28 23:00:00,2000755.93,,
2026-08-29 00:00:00,1990949.62,,
2026-08-29 01:00:00,2021337.28,,
2026-08-29 02:00:00,2032226.28,,
2026-08-29 03:00:00,2061612.22,,
2026-08-29 04:00:00,2009872.32,,
2026-08-29 05:00:00,2019147.85,,
2026-08-29 06:00:00,2006900.16,,
2026-08-29 07:00:00,2010191.02,,
2026-08-29 08:00:00,2016860.03,,
2026-08-29 09:00:00,2011028.07,,
2026-08-29 10:00:00,2020626.68,,
2026-08-29 11:00:00,2039524.20,,
2026-08-29 12:00:00,2051027.72,,
2026-08-29 13:00:00,2055101.49,,
2026-08-29 14:00:00,2061377.91,,
2026-08-29 15:00:00,2063163.98,,
2026-08-29 16:00:00,2118754.97,,
2026-08-29 17:00:00,2127022.10,,
2026-08-29 18:00:00,2109822.47,,
2026-08-29 19:00:00,2106898.23,,
2026-08-29 20:00:00,2116450.35,,
2026-08-29 21:00:00,2141132.29,,
2026-08-29 22:00:00,2139701.76,,
2026-08-29 23:00:00,2118796.65,,
2026-08-30 00:00:00,2130092.54,,
2026-08-30 01:00:00,2116052.37,,
2026-08-30 02:00:00,2112464.86,,
2026-08-30 03:00:00,2099419.53,,
2026-08-30 04:00:00,2081990.51,,
2026-08-30 05:00:00,2101254.91,,
2026-08-30 06:00:00,2086746.70,,
2026-08-30 07:00:00,2086629.07,,
2026-08-30 08:00:00,2080663.52,,
2026-08-30 09:00:00,2088450.36,,
2026-08-30 10:00:00,2091453.56,,
2026-08-30 11:00:00,2103562.02,,
2026-08-30 12:00:00,2119393.28,,
2026-08-30 13:00:00,2134117.73,,
2026-08-30 14:00:00,2159750.10,,
2026-08-30 15:00:00,2149561.22,,
2026-08-30 16:00:00,2220925.60,,
2026-08-30 17:00:00,2199540.64,,
2026-08-30 18:00:00,2179788.52,,
2026-08-30 19:00:00,2155216.20,,
2026-08-30 20:00:00,2152407.32,,
2026-08-30 21:00:00,2128325.92,,
2026-08-30 22:00:00,2117865.40,,
2026-08-30 23:00:00,2066690.61,,
2026-08-31 00:00:00,2012890.52,,
2026-08-31 01:00:00,2039788.51,,
2026-08-31 02:00:00,2060922.68,,
2026-08-31 03:00:00,2041420.46,,
2026-08-31 04:00:00,2043721.91,,
2026-08-31 05:00:00,2039727.14,,
2026-08-31 06:00:00,2040551.93,,
2026-08-31 07:00:00,2021250.75,,
2026-08-31 08:00:00,2015239.91,,
2026-08-31 09:00:00,2035058.24,,
2026-08-31 10:00:00,2031238.63,,
2026-08-31 11:00:00,2002660.10,,
2026-08-31 12:00:00,1982935.79,,
2026-08-31 13:00:00,1964049.86,,
2026-08-31 14:00:00,1985822.43,,
2026-08-31 15:00:00,2010370.99,,
2026-08-31 16:00:00,1993935.01,,
2026-08-31 17:00:00,1986760.61,,
2026-08-31 18:00:00,1977756.26,,
2026-08-31 19:00:00,1967622.72,,
2026-08-31 20:00:00,1970570.34,,
2026-08-31 21:00:00,1961814.69,,
2026-08-31 22:00:00,1962756.69,,
2026-08-31 23:00:00,1967851.10,,
2026-09-01 00:00:00,1960095.23,,
2026-09-01 01:00:00,1970810.11,,
2026-09-01 02:00:00,1976122.34,,
2026-09-01 03:00:00,1989712.91,,
2026-09-01 04:00:00,1980921.54,,
2026-09-01 05:00:00,1968780.63,,
2026-09-01 06:00:00,1973512.53,,
2026-09-01 07:00:00,1983274.27,,
2026-09-01 08:00:00,1967899.92,,
2026-09-01 09:00:00,1942132.12,,
2026-09-01 10:00:00,1968223.81,,
2026-09-01 11:00:00,1946940.52,,
2026-09-01 12:00:00,1949268.26,,
2026-09-01 13:00:00,1950750.11,,
2026-09-01 14:00:00,1947657.69,,
2026-09-01 15:00:00,1938987.92,,
2026-09-01 16:00:00,1939564.58,,
2026-09-01 17:00:00,1926722.19,,
2026-09-01 18:00:00,1918314.94,,
2026-09-01 19:00:00,1904697.08,,
2026-09-01 20:00:00,1913797.09,,
2026-09-01 21:00:00,1926013.97,,
2026-09-01 22:00:00,1929720.99,,
2026-09-01 23:00:00,1929238.23,,
2026-09-02 00:00:00,1975414.50,,
2026-09-02 01:00:00,1981581.48,,
2026-09-02 02:00:00,1961119.68,,
2026-09-02 03:00:00,1961781.71,,
2026-09-02 04:00:00,1939208.25,,
2026-09-02 05:00:00,1937423.66,,
2026-09-02 06:00:00,1965290.43,,
2026-09-02 07:00:00,1961417.35,,
2026-09-02 08:00:00,1958116.09,,
2026-09-02 09:00:00,1958674.25,,
2026-09-02 10:00:00,1953197.62,,
2026-09-02 11:00:00,1981422.46,,
2026-09-02 12:00:00,1978985.18,,
2026-09-02 13:00:00,1978723.53,,
2026-09-02 14:00:00,1998882.18,,
2026-09-02 15:00:00,1988996.47,,
2026-09-02 16:00:00,2000447.72,,
2026-09-02 17:00:00,2001299.28,,
2026-09-02 18:00:00,2051165.95,,
2026-09-02 19:00:00,2026157.21,,
2026-09-02 20:00:00,2041726.29,,
2026-09-02 21:00:00,2033726.03,,
2026-09-02 22:00:00,2018608.66,,
2026-09-02 23:00:00,2004275.86,,
2026-09-03 00:00:00,2017761.48,,
2026-09-03 01:00:00,1974441.18,,
2026-09-03 02:00:00,1998376.17,,
2026-09-03 03:00:00,2001373.20,,
2026-09-03 04:00:00,1998005.17,,
2026-09-03 05:00:00,2004405.82,,
2026-09-03 06:00:00,1993584.29,,
2026-09-03 07:00:00,2010196.37,,
2026-09-03 08:00:00,2007157.40,,
2026-09-03 09:00:00,2012481.12,,
2026-09-03 10:00:00,1990876.29,,
2026-09-03 11:00:00,2014094.18,,
2026-09-03 12:00:00,1996614.35,,
2026-09-03 13:00:00,2005018.41,,
2026-09-03 14:00:00,2004912.38,,
2026-09-03 15:00:00,2050684.59,,
2026-09-03 16:00:00,2038405.89,,
2026-09-03 17:00:00,2019089.70,,
2026-09-03 18:00:00,2013363.07,,
2026-09-03 19:00:00,2026693.23,,
2026-09-03 20:00:00,2014684.35,,
2026-09-03 21:00:00,2002280.50,,
2026-09-03 22:00:00,1969900.93,,
2026-09-03 23:00:00,1960581.29,,
2026-09-04 00:00:00,1965324.98,,
2026-09-04 01:00:00,1975299.72,,
2026-09-04 02:00:00,1963049.01,,
2026-09-04 03:00:00,1971938.88,,
2026-09-04 04:00:00,1969416.88,,
2026-09-04 05:00:00,1963181.99,,
2026-09-04 06:00:00,1967982.27,,
2026-09-04 07:00:00,1965345.60,,
2026-09-04 08:00:00,1970017.12,,
2026-09-04 09:00:00,1979008.77,,
2026-09-04 10:00:00,1973285.63,,
2026-09-04 11:00:00,1959282.13,,
2026-09-04 12:00:00,1966247.97,,
2026-09-04 13:00:00,1933613.23,,
2026-09-04 14:00:00,1982806.61,,
2026-09-04 15:00:00,1988408.01,,
2026-09-04 16:00:00,1998949.66,,
2026-09-04 17:00:00,2038098.48,,
2026-09-04 18:00:00,2018367.02,,
2026-09-04 19:00:00,2026494.14,,
2026-09-04 20:00:00,2009595.21,,
2026-09-04 21:00:00,2027969.30,,
2026-09-04 22:00:00,2020534.19,,
2026-09-04 23:00:00,2037182.74,,
2026-09-05 00:00:00,2043822.19,,
2026-09-05 01:00:00,2095917.02,,
2026-09-05 02:00:00,2091156.22,,
2026-09-05 03:00:00,2009560.90,,
2026-09-05 04:00:00,2056682.35,,
2026-09-05 05:00:00,2070400.10,,
2026-09-05 06:00:00,2090784.97,,
2026-09-05 07:00:00,2092954.65,,
2026-09-05 08:00:00,2110081.07,,
2026-09-05 09:00:00,2123824.19,,
2026-09-05 10:00:00,2118267.55,,
2026-09-05 11:00:00,2117635.11,,
2026-09-05 12:00:00,2131676.95,,
2026-09-05 13:00:00,2121335.48,,
2026-09-05 14:00:00,2118969.36,,
2026-09-05 15:00:00,2114263.93,,
2026-09-05 16:00:00,2115816.93,,
2026-09-05 17:00:00,2128699.64,,
2026-09-05 18:00:00,2135016.70,,
2026-09-05 19:00:00,2120380.12,,
2026-09-05 20:00:00,2115949.90,,
2026-09-05 21:00:00,2107497.58,,
2026-09-05 22:00:00,2117450.19,,
2026-09-05 23:00:00,2112487.51,,
2026-09-06 00:00:00,2120908.24,,
2026-09-06 01:00:00,2122502.57,,
2026-09-06 02:00:00,2124293.31,,
2026-09-06 03:00:00,2110592.18,,
2026-09-06 04:00:00,2125189.22,,
2026-09-06 05:00:00,2102642.42,,
2026-09-06 06:00:00,2113615.95,,
2026-09-06 07:00:00,2120715.85,,
2026-09-06 08:00:00,2112277.79,,
2026-09-06 09:00:00,2115061.23,,
2026-09-06 10:00:00,2116839.24,,
2026-09-06 11:00:00,2104185.97,,
2026-09-06 12:00:00,2109510.09,,
2026-09-06 13:00:00,2107780.72,,
2026-09-06 14:00:00,2107312.36,,
2026-09-06 15:00:00,2071866.88,,
2026-09-06 16:00:00,2043994.77,,
2026-09-06 17:00:00,2077523.13,,
2026-09-06 18:00:00,2077659.92,,
2026-09-06 19:00:00,2078337.65,,
2026-09-06 20:00:00,2061287.25,,
2026-09-06 21:00:00,2072744.83,,
2026-09-06 22:00:00,2098375.07,,
2026-09-06 23:00:00,2089039.70,,
2026-09-07 00:00:00,2096287.45,,
2026-09-07 01:00:00,2086371.86,,
2026-09-07 02:00:00,2069987.42,,
2026-09-07 03:00:00,2091484.84,,
2026-09-07 04:00:00,2076767.25,,
2026-09-07 05:00:00,2066860.03,,
2026-09-07 06:00:00,2057011.20,,
2026-09-07 07:00:00,2060822.53,,
2026-09-07 08:00:00,2046631.87,,
2026-09-07 09:00:00,2058415.04,,
2026-09-07 10:00:00,2056872.41,,
2026-09-07 11:00:00,2075008.81,,
2026-09-07 12:00:00,2093894.55,,
2026-09-07 13:00:00,2122774.00,,
2026-09-07 14:00:00,2112289.89,,
2026-09-07 15:00:00,2080688.57,,
2026-09-07 16:00:00,2027516.97,,
2026-09-07 17:00:00,2075823.31,,
2026-09-07 18:00:00,2088914.75,,
2026-09-07 19:00:00,2088879.19,,
2026-09-07 20:00:00,2119919.93,,
2026-09-07 21:00:00,2181589.44,,
2026-09-07 22:00:00,2151890.69,,
2026-09-07 23:00:00,2132719.13,,
2026-09-08 00:00:00,2127462.27,,
2026-09-08 01:00:00,2128291.82,,
2026-09-08 02:00:00,2148282.53,,
2026-09-08 03:00:00,2165186.21,,
2026-09-08 04:00:00,2163975.05,,
2026-09-08 05:00:00,2196565.71,,
2026-09-08 06:00:00,2161010.50,,
2026-09-08 07:00:00,2174569.97,,
2026-09-08 08:00:00,2318403.97,,
2026-09-08 09:00:00,2237092.72,,
2026-09-08 10:00:00,2241266.88,,
2026-09-08 11:00:00,2227260.90,,
2026-09-08 12:00:00,2218862.78,,
2026-09-08 13:00:00,2223553.79,,
2026-09-08 14:00:00,2206309.57,,
2026-09-08 15:00:00,2243741.75,,
2026-09-08 16:00:00,2219925.51,,
2026-09-08 17:00:00,2219965.79,,
2026-09-08 18:00:00,2252416.05,,
2026-09-08 19:00:00,2239379.04,,
2026-09-08 20:00:00,2237976.92,,
2026-09-08 21:00:00,2241335.21,,
2026-09-08 22:00:00,2240284.46,,
2026-09-08 23:00:00,2253947.69,,
2026-09-09 00:00:00,2251308.55,,
2026-09-09 01:00:00,2247165.05,,
2026-09-09 02:00:00,2238529.74,,
2026-09-09 03:00:00,2231034.01,,
2026-09-09 04:00:00,2221370.97,,
2026-09-09 05:00:00,2233400.33,,
2026-09-09 06:00:00,2230868.43,,
2026-09-09 07:00:00,2226354.40,,
2026-09-09 08:00:00,2221454.80,,
2026-09-09 09:00:00,2232743.64,,
2026-09-09 10:00:00,2221895.85,,
2026-09-09 11:00:00,2226754.79,,
2026-09-09 12:00:00,2281949.40,,
2026-09-09 13:00:00,2283163.03,,
2026-09-09 14:00:00,2312309.72,,
2026-09-09 15:00:00,2341636.79,,
2026-09-09 16:00:00,2274708.21,,
2026-09-09 17:00:00,2343619.26,,
2026-09-09 18:00:00,2350556.59,,
2026-09-09 19:00:00,2334892.24,,
2026-09-09 20:00:00,2274889.79,,
2026-09-09 21:00:00,2342035.15,,
2026-09-09 22:00:00,2318891.25,,
2026-09-09 23:00:00,2270401.88,,
2026-09-10 00:00:00,2251237.05,,
2026-09-10 01:00:00,2206166.53,,
2026-09-10 02:00:00,2202703.86,,
2026-09-10 03:00:00,2234390.78,,
2026-09-10 04:00:00,2255766.97,,
2026-09-10 05:00:00,2243970.42,,
2026-09-10 06:00:00,2247654.10,,
2026-09-10 07:00:00,2261036.82,,
2026-09-10 08:00:00,2257544.58,,
2026-09-10 09:00:00,2245125.55,,
2026-09-10 10:00:00,2219575.32,,
2026-09-10 11:00:00,2206915.76,,
2026-09-10 12:00:00,2273330.56,,
2026-09-10 13:00:00,2235739.35,,
2026-09-10 14:00:00,2240334.86,,
2026-09-10 15:00:00,2239192.60,,
2026-09-10 16:00:00,2265589.54,,
2026-09-10 17:00:00,2270812.78,,
2026-09-10 18:00:00,2277894.70,,
2026-09-10 19:00:00,2271459.81,,
2026-09-10 20:00:00,2272458.62,,
2026-09-10 21:00:00,2283287.70,,
2026-09-10 22:00:00,2275077.10,,
2026-09-10 23:00:00,2286393.54,,
2026-09-11 00:00:00,2267336.59,,
2026-09-11 01:00:00,2269903.51,,
2026-09-11 02:00:00,2228196.24,,
2026-09-11 03:00:00,2207060.06,,
2026-09-11 04:00:00,2207664.25,,
2026-09-11 05:00:00,2210561.74,,
2026-09-11 06:00:00,2191233.38,,
2026-09-11 07:00:00,2188636.27,,
2026-09-11 08:00:00,2168612.58,,
2026-09-11 09:00:00,2154524.27,,
2026-09-11 10:00:00,2124216.17,,
2026-09-11 11:00:00,2109131.58,,
2026-09-11 12:00:00,2078026.26,,
2026-09-11 13:00:00,2128628.04,,
2026-09-11 14:00:00,2164001.21,,
2026-09-11 15:00:00,2145719.59,,
2026-09-11 16:00:00,2140677.39,,
2026-09-11 17:00:00,2174885.99,,
2026-09-11 18:00:00,2200170.28,,
2026-09-11 19:00:00,2173551.82,,
2026-09-11 20:00:00,2188605.11,,
2026-09-11 21:00:00,2189115.68,,
2026-09-11 22:00:00,2191255.22,,
2026-09-11 23:00:00,2239109.24,,
2026-09-12 00:00:00,2257089.58,,
2026-09-12 01:00:00,2240882.69,,
2026-09-12 02:00:00,2253450.61,,
2026-09-12 03:00:00,2256793.72,,
2026-09-12 04:00:00,2249273.48,,
2026-09-12 05:00:00,2275984.62,,
2026-09-12 06:00:00,2285275.27,,
2026-09-12 07:00:00,2252847.33,,
2026-09-12 08:00:00,2253526.90,,
2026-09-12 09:00:00,2254121.08,,
2026-09-12 10:00:00,2261880.21,,
2026-09-12 11:00:00,2258996.44,,
2026-09-12 12:00:00,2244465.73,,
2026-09-12 13:00:00,2240392.97,,
2026-09-12 14:00:00,2222019.90,,
2026-09-12 15:00:00,2219593.02,,
2026-09-12 16:00:00,2240867.28,,
2026-09-12 17:00:00,2223857.70,,
2026-09-12 18:00:00,2232639.73,,
2026-09-12 19:00:00,2238159.86,,
2026-09-12 20:00:00,2225184.97,,
2026-09-12 21:00:00,2225335.05,,
2026-09-12 22:00:00,2229482.47,,
2026-09-12 23:00:00,2242230.22,,
2026-09-13 00:00:00,2248248.42,,
2026-09-13 01:00:00,2359038.39,,
2026-09-13 02:00:00,2379468.98,,
2026-09-13 03:00:00,2458165.37,,
2026-09-13 04:00:00,2411298.39,,
2026-09-13 05:00:00,2299979.01,,
2026-09-13 06:00:00,2304341.16,,
2026-09-13 07:00:00,2300796.71,,
2026-09-13 08:00:00,2298407.42,,
2026-09-13 09:00:00,2271347.77,,
2026-09-13 10:00:00,2264263.79,,
2026-09-13 11:00:00,2322697.75,,
2026-09-13 12:00:00,2315216.97,,
2026-09-13 13:00:00,2325391.53,,
2026-09-13 14:00:00,2329902.90,,
2026-09-13 15:00:00,2338351.65,,
2026-09-13 16:00:00,2298079.37,,
2026-09-13 17:00:00,2314259.35,,
2026-09-13 18:00:00,2328345.32,,
2026-09-13 19:00:00,2337533.12,,
2026-09-13 20:00:00,2336210.44,,
2026-09-13 21:00:00,2333559.25,,
2026-09-13 22:00:00,2336983.35,,
2026-09-13 23:00:00,2363908.07,,
2026-09-14 00:00:00,2392050.83,,
2026-09-14 01:00:00,2447324.73,,
2026-09-14 02:00:00,2503929.03,,
2026-09-14 03:00:00,2381368.30,,
2026-09-14 04:00:00,2313882.83,,
2026-09-14 05:00:00,2320365.23,,
2026-09-14 06:00:00,2311031.72,,
2026-09-14 07:00:00,2326258.07,,
2026-09-14 08:00:00,2335166.62,,
2026-09-14 09:00:00,2320577.68,,
2026-09-14 10:00:00,2325001.42,,
2026-09-14 11:00:00,2324105.56,,
2026-09-14 12:00:00,2316300.90,,
2026-09-14 13:00:00,2309331.67,,
2026-09-14 14:00:00,2296030.10,,
2026-09-14 15:00:00,2321403.45,,
2026-09-14 16:00:00,2368924.05,,
2026-09-14 17:00:00,2389817.60,,
2026-09-14 18:00:00,2384288.18,,
2026-09-14 19:00:00,2398567.54,,
2026-09-14 20:00:00,2395506.22,,
2026-09-14 21:00:00,2396713.36,,
2026-09-14 22:00:00,2402524.90,,
2026-09-14 23:00:00,2414043.66,,
2026-09-15 00:00:00,2422744.66,,
2026-09-15 01:00:00,2416398.83,,
2026-09-15 02:00:00,2418545.15,,
2026-09-15 03:00:00,2394307.66,,
2026-09-15 04:00:00,2405332.19,,
2026-09-15 05:00:00,2385849.81,,
2026-09-15 06:00:00,2417804.33,,
2026-09-15 07:00:00,2389259.80,,
2026-09-15 08:00:00,2347555.10,,
2026-09-15 09:00:00,2346464.46,,
2026-09-15 10:00:00,2317711.01,,
2026-09-15 11:00:00,2342416.64,,
2026-09-15 12:00:00,2284885.93,,
2026-09-15 13:00:00,2279298.39,,
2026-09-15 14:00:00,2279540.34,,
2026-09-15 15:00:00,2231196.81,,
2026-09-15 16:00:00,2216549.11,,
2026-09-15 17:00:00,2227186.17,,
2026-09-15 18:00:00,2251509.94,,
2026-09-15 19:00:00,2174552.31,,
2026-09-15 20:00:00,2147685.42,,
2026-09-15 21:00:00,2157709.24,,
2026-09-15 22:00:00,2077517.25,,
2026-09-15 23:00:00,2079604.89,,
2026-09-16 00:00:00,2090864.00,,
2026-09-16 01:00:00,2094025.74,,
2026-09-16 02:00:00,2069497.05,,
2026-09-16 03:00:00,2067957.72,,
2026-09-16 04:00:00,2054963.55,,
2026-09-16 05:00:00,2084733.56,,
2026-09-16 06:00:00,2074693.43,,
2026-09-16 07:00:00,2083275.40,,
2026-09-16 08:00:00,2069892.35,,
2026-09-16 09:00:00,2054935.85,,
2026-09-16 10:00:00,2047001.26,,
2026-09-16 11:00:00,2044253.37,,
2026-09-16 12:00:00,2104079.30,,
2026-09-16 13:00:00,2064415.51,,
2026-09-16 14:00:00,2078027.98,,
2026-09-16 15:00:00,2073544.78,,
2026-09-16 16:00:00,2109011.24,,
2026-09-16 17:00:00,2077116.01,,
2026-09-16 18:00:00,2084806.68,,
2026-09-16 19:00:00,2087572.22,,
2026-09-16 20:00:00,2084210.27,,
2026-09-16 21:00:00,2075462.80,,
2026-09-16 22:00:00,2074387.61,,
2026-09-16 23:00:00,2130257.88,,
2026-09-17 00:00:00,2128863.79,,
2026-09-17 01:00:00,2107842.85,,
2026-09-17 02:00:00,2123356.72,,
2026-09-17 03:00:00,2106383.40,,
2026-09-17 04:00:00,2100053.71,,
2026-09-17 05:00:00,2102543.21,,
2026-09-17 06:00:00,2098221.16,,
2026-09-17 07:00:00,2107853.95,,
2026-09-17 08:00:00,2118085.58,,
2026-09-17 09:00:00,2098038.54,,
2026-09-17 10:00:00,2116027.58,,
2026-09-17 11:00:00,2128154.60,,
2026-09-17 12:00:00,2117919.99,,
2026-09-17 13:00:00,2105607.14,,
2026-09-17 14:00:00,2091140.42,,
2026-09-17 15:00:00,2102712.91,,
2026-09-17 16:00:00,2083262.10,,
2026-09-17 17:00:00,2110545.95,,
2026-09-17 18:00:00,2102044.46,,
2026-09-17 19:00:00,2099849.19,,
2026-09-17 20:00:00,2115953.82,,
2026-09-17 21:00:00,2123385.35,,
2026-09-17 22:00:00,2137095.29,,
2026-09-17 23:00:00,2145504.69,,
2026-09-18 00:00:00,2137881.25,,
2026-09-18 01:00:00,2163434.63,,
2026-09-18 02:00:00,2156925.51,,
2026-09-18 03:00:00,2153598.76,,
2026-09-18 04:00:00,2158058.41,,
2026-09-18 05:00:00,2147131.96,,
2026-09-18 06:00:00,2149023.23,,
2026-09-18 07:00:00,2145229.55,,
2026-09-18 08:00:00,2134893.56,,
2026-09-18 09:00:00,2125032.71,,
2026-09-18 10:00:00,2106228.97,,
2026-09-18 11:00:00,2110952.69,,
2026-09-18 12:00:00,2107437.33,,
2026-09-18 13:00:00,2080884.71,,
2026-09-18 14:00:00,2097004.70,,
2026-09-18 15:00:00,2119942.72,,
2026-09-18 16:00:00,2120380.00,,
2026-09-18 17:00:00,2124375.49,,
2026-09-18 18:00:00,2129429.50,,
2026-09-18 19:00:00,1971981.53,,
2026-09-18 20:00:00,1969804.62,,
2026-09-18 21:00:00,1968426.46,,
2026-09-18 22:00:00,2022121.40,,
2026-09-18 23:00:00,2022493.15,,
2026-09-19 00:00:00,2022740.80,,
2026-09-19 01:00:00,2025530.93,,
2026-09-19 02:00:00,2031459.99,,
2026-09-19 03:00:00,2043666.79,,
2026-09-19 04:00:00,2030909.06,,
2026-09-19 05:00:00,2030110.15,,
2026-09-19 06:00:00,2029146.91,,
2026-09-19 07:00:00,2036359.78,,
2026-09-19 08:00:00,2030512.70,,
2026-09-19 09:00:00,2064073.22,,
2026-09-19 10:00:00,2099501.74,,
2026-09-19 11:00:00,2175228.26,,
2026-09-19 12:00:00,2160839.54,,
2026-09-19 13:00:00,2127542.99,,
2026-09-19 14:00:00,2134296.32,,
2026-09-19 15:00:00,2130510.19,,
2026-09-19 16:00:00,2112992.52,,
2026-09-19 17:00:00,2141835.08,,
2026-09-19 18:00:00,2128194.74,,
2026-09-19 19:00:00,2133823.58,,
2026-09-19 20:00:00,2137394.23,,
2026-09-19 21:00:00,2135376.37,,
2026-09-19 22:00:00,2124582.64,,
2026-09-19 23:00:00,2141865.70,,
2026-09-20 00:00:00,2149977.02,,
2026-09-20 01:00:00,2150413.06,,
2026-09-20 02:00:00,2140268.16,,
2026-09-20 03:00:00,2142624.80,,
2026-09-20 04:00:00,2165913.98,,
2026-09-20 05:00:00,2188507.58,,
2026-09-20 06:00:00,2174728.51,,
2026-09-20 07:00:00,2173276.69,,
2026-09-20 08:00:00,2264420.15,,
2026-09-20 09:00:00,2112923.02,,
