time,oi_A,oi_6,oi_3
2026-05-24 12:00:00,10905166.13,,3534526.02
2026-05-24 13:00:00,11335009.18,,3579551.62
2026-05-24 14:00:00,12258404.38,,3860208.22
2026-05-24 15:00:00,11875129.62,,3686778.09
2026-05-24 16:00:00,11295285.87,,3441536.08
2026-05-24 17:00:00,10679123.10,,3314088.99
2026-05-24 18:00:00,10571263.34,,3230480.15
2026-05-24 19:00:00,10543512.82,,3034760.84
2026-05-24 20:00:00,10362348.42,,2936064.26
2026-05-24 21:00:00,10257182.92,,2930088.56
2026-05-24 22:00:00,10141239.75,,2979010.98
2026-05-24 23:00:00,10134599.88,,2994784.83
2026-05-25 00:00:00,10291402.43,,3055487.85
2026-05-25 01:00:00,10273466.52,,3061520.58
2026-05-25 02:00:00,10209615.23,,2983011.36
2026-05-25 03:00:00,10362226.15,,3015584.25
2026-05-25 04:00:00,10274061.35,,2977378.87
2026-05-25 05:00:00,10309700.14,,2929249.57
2026-05-25 06:00:00,10301704.23,,3064340.93
2026-05-25 07:00:00,10108389.97,,3095393.64
2026-05-25 08:00:00,10274205.72,,3117712.64
2026-05-25 09:00:00,10316153.19,,3159186.57
2026-05-25 10:00:00,10360230.99,,3077255.24
2026-05-25 11:00:00,10414611.22,,3353795.98
2026-05-25 12:00:00,10395992.54,,3323844.19
2026-05-25 13:00:00,10494591.10,,3266706.06
2026-05-25 14:00:00,10049658.67,,3254383.54
2026-05-25 15:00:00,9913904.86,,3202430.62
2026-05-25 16:00:00,10167680.64,,3136200.31
2026-05-25 17:00:00,10145800.39,,3182053.46
2026-05-25 18:00:00,10430848.84,,3305825.63
2026-05-25 19:00:00,11284725.51,,3912881.73
2026-05-25 20:00:00,10615683.39,,3827208.99
2026-05-25 21:00:00,11249064.85,,4146679.88
2026-05-25 22:00:00,12220796.14,,4353312.82
2026-05-25 23:00:00,11678707.96,,4330866.44
2026-05-26 00:00:00,11734983.76,,4776727.79
2026-05-26 01:00:00,11760035.86,,4758836.78
2026-05-26 02:00:00,12004363.90,,4787615.21
2026-05-26 03:00:00,11940973.04,,4783752.89
2026-05-26 04:00:00,11683320.68,,4712979.16
2026-05-26 05:00:00,11598887.37,,4531603.84
2026-05-26 06:00:00,11646820.38,,4537499.09
2026-05-26 07:00:00,11552703.23,,4439693.44
2026-05-26 08:00:00,11439713.84,,4435241.36
2026-05-26 09:00:00,11609862.87,,4321096.43
2026-05-26 10:00:00,11829795.12,,4478624.51
2026-05-26 11:00:00,11927953.92,,4489671.34
2026-05-26 12:00:00,11921520.27,,4211142.70
2026-05-26 13:00:00,11966314.86,,4179092.57
2026-05-26 14:00:00,11508752.42,,4145637.43
2026-05-26 15:00:00,11292500.95,,4158965.13
2026-05-26 16:00:00,11255287.64,,4149321.77
2026-05-26 17:00:00,11385175.82,,4317758.51
2026-05-26 18:00:00,10167850.65,,3618190.57
2026-05-26 19:00:00,9979048.71,,3459081.10
2026-05-26 20:00:00,9355029.80,,3264010.92
2026-05-26 21:00:00,9408821.51,,3249148.54
2026-05-26 22:00:00,9096309.57,,3205649.06
2026-05-26 23:00:00,9112292.32,,3165324.74
2026-05-27 00:00:00,9043594.67,,3262814.17
2026-05-27 01:00:00,9128701.12,,3360716.80
2026-05-27 02:00:00,8966860.49,,3369454.75
2026-05-27 03:00:00,8553667.91,,3471755.60
2026-05-27 04:00:00,8526493.83,,3445990.47
2026-05-27 05:00:00,8671713.04,,3465449.11
2026-05-27 06:00:00,8722738.58,,3433894.75
2026-05-27 07:00:00,8805031.27,,3328886.92
2026-05-27 08:00:00,8986341.14,,3375670.11
2026-05-27 09:00:00,9005008.46,,3349312.02
2026-05-27 10:00:00,8841992.22,,3259729.87
2026-05-27 11:00:00,8795952.97,,3153320.30
2026-05-27 12:00:00,8933198.06,,3200265.79
2026-05-27 13:00:00,9093424.98,,3203004.35
2026-05-27 14:00:00,9273341.58,,3184170.07
2026-05-27 15:00:00,9159275.58,,3199266.88
2026-05-27 16:00:00,9271046.50,,3259427.55
2026-05-27 17:00:00,9224935.43,,3291488.46
2026-05-27 18:00:00,9150359.91,,3269541.56
2026-05-27 19:00:00,9603141.12,,3346057.24
2026-05-27 20:00:00,9593048.61,,3361168.31
2026-05-27 21:00:00,9487928.47,,3224935.85
2026-05-27 22:00:00,9198123.90,,3078403.64
2026-05-27 23:00:00,9085704.17,,3021871.51
2026-05-28 00:00:00,8986902.07,,3005509.89
2026-05-28 01:00:00,9137070.27,,2996999.95
2026-05-28 02:00:00,9159033.84,,3012991.19
2026-05-28 03:00:00,9289964.63,,3140771.69
2026-05-28 04:00:00,9045239.72,,3075534.05
2026-05-28 05:00:00,9153666.28,,3081202.82
2026-05-28 06:00:00,8680880.77,,2959254.41
2026-05-28 07:00:00,8711581.79,,3025662.68
2026-05-28 08:00:00,8734338.58,,3140019.19
2026-05-28 09:00:00,8861012.06,,3170383.26
2026-05-28 10:00:00,8939007.35,,3197849.68
2026-05-28 11:00:00,8865937.76,,3192051.78
2026-05-28 12:00:00,8981593.57,,3225689.65
2026-05-28 13:00:00,8958560.48,,3243773.44
2026-05-28 14:00:00,8875873.58,,3298086.24
2026-05-28 15:00:00,8829751.58,,3140530.18
2026-05-28 16:00:00,8818138.94,,3040041.33
2026-05-28 17:00:00,8891815.30,,3051161.45
2026-05-28 18:00:00,8844986.77,,2914555.90
2026-05-28 19:00:00,8903261.49,,2847493.08
2026-05-28 20:00:00,8814531.31,,2772983.18
2026-05-28 21:00:00,8926786.87,,2819196.04
2026-05-28 22:00:00,9529316.66,,2943232.79
2026-05-28 23:00:00,9108898.81,,2696695.34
2026-05-29 00:00:00,9029987.77,,2653102.63
2026-05-29 01:00:00,8991191.92,,2637932.65
2026-05-29 02:00:00,8647120.58,,2586277.91
2026-05-29 03:00:00,8339650.04,,2520129.08
2026-05-29 04:00:00,8220774.16,,2472364.66
2026-05-29 05:00:00,8113908.12,,2485152.65
2026-05-29 06:00:00,8019013.07,,2406801.38
2026-05-29 07:00:00,8053742.02,,2448745.08
2026-05-29 08:00:00,8156833.11,,2495471.65
2026-05-29 09:00:00,7836147.11,,2356912.80
2026-05-29 10:00:00,7917097.98,,2402124.99
2026-05-29 11:00:00,7903683.80,,2393262.35
2026-05-29 12:00:00,7668296.96,,2345180.15
2026-05-29 13:00:00,7411908.95,,2262913.73
2026-05-29 14:00:00,7369602.08,,2192127.91
2026-05-29 15:00:00,7415308.24,,2176921.78
2026-05-29 16:00:00,7453600.66,,2148589.71
2026-05-29 17:00:00,7670377.84,,2175143.91
2026-05-29 18:00:00,8399210.42,,2878757.59
2026-05-29 19:00:00,7702065.32,,2711792.01
2026-05-29 20:00:00,7551761.94,,2704626.55
2026-05-29 21:00:00,7571840.12,,2693050.26
2026-05-29 22:00:00,7399619.62,,2763257.54
2026-05-29 23:00:00,7271532.08,,2568997.52
2026-05-30 00:00:00,7012775.73,,2458339.88
2026-05-30 01:00:00,6929526.91,,2363730.60
2026-05-30 02:00:00,6989194.77,,2349367.33
2026-05-30 03:00:00,7063601.86,,2355798.83
2026-05-30 04:00:00,7050442.48,,2398051.47
2026-05-30 05:00:00,6993313.87,,2391164.61
2026-05-30 06:00:00,7238448.81,,2472017.08
2026-05-30 07:00:00,7231247.51,,2490809.74
2026-05-30 08:00:00,7112332.92,,2415464.05
2026-05-30 09:00:00,7205714.57,,2453959.20
2026-05-30 10:00:00,7136027.91,,2410446.78
2026-05-30 11:00:00,7428907.52,,2537086.36
2026-05-30 12:00:00,7288889.23,,2426294.42
2026-05-30 13:00:00,7535447.46,,2445102.06
2026-05-30 14:00:00,7408184.40,,2373238.24
2026-05-30 15:00:00,7341202.13,,2322013.72
2026-05-30 16:00:00,7429706.68,,2306925.70
2026-05-30 17:00:00,7386105.29,,2287327.99
2026-05-30 18:00:00,7596067.99,,2330421.41
2026-05-30 19:00:00,7658262.95,,2283211.73
2026-05-30 20:00:00,7714554.86,,2330127.78
2026-05-30 21:00:00,7802048.21,,2406506.76
2026-05-30 22:00:00,7698950.11,,2380869.39
2026-05-30 23:00:00,7426982.60,,2309116.17
2026-05-31 00:00:00,7335202.47,,2270987.75
2026-05-31 01:00:00,7432831.91,,2326845.64
2026-05-31 02:00:00,7313862.37,,2295379.30
2026-05-31 03:00:00,7309041.26,,2282858.86
2026-05-31 04:00:00,7280639.77,,2292912.41
2026-05-31 05:00:00,7474207.53,,2263547.38
2026-05-31 06:00:00,7318651.17,,2247389.83
2026-05-31 07:00:00,7443592.10,,2261219.03
2026-05-31 08:00:00,7283223.51,,2238821.05
2026-05-31 09:00:00,7184429.31,,2209040.05
2026-05-31 10:00:00,7091598.55,,2166544.85
2026-05-31 11:00:00,7052596.30,,2158456.19
2026-05-31 12:00:00,6886942.95,,2082347.52
2026-05-31 13:00:00,6897630.65,,2041185.87
2026-05-31 14:00:00,6926602.94,,2021687.19
2026-05-31 15:00:00,6808740.70,,1967128.96
2026-05-31 16:00:00,6775396.39,,1937649.61
2026-05-31 17:00:00,6788347.99,,1926687.98
2026-05-31 18:00:00,6836761.13,,1926837.90
2026-05-31 19:00:00,6842181.08,,1905145.66
2026-05-31 20:00:00,6862038.92,,1923398.63
2026-05-31 21:00:00,7091802.41,,1965242.40
2026-05-31 22:00:00,7131535.45,,1959606.68
2026-05-31 23:00:00,7374065.98,,2085639.54
2026-06-01 00:00:00,7130028.52,,2090279.88
2026-06-01 01:00:00,7016865.18,,2088048.80
2026-06-01 02:00:00,6707788.35,,2096839.22
2026-06-01 03:00:00,6817669.27,,2181745.37
2026-06-01 04:00:00,6759179.88,,2189859.37
2026-06-01 05:00:00,6548956.82,,2128179.10
2026-06-01 06:00:00,6482698.54,,2105473.87
2026-06-01 07:00:00,6412368.39,,2057416.86
2026-06-01 08:00:00,6225254.43,,2017011.50
2026-06-01 09:00:00,6210161.67,,2025010.76
2026-06-01 10:00:00,6209607.87,,2043455.07
2026-06-01 11:00:00,6195716.22,,2016748.57
2026-06-01 12:00:00,6215558.00,,2055222.58
2026-06-01 13:00:00,6210467.26,,2054360.24
2026-06-01 14:00:00,6241583.17,,2017130.14
2026-06-01 15:00:00,6381167.26,,2013323.23
2026-06-01 16:00:00,6681646.51,,1982773.72
2026-06-01 17:00:00,6894924.67,,2086905.38
2026-06-01 18:00:00,6964399.42,,2078813.48
2026-06-01 19:00:00,7112063.54,,2132160.50
2026-06-01 20:00:00,7146910.28,,2143447.02
2026-06-01 21:00:00,7103364.66,,2130302.47
2026-06-01 22:00:00,7021806.43,,2102397.93
2026-06-01 23:00:00,7106264.87,,2139027.37
2026-06-02 00:00:00,7356222.31,,2242337.43
2026-06-02 01:00:00,7489891.91,,2268800.10
2026-06-02 02:00:00,7307264.24,,2244324.88
2026-06-02 03:00:00,7370896.41,,2256225.18
2026-06-02 04:00:00,7316686.50,,2235593.67
2026-06-02 05:00:00,7156868.90,,2193614.10
2026-06-02 06:00:00,6848592.26,,2124513.96
2026-06-02 07:00:00,6809360.90,,2105876.60
2026-06-02 08:00:00,6823778.39,,2120540.49
2026-06-02 09:00:00,6818227.41,,2123843.05
2026-06-02 10:00:00,6739205.38,,2118621.43
2026-06-02 11:00:00,6996229.53,,2230007.34
2026-06-02 12:00:00,6908417.94,,2149931.28
2026-06-02 13:00:00,7016077.80,,2182178.63
2026-06-02 14:00:00,6856741.03,,2186351.53
2026-06-02 15:00:00,6583510.76,,2041475.19
2026-06-02 16:00:00,6501996.66,,2059457.39
2026-06-02 17:00:00,6564566.06,,2089423.29
2026-06-02 18:00:00,6615839.30,,2127709.35
2026-06-02 19:00:00,6628657.17,,2148862.34
2026-06-02 20:00:00,6738807.86,,2208400.12
2026-06-02 21:00:00,6876772.82,,2258166.57
2026-06-02 22:00:00,6732890.82,,2235559.28
2026-06-02 23:00:00,6512267.62,,2234580.13
2026-06-03 00:00:00,6364877.16,,2172449.60
2026-06-03 01:00:00,6424153.86,,2211262.00
2026-06-03 02:00:00,6412300.74,,2251963.63
2026-06-03 03:00:00,6544924.70,,2302292.48
2026-06-03 04:00:00,6407707.93,,2246099.02
2026-06-03 05:00:00,6761901.85,,2396443.56
2026-06-03 06:00:00,6629867.50,,2380503.71
2026-06-03 07:00:00,6493805.27,,2299984.74
2026-06-03 08:00:00,6490938.34,,2313811.54
2026-06-03 09:00:00,6490482.89,,2399380.77
2026-06-03 10:00:00,6256321.76,,2290073.56
2026-06-03 11:00:00,6368804.02,,2335419.55
2026-06-03 12:00:00,6493727.99,,2509684.41
2026-06-03 13:00:00,6609828.19,,2599118.15
2026-06-03 14:00:00,7231189.33,,3111439.40
2026-06-03 15:00:00,7513586.72,,3116742.42
2026-06-03 16:00:00,7039143.15,,2835557.74
2026-06-03 17:00:00,7015736.27,,2869902.46
2026-06-03 18:00:00,6952540.50,,2839377.38
2026-06-03 19:00:00,7027852.10,,2846756.90
2026-06-03 20:00:00,6878674.35,,2808711.47
2026-06-03 21:00:00,6730118.68,,2778157.12
2026-06-03 22:00:00,7070930.42,,2873253.70
2026-06-03 23:00:00,7124643.50,,2858632.56
2026-06-04 00:00:00,6925023.26,,2822193.74
2026-06-04 01:00:00,6734975.14,,2723483.41
2026-06-04 02:00:00,6550515.03,,2647836.32
2026-06-04 03:00:00,6217307.77,,2608909.59
2026-06-04 04:00:00,6225048.76,,2590665.83
2026-06-04 05:00:00,6080592.26,,2533766.32
2026-06-04 06:00:00,5934943.21,,2569600.51
2026-06-04 07:00:00,5866640.98,,2546633.48
2026-06-04 08:00:00,5725319.54,,2522668.78
2026-06-04 09:00:00,5620262.51,,2550011.30
2026-06-04 10:00:00,5538415.66,,2555680.76
2026-06-04 11:00:00,5558283.18,,2530123.16
2026-06-04 12:00:00,5600114.11,,2523322.78
2026-06-04 13:00:00,5490785.40,,2432032.81
2026-06-04 14:00:00,5526561.06,,2396387.54
2026-06-04 15:00:00,5252751.43,,2342753.08
2026-06-04 16:00:00,5278080.65,,2346559.93
2026-06-04 17:00:00,5316090.31,,2341187.82
2026-06-04 18:00:00,5492348.73,,2245216.32
2026-06-04 19:00:00,5410588.24,,2133529.66
2026-06-04 20:00:00,5570687.30,,2081796.07
2026-06-04 21:00:00,5329837.48,,1990572.13
2026-06-04 22:00:00,5110380.08,,2022629.31
2026-06-04 23:00:00,5185521.49,,2063445.26
2026-06-05 00:00:00,5131508.83,,2073394.47
2026-06-05 01:00:00,5170458.00,,2092268.79
2026-06-05 02:00:00,5149789.74,,2122420.40
2026-06-05 03:00:00,4992459.28,,2015922.94
2026-06-05 04:00:00,5029581.07,,2060101.06
2026-06-05 05:00:00,5371189.76,,2114512.78
2026-06-05 06:00:00,5394644.68,,2069143.41
2026-06-05 07:00:00,5301955.22,,1998534.16
2026-06-05 08:00:00,5437740.00,,2038503.00
2026-06-05 09:00:00,5498674.01,,2038423.85
2026-06-05 10:00:00,5456380.04,,2004346.02
2026-06-05 11:00:00,5320903.61,,1952282.16
2026-06-05 12:00:00,5257610.25,,1908917.52
2026-06-05 13:00:00,5330908.66,,1940606.48
2026-06-05 14:00:00,5312207.21,,1914185.97
2026-06-05 15:00:00,5317408.05,,1876540.31
2026-06-05 16:00:00,5392475.38,,1812842.24
2026-06-05 17:00:00,5807730.20,,1880273.48
2026-06-05 18:00:00,5703835.04,,1855961.25
2026-06-05 19:00:00,5640612.70,,1755151.30
2026-06-05 20:00:00,5951286.28,,1804350.54
2026-06-05 21:00:00,5998874.01,,1819817.82
2026-06-05 22:00:00,5950642.38,,1766445.36
2026-06-05 23:00:00,5840620.72,,1674850.42
2026-06-06 00:00:00,6144442.93,,1700514.43
2026-06-06 01:00:00,5927305.41,,1581459.86
2026-06-06 02:00:00,5801654.69,,1552729.99
2026-06-06 03:00:00,5732153.10,,1517629.24
2026-06-06 04:00:00,5611526.51,,1494122.85
2026-06-06 05:00:00,5635785.67,,1460409.30
2026-06-06 06:00:00,5780843.74,,1483387.23
2026-06-06 07:00:00,5678828.87,,1464939.06
2026-06-06 08:00:00,6131064.53,,1599533.00
2026-06-06 09:00:00,6075550.95,,1591633.50
2026-06-06 10:00:00,5991648.84,,1539224.30
2026-06-06 11:00:00,5971570.57,,1507597.40
2026-06-06 12:00:00,5956543.40,,1498584.78
2026-06-06 13:00:00,6087829.80,,1555852.58
2026-06-06 14:00:00,6015431.55,,1530343.96
2026-06-06 15:00:00,6037449.39,,1527756.26
2026-06-06 16:00:00,6030890.45,,1526979.35
2026-06-06 17:00:00,5973724.46,,1500343.78
2026-06-06 18:00:00,5905647.05,,1478638.22
2026-06-06 19:00:00,5934875.36,,1478652.54
2026-06-06 20:00:00,5865379.28,,1449174.79
2026-06-06 21:00:00,5964072.77,,1449266.56
2026-06-06 22:00:00,5927245.05,,1436425.13
2026-06-06 23:00:00,5912966.85,,1427558.85
2026-06-07 00:00:00,5963028.17,,1429828.91
2026-06-07 01:00:00,6024419.57,,1449360.60
2026-06-07 02:00:00,6139373.45,,1447447.91
2026-06-07 03:00:00,6021959.19,,1410785.25
2026-06-07 04:00:00,6109159.33,,1402716.35
2026-06-07 05:00:00,6062618.73,,1403027.36
2026-06-07 06:00:00,6226145.20,,1440588.98
2026-06-07 07:00:00,6308764.81,,1449306.20
2026-06-07 08:00:00,6406996.02,,1433487.22
2026-06-07 09:00:00,6283310.88,,1419703.25
2026-06-07 10:00:00,6135399.68,,1376959.26
2026-06-07 11:00:00,6152703.82,,1366283.82
2026-06-07 12:00:00,6224512.64,,1358204.12
2026-06-07 13:00:00,6115454.20,,1336841.61
2026-06-07 14:00:00,6121973.92,,1346230.47
2026-06-07 15:00:00,6135864.88,,1345830.17
2026-06-07 16:00:00,6152904.15,,1368617.39
2026-06-07 17:00:00,6228442.29,,1383800.16
2026-06-07 18:00:00,6377172.73,,1416211.93
2026-06-07 19:00:00,6167468.14,,1367795.75
2026-06-07 20:00:00,6048654.85,,1317847.46
2026-06-07 21:00:00,6116496.42,,1335768.79
2026-06-07 22:00:00,6018584.90,,1341215.92
2026-06-07 23:00:00,5905088.11,,1476096.54
2026-06-08 00:00:00,6008136.14,,1498065.14
2026-06-08 01:00:00,5949897.67,,1509876.66
2026-06-08 02:00:00,5936196.46,,1486370.25
2026-06-08 03:00:00,5946876.79,,1478131.18
2026-06-08 04:00:00,5954755.54,,1473150.53
2026-06-08 05:00:00,5870144.31,,1434227.42
2026-06-08 06:00:00,5927523.92,,1457657.90
2026-06-08 07:00:00,6049882.38,,1464803.26
2026-06-08 08:00:00,6077585.68,,1445401.19
2026-06-08 09:00:00,6030965.31,,1412298.99
2026-06-08 10:00:00,6064336.15,,1403352.62
2026-06-08 11:00:00,6033595.03,,1405196.80
2026-06-08 12:00:00,6083382.36,,1411273.94
2026-06-08 13:00:00,6219534.18,,1426857.92
2026-06-08 14:00:00,6309830.30,,1449269.02
2026-06-08 15:00:00,6332803.60,,1460212.73
2026-06-08 16:00:00,6169236.61,,1437446.36
2026-06-08 17:00:00,6067323.20,,1469358.64
2026-06-08 18:00:00,6178156.64,,1453382.71
2026-06-08 19:00:00,6156842.59,,1426950.28
2026-06-08 20:00:00,6110421.12,,1398663.38
2026-06-08 21:00:00,6155080.46,,1393338.79
2026-06-08 22:00:00,6174467.21,,1389018.40
2026-06-08 23:00:00,6080915.80,,1348773.15
2026-06-09 00:00:00,6026553.14,,1344109.17
2026-06-09 01:00:00,5926183.60,,1326416.47
2026-06-09 02:00:00,5994194.17,,1311103.38
2026-06-09 03:00:00,5911268.78,,1295396.42
2026-06-09 04:00:00,5884432.44,,1268127.07
2026-06-09 05:00:00,6015435.51,,1309775.29
2026-06-09 06:00:00,6075559.75,,1364525.50
2026-06-09 07:00:00,6062664.19,,1382005.16
2026-06-09 08:00:00,6150438.43,,1433861.52
2026-06-09 09:00:00,6172450.05,,1444233.33
2026-06-09 10:00:00,6088516.50,,1351625.96
2026-06-09 11:00:00,6102284.18,,1353136.22
2026-06-09 12:00:00,6121279.83,,1348915.53
2026-06-09 13:00:00,6123705.94,,1355984.15
2026-06-09 14:00:00,6110718.53,,1347699.00
2026-06-09 15:00:00,6067584.15,,1356713.83
2026-06-09 16:00:00,5936064.58,,1315531.73
2026-06-09 17:00:00,6190210.04,,1331354.19
2026-06-09 18:00:00,6200485.27,,1311597.00
2026-06-09 19:00:00,6155098.68,,1313108.79
2026-06-09 20:00:00,6110155.72,,1293329.56
2026-06-09 21:00:00,6216236.40,,1300934.33
2026-06-09 22:00:00,6087922.49,,1270569.42
2026-06-09 23:00:00,6017309.88,,1260191.28
2026-06-10 00:00:00,6032254.06,,1263171.83
2026-06-10 01:00:00,6065093.46,,1247411.66
2026-06-10 02:00:00,6018625.11,,1230178.44
2026-06-10 03:00:00,5968579.71,,1220548.62
2026-06-10 04:00:00,5947527.54,,1215429.94
2026-06-10 05:00:00,6327001.16,,1300001.27
2026-06-10 06:00:00,6112392.60,,1283659.24
2026-06-10 07:00:00,6033968.09,,1281046.47
2026-06-10 08:00:00,6147246.21,,1288895.35
2026-06-10 09:00:00,6115389.75,,1274213.55
2026-06-10 10:00:00,6064932.16,,1291762.39
2026-06-10 11:00:00,6085935.94,,1284943.52
2026-06-10 12:00:00,5970379.02,,1290131.58
2026-06-10 13:00:00,6128131.68,,1342923.09
2026-06-10 14:00:00,6120608.73,,1329727.06
2026-06-10 15:00:00,5992855.46,,1247328.05
2026-06-10 16:00:00,5989832.01,,1255657.47
2026-06-10 17:00:00,5945512.97,,1273123.73
2026-06-10 18:00:00,5933210.10,,1275796.06
2026-06-10 19:00:00,5895635.68,,1275681.97
2026-06-10 20:00:00,5853076.23,,1263616.32
2026-06-10 21:00:00,5790446.74,,1235517.52
2026-06-10 22:00:00,5742457.20,,1224265.15
2026-06-10 23:00:00,5764584.16,,1233643.50
2026-06-11 00:00:00,5799206.88,,1236603.56
2026-06-11 01:00:00,5794711.50,,1222733.13
2026-06-11 02:00:00,5917050.38,,1256178.39
2026-06-11 03:00:00,5787833.05,,1206395.12
2026-06-11 04:00:00,5854238.69,,1224621.30
2026-06-11 05:00:00,5900589.70,,1251545.46
2026-06-11 06:00:00,5928273.93,,1248572.97
2026-06-11 07:00:00,5930585.34,,1255681.98
2026-06-11 08:00:00,6054608.07,,1245045.10
2026-06-11 09:00:00,6068066.45,,1274124.94
2026-06-11 10:00:00,6056980.14,,1255612.22
2026-06-11 11:00:00,6134796.90,,1293332.40
2026-06-11 12:00:00,6064397.59,,1291291.31
2026-06-11 13:00:00,5923742.17,,1213796.34
2026-06-11 14:00:00,5925736.05,,1238575.93
2026-06-11 15:00:00,5928287.45,,1243086.63
2026-06-11 16:00:00,5972562.87,,1248081.31
2026-06-11 17:00:00,5959810.73,,1245262.73
2026-06-11 18:00:00,6001987.43,,1239860.29
2026-06-11 19:00:00,5965805.56,,1229454.53
2026-06-11 20:00:00,5922881.35,,1222004.11
2026-06-11 21:00:00,6026798.98,,1253120.83
2026-06-11 22:00:00,6312463.27,,1347337.21
2026-06-11 23:00:00,6230251.68,,1395807.75
2026-06-12 00:00:00,6316403.94,,1414322.91
2026-06-12 01:00:00,6341658.42,,1411729.44
2026-06-12 02:00:00,6085889.12,,1358560.94
2026-06-12 03:00:00,6143783.58,,1385914.56
2026-06-12 04:00:00,6070942.50,,1426194.57
2026-06-12 05:00:00,5961570.61,,1433244.89
2026-06-12 06:00:00,5751049.42,,1371503.42
2026-06-12 07:00:00,5821686.07,,1393516.90
2026-06-12 08:00:00,5910127.03,,1400722.69
2026-06-12 09:00:00,5977150.64,,1418983.11
2026-06-12 10:00:00,6082954.08,,1481109.48
2026-06-12 11:00:00,6054955.62,,1435694.13
2026-06-12 12:00:00,6047822.75,,1404056.81
2026-06-12 13:00:00,6079316.93,,1405743.07
2026-06-12 14:00:00,6011000.52,,1333570.31
2026-06-12 15:00:00,6148849.91,,1406687.14
2026-06-12 16:00:00,5978272.38,,1348171.48
2026-06-12 17:00:00,6007321.88,,1343060.64
2026-06-12 18:00:00,6055899.48,,1347330.86
2026-06-12 19:00:00,5961043.70,,1314729.71
2026-06-12 20:00:00,5985585.87,,1335205.98
2026-06-12 21:00:00,6016796.35,,1336967.60
2026-06-12 22:00:00,6053159.55,,1336518.00
2026-06-12 23:00:00,6167499.85,,1407577.53
2026-06-13 00:00:00,6206641.84,,1455248.34
2026-06-13 01:00:00,6229954.28,,1453070.62
2026-06-13 02:00:00,6308927.40,,1492152.04
2026-06-13 03:00:00,6206445.77,,1465189.38
2026-06-13 04:00:00,6129317.53,,1455610.51
2026-06-13 05:00:00,5970285.24,,1422629.56
2026-06-13 06:00:00,5986166.96,,1437203.90
2026-06-13 07:00:00,5958513.77,,1420755.40
2026-06-13 08:00:00,6100130.70,,1466505.41
2026-06-13 09:00:00,6069254.92,,1452746.03
2026-06-13 10:00:00,6025771.85,,1435938.01
2026-06-13 11:00:00,6130562.30,,1491884.05
2026-06-13 12:00:00,6148086.96,,1488238.62
2026-06-13 13:00:00,6218448.51,,1515571.24
2026-06-13 14:00:00,6205872.22,,1493378.99
2026-06-13 15:00:00,6333708.46,,1543807.21
2026-06-13 16:00:00,6321639.35,,1510643.96
2026-06-13 17:00:00,6145677.18,,1486501.91
2026-06-13 18:00:00,6109639.19,,1499109.12
2026-06-13 19:00:00,6123577.46,,1474184.70
2026-06-13 20:00:00,6196411.28,,1471513.27
2026-06-13 21:00:00,6115365.95,,1438877.24
2026-06-13 22:00:00,6219533.82,,1457073.18
2026-06-13 23:00:00,6239037.80,,1450474.24
2026-06-14 00:00:00,6236488.66,,1466625.92
2026-06-14 01:00:00,6199133.87,,1471315.19
2026-06-14 02:00:00,6271292.36,,1503433.19
2026-06-14 03:00:00,6200845.80,,1466084.02
2026-06-14 04:00:00,6234592.62,,1464017.11
2026-06-14 05:00:00,6160277.34,,1444476.79
2026-06-14 06:00:00,6201419.43,,1450718.31
2026-06-14 07:00:00,6192196.26,,1437564.96
2026-06-14 08:00:00,6159279.38,,1450085.03
2026-06-14 09:00:00,6107689.57,,1408845.89
2026-06-14 10:00:00,6128098.01,,1405667.28
2026-06-14 11:00:00,6055487.87,,1354854.79
2026-06-14 12:00:00,6167790.65,,1350975.34
2026-06-14 13:00:00,6053621.63,,1318624.93
2026-06-14 14:00:00,6183714.29,,1358252.28
2026-06-14 15:00:00,6062124.14,,1320195.62
2026-06-14 16:00:00,6152034.80,,1395717.87
2026-06-14 17:00:00,6131042.44,,1410321.33
2026-06-14 18:00:00,6161050.15,,1427066.17
2026-06-14 19:00:00,6244587.51,,1437099.80
2026-06-14 20:00:00,6335569.28,,1451568.85
2026-06-14 21:00:00,6426464.25,,1458152.76
2026-06-14 22:00:00,6495041.30,,1485828.55
2026-06-14 23:00:00,7221388.94,,1653881.88
2026-06-15 00:00:00,7215110.62,,1747129.65
2026-06-15 01:00:00,7255585.56,,1746831.05
2026-06-15 02:00:00,7419306.71,,1849785.04
2026-06-15 03:00:00,7520344.33,,2031452.06
2026-06-15 04:00:00,7421023.29,,2276158.14
2026-06-15 05:00:00,7306848.11,,2410247.78
2026-06-15 06:00:00,7614900.31,,2758473.35
2026-06-15 07:00:00,7794076.54,,2824005.14
2026-06-15 08:00:00,8022982.97,,2872266.74
2026-06-15 09:00:00,8195266.67,,2982670.24
2026-06-15 10:00:00,7856019.37,,2679572.01
2026-06-15 11:00:00,7773648.75,,2667729.53
2026-06-15 12:00:00,7904245.33,,2628953.42
2026-06-15 13:00:00,8171244.58,,2720847.06
2026-06-15 14:00:00,8041145.27,,2638840.93
2026-06-15 15:00:00,7938021.04,,2498025.69
2026-06-15 16:00:00,8241961.50,,2714745.42
2026-06-15 17:00:00,7992065.93,,2538715.99
2026-06-15 18:00:00,8186645.20,,2554352.55
2026-06-15 19:00:00,7886690.46,,2431808.28
2026-06-15 20:00:00,7697664.92,,2320881.57
2026-06-15 21:00:00,7666252.17,,2272646.10
2026-06-15 22:00:00,7715619.06,,2290326.23
2026-06-15 23:00:00,7539789.06,,2245464.59
2026-06-16 00:00:00,7599577.19,,2251794.56
2026-06-16 01:00:00,7674035.84,,2272729.69
2026-06-16 02:00:00,7776427.01,,2277961.54
2026-06-16 03:00:00,7759629.50,,2292188.40
2026-06-16 04:00:00,7914251.41,,2320004.27
2026-06-16 05:00:00,7671327.96,,2255212.06
2026-06-16 06:00:00,7818109.21,,2287216.61
2026-06-16 07:00:00,7901623.57,,2301860.53
2026-06-16 08:00:00,7739804.68,,2276730.28
2026-06-16 09:00:00,7951677.40,,2209312.29
2026-06-16 10:00:00,7857247.07,,2166503.95
2026-06-16 11:00:00,7843422.86,,2178547.99
2026-06-16 12:00:00,7814086.25,,2105481.41
2026-06-16 13:00:00,7612032.90,,2082348.68
2026-06-16 14:00:00,7530702.08,,2016967.01
2026-06-16 15:00:00,7350949.06,,1928910.17
2026-06-16 16:00:00,7368071.91,,1843311.12
2026-06-16 17:00:00,7430356.32,,1842133.10
2026-06-16 18:00:00,7639547.91,,1889746.23
2026-06-16 19:00:00,7587308.32,,1862994.91
2026-06-16 20:00:00,7215486.43,,1790225.35
2026-06-16 21:00:00,7306406.85,,1838567.64
2026-06-16 22:00:00,7216697.01,,1810898.81
2026-06-16 23:00:00,7163450.11,,1818609.99
2026-06-17 00:00:00,7018375.24,,1769801.93
2026-06-17 01:00:00,6947313.60,,1786761.99
2026-06-17 02:00:00,7120107.06,,1835607.73
2026-06-17 03:00:00,7326730.92,,1867243.23
2026-06-17 04:00:00,7319867.09,,1863798.96
2026-06-17 05:00:00,7290282.68,,1846434.11
2026-06-17 06:00:00,7463115.78,,1912565.69
2026-06-17 07:00:00,7423567.80,,1862948.74
2026-06-17 08:00:00,7274718.66,,1853729.39
2026-06-17 09:00:00,7231843.20,,1827559.35
2026-06-17 10:00:00,7292987.46,,1837297.60
2026-06-17 11:00:00,7236941.50,,1826857.25
2026-06-17 12:00:00,7434628.16,,2004804.23
2026-06-17 13:00:00,7840680.90,,2052917.00
2026-06-17 14:00:00,7855851.88,,1983225.60
2026-06-17 15:00:00,7685472.80,,1969395.93
2026-06-17 16:00:00,7911735.57,,2048159.50
2026-06-17 17:00:00,7873028.33,,2067915.86
2026-06-17 18:00:00,7774436.31,,2034588.10
2026-06-17 19:00:00,7507087.81,,1941427.47
2026-06-17 20:00:00,7083093.34,,1791512.91
2026-06-17 21:00:00,7095202.83,,1760021.72
2026-06-17 22:00:00,6886573.30,,1709536.50
2026-06-17 23:00:00,6803626.46,,1678062.27
2026-06-18 00:00:00,6637820.52,,1658831.09
2026-06-18 01:00:00,6683257.95,,1668967.36
2026-06-18 02:00:00,6735836.14,,1667040.85
2026-06-18 03:00:00,6686728.83,,1645878.75
2026-06-18 04:00:00,6560185.70,,1637158.89
2026-06-18 05:00:00,6551169.90,,1622047.32
2026-06-18 06:00:00,6522186.76,,1591343.30
2026-06-18 07:00:00,6523424.64,,1618534.78
2026-06-18 08:00:00,6593010.05,,1594464.07
2026-06-18 09:00:00,6660690.98,,1603102.22
2026-06-18 10:00:00,6635222.98,,1589230.88
2026-06-18 11:00:00,6528697.64,,1574544.78
2026-06-18 12:00:00,6497411.30,,1532114.38
2026-06-18 13:00:00,6430994.09,,1549307.00
2026-06-18 14:00:00,6353019.02,,1565747.75
2026-06-18 15:00:00,6418917.00,,1589556.96
2026-06-18 16:00:00,6217161.42,,1561096.64
2026-06-18 17:00:00,6655314.13,,1646245.75
2026-06-18 18:00:00,6637400.06,,1557934.24
2026-06-18 19:00:00,6765682.42,,1585393.69
2026-06-18 20:00:00,6763725.64,,1578119.95
2026-06-18 21:00:00,6709142.70,,1564735.36
2026-06-18 22:00:00,6634503.09,,1522641.11
2026-06-18 23:00:00,6607247.54,,1513102.80
2026-06-19 00:00:00,6580115.38,,1522520.30
2026-06-19 01:00:00,6745892.16,,1552266.50
2026-06-19 02:00:00,6647961.33,,1518658.41
2026-06-19 03:00:00,6616472.36,,1516865.69
2026-06-19 04:00:00,6492462.65,,1491119.36
2026-06-19 05:00:00,6453152.72,,1487460.07
2026-06-19 06:00:00,6489080.22,,1497764.93
2026-06-19 07:00:00,6575052.46,,1503680.93
2026-06-19 08:00:00,6532094.43,,1500352.54
2026-06-19 09:00:00,6659005.03,,1525478.80
2026-06-19 10:00:00,6580082.04,,1510997.07
2026-06-19 11:00:00,6596237.65,,1510270.26
2026-06-19 12:00:00,6591798.63,,1501001.10
2026-06-19 13:00:00,6758971.11,,1541452.63
2026-06-19 14:00:00,6750387.39,,1515032.04
2026-06-19 15:00:00,6710678.34,,1533286.22
2026-06-19 16:00:00,6668824.74,,1498100.35
2026-06-19 17:00:00,6624193.29,,1479691.74
2026-06-19 18:00:00,6777081.06,,1510450.91
2026-06-19 19:00:00,6824429.93,,1512786.32
2026-06-19 20:00:00,6860635.06,,1509298.28
2026-06-19 21:00:00,6787927.58,,1472279.96
2026-06-19 22:00:00,7005769.77,,1504851.69
2026-06-19 23:00:00,6849179.94,,1471993.14
2026-06-20 00:00:00,7052520.61,,1522883.55
2026-06-20 01:00:00,6901611.61,,1514709.49
2026-06-20 02:00:00,7101658.68,,1601125.42
2026-06-20 03:00:00,6985792.68,,1541800.30
2026-06-20 04:00:00,7002814.68,,1544974.98
2026-06-20 05:00:00,6992845.58,,1515392.27
2026-06-20 06:00:00,6980003.96,,1510946.90
2026-06-20 07:00:00,6897476.73,,1502773.30
2026-06-20 08:00:00,7088796.57,,1511660.62
2026-06-20 09:00:00,7246094.31,,1538710.49
2026-06-20 10:00:00,7265841.56,,1520032.10
2026-06-20 11:00:00,7247522.31,,1517072.71
2026-06-20 12:00:00,7022582.74,,1484455.54
2026-06-20 13:00:00,7122090.30,,1500918.08
2026-06-20 14:00:00,6944909.04,,1481054.35
2026-06-20 15:00:00,7002674.13,,1575235.65
2026-06-20 16:00:00,6990613.65,,1533292.47
2026-06-20 17:00:00,6900278.62,,1522652.75
2026-06-20 18:00:00,6818859.12,,1515418.83
2026-06-20 19:00:00,6824660.82,,1509926.14
2026-06-20 20:00:00,6834988.81,,1506761.10
2026-06-20 21:00:00,6832906.03,,1511449.21
2026-06-20 22:00:00,6798799.07,,1496838.37
2026-06-20 23:00:00,6826386.41,,1501025.49
2026-06-21 00:00:00,6822483.46,,1518231.95
2026-06-21 01:00:00,6910337.97,,1529801.63
2026-06-21 02:00:00,6858067.59,,1517444.88
2026-06-21 03:00:00,6865849.53,,1500597.74
2026-06-21 04:00:00,6919034.00,,1524589.99
2026-06-21 05:00:00,6996247.40,,1569886.19
2026-06-21 06:00:00,6954996.72,,1558809.33
2026-06-21 07:00:00,6968202.08,,1574093.16
2026-06-21 08:00:00,7119111.90,,1627055.88
2026-06-21 09:00:00,6977624.01,,1607810.76
2026-06-21 10:00:00,6951889.69,,1592603.88
2026-06-21 11:00:00,6836854.32,,1563914.95
2026-06-21 12:00:00,6919080.89,,1572726.68
2026-06-21 13:00:00,6838409.99,,1537947.72
2026-06-21 14:00:00,6829697.22,,1541563.53
2026-06-21 15:00:00,6799699.26,,1528800.14
2026-06-21 16:00:00,6928205.69,,1549846.69
2026-06-21 17:00:00,6871774.75,,1531498.42
2026-06-21 18:00:00,6823998.12,,1513452.99
2026-06-21 19:00:00,6831639.73,,1517397.81
2026-06-21 20:00:00,6907190.79,,1559032.00
2026-06-21 21:00:00,6731572.09,,1495711.16
2026-06-21 22:00:00,6643750.73,,1502605.58
2026-06-21 23:00:00,6682016.43,,1501430.90
2026-06-22 00:00:00,6606398.32,,1471314.00
2026-06-22 01:00:00,6737058.91,,1480337.08
2026-06-22 02:00:00,6828762.79,,1491180.59
2026-06-22 03:00:00,6771394.91,,1482362.34
2026-06-22 04:00:00,6855865.92,,1625068.91
2026-06-22 05:00:00,6855206.95,,1652569.74
2026-06-22 06:00:00,6896620.18,,1666950.73
2026-06-22 07:00:00,6929546.26,,1681554.12
2026-06-22 08:00:00,6810119.56,,1556355.95
2026-06-22 09:00:00,6816106.30,,1548382.68
2026-06-22 10:00:00,6762255.34,,1527067.96
2026-06-22 11:00:00,6897912.37,,1621971.30
2026-06-22 12:00:00,7298845.33,,1789388.73
2026-06-22 13:00:00,7571594.82,,1842207.03
2026-06-22 14:00:00,7525886.58,,1829003.21
2026-06-22 15:00:00,7404416.07,,1943460.16
2026-06-22 16:00:00,7335632.13,,1911521.91
2026-06-22 17:00:00,7109971.51,,1732899.84
2026-06-22 18:00:00,7059394.43,,1698469.34
2026-06-22 19:00:00,6997480.51,,1652755.82
2026-06-22 20:00:00,6887218.05,,1624518.90
2026-06-22 21:00:00,6947327.41,,1625889.13
2026-06-22 22:00:00,6866310.66,,1577542.54
2026-06-22 23:00:00,6772288.80,,1558892.54
2026-06-23 00:00:00,6716455.24,,1552872.91
2026-06-23 01:00:00,6743006.17,,1546677.81
2026-06-23 02:00:00,6705016.72,,1553913.98
2026-06-23 03:00:00,6742511.31,,1545271.40
2026-06-23 04:00:00,6867390.26,,1689640.88
2026-06-23 05:00:00,6767372.26,,1635565.42
2026-06-23 06:00:00,6771817.89,,1634262.54
2026-06-23 07:00:00,6639289.97,,1617510.02
2026-06-23 08:00:00,6655593.82,,1609335.49
2026-06-23 09:00:00,6639859.74,,1585694.25
2026-06-23 10:00:00,6828192.98,,1652607.22
2026-06-23 11:00:00,6708080.94,,1597716.52
2026-06-23 12:00:00,6790304.50,,1604699.77
2026-06-23 13:00:00,7216191.25,,1637026.86
2026-06-23 14:00:00,7237684.68,,1666991.51
2026-06-23 15:00:00,7152983.13,,1614916.74
2026-06-23 16:00:00,7128403.29,,1630551.69
2026-06-23 17:00:00,7094258.99,,1611274.03
2026-06-23 18:00:00,7091895.45,,1641156.09
2026-06-23 19:00:00,7193120.61,,1650934.37
2026-06-23 20:00:00,7538712.84,,1736960.14
2026-06-23 21:00:00,7618508.15,,1765000.22
2026-06-23 22:00:00,7441501.24,,1717389.80
2026-06-23 23:00:00,7018785.65,,1662700.68
2026-06-24 00:00:00,6955659.17,,1647407.17
2026-06-24 01:00:00,7115766.83,,1657626.12
2026-06-24 02:00:00,7268415.40,,1691697.74
2026-06-24 03:00:00,7167318.25,,1671413.59
2026-06-24 04:00:00,7241092.83,,1681001.32
2026-06-24 05:00:00,7260066.05,,1669412.09
2026-06-24 06:00:00,7283577.88,,1660793.79
2026-06-24 07:00:00,7334230.23,,1686052.37
2026-06-24 08:00:00,7423916.76,,1684950.53
2026-06-24 09:00:00,7553902.95,,1679651.37
2026-06-24 10:00:00,7551308.19,,1684676.27
2026-06-24 11:00:00,7536870.87,,1661675.06
2026-06-24 12:00:00,7587212.64,,1666585.44
2026-06-24 13:00:00,7481950.82,,1674572.85
2026-06-24 14:00:00,7460574.76,,1642730.25
2026-06-24 15:00:00,8154505.39,,1846580.63
2026-06-24 16:00:00,7760894.28,,1786056.67
2026-06-24 17:00:00,7231417.13,,1677914.93
2026-06-24 18:00:00,7012548.71,,1652371.35
2026-06-24 19:00:00,6988288.98,,1631624.04
2026-06-24 20:00:00,7299024.52,,1700325.20
2026-06-24 21:00:00,7106126.68,,1649193.73
2026-06-24 22:00:00,7520618.89,,1768887.57
2026-06-24 23:00:00,7463213.04,,1741003.67
2026-06-25 00:00:00,7530551.47,,1793739.27
2026-06-25 01:00:00,7614520.74,,1769976.98
2026-06-25 02:00:00,7769556.86,,1797839.81
2026-06-25 03:00:00,7869074.76,,1810677.98
2026-06-25 04:00:00,7793847.75,,1794568.85
2026-06-25 05:00:00,7972033.85,,1853890.07
2026-06-25 06:00:00,8326024.41,,1972928.86
2026-06-25 07:00:00,8218565.17,,1968388.70
2026-06-25 08:00:00,8195571.13,,1963080.89
2026-06-25 09:00:00,8129060.54,,1945146.08
2026-06-25 10:00:00,7979781.21,,1880948.01
2026-06-25 11:00:00,7967553.87,,1854723.29
2026-06-25 12:00:00,7954238.06,,1823506.65
2026-06-25 13:00:00,7725347.01,,1791068.09
2026-06-25 14:00:00,7252272.24,,1735023.62
2026-06-25 15:00:00,7388338.96,,1809561.94
2026-06-25 16:00:00,7466902.05,,1804357.62
2026-06-25 17:00:00,7334832.55,,1727067.28
2026-06-25 18:00:00,7219076.60,,1712901.96
2026-06-25 19:00:00,7317901.88,,1716433.12
2026-06-25 20:00:00,7325368.10,,1692995.22
2026-06-25 21:00:00,7391729.80,,1714447.61
2026-06-25 22:00:00,7499790.52,,1746462.33
2026-06-25 23:00:00,7478173.84,,1694911.19
2026-06-26 00:00:00,7764787.23,,1739471.71
2026-06-26 01:00:00,7737812.89,,1745880.75
2026-06-26 02:00:00,7478315.04,,1734445.35
2026-06-26 03:00:00,7127660.09,,1684970.56
2026-06-26 04:00:00,7259359.11,,1700547.71
2026-06-26 05:00:00,6963884.64,,1646352.89
2026-06-26 06:00:00,7116051.98,,1675233.09
2026-06-26 07:00:00,7442985.76,,1734353.55
2026-06-26 08:00:00,7475798.36,,1737773.38
2026-06-26 09:00:00,7347826.14,,1660994.50
2026-06-26 10:00:00,7306118.90,,1632775.76
2026-06-26 11:00:00,7288490.55,,1628388.31
2026-06-26 12:00:00,7138328.11,,1618814.36
2026-06-26 13:00:00,6993797.91,,1593331.89
2026-06-26 14:00:00,7306279.79,,1655013.77
2026-06-26 15:00:00,7336904.52,,1673245.46
2026-06-26 16:00:00,7648386.74,,1718178.06
2026-06-26 17:00:00,7879760.33,,1799268.17
2026-06-26 18:00:00,7828421.16,,1754754.24
2026-06-26 19:00:00,7742303.60,,1743265.68
2026-06-26 20:00:00,7678974.17,,1714792.45
2026-06-26 21:00:00,7923821.37,,1759784.18
2026-06-26 22:00:00,8161592.71,,1786201.58
2026-06-26 23:00:00,8177813.88,,1800257.84
2026-06-27 00:00:00,8248502.23,,1819873.48
2026-06-27 01:00:00,8415148.37,,1863227.53
2026-06-27 02:00:00,8380568.98,,1853313.70
2026-06-27 03:00:00,8712462.58,,2010165.36
2026-06-27 04:00:00,8390618.43,,1908051.75
2026-06-27 05:00:00,8011168.86,,1826636.01
2026-06-27 06:00:00,8028677.57,,1806243.25
2026-06-27 07:00:00,8239359.62,,1824202.56
2026-06-27 08:00:00,8838191.14,,1936255.33
2026-06-27 09:00:00,8898064.40,,1938435.77
2026-06-27 10:00:00,8825125.29,,1974348.09
2026-06-27 11:00:00,8697961.70,,1998303.32
2026-06-27 12:00:00,8667851.31,,1964770.17
2026-06-27 13:00:00,8634910.15,,1961022.64
2026-06-27 14:00:00,8980360.10,,2075877.78
2026-06-27 15:00:00,8973141.80,,2078083.39
2026-06-27 16:00:00,9084443.02,,2126305.65
2026-06-27 17:00:00,8831287.05,,2098188.84
2026-06-27 18:00:00,8787534.14,,2071211.71
2026-06-27 19:00:00,8797742.07,,2057611.76
2026-06-27 20:00:00,8686154.60,,2044468.95
2026-06-27 21:00:00,8604678.19,,1997230.97
2026-06-27 22:00:00,8492167.36,,1957388.82
2026-06-27 23:00:00,8483883.80,,1973137.92
2026-06-28 00:00:00,8244582.04,,1955016.59
2026-06-28 01:00:00,8260605.03,,1915881.59
2026-06-28 02:00:00,8258102.42,,1955020.76
2026-06-28 03:00:00,8225763.25,,1905187.13
2026-06-28 04:00:00,8399059.62,,1909372.04
2026-06-28 05:00:00,8362319.52,,1879470.46
2026-06-28 06:00:00,8473556.33,,1900817.30
2026-06-28 07:00:00,8414402.84,,1874359.19
2026-06-28 08:00:00,8337001.86,,1864431.39
2026-06-28 09:00:00,8401688.75,,1869187.70
2026-06-28 10:00:00,8565835.11,,1871694.42
2026-06-28 11:00:00,8510200.30,,1886194.46
2026-06-28 12:00:00,8342642.47,,1853884.70
2026-06-28 13:00:00,8160575.59,,1876459.55
2026-06-28 14:00:00,7814679.70,,1797640.71
2026-06-28 15:00:00,7876040.69,,1778387.49
2026-06-28 16:00:00,7991878.96,,1811038.52
2026-06-28 17:00:00,7935560.58,,1765042.73
2026-06-28 18:00:00,7940623.16,,1764157.46
2026-06-28 19:00:00,7921273.86,,1748040.93
2026-06-28 20:00:00,7911476.81,,1743217.64
2026-06-28 21:00:00,7925919.37,,1751758.15
2026-06-28 22:00:00,7793901.69,,1715314.69
2026-06-28 23:00:00,7763084.92,,1720338.19
2026-06-29 00:00:00,7740913.17,,1709334.57
2026-06-29 01:00:00,7692567.55,,1700854.56
2026-06-29 02:00:00,7724730.97,,1700357.48
2026-06-29 03:00:00,7924107.57,,1748136.54
2026-06-29 04:00:00,8080136.02,,1752274.46
2026-06-29 05:00:00,8172182.22,,1765180.41
2026-06-29 06:00:00,8346677.45,,1816066.64
2026-06-29 07:00:00,8124715.62,,1778096.61
2026-06-29 08:00:00,8210497.46,,1786844.28
2026-06-29 09:00:00,8065852.88,,1760266.07
2026-06-29 10:00:00,7944293.37,,1749614.01
2026-06-29 11:00:00,7826981.44,,1735680.00
2026-06-29 12:00:00,7643960.53,,1696970.57
2026-06-29 13:00:00,7846538.30,,1741634.41
2026-06-29 14:00:00,7675207.57,,1701982.78
2026-06-29 15:00:00,7667473.23,,1720030.59
2026-06-29 16:00:00,7679732.19,,1757172.23
2026-06-29 17:00:00,7390820.22,,1750246.63
2026-06-29 18:00:00,7602891.71,,1804172.13
2026-06-29 19:00:00,7459436.04,,1760770.71
2026-06-29 20:00:00,7431451.28,,1739757.88
2026-06-29 21:00:00,7301431.18,,1695955.87
2026-06-29 22:00:00,7255530.98,,1686539.99
2026-06-29 23:00:00,7253844.94,,1668046.35
2026-06-30 00:00:00,7352778.87,,1683641.04
2026-06-30 01:00:00,7219506.56,,1673940.52
2026-06-30 02:00:00,7191342.08,,1655941.26
2026-06-30 03:00:00,7180669.92,,1664634.44
2026-06-30 04:00:00,7148732.44,,1696694.48
2026-06-30 05:00:00,7236522.05,,1733705.42
2026-06-30 06:00:00,7127029.37,,1698383.43
2026-06-30 07:00:00,7163841.85,,1688658.52
2026-06-30 08:00:00,7349468.73,,1716844.79
2026-06-30 09:00:00,7247846.34,,1683519.64
2026-06-30 10:00:00,7250367.15,,1695114.39
2026-06-30 11:00:00,7224934.93,,1675147.83
2026-06-30 12:00:00,7398846.44,,1715688.07
2026-06-30 13:00:00,7115105.46,,1611392.89
2026-06-30 14:00:00,7128256.18,,1620213.50
2026-06-30 15:00:00,7118042.33,,1639724.65
2026-06-30 16:00:00,7026768.03,,1633837.06
2026-06-30 17:00:00,7071632.34,,1630797.92
2026-06-30 18:00:00,7126720.39,,1630402.80
2026-06-30 19:00:00,7103784.08,,1618100.94
2026-06-30 20:00:00,7082965.27,,1608783.24
2026-06-30 21:00:00,7080671.57,,1604929.85
2026-06-30 22:00:00,7132302.61,,1619149.93
2026-06-30 23:00:00,7148949.65,,1617667.08
2026-07-01 00:00:00,7165655.57,,1625080.72
2026-07-01 01:00:00,7212512.83,,1618410.16
2026-07-01 02:00:00,7391726.37,,1647603.58
2026-07-01 03:00:00,7585929.44,,1686878.67
2026-07-01 04:00:00,7656953.94,,1717832.57
2026-07-01 05:00:00,7848836.91,,1718029.29
2026-07-01 06:00:00,7866609.99,,1683680.25
2026-07-01 07:00:00,7989023.77,,1706281.02
2026-07-01 08:00:00,8107674.73,,1710894.60
2026-07-01 09:00:00,8208123.71,,1736970.99
2026-07-01 10:00:00,8244841.86,,1744958.69
2026-07-01 11:00:00,8135981.22,,1728478.94
2026-07-01 12:00:00,8065805.99,,1716650.92
2026-07-01 13:00:00,7858809.86,,1680699.05
2026-07-01 14:00:00,8561045.78,,1754758.89
2026-07-01 15:00:00,8635875.29,,1799914.10
2026-07-01 16:00:00,8802922.66,,1846197.65
2026-07-01 17:00:00,8691721.06,,1841622.97
2026-07-01 18:00:00,9044870.45,,1923610.84
2026-07-01 19:00:00,8908790.45,,1930391.57
2026-07-01 20:00:00,8870337.75,,1909787.88
2026-07-01 21:00:00,8860411.96,,1916713.34
2026-07-01 22:00:00,8982093.94,,1925543.81
2026-07-01 23:00:00,8646190.16,,1903479.87
2026-07-02 00:00:00,8373457.84,,1841242.57
2026-07-02 01:00:00,8663012.73,,1829360.86
2026-07-02 02:00:00,8645102.99,,1806722.37
2026-07-02 03:00:00,9005256.02,,1859875.62
2026-07-02 04:00:00,9079746.85,,1854728.48
2026-07-02 05:00:00,8872244.18,,1818301.34
2026-07-02 06:00:00,8733435.52,,1792036.68
2026-07-02 07:00:00,8778980.91,,1797535.57
2026-07-02 08:00:00,8727382.49,,1786973.50
2026-07-02 09:00:00,8723670.08,,1783767.51
2026-07-02 10:00:00,8791550.73,,1794674.14
2026-07-02 11:00:00,9114016.90,,1856300.13
2026-07-02 12:00:00,10092593.24,,2063379.75
2026-07-02 13:00:00,10432196.12,,2140135.69
2026-07-02 14:00:00,10408180.82,,2155757.27
2026-07-02 15:00:00,9953292.91,,2027113.89
2026-07-02 16:00:00,9930557.92,,2019004.32
2026-07-02 17:00:00,9849429.82,,1996867.71
2026-07-02 18:00:00,9665227.56,,1963996.58
2026-07-02 19:00:00,9797028.48,,1972377.13
2026-07-02 20:00:00,9742657.02,,1950625.88
2026-07-02 21:00:00,9791297.97,,1955076.34
2026-07-02 22:00:00,10023716.95,,2001632.01
2026-07-02 23:00:00,10006447.70,,1986834.94
2026-07-03 00:00:00,10150073.50,,2021638.02
2026-07-03 01:00:00,10075141.35,,2010914.93
2026-07-03 02:00:00,10065283.02,,2027999.94
2026-07-03 03:00:00,10025108.66,,2031415.74
2026-07-03 04:00:00,10052760.81,,2015486.00
2026-07-03 05:00:00,9904190.98,,1980832.17
2026-07-03 06:00:00,10160053.02,,2012954.50
2026-07-03 07:00:00,10142092.31,,2020660.16
2026-07-03 08:00:00,10069339.21,,2004610.29
2026-07-03 09:00:00,9999829.39,,1989781.84
2026-07-03 10:00:00,10272074.17,,2036509.99
2026-07-03 11:00:00,11960325.09,,2426504.81
2026-07-03 12:00:00,12850844.62,,2895068.28
2026-07-03 13:00:00,13562745.52,,3160382.89
2026-07-03 14:00:00,12858905.23,,3018391.91
2026-07-03 15:00:00,12616278.49,,2983736.19
2026-07-03 16:00:00,11958503.38,,2853677.65
2026-07-03 17:00:00,11951636.34,,2858906.97
2026-07-03 18:00:00,12025562.79,,2864583.75
2026-07-03 19:00:00,11901391.45,,2796072.43
2026-07-03 20:00:00,11915926.99,,2766240.18
2026-07-03 21:00:00,12122188.82,,2776777.98
2026-07-03 22:00:00,12219477.47,,2768598.95
2026-07-03 23:00:00,12317072.25,,2745417.96
2026-07-04 00:00:00,12134489.56,,2677343.75
2026-07-04 01:00:00,12158208.99,,2680673.18
2026-07-04 02:00:00,12004180.76,,2657577.29
2026-07-04 03:00:00,11920457.88,,2630191.14
2026-07-04 04:00:00,12128411.04,,2657728.70
2026-07-04 05:00:00,12115596.61,,2647905.88
2026-07-04 06:00:00,12140701.05,,2643267.61
2026-07-04 07:00:00,12287167.24,,2676724.26
2026-07-04 08:00:00,12213302.73,,2659481.32
2026-07-04 09:00:00,12356904.33,,2687629.78
2026-07-04 10:00:00,12081771.52,,2622508.46
2026-07-04 11:00:00,12423494.80,,2668041.10
2026-07-04 12:00:00,12513239.08,,2673520.45
2026-07-04 13:00:00,12553920.50,,2699096.67
2026-07-04 14:00:00,12413836.80,,2708366.54
2026-07-04 15:00:00,12165591.25,,2639405.55
2026-07-04 16:00:00,12148306.84,,2606952.40
2026-07-04 17:00:00,12108797.26,,2598036.56
2026-07-04 18:00:00,12121277.03,,2613594.49
2026-07-04 19:00:00,12082129.97,,2598638.90
2026-07-04 20:00:00,12123505.96,,2608246.69
2026-07-04 21:00:00,12074651.86,,2599976.47
2026-07-04 22:00:00,12199993.92,,2617424.86
2026-07-04 23:00:00,11292648.26,,2501902.35
2026-07-05 00:00:00,11406003.03,,2502109.42
2026-07-05 01:00:00,11226863.53,,2496963.90
2026-07-05 02:00:00,11210767.18,,2480043.35
2026-07-05 03:00:00,11113289.99,,2439434.83
2026-07-05 04:00:00,11330408.66,,2443161.53
2026-07-05 05:00:00,11317200.64,,2441863.92
2026-07-05 06:00:00,11285064.09,,2434668.87
2026-07-05 07:00:00,11236457.39,,2411388.70
2026-07-05 08:00:00,11294666.60,,2456035.79
2026-07-05 09:00:00,11635234.46,,2497713.02
2026-07-05 10:00:00,11532406.88,,2468885.79
2026-07-05 11:00:00,11727285.29,,2523507.17
2026-07-05 12:00:00,11494794.42,,2477059.63
2026-07-05 13:00:00,11441043.70,,2446323.39
2026-07-05 14:00:00,11448370.46,,2439137.76
2026-07-05 15:00:00,11487783.61,,2453274.31
2026-07-05 16:00:00,11339191.46,,2425669.57
2026-07-05 17:00:00,11272373.88,,2403246.46
2026-07-05 18:00:00,11254492.22,,2384922.30
2026-07-05 19:00:00,11036581.88,,2350502.30
2026-07-05 20:00:00,10811831.81,,2331727.50
2026-07-05 21:00:00,10819694.26,,2304756.26
2026-07-05 22:00:00,10858395.13,,2294264.83
2026-07-05 23:00:00,10806440.66,,2299428.52
2026-07-06 00:00:00,10725317.96,,2283471.56
2026-07-06 01:00:00,10611332.66,,2277989.33
2026-07-06 02:00:00,10446863.19,,2246709.07
2026-07-06 03:00:00,10640833.95,,2296360.64
2026-07-06 04:00:00,10637853.15,,2298751.62
2026-07-06 05:00:00,10770095.90,,2345866.59
2026-07-06 06:00:00,10596464.35,,2285113.50
2026-07-06 07:00:00,10415513.40,,2250185.86
2026-07-06 08:00:00,10461412.88,,2243439.26
2026-07-06 09:00:00,10441617.61,,2233652.27
2026-07-06 10:00:00,10092057.42,,2110858.96
2026-07-06 11:00:00,9906301.21,,2088557.48
2026-07-06 12:00:00,9838681.44,,2044196.13
2026-07-06 13:00:00,9765415.29,,2038707.10
2026-07-06 14:00:00,9771883.91,,2035582.26
2026-07-06 15:00:00,9964050.90,,2064238.67
2026-07-06 16:00:00,10290416.83,,2092820.05
2026-07-06 17:00:00,10551292.84,,2155552.11
2026-07-06 18:00:00,10747078.97,,2222876.41
2026-07-06 19:00:00,10603663.87,,2215688.70
2026-07-06 20:00:00,10691033.78,,2224789.45
2026-07-06 21:00:00,10898974.52,,2275569.66
2026-07-06 22:00:00,10867089.65,,2282126.86
2026-07-06 23:00:00,11313777.01,,2402892.71
2026-07-07 00:00:00,11219435.76,,2383256.35
2026-07-07 01:00:00,10932133.29,,2293041.78
2026-07-07 02:00:00,10888225.54,,2302562.34
2026-07-07 03:00:00,11128448.01,,2295331.86
2026-07-07 04:00:00,10993255.61,,2275344.39
2026-07-07 05:00:00,11135950.66,,2321953.07
2026-07-07 06:00:00,11166484.71,,2319409.83
2026-07-07 07:00:00,11252139.37,,2351209.63
2026-07-07 08:00:00,11218980.75,,2358668.37
2026-07-07 09:00:00,11323950.96,,2343182.83
2026-07-07 10:00:00,11273382.68,,2327803.05
2026-07-07 11:00:00,11141464.18,,2293694.75
2026-07-07 12:00:00,11148459.35,,2288944.53
2026-07-07 13:00:00,11199959.40,,2297389.98
2026-07-07 14:00:00,11008450.01,,2250752.12
2026-07-07 15:00:00,10863551.38,,2238486.02
2026-07-07 16:00:00,10773651.44,,2249301.79
2026-07-07 17:00:00,10505965.67,,2254067.47
2026-07-07 18:00:00,10674824.06,,2249349.93
2026-07-07 19:00:00,10727044.07,,2267932.93
2026-07-07 20:00:00,10288533.89,,2296953.11
2026-07-07 21:00:00,9788642.32,,2115650.51
2026-07-07 22:00:00,9461588.99,,2129491.49
2026-07-07 23:00:00,9573519.73,,2147385.70
2026-07-08 00:00:00,9265600.94,,2077712.16
2026-07-08 01:00:00,9445525.57,,2167903.66
2026-07-08 02:00:00,8887141.53,,2054309.04
2026-07-08 03:00:00,8521975.99,,2016719.74
2026-07-08 04:00:00,7986706.32,,2054617.18
2026-07-08 05:00:00,7885968.34,,2011944.91
2026-07-08 06:00:00,7452233.16,,2051106.33
2026-07-08 07:00:00,7443229.46,,2025450.53
2026-07-08 08:00:00,7504174.99,,1961651.95
2026-07-08 09:00:00,7273656.63,,1891634.63
2026-07-08 10:00:00,7365659.25,,1894198.47
2026-07-08 11:00:00,7332518.06,,1885517.29
2026-07-08 12:00:00,7223939.64,,1840624.06
2026-07-08 13:00:00,7283273.52,,1853559.84
2026-07-08 14:00:00,7529559.47,,1872880.84
2026-07-08 15:00:00,7676883.10,,1991159.50
2026-07-08 16:00:00,7431409.41,,1907932.24
2026-07-08 17:00:00,7508272.55,,1965807.77
2026-07-08 18:00:00,7450208.86,,1967218.13
2026-07-08 19:00:00,7338512.42,,1928748.97
2026-07-08 20:00:00,7299027.28,,1919267.47
2026-07-08 21:00:00,7387550.29,,1928909.11
2026-07-08 22:00:00,7195898.00,,1883613.47
2026-07-08 23:00:00,7176549.32,,1887634.46
2026-07-09 00:00:00,7043329.90,,1867585.60
2026-07-09 01:00:00,7078295.85,,1871362.82
2026-07-09 02:00:00,7002042.48,,1866374.42
2026-07-09 03:00:00,6963298.43,,1849018.27
2026-07-09 04:00:00,6957375.52,,1846459.41
2026-07-09 05:00:00,6984047.00,,1844688.09
2026-07-09 06:00:00,7159347.40,,1863704.45
2026-07-09 07:00:00,7227773.68,,1835857.79
2026-07-09 08:00:00,7185093.65,,1811731.98
2026-07-09 09:00:00,7089449.99,,1781120.12
2026-07-09 10:00:00,7008210.03,,1748390.46
2026-07-09 11:00:00,7041174.87,,1767871.59
2026-07-09 12:00:00,7001050.77,,1763425.62
2026-07-09 13:00:00,6938628.84,,1753709.35
2026-07-09 14:00:00,6813352.11,,1718700.54
2026-07-09 15:00:00,6530721.46,,1691303.59
2026-07-09 16:00:00,6583780.60,,1680300.15
2026-07-09 17:00:00,6510641.30,,1656616.29
2026-07-09 18:00:00,6750564.17,,1713677.99
2026-07-09 19:00:00,6659569.28,,1688780.96
2026-07-09 20:00:00,6637753.55,,1686205.99
2026-07-09 21:00:00,6613572.68,,1678075.54
2026-07-09 22:00:00,6569421.99,,1666516.47
2026-07-09 23:00:00,6501265.00,,1658773.42
2026-07-10 00:00:00,6501243.83,,1651083.90
2026-07-10 01:00:00,6563144.78,,1661650.12
2026-07-10 02:00:00,6626235.41,,1671593.86
2026-07-10 03:00:00,6578042.23,,1671402.31
2026-07-10 04:00:00,6564085.31,,1667263.95
2026-07-10 05:00:00,6528649.19,,1654969.45
2026-07-10 06:00:00,6539107.42,,1656799.04
2026-07-10 07:00:00,6521164.06,,1638985.92
2026-07-10 08:00:00,6398991.52,,1611681.94
2026-07-10 09:00:00,6484528.64,,1632123.01
2026-07-10 10:00:00,6491329.12,,1629994.91
2026-07-10 11:00:00,6628514.89,,1647279.39
2026-07-10 12:00:00,6710487.74,,1653697.60
2026-07-10 13:00:00,6652221.35,,1619106.48
2026-07-10 14:00:00,6671681.20,,1614342.92
2026-07-10 15:00:00,6640283.26,,1606356.37
2026-07-10 16:00:00,6729567.68,,1626546.53
2026-07-10 17:00:00,6825517.21,,1636206.03
2026-07-10 18:00:00,6758377.03,,1621371.64
2026-07-10 19:00:00,6605786.57,,1602476.62
2026-07-10 20:00:00,6658199.15,,1612641.28
2026-07-10 21:00:00,6627859.81,,1602357.59
2026-07-10 22:00:00,6754013.74,,1623662.41
2026-07-10 23:00:00,6728796.56,,1619317.49
2026-07-11 00:00:00,6684799.30,,1606302.49
2026-07-11 01:00:00,6668957.03,,1604423.90
2026-07-11 02:00:00,6602982.00,,1577292.42
2026-07-11 03:00:00,6731290.72,,1605177.36
2026-07-11 04:00:00,6798807.64,,1613063.01
2026-07-11 05:00:00,6812051.42,,1615536.93
2026-07-11 06:00:00,6780387.99,,1634302.26
2026-07-11 07:00:00,8212771.02,,1934275.02
2026-07-11 08:00:00,8140829.33,,1877471.78
2026-07-11 09:00:00,7948885.30,,1821127.07
2026-07-11 10:00:00,7971894.78,,1844403.38
2026-07-11 11:00:00,8197511.76,,1928811.09
2026-07-11 12:00:00,8009077.09,,1941496.30
2026-07-11 13:00:00,7911125.50,,1913434.27
2026-07-11 14:00:00,7895128.17,,1943326.36
2026-07-11 15:00:00,7885791.00,,1928756.61
2026-07-11 16:00:00,7994478.63,,1926902.69
2026-07-11 17:00:00,7933785.77,,1925240.12
2026-07-11 18:00:00,7853612.83,,1914539.56
2026-07-11 19:00:00,7769284.03,,1897789.84
2026-07-11 20:00:00,7781968.66,,1918705.14
2026-07-11 21:00:00,7829124.07,,1913252.00
2026-07-11 22:00:00,7815390.64,,1901728.20
2026-07-11 23:00:00,7701354.75,,1861514.38
2026-07-12 00:00:00,7543090.34,,1801711.20
2026-07-12 01:00:00,7548280.46,,1793013.98
2026-07-12 02:00:00,7605120.09,,1805601.70
2026-07-12 03:00:00,7512969.48,,1776905.36
2026-07-12 04:00:00,7594379.44,,1797687.91
2026-07-12 05:00:00,7496376.75,,1770814.89
2026-07-12 06:00:00,7453069.55,,1761011.04
2026-07-12 07:00:00,7432964.87,,1745884.55
2026-07-12 08:00:00,7417173.94,,1751595.76
2026-07-12 09:00:00,7508769.13,,1765365.73
2026-07-12 10:00:00,7602649.10,,1778890.01
2026-07-12 11:00:00,7510123.66,,1742168.64
2026-07-12 12:00:00,7573542.84,,1753732.26
2026-07-12 13:00:00,7659984.47,,1797627.72
2026-07-12 14:00:00,7595572.26,,1777188.27
2026-07-12 15:00:00,7626185.85,,1775379.25
2026-07-12 16:00:00,7531231.13,,1746400.49
2026-07-12 17:00:00,7578770.16,,1760866.97
2026-07-12 18:00:00,7431078.62,,1730554.89
2026-07-12 19:00:00,7425205.41,,1720916.24
2026-07-12 20:00:00,7542362.42,,1741066.53
2026-07-12 21:00:00,7562694.31,,1742642.38
2026-07-12 22:00:00,7554334.81,,1747018.77
2026-07-12 23:00:00,7509428.40,,1734134.63
2026-07-13 00:00:00,7565961.33,,1739054.78
2026-07-13 01:00:00,7575798.95,,1734141.18
2026-07-13 02:00:00,7431644.63,,1709745.13
2026-07-13 03:00:00,7593440.73,,1739226.59
2026-07-13 04:00:00,7469112.93,,1709060.95
2026-07-13 05:00:00,7441820.45,,1700185.86
2026-07-13 06:00:00,7559818.58,,1718416.21
2026-07-13 07:00:00,7497026.77,,1691397.99
2026-07-13 08:00:00,7459222.31,,1689928.55
2026-07-13 09:00:00,7477051.76,,1689747.57
2026-07-13 10:00:00,7550213.68,,1712873.98
2026-07-13 11:00:00,7461372.45,,1697479.69
2026-07-13 12:00:00,7431088.56,,1698048.14
2026-07-13 13:00:00,7192916.79,,1659183.63
2026-07-13 14:00:00,7103518.34,,1630735.87
2026-07-13 15:00:00,7190251.66,,1631393.48
2026-07-13 16:00:00,7044739.10,,1565835.41
2026-07-13 17:00:00,6868447.46,,1479169.29
2026-07-13 18:00:00,6861438.93,,1445857.06
2026-07-13 19:00:00,6832422.07,,1397223.74
2026-07-13 20:00:00,6951610.52,,1399310.84
2026-07-13 21:00:00,6895742.01,,1368865.83
2026-07-13 22:00:00,6890342.69,,1362722.73
2026-07-13 23:00:00,6868220.73,,1351567.59
2026-07-14 00:00:00,6893543.12,,1364132.18
2026-07-14 01:00:00,6918027.18,,1371019.00
2026-07-14 02:00:00,6773843.43,,1374895.01
2026-07-14 03:00:00,6723771.87,,1369578.21
2026-07-14 04:00:00,6735056.12,,1359302.60
2026-07-14 05:00:00,6812701.67,,1369299.72
2026-07-14 06:00:00,6926797.86,,1404487.86
2026-07-14 07:00:00,6913090.63,,1390475.89
2026-07-14 08:00:00,6863498.87,,1374076.40
2026-07-14 09:00:00,6789685.78,,1364565.04
2026-07-14 10:00:00,6821445.91,,1360827.59
2026-07-14 11:00:00,6952602.36,,1370875.49
2026-07-14 12:00:00,6956534.68,,1366753.13
2026-07-14 13:00:00,7163088.63,,1370894.10
2026-07-14 14:00:00,7290010.31,,1449607.72
2026-07-14 15:00:00,7257603.42,,1437338.74
2026-07-14 16:00:00,7229545.19,,1430703.49
2026-07-14 17:00:00,7220233.90,,1425705.12
2026-07-14 18:00:00,7488042.51,,1489223.08
2026-07-14 19:00:00,7349191.89,,1456891.06
2026-07-14 20:00:00,7413018.82,,1468713.02
2026-07-14 21:00:00,7492396.88,,1476715.82
2026-07-14 22:00:00,7568538.32,,1495104.05
2026-07-14 23:00:00,7598660.08,,1512501.87
2026-07-15 00:00:00,7609026.18,,1510573.37
2026-07-15 01:00:00,7535677.56,,1499816.18
2026-07-15 02:00:00,7522965.95,,1490289.09
2026-07-15 03:00:00,7508887.41,,1480196.89
2026-07-15 04:00:00,7516598.35,,1483393.80
2026-07-15 05:00:00,7508760.98,,1457803.70
2026-07-15 06:00:00,7619042.84,,1477745.42
2026-07-15 07:00:00,7565844.83,,1471916.58
2026-07-15 08:00:00,7370849.40,,1465160.12
2026-07-15 09:00:00,7231152.20,,1414629.15
2026-07-15 10:00:00,7315424.03,,1439570.42
2026-07-15 11:00:00,7291230.47,,1428252.72
2026-07-15 12:00:00,7303690.05,,1428757.93
2026-07-15 13:00:00,7325646.66,,1468843.29
2026-07-15 14:00:00,7245132.33,,1427295.63
2026-07-15 15:00:00,7251259.90,,1411490.93
2026-07-15 16:00:00,7166639.98,,1410471.45
2026-07-15 17:00:00,7048957.55,,1401763.66
2026-07-15 18:00:00,7182544.79,,1428058.88
2026-07-15 19:00:00,7242603.13,,1449779.99
2026-07-15 20:00:00,7232695.10,,1446277.70
2026-07-15 21:00:00,7336243.41,,1455888.61
2026-07-15 22:00:00,7307056.06,,1436759.06
2026-07-15 23:00:00,7293948.94,,1437156.69
2026-07-16 00:00:00,7230000.70,,1421192.46
2026-07-16 01:00:00,7275217.64,,1423833.92
2026-07-16 02:00:00,7290277.22,,1433653.50
2026-07-16 03:00:00,7329077.36,,1442818.66
2026-07-16 04:00:00,7308227.31,,1463327.99
2026-07-16 05:00:00,7455739.41,,1489133.35
2026-07-16 06:00:00,7373207.06,,1472785.61
2026-07-16 07:00:00,7380044.30,,1478518.98
2026-07-16 08:00:00,7363033.97,,1480604.49
2026-07-16 09:00:00,7232795.33,,1476651.71
2026-07-16 10:00:00,7334596.04,,1486901.84
2026-07-16 11:00:00,7470482.30,,1530146.97
2026-07-16 12:00:00,7407827.09,,1532685.03
2026-07-16 13:00:00,7229240.85,,1502900.02
2026-07-16 14:00:00,7209213.23,,1499983.20
2026-07-16 15:00:00,7215807.49,,1498884.68
2026-07-16 16:00:00,7215251.75,,1501593.57
2026-07-16 17:00:00,7100930.02,,1477606.40
2026-07-16 18:00:00,7065959.62,,1482793.21
2026-07-16 19:00:00,7084388.19,,1479657.08
2026-07-16 20:00:00,7108667.00,,1483272.85
2026-07-16 21:00:00,7054810.55,,1469182.60
2026-07-16 22:00:00,7095674.64,,1474158.33
2026-07-16 23:00:00,6987245.13,,1447351.71
2026-07-17 00:00:00,6990060.41,,1433566.68
2026-07-17 01:00:00,7061266.59,,1436979.47
2026-07-17 02:00:00,6960769.77,,1392160.00
2026-07-17 03:00:00,7016413.71,,1389328.50
2026-07-17 04:00:00,7177985.83,,1414810.03
2026-07-17 05:00:00,7138873.19,,1403086.17
2026-07-17 06:00:00,7108144.15,,1393530.08
2026-07-17 07:00:00,7010694.71,,1378077.61
2026-07-17 08:00:00,7031019.53,,1392896.63
2026-07-17 09:00:00,7033391.88,,1397985.17
2026-07-17 10:00:00,6960477.42,,1405047.57
2026-07-17 11:00:00,6991394.30,,1404053.14
2026-07-17 12:00:00,6844753.18,,1365928.85
2026-07-17 13:00:00,6861125.19,,1378200.06
2026-07-17 14:00:00,6877350.12,,1369024.46
2026-07-17 15:00:00,6897925.47,,1380423.26
2026-07-17 16:00:00,7004560.32,,1399191.95
2026-07-17 17:00:00,6983555.61,,1381390.46
2026-07-17 18:00:00,6967852.94,,1367370.63
2026-07-17 19:00:00,6970525.35,,1361663.50
2026-07-17 20:00:00,6857181.13,,1340023.36
2026-07-17 21:00:00,6834385.73,,1339040.09
2026-07-17 22:00:00,6899371.76,,1353708.43
2026-07-17 23:00:00,6930152.18,,1350545.24
2026-07-18 00:00:00,6882237.04,,1344095.79
2026-07-18 01:00:00,6871783.54,,1342953.55
2026-07-18 02:00:00,6747723.35,,1335903.97
2026-07-18 03:00:00,6736942.73,,1325628.25
2026-07-18 04:00:00,6673883.46,,1327049.84
2026-07-18 05:00:00,6493879.71,,1328165.97
2026-07-18 06:00:00,6524295.40,,1327318.34
2026-07-18 07:00:00,6519627.69,,1327641.94
2026-07-18 08:00:00,6547306.04,,1330071.95
2026-07-18 09:00:00,6438777.86,,1316617.87
2026-07-18 10:00:00,6411901.21,,1310724.83
2026-07-18 11:00:00,6518365.56,,1311870.97
2026-07-18 12:00:00,6533399.09,,1320433.10
2026-07-18 13:00:00,6495207.95,,1316707.04
2026-07-18 14:00:00,6464049.18,,1316057.20
2026-07-18 15:00:00,6521873.05,,1321748.92
2026-07-18 16:00:00,6451533.38,,1309308.66
2026-07-18 17:00:00,6454083.34,,1325274.58
2026-07-18 18:00:00,6531310.42,,1340939.96
2026-07-18 19:00:00,6443340.75,,1322365.46
2026-07-18 20:00:00,6542874.71,,1345099.17
2026-07-18 21:00:00,6555681.82,,1322624.87
2026-07-18 22:00:00,6607872.08,,1335988.82
2026-07-18 23:00:00,6593883.79,,1331951.38
2026-07-19 00:00:00,6593206.57,,1330525.43
2026-07-19 01:00:00,6566426.37,,1321252.07
2026-07-19 02:00:00,6508950.07,,1332007.26
2026-07-19 03:00:00,6599059.78,,1327726.55
2026-07-19 04:00:00,6600341.67,,1339805.82
2026-07-19 05:00:00,6590494.38,,1331842.45
2026-07-19 06:00:00,6556661.21,,1326571.42
2026-07-19 07:00:00,6603352.20,,1339855.51
2026-07-19 08:00:00,6534077.10,,1326693.47
2026-07-19 09:00:00,6553697.01,,1327519.98
2026-07-19 10:00:00,6520878.25,,1318339.70
2026-07-19 11:00:00,6549725.04,,1322629.29
2026-07-19 12:00:00,6441520.98,,1292180.71
2026-07-19 13:00:00,6445800.43,,1304137.42
2026-07-19 14:00:00,6424001.23,,1293370.14
2026-07-19 15:00:00,6503307.80,,1301989.22
2026-07-19 16:00:00,6498610.82,,1300161.40
2026-07-19 17:00:00,6393334.75,,1288473.87
2026-07-19 18:00:00,6534632.75,,1315125.74
2026-07-19 19:00:00,6543462.41,,1315287.09
2026-07-19 20:00:00,6594360.54,,1330870.65
2026-07-19 21:00:00,6614287.56,,1338792.85
2026-07-19 22:00:00,6505269.88,,1321269.95
2026-07-19 23:00:00,6487749.28,,1322766.95
2026-07-20 00:00:00,6431409.75,,1314145.85
2026-07-20 01:00:00,6499838.51,,1320784.20
2026-07-20 02:00:00,6490837.46,,1308614.91
2026-07-20 03:00:00,6520299.19,,1308406.79
2026-07-20 04:00:00,6515429.16,,1310594.53
2026-07-20 05:00:00,6426827.49,,1291165.81
2026-07-20 06:00:00,6488378.47,,1282622.08
2026-07-20 07:00:00,6543314.92,,1304461.81
2026-07-20 08:00:00,6587364.85,,1314361.65
2026-07-20 09:00:00,6492523.52,,1293552.29
2026-07-20 10:00:00,6525202.21,,1295014.33
2026-07-20 11:00:00,6498777.50,,1297690.10
2026-07-20 12:00:00,6534678.20,,1307627.48
2026-07-20 13:00:00,6555142.99,,1323374.94
2026-07-20 14:00:00,6592443.25,,1327469.20
2026-07-20 15:00:00,6605266.85,,1330738.19
2026-07-20 16:00:00,6732604.17,,1384435.93
2026-07-20 17:00:00,6807172.42,,1392111.80
2026-07-20 18:00:00,6701659.17,,1378812.23
2026-07-20 19:00:00,6640896.73,,1360604.77
2026-07-20 20:00:00,6730376.00,,1359377.31
2026-07-20 21:00:00,6672975.98,,1358898.80
2026-07-20 22:00:00,6597003.82,,1333711.09
2026-07-20 23:00:00,6575127.20,,1329346.04
2026-07-21 00:00:00,6606542.01,,1340692.07
2026-07-21 01:00:00,6738638.95,,1374603.75
2026-07-21 02:00:00,6688026.51,,1370078.92
2026-07-21 03:00:00,6671386.80,,1362657.63
2026-07-21 04:00:00,6675085.47,,1363849.99
2026-07-21 05:00:00,6771273.35,,1384286.84
2026-07-21 06:00:00,6774257.09,,1376614.53
2026-07-21 07:00:00,6669242.60,,1363534.73
2026-07-21 08:00:00,6641507.45,,1358747.28
2026-07-21 09:00:00,6657387.51,,1360178.45
2026-07-21 10:00:00,6645661.64,,1365573.16
2026-07-21 11:00:00,6638890.45,,1372712.72
2026-07-21 12:00:00,6656723.59,,1372481.01
2026-07-21 13:00:00,6568998.62,,1367928.08
2026-07-21 14:00:00,6664630.31,,1363633.08
2026-07-21 15:00:00,6710538.43,,1392996.11
2026-07-21 16:00:00,6645357.14,,1394535.83
2026-07-21 17:00:00,6598498.74,,1379215.86
2026-07-21 18:00:00,6534603.04,,1376258.49
2026-07-21 19:00:00,6586234.49,,1382948.58
2026-07-21 20:00:00,6561438.23,,1388967.56
2026-07-21 21:00:00,6596311.08,,1399824.14
2026-07-21 22:00:00,6589007.40,,1397046.02
2026-07-21 23:00:00,6523770.16,,1390466.45
2026-07-22 00:00:00,6588207.29,,1406959.58
2026-07-22 01:00:00,6623238.64,,1424537.58
2026-07-22 02:00:00,6678544.14,,1436578.67
2026-07-22 03:00:00,6678216.30,,1425011.24
2026-07-22 04:00:00,6704249.71,,1430150.86
2026-07-22 05:00:00,6733775.35,,1441774.58
2026-07-22 06:00:00,6618564.62,,1416637.53
2026-07-22 07:00:00,6754820.21,,1440370.68
2026-07-22 08:00:00,6953104.96,,1469648.22
2026-07-22 09:00:00,7084012.19,,1486885.41
2026-07-22 10:00:00,7061159.75,,1472111.42
2026-07-22 11:00:00,6969556.67,,1484623.20
2026-07-22 12:00:00,6863296.38,,1460986.44
2026-07-22 13:00:00,6778880.36,,1417416.62
2026-07-22 14:00:00,6840461.72,,1422203.20
2026-07-22 15:00:00,6815380.13,,1416960.00
2026-07-22 16:00:00,6759502.34,,1409680.31
2026-07-22 17:00:00,6798952.53,,1414827.37
2026-07-22 18:00:00,6736242.59,,1422060.40
2026-07-22 19:00:00,6684102.70,,1413709.11
2026-07-22 20:00:00,6627956.61,,1397294.88
2026-07-22 21:00:00,6645013.76,,1391694.00
2026-07-22 22:00:00,6660065.31,,1394639.80
2026-07-22 23:00:00,6666809.16,,1396509.20
2026-07-23 00:00:00,6643524.56,,1396729.21
2026-07-23 01:00:00,6688502.56,,1404408.98
2026-07-23 02:00:00,6665111.13,,1393885.55
2026-07-23 03:00:00,6780020.62,,1416840.75
2026-07-23 04:00:00,6660896.94,,1396479.80
2026-07-23 05:00:00,6646719.76,,1384554.41
2026-07-23 06:00:00,6617921.29,,1383501.23
2026-07-23 07:00:00,6641614.77,,1391416.55
2026-07-23 08:00:00,6667785.96,,1396748.46
2026-07-23 09:00:00,6684957.39,,1400091.35
2026-07-23 10:00:00,6695525.07,,1398519.64
2026-07-23 11:00:00,6621556.48,,1384970.51
2026-07-23 12:00:00,6600017.42,,1383972.56
2026-07-23 13:00:00,6571149.97,,1380796.57
2026-07-23 14:00:00,6627382.08,,1389843.10
2026-07-23 15:00:00,6619929.56,,1385752.15
2026-07-23 16:00:00,6713747.98,,1403847.92
2026-07-23 17:00:00,6585758.58,,1377954.40
2026-07-23 18:00:00,6511246.38,,1366814.68
2026-07-23 19:00:00,6512456.50,,1354060.24
2026-07-23 20:00:00,6507823.92,,1342502.50
2026-07-23 21:00:00,6590797.43,,1358145.67
2026-07-23 22:00:00,6565919.96,,1354406.59
2026-07-23 23:00:00,6632989.00,,1360704.44
2026-07-24 00:00:00,6625565.93,,1360190.25
2026-07-24 01:00:00,6664642.29,,1379567.49
2026-07-24 02:00:00,6667276.41,,1391630.65
2026-07-24 03:00:00,6648322.80,,1393239.86
2026-07-24 04:00:00,6690762.57,,1401775.52
2026-07-24 05:00:00,6656527.93,,1395142.93
2026-07-24 06:00:00,6655766.68,,1408447.16
2026-07-24 07:00:00,6650311.42,,1416595.51
2026-07-24 08:00:00,6629106.56,,1424200.75
2026-07-24 09:00:00,6557139.78,,1419680.36
2026-07-24 10:00:00,6637946.42,,1434446.54
2026-07-24 11:00:00,6572927.58,,1417823.39
2026-07-24 12:00:00,6598304.58,,1426132.46
2026-07-24 13:00:00,6594681.94,,1409915.79
2026-07-24 14:00:00,6541271.70,,1407964.59
2026-07-24 15:00:00,6420504.56,,1452400.92
2026-07-24 16:00:00,6425258.97,,1465876.20
2026-07-24 17:00:00,6408564.79,,1447662.52
2026-07-24 18:00:00,6398361.06,,1441853.40
2026-07-24 19:00:00,6374465.93,,1444197.72
2026-07-24 20:00:00,6385489.37,,1449769.84
2026-07-24 21:00:00,6377379.30,,1433715.12
2026-07-24 22:00:00,6386507.55,,1428810.43
2026-07-24 23:00:00,6435146.56,,1435176.78
2026-07-25 00:00:00,6486275.02,,1454146.49
2026-07-25 01:00:00,6471442.56,,1454751.49
2026-07-25 02:00:00,6441034.07,,1453155.63
2026-07-25 03:00:00,6484579.58,,1473185.22
2026-07-25 04:00:00,6470552.20,,1470080.98
2026-07-25 05:00:00,6435043.40,,1456014.19
2026-07-25 06:00:00,6424730.28,,1450187.76
2026-07-25 07:00:00,6451402.32,,1455833.41
2026-07-25 08:00:00,6412274.05,,1446524.83
2026-07-25 09:00:00,6426518.42,,1426823.09
2026-07-25 10:00:00,6499094.89,,1418949.05
2026-07-25 11:00:00,6524950.43,,1440324.62
2026-07-25 12:00:00,6455627.75,,1423452.08
2026-07-25 13:00:00,6508553.90,,1431051.74
2026-07-25 14:00:00,6472648.27,,1437605.96
2026-07-25 15:00:00,6474001.56,,1437616.89
2026-07-25 16:00:00,6494572.83,,1446243.24
2026-07-25 17:00:00,6574726.78,,1460809.72
2026-07-25 18:00:00,6610954.79,,1474162.23
2026-07-25 19:00:00,6610425.91,,1472458.43
2026-07-25 20:00:00,6563254.98,,1485794.25
2026-07-25 21:00:00,6535225.46,,1479799.12
2026-07-25 22:00:00,6630921.56,,1498278.19
2026-07-25 23:00:00,6608504.89,,1494272.90
2026-07-26 00:00:00,6591883.44,,1503563.84
2026-07-26 01:00:00,6601447.93,,1509027.15
2026-07-26 02:00:00,6606469.81,,1522138.70
2026-07-26 03:00:00,6597221.39,,1520098.84
2026-07-26 04:00:00,6599976.42,,1524792.93
2026-07-26 05:00:00,6608318.41,,1529825.60
2026-07-26 06:00:00,6638090.38,,1537008.22
2026-07-26 07:00:00,6702541.52,,1546622.76
2026-07-26 08:00:00,6637641.03,,1534894.53
2026-07-26 09:00:00,6554191.03,,1538795.28
2026-07-26 10:00:00,6537246.68,,1542328.37
2026-07-26 11:00:00,6477744.89,,1517358.02
2026-07-26 12:00:00,6478717.70,,1521463.31
2026-07-26 13:00:00,6488877.54,,1505854.99
2026-07-26 14:00:00,6597726.81,,1517170.79
2026-07-26 15:00:00,6637207.62,,1541482.57
2026-07-26 16:00:00,6686479.53,,1566863.48
2026-07-26 17:00:00,6637355.28,,1567119.04
2026-07-26 18:00:00,6621717.23,,1555949.34
2026-07-26 19:00:00,6640323.55,,1553639.70
2026-07-26 20:00:00,6603725.55,,1546757.71
2026-07-26 21:00:00,6635427.53,,1547646.44
2026-07-26 22:00:00,6625290.91,,1547422.49
2026-07-26 23:00:00,6814285.48,,1570561.78
2026-07-27 00:00:00,6885059.43,,1571810.56
2026-07-27 01:00:00,6786599.85,,1542706.20
2026-07-27 02:00:00,6860104.57,,1556481.19
2026-07-27 03:00:00,6792608.31,,1531993.61
2026-07-27 04:00:00,6820801.22,,1537295.76
2026-07-27 05:00:00,6815812.03,,1541265.57
2026-07-27 06:00:00,6846528.79,,1548363.93
2026-07-27 07:00:00,6795349.60,,1530324.39
2026-07-27 08:00:00,6712840.56,,1510883.80
2026-07-27 09:00:00,6733159.95,,1511670.20
2026-07-27 10:00:00,6737733.07,,1516227.64
2026-07-27 11:00:00,6802455.81,,1527617.74
2026-07-27 12:00:00,6788146.64,,1532975.51
2026-07-27 13:00:00,6899787.34,,1651921.55
2026-07-27 14:00:00,6873125.99,,1662033.68
2026-07-27 15:00:00,6734971.31,,1598531.27
2026-07-27 16:00:00,6873586.10,,1618095.05
2026-07-27 17:00:00,7114757.98,,1671852.46
2026-07-27 18:00:00,7033999.02,,1656669.24
2026-07-27 19:00:00,7053513.10,,1664979.52
2026-07-27 20:00:00,7089999.51,,1686688.15
2026-07-27 21:00:00,7060162.22,,1675864.41
2026-07-27 22:00:00,7019074.31,,1668308.38
2026-07-27 23:00:00,6640266.80,,1618556.77
2026-07-28 00:00:00,6283451.17,,1552334.26
2026-07-28 01:00:00,6066991.66,,1564788.05
2026-07-28 02:00:00,5926717.19,,1568311.08
2026-07-28 03:00:00,5959884.31,,1555372.69
2026-07-28 04:00:00,5946411.83,,1591043.87
2026-07-28 05:00:00,5934102.03,,1577122.99
2026-07-28 06:00:00,5898923.71,,1564536.96
2026-07-28 07:00:00,5950612.84,,1584035.84
2026-07-28 08:00:00,6040955.06,,1601963.49
2026-07-28 09:00:00,6051949.05,,1658981.44
2026-07-28 10:00:00,6072720.63,,1680027.04
2026-07-28 11:00:00,6075495.70,,1667476.64
2026-07-28 12:00:00,6080974.96,,1629312.38
2026-07-28 13:00:00,6053122.43,,1621232.89
2026-07-28 14:00:00,6101835.22,,1573020.97
2026-07-28 15:00:00,6248596.18,,1588922.56
2026-07-28 16:00:00,6241453.66,,1584542.75
2026-07-28 17:00:00,6153565.91,,1548776.63
2026-07-28 18:00:00,6099887.65,,1537156.18
2026-07-28 19:00:00,6128555.75,,1531346.02
2026-07-28 20:00:00,6173738.42,,1533676.57
2026-07-28 21:00:00,6149698.75,,1529689.66
2026-07-28 22:00:00,6186407.72,,1539550.43
2026-07-28 23:00:00,6164375.54,,1536573.12
2026-07-29 00:00:00,6168573.47,,1538962.08
2026-07-29 01:00:00,6238404.71,,1554167.47
2026-07-29 02:00:00,6195739.39,,1558530.41
2026-07-29 03:00:00,6204158.43,,1567307.91
2026-07-29 04:00:00,5901631.84,,1503624.90
2026-07-29 05:00:00,6026238.27,,1531830.82
2026-07-29 06:00:00,5940838.25,,1497201.41
2026-07-29 07:00:00,5998020.16,,1518310.08
2026-07-29 08:00:00,6000684.59,,1525340.46
2026-07-29 09:00:00,5958894.02,,1519638.74
2026-07-29 10:00:00,5953570.69,,1515227.60
2026-07-29 11:00:00,5935194.79,,1508026.26
2026-07-29 12:00:00,5967312.72,,1524655.53
2026-07-29 13:00:00,5883101.62,,1496595.72
2026-07-29 14:00:00,5961043.42,,1516842.74
2026-07-29 15:00:00,5987578.13,,1500830.57
2026-07-29 16:00:00,5982503.63,,1503603.42
2026-07-29 17:00:00,5929873.59,,1493414.42
2026-07-29 18:00:00,5985593.41,,1508360.85
2026-07-29 19:00:00,6158485.78,,1547924.98
2026-07-29 20:00:00,5952765.04,,1490914.64
2026-07-29 21:00:00,5829918.19,,1474841.59
2026-07-29 22:00:00,5973406.36,,1472594.00
2026-07-29 23:00:00,5989495.32,,1487019.39
2026-07-30 00:00:00,5961399.32,,1478086.26
2026-07-30 01:00:00,5933712.49,,1474546.79
2026-07-30 02:00:00,6004675.57,,1513258.25
2026-07-30 03:00:00,5999213.70,,1511491.69
2026-07-30 04:00:00,5959263.59,,1471728.79
2026-07-30 05:00:00,5905299.18,,1462346.74
2026-07-30 06:00:00,5910326.97,,1468857.54
2026-07-30 07:00:00,5950867.48,,1501943.46
2026-07-30 08:00:00,5943080.42,,1498090.70
2026-07-30 09:00:00,5928895.45,,1501607.10
2026-07-30 10:00:00,6029361.69,,1520420.96
2026-07-30 11:00:00,6099964.85,,1546091.15
2026-07-30 12:00:00,6111342.86,,1531282.21
2026-07-30 13:00:00,6157552.50,,1539210.09
2026-07-30 14:00:00,6240134.67,,1551733.00
2026-07-30 15:00:00,6228310.23,,1550243.88
2026-07-30 16:00:00,6248581.18,,1563749.59
2026-07-30 17:00:00,6172065.28,,1557089.54
2026-07-30 18:00:00,6170619.71,,1555715.03
2026-07-30 19:00:00,6153019.01,,1548814.85
2026-07-30 20:00:00,6216411.16,,1562042.49
2026-07-30 21:00:00,6177633.26,,1556951.10
2026-07-30 22:00:00,6161497.74,,1548558.47
2026-07-30 23:00:00,6101870.36,,1542077.74
2026-07-31 00:00:00,6109195.58,,1540909.19
2026-07-31 01:00:00,6149258.45,,1538544.60
2026-07-31 02:00:00,6246943.61,,1563963.16
2026-07-31 03:00:00,6250722.04,,1573503.17
2026-07-31 04:00:00,6047221.55,,1552776.19
2026-07-31 05:00:00,6087971.47,,1557190.32
2026-07-31 06:00:00,6173523.11,,1584226.51
2026-07-31 07:00:00,6135958.20,,1568674.04
2026-07-31 08:00:00,6113641.46,,1554719.84
2026-07-31 09:00:00,6130844.97,,1538445.09
2026-07-31 10:00:00,6155031.45,,1530400.86
2026-07-31 11:00:00,6180289.00,,1518574.18
2026-07-31 12:00:00,6101034.52,,1488119.35
2026-07-31 13:00:00,6220700.48,,1520919.52
2026-07-31 14:00:00,6158188.38,,1492078.55
2026-07-31 15:00:00,6182431.03,,1535710.99
2026-07-31 16:00:00,6286919.04,,1597147.37
2026-07-31 17:00:00,6257312.76,,1603490.39
2026-07-31 18:00:00,6288882.94,,1610387.41
2026-07-31 19:00:00,6268430.35,,1601794.54
2026-07-31 20:00:00,6174197.26,,1577661.08
2026-07-31 21:00:00,6198038.72,,1594351.88
2026-07-31 22:00:00,6203810.99,,1597525.84
2026-07-31 23:00:00,6220317.73,,1598004.26
2026-08-01 00:00:00,6240065.82,,1600562.25
2026-08-01 01:00:00,6304325.00,,1624600.20
2026-08-01 02:00:00,6307150.18,,1620985.67
2026-08-01 03:00:00,6262067.05,,1607921.57
2026-08-01 04:00:00,6257448.00,,1605286.00
2026-08-01 05:00:00,6300081.49,,1620492.66
2026-08-01 06:00:00,6277575.43,,1614018.69
2026-08-01 07:00:00,6266553.77,,1613995.98
2026-08-01 08:00:00,6211580.51,,1607820.00
2026-08-01 09:00:00,6179645.34,,1604348.65
2026-08-01 10:00:00,6133213.97,,1584717.62
2026-08-01 11:00:00,6119164.48,,1577624.52
2026-08-01 12:00:00,6123288.49,,1577190.75
2026-08-01 13:00:00,6107018.40,,1574205.86
2026-08-01 14:00:00,6181940.59,,1578621.07
2026-08-01 15:00:00,6211402.68,,1570638.48
2026-08-01 16:00:00,6167741.07,,1555039.86
2026-08-01 17:00:00,6198058.18,,1560128.53
2026-08-01 18:00:00,6138784.52,,1549934.83
2026-08-01 19:00:00,6179657.11,,1540234.51
2026-08-01 20:00:00,6199960.44,,1553204.09
2026-08-01 21:00:00,6156966.34,,1540806.31
2026-08-01 22:00:00,6233389.86,,1557596.71
2026-08-01 23:00:00,6204976.44,,1550812.15
2026-08-02 00:00:00,6221761.46,,1545145.37
2026-08-02 01:00:00,6301035.99,,1569935.82
2026-08-02 02:00:00,6374760.42,,1584499.59
2026-08-02 03:00:00,6474155.95,,1610468.79
2026-08-02 04:00:00,6501123.44,,1619762.98
2026-08-02 05:00:00,6565923.64,,1637602.45
2026-08-02 06:00:00,6586099.73,,1619690.23
2026-08-02 07:00:00,6663492.42,,1715351.31
2026-08-02 08:00:00,6628172.97,,1695579.77
2026-08-02 09:00:00,6643368.26,,1668708.86
2026-08-02 10:00:00,6593025.54,,1670352.26
2026-08-02 11:00:00,6513622.27,,1653521.47
2026-08-02 12:00:00,6484699.23,,1625345.04
2026-08-02 13:00:00,6431093.51,,1596807.03
2026-08-02 14:00:00,6478562.24,,1597270.75
2026-08-02 15:00:00,6447818.80,,1572090.48
2026-08-02 16:00:00,6444603.19,,1562360.75
2026-08-02 17:00:00,6425139.04,,1553978.60
2026-08-02 18:00:00,6404990.56,,1550759.56
2026-08-02 19:00:00,6412625.64,,1559209.16
2026-08-02 20:00:00,6390546.55,,1555858.23
2026-08-02 21:00:00,6366901.42,,1560697.07
2026-08-02 22:00:00,6517761.64,,1584864.31
2026-08-02 23:00:00,6386361.76,,1564258.85
2026-08-03 00:00:00,6399035.49,,1564257.24
2026-08-03 01:00:00,6396214.36,,1579412.82
2026-08-03 02:00:00,6335332.61,,1560266.75
2026-08-03 03:00:00,6310255.96,,1556860.06
2026-08-03 04:00:00,6327711.15,,1562830.51
2026-08-03 05:00:00,6285289.74,,1554039.37
2026-08-03 06:00:00,6372456.89,,1577930.68
2026-08-03 07:00:00,6313004.17,,1564612.00
2026-08-03 08:00:00,6282302.22,,1568646.43
2026-08-03 09:00:00,6282295.26,,1566395.60
2026-08-03 10:00:00,6297035.10,,1563858.12
2026-08-03 11:00:00,6267169.15,,1556649.05
2026-08-03 12:00:00,6232655.29,,1543321.44
2026-08-03 13:00:00,6353028.07,,1576866.00
2026-08-03 14:00:00,6502387.24,,1618023.86
2026-08-03 15:00:00,6527051.73,,1676579.14
2026-08-03 16:00:00,6495634.08,,1692716.68
2026-08-03 17:00:00,6490195.61,,1693318.01
2026-08-03 18:00:00,6462193.02,,1685835.35
2026-08-03 19:00:00,6434882.04,,1673442.30
2026-08-03 20:00:00,6408844.16,,1662876.40
2026-08-03 21:00:00,6391349.70,,1648492.10
2026-08-03 22:00:00,6384156.63,,1649830.84
2026-08-03 23:00:00,6396595.08,,1637789.79
2026-08-04 00:00:00,6361840.24,,1629591.13
2026-08-04 01:00:00,6399456.15,,1640406.91
2026-08-04 02:00:00,6434021.81,,1647967.88
2026-08-04 03:00:00,6406698.14,,1648630.96
2026-08-04 04:00:00,6380219.61,,1634765.01
2026-08-04 05:00:00,6340387.78,,1611686.54
2026-08-04 06:00:00,6283807.27,,1571173.17
2026-08-04 07:00:00,6278824.82,,1568486.61
2026-08-04 08:00:00,6246806.54,,1603574.60
2026-08-04 09:00:00,6235569.79,,1643101.21
2026-08-04 10:00:00,6134120.61,,1646496.14
2026-08-04 11:00:00,6128809.66,,1640386.15
2026-08-04 12:00:00,6165281.12,,1698626.02
2026-08-04 13:00:00,6136015.28,,1684044.27
2026-08-04 14:00:00,6144950.64,,1682436.11
2026-08-04 15:00:00,6149326.59,,1710002.56
2026-08-04 16:00:00,6195689.67,,1728624.34
2026-08-04 17:00:00,6136827.80,,1717791.94
2026-08-04 18:00:00,6213129.13,,1743811.01
2026-08-04 19:00:00,6309507.22,,1778519.78
2026-08-04 20:00:00,6281651.08,,1770681.16
2026-08-04 21:00:00,6230263.82,,1745391.06
2026-08-04 22:00:00,6231083.28,,1736742.61
2026-08-04 23:00:00,6307245.34,,1758981.71
2026-08-05 00:00:00,6167845.45,,1717949.21
2026-08-05 01:00:00,6247005.68,,1740125.53
2026-08-05 02:00:00,6250167.89,,1740699.50
2026-08-05 03:00:00,6342033.08,,1760143.36
2026-08-05 04:00:00,6338098.66,,1765043.10
2026-08-05 05:00:00,6363476.83,,1779649.70
2026-08-05 06:00:00,6297898.90,,1753881.46
2026-08-05 07:00:00,6331755.75,,1753578.99
2026-08-05 08:00:00,6363937.98,,1757012.06
2026-08-05 09:00:00,6336781.48,,1741419.07
2026-08-05 10:00:00,6421412.36,,1747397.11
2026-08-05 11:00:00,6381147.42,,1723912.21
2026-08-05 12:00:00,6424373.56,,1741834.03
2026-08-05 13:00:00,6345581.75,,1766471.46
2026-08-05 14:00:00,6310014.62,,1749530.89
2026-08-05 15:00:00,6287467.62,,1722267.21
2026-08-05 16:00:00,6199837.02,,1705865.68
2026-08-05 17:00:00,6293111.37,,1714687.62
2026-08-05 18:00:00,6301642.59,,1728289.32
2026-08-05 19:00:00,6395915.53,,1773792.79
2026-08-05 20:00:00,6466672.26,,1825016.95
2026-08-05 21:00:00,6400562.06,,1827059.13
2026-08-05 22:00:00,6376641.39,,1811156.15
2026-08-05 23:00:00,6181154.93,,1793643.35
2026-08-06 00:00:00,6287832.17,,1803370.43
2026-08-06 01:00:00,6270855.16,,1805517.34
2026-08-06 02:00:00,6179966.38,,1770672.53
2026-08-06 03:00:00,5958985.09,,1747013.69
2026-08-06 04:00:00,5986586.19,,1754340.01
2026-08-06 05:00:00,5980982.57,,1733928.57
2026-08-06 06:00:00,5965732.79,,1722098.15
2026-08-06 07:00:00,6002927.84,,1734931.25
2026-08-06 08:00:00,6003065.25,,1752190.28
2026-08-06 09:00:00,5962628.82,,1739412.10
2026-08-06 10:00:00,5854096.95,,1698154.36
2026-08-06 11:00:00,5827839.78,,1674831.00
2026-08-06 12:00:00,5849330.29,,1682448.59
2026-08-06 13:00:00,5815286.13,,1660798.66
2026-08-06 14:00:00,5870799.89,,1681455.44
2026-08-06 15:00:00,5904130.89,,1686601.53
2026-08-06 16:00:00,5804832.24,,1661907.01
2026-08-06 17:00:00,5799096.59,,1679712.21
2026-08-06 18:00:00,5700105.27,,1672124.35
2026-08-06 19:00:00,5600883.64,,1643687.31
2026-08-06 20:00:00,5605119.72,,1644968.72
2026-08-06 21:00:00,5585852.07,,1650080.40
2026-08-06 22:00:00,5613997.85,,1672760.60
2026-08-06 23:00:00,5587807.68,,1665788.57
2026-08-07 00:00:00,5609641.98,,1676633.74
2026-08-07 01:00:00,5631015.38,,1687034.23
2026-08-07 02:00:00,5643058.54,,1686059.51
2026-08-07 03:00:00,5634743.43,,1689296.23
2026-08-07 04:00:00,5575807.05,,1676670.78
2026-08-07 05:00:00,5605029.64,,1679787.87
2026-08-07 06:00:00,5613430.83,,1686537.48
2026-08-07 07:00:00,5597988.15,,1676879.85
2026-08-07 08:00:00,5605373.75,,1673950.93
2026-08-07 09:00:00,5630518.90,,1681108.64
2026-08-07 10:00:00,5590907.89,,1673852.67
2026-08-07 11:00:00,5575535.90,,1678639.53
2026-08-07 12:00:00,5599454.13,,1685324.90
2026-08-07 13:00:00,5638829.56,,1692044.22
2026-08-07 14:00:00,5696040.56,,1710831.32
2026-08-07 15:00:00,5637430.75,,1695165.78
2026-08-07 16:00:00,5684781.64,,1712709.56
2026-08-07 17:00:00,5658966.65,,1698343.56
2026-08-07 18:00:00,5625382.77,,1697713.87
2026-08-07 19:00:00,5618574.02,,1684618.20
2026-08-07 20:00:00,5662803.54,,1692106.11
2026-08-07 21:00:00,5614011.40,,1680454.20
2026-08-07 22:00:00,5593241.68,,1670944.20
2026-08-07 23:00:00,5599255.05,,1677765.92
2026-08-08 00:00:00,5639979.99,,1664917.24
2026-08-08 01:00:00,5747642.65,,1694483.79
2026-08-08 02:00:00,5763894.48,,1692819.04
2026-08-08 03:00:00,5776054.30,,1694396.55
2026-08-08 04:00:00,5817069.68,,1710820.70
2026-08-08 05:00:00,5752586.08,,1687103.51
2026-08-08 06:00:00,5724535.57,,1680908.41
2026-08-08 07:00:00,5728729.07,,1690702.15
2026-08-08 08:00:00,5750922.88,,1694561.01
2026-08-08 09:00:00,5781290.16,,1703253.80
2026-08-08 10:00:00,5821443.34,,1708989.14
2026-08-08 11:00:00,5818017.37,,1704323.00
2026-08-08 12:00:00,5830982.72,,1707236.77
2026-08-08 13:00:00,5808873.47,,1698572.19
2026-08-08 14:00:00,5756761.45,,1689408.41
2026-08-08 15:00:00,5817835.01,,1690199.24
2026-08-08 16:00:00,5804035.54,,1687897.09
2026-08-08 17:00:00,5761565.16,,1683809.47
2026-08-08 18:00:00,5750077.11,,1676264.75
2026-08-08 19:00:00,5780754.06,,1684648.94
2026-08-08 20:00:00,5786555.43,,1684466.93
2026-08-08 21:00:00,5763777.35,,1684852.14
2026-08-08 22:00:00,5768542.47,,1675828.18
2026-08-08 23:00:00,5720370.72,,1660020.31
2026-08-09 00:00:00,5743040.85,,1671723.37
2026-08-09 01:00:00,5740608.28,,1672669.64
2026-08-09 02:00:00,5747359.27,,1681131.93
2026-08-09 03:00:00,5753318.65,,1683947.94
2026-08-09 04:00:00,5733876.29,,1676829.19
2026-08-09 05:00:00,5750017.28,,1681111.69
2026-08-09 06:00:00,5722202.66,,1662703.78
2026-08-09 07:00:00,5757372.27,,1676252.96
2026-08-09 08:00:00,5723417.84,,1665244.69
2026-08-09 09:00:00,5742008.67,,1667733.16
2026-08-09 10:00:00,5776712.52,,1673753.53
2026-08-09 11:00:00,5728912.64,,1648455.55
2026-08-09 12:00:00,5719784.03,,1639946.37
2026-08-09 13:00:00,5699929.90,,1632422.05
2026-08-09 14:00:00,5729310.14,,1642017.84
2026-08-09 15:00:00,5725295.36,,1642586.37
2026-08-09 16:00:00,5733619.64,,1646572.21
2026-08-09 17:00:00,5714094.67,,1644472.37
2026-08-09 18:00:00,5717941.70,,1635697.75
2026-08-09 19:00:00,5668596.71,,1620527.05
2026-08-09 20:00:00,5657544.74,,1619244.68
2026-08-09 21:00:00,5674227.89,,1619536.62
2026-08-09 22:00:00,5682762.45,,1639116.75
2026-08-09 23:00:00,5773622.78,,1602435.15
2026-08-10 00:00:00,5529054.98,,1553579.44
2026-08-10 01:00:00,5633795.00,,1605617.10
2026-08-10 02:00:00,5737859.29,,1615998.50
2026-08-10 03:00:00,5722649.40,,1604557.68
2026-08-10 04:00:00,5759176.27,,1602652.78
2026-08-10 05:00:00,5701601.52,,1584826.79
2026-08-10 06:00:00,5760150.60,,1602968.90
2026-08-10 07:00:00,5733743.34,,1597909.99
2026-08-10 08:00:00,5746164.23,,1602813.92
2026-08-10 09:00:00,5739358.67,,1600938.53
2026-08-10 10:00:00,5703310.01,,1588844.39
2026-08-10 11:00:00,5732967.03,,1601710.95
2026-08-10 12:00:00,6012227.19,,1698450.11
2026-08-10 13:00:00,5873705.06,,1664818.99
2026-08-10 14:00:00,5920766.00,,1654111.78
2026-08-10 15:00:00,5838966.53,,1629506.02
2026-08-10 16:00:00,5868573.92,,1646343.21
2026-08-10 17:00:00,5852134.15,,1617256.51
2026-08-10 18:00:00,5931650.77,,1635580.30
2026-08-10 19:00:00,5937769.57,,1654497.63
2026-08-10 20:00:00,5926423.82,,1651830.43
2026-08-10 21:00:00,5924677.85,,1636297.47
2026-08-10 22:00:00,5805210.02,,1619170.45
2026-08-10 23:00:00,5750061.77,,1598602.62
2026-08-11 00:00:00,5775371.48,,1596931.65
2026-08-11 01:00:00,5791897.81,,1600043.37
2026-08-11 02:00:00,5796481.27,,1601428.73
2026-08-11 03:00:00,5813565.61,,1610780.53
2026-08-11 04:00:00,5771398.05,,1592158.90
2026-08-11 05:00:00,5839332.74,,1608434.35
2026-08-11 06:00:00,5848652.94,,1616308.88
2026-08-11 07:00:00,5873228.68,,1625490.46
2026-08-11 08:00:00,5868000.82,,1634167.57
2026-08-11 09:00:00,5875085.16,,1628621.33
2026-08-11 10:00:00,5856725.13,,1643598.30
2026-08-11 11:00:00,5833055.13,,1636063.97
2026-08-11 12:00:00,5809819.20,,1643265.02
2026-08-11 13:00:00,5741893.16,,1622092.31
2026-08-11 14:00:00,5794647.10,,1637234.94
2026-08-11 15:00:00,5654373.54,,1595381.83
2026-08-11 16:00:00,5643739.58,,1595443.09
2026-08-11 17:00:00,5654977.21,,1594309.07
2026-08-11 18:00:00,5675304.91,,1608187.69
2026-08-11 19:00:00,5688754.28,,1614995.60
2026-08-11 20:00:00,5862233.57,,1700892.31
2026-08-11 21:00:00,5826625.68,,1687264.29
2026-08-11 22:00:00,5809776.89,,1672049.98
2026-08-11 23:00:00,5795247.50,,1674989.43
2026-08-12 00:00:00,5762827.34,,1664657.82
2026-08-12 01:00:00,5775384.98,,1665291.80
2026-08-12 02:00:00,5808473.73,,1669792.35
2026-08-12 03:00:00,5788926.41,,1664065.05
2026-08-12 04:00:00,5907764.78,,1696218.89
2026-08-12 05:00:00,5920823.23,,1712484.33
2026-08-12 06:00:00,6015171.29,,1724144.14
2026-08-12 07:00:00,5972597.82,,1688389.38
2026-08-12 08:00:00,5991641.50,,1690932.82
2026-08-12 09:00:00,5970222.56,,1680751.82
2026-08-12 10:00:00,6053197.80,,1697150.72
2026-08-12 11:00:00,6142780.09,,1712847.22
2026-08-12 12:00:00,6094192.24,,1705933.12
2026-08-12 13:00:00,6117426.35,,1718176.73
2026-08-12 14:00:00,6049112.50,,1703606.16
2026-08-12 15:00:00,6148409.56,,1724832.52
2026-08-12 16:00:00,6150215.60,,1721301.34
2026-08-12 17:00:00,6093268.47,,1702162.54
2026-08-12 18:00:00,6058166.77,,1688768.08
2026-08-12 19:00:00,6036757.37,,1689865.73
2026-08-12 20:00:00,5910026.38,,1671020.52
2026-08-12 21:00:00,5943114.02,,1671681.31
2026-08-12 22:00:00,5844661.68,,1644206.85
2026-08-12 23:00:00,5801521.76,,1641614.80
2026-08-13 00:00:00,5751503.49,,1624755.82
2026-08-13 01:00:00,5796943.26,,1634548.90
2026-08-13 02:00:00,5853982.28,,1649264.32
2026-08-13 03:00:00,5857865.69,,1639382.03
2026-08-13 04:00:00,5852751.42,,1648438.65
2026-08-13 05:00:00,5800531.20,,1634826.47
2026-08-13 06:00:00,5863690.74,,1673709.94
2026-08-13 07:00:00,5874707.43,,1678257.29
2026-08-13 08:00:00,5897981.72,,1694480.59
2026-08-13 09:00:00,5894307.85,,1688478.44
2026-08-13 10:00:00,5960307.94,,1706978.08
2026-08-13 11:00:00,5985769.67,,1710347.32
2026-08-13 12:00:00,6040317.86,,1746950.00
2026-08-13 13:00:00,6118154.46,,1781531.14
2026-08-13 14:00:00,6278383.31,,1808984.52
2026-08-13 15:00:00,6223646.92,,1789959.72
2026-08-13 16:00:00,6190657.99,,1782466.95
2026-08-13 17:00:00,6100786.13,,1735356.04
2026-08-13 18:00:00,6100305.08,,1736405.42
2026-08-13 19:00:00,6069538.92,,1727365.57
2026-08-13 20:00:00,6084156.89,,1729142.44
2026-08-13 21:00:00,6063294.77,,1726553.90
2026-08-13 22:00:00,6103590.15,,1736201.35
2026-08-13 23:00:00,6331527.52,,1814633.89
2026-08-14 00:00:00,6170343.27,,1825252.36
2026-08-14 01:00:00,6132666.66,,1816778.94
2026-08-14 02:00:00,6107488.63,,1762755.64
2026-08-14 03:00:00,6134525.29,,1763365.15
2026-08-14 04:00:00,6090479.09,,1742876.96
2026-08-14 05:00:00,6085286.61,,1746764.36
2026-08-14 06:00:00,6174797.69,,1773538.47
2026-08-14 07:00:00,6049596.87,,1739684.76
2026-08-14 08:00:00,5948312.35,,1724820.70
2026-08-14 09:00:00,5963739.29,,1724488.95
2026-08-14 10:00:00,5929494.11,,1717514.97
2026-08-14 11:00:00,5849279.31,,1689299.12
2026-08-14 12:00:00,5816413.45,,1681551.47
2026-08-14 13:00:00,5856446.37,,1684256.66
2026-08-14 14:00:00,5874058.80,,1696055.14
2026-08-14 15:00:00,5765970.74,,1647814.73
2026-08-14 16:00:00,5741538.52,,1656072.27
2026-08-14 17:00:00,5681236.42,,1634910.02
2026-08-14 18:00:00,5684958.65,,1645082.45
2026-08-14 19:00:00,5663282.78,,1644264.69
2026-08-14 20:00:00,5729868.28,,1666240.68
2026-08-14 21:00:00,5721647.55,,1653817.36
2026-08-14 22:00:00,5798764.65,,1675924.47
2026-08-14 23:00:00,5783389.37,,1668403.40
2026-08-15 00:00:00,5738335.77,,1667561.82
2026-08-15 01:00:00,5745634.43,,1684149.67
2026-08-15 02:00:00,5759332.22,,1693792.87
2026-08-15 03:00:00,5880080.42,,1779986.10
2026-08-15 04:00:00,5903352.01,,1782001.21
2026-08-15 05:00:00,5894021.21,,1757761.65
2026-08-15 06:00:00,5888441.45,,1742870.11
2026-08-15 07:00:00,5946184.59,,1764320.09
2026-08-15 08:00:00,5892144.59,,1749732.67
2026-08-15 09:00:00,5885112.02,,1751053.30
2026-08-15 10:00:00,5779411.12,,1710678.43
2026-08-15 11:00:00,5812759.30,,1685756.45
2026-08-15 12:00:00,5799440.44,,1751492.18
2026-08-15 13:00:00,5938342.55,,1866095.25
2026-08-15 14:00:00,5996922.79,,1885275.12
2026-08-15 15:00:00,6005281.67,,1876420.48
2026-08-15 16:00:00,5959759.09,,1846288.21
2026-08-15 17:00:00,5917631.54,,1829614.21
2026-08-15 18:00:00,5922583.95,,1837161.00
2026-08-15 19:00:00,5964665.04,,1833364.75
2026-08-15 20:00:00,5964921.17,,1831635.14
2026-08-15 21:00:00,5947180.89,,1804001.54
2026-08-15 22:00:00,5904389.96,,1770050.38
2026-08-15 23:00:00,5873985.29,,1749987.53
2026-08-16 00:00:00,5851115.71,,1726067.17
2026-08-16 01:00:00,5857218.26,,1725484.59
2026-08-16 02:00:00,5876575.92,,1715962.79
2026-08-16 03:00:00,5874837.65,,1709352.61
2026-08-16 04:00:00,5799773.60,,1685767.43
2026-08-16 05:00:00,5727371.00,,1640673.77
2026-08-16 06:00:00,5770098.45,,1654461.28
2026-08-16 07:00:00,5749713.59,,1641635.98
2026-08-16 08:00:00,5767452.86,,1637636.93
2026-08-16 09:00:00,5813164.19,,1648031.81
2026-08-16 10:00:00,5839530.26,,1664422.58
2026-08-16 11:00:00,5837842.42,,1658801.97
2026-08-16 12:00:00,5847373.57,,1657388.43
2026-08-16 13:00:00,5826405.93,,1642294.84
2026-08-16 14:00:00,5851750.06,,1646359.41
2026-08-16 15:00:00,5864252.37,,1657351.84
2026-08-16 16:00:00,5895255.55,,1698623.77
2026-08-16 17:00:00,5895591.61,,1772292.51
2026-08-16 18:00:00,5810818.29,,1721528.82
2026-08-16 19:00:00,5750525.09,,1669621.19
2026-08-16 20:00:00,5741368.97,,1649922.22
2026-08-16 21:00:00,5688670.95,,1635057.32
2026-08-16 22:00:00,5555704.70,,1616424.83
2026-08-16 23:00:00,5611433.36,,1660828.89
2026-08-17 00:00:00,5609663.38,,1656118.70
2026-08-17 01:00:00,5591776.69,,1655560.53
2026-08-17 02:00:00,5616179.70,,1658025.94
2026-08-17 03:00:00,5664502.31,,1667776.19
2026-08-17 04:00:00,5640286.99,,1671893.22
2026-08-17 05:00:00,5607770.44,,1663980.25
2026-08-17 06:00:00,5571721.43,,1640373.74
2026-08-17 07:00:00,5585832.86,,1628086.50
2026-08-17 08:00:00,5606075.86,,1622627.59
2026-08-17 09:00:00,5529298.20,,1604100.81
2026-08-17 10:00:00,5492267.13,,1619561.09
2026-08-17 11:00:00,5524518.26,,1625460.38
2026-08-17 12:00:00,5505228.75,,1608156.49
2026-08-17 13:00:00,5451079.64,,1574506.97
2026-08-17 14:00:00,5432523.39,,1602889.95
2026-08-17 15:00:00,5464421.47,,1688449.30
2026-08-17 16:00:00,5573279.11,,1726052.05
2026-08-17 17:00:00,5548152.20,,1685327.98
2026-08-17 18:00:00,5609654.42,,1692323.06
2026-08-17 19:00:00,5659595.42,,1744880.95
2026-08-17 20:00:00,5697864.66,,1794828.12
2026-08-17 21:00:00,5640680.07,,1760591.38
2026-08-17 22:00:00,5619033.22,,1740949.39
2026-08-17 23:00:00,5601107.40,,1734028.62
2026-08-18 00:00:00,5605153.85,,1736642.61
2026-08-18 01:00:00,5647810.45,,1739896.99
2026-08-18 02:00:00,5596834.78,,1745857.37
2026-08-18 03:00:00,5486094.90,,1698375.48
2026-08-18 04:00:00,5547126.84,,1726052.41
2026-08-18 05:00:00,5519744.21,,1715302.31
2026-08-18 06:00:00,5463200.23,,1689513.57
2026-08-18 07:00:00,5510121.10,,1705851.80
2026-08-18 08:00:00,5566480.27,,1741805.37
2026-08-18 09:00:00,5581426.41,,1744191.68
2026-08-18 10:00:00,5606645.76,,1756517.77
2026-08-18 11:00:00,5626998.83,,1763706.29
2026-08-18 12:00:00,5556273.87,,1745305.41
2026-08-18 13:00:00,5552883.95,,1737294.56
2026-08-18 14:00:00,5525946.21,,1744371.49
2026-08-18 15:00:00,5513219.60,,1725377.66
2026-08-18 16:00:00,5582158.47,,1753027.05
2026-08-18 17:00:00,5502729.00,,1725082.46
2026-08-18 18:00:00,5470187.78,,1695840.97
2026-08-18 19:00:00,5436253.16,,1669926.40
2026-08-18 20:00:00,5382036.16,,1631831.19
2026-08-18 21:00:00,5358234.78,,1608127.83
2026-08-18 22:00:00,5353949.01,,1584147.89
2026-08-18 23:00:00,5304141.04,,1597675.23
2026-08-19 00:00:00,5329321.64,,1602789.20
2026-08-19 01:00:00,5321709.92,,1590040.45
2026-08-19 02:00:00,5340363.21,,1590538.79
2026-08-19 03:00:00,5275394.64,,1562797.17
2026-08-19 04:00:00,5333860.39,,1579772.99
2026-08-19 05:00:00,5346888.62,,1639522.85
2026-08-19 06:00:00,5346853.34,,1668472.31
2026-08-19 07:00:00,5353958.05,,1669982.55
2026-08-19 08:00:00,5345379.82,,1688205.89
2026-08-19 09:00:00,5381190.27,,1714215.73
2026-08-19 10:00:00,5367442.87,,1710105.70
2026-08-19 11:00:00,5361132.80,,1707779.88
2026-08-19 12:00:00,5383696.44,,1703679.85
2026-08-19 13:00:00,5398922.69,,1712577.71
2026-08-19 14:00:00,5359129.07,,1702532.61
2026-08-19 15:00:00,5445556.92,,1723435.52
2026-08-19 16:00:00,5487556.79,,1710681.80
2026-08-19 17:00:00,5471727.63,,1639568.61
2026-08-19 18:00:00,5413257.78,,1609333.61
2026-08-19 19:00:00,5470802.97,,1670954.74
2026-08-19 20:00:00,5654599.80,,1693862.51
2026-08-19 21:00:00,5769612.09,,1731757.83
2026-08-19 22:00:00,5760873.03,,1732516.70
2026-08-19 23:00:00,5700883.98,,1702512.79
2026-08-20 00:00:00,5602198.36,,1689112.62
2026-08-20 01:00:00,5646841.37,,1673918.93
2026-08-20 02:00:00,5652998.34,,1686502.43
2026-08-20 03:00:00,5509105.07,,1701399.45
2026-08-20 04:00:00,5475924.04,,1721837.93
2026-08-20 05:00:00,5620190.08,,1773342.22
2026-08-20 06:00:00,5617346.54,,1745516.95
2026-08-20 07:00:00,5698527.82,,1770107.17
2026-08-20 08:00:00,6610717.61,,1929159.62
2026-08-20 09:00:00,6084748.55,,1839170.72
2026-08-20 10:00:00,6005409.46,,1802351.02
2026-08-20 11:00:00,6050412.40,,1833872.81
2026-08-20 12:00:00,6116745.14,,1861838.25
2026-08-20 13:00:00,6051277.21,,1812491.46
2026-08-20 14:00:00,5937182.84,,1779687.54
2026-08-20 15:00:00,6017535.69,,1817627.63
2026-08-20 16:00:00,6069395.54,,1899233.64
2026-08-20 17:00:00,6159349.09,,1907163.15
2026-08-20 18:00:00,6092515.85,,1897903.23
2026-08-20 19:00:00,6081775.41,,1874949.84
2026-08-20 20:00:00,6133391.12,,1847927.98
2026-08-20 21:00:00,6360262.19,,1939425.26
2026-08-20 22:00:00,6633973.44,,1954732.10
2026-08-20 23:00:00,6567468.39,,1908558.51
2026-08-21 00:00:00,6471658.43,,1865631.94
2026-08-21 01:00:00,6334026.91,,1874597.80
2026-08-21 02:00:00,6351851.74,,1844036.18
2026-08-21 03:00:00,6227609.09,,1797271.42
2026-08-21 04:00:00,6331771.45,,1809184.74
2026-08-21 05:00:00,6378871.82,,1827513.13
2026-08-21 06:00:00,6403272.24,,1803810.31
2026-08-21 07:00:00,6427406.50,,1830332.33
2026-08-21 08:00:00,6648055.97,,1894978.29
2026-08-21 09:00:00,6712266.66,,1907403.89
2026-08-21 10:00:00,6613878.85,,1860100.91
2026-08-21 11:00:00,7039877.91,,1996991.01
2026-08-21 12:00:00,6691117.46,,1950062.59
2026-08-21 13:00:00,6878859.95,,1986705.57
2026-08-21 14:00:00,6831637.44,,1960414.42
2026-08-21 15:00:00,6899062.26,,1952618.37
2026-08-21 16:00:00,6783768.56,,1938009.42
2026-08-21 17:00:00,6758111.09,,1928101.37
2026-08-21 18:00:00,6753450.40,,1908151.47
2026-08-21 19:00:00,6872304.13,,1895421.51
2026-08-21 20:00:00,6872292.70,,1893672.95
2026-08-21 21:00:00,6949584.80,,1942577.17
2026-08-21 22:00:00,7070370.69,,1988390.51
2026-08-21 23:00:00,6984841.13,,2012000.16
2026-08-22 00:00:00,7026688.46,,2015130.40
2026-08-22 01:00:00,7074362.42,,2040249.51
2026-08-22 02:00:00,7124032.30,,2053554.55
2026-08-22 03:00:00,7260375.52,,2140771.48
2026-08-22 04:00:00,7467888.71,,2273439.74
2026-08-22 05:00:00,7522707.40,,2244044.48
2026-08-22 06:00:00,6445527.60,,1871258.15
2026-08-22 07:00:00,6533605.63,,1850126.29
2026-08-22 08:00:00,6502446.84,,1862762.58
2026-08-22 09:00:00,6473149.58,,1860956.61
2026-08-22 10:00:00,6388369.42,,1854008.37
2026-08-22 11:00:00,6273814.40,,1844263.27
2026-08-22 12:00:00,6258569.65,,1846417.04
2026-08-22 13:00:00,6187056.15,,1831517.27
2026-08-22 14:00:00,6273870.20,,1835343.71
2026-08-22 15:00:00,6223117.33,,1818641.64
2026-08-22 16:00:00,6232776.18,,1814319.93
2026-08-22 17:00:00,6398241.65,,1877401.84
2026-08-22 18:00:00,6393621.79,,1884020.42
2026-08-22 19:00:00,6253739.17,,1836612.18
2026-08-22 20:00:00,6231064.96,,1824968.00
2026-08-22 21:00:00,6145731.42,,1811057.70
2026-08-22 22:00:00,6023633.36,,1771645.84
2026-08-22 23:00:00,6086550.55,,1785398.51
2026-08-23 00:00:00,6079138.30,,1787744.93
2026-08-23 01:00:00,6187720.11,,1818205.81
2026-08-23 02:00:00,6179128.11,,1821870.42
2026-08-23 03:00:00,6124694.04,,1804851.88
2026-08-23 04:00:00,6022895.64,,1769915.37
2026-08-23 05:00:00,6015033.58,,1757552.84
2026-08-23 06:00:00,6047416.81,,1762811.46
2026-08-23 07:00:00,6043648.54,,1773493.11
2026-08-23 08:00:00,6096590.80,,1792754.28
2026-08-23 09:00:00,6088260.15,,1797373.54
2026-08-23 10:00:00,6121502.08,,1817922.23
2026-08-23 11:00:00,6436448.85,,1908209.32
2026-08-23 12:00:00,6499051.56,,1915402.73
2026-08-23 13:00:00,6592322.99,,1935398.17
2026-08-23 14:00:00,6817824.19,,1967209.66
2026-08-23 15:00:00,6863303.92,,1947465.63
2026-08-23 16:00:00,6895702.52,,1950965.58
2026-08-23 17:00:00,6904587.53,,1948263.71
2026-08-23 18:00:00,6985065.10,,1978506.31
2026-08-23 19:00:00,7436157.22,,2026763.60
2026-08-23 20:00:00,7962872.41,,2147067.78
2026-08-23 21:00:00,8293828.39,,2319615.04
2026-08-23 22:00:00,8607106.98,,2387285.55
2026-08-23 23:00:00,8756156.54,,2474533.88
2026-08-24 00:00:00,9111089.38,,2629002.25
2026-08-24 01:00:00,9137178.74,,2631953.16
2026-08-24 02:00:00,8475234.03,,2492127.34
2026-08-24 03:00:00,8516350.29,,2514321.89
2026-08-24 04:00:00,9073005.24,,2599208.93
2026-08-24 05:00:00,9295032.56,,2636996.56
2026-08-24 06:00:00,9707612.24,,2894382.22
2026-08-24 07:00:00,9500699.27,,2885947.26
2026-08-24 08:00:00,9980028.82,,3103785.25
2026-08-24 09:00:00,9712151.79,,3023666.12
2026-08-24 10:00:00,9808438.27,,3024918.45
2026-08-24 11:00:00,8909403.67,,2714856.40
2026-08-24 12:00:00,8882041.34,,2807477.04
2026-08-24 13:00:00,8317424.65,,2569207.79
2026-08-24 14:00:00,8210267.97,,2632850.39
2026-08-24 15:00:00,8356510.13,,2658308.56
2026-08-24 16:00:00,8396647.54,,2737877.04
2026-08-24 17:00:00,8663675.64,,2882020.69
2026-08-24 18:00:00,8752182.46,,2961028.32
2026-08-24 19:00:00,8816954.91,,2967606.02
2026-08-24 20:00:00,8282587.87,,2697345.26
2026-08-24 21:00:00,8298914.36,,2691503.74
2026-08-24 22:00:00,8126518.29,,2630987.45
2026-08-24 23:00:00,7952722.89,,2578686.99
2026-08-25 00:00:00,8025610.85,,2584998.43
2026-08-25 01:00:00,8090661.73,,2644879.85
2026-08-25 02:00:00,7932603.80,,2588886.23
2026-08-25 03:00:00,8017296.39,,2633410.25
2026-08-25 04:00:00,7890429.75,,2564534.70
2026-08-25 05:00:00,8017555.80,,2590115.52
2026-08-25 06:00:00,7825391.46,,2535765.44
2026-08-25 07:00:00,7846840.26,,2547908.98
2026-08-25 08:00:00,7686162.07,,2472894.43
2026-08-25 09:00:00,7724951.87,,2521273.40
2026-08-25 10:00:00,7707836.33,,2505089.31
2026-08-25 11:00:00,7682427.77,,2517835.58
2026-08-25 12:00:00,7678164.67,,2520164.96
2026-08-25 13:00:00,7728517.18,,2532893.80
2026-08-25 14:00:00,7539875.37,,2477160.88
2026-08-25 15:00:00,7441287.59,,2436810.15
2026-08-25 16:00:00,7529819.93,,2437480.45
2026-08-25 17:00:00,7442635.46,,2419311.79
2026-08-25 18:00:00,7311070.95,,2382824.45
2026-08-25 19:00:00,7309042.12,,2385025.40
2026-08-25 20:00:00,7199498.84,,2263228.72
2026-08-25 21:00:00,7034366.50,,2265271.25
2026-08-25 22:00:00,7028123.18,,2271887.10
2026-08-25 23:00:00,7006035.66,,2288407.62
2026-08-26 00:00:00,6938572.11,,2266830.08
2026-08-26 01:00:00,7012140.69,,2305664.54
2026-08-26 02:00:00,7044222.08,,2316003.28
2026-08-26 03:00:00,7032029.13,,2324379.54
2026-08-26 04:00:00,7070058.06,,2327969.14
2026-08-26 05:00:00,7118246.07,,2324390.25
2026-08-26 06:00:00,7181382.26,,2353199.86
2026-08-26 07:00:00,7035386.96,,2304050.28
2026-08-26 08:00:00,6999047.33,,2281487.18
2026-08-26 09:00:00,7108629.77,,2316555.14
2026-08-26 10:00:00,7075193.27,,2315114.69
2026-08-26 11:00:00,7256085.57,,2355552.07
2026-08-26 12:00:00,7226983.15,,2356304.43
2026-08-26 13:00:00,7130586.34,,2333675.61
2026-08-26 14:00:00,7043645.05,,2246103.28
2026-08-26 15:00:00,6921443.66,,2228538.03
2026-08-26 16:00:00,7384157.07,,2279583.47
2026-08-26 17:00:00,7471540.94,,2357073.77
2026-08-26 18:00:00,7685230.74,,2421821.55
2026-08-26 19:00:00,7902843.06,,2469701.97
2026-08-26 20:00:00,7875802.13,,2485971.85
2026-08-26 21:00:00,7707510.51,,2439027.75
2026-08-26 22:00:00,8198871.93,,2611140.35
2026-08-26 23:00:00,7661407.26,,2491585.22
2026-08-27 00:00:00,7688930.12,,2492944.92
2026-08-27 01:00:00,7634748.43,,2517339.92
2026-08-27 02:00:00,7921843.85,,2589330.64
2026-08-27 03:00:00,7871747.61,,2577328.33
2026-08-27 04:00:00,7940323.61,,2570978.29
2026-08-27 05:00:00,7865158.89,,2563468.72
2026-08-27 06:00:00,7794302.24,,2554252.30
2026-08-27 07:00:00,8011643.75,,2639666.57
2026-08-27 08:00:00,7986522.74,,2645608.34
2026-08-27 09:00:00,8295467.87,,2947313.88
2026-08-27 10:00:00,7867968.75,,2797069.29
2026-08-27 11:00:00,7493507.66,,2576962.39
2026-08-27 12:00:00,7529868.14,,2576786.58
2026-08-27 13:00:00,7502836.64,,2579387.53
2026-08-27 14:00:00,7633191.76,,2619076.55
2026-08-27 15:00:00,7587461.98,,2592574.95
2026-08-27 16:00:00,7508393.63,,2578223.44
2026-08-27 17:00:00,7454625.36,,2565432.83
2026-08-27 18:00:00,7498406.00,,2573700.76
2026-08-27 19:00:00,7371587.16,,2529297.05
2026-08-27 20:00:00,7359502.45,,2520212.63
2026-08-27 21:00:00,7340949.15,,2520499.53
2026-08-27 22:00:00,7291298.39,,2488143.23
2026-08-27 23:00:00,7286670.76,,2477527.32
2026-08-28 00:00:00,7318555.91,,2483138.14
2026-08-28 01:00:00,7360207.50,,2501156.50
2026-08-28 02:00:00,7361069.82,,2503227.67
2026-08-28 03:00:00,7230140.90,,2441555.48
2026-08-28 04:00:00,7239254.03,,2441840.98
2026-08-28 05:00:00,7256832.23,,2443313.16
2026-08-28 06:00:00,7399880.49,,2482074.86
2026-08-28 07:00:00,7436324.41,,2495363.35
2026-08-28 08:00:00,7417157.89,,2515905.55
2026-08-28 09:00:00,7344503.93,,2465406.56
2026-08-28 10:00:00,7346631.11,,2467295.04
2026-08-28 11:00:00,7357013.41,,2487355.42
2026-08-28 12:00:00,7270313.88,,2508195.58
2026-08-28 13:00:00,7192807.65,,2446227.62
2026-08-28 14:00:00,7179375.29,,2455758.14
2026-08-28 15:00:00,7214730.88,,2455361.82
2026-08-28 16:00:00,7084228.44,,2433055.74
2026-08-28 17:00:00,7035111.60,,2364410.90
2026-08-28 18:00:00,7047780.68,,2350496.67
2026-08-28 19:00:00,6951588.28,,2282478.26
2026-08-28 20:00:00,7025659.78,,2292294.91
2026-08-28 21:00:00,7043122.30,,2308716.59
2026-08-28 22:00:00,6958666.65,,2283544.58
2026-08-28 23:00:00,6993564.91,,2295502.10
2026-08-29 00:00:00,7034242.45,,2308012.91
2026-08-29 01:00:00,6981833.84,,2280067.27
2026-08-29 02:00:00,6955450.02,,2275479.56
2026-08-29 03:00:00,6894657.02,,2263683.40
2026-08-29 04:00:00,6813070.07,,2246508.40
2026-08-29 05:00:00,6885920.80,,2265082.69
2026-08-29 06:00:00,6923471.44,,2263934.34
2026-08-29 07:00:00,6835498.47,,2247696.34
2026-08-29 08:00:00,6782018.36,,2197281.73
2026-08-29 09:00:00,6759107.50,,2184050.32
2026-08-29 10:00:00,6812566.41,,2200451.30
2026-08-29 11:00:00,6819858.93,,2196175.47
2026-08-29 12:00:00,6842467.41,,2220029.16
2026-08-29 13:00:00,6975530.50,,2249336.68
2026-08-29 14:00:00,7041459.53,,2274032.18
2026-08-29 15:00:00,7099569.93,,2293788.53
2026-08-29 16:00:00,7078007.63,,2291986.12
2026-08-29 17:00:00,7096870.94,,2298462.20
2026-08-29 18:00:00,7159145.39,,2300718.76
2026-08-29 19:00:00,7178961.77,,2311952.88
2026-08-29 20:00:00,7123390.66,,2283033.67
2026-08-29 21:00:00,7212546.62,,2272700.40
2026-08-29 22:00:00,7170623.84,,2252845.84
2026-08-29 23:00:00,7268934.96,,2287923.57
2026-08-30 00:00:00,7282049.68,,2280884.65
2026-08-30 01:00:00,7399787.91,,2304027.91
2026-08-30 02:00:00,7403005.11,,2307938.36
2026-08-30 03:00:00,7438912.09,,2321975.03
2026-08-30 04:00:00,7406003.78,,2309784.86
2026-08-30 05:00:00,7456663.81,,2327033.99
2026-08-30 06:00:00,7420399.42,,2323580.41
2026-08-30 07:00:00,7449892.42,,2298836.81
2026-08-30 08:00:00,7415531.21,,2283407.35
2026-08-30 09:00:00,7451420.01,,2303474.88
