time,oi_A,oi_6,oi_3
2026-04-25 12:00:00,,8509288.72,
2026-04-25 13:00:00,,8511271.23,
2026-04-25 14:00:00,,8421566.23,
2026-04-25 15:00:00,,8376373.59,
2026-04-25 16:00:00,,8380094.82,
2026-04-25 17:00:00,,8376321.63,
2026-04-25 18:00:00,,8333005.27,
2026-04-25 19:00:00,,8432168.96,
2026-04-25 20:00:00,,8385381.66,
2026-04-25 21:00:00,,8517655.07,
2026-04-25 22:00:00,,8408772.35,
2026-04-25 23:00:00,,8414532.13,
2026-04-26 00:00:00,,8399450.06,
2026-04-26 01:00:00,,8415066.54,
2026-04-26 02:00:00,,8291264.64,
2026-04-26 03:00:00,,8119533.30,
2026-04-26 04:00:00,,8182652.59,
2026-04-26 05:00:00,,8395997.52,
2026-04-26 06:00:00,,8367323.88,
2026-04-26 07:00:00,,8643102.83,
2026-04-26 08:00:00,,8626290.11,
2026-04-26 09:00:00,,8436895.35,
2026-04-26 10:00:00,,8644837.37,
2026-04-26 11:00:00,,8417150.92,
2026-04-26 12:00:00,,8725012.03,
2026-04-26 13:00:00,,8534919.72,
2026-04-26 14:00:00,,8546532.23,
2026-04-26 15:00:00,,8360542.72,
2026-04-26 16:00:00,,8298986.90,
2026-04-26 17:00:00,,8288613.73,
2026-04-26 18:00:00,,8337232.87,
2026-04-26 19:00:00,,8383076.98,
2026-04-26 20:00:00,,8348353.23,
2026-04-26 21:00:00,,8346486.40,
2026-04-26 22:00:00,,8163199.86,
2026-04-26 23:00:00,,8146313.61,
2026-04-27 00:00:00,,8079896.52,
2026-04-27 01:00:00,,8107069.60,
2026-04-27 02:00:00,,8084977.56,
2026-04-27 03:00:00,,8048900.16,
2026-04-27 04:00:00,,7924681.07,
2026-04-27 05:00:00,,8028002.69,
2026-04-27 06:00:00,,7726724.53,
2026-04-27 07:00:00,,7713825.48,
2026-04-27 08:00:00,,7441108.50,
2026-04-27 09:00:00,,7416699.53,
2026-04-27 10:00:00,,7311431.30,
2026-04-27 11:00:00,,7390931.30,
2026-04-27 12:00:00,,7363134.56,
2026-04-27 13:00:00,,7286371.59,
2026-04-27 14:00:00,,7219383.03,
2026-04-27 15:00:00,,6992963.63,
2026-04-27 16:00:00,,6805042.27,
2026-04-27 17:00:00,,6826602.61,
2026-04-27 18:00:00,,6848561.69,
2026-04-27 19:00:00,,6979098.51,
2026-04-27 20:00:00,,7141392.57,
2026-04-27 21:00:00,,7609092.20,
2026-04-27 22:00:00,,7583026.88,
2026-04-27 23:00:00,,7452558.02,
2026-04-28 00:00:00,,7389056.35,
2026-04-28 01:00:00,,7297854.89,
2026-04-28 02:00:00,,7149907.91,
2026-04-28 03:00:00,,7172796.04,
2026-04-28 04:00:00,,7137010.01,
2026-04-28 05:00:00,,7159545.31,
2026-04-28 06:00:00,,6958030.54,
2026-04-28 07:00:00,,6873485.96,
2026-04-28 08:00:00,,6858491.68,
2026-04-28 09:00:00,,6852638.37,
2026-04-28 10:00:00,,6864571.36,
2026-04-28 11:00:00,,6928372.24,
2026-04-28 12:00:00,,6846551.26,
2026-04-28 13:00:00,,6966835.30,
2026-04-28 14:00:00,,6934455.59,
2026-04-28 15:00:00,,6785789.34,
2026-04-28 16:00:00,,6966110.54,
2026-04-28 17:00:00,,6938577.62,
2026-04-28 18:00:00,,6852015.81,
2026-04-28 19:00:00,,6833774.01,
2026-04-28 20:00:00,,6911915.93,
2026-04-28 21:00:00,,6925978.19,
2026-04-28 22:00:00,,6839134.86,
2026-04-28 23:00:00,,6694966.74,
2026-04-29 00:00:00,,6618833.32,
2026-04-29 01:00:00,,6524590.49,
2026-04-29 02:00:00,,6454694.09,
2026-04-29 03:00:00,,6474786.29,
2026-04-29 04:00:00,,6481863.32,
2026-04-29 05:00:00,,6569873.38,
2026-04-29 06:00:00,,6525555.69,
2026-04-29 07:00:00,,6467955.90,
2026-04-29 08:00:00,,6392739.51,
2026-04-29 09:00:00,,6436771.50,
2026-04-29 10:00:00,,6522460.37,
2026-04-29 11:00:00,,6372164.22,
2026-04-29 12:00:00,,6324921.99,
2026-04-29 13:00:00,,6429297.96,
2026-04-29 14:00:00,,6442511.00,
2026-04-29 15:00:00,,6413397.81,
2026-04-29 16:00:00,,6384273.41,
2026-04-29 17:00:00,,6463652.14,
2026-04-29 18:00:00,,6527919.64,
2026-04-29 19:00:00,,6301483.51,
2026-04-29 20:00:00,,6309496.22,
2026-04-29 21:00:00,,6359167.26,
2026-04-29 22:00:00,,6365460.41,
2026-04-29 23:00:00,,6367449.11,
2026-04-30 00:00:00,,6374661.49,
2026-04-30 01:00:00,,6433386.41,
2026-04-30 02:00:00,,6421862.91,
2026-04-30 03:00:00,,6256965.70,
2026-04-30 04:00:00,,6309848.41,
2026-04-30 05:00:00,,6332030.50,
2026-04-30 06:00:00,,6489837.79,
2026-04-30 07:00:00,,6631584.81,
2026-04-30 08:00:00,,6749524.05,
2026-04-30 09:00:00,,6680497.49,
2026-04-30 10:00:00,,6654455.81,
2026-04-30 11:00:00,,6729509.79,
2026-04-30 12:00:00,,6663888.56,
2026-04-30 13:00:00,,6643079.19,
2026-04-30 14:00:00,,6591655.66,
2026-04-30 15:00:00,,6620269.24,
2026-04-30 16:00:00,,6662407.63,
2026-04-30 17:00:00,,6776062.06,
2026-04-30 18:00:00,,6734101.23,
2026-04-30 19:00:00,,6742141.78,
2026-04-30 20:00:00,,6664250.00,
2026-04-30 21:00:00,,6743171.18,
2026-04-30 22:00:00,,6660268.95,
2026-04-30 23:00:00,,6666528.69,
2026-05-01 00:00:00,,6645092.65,
2026-05-01 01:00:00,,6681017.91,
2026-05-01 02:00:00,,6753260.36,
2026-05-01 03:00:00,,6838126.21,
2026-05-01 04:00:00,,6824256.40,
2026-05-01 05:00:00,,6731686.41,
2026-05-01 06:00:00,,6687134.82,
2026-05-01 07:00:00,,6598338.22,
2026-05-01 08:00:00,,6667061.84,
2026-05-01 09:00:00,,6621758.81,
2026-05-01 10:00:00,,6618915.67,
2026-05-01 11:00:00,,6628141.55,
2026-05-01 12:00:00,,6690911.14,
2026-05-01 13:00:00,,6788201.33,
2026-05-01 14:00:00,,6900044.33,
2026-05-01 15:00:00,,6882325.98,
2026-05-01 16:00:00,,6903653.86,
2026-05-01 17:00:00,,6923438.57,
2026-05-01 18:00:00,,6978439.90,
2026-05-01 19:00:00,,7019960.40,
2026-05-01 20:00:00,,7089436.43,
2026-05-01 21:00:00,,7188312.37,
2026-05-01 22:00:00,,7142802.60,
2026-05-01 23:00:00,,7104037.88,
2026-05-02 00:00:00,,7020848.72,
2026-05-02 01:00:00,,7047199.87,
2026-05-02 02:00:00,,7089644.40,
2026-05-02 03:00:00,,7074717.82,
2026-05-02 04:00:00,,7117957.76,
2026-05-02 05:00:00,,7117944.36,
2026-05-02 06:00:00,,7346437.91,
2026-05-02 07:00:00,,7377690.78,
2026-05-02 08:00:00,,7339447.70,
2026-05-02 09:00:00,,7467755.07,
2026-05-02 10:00:00,,7547062.41,
2026-05-02 11:00:00,,7554145.48,
2026-05-02 12:00:00,,7531422.68,
2026-05-02 13:00:00,,7459074.45,
2026-05-02 14:00:00,,8083815.44,
2026-05-02 15:00:00,,9357807.63,
2026-05-02 16:00:00,,11481369.82,
2026-05-02 17:00:00,,12777267.47,
2026-05-02 18:00:00,,12423316.71,
2026-05-02 19:00:00,,11790210.02,
2026-05-02 20:00:00,,11202952.78,
2026-05-02 21:00:00,,11346121.22,
2026-05-02 22:00:00,,10814832.05,
2026-05-02 23:00:00,,11038195.88,
2026-05-03 00:00:00,,11328515.20,
2026-05-03 01:00:00,,11137924.94,
2026-05-03 02:00:00,,10719723.68,
2026-05-03 03:00:00,,10268526.14,
2026-05-03 04:00:00,,10163475.73,
2026-05-03 05:00:00,,9941678.91,
2026-05-03 06:00:00,,9677419.42,
2026-05-03 07:00:00,,9808558.64,
2026-05-03 08:00:00,,10015637.89,
2026-05-03 09:00:00,,9845494.14,
2026-05-03 10:00:00,,9200983.96,
2026-05-03 11:00:00,,9270481.58,
2026-05-03 12:00:00,,9433158.94,
2026-05-03 13:00:00,,9380503.61,
2026-05-03 14:00:00,,9329630.95,
2026-05-03 15:00:00,,9391821.06,
2026-05-03 16:00:00,,9525400.78,
2026-05-03 17:00:00,,9641264.20,
2026-05-03 18:00:00,,10050310.75,
2026-05-03 19:00:00,,10441969.70,
2026-05-03 20:00:00,,10495318.34,
2026-05-03 21:00:00,,10329880.83,
2026-05-03 22:00:00,,10149505.03,
2026-05-03 23:00:00,,10186199.47,
2026-05-04 00:00:00,,9929279.79,
2026-05-04 01:00:00,,9488307.59,
2026-05-04 02:00:00,,9689081.98,
2026-05-04 03:00:00,,9655774.86,
2026-05-04 04:00:00,,9681458.94,
2026-05-04 05:00:00,,9675823.70,
2026-05-04 06:00:00,,10818551.49,
2026-05-04 07:00:00,,10401091.26,
2026-05-04 08:00:00,,10547799.97,
2026-05-04 09:00:00,,10704361.75,
2026-05-04 10:00:00,,10521628.25,
2026-05-04 11:00:00,,9676653.35,
2026-05-04 12:00:00,,9678778.19,
2026-05-04 13:00:00,,9886435.33,
2026-05-04 14:00:00,,9734016.43,
2026-05-04 15:00:00,,9986849.02,
2026-05-04 16:00:00,,9713906.66,
2026-05-04 17:00:00,,9407147.83,
2026-05-04 18:00:00,,9497724.52,
2026-05-04 19:00:00,,9485790.18,
2026-05-04 20:00:00,,9649215.22,
2026-05-04 21:00:00,,9709725.70,
2026-05-04 22:00:00,,9792838.94,
2026-05-04 23:00:00,,9690186.47,
2026-05-05 00:00:00,,9648917.80,
2026-05-05 01:00:00,,9908148.97,
2026-05-05 02:00:00,,10044963.29,
2026-05-05 03:00:00,,9934582.35,
2026-05-05 04:00:00,,9916671.64,
2026-05-05 05:00:00,,9950307.82,
2026-05-05 06:00:00,,10004522.43,
2026-05-05 07:00:00,,9822341.73,
2026-05-05 08:00:00,,9792569.47,
2026-05-05 09:00:00,,9378150.11,
2026-05-05 10:00:00,,9405239.99,
2026-05-05 11:00:00,,9478383.19,
2026-05-05 12:00:00,,9535766.50,
2026-05-05 13:00:00,,9376336.19,
2026-05-05 14:00:00,,9619879.81,
2026-05-05 15:00:00,,9494153.56,
2026-05-05 16:00:00,,9504219.79,
2026-05-05 17:00:00,,9751422.34,
2026-05-05 18:00:00,,10072414.05,
2026-05-05 19:00:00,,9991278.88,
2026-05-05 20:00:00,,9796775.60,
2026-05-05 21:00:00,,9886485.55,
2026-05-05 22:00:00,,9760539.54,
2026-05-05 23:00:00,,9647319.16,
2026-05-06 00:00:00,,9586944.62,
2026-05-06 01:00:00,,9501086.60,
2026-05-06 02:00:00,,9456504.32,
2026-05-06 03:00:00,,9617531.05,
2026-05-06 04:00:00,,9521643.49,
2026-05-06 05:00:00,,9241335.10,
2026-05-06 06:00:00,,9369388.96,
2026-05-06 07:00:00,,9290878.00,
2026-05-06 08:00:00,,9468736.64,
2026-05-06 09:00:00,,9629834.77,
2026-05-06 10:00:00,,9522560.89,
2026-05-06 11:00:00,,9613366.27,
2026-05-06 12:00:00,,9597782.54,
2026-05-06 13:00:00,,9698107.05,
2026-05-06 14:00:00,,9105014.02,
2026-05-06 15:00:00,,9537762.02,
2026-05-06 16:00:00,,10017936.31,
2026-05-06 17:00:00,,9694707.39,
2026-05-06 18:00:00,,9589839.61,
2026-05-06 19:00:00,,9723597.93,
2026-05-06 20:00:00,,9874547.38,
2026-05-06 21:00:00,,9860590.76,
2026-05-06 22:00:00,,10130411.14,
2026-05-06 23:00:00,,9757650.70,
2026-05-07 00:00:00,,10004580.59,
2026-05-07 01:00:00,,9716618.88,
2026-05-07 02:00:00,,9435380.39,
2026-05-07 03:00:00,,8962744.84,
2026-05-07 04:00:00,,8722199.29,
2026-05-07 05:00:00,,8773715.11,
2026-05-07 06:00:00,,8728911.34,
2026-05-07 07:00:00,,8820763.70,
2026-05-07 08:00:00,,8761205.52,
2026-05-07 09:00:00,,8677376.06,
2026-05-07 10:00:00,,8689628.72,
2026-05-07 11:00:00,,8628231.65,
2026-05-07 12:00:00,,8605061.83,
2026-05-07 13:00:00,,8978134.88,
2026-05-07 14:00:00,,8739498.87,
2026-05-07 15:00:00,,8406032.28,
2026-05-07 16:00:00,,8313408.63,
2026-05-07 17:00:00,,8236234.13,
2026-05-07 18:00:00,,8311414.83,
2026-05-07 19:00:00,,8380791.06,
2026-05-07 20:00:00,,8321504.76,
2026-05-07 21:00:00,,8215429.48,
2026-05-07 22:00:00,,8135789.28,
2026-05-07 23:00:00,,8130627.90,
2026-05-08 00:00:00,,8236956.79,
2026-05-08 01:00:00,,8298722.12,
2026-05-08 02:00:00,,8396463.60,
2026-05-08 03:00:00,,8293868.92,
2026-05-08 04:00:00,,8437706.96,
2026-05-08 05:00:00,,8578002.63,
2026-05-08 06:00:00,,8409477.29,
2026-05-08 07:00:00,,8418002.55,
2026-05-08 08:00:00,,8382493.12,
2026-05-08 09:00:00,,8390653.10,
2026-05-08 10:00:00,,8403832.77,
2026-05-08 11:00:00,,8502416.35,
2026-05-08 12:00:00,,8872848.90,
2026-05-08 13:00:00,,8909038.10,
2026-05-08 14:00:00,,8645117.63,
2026-05-08 15:00:00,,8689432.33,
2026-05-08 16:00:00,,9124167.25,
2026-05-08 17:00:00,,9224198.62,
2026-05-08 18:00:00,,9311596.36,
2026-05-08 19:00:00,,9408609.45,
2026-05-08 20:00:00,,9812251.63,
2026-05-08 21:00:00,,9976520.71,
2026-05-08 22:00:00,,10110842.41,
2026-05-08 23:00:00,,9799430.72,
2026-05-09 00:00:00,,9520765.26,
2026-05-09 01:00:00,,9360219.58,
2026-05-09 02:00:00,,9379105.60,
2026-05-09 03:00:00,,9779857.30,
2026-05-09 04:00:00,,9749224.40,
2026-05-09 05:00:00,,9727073.44,
2026-05-09 06:00:00,,9910227.42,
2026-05-09 07:00:00,,9811033.11,
2026-05-09 08:00:00,,9789078.92,
2026-05-09 09:00:00,,9568363.62,
2026-05-09 10:00:00,,9407145.20,
2026-05-09 11:00:00,,9628312.42,
2026-05-09 12:00:00,,10401688.13,
2026-05-09 13:00:00,,9932658.61,
2026-05-09 14:00:00,,9412402.82,
2026-05-09 15:00:00,,9257415.22,
2026-05-09 16:00:00,,9276888.38,
2026-05-09 17:00:00,,9567536.31,
2026-05-09 18:00:00,,9575303.16,
2026-05-09 19:00:00,,9698541.55,
2026-05-09 20:00:00,,9836260.35,
2026-05-09 21:00:00,,9894801.25,
2026-05-09 22:00:00,,9690477.32,
2026-05-09 23:00:00,,9530018.50,
2026-05-10 00:00:00,,9420641.62,
2026-05-10 01:00:00,,9282939.10,
2026-05-10 02:00:00,,9253437.62,
2026-05-10 03:00:00,,9379478.88,
2026-05-10 04:00:00,,9372616.12,
2026-05-10 05:00:00,,9399199.36,
2026-05-10 06:00:00,,9283958.31,
2026-05-10 07:00:00,,9043607.89,
2026-05-10 08:00:00,,9076821.26,
2026-05-10 09:00:00,,9159216.49,
2026-05-10 10:00:00,,9138724.67,
2026-05-10 11:00:00,,9055257.25,
2026-05-10 12:00:00,,8944789.28,
2026-05-10 13:00:00,,8978382.51,
2026-05-10 14:00:00,,9043724.59,
2026-05-10 15:00:00,,9256314.62,
2026-05-10 16:00:00,,9273911.89,
2026-05-10 17:00:00,,9270215.57,
2026-05-10 18:00:00,,9339874.18,
2026-05-10 19:00:00,,9223898.21,
2026-05-10 20:00:00,,9155323.03,
2026-05-10 21:00:00,,8416288.29,
2026-05-10 22:00:00,,8444125.09,
2026-05-10 23:00:00,,8597942.32,
2026-05-11 00:00:00,,8540675.12,
2026-05-11 01:00:00,,8428067.10,
2026-05-11 02:00:00,,8340489.84,
2026-05-11 03:00:00,,8317273.12,
2026-05-11 04:00:00,,8147766.01,
2026-05-11 05:00:00,,8167713.03,
2026-05-11 06:00:00,,8203756.01,
2026-05-11 07:00:00,,8134319.91,
2026-05-11 08:00:00,,8085806.68,
2026-05-11 09:00:00,,8066985.35,
2026-05-11 10:00:00,,8119980.10,
2026-05-11 11:00:00,,8060258.77,
2026-05-11 12:00:00,,8143682.83,
2026-05-11 13:00:00,,7988776.87,
2026-05-11 14:00:00,,8070657.91,
2026-05-11 15:00:00,,8909527.04,
2026-05-11 16:00:00,,8904719.37,
2026-05-11 17:00:00,,8730685.72,
2026-05-11 18:00:00,,8751846.97,
2026-05-11 19:00:00,,8722266.66,
2026-05-11 20:00:00,,8773635.14,
2026-05-11 21:00:00,,8725151.38,
2026-05-11 22:00:00,,8552021.24,
2026-05-11 23:00:00,,8589365.25,
2026-05-12 00:00:00,,8369956.03,
2026-05-12 01:00:00,,8447600.46,
2026-05-12 02:00:00,,8341465.02,
2026-05-12 03:00:00,,8386048.10,
2026-05-12 04:00:00,,8469036.21,
2026-05-12 05:00:00,,8469818.82,
2026-05-12 06:00:00,,8497544.76,
2026-05-12 07:00:00,,8060120.42,
2026-05-12 08:00:00,,7849864.79,
2026-05-12 09:00:00,,7816620.22,
2026-05-12 10:00:00,,7775757.62,
2026-05-12 11:00:00,,7689355.49,
2026-05-12 12:00:00,,7735393.74,
2026-05-12 13:00:00,,7674776.85,
2026-05-12 14:00:00,,7302779.15,
2026-05-12 15:00:00,,7208631.13,
2026-05-12 16:00:00,,7275126.57,
2026-05-12 17:00:00,,7153146.37,
2026-05-12 18:00:00,,7189410.28,
2026-05-12 19:00:00,,7222079.19,
2026-05-12 20:00:00,,7171533.37,
2026-05-12 21:00:00,,7128559.36,
2026-05-12 22:00:00,,7164269.89,
2026-05-12 23:00:00,,7026268.15,
2026-05-13 00:00:00,,7011042.41,
2026-05-13 01:00:00,,7052102.06,
2026-05-13 02:00:00,,6960063.81,
2026-05-13 03:00:00,,6882007.06,
2026-05-13 04:00:00,,6813425.96,
2026-05-13 05:00:00,,6857620.78,
2026-05-13 06:00:00,,6801281.08,
2026-05-13 07:00:00,,6782604.70,
2026-05-13 08:00:00,,6807581.49,
2026-05-13 09:00:00,,6795132.90,
2026-05-13 10:00:00,,6913971.48,
2026-05-13 11:00:00,,6727630.87,
2026-05-13 12:00:00,,6676624.72,
2026-05-13 13:00:00,,6509993.77,
2026-05-13 14:00:00,,6430851.93,
2026-05-13 15:00:00,,6316626.11,
2026-05-13 16:00:00,,6099414.15,
2026-05-13 17:00:00,,6085399.50,
2026-05-13 18:00:00,,5890032.10,
2026-05-13 19:00:00,,6058709.88,
2026-05-13 20:00:00,,5930666.33,
2026-05-13 21:00:00,,6013223.89,
2026-05-13 22:00:00,,5793816.34,
2026-05-13 23:00:00,,5911345.82,
2026-05-14 00:00:00,,5940090.18,
2026-05-14 01:00:00,,5912939.45,
2026-05-14 02:00:00,,5879807.48,
2026-05-14 03:00:00,,5959138.46,
2026-05-14 04:00:00,,5822990.62,
2026-05-14 05:00:00,,5836469.83,
2026-05-14 06:00:00,,5834360.53,
2026-05-14 07:00:00,,5830133.58,
2026-05-14 08:00:00,,5821096.86,
2026-05-14 09:00:00,,5902256.41,
2026-05-14 10:00:00,,5915317.41,
2026-05-14 11:00:00,,5984069.24,
2026-05-14 12:00:00,,6074183.43,
2026-05-14 13:00:00,,6053234.59,
2026-05-14 14:00:00,,5966943.87,
2026-05-14 15:00:00,,6153637.37,
2026-05-14 16:00:00,,6176588.34,
2026-05-14 17:00:00,,6106144.57,
2026-05-14 18:00:00,,6192328.09,
2026-05-14 19:00:00,,6331804.17,
2026-05-14 20:00:00,,6312803.05,
2026-05-14 21:00:00,,6343312.02,
2026-05-14 22:00:00,,6264982.02,
2026-05-14 23:00:00,,6262841.92,
2026-05-15 00:00:00,,6265474.86,
2026-05-15 01:00:00,,6339640.09,
2026-05-15 02:00:00,,6054012.61,
2026-05-15 03:00:00,,5961631.13,
2026-05-15 04:00:00,,5965237.12,
2026-05-15 05:00:00,,5861752.63,
2026-05-15 06:00:00,,5705311.58,
2026-05-15 07:00:00,,5812493.40,
2026-05-15 08:00:00,,5876796.71,
2026-05-15 09:00:00,,5997286.49,
2026-05-15 10:00:00,,6043220.38,
2026-05-15 11:00:00,,6043492.80,
2026-05-15 12:00:00,,6064736.59,
2026-05-15 13:00:00,,6105333.17,
2026-05-15 14:00:00,,5635703.41,
2026-05-15 15:00:00,,5745642.57,
2026-05-15 16:00:00,,5959190.73,
2026-05-15 17:00:00,,5986580.82,
2026-05-15 18:00:00,,5989351.44,
2026-05-15 19:00:00,,5931062.00,
2026-05-15 20:00:00,,5887998.87,
2026-05-15 21:00:00,,5723331.82,
2026-05-15 22:00:00,,5699699.33,
2026-05-15 23:00:00,,5816429.05,
2026-05-16 00:00:00,,5883777.12,
2026-05-16 01:00:00,,5866114.94,
2026-05-16 02:00:00,,5823705.37,
2026-05-16 03:00:00,,5848257.05,
2026-05-16 04:00:00,,5908738.14,
2026-05-16 05:00:00,,5768560.25,
2026-05-16 06:00:00,,5760753.46,
2026-05-16 07:00:00,,5591626.10,
2026-05-16 08:00:00,,5577824.85,
2026-05-16 09:00:00,,5706521.57,
2026-05-16 10:00:00,,5600978.72,
2026-05-16 11:00:00,,5580935.96,
2026-05-16 12:00:00,,5569590.54,
2026-05-16 13:00:00,,5637178.40,
2026-05-16 14:00:00,,5647693.26,
2026-05-16 15:00:00,,5699510.24,
2026-05-16 16:00:00,,5856743.39,
2026-05-16 17:00:00,,5940678.21,
2026-05-16 18:00:00,,5905440.51,
2026-05-16 19:00:00,,5883732.41,
2026-05-16 20:00:00,,5819652.14,
2026-05-16 21:00:00,,5850405.77,
2026-05-16 22:00:00,,5874911.87,
2026-05-16 23:00:00,,5881203.65,
2026-05-17 00:00:00,,5885872.43,
2026-05-17 01:00:00,,5831815.29,
2026-05-17 02:00:00,,5811911.58,
2026-05-17 03:00:00,,5720986.72,
2026-05-17 04:00:00,,5755366.41,
2026-05-17 05:00:00,,5795162.98,
2026-05-17 06:00:00,,5854041.75,
2026-05-17 07:00:00,,5939808.16,
2026-05-17 08:00:00,,6002354.09,
2026-05-17 09:00:00,,6071367.75,
2026-05-17 10:00:00,,6022155.70,
2026-05-17 11:00:00,,5989373.46,
2026-05-17 12:00:00,,5965035.48,
2026-05-17 13:00:00,,5930394.02,
2026-05-17 14:00:00,,5928696.01,
2026-05-17 15:00:00,,6235233.20,
2026-05-17 16:00:00,,6076526.57,
2026-05-17 17:00:00,,6007720.14,
2026-05-17 18:00:00,,6000039.93,
2026-05-17 19:00:00,,5996837.49,
2026-05-17 20:00:00,,6011639.08,
2026-05-17 21:00:00,,5960234.70,
2026-05-17 22:00:00,,5968363.36,
2026-05-17 23:00:00,,5867308.75,
2026-05-18 00:00:00,,5337558.25,
2026-05-18 01:00:00,,5372352.63,
2026-05-18 02:00:00,,5347431.56,
2026-05-18 03:00:00,,5312665.71,
2026-05-18 04:00:00,,5244817.99,
2026-05-18 05:00:00,,5252031.77,
2026-05-18 06:00:00,,5218300.49,
2026-05-18 07:00:00,,5193302.13,
2026-05-18 08:00:00,,5210448.17,
2026-05-18 09:00:00,,5237256.48,
2026-05-18 10:00:00,,5184200.91,
2026-05-18 11:00:00,,5146176.10,
2026-05-18 12:00:00,,5242260.54,
2026-05-18 13:00:00,,5373434.38,
2026-05-18 14:00:00,,5304539.54,
2026-05-18 15:00:00,,5248367.33,
2026-05-18 16:00:00,,5157554.36,
2026-05-18 17:00:00,,5187203.07,
2026-05-18 18:00:00,,5217517.51,
2026-05-18 19:00:00,,5155250.43,
2026-05-18 20:00:00,,5255501.95,
2026-05-18 21:00:00,,5236344.74,
2026-05-18 22:00:00,,5274781.53,
2026-05-18 23:00:00,,5264569.80,
2026-05-19 00:00:00,,5213275.97,
2026-05-19 01:00:00,,5217651.76,
2026-05-19 02:00:00,,5154978.41,
2026-05-19 03:00:00,,5091398.83,
2026-05-19 04:00:00,,5134326.11,
2026-05-19 05:00:00,,5185759.48,
2026-05-19 06:00:00,,5246298.79,
2026-05-19 07:00:00,,5161893.45,
2026-05-19 08:00:00,,5147206.63,
2026-05-19 09:00:00,,5121615.05,
2026-05-19 10:00:00,,5100958.71,
2026-05-19 11:00:00,,5092303.22,
2026-05-19 12:00:00,,5082521.54,
2026-05-19 13:00:00,,5148221.45,
2026-05-19 14:00:00,,5122918.43,
2026-05-19 15:00:00,,5072018.09,
2026-05-19 16:00:00,,5053567.57,
2026-05-19 17:00:00,,5091340.63,
2026-05-19 18:00:00,,5184119.18,
2026-05-19 19:00:00,,5175677.53,
2026-05-19 20:00:00,,5174803.53,
2026-05-19 21:00:00,,5132244.71,
2026-05-19 22:00:00,,4999765.45,
2026-05-19 23:00:00,,4946048.50,
2026-05-20 00:00:00,,4961598.95,
2026-05-20 01:00:00,,4954592.94,
2026-05-20 02:00:00,,4922721.26,
2026-05-20 03:00:00,,4909380.81,
2026-05-20 04:00:00,,4963495.89,
2026-05-20 05:00:00,,5042472.54,
2026-05-20 06:00:00,,5083156.25,
2026-05-20 07:00:00,,5201366.18,
2026-05-20 08:00:00,,5162309.23,
2026-05-20 09:00:00,,5218146.04,
2026-05-20 10:00:00,,5368756.92,
2026-05-20 11:00:00,,5529519.94,
2026-05-20 12:00:00,,5515685.35,
2026-05-20 13:00:00,,5576655.14,
2026-05-20 14:00:00,,5760604.48,
2026-05-20 15:00:00,,5712478.36,
2026-05-20 16:00:00,,5841682.36,
2026-05-20 17:00:00,,5712578.29,
2026-05-20 18:00:00,,5626583.93,
2026-05-20 19:00:00,,5642593.50,
2026-05-20 20:00:00,,5664601.76,
2026-05-20 21:00:00,,5659326.28,
2026-05-20 22:00:00,,5598695.78,
2026-05-20 23:00:00,,5495893.77,
2026-05-21 00:00:00,,5485687.77,
2026-05-21 01:00:00,,5425820.59,
2026-05-21 02:00:00,,5484717.20,
2026-05-21 03:00:00,,5638855.66,
2026-05-21 04:00:00,,5726190.68,
2026-05-21 05:00:00,,5692366.90,
2026-05-21 06:00:00,,5696496.37,
2026-05-21 07:00:00,,5608107.57,
2026-05-21 08:00:00,,5678306.97,
2026-05-21 09:00:00,,5686828.14,
2026-05-21 10:00:00,,5557153.42,
2026-05-21 11:00:00,,5458667.82,
2026-05-21 12:00:00,,5348441.48,
2026-05-21 13:00:00,,5349089.45,
2026-05-21 14:00:00,,5229931.30,
2026-05-21 15:00:00,,5221794.48,
2026-05-21 16:00:00,,5222593.87,
2026-05-21 17:00:00,,5287028.06,
2026-05-21 18:00:00,,5531599.39,
2026-05-21 19:00:00,,5573247.38,
2026-05-21 20:00:00,,5640837.27,
2026-05-21 21:00:00,,5708393.25,
2026-05-21 22:00:00,,5700541.69,
2026-05-21 23:00:00,,5773477.72,
2026-05-22 00:00:00,,5773744.93,
2026-05-22 01:00:00,,5624567.23,
2026-05-22 02:00:00,,5622150.29,
2026-05-22 03:00:00,,5653070.66,
2026-05-22 04:00:00,,5667277.74,
2026-05-22 05:00:00,,5733166.60,
2026-05-22 06:00:00,,5709991.86,
2026-05-22 07:00:00,,5606021.17,
2026-05-22 08:00:00,,5622372.34,
2026-05-22 09:00:00,,5636386.49,
2026-05-22 10:00:00,,5619924.92,
2026-05-22 11:00:00,,5575395.24,
2026-05-22 12:00:00,,5746183.92,
2026-05-22 13:00:00,,5854212.88,
2026-05-22 14:00:00,,5673249.71,
2026-05-22 15:00:00,,5553475.99,
2026-05-22 16:00:00,,5538301.93,
2026-05-22 17:00:00,,5635668.16,
2026-05-22 18:00:00,,5896182.21,
2026-05-22 19:00:00,,5661943.99,
2026-05-22 20:00:00,,5605244.10,
2026-05-22 21:00:00,,5535718.19,
2026-05-22 22:00:00,,5506841.33,
2026-05-22 23:00:00,,5499066.49,
2026-05-23 00:00:00,,5087158.34,
2026-05-23 01:00:00,,5289239.78,
2026-05-23 02:00:00,,5330985.22,
2026-05-23 03:00:00,,5363859.49,
2026-05-23 04:00:00,,5340040.07,
2026-05-23 05:00:00,,5310880.46,
2026-05-23 06:00:00,,5269126.93,
2026-05-23 07:00:00,,5321796.76,
2026-05-23 08:00:00,,5246973.76,
2026-05-23 09:00:00,,5189580.40,
2026-05-23 10:00:00,,5148798.20,
2026-05-23 11:00:00,,5103835.18,
2026-05-23 12:00:00,,5133520.04,
2026-05-23 13:00:00,,5305692.69,
2026-05-23 14:00:00,,5223746.87,
2026-05-23 15:00:00,,5188729.61,
2026-05-23 16:00:00,,5080409.12,
2026-05-23 17:00:00,,5036601.94,
2026-05-23 18:00:00,,5088991.73,
2026-05-23 19:00:00,,5160266.09,
2026-05-23 20:00:00,,5136849.25,
2026-05-23 21:00:00,,5283749.24,
2026-05-23 22:00:00,,5122749.36,
2026-05-23 23:00:00,,5116272.71,
2026-05-24 00:00:00,,5090009.31,
2026-05-24 01:00:00,,5140601.99,
2026-05-24 02:00:00,,5093805.09,
2026-05-24 03:00:00,,5055517.67,
2026-05-24 04:00:00,,5025321.74,
2026-05-24 05:00:00,,5047252.84,
2026-05-24 06:00:00,,5048974.36,
2026-05-24 07:00:00,,5039184.77,
2026-05-24 08:00:00,,5015799.96,
2026-05-24 09:00:00,,5015532.33,
2026-05-24 10:00:00,,4954865.55,
2026-05-24 11:00:00,,4931330.40,
2026-05-24 12:00:00,,4904478.35,
2026-05-24 13:00:00,,4838634.06,
2026-05-24 14:00:00,,4804410.23,
2026-05-24 15:00:00,,4960607.32,
2026-05-24 16:00:00,,4983017.43,
2026-05-24 17:00:00,,4986420.77,
2026-05-24 18:00:00,,4975318.47,
2026-05-24 19:00:00,,5000203.06,
2026-05-24 20:00:00,,4979517.47,
2026-05-24 21:00:00,,4947815.08,
2026-05-24 22:00:00,,4720127.21,
2026-05-24 23:00:00,,4792998.75,
2026-05-25 00:00:00,,4826236.19,
2026-05-25 01:00:00,,4825146.33,
2026-05-25 02:00:00,,4818332.93,
2026-05-25 03:00:00,,4867502.23,
2026-05-25 04:00:00,,4895687.90,
2026-05-25 05:00:00,,4898950.99,
2026-05-25 06:00:00,,4910869.59,
2026-05-25 07:00:00,,4902259.59,
2026-05-25 08:00:00,,4914091.77,
2026-05-25 09:00:00,,4915578.09,
2026-05-25 10:00:00,,4939993.59,
2026-05-25 11:00:00,,4967450.79,
2026-05-25 12:00:00,,4993385.00,
2026-05-25 13:00:00,,5010014.55,
2026-05-25 14:00:00,,5022651.39,
2026-05-25 15:00:00,,5098125.99,
2026-05-25 16:00:00,,5516218.26,
2026-05-25 17:00:00,,5726339.16,
2026-05-25 18:00:00,,5648907.75,
2026-05-25 19:00:00,,5688425.67,
2026-05-25 20:00:00,,5598062.73,
2026-05-25 21:00:00,,5557686.61,
2026-05-25 22:00:00,,5562763.88,
2026-05-25 23:00:00,,5454851.03,
2026-05-26 00:00:00,,5495432.70,
2026-05-26 01:00:00,,5471852.43,
2026-05-26 02:00:00,,5359457.76,
2026-05-26 03:00:00,,5306129.99,
2026-05-26 04:00:00,,5154389.61,
2026-05-26 05:00:00,,5169248.93,
2026-05-26 06:00:00,,5200730.67,
2026-05-26 07:00:00,,5182728.76,
2026-05-26 08:00:00,,5210894.78,
2026-05-26 09:00:00,,5278627.92,
2026-05-26 10:00:00,,5290159.98,
2026-05-26 11:00:00,,5461667.68,
2026-05-26 12:00:00,,5437377.06,
2026-05-26 13:00:00,,5473623.48,
2026-05-26 14:00:00,,5557915.26,
2026-05-26 15:00:00,,5537147.69,
2026-05-26 16:00:00,,5532378.84,
2026-05-26 17:00:00,,5551553.12,
2026-05-26 18:00:00,,5452396.87,
2026-05-26 19:00:00,,5475377.26,
2026-05-26 20:00:00,,5526185.11,
2026-05-26 21:00:00,,5529810.53,
2026-05-26 22:00:00,,5506653.26,
2026-05-26 23:00:00,,5536966.52,
2026-05-27 00:00:00,,5533527.73,
2026-05-27 01:00:00,,5635835.02,
2026-05-27 02:00:00,,5589389.84,
2026-05-27 03:00:00,,5504621.17,
2026-05-27 04:00:00,,5440959.60,
2026-05-27 05:00:00,,5414343.74,
2026-05-27 06:00:00,,5438080.00,
2026-05-27 07:00:00,,5474201.80,
2026-05-27 08:00:00,,5481113.04,
2026-05-27 09:00:00,,5425197.51,
2026-05-27 10:00:00,,5424067.65,
2026-05-27 11:00:00,,5475681.21,
2026-05-27 12:00:00,,5461749.21,
2026-05-27 13:00:00,,5512290.69,
2026-05-27 14:00:00,,5409070.11,
2026-05-27 15:00:00,,5406038.76,
2026-05-27 16:00:00,,5429567.29,
2026-05-27 17:00:00,,5404708.54,
2026-05-27 18:00:00,,5367893.41,
2026-05-27 19:00:00,,5450992.92,
2026-05-27 20:00:00,,5417265.49,
2026-05-27 21:00:00,,5414118.06,
2026-05-27 22:00:00,,5165638.53,
2026-05-27 23:00:00,,5199199.81,
2026-05-28 00:00:00,,5259656.65,
2026-05-28 01:00:00,,5324082.79,
2026-05-28 02:00:00,,5151113.08,
2026-05-28 03:00:00,,5053267.18,
2026-05-28 04:00:00,,4905477.00,
2026-05-28 05:00:00,,4579593.06,
2026-05-28 06:00:00,,4497744.55,
2026-05-28 07:00:00,,4561324.16,
2026-05-28 08:00:00,,4675124.54,
2026-05-28 09:00:00,,4608871.02,
2026-05-28 10:00:00,,4640989.78,
2026-05-28 11:00:00,,4596158.13,
2026-05-28 12:00:00,,4658111.00,
2026-05-28 13:00:00,,4597577.61,
2026-05-28 14:00:00,,4530203.43,
2026-05-28 15:00:00,,4432034.78,
2026-05-28 16:00:00,,4418769.38,
2026-05-28 17:00:00,,4398068.15,
2026-05-28 18:00:00,,4568643.02,
2026-05-28 19:00:00,,4559135.80,
2026-05-28 20:00:00,,4487834.23,
2026-05-28 21:00:00,,4460717.99,
2026-05-28 22:00:00,,4365860.11,
2026-05-28 23:00:00,,4245226.68,
2026-05-29 00:00:00,,4238811.33,
2026-05-29 01:00:00,,4261347.32,
2026-05-29 02:00:00,,4185671.36,
2026-05-29 03:00:00,,4205038.33,
2026-05-29 04:00:00,,4194637.20,
2026-05-29 05:00:00,,4243646.25,
2026-05-29 06:00:00,,4139616.33,
2026-05-29 07:00:00,,4127972.06,
2026-05-29 08:00:00,,4055797.25,
2026-05-29 09:00:00,,3966287.33,
2026-05-29 10:00:00,,3930640.98,
2026-05-29 11:00:00,,3920159.81,
2026-05-29 12:00:00,,3904320.64,
2026-05-29 13:00:00,,3813811.72,
2026-05-29 14:00:00,,3844368.25,
2026-05-29 15:00:00,,3782892.94,
2026-05-29 16:00:00,,3863175.77,
2026-05-29 17:00:00,,3933929.73,
2026-05-29 18:00:00,,3907398.71,
2026-05-29 19:00:00,,3861557.41,
2026-05-29 20:00:00,,3783680.44,
2026-05-29 21:00:00,,3790672.18,
2026-05-29 22:00:00,,3715618.86,
2026-05-29 23:00:00,,3758819.89,
2026-05-30 00:00:00,,3723229.93,
2026-05-30 01:00:00,,3723449.18,
2026-05-30 02:00:00,,3818973.25,
2026-05-30 03:00:00,,3915370.44,
2026-05-30 04:00:00,,3812870.64,
2026-05-30 05:00:00,,3775359.51,
2026-05-30 06:00:00,,3777201.81,
2026-05-30 07:00:00,,3741511.99,
2026-05-30 08:00:00,,3708871.60,
2026-05-30 09:00:00,,3677964.23,
2026-05-30 10:00:00,,3682169.58,
2026-05-30 11:00:00,,3676714.45,
2026-05-30 12:00:00,,3739216.91,
2026-05-30 13:00:00,,3652088.36,
2026-05-30 14:00:00,,3625310.88,
2026-05-30 15:00:00,,3633832.68,
2026-05-30 16:00:00,,3660077.89,
2026-05-30 17:00:00,,3723403.82,
2026-05-30 18:00:00,,3684468.31,
2026-05-30 19:00:00,,3883594.32,
2026-05-30 20:00:00,,3935306.59,
2026-05-30 21:00:00,,3998135.48,
2026-05-30 22:00:00,,3990754.69,
2026-05-30 23:00:00,,3966647.81,
2026-05-31 00:00:00,,3968900.91,
2026-05-31 01:00:00,,3989841.03,
2026-05-31 02:00:00,,4041509.44,
2026-05-31 03:00:00,,4024277.82,
2026-05-31 04:00:00,,4036666.98,
2026-05-31 05:00:00,,4064774.15,
2026-05-31 06:00:00,,4009423.68,
2026-05-31 07:00:00,,4055144.37,
2026-05-31 08:00:00,,3948438.76,
2026-05-31 09:00:00,,3960596.14,
2026-05-31 10:00:00,,3976212.86,
2026-05-31 11:00:00,,4071954.86,
2026-05-31 12:00:00,,4047523.63,
2026-05-31 13:00:00,,4047427.68,
2026-05-31 14:00:00,,4035545.07,
2026-05-31 15:00:00,,3878039.77,
2026-05-31 16:00:00,,3881505.09,
2026-05-31 17:00:00,,3834034.72,
2026-05-31 18:00:00,,3887396.82,
2026-05-31 19:00:00,,3905228.89,
2026-05-31 20:00:00,,3909576.11,
2026-05-31 21:00:00,,3915994.67,
2026-05-31 22:00:00,,3969611.13,
2026-05-31 23:00:00,,3960387.12,
2026-06-01 00:00:00,,3973952.05,
2026-06-01 01:00:00,,4041278.56,
2026-06-01 02:00:00,,4006260.54,
2026-06-01 03:00:00,,4112729.70,
2026-06-01 04:00:00,,4405195.78,
2026-06-01 05:00:00,,4330885.38,
2026-06-01 06:00:00,,4256550.21,
2026-06-01 07:00:00,,4300838.77,
2026-06-01 08:00:00,,4275169.33,
2026-06-01 09:00:00,,4453891.22,
2026-06-01 10:00:00,,4413978.58,
2026-06-01 11:00:00,,4515258.89,
2026-06-01 12:00:00,,4618704.49,
2026-06-01 13:00:00,,4640157.76,
2026-06-01 14:00:00,,4649283.12,
2026-06-01 15:00:00,,4699751.28,
2026-06-01 16:00:00,,4647960.90,
2026-06-01 17:00:00,,4637655.35,
2026-06-01 18:00:00,,4641894.63,
2026-06-01 19:00:00,,4599283.71,
2026-06-01 20:00:00,,4681021.44,
2026-06-01 21:00:00,,4656852.61,
2026-06-01 22:00:00,,4828628.78,
2026-06-01 23:00:00,,5177722.60,
2026-06-02 00:00:00,,5262098.16,
2026-06-02 01:00:00,,5037970.38,
2026-06-02 02:00:00,,4841291.42,
2026-06-02 03:00:00,,4750562.04,
2026-06-02 04:00:00,,4691576.25,
2026-06-02 05:00:00,,4722757.35,
2026-06-02 06:00:00,,4568215.68,
2026-06-02 07:00:00,,4575360.65,
2026-06-02 08:00:00,,4662685.75,
2026-06-02 09:00:00,,4688040.31,
2026-06-02 10:00:00,,4660250.44,
2026-06-02 11:00:00,,4655179.83,
2026-06-02 12:00:00,,4588753.01,
2026-06-02 13:00:00,,4565945.29,
2026-06-02 14:00:00,,4551051.13,
2026-06-02 15:00:00,,4364238.96,
2026-06-02 16:00:00,,4342735.44,
2026-06-02 17:00:00,,4312030.52,
2026-06-02 18:00:00,,4285136.31,
2026-06-02 19:00:00,,4085603.44,
2026-06-02 20:00:00,,3989257.89,
2026-06-02 21:00:00,,3935169.77,
2026-06-02 22:00:00,,3802962.42,
2026-06-02 23:00:00,,3665500.29,
2026-06-03 00:00:00,,3684713.15,
2026-06-03 01:00:00,,3752839.61,
2026-06-03 02:00:00,,3727235.77,
2026-06-03 03:00:00,,3724880.54,
2026-06-03 04:00:00,,3708048.17,
2026-06-03 05:00:00,,3809007.65,
2026-06-03 06:00:00,,3930088.02,
2026-06-03 07:00:00,,3920385.50,
2026-06-03 08:00:00,,4033260.80,
2026-06-03 09:00:00,,4025215.07,
2026-06-03 10:00:00,,4115953.43,
2026-06-03 11:00:00,,4063981.49,
2026-06-03 12:00:00,,4034671.33,
2026-06-03 13:00:00,,4049279.98,
2026-06-03 14:00:00,,4126424.95,
2026-06-03 15:00:00,,4195764.57,
2026-06-03 16:00:00,,4107945.98,
2026-06-03 17:00:00,,4068799.10,
2026-06-03 18:00:00,,4121046.28,
2026-06-03 19:00:00,,4121751.62,
2026-06-03 20:00:00,,3967332.94,
2026-06-03 21:00:00,,3884729.11,
2026-06-03 22:00:00,,4004132.04,
2026-06-03 23:00:00,,3998352.31,
2026-06-04 00:00:00,,3913352.40,
2026-06-04 01:00:00,,3935872.93,
2026-06-04 02:00:00,,3836850.15,
2026-06-04 03:00:00,,3753940.81,
2026-06-04 04:00:00,,3869905.93,
2026-06-04 05:00:00,,3771856.06,
2026-06-04 06:00:00,,3783587.45,
2026-06-04 07:00:00,,3822818.15,
2026-06-04 08:00:00,,3664163.78,
2026-06-04 09:00:00,,3716884.77,
2026-06-04 10:00:00,,3669971.74,
2026-06-04 11:00:00,,3650803.36,
2026-06-04 12:00:00,,3675440.43,
2026-06-04 13:00:00,,3772568.96,
2026-06-04 14:00:00,,3853113.86,
2026-06-04 15:00:00,,3820858.11,
2026-06-04 16:00:00,,3861778.71,
2026-06-04 17:00:00,,3797942.38,
2026-06-04 18:00:00,,3861392.91,
2026-06-04 19:00:00,,3988305.75,
2026-06-04 20:00:00,,3904728.59,
2026-06-04 21:00:00,,3872191.06,
2026-06-04 22:00:00,,3724535.14,
2026-06-04 23:00:00,,3714142.33,
2026-06-05 00:00:00,,3720433.50,
2026-06-05 01:00:00,,3693669.56,
2026-06-05 02:00:00,,3684986.71,
2026-06-05 03:00:00,,3528639.33,
2026-06-05 04:00:00,,3499894.01,
2026-06-05 05:00:00,,3679758.01,
2026-06-05 06:00:00,,3585497.63,
2026-06-05 07:00:00,,3625160.61,
2026-06-05 08:00:00,,3590936.99,
2026-06-05 09:00:00,,3489139.44,
2026-06-05 10:00:00,,3573620.88,
2026-06-05 11:00:00,,3498564.05,
2026-06-05 12:00:00,,3422672.16,
2026-06-05 13:00:00,,3489494.65,
2026-06-05 14:00:00,,3421602.53,
2026-06-05 15:00:00,,3429132.51,
2026-06-05 16:00:00,,3329965.62,
2026-06-05 17:00:00,,3384020.98,
2026-06-05 18:00:00,,3270610.48,
2026-06-05 19:00:00,,3107302.49,
2026-06-05 20:00:00,,3171695.01,
2026-06-05 21:00:00,,3222207.80,
2026-06-05 22:00:00,,3216228.35,
2026-06-05 23:00:00,,3232553.14,
2026-06-06 00:00:00,,3212144.97,
2026-06-06 01:00:00,,3231275.25,
2026-06-06 02:00:00,,3178342.10,
2026-06-06 03:00:00,,3201934.60,
2026-06-06 04:00:00,,3118462.22,
2026-06-06 05:00:00,,2992247.93,
2026-06-06 06:00:00,,3067918.47,
2026-06-06 07:00:00,,3074964.77,
2026-06-06 08:00:00,,3082812.50,
2026-06-06 09:00:00,,3132119.34,
2026-06-06 10:00:00,,3100364.65,
2026-06-06 11:00:00,,3066607.46,
2026-06-06 12:00:00,,3119881.98,
2026-06-06 13:00:00,,3154864.22,
2026-06-06 14:00:00,,3158979.44,
2026-06-06 15:00:00,,3162238.33,
2026-06-06 16:00:00,,3115941.03,
2026-06-06 17:00:00,,3086436.06,
2026-06-06 18:00:00,,3147937.61,
2026-06-06 19:00:00,,3137812.15,
2026-06-06 20:00:00,,3075182.28,
2026-06-06 21:00:00,,3075728.26,
2026-06-06 22:00:00,,3071431.15,
2026-06-06 23:00:00,,3077801.33,
2026-06-07 00:00:00,,3014311.68,
2026-06-07 01:00:00,,3217035.01,
2026-06-07 02:00:00,,3531104.21,
2026-06-07 03:00:00,,3562610.36,
2026-06-07 04:00:00,,3582130.84,
2026-06-07 05:00:00,,3535360.54,
2026-06-07 06:00:00,,3527891.27,
2026-06-07 07:00:00,,3547469.48,
2026-06-07 08:00:00,,3602332.28,
2026-06-07 09:00:00,,3585534.45,
2026-06-07 10:00:00,,3501826.61,
2026-06-07 11:00:00,,3439445.39,
2026-06-07 12:00:00,,3457217.24,
2026-06-07 13:00:00,,3367124.01,
2026-06-07 14:00:00,,3356858.20,
2026-06-07 15:00:00,,3394135.91,
2026-06-07 16:00:00,,3395014.46,
2026-06-07 17:00:00,,3383565.15,
2026-06-07 18:00:00,,3366487.34,
2026-06-07 19:00:00,,3299440.98,
2026-06-07 20:00:00,,3241693.67,
2026-06-07 21:00:00,,3270339.98,
2026-06-07 22:00:00,,3259825.23,
2026-06-07 23:00:00,,3310144.86,
2026-06-08 00:00:00,,3304645.74,
2026-06-08 01:00:00,,3282288.43,
2026-06-08 02:00:00,,3246721.42,
2026-06-08 03:00:00,,3251590.37,
2026-06-08 04:00:00,,3265717.06,
2026-06-08 05:00:00,,3155139.48,
2026-06-08 06:00:00,,3148335.92,
2026-06-08 07:00:00,,3141177.47,
2026-06-08 08:00:00,,3181200.07,
2026-06-08 09:00:00,,3171982.19,
2026-06-08 10:00:00,,3250585.11,
2026-06-08 11:00:00,,3292170.62,
2026-06-08 12:00:00,,3346578.85,
2026-06-08 13:00:00,,3384929.60,
2026-06-08 14:00:00,,3382447.03,
2026-06-08 15:00:00,,3427606.02,
2026-06-08 16:00:00,,3456189.61,
2026-06-08 17:00:00,,3494387.10,
2026-06-08 18:00:00,,3747534.70,
2026-06-08 19:00:00,,3648462.42,
2026-06-08 20:00:00,,3586684.59,
2026-06-08 21:00:00,,3647362.39,
2026-06-08 22:00:00,,3601121.99,
2026-06-08 23:00:00,,3593034.01,
2026-06-09 00:00:00,,3524037.88,
2026-06-09 01:00:00,,3442563.19,
2026-06-09 02:00:00,,3508211.17,
2026-06-09 03:00:00,,3459070.55,
2026-06-09 04:00:00,,3539816.93,
2026-06-09 05:00:00,,3604050.65,
2026-06-09 06:00:00,,3640667.32,
2026-06-09 07:00:00,,3670458.19,
2026-06-09 08:00:00,,3714263.49,
2026-06-09 09:00:00,,3717674.32,
2026-06-09 10:00:00,,3691286.72,
2026-06-09 11:00:00,,3651972.50,
2026-06-09 12:00:00,,3670775.32,
2026-06-09 13:00:00,,3652693.77,
2026-06-09 14:00:00,,3671514.72,
2026-06-09 15:00:00,,3622822.56,
2026-06-09 16:00:00,,3581406.01,
2026-06-09 17:00:00,,3487140.58,
2026-06-09 18:00:00,,3531846.17,
2026-06-09 19:00:00,,3561989.48,
2026-06-09 20:00:00,,3627555.39,
2026-06-09 21:00:00,,3664717.08,
2026-06-09 22:00:00,,3585421.31,
2026-06-09 23:00:00,,3587966.36,
2026-06-10 00:00:00,,3726979.10,
2026-06-10 01:00:00,,3742176.93,
2026-06-10 02:00:00,,3669536.98,
2026-06-10 03:00:00,,3585540.18,
2026-06-10 04:00:00,,3522638.30,
2026-06-10 05:00:00,,3426767.13,
2026-06-10 06:00:00,,3362488.84,
2026-06-10 07:00:00,,3395921.78,
2026-06-10 08:00:00,,3473913.90,
2026-06-10 09:00:00,,3462531.36,
2026-06-10 10:00:00,,3481884.20,
2026-06-10 11:00:00,,3473097.99,
2026-06-10 12:00:00,,3437224.62,
2026-06-10 13:00:00,,3624283.09,
2026-06-10 14:00:00,,3688849.94,
2026-06-10 15:00:00,,3685616.41,
2026-06-10 16:00:00,,4224678.61,
2026-06-10 17:00:00,,4248117.75,
2026-06-10 18:00:00,,4098061.01,
2026-06-10 19:00:00,,4079817.74,
2026-06-10 20:00:00,,3868079.82,
2026-06-10 21:00:00,,3853627.42,
2026-06-10 22:00:00,,3686686.18,
2026-06-10 23:00:00,,3743815.04,
2026-06-11 00:00:00,,3719431.55,
2026-06-11 01:00:00,,3804740.21,
2026-06-11 02:00:00,,3795423.72,
2026-06-11 03:00:00,,3755631.81,
2026-06-11 04:00:00,,3788558.59,
2026-06-11 05:00:00,,3767850.88,
2026-06-11 06:00:00,,3628796.72,
2026-06-11 07:00:00,,3592088.55,
2026-06-11 08:00:00,,3676312.05,
2026-06-11 09:00:00,,3721901.86,
2026-06-11 10:00:00,,3746455.10,
2026-06-11 11:00:00,,3780993.43,
2026-06-11 12:00:00,,3763706.04,
2026-06-11 13:00:00,,3657182.31,
2026-06-11 14:00:00,,3771572.86,
2026-06-11 15:00:00,,3801907.10,
2026-06-11 16:00:00,,3871146.63,
2026-06-11 17:00:00,,3861298.13,
2026-06-11 18:00:00,,3915606.26,
2026-06-11 19:00:00,,3822214.63,
2026-06-11 20:00:00,,3799459.62,
2026-06-11 21:00:00,,3766629.86,
2026-06-11 22:00:00,,3940630.46,
2026-06-11 23:00:00,,3938712.61,
2026-06-12 00:00:00,,3978995.67,
2026-06-12 01:00:00,,4083313.04,
2026-06-12 02:00:00,,4208347.86,
2026-06-12 03:00:00,,4254862.10,
2026-06-12 04:00:00,,4228288.27,
2026-06-12 05:00:00,,4359666.47,
2026-06-12 06:00:00,,4302738.03,
2026-06-12 07:00:00,,4035723.22,
2026-06-12 08:00:00,,4094839.22,
2026-06-12 09:00:00,,4159141.90,
2026-06-12 10:00:00,,4153556.46,
2026-06-12 11:00:00,,4098512.57,
2026-06-12 12:00:00,,4149997.80,
2026-06-12 13:00:00,,4383268.09,
2026-06-12 14:00:00,,4399534.74,
2026-06-12 15:00:00,,4291775.89,
2026-06-12 16:00:00,,4173753.04,
2026-06-12 17:00:00,,4364248.85,
2026-06-12 18:00:00,,4358340.71,
2026-06-12 19:00:00,,4389674.62,
2026-06-12 20:00:00,,4414430.96,
2026-06-12 21:00:00,,4513359.58,
2026-06-12 22:00:00,,4548720.78,
2026-06-12 23:00:00,,4321635.37,
2026-06-13 00:00:00,,4154470.55,
2026-06-13 01:00:00,,4088683.71,
2026-06-13 02:00:00,,4207030.47,
2026-06-13 03:00:00,,4116538.69,
2026-06-13 04:00:00,,4075806.01,
2026-06-13 05:00:00,,4105014.24,
2026-06-13 06:00:00,,4051374.28,
2026-06-13 07:00:00,,4015945.94,
2026-06-13 08:00:00,,4002820.49,
2026-06-13 09:00:00,,4012271.56,
2026-06-13 10:00:00,,3905053.92,
2026-06-13 11:00:00,,3844440.22,
2026-06-13 12:00:00,,3929267.60,
2026-06-13 13:00:00,,3852719.15,
2026-06-13 14:00:00,,3856344.31,
2026-06-13 15:00:00,,3846075.21,
2026-06-13 16:00:00,,3843678.81,
2026-06-13 17:00:00,,3826080.02,
2026-06-13 18:00:00,,3801234.37,
2026-06-13 19:00:00,,3776143.34,
2026-06-13 20:00:00,,3887943.74,
2026-06-13 21:00:00,,3853323.59,
2026-06-13 22:00:00,,3840554.35,
2026-06-13 23:00:00,,3748019.90,
2026-06-14 00:00:00,,3793488.54,
2026-06-14 01:00:00,,3700200.02,
2026-06-14 02:00:00,,3918248.68,
2026-06-14 03:00:00,,4042761.73,
2026-06-14 04:00:00,,4074023.40,
2026-06-14 05:00:00,,4029472.74,
2026-06-14 06:00:00,,4082043.24,
2026-06-14 07:00:00,,4035212.39,
2026-06-14 08:00:00,,4011986.76,
2026-06-14 09:00:00,,4029155.84,
2026-06-14 10:00:00,,4047408.55,
2026-06-14 11:00:00,,4045190.81,
2026-06-14 12:00:00,,4040671.37,
2026-06-14 13:00:00,,3990538.72,
2026-06-14 14:00:00,,4017954.08,
2026-06-14 15:00:00,,3873736.37,
2026-06-14 16:00:00,,3900733.69,
2026-06-14 17:00:00,,3934087.70,
2026-06-14 18:00:00,,4364882.05,
2026-06-14 19:00:00,,4309916.92,
2026-06-14 20:00:00,,4253703.01,
2026-06-14 21:00:00,,4295243.86,
2026-06-14 22:00:00,,4282635.92,
2026-06-14 23:00:00,,4241087.90,
2026-06-15 00:00:00,,4254759.75,
2026-06-15 01:00:00,,4315434.56,
2026-06-15 02:00:00,,4331047.42,
2026-06-15 03:00:00,,4354731.49,
2026-06-15 04:00:00,,4382480.90,
2026-06-15 05:00:00,,4434120.30,
2026-06-15 06:00:00,,4516543.39,
2026-06-15 07:00:00,,4449809.41,
2026-06-15 08:00:00,,4296790.68,
2026-06-15 09:00:00,,4320339.31,
2026-06-15 10:00:00,,4324025.91,
2026-06-15 11:00:00,,4411927.36,
2026-06-15 12:00:00,,4414436.77,
2026-06-15 13:00:00,,4429168.81,
2026-06-15 14:00:00,,4414733.18,
2026-06-15 15:00:00,,4414036.23,
2026-06-15 16:00:00,,4321091.26,
2026-06-15 17:00:00,,4215265.93,
2026-06-15 18:00:00,,4171459.22,
2026-06-15 19:00:00,,4018949.29,
2026-06-15 20:00:00,,3949634.85,
2026-06-15 21:00:00,,3976634.19,
2026-06-15 22:00:00,,3978933.99,
2026-06-15 23:00:00,,3756990.30,
2026-06-16 00:00:00,,3780651.51,
2026-06-16 01:00:00,,3813905.92,
2026-06-16 02:00:00,,3791838.86,
2026-06-16 03:00:00,,3756308.19,
2026-06-16 04:00:00,,3774889.73,
2026-06-16 05:00:00,,3764123.78,
2026-06-16 06:00:00,,3822492.89,
2026-06-16 07:00:00,,3899906.12,
2026-06-16 08:00:00,,3996114.68,
2026-06-16 09:00:00,,4069725.94,
2026-06-16 10:00:00,,4087010.71,
2026-06-16 11:00:00,,4823210.09,
2026-06-16 12:00:00,,4877546.16,
2026-06-16 13:00:00,,4765054.11,
2026-06-16 14:00:00,,4750249.66,
2026-06-16 15:00:00,,4676000.48,
2026-06-16 16:00:00,,4724384.99,
2026-06-16 17:00:00,,4716336.11,
2026-06-16 18:00:00,,4756855.58,
2026-06-16 19:00:00,,4929019.52,
2026-06-16 20:00:00,,4501587.19,
2026-06-16 21:00:00,,4501438.27,
2026-06-16 22:00:00,,4423427.20,
2026-06-16 23:00:00,,4442113.52,
2026-06-17 00:00:00,,4344463.51,
2026-06-17 01:00:00,,4331494.30,
2026-06-17 02:00:00,,4355737.56,
2026-06-17 03:00:00,,4358612.02,
2026-06-17 04:00:00,,4291720.36,
2026-06-17 05:00:00,,4294935.89,
2026-06-17 06:00:00,,4307383.59,
2026-06-17 07:00:00,,4252157.74,
2026-06-17 08:00:00,,4391032.09,
2026-06-17 09:00:00,,4349816.25,
2026-06-17 10:00:00,,4338104.67,
2026-06-17 11:00:00,,4309900.03,
2026-06-17 12:00:00,,4283212.41,
2026-06-17 13:00:00,,4238952.82,
2026-06-17 14:00:00,,4242229.11,
2026-06-17 15:00:00,,4212584.81,
2026-06-17 16:00:00,,4298574.24,
2026-06-17 17:00:00,,4227909.22,
2026-06-17 18:00:00,,4229085.69,
2026-06-17 19:00:00,,4093626.54,
2026-06-17 20:00:00,,3901568.88,
2026-06-17 21:00:00,,3978080.12,
2026-06-17 22:00:00,,3893093.16,
2026-06-17 23:00:00,,3830198.79,
2026-06-18 00:00:00,,3856216.54,
2026-06-18 01:00:00,,3824655.49,
2026-06-18 02:00:00,,3744806.57,
2026-06-18 03:00:00,,3745317.31,
2026-06-18 04:00:00,,3710553.58,
2026-06-18 05:00:00,,3625312.98,
2026-06-18 06:00:00,,3708660.43,
2026-06-18 07:00:00,,3691557.64,
2026-06-18 08:00:00,,3742463.66,
2026-06-18 09:00:00,,3766760.20,
2026-06-18 10:00:00,,3794737.95,
2026-06-18 11:00:00,,3746115.61,
2026-06-18 12:00:00,,3748167.95,
2026-06-18 13:00:00,,3814819.79,
2026-06-18 14:00:00,,3657645.61,
2026-06-18 15:00:00,,3702679.22,
2026-06-18 16:00:00,,3433476.31,
2026-06-18 17:00:00,,3492347.89,
2026-06-18 18:00:00,,3530888.20,
2026-06-18 19:00:00,,3514446.19,
2026-06-18 20:00:00,,3546457.99,
2026-06-18 21:00:00,,3519552.26,
2026-06-18 22:00:00,,3538958.28,
2026-06-18 23:00:00,,3522331.78,
2026-06-19 00:00:00,,3535480.91,
2026-06-19 01:00:00,,3575319.53,
2026-06-19 02:00:00,,3647947.26,
2026-06-19 03:00:00,,3661866.51,
2026-06-19 04:00:00,,3677863.09,
2026-06-19 05:00:00,,3589145.34,
2026-06-19 06:00:00,,3576561.70,
2026-06-19 07:00:00,,3636634.62,
2026-06-19 08:00:00,,3649119.30,
2026-06-19 09:00:00,,3647455.08,
2026-06-19 10:00:00,,3637574.53,
2026-06-19 11:00:00,,3657183.79,
2026-06-19 12:00:00,,3713594.14,
2026-06-19 13:00:00,,3733236.05,
2026-06-19 14:00:00,,3995003.63,
2026-06-19 15:00:00,,4072058.30,
2026-06-19 16:00:00,,4029107.75,
2026-06-19 17:00:00,,4342878.80,
2026-06-19 18:00:00,,5278499.24,
2026-06-19 19:00:00,,5052718.66,
2026-06-19 20:00:00,,5003916.43,
2026-06-19 21:00:00,,5061822.57,
2026-06-19 22:00:00,,4718706.94,
2026-06-19 23:00:00,,4753009.02,
2026-06-20 00:00:00,,4726962.21,
2026-06-20 01:00:00,,4593295.06,
2026-06-20 02:00:00,,4334747.15,
2026-06-20 03:00:00,,4167978.88,
2026-06-20 04:00:00,,4207829.68,
2026-06-20 05:00:00,,4146568.48,
2026-06-20 06:00:00,,4116603.31,
2026-06-20 07:00:00,,4152434.55,
2026-06-20 08:00:00,,4100980.49,
2026-06-20 09:00:00,,4315113.07,
2026-06-20 10:00:00,,4320276.07,
2026-06-20 11:00:00,,4288172.58,
2026-06-20 12:00:00,,4226662.78,
2026-06-20 13:00:00,,4217076.99,
2026-06-20 14:00:00,,4164623.82,
2026-06-20 15:00:00,,4296059.38,
2026-06-20 16:00:00,,4247161.52,
2026-06-20 17:00:00,,4190775.63,
2026-06-20 18:00:00,,4217629.58,
2026-06-20 19:00:00,,4173709.77,
2026-06-20 20:00:00,,4185650.57,
2026-06-20 21:00:00,,4017435.53,
2026-06-20 22:00:00,,4117570.43,
2026-06-20 23:00:00,,4214716.34,
2026-06-21 00:00:00,,4231968.37,
2026-06-21 01:00:00,,4264297.52,
2026-06-21 02:00:00,,4376470.69,
2026-06-21 03:00:00,,4377382.18,
2026-06-21 04:00:00,,4371253.18,
2026-06-21 05:00:00,,4394474.91,
2026-06-21 06:00:00,,4422630.91,
2026-06-21 07:00:00,,4431587.10,
2026-06-21 08:00:00,,4440558.37,
2026-06-21 09:00:00,,4407467.25,
2026-06-21 10:00:00,,4406683.76,
2026-06-21 11:00:00,,4431275.68,
2026-06-21 12:00:00,,4416418.29,
2026-06-21 13:00:00,,4418094.01,
2026-06-21 14:00:00,,4298596.32,
2026-06-21 15:00:00,,4280429.61,
2026-06-21 16:00:00,,4321736.49,
2026-06-21 17:00:00,,4349504.26,
2026-06-21 18:00:00,,4325663.28,
2026-06-21 19:00:00,,4323142.82,
2026-06-21 20:00:00,,4265128.87,
2026-06-21 21:00:00,,4173860.00,
2026-06-21 22:00:00,,3971514.81,
2026-06-21 23:00:00,,3953055.41,
2026-06-22 00:00:00,,3948042.64,
2026-06-22 01:00:00,,3948244.65,
2026-06-22 02:00:00,,3872204.09,
2026-06-22 03:00:00,,3883364.49,
2026-06-22 04:00:00,,3853435.32,
2026-06-22 05:00:00,,3859813.18,
2026-06-22 06:00:00,,3880027.35,
2026-06-22 07:00:00,,3881801.00,
2026-06-22 08:00:00,,3858744.05,
2026-06-22 09:00:00,,3811276.57,
2026-06-22 10:00:00,,3845478.69,
2026-06-22 11:00:00,,3869977.13,
2026-06-22 12:00:00,,3878127.73,
2026-06-22 13:00:00,,4152641.97,
2026-06-22 14:00:00,,4190011.19,
2026-06-22 15:00:00,,3944942.50,
2026-06-22 16:00:00,,3867685.25,
2026-06-22 17:00:00,,3829664.46,
2026-06-22 18:00:00,,3863051.25,
2026-06-22 19:00:00,,3848538.64,
2026-06-22 20:00:00,,3806619.61,
2026-06-22 21:00:00,,3823563.24,
2026-06-22 22:00:00,,3784298.72,
2026-06-22 23:00:00,,3701866.51,
2026-06-23 00:00:00,,3668647.48,
2026-06-23 01:00:00,,3645880.61,
2026-06-23 02:00:00,,3660309.42,
2026-06-23 03:00:00,,3663816.25,
2026-06-23 04:00:00,,3666147.29,
2026-06-23 05:00:00,,3666942.47,
2026-06-23 06:00:00,,3542163.37,
2026-06-23 07:00:00,,3516469.26,
2026-06-23 08:00:00,,3552895.29,
2026-06-23 09:00:00,,3555914.66,
2026-06-23 10:00:00,,3714213.83,
2026-06-23 11:00:00,,3660857.58,
2026-06-23 12:00:00,,3626049.58,
2026-06-23 13:00:00,,3610998.48,
2026-06-23 14:00:00,,3564951.61,
2026-06-23 15:00:00,,3575114.16,
2026-06-23 16:00:00,,3559432.73,
2026-06-23 17:00:00,,3545129.68,
2026-06-23 18:00:00,,3512293.30,
2026-06-23 19:00:00,,3548534.99,
2026-06-23 20:00:00,,3542545.39,
2026-06-23 21:00:00,,3580703.89,
2026-06-23 22:00:00,,3548066.06,
2026-06-23 23:00:00,,3558544.96,
2026-06-24 00:00:00,,3541642.95,
2026-06-24 01:00:00,,3552566.69,
2026-06-24 02:00:00,,3548928.81,
2026-06-24 03:00:00,,3516445.24,
2026-06-24 04:00:00,,3535844.28,
2026-06-24 05:00:00,,3534829.91,
2026-06-24 06:00:00,,3597741.26,
2026-06-24 07:00:00,,3596324.58,
2026-06-24 08:00:00,,3529923.99,
2026-06-24 09:00:00,,3525448.68,
2026-06-24 10:00:00,,3549459.01,
2026-06-24 11:00:00,,3515024.84,
2026-06-24 12:00:00,,3530484.48,
2026-06-24 13:00:00,,3552062.90,
2026-06-24 14:00:00,,3427963.81,
2026-06-24 15:00:00,,3447457.84,
2026-06-24 16:00:00,,3309490.35,
2026-06-24 17:00:00,,3171557.13,
2026-06-24 18:00:00,,3114853.49,
2026-06-24 19:00:00,,3160558.24,
2026-06-24 20:00:00,,3239305.26,
2026-06-24 21:00:00,,3270802.18,
2026-06-24 22:00:00,,3213646.00,
2026-06-24 23:00:00,,3241156.01,
2026-06-25 00:00:00,,3333643.31,
2026-06-25 01:00:00,,3359609.68,
2026-06-25 02:00:00,,3334510.20,
2026-06-25 03:00:00,,3339531.98,
2026-06-25 04:00:00,,3305222.03,
2026-06-25 05:00:00,,3316452.51,
2026-06-25 06:00:00,,3395747.96,
2026-06-25 07:00:00,,3424724.22,
2026-06-25 08:00:00,,3438523.83,
2026-06-25 09:00:00,,3424522.46,
2026-06-25 10:00:00,,3434265.87,
2026-06-25 11:00:00,,3418968.07,
2026-06-25 12:00:00,,3405910.26,
2026-06-25 13:00:00,,3376200.14,
2026-06-25 14:00:00,,3139661.81,
2026-06-25 15:00:00,,3298835.34,
2026-06-25 16:00:00,,3283259.98,
2026-06-25 17:00:00,,3264633.78,
2026-06-25 18:00:00,,3335475.98,
2026-06-25 19:00:00,,3283129.13,
2026-06-25 20:00:00,,3305237.96,
2026-06-25 21:00:00,,3275916.33,
2026-06-25 22:00:00,,3363942.63,
2026-06-25 23:00:00,,3305345.91,
2026-06-26 00:00:00,,3280519.48,
2026-06-26 01:00:00,,3311466.76,
2026-06-26 02:00:00,,3232517.52,
2026-06-26 03:00:00,,3128777.33,
2026-06-26 04:00:00,,3301872.53,
2026-06-26 05:00:00,,3219203.76,
2026-06-26 06:00:00,,3261581.34,
2026-06-26 07:00:00,,3342880.74,
2026-06-26 08:00:00,,3426420.78,
2026-06-26 09:00:00,,3354780.16,
2026-06-26 10:00:00,,3312978.34,
2026-06-26 11:00:00,,3288483.71,
2026-06-26 12:00:00,,3287869.61,
2026-06-26 13:00:00,,3287037.38,
2026-06-26 14:00:00,,3618691.32,
2026-06-26 15:00:00,,3663601.30,
2026-06-26 16:00:00,,3570241.44,
2026-06-26 17:00:00,,3593315.59,
2026-06-26 18:00:00,,3647375.01,
2026-06-26 19:00:00,,3636128.48,
2026-06-26 20:00:00,,3605912.51,
2026-06-26 21:00:00,,3562138.69,
2026-06-26 22:00:00,,3534448.02,
2026-06-26 23:00:00,,3506661.82,
2026-06-27 00:00:00,,3483230.46,
2026-06-27 01:00:00,,3475317.47,
2026-06-27 02:00:00,,3445147.41,
2026-06-27 03:00:00,,3464616.70,
2026-06-27 04:00:00,,3386324.44,
2026-06-27 05:00:00,,3397805.20,
2026-06-27 06:00:00,,3387072.31,
2026-06-27 07:00:00,,3409003.09,
2026-06-27 08:00:00,,3423676.97,
2026-06-27 09:00:00,,3406951.49,
2026-06-27 10:00:00,,3401570.97,
2026-06-27 11:00:00,,3376370.30,
2026-06-27 12:00:00,,3397300.13,
2026-06-27 13:00:00,,3400870.53,
2026-06-27 14:00:00,,3430684.37,
2026-06-27 15:00:00,,3450736.88,
2026-06-27 16:00:00,,3450682.57,
2026-06-27 17:00:00,,3497959.66,
2026-06-27 18:00:00,,3467930.19,
2026-06-27 19:00:00,,3435330.58,
2026-06-27 20:00:00,,3376115.51,
2026-06-27 21:00:00,,3386723.04,
2026-06-27 22:00:00,,3377512.69,
2026-06-27 23:00:00,,3381024.80,
2026-06-28 00:00:00,,3356159.72,
2026-06-28 01:00:00,,3391818.10,
2026-06-28 02:00:00,,3372148.59,
2026-06-28 03:00:00,,3387221.56,
2026-06-28 04:00:00,,3396799.89,
2026-06-28 05:00:00,,3410493.38,
2026-06-28 06:00:00,,3386732.28,
2026-06-28 07:00:00,,3417282.59,
2026-06-28 08:00:00,,3526902.75,
2026-06-28 09:00:00,,3518820.88,
2026-06-28 10:00:00,,3549934.55,
2026-06-28 11:00:00,,3646356.07,
2026-06-28 12:00:00,,3587704.06,
2026-06-28 13:00:00,,3540564.37,
2026-06-28 14:00:00,,3502183.77,
2026-06-28 15:00:00,,3572207.96,
2026-06-28 16:00:00,,3529347.26,
2026-06-28 17:00:00,,3503918.50,
2026-06-28 18:00:00,,3523303.71,
2026-06-28 19:00:00,,3511473.46,
2026-06-28 20:00:00,,3472125.57,
2026-06-28 21:00:00,,3470181.88,
2026-06-28 22:00:00,,3428651.21,
2026-06-28 23:00:00,,3442653.28,
2026-06-29 00:00:00,,3595659.14,
2026-06-29 01:00:00,,3580503.11,
2026-06-29 02:00:00,,3558515.57,
2026-06-29 03:00:00,,3595212.32,
2026-06-29 04:00:00,,3583033.91,
2026-06-29 05:00:00,,3584899.79,
2026-06-29 06:00:00,,3674450.28,
2026-06-29 07:00:00,,3705459.41,
2026-06-29 08:00:00,,3715130.72,
2026-06-29 09:00:00,,3686371.85,
2026-06-29 10:00:00,,3766582.75,
2026-06-29 11:00:00,,3736186.45,
2026-06-29 12:00:00,,3741758.98,
2026-06-29 13:00:00,,3865334.51,
2026-06-29 14:00:00,,3916973.68,
2026-06-29 15:00:00,,4144429.80,
2026-06-29 16:00:00,,5199003.08,
2026-06-29 17:00:00,,5667319.06,
2026-06-29 18:00:00,,5966424.39,
2026-06-29 19:00:00,,5917381.49,
2026-06-29 20:00:00,,5185760.55,
2026-06-29 21:00:00,,5035285.94,
2026-06-29 22:00:00,,4865950.77,
2026-06-29 23:00:00,,4887823.80,
2026-06-30 00:00:00,,4857695.46,
2026-06-30 01:00:00,,5104455.98,
2026-06-30 02:00:00,,4977268.82,
2026-06-30 03:00:00,,5058560.55,
2026-06-30 04:00:00,,5222388.71,
2026-06-30 05:00:00,,5464898.27,
2026-06-30 06:00:00,,5101425.75,
2026-06-30 07:00:00,,5162844.39,
2026-06-30 08:00:00,,5075084.29,
2026-06-30 09:00:00,,5183934.66,
2026-06-30 10:00:00,,4709750.31,
2026-06-30 11:00:00,,4487262.16,
2026-06-30 12:00:00,,4268074.95,
2026-06-30 13:00:00,,4269834.71,
2026-06-30 14:00:00,,4345319.83,
2026-06-30 15:00:00,,4294351.86,
2026-06-30 16:00:00,,4311025.23,
2026-06-30 17:00:00,,4388164.24,
2026-06-30 18:00:00,,4351526.06,
2026-06-30 19:00:00,,4384027.89,
2026-06-30 20:00:00,,4410229.15,
2026-06-30 21:00:00,,4375992.55,
2026-06-30 22:00:00,,4281782.33,
2026-06-30 23:00:00,,4122565.90,
2026-07-01 00:00:00,,4071072.59,
2026-07-01 01:00:00,,4096503.14,
2026-07-01 02:00:00,,3971457.28,
2026-07-01 03:00:00,,3935459.11,
2026-07-01 04:00:00,,3972431.04,
2026-07-01 05:00:00,,4008324.95,
2026-07-01 06:00:00,,3984705.49,
2026-07-01 07:00:00,,3903403.36,
2026-07-01 08:00:00,,3915500.78,
2026-07-01 09:00:00,,3886507.10,
2026-07-01 10:00:00,,3945895.73,
2026-07-01 11:00:00,,3958300.77,
2026-07-01 12:00:00,,3953629.98,
2026-07-01 13:00:00,,3930840.78,
2026-07-01 14:00:00,,4083742.69,
2026-07-01 15:00:00,,4024786.10,
2026-07-01 16:00:00,,3948955.98,
2026-07-01 17:00:00,,3918772.09,
2026-07-01 18:00:00,,3923876.49,
2026-07-01 19:00:00,,3835567.09,
2026-07-01 20:00:00,,3755382.37,
2026-07-01 21:00:00,,3766188.77,
2026-07-01 22:00:00,,3799744.99,
2026-07-01 23:00:00,,3767181.29,
2026-07-02 00:00:00,,3683958.00,
2026-07-02 01:00:00,,3696205.85,
2026-07-02 02:00:00,,3693999.21,
2026-07-02 03:00:00,,3718607.53,
2026-07-02 04:00:00,,3739108.40,
2026-07-02 05:00:00,,3756812.54,
2026-07-02 06:00:00,,3792116.24,
2026-07-02 07:00:00,,3770793.24,
2026-07-02 08:00:00,,3803311.30,
2026-07-02 09:00:00,,3829201.08,
2026-07-02 10:00:00,,3913259.63,
2026-07-02 11:00:00,,3899559.81,
2026-07-02 12:00:00,,3887856.87,
2026-07-02 13:00:00,,3861053.74,
2026-07-02 14:00:00,,3803674.31,
2026-07-02 15:00:00,,3787424.08,
2026-07-02 16:00:00,,3785595.24,
2026-07-02 17:00:00,,3760391.54,
2026-07-02 18:00:00,,3750152.20,
2026-07-02 19:00:00,,3757904.84,
2026-07-02 20:00:00,,3742754.19,
2026-07-02 21:00:00,,3696563.98,
2026-07-02 22:00:00,,3625712.24,
2026-07-02 23:00:00,,3786780.40,
2026-07-03 00:00:00,,3777896.54,
2026-07-03 01:00:00,,3685498.54,
2026-07-03 02:00:00,,3771537.03,
2026-07-03 03:00:00,,3785991.35,
2026-07-03 04:00:00,,3751164.95,
2026-07-03 05:00:00,,3779157.53,
2026-07-03 06:00:00,,3756916.64,
2026-07-03 07:00:00,,3796714.41,
2026-07-03 08:00:00,,3813329.92,
2026-07-03 09:00:00,,3826830.51,
2026-07-03 10:00:00,,3893996.84,
2026-07-03 11:00:00,,3960712.90,
2026-07-03 12:00:00,,3932746.55,
2026-07-03 13:00:00,,3932327.31,
2026-07-03 14:00:00,,3916871.98,
2026-07-03 15:00:00,,3886653.76,
2026-07-03 16:00:00,,3889339.27,
2026-07-03 17:00:00,,3955462.23,
2026-07-03 18:00:00,,3918621.16,
2026-07-03 19:00:00,,3882482.54,
2026-07-03 20:00:00,,3904720.90,
2026-07-03 21:00:00,,3927725.77,
2026-07-03 22:00:00,,3917909.47,
2026-07-03 23:00:00,,3955561.86,
2026-07-04 00:00:00,,3946918.54,
2026-07-04 01:00:00,,3897412.91,
2026-07-04 02:00:00,,3818066.75,
2026-07-04 03:00:00,,3840913.75,
2026-07-04 04:00:00,,3839258.78,
2026-07-04 05:00:00,,3840676.44,
2026-07-04 06:00:00,,3804109.61,
2026-07-04 07:00:00,,3779521.49,
2026-07-04 08:00:00,,3770152.01,
2026-07-04 09:00:00,,3813558.97,
2026-07-04 10:00:00,,3805140.39,
2026-07-04 11:00:00,,3887192.38,
2026-07-04 12:00:00,,3906636.86,
2026-07-04 13:00:00,,3887213.44,
2026-07-04 14:00:00,,3831595.25,
2026-07-04 15:00:00,,3839205.73,
2026-07-04 16:00:00,,3898449.04,
2026-07-04 17:00:00,,3874789.95,
2026-07-04 18:00:00,,3908400.12,
2026-07-04 19:00:00,,3903876.27,
2026-07-04 20:00:00,,3834384.94,
2026-07-04 21:00:00,,3907630.57,
2026-07-04 22:00:00,,3899946.26,
2026-07-04 23:00:00,,3883074.72,
2026-07-05 00:00:00,,3846159.65,
2026-07-05 01:00:00,,3839122.57,
2026-07-05 02:00:00,,3639083.71,
2026-07-05 03:00:00,,3609866.84,
2026-07-05 04:00:00,,3574299.67,
2026-07-05 05:00:00,,3594069.00,
2026-07-05 06:00:00,,3595466.30,
2026-07-05 07:00:00,,3581257.80,
2026-07-05 08:00:00,,3599729.86,
2026-07-05 09:00:00,,3640692.00,
2026-07-05 10:00:00,,3554252.04,
2026-07-05 11:00:00,,3556159.54,
2026-07-05 12:00:00,,3564430.68,
2026-07-05 13:00:00,,3568095.99,
2026-07-05 14:00:00,,3597040.79,
2026-07-05 15:00:00,,3583599.65,
2026-07-05 16:00:00,,3557117.40,
2026-07-05 17:00:00,,3542695.93,
2026-07-05 18:00:00,,3530184.09,
2026-07-05 19:00:00,,3508927.40,
2026-07-05 20:00:00,,3487611.07,
2026-07-05 21:00:00,,3512749.39,
2026-07-05 22:00:00,,3559117.08,
2026-07-05 23:00:00,,3614111.90,
2026-07-06 00:00:00,,3541307.20,
2026-07-06 01:00:00,,3523526.38,
2026-07-06 02:00:00,,3614643.07,
2026-07-06 03:00:00,,3617104.21,
2026-07-06 04:00:00,,3526756.32,
2026-07-06 05:00:00,,3509729.00,
2026-07-06 06:00:00,,3510098.58,
2026-07-06 07:00:00,,3518109.44,
2026-07-06 08:00:00,,3603459.31,
2026-07-06 09:00:00,,3570217.42,
2026-07-06 10:00:00,,3598219.17,
2026-07-06 11:00:00,,3675487.72,
2026-07-06 12:00:00,,3689208.85,
2026-07-06 13:00:00,,3725636.99,
2026-07-06 14:00:00,,3755165.33,
2026-07-06 15:00:00,,3905153.35,
2026-07-06 16:00:00,,3887757.05,
2026-07-06 17:00:00,,3910905.32,
2026-07-06 18:00:00,,3867842.45,
2026-07-06 19:00:00,,3883480.01,
2026-07-06 20:00:00,,3986242.18,
2026-07-06 21:00:00,,4019076.54,
2026-07-06 22:00:00,,3992826.82,
2026-07-06 23:00:00,,3998793.09,
2026-07-07 00:00:00,,3980802.48,
2026-07-07 01:00:00,,3994540.66,
2026-07-07 02:00:00,,3939158.04,
2026-07-07 03:00:00,,3910034.56,
2026-07-07 04:00:00,,3913199.53,
2026-07-07 05:00:00,,4029424.55,
2026-07-07 06:00:00,,4002073.89,
2026-07-07 07:00:00,,4023325.97,
2026-07-07 08:00:00,,4041969.69,
2026-07-07 09:00:00,,3998970.19,
2026-07-07 10:00:00,,4020378.32,
2026-07-07 11:00:00,,3996821.86,
2026-07-07 12:00:00,,4031264.08,
2026-07-07 13:00:00,,4047804.92,
2026-07-07 14:00:00,,3977447.39,
2026-07-07 15:00:00,,4021501.74,
2026-07-07 16:00:00,,4004223.93,
2026-07-07 17:00:00,,4000489.54,
2026-07-07 18:00:00,,4004281.12,
2026-07-07 19:00:00,,3976044.97,
2026-07-07 20:00:00,,3963463.52,
2026-07-07 21:00:00,,3968047.81,
2026-07-07 22:00:00,,3952793.01,
2026-07-07 23:00:00,,3931765.12,
2026-07-08 00:00:00,,3880124.64,
2026-07-08 01:00:00,,3873881.06,
2026-07-08 02:00:00,,3751665.56,
2026-07-08 03:00:00,,3745784.59,
2026-07-08 04:00:00,,3696185.16,
2026-07-08 05:00:00,,3722866.68,
2026-07-08 06:00:00,,3682899.64,
2026-07-08 07:00:00,,3670303.20,
2026-07-08 08:00:00,,3630482.96,
2026-07-08 09:00:00,,3545179.55,
2026-07-08 10:00:00,,3608688.84,
2026-07-08 11:00:00,,3610037.77,
2026-07-08 12:00:00,,3636627.23,
2026-07-08 13:00:00,,3629301.09,
2026-07-08 14:00:00,,3692671.21,
2026-07-08 15:00:00,,3685607.76,
2026-07-08 16:00:00,,3738397.23,
2026-07-08 17:00:00,,3760265.21,
2026-07-08 18:00:00,,3772196.17,
2026-07-08 19:00:00,,3758581.07,
2026-07-08 20:00:00,,3741194.89,
2026-07-08 21:00:00,,3725448.81,
2026-07-08 22:00:00,,3736862.24,
2026-07-08 23:00:00,,3660467.21,
2026-07-09 00:00:00,,3733534.42,
2026-07-09 01:00:00,,3696046.41,
2026-07-09 02:00:00,,3706693.54,
2026-07-09 03:00:00,,3674260.68,
2026-07-09 04:00:00,,3640912.84,
2026-07-09 05:00:00,,3636207.64,
2026-07-09 06:00:00,,3715009.58,
2026-07-09 07:00:00,,3743946.12,
2026-07-09 08:00:00,,3728504.01,
2026-07-09 09:00:00,,3772735.02,
2026-07-09 10:00:00,,3818065.75,
2026-07-09 11:00:00,,3762146.41,
2026-07-09 12:00:00,,3791550.88,
2026-07-09 13:00:00,,3742926.49,
2026-07-09 14:00:00,,3747182.22,
2026-07-09 15:00:00,,3671426.12,
2026-07-09 16:00:00,,3626874.18,
2026-07-09 17:00:00,,3582244.51,
2026-07-09 18:00:00,,3580013.97,
2026-07-09 19:00:00,,3604224.03,
2026-07-09 20:00:00,,3604182.64,
2026-07-09 21:00:00,,3622968.28,
2026-07-09 22:00:00,,3597350.54,
2026-07-09 23:00:00,,3830541.01,
2026-07-10 00:00:00,,3938718.62,
2026-07-10 01:00:00,,4086510.23,
2026-07-10 02:00:00,,4052624.59,
2026-07-10 03:00:00,,3958712.76,
2026-07-10 04:00:00,,3905312.68,
2026-07-10 05:00:00,,3954945.86,
2026-07-10 06:00:00,,3952747.23,
2026-07-10 07:00:00,,3983228.03,
2026-07-10 08:00:00,,3907249.09,
2026-07-10 09:00:00,,4063396.46,
2026-07-10 10:00:00,,3989279.01,
2026-07-10 11:00:00,,4040928.21,
2026-07-10 12:00:00,,4069701.08,
2026-07-10 13:00:00,,4094332.06,
2026-07-10 14:00:00,,4123065.31,
2026-07-10 15:00:00,,3987761.55,
2026-07-10 16:00:00,,4114099.36,
2026-07-10 17:00:00,,4114894.94,
2026-07-10 18:00:00,,4009353.00,
2026-07-10 19:00:00,,3928698.94,
2026-07-10 20:00:00,,3872942.08,
2026-07-10 21:00:00,,3852170.13,
2026-07-10 22:00:00,,3872357.65,
2026-07-10 23:00:00,,3857278.61,
2026-07-11 00:00:00,,3778274.84,
2026-07-11 01:00:00,,3785554.90,
2026-07-11 02:00:00,,3858576.51,
2026-07-11 03:00:00,,3893012.84,
2026-07-11 04:00:00,,3872706.76,
2026-07-11 05:00:00,,3831513.91,
2026-07-11 06:00:00,,3843177.23,
2026-07-11 07:00:00,,3854691.91,
2026-07-11 08:00:00,,3887851.71,
2026-07-11 09:00:00,,3887812.64,
2026-07-11 10:00:00,,3880221.83,
2026-07-11 11:00:00,,3846397.83,
2026-07-11 12:00:00,,3874883.31,
2026-07-11 13:00:00,,3836660.79,
2026-07-11 14:00:00,,3851210.42,
2026-07-11 15:00:00,,3872843.53,
2026-07-11 16:00:00,,3876377.43,
2026-07-11 17:00:00,,3876943.25,
2026-07-11 18:00:00,,3904416.88,
2026-07-11 19:00:00,,3914011.22,
2026-07-11 20:00:00,,3944044.48,
2026-07-11 21:00:00,,3920455.00,
2026-07-11 22:00:00,,3884498.48,
2026-07-11 23:00:00,,3829505.78,
2026-07-12 00:00:00,,3670226.70,
2026-07-12 01:00:00,,3636644.97,
2026-07-12 02:00:00,,3681826.09,
2026-07-12 03:00:00,,3719984.72,
2026-07-12 04:00:00,,3708623.58,
2026-07-12 05:00:00,,3717613.71,
2026-07-12 06:00:00,,3736022.02,
2026-07-12 07:00:00,,3734672.62,
2026-07-12 08:00:00,,3725660.51,
2026-07-12 09:00:00,,3726102.17,
2026-07-12 10:00:00,,3737429.23,
2026-07-12 11:00:00,,3741211.63,
2026-07-12 12:00:00,,3742884.58,
2026-07-12 13:00:00,,3935455.84,
2026-07-12 14:00:00,,3925533.08,
2026-07-12 15:00:00,,3932537.74,
2026-07-12 16:00:00,,3931058.29,
2026-07-12 17:00:00,,3860511.45,
2026-07-12 18:00:00,,3801608.65,
2026-07-12 19:00:00,,3812136.20,
2026-07-12 20:00:00,,3826434.49,
2026-07-12 21:00:00,,3807614.58,
2026-07-12 22:00:00,,3741047.99,
2026-07-12 23:00:00,,3698554.50,
2026-07-13 00:00:00,,3679494.33,
2026-07-13 01:00:00,,3742035.40,
2026-07-13 02:00:00,,3713545.45,
2026-07-13 03:00:00,,3709581.09,
2026-07-13 04:00:00,,3690256.88,
2026-07-13 05:00:00,,3684543.86,
2026-07-13 06:00:00,,3728749.11,
2026-07-13 07:00:00,,3718329.71,
2026-07-13 08:00:00,,3703853.88,
2026-07-13 09:00:00,,3669210.77,
2026-07-13 10:00:00,,3659306.00,
2026-07-13 11:00:00,,3737421.02,
2026-07-13 12:00:00,,3803460.81,
2026-07-13 13:00:00,,3803998.09,
2026-07-13 14:00:00,,3801782.82,
2026-07-13 15:00:00,,3826200.78,
2026-07-13 16:00:00,,3852751.86,
2026-07-13 17:00:00,,3868441.36,
2026-07-13 18:00:00,,3855375.82,
2026-07-13 19:00:00,,3837461.88,
2026-07-13 20:00:00,,3751368.24,
2026-07-13 21:00:00,,3742750.59,
2026-07-13 22:00:00,,3640020.78,
2026-07-13 23:00:00,,3690223.69,
2026-07-14 00:00:00,,3733847.10,
2026-07-14 01:00:00,,3854006.72,
2026-07-14 02:00:00,,3807046.79,
2026-07-14 03:00:00,,3781377.21,
2026-07-14 04:00:00,,3760080.01,
2026-07-14 05:00:00,,3726380.00,
2026-07-14 06:00:00,,3754525.45,
2026-07-14 07:00:00,,3686718.06,
2026-07-14 08:00:00,,3713388.59,
2026-07-14 09:00:00,,3705099.68,
2026-07-14 10:00:00,,3666047.23,
2026-07-14 11:00:00,,3704671.27,
2026-07-14 12:00:00,,3678790.13,
2026-07-14 13:00:00,,3809286.12,
2026-07-14 14:00:00,,3826239.87,
2026-07-14 15:00:00,,3830101.97,
2026-07-14 16:00:00,,3866947.43,
2026-07-14 17:00:00,,3854779.90,
2026-07-14 18:00:00,,3785315.44,
2026-07-14 19:00:00,,3758823.02,
2026-07-14 20:00:00,,3730612.45,
2026-07-14 21:00:00,,3755985.92,
2026-07-14 22:00:00,,3710838.21,
2026-07-14 23:00:00,,3681337.91,
2026-07-15 00:00:00,,3703435.83,
2026-07-15 01:00:00,,3716546.98,
2026-07-15 02:00:00,,3730836.45,
2026-07-15 03:00:00,,3695011.82,
2026-07-15 04:00:00,,3681624.39,
2026-07-15 05:00:00,,3668763.88,
2026-07-15 06:00:00,,3662968.61,
2026-07-15 07:00:00,,3641872.71,
2026-07-15 08:00:00,,3664335.26,
2026-07-15 09:00:00,,3670374.38,
2026-07-15 10:00:00,,3661528.69,
2026-07-15 11:00:00,,3649362.43,
2026-07-15 12:00:00,,3688991.05,
2026-07-15 13:00:00,,3703856.74,
2026-07-15 14:00:00,,3733039.70,
2026-07-15 15:00:00,,3791226.85,
2026-07-15 16:00:00,,3705168.83,
2026-07-15 17:00:00,,3688906.77,
2026-07-15 18:00:00,,3802807.31,
2026-07-15 19:00:00,,3834553.62,
2026-07-15 20:00:00,,3772740.92,
2026-07-15 21:00:00,,3839189.39,
2026-07-15 22:00:00,,3795648.91,
2026-07-15 23:00:00,,3803101.54,
2026-07-16 00:00:00,,3826669.94,
2026-07-16 01:00:00,,3853085.06,
2026-07-16 02:00:00,,3812855.25,
2026-07-16 03:00:00,,3786961.54,
2026-07-16 04:00:00,,3727413.49,
2026-07-16 05:00:00,,3743671.60,
2026-07-16 06:00:00,,3715616.37,
2026-07-16 07:00:00,,3668539.80,
2026-07-16 08:00:00,,3653053.13,
2026-07-16 09:00:00,,3710326.11,
2026-07-16 10:00:00,,3704841.75,
2026-07-16 11:00:00,,3787293.70,
2026-07-16 12:00:00,,3789346.73,
2026-07-16 13:00:00,,3763893.30,
2026-07-16 14:00:00,,3770845.60,
2026-07-16 15:00:00,,3784398.23,
2026-07-16 16:00:00,,3704088.02,
2026-07-16 17:00:00,,3682703.21,
2026-07-16 18:00:00,,3639701.58,
2026-07-16 19:00:00,,3631656.98,
2026-07-16 20:00:00,,3659942.29,
2026-07-16 21:00:00,,3719126.98,
2026-07-16 22:00:00,,3733576.55,
2026-07-16 23:00:00,,3660640.35,
2026-07-17 00:00:00,,3593659.82,
2026-07-17 01:00:00,,3591224.56,
2026-07-17 02:00:00,,3594045.41,
2026-07-17 03:00:00,,3571354.58,
2026-07-17 04:00:00,,3691863.65,
2026-07-17 05:00:00,,3761613.08,
2026-07-17 06:00:00,,3714347.13,
2026-07-17 07:00:00,,3661770.37,
2026-07-17 08:00:00,,3628987.58,
2026-07-17 09:00:00,,3731906.71,
2026-07-17 10:00:00,,3870321.26,
2026-07-17 11:00:00,,3884075.41,
2026-07-17 12:00:00,,3891827.01,
2026-07-17 13:00:00,,3944388.29,
2026-07-17 14:00:00,,3906744.89,
2026-07-17 15:00:00,,3911644.91,
2026-07-17 16:00:00,,3928163.51,
2026-07-17 17:00:00,,3959426.00,
2026-07-17 18:00:00,,3932837.16,
2026-07-17 19:00:00,,3975403.83,
2026-07-17 20:00:00,,3931248.24,
2026-07-17 21:00:00,,3938019.57,
2026-07-17 22:00:00,,3919602.82,
2026-07-17 23:00:00,,3933301.52,
2026-07-18 00:00:00,,3958356.19,
2026-07-18 01:00:00,,3850797.52,
2026-07-18 02:00:00,,3804382.63,
2026-07-18 03:00:00,,3762757.80,
2026-07-18 04:00:00,,3743531.43,
2026-07-18 05:00:00,,3706685.10,
2026-07-18 06:00:00,,3750989.74,
2026-07-18 07:00:00,,3761386.59,
2026-07-18 08:00:00,,3673719.67,
2026-07-18 09:00:00,,3689130.20,
2026-07-18 10:00:00,,3674246.61,
2026-07-18 11:00:00,,3683232.14,
2026-07-18 12:00:00,,3663186.88,
2026-07-18 13:00:00,,3684102.42,
2026-07-18 14:00:00,,3671615.95,
2026-07-18 15:00:00,,3724665.32,
2026-07-18 16:00:00,,3714767.57,
2026-07-18 17:00:00,,3774117.93,
2026-07-18 18:00:00,,3794385.67,
2026-07-18 19:00:00,,3785157.83,
2026-07-18 20:00:00,,3800714.11,
2026-07-18 21:00:00,,3779923.00,
2026-07-18 22:00:00,,3742511.50,
2026-07-18 23:00:00,,3702479.54,
2026-07-19 00:00:00,,3787094.11,
2026-07-19 01:00:00,,3743480.71,
2026-07-19 02:00:00,,3722338.94,
2026-07-19 03:00:00,,3726483.62,
2026-07-19 04:00:00,,3695742.36,
2026-07-19 05:00:00,,3637496.82,
2026-07-19 06:00:00,,3625193.45,
2026-07-19 07:00:00,,3595781.72,
2026-07-19 08:00:00,,3638321.98,
2026-07-19 09:00:00,,3691239.80,
2026-07-19 10:00:00,,3705618.79,
2026-07-19 11:00:00,,3744719.80,
2026-07-19 12:00:00,,3646214.74,
2026-07-19 13:00:00,,3696101.66,
2026-07-19 14:00:00,,3669934.96,
2026-07-19 15:00:00,,3765904.33,
2026-07-19 16:00:00,,3713180.13,
2026-07-19 17:00:00,,3678176.84,
2026-07-19 18:00:00,,3667411.53,
2026-07-19 19:00:00,,3616278.55,
2026-07-19 20:00:00,,3583124.53,
2026-07-19 21:00:00,,3573584.99,
2026-07-19 22:00:00,,3381493.45,
2026-07-19 23:00:00,,3412454.70,
2026-07-20 00:00:00,,3433489.28,
2026-07-20 01:00:00,,3533905.93,
2026-07-20 02:00:00,,3511340.40,
2026-07-20 03:00:00,,3576531.67,
2026-07-20 04:00:00,,3578150.49,
2026-07-20 05:00:00,,3551256.74,
2026-07-20 06:00:00,,3456289.42,
2026-07-20 07:00:00,,3493077.98,
2026-07-20 08:00:00,,3526709.29,
2026-07-20 09:00:00,,3488130.20,
2026-07-20 10:00:00,,3561775.10,
2026-07-20 11:00:00,,3558955.28,
2026-07-20 12:00:00,,3566310.50,
2026-07-20 13:00:00,,3506558.72,
2026-07-20 14:00:00,,3434208.17,
2026-07-20 15:00:00,,3539699.27,
2026-07-20 16:00:00,,3603490.35,
2026-07-20 17:00:00,,3625206.34,
2026-07-20 18:00:00,,3652823.99,
2026-07-20 19:00:00,,3654316.79,
2026-07-20 20:00:00,,3662960.33,
2026-07-20 21:00:00,,3625774.14,
2026-07-20 22:00:00,,3555121.76,
2026-07-20 23:00:00,,3533948.29,
2026-07-21 00:00:00,,3467345.17,
2026-07-21 01:00:00,,3456835.13,
2026-07-21 02:00:00,,3488142.54,
2026-07-21 03:00:00,,3484219.19,
2026-07-21 04:00:00,,3507647.15,
2026-07-21 05:00:00,,3483472.32,
2026-07-21 06:00:00,,3509938.02,
2026-07-21 07:00:00,,3500387.02,
2026-07-21 08:00:00,,3522215.90,
2026-07-21 09:00:00,,3479709.45,
2026-07-21 10:00:00,,3483549.35,
2026-07-21 11:00:00,,3552225.41,
2026-07-21 12:00:00,,3527823.41,
2026-07-21 13:00:00,,3574983.29,
2026-07-21 14:00:00,,3561511.93,
2026-07-21 15:00:00,,3556370.97,
2026-07-21 16:00:00,,3547856.20,
2026-07-21 17:00:00,,3545440.02,
2026-07-21 18:00:00,,3524834.55,
2026-07-21 19:00:00,,3548404.20,
2026-07-21 20:00:00,,3601134.35,
2026-07-21 21:00:00,,3588364.22,
2026-07-21 22:00:00,,3559166.47,
2026-07-21 23:00:00,,3553964.77,
2026-07-22 00:00:00,,3571029.08,
2026-07-22 01:00:00,,3706225.01,
2026-07-22 02:00:00,,3646317.29,
2026-07-22 03:00:00,,3626091.82,
2026-07-22 04:00:00,,3620608.71,
2026-07-22 05:00:00,,3593605.91,
2026-07-22 06:00:00,,3532100.31,
2026-07-22 07:00:00,,3473840.87,
2026-07-22 08:00:00,,3502715.97,
2026-07-22 09:00:00,,3527140.80,
2026-07-22 10:00:00,,3568184.66,
2026-07-22 11:00:00,,3563581.72,
2026-07-22 12:00:00,,3577555.15,
2026-07-22 13:00:00,,3557935.54,
2026-07-22 14:00:00,,3617479.84,
2026-07-22 15:00:00,,3553723.08,
2026-07-22 16:00:00,,3561424.74,
2026-07-22 17:00:00,,3550126.82,
2026-07-22 18:00:00,,3536212.13,
2026-07-22 19:00:00,,3535422.15,
2026-07-22 20:00:00,,3584213.57,
2026-07-22 21:00:00,,3604541.62,
2026-07-22 22:00:00,,3586299.53,
2026-07-22 23:00:00,,3599568.19,
2026-07-23 00:00:00,,3570673.92,
2026-07-23 01:00:00,,3560721.07,
2026-07-23 02:00:00,,3552289.39,
2026-07-23 03:00:00,,3534269.68,
2026-07-23 04:00:00,,3530790.42,
2026-07-23 05:00:00,,3552283.37,
2026-07-23 06:00:00,,3550712.33,
2026-07-23 07:00:00,,3543838.64,
2026-07-23 08:00:00,,3568691.56,
2026-07-23 09:00:00,,3536370.14,
2026-07-23 10:00:00,,3566012.55,
2026-07-23 11:00:00,,3548968.94,
2026-07-23 12:00:00,,3558660.26,
2026-07-23 13:00:00,,3535242.27,
2026-07-23 14:00:00,,3519413.25,
2026-07-23 15:00:00,,3501015.62,
2026-07-23 16:00:00,,3542182.23,
2026-07-23 17:00:00,,3498201.04,
2026-07-23 18:00:00,,3511530.32,
2026-07-23 19:00:00,,3543367.83,
2026-07-23 20:00:00,,3549690.10,
2026-07-23 21:00:00,,3524871.78,
2026-07-23 22:00:00,,3534003.74,
2026-07-23 23:00:00,,3492876.46,
2026-07-24 00:00:00,,3454886.58,
2026-07-24 01:00:00,,3480885.76,
2026-07-24 02:00:00,,3451500.09,
2026-07-24 03:00:00,,3482334.41,
2026-07-24 04:00:00,,3494904.37,
2026-07-24 05:00:00,,3497213.29,
2026-07-24 06:00:00,,3514182.59,
2026-07-24 07:00:00,,3516905.96,
2026-07-24 08:00:00,,3586979.46,
2026-07-24 09:00:00,,3514250.64,
2026-07-24 10:00:00,,3541971.35,
2026-07-24 11:00:00,,3514829.13,
2026-07-24 12:00:00,,3586655.45,
2026-07-24 13:00:00,,3552400.37,
2026-07-24 14:00:00,,3627151.18,
2026-07-24 15:00:00,,3663011.61,
2026-07-24 16:00:00,,3636557.44,
2026-07-24 17:00:00,,3673839.23,
2026-07-24 18:00:00,,3723282.72,
2026-07-24 19:00:00,,3669442.02,
2026-07-24 20:00:00,,3710405.18,
2026-07-24 21:00:00,,3688561.98,
2026-07-24 22:00:00,,3586640.64,
2026-07-24 23:00:00,,3608384.03,
2026-07-25 00:00:00,,3614213.71,
2026-07-25 01:00:00,,3645442.26,
2026-07-25 02:00:00,,3520380.26,
2026-07-25 03:00:00,,3516803.78,
2026-07-25 04:00:00,,3548755.76,
2026-07-25 05:00:00,,3540786.19,
2026-07-25 06:00:00,,3557476.91,
2026-07-25 07:00:00,,3544638.60,
2026-07-25 08:00:00,,3541821.27,
2026-07-25 09:00:00,,3548615.75,
2026-07-25 10:00:00,,3550517.96,
2026-07-25 11:00:00,,3561991.47,
2026-07-25 12:00:00,,3576414.13,
2026-07-25 13:00:00,,3601424.72,
2026-07-25 14:00:00,,3599316.24,
2026-07-25 15:00:00,,3613450.72,
2026-07-25 16:00:00,,3672362.30,
2026-07-25 17:00:00,,3661911.75,
2026-07-25 18:00:00,,3737094.67,
2026-07-25 19:00:00,,3758887.43,
2026-07-25 20:00:00,,3787585.78,
2026-07-25 21:00:00,,3763631.59,
2026-07-25 22:00:00,,3825770.81,
2026-07-25 23:00:00,,3778913.04,
2026-07-26 00:00:00,,3764875.55,
2026-07-26 01:00:00,,3780362.80,
2026-07-26 02:00:00,,3835164.49,
2026-07-26 03:00:00,,4040617.75,
2026-07-26 04:00:00,,4383651.37,
2026-07-26 05:00:00,,4238452.54,
2026-07-26 06:00:00,,4520428.30,
2026-07-26 07:00:00,,4473589.49,
2026-07-26 08:00:00,,4414929.41,
2026-07-26 09:00:00,,4386256.46,
2026-07-26 10:00:00,,4349274.56,
2026-07-26 11:00:00,,4267391.87,
2026-07-26 12:00:00,,4252339.37,
2026-07-26 13:00:00,,4263555.76,
2026-07-26 14:00:00,,4127629.98,
2026-07-26 15:00:00,,4093319.86,
2026-07-26 16:00:00,,4131096.78,
2026-07-26 17:00:00,,4067322.62,
2026-07-26 18:00:00,,4089111.34,
2026-07-26 19:00:00,,4069371.17,
2026-07-26 20:00:00,,4064846.06,
2026-07-26 21:00:00,,4045444.25,
2026-07-26 22:00:00,,4024853.56,
2026-07-26 23:00:00,,4041739.05,
2026-07-27 00:00:00,,3993162.94,
2026-07-27 01:00:00,,4024925.73,
2026-07-27 02:00:00,,4158615.76,
2026-07-27 03:00:00,,4106732.93,
2026-07-27 04:00:00,,4056019.76,
2026-07-27 05:00:00,,3931610.57,
2026-07-27 06:00:00,,4025687.78,
2026-07-27 07:00:00,,3887974.97,
2026-07-27 08:00:00,,3895146.59,
2026-07-27 09:00:00,,3860932.81,
2026-07-27 10:00:00,,3878211.76,
2026-07-27 11:00:00,,3857902.83,
2026-07-27 12:00:00,,3894495.86,
2026-07-27 13:00:00,,3834849.27,
2026-07-27 14:00:00,,3780187.67,
2026-07-27 15:00:00,,3616236.91,
2026-07-27 16:00:00,,3602637.74,
2026-07-27 17:00:00,,3646260.45,
2026-07-27 18:00:00,,3627028.77,
2026-07-27 19:00:00,,3590342.70,
2026-07-27 20:00:00,,3569387.97,
2026-07-27 21:00:00,,3614480.88,
2026-07-27 22:00:00,,3564401.89,
2026-07-27 23:00:00,,3473234.78,
2026-07-28 00:00:00,,3429326.80,
2026-07-28 01:00:00,,3449166.77,
2026-07-28 02:00:00,,3375692.51,
2026-07-28 03:00:00,,3374780.75,
2026-07-28 04:00:00,,3372453.10,
2026-07-28 05:00:00,,3364758.16,
2026-07-28 06:00:00,,3368907.16,
2026-07-28 07:00:00,,3422291.56,
2026-07-28 08:00:00,,3418233.98,
2026-07-28 09:00:00,,3419193.08,
2026-07-28 10:00:00,,3396943.18,
2026-07-28 11:00:00,,3435844.73,
2026-07-28 12:00:00,,3413046.89,
2026-07-28 13:00:00,,3433603.24,
2026-07-28 14:00:00,,3331786.18,
2026-07-28 15:00:00,,3380838.03,
2026-07-28 16:00:00,,3387568.01,
2026-07-28 17:00:00,,3340669.91,
2026-07-28 18:00:00,,3303684.10,
2026-07-28 19:00:00,,3245056.20,
2026-07-28 20:00:00,,3264645.05,
2026-07-28 21:00:00,,3249979.08,
2026-07-28 22:00:00,,3258785.43,
2026-07-28 23:00:00,,3250460.93,
2026-07-29 00:00:00,,3252163.88,
2026-07-29 01:00:00,,3282467.40,
2026-07-29 02:00:00,,3192488.53,
2026-07-29 03:00:00,,3267092.46,
2026-07-29 04:00:00,,3227628.83,
2026-07-29 05:00:00,,3255218.70,
2026-07-29 06:00:00,,3317524.50,
2026-07-29 07:00:00,,3345897.24,
2026-07-29 08:00:00,,3336700.88,
2026-07-29 09:00:00,,3281665.66,
2026-07-29 10:00:00,,3303507.88,
2026-07-29 11:00:00,,3305258.84,
2026-07-29 12:00:00,,3304575.81,
2026-07-29 13:00:00,,3246154.78,
2026-07-29 14:00:00,,3242983.82,
2026-07-29 15:00:00,,3222703.57,
2026-07-29 16:00:00,,3198999.68,
2026-07-29 17:00:00,,3184293.63,
2026-07-29 18:00:00,,3236954.59,
2026-07-29 19:00:00,,3224929.17,
2026-07-29 20:00:00,,3096723.06,
2026-07-29 21:00:00,,3064103.81,
2026-07-29 22:00:00,,3086776.10,
2026-07-29 23:00:00,,3101420.26,
2026-07-30 00:00:00,,3120604.24,
2026-07-30 01:00:00,,3083303.40,
2026-07-30 02:00:00,,3115307.25,
2026-07-30 03:00:00,,3123184.39,
2026-07-30 04:00:00,,3062359.96,
2026-07-30 05:00:00,,3059371.27,
2026-07-30 06:00:00,,3101047.94,
2026-07-30 07:00:00,,3090111.43,
2026-07-30 08:00:00,,3098344.61,
2026-07-30 09:00:00,,3097327.81,
2026-07-30 10:00:00,,3136817.62,
2026-07-30 11:00:00,,3091662.61,
2026-07-30 12:00:00,,3124654.02,
2026-07-30 13:00:00,,3138992.81,
2026-07-30 14:00:00,,3162680.75,
2026-07-30 15:00:00,,3087111.57,
2026-07-30 16:00:00,,3115664.81,
2026-07-30 17:00:00,,3101616.90,
2026-07-30 18:00:00,,3123116.16,
2026-07-30 19:00:00,,3093893.29,
2026-07-30 20:00:00,,3118358.29,
2026-07-30 21:00:00,,3181422.45,
2026-07-30 22:00:00,,3233976.56,
2026-07-30 23:00:00,,3208093.92,
2026-07-31 00:00:00,,3229684.31,
2026-07-31 01:00:00,,3236358.79,
2026-07-31 02:00:00,,3238518.56,
2026-07-31 03:00:00,,3213835.40,
2026-07-31 04:00:00,,3250000.71,
2026-07-31 05:00:00,,3213820.31,
2026-07-31 06:00:00,,3251940.87,
2026-07-31 07:00:00,,3249118.47,
2026-07-31 08:00:00,,3288211.50,
2026-07-31 09:00:00,,3261486.45,
2026-07-31 10:00:00,,3280469.50,
2026-07-31 11:00:00,,3300310.39,
2026-07-31 12:00:00,,3278917.14,
2026-07-31 13:00:00,,3274236.17,
2026-07-31 14:00:00,,3388558.21,
2026-07-31 15:00:00,,3622148.85,
2026-07-31 16:00:00,,3671432.28,
2026-07-31 17:00:00,,3627934.57,
2026-07-31 18:00:00,,3733339.98,
2026-07-31 19:00:00,,3743480.43,
2026-07-31 20:00:00,,3792326.45,
2026-07-31 21:00:00,,3875587.94,
2026-07-31 22:00:00,,3832109.24,
2026-07-31 23:00:00,,3853709.69,
2026-08-01 00:00:00,,3872881.12,
2026-08-01 01:00:00,,4008779.68,
2026-08-01 02:00:00,,3975540.07,
2026-08-01 03:00:00,,3634993.75,
2026-08-01 04:00:00,,3594054.42,
2026-08-01 05:00:00,,3699847.92,
2026-08-01 06:00:00,,3596590.77,
2026-08-01 07:00:00,,3668847.08,
2026-08-01 08:00:00,,3663340.51,
2026-08-01 09:00:00,,3669738.69,
2026-08-01 10:00:00,,3829252.52,
2026-08-01 11:00:00,,3922063.10,
2026-08-01 12:00:00,,4251402.85,
2026-08-01 13:00:00,,4159534.20,
2026-08-01 14:00:00,,4065044.92,
2026-08-01 15:00:00,,3976133.04,
2026-08-01 16:00:00,,3986161.79,
2026-08-01 17:00:00,,4022593.71,
2026-08-01 18:00:00,,3947059.13,
2026-08-01 19:00:00,,3903247.50,
2026-08-01 20:00:00,,3791386.47,
2026-08-01 21:00:00,,3785325.03,
2026-08-01 22:00:00,,3783776.10,
2026-08-01 23:00:00,,3768153.08,
2026-08-02 00:00:00,,3775600.12,
2026-08-02 01:00:00,,3807065.35,
2026-08-02 02:00:00,,3695301.09,
2026-08-02 03:00:00,,3669573.21,
2026-08-02 04:00:00,,3779658.01,
2026-08-02 05:00:00,,3741215.98,
2026-08-02 06:00:00,,3876021.88,
2026-08-02 07:00:00,,3847987.29,
2026-08-02 08:00:00,,4221856.38,
2026-08-02 09:00:00,,4177524.21,
2026-08-02 10:00:00,,3886648.89,
2026-08-02 11:00:00,,3653523.08,
2026-08-02 12:00:00,,3595294.46,
2026-08-02 13:00:00,,3585380.76,
2026-08-02 14:00:00,,3594290.33,
2026-08-02 15:00:00,,3539180.34,
2026-08-02 16:00:00,,3552902.75,
2026-08-02 17:00:00,,3546345.16,
2026-08-02 18:00:00,,3545749.72,
2026-08-02 19:00:00,,3493524.38,
2026-08-02 20:00:00,,3472897.28,
2026-08-02 21:00:00,,3482977.94,
2026-08-02 22:00:00,,3505330.74,
2026-08-02 23:00:00,,3490432.53,
2026-08-03 00:00:00,,3494404.72,
2026-08-03 01:00:00,,3426241.66,
2026-08-03 02:00:00,,3375743.83,
2026-08-03 03:00:00,,3336293.57,
2026-08-03 04:00:00,,3341143.91,
2026-08-03 05:00:00,,3387178.29,
2026-08-03 06:00:00,,3414668.94,
2026-08-03 07:00:00,,3393451.62,
2026-08-03 08:00:00,,3379103.01,
2026-08-03 09:00:00,,3377047.80,
2026-08-03 10:00:00,,3458585.73,
2026-08-03 11:00:00,,3377105.38,
2026-08-03 12:00:00,,3357840.93,
2026-08-03 13:00:00,,3395178.41,
2026-08-03 14:00:00,,3428192.85,
2026-08-03 15:00:00,,3405647.70,
2026-08-03 16:00:00,,3362631.64,
2026-08-03 17:00:00,,3378356.16,
2026-08-03 18:00:00,,3400308.42,
2026-08-03 19:00:00,,3455938.07,
2026-08-03 20:00:00,,3425714.09,
2026-08-03 21:00:00,,3435976.34,
2026-08-03 22:00:00,,3424562.36,
2026-08-03 23:00:00,,3444803.78,
2026-08-04 00:00:00,,3448680.66,
2026-08-04 01:00:00,,3513120.48,
2026-08-04 02:00:00,,3511161.78,
2026-08-04 03:00:00,,3499182.98,
2026-08-04 04:00:00,,3461210.76,
2026-08-04 05:00:00,,3483167.23,
2026-08-04 06:00:00,,3498936.81,
2026-08-04 07:00:00,,3481720.55,
2026-08-04 08:00:00,,3429892.23,
2026-08-04 09:00:00,,3455332.78,
2026-08-04 10:00:00,,3429515.15,
2026-08-04 11:00:00,,3412357.56,
2026-08-04 12:00:00,,3415001.64,
2026-08-04 13:00:00,,3392376.63,
2026-08-04 14:00:00,,3376032.20,
2026-08-04 15:00:00,,3370089.70,
2026-08-04 16:00:00,,3352316.59,
2026-08-04 17:00:00,,3347439.57,
2026-08-04 18:00:00,,3343652.76,
2026-08-04 19:00:00,,3351793.29,
2026-08-04 20:00:00,,3342493.20,
2026-08-04 21:00:00,,3328153.60,
2026-08-04 22:00:00,,3330633.25,
2026-08-04 23:00:00,,3313546.88,
2026-08-05 00:00:00,,3302124.07,
2026-08-05 01:00:00,,3444282.43,
2026-08-05 02:00:00,,3415122.30,
2026-08-05 03:00:00,,3436880.44,
2026-08-05 04:00:00,,3443499.63,
2026-08-05 05:00:00,,3433072.67,
2026-08-05 06:00:00,,3444268.08,
2026-08-05 07:00:00,,3408490.73,
2026-08-05 08:00:00,,3441682.53,
2026-08-05 09:00:00,,3451773.79,
2026-08-05 10:00:00,,3460263.67,
2026-08-05 11:00:00,,3460781.74,
2026-08-05 12:00:00,,3440366.47,
2026-08-05 13:00:00,,3389339.84,
2026-08-05 14:00:00,,3281987.11,
2026-08-05 15:00:00,,3190234.76,
2026-08-05 16:00:00,,3190728.85,
2026-08-05 17:00:00,,3257880.23,
2026-08-05 18:00:00,,3241301.88,
2026-08-05 19:00:00,,3245216.90,
2026-08-05 20:00:00,,3249039.82,
2026-08-05 21:00:00,,3225265.04,
2026-08-05 22:00:00,,3148941.91,
2026-08-05 23:00:00,,3141604.42,
2026-08-06 00:00:00,,3262378.15,
2026-08-06 01:00:00,,3402175.27,
2026-08-06 02:00:00,,3231549.76,
2026-08-06 03:00:00,,3226633.03,
2026-08-06 04:00:00,,3154314.37,
2026-08-06 05:00:00,,3117767.38,
2026-08-06 06:00:00,,3124958.47,
2026-08-06 07:00:00,,3153928.32,
2026-08-06 08:00:00,,3156235.59,
2026-08-06 09:00:00,,3175685.35,
2026-08-06 10:00:00,,3151132.77,
2026-08-06 11:00:00,,3148185.31,
2026-08-06 12:00:00,,3205488.61,
2026-08-06 13:00:00,,3230215.75,
2026-08-06 14:00:00,,3232969.20,
2026-08-06 15:00:00,,3157423.92,
2026-08-06 16:00:00,,3151903.15,
2026-08-06 17:00:00,,3210532.71,
2026-08-06 18:00:00,,3246546.54,
2026-08-06 19:00:00,,3234096.15,
2026-08-06 20:00:00,,3222172.46,
2026-08-06 21:00:00,,3245940.93,
2026-08-06 22:00:00,,3294513.91,
2026-08-06 23:00:00,,3221493.04,
2026-08-07 00:00:00,,3235553.58,
2026-08-07 01:00:00,,3220880.54,
2026-08-07 02:00:00,,3182034.52,
2026-08-07 03:00:00,,3159787.36,
2026-08-07 04:00:00,,3115232.63,
2026-08-07 05:00:00,,3154365.78,
2026-08-07 06:00:00,,3185859.76,
2026-08-07 07:00:00,,3152144.99,
2026-08-07 08:00:00,,3163142.15,
2026-08-07 09:00:00,,3175247.90,
2026-08-07 10:00:00,,3217573.53,
2026-08-07 11:00:00,,3191077.18,
2026-08-07 12:00:00,,3252789.56,
2026-08-07 13:00:00,,3258560.04,
2026-08-07 14:00:00,,3246683.09,
2026-08-07 15:00:00,,3206311.35,
2026-08-07 16:00:00,,3215955.35,
2026-08-07 17:00:00,,3166685.11,
2026-08-07 18:00:00,,3172050.85,
2026-08-07 19:00:00,,3136868.92,
2026-08-07 20:00:00,,3125324.34,
2026-08-07 21:00:00,,3108722.03,
2026-08-07 22:00:00,,3094589.13,
2026-08-07 23:00:00,,3119969.48,
2026-08-08 00:00:00,,3113972.98,
2026-08-08 01:00:00,,3095258.29,
2026-08-08 02:00:00,,3120210.42,
2026-08-08 03:00:00,,3137871.01,
2026-08-08 04:00:00,,3182723.70,
2026-08-08 05:00:00,,3198868.04,
2026-08-08 06:00:00,,3291184.02,
2026-08-08 07:00:00,,3466245.22,
2026-08-08 08:00:00,,3420428.13,
2026-08-08 09:00:00,,3437899.75,
2026-08-08 10:00:00,,3422615.67,
2026-08-08 11:00:00,,3424078.54,
2026-08-08 12:00:00,,3416259.30,
2026-08-08 13:00:00,,3489784.23,
2026-08-08 14:00:00,,3462559.55,
2026-08-08 15:00:00,,3464655.65,
2026-08-08 16:00:00,,3441615.42,
2026-08-08 17:00:00,,3442738.53,
2026-08-08 18:00:00,,3430028.14,
2026-08-08 19:00:00,,3433387.58,
2026-08-08 20:00:00,,3401142.92,
2026-08-08 21:00:00,,3400311.46,
2026-08-08 22:00:00,,3386802.23,
2026-08-08 23:00:00,,3374183.18,
2026-08-09 00:00:00,,3376745.31,
2026-08-09 01:00:00,,3384396.92,
2026-08-09 02:00:00,,3365114.77,
2026-08-09 03:00:00,,3463165.83,
2026-08-09 04:00:00,,3344968.18,
2026-08-09 05:00:00,,3310299.45,
2026-08-09 06:00:00,,3297076.05,
2026-08-09 07:00:00,,3303575.42,
2026-08-09 08:00:00,,3432610.33,
2026-08-09 09:00:00,,3462909.82,
2026-08-09 10:00:00,,3474491.70,
2026-08-09 11:00:00,,3414882.89,
2026-08-09 12:00:00,,3439346.81,
2026-08-09 13:00:00,,3445876.75,
2026-08-09 14:00:00,,3471423.68,
2026-08-09 15:00:00,,3459154.44,
2026-08-09 16:00:00,,3487952.34,
2026-08-09 17:00:00,,3549494.74,
2026-08-09 18:00:00,,3510968.51,
2026-08-09 19:00:00,,3442001.54,
2026-08-09 20:00:00,,3451566.22,
2026-08-09 21:00:00,,3439293.67,
2026-08-09 22:00:00,,3419658.59,
2026-08-09 23:00:00,,3383805.60,
2026-08-10 00:00:00,,3357928.23,
2026-08-10 01:00:00,,3356857.24,
2026-08-10 02:00:00,,3360482.97,
2026-08-10 03:00:00,,3327950.25,
2026-08-10 04:00:00,,3355759.55,
2026-08-10 05:00:00,,3324273.15,
2026-08-10 06:00:00,,3365350.12,
2026-08-10 07:00:00,,3377976.69,
2026-08-10 08:00:00,,3471823.15,
2026-08-10 09:00:00,,3469212.63,
2026-08-10 10:00:00,,3436255.89,
2026-08-10 11:00:00,,3428044.88,
2026-08-10 12:00:00,,3422062.08,
2026-08-10 13:00:00,,3407312.37,
2026-08-10 14:00:00,,3401404.41,
2026-08-10 15:00:00,,3362435.24,
2026-08-10 16:00:00,,3414546.42,
2026-08-10 17:00:00,,3417961.79,
2026-08-10 18:00:00,,3429674.40,
2026-08-10 19:00:00,,3394049.77,
2026-08-10 20:00:00,,3304138.39,
2026-08-10 21:00:00,,3361841.95,
2026-08-10 22:00:00,,3368104.25,
2026-08-10 23:00:00,,3377151.34,
2026-08-11 00:00:00,,3368867.72,
2026-08-11 01:00:00,,3368756.21,
2026-08-11 02:00:00,,3386715.71,
2026-08-11 03:00:00,,3381465.71,
2026-08-11 04:00:00,,3402348.09,
2026-08-11 05:00:00,,3389344.98,
2026-08-11 06:00:00,,3389352.48,
2026-08-11 07:00:00,,3389501.00,
2026-08-11 08:00:00,,3363937.13,
2026-08-11 09:00:00,,3376193.02,
2026-08-11 10:00:00,,3388432.78,
2026-08-11 11:00:00,,3393968.72,
2026-08-11 12:00:00,,3399791.34,
2026-08-11 13:00:00,,3366379.14,
2026-08-11 14:00:00,,3414872.28,
2026-08-11 15:00:00,,3353313.45,
2026-08-11 16:00:00,,3320003.01,
2026-08-11 17:00:00,,3358085.96,
2026-08-11 18:00:00,,3284791.66,
2026-08-11 19:00:00,,3272067.72,
2026-08-11 20:00:00,,3259480.81,
2026-08-11 21:00:00,,3256561.56,
2026-08-11 22:00:00,,3238375.13,
2026-08-11 23:00:00,,3228928.53,
2026-08-12 00:00:00,,3254408.90,
2026-08-12 01:00:00,,3242722.31,
2026-08-12 02:00:00,,3259149.16,
2026-08-12 03:00:00,,3242016.55,
2026-08-12 04:00:00,,3287766.34,
2026-08-12 05:00:00,,3246256.31,
2026-08-12 06:00:00,,3252903.42,
2026-08-12 07:00:00,,3231655.40,
2026-08-12 08:00:00,,3260827.35,
2026-08-12 09:00:00,,3210753.13,
2026-08-12 10:00:00,,3260488.70,
2026-08-12 11:00:00,,3283856.77,
2026-08-12 12:00:00,,3293738.33,
2026-08-12 13:00:00,,3271818.81,
2026-08-12 14:00:00,,3267931.43,
2026-08-12 15:00:00,,3238851.63,
2026-08-12 16:00:00,,3276017.83,
2026-08-12 17:00:00,,3305566.82,
2026-08-12 18:00:00,,3392532.12,
2026-08-12 19:00:00,,3369066.34,
2026-08-12 20:00:00,,3336971.04,
2026-08-12 21:00:00,,3332011.28,
2026-08-12 22:00:00,,3270031.99,
2026-08-12 23:00:00,,3189727.89,
2026-08-13 00:00:00,,3280934.74,
2026-08-13 01:00:00,,3316530.11,
2026-08-13 02:00:00,,3300838.65,
2026-08-13 03:00:00,,3311643.76,
2026-08-13 04:00:00,,3340324.52,
2026-08-13 05:00:00,,3436976.61,
2026-08-13 06:00:00,,3431337.00,
2026-08-13 07:00:00,,3428493.12,
2026-08-13 08:00:00,,3426365.71,
2026-08-13 09:00:00,,3420266.33,
2026-08-13 10:00:00,,3420754.82,
2026-08-13 11:00:00,,3353015.71,
2026-08-13 12:00:00,,3329255.77,
2026-08-13 13:00:00,,3352446.20,
2026-08-13 14:00:00,,3372751.19,
2026-08-13 15:00:00,,3384767.69,
2026-08-13 16:00:00,,3390525.42,
2026-08-13 17:00:00,,3348009.80,
2026-08-13 18:00:00,,3330149.78,
2026-08-13 19:00:00,,3328855.63,
2026-08-13 20:00:00,,3423959.44,
2026-08-13 21:00:00,,3376396.77,
2026-08-13 22:00:00,,3378710.26,
2026-08-13 23:00:00,,3373154.34,
2026-08-14 00:00:00,,3366379.62,
2026-08-14 01:00:00,,3332591.96,
2026-08-14 02:00:00,,3320005.12,
2026-08-14 03:00:00,,3286749.57,
2026-08-14 04:00:00,,3300908.30,
2026-08-14 05:00:00,,3278867.01,
2026-08-14 06:00:00,,3292100.24,
2026-08-14 07:00:00,,3274662.58,
2026-08-14 08:00:00,,3332483.00,
2026-08-14 09:00:00,,3324785.07,
2026-08-14 10:00:00,,3276922.24,
2026-08-14 11:00:00,,3291006.87,
2026-08-14 12:00:00,,3274177.96,
2026-08-14 13:00:00,,3347786.24,
2026-08-14 14:00:00,,3327334.23,
2026-08-14 15:00:00,,3331875.53,
2026-08-14 16:00:00,,3285832.94,
2026-08-14 17:00:00,,3294644.42,
2026-08-14 18:00:00,,3412848.51,
2026-08-14 19:00:00,,3419409.74,
2026-08-14 20:00:00,,3453139.92,
2026-08-14 21:00:00,,3436272.80,
2026-08-14 22:00:00,,3434417.71,
2026-08-14 23:00:00,,3415755.10,
2026-08-15 00:00:00,,3413686.98,
2026-08-15 01:00:00,,3407349.55,
2026-08-15 02:00:00,,3338349.94,
2026-08-15 03:00:00,,3334895.89,
2026-08-15 04:00:00,,3332049.40,
2026-08-15 05:00:00,,3334474.78,
2026-08-15 06:00:00,,3327665.52,
2026-08-15 07:00:00,,3309061.69,
2026-08-15 08:00:00,,3312211.14,
2026-08-15 09:00:00,,3348480.35,
2026-08-15 10:00:00,,3344022.69,
2026-08-15 11:00:00,,3329539.95,
2026-08-15 12:00:00,,3375211.86,
2026-08-15 13:00:00,,3371543.69,
2026-08-15 14:00:00,,3357599.65,
2026-08-15 15:00:00,,3360136.65,
2026-08-15 16:00:00,,3406367.39,
2026-08-15 17:00:00,,3424130.60,
2026-08-15 18:00:00,,3518611.73,
2026-08-15 19:00:00,,3489897.96,
2026-08-15 20:00:00,,3495899.00,
2026-08-15 21:00:00,,3469967.67,
2026-08-15 22:00:00,,3471243.44,
2026-08-15 23:00:00,,3449672.57,
2026-08-16 00:00:00,,3397186.05,
2026-08-16 01:00:00,,3345225.92,
2026-08-16 02:00:00,,3184495.33,
2026-08-16 03:00:00,,3164681.72,
2026-08-16 04:00:00,,3156975.60,
2026-08-16 05:00:00,,3215620.14,
2026-08-16 06:00:00,,3200274.97,
2026-08-16 07:00:00,,3157670.57,
2026-08-16 08:00:00,,3168410.06,
2026-08-16 09:00:00,,3194812.65,
2026-08-16 10:00:00,,3185624.63,
2026-08-16 11:00:00,,3192448.13,
2026-08-16 12:00:00,,3197468.19,
2026-08-16 13:00:00,,3154357.38,
2026-08-16 14:00:00,,3177303.54,
2026-08-16 15:00:00,,3192551.03,
2026-08-16 16:00:00,,3218182.62,
2026-08-16 17:00:00,,3218590.46,
2026-08-16 18:00:00,,3256845.93,
2026-08-16 19:00:00,,3252639.48,
2026-08-16 20:00:00,,3255643.45,
2026-08-16 21:00:00,,3199165.22,
2026-08-16 22:00:00,,3166575.54,
2026-08-16 23:00:00,,3214907.42,
2026-08-17 00:00:00,,3209426.10,
2026-08-17 01:00:00,,3199615.48,
2026-08-17 02:00:00,,3195126.84,
2026-08-17 03:00:00,,3210697.51,
2026-08-17 04:00:00,,3230463.94,
2026-08-17 05:00:00,,3245854.20,
2026-08-17 06:00:00,,3180506.74,
2026-08-17 07:00:00,,3155811.47,
2026-08-17 08:00:00,,3112412.76,
2026-08-17 09:00:00,,3086839.84,
2026-08-17 10:00:00,,3092774.19,
2026-08-17 11:00:00,,3126076.72,
2026-08-17 12:00:00,,3161311.26,
2026-08-17 13:00:00,,3133056.50,
2026-08-17 14:00:00,,3135432.35,
2026-08-17 15:00:00,,3165927.43,
2026-08-17 16:00:00,,3143613.07,
2026-08-17 17:00:00,,3155753.11,
2026-08-17 18:00:00,,3139316.86,
2026-08-17 19:00:00,,3132018.15,
2026-08-17 20:00:00,,3124441.89,
2026-08-17 21:00:00,,3127582.67,
2026-08-17 22:00:00,,3122365.35,
2026-08-17 23:00:00,,3118222.94,
2026-08-18 00:00:00,,3106938.57,
2026-08-18 01:00:00,,3094868.04,
2026-08-18 02:00:00,,3067587.19,
2026-08-18 03:00:00,,3040569.26,
2026-08-18 04:00:00,,3080771.14,
2026-08-18 05:00:00,,3096292.58,
2026-08-18 06:00:00,,3050307.01,
2026-08-18 07:00:00,,3062807.76,
2026-08-18 08:00:00,,3058661.54,
2026-08-18 09:00:00,,3047595.50,
2026-08-18 10:00:00,,3032202.07,
2026-08-18 11:00:00,,3037454.65,
2026-08-18 12:00:00,,3060885.66,
2026-08-18 13:00:00,,3058286.68,
2026-08-18 14:00:00,,3044446.03,
2026-08-18 15:00:00,,3097343.28,
2026-08-18 16:00:00,,3095676.79,
2026-08-18 17:00:00,,3066028.72,
2026-08-18 18:00:00,,3059958.30,
2026-08-18 19:00:00,,3074641.40,
2026-08-18 20:00:00,,3064342.57,
2026-08-18 21:00:00,,3045533.49,
2026-08-18 22:00:00,,3040137.91,
2026-08-18 23:00:00,,3044091.67,
2026-08-19 00:00:00,,3048226.19,
2026-08-19 01:00:00,,3077048.19,
2026-08-19 02:00:00,,3069778.00,
2026-08-19 03:00:00,,3068063.94,
2026-08-19 04:00:00,,3093704.98,
2026-08-19 05:00:00,,3130522.40,
2026-08-19 06:00:00,,3166004.06,
2026-08-19 07:00:00,,3172672.97,
2026-08-19 08:00:00,,3250702.66,
2026-08-19 09:00:00,,3260354.92,
2026-08-19 10:00:00,,3255642.33,
2026-08-19 11:00:00,,3240443.02,
2026-08-19 12:00:00,,3263424.93,
2026-08-19 13:00:00,,3237154.68,
2026-08-19 14:00:00,,3211902.54,
2026-08-19 15:00:00,,3238844.43,
2026-08-19 16:00:00,,3255424.83,
2026-08-19 17:00:00,,3306581.43,
2026-08-19 18:00:00,,3300343.41,
2026-08-19 19:00:00,,3357851.41,
2026-08-19 20:00:00,,3394777.13,
2026-08-19 21:00:00,,3355559.95,
2026-08-19 22:00:00,,3356767.77,
2026-08-19 23:00:00,,3377943.96,
2026-08-20 00:00:00,,3334747.03,
2026-08-20 01:00:00,,3339815.23,
2026-08-20 02:00:00,,3321755.84,
2026-08-20 03:00:00,,3287189.68,
2026-08-20 04:00:00,,3257985.46,
2026-08-20 05:00:00,,3287250.70,
2026-08-20 06:00:00,,3282861.32,
2026-08-20 07:00:00,,3414715.44,
2026-08-20 08:00:00,,3414630.70,
2026-08-20 09:00:00,,3510479.34,
2026-08-20 10:00:00,,3920670.74,
2026-08-20 11:00:00,,4779311.52,
2026-08-20 12:00:00,,5502045.53,
2026-08-20 13:00:00,,4565631.12,
2026-08-20 14:00:00,,4572014.61,
2026-08-20 15:00:00,,4654470.07,
2026-08-20 16:00:00,,4746111.71,
2026-08-20 17:00:00,,4786865.14,
2026-08-20 18:00:00,,4602143.73,
2026-08-20 19:00:00,,4595515.30,
2026-08-20 20:00:00,,4572136.82,
2026-08-20 21:00:00,,4503621.72,
2026-08-20 22:00:00,,4531380.39,
2026-08-20 23:00:00,,4567069.12,
2026-08-21 00:00:00,,4539127.64,
2026-08-21 01:00:00,,4506110.10,
2026-08-21 02:00:00,,4604273.29,
2026-08-21 03:00:00,,4597448.11,
2026-08-21 04:00:00,,4618853.74,
2026-08-21 05:00:00,,4765461.70,
2026-08-21 06:00:00,,4899545.65,
2026-08-21 07:00:00,,4704977.51,
2026-08-21 08:00:00,,5625955.53,
2026-08-21 09:00:00,,5905738.09,
2026-08-21 10:00:00,,5161223.85,
2026-08-21 11:00:00,,5233508.14,
2026-08-21 12:00:00,,5129406.91,
2026-08-21 13:00:00,,5118457.40,
2026-08-21 14:00:00,,5148286.45,
2026-08-21 15:00:00,,5103324.04,
2026-08-21 16:00:00,,5146018.83,
2026-08-21 17:00:00,,5100301.81,
2026-08-21 18:00:00,,4971637.18,
2026-08-21 19:00:00,,4909076.62,
2026-08-21 20:00:00,,4947918.18,
2026-08-21 21:00:00,,5202656.33,
2026-08-21 22:00:00,,5298983.59,
2026-08-21 23:00:00,,5258735.15,
2026-08-22 00:00:00,,5205451.63,
2026-08-22 01:00:00,,5368121.38,
2026-08-22 02:00:00,,5350967.80,
2026-08-22 03:00:00,,5793805.06,
2026-08-22 04:00:00,,5973167.11,
2026-08-22 05:00:00,,6213135.79,
2026-08-22 06:00:00,,4749965.87,
2026-08-22 07:00:00,,4733027.20,
2026-08-22 08:00:00,,4615842.03,
2026-08-22 09:00:00,,4399259.26,
2026-08-22 10:00:00,,4360861.52,
2026-08-22 11:00:00,,4233995.20,
2026-08-22 12:00:00,,4256975.29,
2026-08-22 13:00:00,,4240823.17,
2026-08-22 14:00:00,,4341416.79,
2026-08-22 15:00:00,,4357692.33,
2026-08-22 16:00:00,,4313508.27,
2026-08-22 17:00:00,,4329503.66,
2026-08-22 18:00:00,,4319068.37,
2026-08-22 19:00:00,,4244562.30,
2026-08-22 20:00:00,,4246700.53,
2026-08-22 21:00:00,,4275956.79,
2026-08-22 22:00:00,,4114599.94,
2026-08-22 23:00:00,,4219483.80,
2026-08-23 00:00:00,,4226376.21,
2026-08-23 01:00:00,,4284058.82,
2026-08-23 02:00:00,,4147769.90,
2026-08-23 03:00:00,,4126931.13,
2026-08-23 04:00:00,,4038136.87,
2026-08-23 05:00:00,,4061001.06,
2026-08-23 06:00:00,,3997693.97,
2026-08-23 07:00:00,,4016716.46,
2026-08-23 08:00:00,,4068806.33,
2026-08-23 09:00:00,,4071712.02,
2026-08-23 10:00:00,,4079500.48,
2026-08-23 11:00:00,,4131460.54,
2026-08-23 12:00:00,,4257363.51,
2026-08-23 13:00:00,,4183620.93,
2026-08-23 14:00:00,,4293863.86,
2026-08-23 15:00:00,,4284817.59,
2026-08-23 16:00:00,,4295253.07,
2026-08-23 17:00:00,,4322009.80,
2026-08-23 18:00:00,,4291066.47,
2026-08-23 19:00:00,,4294608.42,
2026-08-23 20:00:00,,4309554.85,
2026-08-23 21:00:00,,4339506.56,
2026-08-23 22:00:00,,4337924.80,
2026-08-23 23:00:00,,4332740.28,
2026-08-24 00:00:00,,4277033.08,
2026-08-24 01:00:00,,4241328.40,
2026-08-24 02:00:00,,4115418.17,
2026-08-24 03:00:00,,4181647.90,
2026-08-24 04:00:00,,4120743.28,
2026-08-24 05:00:00,,4194330.24,
2026-08-24 06:00:00,,4169902.89,
2026-08-24 07:00:00,,4117331.44,
2026-08-24 08:00:00,,4105275.17,
2026-08-24 09:00:00,,4122169.84,
2026-08-24 10:00:00,,4102095.67,
2026-08-24 11:00:00,,4086688.72,
2026-08-24 12:00:00,,4170303.17,
2026-08-24 13:00:00,,4308595.72,
2026-08-24 14:00:00,,4127462.54,
2026-08-24 15:00:00,,4258424.94,
2026-08-24 16:00:00,,4310847.66,
2026-08-24 17:00:00,,4481644.03,
2026-08-24 18:00:00,,4370290.94,
2026-08-24 19:00:00,,4320902.61,
2026-08-24 20:00:00,,4288534.49,
2026-08-24 21:00:00,,4348765.09,
2026-08-24 22:00:00,,4332055.23,
2026-08-24 23:00:00,,4342477.60,
2026-08-25 00:00:00,,4380339.17,
2026-08-25 01:00:00,,4499146.64,
2026-08-25 02:00:00,,4393479.04,
2026-08-25 03:00:00,,4435386.14,
2026-08-25 04:00:00,,4519788.50,
2026-08-25 05:00:00,,4465968.21,
2026-08-25 06:00:00,,4492063.41,
2026-08-25 07:00:00,,4429361.98,
2026-08-25 08:00:00,,4335265.28,
2026-08-25 09:00:00,,4348147.11,
2026-08-25 10:00:00,,4327157.57,
2026-08-25 11:00:00,,4348912.33,
2026-08-25 12:00:00,,4277681.36,
2026-08-25 13:00:00,,4290967.80,
2026-08-25 14:00:00,,4300196.92,
2026-08-25 15:00:00,,4356484.70,
2026-08-25 16:00:00,,4348491.78,
2026-08-25 17:00:00,,4369106.94,
2026-08-25 18:00:00,,4370603.92,
2026-08-25 19:00:00,,4354497.28,
2026-08-25 20:00:00,,4233584.15,
2026-08-25 21:00:00,,4142787.08,
2026-08-25 22:00:00,,4009182.90,
2026-08-25 23:00:00,,4057977.84,
2026-08-26 00:00:00,,3974290.58,
2026-08-26 01:00:00,,4054986.50,
2026-08-26 02:00:00,,4034358.89,
2026-08-26 03:00:00,,4118899.18,
2026-08-26 04:00:00,,4091387.09,
2026-08-26 05:00:00,,4083629.33,
2026-08-26 06:00:00,,4119347.24,
2026-08-26 07:00:00,,4114990.22,
2026-08-26 08:00:00,,4144327.84,
2026-08-26 09:00:00,,4111641.29,
2026-08-26 10:00:00,,4047313.31,
2026-08-26 11:00:00,,4133111.74,
2026-08-26 12:00:00,,4225161.89,
2026-08-26 13:00:00,,4224069.30,
2026-08-26 14:00:00,,4178917.06,
2026-08-26 15:00:00,,4125684.24,
2026-08-26 16:00:00,,4177958.80,
2026-08-26 17:00:00,,4202237.46,
2026-08-26 18:00:00,,4183520.76,
2026-08-26 19:00:00,,4193790.58,
2026-08-26 20:00:00,,4206065.99,
2026-08-26 21:00:00,,4235568.77,
2026-08-26 22:00:00,,4271745.18,
2026-08-26 23:00:00,,4400426.35,
2026-08-27 00:00:00,,4384601.18,
2026-08-27 01:00:00,,4357311.71,
2026-08-27 02:00:00,,4345910.37,
2026-08-27 03:00:00,,4327102.07,
2026-08-27 04:00:00,,4284914.01,
2026-08-27 05:00:00,,4208265.01,
2026-08-27 06:00:00,,4218710.53,
2026-08-27 07:00:00,,4240591.58,
2026-08-27 08:00:00,,4231942.25,
2026-08-27 09:00:00,,4387035.44,
2026-08-27 10:00:00,,4309925.38,
2026-08-27 11:00:00,,4225860.30,
2026-08-27 12:00:00,,4218586.20,
2026-08-27 13:00:00,,4231082.71,
2026-08-27 14:00:00,,4260822.83,
2026-08-27 15:00:00,,4303940.54,
2026-08-27 16:00:00,,4320912.40,
2026-08-27 17:00:00,,4371985.01,
2026-08-27 18:00:00,,4334945.44,
2026-08-27 19:00:00,,4354446.58,
2026-08-27 20:00:00,,4310987.01,
2026-08-27 21:00:00,,4341077.39,
2026-08-27 22:00:00,,4335868.73,
2026-08-27 23:00:00,,4315788.24,
2026-08-28 00:00:00,,4365118.15,
2026-08-28 01:00:00,,4384048.95,
2026-08-28 02:00:00,,4360076.33,
2026-08-28 03:00:00,,4170410.59,
2026-08-28 04:00:00,,4182006.37,
2026-08-28 05:00:00,,4136617.43,
2026-08-28 06:00:00,,4126135.84,
2026-08-28 07:00:00,,4156413.14,
2026-08-28 08:00:00,,4110366.30,
2026-08-28 09:00:00,,4078918.59,
2026-08-28 10:00:00,,4073402.82,
2026-08-28 11:00:00,,4070481.45,
2026-08-28 12:00:00,,4085793.88,
2026-08-28 13:00:00,,4102522.64,
2026-08-28 14:00:00,,4147188.60,
2026-08-28 15:00:00,,4077676.06,
2026-08-28 16:00:00,,3955986.32,
2026-08-28 17:00:00,,3852031.54,
2026-08-28 18:00:00,,3860749.61,
2026-08-28 19:00:00,,3810983.77,
2026-08-28 20:00:00,,3850771.10,
2026-08-28 21:00:00,,3856827.12,
2026-08-28 22:00:00,,3822089.24,
2026-08-28 23:00:00,,3914611.67,
2026-08-29 00:00:00,,3975892.18,
2026-08-29 01:00:00,,3979874.91,
2026-08-29 02:00:00,,3932332.33,
2026-08-29 03:00:00,,3894697.54,
2026-08-29 04:00:00,,3865458.03,
2026-08-29 05:00:00,,3872132.79,
2026-08-29 06:00:00,,3894166.26,
2026-08-29 07:00:00,,3845970.82,
2026-08-29 08:00:00,,3840040.31,
2026-08-29 09:00:00,,3812328.02,
2026-08-29 10:00:00,,3821978.36,
2026-08-29 11:00:00,,3830852.30,
2026-08-29 12:00:00,,3850870.27,
2026-08-29 13:00:00,,3879039.14,
2026-08-29 14:00:00,,3880593.09,
2026-08-29 15:00:00,,3869381.28,
2026-08-29 16:00:00,,3869320.64,
2026-08-29 17:00:00,,3837307.75,
2026-08-29 18:00:00,,3851859.70,
2026-08-29 19:00:00,,3842428.16,
2026-08-29 20:00:00,,3844629.59,
2026-08-29 21:00:00,,3834487.94,
2026-08-29 22:00:00,,3844548.02,
2026-08-29 23:00:00,,3843415.43,
2026-08-30 00:00:00,,3839086.94,
2026-08-30 01:00:00,,3847868.46,
2026-08-30 02:00:00,,3856848.87,
2026-08-30 03:00:00,,3878624.42,
2026-08-30 04:00:00,,3851538.39,
2026-08-30 05:00:00,,3824196.91,
2026-08-30 06:00:00,,3845380.50,
2026-08-30 07:00:00,,3853623.52,
2026-08-30 08:00:00,,3824924.67,
2026-08-30 09:00:00,,3822859.74,
2026-08-30 10:00:00,,3834261.41,
2026-08-30 11:00:00,,3851486.12,
2026-08-30 12:00:00,,3853848.32,
2026-08-30 13:00:00,,3880559.53,
2026-08-30 14:00:00,,3880867.53,
2026-08-30 15:00:00,,3874114.70,
2026-08-30 16:00:00,,3865606.28,
2026-08-30 17:00:00,,3919785.02,
2026-08-30 18:00:00,,3870517.80,
2026-08-30 19:00:00,,3851976.72,
2026-08-30 20:00:00,,3799119.96,
2026-08-30 21:00:00,,3751384.87,
2026-08-30 22:00:00,,3763799.09,
2026-08-30 23:00:00,,3703069.23,
2026-08-31 00:00:00,,3569689.25,
2026-08-31 01:00:00,,3585598.18,
2026-08-31 02:00:00,,3543504.61,
2026-08-31 03:00:00,,3546082.73,
2026-08-31 04:00:00,,3576560.89,
2026-08-31 05:00:00,,3579251.91,
2026-08-31 06:00:00,,3636857.72,
2026-08-31 07:00:00,,3654151.38,
2026-08-31 08:00:00,,3639840.11,
2026-08-31 09:00:00,,3627302.68,
2026-08-31 10:00:00,,3635429.77,
2026-08-31 11:00:00,,3650010.87,
2026-08-31 12:00:00,,3608350.04,
2026-08-31 13:00:00,,3585180.35,
2026-08-31 14:00:00,,3556053.86,
2026-08-31 15:00:00,,3608908.94,
2026-08-31 16:00:00,,3574471.99,
2026-08-31 17:00:00,,3588318.70,
2026-08-31 18:00:00,,3608064.81,
2026-08-31 19:00:00,,3604704.12,
2026-08-31 20:00:00,,3596676.45,
2026-08-31 21:00:00,,3634642.43,
2026-08-31 22:00:00,,3629302.90,
2026-08-31 23:00:00,,3612966.54,
2026-09-01 00:00:00,,3612797.75,
2026-09-01 01:00:00,,3634814.56,
2026-09-01 02:00:00,,3659894.09,
2026-09-01 03:00:00,,3675877.48,
2026-09-01 04:00:00,,3692772.27,
2026-09-01 05:00:00,,3694222.92,
2026-09-01 06:00:00,,3661340.68,
2026-09-01 07:00:00,,3634280.21,
2026-09-01 08:00:00,,3639750.33,
2026-09-01 09:00:00,,3599327.74,
2026-09-01 10:00:00,,3605393.73,
2026-09-01 11:00:00,,3623769.35,
2026-09-01 12:00:00,,3625590.07,
2026-09-01 13:00:00,,3593193.64,
2026-09-01 14:00:00,,3637968.43,
2026-09-01 15:00:00,,3623148.47,
2026-09-01 16:00:00,,3626003.30,
2026-09-01 17:00:00,,3558101.71,
2026-09-01 18:00:00,,3551893.68,
2026-09-01 19:00:00,,3549975.30,
2026-09-01 20:00:00,,3544008.02,
2026-09-01 21:00:00,,3556641.72,
2026-09-01 22:00:00,,3533780.62,
2026-09-01 23:00:00,,3532113.97,
2026-09-02 00:00:00,,3543544.21,
2026-09-02 01:00:00,,3539886.09,
2026-09-02 02:00:00,,3524395.95,
2026-09-02 03:00:00,,3552855.00,
2026-09-02 04:00:00,,3552687.57,
2026-09-02 05:00:00,,3567941.30,
2026-09-02 06:00:00,,3576171.51,
2026-09-02 07:00:00,,3571023.41,
2026-09-02 08:00:00,,3579481.25,
2026-09-02 09:00:00,,3579635.52,
2026-09-02 10:00:00,,3570043.87,
2026-09-02 11:00:00,,3568017.95,
2026-09-02 12:00:00,,3565313.16,
2026-09-02 13:00:00,,3571212.36,
2026-09-02 14:00:00,,3598584.21,
2026-09-02 15:00:00,,3601120.49,
2026-09-02 16:00:00,,3627313.67,
2026-09-02 17:00:00,,3619606.85,
2026-09-02 18:00:00,,3624238.68,
2026-09-02 19:00:00,,3621520.24,
2026-09-02 20:00:00,,3605592.47,
2026-09-02 21:00:00,,3611721.33,
2026-09-02 22:00:00,,3596277.54,
2026-09-02 23:00:00,,3578588.20,
2026-09-03 00:00:00,,3614772.95,
2026-09-03 01:00:00,,3598030.50,
2026-09-03 02:00:00,,3638177.49,
2026-09-03 03:00:00,,3662205.33,
2026-09-03 04:00:00,,3667530.20,
2026-09-03 05:00:00,,3713616.75,
2026-09-03 06:00:00,,3728924.20,
2026-09-03 07:00:00,,3760825.14,
2026-09-03 08:00:00,,3827348.11,
2026-09-03 09:00:00,,3834836.38,
2026-09-03 10:00:00,,3825113.81,
2026-09-03 11:00:00,,3835718.96,
2026-09-03 12:00:00,,3853903.49,
2026-09-03 13:00:00,,3841303.44,
2026-09-03 14:00:00,,3816507.94,
2026-09-03 15:00:00,,4015945.30,
2026-09-03 16:00:00,,4126496.29,
2026-09-03 17:00:00,,4242274.35,
2026-09-03 18:00:00,,4236953.76,
2026-09-03 19:00:00,,4113378.23,
2026-09-03 20:00:00,,4111349.58,
2026-09-03 21:00:00,,4155590.38,
2026-09-03 22:00:00,,4100627.42,
2026-09-03 23:00:00,,4055452.94,
2026-09-04 00:00:00,,4115562.45,
2026-09-04 01:00:00,,4076206.19,
2026-09-04 02:00:00,,4047870.89,
2026-09-04 03:00:00,,4054438.96,
2026-09-04 04:00:00,,4008871.88,
2026-09-04 05:00:00,,3975720.54,
2026-09-04 06:00:00,,3913139.59,
2026-09-04 07:00:00,,3898400.11,
2026-09-04 08:00:00,,3887588.07,
2026-09-04 09:00:00,,3898081.75,
2026-09-04 10:00:00,,3850048.98,
2026-09-04 11:00:00,,3791347.81,
2026-09-04 12:00:00,,3802051.57,
2026-09-04 13:00:00,,3715414.52,
2026-09-04 14:00:00,,3740425.55,
2026-09-04 15:00:00,,3719818.27,
2026-09-04 16:00:00,,3733130.17,
2026-09-04 17:00:00,,3764470.33,
2026-09-04 18:00:00,,3786818.17,
2026-09-04 19:00:00,,3811083.05,
2026-09-04 20:00:00,,3847478.47,
2026-09-04 21:00:00,,3818735.40,
2026-09-04 22:00:00,,3799338.78,
2026-09-04 23:00:00,,3849662.68,
2026-09-05 00:00:00,,3878370.51,
2026-09-05 01:00:00,,3863854.26,
2026-09-05 02:00:00,,3897236.02,
2026-09-05 03:00:00,,3960893.32,
2026-09-05 04:00:00,,3948882.04,
2026-09-05 05:00:00,,3949991.13,
2026-09-05 06:00:00,,3962359.49,
2026-09-05 07:00:00,,4040860.74,
2026-09-05 08:00:00,,4090267.06,
2026-09-05 09:00:00,,4076534.45,
2026-09-05 10:00:00,,4080912.56,
2026-09-05 11:00:00,,4076573.41,
2026-09-05 12:00:00,,4115136.44,
2026-09-05 13:00:00,,4106564.47,
2026-09-05 14:00:00,,4063789.70,
2026-09-05 15:00:00,,4130049.88,
2026-09-05 16:00:00,,4116361.41,
2026-09-05 17:00:00,,4088493.21,
2026-09-05 18:00:00,,4142071.07,
2026-09-05 19:00:00,,4145100.72,
2026-09-05 20:00:00,,4200869.94,
2026-09-05 21:00:00,,4208356.09,
2026-09-05 22:00:00,,4201792.47,
2026-09-05 23:00:00,,4183043.42,
2026-09-06 00:00:00,,4160015.31,
2026-09-06 01:00:00,,4192676.04,
2026-09-06 02:00:00,,4201429.63,
2026-09-06 03:00:00,,4219636.40,
2026-09-06 04:00:00,,4208185.10,
2026-09-06 05:00:00,,4199055.27,
2026-09-06 06:00:00,,4227319.90,
2026-09-06 07:00:00,,4189937.60,
2026-09-06 08:00:00,,4165659.48,
2026-09-06 09:00:00,,4152337.73,
2026-09-06 10:00:00,,4156545.45,
2026-09-06 11:00:00,,4201435.26,
2026-09-06 12:00:00,,4199446.12,
2026-09-06 13:00:00,,4182351.82,
2026-09-06 14:00:00,,4185926.60,
2026-09-06 15:00:00,,4166729.62,
2026-09-06 16:00:00,,4161664.64,
2026-09-06 17:00:00,,4371319.26,
2026-09-06 18:00:00,,4321263.68,
2026-09-06 19:00:00,,4340287.07,
2026-09-06 20:00:00,,4320453.23,
2026-09-06 21:00:00,,4300189.97,
2026-09-06 22:00:00,,4294163.18,
2026-09-06 23:00:00,,4238965.30,
2026-09-07 00:00:00,,4278252.68,
2026-09-07 01:00:00,,4274253.13,
2026-09-07 02:00:00,,4192088.71,
2026-09-07 03:00:00,,4179368.62,
2026-09-07 04:00:00,,4152792.85,
2026-09-07 05:00:00,,4164932.75,
2026-09-07 06:00:00,,4198374.78,
2026-09-07 07:00:00,,4272353.28,
2026-09-07 08:00:00,,4236091.49,
2026-09-07 09:00:00,,4286265.99,
2026-09-07 10:00:00,,4246538.43,
2026-09-07 11:00:00,,4253941.46,
2026-09-07 12:00:00,,4231233.55,
2026-09-07 13:00:00,,4332537.20,
2026-09-07 14:00:00,,4285054.97,
2026-09-07 15:00:00,,4324682.93,
2026-09-07 16:00:00,,4232158.36,
2026-09-07 17:00:00,,4313449.53,
2026-09-07 18:00:00,,4266813.70,
2026-09-07 19:00:00,,4217297.43,
2026-09-07 20:00:00,,4256153.92,
2026-09-07 21:00:00,,4261495.76,
2026-09-07 22:00:00,,4344585.26,
2026-09-07 23:00:00,,4349258.67,
2026-09-08 00:00:00,,4393750.91,
2026-09-08 01:00:00,,4429498.07,
2026-09-08 02:00:00,,4410485.67,
2026-09-08 03:00:00,,4414741.48,
2026-09-08 04:00:00,,4425910.10,
2026-09-08 05:00:00,,4388879.54,
2026-09-08 06:00:00,,4363165.61,
2026-09-08 07:00:00,,4357122.75,
2026-09-08 08:00:00,,4348617.99,
2026-09-08 09:00:00,,4371818.58,
2026-09-08 10:00:00,,4345091.71,
2026-09-08 11:00:00,,4429311.77,
2026-09-08 12:00:00,,4383343.48,
2026-09-08 13:00:00,,4323742.21,
2026-09-08 14:00:00,,4266413.34,
2026-09-08 15:00:00,,4426249.79,
2026-09-08 16:00:00,,4371416.17,
2026-09-08 17:00:00,,4301329.80,
2026-09-08 18:00:00,,4253615.90,
2026-09-08 19:00:00,,4253142.79,
2026-09-08 20:00:00,,4274159.50,
2026-09-08 21:00:00,,4251696.32,
2026-09-08 22:00:00,,4255866.63,
2026-09-08 23:00:00,,4266477.83,
2026-09-09 00:00:00,,4226063.00,
2026-09-09 01:00:00,,4227165.90,
2026-09-09 02:00:00,,4230327.49,
2026-09-09 03:00:00,,4244336.39,
2026-09-09 04:00:00,,4281255.25,
2026-09-09 05:00:00,,4329883.87,
2026-09-09 06:00:00,,4275491.67,
2026-09-09 07:00:00,,4334864.71,
2026-09-09 08:00:00,,4333131.80,
2026-09-09 09:00:00,,4343035.15,
2026-09-09 10:00:00,,4222082.31,
2026-09-09 11:00:00,,4197384.23,
2026-09-09 12:00:00,,4206677.46,
2026-09-09 13:00:00,,4185694.91,
2026-09-09 14:00:00,,4160109.62,
2026-09-09 15:00:00,,4140637.47,
2026-09-09 16:00:00,,4149502.70,
2026-09-09 17:00:00,,4162417.03,
2026-09-09 18:00:00,,4150541.40,
2026-09-09 19:00:00,,4118769.67,
2026-09-09 20:00:00,,4087671.77,
2026-09-09 21:00:00,,4091763.15,
2026-09-09 22:00:00,,4066737.40,
2026-09-09 23:00:00,,4017708.85,
2026-09-10 00:00:00,,4051526.88,
2026-09-10 01:00:00,,3989717.82,
2026-09-10 02:00:00,,3956846.54,
2026-09-10 03:00:00,,4004488.46,
2026-09-10 04:00:00,,3991705.64,
2026-09-10 05:00:00,,4024285.88,
2026-09-10 06:00:00,,4039628.57,
2026-09-10 07:00:00,,4042439.20,
2026-09-10 08:00:00,,4062016.31,
2026-09-10 09:00:00,,4100048.67,
2026-09-10 10:00:00,,4075961.10,
2026-09-10 11:00:00,,4022818.24,
2026-09-10 12:00:00,,4043533.30,
2026-09-10 13:00:00,,4020384.07,
2026-09-10 14:00:00,,4058077.70,
2026-09-10 15:00:00,,4013281.49,
2026-09-10 16:00:00,,4019930.06,
2026-09-10 17:00:00,,3992611.21,
2026-09-10 18:00:00,,4035684.12,
2026-09-10 19:00:00,,4055584.82,
2026-09-10 20:00:00,,4025405.14,
2026-09-10 21:00:00,,4025820.30,
2026-09-10 22:00:00,,4032047.23,
2026-09-10 23:00:00,,3992980.00,
2026-09-11 00:00:00,,3982103.62,
2026-09-11 01:00:00,,4028862.40,
2026-09-11 02:00:00,,4040904.28,
2026-09-11 03:00:00,,4000446.42,
2026-09-11 04:00:00,,4020637.68,
2026-09-11 05:00:00,,4046422.28,
2026-09-11 06:00:00,,4060247.60,
2026-09-11 07:00:00,,4027433.16,
2026-09-11 08:00:00,,4009764.16,
2026-09-11 09:00:00,,4033275.70,
2026-09-11 10:00:00,,4011609.72,
2026-09-11 11:00:00,,3963842.20,
2026-09-11 12:00:00,,3993819.87,
2026-09-11 13:00:00,,4025451.79,
2026-09-11 14:00:00,,4041852.57,
2026-09-11 15:00:00,,4015636.01,
2026-09-11 16:00:00,,3936842.04,
2026-09-11 17:00:00,,3981920.91,
2026-09-11 18:00:00,,3912979.45,
2026-09-11 19:00:00,,3859380.51,
2026-09-11 20:00:00,,3926511.26,
2026-09-11 21:00:00,,3917325.59,
2026-09-11 22:00:00,,3839601.82,
2026-09-11 23:00:00,,3835320.44,
2026-09-12 00:00:00,,3880492.54,
2026-09-12 01:00:00,,3899564.12,
2026-09-12 02:00:00,,3913322.50,
2026-09-12 03:00:00,,3909952.38,
2026-09-12 04:00:00,,3907369.19,
2026-09-12 05:00:00,,3880933.57,
2026-09-12 06:00:00,,3863206.59,
2026-09-12 07:00:00,,3870178.98,
2026-09-12 08:00:00,,3899956.10,
2026-09-12 09:00:00,,3895145.63,
2026-09-12 10:00:00,,3888444.58,
2026-09-12 11:00:00,,3906389.42,
2026-09-12 12:00:00,,3946384.77,
2026-09-12 13:00:00,,4001744.38,
2026-09-12 14:00:00,,4016677.14,
2026-09-12 15:00:00,,4049422.57,
2026-09-12 16:00:00,,4338539.00,
2026-09-12 17:00:00,,4375446.38,
2026-09-12 18:00:00,,4343992.91,
2026-09-12 19:00:00,,4347817.76,
2026-09-12 20:00:00,,4348885.86,
2026-09-12 21:00:00,,4339030.07,
2026-09-12 22:00:00,,4317800.81,
2026-09-12 23:00:00,,4303137.99,
2026-09-13 00:00:00,,4316944.77,
2026-09-13 01:00:00,,4315264.34,
2026-09-13 02:00:00,,4370248.74,
2026-09-13 03:00:00,,4349235.00,
2026-09-13 04:00:00,,4295441.32,
2026-09-13 05:00:00,,4255565.36,
2026-09-13 06:00:00,,4246839.40,
2026-09-13 07:00:00,,4252359.75,
2026-09-13 08:00:00,,4196467.69,
2026-09-13 09:00:00,,4183471.50,
2026-09-13 10:00:00,,4203299.68,
2026-09-13 11:00:00,,4171873.95,
2026-09-13 12:00:00,,4184711.43,
2026-09-13 13:00:00,,4172195.56,
2026-09-13 14:00:00,,4150640.02,
2026-09-13 15:00:00,,4143348.03,
2026-09-13 16:00:00,,4108324.62,
2026-09-13 17:00:00,,4122870.52,
2026-09-13 18:00:00,,4125963.34,
2026-09-13 19:00:00,,4122152.90,
2026-09-13 20:00:00,,4096105.70,
2026-09-13 21:00:00,,4097313.90,
2026-09-13 22:00:00,,4072110.98,
2026-09-13 23:00:00,,3961691.85,
2026-09-14 00:00:00,,3975932.91,
2026-09-14 01:00:00,,3998263.32,
2026-09-14 02:00:00,,3985929.67,
2026-09-14 03:00:00,,4019022.40,
2026-09-14 04:00:00,,4063608.29,
2026-09-14 05:00:00,,4024745.92,
2026-09-14 06:00:00,,4098983.16,
2026-09-14 07:00:00,,4143792.61,
2026-09-14 08:00:00,,4154829.87,
2026-09-14 09:00:00,,4100579.89,
2026-09-14 10:00:00,,4089551.40,
2026-09-14 11:00:00,,4077898.63,
2026-09-14 12:00:00,,4056452.27,
2026-09-14 13:00:00,,3975687.11,
2026-09-14 14:00:00,,3952313.19,
2026-09-14 15:00:00,,3957284.36,
2026-09-14 16:00:00,,3939488.97,
2026-09-14 17:00:00,,3926971.38,
2026-09-14 18:00:00,,3947726.64,
2026-09-14 19:00:00,,3977964.19,
2026-09-14 20:00:00,,3975477.02,
2026-09-14 21:00:00,,4045723.51,
2026-09-14 22:00:00,,4013155.03,
2026-09-14 23:00:00,,3992832.04,
2026-09-15 00:00:00,,3974381.30,
2026-09-15 01:00:00,,3984623.17,
2026-09-15 02:00:00,,3969268.49,
2026-09-15 03:00:00,,3949561.97,
2026-09-15 04:00:00,,3889285.24,
2026-09-15 05:00:00,,3788599.02,
2026-09-15 06:00:00,,3778756.50,
2026-09-15 07:00:00,,3734768.01,
2026-09-15 08:00:00,,3741543.18,
2026-09-15 09:00:00,,3757139.11,
2026-09-15 10:00:00,,3769626.87,
2026-09-15 11:00:00,,3751921.94,
2026-09-15 12:00:00,,3721140.09,
2026-09-15 13:00:00,,3717375.39,
2026-09-15 14:00:00,,3719600.38,
2026-09-15 15:00:00,,3678581.73,
2026-09-15 16:00:00,,3672399.47,
2026-09-15 17:00:00,,3667134.72,
2026-09-15 18:00:00,,3666438.77,
2026-09-15 19:00:00,,3527430.90,
2026-09-15 20:00:00,,3499509.45,
2026-09-15 21:00:00,,3484712.45,
2026-09-15 22:00:00,,3420730.95,
2026-09-15 23:00:00,,3457110.23,
2026-09-16 00:00:00,,3494046.51,
2026-09-16 01:00:00,,3482949.69,
2026-09-16 02:00:00,,3402789.75,
2026-09-16 03:00:00,,3443145.98,
2026-09-16 04:00:00,,3451167.92,
2026-09-16 05:00:00,,3463959.66,
2026-09-16 06:00:00,,3475288.03,
2026-09-16 07:00:00,,3463495.69,
2026-09-16 08:00:00,,3399291.91,
2026-09-16 09:00:00,,3392136.53,
2026-09-16 10:00:00,,3425340.59,
2026-09-16 11:00:00,,3429858.25,
2026-09-16 12:00:00,,3457748.56,
2026-09-16 13:00:00,,3448058.66,
2026-09-16 14:00:00,,3434103.47,
2026-09-16 15:00:00,,3389195.07,
2026-09-16 16:00:00,,3374030.36,
2026-09-16 17:00:00,,3382234.94,
2026-09-16 18:00:00,,3373220.82,
2026-09-16 19:00:00,,3447530.26,
2026-09-16 20:00:00,,3487108.63,
2026-09-16 21:00:00,,3520913.97,
2026-09-16 22:00:00,,3521029.75,
2026-09-16 23:00:00,,3540535.72,
2026-09-17 00:00:00,,3670098.66,
2026-09-17 01:00:00,,3677598.71,
2026-09-17 02:00:00,,3671377.17,
2026-09-17 03:00:00,,3677993.71,
2026-09-17 04:00:00,,3763826.94,
2026-09-17 05:00:00,,3752720.67,
2026-09-17 06:00:00,,3715287.83,
2026-09-17 07:00:00,,3735495.13,
2026-09-17 08:00:00,,3736729.33,
2026-09-17 09:00:00,,3720769.99,
2026-09-17 10:00:00,,3708030.56,
2026-09-17 11:00:00,,3696918.68,
2026-09-17 12:00:00,,3671471.06,
2026-09-17 13:00:00,,3663143.21,
2026-09-17 14:00:00,,3679002.34,
2026-09-17 15:00:00,,3631649.05,
2026-09-17 16:00:00,,3705162.77,
2026-09-17 17:00:00,,3756385.69,
2026-09-17 18:00:00,,3734499.04,
2026-09-17 19:00:00,,3729332.79,
2026-09-17 20:00:00,,3710183.66,
2026-09-17 21:00:00,,3696362.70,
2026-09-17 22:00:00,,3698239.13,
2026-09-17 23:00:00,,3709135.46,
2026-09-18 00:00:00,,3711140.16,
2026-09-18 01:00:00,,3729381.49,
2026-09-18 02:00:00,,3837924.55,
2026-09-18 03:00:00,,3839708.90,
2026-09-18 04:00:00,,3909680.06,
2026-09-18 05:00:00,,3865792.18,
2026-09-18 06:00:00,,3826329.89,
2026-09-18 07:00:00,,3847762.53,
2026-09-18 08:00:00,,3892886.39,
2026-09-18 09:00:00,,3902035.92,
2026-09-18 10:00:00,,3946561.59,
2026-09-18 11:00:00,,3912246.79,
2026-09-18 12:00:00,,3914292.66,
2026-09-18 13:00:00,,3912426.70,
2026-09-18 14:00:00,,3994092.87,
2026-09-18 15:00:00,,4098119.18,
2026-09-18 16:00:00,,4044216.88,
2026-09-18 17:00:00,,4023881.63,
2026-09-18 18:00:00,,3992601.82,
2026-09-18 19:00:00,,3980456.36,
2026-09-18 20:00:00,,3994219.66,
2026-09-18 21:00:00,,3995918.75,
2026-09-18 22:00:00,,4014595.03,
2026-09-18 23:00:00,,3979652.92,
2026-09-19 00:00:00,,4022471.81,
2026-09-19 01:00:00,,3989294.05,
2026-09-19 02:00:00,,3966542.66,
2026-09-19 03:00:00,,4051892.48,
2026-09-19 04:00:00,,4030956.78,
2026-09-19 05:00:00,,3928793.76,
2026-09-19 06:00:00,,3898650.12,
2026-09-19 07:00:00,,3870856.38,
2026-09-19 08:00:00,,3866029.58,
2026-09-19 09:00:00,,3916643.84,
2026-09-19 10:00:00,,3914701.53,
2026-09-19 11:00:00,,3920891.95,
2026-09-19 12:00:00,,3956698.54,
2026-09-19 13:00:00,,3896959.25,
2026-09-19 14:00:00,,3893121.66,
2026-09-19 15:00:00,,3964083.24,
2026-09-19 16:00:00,,3972894.43,
2026-09-19 17:00:00,,3978800.25,
2026-09-19 18:00:00,,3986625.53,
2026-09-19 19:00:00,,3943528.54,
2026-09-19 20:00:00,,3953525.28,
2026-09-19 21:00:00,,3882965.73,
2026-09-19 22:00:00,,3834811.21,
2026-09-19 23:00:00,,3845128.43,
2026-09-20 00:00:00,,3828550.99,
2026-09-20 01:00:00,,3819643.24,
2026-09-20 02:00:00,,3816389.37,
2026-09-20 03:00:00,,3692605.56,
2026-09-20 04:00:00,,3765892.45,
2026-09-20 05:00:00,,3755400.57,
2026-09-20 06:00:00,,3752390.55,
2026-09-20 07:00:00,,3701821.00,
2026-09-20 08:00:00,,3701259.36,
2026-09-20 09:00:00,,3688853.07,
2026-09-20 10:00:00,,3675768.42,
2026-09-20 11:00:00,,3630009.22,
2026-09-20 12:00:00,,3636596.57,
2026-09-20 13:00:00,,3643705.14,
2026-09-20 14:00:00,,3667108.73,
2026-09-20 15:00:00,,3697674.37,
2026-09-20 16:00:00,,3734700.91,
2026-09-20 17:00:00,,3811151.54,
2026-09-20 18:00:00,,3765088.14,
2026-09-20 19:00:00,,3764778.45,
2026-09-20 20:00:00,,3788009.72,
2026-09-20 21:00:00,,3779048.09,
2026-09-20 22:00:00,,3765228.44,
2026-09-20 23:00:00,,3780384.66,
2026-09-21 00:00:00,,3782633.41,
2026-09-21 01:00:00,,3796188.03,
2026-09-21 02:00:00,,3690905.80,
2026-09-21 03:00:00,,3755220.73,
2026-09-21 04:00:00,,3841790.10,
2026-09-21 05:00:00,,3846337.27,
2026-09-21 06:00:00,,3850127.70,
2026-09-21 07:00:00,,4026516.72,
2026-09-21 08:00:00,,3920479.98,
2026-09-21 09:00:00,,4086685.75,
2026-09-21 10:00:00,,4036448.86,
2026-09-21 11:00:00,,4106505.00,
2026-09-21 12:00:00,,4086969.66,
2026-09-21 13:00:00,,4099512.93,
2026-09-21 14:00:00,,4012206.98,
2026-09-21 15:00:00,,4074374.98,
2026-09-21 16:00:00,,4083880.87,
2026-09-21 17:00:00,,4172926.28,
2026-09-21 18:00:00,,4092984.15,
2026-09-21 19:00:00,,4132153.74,
2026-09-21 20:00:00,,4149626.07,
2026-09-21 21:00:00,,4091223.17,
2026-09-21 22:00:00,,4108604.14,
2026-09-21 23:00:00,,4146133.44,
2026-09-22 00:00:00,,4114598.68,
2026-09-22 01:00:00,,4204307.50,
2026-09-22 02:00:00,,4191606.12,
2026-09-22 03:00:00,,4168971.03,
2026-09-22 04:00:00,,4186646.11,
2026-09-22 05:00:00,,4128242.20,
2026-09-22 06:00:00,,4133325.43,
2026-09-22 07:00:00,,4112833.64,
2026-09-22 08:00:00,,4112880.15,
2026-09-22 09:00:00,,4109619.83,
2026-09-22 10:00:00,,4047182.57,
2026-09-22 11:00:00,,4048503.32,
2026-09-22 12:00:00,,4038056.32,
2026-09-22 13:00:00,,4074987.68,
2026-09-22 14:00:00,,4133169.63,
2026-09-22 15:00:00,,4079217.52,
2026-09-22 16:00:00,,4142973.70,
2026-09-22 17:00:00,,4207860.87,
2026-09-22 18:00:00,,4243352.06,
2026-09-22 19:00:00,,4260427.79,
2026-09-22 20:00:00,,4286116.95,
2026-09-22 21:00:00,,4306546.96,
2026-09-22 22:00:00,,4290730.52,
2026-09-22 23:00:00,,4297282.09,
2026-09-23 00:00:00,,4319666.33,
2026-09-23 01:00:00,,4271447.59,
2026-09-23 02:00:00,,4211220.67,
2026-09-23 03:00:00,,4281411.88,
2026-09-23 04:00:00,,4304477.77,
2026-09-23 05:00:00,,4300236.00,
2026-09-23 06:00:00,,4239043.87,
2026-09-23 07:00:00,,4292779.99,
2026-09-23 08:00:00,,4226829.23,
2026-09-23 09:00:00,,4203354.06,
2026-09-23 10:00:00,,4280390.84,
2026-09-23 11:00:00,,4299466.41,
2026-09-23 12:00:00,,4347201.61,
2026-09-23 13:00:00,,4361039.07,
2026-09-23 14:00:00,,4333086.97,
2026-09-23 15:00:00,,4015430.34,
2026-09-23 16:00:00,,3864118.76,
2026-09-23 17:00:00,,3902526.86,
2026-09-23 18:00:00,,3915586.26,
2026-09-23 19:00:00,,3861386.74,
2026-09-23 20:00:00,,3884035.64,
2026-09-23 21:00:00,,3865429.72,
2026-09-23 22:00:00,,3885228.76,
2026-09-23 23:00:00,,3897843.79,
2026-09-24 00:00:00,,3914637.58,
2026-09-24 01:00:00,,3895827.16,
2026-09-24 02:00:00,,3877299.15,
2026-09-24 03:00:00,,3938117.41,
2026-09-24 04:00:00,,3881973.74,
2026-09-24 05:00:00,,3933606.49,
2026-09-24 06:00:00,,3921936.82,
2026-09-24 07:00:00,,3936180.74,
2026-09-24 08:00:00,,3903821.80,
2026-09-24 09:00:00,,3855279.84,
2026-09-24 10:00:00,,3834721.08,
2026-09-24 11:00:00,,3873789.00,
2026-09-24 12:00:00,,3868911.21,
2026-09-24 13:00:00,,3898538.18,
2026-09-24 14:00:00,,3987550.35,
2026-09-24 15:00:00,,4002366.28,
2026-09-24 16:00:00,,4101833.65,
2026-09-24 17:00:00,,4091681.62,
2026-09-24 18:00:00,,4018083.74,
2026-09-24 19:00:00,,4008857.96,
2026-09-24 20:00:00,,3995441.71,
2026-09-24 21:00:00,,4004348.83,
2026-09-24 22:00:00,,3991306.59,
2026-09-24 23:00:00,,3988465.88,
2026-09-25 00:00:00,,3980105.92,
2026-09-25 01:00:00,,3983262.69,
2026-09-25 02:00:00,,3944719.27,
2026-09-25 03:00:00,,3920065.00,
2026-09-25 04:00:00,,3933608.81,
2026-09-25 05:00:00,,3974788.20,
2026-09-25 06:00:00,,3982842.20,
2026-09-25 07:00:00,,3971049.20,
2026-09-25 08:00:00,,4005978.42,
2026-09-25 09:00:00,,4022375.29,
2026-09-25 10:00:00,,4015366.20,
2026-09-25 11:00:00,,3992024.62,
2026-09-25 12:00:00,,4009525.27,
2026-09-25 13:00:00,,4023200.89,
2026-09-25 14:00:00,,3973607.44,
2026-09-25 15:00:00,,3964272.45,
2026-09-25 16:00:00,,3918113.80,
2026-09-25 17:00:00,,3848794.73,
2026-09-25 18:00:00,,3855396.02,
2026-09-25 19:00:00,,3878787.29,
2026-09-25 20:00:00,,3857542.54,
2026-09-25 21:00:00,,3911627.95,
2026-09-25 22:00:00,,3852157.31,
2026-09-25 23:00:00,,3921563.86,
2026-09-26 00:00:00,,4030084.21,
2026-09-26 01:00:00,,4003621.90,
2026-09-26 02:00:00,,4025478.25,
2026-09-26 03:00:00,,4007999.22,
2026-09-26 04:00:00,,3982960.97,
2026-09-26 05:00:00,,3967505.90,
2026-09-26 06:00:00,,3950088.93,
2026-09-26 07:00:00,,3938732.59,
2026-09-26 08:00:00,,3960033.57,
2026-09-26 09:00:00,,3949434.08,
2026-09-26 10:00:00,,3913985.73,
2026-09-26 11:00:00,,3989359.14,
2026-09-26 12:00:00,,3967412.51,
2026-09-26 13:00:00,,3930533.92,
2026-09-26 14:00:00,,3961525.26,
2026-09-26 15:00:00,,3996877.96,
2026-09-26 16:00:00,,4042082.64,
2026-09-26 17:00:00,,4454777.53,
2026-09-26 18:00:00,,4262664.54,
2026-09-26 19:00:00,,4110208.11,
2026-09-26 20:00:00,,4134253.44,
2026-09-26 21:00:00,,3957333.22,
2026-09-26 22:00:00,,3979042.45,
2026-09-26 23:00:00,,3970462.81,
2026-09-27 00:00:00,,4001161.31,
2026-09-27 01:00:00,,3948993.20,
2026-09-27 02:00:00,,3917735.16,
2026-09-27 03:00:00,,3837543.24,
2026-09-27 04:00:00,,3812885.67,
2026-09-27 05:00:00,,3780951.35,
2026-09-27 06:00:00,,3891283.36,
2026-09-27 07:00:00,,3848808.81,
2026-09-27 08:00:00,,3891305.24,
2026-09-27 09:00:00,,3867700.65,
